IdSensore,Tipologia,IdTipologia,UnitaMisura,DataMinimaRT,DataMinimaPubblicazione,DataMassimaRT,UTM Nord,UTM Est,Quota,idStazione,Nome,Provincia,Comune,_lon_wgs84,_lat_wgs84
1,Livello Idrometrico,1,cm,24/11/1987,23/03/2021,31/08/2026,5142077,604122,1125,1,Valdisotto Cepina,SO,Valdisotto,10.355083759645424,46.4242371209765
3,Livello Idrometrico,1,cm,24/11/1987,,31/08/2026,5133847,604242,950,3,Sondalo Le Prese,SO,Sondalo,10.354811516997517,46.35017157750913
6,Livello Idrometrico,1,cm,24/11/1987,,31/08/2026,5146642,605400,1250,6,Frodolfo ,SO,Bormio,10.372742774828891,46.465110425499475
9,Precipitazione,2,mm,24/11/1987,,31/08/2026,5133847,604242,950,3,Sondalo Le Prese,SO,Sondalo,10.354811516997517,46.35017157750913
11,Precipitazione,2,mm,24/11/1987,,31/08/2026,5146642,605400,1250,6,Frodolfo ,SO,Bormio,10.372742774828891,46.465110425499475
12,Temperatura,3,°C,24/11/1987,,31/08/2026,5133847,604242,950,3,Sondalo Le Prese,SO,Sondalo,10.354811516997517,46.35017157750913
13,Temperatura,3,°C,25/11/1987,,31/08/2026,5146642,605400,1250,6,Frodolfo ,SO,Bormio,10.372742774828891,46.465110425499475
15,Livello Idrometrico,1,cm,01/05/1988,,31/08/2026,5118488,566593,645,8,Spriana,SO,Spriana,9.863393832472694,46.21670843700786
16,Livello Idrometrico,1,cm,24/03/1989,,31/08/2026,5113305,566873,300,9,Sondrio Ponte Eifell,SO,Sondrio,9.866290464580677,46.17003910863182
19,Precipitazione,2,mm,02/05/1988,,31/08/2026,5145777,595373,1880,12,Arnoga,SO,Valdidentro,10.242005735112159,46.45882031955658
20,Precipitazione,2,mm,03/05/1988,,31/08/2026,5152051,601015,1930,13,Cancano ,SO,Valdidentro,10.316821804332276,46.51444736332192
21,Precipitazione,2,mm,02/05/1988,,31/08/2026,5140927,614872,1730,14,S. Caterina,SO,Valfurva,10.494659427896964,46.41214801120555
22,Precipitazione,2,mm,13/03/1988,,31/08/2026,5137497,602352,2114,82,V.Pola RTU 004/5,SO,Valdisotto,10.331051938382236,46.3833002082877
23,Precipitazione,2,mm,03/05/1988,,31/08/2026,5141977,619522,2180,16,VALFURVA Ghiacciaio dei Forni,SO,Valfurva,10.555409384380683,46.42078756471085
25,Temperatura,3,°C,01/04/1988,,31/08/2026,5136742,602161,2350,81,V.Pola  RTU 100,SO,Valdisotto,10.328403948119789,46.37653611204259
26,Temperatura,3,°C,25/01/1988,,31/08/2026,5137497,602352,2114,82,V.Pola RTU 004/5,SO,Valdisotto,10.331051938382236,46.3833002082877
28,Temperatura,3,°C,02/05/1988,,31/08/2026,5145777,595373,1880,12,Arnoga,SO,Valdidentro,10.242005735112159,46.45882031955658
29,Temperatura,3,°C,03/05/1988,,31/08/2026,5152051,601015,1930,13,Cancano ,SO,Valdidentro,10.316821804332276,46.51444736332192
30,Temperatura,3,°C,02/05/1988,,31/08/2026,5140927,614872,1730,14,S. Caterina,SO,Valfurva,10.494659427896964,46.41214801120555
31,Temperatura,3,°C,03/05/1988,,31/08/2026,5141977,619522,2180,16,VALFURVA Ghiacciaio dei Forni,SO,Valfurva,10.555409384380683,46.42078756471085
34,Precipitazione,2,mm,14/08/1987,,31/08/2026,5118488,566593,645,8,Spriana,SO,Spriana,9.863393832472694,46.21670843700786
35,Precipitazione,2,mm,14/08/1987,,31/08/2026,5128528,563843,1428,23,S. Giuseppe ,SO,Chiesa in Valmalenco,9.829104212421166,46.307321968361336
38,Precipitazione,2,mm,26/04/1999,,31/08/2026,5120765,563736,1275,26,Masoni RTU 60,SO,Torre di Santa Maria,9.82666371530927,46.237472997657434
39,Temperatura,3,°C,26/04/1999,,31/08/2026,5120765,563736,1275,26,Masoni RTU 60,SO,Torre di Santa Maria,9.82666371530927,46.237472997657434
40,Precipitazione,2,mm,27/10/1989,,31/08/2026,5130048,558743,2040,27,Alpe dell' Oro,SO,Chiesa in Valmalenco,9.76306882659034,46.32146157413161
41,Precipitazione,2,mm,28/10/1989,,31/08/2026,5130098,564213,1905,28,Chiesa in Valmalenco Alpe Entova,SO,Chiesa in Valmalenco,9.834123382219794,46.321415288372336
42,Precipitazione,2,mm,04/12/1989,,31/08/2026,5126798,566553,2014,29,Funivia Bernina,SO,Chiesa in Valmalenco,9.864049006631555,46.291493369674406
43,Precipitazione,2,mm,28/10/1989,,31/08/2026,5128438,571423,1970,30,Campo Moro,SO,Lanzada,9.927516632514823,46.30575597592084
46,Precipitazione,2,mm,10/11/1989,,31/08/2026,5124452,568154,988,33,Lanzada Ganda,SO,Lanzada,9.884492288726136,46.27022316838085
48,Precipitazione,2,mm,27/10/1989,,31/08/2026,5122198,567188,1719,35,Caspoggio Piazzo Cavalli,SO,Caspoggio,9.871635671404738,46.2500359620186
53,Temperatura,3,°C,28/10/1989,,31/08/2026,5130098,564213,1905,28,Chiesa in Valmalenco Alpe Entova,SO,Chiesa in Valmalenco,9.834123382219794,46.321415288372336
54,Temperatura,3,°C,28/10/1989,,31/08/2026,5126798,566553,2014,29,Funivia Bernina,SO,Chiesa in Valmalenco,9.864049006631555,46.291493369674406
56,Temperatura,3,°C,10/11/1989,,31/08/2026,5124452,568154,988,33,Lanzada Ganda,SO,Lanzada,9.884492288726136,46.27022316838085
58,Temperatura,3,°C,27/10/1989,,31/08/2026,5122198,567188,1719,35,Caspoggio Piazzo Cavalli,SO,Caspoggio,9.871635671404738,46.2500359620186
64,Livello Idrometrico,1,cm,10/11/1989,,31/08/2026,5124452,568154,988,33,Lanzada Ganda,SO,Lanzada,9.884492288726136,46.27022316838085
66,Altezza Neve,4,cm,01/02/1990,,31/08/2026,5130048,558743,2040,27,Alpe dell' Oro,SO,Chiesa in Valmalenco,9.76306882659034,46.32146157413161
67,Altezza Neve,4,cm,03/04/1990,,31/08/2026,5126798,566553,2014,29,Funivia Bernina,SO,Chiesa in Valmalenco,9.864049006631555,46.291493369674406
68,Altezza Neve,4,cm,01/02/1990,,31/08/2026,5128438,571423,1970,30,Campo Moro,SO,Lanzada,9.927516632514823,46.30575597592084
70,Altezza Neve,4,cm,27/10/1989,,31/08/2026,5122198,567188,1719,35,Caspoggio Piazzo Cavalli,SO,Caspoggio,9.871635671404738,46.2500359620186
73,Altezza Neve,4,cm,25/01/1988,,31/08/2026,5137497,602352,2114,82,V.Pola RTU 004/5,SO,Valdisotto,10.331051938382236,46.3833002082877
74,Altezza Neve,4,cm,28/10/1999,,31/08/2026,5120765,563736,1275,26,Masoni RTU 60,SO,Torre di Santa Maria,9.82666371530927,46.237472997657434
82,Precipitazione,2,mm,13/01/1999,,31/08/2026,5144310,612927,2300,92,Confinale,SO,Valfurva,10.470178782883451,46.44291176914349
83,Temperatura,3,°C,18/01/1999,,31/08/2026,5144339,612334,2130,45,Ruinon RTU 206,SO,Valfurva,10.462468158795424,46.44327164068246
84,Altezza Neve,4,cm,05/01/1997,,31/08/2026,5150258,597216,2330,46,Monte Trela ,SO,Valdidentro,10.266936072221892,46.49887448376475
85,Precipitazione,2,mm,01/12/1996,,01/09/2026,5150258,597216,2330,46,Monte Trela ,SO,Valdidentro,10.266936072221892,46.49887448376475
86,Temperatura,3,°C,16/11/1996,,31/08/2026,5150258,597216,2330,46,Monte Trela ,SO,Valdidentro,10.266936072221892,46.49887448376475
90,Temperatura,3,°C,01/12/2001,,11/02/2021,5109365,543448,242,49,Morbegno,SO,Morbegno,9.562494316893757,46.13647722462978
91,Precipitazione,2,mm,01/04/2002,,11/02/2021,5109365,543448,242,49,Morbegno,SO,Morbegno,9.562494316893757,46.13647722462978
92,Livello Idrometrico,1,cm,01/12/2001,,11/02/2021,5109365,543448,242,49,Morbegno,SO,Morbegno,9.562494316893757,46.13647722462978
96,Temperatura,3,°C,01/12/2001,,06/07/2020,5118814,588943,438,51,Tirano,SO,Tirano,10.153176131715318,46.21708648721507
97,Precipitazione,2,mm,01/01/2002,,06/07/2020,5118814,588943,438,51,Tirano,SO,Tirano,10.153176131715318,46.21708648721507
98,Livello Idrometrico,1,cm,31/12/2001,,06/07/2020,5118814,588943,438,51,Tirano,SO,Tirano,10.153176131715318,46.21708648721507
99,Temperatura,3,°C,01/12/2001,,31/08/2026,5131141,595908,1220,52,Grosio ,SO,Grosio,10.245970197828122,46.32705577555388
100,Precipitazione,2,mm,01/01/2002,,31/08/2026,5131141,595908,1220,52,Grosio ,SO,Grosio,10.245970197828122,46.32705577555388
101,Altezza Neve,4,cm,01/12/2001,,31/08/2026,5131141,595908,1220,52,Grosio ,SO,Grosio,10.245970197828122,46.32705577555388
102,Temperatura,3,°C,01/12/2001,,17/05/2022,5088339,551715,485,53,Piazza Brembana,BG,Piazza Brembana,9.667233400768996,45.9466735118643
103,Precipitazione,2,mm,01/01/2002,,17/05/2022,5088339,551715,485,53,Piazza Brembana,BG,Piazza Brembana,9.667233400768996,45.9466735118643
104,Livello Idrometrico,1,cm,01/12/2001,,17/05/2022,5088339,551715,485,53,Piazza Brembana,BG,Piazza Brembana,9.667233400768996,45.9466735118643
105,Temperatura,3,°C,01/12/2001,,13/07/2022,5088227,553813,485,54,Lenna,BG,Lenna,9.694287503013394,45.945504296264446
106,Livello Idrometrico,1,cm,01/12/2001,,13/07/2022,5088227,553813,485,54,Lenna,BG,Lenna,9.694287503013394,45.945504296264446
107,Temperatura,3,°C,01/12/2001,,03/02/2021,5114248,601515,655,55,Edolo,BS,Edolo,10.31515485355679,46.17424302852992
108,Precipitazione,2,mm,01/04/2002,,03/02/2021,5114248,601515,655,55,Edolo,BS,Edolo,10.31515485355679,46.17424302852992
109,Livello Idrometrico,1,cm,01/12/2001,,10/01/2021,5114248,601515,655,55,Edolo,BS,Edolo,10.31515485355679,46.17424302852992
110,Temperatura,3,°C,04/04/2002,,24/08/2022,5124297,616382,1265,56,Ponte di Legno,BS,Ponte di Legno,10.510174571986935,46.26227492187678
112,Temperatura,3,°C,16/11/2001,,31/08/2026,5094534,558779,830,57,Branzi,BG,Branzi,9.759127832569787,46.00185755856897
113,Precipitazione,2,mm,01/01/2002,,31/08/2026,5094534,558779,830,57,Branzi,BG,Branzi,9.759127832569787,46.00185755856897
114,Altezza Neve,4,cm,08/01/2003,,31/08/2026,5094534,558779,830,57,Branzi,BG,Branzi,9.759127832569787,46.00185755856897
115,Temperatura,3,°C,01/12/2001,,31/08/2026,5097126,566799,1955,58,Carona Lago Fregabolgia,BG,Carona,9.863057338878743,46.024448872352274
116,Precipitazione,2,mm,02/01/2002,,31/08/2026,5097126,566799,1955,58,Carona Lago Fregabolgia,BG,Carona,9.863057338878743,46.024448872352274
117,Altezza Neve,4,cm,01/12/2001,,31/08/2026,5097126,566799,1955,58,Carona Lago Fregabolgia,BG,Carona,9.863057338878743,46.024448872352274
118,Temperatura,3,°C,01/12/2001,,23/08/2018,5104407,615682,2017,59,Rif. Lissone,BS,Saviore dell'Adamello,10.496232725466104,46.083444437264326
119,Precipitazione,2,mm,01/12/2001,,23/08/2018,5104407,615682,2017,59,Rif. Lissone,BS,Saviore dell'Adamello,10.496232725466104,46.083444437264326
120,Altezza Neve,4,cm,01/10/2002,,04/05/2018,5104407,615682,2017,59,Rif. Lissone,BS,Saviore dell'Adamello,10.496232725466104,46.083444437264326
121,Temperatura,3,°C,20/11/2002,,31/08/2026,5131088,539415,665,60,Villa di Chiavenna ,SO,Villa di Chiavenna,9.512099032917916,46.33222085568214
122,Precipitazione,2,mm,20/11/2002,,31/08/2026,5131088,539415,665,60,Villa di Chiavenna ,SO,Villa di Chiavenna,9.512099032917916,46.33222085568214
126,Umidità Relativa,11,%,26/01/2005,,24/02/2026,5137497,602352,2114,82,V.Pola RTU 004/5,SO,Valdisotto,10.331051938382236,46.3833002082877
131,Velocità Vento,9,m/s,15/10/2004,,31/08/2026,5122198,567188,1719,35,Caspoggio Piazzo Cavalli,SO,Caspoggio,9.871635671404738,46.2500359620186
132,Direzione Vento,10,°,15/10/2004,,31/08/2026,5122198,567188,1719,35,Caspoggio Piazzo Cavalli,SO,Caspoggio,9.871635671404738,46.2500359620186
133,Temperatura,3,°C,05/06/2006,,31/08/2026,5137647,604113,1050,61,Arginone,SO,Valdisotto,10.353980048858368,46.38438097166803
134,Umidità Relativa,11,%,05/06/2006,,31/08/2026,5137647,604113,1050,61,Arginone,SO,Valdisotto,10.353980048858368,46.38438097166803
135,Precipitazione,2,mm,01/01/2007,,31/08/2026,5137647,604113,1050,61,Arginone,SO,Valdisotto,10.353980048858368,46.38438097166803
137,Velocità Vento,9,m/s,05/06/2006,,31/08/2026,5137647,604113,1050,61,Arginone,SO,Valdisotto,10.353980048858368,46.38438097166803
138,Direzione Vento,10,°,05/06/2006,,31/08/2026,5137647,604113,1050,61,Arginone,SO,Valdisotto,10.353980048858368,46.38438097166803
139,Altezza Neve,4,cm,05/06/2006,,31/08/2026,5137647,604113,1050,61,Arginone,SO,Valdisotto,10.353980048858368,46.38438097166803
141,Radiazione Globale,12,W/m²,05/06/2006,,31/08/2026,5137647,604113,1050,61,Arginone,SO,Valdisotto,10.353980048858368,46.38438097166803
152,Temperatura,3,°C,01/01/2004,,31/08/2026,5113659,524673,680,63,Gera Lario,CO,Montemezzo,9.319655015073781,46.176060682550656
153,Precipitazione,2,mm,01/01/2004,,31/08/2026,5113659,524673,680,63,Gera Lario,CO,Montemezzo,9.319655015073781,46.176060682550656
200,Precipitazione,2,mm,01/01/2004,,01/09/2026,5102643,610196,1100,65,Saviore UR01,BS,Saviore dell'Adamello,10.424890883278486,46.0684796684319
201,Umidità Relativa,11,%,11/02/2010,,31/08/2026,5145777,595373,1880,12,Arnoga,SO,Valdidentro,10.242005735112159,46.45882031955658
203,Altezza Neve,4,cm,01/01/2011,,31/08/2026,5140927,614872,1730,14,S. Caterina,SO,Valfurva,10.494659427896964,46.41214801120555
205,Altezza Neve,4,cm,03/12/2011,,31/08/2026,5152051,601015,1930,13,Cancano ,SO,Valdidentro,10.316821804332276,46.51444736332192
206,Umidità Relativa,11,%,01/01/2011,,31/08/2026,5152051,601015,1930,13,Cancano ,SO,Valdidentro,10.316821804332276,46.51444736332192
207,Altezza Neve,4,cm,05/12/2011,,31/08/2026,5141977,619522,2180,16,VALFURVA Ghiacciaio dei Forni,SO,Valfurva,10.555409384380683,46.42078756471085
208,Direzione Vento,10,°,01/01/2011,,31/08/2026,5152051,601015,1930,13,Cancano ,SO,Valdidentro,10.316821804332276,46.51444736332192
209,Velocità Vento,9,m/s,01/01/2011,,31/08/2026,5152051,601015,1930,13,Cancano ,SO,Valdidentro,10.316821804332276,46.51444736332192
210,Direzione Vento,10,°,01/01/2011,,31/08/2026,5141977,619522,2180,16,VALFURVA Ghiacciaio dei Forni,SO,Valfurva,10.555409384380683,46.42078756471085
211,Velocità Vento,9,m/s,01/01/2011,,31/08/2026,5141977,619522,2180,16,VALFURVA Ghiacciaio dei Forni,SO,Valfurva,10.555409384380683,46.42078756471085
1324,Precipitazione,2,mm,24/08/2010,,31/08/2026,5126393,569523,1650,69,Franscia RTU 120,SO,Lanzada,9.90254350808031,46.287550995829115
1325,Temperatura,3,°C,24/08/2010,,31/08/2026,5126393,569523,1650,69,Franscia RTU 120,SO,Lanzada,9.90254350808031,46.287550995829115
1326,Altezza Neve,4,cm,04/02/2011,,31/08/2026,5126393,569523,1650,69,Franscia RTU 120,SO,Lanzada,9.90254350808031,46.287550995829115
1346,Temperatura,3,°C,01/01/2011,,31/08/2026,5130048,558743,2040,27,Alpe dell' Oro,SO,Chiesa in Valmalenco,9.76306882659034,46.32146157413161
1363,Precipitazione,2,mm,01/01/2004,,01/09/2026,5149131,597748,1610,79,Semogo RTU 230,SO,Valdidentro,10.273630672032837,46.488657489163025
1364,Temperatura,3,°C,01/01/2004,,31/08/2026,5149131,597748,1610,79,Semogo RTU 230,SO,Valdidentro,10.273630672032837,46.488657489163025
1365,Umidità Relativa,11,%,24/08/2010,,31/08/2026,5149131,597748,1610,79,Semogo RTU 230,SO,Valdidentro,10.273630672032837,46.488657489163025
1366,Precipitazione,2,mm,01/01/2011,,31/08/2026,5121837,590452,1732,78,Monte Masuccio,SO,Tirano,10.17331625898149,46.24408871327817
1367,Temperatura,3,°C,01/01/2011,,31/08/2026,5121837,590452,1732,78,Monte Masuccio,SO,Tirano,10.17331625898149,46.24408871327817
1368,Altezza Neve,4,cm,01/01/2011,,31/08/2026,5121837,590452,1732,78,Monte Masuccio,SO,Tirano,10.17331625898149,46.24408871327817
1385,Umidità Relativa,11,%,26/08/2010,,31/08/2026,5150258,597216,2330,46,Monte Trela ,SO,Valdidentro,10.266936072221892,46.49887448376475
1386,Direzione Vento,10,°,26/08/2010,,12/10/2018,5150258,597216,2330,46,Monte Trela ,SO,Valdidentro,10.266936072221892,46.49887448376475
1387,Velocità Vento,9,m/s,01/01/2011,,12/10/2018,5150258,597216,2330,46,Monte Trela ,SO,Valdidentro,10.266936072221892,46.49887448376475
1397,Temperatura,3,°C,19/11/2010,,31/08/2026,5144452,611506,1765,88,Scè di Sotto,SO,Valfurva,10.451719031731805,46.44442559031002
1398,Precipitazione,2,mm,19/11/2010,,31/08/2026,5144452,611506,1765,88,Scè di Sotto,SO,Valfurva,10.451719031731805,46.44442559031002
1399,Altezza Neve,4,cm,19/11/2010,,31/08/2026,5144452,611506,1765,88,Scè di Sotto,SO,Valfurva,10.451719031731805,46.44442559031002
1401,Temperatura,3,°C,12/11/2010,,31/08/2026,5093991,557587,1660,89,Il Pizzo,BG,Branzi,9.743669065539608,45.99707199669974
1403,Precipitazione,2,mm,12/11/2010,,31/08/2026,5093991,557587,1660,89,Il Pizzo,BG,Branzi,9.743669065539608,45.99707199669974
1420,Precipitazione,2,mm,10/02/2011,,27/11/2017,5107938,548717,840,90,San Giorgio,SO,Talamona,9.630558258059235,46.123278797629645
1421,Temperatura,3,°C,10/02/2011,,27/11/2017,5107938,548717,840,90,San Giorgio,SO,Talamona,9.630558258059235,46.123278797629645
1422,Altezza Neve,4,cm,10/02/2011,,01/04/2017,5107938,548717,840,90,San Giorgio,SO,Talamona,9.630558258059235,46.123278797629645
1429,Temperatura,3,°C,09/02/2011,,31/08/2026,5130392,528106,840,91,Val Genasca,SO,San Giacomo Filippo,9.365128912886613,46.32652072865061
1433,Precipitazione,2,mm,21/03/2011,,31/08/2026,5130392,528106,840,91,Val Genasca,SO,San Giacomo Filippo,9.365128912886613,46.32652072865061
1434,Altezza Neve,4,cm,21/03/2011,,31/08/2026,5130392,528106,840,91,Val Genasca,SO,San Giacomo Filippo,9.365128912886613,46.32652072865061
1436,Temperatura,3,°C,28/10/2011,,31/08/2026,5144310,612927,2300,92,Confinale,SO,Valfurva,10.470178782883451,46.44291176914349
1438,Altezza Neve,4,cm,15/12/2011,,31/08/2026,5144310,612927,2300,92,Confinale,SO,Valfurva,10.470178782883451,46.44291176914349
2001,Temperatura,3,°C,29/06/2001,,31/08/2026,5038171,520120,120,100,Milano Lambrate,MI,Milano,9.257515399681102,45.49677982404663
2002,Umidità Relativa,11,%,29/06/2001,,31/08/2026,5038171,520120,120,100,Milano Lambrate,MI,Milano,9.257515399681102,45.49677982404663
2003,Velocità Vento,9,m/s,29/06/2001,,31/08/2026,5038171,520120,120,100,Milano Lambrate,MI,Milano,9.257515399681102,45.49677982404663
2005,Direzione Vento,10,°,29/06/2001,,31/08/2026,5038171,520120,120,100,Milano Lambrate,MI,Milano,9.257515399681102,45.49677982404663
2006,Precipitazione,2,mm,29/06/2001,,31/08/2026,5038171,520120,120,100,Milano Lambrate,MI,Milano,9.257515399681102,45.49677982404663
2008,Radiazione Globale,12,W/m²,12/09/2003,,31/08/2026,5038171,520120,120,100,Milano Lambrate,MI,Milano,9.257515399681102,45.49677982404663
2039,Temperatura,3,°C,27/06/2001,,31/08/2026,5002165,538425,140,102,San Colombano al Lambro ,MI,San Colombano al Lambro,9.488996837896533,45.171918959016494
2040,Umidità Relativa,11,%,27/06/2001,,31/08/2026,5002165,538425,140,102,San Colombano al Lambro ,MI,San Colombano al Lambro,9.488996837896533,45.171918959016494
2044,Radiazione Globale,12,W/m²,12/09/2003,,31/08/2026,5002165,538425,140,102,San Colombano al Lambro ,MI,San Colombano al Lambro,9.488996837896533,45.171918959016494
2046,Precipitazione,2,mm,27/06/2001,,31/08/2026,5002165,538425,140,102,San Colombano al Lambro ,MI,San Colombano al Lambro,9.488996837896533,45.171918959016494
2048,Direzione Vento,10,°,27/06/2001,,31/08/2026,5002165,538425,140,102,San Colombano al Lambro ,MI,San Colombano al Lambro,9.488996837896533,45.171918959016494
2063,Temperatura,3,°C,21/06/1995,,16/06/2004,5038760,520713,120,104,Segrate Milano Due,MI,Segrate,9.265129992602043,45.50206407454898
2064,Umidità Relativa,11,%,21/06/1995,,16/06/2004,5038760,520713,120,104,Segrate Milano Due,MI,Segrate,9.265129992602043,45.50206407454898
2065,Precipitazione,2,mm,23/09/1994,,16/06/2004,5038760,520713,120,104,Segrate Milano Due,MI,Segrate,9.265129992602043,45.50206407454898
2082,Temperatura,3,°C,15/05/2001,,31/08/2026,4961571,514194,500,106,Varzi Nivione,PV,Varzi,9.17949162844931,44.80739989263525
2083,Umidità Relativa,11,%,15/05/2001,,31/08/2026,4961571,514194,500,106,Varzi Nivione,PV,Varzi,9.17949162844931,44.80739989263525
2084,Radiazione Globale,12,W/m²,12/09/2003,,31/08/2026,4961571,514194,500,106,Varzi Nivione,PV,Varzi,9.17949162844931,44.80739989263525
2089,Precipitazione,2,mm,15/05/2001,,31/08/2026,4961571,514194,500,106,Varzi Nivione,PV,Varzi,9.17949162844931,44.80739989263525
2091,Direzione Vento,10,°,15/05/2001,,31/08/2026,4961571,514194,500,106,Varzi Nivione,PV,Varzi,9.17949162844931,44.80739989263525
2096,Temperatura,3,°C,29/01/2001,,31/08/2026,5113016,565691,307,107,Sondrio Fond.Fojanini,SO,Sondrio,9.850940145467648,46.16755337653387
2097,Umidità Relativa,11,%,29/01/2001,,31/08/2026,5113016,565691,307,107,Sondrio Fond.Fojanini,SO,Sondrio,9.850940145467648,46.16755337653387
2098,Radiazione Globale,12,W/m²,05/03/2001,,31/08/2026,5113016,565691,307,107,Sondrio Fond.Fojanini,SO,Sondrio,9.850940145467648,46.16755337653387
2103,Precipitazione,2,mm,29/01/2001,,31/08/2026,5113016,565691,307,107,Sondrio Fond.Fojanini,SO,Sondrio,9.850940145467648,46.16755337653387
2104,Direzione Vento,10,°,29/01/2001,,31/08/2026,5113016,565691,307,107,Sondrio Fond.Fojanini,SO,Sondrio,9.850940145467648,46.16755337653387
2110,Temperatura,3,°C,27/07/1994,,31/08/2026,5120370,532896,206,108,Samolaco v.Vignola,SO,Samolaco,9.426654131696239,46.23611060961266
2111,Umidità Relativa,11,%,27/07/1994,,31/08/2026,5120370,532896,206,108,Samolaco v.Vignola,SO,Samolaco,9.426654131696239,46.23611060961266
2112,Radiazione Globale,12,W/m²,24/07/1998,,31/08/2026,5120370,532896,206,108,Samolaco v.Vignola,SO,Samolaco,9.426654131696239,46.23611060961266
2116,Precipitazione,2,mm,27/07/1994,,31/08/2026,5120370,532896,206,108,Samolaco v.Vignola,SO,Samolaco,9.426654131696239,46.23611060961266
2117,Direzione Vento,10,°,27/07/1994,,31/08/2026,5120370,532896,206,108,Samolaco v.Vignola,SO,Samolaco,9.426654131696239,46.23611060961266
2122,Temperatura,3,°C,11/03/1993,,31/08/2026,5011978,529787,60,109,Sant'Angelo Lodigiano ,LO,Sant'Angelo Lodigiano,9.379659683138605,45.26066731979914
2123,Umidità Relativa,11,%,11/03/1993,,31/08/2026,5011978,529787,60,109,Sant'Angelo Lodigiano ,LO,Sant'Angelo Lodigiano,9.379659683138605,45.26066731979914
2124,Radiazione Globale,12,W/m²,23/07/1998,,31/08/2026,5011978,529787,60,109,Sant'Angelo Lodigiano ,LO,Sant'Angelo Lodigiano,9.379659683138605,45.26066731979914
2129,Precipitazione,2,mm,11/03/1993,,31/08/2026,5011978,529787,60,109,Sant'Angelo Lodigiano ,LO,Sant'Angelo Lodigiano,9.379659683138605,45.26066731979914
2134,Temperatura,3,°C,01/01/1998,,31/08/2026,4980052,638675,22,110,GONZAGA Palidano,MN,Gonzaga,10.758281071808884,44.9603716759279
2135,Umidità Relativa,11,%,01/01/1998,,31/08/2026,4980052,638675,22,110,GONZAGA Palidano,MN,Gonzaga,10.758281071808884,44.9603716759279
2136,Radiazione Globale,12,W/m²,07/05/1999,,31/08/2026,4980052,638675,22,110,GONZAGA Palidano,MN,Gonzaga,10.758281071808884,44.9603716759279
2140,Precipitazione,2,mm,03/01/1994,,31/08/2026,4980052,638675,22,110,GONZAGA Palidano,MN,Gonzaga,10.758281071808884,44.9603716759279
2141,Direzione Vento,10,°,17/03/1999,,31/08/2026,4980052,638675,22,110,GONZAGA Palidano,MN,Gonzaga,10.758281071808884,44.9603716759279
2146,Temperatura,3,°C,01/01/2002,,31/08/2026,5084512,538583,1234,111,Cassina Valsassina Moggio,LC,Cassina Valsassina,9.497502220579253,45.913093693560796
2147,Umidità Relativa,11,%,01/01/2002,,31/08/2026,5084512,538583,1234,111,Cassina Valsassina Moggio,LC,Cassina Valsassina,9.497502220579253,45.913093693560796
2148,Radiazione Globale,12,W/m²,31/10/2003,,31/08/2026,5084512,538583,1234,111,Cassina Valsassina Moggio,LC,Cassina Valsassina,9.497502220579253,45.913093693560796
2152,Precipitazione,2,mm,01/01/2002,,31/08/2026,5084512,538583,1234,111,Cassina Valsassina Moggio,LC,Cassina Valsassina,9.497502220579253,45.913093693560796
2153,Direzione Vento,10,°,28/02/2003,,31/08/2026,5084512,538583,1234,111,Cassina Valsassina Moggio,LC,Cassina Valsassina,9.497502220579253,45.913093693560796
2187,Temperatura,3,°C,29/09/2005,,31/08/2026,5018597,520937,88,114,Landriano Cascina Marianna,PV,Landriano,9.267140228766538,45.320566636985546
2188,Umidità Relativa,11,%,29/09/2005,,31/08/2026,5018597,520937,88,114,Landriano Cascina Marianna,PV,Landriano,9.267140228766538,45.320566636985546
2190,Radiazione Globale,12,W/m²,29/09/2005,,31/08/2026,5018597,520937,88,114,Landriano Cascina Marianna,PV,Landriano,9.267140228766538,45.320566636985546
2194,Direzione Vento,10,°,29/09/2005,,31/08/2026,5018600,520938,88,114,Landriano Cascina Marianna,PV,Landriano,9.267153114774574,45.32059361110782
2195,Precipitazione,2,mm,29/09/2005,,31/08/2026,5018596,520935,88,114,Landriano Cascina Marianna,PV,Landriano,9.267114668267176,45.32055769534491
2200,Temperatura,3,°C,24/09/2003,,01/08/2012,5073482,470058,193,115,Ispra tetto,VA,Ispra,8.614601410385923,45.81425051765766
2201,Umidità Relativa,11,%,24/09/2003,,01/08/2012,5073482,470058,193,115,Ispra tetto,VA,Ispra,8.614601410385923,45.81425051765766
2202,Velocità Vento,9,m/s,26/10/2001,,01/08/2012,5073482,470058,193,115,Ispra tetto,VA,Ispra,8.614601410385923,45.81425051765766
2204,Radiazione Globale,12,W/m²,24/09/2003,,04/08/2012,5073482,470058,193,115,Ispra tetto,VA,Ispra,8.614601410385923,45.81425051765766
2205,Direzione Vento,10,°,26/10/2001,,01/08/2012,5073482,470058,193,115,Ispra tetto,VA,Ispra,8.614601410385923,45.81425051765766
2206,Precipitazione,2,mm,24/09/2003,,23/10/2012,5073482,470058,193,115,Ispra tetto,VA,Ispra,8.614601410385923,45.81425051765766
2235,Temperatura,3,°C,25/10/2001,,15/06/2011,5073482,470058,193,116,Ispra prato,VA,Ispra,8.614601410385923,45.81425051765766
2236,Umidità Relativa,11,%,25/10/2001,,15/06/2011,5073482,470058,193,116,Ispra prato,VA,Ispra,8.614601410385923,45.81425051765766
2239,Precipitazione,2,mm,25/10/2001,,01/05/2011,5073482,470058,193,116,Ispra prato,VA,Ispra,8.614601410385923,45.81425051765766
2245,Temperatura,3,°C,01/01/1998,,31/08/2026,5114436,602920,699,117,Edolo Ist.Meneghini,BS,Edolo,10.33339293869701,46.17572375018522
2246,Umidità Relativa,11,%,01/01/1998,,31/08/2026,5114436,602920,699,117,Edolo Ist.Meneghini,BS,Edolo,10.33339293869701,46.17572375018522
2247,Radiazione Globale,12,W/m²,21/07/1998,,16/11/2011,5114436,602920,699,117,Edolo Ist.Meneghini,BS,Edolo,10.33339293869701,46.17572375018522
2251,Precipitazione,2,mm,02/04/1993,,31/08/2026,5114436,602920,699,117,Edolo Ist.Meneghini,BS,Edolo,10.33339293869701,46.17572375018522
2252,Direzione Vento,10,°,01/01/1998,,31/08/2026,5113706,603479,659,1075,Edolo Centrale ENEL,BS,Edolo,10.340473514383161,46.1690708057214
2270,Temperatura,3,°C,07/09/2001,,31/08/2026,5079768,549604,622,119,San Giovanni Bianco Cornalita,BG,San Giovanni Bianco,9.639112837494656,45.86969089939292
2271,Umidità Relativa,11,%,07/09/2001,,31/08/2026,5079768,549604,622,119,San Giovanni Bianco Cornalita,BG,San Giovanni Bianco,9.639112837494656,45.86969089939292
2275,Radiazione Globale,12,W/m²,12/09/2003,,31/08/2026,5079768,549604,622,119,San Giovanni Bianco Cornalita,BG,San Giovanni Bianco,9.639112837494656,45.86969089939292
2277,Direzione Vento,10,°,27/09/2001,,31/08/2026,5079768,549604,622,119,San Giovanni Bianco Cornalita,BG,San Giovanni Bianco,9.639112837494656,45.86969089939292
2278,Precipitazione,2,mm,07/09/2001,,31/08/2026,5079768,549604,622,119,San Giovanni Bianco Cornalita,BG,San Giovanni Bianco,9.639112837494656,45.86969089939292
2327,Temperatura,3,°C,08/08/2002,,31/08/2026,5013015,544135,67,123,Cavenago d'Adda ,LO,Cavenago d'Adda,9.562621464363874,45.269247145725444
2328,Umidità Relativa,11,%,08/08/2002,,31/08/2026,5013015,544135,67,123,Cavenago d'Adda ,LO,Cavenago d'Adda,9.562621464363874,45.269247145725444
2333,Radiazione Globale,12,W/m²,23/09/2003,,31/08/2026,5013015,544132,67,123,Cavenago d'Adda ,LO,Cavenago d'Adda,9.562583222998034,45.26924733410096
2336,Precipitazione,2,mm,08/08/2002,,31/08/2026,5013015,544135,67,123,Cavenago d'Adda ,LO,Cavenago d'Adda,9.562621464363874,45.269247145725444
2361,Temperatura,3,°C,01/01/1993,,31/08/2026,5010411,476502,106,125,Castello d'Agogna ,PV,Castello d'Agogna,8.700571652227875,45.24680044696917
2362,Umidità Relativa,11,%,01/01/1993,,31/08/2026,5010411,476502,106,125,Castello d'Agogna ,PV,Castello d'Agogna,8.700571652227875,45.24680044696917
2364,Radiazione Globale,12,W/m²,21/07/1998,,31/08/2026,5010411,476502,106,125,Castello d'Agogna ,PV,Castello d'Agogna,8.700571652227875,45.24680044696917
2368,Precipitazione,2,mm,17/10/1990,,31/08/2026,5010411,476502,106,125,Castello d'Agogna ,PV,Castello d'Agogna,8.700571652227875,45.24680044696917
2373,Temperatura,3,°C,26/04/2002,,30/10/2017,5060979,524066,360,126,Casatenovo prato,LC,Casatenovo,9.309144812286556,45.70194614073521
2374,Umidità Relativa,11,%,26/04/2002,,30/10/2017,5060979,524066,360,126,Casatenovo prato,LC,Casatenovo,9.309144812286556,45.70194614073521
2377,Precipitazione,2,mm,26/04/2002,,30/10/2017,5060979,524066,360,126,Casatenovo prato,LC,Casatenovo,9.309144812286556,45.70194614073521
2383,Direzione Vento,10,°,10/11/2003,,31/08/2026,5060979,524066,360,127,Casatenovo tetto,LC,Casatenovo,9.309144812286556,45.70194614073521
2384,Radiazione Globale,12,W/m²,10/11/2003,,31/08/2026,5060979,524066,360,127,Casatenovo tetto,LC,Casatenovo,9.309144812286556,45.70194614073521
2385,Precipitazione,2,mm,10/11/2003,,31/08/2026,5060979,524066,360,127,Casatenovo tetto,LC,Casatenovo,9.309144812286556,45.70194614073521
2388,Temperatura,3,°C,20/03/1996,,10/02/2012,5032570,550482,96,128,Capralba ,CR,Capralba,9.645524773488166,45.444830423264136
2389,Umidità Relativa,11,%,20/03/1996,,01/01/2012,5032570,550482,96,128,Capralba ,CR,Capralba,9.645524773488166,45.444830423264136
2390,Radiazione Globale,12,W/m²,21/07/1998,,10/02/2012,5032570,550482,96,128,Capralba ,CR,Capralba,9.645524773488166,45.444830423264136
2392,Velocità Vento,9,m/s,20/03/1996,,29/12/2010,5032570,550482,96,128,Capralba ,CR,Capralba,9.645524773488166,45.444830423264136
2394,Direzione Vento,10,°,20/03/1996,,01/02/2012,5032570,550482,96,128,Capralba ,CR,Capralba,9.645524773488166,45.444830423264136
2395,Precipitazione,2,mm,20/03/1996,,10/02/2012,5032570,550482,96,128,Capralba ,CR,Capralba,9.645524773488166,45.444830423264136
2400,Temperatura,3,°C,30/10/2002,,31/08/2026,5097875,603903,362,129,Capo di Ponte v.Briscioli,BS,Capo di Ponte,10.342502608603299,46.02656354248102
2401,Umidità Relativa,11,%,30/10/2002,,31/08/2026,5097875,603903,362,129,Capo di Ponte v.Briscioli,BS,Capo di Ponte,10.342502608603299,46.02656354248102
2404,Radiazione Globale,12,W/m²,12/09/2003,,31/08/2026,5097875,603903,362,129,Capo di Ponte v.Briscioli,BS,Capo di Ponte,10.342502608603299,46.02656354248102
2407,Direzione Vento,10,°,12/09/2003,,31/08/2026,5097875,603903,362,129,Capo di Ponte v.Briscioli,BS,Capo di Ponte,10.342502608603299,46.02656354248102
2408,Precipitazione,2,mm,30/10/2002,,31/08/2026,5097875,603903,362,129,Capo di Ponte v.Briscioli,BS,Capo di Ponte,10.342502608603299,46.02656354248102
2414,Temperatura,3,°C,01/01/1995,,31/08/2026,5042175,598502,149,130,Brescia ITAS Pastori,BS,Brescia,10.261382196949516,45.526145786360416
2415,Umidità Relativa,11,%,01/01/1995,,31/08/2026,5042175,598502,149,130,Brescia ITAS Pastori,BS,Brescia,10.261382196949516,45.526145786360416
2417,Precipitazione,2,mm,11/10/1990,,31/08/2026,5042175,598502,149,130,Brescia ITAS Pastori,BS,Brescia,10.261382196949516,45.526145786360416
2433,Temperatura,3,°C,01/01/1993,,31/08/2026,5056541,551321,211,132,Bergamo v.Stezzano,BG,Bergamo,9.658768470289917,45.66051928749498
2434,Umidità Relativa,11,%,01/01/1993,,31/08/2026,5056541,551321,211,132,Bergamo v.Stezzano,BG,Bergamo,9.658768470289917,45.66051928749498
2435,Radiazione Globale,12,W/m²,01/01/1993,,31/08/2026,5056541,551321,211,132,Bergamo v.Stezzano,BG,Bergamo,9.658768470289917,45.66051928749498
2441,Precipitazione,2,mm,15/10/1990,,31/08/2026,5056541,551321,211,132,Bergamo v.Stezzano,BG,Bergamo,9.658768470289917,45.66051928749498
2442,Direzione Vento,10,°,19/05/1993,,31/08/2026,5056541,551321,211,132,Bergamo v.Stezzano,BG,Bergamo,9.658768470289917,45.66051928749498
2447,Temperatura,3,°C,01/01/1993,,31/08/2026,5105929,544001,958,133,Bema ,SO,Bema,9.569334700408588,46.105518775768786
2448,Umidità Relativa,11,%,01/01/1993,,31/08/2026,5105929,544001,958,133,Bema ,SO,Bema,9.569334700408588,46.105518775768786
2449,Radiazione Globale,12,W/m²,01/01/1993,,31/08/2026,5105929,544001,958,133,Bema ,SO,Bema,9.569334700408588,46.105518775768786
2450,Velocità Vento,9,m/s,01/01/1993,,31/08/2026,5105929,544001,958,133,Bema ,SO,Bema,9.569334700408588,46.105518775768786
2452,Precipitazione,2,mm,01/01/1993,,31/08/2026,5105929,544001,958,133,Bema ,SO,Bema,9.569334700408588,46.105518775768786
2453,Direzione Vento,10,°,01/01/1993,,31/08/2026,5105929,544001,958,133,Bema ,SO,Bema,9.569334700408588,46.105518775768786
2459,Temperatura,3,°C,03/05/1998,,31/08/2026,5031658,581271,93,134,Corzano Bargnano,BS,Corzano,10.039027211799244,45.433719470458726
2460,Umidità Relativa,11,%,03/05/1998,,31/08/2026,5031658,581271,93,134,Corzano Bargnano,BS,Corzano,10.039027211799244,45.433719470458726
2461,Radiazione Globale,12,W/m²,12/09/2003,,31/08/2026,5031658,581271,93,134,Corzano Bargnano,BS,Corzano,10.039027211799244,45.433719470458726
2465,Precipitazione,2,mm,03/05/1998,,31/08/2026,5031658,581271,93,134,Corzano Bargnano,BS,Corzano,10.039027211799244,45.433719470458726
2466,Direzione Vento,10,°,03/05/1998,,31/08/2026,5031658,581271,93,134,Corzano Bargnano,BS,Corzano,10.039027211799244,45.433719470458726
2471,Temperatura,3,°C,02/01/1992,,22/07/2010,5062757,506658,322,135,Vertemate con Minoprio villa,CO,Vertemate con Minoprio,9.085551716901787,45.718335789799724
2472,Umidità Relativa,11,%,02/01/1993,,22/07/2010,5062757,506658,322,135,Vertemate con Minoprio villa,CO,Vertemate con Minoprio,9.085551716901787,45.718335789799724
2476,Radiazione Globale,12,W/m²,21/02/1992,,22/07/2010,5062757,506658,322,135,Vertemate con Minoprio villa,CO,Vertemate con Minoprio,9.085551716901787,45.718335789799724
2477,Precipitazione,2,mm,20/10/1990,,15/07/2010,5062757,506658,322,135,Vertemate con Minoprio villa,CO,Vertemate con Minoprio,9.085551716901787,45.718335789799724
2485,Temperatura,3,°C,01/01/1993,,31/08/2026,5003424,582100,44,136,Persico Dosimo ,CR,Persico Dosimo,10.044944403868836,45.179518392770305
2486,Umidità Relativa,11,%,01/01/1993,,31/08/2026,5003424,582100,44,136,Persico Dosimo ,CR,Persico Dosimo,10.044944403868836,45.179518392770305
2488,Radiazione Globale,12,W/m²,13/02/2001,,31/08/2026,5003424,582100,44,136,Persico Dosimo ,CR,Persico Dosimo,10.044944403868836,45.179518392770305
2491,Direzione Vento,10,°,14/05/1994,,31/08/2026,5003424,582100,44,136,Persico Dosimo ,CR,Persico Dosimo,10.044944403868836,45.179518392770305
2492,Precipitazione,2,mm,17/10/1990,,31/08/2026,5003424,582100,44,136,Persico Dosimo ,CR,Persico Dosimo,10.044944403868836,45.179518392770305
2497,Temperatura,3,°C,09/06/1993,,31/08/2026,5032417,540720,102,137,Rivolta d'Adda Ist. Spallanzani,CR,Rivolta d'Adda,9.520689006967055,45.44409052331862
2498,Umidità Relativa,11,%,09/06/1993,,31/08/2026,5032417,540720,102,137,Rivolta d'Adda Ist. Spallanzani,CR,Rivolta d'Adda,9.520689006967055,45.44409052331862
2502,Precipitazione,2,mm,09/06/1993,,31/08/2026,5032417,540720,102,137,Rivolta d'Adda Ist. Spallanzani,CR,Rivolta d'Adda,9.520689006967055,45.44409052331862
2503,Direzione Vento,10,°,09/06/1993,,31/08/2026,5032417,540720,102,137,Rivolta d'Adda Ist. Spallanzani,CR,Rivolta d'Adda,9.520689006967055,45.44409052331862
2524,Temperatura,3,°C,26/09/2003,,19/09/2018,4997294,641005,19,139,Virgilio Mantova Cerese,MN,Virgilio,10.792648102258731,45.11504742580198
2527,Umidità Relativa,11,%,26/09/2003,,19/09/2018,4997294,641005,19,139,Virgilio Mantova Cerese,MN,Virgilio,10.792648102258731,45.11504742580198
2533,Radiazione Globale,12,W/m²,26/09/2003,,19/09/2018,4997294,641005,19,139,Virgilio Mantova Cerese,MN,Virgilio,10.792648102258731,45.11504742580198
2535,Precipitazione,2,mm,26/09/2003,,19/09/2018,4997294,641005,19,139,Virgilio Mantova Cerese,MN,Virgilio,10.792648102258731,45.11504742580198
2536,Direzione Vento,10,°,26/09/2003,,19/09/2018,4997294,641005,19,139,Virgilio Mantova Cerese,MN,Virgilio,10.792648102258731,45.11504742580198
2548,Temperatura,3,°C,13/12/2006,,31/08/2026,5065453,613163,371,192,Idro Frana,BS,Idro,10.454477641465191,45.73337503564807
2549,Precipitazione,2,mm,13/12/2006,,31/08/2026,5065453,613163,371,192,Idro Frana,BS,Idro,10.454477641465191,45.73337503564807
2595,Temperatura,3,°C,06/10/2014,,01/09/2026,5061321,529882,385,205,Montevecchia cascina Butto,LC,Montevecchia,9.383874990148687,45.704797768820974
2596,Precipitazione,2,mm,06/10/2014,,01/09/2026,5061321,529882,385,205,Montevecchia cascina Butto,LC,Montevecchia,9.383874990148687,45.704797768820974
2597,Umidità Relativa,11,%,06/10/2014,,01/09/2026,5061321,529882,385,205,Montevecchia cascina Butto,LC,Montevecchia,9.383874990148687,45.704797768820974
2611,Direzione Vento,10,°,26/11/2008,,31/08/2026,5077224,524701,1233,212,Canzo ,CO,Canzo,9.318132023436663,45.84813790509286
2612,Umidità Relativa,11,%,26/11/2008,,31/08/2026,5077224,524701,1233,212,Canzo ,CO,Canzo,9.318132023436663,45.84813790509286
2613,Temperatura,3,°C,20/04/2011,,31/08/2026,5077224,524701,1233,212,Canzo ,CO,Canzo,9.318132023436663,45.84813790509286
2614,Precipitazione,2,mm,26/11/2008,,31/08/2026,5077224,524701,1233,212,Canzo ,CO,Canzo,9.318132023436663,45.84813790509286
2620,Temperatura,3,°C,25/11/2009,,31/08/2026,5005622,648246,15,214,Bigarello ,MN,Bigarello,10.887128700975802,45.18849105039517
2621,Umidità Relativa,11,%,25/11/2009,,31/08/2026,5005622,648246,15,214,Bigarello ,MN,Bigarello,10.887128700975802,45.18849105039517
2623,Radiazione Globale,12,W/m²,25/11/2009,,31/08/2026,5005622,648246,15,214,Bigarello ,MN,Bigarello,10.887128700975802,45.18849105039517
2626,Precipitazione,2,mm,25/11/2009,,31/08/2026,5005622,648246,15,214,Bigarello ,MN,Bigarello,10.887128700975802,45.18849105039517
3062,Livello Idrometrico,1,cm,09/07/2013,01/01/2025,31/08/2026,5060406,472667,198,1363,Golasecca Miorina misuratore,VA,Golasecca,8.648921285325057,45.69666750451167
3092,Livello Idrometrico,1,cm,25/03/2013,01/01/2025,01/09/2026,5001496,541819,63,1364,Orio Litta v.Francigena,LO,Orio Litta,9.532131039528602,45.165704017037754
3118,Livello Idrometrico,1,cm,18/10/2013,01/01/2025,31/08/2026,5041381,515011,139,1425,Milano Niguarda,MI,Milano,9.19222419523919,45.525801944936646
4001,Temperatura,3,°C,23/05/2003,,25/08/2020,5014273,499104,100,140,Motta Visconti SMR,MI,Motta Visconti,8.988575477376283,45.28195619871089
4002,Umidità Relativa,11,%,15/05/2003,,25/08/2020,5014273,499104,100,140,Motta Visconti SMR,MI,Motta Visconti,8.988575477376283,45.28195619871089
4004,Radiazione Globale,12,W/m²,28/10/2008,,25/08/2020,5014273,499104,100,140,Motta Visconti SMR,MI,Motta Visconti,8.988575477376283,45.28195619871089
4006,Direzione Vento,10,°,15/05/2003,,25/08/2020,5014273,499104,100,140,Motta Visconti SMR,MI,Motta Visconti,8.988575477376283,45.28195619871089
4008,Precipitazione,2,mm,15/05/2003,,25/08/2020,5014273,499104,100,140,Motta Visconti SMR,MI,Motta Visconti,8.988575477376283,45.28195619871089
4009,Temperatura,3,°C,19/06/2002,,31/08/2026,5062832,506653,310,141,Vertemate con Minoprio serre,CO,Vertemate con Minoprio,9.08548849909237,45.71901089635887
4010,Umidità Relativa,11,%,25/05/2002,,31/08/2026,5062832,506653,310,141,Vertemate con Minoprio serre,CO,Vertemate con Minoprio,9.08548849909237,45.71901089635887
4012,Radiazione Globale,12,W/m²,25/05/2002,,31/08/2026,5062832,506653,310,141,Vertemate con Minoprio serre,CO,Vertemate con Minoprio,9.08548849909237,45.71901089635887
4014,Direzione Vento,10,°,25/05/2002,,31/08/2026,5062832,506653,310,141,Vertemate con Minoprio serre,CO,Vertemate con Minoprio,9.08548849909237,45.71901089635887
4016,Precipitazione,2,mm,04/02/2009,,31/08/2026,5062832,506653,310,141,Vertemate con Minoprio serre,CO,Vertemate con Minoprio,9.08548849909237,45.71901089635887
4017,Temperatura,3,°C,24/05/2002,,31/08/2026,5111566,561195,274,142,Caiolo ,SO,Caiolo,9.792518875272366,46.154923168144556
4018,Umidità Relativa,11,%,24/05/2002,,31/08/2026,5111566,561195,274,142,Caiolo ,SO,Caiolo,9.792518875272366,46.154923168144556
4020,Radiazione Globale,12,W/m²,24/05/2002,,31/08/2026,5111566,561195,274,142,Caiolo ,SO,Caiolo,9.792518875272366,46.154923168144556
4022,Direzione Vento,10,°,24/05/2002,,31/08/2026,5111566,561195,274,142,Caiolo ,SO,Caiolo,9.792518875272366,46.154923168144556
4025,Precipitazione,2,mm,24/05/2002,,31/08/2026,5111566,561195,274,142,Caiolo ,SO,Caiolo,9.792518875272366,46.154923168144556
4027,Umidità Relativa,11,%,02/06/2002,,31/08/2026,5149692,592663,2320,143,Livigno Passo Foscagno,SO,Livigno,10.207501576120505,46.494423645133914
4029,Radiazione Globale,12,W/m²,02/06/2002,,31/08/2026,5149692,592663,2320,143,Livigno Passo Foscagno,SO,Livigno,10.207501576120505,46.494423645133914
4031,Direzione Vento,10,°,02/06/2002,,31/08/2026,5149692,592663,2320,143,Livigno Passo Foscagno,SO,Livigno,10.207501576120505,46.494423645133914
4033,Precipitazione,2,mm,02/06/2002,,31/08/2026,5149692,592663,2320,143,Livigno Passo Foscagno,SO,Livigno,10.207501576120505,46.494423645133914
4034,Temperatura,3,°C,19/11/2000,,31/08/2026,5146514,526726,1915,144,Madesimo Spluga,SO,Madesimo,9.348123015327113,46.47166727238364
4035,Umidità Relativa,11,%,19/11/2000,,31/08/2026,5146514,526726,1915,144,Madesimo Spluga,SO,Madesimo,9.348123015327113,46.47166727238364
4037,Radiazione Globale,12,W/m²,19/11/2000,,31/08/2026,5146514,526726,1915,144,Madesimo Spluga,SO,Madesimo,9.348123015327113,46.47166727238364
4039,Direzione Vento,10,°,12/01/2004,,31/08/2026,5146514,526726,1915,144,Madesimo Spluga,SO,Madesimo,9.348123015327113,46.47166727238364
4041,Precipitazione,2,mm,19/11/2000,,31/08/2026,5146514,526726,1915,144,Madesimo Spluga,SO,Madesimo,9.348123015327113,46.47166727238364
4042,Temperatura,3,°C,04/12/2002,,18/07/2023,5080789,591371,222,145,Darfo Boario Terme ,BS,Darfo Boario Terme,10.17735680898154,45.87460210989813
4043,Umidità Relativa,11,%,06/06/2002,,18/07/2023,5080789,591371,222,145,Darfo Boario Terme ,BS,Darfo Boario Terme,10.17735680898154,45.87460210989813
4045,Radiazione Globale,12,W/m²,06/06/2002,,18/07/2023,5080789,591371,222,145,Darfo Boario Terme ,BS,Darfo Boario Terme,10.17735680898154,45.87460210989813
4047,Direzione Vento,10,°,06/06/2002,,18/07/2023,5080789,591371,222,145,Darfo Boario Terme ,BS,Darfo Boario Terme,10.17735680898154,45.87460210989813
4049,Precipitazione,2,mm,06/06/2002,,18/07/2023,5080789,591371,222,145,Darfo Boario Terme ,BS,Darfo Boario Terme,10.17735680898154,45.87460210989813
4050,Temperatura,3,°C,30/05/2003,,31/08/2026,5098491,548644,1824,146,Mezzoldo Passo S.Marco,BG,Mezzoldo,9.628647097035241,46.03826409170682
4051,Umidità Relativa,11,%,23/05/2003,,31/08/2026,5098491,548644,1824,146,Mezzoldo Passo S.Marco,BG,Mezzoldo,9.628647097035241,46.03826409170682
4053,Radiazione Globale,12,W/m²,19/09/2003,,31/08/2026,5098491,548644,1824,146,Mezzoldo Passo S.Marco,BG,Mezzoldo,9.628647097035241,46.03826409170682
4055,Direzione Vento,10,°,23/05/2003,,31/08/2026,5098491,548644,1824,146,Mezzoldo Passo S.Marco,BG,Mezzoldo,9.628647097035241,46.03826409170682
4057,Precipitazione,2,mm,23/05/2003,,31/08/2026,5098491,548644,1824,146,Mezzoldo Passo S.Marco,BG,Mezzoldo,9.628647097035241,46.03826409170682
4058,Temperatura,3,°C,30/05/2002,,31/08/2026,5043257,516051,142,147,Cinisello Balsamo Parco Nord,MI,Cinisello Balsamo,9.205603412149348,45.5426646784088
4059,Umidità Relativa,11,%,30/05/2002,,31/08/2026,5043257,516051,142,147,Cinisello Balsamo Parco Nord,MI,Cinisello Balsamo,9.205603412149348,45.5426646784088
4060,Radiazione Globale,12,W/m²,30/05/2002,,31/08/2026,5043257,516051,142,147,Cinisello Balsamo Parco Nord,MI,Cinisello Balsamo,9.205603412149348,45.5426646784088
4062,Direzione Vento,10,°,30/05/2002,,31/08/2026,5043257,516051,142,147,Cinisello Balsamo Parco Nord,MI,Cinisello Balsamo,9.205603412149348,45.5426646784088
4065,Precipitazione,2,mm,30/05/2002,,31/08/2026,5043257,516051,142,147,Cinisello Balsamo Parco Nord,MI,Cinisello Balsamo,9.205603412149348,45.5426646784088
4066,Temperatura,3,°C,02/07/2002,,31/08/2026,5043898,488082,182,148,Arconate SMR,MI,Arconate,8.84732192921624,45.548517357426675
4067,Umidità Relativa,11,%,02/07/2002,,31/08/2026,5043898,488082,182,148,Arconate SMR,MI,Arconate,8.84732192921624,45.548517357426675
4069,Radiazione Globale,12,W/m²,02/07/2002,,31/08/2026,5043898,488082,182,148,Arconate SMR,MI,Arconate,8.84732192921624,45.548517357426675
4071,Direzione Vento,10,°,02/07/2002,,31/08/2026,5043898,488082,182,148,Arconate SMR,MI,Arconate,8.84732192921624,45.548517357426675
4082,Temperatura,3,°C,04/07/2002,,31/08/2026,4997165,594008,39,150,Pieve San Giacomo ,CR,Pieve San Giacomo,10.195296734383323,45.121702009922394
4083,Umidità Relativa,11,%,04/07/2002,,31/08/2026,4997165,594008,39,150,Pieve San Giacomo ,CR,Pieve San Giacomo,10.195296734383323,45.121702009922394
4085,Radiazione Globale,12,W/m²,04/07/2002,,31/08/2026,4997165,594008,39,150,Pieve San Giacomo ,CR,Pieve San Giacomo,10.195296734383323,45.121702009922394
4087,Direzione Vento,10,°,26/07/2005,,31/08/2026,4997179,594005,39,150,Pieve San Giacomo ,CR,Pieve San Giacomo,10.19526122938189,45.121828405915494
4089,Precipitazione,2,mm,04/07/2002,,31/08/2026,4997170,594009,39,150,Pieve San Giacomo ,CR,Pieve San Giacomo,10.195310386202046,45.121746875721506
4112,Precipitazione,2,mm,05/03/2009,,31/08/2026,5043898,488082,182,148,Arconate SMR,MI,Arconate,8.84732192921624,45.548517357426675
5048,Precipitazione,2,mm,21/04/2004,,25/08/2008,5040086,617699,129,163,Padenghe sul Garda ,BS,Padenghe sul Garda,10.50663183813719,45.50437040529496
5080,Livello Idrometrico,1,cm,24/07/2020,01/01/2025,31/08/2026,4999560,486707,93,1088,Ottobiano via Manzoni,PV,Ottobiano,8.830899841444138,45.14939125558956
5082,Livello Idrometrico,1,cm,24/07/2020,01/01/2025,31/08/2026,5007042,528392,72,1089,Villanterio via Roma,PV,Villanterio,9.36159770987942,45.21629427735381
5121,Temperatura,3,°C,15/02/2006,,31/08/2026,5002119,643358,25,166,Mantova Lunetta2 SMR,MN,Mantova,10.823931433968303,45.15798527819923
5122,Umidità Relativa,11,%,08/01/2006,,31/08/2026,5002119,643358,25,166,Mantova Lunetta2 SMR,MN,Mantova,10.823931433968303,45.15798527819923
5124,Radiazione Globale,12,W/m²,08/01/2006,,31/08/2026,5002119,643358,25,166,Mantova Lunetta2 SMR,MN,Mantova,10.823931433968303,45.15798527819923
5126,Direzione Vento,10,°,08/01/2006,,31/08/2026,5002119,643358,25,166,Mantova Lunetta2 SMR,MN,Mantova,10.823931433968303,45.15798527819923
5128,Precipitazione,2,mm,08/01/2006,,31/08/2026,5002119,643358,25,166,Mantova Lunetta2 SMR,MN,Mantova,10.823931433968303,45.15798527819923
5856,Precipitazione,2,mm,07/12/1991,,31/08/2026,5053519,543342,190,595,Filago v.Don Milani,BG,Filago,9.556084255790937,45.633864509087935
5857,Precipitazione,2,mm,09/07/1996,,01/09/2026,5062715,553620,290,594,Bergamo v.Goisis,BG,Bergamo,9.688958745309854,45.71591246985958
5858,Precipitazione,2,mm,04/04/2000,,31/08/2026,5052072,547691,182,596,Osio Sotto v.per Levate,BG,Osio Sotto,9.61173782181245,45.62055567940286
5859,Precipitazione,2,mm,01/01/1989,,27/10/2011,5058641,552746,249,582,Bergamo v.S.Giorgio,BG,Bergamo,9.677286764680096,45.679312850162006
5860,Precipitazione,2,mm,15/06/1994,,11/01/2012,5060449,551482,249,584,Bergamo v.Garibaldi,BG,Bergamo,9.661249146065597,45.6956803443343
5861,Precipitazione,2,mm,01/01/1992,,01/09/2026,5075429,585212,192,586,Costa Volpino v.Nazionale,BG,Costa Volpino,10.097061724186457,45.82715793877022
5863,Temperatura,3,°C,07/12/1991,,31/08/2026,5053519,543342,190,595,Filago v.Don Milani,BG,Filago,9.556084255790937,45.633864509087935
5864,Temperatura,3,°C,13/09/1996,,31/08/2026,5062715,553620,290,594,Bergamo v.Goisis,BG,Bergamo,9.688958745309854,45.71591246985958
5865,Temperatura,3,°C,04/04/2000,,31/08/2026,5052072,547691,182,596,Osio Sotto v.per Levate,BG,Osio Sotto,9.61173782181245,45.62055567940286
5866,Temperatura,3,°C,01/01/1989,,14/04/2010,5058641,552746,249,582,Bergamo v.S.Giorgio,BG,Bergamo,9.677286764680096,45.679312850162006
5867,Temperatura,3,°C,16/06/1994,,11/07/2011,5060449,551482,249,584,Bergamo v.Garibaldi,BG,Bergamo,9.661249146065597,45.6956803443343
5868,Temperatura,3,°C,26/07/1993,,01/09/2026,5075429,585212,192,586,Costa Volpino v.Nazionale,BG,Costa Volpino,10.097061724186457,45.82715793877022
5870,Precipitazione,2,mm,01/07/2009,,18/07/2024,5072803,517232,279,564,Erba v. Battisti,CO,Erba,9.221779204488465,45.808573806930426
5871,Temperatura,3,°C,21/02/2009,,18/07/2024,5072803,517232,279,564,Erba v. Battisti,CO,Erba,9.221779204488465,45.808573806930426
5872,Precipitazione,2,mm,23/09/1996,,23/07/2016,5059463,514062,256,562,Mariano Comense v.le Lombardia,CO,Mariano Comense,9.18059329494883,45.68857640821252
5873,Temperatura,3,°C,23/09/1996,,23/07/2016,5059463,514062,256,562,Mariano Comense v.le Lombardia,CO,Mariano Comense,9.18059329494883,45.68857640821252
5876,Precipitazione,2,mm,06/11/1990,,01/09/2026,5109468,529713,229,573,Colico v.La Madoneta,LC,Colico,9.384687247651847,46.13814090513419
5877,Temperatura,3,°C,06/11/1990,,01/09/2026,5109468,529713,229,573,Colico v.La Madoneta,LC,Colico,9.384687247651847,46.13814090513419
5878,Precipitazione,2,mm,01/01/1991,,25/09/2008,5077479,530713,214,574,Lecco v. Amendola,LC,Lecco,9.395577066893276,45.85019119458604
5882,Precipitazione,2,mm,02/12/2002,,30/11/2021,5066429,520613,310,575,Nibionno v.della Chiesa,LC,Nibionno,9.265020964805577,45.75111126162522
5883,Temperatura,3,°C,03/12/2002,,30/11/2021,5066429,520613,310,575,Nibionno v.della Chiesa,LC,Nibionno,9.265020964805577,45.75111126162522
5884,Precipitazione,2,mm,01/01/1991,,07/02/2008,5095134,522088,220,578,Varenna v.Polvani,LC,Varenna,9.285304059584012,46.00942283475001
5887,Precipitazione,2,mm,13/01/2000,,15/06/2015,5020175,533400,80,617,Tavazzano con Villavesco Enel suolo,LO,Tavazzano con Villavesco,9.426261573535141,45.334287856991295
5888,Temperatura,3,°C,13/01/2000,,15/06/2015,5020175,533400,80,617,Tavazzano con Villavesco Enel suolo,LO,Tavazzano con Villavesco,9.426261573535141,45.334287856991295
5890,Temperatura,3,°C,23/01/2002,,31/08/2026,4992297,555154,50,598,San Rocco al Porto v.Matteotti,LO,San Rocco al Porto,9.700788177184064,45.081986696985396
5894,Precipitazione,2,mm,24/03/1992,,06/11/2018,5046977,527628,162,530,Agrate Brianza v.Ferrario,MB,Agrate Brianza,9.354105650819248,45.5757847592353
5895,Temperatura,3,°C,25/03/1992,,06/11/2018,5046977,527628,162,530,Agrate Brianza v.Ferrario,MB,Agrate Brianza,9.354105650819248,45.5757847592353
5897,Temperatura,3,°C,19/03/1990,,01/09/2026,5035365,514782,122,620,Milano v.Brera,MI,Milano,9.189110383708865,45.47165629325016
5900,Precipitazione,2,mm,31/03/1996,,06/09/2018,5057636,518272,250,512,Carate Brianza v.De Gasperi,MB,Carate Brianza,9.234591699392151,45.672033734873644
5901,Temperatura,3,°C,01/04/1996,,26/04/2018,5057636,518272,250,512,Carate Brianza v.De Gasperi,MB,Carate Brianza,9.234591699392151,45.672033734873644
5902,Precipitazione,2,mm,29/03/2002,,31/08/2026,5031403,507619,119,525,Corsico v.le Italia,MI,Corsico,9.097410841871486,45.43610851010621
5903,Temperatura,3,°C,12/02/1997,,31/08/2026,5031403,507619,119,525,Corsico v.le Italia,MI,Corsico,9.097410841871486,45.43610851010621
5908,Precipitazione,2,mm,01/01/1989,,31/08/2026,5035546,517376,122,502,Milano v.Juvara,MI,Milano,9.222302345191181,45.473225733482884
5909,Temperatura,3,°C,01/01/1989,,31/08/2026,5035546,517376,122,502,Milano v.Juvara,MI,Milano,9.222302345191181,45.473225733482884
5910,Temperatura,3,°C,15/09/1998,,31/08/2026,5019010,510543,97,535,Lacchiarella v.Molise,MI,Lacchiarella,9.134530024291461,45.324517397825694
5911,Temperatura,3,°C,01/01/1989,,01/09/2026,5038105,514918,129,501,Milano v.Marche,MI,Milano,9.190933555313649,45.49631644365817
5916,Precipitazione,2,mm,01/01/1999,,31/08/2026,5035511,527630,112,614,Rodano v.Turati,MI,Rodano,9.35348434690243,45.47258006779563
5917,Temperatura,3,°C,01/01/1999,,31/08/2026,5035511,527630,112,614,Rodano v.Turati,MI,Rodano,9.35348434690243,45.47258006779563
5918,Precipitazione,2,mm,21/02/2001,,29/07/2026,5051253,539618,199,513,Trezzo sull'Adda v.Nenni,MI,Trezzo sull'Adda,9.508122483905986,45.61369175878463
5920,Temperatura,3,°C,01/01/1989,,31/08/2026,5035847,511082,122,503,Milano P.zza Zavattari,MI,Milano,9.141786267186678,45.47606340510506
5921,Precipitazione,2,mm,01/11/1993,,04/10/2016,5147136,605598,1225,571,Bormio v.Monte Braulio,SO,Bormio,10.375432759159244,46.4695239713346
5922,Temperatura,3,°C,01/11/1993,,04/10/2016,5147136,605598,1225,571,Bormio v.Monte Braulio,SO,Bormio,10.375432759159244,46.4695239713346
5923,Precipitazione,2,mm,27/10/1993,,31/12/2010,5129769,530454,333,567,Chiavenna v.Cerletti,SO,Chiavenna,9.395590978119605,46.320812497456835
5924,Temperatura,3,°C,27/10/1993,,21/10/2010,5129769,530454,333,567,Chiavenna v.Cerletti,SO,Chiavenna,9.395590978119605,46.320812497456835
5927,Precipitazione,2,mm,29/09/1998,,29/09/2015,5108901,543736,262,572,Morbegno v.Cortivacci,SO,Morbegno,9.566179893984554,46.13228296001154
5928,Temperatura,3,°C,29/09/1998,,26/09/2015,5108901,543736,262,572,Morbegno v.Cortivacci,SO,Morbegno,9.566179893984554,46.13228296001154
5929,Precipitazione,2,mm,28/10/1993,,11/01/2012,5113078,567173,307,569,Sondrio v.Mazzini,SO,Sondrio,9.870144074974695,46.167966812286146
5930,Temperatura,3,°C,28/10/1993,,24/06/2010,5113078,567173,307,569,Sondrio v.Mazzini,SO,Sondrio,9.870144074974695,46.167966812286146
5931,Precipitazione,2,mm,01/11/1993,,03/07/2012,5118891,589196,439,570,Tirano Viale Italia,SO,Tirano,10.15647023214649,46.217746214402204
5932,Temperatura,3,°C,19/11/1993,,17/05/2018,5118891,589196,439,570,Tirano Viale Italia,SO,Tirano,10.15647023214649,46.217746214402204
5933,Precipitazione,2,mm,05/12/1998,,31/08/2026,5047718,487687,206,558,Busto Arsizio  Accam,VA,Busto Arsizio,8.842165456706056,45.58289429272496
5934,Precipitazione,2,mm,25/05/1991,,21/10/2018,5050810,488313,222,555,Busto Arsizio v.Magenta,VA,Busto Arsizio,8.850115752092051,45.610736040019866
5935,Temperatura,3,°C,25/05/1991,,10/12/2018,5050810,488313,222,555,Busto Arsizio v.Magenta,VA,Busto Arsizio,8.850115752092051,45.610736040019866
5938,Precipitazione,2,mm,05/12/1996,,10/12/2018,5048975,479783,204,557,Lonate Pozzolo v.Veneto,VA,Lonate Pozzolo,8.740796576539166,45.59402351711583
5939,Temperatura,3,°C,13/12/1996,,19/06/2018,5048975,479783,204,557,Lonate Pozzolo v.Veneto,VA,Lonate Pozzolo,8.740796576539166,45.59402351711583
5940,Precipitazione,2,mm,20/03/2000,,30/10/2020,5055150,477613,210,559,Somma Lombardo v.Facchinetti,VA,Somma Lombardo,8.712691458284754,45.64953712729971
5941,Temperatura,3,°C,20/03/2000,,30/10/2020,5055150,477613,210,559,Somma Lombardo v.Facchinetti,VA,Somma Lombardo,8.712691458284754,45.64953712729971
5946,Precipitazione,2,mm,24/05/1999,,10/12/2018,5075945,484773,425,552,Varese v.Vidoletti,VA,Varese,8.803926126674924,45.83690077656297
5947,Temperatura,3,°C,30/12/1991,,10/12/2018,5075945,484773,425,552,Varese v.Vidoletti,VA,Varese,8.803926126674924,45.83690077656297
5966,Temperatura,3,°C,01/06/1992,,21/02/2007,4981793,612537,23,625,Casalmaggiore v.Volta,CR,Casalmaggiore,10.427376916159675,44.980660403842705
5968,Temperatura,3,°C,10/06/1992,,04/04/2006,4998730,581171,61,628,Cremona p.zza Libertà,CR,Cremona,10.032359066276056,45.13737896274169
5969,Temperatura,3,°C,01/08/1992,,31/08/2026,5023885,555127,79,629,Crema v.XI febbraio,CR,Crema,9.703945513613254,45.36630907820137
5979,Direzione Vento,10,°,03/02/2000,,31/08/2026,5053519,543342,190,595,Filago v.Don Milani,BG,Filago,9.556084255790937,45.633864509087935
5981,Direzione Vento,10,°,16/09/1996,,31/08/2026,5062715,553620,290,594,Bergamo v.Goisis,BG,Bergamo,9.688958745309854,45.71591246985958
5983,Direzione Vento,10,°,04/04/2000,,01/09/2026,5052072,547691,182,596,Osio Sotto v.per Levate,BG,Osio Sotto,9.61173782181245,45.62055567940286
5990,Direzione Vento,10,°,23/11/1994,,14/04/2010,5060449,551482,249,584,Bergamo v.Garibaldi,BG,Bergamo,9.661249146065597,45.6956803443343
5994,Direzione Vento,10,°,21/01/1997,,01/09/2026,5075429,585212,192,586,Costa Volpino v.Nazionale,BG,Costa Volpino,10.097061724186457,45.82715793877022
6008,Direzione Vento,10,°,01/01/1998,,01/09/2026,5109468,529713,229,573,Colico v.La Madoneta,LC,Colico,9.384687247651847,46.13814090513419
6017,Direzione Vento,10,°,13/01/2000,,03/08/2015,5020197,533381,80,635,Tavazzano con Villavesco Enel,LO,Tavazzano con Villavesco,9.426020580921705,45.33448678693725
6026,Direzione Vento,10,°,29/10/1999,,11/08/2016,5046977,527628,162,530,Agrate Brianza v.Ferrario,MB,Agrate Brianza,9.354105650819248,45.5757847592353
6029,Direzione Vento,10,°,18/11/1999,,01/09/2026,5035365,514782,122,620,Milano v.Brera,MI,Milano,9.189110383708865,45.47165629325016
6035,Direzione Vento,10,°,01/01/1999,,23/10/2014,5057636,518272,250,512,Carate Brianza v.De Gasperi,MB,Carate Brianza,9.234591699392151,45.672033734873644
6038,Direzione Vento,10,°,02/11/1999,,31/08/2026,5031403,507619,119,525,Corsico v.le Italia,MI,Corsico,9.097410841871486,45.43610851010621
6044,Direzione Vento,10,°,01/01/1999,,31/08/2026,5035546,517376,122,502,Milano v.Juvara,MI,Milano,9.222302345191181,45.473225733482884
6046,Direzione Vento,10,°,01/01/1999,,19/03/2026,5019010,510543,97,535,Lacchiarella v.Molise,MI,Lacchiarella,9.134530024291461,45.324517397825694
6048,Direzione Vento,10,°,17/11/1999,,01/09/2026,5038105,514918,129,501,Milano v.Marche,MI,Milano,9.190933555313649,45.49631644365817
6060,Direzione Vento,10,°,22/02/2001,,29/07/2026,5051253,539618,199,513,Trezzo sull'Adda v.Nenni,MI,Trezzo sull'Adda,9.508122483905986,45.61369175878463
6063,Direzione Vento,10,°,23/11/1999,,31/08/2026,5035847,511082,122,503,Milano P.zza Zavattari,MI,Milano,9.141786267186678,45.47606340510506
6071,Direzione Vento,10,°,13/12/1999,,29/09/2015,5108901,543736,262,572,Morbegno v.Cortivacci,SO,Morbegno,9.566179893984554,46.13228296001154
6077,Direzione Vento,10,°,17/07/1998,,10/12/2018,5050810,488313,222,555,Busto Arsizio v.Magenta,VA,Busto Arsizio,8.850115752092051,45.610736040019866
6081,Direzione Vento,10,°,05/12/1996,,10/12/2018,5048975,479783,204,557,Lonate Pozzolo v.Veneto,VA,Lonate Pozzolo,8.740796576539166,45.59402351711583
6084,Direzione Vento,10,°,20/03/2000,,30/10/2020,5055150,477613,210,559,Somma Lombardo v.Facchinetti,VA,Somma Lombardo,8.712691458284754,45.64953712729971
6103,Velocità Vento,9,m/s,15/06/1994,,11/07/2011,5060449,551482,249,584,Bergamo v.Garibaldi,BG,Bergamo,9.661249146065597,45.6956803443343
6116,Velocità Vento,9,m/s,12/03/1990,,30/10/2013,5046977,527628,162,530,Agrate Brianza v.Ferrario,MB,Agrate Brianza,9.354105650819248,45.5757847592353
6137,Velocità Vento,9,m/s,22/02/2001,,31/08/2026,5051253,539618,199,513,Trezzo sull'Adda v.Nenni,MI,Trezzo sull'Adda,9.508122483905986,45.61369175878463
6157,Umidità Relativa,11,%,01/01/1992,,31/08/2026,5053519,543342,190,595,Filago v.Don Milani,BG,Filago,9.556084255790937,45.633864509087935
6158,Umidità Relativa,11,%,13/09/1996,,31/08/2026,5062715,553620,290,594,Bergamo v.Goisis,BG,Bergamo,9.688958745309854,45.71591246985958
6159,Umidità Relativa,11,%,04/04/2000,,01/09/2026,5052072,547691,182,596,Osio Sotto v.per Levate,BG,Osio Sotto,9.61173782181245,45.62055567940286
6160,Umidità Relativa,11,%,01/12/1989,,14/04/2010,5058641,552746,249,582,Bergamo v.S.Giorgio,BG,Bergamo,9.677286764680096,45.679312850162006
6161,Umidità Relativa,11,%,26/07/1993,,01/09/2026,5075429,585212,192,586,Costa Volpino v.Nazionale,BG,Costa Volpino,10.097061724186457,45.82715793877022
6163,Umidità Relativa,11,%,21/02/2009,,18/07/2024,5072803,517232,279,564,Erba v. Battisti,CO,Erba,9.221779204488465,45.808573806930426
6164,Umidità Relativa,11,%,11/07/2001,,01/09/2026,5109468,529713,229,573,Colico v.La Madoneta,LC,Colico,9.384687247651847,46.13814090513419
6167,Umidità Relativa,11,%,03/12/2002,,30/11/2021,5066429,520613,310,575,Nibionno v.della Chiesa,LC,Nibionno,9.265020964805577,45.75111126162522
6169,Umidità Relativa,11,%,13/01/2000,,15/06/2015,5020175,533400,80,617,Tavazzano con Villavesco Enel suolo,LO,Tavazzano con Villavesco,9.426261573535141,45.334287856991295
6170,Umidità Relativa,11,%,23/01/2002,,31/08/2026,4992297,555154,50,598,San Rocco al Porto v.Matteotti,LO,San Rocco al Porto,9.700788177184064,45.081986696985396
6172,Umidità Relativa,11,%,01/01/1999,,06/11/2018,5046977,527628,162,530,Agrate Brianza v.Ferrario,MB,Agrate Brianza,9.354105650819248,45.5757847592353
6174,Umidità Relativa,11,%,05/12/2002,,01/09/2026,5035365,514782,122,620,Milano v.Brera,MI,Milano,9.189110383708865,45.47165629325016
6175,Umidità Relativa,11,%,01/01/1999,,26/04/2018,5057636,518272,250,512,Carate Brianza v.De Gasperi,MB,Carate Brianza,9.234591699392151,45.672033734873644
6176,Umidità Relativa,11,%,01/01/1999,,31/08/2026,5031403,507619,119,525,Corsico v.le Italia,MI,Corsico,9.097410841871486,45.43610851010621
6179,Umidità Relativa,11,%,01/01/1999,,31/08/2026,5035546,517376,122,502,Milano v.Juvara,MI,Milano,9.222302345191181,45.473225733482884
6180,Umidità Relativa,11,%,01/01/1999,,31/08/2026,5019010,510543,97,535,Lacchiarella v.Molise,MI,Lacchiarella,9.134530024291461,45.324517397825694
6183,Umidità Relativa,11,%,01/01/1999,,31/08/2026,5035511,527630,112,614,Rodano v.Turati,MI,Rodano,9.35348434690243,45.47258006779563
6184,Umidità Relativa,11,%,22/02/2001,,29/07/2026,5051253,539618,199,513,Trezzo sull'Adda v.Nenni,MI,Trezzo sull'Adda,9.508122483905986,45.61369175878463
6185,Umidità Relativa,11,%,22/04/2002,,31/08/2026,5035847,511082,122,503,Milano P.zza Zavattari,MI,Milano,9.141786267186678,45.47606340510506
6186,Umidità Relativa,11,%,16/01/2000,,04/10/2016,5147136,605598,1225,571,Bormio v.Monte Braulio,SO,Bormio,10.375432759159244,46.4695239713346
6187,Umidità Relativa,11,%,17/12/1999,,21/10/2010,5129769,530454,333,567,Chiavenna v.Cerletti,SO,Chiavenna,9.395590978119605,46.320812497456835
6189,Umidità Relativa,11,%,13/12/1999,,29/09/2015,5108901,543736,262,572,Morbegno v.Cortivacci,SO,Morbegno,9.566179893984554,46.13228296001154
6191,Umidità Relativa,11,%,15/12/1999,,17/05/2018,5118891,589196,439,570,Tirano Viale Italia,SO,Tirano,10.15647023214649,46.217746214402204
6193,Umidità Relativa,11,%,13/12/1996,,19/06/2018,5048975,479783,204,557,Lonate Pozzolo v.Veneto,VA,Lonate Pozzolo,8.740796576539166,45.59402351711583
6194,Umidità Relativa,11,%,20/03/2000,,30/10/2020,5055150,477613,210,559,Somma Lombardo v.Facchinetti,VA,Somma Lombardo,8.712691458284754,45.64953712729971
6197,Umidità Relativa,11,%,23/12/1991,,10/12/2018,5075945,484773,425,552,Varese v.Vidoletti,VA,Varese,8.803926126674924,45.83690077656297
6407,Umidità Relativa,11,%,01/01/2002,,21/02/2007,4981793,612537,23,625,Casalmaggiore v.Volta,CR,Casalmaggiore,10.427376916159675,44.980660403842705
6421,Umidità Relativa,11,%,01/01/2002,,31/08/2026,5023885,555127,79,629,Crema v.XI febbraio,CR,Crema,9.703945513613254,45.36630907820137
6430,Radiazione Globale,12,W/m²,07/12/1991,,31/08/2026,5053519,543342,190,595,Filago v.Don Milani,BG,Filago,9.556084255790937,45.633864509087935
6431,Radiazione Globale,12,W/m²,13/09/1996,,31/08/2026,5062715,553620,290,594,Bergamo v.Goisis,BG,Bergamo,9.688958745309854,45.71591246985958
6432,Radiazione Globale,12,W/m²,04/04/2000,,01/09/2026,5052072,547691,182,596,Osio Sotto v.per Levate,BG,Osio Sotto,9.61173782181245,45.62055567940286
6433,Radiazione Globale,12,W/m²,01/01/1989,,14/04/2010,5058641,552746,249,582,Bergamo v.S.Giorgio,BG,Bergamo,9.677286764680096,45.679312850162006
6434,Radiazione Globale,12,W/m²,26/07/1993,,01/09/2026,5075429,585212,192,586,Costa Volpino v.Nazionale,BG,Costa Volpino,10.097061724186457,45.82715793877022
6437,Radiazione Globale,12,W/m²,01/01/2002,,21/02/2007,4981793,612537,23,625,Casalmaggiore v.Volta,CR,Casalmaggiore,10.427376916159675,44.980660403842705
6440,Radiazione Globale,12,W/m²,01/01/2002,,31/08/2026,5023885,555127,79,629,Crema v.XI febbraio,CR,Crema,9.703945513613254,45.36630907820137
6443,Radiazione Globale,12,W/m²,13/01/2000,,15/06/2015,5020175,533400,80,617,Tavazzano con Villavesco Enel suolo,LO,Tavazzano con Villavesco,9.426261573535141,45.334287856991295
6453,Radiazione Globale,12,W/m²,02/01/2002,,06/09/2018,5057636,518272,250,512,Carate Brianza v.De Gasperi,MB,Carate Brianza,9.234591699392151,45.672033734873644
6458,Radiazione Globale,12,W/m²,01/01/1999,,31/08/2026,5035546,517376,122,502,Milano v.Juvara,MI,Milano,9.222302345191181,45.473225733482884
6469,Radiazione Globale,12,W/m²,06/06/1996,,24/06/2010,5113078,567173,307,569,Sondrio v.Mazzini,SO,Sondrio,9.870144074974695,46.167966812286146
6474,Radiazione Globale,12,W/m²,13/12/1996,,10/12/2018,5048975,479783,204,557,Lonate Pozzolo v.Veneto,VA,Lonate Pozzolo,8.740796576539166,45.59402351711583
6476,Radiazione Globale,12,W/m²,20/03/2000,,30/10/2020,5055150,477613,210,559,Somma Lombardo v.Facchinetti,VA,Somma Lombardo,8.712691458284754,45.64953712729971
6588,Radiazione Globale,12,W/m²,01/01/1998,,15/07/2008,5077479,530713,214,574,Lecco v. Amendola,LC,Lecco,9.395577066893276,45.85019119458604
6597,Umidità Relativa,11,%,21/03/2002,,01/09/2026,5038105,514918,129,501,Milano v.Marche,MI,Milano,9.190933555313649,45.49631644365817
6603,Umidità Relativa,11,%,07/11/1991,,10/12/2018,5050810,488313,222,555,Busto Arsizio v.Magenta,VA,Busto Arsizio,8.850115752092051,45.610736040019866
6694,Precipitazione,2,mm,01/06/2002,,05/02/2026,5004590,512932,77,642,Pavia v. Folperti,PV,Pavia,9.164638300630108,45.19467609908471
6696,Radiazione Globale,12,W/m²,01/06/2002,,05/02/2026,5004590,512932,77,642,Pavia v. Folperti,PV,Pavia,9.164638300630108,45.19467609908471
6698,Temperatura,3,°C,01/06/2002,,05/02/2026,5004590,512932,77,642,Pavia v. Folperti,PV,Pavia,9.164638300630108,45.19467609908471
6699,Umidità Relativa,11,%,01/06/2002,,05/02/2026,5004590,512932,77,642,Pavia v. Folperti,PV,Pavia,9.164638300630108,45.19467609908471
6717,Direzione Vento,10,°,24/01/2004,,09/10/2013,5019220,489053,107,644,Vigevano v.Petrarca,PV,Vigevano,8.86031025357997,45.3264015005493
6723,Precipitazione,2,mm,24/01/2004,,09/10/2013,5019220,489053,107,644,Vigevano v.Petrarca,PV,Vigevano,8.86031025357997,45.3264015005493
6725,Radiazione Globale,12,W/m²,24/01/2004,,09/10/2013,5019220,489053,107,644,Vigevano v.Petrarca,PV,Vigevano,8.86031025357997,45.3264015005493
6727,Temperatura,3,°C,24/01/2004,,09/10/2013,5019220,489053,107,644,Vigevano v.Petrarca,PV,Vigevano,8.86031025357997,45.3264015005493
6728,Umidità Relativa,11,%,24/01/2004,,09/10/2013,5019220,489053,107,644,Vigevano v.Petrarca,PV,Vigevano,8.86031025357997,45.3264015005493
6729,Velocità Vento,9,m/s,24/01/2004,,09/10/2013,5019220,489053,107,644,Vigevano v.Petrarca,PV,Vigevano,8.86031025357997,45.3264015005493
6788,Direzione Vento,10,°,15/10/1997,,01/09/2026,5040836,595170,125,653,Brescia v.Ziziola,BS,Brescia,10.218463502801423,45.51455919057477
6792,Precipitazione,2,mm,15/10/1997,,01/09/2026,5040836,595170,125,653,Brescia v.Ziziola,BS,Brescia,10.218463502801423,45.51455919057477
6795,Temperatura,3,°C,17/10/1997,,01/09/2026,5040836,595170,125,653,Brescia v.Ziziola,BS,Brescia,10.218463502801423,45.51455919057477
6796,Umidità Relativa,11,%,18/11/2003,,01/09/2026,5040836,595170,125,653,Brescia v.Ziziola,BS,Brescia,10.218463502801423,45.51455919057477
6797,Velocità Vento,9,m/s,15/10/1997,,01/09/2026,5040836,595170,125,653,Brescia v.Ziziola,BS,Brescia,10.218463502801423,45.51455919057477
6800,Direzione Vento,10,°,01/01/1990,,10/12/2018,5055826,593900,269,654,Sarezzo v.Minelli,BS,Sarezzo,10.20509021883716,45.64962671224827
6806,Velocità Vento,9,m/s,01/01/1990,,10/12/2018,5055826,593900,269,654,Sarezzo v.Minelli,BS,Sarezzo,10.20509021883716,45.64962671224827
6815,Direzione Vento,10,°,01/01/1990,,31/08/2026,5011493,601945,47,656,Gambara v.Parma,BS,Gambara,10.299119496064234,45.24954362475357
6819,Precipitazione,2,mm,01/01/1990,,31/08/2026,5011493,601945,47,656,Gambara v.Parma,BS,Gambara,10.299119496064234,45.24954362475357
6823,Temperatura,3,°C,01/01/1990,,31/08/2026,5011493,601945,47,656,Gambara v.Parma,BS,Gambara,10.299119496064234,45.24954362475357
6824,Umidità Relativa,11,%,01/01/1999,,31/08/2026,5011493,601945,47,656,Gambara v.Parma,BS,Gambara,10.299119496064234,45.24954362475357
6825,Velocità Vento,9,m/s,01/01/1990,,31/08/2026,5011493,601945,47,656,Gambara v.Parma,BS,Gambara,10.299119496064234,45.24954362475357
6834,Temperatura,3,°C,01/01/1990,,31/08/2026,5035536,615762,180,657,Lonato del Garda v.del Marchesino,BS,Lonato del Garda,10.48077204357147,45.46375313621831
6835,Umidità Relativa,11,%,01/01/1999,,31/08/2026,5035536,615762,180,657,Lonato del Garda v.del Marchesino,BS,Lonato del Garda,10.48077204357147,45.46375313621831
6846,Precipitazione,2,mm,22/02/2006,,31/08/2026,5055661,608260,349,659,Odolo v.Praes,BS,Odolo,10.38929530279214,45.64604963373319
6849,Temperatura,3,°C,08/10/1990,,31/08/2026,5055661,608260,349,659,Odolo v.Praes,BS,Odolo,10.38929530279214,45.64604963373319
6850,Umidità Relativa,11,%,01/01/1999,,31/08/2026,5055661,608260,349,659,Odolo v.Praes,BS,Odolo,10.38929530279214,45.64604963373319
6986,Precipitazione,2,mm,21/01/2006,,31/08/2026,5076576,527307,247,679,Valmadrera v.Pozzi,LC,Valmadrera,9.351658166128004,45.842207261030026
6987,Direzione Vento,10,°,01/03/2006,,31/08/2026,5076576,527307,247,679,Valmadrera v.Pozzi,LC,Valmadrera,9.351658166128004,45.842207261030026
6990,Radiazione Globale,12,W/m²,02/02/2006,,31/08/2026,5076576,527307,247,679,Valmadrera v.Pozzi,LC,Valmadrera,9.351658166128004,45.842207261030026
6992,Temperatura,3,°C,02/02/2006,,31/08/2026,5076576,527307,247,679,Valmadrera v.Pozzi,LC,Valmadrera,9.351658166128004,45.842207261030026
6994,Umidità Relativa,11,%,02/02/2006,,31/08/2026,5076576,527307,247,679,Valmadrera v.Pozzi,LC,Valmadrera,9.351658166128004,45.842207261030026
7025,Direzione Vento,10,°,22/11/2006,,31/08/2026,5051773,481053,215,687,Ferno v.Di Dio,VA,Ferno,8.7569704454534,45.61924377995491
7028,Radiazione Globale,12,W/m²,21/11/2006,,31/08/2026,5051773,481053,215,687,Ferno v.Di Dio,VA,Ferno,8.7569704454534,45.61924377995491
7029,Temperatura,3,°C,05/11/2006,,31/08/2026,5051773,481053,215,687,Ferno v.Di Dio,VA,Ferno,8.7569704454534,45.61924377995491
7030,Umidità Relativa,11,%,05/11/2006,,31/08/2026,5051773,481053,215,687,Ferno v.Di Dio,VA,Ferno,8.7569704454534,45.61924377995491
7042,Direzione Vento,10,°,19/12/2006,,03/03/2021,5030184,631718,113,695,Ponti sul Mincio v.San Martino,MN,Ponti sul Mincio,10.68335734378704,45.412771691695376
7043,Precipitazione,2,mm,19/12/2006,,31/08/2026,5030184,631718,113,695,Ponti sul Mincio v.San Martino,MN,Ponti sul Mincio,10.68335734378704,45.412771691695376
7045,Radiazione Globale,12,W/m²,19/12/2006,,31/08/2026,5030184,631718,113,695,Ponti sul Mincio v.San Martino,MN,Ponti sul Mincio,10.68335734378704,45.412771691695376
7046,Temperatura,3,°C,19/12/2006,,31/08/2026,5030184,631718,113,695,Ponti sul Mincio v.San Martino,MN,Ponti sul Mincio,10.68335734378704,45.412771691695376
7047,Umidità Relativa,11,%,19/12/2006,,31/08/2026,5030184,631718,113,695,Ponti sul Mincio v.San Martino,MN,Ponti sul Mincio,10.68335734378704,45.412771691695376
7048,Velocità Vento,9,m/s,19/12/2006,,03/03/2021,5030184,631718,113,695,Ponti sul Mincio v.San Martino,MN,Ponti sul Mincio,10.68335734378704,45.412771691695376
8001,Precipitazione,2,mm,01/01/1998,,19/09/2018,4963190,515657,485,855,Varzi v.Mazzini,PV,Varzi,9.198041910628357,44.82194382593921
8002,Temperatura,3,°C,01/01/1998,,19/09/2018,4963190,515657,485,855,Varzi v.Mazzini,PV,Varzi,9.198041910628357,44.82194382593921
8004,Precipitazione,2,mm,01/01/1998,,31/08/2026,4947846,517168,1363,857,Santa Margherita di Staffora Passo del Giovà,PV,Santa Margherita di Staffora,9.216637428085015,44.68377850349271
8005,Temperatura,3,°C,01/01/1998,,31/08/2026,4947846,517168,1363,857,Santa Margherita di Staffora Passo del Giovà,PV,Santa Margherita di Staffora,9.216637428085015,44.68377850349271
8006,Precipitazione,2,mm,01/01/1998,,31/08/2026,4973248,515391,501,856,Fortunago ,PV,Fortunago,9.19498278361844,44.91249258332523
8007,Temperatura,3,°C,01/01/1998,,31/08/2026,4973248,515391,501,856,Fortunago ,PV,Fortunago,9.19498278361844,44.91249258332523
8008,Temperatura,3,°C,01/01/1992,,31/08/2026,5145272,600293,2300,835,Valdisotto Oga S. Colombano,SO,Valdisotto,10.30595182397024,46.4535630589494
8009,Altezza Neve,4,cm,01/01/1992,,31/08/2026,5145272,600293,2300,835,Valdisotto Oga S. Colombano,SO,Valdisotto,10.30595182397024,46.4535630589494
8010,Precipitazione,2,mm,01/01/1992,,31/08/2026,5145272,600293,2300,835,Valdisotto Oga S. Colombano,SO,Valdisotto,10.30595182397024,46.4535630589494
8011,Umidità Relativa,11,%,01/01/1992,,31/08/2026,5145272,600293,2300,835,Valdisotto Oga S. Colombano,SO,Valdisotto,10.30595182397024,46.4535630589494
8013,Temperatura,3,°C,01/01/1992,,31/08/2026,5097116,544202,1875,833,Gerola Alta Pescegallo,SO,Gerola Alta,9.571116796076005,46.02619062662478
8014,Altezza Neve,4,cm,01/01/1992,,31/08/2026,5097116,544202,1875,833,Gerola Alta Pescegallo,SO,Gerola Alta,9.571116796076005,46.02619062662478
8015,Precipitazione,2,mm,01/01/1992,,31/08/2026,5097116,544202,1875,833,Gerola Alta Pescegallo,SO,Gerola Alta,9.571116796076005,46.02619062662478
8016,Temperatura,3,°C,01/01/1992,,31/08/2026,5109097,588704,1950,836,Aprica ,SO,Aprica,10.148256664341911,46.1296816331379
8017,Altezza Neve,4,cm,01/01/1992,,31/08/2026,5109097,588704,1950,836,Aprica ,SO,Aprica,10.148256664341911,46.1296816331379
8018,Precipitazione,2,mm,01/01/1992,,31/08/2026,5109097,588704,1950,836,Aprica ,SO,Aprica,10.148256664341911,46.1296816331379
8019,Temperatura,3,°C,01/05/1993,,31/08/2026,5114768,613679,2108,846,Edolo Pantano d`Avio,BS,Edolo,10.472817754713768,46.17700021632664
8020,Altezza Neve,4,cm,01/05/1993,,31/08/2026,5114768,613679,2108,846,Edolo Pantano d`Avio,BS,Edolo,10.472817754713768,46.17700021632664
8021,Precipitazione,2,mm,01/05/1993,,31/08/2026,5114768,613679,2108,846,Edolo Pantano d`Avio,BS,Edolo,10.472817754713768,46.17700021632664
8024,Altezza Neve,4,cm,27/09/1993,,31/08/2026,5098634,561423,1954,847,Carona Carisole,BG,Carona,9.793799590056658,46.03852339400269
8025,Precipitazione,2,mm,01/07/1993,,31/08/2026,5098634,561423,1954,847,Carona Carisole,BG,Carona,9.793799590056658,46.03852339400269
8027,Temperatura,3,°C,11/09/1993,,31/08/2026,5147768,591251,2660,848,Livigno La Vallaccia,SO,Livigno,10.188728513795844,46.47730494291885
8028,Altezza Neve,4,cm,13/09/1993,,31/08/2026,5147768,591251,2660,848,Livigno La Vallaccia,SO,Livigno,10.188728513795844,46.47730494291885
8029,Precipitazione,2,mm,11/09/1993,,31/08/2026,5147768,591251,2660,848,Livigno La Vallaccia,SO,Livigno,10.188728513795844,46.47730494291885
8030,Umidità Relativa,11,%,11/09/1993,,31/08/2026,5147768,591251,2660,848,Livigno La Vallaccia,SO,Livigno,10.188728513795844,46.47730494291885
8034,Livello Idrometrico,1,cm,27/03/2024,,31/08/2026,5074085,477917,238,1977,Biandronno Virginia,VA,Biandronno,8.715729467777525,45.81997424709652
8037,Livello Idrometrico,1,cm,14/02/2024,01/01/2025,31/08/2026,5070670,573429,338,1978,Ranzanico Porto,BG,Ranzanico,9.944659779541063,45.78568541333312
8040,Livello Idrometrico,1,cm,02/02/2024,01/01/2025,31/08/2026,5109391,528642,202,1979,Colico Porto,LC,Colico,9.370816909841267,46.13749373095822
8043,Livello Idrometrico,1,cm,02/02/2024,01/01/2025,31/08/2026,5071789,527546,226,1980,Oggiono Lungolago,LC,Oggiono,9.354462427437763,45.799112566622796
8092,Temperatura,3,°C,01/01/1992,,31/08/2026,5126972,568128,2151,832,Lanzada Palù,SO,Lanzada,9.884519789844573,46.29290281846689
8093,Altezza Neve,4,cm,01/01/1992,,31/08/2026,5126972,568128,2151,832,Lanzada Palù,SO,Lanzada,9.884519789844573,46.29290281846689
8094,Precipitazione,2,mm,01/01/1992,,31/08/2026,5126972,568128,2151,832,Lanzada Palù,SO,Lanzada,9.884519789844573,46.29290281846689
8095,Precipitazione,2,mm,01/01/1998,,31/08/2026,5099046,558502,1682,912,Foppolo ,BG,Foppolo,9.756104062898842,46.042487120877695
8096,Temperatura,3,°C,01/01/1998,,31/08/2026,5099046,558502,1682,912,Foppolo ,BG,Foppolo,9.756104062898842,46.042487120877695
8097,Precipitazione,2,mm,01/01/1998,,31/08/2026,5091256,541747,982,822,Valtorta ,BG,Valtorta,9.538885913106629,45.97360504521213
8098,Precipitazione,2,mm,01/01/1998,,31/08/2026,5088280,552145,510,823,Piazza Brembana vivaio,BG,Piazza Brembana,9.672774505299326,45.94610999785497
8099,Livello Idrometrico,1,cm,01/01/1998,01/01/2025,31/08/2026,4994306,527217,64,815,Arena Po Spessa,PV,Arena Po,9.34593888358096,45.101697434440524
8101,Livello Idrometrico,1,cm,01/01/1998,01/01/2025,31/08/2026,4989487,638276,18,849,Borgoforte SS 12,MN,Borgoforte,10.755816426144094,45.045342691775716
8103,Precipitazione,2,mm,01/01/1998,,04/06/2025,5064493,616659,1147,851,Treviso Bresciano Cavacca,BS,Treviso Bresciano,10.499165086906505,45.72415647275609
8104,Temperatura,3,°C,01/01/1998,,04/06/2025,5064493,616659,1147,851,Treviso Bresciano Cavacca,BS,Treviso Bresciano,10.499165086906505,45.72415647275609
8105,Livello Idrometrico,1,cm,01/01/1998,01/01/2025,31/08/2026,5065629,612858,370,852,Lavenone Galleria Agricoltori - fiume,BS,Lavenone,10.450599772169342,45.73500849349334
8107,Livello Idrometrico,1,cm,01/01/1998,01/01/2025,31/08/2026,5065945,613772,388,853,Idro SS 237,BS,Idro,10.462418090319147,45.737702064455966
8110,Livello Idrometrico,1,cm,01/01/1998,01/01/2025,31/08/2026,5049767,612402,205,826,Gavardo SP 116,BS,Gavardo,10.441073226956336,45.592356188768825
8111,Precipitazione,2,mm,01/01/1998,,31/08/2026,5110833,531836,199,818,Gera Lario Fuentes,CO,Gera Lario,9.412264225343167,46.15032994534415
8112,Livello Idrometrico,1,cm,01/01/1998,01/01/2025,31/08/2026,5110833,531836,199,818,Gera Lario Fuentes,CO,Gera Lario,9.412264225343167,46.15032994534415
8114,Livello Idrometrico,1,cm,24/07/1998,01/01/2025,31/08/2026,5018523,539869,64,862,Lodi v. X Maggio,LO,Lodi,9.508684924064573,45.31908017313698
8115,Precipitazione,2,mm,24/07/1998,,26/03/2013,5069163,489791,276,863,Lozza Ponte Vedano,VA,Lozza,8.868684818029276,45.77595113063728
8116,Temperatura,3,°C,24/07/1998,,26/03/2013,5069163,489791,276,863,Lozza Ponte Vedano,VA,Lozza,8.868684818029276,45.77595113063728
8118,Livello Idrometrico,1,cm,24/07/1998,01/01/2025,31/08/2026,5050408,492783,206,864,Castellanza C.so G. Matteotti,VA,Castellanza,8.907448770265425,45.60717848726405
8119,Livello Idrometrico,1,cm,24/07/1998,01/01/2025,31/08/2026,5062780,507811,244,865,Cantù Asnago,CO,Cantù,9.100367495780839,45.71853075333279
8120,Livello Idrometrico,1,cm,24/07/1998,01/01/2025,31/08/2026,5053559,523312,180,868,Lesmo Peregallo,MB,Lesmo,9.299103363640635,45.635186403441935
8121,Livello Idrometrico,1,cm,24/07/1998,01/01/2025,31/08/2026,5047708,512402,168,866,Paderno Dugnano Palazzolo,MI,Paderno Dugnano,9.158975133893657,45.58280270110384
8122,Precipitazione,2,mm,24/07/1998,,31/08/2026,5075784,518046,427,867,Caslino d'Erba v. 4 novembre,CO,Caslino d'Erba,9.232367048211184,45.8353836383799
8123,Temperatura,3,°C,24/07/1998,,31/08/2026,5075784,518046,427,867,Caslino d'Erba v. 4 novembre,CO,Caslino d'Erba,9.232367048211184,45.8353836383799
8124,Livello Idrometrico,1,cm,24/07/1998,01/01/2025,31/08/2026,5075784,518046,427,867,Caslino d'Erba v. 4 novembre,CO,Caslino d'Erba,9.232367048211184,45.8353836383799
8125,Livello Idrometrico,1,cm,24/07/1998,01/01/2025,31/08/2026,5037597,519436,127,869,Milano v.Feltre,MI,Milano,9.248738238564405,45.491632615847095
8126,Precipitazione,2,mm,24/07/1998,,23/08/2011,5062019,545719,260,872,Brembate di Sopra Ponte Briolo,BG,Brembate di Sopra,9.587379701942846,45.71021531325402
8127,Temperatura,3,°C,24/07/1998,,23/08/2011,5062019,545719,260,872,Brembate di Sopra Ponte Briolo,BG,Brembate di Sopra,9.587379701942846,45.71021531325402
8128,Livello Idrometrico,1,cm,24/07/1998,01/01/2025,31/08/2026,5062019,545719,260,872,Brembate di Sopra Ponte Briolo,BG,Brembate di Sopra,9.587379701942846,45.71021531325402
8129,Livello Idrometrico,1,cm,18/04/2001,01/01/2025,31/08/2026,4986960,485996,84,891,ISOLA S.ANTONIO SS 211,AL,ISOLA S.ANTONIO,8.822207521772958,45.03595562069347
8131,Precipitazione,2,mm,21/11/2001,,16/11/2011,5113810,603547,623,888,Sonico centrale Edolo,BS,Sonico,10.34137689670214,46.16999622530692
8133,Temperatura,3,°C,21/11/2001,,31/08/2026,5093242,597570,994,819,Lozio ,BS,Lozio,10.259749527330397,45.98580688267164
8134,Temperatura,3,°C,21/11/2001,,31/08/2026,5074267,589881,842,820,Pisogne ,BS,Pisogne,10.156944059527053,45.81610845412099
8135,Precipitazione,2,mm,12/04/2001,,31/08/2026,5057377,574538,197,874,Sarnico v. Roma,BG,Sarnico,9.956880147526103,45.665935972559275
8136,Temperatura,3,°C,12/04/2001,,31/08/2026,5057377,574538,197,874,Sarnico v. Roma,BG,Sarnico,9.956880147526103,45.665935972559275
8137,Precipitazione,2,mm,06/06/2001,,13/11/2012,5081485,612286,1226,875,Bagolino Valle Dorizzo,BS,Bagolino,10.446939834207202,45.87777044716358
8138,Temperatura,3,°C,06/06/2001,,14/11/2012,5081485,612286,1226,875,Bagolino Valle Dorizzo,BS,Bagolino,10.446939834207202,45.87777044716358
8139,Precipitazione,2,mm,01/02/2001,,31/08/2026,5051536,603100,428,876,Caino ,BS,Caino,10.32222236530368,45.60971669992351
8140,Temperatura,3,°C,01/02/2001,,31/08/2026,5051536,603100,428,876,Caino ,BS,Caino,10.32222236530368,45.60971669992351
8141,Livello Idrometrico,1,cm,06/06/2001,01/01/2025,31/08/2026,5070534,598195,572,877,Bovegno ponte Zigole,BS,Bovegno,10.26317691605503,45.78138358114118
8143,Livello Idrometrico,1,cm,01/02/2001,01/01/2025,31/08/2026,5055325,571386,178,879,Capriolo SP12,BS,Capriolo,9.91612052765177,45.647800245862484
8145,Temperatura,3,°C,21/11/2001,,31/08/2026,5063070,555269,311,889,Torre Boldone ,BG,Torre Boldone,9.710185460542066,45.718977777631856
8146,Temperatura,3,°C,21/11/2001,,21/07/2015,5081860,573452,591,824,Clusone Campo Sportivo,BG,Clusone,9.94666179476367,45.88638598065141
8147,Livello Idrometrico,1,cm,06/07/2000,01/01/2025,31/08/2026,5014643,555776,63,882,Montodine ponte   ,CR,Montodine,9.711190638012347,45.28307307128907
8148,Livello Idrometrico,1,cm,17/10/2001,01/01/2025,31/08/2026,5067757,519381,248,883,Costa Masnaga Lambrugo,LC,Costa Masnaga,9.249234526547655,45.76309975911716
8149,Precipitazione,2,mm,28/06/2006,,02/04/2012,5037078,515100,122,890,Milano v.Confalonieri,MI,Milano,9.193231322776594,45.487068399201235
8150,Precipitazione,2,mm,06/07/2000,,31/08/2026,5083338,480047,294,884,Cuveglio ,VA,Cuveglio,8.742764505384601,45.90332054443345
8151,Temperatura,3,°C,06/07/2000,,31/08/2026,5083338,480047,294,884,Cuveglio ,VA,Cuveglio,8.742764505384601,45.90332054443345
8152,Precipitazione,2,mm,05/07/2000,,31/08/2026,5076955,491501,383,885,Arcisate ,VA,Arcisate,8.890542676800228,45.846107177991485
8154,Livello Idrometrico,1,cm,20/01/2000,01/01/2025,31/08/2026,4987208,680433,10,816,Sermide e Felonica SP 91,MN,Sermide e Felonica,11.289925972511758,45.015363087250606
8155,Precipitazione,2,mm,04/05/2000,,31/08/2026,5003026,511523,71,817,Pavia SS 35,PV,Pavia,9.146664116232387,45.18062204522981
8157,Temperatura,3,°C,04/05/2000,,31/08/2026,5003026,511523,71,817,Pavia SS 35,PV,Pavia,9.146664116232387,45.18062204522981
8158,Livello Idrometrico,1,cm,01/02/2001,01/01/2025,31/08/2026,4997693,578223,40,887,Cremona SP 10,CR,Cremona,9.994708945906215,45.1283783323866
8160,Precipitazione,2,mm,21/11/2001,,21/07/2015,5081860,573452,591,824,Clusone Campo Sportivo,BG,Clusone,9.94666179476367,45.88638598065141
8161,Precipitazione,2,mm,21/11/2001,,31/08/2026,5063070,555269,311,889,Torre Boldone ,BG,Torre Boldone,9.710185460542066,45.718977777631856
8162,Temperatura,3,°C,05/07/2000,,31/08/2026,5037597,519436,127,869,Milano v.Feltre,MI,Milano,9.248738238564405,45.491632615847095
8163,Precipitazione,2,mm,05/07/2000,,31/08/2026,5094539,480079,205,859,Luino v. Piero Chiara,VA,Luino,8.742710955387334,46.00413413498495
8164,Temperatura,3,°C,05/07/2000,,31/08/2026,5094539,480079,205,859,Luino v. Piero Chiara,VA,Luino,8.742710955387334,46.00413413498495
8165,Precipitazione,2,mm,05/07/2000,,31/08/2026,5074079,506207,200,870,Como viale Geno ,CO,Como,9.079901987704098,45.82024591634832
8166,Temperatura,3,°C,05/07/2000,,31/08/2026,5074079,506207,200,870,Como viale Geno ,CO,Como,9.079901987704098,45.82024591634832
8167,Precipitazione,2,mm,05/07/2000,,31/08/2026,5068671,466871,202,860,Angera v.le Repubblica,VA,Angera,8.573911118839236,45.77080375801387
8168,Temperatura,3,°C,05/07/2000,,31/08/2026,5076955,491501,383,885,Arcisate ,VA,Arcisate,8.890542676800228,45.846107177991485
8169,Precipitazione,2,mm,21/11/2001,,31/08/2026,5074267,589881,842,820,Pisogne ,BS,Pisogne,10.156944059527053,45.81610845412099
8170,Precipitazione,2,mm,21/11/2001,,31/08/2026,5093242,597570,994,819,Lozio ,BS,Lozio,10.259749527330397,45.98580688267164
8171,Precipitazione,2,mm,31/12/2001,,31/08/2026,5092134,585424,746,821,Azzone Dezzo di Scalve,BG,Azzone,10.102763140849047,45.97745722373942
8172,Precipitazione,2,mm,06/06/2001,,31/08/2026,5070534,598195,572,877,Bovegno ponte Zigole,BS,Bovegno,10.26317691605503,45.78138358114118
8173,Precipitazione,2,mm,18/06/2003,,31/08/2026,5103920,606529,1128,905,Cevo ,BS,Cevo,10.377774775825348,46.080550839808694
8174,Precipitazione,2,mm,01/01/2003,,22/03/2017,5088803,599748,501,909,Bienno ,BS,Bienno,10.286937690344748,45.94555081705355
8176,Precipitazione,2,mm,16/01/2000,,26/11/2018,4996705,484222,95,894,Lomello SS 211,PV,Lomello,8.799378489202807,45.12364034937319
8178,Temperatura,3,°C,16/01/2000,,26/11/2018,4996705,484222,95,894,Lomello SS 211,PV,Lomello,8.799378489202807,45.12364034937319
8179,Precipitazione,2,mm,01/01/2000,,31/08/2026,5027680,569678,87,895,Soncino v. Brescia,CR,Soncino,9.890270621567002,45.39916876115649
8180,Temperatura,3,°C,01/01/2000,,31/08/2026,5027680,569678,87,895,Soncino v. Brescia,CR,Soncino,9.890270621567002,45.39916876115649
8181,Livello Idrometrico,1,cm,05/03/2003,01/01/2025,31/08/2026,5027680,569678,87,895,Soncino v. Brescia,CR,Soncino,9.890270621567002,45.39916876115649
8182,Precipitazione,2,mm,01/01/2003,,04/08/2011,5036665,609910,145,854,Calcinato Ponte S.Marco,BS,Calcinato,10.406191998272181,45.474858176059755
8184,Temperatura,3,°C,01/01/2003,,22/03/2017,5088803,599748,501,909,Bienno ,BS,Bienno,10.286937690344748,45.94555081705355
8185,Precipitazione,2,mm,01/01/2003,,13/12/2015,5080335,589760,205,878,Darfo Boario Terme SS 42,BS,Darfo Boario Terme,10.156517904580724,45.87072867351917
8186,Temperatura,3,°C,01/01/2003,,13/12/2015,5080335,589760,205,878,Darfo Boario Terme SS 42,BS,Darfo Boario Terme,10.156517904580724,45.87072867351917
8187,Temperatura,3,°C,18/06/2003,,31/08/2026,5103920,606529,1128,905,Cevo ,BS,Cevo,10.377774775825348,46.080550839808694
8188,Precipitazione,2,mm,04/03/2003,,31/08/2026,5022780,552590,103,901,Crema v.Camporelle,CR,Crema,9.671433867152457,45.356558325776945
8189,Temperatura,3,°C,04/03/2003,,31/08/2026,5022780,552590,103,901,Crema v.Camporelle,CR,Crema,9.671433867152457,45.356558325776945
8190,Precipitazione,2,mm,04/03/2003,,31/08/2026,4981871,501379,95,908,Voghera v. Cambiaso,PV,Voghera,9.017493646716858,44.99028196973641
8191,Temperatura,3,°C,04/03/2003,,31/08/2026,4981871,501379,95,908,Voghera v. Cambiaso,PV,Voghera,9.017493646716858,44.99028196973641
8192,Livello Idrometrico,1,cm,04/03/2003,01/01/2025,31/08/2026,4981871,501379,95,908,Voghera v. Cambiaso,PV,Voghera,9.017493646716858,44.99028196973641
8193,Precipitazione,2,mm,18/02/2003,,31/08/2026,5018523,539869,64,862,Lodi v. X Maggio,LO,Lodi,9.508684924064573,45.31908017313698
8195,Precipitazione,2,mm,18/02/2003,,31/08/2026,5020886,490573,94,886,Vigevano SS494,PV,Vigevano,8.87967449122778,45.341419871968164
8196,Temperatura,3,°C,18/02/2003,,31/08/2026,5020886,490573,94,886,Vigevano SS494,PV,Vigevano,8.87967449122778,45.341419871968164
8197,Precipitazione,2,mm,06/03/2003,,31/08/2026,5067627,519009,273,911,Lambrugo ,CO,Lambrugo,9.24444563946468,45.761940011123684
8198,Temperatura,3,°C,06/03/2003,,31/08/2026,5067627,519009,273,911,Lambrugo ,CO,Lambrugo,9.24444563946468,45.761940011123684
8199,Precipitazione,2,mm,29/04/2003,,31/08/2026,5062780,507811,244,865,Cantù Asnago,CO,Cantù,9.100367495780839,45.71853075333279
8200,Temperatura,3,°C,29/04/2003,,31/08/2026,5062780,507811,244,865,Cantù Asnago,CO,Cantù,9.100367495780839,45.71853075333279
8201,Precipitazione,2,mm,01/01/2003,,31/08/2026,4957210,518916,575,858,Santa Margherita di Staffora Casanova,PV,Santa Margherita di Staffora,9.239041605384289,44.768031908915574
8202,Temperatura,3,°C,01/01/2003,,31/08/2026,4957210,518916,575,858,Santa Margherita di Staffora Casanova,PV,Santa Margherita di Staffora,9.239041605384289,44.768031908915574
8206,Precipitazione,2,mm,12/03/2003,,19/11/2018,5008025,611167,41,906,Asola Sorbara ,MN,Asola,10.415828743701603,45.21693876694644
8207,Temperatura,3,°C,12/03/2003,,19/11/2018,5008025,611167,41,906,Asola Sorbara ,MN,Asola,10.415828743701603,45.21693876694644
8208,Precipitazione,2,mm,09/04/2003,,31/08/2026,5023553,589720,60,910,Manerbio v.Dante,BS,Manerbio,10.145549670495472,45.35974500391733
8209,Temperatura,3,°C,09/04/2003,,31/08/2026,5023553,589720,60,910,Manerbio v.Dante,BS,Manerbio,10.145549670495472,45.35974500391733
8210,Livello Idrometrico,1,cm,09/04/2003,01/01/2025,31/08/2026,5023553,589720,60,910,Manerbio v.Dante,BS,Manerbio,10.145549670495472,45.35974500391733
8211,Precipitazione,2,mm,12/03/2003,,31/08/2026,5056428,505172,247,903,Misinto ,MB,Misinto,9.066390001669994,45.66138224430015
8212,Temperatura,3,°C,12/03/2003,,31/08/2026,5056428,505172,247,903,Misinto ,MB,Misinto,9.066390001669994,45.66138224430015
8213,Precipitazione,2,mm,13/03/2003,,09/05/2018,5083557,520640,625,902,Barni ,CO,Barni,9.266101669660507,45.90527135174873
8214,Temperatura,3,°C,13/03/2003,,09/05/2018,5083557,520640,625,902,Barni ,CO,Barni,9.266101669660507,45.90527135174873
8215,Precipitazione,2,mm,11/03/2003,,22/11/2018,5025628,618385,109,899,Castiglione delle Stiviere ,MN,Castiglione delle Stiviere,10.511930773425927,45.37415993773997
8216,Temperatura,3,°C,11/03/2003,,22/11/2018,5025628,618385,109,899,Castiglione delle Stiviere ,MN,Castiglione delle Stiviere,10.511930773425927,45.37415993773997
8217,Precipitazione,2,mm,09/04/2003,,15/03/2012,5073980,606852,960,896,Collio S.Colombano,BS,Collio,10.37527186029856,45.811105655986104
8218,Temperatura,3,°C,09/04/2003,,15/03/2012,5073980,606852,960,896,Collio S.Colombano,BS,Collio,10.37527186029856,45.811105655986104
8219,Precipitazione,2,mm,26/03/2003,,31/08/2026,5052553,486271,242,897,Busto Arsizio v.Rossini,VA,Busto Arsizio,8.823878375134534,45.62638725746318
8220,Temperatura,3,°C,26/03/2003,,31/08/2026,5052553,486271,242,897,Busto Arsizio v.Rossini,VA,Busto Arsizio,8.823878375134534,45.62638725746318
8221,Precipitazione,2,mm,26/03/2003,,31/08/2026,5001193,556652,68,898,Codogno Ist.Tosi,LO,Codogno,9.720827965954408,45.161941410765486
8222,Precipitazione,2,mm,10/07/2003,,31/08/2026,4987208,680433,10,816,Sermide e Felonica SP 91,MN,Sermide e Felonica,11.289925972511758,45.015363087250606
8223,Temperatura,3,°C,10/07/2003,,31/08/2026,4987208,680433,10,816,Sermide e Felonica SP 91,MN,Sermide e Felonica,11.289925972511758,45.015363087250606
8224,Precipitazione,2,mm,01/07/2003,,31/08/2026,5027985,633560,62,873,Ponti sul Mincio Monzambano ,MN,Ponti sul Mincio,10.70629184040366,45.39263734882246
8225,Temperatura,3,°C,01/07/2003,,31/08/2026,5027985,633560,62,873,Ponti sul Mincio Monzambano ,MN,Ponti sul Mincio,10.70629184040366,45.39263734882246
8226,Precipitazione,2,mm,20/06/2003,,31/08/2026,5103599,600282,816,904,Paisco Loveno ,BS,Paisco Loveno,10.296934209142284,46.07860776077552
8227,Temperatura,3,°C,20/06/2003,,31/08/2026,5103599,600282,816,904,Paisco Loveno ,BS,Paisco Loveno,10.296934209142284,46.07860776077552
8228,Precipitazione,2,mm,27/08/2003,,31/08/2026,5075452,486300,416,907,Varese v.Appiani,VA,Varese,8.82360280425595,45.83249554702284
8229,Temperatura,3,°C,27/08/2003,,31/08/2026,5075452,486300,416,907,Varese v.Appiani,VA,Varese,8.82360280425595,45.83249554702284
8230,Precipitazione,2,mm,20/06/2003,,31/08/2026,5041392,573236,140,900,Chiari ,BS,Chiari,9.937768713461837,45.52221331600641
8380,Livello Idrometrico,1,cm,24/07/1998,01/01/2025,31/08/2026,5094539,480079,205,859,Luino v. Piero Chiara,VA,Luino,8.742710955387334,46.00413413498495
8382,Livello Idrometrico,1,cm,24/07/1998,01/01/2025,31/08/2026,5074079,506207,200,870,Como viale Geno ,CO,Como,9.079901987704098,45.82024591634832
8383,Livello Idrometrico,1,cm,24/07/1998,01/01/2025,31/08/2026,5070743,533433,198,871,Olginate S.Maria Lavello,LC,Olginate,9.43014204753969,45.78943801903241
8384,Livello Idrometrico,1,cm,01/02/2001,01/01/2025,31/08/2026,5027985,633560,62,873,Ponti sul Mincio Monzambano ,MN,Ponti sul Mincio,10.70629184040366,45.39263734882246
8385,Livello Idrometrico,1,cm,12/04/2001,01/01/2025,31/08/2026,5057377,574538,197,874,Sarnico v. Roma,BG,Sarnico,9.956880147526103,45.665935972559275
8386,Livello Idrometrico,1,cm,29/07/2002,01/01/2025,31/08/2026,5078101,529084,222,880,Valmadrera Malgrate,LC,Valmadrera,9.374633937871415,45.85586014009536
8394,Livello Idrometrico,1,cm,01/02/2001,01/01/2025,31/08/2026,5003947,561219,47,916,Pizzighettone ponte Trento e Trieste,CR,Pizzighettone,9.779270324495075,45.18634814280189
8546,Livello Idrometrico,1,cm,18/04/2001,01/01/2025,31/08/2026,5003026,511523,69,817,Pavia SS 35,PV,Pavia,9.146664116232387,45.18062204522981
8583,Precipitazione,2,mm,23/06/1999,,31/08/2026,5084222,471939,950,999,Laveno-Mombello Poggio S.Elsa,VA,Laveno-Mombello,8.638185708619844,45.91099372062272
8584,Temperatura,3,°C,23/06/1999,,31/08/2026,5084222,471939,950,999,Laveno-Mombello Poggio S.Elsa,VA,Laveno-Mombello,8.638185708619844,45.91099372062272
8585,Umidità Relativa,11,%,23/06/1999,,31/08/2026,5084222,471939,950,999,Laveno-Mombello Poggio S.Elsa,VA,Laveno-Mombello,8.638185708619844,45.91099372062272
8587,Precipitazione,2,mm,24/06/1999,,31/08/2026,5084109,470425,207,998,Laveno-Mombello p.zza Matteotti,VA,Laveno-Mombello,8.618671812564196,45.909913214564696
8588,Temperatura,3,°C,24/06/1999,,31/08/2026,5084109,470425,207,998,Laveno-Mombello p.zza Matteotti,VA,Laveno-Mombello,8.618671812564196,45.909913214564696
8692,Precipitazione,2,mm,07/02/2006,,24/11/2014,5047708,512402,168,866,Paderno Dugnano Palazzolo,MI,Paderno Dugnano,9.158975133893657,45.58280270110384
9001,Temperatura,3,°C,01/01/2004,,31/08/2026,5070741,572525,486,1210,Ranzanico ,BG,Ranzanico,9.933042100771777,45.78641993251091
9002,Temperatura,3,°C,01/01/2004,,31/08/2026,5066146,486058,379,1211,Castronno ,VA,Castronno,8.820755588702655,45.74873081659228
9003,Temperatura,3,°C,01/01/2004,,31/08/2026,5086648,582441,1180,1212,Castione della Presolana ,BG,Castione della Presolana,10.063316938048855,45.92845451544747
9004,Temperatura,3,°C,01/01/2004,,01/08/2012,5095844,551256,988,1213,Mezzoldo Ronchi,BG,Mezzoldo,9.662116372820215,46.014251239166796
9005,Temperatura,3,°C,01/01/2004,,16/01/2012,5082095,559545,1084,1214,Oltre il Colle Acquedotto,BG,Oltre il Colle,9.76747331563812,45.889845151140456
9006,Temperatura,3,°C,01/01/2004,,23/09/2012,5095451,588221,1096,1217,Schilpario ,BG,Schilpario,10.139475771081663,46.006951416307366
9007,Temperatura,3,°C,01/01/2004,,10/11/2012,5082304,543960,763,1215,Taleggio ,BG,Taleggio,9.566629647707721,45.89289870229435
9008,Temperatura,3,°C,01/12/2000,,31/08/2026,5101745,580327,1784,1216,Valbondione ,BG,Valbondione,10.038594068994966,46.06456092734479
9009,Temperatura,3,°C,01/01/2004,,06/06/2013,5060559,592390,338,1227,Sarezzo Gardone,BS,Sarezzo,10.186615288843488,45.69242141982882
9010,Temperatura,3,°C,04/10/2011,,31/08/2026,5070400,563860,361,1235,Cene Ponte,BG,Cene,9.821533201834967,45.78420692093251
9011,Temperatura,3,°C,09/01/2004,,31/08/2026,5134157,524616,2064,1230,San Giacomo Filippo Lago Truzzo,SO,San Giacomo Filippo,9.319988243019054,46.36054023693675
9012,Temperatura,3,°C,01/01/2004,,31/08/2026,5121068,548737,943,1238,Val Masino S.Martino,SO,Val Masino,9.632170040598355,46.2414409171984
9013,Temperatura,3,°C,01/01/2004,,31/08/2026,5127374,617932,1640,1220,Ponte di Legno Case Pirli,BS,Ponte di Legno,10.531051102498203,46.289690349679546
9014,Temperatura,3,°C,11/10/2004,,31/08/2026,5122690,600885,1728,1237,Monno ,BS,Monno,10.30879856689763,46.250294873569835
9015,Temperatura,3,°C,01/01/2004,,31/08/2026,5095336,573386,738,1229,Gandellino Grabiasca,BG,Gandellino,9.947876230335245,46.007666208418236
9016,Temperatura,3,°C,01/01/2004,,31/08/2026,5094947,529451,456,1224,Cortenova ,LC,Cortenova,9.380396323644787,46.00746283106389
9017,Temperatura,3,°C,01/01/2004,,31/08/2026,5069985,523872,278,1205,Molteno Cimitero,LC,Molteno,9.30709688159319,45.783012464197284
9018,Temperatura,3,°C,01/01/2004,,19/06/2014,5100122,531422,725,1225,Premana Diga di Pagnona,LC,Premana,9.406194660858885,46.05395062507333
9019,Temperatura,3,°C,01/01/2004,,31/08/2026,4975743,521751,455,1201,Canevino ,PV,Canevino,9.275661821158844,44.93478645163805
9020,Temperatura,3,°C,09/04/2004,,31/08/2026,5104225,508568,1100,1222,Cavargna ,CO,Cavargna,9.11083441107766,46.091546605277884
9021,Temperatura,3,°C,01/01/2004,,31/08/2026,5058312,530261,234,1234,Osnago ,LC,Osnago,9.388556066735124,45.67769842394154
9022,Temperatura,3,°C,08/01/2004,,13/12/2012,5098356,510910,304,1236,Porlezza Ponte Cuccio,CO,Porlezza,9.140995561800324,46.03869095711774
9023,Temperatura,3,°C,01/01/2004,,18/04/2012,5090577,489263,279,1232,Lavena Ponte Tresa depuratore,VA,Lavena Ponte Tresa,8.861415127388735,45.968680264052644
9024,Temperatura,3,°C,18/02/2004,,31/08/2026,5073453,567252,502,1221,Casnigo Campo Sportivo,BG,Casnigo,9.865590362771272,45.81136074272296
9025,Temperatura,3,°C,11/03/2004,,31/08/2026,5013581,630514,30,1228,Goito ,MN,Goito,10.663595357934799,45.263610545791536
9026,Temperatura,3,°C,01/01/2004,,31/08/2026,5061268,499092,296,1233,Lurago Marinone ,CO,Lurago Marinone,8.988335470497079,45.70496503253157
9027,Temperatura,3,°C,01/01/2004,,31/08/2026,5059567,485026,274,1206,Cavaria con Premezzo v. Cantalupa,VA,Cavaria con Premezzo,8.80769106818187,45.6894933756655
9029,Temperatura,3,°C,18/02/2004,,19/03/2013,5077078,551734,350,1239,San Pellegrino Terme P.za Alighieri,BG,San Pellegrino Terme,9.666265347452946,45.845324223955345
9030,Temperatura,3,°C,01/01/2004,,31/08/2026,5088917,566917,1002,1218,Ardesio Valcanale,BG,Ardesio,9.863432295634508,45.950561773272774
9031,Temperatura,3,°C,15/01/2005,,31/08/2026,5011836,575599,56,1219,Casalbuttano ed Uniti ,CR,Casalbuttano ed Uniti,9.963491700506637,45.25595602118004
9033,Temperatura,3,°C,01/01/2004,,19/06/2014,5071532,498419,382,1208,Olgiate Comasco casa Cantalupo,CO,Olgiate Comasco,8.979656309104348,45.797347394032236
9034,Temperatura,3,°C,02/01/2004,,31/08/2026,5076380,539709,674,1209,Rota d'Imagna ,BG,Rota d'Imagna,9.511348909109044,45.83984009596858
9035,Altezza Neve,4,cm,01/01/2004,,02/05/2017,5086648,582441,1180,1212,Castione della Presolana ,BG,Castione della Presolana,10.063316938048855,45.92845451544747
9036,Altezza Neve,4,cm,01/01/2004,,01/08/2012,5095844,551256,988,1213,Mezzoldo Ronchi,BG,Mezzoldo,9.662116372820215,46.014251239166796
9037,Altezza Neve,4,cm,28/10/2012,,31/08/2026,5082261,561209,1138,1077,Oltre il Colle Zambla,BG,Oltre il Colle,9.788939674669368,45.89119304590421
9038,Altezza Neve,4,cm,01/01/2004,,23/09/2012,5095451,588221,1096,1217,Schilpario ,BG,Schilpario,10.139475771081663,46.006951416307366
9039,Altezza Neve,4,cm,01/01/2004,,10/11/2012,5082304,543960,763,1215,Taleggio ,BG,Taleggio,9.566629647707721,45.89289870229435
9040,Altezza Neve,4,cm,01/01/2004,,30/08/2026,5101745,580327,1784,1216,Valbondione ,BG,Valbondione,10.038594068994966,46.06456092734479
9041,Altezza Neve,4,cm,09/01/2004,,31/08/2026,5134157,524616,2064,1230,San Giacomo Filippo Lago Truzzo,SO,San Giacomo Filippo,9.319988243019054,46.36054023693675
9042,Altezza Neve,4,cm,01/01/2004,,31/08/2026,5127374,617932,1640,1220,Ponte di Legno Case Pirli,BS,Ponte di Legno,10.531051102498203,46.289690349679546
9043,Altezza Neve,4,cm,15/10/2004,,31/08/2026,5122690,600885,1728,1237,Monno ,BS,Monno,10.30879856689763,46.250294873569835
9044,Altezza Neve,4,cm,09/04/2004,,31/08/2026,5104225,508568,1100,1222,Cavargna ,CO,Cavargna,9.11083441107766,46.091546605277884
9076,Direzione Vento,10,°,01/01/2004,,31/08/2026,5066146,486058,379,1211,Castronno ,VA,Castronno,8.820755588702655,45.74873081659228
9077,Direzione Vento,10,°,15/01/2005,,31/08/2026,5114304,525058,980,1202,Vercana ,CO,Vercana,9.32467702912657,46.18185157301386
9079,Livello Idrometrico,1,cm,01/01/2004,01/01/2025,31/08/2026,5082983,551079,450,1203,Camerata Cornello via Orbrembo 37,BG,Camerata Cornello,9.65845769032944,45.89851781566668
9082,Livello Idrometrico,1,cm,04/10/2011,01/01/2025,31/08/2026,5070400,563860,361,1235,Cene Ponte,BG,Cene,9.821533201834967,45.78420692093251
9083,Livello Idrometrico,1,cm,01/01/2004,01/01/2025,31/08/2026,5095336,573386,738,1229,Gandellino Grabiasca,BG,Gandellino,9.947876230335245,46.007666208418236
9084,Livello Idrometrico,1,cm,01/01/2004,01/01/2025,31/08/2026,5069985,523872,278,1205,Molteno Cimitero,LC,Molteno,9.30709688159319,45.783012464197284
9086,Livello Idrometrico,1,cm,08/01/2004,,14/12/2010,5098356,510910,304,1236,Porlezza Ponte Cuccio,CO,Porlezza,9.140995561800324,46.03869095711774
9087,Livello Idrometrico,1,cm,20/07/2004,01/01/2025,31/08/2026,5059567,485026,274,1206,Cavaria con Premezzo v. Cantalupa,VA,Cavaria con Premezzo,8.80769106818187,45.6894933756655
9090,Precipitazione,2,mm,01/01/2004,,31/08/2026,5070741,572525,486,1210,Ranzanico ,BG,Ranzanico,9.933042100771777,45.78641993251091
9091,Precipitazione,2,mm,01/01/2004,,31/08/2026,5066146,486058,379,1211,Castronno ,VA,Castronno,8.820755588702655,45.74873081659228
9092,Precipitazione,2,mm,01/01/2004,,31/08/2026,5086648,582441,1180,1212,Castione della Presolana ,BG,Castione della Presolana,10.063316938048855,45.92845451544747
9093,Precipitazione,2,mm,01/01/2004,,02/08/2012,5095844,551256,988,1213,Mezzoldo Ronchi,BG,Mezzoldo,9.662116372820215,46.014251239166796
9094,Precipitazione,2,mm,01/01/2004,,17/01/2012,5082095,559545,1084,1214,Oltre il Colle Acquedotto,BG,Oltre il Colle,9.76747331563812,45.889845151140456
9095,Precipitazione,2,mm,01/01/2004,,23/09/2012,5095451,588221,1096,1217,Schilpario ,BG,Schilpario,10.139475771081663,46.006951416307366
9096,Precipitazione,2,mm,01/01/2004,,10/11/2012,5082304,543960,763,1215,Taleggio ,BG,Taleggio,9.566629647707721,45.89289870229435
9097,Precipitazione,2,mm,01/12/2000,,31/08/2026,5101745,580327,1784,1216,Valbondione ,BG,Valbondione,10.038594068994966,46.06456092734479
9098,Precipitazione,2,mm,01/01/2004,,06/06/2013,5060559,592390,338,1227,Sarezzo Gardone,BS,Sarezzo,10.186615288843488,45.69242141982882
9099,Precipitazione,2,mm,01/01/2012,,31/08/2026,5070400,563860,361,1235,Cene Ponte,BG,Cene,9.821533201834967,45.78420692093251
9100,Precipitazione,2,mm,09/01/2004,,31/08/2026,5134157,524616,2064,1230,San Giacomo Filippo Lago Truzzo,SO,San Giacomo Filippo,9.319988243019054,46.36054023693675
9101,Precipitazione,2,mm,21/02/2000,,31/08/2026,5121068,548737,943,1238,Val Masino S.Martino,SO,Val Masino,9.632170040598355,46.2414409171984
9102,Precipitazione,2,mm,01/01/2004,,31/08/2026,5127374,617932,1640,1220,Ponte di Legno Case Pirli,BS,Ponte di Legno,10.531051102498203,46.289690349679546
9103,Precipitazione,2,mm,11/10/2004,,31/08/2026,5122690,600885,1728,1237,Monno ,BS,Monno,10.30879856689763,46.250294873569835
9104,Precipitazione,2,mm,01/01/2004,,31/08/2026,5095336,573386,738,1229,Gandellino Grabiasca,BG,Gandellino,9.947876230335245,46.007666208418236
9105,Precipitazione,2,mm,01/01/2004,,31/08/2026,5094947,529451,456,1224,Cortenova ,LC,Cortenova,9.380396323644787,46.00746283106389
9106,Precipitazione,2,mm,01/01/2004,,31/08/2026,5069985,523872,278,1205,Molteno Cimitero,LC,Molteno,9.30709688159319,45.783012464197284
9107,Precipitazione,2,mm,01/01/2004,,24/02/2012,5100122,531422,725,1225,Premana Diga di Pagnona,LC,Premana,9.406194660858885,46.05395062507333
9108,Precipitazione,2,mm,01/01/2004,,31/08/2026,4975743,521751,455,1201,Canevino ,PV,Canevino,9.275661821158844,44.93478645163805
9109,Precipitazione,2,mm,09/04/2004,,31/08/2026,5104225,508568,1100,1222,Cavargna ,CO,Cavargna,9.11083441107766,46.091546605277884
9110,Precipitazione,2,mm,01/01/2004,,31/08/2026,5058312,530261,234,1234,Osnago ,LC,Osnago,9.388556066735124,45.67769842394154
9111,Precipitazione,2,mm,08/01/2004,,13/12/2012,5098356,510910,304,1236,Porlezza Ponte Cuccio,CO,Porlezza,9.140995561800324,46.03869095711774
9112,Precipitazione,2,mm,01/01/2004,,18/04/2012,5090577,489263,279,1232,Lavena Ponte Tresa depuratore,VA,Lavena Ponte Tresa,8.861415127388735,45.968680264052644
9113,Precipitazione,2,mm,18/02/2004,,31/08/2026,5073453,567252,502,1221,Casnigo Campo Sportivo,BG,Casnigo,9.865590362771272,45.81136074272296
9114,Precipitazione,2,mm,11/03/2004,,31/08/2026,5013581,630514,30,1228,Goito ,MN,Goito,10.663595357934799,45.263610545791536
9115,Precipitazione,2,mm,01/01/2004,,31/08/2026,5061268,499092,296,1233,Lurago Marinone ,CO,Lurago Marinone,8.988335470497079,45.70496503253157
9116,Precipitazione,2,mm,01/01/2004,,31/08/2026,5059567,485026,274,1206,Cavaria con Premezzo v. Cantalupa,VA,Cavaria con Premezzo,8.80769106818187,45.6894933756655
9117,Precipitazione,2,mm,01/01/2004,,31/08/2026,5114304,525058,980,1202,Vercana ,CO,Vercana,9.32467702912657,46.18185157301386
9118,Precipitazione,2,mm,18/02/2004,,19/03/2013,5077078,551734,350,1239,San Pellegrino Terme P.za Alighieri,BG,San Pellegrino Terme,9.666265347452946,45.845324223955345
9119,Precipitazione,2,mm,01/01/2004,,31/08/2026,5088917,566917,1002,1218,Ardesio Valcanale,BG,Ardesio,9.863432295634508,45.950561773272774
9120,Precipitazione,2,mm,15/01/2005,,31/08/2026,5011836,575599,56,1219,Casalbuttano ed Uniti ,CR,Casalbuttano ed Uniti,9.963491700506637,45.25595602118004
9122,Precipitazione,2,mm,01/01/2004,,21/03/2014,5071532,498419,382,1208,Olgiate Comasco casa Cantalupo,CO,Olgiate Comasco,8.979656309104348,45.797347394032236
9123,Precipitazione,2,mm,02/01/2004,,31/08/2026,5076380,539709,674,1209,Rota d'Imagna ,BG,Rota d'Imagna,9.511348909109044,45.83984009596858
9130,Umidità Relativa,11,%,19/02/2009,,23/09/2012,5095451,588221,1096,1217,Schilpario ,BG,Schilpario,10.139475771081663,46.006951416307366
9308,Precipitazione,2,mm,01/01/1999,,31/08/2026,5073499,505203,201,646,Como Villa Gallia,CO,Como,9.066971364055638,45.81503385948939
9310,Temperatura,3,°C,01/01/1999,,31/08/2026,5073499,505203,201,646,Como Villa Gallia,CO,Como,9.066971364055638,45.81503385948939
9311,Umidità Relativa,11,%,01/01/1999,,31/08/2026,5073499,505203,201,646,Como Villa Gallia,CO,Como,9.066971364055638,45.81503385948939
9312,Direzione Vento,10,°,01/01/1999,,31/08/2026,5073499,505203,201,646,Como Villa Gallia,CO,Como,9.066971364055638,45.81503385948939
9320,Direzione Vento,10,°,20/01/2004,,21/02/2007,4981793,612537,23,625,Casalmaggiore v.Volta,CR,Casalmaggiore,10.427376916159675,44.980660403842705
9321,Velocità Vento,9,m/s,20/01/2004,,21/02/2007,4981793,612537,23,625,Casalmaggiore v.Volta,CR,Casalmaggiore,10.427376916159675,44.980660403842705
9322,Precipitazione,2,mm,20/01/2004,,21/02/2007,4981793,612537,23,625,Casalmaggiore v.Volta,CR,Casalmaggiore,10.427376916159675,44.980660403842705
9325,Precipitazione,2,mm,20/01/2004,,04/04/2006,4998730,581171,61,628,Cremona p.zza Libertà,CR,Cremona,10.032359066276056,45.13737896274169
9328,Direzione Vento,10,°,20/01/2004,,31/08/2026,5023885,555127,79,629,Crema v.XI febbraio,CR,Crema,9.703945513613254,45.36630907820137
9329,Precipitazione,2,mm,20/01/2004,,31/08/2026,5023885,555127,79,629,Crema v.XI febbraio,CR,Crema,9.703945513613254,45.36630907820137
9331,Velocità Vento,9,m/s,20/01/2004,,31/08/2026,5023885,555127,79,629,Crema v.XI febbraio,CR,Crema,9.703945513613254,45.36630907820137
9334,Velocità Vento,9,m/s,16/05/2004,,03/08/2015,5020197,533381,80,635,Tavazzano con Villavesco Enel,LO,Tavazzano con Villavesco,9.426020580921705,45.33448678693725
9341,Precipitazione,2,mm,22/11/2004,,31/08/2026,5035847,511082,122,503,Milano P.zza Zavattari,MI,Milano,9.141786267186678,45.47606340510506
9380,Umidità Relativa,11,%,16/12/2008,,18/04/2012,5090577,489263,279,1232,Lavena Ponte Tresa depuratore,VA,Lavena Ponte Tresa,8.861415127388735,45.968680264052644
9381,Umidità Relativa,11,%,17/12/2008,,31/08/2026,5121068,548737,943,1238,Val Masino S.Martino,SO,Val Masino,9.632170040598355,46.2414409171984
9382,Umidità Relativa,11,%,16/12/2008,,13/12/2012,5098356,510910,304,1236,Porlezza Ponte Cuccio,CO,Porlezza,9.140995561800324,46.03869095711774
9383,Umidità Relativa,11,%,21/01/2009,,06/06/2013,5060559,592390,338,1227,Sarezzo Gardone,BS,Sarezzo,10.186615288843488,45.69242141982882
9384,Umidità Relativa,11,%,21/01/2009,,31/08/2026,5070741,572525,486,1210,Ranzanico ,BG,Ranzanico,9.933042100771777,45.78641993251091
9386,Umidità Relativa,11,%,18/12/2008,,31/08/2026,5073453,567252,502,1221,Casnigo Campo Sportivo,BG,Casnigo,9.865590362771272,45.81136074272296
9387,Umidità Relativa,11,%,29/01/2009,,31/08/2026,5086648,582441,1180,1212,Castione della Presolana ,BG,Castione della Presolana,10.063316938048855,45.92845451544747
9388,Umidità Relativa,11,%,19/02/2009,,31/08/2026,5114304,525058,980,1202,Vercana ,CO,Vercana,9.32467702912657,46.18185157301386
9390,Umidità Relativa,11,%,01/12/2000,,31/08/2026,5101745,580327,1784,1216,Valbondione ,BG,Valbondione,10.038594068994966,46.06456092734479
9391,Umidità Relativa,11,%,18/12/2008,,31/08/2026,5088917,566917,1002,1218,Ardesio Valcanale,BG,Ardesio,9.863432295634508,45.950561773272774
9392,Umidità Relativa,11,%,04/02/2009,,16/01/2012,5082095,559545,1084,1214,Oltre il Colle Acquedotto,BG,Oltre il Colle,9.76747331563812,45.889845151140456
9393,Umidità Relativa,11,%,22/01/2009,,19/03/2013,5077078,551734,350,1239,San Pellegrino Terme P.za Alighieri,BG,San Pellegrino Terme,9.666265347452946,45.845324223955345
9394,Umidità Relativa,11,%,22/01/2009,,01/08/2012,5095844,551256,988,1213,Mezzoldo Ronchi,BG,Mezzoldo,9.662116372820215,46.014251239166796
9395,Umidità Relativa,11,%,23/01/2009,,31/08/2026,5076380,539709,674,1209,Rota d'Imagna ,BG,Rota d'Imagna,9.511348909109044,45.83984009596858
9396,Umidità Relativa,11,%,17/12/2008,,31/08/2026,4975743,521751,455,1201,Canevino ,PV,Canevino,9.275661821158844,44.93478645163805
9397,Umidità Relativa,11,%,17/02/2009,,31/08/2026,5122690,600885,1728,1237,Monno ,BS,Monno,10.30879856689763,46.250294873569835
9398,Umidità Relativa,11,%,05/02/2009,,31/08/2026,5127374,617932,1640,1220,Ponte di Legno Case Pirli,BS,Ponte di Legno,10.531051102498203,46.289690349679546
9399,Umidità Relativa,11,%,17/12/2008,,31/08/2026,5104225,508568,1100,1222,Cavargna ,CO,Cavargna,9.11083441107766,46.091546605277884
9663,Precipitazione,2,mm,12/05/2026,,31/08/2026,5084897,508837,1130,2514,SCHIGNANO Alpe Comana,CO,Schignano,9.113956411210655,45.917585004578385
9664,Temperatura,3,°C,12/05/2026,,31/08/2026,5084897,508837,1130,2514,SCHIGNANO Alpe Comana,CO,Schignano,9.113956411210655,45.917585004578385
9665,Umidità Relativa,11,%,12/05/2026,,31/08/2026,5084897,508837,1130,2514,SCHIGNANO Alpe Comana,CO,Schignano,9.113956411210655,45.917585004578385
9741,Direzione Vento,10,°,19/05/2004,,31/08/2026,5041392,573236,140,900,Chiari ,BS,Chiari,9.937768713461837,45.52221331600641
9756,Direzione Vento,10,°,01/01/1992,,31/08/2026,5145272,600293,2300,835,Valdisotto Oga S. Colombano,SO,Valdisotto,10.30595182397024,46.4535630589494
9757,Direzione Vento,10,°,01/01/1992,,31/08/2026,5097116,544202,1875,833,Gerola Alta Pescegallo,SO,Gerola Alta,9.571116796076005,46.02619062662478
9758,Direzione Vento,10,°,01/01/1992,,31/08/2026,5109097,588704,1950,836,Aprica ,SO,Aprica,10.148256664341911,46.1296816331379
9759,Direzione Vento,10,°,01/05/1993,,31/08/2026,5114768,613679,2108,846,Edolo Pantano d`Avio,BS,Edolo,10.472817754713768,46.17700021632664
9760,Direzione Vento,10,°,01/07/1993,,31/08/2026,5098634,561423,1954,847,Carona Carisole,BG,Carona,9.793799590056658,46.03852339400269
9761,Direzione Vento,10,°,11/09/1993,,31/08/2026,5147768,591251,2660,848,Livigno La Vallaccia,SO,Livigno,10.188728513795844,46.47730494291885
9763,Direzione Vento,10,°,01/01/1992,,31/08/2026,5126972,568128,2151,832,Lanzada Palù,SO,Lanzada,9.884519789844573,46.29290281846689
9765,Direzione Vento,10,°,23/06/1999,,31/08/2026,5084222,471939,950,999,Laveno-Mombello Poggio S.Elsa,VA,Laveno-Mombello,8.638185708619844,45.91099372062272
9766,Direzione Vento,10,°,24/06/1999,,31/08/2026,5084109,470425,207,998,Laveno-Mombello p.zza Matteotti,VA,Laveno-Mombello,8.618671812564196,45.909913214564696
9785,Radiazione Globale,12,W/m²,01/05/1993,,31/08/2026,5114768,613679,2108,846,Edolo Pantano d`Avio,BS,Edolo,10.472817754713768,46.17700021632664
9786,Radiazione Globale,12,W/m²,01/07/1993,,31/08/2026,5098634,561423,1954,847,Carona Carisole,BG,Carona,9.793799590056658,46.03852339400269
9809,Precipitazione,2,mm,30/12/2004,05/10/2014,31/08/2026,5002356,641122,22,670,Mantova S.Agnese,MN,Mantova,10.795564113708089,45.16056833011545
9812,Temperatura,3,°C,30/12/2004,,31/08/2026,5002356,641122,22,670,Mantova S.Agnese,MN,Mantova,10.795564113708089,45.16056833011545
9813,Umidità Relativa,11,%,30/12/2004,,31/08/2026,5002356,641122,22,670,Mantova S.Agnese,MN,Mantova,10.795564113708089,45.16056833011545
9815,Direzione Vento,10,°,30/12/2004,,01/02/2024,5001664,646147,22,671,Mantova Tridolino,MN,Mantova,10.859263911962525,45.15331958579591
9816,Precipitazione,2,mm,30/12/2004,,01/02/2024,5001664,646147,22,671,Mantova Tridolino,MN,Mantova,10.859263911962525,45.15331958579591
9818,Radiazione Globale,12,W/m²,30/12/2004,,01/02/2024,5001664,646147,22,671,Mantova Tridolino,MN,Mantova,10.859263911962525,45.15331958579591
9819,Temperatura,3,°C,30/12/2004,,01/02/2024,5001664,646147,22,671,Mantova Tridolino,MN,Mantova,10.859263911962525,45.15331958579591
9820,Umidità Relativa,11,%,30/12/2004,,01/02/2024,5001664,646147,22,671,Mantova Tridolino,MN,Mantova,10.859263911962525,45.15331958579591
9821,Velocità Vento,9,m/s,30/12/2004,,01/02/2024,5001664,646147,22,671,Mantova Tridolino,MN,Mantova,10.859263911962525,45.15331958579591
9827,Radiazione Globale,12,W/m²,01/10/1992,,31/08/2026,5145272,600293,2300,835,Valdisotto Oga S. Colombano,SO,Valdisotto,10.30595182397024,46.4535630589494
9828,Radiazione Globale,12,W/m²,11/09/1993,,31/08/2026,5147768,591251,2660,848,Livigno La Vallaccia,SO,Livigno,10.188728513795844,46.47730494291885
9862,Direzione Vento,10,°,28/07/2005,,31/08/2026,4987407,493238,74,672,Cornale v.Libertà,PV,Cornale,8.914144585539889,45.040085573889876
9863,Precipitazione,2,mm,28/07/2005,,31/08/2026,4987407,493238,74,672,Cornale v.Libertà,PV,Cornale,8.914144585539889,45.040085573889876
9865,Radiazione Globale,12,W/m²,29/07/2005,,31/08/2026,4987407,493238,74,672,Cornale v.Libertà,PV,Cornale,8.914144585539889,45.040085573889876
9868,Temperatura,3,°C,28/07/2005,,31/08/2026,4987407,493238,74,672,Cornale v.Libertà,PV,Cornale,8.914144585539889,45.040085573889876
9869,Umidità Relativa,11,%,28/07/2005,,31/08/2026,4987407,493238,74,672,Cornale v.Libertà,PV,Cornale,8.914144585539889,45.040085573889876
9931,Direzione Vento,10,°,12/09/2008,,31/08/2026,4999315,582066,43,677,Cremona Via Fatebenefratelli,CR,Cremona,10.043836158369519,45.14254063222387
9933,Precipitazione,2,mm,10/04/2006,,31/08/2026,4999315,582066,43,677,Cremona Via Fatebenefratelli,CR,Cremona,10.043836158369519,45.14254063222387
9935,Radiazione Globale,12,W/m²,10/04/2006,,31/08/2026,4999315,582066,43,677,Cremona Via Fatebenefratelli,CR,Cremona,10.043836158369519,45.14254063222387
9938,Temperatura,3,°C,10/04/2006,,31/08/2026,4999315,582066,43,677,Cremona Via Fatebenefratelli,CR,Cremona,10.043836158369519,45.14254063222387
9939,Umidità Relativa,11,%,10/04/2006,,31/08/2026,4999315,582066,43,677,Cremona Via Fatebenefratelli,CR,Cremona,10.043836158369519,45.14254063222387
9940,Velocità Vento,9,m/s,12/09/2008,,31/08/2026,4999315,582066,43,677,Cremona Via Fatebenefratelli,CR,Cremona,10.043836158369519,45.14254063222387
10373,Precipitazione,2,mm,13/08/2007,,31/08/2026,5051773,481053,215,687,Ferno v.Di Dio,VA,Ferno,8.7569704454534,45.61924377995491
10376,Precipitazione,2,mm,22/07/2008,,31/08/2026,5078987,531045,272,706,Lecco v.Sora,LC,Lecco,9.399950344681905,45.863748841287176
10377,Temperatura,3,°C,22/07/2008,,31/08/2026,5078987,531045,272,706,Lecco v.Sora,LC,Lecco,9.399950344681905,45.863748841287176
10378,Direzione Vento,10,°,22/07/2008,,31/08/2026,5078987,531045,272,706,Lecco v.Sora,LC,Lecco,9.399950344681905,45.863748841287176
10381,Umidità Relativa,11,%,22/07/2008,,31/08/2026,5078987,531045,272,706,Lecco v.Sora,LC,Lecco,9.399950344681905,45.863748841287176
10382,Radiazione Globale,12,W/m²,31/07/2008,,31/08/2026,5078987,531045,272,706,Lecco v.Sora,LC,Lecco,9.399950344681905,45.863748841287176
10401,Direzione Vento,10,°,30/10/2008,,18/10/2019,5066429,520613,310,575,Nibionno v.della Chiesa,LC,Nibionno,9.265020964805577,45.75111126162522
10434,Direzione Vento,10,°,17/11/2008,,22/01/2019,5113073,567873,290,1264,Sondrio v.Paribelli,SO,Sondrio,9.879209924470027,46.16785244067298
10443,Precipitazione,2,mm,17/11/2008,,22/01/2019,5113073,567873,290,1264,Sondrio v.Paribelli,SO,Sondrio,9.879209924470027,46.16785244067298
10459,Direzione Vento,10,°,03/03/2009,,31/08/2026,5009105,552297,65,1266,Bertonico v.Moro,LO,Bertonico,9.666250375296114,45.23349364131063
10465,Precipitazione,2,mm,03/03/2009,,31/08/2026,5009105,552297,65,1266,Bertonico v.Moro,LO,Bertonico,9.666250375296114,45.23349364131063
10467,Radiazione Globale,12,W/m²,03/03/2009,,31/08/2026,5009105,552297,65,1266,Bertonico v.Moro,LO,Bertonico,9.666250375296114,45.23349364131063
10469,Temperatura,3,°C,03/03/2009,,31/08/2026,5009105,552297,65,1266,Bertonico v.Moro,LO,Bertonico,9.666250375296114,45.23349364131063
10470,Umidità Relativa,11,%,03/03/2009,,31/08/2026,5009105,552297,65,1266,Bertonico v.Moro,LO,Bertonico,9.666250375296114,45.23349364131063
10551,Temperatura,3,°C,06/07/2010,,31/08/2026,5052646,502058,212,554,Saronno v.Santuario,VA,Saronno,9.026401379770977,45.62735705274621
10552,Umidità Relativa,11,%,06/07/2010,,31/08/2026,5052646,502058,212,554,Saronno v.Santuario,VA,Saronno,9.026401379770977,45.62735705274621
10553,Direzione Vento,10,°,06/07/2010,,31/08/2026,5052646,502058,212,554,Saronno v.Santuario,VA,Saronno,9.026401379770977,45.62735705274621
10554,Precipitazione,2,mm,06/07/2010,,31/08/2026,5052646,502058,212,554,Saronno v.Santuario,VA,Saronno,9.026401379770977,45.62735705274621
10556,Radiazione Globale,12,W/m²,06/07/2010,,31/08/2026,5052646,502058,212,554,Saronno v.Santuario,VA,Saronno,9.026401379770977,45.62735705274621
10557,Velocità Vento,9,m/s,06/07/2010,,31/08/2026,5052646,502058,212,554,Saronno v.Santuario,VA,Saronno,9.026401379770977,45.62735705274621
10570,Temperatura,3,°C,15/07/2011,,12/02/2021,5121270,545980,1191,1273,Val Masino Bagni,SO,Val Masino,9.596430583118194,46.243450949416484
10571,Umidità Relativa,11,%,15/07/2011,,12/02/2021,5121270,545980,1191,1273,Val Masino Bagni,SO,Val Masino,9.596430583118194,46.243450949416484
10572,Velocità Vento,9,m/s,19/10/2011,,12/02/2021,5121270,545980,1191,1273,Val Masino Bagni,SO,Val Masino,9.596430583118194,46.243450949416484
10573,Direzione Vento,10,°,04/09/2011,,12/02/2021,5121270,545980,1191,1273,Val Masino Bagni,SO,Val Masino,9.596430583118194,46.243450949416484
10574,Precipitazione,2,mm,11/07/2011,,12/02/2021,5121270,545980,1191,1273,Val Masino Bagni,SO,Val Masino,9.596430583118194,46.243450949416484
10575,Radiazione Globale,12,W/m²,15/07/2011,,12/02/2021,5121270,545980,1191,1273,Val Masino Bagni,SO,Val Masino,9.596430583118194,46.243450949416484
10585,Precipitazione,2,mm,01/07/2010,,31/08/2026,5095846,522171,212,1274,Perledo P.zza della stazione,LC,Perledo,9.286409208680846,46.01582830439143
10658,Temperatura,3,°C,18/05/2020,,31/08/2026,5084612,485317,665,1898,Valganna Mondonico,VA,Valganna,8.810666295513148,45.91491984313748
10661,Umidità Relativa,11,%,18/05/2020,,31/08/2026,5084612,485317,665,1898,Valganna Mondonico,VA,Valganna,8.810666295513148,45.91491984313748
10662,Direzione Vento,10,°,18/05/2020,,31/08/2026,5084612,485317,665,1898,Valganna Mondonico,VA,Valganna,8.810666295513148,45.91491984313748
10664,Velocità Vento,9,m/s,18/05/2020,,31/08/2026,5084612,485317,665,1898,Valganna Mondonico,VA,Valganna,8.810666295513148,45.91491984313748
10666,Precipitazione,2,mm,18/05/2020,,31/08/2026,5084612,485317,665,1898,Valganna Mondonico,VA,Valganna,8.810666295513148,45.91491984313748
10773,Umidità Relativa,11,%,13/02/2021,,31/08/2026,5122179,567130,1719,35,Caspoggio Piazzo Cavalli,SO,Caspoggio,9.870880614481775,46.24987071643662
10777,Radiazione Globale,12,W/m²,09/08/2022,,31/08/2026,5141977,619522,2180,16,VALFURVA Ghiacciaio dei Forni,SO,Valfurva,10.555409384380683,46.42078756471085
10778,Umidità Relativa,11,%,15/12/2021,,31/08/2026,5141977,619522,2180,16,VALFURVA Ghiacciaio dei Forni,SO,Valfurva,10.555409384380683,46.42078756471085
10787,Velocità Vento,9,m/s,12/04/2022,,31/08/2026,5009105,552297,65,1266,Bertonico v.Moro,LO,Bertonico,9.666250375296114,45.23349364131063
10788,Velocità Vento,9,m/s,05/07/2022,,31/08/2026,4987406,493238,74,672,Cornale v.Libertà,PV,Cornale,8.914144599002396,45.04007657203634
10789,Livello Idrometrico,1,cm,15/09/2022,01/01/2025,31/08/2026,5010576,474620,109,125,Castello d'Agogna ,PV,Castello d'Agogna,8.676581801223154,45.24822028768897
11007,Temperatura,3,°C,10/11/2010,,31/08/2026,5091256,541747,982,822,Valtorta ,BG,Valtorta,9.538885913106629,45.97360504521213
11008,Umidità Relativa,11,%,10/11/2010,,31/08/2026,5091256,541747,982,822,Valtorta ,BG,Valtorta,9.538885913106629,45.97360504521213
11011,Umidità Relativa,11,%,22/11/2010,,31/08/2026,5099046,558502,1682,912,Foppolo ,BG,Foppolo,9.756104062898842,46.042487120877695
11020,Umidità Relativa,11,%,16/12/2010,,31/08/2026,5069985,523872,278,1205,Molteno Cimitero,LC,Molteno,9.30709688159319,45.783012464197284
11021,Umidità Relativa,11,%,22/12/2010,,31/08/2026,5094947,529451,456,1224,Cortenova ,LC,Cortenova,9.380396323644787,46.00746283106389
11025,Precipitazione,2,mm,06/08/2020,,31/08/2026,5049767,612402,205,826,Gavardo SP 116,BS,Gavardo,10.441073226956336,45.592356188768825
11044,Temperatura,3,°C,01/07/2010,,22/01/2019,5113073,567873,290,1264,Sondrio v.Paribelli,SO,Sondrio,9.879209924470027,46.16785244067298
11045,Umidità Relativa,11,%,15/10/2010,,22/01/2019,5113073,567873,290,1264,Sondrio v.Paribelli,SO,Sondrio,9.879209924470027,46.16785244067298
11099,Livello Idrometrico,1,cm,04/08/2011,01/01/2025,31/08/2026,5098085,508966,272,1200,Porlezza via Porto Letizia,CO,Porlezza,9.115867206033013,46.03628011583655
11100,Umidità Relativa,11,%,04/07/2011,,19/07/2012,5100122,531422,725,1225,Premana Diga di Pagnona,LC,Premana,9.406194660858885,46.05395062507333
11113,Radiazione Globale,12,W/m²,10/08/2011,,15/03/2012,5073980,606852,960,896,Collio S.Colombano,BS,Collio,10.37527186029856,45.811105655986104
11114,Umidità Relativa,11,%,10/08/2011,,15/03/2012,5073980,606852,960,896,Collio S.Colombano,BS,Collio,10.37527186029856,45.811105655986104
11116,Umidità Relativa,11,%,11/08/2011,,14/11/2012,5081485,612286,1226,875,Bagolino Valle Dorizzo,BS,Bagolino,10.446939834207202,45.87777044716358
11131,Velocità Vento,9,m/s,28/08/2002,,31/08/2026,5013018,544138,67,123,Cavenago d'Adda ,LO,Cavenago d'Adda,9.562659972530183,45.269273960535536
11132,Direzione Vento,10,°,04/09/2011,,31/08/2026,5013018,544138,67,123,Cavenago d'Adda ,LO,Cavenago d'Adda,9.562659972530183,45.269273960535536
11140,Radiazione Globale,12,W/m²,29/08/2011,,21/07/2015,5081860,573452,591,824,Clusone Campo Sportivo,BG,Clusone,9.94666179476367,45.88638598065141
11144,Temperatura,3,°C,08/09/2011,,31/08/2026,5149692,592663,2320,143,Livigno Passo Foscagno,SO,Livigno,10.207501576120505,46.494423645133914
11158,Umidità Relativa,11,%,30/09/2011,,31/08/2026,5134157,524616,2064,1230,San Giacomo Filippo Lago Truzzo,SO,San Giacomo Filippo,9.319988243019054,46.36054023693675
11165,Livello Idrometrico,1,cm,07/10/2011,01/01/2025,31/08/2026,5008416,610514,39,1074,Asola v. Carducci,MN,Asola,10.407601456012147,45.22056010465184
11167,Velocità Vento,9,m/s,02/10/2011,,31/08/2026,5134157,524616,2064,1230,San Giacomo Filippo Lago Truzzo,SO,San Giacomo Filippo,9.319988243019054,46.36054023693675
11168,Direzione Vento,10,°,02/10/2011,,31/08/2026,5134157,524616,2064,1230,San Giacomo Filippo Lago Truzzo,SO,San Giacomo Filippo,9.319988243019054,46.36054023693675
11190,Umidità Relativa,11,%,06/11/2011,,31/08/2026,5114768,613679,2108,846,Edolo Pantano d`Avio,BS,Edolo,10.472817754713768,46.17700021632664
11216,Temperatura,3,°C,11/11/2011,,31/08/2026,5114304,525058,980,1202,Vercana ,CO,Vercana,9.32467702912657,46.18185157301386
11217,Velocità Vento,9,m/s,02/04/2012,,31/08/2026,5104225,508568,1100,1222,Cavargna ,CO,Cavargna,9.11083441107766,46.091546605277884
11218,Direzione Vento,10,°,03/05/2012,,31/08/2026,5104225,508568,1100,1222,Cavargna ,CO,Cavargna,9.11083441107766,46.091546605277884
11228,Radiazione Globale,12,W/m²,20/12/2011,,31/08/2026,5113706,603479,659,1075,Edolo Centrale ENEL,BS,Edolo,10.340473514383161,46.1690708057214
11383,Altezza Neve,4,cm,15/01/2005,,23/12/2011,5082095,559545,1084,1214,Oltre il Colle Acquedotto,BG,Oltre il Colle,9.76747331563812,45.889845151140456
11734,Velocità Vento,9,m/s,27/06/2001,,31/08/2026,5002165,538425,140,102,San Colombano al Lambro ,MI,San Colombano al Lambro,9.488996837896533,45.171918959016494
11735,Velocità Vento,9,m/s,15/05/2001,,31/08/2026,4961571,514194,500,106,Varzi Nivione,PV,Varzi,9.17949162844931,44.80739989263525
11736,Velocità Vento,9,m/s,29/01/2001,,31/08/2026,5113016,565691,307,107,Sondrio Fond.Fojanini,SO,Sondrio,9.850940145467648,46.16755337653387
11737,Velocità Vento,9,m/s,27/07/1994,,31/08/2026,5120370,532896,206,108,Samolaco v.Vignola,SO,Samolaco,9.426654131696239,46.23611060961266
11739,Velocità Vento,9,m/s,01/01/1999,,31/08/2026,4980052,638675,22,110,GONZAGA Palidano,MN,Gonzaga,10.758281071808884,44.9603716759279
11740,Velocità Vento,9,m/s,28/02/2003,,31/08/2026,5084512,538583,1234,111,Cassina Valsassina Moggio,LC,Cassina Valsassina,9.497502220579253,45.913093693560796
11741,Velocità Vento,9,m/s,29/09/2005,,31/08/2026,5018600,520938,88,114,Landriano Cascina Marianna,PV,Landriano,9.267153114774574,45.32059361110782
11742,Velocità Vento,9,m/s,01/01/1998,,31/08/2026,5113706,603479,659,1075,Edolo Centrale ENEL,BS,Edolo,10.340473514383161,46.1690708057214
11743,Velocità Vento,9,m/s,07/09/2001,,31/08/2026,5079768,549604,622,119,San Giovanni Bianco Cornalita,BG,San Giovanni Bianco,9.639112837494656,45.86969089939292
11745,Velocità Vento,9,m/s,01/07/2002,,31/08/2026,5060979,524066,360,127,Casatenovo tetto,LC,Casatenovo,9.309144812286556,45.70194614073521
11746,Velocità Vento,9,m/s,16/01/2003,,31/08/2026,5097875,603903,362,129,Capo di Ponte v.Briscioli,BS,Capo di Ponte,10.342502608603299,46.02656354248102
11747,Velocità Vento,9,m/s,19/05/1993,,31/08/2026,5056541,551321,211,132,Bergamo v.Stezzano,BG,Bergamo,9.658768470289917,45.66051928749498
11748,Velocità Vento,9,m/s,03/05/1998,,31/08/2026,5031658,581271,93,134,Corzano Bargnano,BS,Corzano,10.039027211799244,45.433719470458726
11749,Velocità Vento,9,m/s,14/05/1994,,31/08/2026,5003424,582100,44,136,Persico Dosimo ,CR,Persico Dosimo,10.044944403868836,45.179518392770305
11750,Velocità Vento,9,m/s,09/06/1993,,31/08/2026,5032417,540720,102,137,Rivolta d'Adda Ist. Spallanzani,CR,Rivolta d'Adda,9.520689006967055,45.44409052331862
11751,Velocità Vento,9,m/s,26/09/2003,,19/09/2018,4997294,641005,19,139,Virgilio Mantova Cerese,MN,Virgilio,10.792648102258731,45.11504742580198
11752,Velocità Vento,9,m/s,26/11/2008,,31/08/2026,5077224,524701,1233,212,Canzo ,CO,Canzo,9.318132023436663,45.84813790509286
11754,Velocità Vento,9,m/s,01/01/1992,,31/08/2026,5126972,568128,2151,832,Lanzada Palù,SO,Lanzada,9.884519789844573,46.29290281846689
11755,Velocità Vento,9,m/s,01/01/1992,,31/08/2026,5097116,544202,1875,833,Gerola Alta Pescegallo,SO,Gerola Alta,9.571116796076005,46.02619062662478
11756,Velocità Vento,9,m/s,01/01/1992,,31/08/2026,5145272,600293,2300,835,Valdisotto Oga S. Colombano,SO,Valdisotto,10.30595182397024,46.4535630589494
11757,Velocità Vento,9,m/s,01/01/1992,,31/08/2026,5109097,588704,1950,836,Aprica ,SO,Aprica,10.148256664341911,46.1296816331379
11758,Velocità Vento,9,m/s,01/05/1993,,31/08/2026,5114768,613679,2108,846,Edolo Pantano d`Avio,BS,Edolo,10.472817754713768,46.17700021632664
11759,Velocità Vento,9,m/s,01/07/1993,,31/08/2026,5098634,561423,1954,847,Carona Carisole,BG,Carona,9.793799590056658,46.03852339400269
11760,Velocità Vento,9,m/s,11/09/1993,,31/08/2026,5147768,591251,2660,848,Livigno La Vallaccia,SO,Livigno,10.188728513795844,46.47730494291885
11761,Velocità Vento,9,m/s,19/05/2004,,31/08/2026,5041392,573236,140,900,Chiari ,BS,Chiari,9.937768713461837,45.52221331600641
11762,Velocità Vento,9,m/s,24/06/1999,,31/08/2026,5084109,470425,207,998,Laveno-Mombello p.zza Matteotti,VA,Laveno-Mombello,8.618671812564196,45.909913214564696
11763,Velocità Vento,9,m/s,23/06/1999,,31/08/2026,5084222,471939,950,999,Laveno-Mombello Poggio S.Elsa,VA,Laveno-Mombello,8.638185708619844,45.91099372062272
11811,Velocità Vento,9,m/s,02/04/2012,,31/08/2026,5114304,525058,980,1202,Vercana ,CO,Vercana,9.32467702912657,46.18185157301386
11812,Velocità Vento,9,m/s,26/01/2012,,31/08/2026,5062832,506653,310,141,Vertemate con Minoprio serre,CO,Vertemate con Minoprio,9.08548849909237,45.71901089635887
11813,Velocità Vento,9,m/s,27/01/2012,,31/08/2026,5111566,561195,274,142,Caiolo ,SO,Caiolo,9.792518875272366,46.154923168144556
11814,Velocità Vento,9,m/s,27/01/2012,,31/08/2026,5149692,592663,2320,143,Livigno Passo Foscagno,SO,Livigno,10.207501576120505,46.494423645133914
11815,Velocità Vento,9,m/s,27/04/2012,,31/08/2026,5146514,526726,1915,144,Madesimo Spluga,SO,Madesimo,9.348123015327113,46.47166727238364
11816,Velocità Vento,9,m/s,27/01/2012,,18/07/2023,5080789,591371,222,145,Darfo Boario Terme ,BS,Darfo Boario Terme,10.17735680898154,45.87460210989813
11817,Velocità Vento,9,m/s,27/01/2012,,31/08/2026,5098491,548644,1824,146,Mezzoldo Passo S.Marco,BG,Mezzoldo,9.628647097035241,46.03826409170682
11818,Velocità Vento,9,m/s,27/01/2012,,31/08/2026,5043898,488082,182,148,Arconate SMR,MI,Arconate,8.84732192921624,45.548517357426675
11984,Umidità Relativa,11,%,10/01/2012,,04/06/2025,5064493,616659,1147,851,Treviso Bresciano Cavacca,BS,Treviso Bresciano,10.499165086906505,45.72415647275609
11988,Livello Idrometrico,1,cm,13/01/2012,01/01/2025,31/08/2026,5130276,528984,403,1076,Chiavenna Inferno,SO,Chiavenna,9.376527722322676,46.32543978053028
12023,Precipitazione,2,mm,03/02/2011,,01/09/2026,5000087,573153,48,1297,Spinadesco v.Battisti,CR,Spinadesco,9.93059647227244,45.150468869863694
12025,Temperatura,3,°C,03/02/2011,,01/09/2026,5000087,573153,48,1297,Spinadesco v.Battisti,CR,Spinadesco,9.93059647227244,45.150468869863694
12026,Umidità Relativa,11,%,03/02/2011,,01/09/2026,5000087,573153,48,1297,Spinadesco v.Battisti,CR,Spinadesco,9.93059647227244,45.150468869863694
12712,Direzione Vento,10,°,22/05/2020,,31/08/2026,5010270,476207,106,125,Castello d'Agogna ,PV,Castello d'Agogna,8.69681935493543,45.24552133117178
12713,Velocità Vento,9,m/s,21/05/2020,,31/08/2026,5010270,476207,106,125,Castello d'Agogna ,PV,Castello d'Agogna,8.69681935493543,45.24552133117178
12716,Temperatura,3,°C,11/08/2020,,31/08/2026,5012143,501719,95,1899,Bereguardo Fornasetta,PV,Bereguardo,9.021910873269457,45.26278148198974
12719,Umidità Relativa,11,%,11/08/2020,,31/08/2026,5012143,501719,95,1899,Bereguardo Fornasetta,PV,Bereguardo,9.021910873269457,45.26278148198974
12720,Direzione Vento,10,°,16/08/2020,,31/08/2026,5012143,501719,95,1899,Bereguardo Fornasetta,PV,Bereguardo,9.021910873269457,45.26278148198974
12722,Velocità Vento,9,m/s,16/08/2020,,31/08/2026,5012143,501719,95,1899,Bereguardo Fornasetta,PV,Bereguardo,9.021910873269457,45.26278148198974
12724,Precipitazione,2,mm,11/08/2020,,31/08/2026,5012143,501719,95,1899,Bereguardo Fornasetta,PV,Bereguardo,9.021910873269457,45.26278148198974
12728,Radiazione Globale,12,W/m²,30/08/2020,,31/08/2026,5066048,572800,1246,1974,Grone San Fermo,BG,Grone,9.935872972330676,45.74415627714443
12745,Altezza Neve,4,cm,01/12/2020,,31/08/2026,4947846,517168,1363,857,Santa Margherita di Staffora Passo del Giovà,PV,Santa Margherita di Staffora,9.216637428085015,44.68377850349271
12753,Altezza Neve,4,cm,01/12/2020,,31/08/2026,5130098,564213,1905,28,Chiesa in Valmalenco Alpe Entova,SO,Chiesa in Valmalenco,9.834123382219794,46.321415288372336
12754,Umidità Relativa,11,%,18/11/2020,,31/08/2026,5130098,564213,1905,28,Chiesa in Valmalenco Alpe Entova,SO,Chiesa in Valmalenco,9.834123382219794,46.321415288372336
12755,Temperatura,3,°C,25/11/2020,,01/09/2026,5048372,519174,173,1510,Monza v.Monte Generoso,MB,Monza,9.245807488805253,45.588625528036445
12756,Umidità Relativa,11,%,25/11/2020,,01/09/2026,5048372,519174,173,1510,Monza v.Monte Generoso,MB,Monza,9.245807488805253,45.588625528036445
12757,Temperatura,3,°C,25/11/2020,,01/09/2026,5050479,496327,215,1511,Rescaldina ,MI,Rescaldina,8.952896675533205,45.60784533498041
12758,Umidità Relativa,11,%,25/11/2020,,01/09/2026,5050479,496327,215,1511,Rescaldina ,MI,Rescaldina,8.952896675533205,45.60784533498041
12759,Temperatura,3,°C,25/11/2020,,01/09/2026,5042449,500406,160,1512,Pogliano Milanese ,MI,Pogliano Milanese,9.005199956067525,45.535576719257335
12760,Umidità Relativa,11,%,24/11/2020,,01/09/2026,5042449,500406,160,1512,Pogliano Milanese ,MI,Pogliano Milanese,9.005199956067525,45.535576719257335
12761,Altezza Neve,4,cm,02/12/2020,,31/08/2026,5126494,526127,1362,1420,Gordona ,SO,Gordona,9.339203152914003,46.29151911108225
14001,Umidità Relativa,11,%,13/01/2012,,31/08/2026,5082261,561209,1138,1077,Oltre il Colle Zambla,BG,Oltre il Colle,9.788939674669368,45.89119304590421
14006,Velocità Vento,9,m/s,16/09/2013,,31/08/2026,5082261,561209,1138,1077,Oltre il Colle Zambla,BG,Oltre il Colle,9.788939674669368,45.89119304590421
14007,Direzione Vento,10,°,13/01/2012,,31/08/2026,5082261,561209,1138,1077,Oltre il Colle Zambla,BG,Oltre il Colle,9.788939674669368,45.89119304590421
14014,Temperatura,3,°C,13/01/2012,,31/08/2026,5082261,561209,1138,1077,Oltre il Colle Zambla,BG,Oltre il Colle,9.788939674669368,45.89119304590421
14018,Precipitazione,2,mm,13/01/2012,,31/08/2026,5082261,561209,1138,1077,Oltre il Colle Zambla,BG,Oltre il Colle,9.788939674669368,45.89119304590421
14019,Radiazione Globale,12,W/m²,13/01/2012,,31/08/2026,5082261,561209,1138,1077,Oltre il Colle Zambla,BG,Oltre il Colle,9.788939674669368,45.89119304590421
14024,Livello Idrometrico,1,cm,23/01/2012,01/01/2025,31/08/2026,5063460,471791,58,1079,Sesto Calende alzaia,VA,Sesto Calende,8.637492070417645,45.72412027586518
14031,Velocità Vento,9,m/s,12/02/2012,,31/08/2026,5066146,486058,379,1211,Castronno ,VA,Castronno,8.820755588702655,45.74873081659228
14038,Radiazione Globale,12,W/m²,27/02/2012,,31/08/2026,5109097,588704,1950,836,Aprica ,SO,Aprica,10.148256664341911,46.1296816331379
14039,Umidità Relativa,11,%,27/02/2012,,31/08/2026,5109097,588704,1950,836,Aprica ,SO,Aprica,10.148256664341911,46.1296816331379
14049,Velocità Vento,9,m/s,17/02/2012,,31/08/2026,4997179,594005,39,150,Pieve San Giacomo ,CR,Pieve San Giacomo,10.19526122938189,45.121828405915494
14055,Umidità Relativa,11,%,13/03/2012,,31/08/2026,5074143,639089,75,1324,Limone sul Garda ,BS,Limone sul Garda,10.790054267532902,45.80682611377937
14058,Temperatura,3,°C,13/03/2012,,31/08/2026,5074143,639089,75,1324,Limone sul Garda ,BS,Limone sul Garda,10.790054267532902,45.80682611377937
14065,Velocità Vento,9,m/s,13/03/2012,,31/08/2026,5074143,639089,75,1324,Limone sul Garda ,BS,Limone sul Garda,10.790054267532902,45.80682611377937
14066,Direzione Vento,10,°,13/03/2012,,31/08/2026,5074143,639089,75,1324,Limone sul Garda ,BS,Limone sul Garda,10.790054267532902,45.80682611377937
14072,Umidità Relativa,11,%,15/03/2012,,31/08/2026,5073930,602209,1069,1325,Collio Memmo,BS,Collio,10.315518370560591,45.811359318469144
14075,Temperatura,3,°C,15/03/2012,,31/08/2026,5073930,602209,1069,1325,Collio Memmo,BS,Collio,10.315518370560591,45.811359318469144
14082,Velocità Vento,9,m/s,15/03/2012,,31/08/2026,5073930,602209,1069,1325,Collio Memmo,BS,Collio,10.315518370560591,45.811359318469144
14083,Direzione Vento,10,°,15/03/2012,,31/08/2026,5073930,602209,1069,1325,Collio Memmo,BS,Collio,10.315518370560591,45.811359318469144
14089,Umidità Relativa,11,%,22/03/2012,,31/08/2026,5054923,626015,70,1326,Toscolano-Maderno ,BS,Toscolano-Maderno,10.616868232477385,45.636412091653845
14092,Temperatura,3,°C,22/03/2012,,31/08/2026,5054923,626015,70,1326,Toscolano-Maderno ,BS,Toscolano-Maderno,10.616868232477385,45.636412091653845
14099,Velocità Vento,9,m/s,22/03/2012,,31/08/2026,5054923,626015,70,1326,Toscolano-Maderno ,BS,Toscolano-Maderno,10.616868232477385,45.636412091653845
14100,Direzione Vento,10,°,22/03/2012,,31/08/2026,5054923,626015,70,1326,Toscolano-Maderno ,BS,Toscolano-Maderno,10.616868232477385,45.636412091653845
14113,Velocità Vento,9,m/s,09/03/2012,,31/08/2026,5043257,516051,142,147,Cinisello Balsamo Parco Nord,MI,Cinisello Balsamo,9.205603412149348,45.5426646784088
14118,Precipitazione,2,mm,18/03/2012,,31/08/2026,5073930,602209,1069,1325,Collio Memmo,BS,Collio,10.315518370560591,45.811359318469144
14119,Precipitazione,2,mm,18/03/2012,,31/08/2026,5074143,639089,75,1324,Limone sul Garda ,BS,Limone sul Garda,10.790054267532902,45.80682611377937
14120,Precipitazione,2,mm,25/03/2012,,31/08/2026,5054923,626015,70,1326,Toscolano-Maderno ,BS,Toscolano-Maderno,10.616868232477385,45.636412091653845
14121,Precipitazione,2,mm,02/04/2012,,31/08/2026,5037538,515199,124,1327,Milano v.Rosellini,MI,Milano,9.194512447247249,45.49120675554676
14125,Temperatura,3,°C,20/04/2012,,31/08/2026,5112157,580182,357,1328,Teglio S. Giacomo,SO,Teglio,10.038477988191861,46.158272308660344
14128,Precipitazione,2,mm,20/04/2012,,31/08/2026,5112157,580182,357,1328,Teglio S. Giacomo,SO,Teglio,10.038477988191861,46.158272308660344
14129,Livello Idrometrico,1,cm,20/04/2012,01/01/2025,31/08/2026,5112157,580182,357,1328,Teglio S. Giacomo,SO,Teglio,10.038477988191861,46.158272308660344
14130,Temperatura,3,°C,18/04/2012,,31/08/2026,5090913,488398,269,1329,Lavena Ponte Tresa via della Boschiva,VA,Lavena Ponte Tresa,8.850242265176576,45.97169030132426
14131,Precipitazione,2,mm,18/04/2012,,31/08/2026,5090913,488398,269,1329,Lavena Ponte Tresa via della Boschiva,VA,Lavena Ponte Tresa,8.850242265176576,45.97169030132426
14132,Umidità Relativa,11,%,18/04/2012,,31/08/2026,5090913,488398,269,1329,Lavena Ponte Tresa via della Boschiva,VA,Lavena Ponte Tresa,8.850242265176576,45.97169030132426
14139,Temperatura,3,°C,18/04/2012,,31/08/2026,5068834,497872,400,1330,Olgiate Comasco v.Repubblica,CO,Olgiate Comasco,8.972629613820205,45.77306208046589
14141,Precipitazione,2,mm,08/06/2016,,31/08/2026,5068834,497872,400,1330,Olgiate Comasco v.Repubblica,CO,Olgiate Comasco,8.972629613820205,45.77306208046589
14145,Umidità Relativa,11,%,18/04/2012,,31/08/2026,5068834,497872,400,1330,Olgiate Comasco v.Repubblica,CO,Olgiate Comasco,8.972629613820205,45.77306208046589
14148,Radiazione Globale,12,W/m²,18/04/2012,,31/08/2026,5073930,602209,1069,1325,Collio Memmo,BS,Collio,10.315518370560591,45.811359318469144
14160,Velocità Vento,9,m/s,07/05/2012,,25/08/2020,5014273,499104,100,140,Motta Visconti SMR,MI,Motta Visconti,8.988575477376283,45.28195619871089
14161,Radiazione Globale,12,W/m²,16/06/2012,,31/08/2026,5114304,525058,980,1202,Vercana ,CO,Vercana,9.32467702912657,46.18185157301386
14165,Umidità Relativa,11,%,09/10/2012,,31/08/2026,5011836,575599,56,1219,Casalbuttano ed Uniti ,CR,Casalbuttano ed Uniti,9.963491700506637,45.25595602118004
14170,Livello Idrometrico,1,cm,27/10/2012,01/01/2025,31/08/2026,5072258,522295,266,1341,Bosisio Parini Imbarcadero,LC,Bosisio Parini,9.286915087436197,45.80352345814611
14171,Precipitazione,2,mm,27/10/2012,,31/08/2026,5072258,522295,266,1341,Bosisio Parini Imbarcadero,LC,Bosisio Parini,9.286915087436197,45.80352345814611
14178,Altezza Neve,4,cm,13/10/2012,,31/08/2026,5105228,574978,2440,1342,Ponte in Valtellina Lago Reguzzo,SO,Ponte in Valtellina,9.96999330768605,46.09651166585236
14180,Radiazione Globale,12,W/m²,13/10/2012,,31/08/2026,5105228,574978,2440,1342,Ponte in Valtellina Lago Reguzzo,SO,Ponte in Valtellina,9.96999330768605,46.09651166585236
14189,Direzione Vento,10,°,13/10/2012,,31/08/2026,5105228,574978,2440,1342,Ponte in Valtellina Lago Reguzzo,SO,Ponte in Valtellina,9.96999330768605,46.09651166585236
14190,Velocità Vento,9,m/s,13/10/2012,,31/08/2026,5105228,574978,2440,1342,Ponte in Valtellina Lago Reguzzo,SO,Ponte in Valtellina,9.96999330768605,46.09651166585236
14191,Umidità Relativa,11,%,13/10/2012,,31/08/2026,5105228,574978,2440,1342,Ponte in Valtellina Lago Reguzzo,SO,Ponte in Valtellina,9.96999330768605,46.09651166585236
14194,Temperatura,3,°C,13/10/2012,,31/08/2026,5105228,574978,2440,1342,Ponte in Valtellina Lago Reguzzo,SO,Ponte in Valtellina,9.96999330768605,46.09651166585236
14197,Precipitazione,2,mm,13/10/2012,,31/08/2026,5105228,574978,2440,1342,Ponte in Valtellina Lago Reguzzo,SO,Ponte in Valtellina,9.96999330768605,46.09651166585236
14205,Altezza Neve,4,cm,13/10/2012,,31/08/2026,5133321,570414,3032,1343,Lanzada Passo Marinelli,SO,Lanzada,9.915147774061769,46.349802050209284
14207,Radiazione Globale,12,W/m²,13/10/2012,,31/08/2026,5133321,570414,3032,1343,Lanzada Passo Marinelli,SO,Lanzada,9.915147774061769,46.349802050209284
14216,Direzione Vento,10,°,13/10/2012,,31/08/2026,5133321,570414,3032,1343,Lanzada Passo Marinelli,SO,Lanzada,9.915147774061769,46.349802050209284
14217,Velocità Vento,9,m/s,13/10/2012,,31/08/2026,5133321,570414,3032,1343,Lanzada Passo Marinelli,SO,Lanzada,9.915147774061769,46.349802050209284
14218,Umidità Relativa,11,%,13/10/2012,,31/08/2026,5133321,570414,3032,1343,Lanzada Passo Marinelli,SO,Lanzada,9.915147774061769,46.349802050209284
14221,Temperatura,3,°C,13/10/2012,,31/08/2026,5133321,570414,3032,1343,Lanzada Passo Marinelli,SO,Lanzada,9.915147774061769,46.349802050209284
14224,Precipitazione,2,mm,13/10/2012,,31/08/2026,5133321,570414,3032,1343,Lanzada Passo Marinelli,SO,Lanzada,9.915147774061769,46.349802050209284
14232,Direzione Vento,10,°,13/10/2012,,31/08/2026,5093546,553689,966,1345,Piazzatorre ,BG,Piazzatorre,9.69328478650331,45.99338358666594
14237,Velocità Vento,9,m/s,13/10/2012,,31/08/2026,5093546,553689,966,1345,Piazzatorre ,BG,Piazzatorre,9.69328478650331,45.99338358666594
14238,Umidità Relativa,11,%,13/10/2012,,31/08/2026,5093546,553689,966,1345,Piazzatorre ,BG,Piazzatorre,9.69328478650331,45.99338358666594
14241,Precipitazione,2,mm,13/10/2012,,31/08/2026,5093546,553689,966,1345,Piazzatorre ,BG,Piazzatorre,9.69328478650331,45.99338358666594
14242,Temperatura,3,°C,13/10/2012,,31/08/2026,5093546,553689,966,1345,Piazzatorre ,BG,Piazzatorre,9.69328478650331,45.99338358666594
14251,Direzione Vento,10,°,17/10/2012,,31/08/2026,5141127,528341,1880,1346,Campodolcino Alpe Motta,SO,Campodolcino,9.368831613649215,46.42312127328564
14252,Altezza Neve,4,cm,17/10/2012,,31/08/2026,5141127,528341,1880,1346,Campodolcino Alpe Motta,SO,Campodolcino,9.368831613649215,46.42312127328564
14253,Precipitazione,2,mm,17/10/2012,,31/08/2026,5141127,528341,1880,1346,Campodolcino Alpe Motta,SO,Campodolcino,9.368831613649215,46.42312127328564
14255,Radiazione Globale,12,W/m²,17/10/2012,,31/08/2026,5141127,528341,1880,1346,Campodolcino Alpe Motta,SO,Campodolcino,9.368831613649215,46.42312127328564
14257,Temperatura,3,°C,17/10/2012,,31/08/2026,5141127,528341,1880,1346,Campodolcino Alpe Motta,SO,Campodolcino,9.368831613649215,46.42312127328564
14265,Umidità Relativa,11,%,17/10/2012,,31/08/2026,5141127,528341,1880,1346,Campodolcino Alpe Motta,SO,Campodolcino,9.368831613649215,46.42312127328564
14272,Velocità Vento,9,m/s,17/10/2012,,31/08/2026,5141127,528341,1880,1346,Campodolcino Alpe Motta,SO,Campodolcino,9.368831613649215,46.42312127328564
14278,Direzione Vento,10,°,14/10/2012,,31/08/2026,5089669,538832,1713,1347,Barzio Piani di Bobbio,LC,Barzio,9.501130700018628,45.959493190770175
14279,Altezza Neve,4,cm,15/10/2012,,31/08/2026,5089669,538832,1713,1347,Barzio Piani di Bobbio,LC,Barzio,9.501130700018628,45.959493190770175
14280,Precipitazione,2,mm,14/10/2012,,31/08/2026,5089669,538832,1713,1347,Barzio Piani di Bobbio,LC,Barzio,9.501130700018628,45.959493190770175
14282,Radiazione Globale,12,W/m²,14/10/2012,,31/08/2026,5089669,538832,1713,1347,Barzio Piani di Bobbio,LC,Barzio,9.501130700018628,45.959493190770175
14284,Temperatura,3,°C,14/10/2012,,31/08/2026,5089669,538832,1713,1347,Barzio Piani di Bobbio,LC,Barzio,9.501130700018628,45.959493190770175
14292,Umidità Relativa,11,%,14/10/2012,,31/08/2026,5089669,538832,1713,1347,Barzio Piani di Bobbio,LC,Barzio,9.501130700018628,45.959493190770175
14299,Velocità Vento,9,m/s,16/10/2012,,31/08/2026,5089669,538832,1713,1347,Barzio Piani di Bobbio,LC,Barzio,9.501130700018628,45.959493190770175
14301,Livello Idrometrico,1,cm,16/10/2012,01/01/2025,31/08/2026,5010486,489275,101,1348,Gambolò via Roma,PV,Gambolò,8.863332007025113,45.24778629210686
14304,Livello Idrometrico,1,cm,23/10/2012,01/01/2025,31/08/2026,5035962,538944,106,1349,Rivolta d'Adda SP 4,CR,Rivolta d'Adda,9.49826104547094,45.47609982669456
14310,Livello Idrometrico,1,cm,16/11/2012,01/01/2025,31/08/2026,5016386,529850,74,1351,Salerano sul Lambro SP115,LO,Salerano sul Lambro,9.38072792854167,45.300342308446446
14317,Temperatura,3,°C,21/10/2012,,31/08/2026,5088280,552145,510,823,Piazza Brembana vivaio,BG,Piazza Brembana,9.672774505299326,45.94610999785497
14320,Umidità Relativa,11,%,21/10/2012,,31/08/2026,5088280,552145,510,823,Piazza Brembana vivaio,BG,Piazza Brembana,9.672774505299326,45.94610999785497
14327,Velocità Vento,9,m/s,21/10/2012,,31/08/2026,5002119,643358,25,166,Mantova Lunetta2 SMR,MN,Mantova,10.823931433968303,45.15798527819923
14348,Temperatura,3,°C,09/12/2012,,31/08/2026,5090337,611798,2410,1359,Breno Lago Della Vacca,BS,Breno,10.442716428689511,45.95749683415306
14351,Umidità Relativa,11,%,09/12/2012,,31/08/2026,5090337,611798,2410,1359,Breno Lago Della Vacca,BS,Breno,10.442716428689511,45.95749683415306
14358,Direzione Vento,10,°,09/12/2012,,31/08/2026,5090337,611798,2410,1359,Breno Lago Della Vacca,BS,Breno,10.442716428689511,45.95749683415306
14363,Velocità Vento,9,m/s,09/12/2012,,31/08/2026,5090337,611798,2410,1359,Breno Lago Della Vacca,BS,Breno,10.442716428689511,45.95749683415306
14364,Altezza Neve,4,cm,09/12/2012,,31/08/2026,5090337,611798,2410,1359,Breno Lago Della Vacca,BS,Breno,10.442716428689511,45.95749683415306
14365,Precipitazione,2,mm,09/12/2012,,31/08/2026,5090337,611798,2410,1359,Breno Lago Della Vacca,BS,Breno,10.442716428689511,45.95749683415306
14367,Temperatura,3,°C,14/11/2012,,31/08/2026,5081243,572409,564,1360,Clusone SP 671,BG,Clusone,9.93312827759264,45.88094395587756
14370,Umidità Relativa,11,%,14/11/2012,,31/08/2026,5081243,572409,564,1360,Clusone SP 671,BG,Clusone,9.93312827759264,45.88094395587756
14377,Direzione Vento,10,°,16/11/2012,,31/08/2026,5081243,572409,564,1360,Clusone SP 671,BG,Clusone,9.93312827759264,45.88094395587756
14382,Velocità Vento,9,m/s,16/11/2012,,31/08/2026,5081243,572409,564,1360,Clusone SP 671,BG,Clusone,9.93312827759264,45.88094395587756
14384,Precipitazione,2,mm,21/11/2012,,31/08/2026,5081243,572409,564,1360,Clusone SP 671,BG,Clusone,9.93312827759264,45.88094395587756
14385,Radiazione Globale,12,W/m²,14/11/2012,,31/08/2026,5081243,572409,564,1360,Clusone SP 671,BG,Clusone,9.93312827759264,45.88094395587756
14399,Temperatura,3,°C,18/11/2012,,31/08/2026,5057931,603395,911,1365,Bione ,BS,Bione,10.327362884611341,45.66721826028267
14402,Umidità Relativa,11,%,18/11/2012,,31/08/2026,5057931,603395,911,1365,Bione ,BS,Bione,10.327362884611341,45.66721826028267
14405,Radiazione Globale,12,W/m²,18/11/2012,,31/08/2026,5057931,603395,911,1365,Bione ,BS,Bione,10.327362884611341,45.66721826028267
14406,Precipitazione,2,mm,18/11/2012,,31/08/2026,5057931,603395,911,1365,Bione ,BS,Bione,10.327362884611341,45.66721826028267
14411,Direzione Vento,10,°,18/11/2012,,31/08/2026,5057931,603395,911,1365,Bione ,BS,Bione,10.327362884611341,45.66721826028267
14416,Velocità Vento,9,m/s,18/11/2012,,31/08/2026,5057931,603395,911,1365,Bione ,BS,Bione,10.327362884611341,45.66721826028267
14443,Precipitazione,2,mm,12/12/2012,,31/08/2026,5098254,510895,291,1366,Porlezza torrente,CO,Porlezza,9.140799377952822,46.037773169894784
14445,Temperatura,3,°C,10/05/2013,,31/08/2026,5098254,510895,291,1366,Porlezza torrente,CO,Porlezza,9.140799377952822,46.037773169894784
14446,Umidità Relativa,11,%,12/12/2012,,31/08/2026,5098254,510895,291,1366,Porlezza torrente,CO,Porlezza,9.140799377952822,46.037773169894784
14451,Radiazione Globale,12,W/m²,12/12/2012,,31/08/2026,5098254,510895,291,1366,Porlezza torrente,CO,Porlezza,9.140799377952822,46.037773169894784
14458,Direzione Vento,10,°,12/12/2012,,31/08/2026,5098254,510895,291,1366,Porlezza torrente,CO,Porlezza,9.140799377952822,46.037773169894784
14459,Velocità Vento,9,m/s,12/12/2012,,31/08/2026,5098254,510895,291,1366,Porlezza torrente,CO,Porlezza,9.140799377952822,46.037773169894784
14471,Direzione Vento,10,°,12/12/2012,,31/08/2026,5077140,612773,775,1367,Bagolino SP669,BS,Bagolino,10.45219510920019,45.83859593812501
14472,Velocità Vento,9,m/s,12/12/2012,,31/08/2026,5077140,612773,775,1367,Bagolino SP669,BS,Bagolino,10.45219510920019,45.83859593812501
14473,Umidità Relativa,11,%,12/12/2012,,31/08/2026,5077140,612773,775,1367,Bagolino SP669,BS,Bagolino,10.45219510920019,45.83859593812501
14476,Precipitazione,2,mm,12/12/2012,,31/08/2026,5077140,612773,775,1367,Bagolino SP669,BS,Bagolino,10.45219510920019,45.83859593812501
14477,Radiazione Globale,12,W/m²,12/12/2012,,31/08/2026,5077140,612773,775,1367,Bagolino SP669,BS,Bagolino,10.45219510920019,45.83859593812501
14478,Temperatura,3,°C,12/12/2012,,31/08/2026,5077140,612773,775,1367,Bagolino SP669,BS,Bagolino,10.45219510920019,45.83859593812501
14499,Precipitazione,2,mm,19/03/2013,,31/08/2026,5073646,547333,468,1371,Brembilla ,BG,Brembilla,9.609252582119494,45.814752288377676
14500,Temperatura,3,°C,19/03/2013,,31/08/2026,5073646,547333,468,1371,Brembilla ,BG,Brembilla,9.609252582119494,45.814752288377676
14501,Umidità Relativa,11,%,19/03/2013,,31/08/2026,5073646,547333,468,1371,Brembilla ,BG,Brembilla,9.609252582119494,45.814752288377676
14508,Direzione Vento,10,°,19/03/2013,,31/08/2026,5073646,547333,468,1371,Brembilla ,BG,Brembilla,9.609252582119494,45.814752288377676
14509,Velocità Vento,9,m/s,19/03/2013,,31/08/2026,5073646,547333,468,1371,Brembilla ,BG,Brembilla,9.609252582119494,45.814752288377676
14517,Precipitazione,2,mm,25/07/2013,,31/08/2026,5108761,519145,581,1372,Garzeno ,CO,Garzeno,9.247838938891796,46.132156427614625
14518,Temperatura,3,°C,25/07/2013,,31/08/2026,5108761,519145,581,1372,Garzeno ,CO,Garzeno,9.247838938891796,46.132156427614625
14519,Umidità Relativa,11,%,25/07/2013,,31/08/2026,5108761,519145,581,1372,Garzeno ,CO,Garzeno,9.247838938891796,46.132156427614625
14527,Precipitazione,2,mm,27/03/2013,,31/08/2026,5068133,477631,241,1375,Varano Borghi ,VA,Varano Borghi,8.712323647148052,45.76639370742214
14528,Temperatura,3,°C,27/03/2013,,31/08/2026,5068133,477631,241,1375,Varano Borghi ,VA,Varano Borghi,8.712323647148052,45.76639370742214
14529,Umidità Relativa,11,%,27/03/2013,,31/08/2026,5068133,477631,241,1375,Varano Borghi ,VA,Varano Borghi,8.712323647148052,45.76639370742214
14536,Direzione Vento,10,°,27/03/2013,,31/08/2026,5068133,477631,241,1375,Varano Borghi ,VA,Varano Borghi,8.712323647148052,45.76639370742214
14537,Velocità Vento,9,m/s,27/03/2013,,31/08/2026,5068133,477631,241,1375,Varano Borghi ,VA,Varano Borghi,8.712323647148052,45.76639370742214
14545,Precipitazione,2,mm,19/04/2013,,31/08/2026,5048460,617051,291,1376,Puegnago del Garda ,BS,Puegnago del Garda,10.500343116277792,45.57982859862862
14546,Temperatura,3,°C,19/04/2013,,31/08/2026,5048460,617051,291,1376,Puegnago del Garda ,BS,Puegnago del Garda,10.500343116277792,45.57982859862862
14547,Umidità Relativa,11,%,19/04/2013,,31/08/2026,5048460,617051,291,1376,Puegnago del Garda ,BS,Puegnago del Garda,10.500343116277792,45.57982859862862
14554,Direzione Vento,10,°,19/04/2013,,31/08/2026,5048460,617051,291,1376,Puegnago del Garda ,BS,Puegnago del Garda,10.500343116277792,45.57982859862862
14555,Velocità Vento,9,m/s,19/04/2013,,31/08/2026,5048460,617051,291,1376,Puegnago del Garda ,BS,Puegnago del Garda,10.500343116277792,45.57982859862862
14565,Livello Idrometrico,1,cm,28/03/2013,01/01/2025,31/08/2026,5098299,603849,366,1377,Capo di Ponte v.Bona,BS,Capo di Ponte,10.341897414828406,46.030386813879794
14567,Precipitazione,2,mm,23/07/2013,,31/08/2026,5065781,633895,374,1378,Tignale Oldesio,BS,Tignale,10.720923575669614,45.732623757284706
14568,Temperatura,3,°C,23/07/2013,,31/08/2026,5065781,633895,374,1378,Tignale Oldesio,BS,Tignale,10.720923575669614,45.732623757284706
14569,Umidità Relativa,11,%,23/07/2013,,31/08/2026,5065781,633895,374,1378,Tignale Oldesio,BS,Tignale,10.720923575669614,45.732623757284706
14576,Direzione Vento,10,°,23/07/2013,,31/08/2026,5065781,633895,374,1378,Tignale Oldesio,BS,Tignale,10.720923575669614,45.732623757284706
14577,Velocità Vento,9,m/s,23/07/2013,,31/08/2026,5065781,633895,374,1378,Tignale Oldesio,BS,Tignale,10.720923575669614,45.732623757284706
14584,Radiazione Globale,12,W/m²,23/07/2013,,31/08/2026,5065781,633895,374,1378,Tignale Oldesio,BS,Tignale,10.720923575669614,45.732623757284706
14586,Precipitazione,2,mm,15/07/2015,,31/08/2026,5065317,625847,984,1379,Gargnano ,BS,Gargnano,10.617406772132293,45.72996009421598
14587,Temperatura,3,°C,15/07/2015,,31/08/2026,5065317,625847,984,1379,Gargnano ,BS,Gargnano,10.617406772132293,45.72996009421598
14588,Umidità Relativa,11,%,15/07/2015,,31/08/2026,5065317,625847,984,1379,Gargnano ,BS,Gargnano,10.617406772132293,45.72996009421598
14595,Direzione Vento,10,°,15/07/2015,,31/08/2026,5065317,625847,984,1379,Gargnano ,BS,Gargnano,10.617406772132293,45.72996009421598
14596,Velocità Vento,9,m/s,15/07/2015,,31/08/2026,5065317,625847,984,1379,Gargnano ,BS,Gargnano,10.617406772132293,45.72996009421598
14603,Radiazione Globale,12,W/m²,15/07/2015,,31/08/2026,5065317,625847,984,1379,Gargnano ,BS,Gargnano,10.617406772132293,45.72996009421598
14605,Precipitazione,2,mm,18/04/2013,,31/08/2026,5092705,516580,309,1380,Tremezzo ,CO,Tremezzo,9.214075142242068,45.98771660101182
14606,Temperatura,3,°C,18/04/2013,,31/08/2026,5092705,516580,309,1380,Tremezzo ,CO,Tremezzo,9.214075142242068,45.98771660101182
14607,Umidità Relativa,11,%,18/04/2013,,31/08/2026,5092705,516580,309,1380,Tremezzo ,CO,Tremezzo,9.214075142242068,45.98771660101182
14624,Livello Idrometrico,1,cm,27/03/2013,01/01/2025,31/08/2026,5067247,489587,268,1381,Castiglione Olona v. XXIV Maggio,VA,Castiglione Olona,8.866102103755221,45.75870276659118
14627,Umidità Relativa,11,%,10/04/2013,,31/08/2026,5059567,485026,274,1206,Cavaria con Premezzo v. Cantalupa,VA,Cavaria con Premezzo,8.80769106818187,45.6894933756655
14640,Direzione Vento,10,°,13/02/2013,,31/08/2026,5061268,499092,296,1233,Lurago Marinone ,CO,Lurago Marinone,8.988335470497079,45.70496503253157
14641,Velocità Vento,9,m/s,13/02/2013,,31/08/2026,5061268,499092,296,1233,Lurago Marinone ,CO,Lurago Marinone,8.988335470497079,45.70496503253157
14645,Temperatura,3,°C,19/07/2013,,31/08/2026,5102054,482122,1302,1382,Veddasca Monte Cadrigna,VA,Veddasca,8.768815132883102,46.071827075900714
14648,Umidità Relativa,11,%,19/07/2013,,31/08/2026,5102054,482122,1302,1382,Veddasca Monte Cadrigna,VA,Veddasca,8.768815132883102,46.071827075900714
14651,Direzione Vento,10,°,19/07/2013,,31/08/2026,5102054,482122,1302,1382,Veddasca Monte Cadrigna,VA,Veddasca,8.768815132883102,46.071827075900714
14652,Velocità Vento,9,m/s,19/07/2013,,31/08/2026,5102054,482122,1302,1382,Veddasca Monte Cadrigna,VA,Veddasca,8.768815132883102,46.071827075900714
14661,Precipitazione,2,mm,19/07/2013,,31/08/2026,5102054,482122,1302,1382,Veddasca Monte Cadrigna,VA,Veddasca,8.768815132883102,46.071827075900714
14664,Precipitazione,2,mm,02/11/2012,,31/08/2026,5057824,592468,290,1383,Sarezzo v.della Fonte,BS,Sarezzo,10.187096209540787,45.667798979117094
14665,Temperatura,3,°C,02/11/2012,,31/08/2026,5057824,592468,290,1383,Sarezzo v.della Fonte,BS,Sarezzo,10.187096209540787,45.667798979117094
14667,Umidità Relativa,11,%,02/11/2012,,31/08/2026,5057824,592468,290,1383,Sarezzo v.della Fonte,BS,Sarezzo,10.187096209540787,45.667798979117094
14668,Direzione Vento,10,°,05/06/2013,,31/08/2026,5057824,592468,290,1383,Sarezzo v.della Fonte,BS,Sarezzo,10.187096209540787,45.667798979117094
14669,Velocità Vento,9,m/s,05/06/2013,,31/08/2026,5057824,592468,290,1383,Sarezzo v.della Fonte,BS,Sarezzo,10.187096209540787,45.667798979117094
14684,Temperatura,3,°C,20/03/2014,,31/08/2026,5126494,526127,1362,1420,Gordona ,SO,Gordona,9.339203152914003,46.29151911108225
14687,Umidità Relativa,11,%,20/03/2014,,31/08/2026,5126494,526127,1362,1420,Gordona ,SO,Gordona,9.339203152914003,46.29151911108225
14690,Direzione Vento,10,°,14/04/2014,,31/08/2026,5126494,526127,1362,1420,Gordona ,SO,Gordona,9.339203152914003,46.29151911108225
14691,Velocità Vento,9,m/s,20/03/2014,,31/08/2026,5126494,526127,1362,1420,Gordona ,SO,Gordona,9.339203152914003,46.29151911108225
14700,Precipitazione,2,mm,20/03/2014,,31/08/2026,5126494,526127,1362,1420,Gordona ,SO,Gordona,9.339203152914003,46.29151911108225
14702,Direzione Vento,10,°,19/06/2014,,31/08/2026,4973248,515391,501,856,Fortunago ,PV,Fortunago,9.19498278361844,44.91249258332523
14703,Velocità Vento,9,m/s,11/12/2013,,31/08/2026,4973248,515391,501,856,Fortunago ,PV,Fortunago,9.19498278361844,44.91249258332523
14712,Precipitazione,2,mm,13/10/2014,,31/08/2026,5053559,523312,180,868,Lesmo Peregallo,MB,Lesmo,9.299103363640635,45.635186403441935
14714,Direzione Vento,10,°,30/12/2014,,31/08/2026,5102069,518430,1285,1545,San Siro Alpe Rescascìa,CO,San Siro,9.238323435918263,46.07194741796373
14715,Velocità Vento,9,m/s,30/12/2014,,31/08/2026,5102069,518430,1285,1545,San Siro Alpe Rescascìa,CO,San Siro,9.238323435918263,46.07194741796373
14724,Precipitazione,2,mm,30/12/2014,,31/08/2026,5102069,518430,1285,1545,San Siro Alpe Rescascìa,CO,San Siro,9.238323435918263,46.07194741796373
14725,Temperatura,3,°C,30/12/2014,,31/08/2026,5102069,518430,1285,1545,San Siro Alpe Rescascìa,CO,San Siro,9.238323435918263,46.07194741796373
14728,Umidità Relativa,11,%,30/12/2014,,31/08/2026,5102069,518430,1285,1545,San Siro Alpe Rescascìa,CO,San Siro,9.238323435918263,46.07194741796373
14731,Direzione Vento,10,°,29/12/2014,,31/08/2026,4947846,517168,1363,857,Santa Margherita di Staffora Passo del Giovà,PV,Santa Margherita di Staffora,9.216637428085015,44.68377850349271
14732,Velocità Vento,9,m/s,29/12/2014,,31/08/2026,4947846,517168,1363,857,Santa Margherita di Staffora Passo del Giovà,PV,Santa Margherita di Staffora,9.216637428085015,44.68377850349271
14741,Precipitazione,2,mm,24/02/2015,,31/08/2026,5040479,506867,143,1546,Rho Scalo Fiorenza - Prato,MI,Rho,9.087923300302444,45.51781084680174
14742,Temperatura,3,°C,24/02/2015,,31/08/2026,5040479,506867,143,1546,Rho Scalo Fiorenza - Prato,MI,Rho,9.087923300302444,45.51781084680174
14745,Umidità Relativa,11,%,24/02/2015,,31/08/2026,5040479,506867,143,1546,Rho Scalo Fiorenza - Prato,MI,Rho,9.087923300302444,45.51781084680174
14748,Direzione Vento,10,°,24/02/2015,,31/08/2026,5040421,507155,143,1547,Rho Scalo Fiorenza - Tetto,MI,Rho,9.091609926370024,45.51728588548616
14749,Velocità Vento,9,m/s,24/02/2015,,31/08/2026,5040421,507155,143,1547,Rho Scalo Fiorenza - Tetto,MI,Rho,9.091609926370024,45.51728588548616
14759,Livello Idrometrico,1,cm,14/06/2015,01/01/2025,31/08/2026,5081001,591075,205,1549,Darfo Boario Terme Cav. Vittorio Veneto,BS,Darfo Boario Terme,10.173583687176388,45.87654905447647
14765,Precipitazione,2,mm,13/08/2015,,31/08/2026,5036208,553342,104,1553,Mozzanica v.Donizetti,BG,Mozzanica,9.682488661964873,45.47736192966817
14766,Temperatura,3,°C,20/07/2015,,31/08/2026,5036208,553342,104,1553,Mozzanica v.Donizetti,BG,Mozzanica,9.682488661964873,45.47736192966817
14769,Umidità Relativa,11,%,20/07/2015,,31/08/2026,5036208,553342,104,1553,Mozzanica v.Donizetti,BG,Mozzanica,9.682488661964873,45.47736192966817
14772,Direzione Vento,10,°,20/07/2015,,31/08/2026,5036208,553342,104,1553,Mozzanica v.Donizetti,BG,Mozzanica,9.682488661964873,45.47736192966817
14773,Velocità Vento,9,m/s,20/07/2015,,31/08/2026,5036208,553342,104,1553,Mozzanica v.Donizetti,BG,Mozzanica,9.682488661964873,45.47736192966817
14782,Direzione Vento,10,°,09/05/2017,,31/08/2026,5044545,622300,73,1555,Manerba del Garda Dusano,BS,Manerba del Garda,10.566619674481512,45.543699410353824
14783,Velocità Vento,9,m/s,09/05/2017,,31/08/2026,5044545,622300,73,1555,Manerba del Garda Dusano,BS,Manerba del Garda,10.566619674481512,45.543699410353824
16421,Velocità Vento,9,m/s,10/07/2012,,31/08/2026,5140927,614872,1730,14,S. Caterina,SO,Valfurva,10.494659427896964,46.41214801120555
16422,Direzione Vento,10,°,10/07/2012,,31/08/2026,5140927,614872,1730,14,S. Caterina,SO,Valfurva,10.494659427896964,46.41214801120555
16430,Temperatura,3,°C,06/08/2012,,31/08/2026,5104935,526026,1110,1338,Monte Letee,LC,Sueglio,9.336704838476592,46.09749456616845
16431,Precipitazione,2,mm,06/08/2012,,31/08/2026,5104935,526026,1110,1338,Monte Letee,LC,Sueglio,9.336704838476592,46.09749456616845
16462,Precipitazione,2,mm,04/10/2012,,31/08/2026,5113101,606325,1310,1340,Pal alta,BS,Sonico,10.377194242480396,46.16318913141494
16463,Temperatura,3,°C,04/10/2012,,31/08/2026,5113101,606325,1310,1340,Pal alta,BS,Sonico,10.377194242480396,46.16318913141494
17001,Temperatura,3,°C,10/10/2011,,31/08/2026,4995675,584111,36,1303,Cremona v.Gerre Borghi,CR,Cremona,10.069230734956626,45.10953938027905
17002,Umidità Relativa,11,%,20/09/2011,,31/08/2026,4995675,584111,36,1303,Cremona v.Gerre Borghi,CR,Cremona,10.069230734956626,45.10953938027905
17003,Radiazione Globale,12,W/m²,20/09/2011,,31/08/2026,4995675,584111,36,1303,Cremona v.Gerre Borghi,CR,Cremona,10.069230734956626,45.10953938027905
17131,Precipitazione,2,mm,10/10/2011,,31/08/2026,4995675,584111,36,1303,Cremona v.Gerre Borghi,CR,Cremona,10.069230734956626,45.10953938027905
17359,Umidità Relativa,11,%,01/01/2011,,11/02/2021,5109365,543448,242,49,Morbegno,SO,Morbegno,9.562494316893757,46.13647722462978
17360,Temperatura,3,°C,06/05/2015,,31/08/2026,5078508,593267,1035,1548,Val Vedetta,BS,Gianico,10.2013399975119,45.853822049179854
17361,Precipitazione,2,mm,06/05/2015,,31/08/2026,5078508,593267,1035,1548,Val Vedetta,BS,Gianico,10.2013399975119,45.853822049179854
17418,Velocità Vento,9,m/s,22/03/2018,,31/08/2026,4987916,517630,77,1862,Broni ,PV,Broni,9.223860816958007,45.044480393447785
17419,Direzione Vento,10,°,22/03/2018,,31/08/2026,4987916,517630,77,1862,Broni ,PV,Broni,9.223860816958007,45.044480393447785
17429,Radiazione Globale,12,W/m²,22/03/2018,,31/08/2026,4987916,517630,77,1862,Broni ,PV,Broni,9.223860816958007,45.044480393447785
17432,Temperatura,3,°C,22/03/2018,,31/08/2026,4987916,517630,77,1862,Broni ,PV,Broni,9.223860816958007,45.044480393447785
17435,Umidità Relativa,11,%,22/03/2018,,31/08/2026,4987916,517630,77,1862,Broni ,PV,Broni,9.223860816958007,45.044480393447785
17437,Precipitazione,2,mm,22/03/2018,,31/08/2026,4987916,517630,77,1862,Broni ,PV,Broni,9.223860816958007,45.044480393447785
17443,Temperatura,3,°C,13/07/2018,,31/08/2026,5086804,600114,472,1692,Bienno Piazze,BS,Bienno,10.291240949697203,45.92751023612014
17446,Precipitazione,2,mm,13/07/2018,,31/08/2026,5086804,600114,472,1692,Bienno Piazze,BS,Bienno,10.291240949697203,45.92751023612014
17448,Livello Idrometrico,1,cm,12/10/2018,,31/08/2026,5037842,540270,105,1870,Rivolta d'Adda Monfalcone,CR,Rivolta d'Adda,9.515379878482676,45.49294606210884
17450,Precipitazione,2,mm,27/11/2018,,31/08/2026,5060849,582076,185,1871,Tavernola Bergamasca Gallinarga,BG,Tavernola Bergamasca,10.05422003595496,45.696330206239665
17451,Temperatura,3,°C,27/11/2018,,31/08/2026,5060849,582076,185,1871,Tavernola Bergamasca Gallinarga,BG,Tavernola Bergamasca,10.05422003595496,45.696330206239665
17454,Velocità Vento,9,m/s,27/11/2018,,31/08/2026,5060849,582076,185,1871,Tavernola Bergamasca Gallinarga,BG,Tavernola Bergamasca,10.05422003595496,45.696330206239665
17456,Direzione Vento,10,°,27/11/2018,,31/08/2026,5060849,582076,185,1871,Tavernola Bergamasca Gallinarga,BG,Tavernola Bergamasca,10.05422003595496,45.696330206239665
17459,Precipitazione,2,mm,26/09/2018,,31/08/2026,5081375,520268,554,1872,Lasnigo s.Alessandro,CO,Lasnigo,9.261213608002784,45.88564351092996
17460,Temperatura,3,°C,26/09/2018,,31/08/2026,5081375,520268,554,1872,Lasnigo s.Alessandro,CO,Lasnigo,9.261213608002784,45.88564351092996
17463,Umidità Relativa,11,%,26/09/2018,,31/08/2026,5081375,520268,554,1872,Lasnigo s.Alessandro,CO,Lasnigo,9.261213608002784,45.88564351092996
17464,Radiazione Globale,12,W/m²,21/10/2018,,31/08/2026,5097125,566799,1955,58,Carona Lago Fregabolgia,BG,Carona,9.863057198828885,46.024439873069085
17465,Umidità Relativa,11,%,21/10/2018,,31/08/2026,5097125,566799,1955,58,Carona Lago Fregabolgia,BG,Carona,9.863057198828885,46.024439873069085
17468,Velocità Vento,9,m/s,21/10/2018,,31/08/2026,5097125,566799,1955,58,Carona Lago Fregabolgia,BG,Carona,9.863057198828885,46.024439873069085
17470,Direzione Vento,10,°,21/10/2018,,31/08/2026,5097125,566799,1955,58,Carona Lago Fregabolgia,BG,Carona,9.863057198828885,46.024439873069085
17472,Umidità Relativa,11,%,27/11/2018,,31/08/2026,5060849,582076,185,1871,Tavernola Bergamasca Gallinarga,BG,Tavernola Bergamasca,10.05422003595496,45.696330206239665
17473,Radiazione Globale,12,W/m²,26/09/2018,,31/08/2026,5083535,518233,1158,1679,Sormano rifugio Alpetto,CO,Sormano,9.235068813288438,45.90514139039922
17474,Radiazione Globale,12,W/m²,27/09/2018,,31/08/2026,5102054,482122,1302,1382,Veddasca Monte Cadrigna,VA,Veddasca,8.768815132883102,46.071827075900714
17475,Radiazione Globale,12,W/m²,26/09/2018,,31/08/2026,5102069,518430,1285,1545,San Siro Alpe Rescascìa,CO,San Siro,9.238323435918263,46.07194741796373
17476,Radiazione Globale,12,W/m²,26/09/2018,,31/08/2026,5126494,526127,1362,1420,Gordona ,SO,Gordona,9.339203152914003,46.29151911108225
17477,Radiazione Globale,12,W/m²,28/09/2018,,31/08/2026,4947846,517168,1363,857,Santa Margherita di Staffora Passo del Giovà,PV,Santa Margherita di Staffora,9.216637428085015,44.68377850349271
17479,Radiazione Globale,12,W/m²,28/12/2018,,31/08/2026,5026799,491367,115,1873,Abbiategrasso Strada Casalina,MI,Abbiategrasso,8.889705636733675,45.39465495025234
17481,Velocità Vento,9,m/s,28/12/2018,,31/08/2026,5026799,491367,115,1873,Abbiategrasso Strada Casalina,MI,Abbiategrasso,8.889705636733675,45.39465495025234
17483,Direzione Vento,10,°,27/12/2018,,31/08/2026,5026799,491367,115,1873,Abbiategrasso Strada Casalina,MI,Abbiategrasso,8.889705636733675,45.39465495025234
17487,Precipitazione,2,mm,13/11/2018,,31/08/2026,5033848,488617,137,1874,Magenta cascina Mainaga,MI,Magenta,8.854408992642734,45.458065243816364
17488,Temperatura,3,°C,30/10/2018,,31/08/2026,5033844,488621,137,1874,Magenta cascina Mainaga,MI,Magenta,8.854460245957537,45.458029304321016
17491,Umidità Relativa,11,%,30/10/2018,,31/08/2026,5033844,488621,137,1874,Magenta cascina Mainaga,MI,Magenta,8.854460245957537,45.458029304321016
17498,Livello Idrometrico,1,cm,19/11/2018,01/01/2025,31/08/2026,5024991,515066,98,1875,Opera Ponte Matteotti,MI,Opera,9.192426151446817,45.37827173511769
17501,Radiazione Globale,12,W/m²,21/10/2018,,31/08/2026,5003026,511523,71,817,Pavia SS 35,PV,Pavia,9.146664116232387,45.18062204522981
17502,Velocità Vento,9,m/s,21/10/2018,,31/08/2026,5003026,511523,71,817,Pavia SS 35,PV,Pavia,9.146664116232387,45.18062204522981
17504,Direzione Vento,10,°,21/10/2018,,31/08/2026,5003026,511523,71,817,Pavia SS 35,PV,Pavia,9.146664116232387,45.18062204522981
17506,Radiazione Globale,12,W/m²,21/10/2018,,31/08/2026,4987208,680433,10,816,Sermide e Felonica SP 91,MN,Sermide e Felonica,11.289925972511758,45.015363087250606
17507,Velocità Vento,9,m/s,21/10/2018,,31/08/2026,4987208,680433,10,816,Sermide e Felonica SP 91,MN,Sermide e Felonica,11.289925972511758,45.015363087250606
17509,Direzione Vento,10,°,21/10/2018,,31/08/2026,4987208,680433,10,816,Sermide e Felonica SP 91,MN,Sermide e Felonica,11.289925972511758,45.015363087250606
17511,Radiazione Globale,12,W/m²,21/10/2018,,31/08/2026,4973248,515391,501,856,Fortunago ,PV,Fortunago,9.19498278361844,44.91249258332523
17518,Radiazione Globale,12,W/m²,21/10/2018,,31/08/2026,5068133,477631,241,1375,Varano Borghi ,VA,Varano Borghi,8.712323647148052,45.76639370742214
17527,Radiazione Globale,12,W/m²,21/10/2018,,31/08/2026,5057377,574538,197,874,Sarnico v. Roma,BG,Sarnico,9.956880147526103,45.665935972559275
17528,Radiazione Globale,12,W/m²,21/10/2018,,31/08/2026,5044545,622300,73,1555,Manerba del Garda Dusano,BS,Manerba del Garda,10.566619674481512,45.543699410353824
17533,Umidità Relativa,11,%,07/01/2019,,31/08/2026,5133847,604242,950,3,Sondalo Le Prese,SO,Sondalo,10.354811516997517,46.35017157750913
17536,Umidità Relativa,11,%,26/06/2019,,31/08/2026,5131088,539415,665,60,Villa di Chiavenna ,SO,Villa di Chiavenna,9.512099032917916,46.33222085568214
17537,Velocità Vento,9,m/s,26/06/2019,,31/08/2026,5130930,538478,665,60,Villa di Chiavenna ,SO,Villa di Chiavenna,9.499912589893292,46.33085280970239
17540,Direzione Vento,10,°,26/06/2019,,31/08/2026,5130930,538478,665,60,Villa di Chiavenna ,SO,Villa di Chiavenna,9.499912589893292,46.33085280970239
17545,Umidità Relativa,11,%,28/12/2018,,31/08/2026,5124452,568154,988,33,Lanzada Ganda,SO,Lanzada,9.884492288726136,46.27022316838085
17548,Livello Idrometrico,1,cm,16/01/2019,01/01/2025,31/08/2026,5118018,588720,416,1876,Tirano Via Poschiavino,SO,Tirano,10.150135903980447,46.20995305242776
17551,Precipitazione,2,mm,19/11/2018,,31/08/2026,5008934,609678,38,1877,Asola v.Industria,MN,Asola,10.39707081528156,45.225352252497025
17552,Temperatura,3,°C,19/11/2018,,31/08/2026,5008934,609678,38,1877,Asola v.Industria,MN,Asola,10.39707081528156,45.225352252497025
17556,Livello Idrometrico,1,cm,15/11/2018,01/01/2025,31/08/2026,5034552,609726,125,1878,Calcinato Ponte Santa Maria,BS,Calcinato,10.403366658547155,45.455873329225895
17561,Precipitazione,2,mm,13/12/2018,,31/08/2026,5028666,610666,92,1879,Montichiari Boschetti,BS,Montichiari,10.414061919211726,45.40275984099292
17562,Temperatura,3,°C,13/12/2018,,31/08/2026,5028666,610666,92,1879,Montichiari Boschetti,BS,Montichiari,10.414061919211726,45.40275984099292
17565,Radiazione Globale,12,W/m²,13/12/2018,,31/08/2026,5028666,610666,92,1879,Montichiari Boschetti,BS,Montichiari,10.414061919211726,45.40275984099292
17567,Velocità Vento,9,m/s,30/11/2018,,31/08/2026,4957210,518916,575,858,Santa Margherita di Staffora Casanova,PV,Santa Margherita di Staffora,9.239041605384289,44.768031908915574
17568,Direzione Vento,10,°,30/11/2018,,31/08/2026,4957210,518916,575,858,Santa Margherita di Staffora Casanova,PV,Santa Margherita di Staffora,9.239041605384289,44.768031908915574
17572,Precipitazione,2,mm,05/12/2018,,31/08/2026,4996463,484923,84,1880,Lomello Cantona,PV,Lomello,8.808299136909946,45.121477251711994
17573,Temperatura,3,°C,05/12/2018,,31/08/2026,4996463,484923,84,1880,Lomello Cantona,PV,Lomello,8.808299136909946,45.121477251711994
17578,Livello Idrometrico,1,cm,14/12/2018,01/01/2025,31/08/2026,4990048,490350,76,1881,Mezzana Bigli Passerella,PV,Mezzana Bigli,8.877425675828277,45.063825940009366
17580,Temperatura,3,°C,20/08/2016,,31/08/2026,5098634,561423,1954,847,Carona Carisole,BG,Carona,9.793799590056658,46.03852339400269
17583,Umidità Relativa,11,%,20/08/2016,,31/08/2026,5098634,561423,1954,847,Carona Carisole,BG,Carona,9.793799590056658,46.03852339400269
17585,Temperatura,3,°C,01/01/2008,,31/08/2026,5119691,544851,2280,1889,Val Masino Merdarola,SO,Val Masino,9.581636351731118,46.22931618795484
17588,Direzione Vento,10,°,01/08/2019,,31/08/2026,5119691,544851,2280,1889,Val Masino Merdarola,SO,Val Masino,9.581636351731118,46.22931618795484
17589,Velocità Vento,9,m/s,01/08/2019,,31/08/2026,5119691,544851,2280,1889,Val Masino Merdarola,SO,Val Masino,9.581636351731118,46.22931618795484
17592,Altezza Neve,4,cm,21/12/2007,,31/08/2026,5119691,544851,2280,1889,Val Masino Merdarola,SO,Val Masino,9.581636351731118,46.22931618795484
17593,Radiazione Globale,12,W/m²,01/08/2019,,31/08/2026,5119691,544851,2280,1889,Val Masino Merdarola,SO,Val Masino,9.581636351731118,46.22931618795484
17600,Precipitazione,2,mm,01/08/2019,,31/08/2026,5119691,544851,2280,1889,Val Masino Merdarola,SO,Val Masino,9.581636351731118,46.22931618795484
17612,Altezza Neve,4,cm,07/11/2019,,31/08/2026,5102069,518430,1285,1545,San Siro Alpe Rescascìa,CO,San Siro,9.238323435918263,46.07194741796373
17615,Velocità Vento,9,m/s,21/02/2019,,31/08/2026,5094539,480080,205,859,Luino v. Piero Chiara,VA,Luino,8.742723870723797,46.00413416405927
17616,Direzione Vento,10,°,21/02/2019,,31/08/2026,5094539,480080,205,859,Luino v. Piero Chiara,VA,Luino,8.742723870723797,46.00413416405927
18261,Livello Idrometrico,1,cm,29/07/2018,01/01/2025,31/08/2026,5004817,524815,73,1864,Vistarino ,PV,Vistarino,9.315931251685125,45.19640116679922
18264,Livello Idrometrico,1,cm,27/07/2018,01/01/2025,31/08/2026,5075911,505257,205,1865,Cernobbio Ponte Nuovo,CO,Cernobbio,9.067692742417412,45.83674293019494
18267,Livello Idrometrico,1,cm,31/08/2018,01/01/2025,31/08/2026,5013473,594870,44,1867,Pralboino SP64,BS,Pralboino,10.209359556545747,45.26835250965111
18270,Livello Idrometrico,1,cm,26/09/2018,01/01/2025,31/08/2026,4997057,620259,27,1868,Marcaria Argine Oglio,MN,Marcaria,10.528941915226888,45.11674983101467
18298,Livello Idrometrico,1,cm,08/11/2018,01/01/2025,31/08/2026,5113409,531290,201,1869,Sorico Ponte del Passo,CO,Sorico,9.405364142503473,46.173538872306835
19004,Velocità Vento,9,m/s,23/09/2013,,31/08/2026,5035847,511082,122,503,Milano P.zza Zavattari,MI,Milano,9.141786267186678,45.47606340510506
19007,Velocità Vento,9,m/s,25/03/2014,,01/09/2026,5035365,514782,122,620,Milano v.Brera,MI,Milano,9.189110383708865,45.47165629325016
19010,Velocità Vento,9,m/s,12/11/2013,,30/10/2020,5055150,477613,210,559,Somma Lombardo v.Facchinetti,VA,Somma Lombardo,8.712691458284754,45.64953712729971
19016,Velocità Vento,9,m/s,31/10/2013,,23/10/2014,5057636,518272,250,512,Carate Brianza v.De Gasperi,MB,Carate Brianza,9.234591699392151,45.672033734873644
19019,Velocità Vento,9,m/s,29/10/2013,,01/09/2026,5038105,514918,129,501,Milano v.Marche,MI,Milano,9.190933555313649,45.49631644365817
19022,Temperatura,3,°C,01/10/2013,,24/07/2025,5060404,552526,249,1422,Bergamo v.Maffei,BG,Bergamo,9.674652773656426,45.69519693979695
19023,Umidità Relativa,11,%,01/10/2013,,24/07/2025,5060404,552526,249,1422,Bergamo v.Maffei,BG,Bergamo,9.674652773656426,45.69519693979695
19024,Radiazione Globale,12,W/m²,06/11/2013,,24/07/2025,5060404,552526,249,1422,Bergamo v.Maffei,BG,Bergamo,9.674652773656426,45.69519693979695
19026,Precipitazione,2,mm,01/10/2013,,24/07/2025,5060404,552526,249,1422,Bergamo v.Maffei,BG,Bergamo,9.674652773656426,45.69519693979695
19042,Velocità Vento,9,m/s,12/11/2013,,10/12/2018,5048975,479783,204,557,Lonate Pozzolo v.Veneto,VA,Lonate Pozzolo,8.740796576539166,45.59402351711583
19045,Velocità Vento,9,m/s,11/11/2013,,31/08/2026,5051773,481053,215,687,Ferno v.Di Dio,VA,Ferno,8.7569704454534,45.61924377995491
19051,Velocità Vento,9,m/s,26/11/2013,,10/12/2018,5050810,488313,222,555,Busto Arsizio v.Magenta,VA,Busto Arsizio,8.850115752092051,45.610736040019866
19058,Velocità Vento,9,m/s,31/10/2013,,31/08/2026,5031403,507619,119,525,Corsico v.le Italia,MI,Corsico,9.097410841871486,45.43610851010621
19061,Velocità Vento,9,m/s,30/10/2013,,19/03/2026,5019010,510543,97,535,Lacchiarella v.Molise,MI,Lacchiarella,9.134530024291461,45.324517397825694
19064,Velocità Vento,9,m/s,30/10/2013,,31/08/2026,5073499,505203,201,646,Como Villa Gallia,CO,Como,9.066971364055638,45.81503385948939
19100,Velocità Vento,9,m/s,24/01/2014,,01/09/2026,5075429,585212,192,586,Costa Volpino v.Nazionale,BG,Costa Volpino,10.097061724186457,45.82715793877022
19103,Velocità Vento,9,m/s,30/01/2014,,01/09/2026,5062715,553620,290,594,Bergamo v.Goisis,BG,Bergamo,9.688958745309854,45.71591246985958
19106,Velocità Vento,9,m/s,30/01/2014,,31/08/2026,5052072,547691,182,596,Osio Sotto v.per Levate,BG,Osio Sotto,9.61173782181245,45.62055567940286
19109,Velocità Vento,9,m/s,03/12/2013,,01/09/2026,5109468,529713,229,573,Colico v.La Madoneta,LC,Colico,9.384687247651847,46.13814090513419
19112,Velocità Vento,9,m/s,17/12/2013,,18/10/2019,5066429,520613,310,575,Nibionno v.della Chiesa,LC,Nibionno,9.265020964805577,45.75111126162522
19115,Velocità Vento,9,m/s,17/12/2013,,31/08/2026,5078987,531045,272,706,Lecco v.Sora,LC,Lecco,9.399950344681905,45.863748841287176
19121,Velocità Vento,9,m/s,24/01/2014,,29/09/2015,5108901,543736,262,572,Morbegno v.Cortivacci,SO,Morbegno,9.566179893984554,46.13228296001154
19124,Velocità Vento,9,m/s,24/01/2014,,22/01/2019,5113073,567873,290,1264,Sondrio v.Paribelli,SO,Sondrio,9.879209924470027,46.16785244067298
19148,Velocità Vento,9,m/s,25/11/2013,,31/08/2026,5053519,543342,190,595,Filago v.Don Milani,BG,Filago,9.556084255790937,45.633864509087935
19159,Direzione Vento,10,°,19/11/2013,,01/09/2026,5000087,573153,48,1297,Spinadesco v.Battisti,CR,Spinadesco,9.93059647227244,45.150468869863694
19160,Velocità Vento,9,m/s,19/11/2013,,01/09/2026,5000087,573153,48,1297,Spinadesco v.Battisti,CR,Spinadesco,9.93059647227244,45.150468869863694
19165,Velocità Vento,9,m/s,18/06/2014,,31/08/2026,5076576,527307,247,679,Valmadrera v.Pozzi,LC,Valmadrera,9.351658166128004,45.842207261030026
19178,Direzione Vento,10,°,22/11/2013,,31/08/2026,4995675,584111,36,1303,Cremona v.Gerre Borghi,CR,Cremona,10.069230734956626,45.10953938027905
19179,Velocità Vento,9,m/s,22/11/2013,,31/08/2026,4995675,584111,36,1303,Cremona v.Gerre Borghi,CR,Cremona,10.069230734956626,45.10953938027905
19242,Velocità Vento,9,m/s,03/03/2014,,31/08/2026,5035546,517377,122,502,Milano v.Juvara,MI,Milano,9.222315138737498,45.4732257085843
19282,Temperatura,3,°C,28/01/2017,,31/08/2026,5090402,534927,574,1513,Introbio al bivio,LC,Introbio,9.450791468614335,45.966300147123725
19283,Umidità Relativa,11,%,22/06/2018,,31/08/2026,5090402,534927,574,1513,Introbio al bivio,LC,Introbio,9.450791468614335,45.966300147123725
19293,Temperatura,3,°C,08/05/2018,,31/08/2026,5072042,536210,633,1514,Carenno centro sportivo,LC,Carenno,9.46596663838802,45.80098941457167
19294,Umidità Relativa,11,%,08/05/2018,,31/08/2026,5072042,536210,633,1514,Carenno centro sportivo,LC,Carenno,9.46596663838802,45.80098941457167
19295,Precipitazione,2,mm,18/07/2014,,31/08/2026,5072042,536210,633,1514,Carenno centro sportivo,LC,Carenno,9.46596663838802,45.80098941457167
19300,Velocità Vento,9,m/s,30/07/2014,,31/08/2026,5072042,536210,633,1514,Carenno centro sportivo,LC,Carenno,9.46596663838802,45.80098941457167
19301,Direzione Vento,10,°,18/07/2014,,31/08/2026,5072042,536210,633,1514,Carenno centro sportivo,LC,Carenno,9.46596663838802,45.80098941457167
19307,Temperatura,3,°C,21/11/2014,,31/08/2026,5112733,535367,993,1518,Dubino La Piazza,SO,Dubino,9.458129833044888,46.16725552939226
19308,Umidità Relativa,11,%,21/11/2014,,31/08/2026,5112733,535367,993,1518,Dubino La Piazza,SO,Dubino,9.458129833044888,46.16725552939226
19309,Precipitazione,2,mm,21/11/2014,,31/08/2026,5112733,535367,993,1518,Dubino La Piazza,SO,Dubino,9.458129833044888,46.16725552939226
19333,Temperatura,3,°C,08/07/2015,,31/08/2026,5099899,532481,910,1551,Premana v.Luciani papa,LC,Premana,9.41986886115111,46.051894150587984
19334,Umidità Relativa,11,%,08/07/2015,,31/08/2026,5099899,532481,910,1551,Premana v.Luciani papa,LC,Premana,9.41986886115111,46.051894150587984
19335,Precipitazione,2,mm,08/07/2015,,31/08/2026,5099899,532481,910,1551,Premana v.Luciani papa,LC,Premana,9.41986886115111,46.051894150587984
19340,Velocità Vento,9,m/s,08/07/2015,,31/08/2026,5099899,532481,910,1551,Premana v.Luciani papa,LC,Premana,9.41986886115111,46.051894150587984
19341,Direzione Vento,10,°,08/07/2015,,31/08/2026,5099899,532481,910,1551,Premana v.Luciani papa,LC,Premana,9.41986886115111,46.051894150587984
19342,Temperatura,3,°C,03/12/2015,,31/08/2026,5126642,531883,1035,1556,Prata Camportaccio Pratella,SO,Prata Camportaccio,9.413940720445481,46.29260494827877
19343,Umidità Relativa,11,%,03/12/2015,,31/08/2026,5126642,531883,1035,1556,Prata Camportaccio Pratella,SO,Prata Camportaccio,9.413940720445481,46.29260494827877
19344,Precipitazione,2,mm,03/12/2015,,31/08/2026,5126642,531883,1035,1556,Prata Camportaccio Pratella,SO,Prata Camportaccio,9.413940720445481,46.29260494827877
19345,Temperatura,3,°C,14/07/2016,,31/08/2026,5041631,617629,187,1560,Padenghe sul Garda v.Fondrini,BS,Padenghe sul Garda,10.50610692701196,45.518284134631564
19346,Umidità Relativa,11,%,14/07/2016,,31/08/2026,5041631,617629,187,1560,Padenghe sul Garda v.Fondrini,BS,Padenghe sul Garda,10.50610692701196,45.518284134631564
19347,Precipitazione,2,mm,14/07/2016,,31/08/2026,5041631,617629,187,1560,Padenghe sul Garda v.Fondrini,BS,Padenghe sul Garda,10.50610692701196,45.518284134631564
19352,Velocità Vento,9,m/s,19/02/2016,,31/08/2026,5041631,617629,187,1560,Padenghe sul Garda v.Fondrini,BS,Padenghe sul Garda,10.50610692701196,45.518284134631564
19353,Direzione Vento,10,°,14/07/2016,,31/08/2026,5041631,617629,187,1560,Padenghe sul Garda v.Fondrini,BS,Padenghe sul Garda,10.50610692701196,45.518284134631564
19354,Temperatura,3,°C,23/12/2016,,31/08/2026,5082687,491668,275,1561,Porto Ceresio campo sportivo,VA,Porto Ceresio,8.892594109920573,45.8977002636299
19355,Umidità Relativa,11,%,23/12/2016,,31/08/2026,5082687,491668,275,1561,Porto Ceresio campo sportivo,VA,Porto Ceresio,8.892594109920573,45.8977002636299
19356,Precipitazione,2,mm,23/12/2016,,31/08/2026,5082687,491668,275,1561,Porto Ceresio campo sportivo,VA,Porto Ceresio,8.892594109920573,45.8977002636299
19363,Temperatura,3,°C,05/07/2016,,31/08/2026,5101755,523618,198,1559,Dervio v.S.Cecilia,LC,Dervio,9.305394454628031,46.06896181725319
19364,Umidità Relativa,11,%,05/07/2016,,31/08/2026,5101755,523618,198,1559,Dervio v.S.Cecilia,LC,Dervio,9.305394454628031,46.06896181725319
19365,Precipitazione,2,mm,03/05/2016,,31/08/2026,5101755,523618,198,1559,Dervio v.S.Cecilia,LC,Dervio,9.305394454628031,46.06896181725319
19373,Precipitazione,2,mm,11/07/2016,,31/08/2026,5035365,514782,122,620,Milano v.Brera,MI,Milano,9.189110383708865,45.47165629325016
19374,Radiazione Globale,12,W/m²,08/07/2016,,31/08/2026,5035365,514782,122,620,Milano v.Brera,MI,Milano,9.189110383708865,45.47165629325016
19375,Temperatura,3,°C,28/07/2016,,31/08/2026,5109394,545135,230,1651,Morbegno eliporto,SO,Morbegno,9.584336490055698,46.13662865967249
19376,Umidità Relativa,11,%,23/09/2016,,31/08/2026,5109394,545135,230,1651,Morbegno eliporto,SO,Morbegno,9.584336490055698,46.13662865967249
19377,Precipitazione,2,mm,28/07/2016,,31/08/2026,5109394,545135,230,1651,Morbegno eliporto,SO,Morbegno,9.584336490055698,46.13662865967249
19382,Velocità Vento,9,m/s,23/09/2016,,31/08/2026,5109394,545135,230,1651,Morbegno eliporto,SO,Morbegno,9.584336490055698,46.13662865967249
19383,Direzione Vento,10,°,28/07/2016,,31/08/2026,5109394,545135,230,1651,Morbegno eliporto,SO,Morbegno,9.584336490055698,46.13662865967249
19384,Radiazione Globale,12,W/m²,28/07/2016,,31/08/2026,5109394,545135,230,1651,Morbegno eliporto,SO,Morbegno,9.584336490055698,46.13662865967249
19388,Temperatura,3,°C,29/09/2016,,31/08/2026,5145365,604906,1172,1650,Bormio eliporto,SO,Bormio,10.366023313196068,46.4536982167021
19389,Umidità Relativa,11,%,29/09/2016,,31/08/2026,5145365,604906,1172,1650,Bormio eliporto,SO,Bormio,10.366023313196068,46.4536982167021
19390,Precipitazione,2,mm,12/01/2017,,31/08/2026,5145365,604906,1172,1650,Bormio eliporto,SO,Bormio,10.366023313196068,46.4536982167021
19395,Velocità Vento,9,m/s,29/09/2016,,31/08/2026,5145365,604906,1172,1650,Bormio eliporto,SO,Bormio,10.366023313196068,46.4536982167021
19396,Direzione Vento,10,°,30/09/2016,,31/08/2026,5145365,604906,1172,1650,Bormio eliporto,SO,Bormio,10.366023313196068,46.4536982167021
19397,Radiazione Globale,12,W/m²,29/09/2016,,31/08/2026,5145365,604906,1172,1650,Bormio eliporto,SO,Bormio,10.366023313196068,46.4536982167021
19401,Temperatura,3,°C,07/12/2016,,31/08/2026,5118967,591186,481,1652,Tirano eliporto,SO,Tirano,10.182280729237263,46.218166183282335
19402,Umidità Relativa,11,%,07/12/2016,,31/08/2026,5118967,591186,481,1652,Tirano eliporto,SO,Tirano,10.182280729237263,46.218166183282335
19403,Precipitazione,2,mm,07/12/2016,,31/08/2026,5118967,591186,481,1652,Tirano eliporto,SO,Tirano,10.182280729237263,46.218166183282335
19408,Velocità Vento,9,m/s,12/01/2017,,31/08/2026,5118967,591186,481,1652,Tirano eliporto,SO,Tirano,10.182280729237263,46.218166183282335
19409,Direzione Vento,10,°,07/12/2016,,31/08/2026,5118967,591186,481,1652,Tirano eliporto,SO,Tirano,10.182280729237263,46.218166183282335
19410,Radiazione Globale,12,W/m²,07/12/2016,,31/08/2026,5118967,591186,481,1652,Tirano eliporto,SO,Tirano,10.182280729237263,46.218166183282335
19415,Temperatura,3,°C,28/03/2017,,31/08/2026,4983484,611536,26,1656,Casalmaggiore campo sportivo,CR,Casalmaggiore,10.415058949792801,44.996036004471236
19416,Umidità Relativa,11,%,28/03/2017,,31/08/2026,4983484,611536,26,1656,Casalmaggiore campo sportivo,CR,Casalmaggiore,10.415058949792801,44.996036004471236
19417,Precipitazione,2,mm,28/03/2017,,31/08/2026,4983484,611536,26,1656,Casalmaggiore campo sportivo,CR,Casalmaggiore,10.415058949792801,44.996036004471236
19419,Radiazione Globale,12,W/m²,28/03/2017,,31/08/2026,4983484,611536,26,1656,Casalmaggiore campo sportivo,CR,Casalmaggiore,10.415058949792801,44.996036004471236
19426,Temperatura,3,°C,11/10/2017,,31/08/2026,5059052,513843,255,1657,Mariano Comense campo sportivo,CO,Mariano Comense,9.177769051025935,45.68488149189457
19427,Umidità Relativa,11,%,11/10/2017,,31/08/2026,5059052,513843,255,1657,Mariano Comense campo sportivo,CO,Mariano Comense,9.177769051025935,45.68488149189457
19428,Precipitazione,2,mm,11/10/2017,,31/08/2026,5059052,513843,255,1657,Mariano Comense campo sportivo,CO,Mariano Comense,9.177769051025935,45.68488149189457
19430,Radiazione Globale,12,W/m²,11/10/2017,,31/08/2026,5059052,513843,255,1657,Mariano Comense campo sportivo,CO,Mariano Comense,9.177769051025935,45.68488149189457
19434,Velocità Vento,9,m/s,10/10/2017,,31/08/2026,5059052,513843,255,1657,Mariano Comense campo sportivo,CO,Mariano Comense,9.177769051025935,45.68488149189457
19436,Direzione Vento,10,°,10/10/2017,,31/08/2026,5059052,513843,255,1657,Mariano Comense campo sportivo,CO,Mariano Comense,9.177769051025935,45.68488149189457
19438,Velocità Vento,9,m/s,19/04/2023,,31/08/2026,5049270,562540,162,1658,Mornico al Serio torre faro,BG,Mornico al Serio,9.801831633239388,45.59415879914786
19440,Direzione Vento,10,°,19/04/2023,,31/08/2026,5049270,562540,162,1658,Mornico al Serio torre faro,BG,Mornico al Serio,9.801831633239388,45.59415879914786
19441,Temperatura,3,°C,14/04/2017,,31/08/2026,5049158,562551,162,1659,Mornico al Serio campo sportivo,BG,Mornico al Serio,9.80195829333402,45.593149797519615
19442,Umidità Relativa,11,%,14/04/2017,,31/08/2026,5049158,562551,162,1659,Mornico al Serio campo sportivo,BG,Mornico al Serio,9.80195829333402,45.593149797519615
19443,Precipitazione,2,mm,08/09/2017,,31/08/2026,5049158,562551,162,1659,Mornico al Serio campo sportivo,BG,Mornico al Serio,9.80195829333402,45.593149797519615
19445,Radiazione Globale,12,W/m²,14/04/2017,,31/08/2026,5049158,562551,162,1659,Mornico al Serio campo sportivo,BG,Mornico al Serio,9.80195829333402,45.593149797519615
19881,Livello Idrometrico,1,cm,30/03/2021,,31/08/2026,5144310,612927,2300,92,Confinale,SO,Valfurva,10.470178782883451,46.44291176914349
22002,Altezza Neve,4,cm,06/11/2019,,31/08/2026,5067376,591417,1790,1890,Tavernole sul Mella Monte Guglielmo,BS,Tavernole sul Mella,10.175407094582281,45.75389593744077
22003,Temperatura,3,°C,14/10/2019,,31/08/2026,5067376,591417,1790,1890,Tavernole sul Mella Monte Guglielmo,BS,Tavernole sul Mella,10.175407094582281,45.75389593744077
22006,Umidità Relativa,11,%,14/10/2019,,31/08/2026,5067376,591417,1790,1890,Tavernole sul Mella Monte Guglielmo,BS,Tavernole sul Mella,10.175407094582281,45.75389593744077
22007,Direzione Vento,10,°,14/10/2019,,31/08/2026,5067376,591417,1790,1890,Tavernole sul Mella Monte Guglielmo,BS,Tavernole sul Mella,10.175407094582281,45.75389593744077
22009,Velocità Vento,9,m/s,14/10/2019,,31/08/2026,5067376,591417,1790,1890,Tavernole sul Mella Monte Guglielmo,BS,Tavernole sul Mella,10.175407094582281,45.75389593744077
22011,Precipitazione,2,mm,14/10/2019,,31/08/2026,5067376,591417,1790,1890,Tavernole sul Mella Monte Guglielmo,BS,Tavernole sul Mella,10.175407094582281,45.75389593744077
22017,Radiazione Globale,12,W/m²,14/10/2019,,31/08/2026,5067376,591417,1790,1890,Tavernole sul Mella Monte Guglielmo,BS,Tavernole sul Mella,10.175407094582281,45.75389593744077
22022,Precipitazione,2,mm,30/01/2020,,31/08/2026,5087930,477812,875,1891,Porto Valtravaglia San Michele,VA,Porto Valtravaglia,8.713738581276612,45.944581670542966
22023,Temperatura,3,°C,30/01/2020,,31/08/2026,5087930,477812,875,1891,Porto Valtravaglia San Michele,VA,Porto Valtravaglia,8.713738581276612,45.944581670542966
22026,Umidità Relativa,11,%,30/01/2020,,31/08/2026,5087930,477812,875,1891,Porto Valtravaglia San Michele,VA,Porto Valtravaglia,8.713738581276612,45.944581670542966
22029,Livello Idrometrico,1,cm,05/02/2020,01/01/2025,31/08/2026,5020910,490632,94,886,Vigevano SS494,PV,Vigevano,8.880427106332506,45.34163669562021
22272,Precipitazione,2,mm,25/07/2023,,31/08/2026,5054459,511342,208,1912,Seveso via Europa Unita,MB,Seveso,9.145544656798888,45.64358606305591
22307,Livello Idrometrico,1,cm,28/07/2023,01/01/2025,01/09/2026,5054310,511320,208,1913,Seveso corso Isonzo,MB,Seveso,9.14525887983415,45.642245291167164
22322,Precipitazione,2,mm,17/07/2023,,31/08/2026,5060005,566109,251,1914,Trescore Balneario Via Cherio,BG,Trescore Balneario,9.8490434207388,45.69044264396702
22324,Livello Idrometrico,1,cm,10/10/2023,01/01/2025,31/08/2026,5060005,566109,251,1914,Trescore Balneario Via Cherio,BG,Trescore Balneario,9.8490434207388,45.69044264396702
22552,Velocità Vento,9,m/s,25/11/2022,,31/08/2026,5006634,647386,15,214,Bigarello ,MN,Bigarello,10.876486344105968,45.197776129292606
22553,Direzione Vento,10,°,25/11/2022,,31/08/2026,5006634,647386,15,214,Bigarello ,MN,Bigarello,10.876486344105968,45.197776129292606
22571,Altezza Neve,4,cm,30/11/2023,,31/08/2026,5070236,626539,1244,1955,MAGASA Malga Corva,BS,Magasa,10.627583110891933,45.77409061208928
22572,Velocità Vento,9,m/s,01/06/2023,,31/08/2026,5070236,626539,1244,1955,MAGASA Malga Corva,BS,Magasa,10.627583110891933,45.77409061208928
22573,Direzione Vento,10,°,01/06/2023,,31/08/2026,5070236,626539,1244,1955,MAGASA Malga Corva,BS,Magasa,10.627583110891933,45.77409061208928
22576,Temperatura,3,°C,01/06/2023,,31/08/2026,5070236,626539,1244,1955,MAGASA Malga Corva,BS,Magasa,10.627583110891933,45.77409061208928
22579,Umidità Relativa,11,%,01/06/2023,,31/08/2026,5070236,626539,1244,1955,MAGASA Malga Corva,BS,Magasa,10.627583110891933,45.77409061208928
22580,Precipitazione,2,mm,01/06/2023,,31/08/2026,5070236,626539,1244,1955,MAGASA Malga Corva,BS,Magasa,10.627583110891933,45.77409061208928
22589,Precipitazione,2,mm,30/12/2025,,31/08/2026,5044950,530056,154,1985,CAPONAGO Casello idraulico,MB,Caponago,9.385099746543872,45.55743938389851
22590,Temperatura,3,°C,30/12/2025,,31/08/2026,5044950,530056,154,1985,CAPONAGO Casello idraulico,MB,Caponago,9.385099746543872,45.55743938389851
22593,Umidità Relativa,11,%,30/12/2025,,31/08/2026,5044950,530056,154,1985,CAPONAGO Casello idraulico,MB,Caponago,9.385099746543872,45.55743938389851
22594,Radiazione Globale,12,W/m²,30/12/2025,,31/08/2026,5044950,530056,154,1985,CAPONAGO Casello idraulico,MB,Caponago,9.385099746543872,45.55743938389851
22598,Precipitazione,2,mm,22/08/2025,,31/08/2026,5080754,590899,215,1986,DARFO BOARIO TERME - Cappellino,BS,Darfo Boario Terme,10.171269545785425,45.87434965355964
22599,Temperatura,3,°C,22/08/2025,,31/08/2026,5080754,590899,215,1986,DARFO BOARIO TERME - Cappellino,BS,Darfo Boario Terme,10.171269545785425,45.87434965355964
22602,Umidità Relativa,11,%,22/08/2025,,31/08/2026,5080754,590899,215,1986,DARFO BOARIO TERME - Cappellino,BS,Darfo Boario Terme,10.171269545785425,45.87434965355964
22603,Radiazione Globale,12,W/m²,22/08/2025,,31/08/2026,5080754,590899,215,1986,DARFO BOARIO TERME - Cappellino,BS,Darfo Boario Terme,10.171269545785425,45.87434965355964
22604,Velocità Vento,9,m/s,22/08/2025,,31/08/2026,5080754,590899,215,1986,DARFO BOARIO TERME - Cappellino,BS,Darfo Boario Terme,10.171269545785425,45.87434965355964
22605,Direzione Vento,10,°,22/08/2025,,31/08/2026,5080754,590899,215,1986,DARFO BOARIO TERME - Cappellino,BS,Darfo Boario Terme,10.171269545785425,45.87434965355964
22654,Precipitazione,2,mm,23/08/2025,,31/08/2026,5143703,607568,2328,1090,VALDISOTTO - Bormio 2000,SO,Valdisotto,10.400292602260707,46.438326084817305
22661,Temperatura,3,°C,18/08/2025,,31/08/2026,5143703,607568,2328,1090,VALDISOTTO - Bormio 2000,SO,Valdisotto,10.400292602260707,46.438326084817305
22662,Umidità Relativa,11,%,18/08/2025,,31/08/2026,5143703,607568,2328,1090,VALDISOTTO - Bormio 2000,SO,Valdisotto,10.400292602260707,46.438326084817305
22663,Radiazione Globale,12,W/m²,18/08/2025,,31/08/2026,5143703,607568,2328,1090,VALDISOTTO - Bormio 2000,SO,Valdisotto,10.400292602260707,46.438326084817305
22665,Altezza Neve,4,cm,24/09/2025,,31/08/2026,5143703,607568,2328,1090,VALDISOTTO - Bormio 2000,SO,Valdisotto,10.400292602260707,46.438326084817305
22666,Velocità Vento,9,m/s,18/08/2025,,31/08/2026,5143703,607568,2328,1090,VALDISOTTO - Bormio 2000,SO,Valdisotto,10.400292602260707,46.438326084817305
22667,Direzione Vento,10,°,18/08/2025,,31/08/2026,5143703,607568,2328,1090,VALDISOTTO - Bormio 2000,SO,Valdisotto,10.400292602260707,46.438326084817305
22671,Precipitazione,2,mm,27/08/2025,29/10/2025,31/08/2026,5154203,587682,1869,1091,LIVIGNO - Mottolino,SO,Livigno,10.143458280926081,46.535679189216275
22678,Temperatura,3,°C,27/08/2025,,31/08/2026,5154203,587682,1869,1091,LIVIGNO - Mottolino,SO,Livigno,10.143458280926081,46.535679189216275
22679,Umidità Relativa,11,%,27/08/2025,,31/08/2026,5154203,587682,1869,1091,LIVIGNO - Mottolino,SO,Livigno,10.143458280926081,46.535679189216275
22680,Radiazione Globale,12,W/m²,27/08/2025,,31/08/2026,5154203,587682,1869,1091,LIVIGNO - Mottolino,SO,Livigno,10.143458280926081,46.535679189216275
22682,Altezza Neve,4,cm,27/10/2025,,31/08/2026,5154203,587682,1869,1091,LIVIGNO - Mottolino,SO,Livigno,10.143458280926081,46.535679189216275
22683,Velocità Vento,9,m/s,27/08/2025,,31/08/2026,5154203,587682,1869,1091,LIVIGNO - Mottolino,SO,Livigno,10.143458280926081,46.535679189216275
22684,Direzione Vento,10,°,27/08/2025,,31/08/2026,5154203,587682,1869,1091,LIVIGNO - Mottolino,SO,Livigno,10.143458280926081,46.535679189216275
24408,Temperatura,3,°C,30/08/2020,,31/08/2026,5066048,572800,1246,1974,Grone San Fermo,BG,Grone,9.935872972330676,45.74415627714443
24411,Umidità Relativa,11,%,30/08/2020,,31/08/2026,5066048,572800,1246,1974,Grone San Fermo,BG,Grone,9.935872972330676,45.74415627714443
24412,Direzione Vento,10,°,30/08/2020,,31/08/2026,5066048,572800,1246,1974,Grone San Fermo,BG,Grone,9.935872972330676,45.74415627714443
24414,Velocità Vento,9,m/s,30/08/2020,,31/08/2026,5066048,572800,1246,1974,Grone San Fermo,BG,Grone,9.935872972330676,45.74415627714443
24416,Precipitazione,2,mm,30/08/2020,,31/08/2026,5066048,572800,1246,1974,Grone San Fermo,BG,Grone,9.935872972330676,45.74415627714443
30523,Livello Idrometrico,1,cm,25/09/2014,01/01/2025,31/08/2026,5046729,503760,160,1508,Lainate SP 109,MI,Lainate,9.04819013582039,45.574091162545265
30525,Precipitazione,2,mm,21/05/2014,,31/08/2026,5047745,512305,170,1509,Paderno Dugnano Palazzolo Parco Borghetto,MI,Paderno Dugnano,9.157732676006358,45.583137460555825
30533,Precipitazione,2,mm,26/09/2014,,31/08/2026,5048372,519174,173,1510,Monza v.Monte Generoso,MB,Monza,9.245807488805253,45.588625528036445
30536,Precipitazione,2,mm,26/09/2014,,31/08/2026,5050479,496327,215,1511,Rescaldina ,MI,Rescaldina,8.952896675533205,45.60784533498041
30539,Precipitazione,2,mm,26/09/2014,,31/08/2026,5042449,500406,160,1512,Pogliano Milanese ,MI,Pogliano Milanese,9.005199956067525,45.535576719257335
30889,Temperatura,3,°C,23/03/2016,,31/08/2026,5116223,535141,200,1562,Verceia,SO,Verceia,9.455461718548413,46.19867642281673
30890,Precipitazione,2,mm,23/03/2016,,31/08/2026,5116223,535141,200,1562,Verceia,SO,Verceia,9.455461718548413,46.19867642281673
30990,Temperatura,3,°C,23/09/2016,,31/08/2026,4965822,509636,590,1568,Vignola,PV,Ponte Nizza,9.121933799410636,44.845744207167584
30994,Precipitazione,2,mm,23/09/2016,,31/08/2026,4965822,509636,590,1568,Vignola,PV,Ponte Nizza,9.121933799410636,44.845744207167584
30997,Temperatura,3,°C,05/10/2016,,31/08/2026,5102256,597127,1260,1569,Grumello ST1,BS,Paisco Loveno,10.255866925679827,46.06697901894464
30998,Precipitazione,2,mm,06/10/2016,,31/08/2026,5102256,597127,1260,1569,Grumello ST1,BS,Paisco Loveno,10.255866925679827,46.06697901894464
31060,Precipitazione,2,mm,02/08/2017,,31/08/2026,5080775,554455,1000,1572,Dossena ST1,BG,Dossena,9.701724110241496,45.87838711488373
31061,Temperatura,3,°C,29/03/2017,,31/08/2026,5080775,554455,1000,1572,Dossena ST1,BG,Dossena,9.701724110241496,45.87838711488373
31094,Precipitazione,2,mm,25/05/2017,,31/08/2026,5094080,573927,1000,1576,Tezzi,BG,Gandellino,9.954668534307729,45.99630518776525
31095,Temperatura,3,°C,06/06/2017,,31/08/2026,5094080,573927,1000,1576,Tezzi,BG,Gandellino,9.954668534307729,45.99630518776525
31133,Precipitazione,2,mm,02/08/2017,,31/08/2026,5082469,527674,535,1577,Torrioni di Rialba,LC,Abbadia Lariana,9.356723406941969,45.895231844048105
31134,Temperatura,3,°C,07/04/2017,,31/08/2026,5082469,527674,535,1577,Torrioni di Rialba,LC,Abbadia Lariana,9.356723406941969,45.895231844048105
31289,Precipitazione,2,mm,06/12/2017,,31/08/2026,5076479,590132,600,1583,Roncaglia SCM2,BS,Pian Camuno,10.160587880638138,45.83598097919342
31290,Temperatura,3,°C,06/12/2017,,31/08/2026,5076479,590132,600,1583,Roncaglia SCM2,BS,Pian Camuno,10.160587880638138,45.83598097919342
31292,Altezza Neve,4,cm,06/12/2017,,31/08/2026,5076479,590132,600,1583,Roncaglia SCM2,BS,Pian Camuno,10.160587880638138,45.83598097919342
31337,Precipitazione,2,mm,02/08/2017,,31/08/2026,5103965,510077,980,1589,S. Nazzaro C5,CO,San Nazzaro Val Cavargna,9.130349057363063,46.089185964538686
31338,Temperatura,3,°C,02/08/2017,,31/08/2026,5103965,510077,980,1589,S. Nazzaro C5,CO,San Nazzaro Val Cavargna,9.130349057363063,46.089185964538686
31505,Precipitazione,2,mm,06/12/2017,,31/08/2026,5101188,602676,1000,1599,Zinvill S1,BS,Sellero,10.327367004381415,46.056558558789085
31506,Temperatura,3,°C,06/12/2017,,31/08/2026,5101188,602676,1000,1599,Zinvill S1,BS,Sellero,10.327367004381415,46.056558558789085
31536,Precipitazione,2,mm,05/12/2017,,31/08/2026,5106113,529212,790,1601,Bedolesso,LC,Dorio,9.377994502470068,46.107967704699384
31537,Temperatura,3,°C,05/12/2017,,31/08/2026,5106113,529212,790,1601,Bedolesso,LC,Dorio,9.377994502470068,46.107967704699384
31562,Precipitazione,2,mm,05/09/2018,,31/08/2026,5120789,567187,1200,1603,Val Dagua,SO,Torre di Santa Maria,9.87142190476265,46.237356587821125
31563,Temperatura,3,°C,05/09/2018,,31/08/2026,5120789,567187,1200,1603,Val Dagua,SO,Torre di Santa Maria,9.87142190476265,46.237356587821125
31574,Precipitazione,2,mm,28/06/2018,,31/08/2026,5077903,540727,1000,1604,Pagafone,BG,Fuipiano Valle Imagna,9.524586392292269,45.8534879996881
31575,Temperatura,3,°C,28/06/2018,,31/08/2026,5077903,540727,1000,1604,Pagafone,BG,Fuipiano Valle Imagna,9.524586392292269,45.8534879996881
31576,Umidità Relativa,11,%,28/06/2018,,31/08/2026,5077903,540727,1000,1604,Pagafone,BG,Fuipiano Valle Imagna,9.524586392292269,45.8534879996881
31579,Direzione Vento,10,°,28/06/2018,,31/08/2026,5077903,540727,1000,1604,Pagafone,BG,Fuipiano Valle Imagna,9.524586392292269,45.8534879996881
31580,Velocità Vento,9,m/s,28/06/2018,,31/08/2026,5077903,540727,1000,1604,Pagafone,BG,Fuipiano Valle Imagna,9.524586392292269,45.8534879996881
32228,Direzione Vento,10,°,22/06/2016,,31/08/2026,5057377,574538,197,874,Sarnico v. Roma,BG,Sarnico,9.956880147526103,45.665935972559275
32229,Velocità Vento,9,m/s,22/06/2016,,31/08/2026,5057377,574538,197,874,Sarnico v. Roma,BG,Sarnico,9.956880147526103,45.665935972559275
32238,Umidità Relativa,11,%,01/08/2016,,31/08/2026,4973248,515391,501,856,Fortunago ,PV,Fortunago,9.19498278361844,44.91249258332523
32241,Umidità Relativa,11,%,01/08/2016,,31/08/2026,5083338,480047,294,884,Cuveglio ,VA,Cuveglio,8.742764505384601,45.90332054443345
32244,Umidità Relativa,11,%,01/08/2016,,31/08/2026,5076955,491501,383,885,Arcisate ,VA,Arcisate,8.890542676800228,45.846107177991485
32247,Umidità Relativa,11,%,01/08/2016,,31/08/2026,5103599,600282,816,904,Paisco Loveno ,BS,Paisco Loveno,10.296934209142284,46.07860776077552
32250,Umidità Relativa,11,%,01/08/2016,,31/08/2026,5051536,603100,428,876,Caino ,BS,Caino,10.32222236530368,45.60971669992351
32253,Umidità Relativa,11,%,28/09/2016,,09/05/2018,5083557,520640,625,902,Barni ,CO,Barni,9.266101669660507,45.90527135174873
32259,Umidità Relativa,11,%,27/10/2016,,31/08/2026,5126972,568128,2151,832,Lanzada Palù,SO,Lanzada,9.884519789844573,46.29290281846689
32262,Umidità Relativa,11,%,27/10/2016,,31/08/2026,5097116,544202,1875,833,Gerola Alta Pescegallo,SO,Gerola Alta,9.571116796076005,46.02619062662478
32336,Umidità Relativa,11,%,11/08/2016,,31/08/2026,5103920,606529,1128,905,Cevo ,BS,Cevo,10.377774775825348,46.080550839808694
32339,Umidità Relativa,11,%,02/09/2016,,31/08/2026,4947846,517168,1363,857,Santa Margherita di Staffora Passo del Giovà,PV,Santa Margherita di Staffora,9.216637428085015,44.68377850349271
32345,Radiazione Globale,12,W/m²,11/07/2017,,31/08/2026,5090337,611798,2410,1359,Breno Lago Della Vacca,BS,Breno,10.442716428689511,45.95749683415306
32353,Temperatura,3,°C,21/04/2022,,31/08/2026,5072552,471760,249,1807,Ispra JRC,VA,Ispra,8.63656269702285,45.805951876881515
32354,Umidità Relativa,11,%,21/04/2022,,31/08/2026,5072552,471760,249,1807,Ispra JRC,VA,Ispra,8.63656269702285,45.805951876881515
32355,Precipitazione,2,mm,21/04/2022,,31/08/2026,5072552,471760,249,1807,Ispra JRC,VA,Ispra,8.63656269702285,45.805951876881515
32357,Radiazione Globale,12,W/m²,21/04/2022,,31/08/2026,5072552,471760,249,1807,Ispra JRC,VA,Ispra,8.63656269702285,45.805951876881515
32360,Radiazione Globale,12,W/m²,13/10/2017,,31/08/2026,5097116,544202,1875,833,Gerola Alta Pescegallo,SO,Gerola Alta,9.571116796076005,46.02619062662478
32363,Radiazione Globale,12,W/m²,12/10/2017,,31/08/2026,5126972,568128,2151,832,Lanzada Palù,SO,Lanzada,9.884519789844573,46.29290281846689
32370,Temperatura,3,°C,23/11/2017,,31/08/2026,5083535,518233,1158,1679,Sormano rifugio Alpetto,CO,Sormano,9.235068813288438,45.90514139039922
32373,Umidità Relativa,11,%,23/11/2017,,31/08/2026,5083535,518233,1158,1679,Sormano rifugio Alpetto,CO,Sormano,9.235068813288438,45.90514139039922
32376,Velocità Vento,9,m/s,23/11/2017,,31/08/2026,5083535,518233,1158,1679,Sormano rifugio Alpetto,CO,Sormano,9.235068813288438,45.90514139039922
32379,Direzione Vento,10,°,23/11/2017,,31/08/2026,5083535,518233,1158,1679,Sormano rifugio Alpetto,CO,Sormano,9.235068813288438,45.90514139039922
32382,Precipitazione,2,mm,28/11/2017,,31/08/2026,5083535,518233,1158,1679,Sormano rifugio Alpetto,CO,Sormano,9.235068813288438,45.90514139039922
32384,Altezza Neve,4,cm,07/11/2017,,31/08/2026,5102054,482122,1302,1382,Veddasca Monte Cadrigna,VA,Veddasca,8.768815132883102,46.071827075900714
32390,Livello Idrometrico,1,cm,15/11/2017,01/01/2025,31/08/2026,5044545,622300,73,1555,Manerba del Garda Dusano,BS,Manerba del Garda,10.566619674481512,45.543699410353824
32391,Temperatura,3,°C,15/11/2017,,31/08/2026,5044545,622300,73,1555,Manerba del Garda Dusano,BS,Manerba del Garda,10.566619674481512,45.543699410353824
32394,Umidità Relativa,11,%,17/11/2017,,31/08/2026,5044545,622300,73,1555,Manerba del Garda Dusano,BS,Manerba del Garda,10.566619674481512,45.543699410353824
32398,Precipitazione,2,mm,15/11/2017,,31/08/2026,5092483,580679,1856,1680,Vilminore di Scalve Presolana,BG,Vilminore di Scalve,10.041578002406064,45.98117244428251
32399,Altezza Neve,4,cm,15/11/2017,,31/08/2026,5092483,580679,1856,1680,Vilminore di Scalve Presolana,BG,Vilminore di Scalve,10.041578002406064,45.98117244428251
32401,Temperatura,3,°C,15/11/2017,,31/08/2026,5092483,580679,1856,1680,Vilminore di Scalve Presolana,BG,Vilminore di Scalve,10.041578002406064,45.98117244428251
32404,Umidità Relativa,11,%,15/11/2017,,31/08/2026,5092483,580679,1856,1680,Vilminore di Scalve Presolana,BG,Vilminore di Scalve,10.041578002406064,45.98117244428251
32407,Direzione Vento,10,°,15/11/2017,,31/08/2026,5092483,580679,1856,1680,Vilminore di Scalve Presolana,BG,Vilminore di Scalve,10.041578002406064,45.98117244428251
32410,Velocità Vento,9,m/s,15/11/2017,,31/08/2026,5092483,580679,1856,1680,Vilminore di Scalve Presolana,BG,Vilminore di Scalve,10.041578002406064,45.98117244428251
32413,Radiazione Globale,12,W/m²,15/11/2017,,31/08/2026,5092483,580679,1856,1680,Vilminore di Scalve Presolana,BG,Vilminore di Scalve,10.041578002406064,45.98117244428251
91064,Temperatura,3,°C,03/02/2022,,31/08/2026,5102643,610196,1100,65,Saviore UR01,BS,Saviore dell'Adamello,10.424890883278486,46.0684796684319
91065,Altezza Neve,4,cm,03/04/2022,,31/08/2026,5113101,606325,1310,1340,Pal alta,BS,Sonico,10.377194242480396,46.16318913141494
91653,Precipitazione,2,mm,03/04/2025,03/04/2025,31/08/2026,5106713,535363,900,2181,Canargo Meteo,SO,Delebio,9.457628933361226,46.11307673030417
91654,Temperatura,3,°C,03/04/2025,03/04/2025,31/08/2026,5106713,535363,900,2181,Canargo Meteo,SO,Delebio,9.457628933361226,46.11307673030417
