item_id,asset_key,href,open_attempts,stac_crs,stac_width,stac_height,raster_driver,raster_dtype,raster_crs_original,stac_nodata,support_inside_n,sampled_dn_n,nodata_dn0_n,valid_reflectance_n,reflectance_min,reflectance_max,status,target_id,anchor_year,season_phase,s1_selected_date,optical_date,processing_version,mgrs_tile,platform,quantification_value,boa_add_offset
S2A_MSIL2A_20150826T102026_N0500_R065_T32TMQ_20231011T014051,B02_20m,s3://eodata/Sentinel-2/MSI/L2A_N0500/2015/08/26/S2A_MSIL2A_20150826T102026_N0500_R065_T32TMQ_20231011T014051.SAFE/GRANULE/L2A_T32TMQ_A000920_20150826T102655/IMG_DATA/R20m/T32TMQ_20150826T102026_B02_20m.jp2,1,EPSG:32632,5490,5490,JP2OpenJPEG,uint16,,0,564,564,0,564.0,0.03,0.2515,PASS,2015|late_season|2015-08-26|ascending|15,2015,late_season,2015-08-26,2015-08-26,05.00,32TMQ,S2A,10000.0,-1000.0
S2A_MSIL2A_20150826T102026_N0500_R065_T32TMQ_20231011T014051,B03_20m,s3://eodata/Sentinel-2/MSI/L2A_N0500/2015/08/26/S2A_MSIL2A_20150826T102026_N0500_R065_T32TMQ_20231011T014051.SAFE/GRANULE/L2A_T32TMQ_A000920_20150826T102655/IMG_DATA/R20m/T32TMQ_20150826T102026_B03_20m.jp2,1,EPSG:32632,5490,5490,JP2OpenJPEG,uint16,,0,564,564,0,564.0,0.0423,0.2637,PASS,2015|late_season|2015-08-26|ascending|15,2015,late_season,2015-08-26,2015-08-26,05.00,32TMQ,S2A,10000.0,-1000.0
S2A_MSIL2A_20150826T102026_N0500_R065_T32TMQ_20231011T014051,B04_20m,s3://eodata/Sentinel-2/MSI/L2A_N0500/2015/08/26/S2A_MSIL2A_20150826T102026_N0500_R065_T32TMQ_20231011T014051.SAFE/GRANULE/L2A_T32TMQ_A000920_20150826T102655/IMG_DATA/R20m/T32TMQ_20150826T102026_B04_20m.jp2,1,EPSG:32632,5490,5490,JP2OpenJPEG,uint16,,0,564,564,0,564.0,0.0187,0.2609,PASS,2015|late_season|2015-08-26|ascending|15,2015,late_season,2015-08-26,2015-08-26,05.00,32TMQ,S2A,10000.0,-1000.0
S2A_MSIL2A_20150826T102026_N0500_R065_T32TMQ_20231011T014051,B8A_20m,s3://eodata/Sentinel-2/MSI/L2A_N0500/2015/08/26/S2A_MSIL2A_20150826T102026_N0500_R065_T32TMQ_20231011T014051.SAFE/GRANULE/L2A_T32TMQ_A000920_20150826T102655/IMG_DATA/R20m/T32TMQ_20150826T102026_B8A_20m.jp2,1,EPSG:32632,5490,5490,JP2OpenJPEG,uint16,,0,564,564,0,564.0,0.0273,0.58,PASS,2015|late_season|2015-08-26|ascending|15,2015,late_season,2015-08-26,2015-08-26,05.00,32TMQ,S2A,10000.0,-1000.0
S2A_MSIL2A_20150826T102026_N0500_R065_T32TMQ_20231011T014051,B11_20m,s3://eodata/Sentinel-2/MSI/L2A_N0500/2015/08/26/S2A_MSIL2A_20150826T102026_N0500_R065_T32TMQ_20231011T014051.SAFE/GRANULE/L2A_T32TMQ_A000920_20150826T102655/IMG_DATA/R20m/T32TMQ_20150826T102026_B11_20m.jp2,1,EPSG:32632,5490,5490,JP2OpenJPEG,uint16,,0,564,564,0,564.0,0.0147,0.3954,PASS,2015|late_season|2015-08-26|ascending|15,2015,late_season,2015-08-26,2015-08-26,05.00,32TMQ,S2A,10000.0,-1000.0
S2A_MSIL2A_20150826T102026_N0500_R065_T32TMQ_20231011T014051,B12_20m,s3://eodata/Sentinel-2/MSI/L2A_N0500/2015/08/26/S2A_MSIL2A_20150826T102026_N0500_R065_T32TMQ_20231011T014051.SAFE/GRANULE/L2A_T32TMQ_A000920_20150826T102655/IMG_DATA/R20m/T32TMQ_20150826T102026_B12_20m.jp2,1,EPSG:32632,5490,5490,JP2OpenJPEG,uint16,,0,564,564,0,564.0,0.0097,0.3565,PASS,2015|late_season|2015-08-26|ascending|15,2015,late_season,2015-08-26,2015-08-26,05.00,32TMQ,S2A,10000.0,-1000.0
S2A_MSIL2A_20150826T102026_N0500_R065_T32TMQ_20231011T014051,SCL_20m,s3://eodata/Sentinel-2/MSI/L2A_N0500/2015/08/26/S2A_MSIL2A_20150826T102026_N0500_R065_T32TMQ_20231011T014051.SAFE/GRANULE/L2A_T32TMQ_A000920_20150826T102655/IMG_DATA/R20m/T32TMQ_20150826T102026_SCL_20m.jp2,1,EPSG:32632,5490,5490,JP2OpenJPEG,uint8,,0,564,564,0,,,,PASS,2015|late_season|2015-08-26|ascending|15,2015,late_season,2015-08-26,2015-08-26,05.00,32TMQ,S2A,,
S2A_MSIL2A_20150826T102026_N0500_R065_T32TMR_20231011T014051,B02_20m,s3://eodata/Sentinel-2/MSI/L2A_N0500/2015/08/26/S2A_MSIL2A_20150826T102026_N0500_R065_T32TMR_20231011T014051.SAFE/GRANULE/L2A_T32TMR_A000920_20150826T102655/IMG_DATA/R20m/T32TMR_20150826T102026_B02_20m.jp2,1,EPSG:32632,5490,5490,JP2OpenJPEG,uint16,,0,3585,3585,0,3585.0,0.008,1.4968,PASS,2015|late_season|2015-08-26|ascending|15,2015,late_season,2015-08-26,2015-08-26,05.00,32TMR,S2A,10000.0,-1000.0
S2A_MSIL2A_20150826T102026_N0500_R065_T32TMR_20231011T014051,B03_20m,s3://eodata/Sentinel-2/MSI/L2A_N0500/2015/08/26/S2A_MSIL2A_20150826T102026_N0500_R065_T32TMR_20231011T014051.SAFE/GRANULE/L2A_T32TMR_A000920_20150826T102655/IMG_DATA/R20m/T32TMR_20150826T102026_B03_20m.jp2,1,EPSG:32632,5490,5490,JP2OpenJPEG,uint16,,0,3585,3585,0,3585.0,0.0152,1.4754,PASS,2015|late_season|2015-08-26|ascending|15,2015,late_season,2015-08-26,2015-08-26,05.00,32TMR,S2A,10000.0,-1000.0
S2A_MSIL2A_20150826T102026_N0500_R065_T32TMR_20231011T014051,B04_20m,s3://eodata/Sentinel-2/MSI/L2A_N0500/2015/08/26/S2A_MSIL2A_20150826T102026_N0500_R065_T32TMR_20231011T014051.SAFE/GRANULE/L2A_T32TMR_A000920_20150826T102655/IMG_DATA/R20m/T32TMR_20150826T102026_B04_20m.jp2,1,EPSG:32632,5490,5490,JP2OpenJPEG,uint16,,0,3585,3585,0,3585.0,0.0067,1.4659,PASS,2015|late_season|2015-08-26|ascending|15,2015,late_season,2015-08-26,2015-08-26,05.00,32TMR,S2A,10000.0,-1000.0
S2A_MSIL2A_20150826T102026_N0500_R065_T32TMR_20231011T014051,B8A_20m,s3://eodata/Sentinel-2/MSI/L2A_N0500/2015/08/26/S2A_MSIL2A_20150826T102026_N0500_R065_T32TMR_20231011T014051.SAFE/GRANULE/L2A_T32TMR_A000920_20150826T102655/IMG_DATA/R20m/T32TMR_20150826T102026_B8A_20m.jp2,1,EPSG:32632,5490,5490,JP2OpenJPEG,uint16,,0,3585,3585,0,3585.0,0.0178,1.4379,PASS,2015|late_season|2015-08-26|ascending|15,2015,late_season,2015-08-26,2015-08-26,05.00,32TMR,S2A,10000.0,-1000.0
S2A_MSIL2A_20150826T102026_N0500_R065_T32TMR_20231011T014051,B11_20m,s3://eodata/Sentinel-2/MSI/L2A_N0500/2015/08/26/S2A_MSIL2A_20150826T102026_N0500_R065_T32TMR_20231011T014051.SAFE/GRANULE/L2A_T32TMR_A000920_20150826T102655/IMG_DATA/R20m/T32TMR_20150826T102026_B11_20m.jp2,1,EPSG:32632,5490,5490,JP2OpenJPEG,uint16,,0,3585,3585,0,3585.0,0.0131,0.9647,PASS,2015|late_season|2015-08-26|ascending|15,2015,late_season,2015-08-26,2015-08-26,05.00,32TMR,S2A,10000.0,-1000.0
S2A_MSIL2A_20150826T102026_N0500_R065_T32TMR_20231011T014051,B12_20m,s3://eodata/Sentinel-2/MSI/L2A_N0500/2015/08/26/S2A_MSIL2A_20150826T102026_N0500_R065_T32TMR_20231011T014051.SAFE/GRANULE/L2A_T32TMR_A000920_20150826T102655/IMG_DATA/R20m/T32TMR_20150826T102026_B12_20m.jp2,1,EPSG:32632,5490,5490,JP2OpenJPEG,uint16,,0,3585,3585,0,3585.0,0.0091,0.7915,PASS,2015|late_season|2015-08-26|ascending|15,2015,late_season,2015-08-26,2015-08-26,05.00,32TMR,S2A,10000.0,-1000.0
S2A_MSIL2A_20150826T102026_N0500_R065_T32TMR_20231011T014051,SCL_20m,s3://eodata/Sentinel-2/MSI/L2A_N0500/2015/08/26/S2A_MSIL2A_20150826T102026_N0500_R065_T32TMR_20231011T014051.SAFE/GRANULE/L2A_T32TMR_A000920_20150826T102655/IMG_DATA/R20m/T32TMR_20150826T102026_SCL_20m.jp2,1,EPSG:32632,5490,5490,JP2OpenJPEG,uint8,,0,3585,3585,0,,,,PASS,2015|late_season|2015-08-26|ascending|15,2015,late_season,2015-08-26,2015-08-26,05.00,32TMR,S2A,,
S2A_MSIL2A_20150826T102026_N0500_R065_T32TNQ_20231011T014051,B02_20m,s3://eodata/Sentinel-2/MSI/L2A_N0500/2015/08/26/S2A_MSIL2A_20150826T102026_N0500_R065_T32TNQ_20231011T014051.SAFE/GRANULE/L2A_T32TNQ_A000920_20150826T102655/IMG_DATA/R20m/T32TNQ_20150826T102026_B02_20m.jp2,1,EPSG:32632,5490,5490,JP2OpenJPEG,uint16,,0,182,182,0,182.0,0.0337,0.5219,PASS,2015|late_season|2015-08-26|ascending|15,2015,late_season,2015-08-26,2015-08-26,05.00,32TNQ,S2A,10000.0,-1000.0
S2A_MSIL2A_20150826T102026_N0500_R065_T32TNQ_20231011T014051,B03_20m,s3://eodata/Sentinel-2/MSI/L2A_N0500/2015/08/26/S2A_MSIL2A_20150826T102026_N0500_R065_T32TNQ_20231011T014051.SAFE/GRANULE/L2A_T32TNQ_A000920_20150826T102655/IMG_DATA/R20m/T32TNQ_20150826T102026_B03_20m.jp2,1,EPSG:32632,5490,5490,JP2OpenJPEG,uint16,,0,182,182,0,182.0,0.0447,0.49,PASS,2015|late_season|2015-08-26|ascending|15,2015,late_season,2015-08-26,2015-08-26,05.00,32TNQ,S2A,10000.0,-1000.0
S2A_MSIL2A_20150826T102026_N0500_R065_T32TNQ_20231011T014051,B04_20m,s3://eodata/Sentinel-2/MSI/L2A_N0500/2015/08/26/S2A_MSIL2A_20150826T102026_N0500_R065_T32TNQ_20231011T014051.SAFE/GRANULE/L2A_T32TNQ_A000920_20150826T102655/IMG_DATA/R20m/T32TNQ_20150826T102026_B04_20m.jp2,1,EPSG:32632,5490,5490,JP2OpenJPEG,uint16,,0,182,182,0,182.0,0.0312,0.468,PASS,2015|late_season|2015-08-26|ascending|15,2015,late_season,2015-08-26,2015-08-26,05.00,32TNQ,S2A,10000.0,-1000.0
S2A_MSIL2A_20150826T102026_N0500_R065_T32TNQ_20231011T014051,B8A_20m,s3://eodata/Sentinel-2/MSI/L2A_N0500/2015/08/26/S2A_MSIL2A_20150826T102026_N0500_R065_T32TNQ_20231011T014051.SAFE/GRANULE/L2A_T32TNQ_A000920_20150826T102655/IMG_DATA/R20m/T32TNQ_20150826T102026_B8A_20m.jp2,1,EPSG:32632,5490,5490,JP2OpenJPEG,uint16,,0,182,182,0,182.0,0.0876,0.5707,PASS,2015|late_season|2015-08-26|ascending|15,2015,late_season,2015-08-26,2015-08-26,05.00,32TNQ,S2A,10000.0,-1000.0
S2A_MSIL2A_20150826T102026_N0500_R065_T32TNQ_20231011T014051,B11_20m,s3://eodata/Sentinel-2/MSI/L2A_N0500/2015/08/26/S2A_MSIL2A_20150826T102026_N0500_R065_T32TNQ_20231011T014051.SAFE/GRANULE/L2A_T32TNQ_A000920_20150826T102655/IMG_DATA/R20m/T32TNQ_20150826T102026_B11_20m.jp2,1,EPSG:32632,5490,5490,JP2OpenJPEG,uint16,,0,182,182,0,182.0,0.0416,0.5151,PASS,2015|late_season|2015-08-26|ascending|15,2015,late_season,2015-08-26,2015-08-26,05.00,32TNQ,S2A,10000.0,-1000.0
S2A_MSIL2A_20150826T102026_N0500_R065_T32TNQ_20231011T014051,B12_20m,s3://eodata/Sentinel-2/MSI/L2A_N0500/2015/08/26/S2A_MSIL2A_20150826T102026_N0500_R065_T32TNQ_20231011T014051.SAFE/GRANULE/L2A_T32TNQ_A000920_20150826T102655/IMG_DATA/R20m/T32TNQ_20150826T102026_B12_20m.jp2,1,EPSG:32632,5490,5490,JP2OpenJPEG,uint16,,0,182,182,0,182.0,0.0243,0.4243,PASS,2015|late_season|2015-08-26|ascending|15,2015,late_season,2015-08-26,2015-08-26,05.00,32TNQ,S2A,10000.0,-1000.0
S2A_MSIL2A_20150826T102026_N0500_R065_T32TNQ_20231011T014051,SCL_20m,s3://eodata/Sentinel-2/MSI/L2A_N0500/2015/08/26/S2A_MSIL2A_20150826T102026_N0500_R065_T32TNQ_20231011T014051.SAFE/GRANULE/L2A_T32TNQ_A000920_20150826T102655/IMG_DATA/R20m/T32TNQ_20150826T102026_SCL_20m.jp2,1,EPSG:32632,5490,5490,JP2OpenJPEG,uint8,,0,182,182,0,,,,PASS,2015|late_season|2015-08-26|ascending|15,2015,late_season,2015-08-26,2015-08-26,05.00,32TNQ,S2A,,
S2A_MSIL2A_20150826T102026_N0500_R065_T32TNR_20231011T014051,B02_20m,s3://eodata/Sentinel-2/MSI/L2A_N0500/2015/08/26/S2A_MSIL2A_20150826T102026_N0500_R065_T32TNR_20231011T014051.SAFE/GRANULE/L2A_T32TNR_A000920_20150826T102655/IMG_DATA/R20m/T32TNR_20150826T102026_B02_20m.jp2,1,EPSG:32632,5490,5490,JP2OpenJPEG,uint16,,0,1022,1022,0,1022.0,0.0246,1.0514,PASS,2015|late_season|2015-08-26|ascending|15,2015,late_season,2015-08-26,2015-08-26,05.00,32TNR,S2A,10000.0,-1000.0
S2A_MSIL2A_20150826T102026_N0500_R065_T32TNR_20231011T014051,B03_20m,s3://eodata/Sentinel-2/MSI/L2A_N0500/2015/08/26/S2A_MSIL2A_20150826T102026_N0500_R065_T32TNR_20231011T014051.SAFE/GRANULE/L2A_T32TNR_A000920_20150826T102655/IMG_DATA/R20m/T32TNR_20150826T102026_B03_20m.jp2,1,EPSG:32632,5490,5490,JP2OpenJPEG,uint16,,0,1022,1022,0,1022.0,0.0315,0.9893,PASS,2015|late_season|2015-08-26|ascending|15,2015,late_season,2015-08-26,2015-08-26,05.00,32TNR,S2A,10000.0,-1000.0
S2A_MSIL2A_20150826T102026_N0500_R065_T32TNR_20231011T014051,B04_20m,s3://eodata/Sentinel-2/MSI/L2A_N0500/2015/08/26/S2A_MSIL2A_20150826T102026_N0500_R065_T32TNR_20231011T014051.SAFE/GRANULE/L2A_T32TNR_A000920_20150826T102655/IMG_DATA/R20m/T32TNR_20150826T102026_B04_20m.jp2,1,EPSG:32632,5490,5490,JP2OpenJPEG,uint16,,0,1022,1022,0,1022.0,0.019,0.9391,PASS,2015|late_season|2015-08-26|ascending|15,2015,late_season,2015-08-26,2015-08-26,05.00,32TNR,S2A,10000.0,-1000.0
S2A_MSIL2A_20150826T102026_N0500_R065_T32TNR_20231011T014051,B8A_20m,s3://eodata/Sentinel-2/MSI/L2A_N0500/2015/08/26/S2A_MSIL2A_20150826T102026_N0500_R065_T32TNR_20231011T014051.SAFE/GRANULE/L2A_T32TNR_A000920_20150826T102655/IMG_DATA/R20m/T32TNR_20150826T102026_B8A_20m.jp2,1,EPSG:32632,5490,5490,JP2OpenJPEG,uint16,,0,1022,1022,0,1022.0,0.0334,0.8928,PASS,2015|late_season|2015-08-26|ascending|15,2015,late_season,2015-08-26,2015-08-26,05.00,32TNR,S2A,10000.0,-1000.0
S2A_MSIL2A_20150826T102026_N0500_R065_T32TNR_20231011T014051,B11_20m,s3://eodata/Sentinel-2/MSI/L2A_N0500/2015/08/26/S2A_MSIL2A_20150826T102026_N0500_R065_T32TNR_20231011T014051.SAFE/GRANULE/L2A_T32TNR_A000920_20150826T102655/IMG_DATA/R20m/T32TNR_20150826T102026_B11_20m.jp2,1,EPSG:32632,5490,5490,JP2OpenJPEG,uint16,,0,1022,1022,0,1022.0,0.0201,0.7426,PASS,2015|late_season|2015-08-26|ascending|15,2015,late_season,2015-08-26,2015-08-26,05.00,32TNR,S2A,10000.0,-1000.0
S2A_MSIL2A_20150826T102026_N0500_R065_T32TNR_20231011T014051,B12_20m,s3://eodata/Sentinel-2/MSI/L2A_N0500/2015/08/26/S2A_MSIL2A_20150826T102026_N0500_R065_T32TNR_20231011T014051.SAFE/GRANULE/L2A_T32TNR_A000920_20150826T102655/IMG_DATA/R20m/T32TNR_20150826T102026_B12_20m.jp2,1,EPSG:32632,5490,5490,JP2OpenJPEG,uint16,,0,1022,1022,0,1022.0,0.0116,0.6487,PASS,2015|late_season|2015-08-26|ascending|15,2015,late_season,2015-08-26,2015-08-26,05.00,32TNR,S2A,10000.0,-1000.0
S2A_MSIL2A_20150826T102026_N0500_R065_T32TNR_20231011T014051,SCL_20m,s3://eodata/Sentinel-2/MSI/L2A_N0500/2015/08/26/S2A_MSIL2A_20150826T102026_N0500_R065_T32TNR_20231011T014051.SAFE/GRANULE/L2A_T32TNR_A000920_20150826T102655/IMG_DATA/R20m/T32TNR_20150826T102026_SCL_20m.jp2,1,EPSG:32632,5490,5490,JP2OpenJPEG,uint8,,0,1022,1022,0,,,,PASS,2015|late_season|2015-08-26|ascending|15,2015,late_season,2015-08-26,2015-08-26,05.00,32TNR,S2A,,
S2A_MSIL2A_20150829T103026_N0500_R108_T32TMQ_20231011T023648,B02_20m,s3://eodata/Sentinel-2/MSI/L2A_N0500/2015/08/29/S2A_MSIL2A_20150829T103026_N0500_R108_T32TMQ_20231011T023648.SAFE/GRANULE/L2A_T32TMQ_A000963_20150829T103705/IMG_DATA/R20m/T32TMQ_20150829T103026_B02_20m.jp2,1,EPSG:32632,5490,5490,JP2OpenJPEG,uint16,,0,564,564,511,53.0,0.0237,0.1334,PASS,2015|late_season|2015-08-30|descending|66,2015,late_season,2015-08-30,2015-08-29,05.00,32TMQ,S2A,10000.0,-1000.0
S2A_MSIL2A_20150829T103026_N0500_R108_T32TMQ_20231011T023648,B03_20m,s3://eodata/Sentinel-2/MSI/L2A_N0500/2015/08/29/S2A_MSIL2A_20150829T103026_N0500_R108_T32TMQ_20231011T023648.SAFE/GRANULE/L2A_T32TMQ_A000963_20150829T103705/IMG_DATA/R20m/T32TMQ_20150829T103026_B03_20m.jp2,1,EPSG:32632,5490,5490,JP2OpenJPEG,uint16,,0,564,564,511,53.0,0.0403,0.1829,PASS,2015|late_season|2015-08-30|descending|66,2015,late_season,2015-08-30,2015-08-29,05.00,32TMQ,S2A,10000.0,-1000.0
S2A_MSIL2A_20150829T103026_N0500_R108_T32TMQ_20231011T023648,B04_20m,s3://eodata/Sentinel-2/MSI/L2A_N0500/2015/08/29/S2A_MSIL2A_20150829T103026_N0500_R108_T32TMQ_20231011T023648.SAFE/GRANULE/L2A_T32TMQ_A000963_20150829T103705/IMG_DATA/R20m/T32TMQ_20150829T103026_B04_20m.jp2,1,EPSG:32632,5490,5490,JP2OpenJPEG,uint16,,0,564,564,511,53.0,0.013,0.2147,PASS,2015|late_season|2015-08-30|descending|66,2015,late_season,2015-08-30,2015-08-29,05.00,32TMQ,S2A,10000.0,-1000.0
S2A_MSIL2A_20150829T103026_N0500_R108_T32TMQ_20231011T023648,B8A_20m,s3://eodata/Sentinel-2/MSI/L2A_N0500/2015/08/29/S2A_MSIL2A_20150829T103026_N0500_R108_T32TMQ_20231011T023648.SAFE/GRANULE/L2A_T32TMQ_A000963_20150829T103705/IMG_DATA/R20m/T32TMQ_20150829T103026_B8A_20m.jp2,1,EPSG:32632,5490,5490,JP2OpenJPEG,uint16,,0,564,564,511,53.0,0.0141,0.5348,PASS,2015|late_season|2015-08-30|descending|66,2015,late_season,2015-08-30,2015-08-29,05.00,32TMQ,S2A,10000.0,-1000.0
S2A_MSIL2A_20150829T103026_N0500_R108_T32TMQ_20231011T023648,B11_20m,s3://eodata/Sentinel-2/MSI/L2A_N0500/2015/08/29/S2A_MSIL2A_20150829T103026_N0500_R108_T32TMQ_20231011T023648.SAFE/GRANULE/L2A_T32TMQ_A000963_20150829T103705/IMG_DATA/R20m/T32TMQ_20150829T103026_B11_20m.jp2,1,EPSG:32632,5490,5490,JP2OpenJPEG,uint16,,0,564,564,511,53.0,0.0094,0.3422,PASS,2015|late_season|2015-08-30|descending|66,2015,late_season,2015-08-30,2015-08-29,05.00,32TMQ,S2A,10000.0,-1000.0
S2A_MSIL2A_20150829T103026_N0500_R108_T32TMQ_20231011T023648,B12_20m,s3://eodata/Sentinel-2/MSI/L2A_N0500/2015/08/29/S2A_MSIL2A_20150829T103026_N0500_R108_T32TMQ_20231011T023648.SAFE/GRANULE/L2A_T32TMQ_A000963_20150829T103705/IMG_DATA/R20m/T32TMQ_20150829T103026_B12_20m.jp2,1,EPSG:32632,5490,5490,JP2OpenJPEG,uint16,,0,564,564,511,53.0,0.0083,0.2815,PASS,2015|late_season|2015-08-30|descending|66,2015,late_season,2015-08-30,2015-08-29,05.00,32TMQ,S2A,10000.0,-1000.0
S2A_MSIL2A_20150829T103026_N0500_R108_T32TMQ_20231011T023648,SCL_20m,s3://eodata/Sentinel-2/MSI/L2A_N0500/2015/08/29/S2A_MSIL2A_20150829T103026_N0500_R108_T32TMQ_20231011T023648.SAFE/GRANULE/L2A_T32TMQ_A000963_20150829T103705/IMG_DATA/R20m/T32TMQ_20150829T103026_SCL_20m.jp2,1,EPSG:32632,5490,5490,JP2OpenJPEG,uint8,,0,564,564,511,,,,PASS,2015|late_season|2015-08-30|descending|66,2015,late_season,2015-08-30,2015-08-29,05.00,32TMQ,S2A,,
S2A_MSIL2A_20150829T103026_N0500_R108_T32TMR_20231011T023648,B02_20m,s3://eodata/Sentinel-2/MSI/L2A_N0500/2015/08/29/S2A_MSIL2A_20150829T103026_N0500_R108_T32TMR_20231011T023648.SAFE/GRANULE/L2A_T32TMR_A000963_20150829T103705/IMG_DATA/R20m/T32TMR_20150829T103026_B02_20m.jp2,1,EPSG:32632,5490,5490,JP2OpenJPEG,uint16,,0,3585,3585,1685,1900.0,0.0118,0.1908,PASS,2015|late_season|2015-08-30|descending|66,2015,late_season,2015-08-30,2015-08-29,05.00,32TMR,S2A,10000.0,-1000.0
S2A_MSIL2A_20150829T103026_N0500_R108_T32TMR_20231011T023648,B03_20m,s3://eodata/Sentinel-2/MSI/L2A_N0500/2015/08/29/S2A_MSIL2A_20150829T103026_N0500_R108_T32TMR_20231011T023648.SAFE/GRANULE/L2A_T32TMR_A000963_20150829T103705/IMG_DATA/R20m/T32TMR_20150829T103026_B03_20m.jp2,1,EPSG:32632,5490,5490,JP2OpenJPEG,uint16,,0,3585,3585,1685,1900.0,0.0247,0.2014,PASS,2015|late_season|2015-08-30|descending|66,2015,late_season,2015-08-30,2015-08-29,05.00,32TMR,S2A,10000.0,-1000.0
S2A_MSIL2A_20150829T103026_N0500_R108_T32TMR_20231011T023648,B04_20m,s3://eodata/Sentinel-2/MSI/L2A_N0500/2015/08/29/S2A_MSIL2A_20150829T103026_N0500_R108_T32TMR_20231011T023648.SAFE/GRANULE/L2A_T32TMR_A000963_20150829T103705/IMG_DATA/R20m/T32TMR_20150829T103026_B04_20m.jp2,1,EPSG:32632,5490,5490,JP2OpenJPEG,uint16,,0,3585,3585,1685,1900.0,0.007,0.2209,PASS,2015|late_season|2015-08-30|descending|66,2015,late_season,2015-08-30,2015-08-29,05.00,32TMR,S2A,10000.0,-1000.0
S2A_MSIL2A_20150829T103026_N0500_R108_T32TMR_20231011T023648,B8A_20m,s3://eodata/Sentinel-2/MSI/L2A_N0500/2015/08/29/S2A_MSIL2A_20150829T103026_N0500_R108_T32TMR_20231011T023648.SAFE/GRANULE/L2A_T32TMR_A000963_20150829T103705/IMG_DATA/R20m/T32TMR_20150829T103026_B8A_20m.jp2,1,EPSG:32632,5490,5490,JP2OpenJPEG,uint16,,0,3585,3585,1685,1900.0,0.0018,0.6282,PASS,2015|late_season|2015-08-30|descending|66,2015,late_season,2015-08-30,2015-08-29,05.00,32TMR,S2A,10000.0,-1000.0
S2A_MSIL2A_20150829T103026_N0500_R108_T32TMR_20231011T023648,B11_20m,s3://eodata/Sentinel-2/MSI/L2A_N0500/2015/08/29/S2A_MSIL2A_20150829T103026_N0500_R108_T32TMR_20231011T023648.SAFE/GRANULE/L2A_T32TMR_A000963_20150829T103705/IMG_DATA/R20m/T32TMR_20150829T103026_B11_20m.jp2,1,EPSG:32632,5490,5490,JP2OpenJPEG,uint16,,0,3585,3585,1685,1900.0,0.0075,0.3813,PASS,2015|late_season|2015-08-30|descending|66,2015,late_season,2015-08-30,2015-08-29,05.00,32TMR,S2A,10000.0,-1000.0
S2A_MSIL2A_20150829T103026_N0500_R108_T32TMR_20231011T023648,B12_20m,s3://eodata/Sentinel-2/MSI/L2A_N0500/2015/08/29/S2A_MSIL2A_20150829T103026_N0500_R108_T32TMR_20231011T023648.SAFE/GRANULE/L2A_T32TMR_A000963_20150829T103705/IMG_DATA/R20m/T32TMR_20150829T103026_B12_20m.jp2,1,EPSG:32632,5490,5490,JP2OpenJPEG,uint16,,0,3585,3585,1685,1900.0,0.0069,0.4229,PASS,2015|late_season|2015-08-30|descending|66,2015,late_season,2015-08-30,2015-08-29,05.00,32TMR,S2A,10000.0,-1000.0
S2A_MSIL2A_20150829T103026_N0500_R108_T32TMR_20231011T023648,SCL_20m,s3://eodata/Sentinel-2/MSI/L2A_N0500/2015/08/29/S2A_MSIL2A_20150829T103026_N0500_R108_T32TMR_20231011T023648.SAFE/GRANULE/L2A_T32TMR_A000963_20150829T103705/IMG_DATA/R20m/T32TMR_20150829T103026_SCL_20m.jp2,1,EPSG:32632,5490,5490,JP2OpenJPEG,uint8,,0,3585,3585,1685,,,,PASS,2015|late_season|2015-08-30|descending|66,2015,late_season,2015-08-30,2015-08-29,05.00,32TMR,S2A,,
S2A_MSIL2A_20200514T103031_N0500_R108_T32TMQ_20230427T235543,B02_20m,s3://eodata/Sentinel-2/MSI/L2A_N0500/2020/05/14/S2A_MSIL2A_20200514T103031_N0500_R108_T32TMQ_20230427T235543.SAFE/GRANULE/L2A_T32TMQ_A025559_20200514T103747/IMG_DATA/R20m/T32TMQ_20200514T103031_B02_20m.jp2,1,EPSG:32632,5490,5490,JP2OpenJPEG,uint16,,0,564,564,538,26.0,0.0324,1.2868,PASS,2020|establishment|2020-05-13|ascending|15,2020,establishment,2020-05-13,2020-05-14,05.00,32TMQ,S2A,10000.0,-1000.0
S2A_MSIL2A_20200514T103031_N0500_R108_T32TMQ_20230427T235543,B03_20m,s3://eodata/Sentinel-2/MSI/L2A_N0500/2020/05/14/S2A_MSIL2A_20200514T103031_N0500_R108_T32TMQ_20230427T235543.SAFE/GRANULE/L2A_T32TMQ_A025559_20200514T103747/IMG_DATA/R20m/T32TMQ_20200514T103031_B03_20m.jp2,1,EPSG:32632,5490,5490,JP2OpenJPEG,uint16,,0,564,564,538,26.0,0.0398,1.2292,PASS,2020|establishment|2020-05-13|ascending|15,2020,establishment,2020-05-13,2020-05-14,05.00,32TMQ,S2A,10000.0,-1000.0
S2A_MSIL2A_20200514T103031_N0500_R108_T32TMQ_20230427T235543,B04_20m,s3://eodata/Sentinel-2/MSI/L2A_N0500/2020/05/14/S2A_MSIL2A_20200514T103031_N0500_R108_T32TMQ_20230427T235543.SAFE/GRANULE/L2A_T32TMQ_A025559_20200514T103747/IMG_DATA/R20m/T32TMQ_20200514T103031_B04_20m.jp2,1,EPSG:32632,5490,5490,JP2OpenJPEG,uint16,,0,564,564,538,26.0,0.028,1.1983,PASS,2020|establishment|2020-05-13|ascending|15,2020,establishment,2020-05-13,2020-05-14,05.00,32TMQ,S2A,10000.0,-1000.0
S2A_MSIL2A_20200514T103031_N0500_R108_T32TMQ_20230427T235543,B8A_20m,s3://eodata/Sentinel-2/MSI/L2A_N0500/2020/05/14/S2A_MSIL2A_20200514T103031_N0500_R108_T32TMQ_20230427T235543.SAFE/GRANULE/L2A_T32TMQ_A025559_20200514T103747/IMG_DATA/R20m/T32TMQ_20200514T103031_B8A_20m.jp2,1,EPSG:32632,5490,5490,JP2OpenJPEG,uint16,,0,564,564,538,26.0,0.0389,1.0865,PASS,2020|establishment|2020-05-13|ascending|15,2020,establishment,2020-05-13,2020-05-14,05.00,32TMQ,S2A,10000.0,-1000.0
S2A_MSIL2A_20200514T103031_N0500_R108_T32TMQ_20230427T235543,B11_20m,s3://eodata/Sentinel-2/MSI/L2A_N0500/2020/05/14/S2A_MSIL2A_20200514T103031_N0500_R108_T32TMQ_20230427T235543.SAFE/GRANULE/L2A_T32TMQ_A025559_20200514T103747/IMG_DATA/R20m/T32TMQ_20200514T103031_B11_20m.jp2,1,EPSG:32632,5490,5490,JP2OpenJPEG,uint16,,0,564,564,538,26.0,0.0533,0.7771,PASS,2020|establishment|2020-05-13|ascending|15,2020,establishment,2020-05-13,2020-05-14,05.00,32TMQ,S2A,10000.0,-1000.0
S2A_MSIL2A_20200514T103031_N0500_R108_T32TMQ_20230427T235543,B12_20m,s3://eodata/Sentinel-2/MSI/L2A_N0500/2020/05/14/S2A_MSIL2A_20200514T103031_N0500_R108_T32TMQ_20230427T235543.SAFE/GRANULE/L2A_T32TMQ_A025559_20200514T103747/IMG_DATA/R20m/T32TMQ_20200514T103031_B12_20m.jp2,1,EPSG:32632,5490,5490,JP2OpenJPEG,uint16,,0,564,564,538,26.0,0.0354,0.6587,PASS,2020|establishment|2020-05-13|ascending|15,2020,establishment,2020-05-13,2020-05-14,05.00,32TMQ,S2A,10000.0,-1000.0
S2A_MSIL2A_20200514T103031_N0500_R108_T32TMQ_20230427T235543,SCL_20m,s3://eodata/Sentinel-2/MSI/L2A_N0500/2020/05/14/S2A_MSIL2A_20200514T103031_N0500_R108_T32TMQ_20230427T235543.SAFE/GRANULE/L2A_T32TMQ_A025559_20200514T103747/IMG_DATA/R20m/T32TMQ_20200514T103031_SCL_20m.jp2,1,EPSG:32632,5490,5490,JP2OpenJPEG,uint8,,0,564,564,538,,,,PASS,2020|establishment|2020-05-13|ascending|15,2020,establishment,2020-05-13,2020-05-14,05.00,32TMQ,S2A,,
S2A_MSIL2A_20200514T103031_N0500_R108_T32TMR_20230427T235543,B02_20m,s3://eodata/Sentinel-2/MSI/L2A_N0500/2020/05/14/S2A_MSIL2A_20200514T103031_N0500_R108_T32TMR_20230427T235543.SAFE/GRANULE/L2A_T32TMR_A025559_20200514T103747/IMG_DATA/R20m/T32TMR_20200514T103031_B02_20m.jp2,1,EPSG:32632,5490,5490,JP2OpenJPEG,uint16,,0,3585,3585,1818,1767.0,-0.0053,1.3667,PASS,2020|establishment|2020-05-13|ascending|15,2020,establishment,2020-05-13,2020-05-14,05.00,32TMR,S2A,10000.0,-1000.0
S2A_MSIL2A_20200514T103031_N0500_R108_T32TMR_20230427T235543,B03_20m,s3://eodata/Sentinel-2/MSI/L2A_N0500/2020/05/14/S2A_MSIL2A_20200514T103031_N0500_R108_T32TMR_20230427T235543.SAFE/GRANULE/L2A_T32TMR_A025559_20200514T103747/IMG_DATA/R20m/T32TMR_20200514T103031_B03_20m.jp2,1,EPSG:32632,5490,5490,JP2OpenJPEG,uint16,,0,3585,3585,1818,1767.0,0.0069,1.2909,PASS,2020|establishment|2020-05-13|ascending|15,2020,establishment,2020-05-13,2020-05-14,05.00,32TMR,S2A,10000.0,-1000.0
S2A_MSIL2A_20200514T103031_N0500_R108_T32TMR_20230427T235543,B04_20m,s3://eodata/Sentinel-2/MSI/L2A_N0500/2020/05/14/S2A_MSIL2A_20200514T103031_N0500_R108_T32TMR_20230427T235543.SAFE/GRANULE/L2A_T32TMR_A025559_20200514T103747/IMG_DATA/R20m/T32TMR_20200514T103031_B04_20m.jp2,1,EPSG:32632,5490,5490,JP2OpenJPEG,uint16,,0,3585,3585,1818,1767.0,0.0028,1.2436,PASS,2020|establishment|2020-05-13|ascending|15,2020,establishment,2020-05-13,2020-05-14,05.00,32TMR,S2A,10000.0,-1000.0
S2A_MSIL2A_20200514T103031_N0500_R108_T32TMR_20230427T235543,B8A_20m,s3://eodata/Sentinel-2/MSI/L2A_N0500/2020/05/14/S2A_MSIL2A_20200514T103031_N0500_R108_T32TMR_20230427T235543.SAFE/GRANULE/L2A_T32TMR_A025559_20200514T103747/IMG_DATA/R20m/T32TMR_20200514T103031_B8A_20m.jp2,1,EPSG:32632,5490,5490,JP2OpenJPEG,uint16,,0,3585,3585,1818,1767.0,0.0127,1.1159,PASS,2020|establishment|2020-05-13|ascending|15,2020,establishment,2020-05-13,2020-05-14,05.00,32TMR,S2A,10000.0,-1000.0
S2A_MSIL2A_20200514T103031_N0500_R108_T32TMR_20230427T235543,B11_20m,s3://eodata/Sentinel-2/MSI/L2A_N0500/2020/05/14/S2A_MSIL2A_20200514T103031_N0500_R108_T32TMR_20230427T235543.SAFE/GRANULE/L2A_T32TMR_A025559_20200514T103747/IMG_DATA/R20m/T32TMR_20200514T103031_B11_20m.jp2,1,EPSG:32632,5490,5490,JP2OpenJPEG,uint16,,0,3585,3585,1818,1767.0,0.0034,0.8127,PASS,2020|establishment|2020-05-13|ascending|15,2020,establishment,2020-05-13,2020-05-14,05.00,32TMR,S2A,10000.0,-1000.0
S2A_MSIL2A_20200514T103031_N0500_R108_T32TMR_20230427T235543,B12_20m,s3://eodata/Sentinel-2/MSI/L2A_N0500/2020/05/14/S2A_MSIL2A_20200514T103031_N0500_R108_T32TMR_20230427T235543.SAFE/GRANULE/L2A_T32TMR_A025559_20200514T103747/IMG_DATA/R20m/T32TMR_20200514T103031_B12_20m.jp2,1,EPSG:32632,5490,5490,JP2OpenJPEG,uint16,,0,3585,3585,1818,1767.0,0.0038,0.6828,PASS,2020|establishment|2020-05-13|ascending|15,2020,establishment,2020-05-13,2020-05-14,05.00,32TMR,S2A,10000.0,-1000.0
S2A_MSIL2A_20200514T103031_N0500_R108_T32TMR_20230427T235543,SCL_20m,s3://eodata/Sentinel-2/MSI/L2A_N0500/2020/05/14/S2A_MSIL2A_20200514T103031_N0500_R108_T32TMR_20230427T235543.SAFE/GRANULE/L2A_T32TMR_A025559_20200514T103747/IMG_DATA/R20m/T32TMR_20200514T103031_SCL_20m.jp2,1,EPSG:32632,5490,5490,JP2OpenJPEG,uint8,,0,3585,3585,1818,,,,PASS,2020|establishment|2020-05-13|ascending|15,2020,establishment,2020-05-13,2020-05-14,05.00,32TMR,S2A,,
S2A_MSIL2A_20200713T103031_N0500_R108_T32TMQ_20230529T131424,B02_20m,s3://eodata/Sentinel-2/MSI/L2A_N0500/2020/07/13/S2A_MSIL2A_20200713T103031_N0500_R108_T32TMQ_20230529T131424.SAFE/GRANULE/L2A_T32TMQ_A026417_20200713T103703/IMG_DATA/R20m/T32TMQ_20200713T103031_B02_20m.jp2,1,EPSG:32632,5490,5490,JP2OpenJPEG,uint16,,0,564,564,526,38.0,0.0302,0.2346,PASS,2020|mid_season|2020-07-12|ascending|15,2020,mid_season,2020-07-12,2020-07-13,05.00,32TMQ,S2A,10000.0,-1000.0
S2A_MSIL2A_20200713T103031_N0500_R108_T32TMQ_20230529T131424,B03_20m,s3://eodata/Sentinel-2/MSI/L2A_N0500/2020/07/13/S2A_MSIL2A_20200713T103031_N0500_R108_T32TMQ_20230529T131424.SAFE/GRANULE/L2A_T32TMQ_A026417_20200713T103703/IMG_DATA/R20m/T32TMQ_20200713T103031_B03_20m.jp2,1,EPSG:32632,5490,5490,JP2OpenJPEG,uint16,,0,564,564,526,38.0,0.0418,0.2289,PASS,2020|mid_season|2020-07-12|ascending|15,2020,mid_season,2020-07-12,2020-07-13,05.00,32TMQ,S2A,10000.0,-1000.0
S2A_MSIL2A_20200713T103031_N0500_R108_T32TMQ_20230529T131424,B04_20m,s3://eodata/Sentinel-2/MSI/L2A_N0500/2020/07/13/S2A_MSIL2A_20200713T103031_N0500_R108_T32TMQ_20230529T131424.SAFE/GRANULE/L2A_T32TMQ_A026417_20200713T103703/IMG_DATA/R20m/T32TMQ_20200713T103031_B04_20m.jp2,1,EPSG:32632,5490,5490,JP2OpenJPEG,uint16,,0,564,564,526,38.0,0.0325,0.2351,PASS,2020|mid_season|2020-07-12|ascending|15,2020,mid_season,2020-07-12,2020-07-13,05.00,32TMQ,S2A,10000.0,-1000.0
S2A_MSIL2A_20200713T103031_N0500_R108_T32TMQ_20230529T131424,B8A_20m,s3://eodata/Sentinel-2/MSI/L2A_N0500/2020/07/13/S2A_MSIL2A_20200713T103031_N0500_R108_T32TMQ_20230529T131424.SAFE/GRANULE/L2A_T32TMQ_A026417_20200713T103703/IMG_DATA/R20m/T32TMQ_20200713T103031_B8A_20m.jp2,1,EPSG:32632,5490,5490,JP2OpenJPEG,uint16,,0,564,564,526,38.0,0.1302,0.6094,PASS,2020|mid_season|2020-07-12|ascending|15,2020,mid_season,2020-07-12,2020-07-13,05.00,32TMQ,S2A,10000.0,-1000.0
S2A_MSIL2A_20200713T103031_N0500_R108_T32TMQ_20230529T131424,B11_20m,s3://eodata/Sentinel-2/MSI/L2A_N0500/2020/07/13/S2A_MSIL2A_20200713T103031_N0500_R108_T32TMQ_20230529T131424.SAFE/GRANULE/L2A_T32TMQ_A026417_20200713T103703/IMG_DATA/R20m/T32TMQ_20200713T103031_B11_20m.jp2,1,EPSG:32632,5490,5490,JP2OpenJPEG,uint16,,0,564,564,526,38.0,0.0726,0.3467,PASS,2020|mid_season|2020-07-12|ascending|15,2020,mid_season,2020-07-12,2020-07-13,05.00,32TMQ,S2A,10000.0,-1000.0
S2A_MSIL2A_20200713T103031_N0500_R108_T32TMQ_20230529T131424,B12_20m,s3://eodata/Sentinel-2/MSI/L2A_N0500/2020/07/13/S2A_MSIL2A_20200713T103031_N0500_R108_T32TMQ_20230529T131424.SAFE/GRANULE/L2A_T32TMQ_A026417_20200713T103703/IMG_DATA/R20m/T32TMQ_20200713T103031_B12_20m.jp2,1,EPSG:32632,5490,5490,JP2OpenJPEG,uint16,,0,564,564,526,38.0,0.041,0.2436,PASS,2020|mid_season|2020-07-12|ascending|15,2020,mid_season,2020-07-12,2020-07-13,05.00,32TMQ,S2A,10000.0,-1000.0
S2A_MSIL2A_20200713T103031_N0500_R108_T32TMQ_20230529T131424,SCL_20m,s3://eodata/Sentinel-2/MSI/L2A_N0500/2020/07/13/S2A_MSIL2A_20200713T103031_N0500_R108_T32TMQ_20230529T131424.SAFE/GRANULE/L2A_T32TMQ_A026417_20200713T103703/IMG_DATA/R20m/T32TMQ_20200713T103031_SCL_20m.jp2,1,EPSG:32632,5490,5490,JP2OpenJPEG,uint8,,0,564,564,526,,,,PASS,2020|mid_season|2020-07-12|ascending|15,2020,mid_season,2020-07-12,2020-07-13,05.00,32TMQ,S2A,,
S2A_MSIL2A_20200713T103031_N0500_R108_T32TMR_20230529T131424,B02_20m,s3://eodata/Sentinel-2/MSI/L2A_N0500/2020/07/13/S2A_MSIL2A_20200713T103031_N0500_R108_T32TMR_20230529T131424.SAFE/GRANULE/L2A_T32TMR_A026417_20200713T103703/IMG_DATA/R20m/T32TMR_20200713T103031_B02_20m.jp2,1,EPSG:32632,5490,5490,JP2OpenJPEG,uint16,,0,3585,3585,1765,1820.0,-0.0354,0.9944,PASS,2020|mid_season|2020-07-12|ascending|15,2020,mid_season,2020-07-12,2020-07-13,05.00,32TMR,S2A,10000.0,-1000.0
S2A_MSIL2A_20200713T103031_N0500_R108_T32TMR_20230529T131424,B03_20m,s3://eodata/Sentinel-2/MSI/L2A_N0500/2020/07/13/S2A_MSIL2A_20200713T103031_N0500_R108_T32TMR_20230529T131424.SAFE/GRANULE/L2A_T32TMR_A026417_20200713T103703/IMG_DATA/R20m/T32TMR_20200713T103031_B03_20m.jp2,1,EPSG:32632,5490,5490,JP2OpenJPEG,uint16,,0,3585,3585,1765,1820.0,-0.0044,0.9277,PASS,2020|mid_season|2020-07-12|ascending|15,2020,mid_season,2020-07-12,2020-07-13,05.00,32TMR,S2A,10000.0,-1000.0
S2A_MSIL2A_20200713T103031_N0500_R108_T32TMR_20230529T131424,B04_20m,s3://eodata/Sentinel-2/MSI/L2A_N0500/2020/07/13/S2A_MSIL2A_20200713T103031_N0500_R108_T32TMR_20230529T131424.SAFE/GRANULE/L2A_T32TMR_A026417_20200713T103703/IMG_DATA/R20m/T32TMR_20200713T103031_B04_20m.jp2,1,EPSG:32632,5490,5490,JP2OpenJPEG,uint16,,0,3585,3585,1765,1820.0,-0.0119,0.8949,PASS,2020|mid_season|2020-07-12|ascending|15,2020,mid_season,2020-07-12,2020-07-13,05.00,32TMR,S2A,10000.0,-1000.0
S2A_MSIL2A_20200713T103031_N0500_R108_T32TMR_20230529T131424,B8A_20m,s3://eodata/Sentinel-2/MSI/L2A_N0500/2020/07/13/S2A_MSIL2A_20200713T103031_N0500_R108_T32TMR_20230529T131424.SAFE/GRANULE/L2A_T32TMR_A026417_20200713T103703/IMG_DATA/R20m/T32TMR_20200713T103031_B8A_20m.jp2,1,EPSG:32632,5490,5490,JP2OpenJPEG,uint16,,0,3585,3585,1765,1820.0,0.0292,0.887,PASS,2020|mid_season|2020-07-12|ascending|15,2020,mid_season,2020-07-12,2020-07-13,05.00,32TMR,S2A,10000.0,-1000.0
S2A_MSIL2A_20200713T103031_N0500_R108_T32TMR_20230529T131424,B11_20m,s3://eodata/Sentinel-2/MSI/L2A_N0500/2020/07/13/S2A_MSIL2A_20200713T103031_N0500_R108_T32TMR_20230529T131424.SAFE/GRANULE/L2A_T32TMR_A026417_20200713T103703/IMG_DATA/R20m/T32TMR_20200713T103031_B11_20m.jp2,1,EPSG:32632,5490,5490,JP2OpenJPEG,uint16,,0,3585,3585,1765,1820.0,0.0218,0.7359,PASS,2020|mid_season|2020-07-12|ascending|15,2020,mid_season,2020-07-12,2020-07-13,05.00,32TMR,S2A,10000.0,-1000.0
S2A_MSIL2A_20200713T103031_N0500_R108_T32TMR_20230529T131424,B12_20m,s3://eodata/Sentinel-2/MSI/L2A_N0500/2020/07/13/S2A_MSIL2A_20200713T103031_N0500_R108_T32TMR_20230529T131424.SAFE/GRANULE/L2A_T32TMR_A026417_20200713T103703/IMG_DATA/R20m/T32TMR_20200713T103031_B12_20m.jp2,1,EPSG:32632,5490,5490,JP2OpenJPEG,uint16,,0,3585,3585,1765,1820.0,0.0094,0.6576,PASS,2020|mid_season|2020-07-12|ascending|15,2020,mid_season,2020-07-12,2020-07-13,05.00,32TMR,S2A,10000.0,-1000.0
S2A_MSIL2A_20200713T103031_N0500_R108_T32TMR_20230529T131424,SCL_20m,s3://eodata/Sentinel-2/MSI/L2A_N0500/2020/07/13/S2A_MSIL2A_20200713T103031_N0500_R108_T32TMR_20230529T131424.SAFE/GRANULE/L2A_T32TMR_A026417_20200713T103703/IMG_DATA/R20m/T32TMR_20200713T103031_SCL_20m.jp2,1,EPSG:32632,5490,5490,JP2OpenJPEG,uint8,,0,3585,3585,1765,,,,PASS,2020|mid_season|2020-07-12|ascending|15,2020,mid_season,2020-07-12,2020-07-13,05.00,32TMR,S2A,,
S2A_MSIL2A_20200829T102031_N0500_R065_T32TMQ_20230417T021212,B02_20m,s3://eodata/Sentinel-2/MSI/L2A_N0500/2020/08/29/S2A_MSIL2A_20200829T102031_N0500_R065_T32TMQ_20230417T021212.SAFE/GRANULE/L2A_T32TMQ_A027089_20200829T102249/IMG_DATA/R20m/T32TMQ_20200829T102031_B02_20m.jp2,1,EPSG:32632,5490,5490,JP2OpenJPEG,uint16,,0,564,564,0,564.0,0.1674,2.0374,PASS,2020|late_season|2020-08-29|ascending|15,2020,late_season,2020-08-29,2020-08-29,05.00,32TMQ,S2A,10000.0,-1000.0
S2A_MSIL2A_20200829T102031_N0500_R065_T32TMQ_20230417T021212,B03_20m,s3://eodata/Sentinel-2/MSI/L2A_N0500/2020/08/29/S2A_MSIL2A_20200829T102031_N0500_R065_T32TMQ_20230417T021212.SAFE/GRANULE/L2A_T32TMQ_A027089_20200829T102249/IMG_DATA/R20m/T32TMQ_20200829T102031_B03_20m.jp2,1,EPSG:32632,5490,5490,JP2OpenJPEG,uint16,,0,564,564,0,564.0,0.1959,1.7702,PASS,2020|late_season|2020-08-29|ascending|15,2020,late_season,2020-08-29,2020-08-29,05.00,32TMQ,S2A,10000.0,-1000.0
S2A_MSIL2A_20200829T102031_N0500_R065_T32TMQ_20230417T021212,B04_20m,s3://eodata/Sentinel-2/MSI/L2A_N0500/2020/08/29/S2A_MSIL2A_20200829T102031_N0500_R065_T32TMQ_20230417T021212.SAFE/GRANULE/L2A_T32TMQ_A027089_20200829T102249/IMG_DATA/R20m/T32TMQ_20200829T102031_B04_20m.jp2,1,EPSG:32632,5490,5490,JP2OpenJPEG,uint16,,0,564,564,0,564.0,0.19,1.5937,PASS,2020|late_season|2020-08-29|ascending|15,2020,late_season,2020-08-29,2020-08-29,05.00,32TMQ,S2A,10000.0,-1000.0
S2A_MSIL2A_20200829T102031_N0500_R065_T32TMQ_20230417T021212,B8A_20m,s3://eodata/Sentinel-2/MSI/L2A_N0500/2020/08/29/S2A_MSIL2A_20200829T102031_N0500_R065_T32TMQ_20230417T021212.SAFE/GRANULE/L2A_T32TMQ_A027089_20200829T102249/IMG_DATA/R20m/T32TMQ_20200829T102031_B8A_20m.jp2,1,EPSG:32632,5490,5490,JP2OpenJPEG,uint16,,0,564,564,0,564.0,0.2495,1.2911,PASS,2020|late_season|2020-08-29|ascending|15,2020,late_season,2020-08-29,2020-08-29,05.00,32TMQ,S2A,10000.0,-1000.0
S2A_MSIL2A_20200829T102031_N0500_R065_T32TMQ_20230417T021212,B11_20m,s3://eodata/Sentinel-2/MSI/L2A_N0500/2020/08/29/S2A_MSIL2A_20200829T102031_N0500_R065_T32TMQ_20230417T021212.SAFE/GRANULE/L2A_T32TMQ_A027089_20200829T102249/IMG_DATA/R20m/T32TMQ_20200829T102031_B11_20m.jp2,1,EPSG:32632,5490,5490,JP2OpenJPEG,uint16,,0,564,564,0,564.0,0.1199,0.83,PASS,2020|late_season|2020-08-29|ascending|15,2020,late_season,2020-08-29,2020-08-29,05.00,32TMQ,S2A,10000.0,-1000.0
S2A_MSIL2A_20200829T102031_N0500_R065_T32TMQ_20230417T021212,B12_20m,s3://eodata/Sentinel-2/MSI/L2A_N0500/2020/08/29/S2A_MSIL2A_20200829T102031_N0500_R065_T32TMQ_20230417T021212.SAFE/GRANULE/L2A_T32TMQ_A027089_20200829T102249/IMG_DATA/R20m/T32TMQ_20200829T102031_B12_20m.jp2,1,EPSG:32632,5490,5490,JP2OpenJPEG,uint16,,0,564,564,0,564.0,0.1168,0.6671,PASS,2020|late_season|2020-08-29|ascending|15,2020,late_season,2020-08-29,2020-08-29,05.00,32TMQ,S2A,10000.0,-1000.0
S2A_MSIL2A_20200829T102031_N0500_R065_T32TMQ_20230417T021212,SCL_20m,s3://eodata/Sentinel-2/MSI/L2A_N0500/2020/08/29/S2A_MSIL2A_20200829T102031_N0500_R065_T32TMQ_20230417T021212.SAFE/GRANULE/L2A_T32TMQ_A027089_20200829T102249/IMG_DATA/R20m/T32TMQ_20200829T102031_SCL_20m.jp2,1,EPSG:32632,5490,5490,JP2OpenJPEG,uint8,,0,564,564,0,,,,PASS,2020|late_season|2020-08-29|ascending|15,2020,late_season,2020-08-29,2020-08-29,05.00,32TMQ,S2A,,
S2A_MSIL2A_20200829T102031_N0500_R065_T32TMR_20230417T021212,B02_20m,s3://eodata/Sentinel-2/MSI/L2A_N0500/2020/08/29/S2A_MSIL2A_20200829T102031_N0500_R065_T32TMR_20230417T021212.SAFE/GRANULE/L2A_T32TMR_A027089_20200829T102249/IMG_DATA/R20m/T32TMR_20200829T102031_B02_20m.jp2,1,EPSG:32632,5490,5490,JP2OpenJPEG,uint16,,0,3585,3585,0,3585.0,-0.0159,1.5288,PASS,2020|late_season|2020-08-29|ascending|15,2020,late_season,2020-08-29,2020-08-29,05.00,32TMR,S2A,10000.0,-1000.0
S2A_MSIL2A_20200829T102031_N0500_R065_T32TMR_20230417T021212,B03_20m,s3://eodata/Sentinel-2/MSI/L2A_N0500/2020/08/29/S2A_MSIL2A_20200829T102031_N0500_R065_T32TMR_20230417T021212.SAFE/GRANULE/L2A_T32TMR_A027089_20200829T102249/IMG_DATA/R20m/T32TMR_20200829T102031_B03_20m.jp2,1,EPSG:32632,5490,5490,JP2OpenJPEG,uint16,,0,3585,3585,0,3585.0,0.013,1.4822,PASS,2020|late_season|2020-08-29|ascending|15,2020,late_season,2020-08-29,2020-08-29,05.00,32TMR,S2A,10000.0,-1000.0
S2A_MSIL2A_20200829T102031_N0500_R065_T32TMR_20230417T021212,B04_20m,s3://eodata/Sentinel-2/MSI/L2A_N0500/2020/08/29/S2A_MSIL2A_20200829T102031_N0500_R065_T32TMR_20230417T021212.SAFE/GRANULE/L2A_T32TMR_A027089_20200829T102249/IMG_DATA/R20m/T32TMR_20200829T102031_B04_20m.jp2,1,EPSG:32632,5490,5490,JP2OpenJPEG,uint16,,0,3585,3585,0,3585.0,0.0206,1.4113,PASS,2020|late_season|2020-08-29|ascending|15,2020,late_season,2020-08-29,2020-08-29,05.00,32TMR,S2A,10000.0,-1000.0
S2A_MSIL2A_20200829T102031_N0500_R065_T32TMR_20230417T021212,B8A_20m,s3://eodata/Sentinel-2/MSI/L2A_N0500/2020/08/29/S2A_MSIL2A_20200829T102031_N0500_R065_T32TMR_20230417T021212.SAFE/GRANULE/L2A_T32TMR_A027089_20200829T102249/IMG_DATA/R20m/T32TMR_20200829T102031_B8A_20m.jp2,1,EPSG:32632,5490,5490,JP2OpenJPEG,uint16,,0,3585,3585,0,3585.0,0.1206,1.2535,PASS,2020|late_season|2020-08-29|ascending|15,2020,late_season,2020-08-29,2020-08-29,05.00,32TMR,S2A,10000.0,-1000.0
S2A_MSIL2A_20200829T102031_N0500_R065_T32TMR_20230417T021212,B11_20m,s3://eodata/Sentinel-2/MSI/L2A_N0500/2020/08/29/S2A_MSIL2A_20200829T102031_N0500_R065_T32TMR_20230417T021212.SAFE/GRANULE/L2A_T32TMR_A027089_20200829T102249/IMG_DATA/R20m/T32TMR_20200829T102031_B11_20m.jp2,1,EPSG:32632,5490,5490,JP2OpenJPEG,uint16,,0,3585,3585,0,3585.0,0.0543,0.9893,PASS,2020|late_season|2020-08-29|ascending|15,2020,late_season,2020-08-29,2020-08-29,05.00,32TMR,S2A,10000.0,-1000.0
S2A_MSIL2A_20200829T102031_N0500_R065_T32TMR_20230417T021212,B12_20m,s3://eodata/Sentinel-2/MSI/L2A_N0500/2020/08/29/S2A_MSIL2A_20200829T102031_N0500_R065_T32TMR_20230417T021212.SAFE/GRANULE/L2A_T32TMR_A027089_20200829T102249/IMG_DATA/R20m/T32TMR_20200829T102031_B12_20m.jp2,1,EPSG:32632,5490,5490,JP2OpenJPEG,uint16,,0,3585,3585,0,3585.0,0.0326,0.925,PASS,2020|late_season|2020-08-29|ascending|15,2020,late_season,2020-08-29,2020-08-29,05.00,32TMR,S2A,10000.0,-1000.0
S2A_MSIL2A_20200829T102031_N0500_R065_T32TMR_20230417T021212,SCL_20m,s3://eodata/Sentinel-2/MSI/L2A_N0500/2020/08/29/S2A_MSIL2A_20200829T102031_N0500_R065_T32TMR_20230417T021212.SAFE/GRANULE/L2A_T32TMR_A027089_20200829T102249/IMG_DATA/R20m/T32TMR_20200829T102031_SCL_20m.jp2,1,EPSG:32632,5490,5490,JP2OpenJPEG,uint8,,0,3585,3585,0,,,,PASS,2020|late_season|2020-08-29|ascending|15,2020,late_season,2020-08-29,2020-08-29,05.00,32TMR,S2A,,
S2A_MSIL2A_20200829T102031_N0500_R065_T32TNQ_20230417T021212,B02_20m,s3://eodata/Sentinel-2/MSI/L2A_N0500/2020/08/29/S2A_MSIL2A_20200829T102031_N0500_R065_T32TNQ_20230417T021212.SAFE/GRANULE/L2A_T32TNQ_A027089_20200829T102249/IMG_DATA/R20m/T32TNQ_20200829T102031_B02_20m.jp2,1,EPSG:32632,5490,5490,JP2OpenJPEG,uint16,,0,182,182,0,182.0,1.2402,1.5121,PASS,2020|late_season|2020-08-29|ascending|15,2020,late_season,2020-08-29,2020-08-29,05.00,32TNQ,S2A,10000.0,-1000.0
S2A_MSIL2A_20200829T102031_N0500_R065_T32TNQ_20230417T021212,B03_20m,s3://eodata/Sentinel-2/MSI/L2A_N0500/2020/08/29/S2A_MSIL2A_20200829T102031_N0500_R065_T32TNQ_20230417T021212.SAFE/GRANULE/L2A_T32TNQ_A027089_20200829T102249/IMG_DATA/R20m/T32TNQ_20200829T102031_B03_20m.jp2,1,EPSG:32632,5490,5490,JP2OpenJPEG,uint16,,0,182,182,0,182.0,1.1629,1.5162,PASS,2020|late_season|2020-08-29|ascending|15,2020,late_season,2020-08-29,2020-08-29,05.00,32TNQ,S2A,10000.0,-1000.0
S2A_MSIL2A_20200829T102031_N0500_R065_T32TNQ_20230417T021212,B04_20m,s3://eodata/Sentinel-2/MSI/L2A_N0500/2020/08/29/S2A_MSIL2A_20200829T102031_N0500_R065_T32TNQ_20230417T021212.SAFE/GRANULE/L2A_T32TNQ_A027089_20200829T102249/IMG_DATA/R20m/T32TNQ_20200829T102031_B04_20m.jp2,1,EPSG:32632,5490,5490,JP2OpenJPEG,uint16,,0,182,182,0,182.0,1.1023,1.4465,PASS,2020|late_season|2020-08-29|ascending|15,2020,late_season,2020-08-29,2020-08-29,05.00,32TNQ,S2A,10000.0,-1000.0
S2A_MSIL2A_20200829T102031_N0500_R065_T32TNQ_20230417T021212,B8A_20m,s3://eodata/Sentinel-2/MSI/L2A_N0500/2020/08/29/S2A_MSIL2A_20200829T102031_N0500_R065_T32TNQ_20230417T021212.SAFE/GRANULE/L2A_T32TNQ_A027089_20200829T102249/IMG_DATA/R20m/T32TNQ_20200829T102031_B8A_20m.jp2,1,EPSG:32632,5490,5490,JP2OpenJPEG,uint16,,0,182,182,0,182.0,0.9827,1.3003,PASS,2020|late_season|2020-08-29|ascending|15,2020,late_season,2020-08-29,2020-08-29,05.00,32TNQ,S2A,10000.0,-1000.0
S2A_MSIL2A_20200829T102031_N0500_R065_T32TNQ_20230417T021212,B11_20m,s3://eodata/Sentinel-2/MSI/L2A_N0500/2020/08/29/S2A_MSIL2A_20200829T102031_N0500_R065_T32TNQ_20230417T021212.SAFE/GRANULE/L2A_T32TNQ_A027089_20200829T102249/IMG_DATA/R20m/T32TNQ_20200829T102031_B11_20m.jp2,1,EPSG:32632,5490,5490,JP2OpenJPEG,uint16,,0,182,182,0,182.0,0.2266,0.3416,PASS,2020|late_season|2020-08-29|ascending|15,2020,late_season,2020-08-29,2020-08-29,05.00,32TNQ,S2A,10000.0,-1000.0
S2A_MSIL2A_20200829T102031_N0500_R065_T32TNQ_20230417T021212,B12_20m,s3://eodata/Sentinel-2/MSI/L2A_N0500/2020/08/29/S2A_MSIL2A_20200829T102031_N0500_R065_T32TNQ_20230417T021212.SAFE/GRANULE/L2A_T32TNQ_A027089_20200829T102249/IMG_DATA/R20m/T32TNQ_20200829T102031_B12_20m.jp2,1,EPSG:32632,5490,5490,JP2OpenJPEG,uint16,,0,182,182,0,182.0,0.2866,0.4306,PASS,2020|late_season|2020-08-29|ascending|15,2020,late_season,2020-08-29,2020-08-29,05.00,32TNQ,S2A,10000.0,-1000.0
S2A_MSIL2A_20200829T102031_N0500_R065_T32TNQ_20230417T021212,SCL_20m,s3://eodata/Sentinel-2/MSI/L2A_N0500/2020/08/29/S2A_MSIL2A_20200829T102031_N0500_R065_T32TNQ_20230417T021212.SAFE/GRANULE/L2A_T32TNQ_A027089_20200829T102249/IMG_DATA/R20m/T32TNQ_20200829T102031_SCL_20m.jp2,1,EPSG:32632,5490,5490,JP2OpenJPEG,uint8,,0,182,182,0,,,,PASS,2020|late_season|2020-08-29|ascending|15,2020,late_season,2020-08-29,2020-08-29,05.00,32TNQ,S2A,,
S2A_MSIL2A_20200829T102031_N0500_R065_T32TNR_20230417T021212,B02_20m,s3://eodata/Sentinel-2/MSI/L2A_N0500/2020/08/29/S2A_MSIL2A_20200829T102031_N0500_R065_T32TNR_20230417T021212.SAFE/GRANULE/L2A_T32TNR_A027089_20200829T102249/IMG_DATA/R20m/T32TNR_20200829T102031_B02_20m.jp2,1,EPSG:32632,5490,5490,JP2OpenJPEG,uint16,,0,1022,1022,0,1022.0,0.7183,1.0174,PASS,2020|late_season|2020-08-29|ascending|15,2020,late_season,2020-08-29,2020-08-29,05.00,32TNR,S2A,10000.0,-1000.0
S2A_MSIL2A_20200829T102031_N0500_R065_T32TNR_20230417T021212,B03_20m,s3://eodata/Sentinel-2/MSI/L2A_N0500/2020/08/29/S2A_MSIL2A_20200829T102031_N0500_R065_T32TNR_20230417T021212.SAFE/GRANULE/L2A_T32TNR_A027089_20200829T102249/IMG_DATA/R20m/T32TNR_20200829T102031_B03_20m.jp2,1,EPSG:32632,5490,5490,JP2OpenJPEG,uint16,,0,1022,1022,0,1022.0,0.7178,1.0982,PASS,2020|late_season|2020-08-29|ascending|15,2020,late_season,2020-08-29,2020-08-29,05.00,32TNR,S2A,10000.0,-1000.0
S2A_MSIL2A_20200829T102031_N0500_R065_T32TNR_20230417T021212,B04_20m,s3://eodata/Sentinel-2/MSI/L2A_N0500/2020/08/29/S2A_MSIL2A_20200829T102031_N0500_R065_T32TNR_20230417T021212.SAFE/GRANULE/L2A_T32TNR_A027089_20200829T102249/IMG_DATA/R20m/T32TNR_20200829T102031_B04_20m.jp2,1,EPSG:32632,5490,5490,JP2OpenJPEG,uint16,,0,1022,1022,0,1022.0,0.7057,1.1671,PASS,2020|late_season|2020-08-29|ascending|15,2020,late_season,2020-08-29,2020-08-29,05.00,32TNR,S2A,10000.0,-1000.0
S2A_MSIL2A_20200829T102031_N0500_R065_T32TNR_20230417T021212,B8A_20m,s3://eodata/Sentinel-2/MSI/L2A_N0500/2020/08/29/S2A_MSIL2A_20200829T102031_N0500_R065_T32TNR_20230417T021212.SAFE/GRANULE/L2A_T32TNR_A027089_20200829T102249/IMG_DATA/R20m/T32TNR_20200829T102031_B8A_20m.jp2,1,EPSG:32632,5490,5490,JP2OpenJPEG,uint16,,0,1022,1022,0,1022.0,0.7148,1.1408,PASS,2020|late_season|2020-08-29|ascending|15,2020,late_season,2020-08-29,2020-08-29,05.00,32TNR,S2A,10000.0,-1000.0
S2A_MSIL2A_20200829T102031_N0500_R065_T32TNR_20230417T021212,B11_20m,s3://eodata/Sentinel-2/MSI/L2A_N0500/2020/08/29/S2A_MSIL2A_20200829T102031_N0500_R065_T32TNR_20230417T021212.SAFE/GRANULE/L2A_T32TNR_A027089_20200829T102249/IMG_DATA/R20m/T32TNR_20200829T102031_B11_20m.jp2,1,EPSG:32632,5490,5490,JP2OpenJPEG,uint16,,0,1022,1022,0,1022.0,0.2192,0.3307,PASS,2020|late_season|2020-08-29|ascending|15,2020,late_season,2020-08-29,2020-08-29,05.00,32TNR,S2A,10000.0,-1000.0
S2A_MSIL2A_20200829T102031_N0500_R065_T32TNR_20230417T021212,B12_20m,s3://eodata/Sentinel-2/MSI/L2A_N0500/2020/08/29/S2A_MSIL2A_20200829T102031_N0500_R065_T32TNR_20230417T021212.SAFE/GRANULE/L2A_T32TNR_A027089_20200829T102249/IMG_DATA/R20m/T32TNR_20200829T102031_B12_20m.jp2,1,EPSG:32632,5490,5490,JP2OpenJPEG,uint16,,0,1022,1022,0,1022.0,0.2524,0.3792,PASS,2020|late_season|2020-08-29|ascending|15,2020,late_season,2020-08-29,2020-08-29,05.00,32TNR,S2A,10000.0,-1000.0
S2A_MSIL2A_20200829T102031_N0500_R065_T32TNR_20230417T021212,SCL_20m,s3://eodata/Sentinel-2/MSI/L2A_N0500/2020/08/29/S2A_MSIL2A_20200829T102031_N0500_R065_T32TNR_20230417T021212.SAFE/GRANULE/L2A_T32TNR_A027089_20200829T102249/IMG_DATA/R20m/T32TNR_20200829T102031_SCL_20m.jp2,1,EPSG:32632,5490,5490,JP2OpenJPEG,uint8,,0,1022,1022,0,,,,PASS,2020|late_season|2020-08-29|ascending|15,2020,late_season,2020-08-29,2020-08-29,05.00,32TNR,S2A,,
S2B_MSIL2A_20200516T101559_N0500_R065_T32TMQ_20230428T102504,B02_20m,s3://eodata/Sentinel-2/MSI/L2A_N0500/2020/05/16/S2B_MSIL2A_20200516T101559_N0500_R065_T32TMQ_20230428T102504.SAFE/GRANULE/L2A_T32TMQ_A016679_20200516T102113/IMG_DATA/R20m/T32TMQ_20200516T101559_B02_20m.jp2,1,EPSG:32632,5490,5490,JP2OpenJPEG,uint16,,0,564,564,0,564.0,-0.0152,1.9381,PASS,2020|establishment|2020-05-17|descending|66,2020,establishment,2020-05-17,2020-05-16,05.00,32TMQ,S2B,10000.0,-1000.0
S2B_MSIL2A_20200516T101559_N0500_R065_T32TMQ_20230428T102504,B03_20m,s3://eodata/Sentinel-2/MSI/L2A_N0500/2020/05/16/S2B_MSIL2A_20200516T101559_N0500_R065_T32TMQ_20230428T102504.SAFE/GRANULE/L2A_T32TMQ_A016679_20200516T102113/IMG_DATA/R20m/T32TMQ_20200516T101559_B03_20m.jp2,1,EPSG:32632,5490,5490,JP2OpenJPEG,uint16,,0,564,564,0,564.0,0.0015,1.6444,PASS,2020|establishment|2020-05-17|descending|66,2020,establishment,2020-05-17,2020-05-16,05.00,32TMQ,S2B,10000.0,-1000.0
S2B_MSIL2A_20200516T101559_N0500_R065_T32TMQ_20230428T102504,B04_20m,s3://eodata/Sentinel-2/MSI/L2A_N0500/2020/05/16/S2B_MSIL2A_20200516T101559_N0500_R065_T32TMQ_20230428T102504.SAFE/GRANULE/L2A_T32TMQ_A016679_20200516T102113/IMG_DATA/R20m/T32TMQ_20200516T101559_B04_20m.jp2,1,EPSG:32632,5490,5490,JP2OpenJPEG,uint16,,0,564,564,0,564.0,0.0178,1.5096,PASS,2020|establishment|2020-05-17|descending|66,2020,establishment,2020-05-17,2020-05-16,05.00,32TMQ,S2B,10000.0,-1000.0
S2B_MSIL2A_20200516T101559_N0500_R065_T32TMQ_20230428T102504,B8A_20m,s3://eodata/Sentinel-2/MSI/L2A_N0500/2020/05/16/S2B_MSIL2A_20200516T101559_N0500_R065_T32TMQ_20230428T102504.SAFE/GRANULE/L2A_T32TMQ_A016679_20200516T102113/IMG_DATA/R20m/T32TMQ_20200516T101559_B8A_20m.jp2,1,EPSG:32632,5490,5490,JP2OpenJPEG,uint16,,0,564,564,0,564.0,0.0053,1.3004,PASS,2020|establishment|2020-05-17|descending|66,2020,establishment,2020-05-17,2020-05-16,05.00,32TMQ,S2B,10000.0,-1000.0
S2B_MSIL2A_20200516T101559_N0500_R065_T32TMQ_20230428T102504,B11_20m,s3://eodata/Sentinel-2/MSI/L2A_N0500/2020/05/16/S2B_MSIL2A_20200516T101559_N0500_R065_T32TMQ_20230428T102504.SAFE/GRANULE/L2A_T32TMQ_A016679_20200516T102113/IMG_DATA/R20m/T32TMQ_20200516T101559_B11_20m.jp2,1,EPSG:32632,5490,5490,JP2OpenJPEG,uint16,,0,564,564,0,564.0,0.0558,0.949,PASS,2020|establishment|2020-05-17|descending|66,2020,establishment,2020-05-17,2020-05-16,05.00,32TMQ,S2B,10000.0,-1000.0
S2B_MSIL2A_20200516T101559_N0500_R065_T32TMQ_20230428T102504,B12_20m,s3://eodata/Sentinel-2/MSI/L2A_N0500/2020/05/16/S2B_MSIL2A_20200516T101559_N0500_R065_T32TMQ_20230428T102504.SAFE/GRANULE/L2A_T32TMQ_A016679_20200516T102113/IMG_DATA/R20m/T32TMQ_20200516T101559_B12_20m.jp2,1,EPSG:32632,5490,5490,JP2OpenJPEG,uint16,,0,564,564,0,564.0,0.0451,0.7911,PASS,2020|establishment|2020-05-17|descending|66,2020,establishment,2020-05-17,2020-05-16,05.00,32TMQ,S2B,10000.0,-1000.0
S2B_MSIL2A_20200516T101559_N0500_R065_T32TMQ_20230428T102504,SCL_20m,s3://eodata/Sentinel-2/MSI/L2A_N0500/2020/05/16/S2B_MSIL2A_20200516T101559_N0500_R065_T32TMQ_20230428T102504.SAFE/GRANULE/L2A_T32TMQ_A016679_20200516T102113/IMG_DATA/R20m/T32TMQ_20200516T101559_SCL_20m.jp2,1,EPSG:32632,5490,5490,JP2OpenJPEG,uint8,,0,564,564,0,,,,PASS,2020|establishment|2020-05-17|descending|66,2020,establishment,2020-05-17,2020-05-16,05.00,32TMQ,S2B,,
S2B_MSIL2A_20200516T101559_N0500_R065_T32TMR_20230428T102504,B02_20m,s3://eodata/Sentinel-2/MSI/L2A_N0500/2020/05/16/S2B_MSIL2A_20200516T101559_N0500_R065_T32TMR_20230428T102504.SAFE/GRANULE/L2A_T32TMR_A016679_20200516T102113/IMG_DATA/R20m/T32TMR_20200516T101559_B02_20m.jp2,1,EPSG:32632,5490,5490,JP2OpenJPEG,uint16,,0,3585,3585,0,3585.0,0.0355,1.3421,PASS,2020|establishment|2020-05-17|descending|66,2020,establishment,2020-05-17,2020-05-16,05.00,32TMR,S2B,10000.0,-1000.0
S2B_MSIL2A_20200516T101559_N0500_R065_T32TMR_20230428T102504,B03_20m,s3://eodata/Sentinel-2/MSI/L2A_N0500/2020/05/16/S2B_MSIL2A_20200516T101559_N0500_R065_T32TMR_20230428T102504.SAFE/GRANULE/L2A_T32TMR_A016679_20200516T102113/IMG_DATA/R20m/T32TMR_20200516T101559_B03_20m.jp2,1,EPSG:32632,5490,5490,JP2OpenJPEG,uint16,,0,3585,3585,0,3585.0,0.0549,1.3333,PASS,2020|establishment|2020-05-17|descending|66,2020,establishment,2020-05-17,2020-05-16,05.00,32TMR,S2B,10000.0,-1000.0
S2B_MSIL2A_20200516T101559_N0500_R065_T32TMR_20230428T102504,B04_20m,s3://eodata/Sentinel-2/MSI/L2A_N0500/2020/05/16/S2B_MSIL2A_20200516T101559_N0500_R065_T32TMR_20230428T102504.SAFE/GRANULE/L2A_T32TMR_A016679_20200516T102113/IMG_DATA/R20m/T32TMR_20200516T101559_B04_20m.jp2,1,EPSG:32632,5490,5490,JP2OpenJPEG,uint16,,0,3585,3585,0,3585.0,0.0477,1.3563,PASS,2020|establishment|2020-05-17|descending|66,2020,establishment,2020-05-17,2020-05-16,05.00,32TMR,S2B,10000.0,-1000.0
S2B_MSIL2A_20200516T101559_N0500_R065_T32TMR_20230428T102504,B8A_20m,s3://eodata/Sentinel-2/MSI/L2A_N0500/2020/05/16/S2B_MSIL2A_20200516T101559_N0500_R065_T32TMR_20230428T102504.SAFE/GRANULE/L2A_T32TMR_A016679_20200516T102113/IMG_DATA/R20m/T32TMR_20200516T101559_B8A_20m.jp2,1,EPSG:32632,5490,5490,JP2OpenJPEG,uint16,,0,3585,3585,0,3585.0,0.0864,1.3691,PASS,2020|establishment|2020-05-17|descending|66,2020,establishment,2020-05-17,2020-05-16,05.00,32TMR,S2B,10000.0,-1000.0
S2B_MSIL2A_20200516T101559_N0500_R065_T32TMR_20230428T102504,B11_20m,s3://eodata/Sentinel-2/MSI/L2A_N0500/2020/05/16/S2B_MSIL2A_20200516T101559_N0500_R065_T32TMR_20230428T102504.SAFE/GRANULE/L2A_T32TMR_A016679_20200516T102113/IMG_DATA/R20m/T32TMR_20200516T101559_B11_20m.jp2,1,EPSG:32632,5490,5490,JP2OpenJPEG,uint16,,0,3585,3585,0,3585.0,0.0438,0.8619,PASS,2020|establishment|2020-05-17|descending|66,2020,establishment,2020-05-17,2020-05-16,05.00,32TMR,S2B,10000.0,-1000.0
S2B_MSIL2A_20200516T101559_N0500_R065_T32TMR_20230428T102504,B12_20m,s3://eodata/Sentinel-2/MSI/L2A_N0500/2020/05/16/S2B_MSIL2A_20200516T101559_N0500_R065_T32TMR_20230428T102504.SAFE/GRANULE/L2A_T32TMR_A016679_20200516T102113/IMG_DATA/R20m/T32TMR_20200516T101559_B12_20m.jp2,1,EPSG:32632,5490,5490,JP2OpenJPEG,uint16,,0,3585,3585,0,3585.0,0.0307,0.7329,PASS,2020|establishment|2020-05-17|descending|66,2020,establishment,2020-05-17,2020-05-16,05.00,32TMR,S2B,10000.0,-1000.0
S2B_MSIL2A_20200516T101559_N0500_R065_T32TMR_20230428T102504,SCL_20m,s3://eodata/Sentinel-2/MSI/L2A_N0500/2020/05/16/S2B_MSIL2A_20200516T101559_N0500_R065_T32TMR_20230428T102504.SAFE/GRANULE/L2A_T32TMR_A016679_20200516T102113/IMG_DATA/R20m/T32TMR_20200516T101559_SCL_20m.jp2,1,EPSG:32632,5490,5490,JP2OpenJPEG,uint8,,0,3585,3585,0,,,,PASS,2020|establishment|2020-05-17|descending|66,2020,establishment,2020-05-17,2020-05-16,05.00,32TMR,S2B,,
S2B_MSIL2A_20200516T101559_N0500_R065_T32TNQ_20230428T102504,B02_20m,s3://eodata/Sentinel-2/MSI/L2A_N0500/2020/05/16/S2B_MSIL2A_20200516T101559_N0500_R065_T32TNQ_20230428T102504.SAFE/GRANULE/L2A_T32TNQ_A016679_20200516T102113/IMG_DATA/R20m/T32TNQ_20200516T101559_B02_20m.jp2,1,EPSG:32632,5490,5490,JP2OpenJPEG,uint16,,0,182,182,0,182.0,-0.0168,0.9689,PASS,2020|establishment|2020-05-17|descending|66,2020,establishment,2020-05-17,2020-05-16,05.00,32TNQ,S2B,10000.0,-1000.0
S2B_MSIL2A_20200516T101559_N0500_R065_T32TNQ_20230428T102504,B03_20m,s3://eodata/Sentinel-2/MSI/L2A_N0500/2020/05/16/S2B_MSIL2A_20200516T101559_N0500_R065_T32TNQ_20230428T102504.SAFE/GRANULE/L2A_T32TNQ_A016679_20200516T102113/IMG_DATA/R20m/T32TNQ_20200516T101559_B03_20m.jp2,1,EPSG:32632,5490,5490,JP2OpenJPEG,uint16,,0,182,182,0,182.0,0.0088,0.9084,PASS,2020|establishment|2020-05-17|descending|66,2020,establishment,2020-05-17,2020-05-16,05.00,32TNQ,S2B,10000.0,-1000.0
S2B_MSIL2A_20200516T101559_N0500_R065_T32TNQ_20230428T102504,B04_20m,s3://eodata/Sentinel-2/MSI/L2A_N0500/2020/05/16/S2B_MSIL2A_20200516T101559_N0500_R065_T32TNQ_20230428T102504.SAFE/GRANULE/L2A_T32TNQ_A016679_20200516T102113/IMG_DATA/R20m/T32TNQ_20200516T101559_B04_20m.jp2,1,EPSG:32632,5490,5490,JP2OpenJPEG,uint16,,0,182,182,0,182.0,0.0037,0.8861,PASS,2020|establishment|2020-05-17|descending|66,2020,establishment,2020-05-17,2020-05-16,05.00,32TNQ,S2B,10000.0,-1000.0
S2B_MSIL2A_20200516T101559_N0500_R065_T32TNQ_20230428T102504,B8A_20m,s3://eodata/Sentinel-2/MSI/L2A_N0500/2020/05/16/S2B_MSIL2A_20200516T101559_N0500_R065_T32TNQ_20230428T102504.SAFE/GRANULE/L2A_T32TNQ_A016679_20200516T102113/IMG_DATA/R20m/T32TNQ_20200516T101559_B8A_20m.jp2,1,EPSG:32632,5490,5490,JP2OpenJPEG,uint16,,0,182,182,0,182.0,0.0717,0.77,PASS,2020|establishment|2020-05-17|descending|66,2020,establishment,2020-05-17,2020-05-16,05.00,32TNQ,S2B,10000.0,-1000.0
S2B_MSIL2A_20200516T101559_N0500_R065_T32TNQ_20230428T102504,B11_20m,s3://eodata/Sentinel-2/MSI/L2A_N0500/2020/05/16/S2B_MSIL2A_20200516T101559_N0500_R065_T32TNQ_20230428T102504.SAFE/GRANULE/L2A_T32TNQ_A016679_20200516T102113/IMG_DATA/R20m/T32TNQ_20200516T101559_B11_20m.jp2,1,EPSG:32632,5490,5490,JP2OpenJPEG,uint16,,0,182,182,0,182.0,0.0651,0.5924,PASS,2020|establishment|2020-05-17|descending|66,2020,establishment,2020-05-17,2020-05-16,05.00,32TNQ,S2B,10000.0,-1000.0
S2B_MSIL2A_20200516T101559_N0500_R065_T32TNQ_20230428T102504,B12_20m,s3://eodata/Sentinel-2/MSI/L2A_N0500/2020/05/16/S2B_MSIL2A_20200516T101559_N0500_R065_T32TNQ_20230428T102504.SAFE/GRANULE/L2A_T32TNQ_A016679_20200516T102113/IMG_DATA/R20m/T32TNQ_20200516T101559_B12_20m.jp2,1,EPSG:32632,5490,5490,JP2OpenJPEG,uint16,,0,182,182,0,182.0,0.0476,0.4878,PASS,2020|establishment|2020-05-17|descending|66,2020,establishment,2020-05-17,2020-05-16,05.00,32TNQ,S2B,10000.0,-1000.0
S2B_MSIL2A_20200516T101559_N0500_R065_T32TNQ_20230428T102504,SCL_20m,s3://eodata/Sentinel-2/MSI/L2A_N0500/2020/05/16/S2B_MSIL2A_20200516T101559_N0500_R065_T32TNQ_20230428T102504.SAFE/GRANULE/L2A_T32TNQ_A016679_20200516T102113/IMG_DATA/R20m/T32TNQ_20200516T101559_SCL_20m.jp2,1,EPSG:32632,5490,5490,JP2OpenJPEG,uint8,,0,182,182,0,,,,PASS,2020|establishment|2020-05-17|descending|66,2020,establishment,2020-05-17,2020-05-16,05.00,32TNQ,S2B,,
S2B_MSIL2A_20200516T101559_N0500_R065_T32TNR_20230428T102504,B02_20m,s3://eodata/Sentinel-2/MSI/L2A_N0500/2020/05/16/S2B_MSIL2A_20200516T101559_N0500_R065_T32TNR_20230428T102504.SAFE/GRANULE/L2A_T32TNR_A016679_20200516T102113/IMG_DATA/R20m/T32TNR_20200516T101559_B02_20m.jp2,1,EPSG:32632,5490,5490,JP2OpenJPEG,uint16,,0,1022,1022,0,1022.0,-0.004,2.0221,PASS,2020|establishment|2020-05-17|descending|66,2020,establishment,2020-05-17,2020-05-16,05.00,32TNR,S2B,10000.0,-1000.0
S2B_MSIL2A_20200516T101559_N0500_R065_T32TNR_20230428T102504,B03_20m,s3://eodata/Sentinel-2/MSI/L2A_N0500/2020/05/16/S2B_MSIL2A_20200516T101559_N0500_R065_T32TNR_20230428T102504.SAFE/GRANULE/L2A_T32TNR_A016679_20200516T102113/IMG_DATA/R20m/T32TNR_20200516T101559_B03_20m.jp2,1,EPSG:32632,5490,5490,JP2OpenJPEG,uint16,,0,1022,1022,0,1022.0,0.0233,1.7771,PASS,2020|establishment|2020-05-17|descending|66,2020,establishment,2020-05-17,2020-05-16,05.00,32TNR,S2B,10000.0,-1000.0
S2B_MSIL2A_20200516T101559_N0500_R065_T32TNR_20230428T102504,B04_20m,s3://eodata/Sentinel-2/MSI/L2A_N0500/2020/05/16/S2B_MSIL2A_20200516T101559_N0500_R065_T32TNR_20230428T102504.SAFE/GRANULE/L2A_T32TNR_A016679_20200516T102113/IMG_DATA/R20m/T32TNR_20200516T101559_B04_20m.jp2,1,EPSG:32632,5490,5490,JP2OpenJPEG,uint16,,0,1022,1022,0,1022.0,0.0137,1.6926,PASS,2020|establishment|2020-05-17|descending|66,2020,establishment,2020-05-17,2020-05-16,05.00,32TNR,S2B,10000.0,-1000.0
S2B_MSIL2A_20200516T101559_N0500_R065_T32TNR_20230428T102504,B8A_20m,s3://eodata/Sentinel-2/MSI/L2A_N0500/2020/05/16/S2B_MSIL2A_20200516T101559_N0500_R065_T32TNR_20230428T102504.SAFE/GRANULE/L2A_T32TNR_A016679_20200516T102113/IMG_DATA/R20m/T32TNR_20200516T101559_B8A_20m.jp2,1,EPSG:32632,5490,5490,JP2OpenJPEG,uint16,,0,1022,1022,0,1022.0,0.0289,1.4642,PASS,2020|establishment|2020-05-17|descending|66,2020,establishment,2020-05-17,2020-05-16,05.00,32TNR,S2B,10000.0,-1000.0
S2B_MSIL2A_20200516T101559_N0500_R065_T32TNR_20230428T102504,B11_20m,s3://eodata/Sentinel-2/MSI/L2A_N0500/2020/05/16/S2B_MSIL2A_20200516T101559_N0500_R065_T32TNR_20230428T102504.SAFE/GRANULE/L2A_T32TNR_A016679_20200516T102113/IMG_DATA/R20m/T32TNR_20200516T101559_B11_20m.jp2,1,EPSG:32632,5490,5490,JP2OpenJPEG,uint16,,0,1022,1022,0,1022.0,0.0548,0.8244,PASS,2020|establishment|2020-05-17|descending|66,2020,establishment,2020-05-17,2020-05-16,05.00,32TNR,S2B,10000.0,-1000.0
S2B_MSIL2A_20200516T101559_N0500_R065_T32TNR_20230428T102504,B12_20m,s3://eodata/Sentinel-2/MSI/L2A_N0500/2020/05/16/S2B_MSIL2A_20200516T101559_N0500_R065_T32TNR_20230428T102504.SAFE/GRANULE/L2A_T32TNR_A016679_20200516T102113/IMG_DATA/R20m/T32TNR_20200516T101559_B12_20m.jp2,1,EPSG:32632,5490,5490,JP2OpenJPEG,uint16,,0,1022,1022,0,1022.0,0.0387,0.6832,PASS,2020|establishment|2020-05-17|descending|66,2020,establishment,2020-05-17,2020-05-16,05.00,32TNR,S2B,10000.0,-1000.0
S2B_MSIL2A_20200516T101559_N0500_R065_T32TNR_20230428T102504,SCL_20m,s3://eodata/Sentinel-2/MSI/L2A_N0500/2020/05/16/S2B_MSIL2A_20200516T101559_N0500_R065_T32TNR_20230428T102504.SAFE/GRANULE/L2A_T32TNR_A016679_20200516T102113/IMG_DATA/R20m/T32TNR_20200516T101559_SCL_20m.jp2,1,EPSG:32632,5490,5490,JP2OpenJPEG,uint8,,0,1022,1022,0,,,,PASS,2020|establishment|2020-05-17|descending|66,2020,establishment,2020-05-17,2020-05-16,05.00,32TNR,S2B,,
S2B_MSIL2A_20200715T101559_N0500_R065_T32TMQ_20230423T052638,B02_20m,s3://eodata/Sentinel-2/MSI/L2A_N0500/2020/07/15/S2B_MSIL2A_20200715T101559_N0500_R065_T32TMQ_20230423T052638.SAFE/GRANULE/L2A_T32TMQ_A017537_20200715T102036/IMG_DATA/R20m/T32TMQ_20200715T101559_B02_20m.jp2,1,EPSG:32632,5490,5490,JP2OpenJPEG,uint16,,0,564,564,0,564.0,0.027,0.8053,PASS,2020|mid_season|2020-07-16|descending|66,2020,mid_season,2020-07-16,2020-07-15,05.00,32TMQ,S2B,10000.0,-1000.0
S2B_MSIL2A_20200715T101559_N0500_R065_T32TMQ_20230423T052638,B03_20m,s3://eodata/Sentinel-2/MSI/L2A_N0500/2020/07/15/S2B_MSIL2A_20200715T101559_N0500_R065_T32TMQ_20230423T052638.SAFE/GRANULE/L2A_T32TMQ_A017537_20200715T102036/IMG_DATA/R20m/T32TMQ_20200715T101559_B03_20m.jp2,1,EPSG:32632,5490,5490,JP2OpenJPEG,uint16,,0,564,564,0,564.0,0.0529,0.7636,PASS,2020|mid_season|2020-07-16|descending|66,2020,mid_season,2020-07-16,2020-07-15,05.00,32TMQ,S2B,10000.0,-1000.0
S2B_MSIL2A_20200715T101559_N0500_R065_T32TMQ_20230423T052638,B04_20m,s3://eodata/Sentinel-2/MSI/L2A_N0500/2020/07/15/S2B_MSIL2A_20200715T101559_N0500_R065_T32TMQ_20230423T052638.SAFE/GRANULE/L2A_T32TMQ_A017537_20200715T102036/IMG_DATA/R20m/T32TMQ_20200715T101559_B04_20m.jp2,1,EPSG:32632,5490,5490,JP2OpenJPEG,uint16,,0,564,564,0,564.0,0.0211,0.6785,PASS,2020|mid_season|2020-07-16|descending|66,2020,mid_season,2020-07-16,2020-07-15,05.00,32TMQ,S2B,10000.0,-1000.0
S2B_MSIL2A_20200715T101559_N0500_R065_T32TMQ_20230423T052638,B8A_20m,s3://eodata/Sentinel-2/MSI/L2A_N0500/2020/07/15/S2B_MSIL2A_20200715T101559_N0500_R065_T32TMQ_20230423T052638.SAFE/GRANULE/L2A_T32TMQ_A017537_20200715T102036/IMG_DATA/R20m/T32TMQ_20200715T101559_B8A_20m.jp2,1,EPSG:32632,5490,5490,JP2OpenJPEG,uint16,,0,564,564,0,564.0,0.016,0.7473,PASS,2020|mid_season|2020-07-16|descending|66,2020,mid_season,2020-07-16,2020-07-15,05.00,32TMQ,S2B,10000.0,-1000.0
S2B_MSIL2A_20200715T101559_N0500_R065_T32TMQ_20230423T052638,B11_20m,s3://eodata/Sentinel-2/MSI/L2A_N0500/2020/07/15/S2B_MSIL2A_20200715T101559_N0500_R065_T32TMQ_20230423T052638.SAFE/GRANULE/L2A_T32TMQ_A017537_20200715T102036/IMG_DATA/R20m/T32TMQ_20200715T101559_B11_20m.jp2,1,EPSG:32632,5490,5490,JP2OpenJPEG,uint16,,0,564,564,0,564.0,0.0148,0.5671,PASS,2020|mid_season|2020-07-16|descending|66,2020,mid_season,2020-07-16,2020-07-15,05.00,32TMQ,S2B,10000.0,-1000.0
S2B_MSIL2A_20200715T101559_N0500_R065_T32TMQ_20230423T052638,B12_20m,s3://eodata/Sentinel-2/MSI/L2A_N0500/2020/07/15/S2B_MSIL2A_20200715T101559_N0500_R065_T32TMQ_20230423T052638.SAFE/GRANULE/L2A_T32TMQ_A017537_20200715T102036/IMG_DATA/R20m/T32TMQ_20200715T101559_B12_20m.jp2,1,EPSG:32632,5490,5490,JP2OpenJPEG,uint16,,0,564,564,0,564.0,0.0102,0.508,PASS,2020|mid_season|2020-07-16|descending|66,2020,mid_season,2020-07-16,2020-07-15,05.00,32TMQ,S2B,10000.0,-1000.0
S2B_MSIL2A_20200715T101559_N0500_R065_T32TMQ_20230423T052638,SCL_20m,s3://eodata/Sentinel-2/MSI/L2A_N0500/2020/07/15/S2B_MSIL2A_20200715T101559_N0500_R065_T32TMQ_20230423T052638.SAFE/GRANULE/L2A_T32TMQ_A017537_20200715T102036/IMG_DATA/R20m/T32TMQ_20200715T101559_SCL_20m.jp2,1,EPSG:32632,5490,5490,JP2OpenJPEG,uint8,,0,564,564,0,,,,PASS,2020|mid_season|2020-07-16|descending|66,2020,mid_season,2020-07-16,2020-07-15,05.00,32TMQ,S2B,,
S2B_MSIL2A_20200715T101559_N0500_R065_T32TMR_20230423T052638,B02_20m,s3://eodata/Sentinel-2/MSI/L2A_N0500/2020/07/15/S2B_MSIL2A_20200715T101559_N0500_R065_T32TMR_20230423T052638.SAFE/GRANULE/L2A_T32TMR_A017537_20200715T102036/IMG_DATA/R20m/T32TMR_20200715T101559_B02_20m.jp2,1,EPSG:32632,5490,5490,JP2OpenJPEG,uint16,,0,3585,3585,0,3585.0,0.0095,1.8593,PASS,2020|mid_season|2020-07-16|descending|66,2020,mid_season,2020-07-16,2020-07-15,05.00,32TMR,S2B,10000.0,-1000.0
S2B_MSIL2A_20200715T101559_N0500_R065_T32TMR_20230423T052638,B03_20m,s3://eodata/Sentinel-2/MSI/L2A_N0500/2020/07/15/S2B_MSIL2A_20200715T101559_N0500_R065_T32TMR_20230423T052638.SAFE/GRANULE/L2A_T32TMR_A017537_20200715T102036/IMG_DATA/R20m/T32TMR_20200715T101559_B03_20m.jp2,1,EPSG:32632,5490,5490,JP2OpenJPEG,uint16,,0,3585,3585,0,3585.0,0.0169,1.6786,PASS,2020|mid_season|2020-07-16|descending|66,2020,mid_season,2020-07-16,2020-07-15,05.00,32TMR,S2B,10000.0,-1000.0
S2B_MSIL2A_20200715T101559_N0500_R065_T32TMR_20230423T052638,B04_20m,s3://eodata/Sentinel-2/MSI/L2A_N0500/2020/07/15/S2B_MSIL2A_20200715T101559_N0500_R065_T32TMR_20230423T052638.SAFE/GRANULE/L2A_T32TMR_A017537_20200715T102036/IMG_DATA/R20m/T32TMR_20200715T101559_B04_20m.jp2,1,EPSG:32632,5490,5490,JP2OpenJPEG,uint16,,0,3585,3585,0,3585.0,0.0054,1.5725,PASS,2020|mid_season|2020-07-16|descending|66,2020,mid_season,2020-07-16,2020-07-15,05.00,32TMR,S2B,10000.0,-1000.0
S2B_MSIL2A_20200715T101559_N0500_R065_T32TMR_20230423T052638,B8A_20m,s3://eodata/Sentinel-2/MSI/L2A_N0500/2020/07/15/S2B_MSIL2A_20200715T101559_N0500_R065_T32TMR_20230423T052638.SAFE/GRANULE/L2A_T32TMR_A017537_20200715T102036/IMG_DATA/R20m/T32TMR_20200715T101559_B8A_20m.jp2,1,EPSG:32632,5490,5490,JP2OpenJPEG,uint16,,0,3585,3585,0,3585.0,0.0116,1.3773,PASS,2020|mid_season|2020-07-16|descending|66,2020,mid_season,2020-07-16,2020-07-15,05.00,32TMR,S2B,10000.0,-1000.0
S2B_MSIL2A_20200715T101559_N0500_R065_T32TMR_20230423T052638,B11_20m,s3://eodata/Sentinel-2/MSI/L2A_N0500/2020/07/15/S2B_MSIL2A_20200715T101559_N0500_R065_T32TMR_20230423T052638.SAFE/GRANULE/L2A_T32TMR_A017537_20200715T102036/IMG_DATA/R20m/T32TMR_20200715T101559_B11_20m.jp2,1,EPSG:32632,5490,5490,JP2OpenJPEG,uint16,,0,3585,3585,0,3585.0,0.014,0.7658,PASS,2020|mid_season|2020-07-16|descending|66,2020,mid_season,2020-07-16,2020-07-15,05.00,32TMR,S2B,10000.0,-1000.0
S2B_MSIL2A_20200715T101559_N0500_R065_T32TMR_20230423T052638,B12_20m,s3://eodata/Sentinel-2/MSI/L2A_N0500/2020/07/15/S2B_MSIL2A_20200715T101559_N0500_R065_T32TMR_20230423T052638.SAFE/GRANULE/L2A_T32TMR_A017537_20200715T102036/IMG_DATA/R20m/T32TMR_20200715T101559_B12_20m.jp2,1,EPSG:32632,5490,5490,JP2OpenJPEG,uint16,,0,3585,3585,0,3585.0,0.01,0.6222,PASS,2020|mid_season|2020-07-16|descending|66,2020,mid_season,2020-07-16,2020-07-15,05.00,32TMR,S2B,10000.0,-1000.0
S2B_MSIL2A_20200715T101559_N0500_R065_T32TMR_20230423T052638,SCL_20m,s3://eodata/Sentinel-2/MSI/L2A_N0500/2020/07/15/S2B_MSIL2A_20200715T101559_N0500_R065_T32TMR_20230423T052638.SAFE/GRANULE/L2A_T32TMR_A017537_20200715T102036/IMG_DATA/R20m/T32TMR_20200715T101559_SCL_20m.jp2,1,EPSG:32632,5490,5490,JP2OpenJPEG,uint8,,0,3585,3585,0,,,,PASS,2020|mid_season|2020-07-16|descending|66,2020,mid_season,2020-07-16,2020-07-15,05.00,32TMR,S2B,,
S2B_MSIL2A_20200715T101559_N0500_R065_T32TNQ_20230423T052638,B02_20m,s3://eodata/Sentinel-2/MSI/L2A_N0500/2020/07/15/S2B_MSIL2A_20200715T101559_N0500_R065_T32TNQ_20230423T052638.SAFE/GRANULE/L2A_T32TNQ_A017537_20200715T102036/IMG_DATA/R20m/T32TNQ_20200715T101559_B02_20m.jp2,1,EPSG:32632,5490,5490,JP2OpenJPEG,uint16,,0,182,182,0,182.0,0.0184,0.8674,PASS,2020|mid_season|2020-07-16|descending|66,2020,mid_season,2020-07-16,2020-07-15,05.00,32TNQ,S2B,10000.0,-1000.0
S2B_MSIL2A_20200715T101559_N0500_R065_T32TNQ_20230423T052638,B03_20m,s3://eodata/Sentinel-2/MSI/L2A_N0500/2020/07/15/S2B_MSIL2A_20200715T101559_N0500_R065_T32TNQ_20230423T052638.SAFE/GRANULE/L2A_T32TNQ_A017537_20200715T102036/IMG_DATA/R20m/T32TNQ_20200715T101559_B03_20m.jp2,1,EPSG:32632,5490,5490,JP2OpenJPEG,uint16,,0,182,182,0,182.0,0.0362,0.7433,PASS,2020|mid_season|2020-07-16|descending|66,2020,mid_season,2020-07-16,2020-07-15,05.00,32TNQ,S2B,10000.0,-1000.0
S2B_MSIL2A_20200715T101559_N0500_R065_T32TNQ_20230423T052638,B04_20m,s3://eodata/Sentinel-2/MSI/L2A_N0500/2020/07/15/S2B_MSIL2A_20200715T101559_N0500_R065_T32TNQ_20230423T052638.SAFE/GRANULE/L2A_T32TNQ_A017537_20200715T102036/IMG_DATA/R20m/T32TNQ_20200715T101559_B04_20m.jp2,1,EPSG:32632,5490,5490,JP2OpenJPEG,uint16,,0,182,182,0,182.0,0.0118,0.6518,PASS,2020|mid_season|2020-07-16|descending|66,2020,mid_season,2020-07-16,2020-07-15,05.00,32TNQ,S2B,10000.0,-1000.0
S2B_MSIL2A_20200715T101559_N0500_R065_T32TNQ_20230423T052638,B8A_20m,s3://eodata/Sentinel-2/MSI/L2A_N0500/2020/07/15/S2B_MSIL2A_20200715T101559_N0500_R065_T32TNQ_20230423T052638.SAFE/GRANULE/L2A_T32TNQ_A017537_20200715T102036/IMG_DATA/R20m/T32TNQ_20200715T101559_B8A_20m.jp2,1,EPSG:32632,5490,5490,JP2OpenJPEG,uint16,,0,182,182,0,182.0,0.2284,0.7693,PASS,2020|mid_season|2020-07-16|descending|66,2020,mid_season,2020-07-16,2020-07-15,05.00,32TNQ,S2B,10000.0,-1000.0
S2B_MSIL2A_20200715T101559_N0500_R065_T32TNQ_20230423T052638,B11_20m,s3://eodata/Sentinel-2/MSI/L2A_N0500/2020/07/15/S2B_MSIL2A_20200715T101559_N0500_R065_T32TNQ_20230423T052638.SAFE/GRANULE/L2A_T32TNQ_A017537_20200715T102036/IMG_DATA/R20m/T32TNQ_20200715T101559_B11_20m.jp2,1,EPSG:32632,5490,5490,JP2OpenJPEG,uint16,,0,182,182,0,182.0,0.0787,0.5026,PASS,2020|mid_season|2020-07-16|descending|66,2020,mid_season,2020-07-16,2020-07-15,05.00,32TNQ,S2B,10000.0,-1000.0
S2B_MSIL2A_20200715T101559_N0500_R065_T32TNQ_20230423T052638,B12_20m,s3://eodata/Sentinel-2/MSI/L2A_N0500/2020/07/15/S2B_MSIL2A_20200715T101559_N0500_R065_T32TNQ_20230423T052638.SAFE/GRANULE/L2A_T32TNQ_A017537_20200715T102036/IMG_DATA/R20m/T32TNQ_20200715T101559_B12_20m.jp2,1,EPSG:32632,5490,5490,JP2OpenJPEG,uint16,,0,182,182,0,182.0,0.0335,0.4112,PASS,2020|mid_season|2020-07-16|descending|66,2020,mid_season,2020-07-16,2020-07-15,05.00,32TNQ,S2B,10000.0,-1000.0
S2B_MSIL2A_20200715T101559_N0500_R065_T32TNQ_20230423T052638,SCL_20m,s3://eodata/Sentinel-2/MSI/L2A_N0500/2020/07/15/S2B_MSIL2A_20200715T101559_N0500_R065_T32TNQ_20230423T052638.SAFE/GRANULE/L2A_T32TNQ_A017537_20200715T102036/IMG_DATA/R20m/T32TNQ_20200715T101559_SCL_20m.jp2,1,EPSG:32632,5490,5490,JP2OpenJPEG,uint8,,0,182,182,0,,,,PASS,2020|mid_season|2020-07-16|descending|66,2020,mid_season,2020-07-16,2020-07-15,05.00,32TNQ,S2B,,
S2B_MSIL2A_20200715T101559_N0500_R065_T32TNR_20230423T052638,B02_20m,s3://eodata/Sentinel-2/MSI/L2A_N0500/2020/07/15/S2B_MSIL2A_20200715T101559_N0500_R065_T32TNR_20230423T052638.SAFE/GRANULE/L2A_T32TNR_A017537_20200715T102036/IMG_DATA/R20m/T32TNR_20200715T101559_B02_20m.jp2,1,EPSG:32632,5490,5490,JP2OpenJPEG,uint16,,0,1022,1022,0,1022.0,0.0142,0.857,PASS,2020|mid_season|2020-07-16|descending|66,2020,mid_season,2020-07-16,2020-07-15,05.00,32TNR,S2B,10000.0,-1000.0
S2B_MSIL2A_20200715T101559_N0500_R065_T32TNR_20230423T052638,B03_20m,s3://eodata/Sentinel-2/MSI/L2A_N0500/2020/07/15/S2B_MSIL2A_20200715T101559_N0500_R065_T32TNR_20230423T052638.SAFE/GRANULE/L2A_T32TNR_A017537_20200715T102036/IMG_DATA/R20m/T32TNR_20200715T101559_B03_20m.jp2,1,EPSG:32632,5490,5490,JP2OpenJPEG,uint16,,0,1022,1022,0,1022.0,0.0217,0.775,PASS,2020|mid_season|2020-07-16|descending|66,2020,mid_season,2020-07-16,2020-07-15,05.00,32TNR,S2B,10000.0,-1000.0
S2B_MSIL2A_20200715T101559_N0500_R065_T32TNR_20230423T052638,B04_20m,s3://eodata/Sentinel-2/MSI/L2A_N0500/2020/07/15/S2B_MSIL2A_20200715T101559_N0500_R065_T32TNR_20230423T052638.SAFE/GRANULE/L2A_T32TNR_A017537_20200715T102036/IMG_DATA/R20m/T32TNR_20200715T101559_B04_20m.jp2,1,EPSG:32632,5490,5490,JP2OpenJPEG,uint16,,0,1022,1022,0,1022.0,0.0087,0.6646,PASS,2020|mid_season|2020-07-16|descending|66,2020,mid_season,2020-07-16,2020-07-15,05.00,32TNR,S2B,10000.0,-1000.0
S2B_MSIL2A_20200715T101559_N0500_R065_T32TNR_20230423T052638,B8A_20m,s3://eodata/Sentinel-2/MSI/L2A_N0500/2020/07/15/S2B_MSIL2A_20200715T101559_N0500_R065_T32TNR_20230423T052638.SAFE/GRANULE/L2A_T32TNR_A017537_20200715T102036/IMG_DATA/R20m/T32TNR_20200715T101559_B8A_20m.jp2,1,EPSG:32632,5490,5490,JP2OpenJPEG,uint16,,0,1022,1022,0,1022.0,0.0093,0.8041,PASS,2020|mid_season|2020-07-16|descending|66,2020,mid_season,2020-07-16,2020-07-15,05.00,32TNR,S2B,10000.0,-1000.0
S2B_MSIL2A_20200715T101559_N0500_R065_T32TNR_20230423T052638,B11_20m,s3://eodata/Sentinel-2/MSI/L2A_N0500/2020/07/15/S2B_MSIL2A_20200715T101559_N0500_R065_T32TNR_20230423T052638.SAFE/GRANULE/L2A_T32TNR_A017537_20200715T102036/IMG_DATA/R20m/T32TNR_20200715T101559_B11_20m.jp2,1,EPSG:32632,5490,5490,JP2OpenJPEG,uint16,,0,1022,1022,0,1022.0,0.0086,0.6313,PASS,2020|mid_season|2020-07-16|descending|66,2020,mid_season,2020-07-16,2020-07-15,05.00,32TNR,S2B,10000.0,-1000.0
S2B_MSIL2A_20200715T101559_N0500_R065_T32TNR_20230423T052638,B12_20m,s3://eodata/Sentinel-2/MSI/L2A_N0500/2020/07/15/S2B_MSIL2A_20200715T101559_N0500_R065_T32TNR_20230423T052638.SAFE/GRANULE/L2A_T32TNR_A017537_20200715T102036/IMG_DATA/R20m/T32TNR_20200715T101559_B12_20m.jp2,1,EPSG:32632,5490,5490,JP2OpenJPEG,uint16,,0,1022,1022,0,1022.0,0.0108,0.6138,PASS,2020|mid_season|2020-07-16|descending|66,2020,mid_season,2020-07-16,2020-07-15,05.00,32TNR,S2B,10000.0,-1000.0
S2B_MSIL2A_20200715T101559_N0500_R065_T32TNR_20230423T052638,SCL_20m,s3://eodata/Sentinel-2/MSI/L2A_N0500/2020/07/15/S2B_MSIL2A_20200715T101559_N0500_R065_T32TNR_20230423T052638.SAFE/GRANULE/L2A_T32TNR_A017537_20200715T102036/IMG_DATA/R20m/T32TNR_20200715T101559_SCL_20m.jp2,1,EPSG:32632,5490,5490,JP2OpenJPEG,uint8,,0,1022,1022,0,,,,PASS,2020|mid_season|2020-07-16|descending|66,2020,mid_season,2020-07-16,2020-07-15,05.00,32TNR,S2B,,
S2A_MSIL2A_20200901T103031_N0500_R108_T32TMQ_20230418T003836,B02_20m,s3://eodata/Sentinel-2/MSI/L2A_N0500/2020/09/01/S2A_MSIL2A_20200901T103031_N0500_R108_T32TMQ_20230418T003836.SAFE/GRANULE/L2A_T32TMQ_A027132_20200901T103505/IMG_DATA/R20m/T32TMQ_20200901T103031_B02_20m.jp2,1,EPSG:32632,5490,5490,JP2OpenJPEG,uint16,,0,564,564,535,29.0,0.0155,0.2291,PASS,2020|late_season|2020-09-02|descending|66,2020,late_season,2020-09-02,2020-09-01,05.00,32TMQ,S2A,10000.0,-1000.0
S2A_MSIL2A_20200901T103031_N0500_R108_T32TMQ_20230418T003836,B03_20m,s3://eodata/Sentinel-2/MSI/L2A_N0500/2020/09/01/S2A_MSIL2A_20200901T103031_N0500_R108_T32TMQ_20230418T003836.SAFE/GRANULE/L2A_T32TMQ_A027132_20200901T103505/IMG_DATA/R20m/T32TMQ_20200901T103031_B03_20m.jp2,1,EPSG:32632,5490,5490,JP2OpenJPEG,uint16,,0,564,564,535,29.0,0.0321,0.2669,PASS,2020|late_season|2020-09-02|descending|66,2020,late_season,2020-09-02,2020-09-01,05.00,32TMQ,S2A,10000.0,-1000.0
S2A_MSIL2A_20200901T103031_N0500_R108_T32TMQ_20230418T003836,B04_20m,s3://eodata/Sentinel-2/MSI/L2A_N0500/2020/09/01/S2A_MSIL2A_20200901T103031_N0500_R108_T32TMQ_20230418T003836.SAFE/GRANULE/L2A_T32TMQ_A027132_20200901T103505/IMG_DATA/R20m/T32TMQ_20200901T103031_B04_20m.jp2,1,EPSG:32632,5490,5490,JP2OpenJPEG,uint16,,0,564,564,535,29.0,0.017,0.2537,PASS,2020|late_season|2020-09-02|descending|66,2020,late_season,2020-09-02,2020-09-01,05.00,32TMQ,S2A,10000.0,-1000.0
S2A_MSIL2A_20200901T103031_N0500_R108_T32TMQ_20230418T003836,B8A_20m,s3://eodata/Sentinel-2/MSI/L2A_N0500/2020/09/01/S2A_MSIL2A_20200901T103031_N0500_R108_T32TMQ_20230418T003836.SAFE/GRANULE/L2A_T32TMQ_A027132_20200901T103505/IMG_DATA/R20m/T32TMQ_20200901T103031_B8A_20m.jp2,1,EPSG:32632,5490,5490,JP2OpenJPEG,uint16,,0,564,564,535,29.0,0.1308,0.5077,PASS,2020|late_season|2020-09-02|descending|66,2020,late_season,2020-09-02,2020-09-01,05.00,32TMQ,S2A,10000.0,-1000.0
S2A_MSIL2A_20200901T103031_N0500_R108_T32TMQ_20230418T003836,B11_20m,s3://eodata/Sentinel-2/MSI/L2A_N0500/2020/09/01/S2A_MSIL2A_20200901T103031_N0500_R108_T32TMQ_20230418T003836.SAFE/GRANULE/L2A_T32TMQ_A027132_20200901T103505/IMG_DATA/R20m/T32TMQ_20200901T103031_B11_20m.jp2,1,EPSG:32632,5490,5490,JP2OpenJPEG,uint16,,0,564,564,535,29.0,0.0591,0.2607,PASS,2020|late_season|2020-09-02|descending|66,2020,late_season,2020-09-02,2020-09-01,05.00,32TMQ,S2A,10000.0,-1000.0
S2A_MSIL2A_20200901T103031_N0500_R108_T32TMQ_20230418T003836,B12_20m,s3://eodata/Sentinel-2/MSI/L2A_N0500/2020/09/01/S2A_MSIL2A_20200901T103031_N0500_R108_T32TMQ_20230418T003836.SAFE/GRANULE/L2A_T32TMQ_A027132_20200901T103505/IMG_DATA/R20m/T32TMQ_20200901T103031_B12_20m.jp2,1,EPSG:32632,5490,5490,JP2OpenJPEG,uint16,,0,564,564,535,29.0,0.0312,0.2651,PASS,2020|late_season|2020-09-02|descending|66,2020,late_season,2020-09-02,2020-09-01,05.00,32TMQ,S2A,10000.0,-1000.0
S2A_MSIL2A_20200901T103031_N0500_R108_T32TMQ_20230418T003836,SCL_20m,s3://eodata/Sentinel-2/MSI/L2A_N0500/2020/09/01/S2A_MSIL2A_20200901T103031_N0500_R108_T32TMQ_20230418T003836.SAFE/GRANULE/L2A_T32TMQ_A027132_20200901T103505/IMG_DATA/R20m/T32TMQ_20200901T103031_SCL_20m.jp2,1,EPSG:32632,5490,5490,JP2OpenJPEG,uint8,,0,564,564,535,,,,PASS,2020|late_season|2020-09-02|descending|66,2020,late_season,2020-09-02,2020-09-01,05.00,32TMQ,S2A,,
S2A_MSIL2A_20200901T103031_N0500_R108_T32TMR_20230418T003836,B02_20m,s3://eodata/Sentinel-2/MSI/L2A_N0500/2020/09/01/S2A_MSIL2A_20200901T103031_N0500_R108_T32TMR_20230418T003836.SAFE/GRANULE/L2A_T32TMR_A027132_20200901T103505/IMG_DATA/R20m/T32TMR_20200901T103031_B02_20m.jp2,1,EPSG:32632,5490,5490,JP2OpenJPEG,uint16,,0,3585,3585,1805,1780.0,0.0059,0.3457,PASS,2020|late_season|2020-09-02|descending|66,2020,late_season,2020-09-02,2020-09-01,05.00,32TMR,S2A,10000.0,-1000.0
S2A_MSIL2A_20200901T103031_N0500_R108_T32TMR_20230418T003836,B03_20m,s3://eodata/Sentinel-2/MSI/L2A_N0500/2020/09/01/S2A_MSIL2A_20200901T103031_N0500_R108_T32TMR_20230418T003836.SAFE/GRANULE/L2A_T32TMR_A027132_20200901T103505/IMG_DATA/R20m/T32TMR_20200901T103031_B03_20m.jp2,1,EPSG:32632,5490,5490,JP2OpenJPEG,uint16,,0,3585,3585,1805,1780.0,0.0127,0.3536,PASS,2020|late_season|2020-09-02|descending|66,2020,late_season,2020-09-02,2020-09-01,05.00,32TMR,S2A,10000.0,-1000.0
S2A_MSIL2A_20200901T103031_N0500_R108_T32TMR_20230418T003836,B04_20m,s3://eodata/Sentinel-2/MSI/L2A_N0500/2020/09/01/S2A_MSIL2A_20200901T103031_N0500_R108_T32TMR_20230418T003836.SAFE/GRANULE/L2A_T32TMR_A027132_20200901T103505/IMG_DATA/R20m/T32TMR_20200901T103031_B04_20m.jp2,1,EPSG:32632,5490,5490,JP2OpenJPEG,uint16,,0,3585,3585,1805,1780.0,0.0036,0.3275,PASS,2020|late_season|2020-09-02|descending|66,2020,late_season,2020-09-02,2020-09-01,05.00,32TMR,S2A,10000.0,-1000.0
S2A_MSIL2A_20200901T103031_N0500_R108_T32TMR_20230418T003836,B8A_20m,s3://eodata/Sentinel-2/MSI/L2A_N0500/2020/09/01/S2A_MSIL2A_20200901T103031_N0500_R108_T32TMR_20230418T003836.SAFE/GRANULE/L2A_T32TMR_A027132_20200901T103505/IMG_DATA/R20m/T32TMR_20200901T103031_B8A_20m.jp2,1,EPSG:32632,5490,5490,JP2OpenJPEG,uint16,,0,3585,3585,1805,1780.0,0.0053,0.626,PASS,2020|late_season|2020-09-02|descending|66,2020,late_season,2020-09-02,2020-09-01,05.00,32TMR,S2A,10000.0,-1000.0
S2A_MSIL2A_20200901T103031_N0500_R108_T32TMR_20230418T003836,B11_20m,s3://eodata/Sentinel-2/MSI/L2A_N0500/2020/09/01/S2A_MSIL2A_20200901T103031_N0500_R108_T32TMR_20230418T003836.SAFE/GRANULE/L2A_T32TMR_A027132_20200901T103505/IMG_DATA/R20m/T32TMR_20200901T103031_B11_20m.jp2,1,EPSG:32632,5490,5490,JP2OpenJPEG,uint16,,0,3585,3585,1805,1780.0,0.0105,0.4156,PASS,2020|late_season|2020-09-02|descending|66,2020,late_season,2020-09-02,2020-09-01,05.00,32TMR,S2A,10000.0,-1000.0
S2A_MSIL2A_20200901T103031_N0500_R108_T32TMR_20230418T003836,B12_20m,s3://eodata/Sentinel-2/MSI/L2A_N0500/2020/09/01/S2A_MSIL2A_20200901T103031_N0500_R108_T32TMR_20230418T003836.SAFE/GRANULE/L2A_T32TMR_A027132_20200901T103505/IMG_DATA/R20m/T32TMR_20200901T103031_B12_20m.jp2,1,EPSG:32632,5490,5490,JP2OpenJPEG,uint16,,0,3585,3585,1805,1780.0,0.0068,0.4869,PASS,2020|late_season|2020-09-02|descending|66,2020,late_season,2020-09-02,2020-09-01,05.00,32TMR,S2A,10000.0,-1000.0
S2A_MSIL2A_20200901T103031_N0500_R108_T32TMR_20230418T003836,SCL_20m,s3://eodata/Sentinel-2/MSI/L2A_N0500/2020/09/01/S2A_MSIL2A_20200901T103031_N0500_R108_T32TMR_20230418T003836.SAFE/GRANULE/L2A_T32TMR_A027132_20200901T103505/IMG_DATA/R20m/T32TMR_20200901T103031_SCL_20m.jp2,1,EPSG:32632,5490,5490,JP2OpenJPEG,uint8,,0,3585,3585,1805,,,,PASS,2020|late_season|2020-09-02|descending|66,2020,late_season,2020-09-02,2020-09-01,05.00,32TMR,S2A,,
S2A_MSIL2A_20250517T101701_N0511_R065_T32TMQ_20250517T120915,B02_20m,s3://eodata/Sentinel-2/MSI/L2A/2025/05/17/S2A_MSIL2A_20250517T101701_N0511_R065_T32TMQ_20250517T120915.SAFE/GRANULE/L2A_T32TMQ_A051714_20250517T102728/IMG_DATA/R20m/T32TMQ_20250517T101701_B02_20m.jp2,1,EPSG:32632,5490,5490,JP2OpenJPEG,uint16,,0,564,564,0,564.0,0.0038,1.2053,PASS,2025|establishment|2025-05-17|ascending|15,2025,establishment,2025-05-17,2025-05-17,05.11,32TMQ,S2A,10000.0,-1000.0
S2A_MSIL2A_20250517T101701_N0511_R065_T32TMQ_20250517T120915,B03_20m,s3://eodata/Sentinel-2/MSI/L2A/2025/05/17/S2A_MSIL2A_20250517T101701_N0511_R065_T32TMQ_20250517T120915.SAFE/GRANULE/L2A_T32TMQ_A051714_20250517T102728/IMG_DATA/R20m/T32TMQ_20250517T101701_B03_20m.jp2,1,EPSG:32632,5490,5490,JP2OpenJPEG,uint16,,0,564,564,0,564.0,0.0091,1.1195,PASS,2025|establishment|2025-05-17|ascending|15,2025,establishment,2025-05-17,2025-05-17,05.11,32TMQ,S2A,10000.0,-1000.0
S2A_MSIL2A_20250517T101701_N0511_R065_T32TMQ_20250517T120915,B04_20m,s3://eodata/Sentinel-2/MSI/L2A/2025/05/17/S2A_MSIL2A_20250517T101701_N0511_R065_T32TMQ_20250517T120915.SAFE/GRANULE/L2A_T32TMQ_A051714_20250517T102728/IMG_DATA/R20m/T32TMQ_20250517T101701_B04_20m.jp2,1,EPSG:32632,5490,5490,JP2OpenJPEG,uint16,,0,564,564,0,564.0,0.0055,1.0542,PASS,2025|establishment|2025-05-17|ascending|15,2025,establishment,2025-05-17,2025-05-17,05.11,32TMQ,S2A,10000.0,-1000.0
S2A_MSIL2A_20250517T101701_N0511_R065_T32TMQ_20250517T120915,B8A_20m,s3://eodata/Sentinel-2/MSI/L2A/2025/05/17/S2A_MSIL2A_20250517T101701_N0511_R065_T32TMQ_20250517T120915.SAFE/GRANULE/L2A_T32TMQ_A051714_20250517T102728/IMG_DATA/R20m/T32TMQ_20250517T101701_B8A_20m.jp2,1,EPSG:32632,5490,5490,JP2OpenJPEG,uint16,,0,564,564,0,564.0,-0.0014,1.0053,PASS,2025|establishment|2025-05-17|ascending|15,2025,establishment,2025-05-17,2025-05-17,05.11,32TMQ,S2A,10000.0,-1000.0
S2A_MSIL2A_20250517T101701_N0511_R065_T32TMQ_20250517T120915,B11_20m,s3://eodata/Sentinel-2/MSI/L2A/2025/05/17/S2A_MSIL2A_20250517T101701_N0511_R065_T32TMQ_20250517T120915.SAFE/GRANULE/L2A_T32TMQ_A051714_20250517T102728/IMG_DATA/R20m/T32TMQ_20250517T101701_B11_20m.jp2,1,EPSG:32632,5490,5490,JP2OpenJPEG,uint16,,0,564,564,0,564.0,0.0079,0.8618,PASS,2025|establishment|2025-05-17|ascending|15,2025,establishment,2025-05-17,2025-05-17,05.11,32TMQ,S2A,10000.0,-1000.0
S2A_MSIL2A_20250517T101701_N0511_R065_T32TMQ_20250517T120915,B12_20m,s3://eodata/Sentinel-2/MSI/L2A/2025/05/17/S2A_MSIL2A_20250517T101701_N0511_R065_T32TMQ_20250517T120915.SAFE/GRANULE/L2A_T32TMQ_A051714_20250517T102728/IMG_DATA/R20m/T32TMQ_20250517T101701_B12_20m.jp2,1,EPSG:32632,5490,5490,JP2OpenJPEG,uint16,,0,564,564,0,564.0,0.0079,0.7024,PASS,2025|establishment|2025-05-17|ascending|15,2025,establishment,2025-05-17,2025-05-17,05.11,32TMQ,S2A,10000.0,-1000.0
S2A_MSIL2A_20250517T101701_N0511_R065_T32TMQ_20250517T120915,SCL_20m,s3://eodata/Sentinel-2/MSI/L2A/2025/05/17/S2A_MSIL2A_20250517T101701_N0511_R065_T32TMQ_20250517T120915.SAFE/GRANULE/L2A_T32TMQ_A051714_20250517T102728/IMG_DATA/R20m/T32TMQ_20250517T101701_SCL_20m.jp2,1,EPSG:32632,5490,5490,JP2OpenJPEG,uint8,,0,564,564,0,,,,PASS,2025|establishment|2025-05-17|ascending|15,2025,establishment,2025-05-17,2025-05-17,05.11,32TMQ,S2A,,
S2A_MSIL2A_20250517T101701_N0511_R065_T32TMR_20250517T120915,B02_20m,s3://eodata/Sentinel-2/MSI/L2A/2025/05/17/S2A_MSIL2A_20250517T101701_N0511_R065_T32TMR_20250517T120915.SAFE/GRANULE/L2A_T32TMR_A051714_20250517T102728/IMG_DATA/R20m/T32TMR_20250517T101701_B02_20m.jp2,1,EPSG:32632,5490,5490,JP2OpenJPEG,uint16,,0,3585,3585,0,3585.0,0.008,1.1349,PASS,2025|establishment|2025-05-17|ascending|15,2025,establishment,2025-05-17,2025-05-17,05.11,32TMR,S2A,10000.0,-1000.0
S2A_MSIL2A_20250517T101701_N0511_R065_T32TMR_20250517T120915,B03_20m,s3://eodata/Sentinel-2/MSI/L2A/2025/05/17/S2A_MSIL2A_20250517T101701_N0511_R065_T32TMR_20250517T120915.SAFE/GRANULE/L2A_T32TMR_A051714_20250517T102728/IMG_DATA/R20m/T32TMR_20250517T101701_B03_20m.jp2,1,EPSG:32632,5490,5490,JP2OpenJPEG,uint16,,0,3585,3585,0,3585.0,0.0129,1.0623,PASS,2025|establishment|2025-05-17|ascending|15,2025,establishment,2025-05-17,2025-05-17,05.11,32TMR,S2A,10000.0,-1000.0
S2A_MSIL2A_20250517T101701_N0511_R065_T32TMR_20250517T120915,B04_20m,s3://eodata/Sentinel-2/MSI/L2A/2025/05/17/S2A_MSIL2A_20250517T101701_N0511_R065_T32TMR_20250517T120915.SAFE/GRANULE/L2A_T32TMR_A051714_20250517T102728/IMG_DATA/R20m/T32TMR_20250517T101701_B04_20m.jp2,1,EPSG:32632,5490,5490,JP2OpenJPEG,uint16,,0,3585,3585,0,3585.0,0.0083,1.0062,PASS,2025|establishment|2025-05-17|ascending|15,2025,establishment,2025-05-17,2025-05-17,05.11,32TMR,S2A,10000.0,-1000.0
S2A_MSIL2A_20250517T101701_N0511_R065_T32TMR_20250517T120915,B8A_20m,s3://eodata/Sentinel-2/MSI/L2A/2025/05/17/S2A_MSIL2A_20250517T101701_N0511_R065_T32TMR_20250517T120915.SAFE/GRANULE/L2A_T32TMR_A051714_20250517T102728/IMG_DATA/R20m/T32TMR_20250517T101701_B8A_20m.jp2,1,EPSG:32632,5490,5490,JP2OpenJPEG,uint16,,0,3585,3585,0,3585.0,0.0019,0.9772,PASS,2025|establishment|2025-05-17|ascending|15,2025,establishment,2025-05-17,2025-05-17,05.11,32TMR,S2A,10000.0,-1000.0
S2A_MSIL2A_20250517T101701_N0511_R065_T32TMR_20250517T120915,B11_20m,s3://eodata/Sentinel-2/MSI/L2A/2025/05/17/S2A_MSIL2A_20250517T101701_N0511_R065_T32TMR_20250517T120915.SAFE/GRANULE/L2A_T32TMR_A051714_20250517T102728/IMG_DATA/R20m/T32TMR_20250517T101701_B11_20m.jp2,1,EPSG:32632,5490,5490,JP2OpenJPEG,uint16,,0,3585,3585,0,3585.0,0.0055,0.8529,PASS,2025|establishment|2025-05-17|ascending|15,2025,establishment,2025-05-17,2025-05-17,05.11,32TMR,S2A,10000.0,-1000.0
S2A_MSIL2A_20250517T101701_N0511_R065_T32TMR_20250517T120915,B12_20m,s3://eodata/Sentinel-2/MSI/L2A/2025/05/17/S2A_MSIL2A_20250517T101701_N0511_R065_T32TMR_20250517T120915.SAFE/GRANULE/L2A_T32TMR_A051714_20250517T102728/IMG_DATA/R20m/T32TMR_20250517T101701_B12_20m.jp2,1,EPSG:32632,5490,5490,JP2OpenJPEG,uint16,,0,3585,3585,0,3585.0,0.0042,0.7186,PASS,2025|establishment|2025-05-17|ascending|15,2025,establishment,2025-05-17,2025-05-17,05.11,32TMR,S2A,10000.0,-1000.0
S2A_MSIL2A_20250517T101701_N0511_R065_T32TMR_20250517T120915,SCL_20m,s3://eodata/Sentinel-2/MSI/L2A/2025/05/17/S2A_MSIL2A_20250517T101701_N0511_R065_T32TMR_20250517T120915.SAFE/GRANULE/L2A_T32TMR_A051714_20250517T102728/IMG_DATA/R20m/T32TMR_20250517T101701_SCL_20m.jp2,1,EPSG:32632,5490,5490,JP2OpenJPEG,uint8,,0,3585,3585,0,,,,PASS,2025|establishment|2025-05-17|ascending|15,2025,establishment,2025-05-17,2025-05-17,05.11,32TMR,S2A,,
S2A_MSIL2A_20250517T101701_N0511_R065_T32TNQ_20250517T120915,B02_20m,s3://eodata/Sentinel-2/MSI/L2A/2025/05/17/S2A_MSIL2A_20250517T101701_N0511_R065_T32TNQ_20250517T120915.SAFE/GRANULE/L2A_T32TNQ_A051714_20250517T102728/IMG_DATA/R20m/T32TNQ_20250517T101701_B02_20m.jp2,1,EPSG:32632,5490,5490,JP2OpenJPEG,uint16,,0,182,182,0,182.0,0.0082,1.5963,PASS,2025|establishment|2025-05-17|ascending|15,2025,establishment,2025-05-17,2025-05-17,05.11,32TNQ,S2A,10000.0,-1000.0
S2A_MSIL2A_20250517T101701_N0511_R065_T32TNQ_20250517T120915,B03_20m,s3://eodata/Sentinel-2/MSI/L2A/2025/05/17/S2A_MSIL2A_20250517T101701_N0511_R065_T32TNQ_20250517T120915.SAFE/GRANULE/L2A_T32TNQ_A051714_20250517T102728/IMG_DATA/R20m/T32TNQ_20250517T101701_B03_20m.jp2,1,EPSG:32632,5490,5490,JP2OpenJPEG,uint16,,0,182,182,0,182.0,0.017,1.4638,PASS,2025|establishment|2025-05-17|ascending|15,2025,establishment,2025-05-17,2025-05-17,05.11,32TNQ,S2A,10000.0,-1000.0
S2A_MSIL2A_20250517T101701_N0511_R065_T32TNQ_20250517T120915,B04_20m,s3://eodata/Sentinel-2/MSI/L2A/2025/05/17/S2A_MSIL2A_20250517T101701_N0511_R065_T32TNQ_20250517T120915.SAFE/GRANULE/L2A_T32TNQ_A051714_20250517T102728/IMG_DATA/R20m/T32TNQ_20250517T101701_B04_20m.jp2,1,EPSG:32632,5490,5490,JP2OpenJPEG,uint16,,0,182,182,0,182.0,0.0139,1.289,PASS,2025|establishment|2025-05-17|ascending|15,2025,establishment,2025-05-17,2025-05-17,05.11,32TNQ,S2A,10000.0,-1000.0
S2A_MSIL2A_20250517T101701_N0511_R065_T32TNQ_20250517T120915,B8A_20m,s3://eodata/Sentinel-2/MSI/L2A/2025/05/17/S2A_MSIL2A_20250517T101701_N0511_R065_T32TNQ_20250517T120915.SAFE/GRANULE/L2A_T32TNQ_A051714_20250517T102728/IMG_DATA/R20m/T32TNQ_20250517T101701_B8A_20m.jp2,1,EPSG:32632,5490,5490,JP2OpenJPEG,uint16,,0,182,182,0,182.0,0.0314,1.2408,PASS,2025|establishment|2025-05-17|ascending|15,2025,establishment,2025-05-17,2025-05-17,05.11,32TNQ,S2A,10000.0,-1000.0
S2A_MSIL2A_20250517T101701_N0511_R065_T32TNQ_20250517T120915,B11_20m,s3://eodata/Sentinel-2/MSI/L2A/2025/05/17/S2A_MSIL2A_20250517T101701_N0511_R065_T32TNQ_20250517T120915.SAFE/GRANULE/L2A_T32TNQ_A051714_20250517T102728/IMG_DATA/R20m/T32TNQ_20250517T101701_B11_20m.jp2,1,EPSG:32632,5490,5490,JP2OpenJPEG,uint16,,0,182,182,0,182.0,0.0101,0.8724,PASS,2025|establishment|2025-05-17|ascending|15,2025,establishment,2025-05-17,2025-05-17,05.11,32TNQ,S2A,10000.0,-1000.0
S2A_MSIL2A_20250517T101701_N0511_R065_T32TNQ_20250517T120915,B12_20m,s3://eodata/Sentinel-2/MSI/L2A/2025/05/17/S2A_MSIL2A_20250517T101701_N0511_R065_T32TNQ_20250517T120915.SAFE/GRANULE/L2A_T32TNQ_A051714_20250517T102728/IMG_DATA/R20m/T32TNQ_20250517T101701_B12_20m.jp2,1,EPSG:32632,5490,5490,JP2OpenJPEG,uint16,,0,182,182,0,182.0,0.0104,0.673,PASS,2025|establishment|2025-05-17|ascending|15,2025,establishment,2025-05-17,2025-05-17,05.11,32TNQ,S2A,10000.0,-1000.0
S2A_MSIL2A_20250517T101701_N0511_R065_T32TNQ_20250517T120915,SCL_20m,s3://eodata/Sentinel-2/MSI/L2A/2025/05/17/S2A_MSIL2A_20250517T101701_N0511_R065_T32TNQ_20250517T120915.SAFE/GRANULE/L2A_T32TNQ_A051714_20250517T102728/IMG_DATA/R20m/T32TNQ_20250517T101701_SCL_20m.jp2,1,EPSG:32632,5490,5490,JP2OpenJPEG,uint8,,0,182,182,0,,,,PASS,2025|establishment|2025-05-17|ascending|15,2025,establishment,2025-05-17,2025-05-17,05.11,32TNQ,S2A,,
S2A_MSIL2A_20250517T101701_N0511_R065_T32TNR_20250517T120915,B02_20m,s3://eodata/Sentinel-2/MSI/L2A/2025/05/17/S2A_MSIL2A_20250517T101701_N0511_R065_T32TNR_20250517T120915.SAFE/GRANULE/L2A_T32TNR_A051714_20250517T102728/IMG_DATA/R20m/T32TNR_20250517T101701_B02_20m.jp2,1,EPSG:32632,5490,5490,JP2OpenJPEG,uint16,,0,1022,1022,0,1022.0,0.0017,1.4719,PASS,2025|establishment|2025-05-17|ascending|15,2025,establishment,2025-05-17,2025-05-17,05.11,32TNR,S2A,10000.0,-1000.0
S2A_MSIL2A_20250517T101701_N0511_R065_T32TNR_20250517T120915,B03_20m,s3://eodata/Sentinel-2/MSI/L2A/2025/05/17/S2A_MSIL2A_20250517T101701_N0511_R065_T32TNR_20250517T120915.SAFE/GRANULE/L2A_T32TNR_A051714_20250517T102728/IMG_DATA/R20m/T32TNR_20250517T101701_B03_20m.jp2,1,EPSG:32632,5490,5490,JP2OpenJPEG,uint16,,0,1022,1022,0,1022.0,0.0079,1.3649,PASS,2025|establishment|2025-05-17|ascending|15,2025,establishment,2025-05-17,2025-05-17,05.11,32TNR,S2A,10000.0,-1000.0
S2A_MSIL2A_20250517T101701_N0511_R065_T32TNR_20250517T120915,B04_20m,s3://eodata/Sentinel-2/MSI/L2A/2025/05/17/S2A_MSIL2A_20250517T101701_N0511_R065_T32TNR_20250517T120915.SAFE/GRANULE/L2A_T32TNR_A051714_20250517T102728/IMG_DATA/R20m/T32TNR_20250517T101701_B04_20m.jp2,1,EPSG:32632,5490,5490,JP2OpenJPEG,uint16,,0,1022,1022,0,1022.0,0.0026,1.2148,PASS,2025|establishment|2025-05-17|ascending|15,2025,establishment,2025-05-17,2025-05-17,05.11,32TNR,S2A,10000.0,-1000.0
S2A_MSIL2A_20250517T101701_N0511_R065_T32TNR_20250517T120915,B8A_20m,s3://eodata/Sentinel-2/MSI/L2A/2025/05/17/S2A_MSIL2A_20250517T101701_N0511_R065_T32TNR_20250517T120915.SAFE/GRANULE/L2A_T32TNR_A051714_20250517T102728/IMG_DATA/R20m/T32TNR_20250517T101701_B8A_20m.jp2,1,EPSG:32632,5490,5490,JP2OpenJPEG,uint16,,0,1022,1022,0,1022.0,0.0225,1.1908,PASS,2025|establishment|2025-05-17|ascending|15,2025,establishment,2025-05-17,2025-05-17,05.11,32TNR,S2A,10000.0,-1000.0
S2A_MSIL2A_20250517T101701_N0511_R065_T32TNR_20250517T120915,B11_20m,s3://eodata/Sentinel-2/MSI/L2A/2025/05/17/S2A_MSIL2A_20250517T101701_N0511_R065_T32TNR_20250517T120915.SAFE/GRANULE/L2A_T32TNR_A051714_20250517T102728/IMG_DATA/R20m/T32TNR_20250517T101701_B11_20m.jp2,1,EPSG:32632,5490,5490,JP2OpenJPEG,uint16,,0,1022,1022,0,1022.0,0.0116,0.8747,PASS,2025|establishment|2025-05-17|ascending|15,2025,establishment,2025-05-17,2025-05-17,05.11,32TNR,S2A,10000.0,-1000.0
S2A_MSIL2A_20250517T101701_N0511_R065_T32TNR_20250517T120915,B12_20m,s3://eodata/Sentinel-2/MSI/L2A/2025/05/17/S2A_MSIL2A_20250517T101701_N0511_R065_T32TNR_20250517T120915.SAFE/GRANULE/L2A_T32TNR_A051714_20250517T102728/IMG_DATA/R20m/T32TNR_20250517T101701_B12_20m.jp2,1,EPSG:32632,5490,5490,JP2OpenJPEG,uint16,,0,1022,1022,0,1022.0,0.0111,0.7277,PASS,2025|establishment|2025-05-17|ascending|15,2025,establishment,2025-05-17,2025-05-17,05.11,32TNR,S2A,10000.0,-1000.0
S2A_MSIL2A_20250517T101701_N0511_R065_T32TNR_20250517T120915,SCL_20m,s3://eodata/Sentinel-2/MSI/L2A/2025/05/17/S2A_MSIL2A_20250517T101701_N0511_R065_T32TNR_20250517T120915.SAFE/GRANULE/L2A_T32TNR_A051714_20250517T102728/IMG_DATA/R20m/T32TNR_20250517T101701_SCL_20m.jp2,1,EPSG:32632,5490,5490,JP2OpenJPEG,uint8,,0,1022,1022,0,,,,PASS,2025|establishment|2025-05-17|ascending|15,2025,establishment,2025-05-17,2025-05-17,05.11,32TNR,S2A,,
S2A_MSIL2A_20250716T101701_N0511_R065_T32TMQ_20250716T142417,B02_20m,s3://eodata/Sentinel-2/MSI/L2A/2025/07/16/S2A_MSIL2A_20250716T101701_N0511_R065_T32TMQ_20250716T142417.SAFE/GRANULE/L2A_T32TMQ_A052572_20250716T102732/IMG_DATA/R20m/T32TMQ_20250716T101701_B02_20m.jp2,1,EPSG:32632,5490,5490,JP2OpenJPEG,uint16,,0,564,564,0,564.0,0.0242,0.2434,PASS,2025|mid_season|2025-07-16|ascending|15,2025,mid_season,2025-07-16,2025-07-16,05.11,32TMQ,S2A,10000.0,-1000.0
S2A_MSIL2A_20250716T101701_N0511_R065_T32TMQ_20250716T142417,B03_20m,s3://eodata/Sentinel-2/MSI/L2A/2025/07/16/S2A_MSIL2A_20250716T101701_N0511_R065_T32TMQ_20250716T142417.SAFE/GRANULE/L2A_T32TMQ_A052572_20250716T102732/IMG_DATA/R20m/T32TMQ_20250716T101701_B03_20m.jp2,1,EPSG:32632,5490,5490,JP2OpenJPEG,uint16,,0,564,564,0,564.0,0.039,0.265,PASS,2025|mid_season|2025-07-16|ascending|15,2025,mid_season,2025-07-16,2025-07-16,05.11,32TMQ,S2A,10000.0,-1000.0
S2A_MSIL2A_20250716T101701_N0511_R065_T32TMQ_20250716T142417,B04_20m,s3://eodata/Sentinel-2/MSI/L2A/2025/07/16/S2A_MSIL2A_20250716T101701_N0511_R065_T32TMQ_20250716T142417.SAFE/GRANULE/L2A_T32TMQ_A052572_20250716T102732/IMG_DATA/R20m/T32TMQ_20250716T101701_B04_20m.jp2,1,EPSG:32632,5490,5490,JP2OpenJPEG,uint16,,0,564,564,0,564.0,0.0225,0.2723,PASS,2025|mid_season|2025-07-16|ascending|15,2025,mid_season,2025-07-16,2025-07-16,05.11,32TMQ,S2A,10000.0,-1000.0
S2A_MSIL2A_20250716T101701_N0511_R065_T32TMQ_20250716T142417,B8A_20m,s3://eodata/Sentinel-2/MSI/L2A/2025/07/16/S2A_MSIL2A_20250716T101701_N0511_R065_T32TMQ_20250716T142417.SAFE/GRANULE/L2A_T32TMQ_A052572_20250716T102732/IMG_DATA/R20m/T32TMQ_20250716T101701_B8A_20m.jp2,1,EPSG:32632,5490,5490,JP2OpenJPEG,uint16,,0,564,564,0,564.0,0.0241,0.6985,PASS,2025|mid_season|2025-07-16|ascending|15,2025,mid_season,2025-07-16,2025-07-16,05.11,32TMQ,S2A,10000.0,-1000.0
S2A_MSIL2A_20250716T101701_N0511_R065_T32TMQ_20250716T142417,B11_20m,s3://eodata/Sentinel-2/MSI/L2A/2025/07/16/S2A_MSIL2A_20250716T101701_N0511_R065_T32TMQ_20250716T142417.SAFE/GRANULE/L2A_T32TMQ_A052572_20250716T102732/IMG_DATA/R20m/T32TMQ_20250716T101701_B11_20m.jp2,1,EPSG:32632,5490,5490,JP2OpenJPEG,uint16,,0,564,564,0,564.0,0.0137,0.45,PASS,2025|mid_season|2025-07-16|ascending|15,2025,mid_season,2025-07-16,2025-07-16,05.11,32TMQ,S2A,10000.0,-1000.0
S2A_MSIL2A_20250716T101701_N0511_R065_T32TMQ_20250716T142417,B12_20m,s3://eodata/Sentinel-2/MSI/L2A/2025/07/16/S2A_MSIL2A_20250716T101701_N0511_R065_T32TMQ_20250716T142417.SAFE/GRANULE/L2A_T32TMQ_A052572_20250716T102732/IMG_DATA/R20m/T32TMQ_20250716T101701_B12_20m.jp2,1,EPSG:32632,5490,5490,JP2OpenJPEG,uint16,,0,564,564,0,564.0,0.0089,0.3688,PASS,2025|mid_season|2025-07-16|ascending|15,2025,mid_season,2025-07-16,2025-07-16,05.11,32TMQ,S2A,10000.0,-1000.0
S2A_MSIL2A_20250716T101701_N0511_R065_T32TMQ_20250716T142417,SCL_20m,s3://eodata/Sentinel-2/MSI/L2A/2025/07/16/S2A_MSIL2A_20250716T101701_N0511_R065_T32TMQ_20250716T142417.SAFE/GRANULE/L2A_T32TMQ_A052572_20250716T102732/IMG_DATA/R20m/T32TMQ_20250716T101701_SCL_20m.jp2,1,EPSG:32632,5490,5490,JP2OpenJPEG,uint8,,0,564,564,0,,,,PASS,2025|mid_season|2025-07-16|ascending|15,2025,mid_season,2025-07-16,2025-07-16,05.11,32TMQ,S2A,,
S2A_MSIL2A_20250716T101701_N0511_R065_T32TMR_20250716T142417,B02_20m,s3://eodata/Sentinel-2/MSI/L2A/2025/07/16/S2A_MSIL2A_20250716T101701_N0511_R065_T32TMR_20250716T142417.SAFE/GRANULE/L2A_T32TMR_A052572_20250716T102732/IMG_DATA/R20m/T32TMR_20250716T101701_B02_20m.jp2,1,EPSG:32632,5490,5490,JP2OpenJPEG,uint16,,0,3585,3585,0,3585.0,0.0132,0.5455,PASS,2025|mid_season|2025-07-16|ascending|15,2025,mid_season,2025-07-16,2025-07-16,05.11,32TMR,S2A,10000.0,-1000.0
S2A_MSIL2A_20250716T101701_N0511_R065_T32TMR_20250716T142417,B03_20m,s3://eodata/Sentinel-2/MSI/L2A/2025/07/16/S2A_MSIL2A_20250716T101701_N0511_R065_T32TMR_20250716T142417.SAFE/GRANULE/L2A_T32TMR_A052572_20250716T102732/IMG_DATA/R20m/T32TMR_20250716T101701_B03_20m.jp2,1,EPSG:32632,5490,5490,JP2OpenJPEG,uint16,,0,3585,3585,0,3585.0,0.0257,0.5506,PASS,2025|mid_season|2025-07-16|ascending|15,2025,mid_season,2025-07-16,2025-07-16,05.11,32TMR,S2A,10000.0,-1000.0
S2A_MSIL2A_20250716T101701_N0511_R065_T32TMR_20250716T142417,B04_20m,s3://eodata/Sentinel-2/MSI/L2A/2025/07/16/S2A_MSIL2A_20250716T101701_N0511_R065_T32TMR_20250716T142417.SAFE/GRANULE/L2A_T32TMR_A052572_20250716T102732/IMG_DATA/R20m/T32TMR_20250716T101701_B04_20m.jp2,1,EPSG:32632,5490,5490,JP2OpenJPEG,uint16,,0,3585,3585,0,3585.0,0.0126,0.5833,PASS,2025|mid_season|2025-07-16|ascending|15,2025,mid_season,2025-07-16,2025-07-16,05.11,32TMR,S2A,10000.0,-1000.0
S2A_MSIL2A_20250716T101701_N0511_R065_T32TMR_20250716T142417,B8A_20m,s3://eodata/Sentinel-2/MSI/L2A/2025/07/16/S2A_MSIL2A_20250716T101701_N0511_R065_T32TMR_20250716T142417.SAFE/GRANULE/L2A_T32TMR_A052572_20250716T102732/IMG_DATA/R20m/T32TMR_20250716T101701_B8A_20m.jp2,1,EPSG:32632,5490,5490,JP2OpenJPEG,uint16,,0,3585,3585,0,3585.0,0.0151,0.7103,PASS,2025|mid_season|2025-07-16|ascending|15,2025,mid_season,2025-07-16,2025-07-16,05.11,32TMR,S2A,10000.0,-1000.0
S2A_MSIL2A_20250716T101701_N0511_R065_T32TMR_20250716T142417,B11_20m,s3://eodata/Sentinel-2/MSI/L2A/2025/07/16/S2A_MSIL2A_20250716T101701_N0511_R065_T32TMR_20250716T142417.SAFE/GRANULE/L2A_T32TMR_A052572_20250716T102732/IMG_DATA/R20m/T32TMR_20250716T101701_B11_20m.jp2,1,EPSG:32632,5490,5490,JP2OpenJPEG,uint16,,0,3585,3585,0,3585.0,0.0126,0.5039,PASS,2025|mid_season|2025-07-16|ascending|15,2025,mid_season,2025-07-16,2025-07-16,05.11,32TMR,S2A,10000.0,-1000.0
S2A_MSIL2A_20250716T101701_N0511_R065_T32TMR_20250716T142417,B12_20m,s3://eodata/Sentinel-2/MSI/L2A/2025/07/16/S2A_MSIL2A_20250716T101701_N0511_R065_T32TMR_20250716T142417.SAFE/GRANULE/L2A_T32TMR_A052572_20250716T102732/IMG_DATA/R20m/T32TMR_20250716T101701_B12_20m.jp2,1,EPSG:32632,5490,5490,JP2OpenJPEG,uint16,,0,3585,3585,0,3585.0,0.0085,0.4791,PASS,2025|mid_season|2025-07-16|ascending|15,2025,mid_season,2025-07-16,2025-07-16,05.11,32TMR,S2A,10000.0,-1000.0
S2A_MSIL2A_20250716T101701_N0511_R065_T32TMR_20250716T142417,SCL_20m,s3://eodata/Sentinel-2/MSI/L2A/2025/07/16/S2A_MSIL2A_20250716T101701_N0511_R065_T32TMR_20250716T142417.SAFE/GRANULE/L2A_T32TMR_A052572_20250716T102732/IMG_DATA/R20m/T32TMR_20250716T101701_SCL_20m.jp2,1,EPSG:32632,5490,5490,JP2OpenJPEG,uint8,,0,3585,3585,0,,,,PASS,2025|mid_season|2025-07-16|ascending|15,2025,mid_season,2025-07-16,2025-07-16,05.11,32TMR,S2A,,
S2A_MSIL2A_20250716T101701_N0511_R065_T32TNQ_20250716T142417,B02_20m,s3://eodata/Sentinel-2/MSI/L2A/2025/07/16/S2A_MSIL2A_20250716T101701_N0511_R065_T32TNQ_20250716T142417.SAFE/GRANULE/L2A_T32TNQ_A052572_20250716T102732/IMG_DATA/R20m/T32TNQ_20250716T101701_B02_20m.jp2,1,EPSG:32632,5490,5490,JP2OpenJPEG,uint16,,0,182,182,0,182.0,0.0412,0.3778,PASS,2025|mid_season|2025-07-16|ascending|15,2025,mid_season,2025-07-16,2025-07-16,05.11,32TNQ,S2A,10000.0,-1000.0
S2A_MSIL2A_20250716T101701_N0511_R065_T32TNQ_20250716T142417,B03_20m,s3://eodata/Sentinel-2/MSI/L2A/2025/07/16/S2A_MSIL2A_20250716T101701_N0511_R065_T32TNQ_20250716T142417.SAFE/GRANULE/L2A_T32TNQ_A052572_20250716T102732/IMG_DATA/R20m/T32TNQ_20250716T101701_B03_20m.jp2,1,EPSG:32632,5490,5490,JP2OpenJPEG,uint16,,0,182,182,0,182.0,0.0554,0.4282,PASS,2025|mid_season|2025-07-16|ascending|15,2025,mid_season,2025-07-16,2025-07-16,05.11,32TNQ,S2A,10000.0,-1000.0
S2A_MSIL2A_20250716T101701_N0511_R065_T32TNQ_20250716T142417,B04_20m,s3://eodata/Sentinel-2/MSI/L2A/2025/07/16/S2A_MSIL2A_20250716T101701_N0511_R065_T32TNQ_20250716T142417.SAFE/GRANULE/L2A_T32TNQ_A052572_20250716T102732/IMG_DATA/R20m/T32TNQ_20250716T101701_B04_20m.jp2,1,EPSG:32632,5490,5490,JP2OpenJPEG,uint16,,0,182,182,0,182.0,0.0364,0.5035,PASS,2025|mid_season|2025-07-16|ascending|15,2025,mid_season,2025-07-16,2025-07-16,05.11,32TNQ,S2A,10000.0,-1000.0
S2A_MSIL2A_20250716T101701_N0511_R065_T32TNQ_20250716T142417,B8A_20m,s3://eodata/Sentinel-2/MSI/L2A/2025/07/16/S2A_MSIL2A_20250716T101701_N0511_R065_T32TNQ_20250716T142417.SAFE/GRANULE/L2A_T32TNQ_A052572_20250716T102732/IMG_DATA/R20m/T32TNQ_20250716T101701_B8A_20m.jp2,1,EPSG:32632,5490,5490,JP2OpenJPEG,uint16,,0,182,182,0,182.0,0.198,0.6534,PASS,2025|mid_season|2025-07-16|ascending|15,2025,mid_season,2025-07-16,2025-07-16,05.11,32TNQ,S2A,10000.0,-1000.0
S2A_MSIL2A_20250716T101701_N0511_R065_T32TNQ_20250716T142417,B11_20m,s3://eodata/Sentinel-2/MSI/L2A/2025/07/16/S2A_MSIL2A_20250716T101701_N0511_R065_T32TNQ_20250716T142417.SAFE/GRANULE/L2A_T32TNQ_A052572_20250716T102732/IMG_DATA/R20m/T32TNQ_20250716T101701_B11_20m.jp2,1,EPSG:32632,5490,5490,JP2OpenJPEG,uint16,,0,182,182,0,182.0,0.1104,0.5157,PASS,2025|mid_season|2025-07-16|ascending|15,2025,mid_season,2025-07-16,2025-07-16,05.11,32TNQ,S2A,10000.0,-1000.0
S2A_MSIL2A_20250716T101701_N0511_R065_T32TNQ_20250716T142417,B12_20m,s3://eodata/Sentinel-2/MSI/L2A/2025/07/16/S2A_MSIL2A_20250716T101701_N0511_R065_T32TNQ_20250716T142417.SAFE/GRANULE/L2A_T32TNQ_A052572_20250716T102732/IMG_DATA/R20m/T32TNQ_20250716T101701_B12_20m.jp2,1,EPSG:32632,5490,5490,JP2OpenJPEG,uint16,,0,182,182,0,182.0,0.0597,0.325,PASS,2025|mid_season|2025-07-16|ascending|15,2025,mid_season,2025-07-16,2025-07-16,05.11,32TNQ,S2A,10000.0,-1000.0
S2A_MSIL2A_20250716T101701_N0511_R065_T32TNQ_20250716T142417,SCL_20m,s3://eodata/Sentinel-2/MSI/L2A/2025/07/16/S2A_MSIL2A_20250716T101701_N0511_R065_T32TNQ_20250716T142417.SAFE/GRANULE/L2A_T32TNQ_A052572_20250716T102732/IMG_DATA/R20m/T32TNQ_20250716T101701_SCL_20m.jp2,1,EPSG:32632,5490,5490,JP2OpenJPEG,uint8,,0,182,182,0,,,,PASS,2025|mid_season|2025-07-16|ascending|15,2025,mid_season,2025-07-16,2025-07-16,05.11,32TNQ,S2A,,
S2A_MSIL2A_20250716T101701_N0511_R065_T32TNR_20250716T142417,B02_20m,s3://eodata/Sentinel-2/MSI/L2A/2025/07/16/S2A_MSIL2A_20250716T101701_N0511_R065_T32TNR_20250716T142417.SAFE/GRANULE/L2A_T32TNR_A052572_20250716T102732/IMG_DATA/R20m/T32TNR_20250716T101701_B02_20m.jp2,1,EPSG:32632,5490,5490,JP2OpenJPEG,uint16,,0,1022,1022,0,1022.0,0.022,0.4315,PASS,2025|mid_season|2025-07-16|ascending|15,2025,mid_season,2025-07-16,2025-07-16,05.11,32TNR,S2A,10000.0,-1000.0
S2A_MSIL2A_20250716T101701_N0511_R065_T32TNR_20250716T142417,B03_20m,s3://eodata/Sentinel-2/MSI/L2A/2025/07/16/S2A_MSIL2A_20250716T101701_N0511_R065_T32TNR_20250716T142417.SAFE/GRANULE/L2A_T32TNR_A052572_20250716T102732/IMG_DATA/R20m/T32TNR_20250716T101701_B03_20m.jp2,1,EPSG:32632,5490,5490,JP2OpenJPEG,uint16,,0,1022,1022,0,1022.0,0.0408,0.4823,PASS,2025|mid_season|2025-07-16|ascending|15,2025,mid_season,2025-07-16,2025-07-16,05.11,32TNR,S2A,10000.0,-1000.0
S2A_MSIL2A_20250716T101701_N0511_R065_T32TNR_20250716T142417,B04_20m,s3://eodata/Sentinel-2/MSI/L2A/2025/07/16/S2A_MSIL2A_20250716T101701_N0511_R065_T32TNR_20250716T142417.SAFE/GRANULE/L2A_T32TNR_A052572_20250716T102732/IMG_DATA/R20m/T32TNR_20250716T101701_B04_20m.jp2,1,EPSG:32632,5490,5490,JP2OpenJPEG,uint16,,0,1022,1022,0,1022.0,0.0269,0.5359,PASS,2025|mid_season|2025-07-16|ascending|15,2025,mid_season,2025-07-16,2025-07-16,05.11,32TNR,S2A,10000.0,-1000.0
S2A_MSIL2A_20250716T101701_N0511_R065_T32TNR_20250716T142417,B8A_20m,s3://eodata/Sentinel-2/MSI/L2A/2025/07/16/S2A_MSIL2A_20250716T101701_N0511_R065_T32TNR_20250716T142417.SAFE/GRANULE/L2A_T32TNR_A052572_20250716T102732/IMG_DATA/R20m/T32TNR_20250716T101701_B8A_20m.jp2,1,EPSG:32632,5490,5490,JP2OpenJPEG,uint16,,0,1022,1022,0,1022.0,0.1821,0.6749,PASS,2025|mid_season|2025-07-16|ascending|15,2025,mid_season,2025-07-16,2025-07-16,05.11,32TNR,S2A,10000.0,-1000.0
S2A_MSIL2A_20250716T101701_N0511_R065_T32TNR_20250716T142417,B11_20m,s3://eodata/Sentinel-2/MSI/L2A/2025/07/16/S2A_MSIL2A_20250716T101701_N0511_R065_T32TNR_20250716T142417.SAFE/GRANULE/L2A_T32TNR_A052572_20250716T102732/IMG_DATA/R20m/T32TNR_20250716T101701_B11_20m.jp2,1,EPSG:32632,5490,5490,JP2OpenJPEG,uint16,,0,1022,1022,0,1022.0,0.0705,0.5228,PASS,2025|mid_season|2025-07-16|ascending|15,2025,mid_season,2025-07-16,2025-07-16,05.11,32TNR,S2A,10000.0,-1000.0
S2A_MSIL2A_20250716T101701_N0511_R065_T32TNR_20250716T142417,B12_20m,s3://eodata/Sentinel-2/MSI/L2A/2025/07/16/S2A_MSIL2A_20250716T101701_N0511_R065_T32TNR_20250716T142417.SAFE/GRANULE/L2A_T32TNR_A052572_20250716T102732/IMG_DATA/R20m/T32TNR_20250716T101701_B12_20m.jp2,1,EPSG:32632,5490,5490,JP2OpenJPEG,uint16,,0,1022,1022,0,1022.0,0.0374,0.3273,PASS,2025|mid_season|2025-07-16|ascending|15,2025,mid_season,2025-07-16,2025-07-16,05.11,32TNR,S2A,10000.0,-1000.0
S2A_MSIL2A_20250716T101701_N0511_R065_T32TNR_20250716T142417,SCL_20m,s3://eodata/Sentinel-2/MSI/L2A/2025/07/16/S2A_MSIL2A_20250716T101701_N0511_R065_T32TNR_20250716T142417.SAFE/GRANULE/L2A_T32TNR_A052572_20250716T102732/IMG_DATA/R20m/T32TNR_20250716T101701_SCL_20m.jp2,1,EPSG:32632,5490,5490,JP2OpenJPEG,uint8,,0,1022,1022,0,,,,PASS,2025|mid_season|2025-07-16|ascending|15,2025,mid_season,2025-07-16,2025-07-16,05.11,32TNR,S2A,,
S2C_MSIL2A_20250902T102041_N0511_R065_T32TMQ_20250902T160316,B02_20m,s3://eodata/Sentinel-2/MSI/L2A/2025/09/02/S2C_MSIL2A_20250902T102041_N0511_R065_T32TMQ_20250902T160316.SAFE/GRANULE/L2A_T32TMQ_A005183_20250902T102618/IMG_DATA/R20m/T32TMQ_20250902T102041_B02_20m.jp2,1,EPSG:32632,5490,5490,JP2OpenJPEG,uint16,,0,564,564,0,564.0,0.0006,1.8721,PASS,2025|late_season|2025-09-02|ascending|15,2025,late_season,2025-09-02,2025-09-02,05.11,32TMQ,S2C,10000.0,-1000.0
S2C_MSIL2A_20250902T102041_N0511_R065_T32TMQ_20250902T160316,B03_20m,s3://eodata/Sentinel-2/MSI/L2A/2025/09/02/S2C_MSIL2A_20250902T102041_N0511_R065_T32TMQ_20250902T160316.SAFE/GRANULE/L2A_T32TMQ_A005183_20250902T102618/IMG_DATA/R20m/T32TMQ_20250902T102041_B03_20m.jp2,1,EPSG:32632,5490,5490,JP2OpenJPEG,uint16,,0,564,564,0,564.0,0.008,1.7521,PASS,2025|late_season|2025-09-02|ascending|15,2025,late_season,2025-09-02,2025-09-02,05.11,32TMQ,S2C,10000.0,-1000.0
S2C_MSIL2A_20250902T102041_N0511_R065_T32TMQ_20250902T160316,B04_20m,s3://eodata/Sentinel-2/MSI/L2A/2025/09/02/S2C_MSIL2A_20250902T102041_N0511_R065_T32TMQ_20250902T160316.SAFE/GRANULE/L2A_T32TMQ_A005183_20250902T102618/IMG_DATA/R20m/T32TMQ_20250902T102041_B04_20m.jp2,1,EPSG:32632,5490,5490,JP2OpenJPEG,uint16,,0,564,564,0,564.0,0.0077,1.6755,PASS,2025|late_season|2025-09-02|ascending|15,2025,late_season,2025-09-02,2025-09-02,05.11,32TMQ,S2C,10000.0,-1000.0
S2C_MSIL2A_20250902T102041_N0511_R065_T32TMQ_20250902T160316,B8A_20m,s3://eodata/Sentinel-2/MSI/L2A/2025/09/02/S2C_MSIL2A_20250902T102041_N0511_R065_T32TMQ_20250902T160316.SAFE/GRANULE/L2A_T32TMQ_A005183_20250902T102618/IMG_DATA/R20m/T32TMQ_20250902T102041_B8A_20m.jp2,1,EPSG:32632,5490,5490,JP2OpenJPEG,uint16,,0,564,564,0,564.0,0.0153,1.5774,PASS,2025|late_season|2025-09-02|ascending|15,2025,late_season,2025-09-02,2025-09-02,05.11,32TMQ,S2C,10000.0,-1000.0
S2C_MSIL2A_20250902T102041_N0511_R065_T32TMQ_20250902T160316,B11_20m,s3://eodata/Sentinel-2/MSI/L2A/2025/09/02/S2C_MSIL2A_20250902T102041_N0511_R065_T32TMQ_20250902T160316.SAFE/GRANULE/L2A_T32TMQ_A005183_20250902T102618/IMG_DATA/R20m/T32TMQ_20250902T102041_B11_20m.jp2,1,EPSG:32632,5490,5490,JP2OpenJPEG,uint16,,0,564,564,0,564.0,0.0144,1.002,PASS,2025|late_season|2025-09-02|ascending|15,2025,late_season,2025-09-02,2025-09-02,05.11,32TMQ,S2C,10000.0,-1000.0
S2C_MSIL2A_20250902T102041_N0511_R065_T32TMQ_20250902T160316,B12_20m,s3://eodata/Sentinel-2/MSI/L2A/2025/09/02/S2C_MSIL2A_20250902T102041_N0511_R065_T32TMQ_20250902T160316.SAFE/GRANULE/L2A_T32TMQ_A005183_20250902T102618/IMG_DATA/R20m/T32TMQ_20250902T102041_B12_20m.jp2,1,EPSG:32632,5490,5490,JP2OpenJPEG,uint16,,0,564,564,0,564.0,0.0052,0.8084,PASS,2025|late_season|2025-09-02|ascending|15,2025,late_season,2025-09-02,2025-09-02,05.11,32TMQ,S2C,10000.0,-1000.0
S2C_MSIL2A_20250902T102041_N0511_R065_T32TMQ_20250902T160316,SCL_20m,s3://eodata/Sentinel-2/MSI/L2A/2025/09/02/S2C_MSIL2A_20250902T102041_N0511_R065_T32TMQ_20250902T160316.SAFE/GRANULE/L2A_T32TMQ_A005183_20250902T102618/IMG_DATA/R20m/T32TMQ_20250902T102041_SCL_20m.jp2,1,EPSG:32632,5490,5490,JP2OpenJPEG,uint8,,0,564,564,0,,,,PASS,2025|late_season|2025-09-02|ascending|15,2025,late_season,2025-09-02,2025-09-02,05.11,32TMQ,S2C,,
S2C_MSIL2A_20250902T102041_N0511_R065_T32TMR_20250902T160316,B02_20m,s3://eodata/Sentinel-2/MSI/L2A/2025/09/02/S2C_MSIL2A_20250902T102041_N0511_R065_T32TMR_20250902T160316.SAFE/GRANULE/L2A_T32TMR_A005183_20250902T102618/IMG_DATA/R20m/T32TMR_20250902T102041_B02_20m.jp2,1,EPSG:32632,5490,5490,JP2OpenJPEG,uint16,,0,3585,3585,0,3585.0,0.0002,1.8727,PASS,2025|late_season|2025-09-02|ascending|15,2025,late_season,2025-09-02,2025-09-02,05.11,32TMR,S2C,10000.0,-1000.0
S2C_MSIL2A_20250902T102041_N0511_R065_T32TMR_20250902T160316,B03_20m,s3://eodata/Sentinel-2/MSI/L2A/2025/09/02/S2C_MSIL2A_20250902T102041_N0511_R065_T32TMR_20250902T160316.SAFE/GRANULE/L2A_T32TMR_A005183_20250902T102618/IMG_DATA/R20m/T32TMR_20250902T102041_B03_20m.jp2,1,EPSG:32632,5490,5490,JP2OpenJPEG,uint16,,0,3585,3585,0,3585.0,0.0071,1.7497,PASS,2025|late_season|2025-09-02|ascending|15,2025,late_season,2025-09-02,2025-09-02,05.11,32TMR,S2C,10000.0,-1000.0
S2C_MSIL2A_20250902T102041_N0511_R065_T32TMR_20250902T160316,B04_20m,s3://eodata/Sentinel-2/MSI/L2A/2025/09/02/S2C_MSIL2A_20250902T102041_N0511_R065_T32TMR_20250902T160316.SAFE/GRANULE/L2A_T32TMR_A005183_20250902T102618/IMG_DATA/R20m/T32TMR_20250902T102041_B04_20m.jp2,1,EPSG:32632,5490,5490,JP2OpenJPEG,uint16,,0,3585,3585,0,3585.0,0.0064,1.6749,PASS,2025|late_season|2025-09-02|ascending|15,2025,late_season,2025-09-02,2025-09-02,05.11,32TMR,S2C,10000.0,-1000.0
S2C_MSIL2A_20250902T102041_N0511_R065_T32TMR_20250902T160316,B8A_20m,s3://eodata/Sentinel-2/MSI/L2A/2025/09/02/S2C_MSIL2A_20250902T102041_N0511_R065_T32TMR_20250902T160316.SAFE/GRANULE/L2A_T32TMR_A005183_20250902T102618/IMG_DATA/R20m/T32TMR_20250902T102041_B8A_20m.jp2,1,EPSG:32632,5490,5490,JP2OpenJPEG,uint16,,0,3585,3585,0,3585.0,0.0112,1.5694,PASS,2025|late_season|2025-09-02|ascending|15,2025,late_season,2025-09-02,2025-09-02,05.11,32TMR,S2C,10000.0,-1000.0
S2C_MSIL2A_20250902T102041_N0511_R065_T32TMR_20250902T160316,B11_20m,s3://eodata/Sentinel-2/MSI/L2A/2025/09/02/S2C_MSIL2A_20250902T102041_N0511_R065_T32TMR_20250902T160316.SAFE/GRANULE/L2A_T32TMR_A005183_20250902T102618/IMG_DATA/R20m/T32TMR_20250902T102041_B11_20m.jp2,1,EPSG:32632,5490,5490,JP2OpenJPEG,uint16,,0,3585,3585,0,3585.0,0.014,0.9803,PASS,2025|late_season|2025-09-02|ascending|15,2025,late_season,2025-09-02,2025-09-02,05.11,32TMR,S2C,10000.0,-1000.0
S2C_MSIL2A_20250902T102041_N0511_R065_T32TMR_20250902T160316,B12_20m,s3://eodata/Sentinel-2/MSI/L2A/2025/09/02/S2C_MSIL2A_20250902T102041_N0511_R065_T32TMR_20250902T160316.SAFE/GRANULE/L2A_T32TMR_A005183_20250902T102618/IMG_DATA/R20m/T32TMR_20250902T102041_B12_20m.jp2,1,EPSG:32632,5490,5490,JP2OpenJPEG,uint16,,0,3585,3585,0,3585.0,0.0055,0.7939,PASS,2025|late_season|2025-09-02|ascending|15,2025,late_season,2025-09-02,2025-09-02,05.11,32TMR,S2C,10000.0,-1000.0
S2C_MSIL2A_20250902T102041_N0511_R065_T32TMR_20250902T160316,SCL_20m,s3://eodata/Sentinel-2/MSI/L2A/2025/09/02/S2C_MSIL2A_20250902T102041_N0511_R065_T32TMR_20250902T160316.SAFE/GRANULE/L2A_T32TMR_A005183_20250902T102618/IMG_DATA/R20m/T32TMR_20250902T102041_SCL_20m.jp2,1,EPSG:32632,5490,5490,JP2OpenJPEG,uint8,,0,3585,3585,0,,,,PASS,2025|late_season|2025-09-02|ascending|15,2025,late_season,2025-09-02,2025-09-02,05.11,32TMR,S2C,,
S2C_MSIL2A_20250902T102041_N0511_R065_T32TNQ_20250902T160316,B02_20m,s3://eodata/Sentinel-2/MSI/L2A/2025/09/02/S2C_MSIL2A_20250902T102041_N0511_R065_T32TNQ_20250902T160316.SAFE/GRANULE/L2A_T32TNQ_A005183_20250902T102618/IMG_DATA/R20m/T32TNQ_20250902T102041_B02_20m.jp2,1,EPSG:32632,5490,5490,JP2OpenJPEG,uint16,,0,182,182,0,182.0,0.054,1.801,PASS,2025|late_season|2025-09-02|ascending|15,2025,late_season,2025-09-02,2025-09-02,05.11,32TNQ,S2C,10000.0,-1000.0
S2C_MSIL2A_20250902T102041_N0511_R065_T32TNQ_20250902T160316,B03_20m,s3://eodata/Sentinel-2/MSI/L2A/2025/09/02/S2C_MSIL2A_20250902T102041_N0511_R065_T32TNQ_20250902T160316.SAFE/GRANULE/L2A_T32TNQ_A005183_20250902T102618/IMG_DATA/R20m/T32TNQ_20250902T102041_B03_20m.jp2,1,EPSG:32632,5490,5490,JP2OpenJPEG,uint16,,0,182,182,0,182.0,0.038,1.6619,PASS,2025|late_season|2025-09-02|ascending|15,2025,late_season,2025-09-02,2025-09-02,05.11,32TNQ,S2C,10000.0,-1000.0
S2C_MSIL2A_20250902T102041_N0511_R065_T32TNQ_20250902T160316,B04_20m,s3://eodata/Sentinel-2/MSI/L2A/2025/09/02/S2C_MSIL2A_20250902T102041_N0511_R065_T32TNQ_20250902T160316.SAFE/GRANULE/L2A_T32TNQ_A005183_20250902T102618/IMG_DATA/R20m/T32TNQ_20250902T102041_B04_20m.jp2,1,EPSG:32632,5490,5490,JP2OpenJPEG,uint16,,0,182,182,0,182.0,0.0251,1.6232,PASS,2025|late_season|2025-09-02|ascending|15,2025,late_season,2025-09-02,2025-09-02,05.11,32TNQ,S2C,10000.0,-1000.0
S2C_MSIL2A_20250902T102041_N0511_R065_T32TNQ_20250902T160316,B8A_20m,s3://eodata/Sentinel-2/MSI/L2A/2025/09/02/S2C_MSIL2A_20250902T102041_N0511_R065_T32TNQ_20250902T160316.SAFE/GRANULE/L2A_T32TNQ_A005183_20250902T102618/IMG_DATA/R20m/T32TNQ_20250902T102041_B8A_20m.jp2,1,EPSG:32632,5490,5490,JP2OpenJPEG,uint16,,0,182,182,0,182.0,0.0982,1.5542,PASS,2025|late_season|2025-09-02|ascending|15,2025,late_season,2025-09-02,2025-09-02,05.11,32TNQ,S2C,10000.0,-1000.0
S2C_MSIL2A_20250902T102041_N0511_R065_T32TNQ_20250902T160316,B11_20m,s3://eodata/Sentinel-2/MSI/L2A/2025/09/02/S2C_MSIL2A_20250902T102041_N0511_R065_T32TNQ_20250902T160316.SAFE/GRANULE/L2A_T32TNQ_A005183_20250902T102618/IMG_DATA/R20m/T32TNQ_20250902T102041_B11_20m.jp2,1,EPSG:32632,5490,5490,JP2OpenJPEG,uint16,,0,182,182,0,182.0,0.0235,1.0057,PASS,2025|late_season|2025-09-02|ascending|15,2025,late_season,2025-09-02,2025-09-02,05.11,32TNQ,S2C,10000.0,-1000.0
S2C_MSIL2A_20250902T102041_N0511_R065_T32TNQ_20250902T160316,B12_20m,s3://eodata/Sentinel-2/MSI/L2A/2025/09/02/S2C_MSIL2A_20250902T102041_N0511_R065_T32TNQ_20250902T160316.SAFE/GRANULE/L2A_T32TNQ_A005183_20250902T102618/IMG_DATA/R20m/T32TNQ_20250902T102041_B12_20m.jp2,1,EPSG:32632,5490,5490,JP2OpenJPEG,uint16,,0,182,182,0,182.0,0.0113,0.8067,PASS,2025|late_season|2025-09-02|ascending|15,2025,late_season,2025-09-02,2025-09-02,05.11,32TNQ,S2C,10000.0,-1000.0
S2C_MSIL2A_20250902T102041_N0511_R065_T32TNQ_20250902T160316,SCL_20m,s3://eodata/Sentinel-2/MSI/L2A/2025/09/02/S2C_MSIL2A_20250902T102041_N0511_R065_T32TNQ_20250902T160316.SAFE/GRANULE/L2A_T32TNQ_A005183_20250902T102618/IMG_DATA/R20m/T32TNQ_20250902T102041_SCL_20m.jp2,1,EPSG:32632,5490,5490,JP2OpenJPEG,uint8,,0,182,182,0,,,,PASS,2025|late_season|2025-09-02|ascending|15,2025,late_season,2025-09-02,2025-09-02,05.11,32TNQ,S2C,,
S2C_MSIL2A_20250902T102041_N0511_R065_T32TNR_20250902T160316,B02_20m,s3://eodata/Sentinel-2/MSI/L2A/2025/09/02/S2C_MSIL2A_20250902T102041_N0511_R065_T32TNR_20250902T160316.SAFE/GRANULE/L2A_T32TNR_A005183_20250902T102618/IMG_DATA/R20m/T32TNR_20250902T102041_B02_20m.jp2,1,EPSG:32632,5490,5490,JP2OpenJPEG,uint16,,0,1022,1022,0,1022.0,0.0282,1.9014,PASS,2025|late_season|2025-09-02|ascending|15,2025,late_season,2025-09-02,2025-09-02,05.11,32TNR,S2C,10000.0,-1000.0
S2C_MSIL2A_20250902T102041_N0511_R065_T32TNR_20250902T160316,B03_20m,s3://eodata/Sentinel-2/MSI/L2A/2025/09/02/S2C_MSIL2A_20250902T102041_N0511_R065_T32TNR_20250902T160316.SAFE/GRANULE/L2A_T32TNR_A005183_20250902T102618/IMG_DATA/R20m/T32TNR_20250902T102041_B03_20m.jp2,1,EPSG:32632,5490,5490,JP2OpenJPEG,uint16,,0,1022,1022,0,1022.0,0.0325,1.7266,PASS,2025|late_season|2025-09-02|ascending|15,2025,late_season,2025-09-02,2025-09-02,05.11,32TNR,S2C,10000.0,-1000.0
S2C_MSIL2A_20250902T102041_N0511_R065_T32TNR_20250902T160316,B04_20m,s3://eodata/Sentinel-2/MSI/L2A/2025/09/02/S2C_MSIL2A_20250902T102041_N0511_R065_T32TNR_20250902T160316.SAFE/GRANULE/L2A_T32TNR_A005183_20250902T102618/IMG_DATA/R20m/T32TNR_20250902T102041_B04_20m.jp2,1,EPSG:32632,5490,5490,JP2OpenJPEG,uint16,,0,1022,1022,0,1022.0,0.0162,1.6387,PASS,2025|late_season|2025-09-02|ascending|15,2025,late_season,2025-09-02,2025-09-02,05.11,32TNR,S2C,10000.0,-1000.0
S2C_MSIL2A_20250902T102041_N0511_R065_T32TNR_20250902T160316,B8A_20m,s3://eodata/Sentinel-2/MSI/L2A/2025/09/02/S2C_MSIL2A_20250902T102041_N0511_R065_T32TNR_20250902T160316.SAFE/GRANULE/L2A_T32TNR_A005183_20250902T102618/IMG_DATA/R20m/T32TNR_20250902T102041_B8A_20m.jp2,1,EPSG:32632,5490,5490,JP2OpenJPEG,uint16,,0,1022,1022,0,1022.0,0.0882,1.5021,PASS,2025|late_season|2025-09-02|ascending|15,2025,late_season,2025-09-02,2025-09-02,05.11,32TNR,S2C,10000.0,-1000.0
S2C_MSIL2A_20250902T102041_N0511_R065_T32TNR_20250902T160316,B11_20m,s3://eodata/Sentinel-2/MSI/L2A/2025/09/02/S2C_MSIL2A_20250902T102041_N0511_R065_T32TNR_20250902T160316.SAFE/GRANULE/L2A_T32TNR_A005183_20250902T102618/IMG_DATA/R20m/T32TNR_20250902T102041_B11_20m.jp2,1,EPSG:32632,5490,5490,JP2OpenJPEG,uint16,,0,1022,1022,0,1022.0,0.0237,0.9861,PASS,2025|late_season|2025-09-02|ascending|15,2025,late_season,2025-09-02,2025-09-02,05.11,32TNR,S2C,10000.0,-1000.0
S2C_MSIL2A_20250902T102041_N0511_R065_T32TNR_20250902T160316,B12_20m,s3://eodata/Sentinel-2/MSI/L2A/2025/09/02/S2C_MSIL2A_20250902T102041_N0511_R065_T32TNR_20250902T160316.SAFE/GRANULE/L2A_T32TNR_A005183_20250902T102618/IMG_DATA/R20m/T32TNR_20250902T102041_B12_20m.jp2,1,EPSG:32632,5490,5490,JP2OpenJPEG,uint16,,0,1022,1022,0,1022.0,0.011,0.7918,PASS,2025|late_season|2025-09-02|ascending|15,2025,late_season,2025-09-02,2025-09-02,05.11,32TNR,S2C,10000.0,-1000.0
S2C_MSIL2A_20250902T102041_N0511_R065_T32TNR_20250902T160316,SCL_20m,s3://eodata/Sentinel-2/MSI/L2A/2025/09/02/S2C_MSIL2A_20250902T102041_N0511_R065_T32TNR_20250902T160316.SAFE/GRANULE/L2A_T32TNR_A005183_20250902T102618/IMG_DATA/R20m/T32TNR_20250902T102041_SCL_20m.jp2,1,EPSG:32632,5490,5490,JP2OpenJPEG,uint8,,0,1022,1022,0,,,,PASS,2025|late_season|2025-09-02|ascending|15,2025,late_season,2025-09-02,2025-09-02,05.11,32TNR,S2C,,
S2C_MSIL2A_20250515T101611_N0511_R065_T32TMQ_20250515T154718,B02_20m,s3://eodata/Sentinel-2/MSI/L2A/2025/05/15/S2C_MSIL2A_20250515T101611_N0511_R065_T32TMQ_20250515T154718.SAFE/GRANULE/L2A_T32TMQ_A003610_20250515T102316/IMG_DATA/R20m/T32TMQ_20250515T101611_B02_20m.jp2,1,EPSG:32632,5490,5490,JP2OpenJPEG,uint16,,0,564,564,0,564.0,0.0151,0.2303,PASS,2025|establishment|2025-05-15|descending|66,2025,establishment,2025-05-15,2025-05-15,05.11,32TMQ,S2C,10000.0,-1000.0
S2C_MSIL2A_20250515T101611_N0511_R065_T32TMQ_20250515T154718,B03_20m,s3://eodata/Sentinel-2/MSI/L2A/2025/05/15/S2C_MSIL2A_20250515T101611_N0511_R065_T32TMQ_20250515T154718.SAFE/GRANULE/L2A_T32TMQ_A003610_20250515T102316/IMG_DATA/R20m/T32TMQ_20250515T101611_B03_20m.jp2,1,EPSG:32632,5490,5490,JP2OpenJPEG,uint16,,0,564,564,0,564.0,0.038,0.2753,PASS,2025|establishment|2025-05-15|descending|66,2025,establishment,2025-05-15,2025-05-15,05.11,32TMQ,S2C,10000.0,-1000.0
S2C_MSIL2A_20250515T101611_N0511_R065_T32TMQ_20250515T154718,B04_20m,s3://eodata/Sentinel-2/MSI/L2A/2025/05/15/S2C_MSIL2A_20250515T101611_N0511_R065_T32TMQ_20250515T154718.SAFE/GRANULE/L2A_T32TMQ_A003610_20250515T102316/IMG_DATA/R20m/T32TMQ_20250515T101611_B04_20m.jp2,1,EPSG:32632,5490,5490,JP2OpenJPEG,uint16,,0,564,564,0,564.0,0.0104,0.3003,PASS,2025|establishment|2025-05-15|descending|66,2025,establishment,2025-05-15,2025-05-15,05.11,32TMQ,S2C,10000.0,-1000.0
S2C_MSIL2A_20250515T101611_N0511_R065_T32TMQ_20250515T154718,B8A_20m,s3://eodata/Sentinel-2/MSI/L2A/2025/05/15/S2C_MSIL2A_20250515T101611_N0511_R065_T32TMQ_20250515T154718.SAFE/GRANULE/L2A_T32TMQ_A003610_20250515T102316/IMG_DATA/R20m/T32TMQ_20250515T101611_B8A_20m.jp2,1,EPSG:32632,5490,5490,JP2OpenJPEG,uint16,,0,564,564,0,564.0,0.0045,0.5533,PASS,2025|establishment|2025-05-15|descending|66,2025,establishment,2025-05-15,2025-05-15,05.11,32TMQ,S2C,10000.0,-1000.0
S2C_MSIL2A_20250515T101611_N0511_R065_T32TMQ_20250515T154718,B11_20m,s3://eodata/Sentinel-2/MSI/L2A/2025/05/15/S2C_MSIL2A_20250515T101611_N0511_R065_T32TMQ_20250515T154718.SAFE/GRANULE/L2A_T32TMQ_A003610_20250515T102316/IMG_DATA/R20m/T32TMQ_20250515T101611_B11_20m.jp2,1,EPSG:32632,5490,5490,JP2OpenJPEG,uint16,,0,564,564,0,564.0,0.0119,0.4719,PASS,2025|establishment|2025-05-15|descending|66,2025,establishment,2025-05-15,2025-05-15,05.11,32TMQ,S2C,10000.0,-1000.0
S2C_MSIL2A_20250515T101611_N0511_R065_T32TMQ_20250515T154718,B12_20m,s3://eodata/Sentinel-2/MSI/L2A/2025/05/15/S2C_MSIL2A_20250515T101611_N0511_R065_T32TMQ_20250515T154718.SAFE/GRANULE/L2A_T32TMQ_A003610_20250515T102316/IMG_DATA/R20m/T32TMQ_20250515T101611_B12_20m.jp2,1,EPSG:32632,5490,5490,JP2OpenJPEG,uint16,,0,564,564,0,564.0,0.0093,0.4408,PASS,2025|establishment|2025-05-15|descending|66,2025,establishment,2025-05-15,2025-05-15,05.11,32TMQ,S2C,10000.0,-1000.0
S2C_MSIL2A_20250515T101611_N0511_R065_T32TMQ_20250515T154718,SCL_20m,s3://eodata/Sentinel-2/MSI/L2A/2025/05/15/S2C_MSIL2A_20250515T101611_N0511_R065_T32TMQ_20250515T154718.SAFE/GRANULE/L2A_T32TMQ_A003610_20250515T102316/IMG_DATA/R20m/T32TMQ_20250515T101611_SCL_20m.jp2,1,EPSG:32632,5490,5490,JP2OpenJPEG,uint8,,0,564,564,0,,,,PASS,2025|establishment|2025-05-15|descending|66,2025,establishment,2025-05-15,2025-05-15,05.11,32TMQ,S2C,,
S2C_MSIL2A_20250515T101611_N0511_R065_T32TMR_20250515T154718,B02_20m,s3://eodata/Sentinel-2/MSI/L2A/2025/05/15/S2C_MSIL2A_20250515T101611_N0511_R065_T32TMR_20250515T154718.SAFE/GRANULE/L2A_T32TMR_A003610_20250515T102316/IMG_DATA/R20m/T32TMR_20250515T101611_B02_20m.jp2,1,EPSG:32632,5490,5490,JP2OpenJPEG,uint16,,0,3585,3585,0,3585.0,0.0092,0.7948,PASS,2025|establishment|2025-05-15|descending|66,2025,establishment,2025-05-15,2025-05-15,05.11,32TMR,S2C,10000.0,-1000.0
S2C_MSIL2A_20250515T101611_N0511_R065_T32TMR_20250515T154718,B03_20m,s3://eodata/Sentinel-2/MSI/L2A/2025/05/15/S2C_MSIL2A_20250515T101611_N0511_R065_T32TMR_20250515T154718.SAFE/GRANULE/L2A_T32TMR_A003610_20250515T102316/IMG_DATA/R20m/T32TMR_20250515T101611_B03_20m.jp2,1,EPSG:32632,5490,5490,JP2OpenJPEG,uint16,,0,3585,3585,0,3585.0,0.0224,0.8018,PASS,2025|establishment|2025-05-15|descending|66,2025,establishment,2025-05-15,2025-05-15,05.11,32TMR,S2C,10000.0,-1000.0
S2C_MSIL2A_20250515T101611_N0511_R065_T32TMR_20250515T154718,B04_20m,s3://eodata/Sentinel-2/MSI/L2A/2025/05/15/S2C_MSIL2A_20250515T101611_N0511_R065_T32TMR_20250515T154718.SAFE/GRANULE/L2A_T32TMR_A003610_20250515T102316/IMG_DATA/R20m/T32TMR_20250515T101611_B04_20m.jp2,1,EPSG:32632,5490,5490,JP2OpenJPEG,uint16,,0,3585,3585,0,3585.0,0.0035,0.8139,PASS,2025|establishment|2025-05-15|descending|66,2025,establishment,2025-05-15,2025-05-15,05.11,32TMR,S2C,10000.0,-1000.0
S2C_MSIL2A_20250515T101611_N0511_R065_T32TMR_20250515T154718,B8A_20m,s3://eodata/Sentinel-2/MSI/L2A/2025/05/15/S2C_MSIL2A_20250515T101611_N0511_R065_T32TMR_20250515T154718.SAFE/GRANULE/L2A_T32TMR_A003610_20250515T102316/IMG_DATA/R20m/T32TMR_20250515T101611_B8A_20m.jp2,1,EPSG:32632,5490,5490,JP2OpenJPEG,uint16,,0,3585,3585,0,3585.0,0.0019,0.721,PASS,2025|establishment|2025-05-15|descending|66,2025,establishment,2025-05-15,2025-05-15,05.11,32TMR,S2C,10000.0,-1000.0
S2C_MSIL2A_20250515T101611_N0511_R065_T32TMR_20250515T154718,B11_20m,s3://eodata/Sentinel-2/MSI/L2A/2025/05/15/S2C_MSIL2A_20250515T101611_N0511_R065_T32TMR_20250515T154718.SAFE/GRANULE/L2A_T32TMR_A003610_20250515T102316/IMG_DATA/R20m/T32TMR_20250515T101611_B11_20m.jp2,1,EPSG:32632,5490,5490,JP2OpenJPEG,uint16,,0,3585,3585,0,3585.0,0.0055,0.714,PASS,2025|establishment|2025-05-15|descending|66,2025,establishment,2025-05-15,2025-05-15,05.11,32TMR,S2C,10000.0,-1000.0
S2C_MSIL2A_20250515T101611_N0511_R065_T32TMR_20250515T154718,B12_20m,s3://eodata/Sentinel-2/MSI/L2A/2025/05/15/S2C_MSIL2A_20250515T101611_N0511_R065_T32TMR_20250515T154718.SAFE/GRANULE/L2A_T32TMR_A003610_20250515T102316/IMG_DATA/R20m/T32TMR_20250515T101611_B12_20m.jp2,1,EPSG:32632,5490,5490,JP2OpenJPEG,uint16,,0,3585,3585,0,3585.0,0.004,0.7055,PASS,2025|establishment|2025-05-15|descending|66,2025,establishment,2025-05-15,2025-05-15,05.11,32TMR,S2C,10000.0,-1000.0
S2C_MSIL2A_20250515T101611_N0511_R065_T32TMR_20250515T154718,SCL_20m,s3://eodata/Sentinel-2/MSI/L2A/2025/05/15/S2C_MSIL2A_20250515T101611_N0511_R065_T32TMR_20250515T154718.SAFE/GRANULE/L2A_T32TMR_A003610_20250515T102316/IMG_DATA/R20m/T32TMR_20250515T101611_SCL_20m.jp2,1,EPSG:32632,5490,5490,JP2OpenJPEG,uint8,,0,3585,3585,0,,,,PASS,2025|establishment|2025-05-15|descending|66,2025,establishment,2025-05-15,2025-05-15,05.11,32TMR,S2C,,
S2C_MSIL2A_20250515T101611_N0511_R065_T32TNQ_20250515T154718,B02_20m,s3://eodata/Sentinel-2/MSI/L2A/2025/05/15/S2C_MSIL2A_20250515T101611_N0511_R065_T32TNQ_20250515T154718.SAFE/GRANULE/L2A_T32TNQ_A003610_20250515T102316/IMG_DATA/R20m/T32TNQ_20250515T101611_B02_20m.jp2,1,EPSG:32632,5490,5490,JP2OpenJPEG,uint16,,0,182,182,0,182.0,0.0224,0.3914,PASS,2025|establishment|2025-05-15|descending|66,2025,establishment,2025-05-15,2025-05-15,05.11,32TNQ,S2C,10000.0,-1000.0
S2C_MSIL2A_20250515T101611_N0511_R065_T32TNQ_20250515T154718,B03_20m,s3://eodata/Sentinel-2/MSI/L2A/2025/05/15/S2C_MSIL2A_20250515T101611_N0511_R065_T32TNQ_20250515T154718.SAFE/GRANULE/L2A_T32TNQ_A003610_20250515T102316/IMG_DATA/R20m/T32TNQ_20250515T101611_B03_20m.jp2,1,EPSG:32632,5490,5490,JP2OpenJPEG,uint16,,0,182,182,0,182.0,0.0424,0.4612,PASS,2025|establishment|2025-05-15|descending|66,2025,establishment,2025-05-15,2025-05-15,05.11,32TNQ,S2C,10000.0,-1000.0
S2C_MSIL2A_20250515T101611_N0511_R065_T32TNQ_20250515T154718,B04_20m,s3://eodata/Sentinel-2/MSI/L2A/2025/05/15/S2C_MSIL2A_20250515T101611_N0511_R065_T32TNQ_20250515T154718.SAFE/GRANULE/L2A_T32TNQ_A003610_20250515T102316/IMG_DATA/R20m/T32TNQ_20250515T101611_B04_20m.jp2,1,EPSG:32632,5490,5490,JP2OpenJPEG,uint16,,0,182,182,0,182.0,0.0241,0.5374,PASS,2025|establishment|2025-05-15|descending|66,2025,establishment,2025-05-15,2025-05-15,05.11,32TNQ,S2C,10000.0,-1000.0
S2C_MSIL2A_20250515T101611_N0511_R065_T32TNQ_20250515T154718,B8A_20m,s3://eodata/Sentinel-2/MSI/L2A/2025/05/15/S2C_MSIL2A_20250515T101611_N0511_R065_T32TNQ_20250515T154718.SAFE/GRANULE/L2A_T32TNQ_A003610_20250515T102316/IMG_DATA/R20m/T32TNQ_20250515T101611_B8A_20m.jp2,1,EPSG:32632,5490,5490,JP2OpenJPEG,uint16,,0,182,182,0,182.0,0.0561,0.5667,PASS,2025|establishment|2025-05-15|descending|66,2025,establishment,2025-05-15,2025-05-15,05.11,32TNQ,S2C,10000.0,-1000.0
S2C_MSIL2A_20250515T101611_N0511_R065_T32TNQ_20250515T154718,B11_20m,s3://eodata/Sentinel-2/MSI/L2A/2025/05/15/S2C_MSIL2A_20250515T101611_N0511_R065_T32TNQ_20250515T154718.SAFE/GRANULE/L2A_T32TNQ_A003610_20250515T102316/IMG_DATA/R20m/T32TNQ_20250515T101611_B11_20m.jp2,1,EPSG:32632,5490,5490,JP2OpenJPEG,uint16,,0,182,182,0,182.0,0.0169,0.5307,PASS,2025|establishment|2025-05-15|descending|66,2025,establishment,2025-05-15,2025-05-15,05.11,32TNQ,S2C,10000.0,-1000.0
S2C_MSIL2A_20250515T101611_N0511_R065_T32TNQ_20250515T154718,B12_20m,s3://eodata/Sentinel-2/MSI/L2A/2025/05/15/S2C_MSIL2A_20250515T101611_N0511_R065_T32TNQ_20250515T154718.SAFE/GRANULE/L2A_T32TNQ_A003610_20250515T102316/IMG_DATA/R20m/T32TNQ_20250515T101611_B12_20m.jp2,1,EPSG:32632,5490,5490,JP2OpenJPEG,uint16,,0,182,182,0,182.0,0.0116,0.3882,PASS,2025|establishment|2025-05-15|descending|66,2025,establishment,2025-05-15,2025-05-15,05.11,32TNQ,S2C,10000.0,-1000.0
S2C_MSIL2A_20250515T101611_N0511_R065_T32TNQ_20250515T154718,SCL_20m,s3://eodata/Sentinel-2/MSI/L2A/2025/05/15/S2C_MSIL2A_20250515T101611_N0511_R065_T32TNQ_20250515T154718.SAFE/GRANULE/L2A_T32TNQ_A003610_20250515T102316/IMG_DATA/R20m/T32TNQ_20250515T101611_SCL_20m.jp2,1,EPSG:32632,5490,5490,JP2OpenJPEG,uint8,,0,182,182,0,,,,PASS,2025|establishment|2025-05-15|descending|66,2025,establishment,2025-05-15,2025-05-15,05.11,32TNQ,S2C,,
S2C_MSIL2A_20250515T101611_N0511_R065_T32TNR_20250515T154718,B02_20m,s3://eodata/Sentinel-2/MSI/L2A/2025/05/15/S2C_MSIL2A_20250515T101611_N0511_R065_T32TNR_20250515T154718.SAFE/GRANULE/L2A_T32TNR_A003610_20250515T102316/IMG_DATA/R20m/T32TNR_20250515T101611_B02_20m.jp2,1,EPSG:32632,5490,5490,JP2OpenJPEG,uint16,,0,1022,1022,0,1022.0,0.005,0.6779,PASS,2025|establishment|2025-05-15|descending|66,2025,establishment,2025-05-15,2025-05-15,05.11,32TNR,S2C,10000.0,-1000.0
S2C_MSIL2A_20250515T101611_N0511_R065_T32TNR_20250515T154718,B03_20m,s3://eodata/Sentinel-2/MSI/L2A/2025/05/15/S2C_MSIL2A_20250515T101611_N0511_R065_T32TNR_20250515T154718.SAFE/GRANULE/L2A_T32TNR_A003610_20250515T102316/IMG_DATA/R20m/T32TNR_20250515T101611_B03_20m.jp2,1,EPSG:32632,5490,5490,JP2OpenJPEG,uint16,,0,1022,1022,0,1022.0,0.0144,0.663,PASS,2025|establishment|2025-05-15|descending|66,2025,establishment,2025-05-15,2025-05-15,05.11,32TNR,S2C,10000.0,-1000.0
S2C_MSIL2A_20250515T101611_N0511_R065_T32TNR_20250515T154718,B04_20m,s3://eodata/Sentinel-2/MSI/L2A/2025/05/15/S2C_MSIL2A_20250515T101611_N0511_R065_T32TNR_20250515T154718.SAFE/GRANULE/L2A_T32TNR_A003610_20250515T102316/IMG_DATA/R20m/T32TNR_20250515T101611_B04_20m.jp2,1,EPSG:32632,5490,5490,JP2OpenJPEG,uint16,,0,1022,1022,0,1022.0,0.01,0.692,PASS,2025|establishment|2025-05-15|descending|66,2025,establishment,2025-05-15,2025-05-15,05.11,32TNR,S2C,10000.0,-1000.0
S2C_MSIL2A_20250515T101611_N0511_R065_T32TNR_20250515T154718,B8A_20m,s3://eodata/Sentinel-2/MSI/L2A/2025/05/15/S2C_MSIL2A_20250515T101611_N0511_R065_T32TNR_20250515T154718.SAFE/GRANULE/L2A_T32TNR_A003610_20250515T102316/IMG_DATA/R20m/T32TNR_20250515T101611_B8A_20m.jp2,1,EPSG:32632,5490,5490,JP2OpenJPEG,uint16,,0,1022,1022,0,1022.0,0.0135,0.8001,PASS,2025|establishment|2025-05-15|descending|66,2025,establishment,2025-05-15,2025-05-15,05.11,32TNR,S2C,10000.0,-1000.0
S2C_MSIL2A_20250515T101611_N0511_R065_T32TNR_20250515T154718,B11_20m,s3://eodata/Sentinel-2/MSI/L2A/2025/05/15/S2C_MSIL2A_20250515T101611_N0511_R065_T32TNR_20250515T154718.SAFE/GRANULE/L2A_T32TNR_A003610_20250515T102316/IMG_DATA/R20m/T32TNR_20250515T101611_B11_20m.jp2,1,EPSG:32632,5490,5490,JP2OpenJPEG,uint16,,0,1022,1022,0,1022.0,0.0108,0.7093,PASS,2025|establishment|2025-05-15|descending|66,2025,establishment,2025-05-15,2025-05-15,05.11,32TNR,S2C,10000.0,-1000.0
S2C_MSIL2A_20250515T101611_N0511_R065_T32TNR_20250515T154718,B12_20m,s3://eodata/Sentinel-2/MSI/L2A/2025/05/15/S2C_MSIL2A_20250515T101611_N0511_R065_T32TNR_20250515T154718.SAFE/GRANULE/L2A_T32TNR_A003610_20250515T102316/IMG_DATA/R20m/T32TNR_20250515T101611_B12_20m.jp2,1,EPSG:32632,5490,5490,JP2OpenJPEG,uint16,,0,1022,1022,0,1022.0,0.0078,0.607,PASS,2025|establishment|2025-05-15|descending|66,2025,establishment,2025-05-15,2025-05-15,05.11,32TNR,S2C,10000.0,-1000.0
S2C_MSIL2A_20250515T101611_N0511_R065_T32TNR_20250515T154718,SCL_20m,s3://eodata/Sentinel-2/MSI/L2A/2025/05/15/S2C_MSIL2A_20250515T101611_N0511_R065_T32TNR_20250515T154718.SAFE/GRANULE/L2A_T32TNR_A003610_20250515T102316/IMG_DATA/R20m/T32TNR_20250515T101611_SCL_20m.jp2,1,EPSG:32632,5490,5490,JP2OpenJPEG,uint8,,0,1022,1022,0,,,,PASS,2025|establishment|2025-05-15|descending|66,2025,establishment,2025-05-15,2025-05-15,05.11,32TNR,S2C,,
S2C_MSIL2A_20250714T102051_N0511_R065_T32TMQ_20250714T160313,B02_20m,s3://eodata/Sentinel-2/MSI/L2A/2025/07/14/S2C_MSIL2A_20250714T102051_N0511_R065_T32TMQ_20250714T160313.SAFE/GRANULE/L2A_T32TMQ_A004468_20250714T102722/IMG_DATA/R20m/T32TMQ_20250714T102051_B02_20m.jp2,1,EPSG:32632,5490,5490,JP2OpenJPEG,uint16,,0,564,564,0,564.0,0.0029,1.1338,PASS,2025|mid_season|2025-07-14|descending|66,2025,mid_season,2025-07-14,2025-07-14,05.11,32TMQ,S2C,10000.0,-1000.0
S2C_MSIL2A_20250714T102051_N0511_R065_T32TMQ_20250714T160313,B03_20m,s3://eodata/Sentinel-2/MSI/L2A/2025/07/14/S2C_MSIL2A_20250714T102051_N0511_R065_T32TMQ_20250714T160313.SAFE/GRANULE/L2A_T32TMQ_A004468_20250714T102722/IMG_DATA/R20m/T32TMQ_20250714T102051_B03_20m.jp2,1,EPSG:32632,5490,5490,JP2OpenJPEG,uint16,,0,564,564,0,564.0,0.0203,1.06,PASS,2025|mid_season|2025-07-14|descending|66,2025,mid_season,2025-07-14,2025-07-14,05.11,32TMQ,S2C,10000.0,-1000.0
S2C_MSIL2A_20250714T102051_N0511_R065_T32TMQ_20250714T160313,B04_20m,s3://eodata/Sentinel-2/MSI/L2A/2025/07/14/S2C_MSIL2A_20250714T102051_N0511_R065_T32TMQ_20250714T160313.SAFE/GRANULE/L2A_T32TMQ_A004468_20250714T102722/IMG_DATA/R20m/T32TMQ_20250714T102051_B04_20m.jp2,1,EPSG:32632,5490,5490,JP2OpenJPEG,uint16,,0,564,564,0,564.0,0.0039,1.0128,PASS,2025|mid_season|2025-07-14|descending|66,2025,mid_season,2025-07-14,2025-07-14,05.11,32TMQ,S2C,10000.0,-1000.0
S2C_MSIL2A_20250714T102051_N0511_R065_T32TMQ_20250714T160313,B8A_20m,s3://eodata/Sentinel-2/MSI/L2A/2025/07/14/S2C_MSIL2A_20250714T102051_N0511_R065_T32TMQ_20250714T160313.SAFE/GRANULE/L2A_T32TMQ_A004468_20250714T102722/IMG_DATA/R20m/T32TMQ_20250714T102051_B8A_20m.jp2,1,EPSG:32632,5490,5490,JP2OpenJPEG,uint16,,0,564,564,0,564.0,-0.0115,0.9686,PASS,2025|mid_season|2025-07-14|descending|66,2025,mid_season,2025-07-14,2025-07-14,05.11,32TMQ,S2C,10000.0,-1000.0
S2C_MSIL2A_20250714T102051_N0511_R065_T32TMQ_20250714T160313,B11_20m,s3://eodata/Sentinel-2/MSI/L2A/2025/07/14/S2C_MSIL2A_20250714T102051_N0511_R065_T32TMQ_20250714T160313.SAFE/GRANULE/L2A_T32TMQ_A004468_20250714T102722/IMG_DATA/R20m/T32TMQ_20250714T102051_B11_20m.jp2,1,EPSG:32632,5490,5490,JP2OpenJPEG,uint16,,0,564,564,0,564.0,0.008,0.815,PASS,2025|mid_season|2025-07-14|descending|66,2025,mid_season,2025-07-14,2025-07-14,05.11,32TMQ,S2C,10000.0,-1000.0
S2C_MSIL2A_20250714T102051_N0511_R065_T32TMQ_20250714T160313,B12_20m,s3://eodata/Sentinel-2/MSI/L2A/2025/07/14/S2C_MSIL2A_20250714T102051_N0511_R065_T32TMQ_20250714T160313.SAFE/GRANULE/L2A_T32TMQ_A004468_20250714T102722/IMG_DATA/R20m/T32TMQ_20250714T102051_B12_20m.jp2,1,EPSG:32632,5490,5490,JP2OpenJPEG,uint16,,0,564,564,0,564.0,0.0055,0.6444,PASS,2025|mid_season|2025-07-14|descending|66,2025,mid_season,2025-07-14,2025-07-14,05.11,32TMQ,S2C,10000.0,-1000.0
S2C_MSIL2A_20250714T102051_N0511_R065_T32TMQ_20250714T160313,SCL_20m,s3://eodata/Sentinel-2/MSI/L2A/2025/07/14/S2C_MSIL2A_20250714T102051_N0511_R065_T32TMQ_20250714T160313.SAFE/GRANULE/L2A_T32TMQ_A004468_20250714T102722/IMG_DATA/R20m/T32TMQ_20250714T102051_SCL_20m.jp2,1,EPSG:32632,5490,5490,JP2OpenJPEG,uint8,,0,564,564,0,,,,PASS,2025|mid_season|2025-07-14|descending|66,2025,mid_season,2025-07-14,2025-07-14,05.11,32TMQ,S2C,,
S2C_MSIL2A_20250714T102051_N0511_R065_T32TMR_20250714T160313,B02_20m,s3://eodata/Sentinel-2/MSI/L2A/2025/07/14/S2C_MSIL2A_20250714T102051_N0511_R065_T32TMR_20250714T160313.SAFE/GRANULE/L2A_T32TMR_A004468_20250714T102722/IMG_DATA/R20m/T32TMR_20250714T102051_B02_20m.jp2,1,EPSG:32632,5490,5490,JP2OpenJPEG,uint16,,0,3585,3585,0,3585.0,0.0102,1.0079,PASS,2025|mid_season|2025-07-14|descending|66,2025,mid_season,2025-07-14,2025-07-14,05.11,32TMR,S2C,10000.0,-1000.0
S2C_MSIL2A_20250714T102051_N0511_R065_T32TMR_20250714T160313,B03_20m,s3://eodata/Sentinel-2/MSI/L2A/2025/07/14/S2C_MSIL2A_20250714T102051_N0511_R065_T32TMR_20250714T160313.SAFE/GRANULE/L2A_T32TMR_A004468_20250714T102722/IMG_DATA/R20m/T32TMR_20250714T102051_B03_20m.jp2,1,EPSG:32632,5490,5490,JP2OpenJPEG,uint16,,0,3585,3585,0,3585.0,0.0186,0.9586,PASS,2025|mid_season|2025-07-14|descending|66,2025,mid_season,2025-07-14,2025-07-14,05.11,32TMR,S2C,10000.0,-1000.0
S2C_MSIL2A_20250714T102051_N0511_R065_T32TMR_20250714T160313,B04_20m,s3://eodata/Sentinel-2/MSI/L2A/2025/07/14/S2C_MSIL2A_20250714T102051_N0511_R065_T32TMR_20250714T160313.SAFE/GRANULE/L2A_T32TMR_A004468_20250714T102722/IMG_DATA/R20m/T32TMR_20250714T102051_B04_20m.jp2,1,EPSG:32632,5490,5490,JP2OpenJPEG,uint16,,0,3585,3585,0,3585.0,0.0071,0.931,PASS,2025|mid_season|2025-07-14|descending|66,2025,mid_season,2025-07-14,2025-07-14,05.11,32TMR,S2C,10000.0,-1000.0
S2C_MSIL2A_20250714T102051_N0511_R065_T32TMR_20250714T160313,B8A_20m,s3://eodata/Sentinel-2/MSI/L2A/2025/07/14/S2C_MSIL2A_20250714T102051_N0511_R065_T32TMR_20250714T160313.SAFE/GRANULE/L2A_T32TMR_A004468_20250714T102722/IMG_DATA/R20m/T32TMR_20250714T102051_B8A_20m.jp2,1,EPSG:32632,5490,5490,JP2OpenJPEG,uint16,,0,3585,3585,0,3585.0,-0.0009,0.9168,PASS,2025|mid_season|2025-07-14|descending|66,2025,mid_season,2025-07-14,2025-07-14,05.11,32TMR,S2C,10000.0,-1000.0
S2C_MSIL2A_20250714T102051_N0511_R065_T32TMR_20250714T160313,B11_20m,s3://eodata/Sentinel-2/MSI/L2A/2025/07/14/S2C_MSIL2A_20250714T102051_N0511_R065_T32TMR_20250714T160313.SAFE/GRANULE/L2A_T32TMR_A004468_20250714T102722/IMG_DATA/R20m/T32TMR_20250714T102051_B11_20m.jp2,1,EPSG:32632,5490,5490,JP2OpenJPEG,uint16,,0,3585,3585,0,3585.0,0.0108,0.799,PASS,2025|mid_season|2025-07-14|descending|66,2025,mid_season,2025-07-14,2025-07-14,05.11,32TMR,S2C,10000.0,-1000.0
S2C_MSIL2A_20250714T102051_N0511_R065_T32TMR_20250714T160313,B12_20m,s3://eodata/Sentinel-2/MSI/L2A/2025/07/14/S2C_MSIL2A_20250714T102051_N0511_R065_T32TMR_20250714T160313.SAFE/GRANULE/L2A_T32TMR_A004468_20250714T102722/IMG_DATA/R20m/T32TMR_20250714T102051_B12_20m.jp2,1,EPSG:32632,5490,5490,JP2OpenJPEG,uint16,,0,3585,3585,0,3585.0,0.0069,0.7852,PASS,2025|mid_season|2025-07-14|descending|66,2025,mid_season,2025-07-14,2025-07-14,05.11,32TMR,S2C,10000.0,-1000.0
S2C_MSIL2A_20250714T102051_N0511_R065_T32TMR_20250714T160313,SCL_20m,s3://eodata/Sentinel-2/MSI/L2A/2025/07/14/S2C_MSIL2A_20250714T102051_N0511_R065_T32TMR_20250714T160313.SAFE/GRANULE/L2A_T32TMR_A004468_20250714T102722/IMG_DATA/R20m/T32TMR_20250714T102051_SCL_20m.jp2,1,EPSG:32632,5490,5490,JP2OpenJPEG,uint8,,0,3585,3585,0,,,,PASS,2025|mid_season|2025-07-14|descending|66,2025,mid_season,2025-07-14,2025-07-14,05.11,32TMR,S2C,,
S2C_MSIL2A_20250714T102051_N0511_R065_T32TNQ_20250714T160313,B02_20m,s3://eodata/Sentinel-2/MSI/L2A/2025/07/14/S2C_MSIL2A_20250714T102051_N0511_R065_T32TNQ_20250714T160313.SAFE/GRANULE/L2A_T32TNQ_A004468_20250714T102722/IMG_DATA/R20m/T32TNQ_20250714T102051_B02_20m.jp2,1,EPSG:32632,5490,5490,JP2OpenJPEG,uint16,,0,182,182,0,182.0,0.0143,0.4482,PASS,2025|mid_season|2025-07-14|descending|66,2025,mid_season,2025-07-14,2025-07-14,05.11,32TNQ,S2C,10000.0,-1000.0
S2C_MSIL2A_20250714T102051_N0511_R065_T32TNQ_20250714T160313,B03_20m,s3://eodata/Sentinel-2/MSI/L2A/2025/07/14/S2C_MSIL2A_20250714T102051_N0511_R065_T32TNQ_20250714T160313.SAFE/GRANULE/L2A_T32TNQ_A004468_20250714T102722/IMG_DATA/R20m/T32TNQ_20250714T102051_B03_20m.jp2,1,EPSG:32632,5490,5490,JP2OpenJPEG,uint16,,0,182,182,0,182.0,0.0296,0.5439,PASS,2025|mid_season|2025-07-14|descending|66,2025,mid_season,2025-07-14,2025-07-14,05.11,32TNQ,S2C,10000.0,-1000.0
S2C_MSIL2A_20250714T102051_N0511_R065_T32TNQ_20250714T160313,B04_20m,s3://eodata/Sentinel-2/MSI/L2A/2025/07/14/S2C_MSIL2A_20250714T102051_N0511_R065_T32TNQ_20250714T160313.SAFE/GRANULE/L2A_T32TNQ_A004468_20250714T102722/IMG_DATA/R20m/T32TNQ_20250714T102051_B04_20m.jp2,1,EPSG:32632,5490,5490,JP2OpenJPEG,uint16,,0,182,182,0,182.0,0.0145,0.6154,PASS,2025|mid_season|2025-07-14|descending|66,2025,mid_season,2025-07-14,2025-07-14,05.11,32TNQ,S2C,10000.0,-1000.0
S2C_MSIL2A_20250714T102051_N0511_R065_T32TNQ_20250714T160313,B8A_20m,s3://eodata/Sentinel-2/MSI/L2A/2025/07/14/S2C_MSIL2A_20250714T102051_N0511_R065_T32TNQ_20250714T160313.SAFE/GRANULE/L2A_T32TNQ_A004468_20250714T102722/IMG_DATA/R20m/T32TNQ_20250714T102051_B8A_20m.jp2,1,EPSG:32632,5490,5490,JP2OpenJPEG,uint16,,0,182,182,0,182.0,0.0696,0.6828,PASS,2025|mid_season|2025-07-14|descending|66,2025,mid_season,2025-07-14,2025-07-14,05.11,32TNQ,S2C,10000.0,-1000.0
S2C_MSIL2A_20250714T102051_N0511_R065_T32TNQ_20250714T160313,B11_20m,s3://eodata/Sentinel-2/MSI/L2A/2025/07/14/S2C_MSIL2A_20250714T102051_N0511_R065_T32TNQ_20250714T160313.SAFE/GRANULE/L2A_T32TNQ_A004468_20250714T102722/IMG_DATA/R20m/T32TNQ_20250714T102051_B11_20m.jp2,1,EPSG:32632,5490,5490,JP2OpenJPEG,uint16,,0,182,182,0,182.0,0.0557,0.5727,PASS,2025|mid_season|2025-07-14|descending|66,2025,mid_season,2025-07-14,2025-07-14,05.11,32TNQ,S2C,10000.0,-1000.0
S2C_MSIL2A_20250714T102051_N0511_R065_T32TNQ_20250714T160313,B12_20m,s3://eodata/Sentinel-2/MSI/L2A/2025/07/14/S2C_MSIL2A_20250714T102051_N0511_R065_T32TNQ_20250714T160313.SAFE/GRANULE/L2A_T32TNQ_A004468_20250714T102722/IMG_DATA/R20m/T32TNQ_20250714T102051_B12_20m.jp2,1,EPSG:32632,5490,5490,JP2OpenJPEG,uint16,,0,182,182,0,182.0,0.0344,0.3365,PASS,2025|mid_season|2025-07-14|descending|66,2025,mid_season,2025-07-14,2025-07-14,05.11,32TNQ,S2C,10000.0,-1000.0
S2C_MSIL2A_20250714T102051_N0511_R065_T32TNQ_20250714T160313,SCL_20m,s3://eodata/Sentinel-2/MSI/L2A/2025/07/14/S2C_MSIL2A_20250714T102051_N0511_R065_T32TNQ_20250714T160313.SAFE/GRANULE/L2A_T32TNQ_A004468_20250714T102722/IMG_DATA/R20m/T32TNQ_20250714T102051_SCL_20m.jp2,1,EPSG:32632,5490,5490,JP2OpenJPEG,uint8,,0,182,182,0,,,,PASS,2025|mid_season|2025-07-14|descending|66,2025,mid_season,2025-07-14,2025-07-14,05.11,32TNQ,S2C,,
S2C_MSIL2A_20250714T102051_N0511_R065_T32TNR_20250714T160313,B02_20m,s3://eodata/Sentinel-2/MSI/L2A/2025/07/14/S2C_MSIL2A_20250714T102051_N0511_R065_T32TNR_20250714T160313.SAFE/GRANULE/L2A_T32TNR_A004468_20250714T102722/IMG_DATA/R20m/T32TNR_20250714T102051_B02_20m.jp2,1,EPSG:32632,5490,5490,JP2OpenJPEG,uint16,,0,1022,1022,0,1022.0,0.0123,0.8745,PASS,2025|mid_season|2025-07-14|descending|66,2025,mid_season,2025-07-14,2025-07-14,05.11,32TNR,S2C,10000.0,-1000.0
S2C_MSIL2A_20250714T102051_N0511_R065_T32TNR_20250714T160313,B03_20m,s3://eodata/Sentinel-2/MSI/L2A/2025/07/14/S2C_MSIL2A_20250714T102051_N0511_R065_T32TNR_20250714T160313.SAFE/GRANULE/L2A_T32TNR_A004468_20250714T102722/IMG_DATA/R20m/T32TNR_20250714T102051_B03_20m.jp2,1,EPSG:32632,5490,5490,JP2OpenJPEG,uint16,,0,1022,1022,0,1022.0,0.0233,0.844,PASS,2025|mid_season|2025-07-14|descending|66,2025,mid_season,2025-07-14,2025-07-14,05.11,32TNR,S2C,10000.0,-1000.0
S2C_MSIL2A_20250714T102051_N0511_R065_T32TNR_20250714T160313,B04_20m,s3://eodata/Sentinel-2/MSI/L2A/2025/07/14/S2C_MSIL2A_20250714T102051_N0511_R065_T32TNR_20250714T160313.SAFE/GRANULE/L2A_T32TNR_A004468_20250714T102722/IMG_DATA/R20m/T32TNR_20250714T102051_B04_20m.jp2,1,EPSG:32632,5490,5490,JP2OpenJPEG,uint16,,0,1022,1022,0,1022.0,0.0109,0.8323,PASS,2025|mid_season|2025-07-14|descending|66,2025,mid_season,2025-07-14,2025-07-14,05.11,32TNR,S2C,10000.0,-1000.0
S2C_MSIL2A_20250714T102051_N0511_R065_T32TNR_20250714T160313,B8A_20m,s3://eodata/Sentinel-2/MSI/L2A/2025/07/14/S2C_MSIL2A_20250714T102051_N0511_R065_T32TNR_20250714T160313.SAFE/GRANULE/L2A_T32TNR_A004468_20250714T102722/IMG_DATA/R20m/T32TNR_20250714T102051_B8A_20m.jp2,1,EPSG:32632,5490,5490,JP2OpenJPEG,uint16,,0,1022,1022,0,1022.0,0.0229,0.8819,PASS,2025|mid_season|2025-07-14|descending|66,2025,mid_season,2025-07-14,2025-07-14,05.11,32TNR,S2C,10000.0,-1000.0
S2C_MSIL2A_20250714T102051_N0511_R065_T32TNR_20250714T160313,B11_20m,s3://eodata/Sentinel-2/MSI/L2A/2025/07/14/S2C_MSIL2A_20250714T102051_N0511_R065_T32TNR_20250714T160313.SAFE/GRANULE/L2A_T32TNR_A004468_20250714T102722/IMG_DATA/R20m/T32TNR_20250714T102051_B11_20m.jp2,1,EPSG:32632,5490,5490,JP2OpenJPEG,uint16,,0,1022,1022,0,1022.0,0.0224,0.766,PASS,2025|mid_season|2025-07-14|descending|66,2025,mid_season,2025-07-14,2025-07-14,05.11,32TNR,S2C,10000.0,-1000.0
S2C_MSIL2A_20250714T102051_N0511_R065_T32TNR_20250714T160313,B12_20m,s3://eodata/Sentinel-2/MSI/L2A/2025/07/14/S2C_MSIL2A_20250714T102051_N0511_R065_T32TNR_20250714T160313.SAFE/GRANULE/L2A_T32TNR_A004468_20250714T102722/IMG_DATA/R20m/T32TNR_20250714T102051_B12_20m.jp2,1,EPSG:32632,5490,5490,JP2OpenJPEG,uint16,,0,1022,1022,0,1022.0,0.0151,0.6332,PASS,2025|mid_season|2025-07-14|descending|66,2025,mid_season,2025-07-14,2025-07-14,05.11,32TNR,S2C,10000.0,-1000.0
S2C_MSIL2A_20250714T102051_N0511_R065_T32TNR_20250714T160313,SCL_20m,s3://eodata/Sentinel-2/MSI/L2A/2025/07/14/S2C_MSIL2A_20250714T102051_N0511_R065_T32TNR_20250714T160313.SAFE/GRANULE/L2A_T32TNR_A004468_20250714T102722/IMG_DATA/R20m/T32TNR_20250714T102051_SCL_20m.jp2,1,EPSG:32632,5490,5490,JP2OpenJPEG,uint8,,0,1022,1022,0,,,,PASS,2025|mid_season|2025-07-14|descending|66,2025,mid_season,2025-07-14,2025-07-14,05.11,32TNR,S2C,,
S2B_MSIL2A_20250831T102559_N0511_R108_T32TMQ_20250831T143825,B02_20m,s3://eodata/Sentinel-2/MSI/L2A/2025/08/31/S2B_MSIL2A_20250831T102559_N0511_R108_T32TMQ_20250831T143825.SAFE/GRANULE/L2A_T32TMQ_A044321_20250831T103243/IMG_DATA/R20m/T32TMQ_20250831T102559_B02_20m.jp2,1,EPSG:32632,5490,5490,JP2OpenJPEG,uint16,,0,564,564,534,30.0,-0.0383,0.2428,PASS,2025|late_season|2025-08-31|descending|66,2025,late_season,2025-08-31,2025-08-31,05.11,32TMQ,S2B,10000.0,-1000.0
S2B_MSIL2A_20250831T102559_N0511_R108_T32TMQ_20250831T143825,B03_20m,s3://eodata/Sentinel-2/MSI/L2A/2025/08/31/S2B_MSIL2A_20250831T102559_N0511_R108_T32TMQ_20250831T143825.SAFE/GRANULE/L2A_T32TMQ_A044321_20250831T103243/IMG_DATA/R20m/T32TMQ_20250831T102559_B03_20m.jp2,1,EPSG:32632,5490,5490,JP2OpenJPEG,uint16,,0,564,564,534,30.0,0.041,0.2719,PASS,2025|late_season|2025-08-31|descending|66,2025,late_season,2025-08-31,2025-08-31,05.11,32TMQ,S2B,10000.0,-1000.0
S2B_MSIL2A_20250831T102559_N0511_R108_T32TMQ_20250831T143825,B04_20m,s3://eodata/Sentinel-2/MSI/L2A/2025/08/31/S2B_MSIL2A_20250831T102559_N0511_R108_T32TMQ_20250831T143825.SAFE/GRANULE/L2A_T32TMQ_A044321_20250831T103243/IMG_DATA/R20m/T32TMQ_20250831T102559_B04_20m.jp2,1,EPSG:32632,5490,5490,JP2OpenJPEG,uint16,,0,564,564,534,30.0,0.0135,0.2659,PASS,2025|late_season|2025-08-31|descending|66,2025,late_season,2025-08-31,2025-08-31,05.11,32TMQ,S2B,10000.0,-1000.0
S2B_MSIL2A_20250831T102559_N0511_R108_T32TMQ_20250831T143825,B8A_20m,s3://eodata/Sentinel-2/MSI/L2A/2025/08/31/S2B_MSIL2A_20250831T102559_N0511_R108_T32TMQ_20250831T143825.SAFE/GRANULE/L2A_T32TMQ_A044321_20250831T103243/IMG_DATA/R20m/T32TMQ_20250831T102559_B8A_20m.jp2,1,EPSG:32632,5490,5490,JP2OpenJPEG,uint16,,0,564,564,534,30.0,0.0408,0.5418,PASS,2025|late_season|2025-08-31|descending|66,2025,late_season,2025-08-31,2025-08-31,05.11,32TMQ,S2B,10000.0,-1000.0
S2B_MSIL2A_20250831T102559_N0511_R108_T32TMQ_20250831T143825,B11_20m,s3://eodata/Sentinel-2/MSI/L2A/2025/08/31/S2B_MSIL2A_20250831T102559_N0511_R108_T32TMQ_20250831T143825.SAFE/GRANULE/L2A_T32TMQ_A044321_20250831T103243/IMG_DATA/R20m/T32TMQ_20250831T102559_B11_20m.jp2,1,EPSG:32632,5490,5490,JP2OpenJPEG,uint16,,0,564,564,534,30.0,0.0254,0.3149,PASS,2025|late_season|2025-08-31|descending|66,2025,late_season,2025-08-31,2025-08-31,05.11,32TMQ,S2B,10000.0,-1000.0
S2B_MSIL2A_20250831T102559_N0511_R108_T32TMQ_20250831T143825,B12_20m,s3://eodata/Sentinel-2/MSI/L2A/2025/08/31/S2B_MSIL2A_20250831T102559_N0511_R108_T32TMQ_20250831T143825.SAFE/GRANULE/L2A_T32TMQ_A044321_20250831T103243/IMG_DATA/R20m/T32TMQ_20250831T102559_B12_20m.jp2,1,EPSG:32632,5490,5490,JP2OpenJPEG,uint16,,0,564,564,534,30.0,0.0134,0.3052,PASS,2025|late_season|2025-08-31|descending|66,2025,late_season,2025-08-31,2025-08-31,05.11,32TMQ,S2B,10000.0,-1000.0
S2B_MSIL2A_20250831T102559_N0511_R108_T32TMQ_20250831T143825,SCL_20m,s3://eodata/Sentinel-2/MSI/L2A/2025/08/31/S2B_MSIL2A_20250831T102559_N0511_R108_T32TMQ_20250831T143825.SAFE/GRANULE/L2A_T32TMQ_A044321_20250831T103243/IMG_DATA/R20m/T32TMQ_20250831T102559_SCL_20m.jp2,1,EPSG:32632,5490,5490,JP2OpenJPEG,uint8,,0,564,564,534,,,,PASS,2025|late_season|2025-08-31|descending|66,2025,late_season,2025-08-31,2025-08-31,05.11,32TMQ,S2B,,
S2B_MSIL2A_20250831T102559_N0511_R108_T32TMR_20250831T143825,B02_20m,s3://eodata/Sentinel-2/MSI/L2A/2025/08/31/S2B_MSIL2A_20250831T102559_N0511_R108_T32TMR_20250831T143825.SAFE/GRANULE/L2A_T32TMR_A044321_20250831T103243/IMG_DATA/R20m/T32TMR_20250831T102559_B02_20m.jp2,1,EPSG:32632,5490,5490,JP2OpenJPEG,uint16,,0,3585,3585,1800,1785.0,-0.042,0.5295,PASS,2025|late_season|2025-08-31|descending|66,2025,late_season,2025-08-31,2025-08-31,05.11,32TMR,S2B,10000.0,-1000.0
S2B_MSIL2A_20250831T102559_N0511_R108_T32TMR_20250831T143825,B03_20m,s3://eodata/Sentinel-2/MSI/L2A/2025/08/31/S2B_MSIL2A_20250831T102559_N0511_R108_T32TMR_20250831T143825.SAFE/GRANULE/L2A_T32TMR_A044321_20250831T103243/IMG_DATA/R20m/T32TMR_20250831T102559_B03_20m.jp2,1,EPSG:32632,5490,5490,JP2OpenJPEG,uint16,,0,3585,3585,1800,1785.0,0.0179,0.5786,PASS,2025|late_season|2025-08-31|descending|66,2025,late_season,2025-08-31,2025-08-31,05.11,32TMR,S2B,10000.0,-1000.0
S2B_MSIL2A_20250831T102559_N0511_R108_T32TMR_20250831T143825,B04_20m,s3://eodata/Sentinel-2/MSI/L2A/2025/08/31/S2B_MSIL2A_20250831T102559_N0511_R108_T32TMR_20250831T143825.SAFE/GRANULE/L2A_T32TMR_A044321_20250831T103243/IMG_DATA/R20m/T32TMR_20250831T102559_B04_20m.jp2,1,EPSG:32632,5490,5490,JP2OpenJPEG,uint16,,0,3585,3585,1800,1785.0,0.0071,0.6028,PASS,2025|late_season|2025-08-31|descending|66,2025,late_season,2025-08-31,2025-08-31,05.11,32TMR,S2B,10000.0,-1000.0
S2B_MSIL2A_20250831T102559_N0511_R108_T32TMR_20250831T143825,B8A_20m,s3://eodata/Sentinel-2/MSI/L2A/2025/08/31/S2B_MSIL2A_20250831T102559_N0511_R108_T32TMR_20250831T143825.SAFE/GRANULE/L2A_T32TMR_A044321_20250831T103243/IMG_DATA/R20m/T32TMR_20250831T102559_B8A_20m.jp2,1,EPSG:32632,5490,5490,JP2OpenJPEG,uint16,,0,3585,3585,1800,1785.0,-0.0026,0.5891,PASS,2025|late_season|2025-08-31|descending|66,2025,late_season,2025-08-31,2025-08-31,05.11,32TMR,S2B,10000.0,-1000.0
S2B_MSIL2A_20250831T102559_N0511_R108_T32TMR_20250831T143825,B11_20m,s3://eodata/Sentinel-2/MSI/L2A/2025/08/31/S2B_MSIL2A_20250831T102559_N0511_R108_T32TMR_20250831T143825.SAFE/GRANULE/L2A_T32TMR_A044321_20250831T103243/IMG_DATA/R20m/T32TMR_20250831T102559_B11_20m.jp2,1,EPSG:32632,5490,5490,JP2OpenJPEG,uint16,,0,3585,3585,1800,1785.0,0.0112,0.4322,PASS,2025|late_season|2025-08-31|descending|66,2025,late_season,2025-08-31,2025-08-31,05.11,32TMR,S2B,10000.0,-1000.0
S2B_MSIL2A_20250831T102559_N0511_R108_T32TMR_20250831T143825,B12_20m,s3://eodata/Sentinel-2/MSI/L2A/2025/08/31/S2B_MSIL2A_20250831T102559_N0511_R108_T32TMR_20250831T143825.SAFE/GRANULE/L2A_T32TMR_A044321_20250831T103243/IMG_DATA/R20m/T32TMR_20250831T102559_B12_20m.jp2,1,EPSG:32632,5490,5490,JP2OpenJPEG,uint16,,0,3585,3585,1800,1785.0,0.0073,0.4265,PASS,2025|late_season|2025-08-31|descending|66,2025,late_season,2025-08-31,2025-08-31,05.11,32TMR,S2B,10000.0,-1000.0
S2B_MSIL2A_20250831T102559_N0511_R108_T32TMR_20250831T143825,SCL_20m,s3://eodata/Sentinel-2/MSI/L2A/2025/08/31/S2B_MSIL2A_20250831T102559_N0511_R108_T32TMR_20250831T143825.SAFE/GRANULE/L2A_T32TMR_A044321_20250831T103243/IMG_DATA/R20m/T32TMR_20250831T102559_SCL_20m.jp2,1,EPSG:32632,5490,5490,JP2OpenJPEG,uint8,,0,3585,3585,1800,,,,PASS,2025|late_season|2025-08-31|descending|66,2025,late_season,2025-08-31,2025-08-31,05.11,32TMR,S2B,,
