coord_key,s1_point_index,point_id,lon,lat,support_id,numeric_id_equal
8.754266461|45.02499839,1904,ricept_1904,8.7542664606647,45.02499838977754,0,False
8.766056719|45.02499839,1905,ricept_1905,8.766056718524183,45.02499838977754,1,False
8.777846976|45.02499839,1906,ricept_1906,8.777846976383664,45.02499838977754,2,False
8.672997285|45.033331723,1907,ricept_1907,8.672997284875432,45.03333172281285,3,False
8.684789259|45.033331723,1908,ricept_1908,8.684789259429989,45.03333172281285,4,False
8.720165183|45.033331723,1909,ricept_1909,8.720165183093652,45.03333172281285,5,False
8.731957158|45.033331723,1910,ricept_1910,8.731957157648209,45.03333172281285,6,False
8.743749132|45.033331723,1911,ricept_1911,8.743749132202765,45.03333172281285,7,False
8.755541107|45.033331723,1912,ricept_1912,8.75554110675732,45.03333172281285,8,False
8.767333081|45.033331723,1913,ricept_1913,8.767333081311875,45.03333172281285,9,False
8.779125056|45.033331723,1914,ricept_1914,8.77912505586643,45.03333172281285,10,False
8.79091703|45.033331723,1915,ricept_1915,8.790917030420985,45.03333172281285,11,False
8.650673081|45.041665056,1916,ricept_1916,8.650673081364525,45.04166505584815,12,False
8.662466773|45.041665056,1917,ricept_1917,8.66246677336366,45.04166505584815,13,False
8.674260465|45.041665056,1918,ricept_1918,8.674260465362792,45.04166505584815,14,False
8.686054157|45.041665056,1919,ricept_1919,8.686054157361927,45.04166505584815,15,False
8.697847849|45.041665056,1920,ricept_1920,8.697847849361061,45.04166505584815,16,False
8.709641541|45.041665056,1921,ricept_1921,8.709641541360192,45.04166505584815,17,False
8.721435233|45.041665056,1922,ricept_1922,8.721435233359326,45.04166505584815,18,False
8.733228925|45.041665056,1923,ricept_1923,8.73322892535846,45.04166505584815,19,False
8.745022617|45.041665056,1924,ricept_1924,8.745022617357595,45.04166505584815,20,False
8.756816309|45.041665056,1925,ricept_1925,8.75681630935673,45.04166505584815,21,False
8.768610001|45.041665056,1926,ricept_1926,8.768610001355862,45.04166505584815,22,False
8.780403693|45.041665056,1927,ricept_1927,8.780403693354994,45.04166505584815,23,False
8.792197385|45.041665056,5575,ricept_5575,8.792197385354129,45.04166505584815,24,False
8.803991077|45.041665056,1928,ricept_1928,8.803991077353261,45.04166505584815,25,False
8.510388455|45.049998389,35005,ricept_35005,8.51038845469414,45.049998388883466,26,False
8.522183865|45.049998389,5423,ricept_5423,8.522183864887756,45.049998388883466,27,False
8.533979275|45.049998389,5424,ricept_5424,8.533979275081373,45.049998388883466,28,False
8.545774685|45.049998389,1801,ricept_1801,8.54577468527499,45.049998388883466,29,False
8.557570095|45.049998389,35009,ricept_35009,8.557570095468606,45.049998388883466,30,False
8.569365506|45.049998389,5426,ricept_5426,8.569365505662223,45.049998388883466,31,False
8.651933377|45.049998389,1929,ricept_1929,8.651933377017535,45.049998388883466,32,False
8.663728787|45.049998389,1930,ricept_1930,8.663728787211152,45.049998388883466,33,False
8.675524197|45.049998389,1931,ricept_1931,8.67552419740477,45.049998388883466,34,False
8.687319608|45.049998389,5580,ricept_5580,8.687319607598385,45.049998388883466,35,False
8.699115018|45.049998389,1932,ricept_1932,8.699115017792003,45.049998388883466,36,False
8.710910428|45.049998389,1933,ricept_1933,8.710910427985617,45.049998388883466,37,False
8.722705838|45.049998389,1934,ricept_1934,8.722705838179234,45.049998388883466,38,False
8.734501248|45.049998389,1935,ricept_1935,8.73450124837285,45.049998388883466,39,False
8.746296659|45.049998389,1936,ricept_1936,8.746296658566466,45.049998388883466,40,False
8.758092069|45.049998389,1937,ricept_1937,8.758092068760083,45.049998388883466,41,False
8.769887479|45.049998389,1938,ricept_1938,8.769887478953699,45.049998388883466,42,False
8.781682889|45.049998389,1939,ricept_1939,8.781682889147316,45.049998388883466,43,False
8.793478299|45.049998389,5589,ricept_5589,8.793478299340931,45.049998388883466,44,False
8.81706912|45.049998389,1940,ricept_1940,8.817069119728165,45.049998388883466,45,False
8.82886453|45.049998389,1941,ricept_1941,8.82886452992178,45.049998388883466,46,False
8.84065994|45.049998389,5592,ricept_5592,8.840659940115398,45.049998388883466,47,False
8.911432401|45.049998389,1942,ricept_1942,8.911432401277093,45.049998388883466,48,False
8.476237286|45.058331722,5427,ricept_5427,8.476237285943077,45.058331721918776,49,False
8.511628673|45.058331722,42559,ricept_42559,8.511628673358286,45.058331721918776,50,False
8.523425802|45.058331722,35010,ricept_35010,8.523425802496691,45.058331721918776,51,False
8.535222932|45.058331722,1802,ricept_1802,8.535222931635094,45.058331721918776,52,False
8.547020061|45.058331722,1803,ricept_1803,8.547020060773498,45.058331721918776,53,False
8.55881719|45.058331722,5430,ricept_5430,8.558817189911903,45.058331721918776,54,False
8.570614319|45.058331722,5431,ricept_5431,8.570614319050305,45.058331721918776,55,False
8.582411448|45.058331722,1804,ricept_1804,8.58241144818871,45.058331721918776,56,False
8.617802836|45.058331722,1805,ricept_1805,8.617802835603921,45.058331721918776,57,False
8.653194223|45.058331722,5594,ricept_5594,8.653194223019131,45.058331721918776,58,False
8.664991352|45.058331722,1943,ricept_1943,8.664991352157536,45.058331721918776,59,False
8.676788481|45.058331722,1944,ricept_1944,8.676788481295938,45.058331721918776,60,False
8.68858561|45.058331722,1945,ricept_1945,8.688585610434343,45.058331721918776,61,False
8.70038274|45.058331722,1946,ricept_1946,8.700382739572747,45.058331721918776,62,False
8.712179869|45.058331722,5599,ricept_5599,8.71217986871115,45.058331721918776,63,False
8.723976998|45.058331722,1947,ricept_1947,8.723976997849554,45.058331721918776,64,False
8.735774127|45.058331722,1948,ricept_1948,8.735774126987957,45.058331721918776,65,False
8.747571256|45.058331722,1949,ricept_1949,8.747571256126362,45.058331721918776,66,False
8.759368385|45.058331722,1950,ricept_1950,8.759368385264766,45.058331721918776,67,False
8.771165514|45.058331722,1951,ricept_1951,8.771165514403169,45.058331721918776,68,False
8.782962644|45.058331722,5605,ricept_5605,8.782962643541573,45.058331721918776,69,False
8.794759773|45.058331722,5606,ricept_5606,8.794759772679974,45.058331721918776,70,False
8.806556902|45.058331722,13147,ricept_13147,8.806556901818379,45.058331721918776,71,False
8.818354031|45.058331722,1952,ricept_1952,8.818354030956785,45.058331721918776,72,False
8.83015116|45.058331722,5608,ricept_5608,8.830151160095188,45.058331721918776,73,False
8.841948289|45.058331722,1953,ricept_1953,8.84194828923359,45.058331721918776,74,False
8.853745418|45.058331722,1954,ricept_1954,8.853745418371995,45.058331721918776,75,False
8.865542548|45.058331722,1955,ricept_1955,8.865542547510397,45.058331721918776,76,False
8.912731064|45.058331722,1956,ricept_1956,8.912731064064014,45.058331721918776,77,False
8.924528193|45.058331722,1957,ricept_1957,8.924528193202418,45.058331721918776,78,False
8.477472887|45.066665055,5432,ricept_5432,8.477472887154855,45.06666505495409,79,False
8.489271736|45.066665055,5433,ricept_5433,8.489271735988753,45.06666505495409,80,False
8.501070585|45.066665055,35015,ricept_35015,8.50107058482265,45.06666505495409,81,False
8.512869434|45.066665055,16969,ricept_16969,8.512869433656546,45.06666505495409,82,False
8.524668282|45.066665055,1806,ricept_1806,8.524668282490442,45.06666505495409,83,False
8.536467131|45.066665055,1807,ricept_1807,8.536467131324338,45.06666505495409,84,False
8.54826598|45.066665055,1808,ricept_1808,8.548265980158236,45.06666505495409,85,False
8.560064829|45.066665055,1809,ricept_1809,8.560064828992134,45.06666505495409,86,False
8.571863678|45.066665055,5438,ricept_5438,8.571863677826029,45.06666505495409,87,False
8.583662527|45.066665055,5439,ricept_5439,8.583662526659927,45.06666505495409,88,False
8.595461375|45.066665055,1810,ricept_1810,8.595461375493825,45.06666505495409,89,False
8.607260224|45.066665055,5440,ricept_5440,8.607260224327721,45.06666505495409,90,False
8.642656771|45.066665055,68525,ricept_68525,8.642656770829412,45.06666505495409,91,False
8.666254468|45.066665055,1958,ricept_1958,8.666254468497204,45.06666505495409,92,False
8.678053317|45.066665055,1959,ricept_1959,8.6780533173311,45.06666505495409,93,False
8.689852166|45.066665055,1960,ricept_1960,8.689852166164998,45.06666505495409,94,False
8.701651015|45.066665055,5616,ricept_5616,8.701651014998896,45.06666505495409,95,False
8.713449864|45.066665055,5617,ricept_5617,8.71344986383279,45.06666505495409,96,False
8.725248713|45.066665055,5618,ricept_5618,8.725248712666687,45.06666505495409,97,False
8.737047562|45.066665055,5619,ricept_5619,8.737047561500585,45.06666505495409,98,False
8.74884641|45.066665055,5620,ricept_5620,8.748846410334483,45.06666505495409,99,False
8.760645259|45.066665055,1961,ricept_1961,8.76064525916838,45.06666505495409,100,False
8.772444108|45.066665055,1962,ricept_1962,8.772444108002276,45.06666505495409,101,False
8.784242957|45.066665055,1963,ricept_1963,8.784242956836172,45.06666505495409,102,False
8.796041806|45.066665055,1964,ricept_1964,8.796041805670068,45.06666505495409,103,False
8.807840655|45.066665055,1965,ricept_1965,8.807840654503966,45.06666505495409,104,False
8.819639503|45.066665055,1966,ricept_1966,8.819639503337863,45.06666505495409,105,False
8.831438352|45.066665055,5626,ricept_5626,8.831438352171759,45.06666505495409,106,False
8.843237201|45.066665055,5627,ricept_5627,8.843237201005657,45.06666505495409,107,False
8.85503605|45.066665055,1967,ricept_1967,8.855036049839553,45.06666505495409,108,False
8.866834899|45.066665055,1968,ricept_1968,8.86683489867345,45.06666505495409,109,False
8.878633748|45.066665055,1969,ricept_1969,8.878633747507346,45.06666505495409,110,False
8.890432596|45.066665055,5631,ricept_5631,8.890432596341245,45.06666505495409,111,False
8.902231445|45.066665055,1970,ricept_1970,8.902231445175142,45.06666505495409,112,False
8.478709028|45.074998388,1811,ricept_1811,8.47870902803683,45.07499838798939,113,False
8.490509597|45.074998388,1812,ricept_1812,8.49050959731733,45.07499838798939,114,False
8.502310167|45.074998388,1813,ricept_1813,8.502310166597823,45.07499838798939,115,False
8.514110736|45.074998388,1814,ricept_1814,8.514110735878319,45.07499838798939,116,False
8.525911305|45.074998388,1815,ricept_1815,8.525911305158816,45.07499838798939,117,False
8.537711874|45.074998388,1816,ricept_1816,8.537711874439314,45.07499838798939,118,False
8.549512444|45.074998388,1817,ricept_1817,8.549512443719811,45.07499838798939,119,False
8.561313013|45.074998388,1818,ricept_1818,8.561313013000307,45.07499838798939,120,False
8.573113582|45.074998388,5449,ricept_5449,8.573113582280804,45.07499838798939,121,False
8.584914152|45.074998388,1819,ricept_1819,8.5849141515613,45.07499838798939,122,False
8.596714721|45.074998388,5451,ricept_5451,8.596714720841796,45.07499838798939,123,False
8.60851529|45.074998388,5452,ricept_5452,8.608515290122293,45.07499838798939,124,False
8.655717567|45.074998388,1971,ricept_1971,8.655717567244281,45.07499838798939,125,False
8.667518137|45.074998388,1972,ricept_1972,8.667518136524777,45.07499838798939,126,False
8.679318706|45.074998388,1973,ricept_1973,8.679318705805272,45.07499838798939,127,False
8.691119275|45.074998388,1974,ricept_1974,8.691119275085772,45.07499838798939,128,False
8.702919844|45.074998388,1975,ricept_1975,8.702919844366267,45.07499838798939,129,False
8.714720414|45.074998388,1976,ricept_1976,8.714720413646763,45.07499838798939,130,False
8.726520983|45.074998388,1977,ricept_1977,8.726520982927259,45.07499838798939,131,False
8.738321552|45.074998388,1978,ricept_1978,8.738321552207756,45.07499838798939,132,False
8.750122121|45.074998388,1979,ricept_1979,8.750122121488253,45.07499838798939,133,False
8.761922691|45.074998388,1980,ricept_1980,8.761922690768749,45.07499838798939,134,False
8.77372326|45.074998388,1981,ricept_1981,8.773723260049247,45.07499838798939,135,False
8.785523829|45.074998388,1982,ricept_1982,8.785523829329742,45.07499838798939,136,False
8.797324399|45.074998388,1983,ricept_1983,8.79732439861024,45.07499838798939,137,False
8.809124968|45.074998388,1984,ricept_1984,8.809124967890735,45.07499838798939,138,False
8.820925537|45.074998388,1985,ricept_1985,8.820925537171233,45.07499838798939,139,False
8.832726106|45.074998388,5646,ricept_5646,8.83272610645173,45.07499838798939,140,False
8.844526676|45.074998388,5647,ricept_5647,8.844526675732226,45.07499838798939,141,False
8.856327245|45.074998388,1986,ricept_1986,8.856327245012723,45.07499838798939,142,False
8.868127814|45.074998388,1987,ricept_1987,8.868127814293217,45.07499838798939,143,False
8.879928384|45.074998388,5650,ricept_5650,8.879928383573716,45.07499838798939,144,False
8.891728953|45.074998388,5651,ricept_5651,8.891728952854212,45.07499838798939,145,False
8.903529522|45.074998388,1988,ricept_1988,8.90352952213471,45.07499838798939,146,False
8.915330091|45.074998388,1989,ricept_1989,8.915330091415207,45.07499838798939,147,False
8.927130661|45.074998388,5654,ricept_5654,8.927130660695703,45.07499838798939,148,False
8.93893123|45.074998388,5655,ricept_5655,8.938931229976198,45.07499838798939,149,False
9.009734646|45.074998388,1990,ricept_1990,9.009734645659178,45.07499838798939,150,False
8.479945709|45.083331721,1820,ricept_1820,8.479945708877427,45.08333172102471,151,False
8.491747999|45.083331721,1821,ricept_1821,8.491747999356033,45.08333172102471,152,False
8.50355029|45.083331721,1822,ricept_1822,8.503550289834635,45.08333172102471,153,False
8.51535258|45.083331721,1823,ricept_1823,8.515352580313241,45.08333172102471,154,False
8.527154871|45.083331721,1824,ricept_1824,8.527154870791845,45.08333172102471,155,False
8.538957161|45.083331721,1825,ricept_1825,8.53895716127045,45.08333172102471,156,False
8.550759452|45.083331721,1826,ricept_1826,8.550759451749055,45.08333172102471,157,False
8.562561742|45.083331721,1827,ricept_1827,8.562561742227661,45.08333172102471,158,False
8.574364033|45.083331721,1828,ricept_1828,8.574364032706264,45.08333172102471,159,False
8.586166323|45.083331721,1829,ricept_1829,8.586166323184868,45.08333172102471,160,False
8.597968614|45.083331721,1830,ricept_1830,8.597968613663472,45.08333172102471,161,False
8.656980066|45.083331721,1991,ricept_1991,8.656980066056496,45.08333172102471,162,False
8.668782357|45.083331721,1992,ricept_1992,8.668782356535102,45.08333172102471,163,False
8.680584647|45.083331721,1993,ricept_1993,8.680584647013704,45.08333172102471,164,False
8.692386937|45.083331721,1994,ricept_1994,8.69238693749231,45.08333172102471,165,False
8.704189228|45.083331721,1995,ricept_1995,8.704189227970916,45.08333172102471,166,False
8.715991518|45.083331721,1996,ricept_1996,8.715991518449519,45.08333172102471,167,False
8.727793809|45.083331721,1997,ricept_1997,8.727793808928125,45.08333172102471,168,False
8.739596099|45.083331721,1998,ricept_1998,8.739596099406729,45.08333172102471,169,False
8.75139839|45.083331721,1999,ricept_1999,8.751398389885335,45.08333172102471,170,False
8.76320068|45.083331721,2000,ricept_2000,8.763200680363939,45.08333172102471,171,False
8.775002971|45.083331721,2001,ricept_2001,8.775002970842543,45.08333172102471,172,False
8.786805261|45.083331721,2002,ricept_2002,8.786805261321145,45.08333172102471,173,False
8.798607552|45.083331721,2003,ricept_2003,8.798607551799751,45.08333172102471,174,False
8.810409842|45.083331721,2004,ricept_2004,8.810409842278355,45.08333172102471,175,False
8.822212133|45.083331721,2005,ricept_2005,8.822212132756961,45.08333172102471,176,False
8.834014423|45.083331721,2006,ricept_2006,8.834014423235567,45.08333172102471,177,False
8.845816714|45.083331721,9505,ricept_9505,8.845816713714171,45.08333172102471,178,False
8.857619004|45.083331721,2007,ricept_2007,8.857619004192776,45.08333172102471,179,False
8.869421295|45.083331721,2008,ricept_2008,8.869421294671378,45.08333172102471,180,False
8.893025876|45.083331721,2009,ricept_2009,8.89302587562859,45.08333172102471,181,False
8.904828166|45.083331721,2010,ricept_2010,8.904828166107194,45.08333172102471,182,False
8.916630457|45.083331721,2011,ricept_2011,8.916630456585798,45.08333172102471,183,False
8.952037328|45.083331721,2012,ricept_2012,8.952037328021612,45.08333172102471,184,False
8.457574905|45.091665054,13004,ricept_13004,8.457574905108036,45.091665054060016,185,False
8.469378918|45.091665054,5464,ricept_5464,8.469378917536657,45.091665054060016,186,False
8.48118293|45.091665054,1831,ricept_1831,8.48118292996528,45.091665054060016,187,False
8.492986942|45.091665054,1832,ricept_1832,8.492986942393905,45.091665054060016,188,False
8.504790955|45.091665054,1833,ricept_1833,8.504790954822527,45.091665054060016,189,False
8.516594967|45.091665054,1834,ricept_1834,8.516594967251148,45.091665054060016,190,False
8.52839898|45.091665054,1835,ricept_1835,8.528398979679771,45.091665054060016,191,False
8.540202992|45.091665054,1836,ricept_1836,8.540202992108393,45.091665054060016,192,False
8.552007005|45.091665054,1837,ricept_1837,8.552007004537016,45.091665054060016,193,False
8.563811017|45.091665054,1838,ricept_1838,8.563811016965639,45.091665054060016,194,False
8.575615029|45.091665054,1839,ricept_1839,8.575615029394262,45.091665054060016,195,False
8.587419042|45.091665054,1840,ricept_1840,8.587419041822884,45.091665054060016,196,False
8.599223054|45.091665054,1841,ricept_1841,8.599223054251507,45.091665054060016,197,False
8.646439104|45.091665054,2013,ricept_2013,8.646439103965994,45.091665054060016,198,False
8.658243116|45.091665054,2014,ricept_2014,8.658243116394619,45.091665054060016,199,False
8.670047129|45.091665054,2015,ricept_2015,8.67004712882324,45.091665054060016,200,False
8.681851141|45.091665054,2016,ricept_2016,8.681851141251864,45.091665054060016,201,False
8.693655154|45.091665054,2017,ricept_2017,8.693655153680487,45.091665054060016,202,False
8.705459166|45.091665054,2018,ricept_2018,8.70545916610911,45.091665054060016,203,False
8.717263179|45.091665054,2019,ricept_2019,8.71726317853773,45.091665054060016,204,False
8.740871203|45.091665054,2020,ricept_2020,8.740871203394976,45.091665054060016,205,False
8.752675216|45.091665054,2021,ricept_2021,8.7526752158236,45.091665054060016,206,False
8.764479228|45.091665054,2022,ricept_2022,8.764479228252222,45.091665054060016,207,False
8.776283241|45.091665054,2023,ricept_2023,8.776283240680845,45.091665054060016,208,False
8.788087253|45.091665054,2024,ricept_2024,8.788087253109465,45.091665054060016,209,False
8.799891266|45.091665054,2025,ricept_2025,8.799891265538088,45.091665054060016,210,False
8.811695278|45.091665054,2026,ricept_2026,8.81169527796671,45.091665054060016,211,False
8.82349929|45.091665054,2027,ricept_2027,8.823499290395333,45.091665054060016,212,False
8.835303303|45.091665054,2028,ricept_2028,8.835303302823958,45.091665054060016,213,False
8.847107315|45.091665054,2029,ricept_2029,8.847107315252579,45.091665054060016,214,False
8.858911328|45.091665054,2030,ricept_2030,8.858911327681202,45.091665054060016,215,False
8.882519353|45.091665054,2031,ricept_2031,8.882519352538445,45.091665054060016,216,False
8.894323365|45.091665054,5697,ricept_5697,8.894323364967068,45.091665054060016,217,False
8.906127377|45.091665054,5698,ricept_5698,8.906127377395691,45.091665054060016,218,False
8.91793139|45.091665054,2032,ricept_2032,8.917931389824314,45.091665054060016,219,False
8.941539415|45.091665054,2033,ricept_2033,8.941539414681559,45.091665054060016,220,False
8.953343427|45.091665054,2034,ricept_2034,8.953343427110182,45.091665054060016,221,False
8.96514744|45.091665054,2035,ricept_2035,8.965147439538804,45.091665054060016,222,False
8.976951452|45.091665054,2036,ricept_2036,8.976951451967427,45.091665054060016,223,False
8.988755464|45.091665054,2037,ricept_2037,8.988755464396048,45.091665054060016,224,False
9.000559477|45.091665054,2038,ricept_2038,9.000559476824673,45.091665054060016,225,False
9.012363489|45.091665054,2039,ricept_2039,9.012363489253293,45.091665054060016,226,False
9.024167502|45.091665054,2040,ricept_2040,9.024167501681918,45.091665054060016,227,False
8.458809221|45.099998387,13017,ricept_13017,8.458809221327341,45.099998387095326,228,False
8.470614956|45.099998387,5476,ricept_5476,8.470614956458295,45.099998387095326,229,False
8.482420692|45.099998387,5477,ricept_5477,8.482420691589247,45.099998387095326,230,False
8.494226427|45.099998387,1842,ricept_1842,8.4942264267202,45.099998387095326,231,False
8.506032162|45.099998387,1843,ricept_1843,8.50603216185115,45.099998387095326,232,False
8.517837897|45.099998387,1844,ricept_1844,8.517837896982105,45.099998387095326,233,False
8.529643632|45.099998387,1845,ricept_1845,8.529643632113057,45.099998387095326,234,False
8.541449367|45.099998387,1846,ricept_1846,8.541449367244008,45.099998387095326,235,False
8.553255102|45.099998387,1847,ricept_1847,8.55325510237496,45.099998387095326,236,False
8.565060838|45.099998387,1848,ricept_1848,8.565060837505914,45.099998387095326,237,False
8.576866573|45.099998387,5485,ricept_5485,8.576866572636867,45.099998387095326,238,False
8.588672308|45.099998387,5486,ricept_5486,8.588672307767817,45.099998387095326,239,False
8.635895248|45.099998387,2041,ricept_2041,8.635895248291627,45.099998387095326,240,False
8.647700983|45.099998387,2042,ricept_2042,8.64770098342258,45.099998387095326,241,False
8.659506719|45.099998387,2043,ricept_2043,8.659506718553532,45.099998387095326,242,False
8.671312454|45.099998387,2044,ricept_2044,8.671312453684482,45.099998387095326,243,False
8.683118189|45.099998387,2045,ricept_2045,8.683118188815437,45.099998387095326,244,False
8.694923924|45.099998387,2046,ricept_2046,8.694923923946389,45.099998387095326,245,False
8.706729659|45.099998387,5714,ricept_5714,8.706729659077343,45.099998387095326,246,False
8.718535394|45.099998387,5715,ricept_5715,8.718535394208292,45.099998387095326,247,False
8.7539526|45.099998387,2047,ricept_2047,8.753952599601151,45.099998387095326,248,False
8.765758335|45.099998387,2048,ricept_2048,8.765758334732103,45.099998387095326,249,False
8.77756407|45.099998387,2049,ricept_2049,8.777564069863056,45.099998387095326,250,False
8.789369805|45.099998387,2050,ricept_2050,8.789369804994008,45.099998387095326,251,False
8.80117554|45.099998387,2051,ricept_2051,8.801175540124959,45.099998387095326,252,False
8.812981275|45.099998387,2052,ricept_2052,8.812981275255911,45.099998387095326,253,False
8.82478701|45.099998387,5722,ricept_5722,8.824787010386865,45.099998387095326,254,False
8.836592746|45.099998387,2053,ricept_2053,8.836592745517818,45.099998387095326,255,False
8.848398481|45.099998387,2054,ricept_2054,8.848398480648768,45.099998387095326,256,False
8.860204216|45.099998387,2055,ricept_2055,8.860204215779723,45.099998387095326,257,False
8.919232891|45.099998387,5726,ricept_5726,8.919232891434485,45.099998387095326,258,False
8.931038627|45.099998387,5727,ricept_5727,8.931038626565435,45.099998387095326,259,False
8.942844362|45.099998387,2056,ricept_2056,8.942844361696386,45.099998387095326,260,False
8.954650097|45.099998387,5729,ricept_5729,8.95465009682734,45.099998387095326,261,False
8.966455832|45.099998387,2057,ricept_2057,8.966455831958294,45.099998387095326,262,False
8.978261567|45.099998387,2058,ricept_2058,8.978261567089245,45.099998387095326,263,False
8.990067302|45.099998387,5732,ricept_5732,8.990067302220197,45.099998387095326,264,False
9.001873037|45.099998387,2059,ricept_2059,9.001873037351151,45.099998387095326,265,False
9.013678772|45.099998387,2060,ricept_2060,9.013678772482102,45.099998387095326,266,False
9.025484508|45.099998387,2061,ricept_2061,9.025484507613054,45.099998387095326,267,False
9.037290243|45.099998387,2062,ricept_2062,9.037290242744008,45.099998387095326,268,False
9.049095978|45.099998387,2063,ricept_2063,9.04909597787496,45.099998387095326,269,False
9.084513183|45.099998387,2064,ricept_2064,9.084513183267816,45.099998387095326,270,False
9.143541859|45.099998387,2065,ricept_2065,9.143541858922577,45.099998387095326,271,False
9.403268032|45.099998387,3162,ricept_3162,9.403268031803528,45.099998387095326,272,False
9.415073767|45.099998387,3163,ricept_3163,9.415073766934482,45.099998387095326,273,False
9.426879502|45.099998387,3164,ricept_3164,9.426879502065434,45.099998387095326,274,False
9.521325383|45.099998387,3165,ricept_3165,9.521325383113052,45.099998387095326,275,False
9.533131118|45.099998387,14590,ricept_14590,9.533131118244004,45.099998387095326,276,False
8.471851535|45.10833172,5487,ricept_5487,8.471851535452402,45.10833172013063,277,False
8.483658994|45.10833172,5488,ricept_5488,8.483658994038398,45.10833172013063,278,False
8.495466453|45.10833172,1849,ricept_1849,8.495466452624395,45.10833172013063,279,False
8.507273911|45.10833172,1850,ricept_1850,8.50727391121039,45.10833172013063,280,False
8.51908137|45.10833172,1851,ricept_1851,8.519081369796385,45.10833172013063,281,False
8.530888828|45.10833172,1852,ricept_1852,8.530888828382384,45.10833172013063,282,False
8.542696287|45.10833172,1853,ricept_1853,8.542696286968381,45.10833172013063,283,False
8.554503746|45.10833172,1854,ricept_1854,8.554503745554376,45.10833172013063,284,False
8.566311204|45.10833172,1855,ricept_1855,8.566311204140373,45.10833172013063,285,False
8.578118663|45.10833172,5496,ricept_5496,8.578118662726368,45.10833172013063,286,False
8.589926121|45.10833172,1856,ricept_1856,8.589926121312365,45.10833172013063,287,False
8.625348497|45.10833172,2066,ricept_2066,8.625348497070355,45.10833172013063,288,False
8.637155956|45.10833172,2067,ricept_2067,8.637155955656352,45.10833172013063,289,False
8.648963414|45.10833172,2068,ricept_2068,8.648963414242347,45.10833172013063,290,False
8.660770873|45.10833172,2069,ricept_2069,8.660770872828342,45.10833172013063,291,False
8.672578331|45.10833172,2070,ricept_2070,8.67257833141434,45.10833172013063,292,False
8.68438579|45.10833172,2071,ricept_2071,8.684385790000336,45.10833172013063,293,False
8.696193249|45.10833172,2072,ricept_2072,8.696193248586333,45.10833172013063,294,False
8.708000707|45.10833172,35297,ricept_35297,8.70800070717233,45.10833172013063,295,False
8.719808166|45.10833172,35298,ricept_35298,8.719808165758325,45.10833172013063,296,False
8.731615624|45.10833172,31721,ricept_31721,8.731615624344322,45.10833172013063,297,False
8.743423083|45.10833172,2073,ricept_2073,8.743423082930317,45.10833172013063,298,False
8.755230542|45.10833172,2074,ricept_2074,8.755230541516315,45.10833172013063,299,False
8.767038|45.10833172,2075,ricept_2075,8.76703800010231,45.10833172013063,300,False
8.778845459|45.10833172,2076,ricept_2076,8.778845458688307,45.10833172013063,301,False
8.790652917|45.10833172,2077,ricept_2077,8.790652917274304,45.10833172013063,302,False
8.802460376|45.10833172,2078,ricept_2078,8.8024603758603,45.10833172013063,303,False
8.814267834|45.10833172,5751,ricept_5751,8.814267834446296,45.10833172013063,304,False
8.826075293|45.10833172,5752,ricept_5752,8.826075293032293,45.10833172013063,305,False
8.837882752|45.10833172,2079,ricept_2079,8.83788275161829,45.10833172013063,306,False
8.84969021|45.10833172,2080,ricept_2080,8.849690210204285,45.10833172013063,307,False
8.861497669|45.10833172,2081,ricept_2081,8.861497668790282,45.10833172013063,308,False
8.873305127|45.10833172,2082,ricept_2082,8.873305127376279,45.10833172013063,309,False
8.885112586|45.10833172,2083,ricept_2083,8.885112585962274,45.10833172013063,310,False
8.896920045|45.10833172,2084,ricept_2084,8.896920044548272,45.10833172013063,311,False
8.920534962|45.10833172,2085,ricept_2085,8.920534961720264,45.10833172013063,312,False
8.93234242|45.10833172,2086,ricept_2086,8.93234242030626,45.10833172013063,313,False
8.944149879|45.10833172,2087,ricept_2087,8.944149878892256,45.10833172013063,314,False
8.955957337|45.10833172,2088,ricept_2088,8.955957337478253,45.10833172013063,315,False
8.967764796|45.10833172,5762,ricept_5762,8.96776479606425,45.10833172013063,316,False
8.979572255|45.10833172,2089,ricept_2089,8.979572254650247,45.10833172013063,317,False
8.991379713|45.10833172,2090,ricept_2090,8.991379713236242,45.10833172013063,318,False
9.003187172|45.10833172,2091,ricept_2091,9.00318717182224,45.10833172013063,319,False
9.01499463|45.10833172,2092,ricept_2092,9.014994630408234,45.10833172013063,320,False
9.026802089|45.10833172,2093,ricept_2093,9.02680208899423,45.10833172013063,321,False
9.038609548|45.10833172,5768,ricept_5768,9.038609547580227,45.10833172013063,322,False
9.050417006|45.10833172,2094,ricept_2094,9.050417006166224,45.10833172013063,323,False
9.062224465|45.10833172,2095,ricept_2095,9.06222446475222,45.10833172013063,324,False
9.074031923|45.10833172,57748,ricept_57748,9.074031923338218,45.10833172013063,325,False
9.085839382|45.10833172,2096,ricept_2096,9.085839381924211,45.10833172013063,326,False
9.133069216|45.10833172,2097,ricept_2097,9.1330692162682,45.10833172013063,327,False
9.310181095|45.10833172,3166,ricept_3166,9.310181095058145,45.10833172013063,328,False
9.381025847|45.10833172,3167,ricept_3167,9.381025846574122,45.10833172013063,329,False
9.392833305|45.10833172,3168,ricept_3168,9.39283330516012,45.10833172013063,330,False
9.404640764|45.10833172,3169,ricept_3169,9.404640763746116,45.10833172013063,331,False
9.416448222|45.10833172,6980,ricept_6980,9.416448222332113,45.10833172013063,332,False
9.428255681|45.10833172,3170,ricept_3170,9.428255680918108,45.10833172013063,333,False
9.451870598|45.10833172,3171,ricept_3171,9.4518705980901,45.10833172013063,334,False
9.463678057|45.10833172,3172,ricept_3172,9.463678056676098,45.10833172013063,335,False
9.475485515|45.10833172,3173,ricept_3173,9.475485515262095,45.10833172013063,336,False
9.487292974|45.10833172,3174,ricept_3174,9.48729297384809,45.10833172013063,337,False
9.499100432|45.10833172,3175,ricept_3175,9.499100432434089,45.10833172013063,338,False
9.510907891|45.10833172,3176,ricept_3176,9.510907891020082,45.10833172013063,339,False
9.52271535|45.10833172,3177,ricept_3177,9.522715349606075,45.10833172013063,340,False
8.461279472|45.116665053,13038,ricept_13038,8.461279472013715,45.11666505316594,341,False
8.473088655|45.116665053,1857,ricept_1857,8.473088654807873,45.11666505316594,342,False
8.484897838|45.116665053,1858,ricept_1858,8.484897837602029,45.11666505316594,343,False
8.49670702|45.116665053,1859,ricept_1859,8.496707020396189,45.11666505316594,344,False
8.508516203|45.116665053,1860,ricept_1860,8.508516203190345,45.11666505316594,345,False
8.520325386|45.116665053,1861,ricept_1861,8.520325385984501,45.11666505316594,346,False
8.532134569|45.116665053,1862,ricept_1862,8.532134568778657,45.11666505316594,347,False
8.543943752|45.116665053,1863,ricept_1863,8.543943751572815,45.11666505316594,348,False
8.555752934|45.116665053,1864,ricept_1864,8.555752934366973,45.11666505316594,349,False
8.567562117|45.116665053,1865,ricept_1865,8.567562117161131,45.11666505316594,350,False
8.626608031|45.116665053,2098,ricept_2098,8.626608031131918,45.11666505316594,351,False
8.638417214|45.116665053,2099,ricept_2099,8.638417213926076,45.11666505316594,352,False
8.650226397|45.116665053,2100,ricept_2100,8.650226396720232,45.11666505316594,353,False
8.66203558|45.116665053,2101,ricept_2101,8.66203557951439,45.11666505316594,354,False
8.673844762|45.116665053,2102,ricept_2102,8.673844762308546,45.11666505316594,355,False
8.685653945|45.116665053,2103,ricept_2103,8.685653945102702,45.11666505316594,356,False
8.697463128|45.116665053,2104,ricept_2104,8.697463127896862,45.11666505316594,357,False
8.709272311|45.116665053,2105,ricept_2105,8.709272310691018,45.11666505316594,358,False
8.721081493|45.116665053,39078,ricept_39078,8.721081493485174,45.11666505316594,359,False
8.732890676|45.116665053,2106,ricept_2106,8.732890676279332,45.11666505316594,360,False
8.744699859|45.116665053,2107,ricept_2107,8.74469985907349,45.11666505316594,361,False
8.756509042|45.116665053,2108,ricept_2108,8.756509041867647,45.11666505316594,362,False
8.768318225|45.116665053,2109,ricept_2109,8.768318224661805,45.11666505316594,363,False
8.780127407|45.116665053,2110,ricept_2110,8.780127407455963,45.11666505316594,364,False
8.79193659|45.116665053,2111,ricept_2111,8.791936590250119,45.11666505316594,365,False
8.803745773|45.116665053,2112,ricept_2112,8.803745773044277,45.11666505316594,366,False
8.815554956|45.116665053,2113,ricept_2113,8.815554955838433,45.11666505316594,367,False
8.827364139|45.116665053,2114,ricept_2114,8.827364138632593,45.11666505316594,368,False
8.839173321|45.116665053,2115,ricept_2115,8.839173321426749,45.11666505316594,369,False
8.850982504|45.116665053,2116,ricept_2116,8.850982504220905,45.11666505316594,370,False
8.862791687|45.116665053,2117,ricept_2117,8.862791687015063,45.11666505316594,371,False
8.87460087|45.116665053,2118,ricept_2118,8.87460086980922,45.11666505316594,372,False
8.886410053|45.116665053,2119,ricept_2119,8.886410052603377,45.11666505316594,373,False
8.898219235|45.116665053,2120,ricept_2120,8.898219235397535,45.11666505316594,374,False
8.910028418|45.116665053,5791,ricept_5791,8.910028418191693,45.11666505316594,375,False
8.921837601|45.116665053,5792,ricept_5792,8.92183760098585,45.11666505316594,376,False
8.933646784|45.116665053,2121,ricept_2121,8.933646783780008,45.11666505316594,377,False
8.945455967|45.116665053,2122,ricept_2122,8.945455966574164,45.11666505316594,378,False
8.957265149|45.116665053,2123,ricept_2123,8.957265149368322,45.11666505316594,379,False
8.969074332|45.116665053,5796,ricept_5796,8.96907433216248,45.11666505316594,380,False
8.980883515|45.116665053,5797,ricept_5797,8.980883514956638,45.11666505316594,381,False
8.992692698|45.116665053,2124,ricept_2124,8.992692697750794,45.11666505316594,382,False
9.004501881|45.116665053,2125,ricept_2125,9.004501880544952,45.11666505316594,383,False
9.028120246|45.116665053,2126,ricept_2126,9.028120246133266,45.11666505316594,384,False
9.039929429|45.116665053,2127,ricept_2127,9.039929428927422,45.11666505316594,385,False
9.051738612|45.116665053,2128,ricept_2128,9.05173861172158,45.11666505316594,386,False
9.063547795|45.116665053,2129,ricept_2129,9.063547794515738,45.11666505316594,387,False
9.075356977|45.116665053,2130,ricept_2130,9.075356977309896,45.11666505316594,388,False
9.08716616|45.116665053,2131,ricept_2131,9.08716616010405,45.11666505316594,389,False
9.311540633|45.116665053,6982,ricept_6982,9.311540633193042,45.11666505316594,390,False
9.335158999|45.116665053,3178,ricept_3178,9.335158998781356,45.11666505316594,391,False
9.346968182|45.116665053,3179,ricept_3179,9.346968181575514,45.11666505316594,392,False
9.358777364|45.116665053,3180,ricept_3180,9.35877736436967,45.11666505316594,393,False
9.370586547|45.116665053,3181,ricept_3181,9.370586547163828,45.11666505316594,394,False
9.38239573|45.116665053,3182,ricept_3182,9.382395729957985,45.11666505316594,395,False
9.394204913|45.116665053,3183,ricept_3183,9.394204912752144,45.11666505316594,396,False
9.406014096|45.116665053,3184,ricept_3184,9.4060140955463,45.11666505316594,397,False
9.417823278|45.116665053,6986,ricept_6986,9.417823278340457,45.11666505316594,398,False
9.429632461|45.116665053,6987,ricept_6987,9.429632461134617,45.11666505316594,399,False
9.441441644|45.116665053,3185,ricept_3185,9.441441643928773,45.11666505316594,400,False
9.453250827|45.116665053,3186,ricept_3186,9.453250826722927,45.11666505316594,401,False
9.46506001|45.116665053,3187,ricept_3187,9.465060009517089,45.11666505316594,402,False
9.476869192|45.116665053,3188,ricept_3188,9.476869192311243,45.11666505316594,403,False
9.488678375|45.116665053,3189,ricept_3189,9.4886783751054,45.11666505316594,404,False
9.500487558|45.116665053,3190,ricept_3190,9.500487557899556,45.11666505316594,405,False
9.512296741|45.116665053,3191,ricept_3191,9.512296740693715,45.11666505316594,406,False
9.524105923|45.116665053,3192,ricept_3192,9.524105923487872,45.11666505316594,407,False
8.486137223|45.124998386,1866,ricept_1866,8.486137222569653,45.124998386201256,408,False
8.49794813|45.124998386,1867,ricept_1867,8.497948130325492,45.124998386201256,409,False
8.509759038|45.124998386,5509,ricept_5509,8.509759038081327,45.124998386201256,410,False
8.521569946|45.124998386,1868,ricept_1868,8.521569945837166,45.124998386201256,411,False
8.533380854|45.124998386,1869,ricept_1869,8.533380853593004,45.124998386201256,412,False
8.545191761|45.124998386,5512,ricept_5512,8.545191761348843,45.124998386201256,413,False
8.557002669|45.124998386,5513,ricept_5513,8.557002669104682,45.124998386201256,414,False
8.568813577|45.124998386,1870,ricept_1870,8.56881357686052,45.124998386201256,415,False
8.627868116|45.124998386,2132,ricept_2132,8.62786811563971,45.124998386201256,416,False
8.639679023|45.124998386,2133,ricept_2133,8.639679023395548,45.124998386201256,417,False
8.651489931|45.124998386,2134,ricept_2134,8.651489931151385,45.124998386201256,418,False
8.663300839|45.124998386,2135,ricept_2135,8.663300838907224,45.124998386201256,419,False
8.675111747|45.124998386,2136,ricept_2136,8.675111746663061,45.124998386201256,420,False
8.686922654|45.124998386,2137,ricept_2137,8.686922654418899,45.124998386201256,421,False
8.698733562|45.124998386,2138,ricept_2138,8.69873356217474,45.124998386201256,422,False
8.71054447|45.124998386,2139,ricept_2139,8.710544469930577,45.124998386201256,423,False
8.722355378|45.124998386,2140,ricept_2140,8.722355377686412,45.124998386201256,424,False
8.734166285|45.124998386,2141,ricept_2141,8.734166285442251,45.124998386201256,425,False
8.745977193|45.124998386,2142,ricept_2142,8.745977193198089,45.124998386201256,426,False
8.757788101|45.124998386,2143,ricept_2143,8.757788100953928,45.124998386201256,427,False
8.769599009|45.124998386,2144,ricept_2144,8.769599008709767,45.124998386201256,428,False
8.781409916|45.124998386,2145,ricept_2145,8.781409916465606,45.124998386201256,429,False
8.793220824|45.124998386,2146,ricept_2146,8.793220824221441,45.124998386201256,430,False
8.805031732|45.124998386,2147,ricept_2147,8.80503173197728,45.124998386201256,431,False
8.81684264|45.124998386,2148,ricept_2148,8.816842639733117,45.124998386201256,432,False
8.828653547|45.124998386,2149,ricept_2149,8.828653547488956,45.124998386201256,433,False
8.840464455|45.124998386,2150,ricept_2150,8.840464455244796,45.124998386201256,434,False
8.852275363|45.124998386,2151,ricept_2151,8.852275363000633,45.124998386201256,435,False
8.864086271|45.124998386,2152,ricept_2152,8.86408627075647,45.124998386201256,436,False
8.875897179|45.124998386,2153,ricept_2153,8.875897178512309,45.124998386201256,437,False
8.887708086|45.124998386,2154,ricept_2154,8.887708086268146,45.124998386201256,438,False
8.899518994|45.124998386,2155,ricept_2155,8.899518994023985,45.124998386201256,439,False
8.92314081|45.124998386,5828,ricept_5828,8.923140809535662,45.124998386201256,440,False
8.934951717|45.124998386,2156,ricept_2156,8.934951717291499,45.124998386201256,441,False
8.946762625|45.124998386,2157,ricept_2157,8.946762625047336,45.124998386201256,442,False
8.958573533|45.124998386,2158,ricept_2158,8.958573532803175,45.124998386201256,443,False
8.970384441|45.124998386,2159,ricept_2159,8.970384440559013,45.124998386201256,444,False
8.982195348|45.124998386,2160,ricept_2160,8.982195348314852,45.124998386201256,445,False
8.994006256|45.124998386,2161,ricept_2161,8.99400625607069,45.124998386201256,446,False
9.005817164|45.124998386,2162,ricept_2162,9.005817163826528,45.124998386201256,447,False
9.017628072|45.124998386,5835,ricept_5835,9.017628071582363,45.124998386201256,448,False
9.029438979|45.124998386,2163,ricept_2163,9.029438979338204,45.124998386201256,449,False
9.041249887|45.124998386,2164,ricept_2164,9.04124988709404,45.124998386201256,450,False
9.053060795|45.124998386,2165,ricept_2165,9.05306079484988,45.124998386201256,451,False
9.064871703|45.124998386,5839,ricept_5839,9.064871702605718,45.124998386201256,452,False
9.07668261|45.124998386,2166,ricept_2166,9.076682610361557,45.124998386201256,453,False
9.088493518|45.124998386,5841,ricept_5841,9.088493518117394,45.124998386201256,454,False
9.100304426|45.124998386,2167,ricept_2167,9.100304425873231,45.124998386201256,455,False
9.112115334|45.124998386,5843,ricept_5843,9.11211533362907,45.124998386201256,456,False
9.336522581|45.124998386,10696,ricept_10696,9.336522580989993,45.124998386201256,457,False
9.348333489|45.124998386,6992,ricept_6992,9.348333488745832,45.124998386201256,458,False
9.360144397|45.124998386,3193,ricept_3193,9.36014439650167,45.124998386201256,459,False
9.371955304|45.124998386,6994,ricept_6994,9.371955304257508,45.124998386201256,460,False
9.383766212|45.124998386,3194,ricept_3194,9.383766212013343,45.124998386201256,461,False
9.39557712|45.124998386,3195,ricept_3195,9.395577119769182,45.124998386201256,462,False
9.407388028|45.124998386,3196,ricept_3196,9.40738802752502,45.124998386201256,463,False
9.419198935|45.124998386,6998,ricept_6998,9.41919893528086,45.124998386201256,464,False
9.431009843|45.124998386,6999,ricept_6999,9.431009843036698,45.124998386201256,465,False
9.442820751|45.124998386,3197,ricept_3197,9.442820750792537,45.124998386201256,466,False
9.454631659|45.124998386,7001,ricept_7001,9.454631658548374,45.124998386201256,467,False
9.466442566|45.124998386,3198,ricept_3198,9.466442566304211,45.124998386201256,468,False
9.478253474|45.124998386,3199,ricept_3199,9.47825347406005,45.124998386201256,469,False
9.490064382|45.124998386,3200,ricept_3200,9.49006438181589,45.124998386201256,470,False
9.50187529|45.124998386,3201,ricept_3201,9.501875289571728,45.124998386201256,471,False
9.513686197|45.124998386,3202,ricept_3202,9.513686197327564,45.124998386201256,472,False
9.525497105|45.124998386,69700,ricept_69700,9.525497105083405,45.124998386201256,473,False
8.404688715|45.133331719,1871,ricept_1871,8.404688714930902,45.133331719236566,474,False
8.416501348|45.133331719,1872,ricept_1872,8.416501348402344,45.133331719236566,475,False
8.475564516|45.133331719,5515,ricept_5515,8.475564515759553,45.133331719236566,476,False
8.487377149|45.133331719,1873,ricept_1873,8.487377149230994,45.133331719236566,477,False
8.499189783|45.133331719,5517,ricept_5517,8.499189782702437,45.133331719236566,478,False
8.511002416|45.133331719,5518,ricept_5518,8.511002416173879,45.133331719236566,479,False
8.52281505|45.133331719,5519,ricept_5519,8.52281504964532,45.133331719236566,480,False
8.546440317|45.133331719,13060,ricept_13060,8.546440316588203,45.133331719236566,481,False
8.605503484|45.133331719,2168,ricept_2168,8.605503483945412,45.133331719236566,482,False
8.617316117|45.133331719,2169,ricept_2169,8.617316117416856,45.133331719236566,483,False
8.629128751|45.133331719,2170,ricept_2170,8.629128750888299,45.133331719236566,484,False
8.640941384|45.133331719,2171,ricept_2171,8.64094138435974,45.133331719236566,485,False
8.652754018|45.133331719,2172,ricept_2172,8.65275401783118,45.133331719236566,486,False
8.664566651|45.133331719,2173,ricept_2173,8.664566651302623,45.133331719236566,487,False
8.676379285|45.133331719,2174,ricept_2174,8.676379284774065,45.133331719236566,488,False
8.688191918|45.133331719,2175,ricept_2175,8.688191918245506,45.133331719236566,489,False
8.700004552|45.133331719,2176,ricept_2176,8.70000455171695,45.133331719236566,490,False
8.711817185|45.133331719,5853,ricept_5853,8.71181718518839,45.133331719236566,491,False
8.723629819|45.133331719,2177,ricept_2177,8.723629818659832,45.133331719236566,492,False
8.735442452|45.133331719,2178,ricept_2178,8.735442452131274,45.133331719236566,493,False
8.747255086|45.133331719,2179,ricept_2179,8.747255085602715,45.133331719236566,494,False
8.759067719|45.133331719,2180,ricept_2180,8.759067719074158,45.133331719236566,495,False
8.782692986|45.133331719,2181,ricept_2181,8.782692986017041,45.133331719236566,496,False
8.794505619|45.133331719,2182,ricept_2182,8.794505619488483,45.133331719236566,497,False
8.806318253|45.133331719,2183,ricept_2183,8.806318252959924,45.133331719236566,498,False
8.818130886|45.133331719,2184,ricept_2184,8.818130886431366,45.133331719236566,499,False
8.82994352|45.133331719,2185,ricept_2185,8.829943519902809,45.133331719236566,500,False
8.841756153|45.133331719,2186,ricept_2186,8.841756153374252,45.133331719236566,501,False
8.853568787|45.133331719,2187,ricept_2187,8.853568786845694,45.133331719236566,502,False
8.86538142|45.133331719,2188,ricept_2188,8.865381420317135,45.133331719236566,503,False
8.877194054|45.133331719,2189,ricept_2189,8.877194053788577,45.133331719236566,504,False
8.889006687|45.133331719,5867,ricept_5867,8.889006687260018,45.133331719236566,505,False
8.900819321|45.133331719,2190,ricept_2190,8.900819320731461,45.133331719236566,506,False
8.912631954|45.133331719,2191,ricept_2191,8.912631954202903,45.133331719236566,507,False
8.924444588|45.133331719,2192,ricept_2192,8.924444587674344,45.133331719236566,508,False
8.936257221|45.133331719,2193,ricept_2193,8.936257221145786,45.133331719236566,509,False
8.948069855|45.133331719,2194,ricept_2194,8.948069854617227,45.133331719236566,510,False
8.959882488|45.133331719,2195,ricept_2195,8.95988248808867,45.133331719236566,511,False
8.971695122|45.133331719,2196,ricept_2196,8.971695121560112,45.133331719236566,512,False
8.983507755|45.133331719,2197,ricept_2197,8.983507755031553,45.133331719236566,513,False
8.995320389|45.133331719,2198,ricept_2198,8.995320388502996,45.133331719236566,514,False
9.007133022|45.133331719,2199,ricept_2199,9.007133021974438,45.133331719236566,515,False
9.018945655|45.133331719,2200,ricept_2200,9.018945655445878,45.133331719236566,516,False
9.030758289|45.133331719,2201,ricept_2201,9.03075828891732,45.133331719236566,517,False
9.042570922|45.133331719,2202,ricept_2202,9.042570922388762,45.133331719236566,518,False
9.054383556|45.133331719,2203,ricept_2203,9.054383555860204,45.133331719236566,519,False
9.066196189|45.133331719,5881,ricept_5881,9.066196189331649,45.133331719236566,520,False
9.078008823|45.133331719,2204,ricept_2204,9.07800882280309,45.133331719236566,521,False
9.089821456|45.133331719,5883,ricept_5883,9.08982145627453,45.133331719236566,522,False
9.10163409|45.133331719,2205,ricept_2205,9.101634089745971,45.133331719236566,523,False
9.113446723|45.133331719,5885,ricept_5885,9.113446723217416,45.133331719236566,524,False
9.125259357|45.133331719,2206,ricept_2206,9.125259356688856,45.133331719236566,525,False
9.13707199|45.133331719,5887,ricept_5887,9.137071990160296,45.133331719236566,526,False
9.148884624|45.133331719,2207,ricept_2207,9.14888462363174,45.133331719236566,527,False
9.349699393|45.133331719,3203,ricept_3203,9.349699392646253,45.133331719236566,528,False
9.361512026|45.133331719,7007,ricept_7007,9.361512026117694,45.133331719236566,529,False
9.385137293|45.133331719,3204,ricept_3204,9.385137293060575,45.133331719236566,530,False
9.396949927|45.133331719,3205,ricept_3205,9.396949926532018,45.133331719236566,531,False
9.40876256|45.133331719,3206,ricept_3206,9.408762560003462,45.133331719236566,532,False
9.420575193|45.133331719,7011,ricept_7011,9.420575193474903,45.133331719236566,533,False
9.432387827|45.133331719,18533,ricept_18533,9.432387826946346,45.133331719236566,534,False
9.44420046|45.133331719,3207,ricept_3207,9.444200460417788,45.133331719236566,535,False
9.456013094|45.133331719,7013,ricept_7013,9.456013093889228,45.133331719236566,536,False
9.467825727|45.133331719,7014,ricept_7014,9.46782572736067,45.133331719236566,537,False
9.479638361|45.133331719,7015,ricept_7015,9.479638360832112,45.133331719236566,538,False
9.491450994|45.133331719,3208,ricept_3208,9.491450994303555,45.133331719236566,539,False
9.503263628|45.133331719,3209,ricept_3209,9.503263627774995,45.133331719236566,540,False
9.515076261|45.133331719,3210,ricept_3210,9.515076261246438,45.133331719236566,541,False
9.526888895|45.133331719,3211,ricept_3211,9.52688889471788,45.133331719236566,542,False
8.476803258|45.141665052,5520,ricept_5520,8.476803257934634,45.14166505227187,543,False
8.500431978|45.141665052,5521,ricept_5521,8.500431977817378,45.14166505227187,544,False
8.594946857|45.141665052,2208,ricept_2208,8.594946857348356,45.14166505227187,545,False
8.606761217|45.141665052,5888,ricept_5888,8.606761217289728,45.14166505227187,546,False
8.618575577|45.141665052,2209,ricept_2209,8.6185755772311,45.14166505227187,547,False
8.630389937|45.141665052,5890,ricept_5890,8.630389937172474,45.14166505227187,548,False
8.642204297|45.141665052,2210,ricept_2210,8.642204297113846,45.14166505227187,549,False
8.654018657|45.141665052,2211,ricept_2211,8.654018657055218,45.14166505227187,550,False
8.665833017|45.141665052,2212,ricept_2212,8.665833016996588,45.14166505227187,551,False
8.677647377|45.141665052,2213,ricept_2213,8.677647376937962,45.14166505227187,552,False
8.689461737|45.141665052,2214,ricept_2214,8.689461736879334,45.14166505227187,553,False
8.701276097|45.141665052,2215,ricept_2215,8.701276096820708,45.14166505227187,554,False
8.724904817|45.141665052,5897,ricept_5897,8.724904816703452,45.14166505227187,555,False
8.736719177|45.141665052,2216,ricept_2216,8.736719176644824,45.14166505227187,556,False
8.748533537|45.141665052,2217,ricept_2217,8.748533536586194,45.14166505227187,557,False
8.760347897|45.141665052,2218,ricept_2218,8.760347896527568,45.14166505227187,558,False
8.772162256|45.141665052,2219,ricept_2219,8.772162256468942,45.14166505227187,559,False
8.783976616|45.141665052,2220,ricept_2220,8.783976616410314,45.14166505227187,560,False
8.795790976|45.141665052,2221,ricept_2221,8.795790976351684,45.14166505227187,561,False
8.807605336|45.141665052,2222,ricept_2222,8.807605336293058,45.14166505227187,562,False
8.819419696|45.141665052,2223,ricept_2223,8.81941969623443,45.14166505227187,563,False
8.831234056|45.141665052,2224,ricept_2224,8.831234056175802,45.14166505227187,564,False
8.843048416|45.141665052,2225,ricept_2225,8.843048416117176,45.14166505227187,565,False
8.854862776|45.141665052,2226,ricept_2226,8.854862776058548,45.14166505227187,566,False
8.866677136|45.141665052,2227,ricept_2227,8.86667713599992,45.14166505227187,567,False
8.878491496|45.141665052,2228,ricept_2228,8.87849149594129,45.14166505227187,568,False
8.890305856|45.141665052,2229,ricept_2229,8.890305855882664,45.14166505227187,569,False
8.902120216|45.141665052,2230,ricept_2230,8.902120215824036,45.14166505227187,570,False
8.913934576|45.141665052,2231,ricept_2231,8.913934575765408,45.14166505227187,571,False
8.925748936|45.141665052,2232,ricept_2232,8.925748935706782,45.14166505227187,572,False
8.937563296|45.141665052,5914,ricept_5914,8.937563295648154,45.14166505227187,573,False
8.949377656|45.141665052,2233,ricept_2233,8.949377655589524,45.14166505227187,574,False
8.961192016|45.141665052,5916,ricept_5916,8.961192015530896,45.14166505227187,575,False
8.973006375|45.141665052,2234,ricept_2234,8.97300637547227,45.14166505227187,576,False
8.984820735|45.141665052,5918,ricept_5918,8.984820735413642,45.14166505227187,577,False
8.996635095|45.141665052,2235,ricept_2235,8.996635095355014,45.14166505227187,578,False
9.008449455|45.141665052,2236,ricept_2236,9.008449455296388,45.14166505227187,579,False
9.020263815|45.141665052,2237,ricept_2237,9.020263815237758,45.14166505227187,580,False
9.032078175|45.141665052,2238,ricept_2238,9.032078175179132,45.14166505227187,581,False
9.043892535|45.141665052,2239,ricept_2239,9.043892535120504,45.14166505227187,582,False
9.055706895|45.141665052,2240,ricept_2240,9.055706895061876,45.14166505227187,583,False
9.067521255|45.141665052,2241,ricept_2241,9.067521255003248,45.14166505227187,584,False
9.079335615|45.141665052,5926,ricept_5926,9.079335614944622,45.14166505227187,585,False
9.091149975|45.141665052,2242,ricept_2242,9.091149974885994,45.14166505227187,586,False
9.126593055|45.141665052,5928,ricept_5928,9.12659305471011,45.14166505227187,587,False
9.138407415|45.141665052,13462,ricept_13462,9.138407414651482,45.14166505227187,588,False
9.150221775|45.141665052,2243,ricept_2243,9.150221774592856,45.14166505227187,589,False
9.162036135|45.141665052,2244,ricept_2244,9.162036134534226,45.14166505227187,590,False
9.280179734|45.141665052,14637,ricept_14637,9.28017973394795,45.14166505227187,591,False
9.351065894|45.141665052,3212,ricept_3212,9.351065893596184,45.14166505227187,592,False
9.362880254|45.141665052,22248,ricept_22248,9.362880253537556,45.14166505227187,593,False
9.374694613|45.141665052,7020,ricept_7020,9.37469461347893,45.14166505227187,594,False
9.386508973|45.141665052,7021,ricept_7021,9.3865089734203,45.14166505227187,595,False
9.398323333|45.141665052,3213,ricept_3213,9.398323333361672,45.14166505227187,596,False
9.410137693|45.141665052,3214,ricept_3214,9.410137693303046,45.14166505227187,597,False
9.421952053|45.141665052,18545,ricept_18545,9.421952053244418,45.14166505227187,598,False
9.433766413|45.141665052,7024,ricept_7024,9.43376641318579,45.14166505227187,599,False
9.445580773|45.141665052,3215,ricept_3215,9.445580773127162,45.14166505227187,600,False
9.457395133|45.141665052,3216,ricept_3216,9.457395133068534,45.14166505227187,601,False
9.469209493|45.141665052,7027,ricept_7027,9.469209493009908,45.14166505227187,602,False
9.481023853|45.141665052,76739,ricept_76739,9.48102385295128,45.14166505227187,603,False
9.492838213|45.141665052,7028,ricept_7028,9.492838212892652,45.14166505227187,604,False
9.504652573|45.141665052,7029,ricept_7029,9.504652572834024,45.14166505227187,605,False
9.516466933|45.141665052,7030,ricept_7030,9.516466932775396,45.14166505227187,606,False
9.528281293|45.141665052,18552,ricept_18552,9.528281292716766,45.14166505227187,607,False
8.407146019|45.149998385,1874,ricept_1874,8.407146018632622,45.14999838530718,608,False
8.418962106|45.149998385,1875,ricept_1875,8.418962105798654,45.14999838530718,609,False
8.430778193|45.149998385,1876,ricept_1876,8.43077819296469,45.14999838530718,610,False
8.454410367|45.149998385,1877,ricept_1877,8.454410367296754,45.14999838530718,611,False
8.478042542|45.149998385,1878,ricept_1878,8.47804254162882,45.14999838530718,612,False
8.52530689|45.149998385,1879,ricept_1879,8.525306890292955,45.14999838530718,613,False
8.537122977|45.149998385,1880,ricept_1880,8.537122977458987,45.14999838530718,614,False
8.584387326|45.149998385,2245,ricept_2245,8.584387326123121,45.14999838530718,615,False
8.596203413|45.149998385,2246,ricept_2246,8.596203413289151,45.14999838530718,616,False
8.6080195|45.149998385,2247,ricept_2247,8.608019500455185,45.14999838530718,617,False
8.619835588|45.149998385,2248,ricept_2248,8.619835587621218,45.14999838530718,618,False
8.631651675|45.149998385,5932,ricept_5932,8.631651674787253,45.14999838530718,619,False
8.643467762|45.149998385,2249,ricept_2249,8.643467761953286,45.14999838530718,620,False
8.655283849|45.149998385,2250,ricept_2250,8.655283849119318,45.14999838530718,621,False
8.678916023|45.149998385,2251,ricept_2251,8.678916023451384,45.14999838530718,622,False
8.690732111|45.149998385,2252,ricept_2252,8.690732110617418,45.14999838530718,623,False
8.702548198|45.149998385,2253,ricept_2253,8.702548197783452,45.14999838530718,624,False
8.726180372|45.149998385,2254,ricept_2254,8.726180372115518,45.14999838530718,625,False
8.737996459|45.149998385,2255,ricept_2255,8.73799645928155,45.14999838530718,626,False
8.749812546|45.149998385,2256,ricept_2256,8.749812546447584,45.14999838530718,627,False
8.761628634|45.149998385,2257,ricept_2257,8.761628633613617,45.14999838530718,628,False
8.773444721|45.149998385,2258,ricept_2258,8.77344472077965,45.14999838530718,629,False
8.785260808|45.149998385,2259,ricept_2259,8.785260807945685,45.14999838530718,630,False
8.797076895|45.149998385,2260,ricept_2260,8.797076895111717,45.14999838530718,631,False
8.808892982|45.149998385,2261,ricept_2261,8.808892982277749,45.14999838530718,632,False
8.820709069|45.149998385,2262,ricept_2262,8.820709069443783,45.14999838530718,633,False
8.832525157|45.149998385,2263,ricept_2263,8.832525156609817,45.14999838530718,634,False
8.844341244|45.149998385,2264,ricept_2264,8.844341243775851,45.14999838530718,635,False
8.856157331|45.149998385,2265,ricept_2265,8.856157330941883,45.14999838530718,636,False
8.867973418|45.149998385,2266,ricept_2266,8.867973418107917,45.14999838530718,637,False
8.879789505|45.149998385,2267,ricept_2267,8.879789505273948,45.14999838530718,638,False
8.891605592|45.149998385,2268,ricept_2268,8.891605592439982,45.14999838530718,639,False
8.90342168|45.149998385,2269,ricept_2269,8.903421679606017,45.14999838530718,640,False
8.915237767|45.149998385,2270,ricept_2270,8.91523776677205,45.14999838530718,641,False
8.927053854|45.149998385,5955,ricept_5955,8.927053853938084,45.14999838530718,642,False
8.938869941|45.149998385,2271,ricept_2271,8.938869941104116,45.14999838530718,643,False
8.962502115|45.149998385,5957,ricept_5957,8.962502115436182,45.14999838530718,644,False
8.974318203|45.149998385,2272,ricept_2272,8.974318202602214,45.14999838530718,645,False
8.98613429|45.149998385,2273,ricept_2273,8.986134289768248,45.14999838530718,646,False
8.997950377|45.149998385,2274,ricept_2274,8.99795037693428,45.14999838530718,647,False
9.009766464|45.149998385,2275,ricept_2275,9.009766464100316,45.14999838530718,648,False
9.021582551|45.149998385,2276,ricept_2276,9.021582551266349,45.14999838530718,649,False
9.033398638|45.149998385,2277,ricept_2277,9.03339863843238,45.14999838530718,650,False
9.045214726|45.149998385,2278,ricept_2278,9.045214725598417,45.14999838530718,651,False
9.057030813|45.149998385,2279,ricept_2279,9.057030812764449,45.14999838530718,652,False
9.0688469|45.149998385,2280,ricept_2280,9.06884689993048,45.14999838530718,653,False
9.080662987|45.149998385,2281,ricept_2281,9.080662987096517,45.14999838530718,654,False
9.092479074|45.149998385,5967,ricept_5967,9.092479074262547,45.14999838530718,655,False
9.104295161|45.149998385,2282,ricept_2282,9.10429516142858,45.14999838530718,656,False
9.116111249|45.149998385,2283,ricept_2283,9.116111248594612,45.14999838530718,657,False
9.139743423|45.149998385,5970,ricept_5970,9.13974342292668,45.14999838530718,658,False
9.15155951|45.149998385,2284,ricept_2284,9.151559510092714,45.14999838530718,659,False
9.163375597|45.149998385,2285,ricept_2285,9.163375597258748,45.14999838530718,660,False
9.257904295|45.149998385,3217,ricept_3217,9.25790429458701,45.14999838530718,661,False
9.269720382|45.149998385,3218,ricept_3218,9.269720381753045,45.14999838530718,662,False
9.281536469|45.149998385,10731,ricept_10731,9.28153646891908,45.14999838530718,663,False
9.293352556|45.149998385,3219,ricept_3219,9.293352556085113,45.14999838530718,664,False
9.305168643|45.149998385,3220,ricept_3220,9.305168643251143,45.14999838530718,665,False
9.31698473|45.149998385,3221,ricept_3221,9.316984730417175,45.14999838530718,666,False
9.340616905|45.149998385,7033,ricept_7033,9.340616904749243,45.14999838530718,667,False
9.352432992|45.149998385,14654,ricept_14654,9.352432991915276,45.14999838530718,668,False
9.364249079|45.149998385,10734,ricept_10734,9.364249079081311,45.14999838530718,669,False
9.376065166|45.149998385,3222,ricept_3222,9.376065166247344,45.14999838530718,670,False
9.387881253|45.149998385,14656,ricept_14656,9.387881253413378,45.14999838530718,671,False
9.399697341|45.149998385,7034,ricept_7034,9.39969734057941,45.14999838530718,672,False
9.411513428|45.149998385,7035,ricept_7035,9.411513427745444,45.14999838530718,673,False
9.423329515|45.149998385,14659,ricept_14659,9.423329514911478,45.14999838530718,674,False
9.435145602|45.149998385,7036,ricept_7036,9.43514560207751,45.14999838530718,675,False
9.446961689|45.149998385,7037,ricept_7037,9.446961689243544,45.14999838530718,676,False
9.458777776|45.149998385,7038,ricept_7038,9.458777776409574,45.14999838530718,677,False
9.494226038|45.149998385,7039,ricept_7039,9.494226037907676,45.14999838530718,678,False
9.506042125|45.149998385,14664,ricept_14664,9.50604212507371,45.14999838530718,679,False
9.517858212|45.149998385,44186,ricept_44186,9.517858212239744,45.14999838530718,680,False
9.529674299|45.149998385,14665,ricept_14665,9.529674299405777,45.14999838530718,681,False
9.541490387|45.149998385,44188,ricept_44188,9.541490386571809,45.14999838530718,682,False
8.337468585|45.158331718,944,ricept_944,8.337468585382155,45.15833171834249,683,False
8.349286401|45.158331718,945,ricept_945,8.349286400527985,45.15833171834249,684,False
8.396557661|45.158331718,5529,ricept_5529,8.396557661111299,45.15833171834249,685,False
8.408375476|45.158331718,1881,ricept_1881,8.408375476257127,45.15833171834249,686,False
8.420193291|45.158331718,1882,ricept_1882,8.420193291402956,45.15833171834249,687,False
8.432011107|45.158331718,1883,ricept_1883,8.432011106548785,45.15833171834249,688,False
8.443828922|45.158331718,1884,ricept_1884,8.443828921694612,45.15833171834249,689,False
8.455646737|45.158331718,1885,ricept_1885,8.45564673684044,45.15833171834249,690,False
8.467464552|45.158331718,1886,ricept_1886,8.46746455198627,45.15833171834249,691,False
8.479282367|45.158331718,1887,ricept_1887,8.4792823671321,45.15833171834249,692,False
8.491100182|45.158331718,1888,ricept_1888,8.491100182277927,45.15833171834249,693,False
8.502917997|45.158331718,1889,ricept_1889,8.502917997423758,45.15833171834249,694,False
8.514735813|45.158331718,1890,ricept_1890,8.514735812569587,45.15833171834249,695,False
8.526553628|45.158331718,1891,ricept_1891,8.526553627715414,45.15833171834249,696,False
8.538371443|45.158331718,1892,ricept_1892,8.538371442861242,45.15833171834249,697,False
8.550189258|45.158331718,5542,ricept_5542,8.550189258007071,45.15833171834249,698,False
8.562007073|45.158331718,68857,ricept_68857,8.5620070731529,45.15833171834249,699,False
8.573824888|45.158331718,2286,ricept_2286,8.57382488829873,45.15833171834249,700,False
8.585642703|45.158331718,2287,ricept_2287,8.585642703444558,45.15833171834249,701,False
8.597460519|45.158331718,2288,ricept_2288,8.597460518590387,45.15833171834249,702,False
8.609278334|45.158331718,2289,ricept_2289,8.609278333736215,45.15833171834249,703,False
8.621096149|45.158331718,2290,ricept_2290,8.621096148882044,45.15833171834249,704,False
8.632913964|45.158331718,2291,ricept_2291,8.632913964027873,45.15833171834249,705,False
8.644731779|45.158331718,2292,ricept_2292,8.644731779173704,45.15833171834249,706,False
8.656549594|45.158331718,2293,ricept_2293,8.656549594319529,45.15833171834249,707,False
8.668367409|45.158331718,2294,ricept_2294,8.668367409465358,45.15833171834249,708,False
8.680185225|45.158331718,2295,ricept_2295,8.680185224611188,45.15833171834249,709,False
8.69200304|45.158331718,2296,ricept_2296,8.692003039757015,45.15833171834249,710,False
8.703820855|45.158331718,2297,ricept_2297,8.703820854902846,45.15833171834249,711,False
8.71563867|45.158331718,2298,ricept_2298,8.715638670048673,45.15833171834249,712,False
8.727456485|45.158331718,2299,ricept_2299,8.727456485194502,45.15833171834249,713,False
8.7392743|45.158331718,2300,ricept_2300,8.73927430034033,45.15833171834249,714,False
8.751092115|45.158331718,2301,ricept_2301,8.75109211548616,45.15833171834249,715,False
8.762909931|45.158331718,2302,ricept_2302,8.76290993063199,45.15833171834249,716,False
8.774727746|45.158331718,2303,ricept_2303,8.774727745777819,45.15833171834249,717,False
8.786545561|45.158331718,2304,ricept_2304,8.786545560923646,45.15833171834249,718,False
8.798363376|45.158331718,2305,ricept_2305,8.798363376069474,45.15833171834249,719,False
8.810181191|45.158331718,5990,ricept_5990,8.810181191215303,45.15833171834249,720,False
8.821999006|45.158331718,5991,ricept_5991,8.821999006361132,45.15833171834249,721,False
8.833816822|45.158331718,5992,ricept_5992,8.83381682150696,45.15833171834249,722,False
8.845634637|45.158331718,2306,ricept_2306,8.845634636652791,45.15833171834249,723,False
8.857452452|45.158331718,2307,ricept_2307,8.857452451798618,45.15833171834249,724,False
8.869270267|45.158331718,2308,ricept_2308,8.869270266944447,45.15833171834249,725,False
8.881088082|45.158331718,2309,ricept_2309,8.881088082090274,45.15833171834249,726,False
8.892905897|45.158331718,2310,ricept_2310,8.892905897236103,45.15833171834249,727,False
8.904723712|45.158331718,2311,ricept_2311,8.904723712381934,45.15833171834249,728,False
8.916541528|45.158331718,5999,ricept_5999,8.91654152752776,45.15833171834249,729,False
8.928359343|45.158331718,2312,ricept_2312,8.928359342673591,45.15833171834249,730,False
8.940177158|45.158331718,2313,ricept_2313,8.94017715781942,45.15833171834249,731,False
8.963812788|45.158331718,6002,ricept_6002,8.963812788111076,45.15833171834249,732,False
8.975630603|45.158331718,2314,ricept_2314,8.975630603256906,45.15833171834249,733,False
8.987448418|45.158331718,2315,ricept_2315,8.987448418402733,45.15833171834249,734,False
8.999266234|45.158331718,2316,ricept_2316,8.999266233548562,45.15833171834249,735,False
9.011084049|45.158331718,2317,ricept_2317,9.011084048694393,45.15833171834249,736,False
9.022901864|45.158331718,2318,ricept_2318,9.02290186384022,45.15833171834249,737,False
9.034719679|45.158331718,2319,ricept_2319,9.034719678986049,45.15833171834249,738,False
9.046537494|45.158331718,2320,ricept_2320,9.046537494131876,45.15833171834249,739,False
9.058355309|45.158331718,2321,ricept_2321,9.058355309277706,45.15833171834249,740,False
9.070173124|45.158331718,2322,ricept_2322,9.070173124423537,45.15833171834249,741,False
9.08199094|45.158331718,2323,ricept_2323,9.081990939569364,45.15833171834249,742,False
9.093808755|45.158331718,2324,ricept_2324,9.093808754715193,45.15833171834249,743,False
9.10562657|45.158331718,2325,ricept_2325,9.10562656986102,45.15833171834249,744,False
9.117444385|45.158331718,2326,ricept_2326,9.117444385006849,45.15833171834249,745,False
9.1292622|45.158331718,2327,ricept_2327,9.129262200152676,45.15833171834249,746,False
9.15289783|45.158331718,6017,ricept_6017,9.152897830444337,45.15833171834249,747,False
9.164715646|45.158331718,13555,ricept_13555,9.164715645590164,45.15833171834249,748,False
9.235622536|45.158331718,3223,ricept_3223,9.235622536465137,45.15833171834249,749,False
9.247440352|45.158331718,3224,ricept_3224,9.247440351610964,45.15833171834249,750,False
9.259258167|45.158331718,3225,ricept_3225,9.259258166756794,45.15833171834249,751,False
9.271075982|45.158331718,3226,ricept_3226,9.271075981902625,45.15833171834249,752,False
9.282893797|45.158331718,3227,ricept_3227,9.282893797048452,45.15833171834249,753,False
9.294711612|45.158331718,3228,ricept_3228,9.29471161219428,45.15833171834249,754,False
9.306529427|45.158331718,3229,ricept_3229,9.30652942734011,45.15833171834249,755,False
9.330165058|45.158331718,3230,ricept_3230,9.330165057631763,45.15833171834249,756,False
9.341982873|45.158331718,7046,ricept_7046,9.341982872777596,45.15833171834249,757,False
9.353800688|45.158331718,55276,ricept_55276,9.353800687923425,45.15833171834249,758,False
9.365618503|45.158331718,7047,ricept_7047,9.365618503069252,45.15833171834249,759,False
9.377436318|45.158331718,3231,ricept_3231,9.37743631821508,45.15833171834249,760,False
9.389254133|45.158331718,3232,ricept_3232,9.38925413336091,45.15833171834249,761,False
9.412889764|45.158331718,3233,ricept_3233,9.412889763652569,45.15833171834249,762,False
9.436525394|45.158331718,80556,ricept_80556,9.436525393944226,45.15833171834249,763,False
9.49561447|45.158331718,14676,ricept_14676,9.495614469673368,45.15833171834249,764,False
9.507432285|45.158331718,3234,ricept_3234,9.507432284819195,45.15833171834249,765,False
9.5192501|45.158331718,7052,ricept_7052,9.519250099965026,45.15833171834249,766,False
8.326868664|45.166665051,946,ricept_946,8.326868664279548,45.1666650513778,767,False
8.338688208|45.166665051,947,ricept_947,8.33868820816071,45.1666650513778,768,False
8.350507752|45.166665051,948,ricept_948,8.350507752041873,45.1666650513778,769,False
8.385966384|45.166665051,949,ricept_949,8.385966383685362,45.1666650513778,770,False
8.397785928|45.166665051,950,ricept_950,8.397785927566526,45.1666650513778,771,False
8.409605471|45.166665051,1893,ricept_1893,8.40960547144769,45.1666650513778,772,False
8.421425015|45.166665051,1894,ricept_1894,8.421425015328852,45.1666650513778,773,False
8.433244559|45.166665051,1895,ricept_1895,8.433244559210017,45.1666650513778,774,False
8.445064103|45.166665051,1896,ricept_1896,8.445064103091179,45.1666650513778,775,False
8.456883647|45.166665051,1897,ricept_1897,8.456883646972344,45.1666650513778,776,False
8.468703191|45.166665051,951,ricept_951,8.468703190853505,45.1666650513778,777,False
8.480522735|45.166665051,1898,ricept_1898,8.480522734734668,45.1666650513778,778,False
8.492342279|45.166665051,1899,ricept_1899,8.492342278615833,45.1666650513778,779,False
8.504161822|45.166665051,1900,ricept_1900,8.504161822496998,45.1666650513778,780,False
8.515981366|45.166665051,1901,ricept_1901,8.515981366378158,45.1666650513778,781,False
8.52780091|45.166665051,1902,ricept_1902,8.527800910259323,45.1666650513778,782,False
8.539620454|45.166665051,1903,ricept_1903,8.539620454140486,45.1666650513778,783,False
8.551439998|45.166665051,5554,ricept_5554,8.55143999802165,45.1666650513778,784,False
8.563259542|45.166665051,17510,ricept_17510,8.563259541902811,45.1666650513778,785,False
8.575079086|45.166665051,2328,ricept_2328,8.575079085783976,45.1666650513778,786,False
8.58689863|45.166665051,2329,ricept_2329,8.58689862966514,45.1666650513778,787,False
8.598718174|45.166665051,2330,ricept_2330,8.5987181735463,45.1666650513778,788,False
8.610537717|45.166665051,2331,ricept_2331,8.610537717427466,45.1666650513778,789,False
8.622357261|45.166665051,2332,ricept_2332,8.622357261308629,45.1666650513778,790,False
8.634176805|45.166665051,2333,ricept_2333,8.634176805189794,45.1666650513778,791,False
8.645996349|45.166665051,2334,ricept_2334,8.645996349070955,45.1666650513778,792,False
8.657815893|45.166665051,2335,ricept_2335,8.657815892952119,45.1666650513778,793,False
8.669635437|45.166665051,2336,ricept_2336,8.669635436833282,45.1666650513778,794,False
8.681454981|45.166665051,2337,ricept_2337,8.681454980714445,45.1666650513778,795,False
8.693274525|45.166665051,2338,ricept_2338,8.693274524595608,45.1666650513778,796,False
8.705094068|45.166665051,2339,ricept_2339,8.705094068476773,45.1666650513778,797,False
8.716913612|45.166665051,2340,ricept_2340,8.716913612357937,45.1666650513778,798,False
8.728733156|45.166665051,2341,ricept_2341,8.728733156239098,45.1666650513778,799,False
8.7405527|45.166665051,2342,ricept_2342,8.740552700120261,45.1666650513778,800,False
8.752372244|45.166665051,2343,ricept_2343,8.752372244001425,45.1666650513778,801,False
8.764191788|45.166665051,2344,ricept_2344,8.76419178788259,45.1666650513778,802,False
8.776011332|45.166665051,2345,ricept_2345,8.776011331763751,45.1666650513778,803,False
8.787830876|45.166665051,2346,ricept_2346,8.787830875644916,45.1666650513778,804,False
8.79965042|45.166665051,2347,ricept_2347,8.799650419526078,45.1666650513778,805,False
8.811469963|45.166665051,2348,ricept_2348,8.81146996340724,45.1666650513778,806,False
8.823289507|45.166665051,31965,ricept_31965,8.823289507288404,45.1666650513778,807,False
8.835109051|45.166665051,13577,ricept_13577,8.83510905116957,45.1666650513778,808,False
8.858748139|45.166665051,2349,ricept_2349,8.858748138931896,45.1666650513778,809,False
8.870567683|45.166665051,2350,ricept_2350,8.870567682813059,45.1666650513778,810,False
8.882387227|45.166665051,2351,ricept_2351,8.88238722669422,45.1666650513778,811,False
8.894206771|45.166665051,2352,ricept_2352,8.894206770575385,45.1666650513778,812,False
8.906026314|45.166665051,2353,ricept_2353,8.906026314456549,45.1666650513778,813,False
8.917845858|45.166665051,2354,ricept_2354,8.917845858337712,45.1666650513778,814,False
8.929665402|45.166665051,2355,ricept_2355,8.929665402218875,45.1666650513778,815,False
8.941484946|45.166665051,2356,ricept_2356,8.941484946100038,45.1666650513778,816,False
8.95330449|45.166665051,2357,ricept_2357,8.9533044899812,45.1666650513778,817,False
8.976943578|45.166665051,2358,ricept_2358,8.976943577743528,45.1666650513778,818,False
8.988763122|45.166665051,2359,ricept_2359,8.988763121624691,45.1666650513778,819,False
9.000582666|45.166665051,6050,ricept_6050,9.000582665505855,45.1666650513778,820,False
9.012402209|45.166665051,6051,ricept_6051,9.01240220938702,45.1666650513778,821,False
9.024221753|45.166665051,2360,ricept_2360,9.02422175326818,45.1666650513778,822,False
9.036041297|45.166665051,6053,ricept_6053,9.036041297149344,45.1666650513778,823,False
9.047860841|45.166665051,6054,ricept_6054,9.047860841030507,45.1666650513778,824,False
9.071499929|45.166665051,2361,ricept_2361,9.071499928792836,45.1666650513778,825,False
9.083319473|45.166665051,2362,ricept_2362,9.083319472674,45.1666650513778,826,False
9.095139017|45.166665051,2363,ricept_2363,9.09513901655516,45.1666650513778,827,False
9.10695856|45.166665051,6058,ricept_6058,9.106958560436324,45.1666650513778,828,False
9.118778104|45.166665051,6059,ricept_6059,9.118778104317489,45.1666650513778,829,False
9.130597648|45.166665051,13599,ricept_13599,9.13059764819865,45.1666650513778,830,False
9.225153999|45.166665051,7053,ricept_7053,9.225153999247958,45.1666650513778,831,False
9.236973543|45.166665051,7054,ricept_7054,9.23697354312912,45.1666650513778,832,False
9.248793087|45.166665051,3235,ricept_3235,9.248793087010284,45.1666650513778,833,False
9.260612631|45.166665051,3236,ricept_3236,9.260612630891446,45.1666650513778,834,False
9.272432175|45.166665051,3237,ricept_3237,9.27243217477261,45.1666650513778,835,False
9.284251719|45.166665051,3238,ricept_3238,9.284251718653776,45.1666650513778,836,False
9.296071263|45.166665051,3239,ricept_3239,9.296071262534936,45.1666650513778,837,False
9.307890806|45.166665051,3240,ricept_3240,9.3078908064161,45.1666650513778,838,False
9.31971035|45.166665051,3241,ricept_3241,9.319710350297264,45.1666650513778,839,False
9.331529894|45.166665051,3242,ricept_3242,9.331529894178429,45.1666650513778,840,False
9.343349438|45.166665051,7063,ricept_7063,9.34334943805959,45.1666650513778,841,False
9.355168982|45.166665051,3243,ricept_3243,9.355168981940754,45.1666650513778,842,False
9.37880807|45.166665051,7064,ricept_7064,9.378808069703082,45.1666650513778,843,False
9.390627614|45.166665051,3244,ricept_3244,9.39062761358424,45.1666650513778,844,False
9.402447157|45.166665051,3245,ricept_3245,9.402447157465406,45.1666650513778,845,False
9.426086245|45.166665051,3246,ricept_3246,9.426086245227731,45.1666650513778,846,False
9.437905789|45.166665051,7068,ricept_7068,9.437905789108896,45.1666650513778,847,False
8.174410537|45.174998384,952,ricept_952,8.174410537043467,45.1749983844131,848,False
8.221695631|45.174998384,953,ricept_953,8.221695630533235,45.1749983844131,849,False
8.233516904|45.174998384,954,ricept_954,8.233516903905677,45.1749983844131,850,False
8.304444544|45.174998384,955,ricept_955,8.304444544140328,45.1749983844131,851,False
8.316265818|45.174998384,956,ricept_956,8.316265817512768,45.1749983844131,852,False
8.328087091|45.174998384,957,ricept_957,8.328087090885212,45.1749983844131,853,False
8.339908364|45.174998384,958,ricept_958,8.339908364257655,45.1749983844131,854,False
8.351729638|45.174998384,959,ricept_959,8.351729637630095,45.1749983844131,855,False
8.363550911|45.174998384,960,ricept_960,8.363550911002536,45.1749983844131,856,False
8.375372184|45.174998384,961,ricept_961,8.375372184374978,45.1749983844131,857,False
8.387193458|45.174998384,962,ricept_962,8.38719345774742,45.1749983844131,858,False
8.399014731|45.174998384,963,ricept_963,8.399014731119863,45.1749983844131,859,False
8.410836004|45.174998384,964,ricept_964,8.410836004492303,45.1749983844131,860,False
8.422657278|45.174998384,965,ricept_965,8.422657277864745,45.1749983844131,861,False
8.434478551|45.174998384,966,ricept_966,8.43447855123719,45.1749983844131,862,False
8.446299825|45.174998384,967,ricept_967,8.446299824609627,45.1749983844131,863,False
8.458121098|45.174998384,968,ricept_968,8.45812109798207,45.1749983844131,864,False
8.469942371|45.174998384,969,ricept_969,8.469942371354513,45.1749983844131,865,False
8.481763645|45.174998384,970,ricept_970,8.481763644726954,45.1749983844131,866,False
8.493584918|45.174998384,971,ricept_971,8.493584918099396,45.1749983844131,867,False
8.505406191|45.174998384,972,ricept_972,8.505406191471838,45.1749983844131,868,False
8.517227465|45.174998384,973,ricept_973,8.51722746484428,45.1749983844131,869,False
8.529048738|45.174998384,974,ricept_974,8.529048738216721,45.1749983844131,870,False
8.540870012|45.174998384,975,ricept_975,8.540870011589162,45.1749983844131,871,False
8.552691285|45.174998384,65341,ricept_65341,8.552691284961606,45.1749983844131,872,False
8.564512558|45.174998384,2364,ricept_2364,8.564512558334046,45.1749983844131,873,False
8.576333832|45.174998384,2365,ricept_2365,8.576333831706489,45.1749983844131,874,False
8.588155105|45.174998384,2366,ricept_2366,8.588155105078929,45.1749983844131,875,False
8.599976378|45.174998384,2367,ricept_2367,8.599976378451371,45.1749983844131,876,False
8.611797652|45.174998384,2368,ricept_2368,8.611797651823814,45.1749983844131,877,False
8.623618925|45.174998384,6064,ricept_6064,8.623618925196254,45.1749983844131,878,False
8.635440199|45.174998384,2369,ricept_2369,8.635440198568697,45.1749983844131,879,False
8.647261472|45.174998384,2370,ricept_2370,8.64726147194114,45.1749983844131,880,False
8.659082745|45.174998384,2371,ricept_2371,8.65908274531358,45.1749983844131,881,False
8.670904019|45.174998384,2372,ricept_2372,8.670904018686022,45.1749983844131,882,False
8.682725292|45.174998384,6069,ricept_6069,8.682725292058462,45.1749983844131,883,False
8.694546565|45.174998384,6070,ricept_6070,8.694546565430906,45.1749983844131,884,False
8.706367839|45.174998384,2373,ricept_2373,8.706367838803349,45.1749983844131,885,False
8.718189112|45.174998384,2374,ricept_2374,8.71818911217579,45.1749983844131,886,False
8.730010386|45.174998384,2375,ricept_2375,8.73001038554823,45.1749983844131,887,False
8.741831659|45.174998384,2376,ricept_2376,8.741831658920672,45.1749983844131,888,False
8.753652932|45.174998384,2377,ricept_2377,8.753652932293114,45.1749983844131,889,False
8.765474206|45.174998384,2378,ricept_2378,8.765474205665557,45.1749983844131,890,False
8.777295479|45.174998384,2379,ricept_2379,8.777295479037997,45.1749983844131,891,False
8.800938026|45.174998384,2380,ricept_2380,8.80093802578288,45.1749983844131,892,False
8.860044393|45.174998384,2381,ricept_2381,8.86004439264509,45.1749983844131,893,False
8.871865666|45.174998384,2382,ricept_2382,8.871865666017532,45.1749983844131,894,False
8.883686939|45.174998384,2383,ricept_2383,8.883686939389973,45.1749983844131,895,False
8.895508213|45.174998384,2384,ricept_2384,8.895508212762415,45.1749983844131,896,False
8.907329486|45.174998384,2385,ricept_2385,8.907329486134858,45.1749983844131,897,False
8.91915076|45.174998384,2386,ricept_2386,8.9191507595073,45.1749983844131,898,False
8.930972033|45.174998384,2387,ricept_2387,8.93097203287974,45.1749983844131,899,False
8.942793306|45.174998384,2388,ricept_2388,8.942793306252183,45.1749983844131,900,False
8.95461458|45.174998384,2389,ricept_2389,8.954614579624623,45.1749983844131,901,False
8.966435853|45.174998384,2390,ricept_2390,8.966435852997067,45.1749983844131,902,False
8.978257126|45.174998384,2391,ricept_2391,8.978257126369508,45.1749983844131,903,False
9.013720946|45.174998384,6090,ricept_6090,9.013720946486837,45.1749983844131,904,False
9.02554222|45.174998384,2392,ricept_2392,9.025542219859274,45.1749983844131,905,False
9.037363493|45.174998384,25057,ricept_25057,9.037363493231716,45.1749983844131,906,False
9.049184767|45.174998384,13629,ricept_13629,9.049184766604158,45.1749983844131,907,False
9.06100604|45.174998384,6092,ricept_6092,9.0610060399766,45.1749983844131,908,False
9.072827313|45.174998384,2393,ricept_2393,9.07282731334904,45.1749983844131,909,False
9.084648587|45.174998384,6094,ricept_6094,9.084648586721483,45.1749983844131,910,False
9.09646986|45.174998384,2394,ricept_2394,9.096469860093924,45.1749983844131,911,False
9.108291133|45.174998384,6096,ricept_6096,9.108291133466368,45.1749983844131,912,False
9.120112407|45.174998384,10758,ricept_10758,9.120112406838809,45.1749983844131,913,False
9.179218774|45.174998384,3247,ricept_3247,9.179218773701017,45.1749983844131,914,False
9.191040047|45.174998384,3248,ricept_3248,9.19104004707346,45.1749983844131,915,False
9.226503867|45.174998384,3249,ricept_3249,9.226503867190784,45.1749983844131,916,False
9.238325141|45.174998384,3250,ricept_3250,9.238325140563228,45.1749983844131,917,False
9.250146414|45.174998384,3251,ricept_3251,9.250146413935669,45.1749983844131,918,False
9.261967687|45.174998384,3252,ricept_3252,9.26196768730811,45.1749983844131,919,False
9.273788961|45.174998384,3253,ricept_3253,9.27378896068055,45.1749983844131,920,False
9.285610234|45.174998384,3254,ricept_3254,9.285610234052994,45.1749983844131,921,False
9.297431507|45.174998384,3255,ricept_3255,9.297431507425436,45.1749983844131,922,False
9.309252781|45.174998384,3256,ricept_3256,9.309252780797877,45.1749983844131,923,False
9.321074054|45.174998384,3257,ricept_3257,9.321074054170316,45.1749983844131,924,False
9.332895328|45.174998384,3258,ricept_3258,9.33289532754276,45.1749983844131,925,False
9.344716601|45.174998384,3259,ricept_3259,9.344716600915202,45.1749983844131,926,False
9.356537874|45.174998384,3260,ricept_3260,9.356537874287644,45.1749983844131,927,False
9.368359148|45.174998384,3261,ricept_3261,9.368359147660083,45.1749983844131,928,False
9.380180421|45.174998384,3262,ricept_3262,9.380180421032527,45.1749983844131,929,False
9.392001694|45.174998384,3263,ricept_3263,9.392001694404968,45.1749983844131,930,False
9.403822968|45.174998384,7084,ricept_7084,9.40382296777741,45.1749983844131,931,False
9.415644241|45.174998384,7085,ricept_7085,9.415644241149852,45.1749983844131,932,False
9.427465515|45.174998384,7086,ricept_7086,9.427465514522297,45.1749983844131,933,False
8.116491985|45.183331717,976,ricept_976,8.116491985177452,45.18333171744842,934,False
8.128314989|45.183331717,977,ricept_977,8.128314988797523,45.18333171744842,935,False
8.140137992|45.183331717,978,ricept_978,8.140137992417593,45.18333171744842,936,False
8.151960996|45.183331717,979,ricept_979,8.15196099603766,45.18333171744842,937,False
8.163784|45.183331717,980,ricept_980,8.16378399965773,45.18333171744842,938,False
8.175607003|45.183331717,981,ricept_981,8.175607003277799,45.18333171744842,939,False
8.187430007|45.183331717,982,ricept_982,8.187430006897868,45.18333171744842,940,False
8.199253011|45.183331717,983,ricept_983,8.199253010517939,45.18333171744842,941,False
8.211076014|45.183331717,984,ricept_984,8.211076014138007,45.18333171744842,942,False
8.222899018|45.183331717,985,ricept_985,8.222899017758074,45.18333171744842,943,False
8.246545025|45.183331717,986,ricept_986,8.246545024998213,45.18333171744842,944,False
8.258368029|45.183331717,987,ricept_987,8.258368028618284,45.18333171744842,945,False
8.293837039|45.183331717,988,ricept_988,8.29383703947849,45.18333171744842,946,False
8.305660043|45.183331717,989,ricept_989,8.305660043098559,45.18333171744842,947,False
8.317483047|45.183331717,990,ricept_990,8.317483046718628,45.18333171744842,948,False
8.32930605|45.183331717,991,ricept_991,8.3293060503387,45.18333171744842,949,False
8.341129054|45.183331717,992,ricept_992,8.341129053958767,45.18333171744842,950,False
8.352952058|45.183331717,993,ricept_993,8.352952057578836,45.18333171744842,951,False
8.364775061|45.183331717,994,ricept_994,8.364775061198905,45.18333171744842,952,False
8.376598065|45.183331717,995,ricept_995,8.376598064818975,45.18333171744842,953,False
8.388421068|45.183331717,996,ricept_996,8.388421068439044,45.18333171744842,954,False
8.412067076|45.183331717,997,ricept_997,8.412067075679182,45.18333171744842,955,False
8.423890079|45.183331717,998,ricept_998,8.42389007929925,45.18333171744842,956,False
8.435713083|45.183331717,999,ricept_999,8.435713082919321,45.18333171744842,957,False
8.447536087|45.183331717,1000,ricept_1000,8.447536086539388,45.18333171744842,958,False
8.45935909|45.183331717,1001,ricept_1001,8.459359090159458,45.18333171744842,959,False
8.471182094|45.183331717,1002,ricept_1002,8.471182093779527,45.18333171744842,960,False
8.483005097|45.183331717,1003,ricept_1003,8.483005097399596,45.18333171744842,961,False
8.494828101|45.183331717,1004,ricept_1004,8.494828101019666,45.18333171744842,962,False
8.506651105|45.183331717,1005,ricept_1005,8.506651104639737,45.18333171744842,963,False
8.518474108|45.183331717,1006,ricept_1006,8.518474108259804,45.18333171744842,964,False
8.530297112|45.183331717,1007,ricept_1007,8.530297111879873,45.18333171744842,965,False
8.542120115|45.183331717,1008,ricept_1008,8.54212011549994,45.18333171744842,966,False
8.553943119|45.183331717,32019,ricept_32019,8.55394311912001,45.18333171744842,967,False
8.565766123|45.183331717,2395,ricept_2395,8.565766122740081,45.18333171744842,968,False
8.577589126|45.183331717,2396,ricept_2396,8.57758912636015,45.18333171744842,969,False
8.58941213|45.183331717,2397,ricept_2397,8.589412129980218,45.18333171744842,970,False
8.601235134|45.183331717,2398,ricept_2398,8.601235133600287,45.18333171744842,971,False
8.613058137|45.183331717,2399,ricept_2399,8.613058137220357,45.18333171744842,972,False
8.624881141|45.183331717,2400,ricept_2400,8.624881140840426,45.18333171744842,973,False
8.636704144|45.183331717,2401,ricept_2401,8.636704144460497,45.18333171744842,974,False
8.648527148|45.183331717,2402,ricept_2402,8.648527148080564,45.18333171744842,975,False
8.660350152|45.183331717,2403,ricept_2403,8.660350151700632,45.18333171744842,976,False
8.672173155|45.183331717,2404,ricept_2404,8.672173155320701,45.18333171744842,977,False
8.695819163|45.183331717,2405,ricept_2405,8.695819162560841,45.18333171744842,978,False
8.707642166|45.183331717,2406,ricept_2406,8.70764216618091,45.18333171744842,979,False
8.71946517|45.183331717,2407,ricept_2407,8.71946516980098,45.18333171744842,980,False
8.731288173|45.183331717,2408,ricept_2408,8.731288173421047,45.18333171744842,981,False
8.743111177|45.183331717,2409,ricept_2409,8.743111177041117,45.18333171744842,982,False
8.754934181|45.183331717,2410,ricept_2410,8.754934180661186,45.18333171744842,983,False
8.766757184|45.183331717,2411,ricept_2411,8.766757184281257,45.18333171744842,984,False
8.778580188|45.183331717,2412,ricept_2412,8.778580187901325,45.18333171744842,985,False
8.790403192|45.183331717,6115,ricept_6115,8.790403191521394,45.18333171744842,986,False
8.802226195|45.183331717,2413,ricept_2413,8.802226195141461,45.18333171744842,987,False
8.814049199|45.183331717,2414,ricept_2414,8.814049198761532,45.18333171744842,988,False
8.825872202|45.183331717,25079,ricept_25079,8.8258722023816,45.18333171744842,989,False
8.84951821|45.183331717,2415,ricept_2415,8.849518209621738,45.18333171744842,990,False
8.861341213|45.183331717,2416,ricept_2416,8.861341213241808,45.18333171744842,991,False
8.88498722|45.183331717,2417,ricept_2417,8.884987220481946,45.18333171744842,992,False
8.896810224|45.183331717,2418,ricept_2418,8.896810224102015,45.18333171744842,993,False
8.908633228|45.183331717,2419,ricept_2419,8.908633227722085,45.18333171744842,994,False
8.920456231|45.183331717,2420,ricept_2420,8.920456231342154,45.18333171744842,995,False
8.932279235|45.183331717,2421,ricept_2421,8.932279234962223,45.18333171744842,996,False
8.944102239|45.183331717,2422,ricept_2422,8.944102238582293,45.18333171744842,997,False
8.955925242|45.183331717,6126,ricept_6126,8.95592524220236,45.18333171744842,998,False
8.967748246|45.183331717,6127,ricept_6127,8.967748245822431,45.18333171744842,999,False
8.979571249|45.183331717,6128,ricept_6128,8.979571249442499,45.18333171744842,1000,False
9.01504026|45.183331717,6129,ricept_6129,9.015040260302708,45.18333171744842,1001,False
9.026863264|45.183331717,2423,ricept_2423,9.026863263922774,45.18333171744842,1002,False
9.038686268|45.183331717,2424,ricept_2424,9.038686267542843,45.18333171744842,1003,False
9.050509271|45.183331717,2425,ricept_2425,9.050509271162914,45.18333171744842,1004,False
9.062332275|45.183331717,2426,ricept_2426,9.062332274782984,45.18333171744842,1005,False
9.074155278|45.183331717,6131,ricept_6131,9.074155278403053,45.18333171744842,1006,False
9.085978282|45.183331717,6132,ricept_6132,9.085978282023122,45.18333171744842,1007,False
9.097801286|45.183331717,6133,ricept_6133,9.09780128564319,45.18333171744842,1008,False
9.109624289|45.183331717,25098,ricept_25098,9.10962428926326,45.18333171744842,1009,False
9.192385315|45.183331717,3264,ricept_3264,9.192385314603744,45.18333171744842,1010,False
9.216031322|45.183331717,3265,ricept_3265,9.216031321843882,45.18333171744842,1011,False
9.227854325|45.183331717,3266,ricept_3266,9.227854325463952,45.18333171744842,1012,False
9.239677329|45.183331717,3267,ricept_3267,9.23967732908402,45.18333171744842,1013,False
9.251500333|45.183331717,3268,ricept_3268,9.25150033270409,45.18333171744842,1014,False
9.263323336|45.183331717,3269,ricept_3269,9.263323336324158,45.18333171744842,1015,False
9.27514634|45.183331717,3270,ricept_3270,9.275146339944229,45.18333171744842,1016,False
9.286969344|45.183331717,3271,ricept_3271,9.286969343564296,45.18333171744842,1017,False
9.298792347|45.183331717,3272,ricept_3272,9.298792347184364,45.18333171744842,1018,False
9.310615351|45.183331717,3273,ricept_3273,9.310615350804436,45.18333171744842,1019,False
9.322438354|45.183331717,7097,ricept_7097,9.322438354424504,45.18333171744842,1020,False
9.334261358|45.183331717,3274,ricept_3274,9.334261358044571,45.18333171744842,1021,False
9.346084362|45.183331717,3275,ricept_3275,9.346084361664644,45.18333171744842,1022,False
9.357907365|45.183331717,3276,ricept_3276,9.357907365284712,45.18333171744842,1023,False
9.369730369|45.183331717,3277,ricept_3277,9.36973036890478,45.18333171744842,1024,False
9.381553373|45.183331717,3278,ricept_3278,9.38155337252485,45.18333171744842,1025,False
9.393376376|45.183331717,7103,ricept_7103,9.393376376144918,45.18333171744842,1026,False
9.40519938|45.183331717,18621,ricept_18621,9.405199379764989,45.18333171744842,1027,False
8.058556647|45.19166505,1009,ricept_1009,8.058556646563229,45.19166505048373,1028,False
8.070381381|45.19166505,1010,ricept_1010,8.07038138118768,45.19166505048373,1029,False
8.082206116|45.19166505,1011,ricept_1011,8.08220611581213,45.19166505048373,1030,False
8.11768032|45.19166505,1012,ricept_1012,8.117680319685482,45.19166505048373,1031,False
8.129505054|45.19166505,1013,ricept_1013,8.129505054309934,45.19166505048373,1032,False
8.141329789|45.19166505,1014,ricept_1014,8.141329788934385,45.19166505048373,1033,False
8.153154524|45.19166505,1015,ricept_1015,8.153154523558834,45.19166505048373,1034,False
8.164979258|45.19166505,1016,ricept_1016,8.164979258183283,45.19166505048373,1035,False
8.176803993|45.19166505,1017,ricept_1017,8.176803992807736,45.19166505048373,1036,False
8.188628727|45.19166505,1018,ricept_1018,8.188628727432187,45.19166505048373,1037,False
8.200453462|45.19166505,1019,ricept_1019,8.20045346205664,45.19166505048373,1038,False
8.212278197|45.19166505,1020,ricept_1020,8.21227819668109,45.19166505048373,1039,False
8.224102931|45.19166505,1021,ricept_1021,8.22410293130554,45.19166505048373,1040,False
8.235927666|45.19166505,1022,ricept_1022,8.235927665929989,45.19166505048373,1041,False
8.247752401|45.19166505,1023,ricept_1023,8.24775240055444,45.19166505048373,1042,False
8.259577135|45.19166505,1024,ricept_1024,8.259577135178892,45.19166505048373,1043,False
8.27140187|45.19166505,1025,ricept_1025,8.271401869803343,45.19166505048373,1044,False
8.306876074|45.19166505,1026,ricept_1026,8.306876073676694,45.19166505048373,1045,False
8.318700808|45.19166505,1027,ricept_1027,8.318700808301145,45.19166505048373,1046,False
8.330525543|45.19166505,1028,ricept_1028,8.330525542925598,45.19166505048373,1047,False
8.342350278|45.19166505,1029,ricept_1029,8.342350277550048,45.19166505048373,1048,False
8.354175012|45.19166505,1030,ricept_1030,8.3541750121745,45.19166505048373,1049,False
8.365999747|45.19166505,1031,ricept_1031,8.365999746798948,45.19166505048373,1050,False
8.377824481|45.19166505,1032,ricept_1032,8.3778244814234,45.19166505048373,1051,False
8.389649216|45.19166505,1033,ricept_1033,8.38964921604785,45.19166505048373,1052,False
8.401473951|45.19166505,1034,ricept_1034,8.401473950672303,45.19166505048373,1053,False
8.413298685|45.19166505,1035,ricept_1035,8.413298685296754,45.19166505048373,1054,False
8.42512342|45.19166505,1036,ricept_1036,8.425123419921203,45.19166505048373,1055,False
8.436948155|45.19166505,1037,ricept_1037,8.436948154545655,45.19166505048373,1056,False
8.448772889|45.19166505,1038,ricept_1038,8.448772889170103,45.19166505048373,1057,False
8.460597624|45.19166505,1039,ricept_1039,8.460597623794555,45.19166505048373,1058,False
8.472422358|45.19166505,1040,ricept_1040,8.472422358419006,45.19166505048373,1059,False
8.484247093|45.19166505,1041,ricept_1041,8.484247093043457,45.19166505048373,1060,False
8.496071828|45.19166505,1042,ricept_1042,8.496071827667908,45.19166505048373,1061,False
8.507896562|45.19166505,1043,ricept_1043,8.507896562292359,45.19166505048373,1062,False
8.531546032|45.19166505,1044,ricept_1044,8.53154603154126,45.19166505048373,1063,False
8.543370766|45.19166505,1045,ricept_1045,8.543370766165712,45.19166505048373,1064,False
8.567020235|45.19166505,2427,ricept_2427,8.567020235414612,45.19166505048373,1065,False
8.57884497|45.19166505,2428,ricept_2428,8.578844970039064,45.19166505048373,1066,False
8.590669705|45.19166505,2429,ricept_2429,8.590669704663513,45.19166505048373,1067,False
8.602494439|45.19166505,2430,ricept_2430,8.602494439287966,45.19166505048373,1068,False
8.614319174|45.19166505,2431,ricept_2431,8.614319173912417,45.19166505048373,1069,False
8.626143909|45.19166505,2432,ricept_2432,8.626143908536868,45.19166505048373,1070,False
8.637968643|45.19166505,2433,ricept_2433,8.637968643161319,45.19166505048373,1071,False
8.649793378|45.19166505,2434,ricept_2434,8.64979337778577,45.19166505048373,1072,False
8.661618112|45.19166505,2435,ricept_2435,8.661618112410219,45.19166505048373,1073,False
8.673442847|45.19166505,6143,ricept_6143,8.67344284703467,45.19166505048373,1074,False
8.685267582|45.19166505,2436,ricept_2436,8.68526758165912,45.19166505048373,1075,False
8.697092316|45.19166505,2437,ricept_2437,8.697092316283571,45.19166505048373,1076,False
8.708917051|45.19166505,6146,ricept_6146,8.708917050908022,45.19166505048373,1077,False
8.720741786|45.19166505,6147,ricept_6147,8.720741785532475,45.19166505048373,1078,False
8.73256652|45.19166505,2438,ricept_2438,8.732566520156924,45.19166505048373,1079,False
8.744391255|45.19166505,2439,ricept_2439,8.744391254781375,45.19166505048373,1080,False
8.756215989|45.19166505,2440,ricept_2440,8.756215989405826,45.19166505048373,1081,False
8.768040724|45.19166505,2441,ricept_2441,8.768040724030277,45.19166505048373,1082,False
8.779865459|45.19166505,2442,ricept_2442,8.779865458654728,45.19166505048373,1083,False
8.803514928|45.19166505,2443,ricept_2443,8.80351492790363,45.19166505048373,1084,False
8.815339663|45.19166505,2444,ricept_2444,8.81533966252808,45.19166505048373,1085,False
8.827164397|45.19166505,2445,ricept_2445,8.827164397152531,45.19166505048373,1086,False
8.838989132|45.19166505,2446,ricept_2446,8.838989131776982,45.19166505048373,1087,False
8.850813866|45.19166505,2447,ricept_2447,8.850813866401433,45.19166505048373,1088,False
8.862638601|45.19166505,2448,ricept_2448,8.862638601025884,45.19166505048373,1089,False
8.874463336|45.19166505,2449,ricept_2449,8.874463335650335,45.19166505048373,1090,False
8.88628807|45.19166505,2450,ricept_2450,8.886288070274784,45.19166505048373,1091,False
8.898112805|45.19166505,2451,ricept_2451,8.898112804899236,45.19166505048373,1092,False
8.945411743|45.19166505,2452,ricept_2452,8.94541174339704,45.19166505048373,1093,False
8.957236478|45.19166505,6160,ricept_6160,8.957236478021489,45.19166505048373,1094,False
8.980885947|45.19166505,25127,ricept_25127,8.98088594727039,45.19166505048373,1095,False
9.016360151|45.19166505,2453,ricept_2453,9.016360151143743,45.19166505048373,1096,False
9.028184886|45.19166505,2454,ricept_2454,9.028184885768194,45.19166505048373,1097,False
9.04000962|45.19166505,6163,ricept_6163,9.040009620392643,45.19166505048373,1098,False
9.051834355|45.19166505,6164,ricept_6164,9.051834355017096,45.19166505048373,1099,False
9.06365909|45.19166505,6165,ricept_6165,9.063659089641549,45.19166505048373,1100,False
9.087308559|45.19166505,13706,ricept_13706,9.08730855889045,45.19166505048373,1101,False
9.193731171|45.19166505,3279,ricept_3279,9.193731170510503,45.19166505048373,1102,False
9.205555905|45.19166505,3280,ricept_3280,9.205555905134956,45.19166505048373,1103,False
9.21738064|45.19166505,3281,ricept_3281,9.217380639759408,45.19166505048373,1104,False
9.229205374|45.19166505,3282,ricept_3282,9.22920537438386,45.19166505048373,1105,False
9.241030109|45.19166505,3283,ricept_3283,9.241030109008308,45.19166505048373,1106,False
9.252854844|45.19166505,3284,ricept_3284,9.25285484363276,45.19166505048373,1107,False
9.264679578|45.19166505,3285,ricept_3285,9.26467957825721,45.19166505048373,1108,False
9.276504313|45.19166505,3286,ricept_3286,9.27650431288166,45.19166505048373,1109,False
9.288329048|45.19166505,3287,ricept_3287,9.288329047506114,45.19166505048373,1110,False
9.300153782|45.19166505,7113,ricept_7113,9.300153782130565,45.19166505048373,1111,False
9.311978517|45.19166505,3288,ricept_3288,9.311978516755014,45.19166505048373,1112,False
9.323803251|45.19166505,3289,ricept_3289,9.323803251379465,45.19166505048373,1113,False
9.335627986|45.19166505,3290,ricept_3290,9.335627986003916,45.19166505048373,1114,False
9.347452721|45.19166505,3291,ricept_3291,9.347452720628368,45.19166505048373,1115,False
9.359277455|45.19166505,3292,ricept_3292,9.35927745525282,45.19166505048373,1116,False
9.37110219|45.19166505,3293,ricept_3293,9.371102189877268,45.19166505048373,1117,False
9.382926925|45.19166505,3294,ricept_3294,9.38292692450172,45.19166505048373,1118,False
9.394751659|45.19166505,7121,ricept_7121,9.394751659126168,45.19166505048373,1119,False
8.047910376|45.199998384,4649,ricept_4649,8.047910375667895,45.19999838351904,1120,False
8.071563308|45.199998384,1046,ricept_1046,8.071563308439881,45.19999838351904,1121,False
8.083389775|45.199998384,1047,ricept_1047,8.083389774825871,45.19999838351904,1122,False
8.095216241|45.199998384,1048,ricept_1048,8.095216241211865,45.19999838351904,1123,False
8.107042708|45.199998384,1049,ricept_1049,8.107042707597856,45.19999838351904,1124,False
8.118869174|45.199998384,1050,ricept_1050,8.11886917398385,45.19999838351904,1125,False
8.13069564|45.199998384,1051,ricept_1051,8.130695640369844,45.19999838351904,1126,False
8.142522107|45.199998384,1052,ricept_1052,8.142522106755836,45.19999838351904,1127,False
8.154348573|45.199998384,1053,ricept_1053,8.154348573141826,45.19999838351904,1128,False
8.16617504|45.199998384,1054,ricept_1054,8.16617503952782,45.19999838351904,1129,False
8.178001506|45.199998384,1055,ricept_1055,8.178001505913812,45.19999838351904,1130,False
8.189827972|45.199998384,1056,ricept_1056,8.189827972299804,45.19999838351904,1131,False
8.201654439|45.199998384,1057,ricept_1057,8.201654438685798,45.19999838351904,1132,False
8.213480905|45.199998384,1058,ricept_1058,8.21348090507179,45.19999838351904,1133,False
8.225307371|45.199998384,1059,ricept_1059,8.225307371457783,45.19999838351904,1134,False
8.237133838|45.199998384,1060,ricept_1060,8.237133837843775,45.19999838351904,1135,False
8.248960304|45.199998384,1061,ricept_1061,8.248960304229767,45.19999838351904,1136,False
8.260786771|45.199998384,4666,ricept_4666,8.260786770615761,45.19999838351904,1137,False
8.272613237|45.199998384,1062,ricept_1062,8.272613237001751,45.19999838351904,1138,False
8.284439703|45.199998384,1063,ricept_1063,8.284439703387745,45.19999838351904,1139,False
8.308092636|45.199998384,1064,ricept_1064,8.30809263615973,45.19999838351904,1140,False
8.319919103|45.199998384,1065,ricept_1065,8.319919102545722,45.19999838351904,1141,False
8.331745569|45.199998384,1066,ricept_1066,8.331745568931716,45.19999838351904,1142,False
8.343572035|45.199998384,1067,ricept_1067,8.343572035317708,45.19999838351904,1143,False
8.355398502|45.199998384,1068,ricept_1068,8.3553985017037,45.19999838351904,1144,False
8.367224968|45.199998384,1069,ricept_1069,8.367224968089692,45.19999838351904,1145,False
8.379051434|45.199998384,1070,ricept_1070,8.379051434475683,45.19999838351904,1146,False
8.390877901|45.199998384,1071,ricept_1071,8.390877900861678,45.19999838351904,1147,False
8.402704367|45.199998384,1072,ricept_1072,8.40270436724767,45.19999838351904,1148,False
8.414530834|45.199998384,1073,ricept_1073,8.414530833633663,45.19999838351904,1149,False
8.4263573|45.199998384,1074,ricept_1074,8.426357300019655,45.19999838351904,1150,False
8.438183766|45.199998384,1075,ricept_1075,8.438183766405647,45.19999838351904,1151,False
8.450010233|45.199998384,1076,ricept_1076,8.450010232791639,45.19999838351904,1152,False
8.461836699|45.199998384,1077,ricept_1077,8.461836699177631,45.19999838351904,1153,False
8.473663166|45.199998384,1078,ricept_1078,8.473663165563625,45.19999838351904,1154,False
8.485489632|45.199998384,1079,ricept_1079,8.485489631949617,45.19999838351904,1155,False
8.497316098|45.199998384,1080,ricept_1080,8.49731609833561,45.19999838351904,1156,False
8.509142565|45.199998384,1081,ricept_1081,8.509142564721603,45.19999838351904,1157,False
8.520969031|45.199998384,1082,ricept_1082,8.520969031107596,45.19999838351904,1158,False
8.532795497|45.199998384,1083,ricept_1083,8.532795497493588,45.19999838351904,1159,False
8.544621964|45.199998384,2455,ricept_2455,8.544621963879578,45.19999838351904,1160,False
8.55644843|45.199998384,1084,ricept_1084,8.556448430265572,45.19999838351904,1161,False
8.568274897|45.199998384,1085,ricept_1085,8.568274896651564,45.19999838351904,1162,False
8.580101363|45.199998384,2456,ricept_2456,8.580101363037558,45.19999838351904,1163,False
8.591927829|45.199998384,2457,ricept_2457,8.591927829423549,45.19999838351904,1164,False
8.603754296|45.199998384,2458,ricept_2458,8.603754295809543,45.19999838351904,1165,False
8.615580762|45.199998384,2459,ricept_2459,8.615580762195535,45.19999838351904,1166,False
8.627407229|45.199998384,2460,ricept_2460,8.627407228581527,45.19999838351904,1167,False
8.639233695|45.199998384,2461,ricept_2461,8.63923369496752,45.19999838351904,1168,False
8.651060161|45.199998384,2462,ricept_2462,8.651060161353513,45.19999838351904,1169,False
8.662886628|45.199998384,2463,ricept_2463,8.662886627739505,45.19999838351904,1170,False
8.674713094|45.199998384,2464,ricept_2464,8.674713094125497,45.19999838351904,1171,False
8.686539561|45.199998384,2465,ricept_2465,8.68653956051149,45.19999838351904,1172,False
8.698366027|45.199998384,2466,ricept_2466,8.698366026897482,45.19999838351904,1173,False
8.710192493|45.199998384,2467,ricept_2467,8.710192493283476,45.19999838351904,1174,False
8.72201896|45.199998384,2468,ricept_2468,8.722018959669468,45.19999838351904,1175,False
8.733845426|45.199998384,2469,ricept_2469,8.733845426055458,45.19999838351904,1176,False
8.745671892|45.199998384,2470,ricept_2470,8.745671892441452,45.19999838351904,1177,False
8.757498359|45.199998384,2471,ricept_2471,8.757498358827444,45.19999838351904,1178,False
8.769324825|45.199998384,2472,ricept_2472,8.769324825213438,45.19999838351904,1179,False
8.804804224|45.199998384,6184,ricept_6184,8.804804224371415,45.19999838351904,1180,False
8.816630691|45.199998384,2473,ricept_2473,8.816630690757407,45.19999838351904,1181,False
8.828457157|45.199998384,6186,ricept_6186,8.828457157143399,45.19999838351904,1182,False
8.840283624|45.199998384,6187,ricept_6187,8.840283623529393,45.19999838351904,1183,False
8.85211009|45.199998384,2474,ricept_2474,8.852110089915385,45.19999838351904,1184,False
8.863936556|45.199998384,2475,ricept_2475,8.863936556301377,45.19999838351904,1185,False
8.875763023|45.199998384,2476,ricept_2476,8.875763022687371,45.19999838351904,1186,False
8.887589489|45.199998384,2477,ricept_2477,8.887589489073362,45.19999838351904,1187,False
8.899415955|45.199998384,2478,ricept_2478,8.899415955459354,45.19999838351904,1188,False
8.911242422|45.199998384,2479,ricept_2479,8.911242421845348,45.19999838351904,1189,False
8.934895355|45.199998384,2480,ricept_2480,8.934895354617334,45.19999838351904,1190,False
8.946721821|45.199998384,2481,ricept_2481,8.946721821003324,45.19999838351904,1191,False
8.958548287|45.199998384,13736,ricept_13736,8.958548287389316,45.19999838351904,1192,False
8.994027687|45.199998384,13737,ricept_13737,8.994027686547295,45.19999838351904,1193,False
9.005854153|45.199998384,2482,ricept_2482,9.005854152933287,45.19999838351904,1194,False
9.017680619|45.199998384,2483,ricept_2483,9.01768061931928,45.19999838351904,1195,False
9.029507086|45.199998384,2484,ricept_2484,9.029507085705273,45.19999838351904,1196,False
9.041333552|45.199998384,2485,ricept_2485,9.041333552091263,45.19999838351904,1197,False
9.124118817|45.199998384,7122,ricept_7122,9.124118816793212,45.19999838351904,1198,False
9.183251149|45.199998384,3295,ricept_3295,9.183251148723174,45.19999838351904,1199,False
9.195077615|45.199998384,3296,ricept_3296,9.195077615109168,45.19999838351904,1200,False
9.206904081|45.199998384,3297,ricept_3297,9.20690408149516,45.19999838351904,1201,False
9.218730548|45.199998384,7125,ricept_7125,9.218730547881153,45.19999838351904,1202,False
9.230557014|45.199998384,7126,ricept_7126,9.230557014267148,45.19999838351904,1203,False
9.242383481|45.199998384,3298,ricept_3298,9.242383480653135,45.19999838351904,1204,False
9.254209947|45.199998384,3299,ricept_3299,9.25420994703913,45.19999838351904,1205,False
9.266036413|45.199998384,3300,ricept_3300,9.26603641342512,45.19999838351904,1206,False
9.27786288|45.199998384,7130,ricept_7130,9.277862879811114,45.19999838351904,1207,False
9.289689346|45.199998384,7131,ricept_7131,9.289689346197108,45.19999838351904,1208,False
9.301515813|45.199998384,7132,ricept_7132,9.3015158125831,45.19999838351904,1209,False
9.313342279|45.199998384,7133,ricept_7133,9.313342278969092,45.19999838351904,1210,False
9.336995212|45.199998384,3301,ricept_3301,9.336995211741078,45.19999838351904,1211,False
9.348821678|45.199998384,7135,ricept_7135,9.34882167812707,45.19999838351904,1212,False
9.372474611|45.199998384,3302,ricept_3302,9.372474610899056,45.19999838351904,1213,False
9.384301077|45.199998384,3303,ricept_3303,9.384301077285048,45.19999838351904,1214,False
9.396127544|45.199998384,3304,ricept_3304,9.39612754367104,45.19999838351904,1215,False
9.40795401|45.199998384,3305,ricept_3305,9.407954010057033,45.19999838351904,1216,False
8.060917554|45.208331717,1086,ricept_1086,8.060917553825774,45.20833171655435,1217,False
8.072745753|45.208331717,1087,ricept_1087,8.072745752730876,45.20833171655435,1218,False
8.084573952|45.208331717,1088,ricept_1088,8.084573951635974,45.20833171655435,1219,False
8.096402151|45.208331717,1089,ricept_1089,8.096402150541074,45.20833171655435,1220,False
8.108230349|45.208331717,1090,ricept_1090,8.108230349446176,45.20833171655435,1221,False
8.120058548|45.208331717,1091,ricept_1091,8.120058548351276,45.20833171655435,1222,False
8.131886747|45.208331717,1092,ricept_1092,8.131886747256376,45.20833171655435,1223,False
8.143714946|45.208331717,1093,ricept_1093,8.143714946161476,45.20833171655435,1224,False
8.155543145|45.208331717,1094,ricept_1094,8.155543145066575,45.20833171655435,1225,False
8.167371344|45.208331717,1095,ricept_1095,8.167371343971675,45.20833171655435,1226,False
8.179199543|45.208331717,1096,ricept_1096,8.179199542876775,45.20833171655435,1227,False
8.191027742|45.208331717,1097,ricept_1097,8.191027741781877,45.20833171655435,1228,False
8.202855941|45.208331717,1098,ricept_1098,8.202855940686977,45.20833171655435,1229,False
8.21468414|45.208331717,1099,ricept_1099,8.214684139592077,45.20833171655435,1230,False
8.226512338|45.208331717,1100,ricept_1100,8.226512338497175,45.20833171655435,1231,False
8.238340537|45.208331717,1101,ricept_1101,8.238340537402276,45.20833171655435,1232,False
8.250168736|45.208331717,4707,ricept_4707,8.250168736307376,45.20833171655435,1233,False
8.261996935|45.208331717,4708,ricept_4708,8.261996935212478,45.20833171655435,1234,False
8.273825134|45.208331717,1102,ricept_1102,8.273825134117578,45.20833171655435,1235,False
8.285653333|45.208331717,1103,ricept_1103,8.285653333022678,45.20833171655435,1236,False
8.297481532|45.208331717,1104,ricept_1104,8.297481531927778,45.20833171655435,1237,False
8.309309731|45.208331717,1105,ricept_1105,8.309309730832876,45.20833171655435,1238,False
8.32113793|45.208331717,1106,ricept_1106,8.321137929737978,45.20833171655435,1239,False
8.332966129|45.208331717,1107,ricept_1107,8.33296612864308,45.20833171655435,1240,False
8.344794328|45.208331717,1108,ricept_1108,8.344794327548179,45.20833171655435,1241,False
8.356622526|45.208331717,1109,ricept_1109,8.356622526453279,45.20833171655435,1242,False
8.368450725|45.208331717,1110,ricept_1110,8.368450725358379,45.20833171655435,1243,False
8.380278924|45.208331717,1111,ricept_1111,8.380278924263479,45.20833171655435,1244,False
8.392107123|45.208331717,1112,ricept_1112,8.392107123168579,45.20833171655435,1245,False
8.403935322|45.208331717,1113,ricept_1113,8.40393532207368,45.20833171655435,1246,False
8.415763521|45.208331717,1114,ricept_1114,8.41576352097878,45.20833171655435,1247,False
8.42759172|45.208331717,1115,ricept_1115,8.42759171988388,45.20833171655435,1248,False
8.439419919|45.208331717,1116,ricept_1116,8.43941991878898,45.20833171655435,1249,False
8.451248118|45.208331717,1117,ricept_1117,8.45124811769408,45.20833171655435,1250,False
8.463076317|45.208331717,1118,ricept_1118,8.46307631659918,45.20833171655435,1251,False
8.474904516|45.208331717,1119,ricept_1119,8.47490451550428,45.20833171655435,1252,False
8.486732714|45.208331717,1120,ricept_1120,8.486732714409381,45.20833171655435,1253,False
8.498560913|45.208331717,1121,ricept_1121,8.498560913314481,45.20833171655435,1254,False
8.510389112|45.208331717,1122,ricept_1122,8.510389112219583,45.20833171655435,1255,False
8.522217311|45.208331717,1123,ricept_1123,8.522217311124681,45.20833171655435,1256,False
8.53404551|45.208331717,4731,ricept_4731,8.534045510029783,45.20833171655435,1257,False
8.545873709|45.208331717,2486,ricept_2486,8.54587370893488,45.20833171655435,1258,False
8.557701908|45.208331717,2487,ricept_2487,8.55770190783998,45.20833171655435,1259,False
8.569530107|45.208331717,2488,ricept_2488,8.569530106745082,45.20833171655435,1260,False
8.581358306|45.208331717,2489,ricept_2489,8.581358305650184,45.20833171655435,1261,False
8.593186505|45.208331717,2490,ricept_2490,8.593186504555282,45.20833171655435,1262,False
8.605014703|45.208331717,2491,ricept_2491,8.605014703460382,45.20833171655435,1263,False
8.616842902|45.208331717,2492,ricept_2492,8.616842902365484,45.20833171655435,1264,False
8.628671101|45.208331717,2493,ricept_2493,8.628671101270582,45.20833171655435,1265,False
8.6404993|45.208331717,2494,ricept_2494,8.640499300175684,45.20833171655435,1266,False
8.652327499|45.208331717,2495,ricept_2495,8.652327499080783,45.20833171655435,1267,False
8.664155698|45.208331717,2496,ricept_2496,8.664155697985883,45.20833171655435,1268,False
8.675983897|45.208331717,2497,ricept_2497,8.675983896890983,45.20833171655435,1269,False
8.687812096|45.208331717,2498,ricept_2498,8.687812095796083,45.20833171655435,1270,False
8.699640295|45.208331717,2499,ricept_2499,8.699640294701185,45.20833171655435,1271,False
8.711468494|45.208331717,2500,ricept_2500,8.711468493606285,45.20833171655435,1272,False
8.723296693|45.208331717,2501,ricept_2501,8.723296692511385,45.20833171655435,1273,False
8.735124891|45.208331717,2502,ricept_2502,8.735124891416483,45.20833171655435,1274,False
8.74695309|45.208331717,2503,ricept_2503,8.746953090321584,45.20833171655435,1275,False
8.758781289|45.208331717,2504,ricept_2504,8.758781289226684,45.20833171655435,1276,False
8.770609488|45.208331717,2505,ricept_2505,8.770609488131786,45.20833171655435,1277,False
8.782437687|45.208331717,2506,ricept_2506,8.782437687036886,45.20833171655435,1278,False
8.806094085|45.208331717,2507,ricept_2507,8.806094084847084,45.20833171655435,1279,False
8.817922284|45.208331717,2508,ricept_2508,8.817922283752184,45.20833171655435,1280,False
8.829750483|45.208331717,2509,ricept_2509,8.829750482657285,45.20833171655435,1281,False
8.841578682|45.208331717,2510,ricept_2510,8.841578681562387,45.20833171655435,1282,False
8.85340688|45.208331717,2511,ricept_2511,8.853406880467487,45.20833171655435,1283,False
8.888891477|45.208331717,2512,ricept_2512,8.888891477182787,45.20833171655435,1284,False
8.900719676|45.208331717,2513,ricept_2513,8.900719676087885,45.20833171655435,1285,False
8.912547875|45.208331717,2514,ricept_2514,8.912547874992988,45.20833171655435,1286,False
8.924376074|45.208331717,2515,ricept_2515,8.924376073898088,45.20833171655435,1287,False
8.936204273|45.208331717,6226,ricept_6226,8.936204272803188,45.20833171655435,1288,False
8.948032472|45.208331717,6227,ricept_6227,8.948032471708288,45.20833171655435,1289,False
8.97168887|45.208331717,2516,ricept_2516,8.971688869518488,45.20833171655435,1290,False
8.983517068|45.208331717,2517,ricept_2517,8.983517068423588,45.20833171655435,1291,False
8.995345267|45.208331717,2518,ricept_2518,8.99534526732869,45.20833171655435,1292,False
9.007173466|45.208331717,6229,ricept_6229,9.00717346623379,45.20833171655435,1293,False
9.019001665|45.208331717,6230,ricept_6230,9.019001665138893,45.20833171655435,1294,False
9.030829864|45.208331717,2519,ricept_2519,9.030829864043987,45.20833171655435,1295,False
9.042658063|45.208331717,13777,ricept_13777,9.04265806294909,45.20833171655435,1296,False
9.089970859|45.208331717,3306,ricept_3306,9.089970858569492,45.20833171655435,1297,False
9.101799057|45.208331717,10817,ricept_10817,9.10179905747459,45.20833171655435,1298,False
9.113627256|45.208331717,7138,ricept_7138,9.11362725637969,45.20833171655435,1299,False
9.125455455|45.208331717,3307,ricept_3307,9.125455455284792,45.20833171655435,1300,False
9.137283654|45.208331717,3308,ricept_3308,9.13728365418989,45.20833171655435,1301,False
9.172768251|45.208331717,3309,ricept_3309,9.172768250905191,45.20833171655435,1302,False
9.18459645|45.208331717,3310,ricept_3310,9.184596449810291,45.20833171655435,1303,False
9.196424649|45.208331717,7143,ricept_7143,9.196424648715391,45.20833171655435,1304,False
9.208252848|45.208331717,3311,ricept_3311,9.208252847620493,45.20833171655435,1305,False
9.231909245|45.208331717,3312,ricept_3312,9.231909245430693,45.20833171655435,1306,False
9.243737444|45.208331717,3313,ricept_3313,9.24373744433579,45.20833171655435,1307,False
9.255565643|45.208331717,7147,ricept_7147,9.255565643240892,45.20833171655435,1308,False
9.267393842|45.208331717,3314,ricept_3314,9.267393842145992,45.20833171655435,1309,False
9.29105024|45.208331717,3315,ricept_3315,9.291050239956194,45.20833171655435,1310,False
9.302878439|45.208331717,3316,ricept_3316,9.302878438861294,45.20833171655435,1311,False
9.314706638|45.208331717,7150,ricept_7150,9.314706637766392,45.20833171655435,1312,False
9.326534837|45.208331717,7151,ricept_7151,9.326534836671492,45.20833171655435,1313,False
9.338363036|45.208331717,3317,ricept_3317,9.338363035576592,45.20833171655435,1314,False
9.350191234|45.208331717,14775,ricept_14775,9.350191234481697,45.20833171655435,1315,False
9.373847632|45.208331717,3318,ricept_3318,9.373847632291897,45.20833171655435,1316,False
9.385675831|45.208331717,3319,ricept_3319,9.385675831196997,45.20833171655435,1317,False
9.39750403|45.208331717,3320,ricept_3320,9.397504030102096,45.20833171655435,1318,False
9.409332229|45.208331717,7156,ricept_7156,9.409332229007193,45.20833171655435,1319,False
8.05026885|45.21666505,4732,ricept_4732,8.0502688499736,45.21666504958966,1320,False
8.062098782|45.21666505,1124,ricept_1124,8.06209878215578,45.21666504958966,1321,False
8.073928714|45.21666505,1125,ricept_1125,8.073928714337962,45.21666504958966,1322,False
8.085758647|45.21666505,1126,ricept_1126,8.08575864652014,45.21666504958966,1323,False
8.097588579|45.21666505,1127,ricept_1127,8.09758857870232,45.21666504958966,1324,False
8.109418511|45.21666505,1128,ricept_1128,8.1094185108845,45.21666504958966,1325,False
8.121248443|45.21666505,1129,ricept_1129,8.12124844306668,45.21666504958966,1326,False
8.133078375|45.21666505,1130,ricept_1130,8.133078375248862,45.21666504958966,1327,False
8.144908307|45.21666505,1131,ricept_1131,8.144908307431043,45.21666504958966,1328,False
8.15673824|45.21666505,1132,ricept_1132,8.15673823961322,45.21666504958966,1329,False
8.168568172|45.21666505,1133,ricept_1133,8.168568171795402,45.21666504958966,1330,False
8.180398104|45.21666505,1134,ricept_1134,8.18039810397758,45.21666504958966,1331,False
8.192228036|45.21666505,1135,ricept_1135,8.192228036159763,45.21666504958966,1332,False
8.204057968|45.21666505,1136,ricept_1136,8.204057968341944,45.21666504958966,1333,False
8.215887901|45.21666505,1137,ricept_1137,8.215887900524123,45.21666504958966,1334,False
8.227717833|45.21666505,1138,ricept_1138,8.227717832706302,45.21666504958966,1335,False
8.239547765|45.21666505,4748,ricept_4748,8.239547764888481,45.21666504958966,1336,False
8.275037561|45.21666505,4749,ricept_4749,8.275037561435024,45.21666504958966,1337,False
8.286867494|45.21666505,1139,ricept_1139,8.286867493617205,45.21666504958966,1338,False
8.298697426|45.21666505,1140,ricept_1140,8.298697425799384,45.21666504958966,1339,False
8.310527358|45.21666505,1141,ricept_1141,8.310527357981563,45.21666504958966,1340,False
8.32235729|45.21666505,1142,ricept_1142,8.322357290163744,45.21666504958966,1341,False
8.334187222|45.21666505,1143,ricept_1143,8.334187222345925,45.21666504958966,1342,False
8.346017155|45.21666505,1144,ricept_1144,8.346017154528106,45.21666504958966,1343,False
8.357847087|45.21666505,1145,ricept_1145,8.357847086710285,45.21666504958966,1344,False
8.369677019|45.21666505,1146,ricept_1146,8.369677018892466,45.21666504958966,1345,False
8.381506951|45.21666505,1147,ricept_1147,8.381506951074645,45.21666504958966,1346,False
8.393336883|45.21666505,1148,ricept_1148,8.393336883256826,45.21666504958966,1347,False
8.405166815|45.21666505,1149,ricept_1149,8.405166815439006,45.21666504958966,1348,False
8.416996748|45.21666505,1150,ricept_1150,8.416996747621186,45.21666504958966,1349,False
8.42882668|45.21666505,1151,ricept_1151,8.428826679803366,45.21666504958966,1350,False
8.440656612|45.21666505,1152,ricept_1152,8.440656611985547,45.21666504958966,1351,False
8.452486544|45.21666505,1153,ricept_1153,8.452486544167725,45.21666504958966,1352,False
8.464316476|45.21666505,1154,ricept_1154,8.464316476349907,45.21666504958966,1353,False
8.476146409|45.21666505,1155,ricept_1155,8.476146408532086,45.21666504958966,1354,False
8.487976341|45.21666505,1156,ricept_1156,8.487976340714267,45.21666504958966,1355,False
8.499806273|45.21666505,1157,ricept_1157,8.499806272896446,45.21666504958966,1356,False
8.511636205|45.21666505,1158,ricept_1158,8.511636205078629,45.21666504958966,1357,False
8.523466137|45.21666505,4770,ricept_4770,8.523466137260808,45.21666504958966,1358,False
8.535296069|45.21666505,6232,ricept_6232,8.535296069442987,45.21666504958966,1359,False
8.547126002|45.21666505,2520,ricept_2520,8.547126001625168,45.21666504958966,1360,False
8.558955934|45.21666505,2521,ricept_2521,8.558955933807347,45.21666504958966,1361,False
8.570785866|45.21666505,2522,ricept_2522,8.570785865989528,45.21666504958966,1362,False
8.582615798|45.21666505,2523,ricept_2523,8.582615798171709,45.21666504958966,1363,False
8.59444573|45.21666505,2524,ricept_2524,8.594445730353888,45.21666504958966,1364,False
8.606275663|45.21666505,2525,ricept_2525,8.606275662536069,45.21666504958966,1365,False
8.618105595|45.21666505,2526,ricept_2526,8.618105594718248,45.21666504958966,1366,False
8.629935527|45.21666505,2527,ricept_2527,8.629935526900429,45.21666504958966,1367,False
8.641765459|45.21666505,2528,ricept_2528,8.64176545908261,45.21666504958966,1368,False
8.653595391|45.21666505,6242,ricept_6242,8.65359539126479,45.21666504958966,1369,False
8.665425323|45.21666505,2529,ricept_2529,8.66542532344697,45.21666504958966,1370,False
8.677255256|45.21666505,2530,ricept_2530,8.677255255629149,45.21666504958966,1371,False
8.689085188|45.21666505,2531,ricept_2531,8.68908518781133,45.21666504958966,1372,False
8.70091512|45.21666505,2532,ricept_2532,8.70091511999351,45.21666504958966,1373,False
8.712745052|45.21666505,2533,ricept_2533,8.712745052175691,45.21666504958966,1374,False
8.724574984|45.21666505,2534,ricept_2534,8.724574984357872,45.21666504958966,1375,False
8.736404917|45.21666505,2535,ricept_2535,8.73640491654005,45.21666504958966,1376,False
8.748234849|45.21666505,2536,ricept_2536,8.74823484872223,45.21666504958966,1377,False
8.760064781|45.21666505,2537,ricept_2537,8.760064780904411,45.21666504958966,1378,False
8.771894713|45.21666505,2538,ricept_2538,8.771894713086592,45.21666504958966,1379,False
8.783724645|45.21666505,2539,ricept_2539,8.783724645268773,45.21666504958966,1380,False
8.795554577|45.21666505,2540,ricept_2540,8.795554577450952,45.21666504958966,1381,False
8.80738451|45.21666505,2541,ricept_2541,8.807384509633131,45.21666504958966,1382,False
8.819214442|45.21666505,2542,ricept_2542,8.81921444181531,45.21666504958966,1383,False
8.831044374|45.21666505,2543,ricept_2543,8.831044373997491,45.21666504958966,1384,False
8.842874306|45.21666505,2544,ricept_2544,8.842874306179672,45.21666504958966,1385,False
8.854704238|45.21666505,2545,ricept_2545,8.854704238361851,45.21666504958966,1386,False
8.866534171|45.21666505,2546,ricept_2546,8.866534170544032,45.21666504958966,1387,False
8.878364103|45.21666505,2547,ricept_2547,8.878364102726211,45.21666504958966,1388,False
8.890194035|45.21666505,2548,ricept_2548,8.890194034908392,45.21666504958966,1389,False
8.902023967|45.21666505,2549,ricept_2549,8.902023967090573,45.21666504958966,1390,False
8.913853899|45.21666505,2550,ricept_2550,8.913853899272752,45.21666504958966,1391,False
8.925683831|45.21666505,2551,ricept_2551,8.925683831454933,45.21666504958966,1392,False
8.97300356|45.21666505,2552,ricept_2552,8.973003560183653,45.21666504958966,1393,False
8.984833492|45.21666505,2553,ricept_2553,8.984833492365834,45.21666504958966,1394,False
8.996663425|45.21666505,2554,ricept_2554,8.996663424548013,45.21666504958966,1395,False
9.008493357|45.21666505,2555,ricept_2555,9.008493356730192,45.21666504958966,1396,False
9.020323289|45.21666505,6270,ricept_6270,9.020323288912376,45.21666504958966,1397,False
9.032153221|45.21666505,6271,ricept_6271,9.032153221094552,45.21666504958966,1398,False
9.043983153|45.21666505,13817,ricept_13817,9.043983153276734,45.21666504958966,1399,False
9.07947295|45.21666505,3321,ricept_3321,9.079472949823275,45.21666504958966,1400,False
9.091302882|45.21666505,3322,ricept_3322,9.091302882005456,45.21666504958966,1401,False
9.103132814|45.21666505,3323,ricept_3323,9.103132814187637,45.21666504958966,1402,False
9.114962746|45.21666505,3324,ricept_3324,9.114962746369814,45.21666504958966,1403,False
9.126792679|45.21666505,7158,ricept_7158,9.126792678551997,45.21666504958966,1404,False
9.138622611|45.21666505,7159,ricept_7159,9.138622610734176,45.21666504958966,1405,False
9.150452543|45.21666505,3325,ricept_3325,9.150452542916357,45.21666504958966,1406,False
9.162282475|45.21666505,7161,ricept_7161,9.162282475098538,45.21666504958966,1407,False
9.174112407|45.21666505,7162,ricept_7162,9.174112407280717,45.21666504958966,1408,False
9.185942339|45.21666505,7163,ricept_7163,9.185942339462896,45.21666504958966,1409,False
9.197772272|45.21666505,14789,ricept_14789,9.197772271645077,45.21666504958966,1410,False
9.209602204|45.21666505,3326,ricept_3326,9.209602203827256,45.21666504958966,1411,False
9.221432136|45.21666505,3327,ricept_3327,9.221432136009438,45.21666504958966,1412,False
9.233262068|45.21666505,3328,ricept_3328,9.233262068191618,45.21666504958966,1413,False
9.268751865|45.21666505,3329,ricept_3329,9.268751864738157,45.21666504958966,1414,False
9.280581797|45.21666505,3330,ricept_3330,9.280581796920336,45.21666504958966,1415,False
9.292411729|45.21666505,3331,ricept_3331,9.292411729102518,45.21666504958966,1416,False
9.304241661|45.21666505,3332,ricept_3332,9.3042416612847,45.21666504958966,1417,False
9.316071593|45.21666505,14797,ricept_14797,9.316071593466877,45.21666504958966,1418,False
9.327901526|45.21666505,7171,ricept_7171,9.327901525649056,45.21666504958966,1419,False
9.339731458|45.21666505,7172,ricept_7172,9.339731457831238,45.21666504958966,1420,False
9.35156139|45.21666505,76881,ricept_76881,9.35156139001342,45.21666504958966,1421,False
9.375221254|45.21666505,7173,ricept_7173,9.37522125437778,45.21666504958966,1422,False
9.387051187|45.21666505,7174,ricept_7174,9.38705118655996,45.21666504958966,1423,False
9.398881119|45.21666505,3333,ricept_3333,9.39888111874214,45.21666504958966,1424,False
9.410711051|45.21666505,7176,ricept_7176,9.410711050924318,45.21666504958966,1425,False
9.422540983|45.21666505,7177,ricept_7177,9.4225409831065,45.21666504958966,1426,False
8.075112194|45.224998383,1159,ricept_1159,8.075112193538656,45.22499838262497,1427,False
8.08694386|45.224998383,1160,ricept_1160,8.086943859756294,45.22499838262497,1428,False
8.098775526|45.224998383,1161,ricept_1161,8.098775525973934,45.22499838262497,1429,False
8.110607192|45.224998383,1162,ricept_1162,8.110607192191573,45.22499838262497,1430,False
8.122438858|45.224998383,1163,ricept_1163,8.122438858409213,45.22499838262497,1431,False
8.134270525|45.224998383,1164,ricept_1164,8.134270524626851,45.22499838262497,1432,False
8.146102191|45.224998383,1165,ricept_1165,8.146102190844491,45.22499838262497,1433,False
8.157933857|45.224998383,1166,ricept_1166,8.15793385706213,45.22499838262497,1434,False
8.169765523|45.224998383,1167,ricept_1167,8.169765523279768,45.22499838262497,1435,False
8.181597189|45.224998383,1168,ricept_1168,8.181597189497408,45.22499838262497,1436,False
8.193428856|45.224998383,1169,ricept_1169,8.193428855715046,45.22499838262497,1437,False
8.205260522|45.224998383,1170,ricept_1170,8.205260521932686,45.22499838262497,1438,False
8.217092188|45.224998383,1171,ricept_1171,8.217092188150326,45.22499838262497,1439,False
8.228923854|45.224998383,1172,ricept_1172,8.228923854367963,45.22499838262497,1440,False
8.288082185|45.224998383,4785,ricept_4785,8.28808218545616,45.22499838262497,1441,False
8.299913852|45.224998383,1173,ricept_1173,8.2999138516738,45.22499838262497,1442,False
8.311745518|45.224998383,1174,ricept_1174,8.311745517891437,45.22499838262497,1443,False
8.323577184|45.224998383,1175,ricept_1175,8.323577184109077,45.22499838262497,1444,False
8.33540885|45.224998383,1176,ricept_1176,8.335408850326717,45.22499838262497,1445,False
8.347240517|45.224998383,1177,ricept_1177,8.347240516544355,45.22499838262497,1446,False
8.359072183|45.224998383,1178,ricept_1178,8.359072182761995,45.22499838262497,1447,False
8.370903849|45.224998383,1179,ricept_1179,8.370903848979632,45.22499838262497,1448,False
8.382735515|45.224998383,1180,ricept_1180,8.382735515197272,45.22499838262497,1449,False
8.394567181|45.224998383,1181,ricept_1181,8.394567181414912,45.22499838262497,1450,False
8.406398848|45.224998383,1182,ricept_1182,8.40639884763255,45.22499838262497,1451,False
8.418230514|45.224998383,1183,ricept_1183,8.41823051385019,45.22499838262497,1452,False
8.43006218|45.224998383,1184,ricept_1184,8.430062180067829,45.22499838262497,1453,False
8.441893846|45.224998383,1185,ricept_1185,8.441893846285469,45.22499838262497,1454,False
8.453725513|45.224998383,1186,ricept_1186,8.453725512503105,45.22499838262497,1455,False
8.465557179|45.224998383,1187,ricept_1187,8.465557178720745,45.22499838262497,1456,False
8.477388845|45.224998383,1188,ricept_1188,8.477388844938385,45.22499838262497,1457,False
8.489220511|45.224998383,1189,ricept_1189,8.489220511156024,45.22499838262497,1458,False
8.501052177|45.224998383,1190,ricept_1190,8.501052177373662,45.22499838262497,1459,False
8.512883844|45.224998383,1191,ricept_1191,8.512883843591302,45.22499838262497,1460,False
8.536547176|45.224998383,6272,ricept_6272,8.53654717602658,45.22499838262497,1461,False
8.548378842|45.224998383,2556,ricept_2556,8.548378842244219,45.22499838262497,1462,False
8.560210508|45.224998383,2557,ricept_2557,8.560210508461857,45.22499838262497,1463,False
8.572042175|45.224998383,2558,ricept_2558,8.572042174679497,45.22499838262497,1464,False
8.583873841|45.224998383,2559,ricept_2559,8.583873840897137,45.22499838262497,1465,False
8.595705507|45.224998383,2560,ricept_2560,8.595705507114776,45.22499838262497,1466,False
8.607537173|45.224998383,2561,ricept_2561,8.607537173332414,45.22499838262497,1467,False
8.61936884|45.224998383,2562,ricept_2562,8.619368839550052,45.22499838262497,1468,False
8.631200506|45.224998383,2563,ricept_2563,8.631200505767692,45.22499838262497,1469,False
8.643032172|45.224998383,2564,ricept_2564,8.643032171985332,45.22499838262497,1470,False
8.654863838|45.224998383,2565,ricept_2565,8.654863838202973,45.22499838262497,1471,False
8.666695504|45.224998383,2566,ricept_2566,8.666695504420609,45.22499838262497,1472,False
8.678527171|45.224998383,2567,ricept_2567,8.67852717063825,45.22499838262497,1473,False
8.690358837|45.224998383,2568,ricept_2568,8.690358836855888,45.22499838262497,1474,False
8.702190503|45.224998383,2569,ricept_2569,8.702190503073526,45.22499838262497,1475,False
8.714022169|45.224998383,2570,ricept_2570,8.714022169291168,45.22499838262497,1476,False
8.725853836|45.224998383,2571,ricept_2571,8.725853835508804,45.22499838262497,1477,False
8.737685502|45.224998383,2572,ricept_2572,8.737685501726444,45.22499838262497,1478,False
8.749517168|45.224998383,2573,ricept_2573,8.74951716794408,45.22499838262497,1479,False
8.761348834|45.224998383,2574,ricept_2574,8.761348834161721,45.22499838262497,1480,False
8.7731805|45.224998383,2575,ricept_2575,8.773180500379363,45.22499838262497,1481,False
8.785012167|45.224998383,2576,ricept_2576,8.785012166597,45.22499838262497,1482,False
8.796843833|45.224998383,2577,ricept_2577,8.79684383281464,45.22499838262497,1483,False
8.808675499|45.224998383,2578,ricept_2578,8.808675499032276,45.22499838262497,1484,False
8.820507165|45.224998383,2579,ricept_2579,8.820507165249916,45.22499838262497,1485,False
8.832338831|45.224998383,2580,ricept_2580,8.832338831467556,45.22499838262497,1486,False
8.844170498|45.224998383,2581,ricept_2581,8.844170497685196,45.22499838262497,1487,False
8.856002164|45.224998383,2582,ricept_2582,8.856002163902835,45.22499838262497,1488,False
8.86783383|45.224998383,2583,ricept_2583,8.867833830120473,45.22499838262497,1489,False
8.879665496|45.224998383,2584,ricept_2584,8.879665496338113,45.22499838262497,1490,False
8.891497163|45.224998383,2585,ricept_2585,8.891497162555751,45.22499838262497,1491,False
8.903328829|45.224998383,2586,ricept_2586,8.90332882877339,45.22499838262497,1492,False
8.915160495|45.224998383,2587,ricept_2587,8.91516049499103,45.22499838262497,1493,False
8.926992161|45.224998383,2588,ricept_2588,8.926992161208668,45.22499838262497,1494,False
8.950655494|45.224998383,2589,ricept_2589,8.950655493643948,45.22499838262497,1495,False
8.96248716|45.224998383,2590,ricept_2590,8.962487159861585,45.22499838262497,1496,False
8.974318826|45.224998383,6308,ricept_6308,8.974318826079225,45.22499838262497,1497,False
8.986150492|45.224998383,6309,ricept_6309,8.986150492296863,45.22499838262497,1498,False
8.997982159|45.224998383,6310,ricept_6310,8.997982158514503,45.22499838262497,1499,False
9.009813825|45.224998383,13855,ricept_13855,9.009813824732142,45.22499838262497,1500,False
9.021645491|45.224998383,13856,ricept_13856,9.021645490949782,45.22499838262497,1501,False
9.068972156|45.224998383,7178,ricept_7178,9.068972155820337,45.22499838262497,1502,False
9.080803822|45.224998383,3334,ricept_3334,9.080803822037977,45.22499838262497,1503,False
9.092635488|45.224998383,3335,ricept_3335,9.092635488255617,45.22499838262497,1504,False
9.104467154|45.224998383,3336,ricept_3336,9.104467154473252,45.22499838262497,1505,False
9.116298821|45.224998383,3337,ricept_3337,9.116298820690892,45.22499838262497,1506,False
9.128130487|45.224998383,3338,ricept_3338,9.128130486908532,45.22499838262497,1507,False
9.139962153|45.224998383,7184,ricept_7184,9.139962153126172,45.22499838262497,1508,False
9.151793819|45.224998383,3339,ricept_3339,9.151793819343812,45.22499838262497,1509,False
9.163625486|45.224998383,3340,ricept_3340,9.16362548556145,45.22499838262497,1510,False
9.175457152|45.224998383,3341,ricept_3341,9.175457151779089,45.22499838262497,1511,False
9.187288818|45.224998383,14814,ricept_14814,9.187288817996729,45.22499838262497,1512,False
9.199120484|45.224998383,3342,ricept_3342,9.199120484214369,45.22499838262497,1513,False
9.21095215|45.224998383,3343,ricept_3343,9.210952150432009,45.22499838262497,1514,False
9.222783817|45.224998383,7187,ricept_7187,9.222783816649644,45.22499838262497,1515,False
9.246447149|45.224998383,3344,ricept_3344,9.246447149084922,45.22499838262497,1516,False
9.258278815|45.224998383,3345,ricept_3345,9.258278815302562,45.22499838262497,1517,False
9.270110482|45.224998383,3346,ricept_3346,9.270110481520202,45.22499838262497,1518,False
9.281942148|45.224998383,3347,ricept_3347,9.28194214773784,45.22499838262497,1519,False
9.293773814|45.224998383,3348,ricept_3348,9.29377381395548,45.22499838262497,1520,False
9.30560548|45.224998383,3349,ricept_3349,9.30560548017312,45.22499838262497,1521,False
9.317437146|45.224998383,3350,ricept_3350,9.317437146390755,45.22499838262497,1522,False
9.341100479|45.224998383,7194,ricept_7194,9.341100478826034,45.22499838262497,1523,False
9.352932145|45.224998383,14824,ricept_14824,9.352932145043676,45.22499838262497,1524,False
9.364763811|45.224998383,3351,ricept_3351,9.364763811261314,45.22499838262497,1525,False
9.376595477|45.224998383,3352,ricept_3352,9.376595477478954,45.22499838262497,1526,False
9.388427144|45.224998383,7195,ricept_7195,9.388427143696592,45.22499838262497,1527,False
9.40025881|45.224998383,7196,ricept_7196,9.40025880991423,45.22499838262497,1528,False
9.412090476|45.224998383,7197,ricept_7197,9.412090476131867,45.22499838262497,1529,False
9.423922142|45.224998383,7198,ricept_7198,9.42392214234951,45.22499838262497,1530,False
8.076296191|45.233331716,1192,ricept_1192,8.07629619061068,45.23333171566028,1531,False
8.088129592|45.233331716,1193,ricept_1193,8.088129591622563,45.23333171566028,1532,False
8.099962993|45.233331716,1194,ricept_1194,8.099962992634447,45.23333171566028,1533,False
8.111796394|45.233331716,1195,ricept_1195,8.11179639364633,45.23333171566028,1534,False
8.123629795|45.233331716,1196,ricept_1196,8.123629794658214,45.23333171566028,1535,False
8.135463196|45.233331716,1197,ricept_1197,8.135463195670098,45.23333171566028,1536,False
8.147296597|45.233331716,1198,ricept_1198,8.147296596681981,45.23333171566028,1537,False
8.159129998|45.233331716,1199,ricept_1199,8.159129997693865,45.23333171566028,1538,False
8.170963399|45.233331716,1200,ricept_1200,8.170963398705748,45.23333171566028,1539,False
8.1827968|45.233331716,1201,ricept_1201,8.182796799717632,45.23333171566028,1540,False
8.194630201|45.233331716,1202,ricept_1202,8.194630200729517,45.23333171566028,1541,False
8.206463602|45.233331716,1203,ricept_1203,8.206463601741401,45.23333171566028,1542,False
8.218297003|45.233331716,1204,ricept_1204,8.218297002753285,45.23333171566028,1543,False
8.230130404|45.233331716,1205,ricept_1205,8.230130403765168,45.23333171566028,1544,False
8.241963805|45.233331716,1206,ricept_1206,8.24196380477705,45.23333171566028,1545,False
8.277464008|45.233331716,1207,ricept_1207,8.277464007812704,45.23333171566028,1546,False
8.289297409|45.233331716,1208,ricept_1208,8.289297408824588,45.23333171566028,1547,False
8.30113081|45.233331716,1209,ricept_1209,8.301130809836472,45.23333171566028,1548,False
8.312964211|45.233331716,1210,ricept_1210,8.312964210848353,45.23333171566028,1549,False
8.324797612|45.233331716,1211,ricept_1211,8.32479761186024,45.23333171566028,1550,False
8.336631013|45.233331716,1212,ricept_1212,8.336631012872122,45.23333171566028,1551,False
8.348464414|45.233331716,1213,ricept_1213,8.348464413884006,45.23333171566028,1552,False
8.360297815|45.233331716,1214,ricept_1214,8.36029781489589,45.23333171566028,1553,False
8.372131216|45.233331716,1215,ricept_1215,8.372131215907773,45.23333171566028,1554,False
8.383964617|45.233331716,1216,ricept_1216,8.383964616919656,45.23333171566028,1555,False
8.395798018|45.233331716,1217,ricept_1217,8.39579801793154,45.23333171566028,1556,False
8.407631419|45.233331716,1218,ricept_1218,8.407631418943426,45.23333171566028,1557,False
8.41946482|45.233331716,1219,ricept_1219,8.419464819955309,45.23333171566028,1558,False
8.431298221|45.233331716,1220,ricept_1220,8.431298220967193,45.23333171566028,1559,False
8.443131622|45.233331716,1221,ricept_1221,8.443131621979077,45.23333171566028,1560,False
8.466798424|45.233331716,1222,ricept_1222,8.466798424002842,45.23333171566028,1561,False
8.478631825|45.233331716,1223,ricept_1223,8.478631825014729,45.23333171566028,1562,False
8.490465226|45.233331716,1224,ricept_1224,8.490465226026611,45.23333171566028,1563,False
8.502298627|45.233331716,1225,ricept_1225,8.502298627038495,45.23333171566028,1564,False
8.514132028|45.233331716,1226,ricept_1226,8.51413202805038,45.23333171566028,1565,False
8.525965429|45.233331716,1227,ricept_1227,8.525965429062262,45.23333171566028,1566,False
8.549632231|45.233331716,2591,ricept_2591,8.549632231086031,45.23333171566028,1567,False
8.561465632|45.233331716,2592,ricept_2592,8.561465632097914,45.23333171566028,1568,False
8.573299033|45.233331716,2593,ricept_2593,8.573299033109798,45.23333171566028,1569,False
8.585132434|45.233331716,2594,ricept_2594,8.585132434121682,45.23333171566028,1570,False
8.596965835|45.233331716,2595,ricept_2595,8.596965835133567,45.23333171566028,1571,False
8.608799236|45.233331716,2596,ricept_2596,8.60879923614545,45.23333171566028,1572,False
8.620632637|45.233331716,2597,ricept_2597,8.620632637157334,45.23333171566028,1573,False
8.632466038|45.233331716,2598,ricept_2598,8.632466038169216,45.23333171566028,1574,False
8.644299439|45.233331716,2599,ricept_2599,8.6442994391811,45.23333171566028,1575,False
8.667966241|45.233331716,2600,ricept_2600,8.667966241204867,45.23333171566028,1576,False
8.679799642|45.233331716,2601,ricept_2601,8.679799642216752,45.23333171566028,1577,False
8.691633043|45.233331716,2602,ricept_2602,8.691633043228634,45.23333171566028,1578,False
8.703466444|45.233331716,2603,ricept_2603,8.703466444240519,45.23333171566028,1579,False
8.715299845|45.233331716,2604,ricept_2604,8.715299845252403,45.23333171566028,1580,False
8.727133246|45.233331716,2605,ricept_2605,8.727133246264287,45.23333171566028,1581,False
8.738966647|45.233331716,2606,ricept_2606,8.73896664727617,45.23333171566028,1582,False
8.750800048|45.233331716,2607,ricept_2607,8.750800048288054,45.23333171566028,1583,False
8.762633449|45.233331716,2608,ricept_2608,8.762633449299937,45.23333171566028,1584,False
8.77446685|45.233331716,2609,ricept_2609,8.774466850311823,45.23333171566028,1585,False
8.786300251|45.233331716,2610,ricept_2610,8.786300251323706,45.23333171566028,1586,False
8.798133652|45.233331716,2611,ricept_2611,8.79813365233559,45.23333171566028,1587,False
8.809967053|45.233331716,2612,ricept_2612,8.809967053347473,45.23333171566028,1588,False
8.821800454|45.233331716,2613,ricept_2613,8.821800454359357,45.23333171566028,1589,False
8.833633855|45.233331716,2614,ricept_2614,8.83363385537124,45.23333171566028,1590,False
8.845467256|45.233331716,2615,ricept_2615,8.845467256383126,45.23333171566028,1591,False
8.857300657|45.233331716,2616,ricept_2616,8.857300657395008,45.23333171566028,1592,False
8.869134058|45.233331716,2617,ricept_2617,8.869134058406893,45.23333171566028,1593,False
8.880967459|45.233331716,2618,ricept_2618,8.880967459418777,45.23333171566028,1594,False
8.89280086|45.233331716,2619,ricept_2619,8.89280086043066,45.23333171566028,1595,False
8.904634261|45.233331716,2620,ricept_2620,8.904634261442542,45.23333171566028,1596,False
8.916467662|45.233331716,2621,ricept_2621,8.916467662454426,45.23333171566028,1597,False
8.928301063|45.233331716,2622,ricept_2622,8.92830106346631,45.23333171566028,1598,False
8.940134464|45.233331716,6342,ricept_6342,8.940134464478195,45.23333171566028,1599,False
8.951967865|45.233331716,2623,ricept_2623,8.95196786549008,45.23333171566028,1600,False
8.963801267|45.233331716,6344,ricept_6344,8.96380126650196,45.23333171566028,1601,False
8.975634668|45.233331716,2624,ricept_2624,8.975634667513846,45.23333171566028,1602,False
8.987468069|45.233331716,13893,ricept_13893,8.987468068525729,45.23333171566028,1603,False
9.046635074|45.233331716,29441,ricept_29441,9.046635073585149,45.23333171566028,1604,False
9.082135277|45.233331716,3353,ricept_3353,9.0821352766208,45.23333171566028,1605,False
9.093968678|45.233331716,3354,ricept_3354,9.093968677632686,45.23333171566028,1606,False
9.105802079|45.233331716,3355,ricept_3355,9.105802078644569,45.23333171566028,1607,False
9.11763548|45.233331716,3356,ricept_3356,9.117635479656451,45.23333171566028,1608,False
9.129468881|45.233331716,3357,ricept_3357,9.129468880668336,45.23333171566028,1609,False
9.141302282|45.233331716,3358,ricept_3358,9.14130228168022,45.23333171566028,1610,False
9.153135683|45.233331716,7205,ricept_7205,9.153135682692104,45.23333171566028,1611,False
9.164969084|45.233331716,7206,ricept_7206,9.164969083703989,45.23333171566028,1612,False
9.188635886|45.233331716,14837,ricept_14837,9.188635885727754,45.23333171566028,1613,False
9.200469287|45.233331716,3359,ricept_3359,9.200469286739638,45.23333171566028,1614,False
9.212302688|45.233331716,3360,ricept_3360,9.21230268775152,45.23333171566028,1615,False
9.224136089|45.233331716,7209,ricept_7209,9.224136088763409,45.23333171566028,1616,False
9.23596949|45.233331716,3361,ricept_3361,9.23596948977529,45.23333171566028,1617,False
9.247802891|45.233331716,3362,ricept_3362,9.247802890787174,45.23333171566028,1618,False
9.259636292|45.233331716,7211,ricept_7211,9.259636291799056,45.23333171566028,1619,False
9.271469693|45.233331716,3363,ricept_3363,9.27146969281094,45.23333171566028,1620,False
9.283303094|45.233331716,3364,ricept_3364,9.283303093822823,45.23333171566028,1621,False
9.295136495|45.233331716,3365,ricept_3365,9.29513649483471,45.23333171566028,1622,False
9.306969896|45.233331716,3366,ricept_3366,9.306969895846592,45.23333171566028,1623,False
9.318803297|45.233331716,3367,ricept_3367,9.318803296858476,45.23333171566028,1624,False
9.330636698|45.233331716,7217,ricept_7217,9.33063669787036,45.23333171566028,1625,False
9.342470099|45.233331716,3368,ricept_3368,9.342470098882243,45.23333171566028,1626,False
9.3543035|45.233331716,3369,ricept_3369,9.354303499894128,45.23333171566028,1627,False
9.366136901|45.233331716,3370,ricept_3370,9.366136900906012,45.23333171566028,1628,False
9.377970302|45.233331716,7219,ricept_7219,9.377970301917896,45.23333171566028,1629,False
9.425303906|45.233331716,18731,ricept_18731,9.42530390596543,45.23333171566028,1630,False
8.077480706|45.241665049,1228,ricept_1228,8.077480705831965,45.24166504869559,1631,False
8.089315842|45.241665049,1229,ricept_1229,8.089315842397285,45.24166504869559,1632,False
8.101150979|45.241665049,1230,ricept_1230,8.101150978962606,45.24166504869559,1633,False
8.112986116|45.241665049,1231,ricept_1231,8.112986115527928,45.24166504869559,1634,False
8.124821252|45.241665049,1232,ricept_1232,8.12482125209325,45.24166504869559,1635,False
8.136656389|45.241665049,1233,ricept_1233,8.136656388658572,45.24166504869559,1636,False
8.148491525|45.241665049,1234,ricept_1234,8.148491525223895,45.24166504869559,1637,False
8.160326662|45.241665049,1235,ricept_1235,8.160326661789213,45.24166504869559,1638,False
8.172161798|45.241665049,1236,ricept_1236,8.172161798354537,45.24166504869559,1639,False
8.183996935|45.241665049,4848,ricept_4848,8.183996934919858,45.24166504869559,1640,False
8.195832071|45.241665049,1237,ricept_1237,8.19583207148518,45.24166504869559,1641,False
8.207667208|45.241665049,1238,ricept_1238,8.207667208050502,45.24166504869559,1642,False
8.219502345|45.241665049,1239,ricept_1239,8.219502344615822,45.24166504869559,1643,False
8.231337481|45.241665049,1240,ricept_1240,8.231337481181145,45.24166504869559,1644,False
8.243172618|45.241665049,1241,ricept_1241,8.243172617746465,45.24166504869559,1645,False
8.255007754|45.241665049,1242,ricept_1242,8.255007754311787,45.24166504869559,1646,False
8.266842891|45.241665049,1243,ricept_1243,8.26684289087711,45.24166504869559,1647,False
8.278678027|45.241665049,1244,ricept_1244,8.27867802744243,45.24166504869559,1648,False
8.290513164|45.241665049,1245,ricept_1245,8.290513164007752,45.24166504869559,1649,False
8.302348301|45.241665049,1246,ricept_1246,8.302348300573074,45.24166504869559,1650,False
8.314183437|45.241665049,1247,ricept_1247,8.314183437138395,45.24166504869559,1651,False
8.326018574|45.241665049,1248,ricept_1248,8.326018573703715,45.24166504869559,1652,False
8.33785371|45.241665049,1249,ricept_1249,8.337853710269037,45.24166504869559,1653,False
8.349688847|45.241665049,1250,ricept_1250,8.34968884683436,45.24166504869559,1654,False
8.361523983|45.241665049,1251,ricept_1251,8.361523983399682,45.24166504869559,1655,False
8.37335912|45.241665049,1252,ricept_1252,8.373359119965004,45.24166504869559,1656,False
8.385194257|45.241665049,1253,ricept_1253,8.385194256530323,45.24166504869559,1657,False
8.397029393|45.241665049,1254,ricept_1254,8.397029393095645,45.24166504869559,1658,False
8.40886453|45.241665049,1255,ricept_1255,8.408864529660967,45.24166504869559,1659,False
8.420699666|45.241665049,1256,ricept_1256,8.42069966622629,45.24166504869559,1660,False
8.432534803|45.241665049,1257,ricept_1257,8.432534802791611,45.24166504869559,1661,False
8.444369939|45.241665049,1258,ricept_1258,8.444369939356934,45.24166504869559,1662,False
8.456205076|45.241665049,1259,ricept_1259,8.456205075922254,45.24166504869559,1663,False
8.468040212|45.241665049,1260,ricept_1260,8.468040212487574,45.24166504869559,1664,False
8.479875349|45.241665049,1261,ricept_1261,8.479875349052897,45.24166504869559,1665,False
8.491710486|45.241665049,1262,ricept_1262,8.491710485618219,45.24166504869559,1666,False
8.503545622|45.241665049,1263,ricept_1263,8.50354562218354,45.24166504869559,1667,False
8.515380759|45.241665049,1264,ricept_1264,8.515380758748863,45.24166504869559,1668,False
8.550886168|45.241665049,1265,ricept_1265,8.550886168444826,45.24166504869559,1669,False
8.562721305|45.241665049,2625,ricept_2625,8.562721305010147,45.24166504869559,1670,False
8.574556442|45.241665049,2626,ricept_2626,8.574556441575469,45.24166504869559,1671,False
8.586391578|45.241665049,2627,ricept_2627,8.586391578140791,45.24166504869559,1672,False
8.598226715|45.241665049,2628,ricept_2628,8.598226714706113,45.24166504869559,1673,False
8.610061851|45.241665049,2629,ricept_2629,8.610061851271434,45.24166504869559,1674,False
8.621896988|45.241665049,2630,ricept_2630,8.621896987836754,45.24166504869559,1675,False
8.633732124|45.241665049,2631,ricept_2631,8.633732124402076,45.24166504869559,1676,False
8.645567261|45.241665049,2632,ricept_2632,8.645567260967399,45.24166504869559,1677,False
8.657402398|45.241665049,2633,ricept_2633,8.65740239753272,45.24166504869559,1678,False
8.669237534|45.241665049,2634,ricept_2634,8.669237534098041,45.24166504869559,1679,False
8.681072671|45.241665049,2635,ricept_2635,8.681072670663363,45.24166504869559,1680,False
8.692907807|45.241665049,2636,ricept_2636,8.692907807228684,45.24166504869559,1681,False
8.704742944|45.241665049,2637,ricept_2637,8.704742943794006,45.24166504869559,1682,False
8.728413217|45.241665049,2638,ricept_2638,8.72841321692465,45.24166504869559,1683,False
8.75208349|45.241665049,2639,ricept_2639,8.752083490055291,45.24166504869559,1684,False
8.763918627|45.241665049,2640,ricept_2640,8.763918626620613,45.24166504869559,1685,False
8.775753763|45.241665049,2641,ricept_2641,8.775753763185937,45.24166504869559,1686,False
8.7875889|45.241665049,2642,ricept_2642,8.787588899751258,45.24166504869559,1687,False
8.799424036|45.241665049,2643,ricept_2643,8.79942403631658,45.24166504869559,1688,False
8.811259173|45.241665049,2644,ricept_2644,8.811259172881899,45.24166504869559,1689,False
8.823094309|45.241665049,2645,ricept_2645,8.823094309447223,45.24166504869559,1690,False
8.834929446|45.241665049,2646,ricept_2646,8.834929446012543,45.24166504869559,1691,False
8.846764583|45.241665049,2647,ricept_2647,8.846764582577865,45.24166504869559,1692,False
8.858599719|45.241665049,2648,ricept_2648,8.858599719143188,45.24166504869559,1693,False
8.870434856|45.241665049,2649,ricept_2649,8.870434855708508,45.24166504869559,1694,False
8.882269992|45.241665049,2650,ricept_2650,8.88226999227383,45.24166504869559,1695,False
8.894105129|45.241665049,2651,ricept_2651,8.89410512883915,45.24166504869559,1696,False
8.905940265|45.241665049,2652,ricept_2652,8.905940265404471,45.24166504869559,1697,False
8.917775402|45.241665049,6374,ricept_6374,8.917775401969795,45.24166504869559,1698,False
8.929610539|45.241665049,6375,ricept_6375,8.929610538535115,45.24166504869559,1699,False
8.941445675|45.241665049,6376,ricept_6376,8.941445675100438,45.24166504869559,1700,False
8.953280812|45.241665049,6377,ricept_6377,8.95328081166576,45.24166504869559,1701,False
8.965115948|45.241665049,6378,ricept_6378,8.96511594823108,45.24166504869559,1702,False
8.976951085|45.241665049,6379,ricept_6379,8.976951084796402,45.24166504869559,1703,False
9.059797041|45.241665049,3371,ricept_3371,9.059797040753653,45.24166504869559,1704,False
9.071632177|45.241665049,7220,ricept_7220,9.071632177318977,45.24166504869559,1705,False
9.083467314|45.241665049,3372,ricept_3372,9.083467313884295,45.24166504869559,1706,False
9.09530245|45.241665049,3373,ricept_3373,9.09530245044962,45.24166504869559,1707,False
9.107137587|45.241665049,3374,ricept_3374,9.10713758701494,45.24166504869559,1708,False
9.118972724|45.241665049,3375,ricept_3375,9.11897272358026,45.24166504869559,1709,False
9.13080786|45.241665049,3376,ricept_3376,9.130807860145582,45.24166504869559,1710,False
9.154478133|45.241665049,7226,ricept_7226,9.154478133276225,45.24166504869559,1711,False
9.16631327|45.241665049,62760,ricept_62760,9.166313269841549,45.24166504869559,1712,False
9.189983543|45.241665049,3377,ricept_3377,9.18998354297219,45.24166504869559,1713,False
9.20181868|45.241665049,3378,ricept_3378,9.201818679537512,45.24166504869559,1714,False
9.213653816|45.241665049,3379,ricept_3379,9.213653816102832,45.24166504869559,1715,False
9.225488953|45.241665049,3380,ricept_3380,9.225488952668156,45.24166504869559,1716,False
9.237324089|45.241665049,3381,ricept_3381,9.237324089233477,45.24166504869559,1717,False
9.249159226|45.241665049,3382,ricept_3382,9.2491592257988,45.24166504869559,1718,False
9.260994362|45.241665049,3383,ricept_3383,9.26099436236412,45.24166504869559,1719,False
9.272829499|45.241665049,7233,ricept_7233,9.27282949892944,45.24166504869559,1720,False
9.284664635|45.241665049,7234,ricept_7234,9.284664635494762,45.24166504869559,1721,False
9.296499772|45.241665049,7235,ricept_7235,9.296499772060084,45.24166504869559,1722,False
9.308334909|45.241665049,7236,ricept_7236,9.308334908625406,45.24166504869559,1723,False
9.320170045|45.241665049,3384,ricept_3384,9.320170045190729,45.24166504869559,1724,False
9.332005182|45.241665049,3385,ricept_3385,9.332005181756047,45.24166504869559,1725,False
9.343840318|45.241665049,3386,ricept_3386,9.34384031832137,45.24166504869559,1726,False
9.355675455|45.241665049,3387,ricept_3387,9.355675454886692,45.24166504869559,1727,False
9.367510591|45.241665049,7241,ricept_7241,9.367510591452014,45.24166504869559,1728,False
9.379345728|45.241665049,76947,ricept_76947,9.379345728017336,45.24166504869559,1729,False
9.391180865|45.241665049,14869,ricept_14869,9.391180864582658,45.24166504869559,1730,False
8.078665739|45.249998382,1266,ricept_1266,8.078665739480652,45.2499983817309,1731,False
8.090502612|45.249998382,1267,ricept_1267,8.09050261235901,45.2499983817309,1732,False
8.102339485|45.249998382,1268,ricept_1268,8.10233948523737,45.2499983817309,1733,False
8.114176358|45.249998382,1269,ricept_1269,8.114176358115731,45.2499983817309,1734,False
8.126013231|45.249998382,1270,ricept_1270,8.12601323099409,45.2499983817309,1735,False
8.137850104|45.249998382,1271,ricept_1271,8.137850103872452,45.2499983817309,1736,False
8.149686977|45.249998382,1272,ricept_1272,8.14968697675081,45.2499983817309,1737,False
8.16152385|45.249998382,1273,ricept_1273,8.16152384962917,45.2499983817309,1738,False
8.173360723|45.249998382,1274,ricept_1274,8.17336072250753,45.2499983817309,1739,False
8.208871341|45.249998382,1275,ricept_1275,8.20887134114261,45.2499983817309,1740,False
8.220708214|45.249998382,1276,ricept_1276,8.22070821402097,45.2499983817309,1741,False
8.232545087|45.249998382,1277,ricept_1277,8.232545086899329,45.2499983817309,1742,False
8.24438196|45.249998382,1278,ricept_1278,8.244381959777689,45.2499983817309,1743,False
8.256218833|45.249998382,1279,ricept_1279,8.25621883265605,45.2499983817309,1744,False
8.268055706|45.249998382,1280,ricept_1280,8.26805570553441,45.2499983817309,1745,False
8.279892578|45.249998382,1281,ricept_1281,8.27989257841277,45.2499983817309,1746,False
8.291729451|45.249998382,1282,ricept_1282,8.291729451291129,45.2499983817309,1747,False
8.303566324|45.249998382,1283,ricept_1283,8.30356632416949,45.2499983817309,1748,False
8.315403197|45.249998382,1284,ricept_1284,8.315403197047848,45.2499983817309,1749,False
8.32724007|45.249998382,1285,ricept_1285,8.327240069926209,45.2499983817309,1750,False
8.339076943|45.249998382,1286,ricept_1286,8.33907694280457,45.2499983817309,1751,False
8.350913816|45.249998382,1287,ricept_1287,8.35091381568293,45.2499983817309,1752,False
8.362750689|45.249998382,1288,ricept_1288,8.36275068856129,45.2499983817309,1753,False
8.374587561|45.249998382,1289,ricept_1289,8.374587561439649,45.2499983817309,1754,False
8.386424434|45.249998382,1290,ricept_1290,8.386424434318009,45.2499983817309,1755,False
8.398261307|45.249998382,1291,ricept_1291,8.398261307196368,45.2499983817309,1756,False
8.41009818|45.249998382,1292,ricept_1292,8.410098180074728,45.2499983817309,1757,False
8.421935053|45.249998382,1293,ricept_1293,8.42193505295309,45.2499983817309,1758,False
8.433771926|45.249998382,1294,ricept_1294,8.433771925831449,45.2499983817309,1759,False
8.445608799|45.249998382,1295,ricept_1295,8.445608798709811,45.2499983817309,1760,False
8.457445672|45.249998382,1296,ricept_1296,8.457445671588166,45.2499983817309,1761,False
8.469282544|45.249998382,1297,ricept_1297,8.469282544466529,45.2499983817309,1762,False
8.481119417|45.249998382,1298,ricept_1298,8.481119417344887,45.2499983817309,1763,False
8.49295629|45.249998382,1299,ricept_1299,8.492956290223248,45.2499983817309,1764,False
8.504793163|45.249998382,1300,ricept_1300,8.50479316310161,45.2499983817309,1765,False
8.516630036|45.249998382,1301,ricept_1301,8.516630035979968,45.2499983817309,1766,False
8.528466909|45.249998382,2653,ricept_2653,8.528466908858329,45.2499983817309,1767,False
8.552140655|45.249998382,2654,ricept_2654,8.552140654615048,45.2499983817309,1768,False
8.563977527|45.249998382,2655,ricept_2655,8.563977527493407,45.2499983817309,1769,False
8.5758144|45.249998382,2656,ricept_2656,8.575814400371767,45.2499983817309,1770,False
8.587651273|45.249998382,2657,ricept_2657,8.58765127325013,45.2499983817309,1771,False
8.599488146|45.249998382,2658,ricept_2658,8.599488146128488,45.2499983817309,1772,False
8.611325019|45.249998382,2659,ricept_2659,8.611325019006848,45.2499983817309,1773,False
8.623161892|45.249998382,2660,ricept_2660,8.623161891885207,45.2499983817309,1774,False
8.634998765|45.249998382,2661,ricept_2661,8.634998764763568,45.2499983817309,1775,False
8.646835638|45.249998382,2662,ricept_2662,8.646835637641928,45.2499983817309,1776,False
8.658672511|45.249998382,2663,ricept_2663,8.658672510520288,45.2499983817309,1777,False
8.670509383|45.249998382,2664,ricept_2664,8.670509383398647,45.2499983817309,1778,False
8.682346256|45.249998382,2665,ricept_2665,8.682346256277006,45.2499983817309,1779,False
8.694183129|45.249998382,2666,ricept_2666,8.694183129155368,45.2499983817309,1780,False
8.706020002|45.249998382,2667,ricept_2667,8.706020002033727,45.2499983817309,1781,False
8.717856875|45.249998382,2668,ricept_2668,8.717856874912089,45.2499983817309,1782,False
8.765204366|45.249998382,2669,ricept_2669,8.765204366425525,45.2499983817309,1783,False
8.777041239|45.249998382,2670,ricept_2670,8.777041239303887,45.2499983817309,1784,False
8.788878112|45.249998382,2671,ricept_2671,8.788878112182246,45.2499983817309,1785,False
8.800714985|45.249998382,2672,ricept_2672,8.800714985060607,45.2499983817309,1786,False
8.812551858|45.249998382,2673,ricept_2673,8.812551857938965,45.2499983817309,1787,False
8.824388731|45.249998382,2674,ricept_2674,8.824388730817326,45.2499983817309,1788,False
8.836225604|45.249998382,2675,ricept_2675,8.836225603695686,45.2499983817309,1789,False
8.848062477|45.249998382,2676,ricept_2676,8.848062476574047,45.2499983817309,1790,False
8.859899349|45.249998382,2677,ricept_2677,8.859899349452407,45.2499983817309,1791,False
8.871736222|45.249998382,2678,ricept_2678,8.871736222330766,45.2499983817309,1792,False
8.883573095|45.249998382,2679,ricept_2679,8.883573095209126,45.2499983817309,1793,False
8.895409968|45.249998382,2680,ricept_2680,8.895409968087485,45.2499983817309,1794,False
8.907246841|45.249998382,6408,ricept_6408,8.907246840965845,45.2499983817309,1795,False
8.94275746|45.249998382,13957,ricept_13957,8.942757459600926,45.2499983817309,1796,False
8.954594332|45.249998382,13958,ricept_13958,8.954594332479285,45.2499983817309,1797,False
9.02561557|45.249998382,3388,ricept_3388,9.025615569749448,45.2499983817309,1798,False
9.061126188|45.249998382,3389,ricept_3389,9.061126188384524,45.2499983817309,1799,False
9.072963061|45.249998382,3390,ricept_3390,9.072963061262884,45.2499983817309,1800,False
9.084799934|45.249998382,3391,ricept_3391,9.084799934141245,45.2499983817309,1801,False
9.096636807|45.249998382,7245,ricept_7245,9.096636807019603,45.2499983817309,1802,False
9.10847368|45.249998382,3392,ricept_3392,9.108473679897966,45.2499983817309,1803,False
9.120310553|45.249998382,3393,ricept_3393,9.120310552776324,45.2499983817309,1804,False
9.143984299|45.249998382,3394,ricept_3394,9.143984298533043,45.2499983817309,1805,False
9.155821171|45.249998382,3395,ricept_3395,9.155821171411404,45.2499983817309,1806,False
9.167658044|45.249998382,3396,ricept_3396,9.167658044289766,45.2499983817309,1807,False
9.179494917|45.249998382,7249,ricept_7249,9.179494917168125,45.2499983817309,1808,False
9.19133179|45.249998382,3397,ricept_3397,9.191331790046483,45.2499983817309,1809,False
9.203168663|45.249998382,7251,ricept_7251,9.203168662924844,45.2499983817309,1810,False
9.215005536|45.249998382,3398,ricept_3398,9.215005535803204,45.2499983817309,1811,False
9.226842409|45.249998382,3399,ricept_3399,9.226842408681565,45.2499983817309,1812,False
9.238679282|45.249998382,3400,ricept_3400,9.238679281559923,45.2499983817309,1813,False
9.250516154|45.249998382,3401,ricept_3401,9.250516154438284,45.2499983817309,1814,False
9.262353027|45.249998382,3402,ricept_3402,9.262353027316642,45.2499983817309,1815,False
9.2741899|45.249998382,3403,ricept_3403,9.274189900195005,45.2499983817309,1816,False
9.297863646|45.249998382,14888,ricept_14888,9.297863645951724,45.2499983817309,1817,False
9.309700519|45.249998382,3404,ricept_3404,9.309700518830084,45.2499983817309,1818,False
9.321537392|45.249998382,7258,ricept_7258,9.321537391708445,45.2499983817309,1819,False
9.333374265|45.249998382,7259,ricept_7259,9.333374264586803,45.2499983817309,1820,False
9.345211137|45.249998382,3405,ricept_3405,9.345211137465162,45.2499983817309,1821,False
9.35704801|45.249998382,3406,ricept_3406,9.357048010343524,45.2499983817309,1822,False
9.368884883|45.249998382,3407,ricept_3407,9.368884883221885,45.2499983817309,1823,False
9.380721756|45.249998382,14895,ricept_14895,9.380721756100243,45.2499983817309,1824,False
9.392558629|45.249998382,7263,ricept_7263,9.392558628978602,45.2499983817309,1825,False
9.416232375|45.249998382,14897,ricept_14897,9.416232374735324,45.2499983817309,1826,False
9.428069248|45.249998382,14898,ricept_14898,9.428069247613683,45.2499983817309,1827,False
8.056174072|45.258331715,1302,ricept_1302,8.056174071932283,45.2583317147662,1828,False
8.068012682|45.258331715,1303,ricept_1303,8.06801268188369,45.2583317147662,1829,False
8.079851292|45.258331715,1304,ricept_1304,8.079851291835096,45.2583317147662,1830,False
8.091689902|45.258331715,1305,ricept_1305,8.091689901786504,45.2583317147662,1831,False
8.103528512|45.258331715,1306,ricept_1306,8.10352851173791,45.2583317147662,1832,False
8.115367122|45.258331715,1307,ricept_1307,8.115367121689317,45.2583317147662,1833,False
8.127205732|45.258331715,1308,ricept_1308,8.127205731640723,45.2583317147662,1834,False
8.139044342|45.258331715,1309,ricept_1309,8.13904434159213,45.2583317147662,1835,False
8.150882952|45.258331715,1310,ricept_1310,8.150882951543538,45.2583317147662,1836,False
8.162721561|45.258331715,1311,ricept_1311,8.162721561494942,45.2583317147662,1837,False
8.174560171|45.258331715,1312,ricept_1312,8.17456017144635,45.2583317147662,1838,False
8.198237391|45.258331715,1313,ricept_1313,8.198237391349164,45.2583317147662,1839,False
8.210076001|45.258331715,1314,ricept_1314,8.210076001300571,45.2583317147662,1840,False
8.221914611|45.258331715,1315,ricept_1315,8.221914611251977,45.2583317147662,1841,False
8.233753221|45.258331715,1316,ricept_1316,8.233753221203383,45.2583317147662,1842,False
8.245591831|45.258331715,1317,ricept_1317,8.24559183115479,45.2583317147662,1843,False
8.257430441|45.258331715,1318,ricept_1318,8.257430441106198,45.2583317147662,1844,False
8.269269051|45.258331715,1319,ricept_1319,8.269269051057606,45.2583317147662,1845,False
8.281107661|45.258331715,1320,ricept_1320,8.281107661009012,45.2583317147662,1846,False
8.292946271|45.258331715,1321,ricept_1321,8.29294627096042,45.2583317147662,1847,False
8.304784881|45.258331715,1322,ricept_1322,8.304784880911825,45.2583317147662,1848,False
8.316623491|45.258331715,1323,ricept_1323,8.31662349086323,45.2583317147662,1849,False
8.328462101|45.258331715,1324,ricept_1324,8.328462100814637,45.2583317147662,1850,False
8.340300711|45.258331715,1325,ricept_1325,8.340300710766044,45.2583317147662,1851,False
8.352139321|45.258331715,1326,ricept_1326,8.352139320717452,45.2583317147662,1852,False
8.363977931|45.258331715,1327,ricept_1327,8.363977930668858,45.2583317147662,1853,False
8.375816541|45.258331715,1328,ricept_1328,8.375816540620264,45.2583317147662,1854,False
8.387655151|45.258331715,1329,ricept_1329,8.38765515057167,45.2583317147662,1855,False
8.399493761|45.258331715,1330,ricept_1330,8.399493760523077,45.2583317147662,1856,False
8.42317098|45.258331715,1331,ricept_1331,8.423170980425892,45.2583317147662,1857,False
8.43500959|45.258331715,1332,ricept_1332,8.4350095903773,45.2583317147662,1858,False
8.4468482|45.258331715,1333,ricept_1333,8.446848200328708,45.2583317147662,1859,False
8.45868681|45.258331715,1334,ricept_1334,8.458686810280112,45.2583317147662,1860,False
8.47052542|45.258331715,1335,ricept_1335,8.47052542023152,45.2583317147662,1861,False
8.49420264|45.258331715,1336,ricept_1336,8.494202640134333,45.2583317147662,1862,False
8.50604125|45.258331715,1337,ricept_1337,8.506041250085739,45.2583317147662,1863,False
8.51787986|45.258331715,1338,ricept_1338,8.517879860037146,45.2583317147662,1864,False
8.52971847|45.258331715,1339,ricept_1339,8.529718469988552,45.2583317147662,1865,False
8.55339569|45.258331715,2681,ricept_2681,8.553395689891365,45.2583317147662,1866,False
8.5652343|45.258331715,2682,ricept_2682,8.565234299842771,45.2583317147662,1867,False
8.57707291|45.258331715,2683,ricept_2683,8.577072909794179,45.2583317147662,1868,False
8.58891152|45.258331715,2684,ricept_2684,8.588911519745587,45.2583317147662,1869,False
8.60075013|45.258331715,2685,ricept_2685,8.600750129696992,45.2583317147662,1870,False
8.61258874|45.258331715,2686,ricept_2686,8.6125887396484,45.2583317147662,1871,False
8.62442735|45.258331715,2687,ricept_2687,8.624427349599806,45.2583317147662,1872,False
8.63626596|45.258331715,2688,ricept_2688,8.636265959551213,45.2583317147662,1873,False
8.64810457|45.258331715,2689,ricept_2689,8.648104569502621,45.2583317147662,1874,False
8.659943179|45.258331715,2690,ricept_2690,8.659943179454027,45.2583317147662,1875,False
8.671781789|45.258331715,2691,ricept_2691,8.671781789405433,45.2583317147662,1876,False
8.683620399|45.258331715,2692,ricept_2692,8.683620399356839,45.2583317147662,1877,False
8.695459009|45.258331715,2693,ricept_2693,8.695459009308246,45.2583317147662,1878,False
8.707297619|45.258331715,2694,ricept_2694,8.707297619259652,45.2583317147662,1879,False
8.719136229|45.258331715,2695,ricept_2695,8.71913622921106,45.2583317147662,1880,False
8.754652059|45.258331715,2696,ricept_2696,8.75465205906528,45.2583317147662,1881,False
8.766490669|45.258331715,2697,ricept_2697,8.766490669016687,45.2583317147662,1882,False
8.778329279|45.258331715,2698,ricept_2698,8.778329278968094,45.2583317147662,1883,False
8.790167889|45.258331715,2699,ricept_2699,8.790167888919502,45.2583317147662,1884,False
8.802006499|45.258331715,2700,ricept_2700,8.802006498870908,45.2583317147662,1885,False
8.813845109|45.258331715,2701,ricept_2701,8.813845108822314,45.2583317147662,1886,False
8.825683719|45.258331715,2702,ricept_2702,8.82568371877372,45.2583317147662,1887,False
8.837522329|45.258331715,2703,ricept_2703,8.837522328725127,45.2583317147662,1888,False
8.873038159|45.258331715,2704,ricept_2704,8.873038158579348,45.2583317147662,1889,False
8.884876769|45.258331715,2705,ricept_2705,8.884876768530754,45.2583317147662,1890,False
8.896715378|45.258331715,2706,ricept_2706,8.89671537848216,45.2583317147662,1891,False
8.908553988|45.258331715,69289,ricept_69289,8.908553988433567,45.2583317147662,1892,False
8.920392598|45.258331715,13985,ricept_13985,8.920392598384975,45.2583317147662,1893,False
9.015101478|45.258331715,3408,ricept_3408,9.015101477996229,45.2583317147662,1894,False
9.050617308|45.258331715,3409,ricept_3409,9.050617307850448,45.2583317147662,1895,False
9.062455918|45.258331715,3410,ricept_3410,9.062455917801854,45.2583317147662,1896,False
9.074294528|45.258331715,3411,ricept_3411,9.074294527753262,45.2583317147662,1897,False
9.086133138|45.258331715,7268,ricept_7268,9.08613313770467,45.2583317147662,1898,False
9.109810358|45.258331715,3412,ricept_3412,9.109810357607484,45.2583317147662,1899,False
9.121648968|45.258331715,3413,ricept_3413,9.121648967558889,45.2583317147662,1900,False
9.133487578|45.258331715,3414,ricept_3414,9.133487577510296,45.2583317147662,1901,False
9.145326187|45.258331715,3415,ricept_3415,9.145326187461702,45.2583317147662,1902,False
9.169003407|45.258331715,3416,ricept_3416,9.169003407364515,45.2583317147662,1903,False
9.180842017|45.258331715,3417,ricept_3417,9.18084201731592,45.2583317147662,1904,False
9.192680627|45.258331715,7275,ricept_7275,9.192680627267327,45.2583317147662,1905,False
9.204519237|45.258331715,3418,ricept_3418,9.204519237218737,45.2583317147662,1906,False
9.216357847|45.258331715,3419,ricept_3419,9.216357847170142,45.2583317147662,1907,False
9.228196457|45.258331715,3420,ricept_3420,9.22819645712155,45.2583317147662,1908,False
9.251873677|45.258331715,3421,ricept_3421,9.251873677024363,45.2583317147662,1909,False
9.263712287|45.258331715,3422,ricept_3422,9.26371228697577,45.2583317147662,1910,False
9.275550897|45.258331715,3423,ricept_3423,9.275550896927175,45.2583317147662,1911,False
9.287389507|45.258331715,7282,ricept_7282,9.287389506878585,45.2583317147662,1912,False
9.299228117|45.258331715,3424,ricept_3424,9.29922811682999,45.2583317147662,1913,False
9.311066727|45.258331715,3425,ricept_3425,9.311066726781398,45.2583317147662,1914,False
9.322905337|45.258331715,7285,ricept_7285,9.322905336732802,45.2583317147662,1915,False
9.334743947|45.258331715,3426,ricept_3426,9.33474394668421,45.2583317147662,1916,False
9.346582557|45.258331715,3427,ricept_3427,9.346582556635616,45.2583317147662,1917,False
9.358421167|45.258331715,3428,ricept_3428,9.358421166587023,45.2583317147662,1918,False
9.370259777|45.258331715,7288,ricept_7288,9.37025977653843,45.2583317147662,1919,False
9.382098386|45.258331715,14924,ricept_14924,9.382098386489837,45.2583317147662,1920,False
9.393936996|45.258331715,7289,ricept_7289,9.393936996441244,45.2583317147662,1921,False
8.04551632|45.266665048,1340,ricept_1340,8.045516319819253,45.26666504780151,1922,False
8.057356668|45.266665048,4952,ricept_4952,8.057356667604124,45.26666504780151,1923,False
8.069197015|45.266665048,1341,ricept_1341,8.069197015388994,45.26666504780151,1924,False
8.081037363|45.266665048,1342,ricept_1342,8.081037363173865,45.26666504780151,1925,False
8.092877711|45.266665048,1343,ricept_1343,8.092877710958733,45.26666504780151,1926,False
8.104718059|45.266665048,1344,ricept_1344,8.104718058743604,45.26666504780151,1927,False
8.116558407|45.266665048,1345,ricept_1345,8.116558406528474,45.26666504780151,1928,False
8.128398754|45.266665048,1346,ricept_1346,8.128398754313343,45.26666504780151,1929,False
8.140239102|45.266665048,1347,ricept_1347,8.140239102098215,45.26666504780151,1930,False
8.15207945|45.266665048,1348,ricept_1348,8.152079449883084,45.26666504780151,1931,False
8.163919798|45.266665048,1349,ricept_1349,8.163919797667955,45.26666504780151,1932,False
8.175760145|45.266665048,1350,ricept_1350,8.175760145452823,45.26666504780151,1933,False
8.187600493|45.266665048,1351,ricept_1351,8.187600493237694,45.26666504780151,1934,False
8.199440841|45.266665048,1352,ricept_1352,8.199440841022566,45.26666504780151,1935,False
8.211281189|45.266665048,1353,ricept_1353,8.211281188807437,45.26666504780151,1936,False
8.223121537|45.266665048,1354,ricept_1354,8.223121536592307,45.26666504780151,1937,False
8.234961884|45.266665048,1355,ricept_1355,8.234961884377176,45.26666504780151,1938,False
8.246802232|45.266665048,1356,ricept_1356,8.246802232162047,45.26666504780151,1939,False
8.25864258|45.266665048,1357,ricept_1357,8.258642579946915,45.26666504780151,1940,False
8.270482928|45.266665048,1358,ricept_1358,8.270482927731788,45.26666504780151,1941,False
8.282323276|45.266665048,1359,ricept_1359,8.282323275516656,45.26666504780151,1942,False
8.294163623|45.266665048,1360,ricept_1360,8.294163623301527,45.26666504780151,1943,False
8.306003971|45.266665048,1361,ricept_1361,8.306003971086398,45.26666504780151,1944,False
8.317844319|45.266665048,1362,ricept_1362,8.317844318871266,45.26666504780151,1945,False
8.329684667|45.266665048,1363,ricept_1363,8.329684666656137,45.26666504780151,1946,False
8.341525014|45.266665048,1364,ricept_1364,8.341525014441007,45.26666504780151,1947,False
8.353365362|45.266665048,1365,ricept_1365,8.353365362225878,45.26666504780151,1948,False
8.36520571|45.266665048,1366,ricept_1366,8.365205710010748,45.26666504780151,1949,False
8.377046058|45.266665048,1367,ricept_1367,8.377046057795617,45.26666504780151,1950,False
8.388886406|45.266665048,1368,ricept_1368,8.388886405580486,45.26666504780151,1951,False
8.400726753|45.266665048,1369,ricept_1369,8.400726753365358,45.26666504780151,1952,False
8.412567101|45.266665048,1370,ricept_1370,8.412567101150227,45.26666504780151,1953,False
8.424407449|45.266665048,1371,ricept_1371,8.424407448935098,45.26666504780151,1954,False
8.436247797|45.266665048,1372,ricept_1372,8.436247796719968,45.26666504780151,1955,False
8.448088145|45.266665048,1373,ricept_1373,8.448088144504839,45.26666504780151,1956,False
8.459928492|45.266665048,1374,ricept_1374,8.459928492289707,45.26666504780151,1957,False
8.47176884|45.266665048,1375,ricept_1375,8.471768840074578,45.26666504780151,1958,False
8.483609188|45.266665048,1376,ricept_1376,8.483609187859448,45.26666504780151,1959,False
8.495449536|45.266665048,1377,ricept_1377,8.495449535644319,45.26666504780151,1960,False
8.507289883|45.266665048,1378,ricept_1378,8.507289883429188,45.26666504780151,1961,False
8.519130231|45.266665048,1379,ricept_1379,8.51913023121406,45.26666504780151,1962,False
8.530970579|45.266665048,2707,ricept_2707,8.530970578998929,45.26666504780151,1963,False
8.554651275|45.266665048,2708,ricept_2708,8.55465127456867,45.26666504780151,1964,False
8.566491622|45.266665048,2709,ricept_2709,8.56649162235354,45.26666504780151,1965,False
8.57833197|45.266665048,2710,ricept_2710,8.57833197013841,45.26666504780151,1966,False
8.590172318|45.266665048,2711,ricept_2711,8.590172317923281,45.26666504780151,1967,False
8.602012666|45.266665048,2712,ricept_2712,8.60201266570815,45.26666504780151,1968,False
8.613853013|45.266665048,2713,ricept_2713,8.61385301349302,45.26666504780151,1969,False
8.625693361|45.266665048,2714,ricept_2714,8.625693361277891,45.26666504780151,1970,False
8.637533709|45.266665048,2715,ricept_2715,8.63753370906276,45.26666504780151,1971,False
8.649374057|45.266665048,2716,ricept_2716,8.649374056847632,45.26666504780151,1972,False
8.661214405|45.266665048,2717,ricept_2717,8.661214404632501,45.26666504780151,1973,False
8.673054752|45.266665048,2718,ricept_2718,8.67305475241737,45.26666504780151,1974,False
8.6848951|45.266665048,2719,ricept_2719,8.68489510020224,45.26666504780151,1975,False
8.696735448|45.266665048,2720,ricept_2720,8.69673544798711,45.26666504780151,1976,False
8.708575796|45.266665048,2721,ricept_2721,8.708575795771981,45.26666504780151,1977,False
8.720416144|45.266665048,2722,ricept_2722,8.720416143556852,45.26666504780151,1978,False
8.732256491|45.266665048,2723,ricept_2723,8.732256491341722,45.26666504780151,1979,False
8.744096839|45.266665048,2724,ricept_2724,8.744096839126591,45.26666504780151,1980,False
8.755937187|45.266665048,6450,ricept_6450,8.755937186911462,45.26666504780151,1981,False
8.767777535|45.266665048,10195,ricept_10195,8.76777753469633,45.26666504780151,1982,False
8.779617882|45.266665048,6451,ricept_6451,8.779617882481203,45.26666504780151,1983,False
8.79145823|45.266665048,2725,ricept_2725,8.791458230266072,45.26666504780151,1984,False
8.803298578|45.266665048,2726,ricept_2726,8.803298578050942,45.26666504780151,1985,False
8.815138926|45.266665048,2727,ricept_2727,8.81513892583581,45.26666504780151,1986,False
8.826979274|45.266665048,2728,ricept_2728,8.826979273620681,45.26666504780151,1987,False
8.838819621|45.266665048,2729,ricept_2729,8.838819621405552,45.26666504780151,1988,False
8.850659969|45.266665048,2730,ricept_2730,8.850659969190422,45.26666504780151,1989,False
8.862500317|45.266665048,2731,ricept_2731,8.862500316975293,45.26666504780151,1990,False
8.874340665|45.266665048,2732,ricept_2732,8.874340664760163,45.26666504780151,1991,False
8.886181013|45.266665048,6460,ricept_6460,8.886181012545032,45.26666504780151,1992,False
8.89802136|45.266665048,6461,ricept_6461,8.898021360329903,45.26666504780151,1993,False
8.909861708|45.266665048,2733,ricept_2733,8.909861708114773,45.26666504780151,1994,False
8.921702056|45.266665048,14018,ricept_14018,8.921702055899644,45.26666504780151,1995,False
9.00458449|45.266665048,14925,ricept_14925,9.004584490393736,45.26666504780151,1996,False
9.016424838|45.266665048,3429,ricept_3429,9.016424838178605,45.26666504780151,1997,False
9.028265186|45.266665048,3430,ricept_3430,9.028265185963477,45.26666504780151,1998,False
9.040105534|45.266665048,3431,ricept_3431,9.040105533748344,45.26666504780151,1999,False
9.051945882|45.266665048,3432,ricept_3432,9.051945881533214,45.26666504780151,2000,False
9.063786229|45.266665048,3433,ricept_3433,9.063786229318085,45.26666504780151,2001,False
9.075626577|45.266665048,3434,ricept_3434,9.075626577102955,45.26666504780151,2002,False
9.087466925|45.266665048,3435,ricept_3435,9.087466924887826,45.26666504780151,2003,False
9.11114762|45.266665048,3436,ricept_3436,9.111147620457563,45.26666504780151,2004,False
9.122987968|45.266665048,7297,ricept_7297,9.122987968242436,45.26666504780151,2005,False
9.134828316|45.266665048,3437,ricept_3437,9.134828316027306,45.26666504780151,2006,False
9.146668664|45.266665048,3438,ricept_3438,9.146668663812177,45.26666504780151,2007,False
9.158509012|45.266665048,3439,ricept_3439,9.158509011597046,45.26666504780151,2008,False
9.170349359|45.266665048,3440,ricept_3440,9.170349359381916,45.26666504780151,2009,False
9.182189707|45.266665048,3441,ricept_3441,9.182189707166785,45.26666504780151,2010,False
9.194030055|45.266665048,3442,ricept_3442,9.194030054951655,45.26666504780151,2011,False
9.205870403|45.266665048,7304,ricept_7304,9.205870402736526,45.26666504780151,2012,False
9.217710751|45.266665048,7305,ricept_7305,9.217710750521396,45.26666504780151,2013,False
9.229551098|45.266665048,7306,ricept_7306,9.229551098306269,45.26666504780151,2014,False
9.241391446|45.266665048,7307,ricept_7307,9.241391446091136,45.26666504780151,2015,False
9.253231794|45.266665048,7308,ricept_7308,9.253231793876006,45.26666504780151,2016,False
9.265072142|45.266665048,7309,ricept_7309,9.265072141660877,45.26666504780151,2017,False
9.276912489|45.266665048,7310,ricept_7310,9.276912489445747,45.26666504780151,2018,False
9.288752837|45.266665048,7311,ricept_7311,9.288752837230618,45.26666504780151,2019,False
9.300593185|45.266665048,7312,ricept_7312,9.300593185015488,45.26666504780151,2020,False
9.312433533|45.266665048,7313,ricept_7313,9.31243353280036,45.26666504780151,2021,False
9.324273881|45.266665048,7314,ricept_7314,9.324273880585228,45.26666504780151,2022,False
9.336114228|45.266665048,3443,ricept_3443,9.336114228370098,45.26666504780151,2023,False
9.347954576|45.266665048,7316,ricept_7316,9.347954576154969,45.26666504780151,2024,False
9.359794924|45.266665048,7317,ricept_7317,9.35979492393984,45.26666504780151,2025,False
9.371635272|45.266665048,3444,ricept_3444,9.37163527172471,45.26666504780151,2026,False
8.058539781|45.274998381,1380,ricept_1380,8.058539781017414,45.27499838083683,2027,False
8.070381867|45.274998381,1381,ricept_1381,8.070381867396573,45.27499838083683,2028,False
8.082223954|45.274998381,1382,ricept_1382,8.082223953775731,45.27499838083683,2029,False
8.09406604|45.274998381,1383,ricept_1383,8.094066040154889,45.27499838083683,2030,False
8.105908127|45.274998381,1384,ricept_1384,8.105908126534048,45.27499838083683,2031,False
8.117750213|45.274998381,1385,ricept_1385,8.117750212913206,45.27499838083683,2032,False
8.129592299|45.274998381,1386,ricept_1386,8.129592299292364,45.27499838083683,2033,False
8.141434386|45.274998381,1387,ricept_1387,8.141434385671523,45.27499838083683,2034,False
8.153276472|45.274998381,1388,ricept_1388,8.153276472050683,45.27499838083683,2035,False
8.165118558|45.274998381,1389,ricept_1389,8.16511855842984,45.27499838083683,2036,False
8.176960645|45.274998381,1390,ricept_1390,8.176960644808998,45.27499838083683,2037,False
8.188802731|45.274998381,1391,ricept_1391,8.188802731188158,45.27499838083683,2038,False
8.200644818|45.274998381,1392,ricept_1392,8.200644817567317,45.27499838083683,2039,False
8.212486904|45.274998381,1393,ricept_1393,8.212486903946477,45.27499838083683,2040,False
8.22432899|45.274998381,1394,ricept_1394,8.224328990325633,45.27499838083683,2041,False
8.236171077|45.274998381,1395,ricept_1395,8.236171076704792,45.27499838083683,2042,False
8.248013163|45.274998381,1396,ricept_1396,8.24801316308395,45.27499838083683,2043,False
8.259855249|45.274998381,1397,ricept_1397,8.259855249463108,45.27499838083683,2044,False
8.271697336|45.274998381,1398,ricept_1398,8.27169733584227,45.27499838083683,2045,False
8.283539422|45.274998381,1399,ricept_1399,8.283539422221427,45.27499838083683,2046,False
8.295381509|45.274998381,1400,ricept_1400,8.295381508600586,45.27499838083683,2047,False
8.307223595|45.274998381,1401,ricept_1401,8.307223594979744,45.27499838083683,2048,False
8.319065681|45.274998381,1402,ricept_1402,8.319065681358902,45.27499838083683,2049,False
8.330907768|45.274998381,1403,ricept_1403,8.33090776773806,45.27499838083683,2050,False
8.342749854|45.274998381,1404,ricept_1404,8.342749854117221,45.27499838083683,2051,False
8.35459194|45.274998381,1405,ricept_1405,8.354591940496377,45.27499838083683,2052,False
8.366434027|45.274998381,1406,ricept_1406,8.366434026875536,45.27499838083683,2053,False
8.378276113|45.274998381,1407,ricept_1407,8.378276113254696,45.27499838083683,2054,False
8.3901182|45.274998381,1408,ricept_1408,8.390118199633852,45.27499838083683,2055,False
8.401960286|45.274998381,1409,ricept_1409,8.401960286013013,45.27499838083683,2056,False
8.413802372|45.274998381,1410,ricept_1410,8.41380237239217,45.27499838083683,2057,False
8.425644459|45.274998381,1411,ricept_1411,8.42564445877133,45.27499838083683,2058,False
8.437486545|45.274998381,1412,ricept_1412,8.437486545150488,45.27499838083683,2059,False
8.449328632|45.274998381,1413,ricept_1413,8.449328631529648,45.27499838083683,2060,False
8.461170718|45.274998381,1414,ricept_1414,8.461170717908804,45.27499838083683,2061,False
8.473012804|45.274998381,1415,ricept_1415,8.473012804287965,45.27499838083683,2062,False
8.484854891|45.274998381,1416,ricept_1416,8.484854890667123,45.27499838083683,2063,False
8.496696977|45.274998381,1417,ricept_1417,8.49669697704628,45.27499838083683,2064,False
8.508539063|45.274998381,1418,ricept_1418,8.50853906342544,45.27499838083683,2065,False
8.52038115|45.274998381,2734,ricept_2734,8.5203811498046,45.27499838083683,2066,False
8.532223236|45.274998381,1419,ricept_1419,8.532223236183757,45.27499838083683,2067,False
8.555907409|45.274998381,2735,ricept_2735,8.555907408942074,45.27499838083683,2068,False
8.567749495|45.274998381,2736,ricept_2736,8.567749495321232,45.27499838083683,2069,False
8.579591582|45.274998381,2737,ricept_2737,8.579591581700392,45.27499838083683,2070,False
8.591433668|45.274998381,2738,ricept_2738,8.59143366807955,45.27499838083683,2071,False
8.603275754|45.274998381,2739,ricept_2739,8.603275754458709,45.27499838083683,2072,False
8.615117841|45.274998381,2740,ricept_2740,8.615117840837867,45.27499838083683,2073,False
8.626959927|45.274998381,2741,ricept_2741,8.626959927217024,45.27499838083683,2074,False
8.638802014|45.274998381,2742,ricept_2742,8.638802013596184,45.27499838083683,2075,False
8.6506441|45.274998381,2743,ricept_2743,8.650644099975343,45.27499838083683,2076,False
8.662486186|45.274998381,2744,ricept_2744,8.662486186354503,45.27499838083683,2077,False
8.674328273|45.274998381,2745,ricept_2745,8.674328272733659,45.27499838083683,2078,False
8.686170359|45.274998381,2746,ricept_2746,8.686170359112818,45.27499838083683,2079,False
8.698012445|45.274998381,2747,ricept_2747,8.698012445491976,45.27499838083683,2080,False
8.709854532|45.274998381,2748,ricept_2748,8.709854531871136,45.27499838083683,2081,False
8.721696618|45.274998381,2749,ricept_2749,8.721696618250295,45.27499838083683,2082,False
8.733538705|45.274998381,2750,ricept_2750,8.733538704629453,45.27499838083683,2083,False
8.745380791|45.274998381,2751,ricept_2751,8.74538079100861,45.27499838083683,2084,False
8.769064964|45.274998381,2752,ricept_2752,8.769064963766928,45.27499838083683,2085,False
8.78090705|45.274998381,2753,ricept_2753,8.780907050146087,45.27499838083683,2086,False
8.792749137|45.274998381,2754,ricept_2754,8.792749136525247,45.27499838083683,2087,False
8.804591223|45.274998381,2755,ricept_2755,8.804591222904405,45.27499838083683,2088,False
8.816433309|45.274998381,2756,ricept_2756,8.816433309283562,45.27499838083683,2089,False
8.828275396|45.274998381,2757,ricept_2757,8.828275395662722,45.27499838083683,2090,False
8.840117482|45.274998381,2758,ricept_2758,8.84011748204188,45.27499838083683,2091,False
8.851959568|45.274998381,2759,ricept_2759,8.851959568421039,45.27499838083683,2092,False
8.863801655|45.274998381,2760,ricept_2760,8.863801654800197,45.27499838083683,2093,False
8.875643741|45.274998381,2761,ricept_2761,8.875643741179356,45.27499838083683,2094,False
8.887485828|45.274998381,6489,ricept_6489,8.887485827558514,45.27499838083683,2095,False
8.899327914|45.274998381,76230,ricept_76230,8.899327913937672,45.27499838083683,2096,False
8.91117|45.274998381,2762,ricept_2762,8.91117000031683,45.27499838083683,2097,False
9.005906691|45.274998381,14954,ricept_14954,9.0059066913501,45.27499838083683,2098,False
9.017748778|45.274998381,7319,ricept_7319,9.017748777729258,45.27499838083683,2099,False
9.029590864|45.274998381,3445,ricept_3445,9.02959086410842,45.27499838083683,2100,False
9.04143295|45.274998381,3446,ricept_3446,9.041432950487572,45.27499838083683,2101,False
9.053275037|45.274998381,3447,ricept_3447,9.053275036866737,45.27499838083683,2102,False
9.065117123|45.274998381,3448,ricept_3448,9.065117123245892,45.27499838083683,2103,False
9.07695921|45.274998381,3449,ricept_3449,9.076959209625052,45.27499838083683,2104,False
9.088801296|45.274998381,3450,ricept_3450,9.088801296004211,45.27499838083683,2105,False
9.100643382|45.274998381,3451,ricept_3451,9.10064338238337,45.27499838083683,2106,False
9.112485469|45.274998381,7327,ricept_7327,9.112485468762529,45.27499838083683,2107,False
9.136169642|45.274998381,3452,ricept_3452,9.136169641520844,45.27499838083683,2108,False
9.148011728|45.274998381,3453,ricept_3453,9.148011727900002,45.27499838083683,2109,False
9.159853814|45.274998381,3454,ricept_3454,9.15985381427916,45.27499838083683,2110,False
9.171695901|45.274998381,7331,ricept_7331,9.17169590065832,45.27499838083683,2111,False
9.183537987|45.274998381,7332,ricept_7332,9.18353798703748,45.27499838083683,2112,False
9.195380073|45.274998381,7333,ricept_7333,9.195380073416638,45.27499838083683,2113,False
9.20722216|45.274998381,7334,ricept_7334,9.207222159795796,45.27499838083683,2114,False
9.219064246|45.274998381,7335,ricept_7335,9.219064246174955,45.27499838083683,2115,False
9.230906333|45.274998381,14972,ricept_14972,9.230906332554111,45.27499838083683,2116,False
9.242748419|45.274998381,7336,ricept_7336,9.242748418933273,45.27499838083683,2117,False
9.266432592|45.274998381,7337,ricept_7337,9.266432591691588,45.27499838083683,2118,False
9.278274678|45.274998381,14975,ricept_14975,9.278274678070746,45.27499838083683,2119,False
9.290116764|45.274998381,7338,ricept_7338,9.290116764449904,45.27499838083683,2120,False
9.301958851|45.274998381,3455,ricept_3455,9.301958850829063,45.27499838083683,2121,False
9.313800937|45.274998381,3456,ricept_3456,9.313800937208224,45.27499838083683,2122,False
9.325643024|45.274998381,3457,ricept_3457,9.325643023587382,45.27499838083683,2123,False
9.33748511|45.274998381,3458,ricept_3458,9.33748510996654,45.27499838083683,2124,False
9.349327196|45.274998381,7341,ricept_7341,9.3493271963457,45.27499838083683,2125,False
9.361169283|45.274998381,3459,ricept_3459,9.361169282724855,45.27499838083683,2126,False
9.373011369|45.274998381,3460,ricept_3460,9.373011369104017,45.27499838083683,2127,False
8.047879587|45.283331714,1420,ricept_1420,8.04787958671564,45.28333171387214,2128,False
8.059723412|45.283331714,1421,ricept_1421,8.059723412450321,45.28333171387214,2129,False
8.09525489|45.283331714,1422,ricept_1422,8.095254889654363,45.28333171387214,2130,False
8.107098715|45.283331714,1423,ricept_1423,8.107098715389045,45.28333171387214,2131,False
8.118942541|45.283331714,1424,ricept_1424,8.118942541123724,45.28333171387214,2132,False
8.130786367|45.283331714,1425,ricept_1425,8.130786366858406,45.28333171387214,2133,False
8.142630193|45.283331714,1426,ricept_1426,8.142630192593089,45.28333171387214,2134,False
8.154474018|45.283331714,1427,ricept_1427,8.154474018327768,45.28333171387214,2135,False
8.166317844|45.283331714,1428,ricept_1428,8.166317844062448,45.28333171387214,2136,False
8.17816167|45.283331714,1429,ricept_1429,8.178161669797129,45.28333171387214,2137,False
8.190005496|45.283331714,1430,ricept_1430,8.190005495531809,45.28333171387214,2138,False
8.201849321|45.283331714,1431,ricept_1431,8.201849321266492,45.28333171387214,2139,False
8.213693147|45.283331714,1432,ricept_1432,8.213693147001173,45.28333171387214,2140,False
8.225536973|45.283331714,1433,ricept_1433,8.225536972735853,45.28333171387214,2141,False
8.237380798|45.283331714,1434,ricept_1434,8.237380798470532,45.28333171387214,2142,False
8.249224624|45.283331714,1435,ricept_1435,8.249224624205214,45.28333171387214,2143,False
8.26106845|45.283331714,1436,ricept_1436,8.261068449939895,45.28333171387214,2144,False
8.272912276|45.283331714,1437,ricept_1437,8.272912275674576,45.28333171387214,2145,False
8.284756101|45.283331714,1438,ricept_1438,8.284756101409258,45.28333171387214,2146,False
8.296599927|45.283331714,1439,ricept_1439,8.296599927143939,45.28333171387214,2147,False
8.308443753|45.283331714,1440,ricept_1440,8.308443752878619,45.28333171387214,2148,False
8.320287579|45.283331714,1441,ricept_1441,8.320287578613298,45.28333171387214,2149,False
8.332131404|45.283331714,1442,ricept_1442,8.33213140434798,45.28333171387214,2150,False
8.34397523|45.283331714,1443,ricept_1443,8.34397523008266,45.28333171387214,2151,False
8.355819056|45.283331714,1444,ricept_1444,8.355819055817342,45.28333171387214,2152,False
8.367662882|45.283331714,1445,ricept_1445,8.367662881552024,45.28333171387214,2153,False
8.379506707|45.283331714,1446,ricept_1446,8.379506707286705,45.28333171387214,2154,False
8.391350533|45.283331714,1447,ricept_1447,8.391350533021383,45.28333171387214,2155,False
8.403194359|45.283331714,1448,ricept_1448,8.403194358756066,45.28333171387214,2156,False
8.415038184|45.283331714,1449,ricept_1449,8.415038184490747,45.28333171387214,2157,False
8.42688201|45.283331714,1450,ricept_1450,8.426882010225427,45.28333171387214,2158,False
8.438725836|45.283331714,1451,ricept_1451,8.438725835960108,45.28333171387214,2159,False
8.450569662|45.283331714,1452,ricept_1452,8.45056966169479,45.28333171387214,2160,False
8.462413487|45.283331714,1453,ricept_1453,8.462413487429469,45.28333171387214,2161,False
8.474257313|45.283331714,1454,ricept_1454,8.47425731316415,45.28333171387214,2162,False
8.486101139|45.283331714,1455,ricept_1455,8.486101138898832,45.28333171387214,2163,False
8.497944965|45.283331714,1456,ricept_1456,8.497944964633513,45.28333171387214,2164,False
8.50978879|45.283331714,1457,ricept_1457,8.509788790368193,45.28333171387214,2165,False
8.521632616|45.283331714,6491,ricept_6491,8.521632616102876,45.28333171387214,2166,False
8.545320268|45.283331714,2763,ricept_2763,8.545320267572235,45.28333171387214,2167,False
8.557164093|45.283331714,2764,ricept_2764,8.557164093306916,45.28333171387214,2168,False
8.569007919|45.283331714,2765,ricept_2765,8.569007919041598,45.28333171387214,2169,False
8.580851745|45.283331714,2766,ricept_2766,8.580851744776277,45.28333171387214,2170,False
8.604539396|45.283331714,2767,ricept_2767,8.60453939624564,45.28333171387214,2171,False
8.616383222|45.283331714,2768,ricept_2768,8.616383221980321,45.28333171387214,2172,False
8.628227048|45.283331714,2769,ricept_2769,8.628227047715,45.28333171387214,2173,False
8.640070873|45.283331714,2770,ricept_2770,8.640070873449682,45.28333171387214,2174,False
8.651914699|45.283331714,2771,ricept_2771,8.651914699184365,45.28333171387214,2175,False
8.663758525|45.283331714,2772,ricept_2772,8.663758524919045,45.28333171387214,2176,False
8.675602351|45.283331714,2773,ricept_2773,8.675602350653724,45.28333171387214,2177,False
8.687446176|45.283331714,2774,ricept_2774,8.687446176388406,45.28333171387214,2178,False
8.699290002|45.283331714,2775,ricept_2775,8.699290002123085,45.28333171387214,2179,False
8.711133828|45.283331714,2776,ricept_2776,8.711133827857767,45.28333171387214,2180,False
8.722977654|45.283331714,2777,ricept_2777,8.72297765359245,45.28333171387214,2181,False
8.734821479|45.283331714,2778,ricept_2778,8.73482147932713,45.28333171387214,2182,False
8.746665305|45.283331714,2779,ricept_2779,8.746665305061809,45.28333171387214,2183,False
8.770352957|45.283331714,14067,ricept_14067,8.770352956531172,45.28333171387214,2184,False
8.782196782|45.283331714,2780,ricept_2780,8.782196782265853,45.28333171387214,2185,False
8.794040608|45.283331714,2781,ricept_2781,8.794040608000534,45.28333171387214,2186,False
8.805884434|45.283331714,2782,ricept_2782,8.805884433735216,45.28333171387214,2187,False
8.817728259|45.283331714,2783,ricept_2783,8.817728259469893,45.28333171387214,2188,False
8.829572085|45.283331714,2784,ricept_2784,8.829572085204575,45.28333171387214,2189,False
8.841415911|45.283331714,6514,ricept_6514,8.841415910939256,45.28333171387214,2190,False
8.865103562|45.283331714,2785,ricept_2785,8.865103562408619,45.28333171387214,2191,False
8.876947388|45.283331714,2786,ricept_2786,8.8769473881433,45.28333171387214,2192,False
8.912478865|45.283331714,2787,ricept_2787,8.91247886534734,45.28333171387214,2193,False
9.007229471|45.283331714,2950,ricept_2950,9.00722947122479,45.28333171387214,2194,False
9.019073297|45.283331714,3461,ricept_3461,9.01907329695947,45.28333171387214,2195,False
9.030917123|45.283331714,3462,ricept_3462,9.030917122694152,45.28333171387214,2196,False
9.042760948|45.283331714,3463,ricept_3463,9.04276094842883,45.28333171387214,2197,False
9.054604774|45.283331714,3464,ricept_3464,9.054604774163511,45.28333171387214,2198,False
9.0664486|45.283331714,3465,ricept_3465,9.066448599898193,45.28333171387214,2199,False
9.078292426|45.283331714,3466,ricept_3466,9.078292425632874,45.28333171387214,2200,False
9.090136251|45.283331714,3467,ricept_3467,9.090136251367555,45.28333171387214,2201,False
9.101980077|45.283331714,3468,ricept_3468,9.101980077102237,45.28333171387214,2202,False
9.113823903|45.283331714,3469,ricept_3469,9.113823902836916,45.28333171387214,2203,False
9.125667729|45.283331714,7352,ricept_7352,9.125667728571598,45.28333171387214,2204,False
9.14935538|45.283331714,3470,ricept_3470,9.14935538004096,45.28333171387214,2205,False
9.161199206|45.283331714,3471,ricept_3471,9.16119920577564,45.28333171387214,2206,False
9.173043032|45.283331714,3472,ricept_3472,9.17304303151032,45.28333171387214,2207,False
9.184886857|45.283331714,7355,ricept_7355,9.184886857245,45.28333171387214,2208,False
9.196730683|45.283331714,7356,ricept_7356,9.196730682979682,45.28333171387214,2209,False
9.208574509|45.283331714,3473,ricept_3473,9.208574508714364,45.28333171387214,2210,False
9.220418334|45.283331714,3474,ricept_3474,9.220418334449043,45.28333171387214,2211,False
9.23226216|45.283331714,3475,ricept_3475,9.232262160183726,45.28333171387214,2212,False
9.244105986|45.283331714,3476,ricept_3476,9.244105985918408,45.28333171387214,2213,False
9.255949812|45.283331714,3477,ricept_3477,9.255949811653084,45.28333171387214,2214,False
9.267793637|45.283331714,3478,ricept_3478,9.267793637387769,45.28333171387214,2215,False
9.279637463|45.283331714,3479,ricept_3479,9.279637463122448,45.28333171387214,2216,False
9.291481289|45.283331714,3480,ricept_3480,9.291481288857128,45.28333171387214,2217,False
9.303325115|45.283331714,3481,ricept_3481,9.30332511459181,45.28333171387214,2218,False
9.31516894|45.283331714,7364,ricept_7364,9.315168940326492,45.28333171387214,2219,False
9.327012766|45.283331714,3482,ricept_3482,9.327012766061172,45.28333171387214,2220,False
9.338856592|45.283331714,3483,ricept_3483,9.338856591795851,45.28333171387214,2221,False
9.350700418|45.283331714,3484,ricept_3484,9.350700417530533,45.28333171387214,2222,False
9.362544243|45.283331714,3485,ricept_3485,9.362544243265216,45.28333171387214,2223,False
8.049061996|45.291665047,1458,ricept_1458,8.049061996329378,45.29166504690744,2224,False
8.060907562|45.291665047,1459,ricept_1459,8.060907562181225,45.29166504690744,2225,False
8.072753128|45.291665047,1460,ricept_1460,8.07275312803307,45.29166504690744,2226,False
8.084598694|45.291665047,1461,ricept_1461,8.084598693884917,45.29166504690744,2227,False
8.09644426|45.291665047,1462,ricept_1462,8.096444259736764,45.29166504690744,2228,False
8.108289826|45.291665047,1463,ricept_1463,8.108289825588608,45.29166504690744,2229,False
8.120135391|45.291665047,1464,ricept_1464,8.120135391440455,45.29166504690744,2230,False
8.131980957|45.291665047,1465,ricept_1465,8.131980957292301,45.29166504690744,2231,False
8.143826523|45.291665047,1466,ricept_1466,8.14382652314415,45.29166504690744,2232,False
8.155672089|45.291665047,1467,ricept_1467,8.155672088995994,45.29166504690744,2233,False
8.167517655|45.291665047,1468,ricept_1468,8.167517654847838,45.29166504690744,2234,False
8.179363221|45.291665047,1469,ricept_1469,8.179363220699685,45.29166504690744,2235,False
8.191208787|45.291665047,1470,ricept_1470,8.191208786551531,45.29166504690744,2236,False
8.203054352|45.291665047,1471,ricept_1471,8.203054352403377,45.29166504690744,2237,False
8.214899918|45.291665047,1472,ricept_1472,8.214899918255224,45.29166504690744,2238,False
8.226745484|45.291665047,1473,ricept_1473,8.226745484107068,45.29166504690744,2239,False
8.23859105|45.291665047,1474,ricept_1474,8.238591049958915,45.29166504690744,2240,False
8.250436616|45.291665047,1475,ricept_1475,8.250436615810761,45.29166504690744,2241,False
8.262282182|45.291665047,1476,ricept_1476,8.262282181662606,45.29166504690744,2242,False
8.274127748|45.291665047,1477,ricept_1477,8.274127747514454,45.29166504690744,2243,False
8.285973313|45.291665047,1478,ricept_1478,8.2859733133663,45.29166504690744,2244,False
8.297818879|45.291665047,1479,ricept_1479,8.297818879218147,45.29166504690744,2245,False
8.309664445|45.291665047,1480,ricept_1480,8.309664445069991,45.29166504690744,2246,False
8.321510011|45.291665047,1481,ricept_1481,8.321510010921838,45.29166504690744,2247,False
8.333355577|45.291665047,1482,ricept_1482,8.333355576773682,45.29166504690744,2248,False
8.345201143|45.291665047,1483,ricept_1483,8.34520114262553,45.29166504690744,2249,False
8.357046708|45.291665047,1484,ricept_1484,8.357046708477375,45.29166504690744,2250,False
8.368892274|45.291665047,1485,ricept_1485,8.368892274329223,45.29166504690744,2251,False
8.38073784|45.291665047,1486,ricept_1486,8.380737840181068,45.29166504690744,2252,False
8.392583406|45.291665047,1487,ricept_1487,8.392583406032912,45.29166504690744,2253,False
8.404428972|45.291665047,1488,ricept_1488,8.404428971884759,45.29166504690744,2254,False
8.416274538|45.291665047,1489,ricept_1489,8.416274537736607,45.29166504690744,2255,False
8.428120104|45.291665047,1490,ricept_1490,8.428120103588451,45.29166504690744,2256,False
8.439965669|45.291665047,1491,ricept_1491,8.439965669440298,45.29166504690744,2257,False
8.451811235|45.291665047,1492,ricept_1492,8.451811235292144,45.29166504690744,2258,False
8.463656801|45.291665047,5105,ricept_5105,8.463656801143989,45.29166504690744,2259,False
8.475502367|45.291665047,5106,ricept_5106,8.475502366995837,45.29166504690744,2260,False
8.487347933|45.291665047,5107,ricept_5107,8.487347932847682,45.29166504690744,2261,False
8.499193499|45.291665047,5108,ricept_5108,8.499193498699528,45.29166504690744,2262,False
8.511039065|45.291665047,6518,ricept_6518,8.511039064551374,45.29166504690744,2263,False
8.534730196|45.291665047,2788,ricept_2788,8.534730196255065,45.29166504690744,2264,False
8.546575762|45.291665047,2789,ricept_2789,8.546575762106912,45.29166504690744,2265,False
8.558421328|45.291665047,2790,ricept_2790,8.558421327958758,45.29166504690744,2266,False
8.570266894|45.291665047,2791,ricept_2791,8.570266893810604,45.29166504690744,2267,False
8.605803591|45.291665047,2792,ricept_2792,8.605803591366142,45.29166504690744,2268,False
8.617649157|45.291665047,2793,ricept_2793,8.617649157217988,45.29166504690744,2269,False
8.629494723|45.291665047,2794,ricept_2794,8.629494723069833,45.29166504690744,2270,False
8.641340289|45.291665047,2795,ricept_2795,8.64134028892168,45.29166504690744,2271,False
8.653185855|45.291665047,2796,ricept_2796,8.653185854773527,45.29166504690744,2272,False
8.665031421|45.291665047,2797,ricept_2797,8.665031420625374,45.29166504690744,2273,False
8.676876986|45.291665047,2798,ricept_2798,8.676876986477218,45.29166504690744,2274,False
8.688722552|45.291665047,2799,ricept_2799,8.688722552329065,45.29166504690744,2275,False
8.700568118|45.291665047,2800,ricept_2800,8.700568118180911,45.29166504690744,2276,False
8.712413684|45.291665047,2801,ricept_2801,8.712413684032756,45.29166504690744,2277,False
8.72425925|45.291665047,2802,ricept_2802,8.724259249884604,45.29166504690744,2278,False
8.736104816|45.291665047,6534,ricept_6534,8.736104815736448,45.29166504690744,2279,False
8.747950382|45.291665047,14094,ricept_14094,8.747950381588295,45.29166504690744,2280,False
8.771641513|45.291665047,14095,ricept_14095,8.771641513291986,45.29166504690744,2281,False
8.783487079|45.291665047,2803,ricept_2803,8.783487079143832,45.29166504690744,2282,False
8.795332645|45.291665047,2804,ricept_2804,8.79533264499568,45.29166504690744,2283,False
8.807178211|45.291665047,2805,ricept_2805,8.807178210847525,45.29166504690744,2284,False
8.819023777|45.291665047,2806,ricept_2806,8.819023776699371,45.29166504690744,2285,False
8.830869343|45.291665047,2807,ricept_2807,8.830869342551216,45.29166504690744,2286,False
8.86640604|45.291665047,2808,ricept_2808,8.866406040106755,45.29166504690744,2287,False
8.913788304|45.291665047,6541,ricept_6541,8.913788303514139,45.29166504690744,2288,False
9.00855283|45.291665047,2951,ricept_2951,9.008552830328906,45.29166504690744,2289,False
9.020398396|45.291665047,3486,ricept_3486,9.020398396180754,45.29166504690744,2290,False
9.032243962|45.291665047,3487,ricept_3487,9.0322439620326,45.29166504690744,2291,False
9.044089528|45.291665047,3488,ricept_3488,9.044089527884443,45.29166504690744,2292,False
9.055935094|45.291665047,3489,ricept_3489,9.055935093736291,45.29166504690744,2293,False
9.06778066|45.291665047,3490,ricept_3490,9.067780659588138,45.29166504690744,2294,False
9.079626225|45.291665047,3491,ricept_3491,9.079626225439984,45.29166504690744,2295,False
9.091471791|45.291665047,3492,ricept_3492,9.091471791291829,45.29166504690744,2296,False
9.103317357|45.291665047,3493,ricept_3493,9.103317357143675,45.29166504690744,2297,False
9.115162923|45.291665047,7376,ricept_7376,9.115162922995522,45.29166504690744,2298,False
9.127008489|45.291665047,7377,ricept_7377,9.127008488847368,45.29166504690744,2299,False
9.138854055|45.291665047,7378,ricept_7378,9.138854054699213,45.29166504690744,2300,False
9.150699621|45.291665047,3494,ricept_3494,9.15069962055106,45.29166504690744,2301,False
9.162545186|45.291665047,3495,ricept_3495,9.162545186402903,45.29166504690744,2302,False
9.174390752|45.291665047,3496,ricept_3496,9.174390752254752,45.29166504690744,2303,False
9.186236318|45.291665047,3497,ricept_3497,9.186236318106596,45.29166504690744,2304,False
9.198081884|45.291665047,2952,ricept_2952,9.198081883958444,45.29166504690744,2305,False
9.20992745|45.291665047,3498,ricept_3498,9.209927449810287,45.29166504690744,2306,False
9.221773016|45.291665047,3499,ricept_3499,9.221773015662135,45.29166504690744,2307,False
9.245464147|45.291665047,3500,ricept_3500,9.245464147365828,45.29166504690744,2308,False
9.257309713|45.291665047,3501,ricept_3501,9.257309713217674,45.29166504690744,2309,False
9.269155279|45.291665047,3502,ricept_3502,9.26915527906952,45.29166504690744,2310,False
9.281000845|45.291665047,3503,ricept_3503,9.281000844921367,45.29166504690744,2311,False
9.292846411|45.291665047,3504,ricept_3504,9.292846410773212,45.29166504690744,2312,False
9.304691977|45.291665047,7390,ricept_7390,9.30469197662506,45.29166504690744,2313,False
9.316537542|45.291665047,7391,ricept_7391,9.316537542476905,45.29166504690744,2314,False
9.328383108|45.291665047,3505,ricept_3505,9.328383108328753,45.29166504690744,2315,False
9.340228674|45.291665047,3506,ricept_3506,9.340228674180596,45.29166504690744,2316,False
9.35207424|45.291665047,7394,ricept_7394,9.352074240032442,45.29166504690744,2317,False
9.363919806|45.291665047,7395,ricept_7395,9.363919805884288,45.29166504690744,2318,False
9.375765372|45.291665047,7396,ricept_7396,9.375765371736136,45.29166504690744,2319,False
8.06209223|45.29999838,1493,ricept_1493,8.06209223048872,45.29999837994275,2320,False
8.073939537|45.29999838,1494,ricept_1494,8.073939537219783,45.29999837994275,2321,False
8.085786844|45.29999838,1495,ricept_1495,8.085786843950848,45.29999837994275,2322,False
8.097634151|45.29999838,1496,ricept_1496,8.09763415068191,45.29999837994275,2323,False
8.109481457|45.29999838,1497,ricept_1497,8.109481457412974,45.29999837994275,2324,False
8.121328764|45.29999838,1498,ricept_1498,8.121328764144037,45.29999837994275,2325,False
8.133176071|45.29999838,1499,ricept_1499,8.1331760708751,45.29999837994275,2326,False
8.145023378|45.29999838,1500,ricept_1500,8.145023377606165,45.29999837994275,2327,False
8.156870684|45.29999838,1501,ricept_1501,8.156870684337228,45.29999837994275,2328,False
8.168717991|45.29999838,1502,ricept_1502,8.16871799106829,45.29999837994275,2329,False
8.180565298|45.29999838,1503,ricept_1503,8.180565297799355,45.29999837994275,2330,False
8.192412605|45.29999838,1504,ricept_1504,8.192412604530418,45.29999837994275,2331,False
8.204259911|45.29999838,1505,ricept_1505,8.204259911261483,45.29999837994275,2332,False
8.216107218|45.29999838,1506,ricept_1506,8.216107217992546,45.29999837994275,2333,False
8.227954525|45.29999838,1507,ricept_1507,8.227954524723609,45.29999837994275,2334,False
8.239801831|45.29999838,1508,ricept_1508,8.239801831454672,45.29999837994275,2335,False
8.251649138|45.29999838,1509,ricept_1509,8.251649138185735,45.29999837994275,2336,False
8.263496445|45.29999838,1510,ricept_1510,8.263496444916798,45.29999837994275,2337,False
8.275343752|45.29999838,1511,ricept_1511,8.275343751647863,45.29999837994275,2338,False
8.287191058|45.29999838,1512,ricept_1512,8.287191058378927,45.29999837994275,2339,False
8.299038365|45.29999838,1513,ricept_1513,8.29903836510999,45.29999837994275,2340,False
8.310885672|45.29999838,1514,ricept_1514,8.310885671841055,45.29999837994275,2341,False
8.322732979|45.29999838,1515,ricept_1515,8.322732978572116,45.29999837994275,2342,False
8.334580285|45.29999838,1516,ricept_1516,8.33458028530318,45.29999837994275,2343,False
8.346427592|45.29999838,1517,ricept_1517,8.346427592034244,45.29999837994275,2344,False
8.358274899|45.29999838,1518,ricept_1518,8.358274898765307,45.29999837994275,2345,False
8.370122205|45.29999838,1519,ricept_1519,8.37012220549637,45.29999837994275,2346,False
8.381969512|45.29999838,1520,ricept_1520,8.381969512227434,45.29999837994275,2347,False
8.393816819|45.29999838,1521,ricept_1521,8.393816818958499,45.29999837994275,2348,False
8.405664126|45.29999838,1522,ricept_1522,8.405664125689562,45.29999837994275,2349,False
8.417511432|45.29999838,1523,ricept_1523,8.417511432420625,45.29999837994275,2350,False
8.429358739|45.29999838,1524,ricept_1524,8.42935873915169,45.29999837994275,2351,False
8.441206046|45.29999838,1525,ricept_1525,8.441206045882753,45.29999837994275,2352,False
8.453053353|45.29999838,5142,ricept_5142,8.453053352613818,45.29999837994275,2353,False
8.464900659|45.29999838,12688,ricept_12688,8.464900659344877,45.29999837994275,2354,False
8.524137193|45.29999838,2809,ricept_2809,8.524137193000197,45.29999837994275,2355,False
8.547831806|45.29999838,2810,ricept_2810,8.547831806462323,45.29999837994275,2356,False
8.559679113|45.29999838,2811,ricept_2811,8.559679113193388,45.29999837994275,2357,False
8.57152642|45.29999838,2812,ricept_2812,8.571526419924451,45.29999837994275,2358,False
8.583373727|45.29999838,2813,ricept_2813,8.583373726655514,45.29999837994275,2359,False
8.595221033|45.29999838,2814,ricept_2814,8.59522103338658,45.29999837994275,2360,False
8.60706834|45.29999838,2815,ricept_2815,8.60706834011764,45.29999837994275,2361,False
8.618915647|45.29999838,2816,ricept_2816,8.618915646848704,45.29999837994275,2362,False
8.630762954|45.29999838,2817,ricept_2817,8.630762953579767,45.29999837994275,2363,False
8.64261026|45.29999838,2818,ricept_2818,8.642610260310832,45.29999837994275,2364,False
8.654457567|45.29999838,2819,ricept_2819,8.654457567041895,45.29999837994275,2365,False
8.666304874|45.29999838,304,ricept_304,8.666304873772958,45.29999837994275,2366,False
8.678152181|45.29999838,305,ricept_305,8.678152180504021,45.29999837994275,2367,False
8.689999487|45.29999838,306,ricept_306,8.689999487235085,45.29999837994275,2368,False
8.701846794|45.29999838,307,ricept_307,8.70184679396615,45.29999837994275,2369,False
8.713694101|45.29999838,2820,ricept_2820,8.713694100697213,45.29999837994275,2370,False
8.725541407|45.29999838,6554,ricept_6554,8.725541407428278,45.29999837994275,2371,False
8.737388714|45.29999838,2821,ricept_2821,8.73738871415934,45.29999837994275,2372,False
8.772930634|45.29999838,2822,ricept_2822,8.77293063435253,45.29999837994275,2373,False
8.784777941|45.29999838,2823,ricept_2823,8.784777941083595,45.29999837994275,2374,False
8.796625248|45.29999838,2824,ricept_2824,8.796625247814658,45.29999837994275,2375,False
8.808472555|45.29999838,2825,ricept_2825,8.808472554545721,45.29999837994275,2376,False
8.820319861|45.29999838,2826,ricept_2826,8.820319861276783,45.29999837994275,2377,False
8.879556395|45.29999838,2827,ricept_2827,8.879556394932102,45.29999837994275,2378,False
8.891403702|45.29999838,6560,ricept_6560,8.891403701663167,45.29999837994275,2379,False
8.962487542|45.29999838,14254,ricept_14254,8.962487542049546,45.29999837994275,2380,False
8.974334849|45.29999838,2953,ricept_2953,8.97433484878061,45.29999837994275,2381,False
8.986182156|45.29999838,2954,ricept_2954,8.986182155511672,45.29999837994275,2382,False
8.998029462|45.29999838,3507,ricept_3507,8.998029462242737,45.29999837994275,2383,False
9.009876769|45.29999838,3508,ricept_3508,9.0098767689738,45.29999837994275,2384,False
9.021724076|45.29999838,3509,ricept_3509,9.021724075704864,45.29999837994275,2385,False
9.033571382|45.29999838,6689,ricept_6689,9.033571382435928,45.29999837994275,2386,False
9.045418689|45.29999838,3510,ricept_3510,9.04541868916699,45.29999837994275,2387,False
9.057265996|45.29999838,3511,ricept_3511,9.057265995898057,45.29999837994275,2388,False
9.069113303|45.29999838,3512,ricept_3512,9.069113302629118,45.29999837994275,2389,False
9.080960609|45.29999838,3513,ricept_3513,9.08096060936018,45.29999837994275,2390,False
9.092807916|45.29999838,3514,ricept_3514,9.092807916091244,45.29999837994275,2391,False
9.104655223|45.29999838,7405,ricept_7405,9.10465522282231,45.29999837994275,2392,False
9.11650253|45.29999838,3515,ricept_3515,9.116502529553372,45.29999837994275,2393,False
9.128349836|45.29999838,3516,ricept_3516,9.128349836284436,45.29999837994275,2394,False
9.15204445|45.29999838,2955,ricept_2955,9.152044449746562,45.29999837994275,2395,False
9.163891756|45.29999838,2956,ricept_2956,9.163891756477623,45.29999837994275,2396,False
9.175739063|45.29999838,2957,ricept_2957,9.17573906320869,45.29999837994275,2397,False
9.18758637|45.29999838,2958,ricept_2958,9.187586369939751,45.29999837994275,2398,False
9.199433677|45.29999838,7407,ricept_7407,9.199433676670816,45.29999837994275,2399,False
9.211280983|45.29999838,3517,ricept_3517,9.21128098340188,45.29999837994275,2400,False
9.22312829|45.29999838,7409,ricept_7409,9.223128290132944,45.29999837994275,2401,False
9.234975597|45.29999838,7410,ricept_7410,9.234975596864007,45.29999837994275,2402,False
9.246822904|45.29999838,3518,ricept_3518,9.246822903595072,45.29999837994275,2403,False
9.25867021|45.29999838,7412,ricept_7412,9.258670210326134,45.29999837994275,2404,False
9.270517517|45.29999838,7413,ricept_7413,9.270517517057195,45.29999837994275,2405,False
9.282364824|45.29999838,3519,ricept_3519,9.28236482378826,45.29999837994275,2406,False
9.294212131|45.29999838,3520,ricept_3520,9.294212130519323,45.29999837994275,2407,False
9.306059437|45.29999838,7416,ricept_7416,9.306059437250388,45.29999837994275,2408,False
9.317906744|45.29999838,3521,ricept_3521,9.317906743981451,45.29999837994275,2409,False
9.329754051|45.29999838,3522,ricept_3522,9.329754050712516,45.29999837994275,2410,False
9.341601357|45.29999838,7419,ricept_7419,9.34160135744358,45.29999837994275,2411,False
9.353448664|45.29999838,7420,ricept_7420,9.353448664174644,45.29999837994275,2412,False
9.365295971|45.29999838,7421,ricept_7421,9.365295970905708,45.29999837994275,2413,False
9.377143278|45.29999838,18941,ricept_18941,9.37714327763677,45.29999837994275,2414,False
8.063277418|45.308331713,1526,ricept_1526,8.063277417651607,45.30833171297807,2415,False
8.075126466|45.308331713,1527,ricept_1527,8.07512646602435,45.30833171297807,2416,False
8.086975514|45.308331713,1528,ricept_1528,8.086975514397093,45.30833171297807,2417,False
8.098824563|45.308331713,1529,ricept_1529,8.098824562769837,45.30833171297807,2418,False
8.110673611|45.308331713,1530,ricept_1530,8.110673611142579,45.30833171297807,2419,False
8.134371708|45.308331713,1531,ricept_1531,8.134371707888064,45.30833171297807,2420,False
8.146220756|45.308331713,1532,ricept_1532,8.146220756260808,45.30833171297807,2421,False
8.158069805|45.308331713,1533,ricept_1533,8.15806980463355,45.30833171297807,2422,False
8.169918853|45.308331713,1534,ricept_1534,8.169918853006294,45.30833171297807,2423,False
8.181767901|45.308331713,1535,ricept_1535,8.181767901379036,45.30833171297807,2424,False
8.19361695|45.308331713,1536,ricept_1536,8.19361694975178,45.30833171297807,2425,False
8.205465998|45.308331713,1537,ricept_1537,8.205465998124524,45.30833171297807,2426,False
8.217315046|45.308331713,1538,ricept_1538,8.217315046497266,45.30833171297807,2427,False
8.229164095|45.308331713,1539,ricept_1539,8.22916409487001,45.30833171297807,2428,False
8.241013143|45.308331713,1540,ricept_1540,8.241013143242752,45.30833171297807,2429,False
8.252862192|45.308331713,1541,ricept_1541,8.252862191615494,45.30833171297807,2430,False
8.26471124|45.308331713,1542,ricept_1542,8.264711239988237,45.30833171297807,2431,False
8.276560288|45.308331713,1543,ricept_1543,8.276560288360981,45.30833171297807,2432,False
8.288409337|45.308331713,1544,ricept_1544,8.288409336733723,45.30833171297807,2433,False
8.300258385|45.308331713,1545,ricept_1545,8.300258385106467,45.30833171297807,2434,False
8.312107433|45.308331713,1546,ricept_1546,8.31210743347921,45.30833171297807,2435,False
8.323956482|45.308331713,1547,ricept_1547,8.323956481851951,45.30833171297807,2436,False
8.33580553|45.308331713,1548,ricept_1548,8.335805530224695,45.30833171297807,2437,False
8.347654579|45.308331713,1549,ricept_1549,8.347654578597439,45.30833171297807,2438,False
8.359503627|45.308331713,1550,ricept_1550,8.35950362697018,45.30833171297807,2439,False
8.371352675|45.308331713,1551,ricept_1551,8.371352675342926,45.30833171297807,2440,False
8.383201724|45.308331713,1552,ricept_1552,8.383201723715668,45.30833171297807,2441,False
8.395050772|45.308331713,1553,ricept_1553,8.39505077208841,45.30833171297807,2442,False
8.40689982|45.308331713,1554,ricept_1554,8.406899820461154,45.30833171297807,2443,False
8.418748869|45.308331713,1555,ricept_1555,8.418748868833896,45.30833171297807,2444,False
8.477994111|45.308331713,1556,ricept_1556,8.477994110697612,45.30833171297807,2445,False
8.489843159|45.308331713,1557,ricept_1557,8.489843159070354,45.30833171297807,2446,False
8.501692207|45.308331713,1558,ricept_1558,8.501692207443098,45.30833171297807,2447,False
8.513541256|45.308331713,2828,ricept_2828,8.513541255815841,45.30833171297807,2448,False
8.525390304|45.308331713,2829,ricept_2829,8.525390304188585,45.30833171297807,2449,False
8.537239353|45.308331713,2830,ricept_2830,8.537239352561327,45.30833171297807,2450,False
8.549088401|45.308331713,2831,ricept_2831,8.54908840093407,45.30833171297807,2451,False
8.560937449|45.308331713,2832,ricept_2832,8.560937449306811,45.30833171297807,2452,False
8.572786498|45.308331713,2833,ricept_2833,8.572786497679557,45.30833171297807,2453,False
8.584635546|45.308331713,2834,ricept_2834,8.584635546052299,45.30833171297807,2454,False
8.596484594|45.308331713,6568,ricept_6568,8.596484594425043,45.30833171297807,2455,False
8.608333643|45.308331713,2835,ricept_2835,8.608333642797785,45.30833171297807,2456,False
8.620182691|45.308331713,2836,ricept_2836,8.620182691170527,45.30833171297807,2457,False
8.63203174|45.308331713,2837,ricept_2837,8.63203173954327,45.30833171297807,2458,False
8.643880788|45.308331713,2838,ricept_2838,8.643880787916014,45.30833171297807,2459,False
8.655729836|45.308331713,2839,ricept_2839,8.655729836288756,45.30833171297807,2460,False
8.667578885|45.308331713,308,ricept_308,8.6675788846615,45.30833171297807,2461,False
8.679427933|45.308331713,309,ricept_309,8.679427933034242,45.30833171297807,2462,False
8.691276981|45.308331713,310,ricept_310,8.691276981406984,45.30833171297807,2463,False
8.70312603|45.308331713,311,ricept_311,8.703126029779728,45.30833171297807,2464,False
8.714975078|45.308331713,312,ricept_312,8.714975078152472,45.30833171297807,2465,False
8.726824127|45.308331713,2840,ricept_2840,8.726824126525214,45.30833171297807,2466,False
8.762371272|45.308331713,2841,ricept_2841,8.762371271643442,45.30833171297807,2467,False
8.77422032|45.308331713,2842,ricept_2842,8.774220320016186,45.30833171297807,2468,False
8.786069368|45.308331713,2843,ricept_2843,8.78606936838893,45.30833171297807,2469,False
8.797918417|45.308331713,2844,ricept_2844,8.797918416761673,45.30833171297807,2470,False
8.809767465|45.308331713,2845,ricept_2845,8.809767465134417,45.30833171297807,2471,False
8.821616514|45.308331713,10320,ricept_10320,8.821616513507157,45.30833171297807,2472,False
8.880861755|45.308331713,2846,ricept_2846,8.880861755370875,45.30833171297807,2473,False
8.892710804|45.308331713,2847,ricept_2847,8.892710803743617,45.30833171297807,2474,False
8.904559852|45.308331713,62148,ricept_62148,8.904559852116359,45.30833171297807,2475,False
8.951956046|45.308331713,14262,ricept_14262,8.951956045607332,45.30833171297807,2476,False
8.963805094|45.308331713,14263,ricept_14263,8.963805093980074,45.30833171297807,2477,False
8.975654142|45.308331713,2959,ricept_2959,8.975654142352816,45.30833171297807,2478,False
8.987503191|45.308331713,2960,ricept_2960,8.98750319072556,45.30833171297807,2479,False
8.999352239|45.308331713,3523,ricept_3523,8.999352239098304,45.30833171297807,2480,False
9.034899384|45.308331713,2961,ricept_2961,9.034899384216532,45.30833171297807,2481,False
9.046748433|45.308331713,2962,ricept_2962,9.046748432589276,45.30833171297807,2482,False
9.058597481|45.308331713,2963,ricept_2963,9.058597480962018,45.30833171297807,2483,False
9.070446529|45.308331713,2964,ricept_2964,9.07044652933476,45.30833171297807,2484,False
9.082295578|45.308331713,2965,ricept_2965,9.082295577707503,45.30833171297807,2485,False
9.094144626|45.308331713,2966,ricept_2966,9.094144626080247,45.30833171297807,2486,False
9.105993674|45.308331713,2967,ricept_2967,9.105993674452993,45.30833171297807,2487,False
9.117842723|45.308331713,3524,ricept_3524,9.117842722825731,45.30833171297807,2488,False
9.129691771|45.308331713,3525,ricept_3525,9.129691771198477,45.30833171297807,2489,False
9.14154082|45.308331713,3526,ricept_3526,9.14154081957122,45.30833171297807,2490,False
9.153389868|45.308331713,2968,ricept_2968,9.153389867943964,45.30833171297807,2491,False
9.165238916|45.308331713,2969,ricept_2969,9.165238916316705,45.30833171297807,2492,False
9.177087965|45.308331713,2970,ricept_2970,9.17708796468945,45.30833171297807,2493,False
9.188937013|45.308331713,7426,ricept_7426,9.18893701306219,45.30833171297807,2494,False
9.200786061|45.308331713,3527,ricept_3527,9.200786061434934,45.30833171297807,2495,False
9.21263511|45.308331713,7428,ricept_7428,9.212635109807678,45.30833171297807,2496,False
9.224484158|45.308331713,11050,ricept_11050,9.22448415818042,45.30833171297807,2497,False
9.236333207|45.308331713,3528,ricept_3528,9.236333206553164,45.30833171297807,2498,False
9.248182255|45.308331713,7429,ricept_7429,9.248182254925908,45.30833171297807,2499,False
9.271880352|45.308331713,7430,ricept_7430,9.271880351671392,45.30833171297807,2500,False
9.2837294|45.308331713,7431,ricept_7431,9.283729400044136,45.30833171297807,2501,False
9.295578448|45.308331713,3529,ricept_3529,9.295578448416878,45.30833171297807,2502,False
9.307427497|45.308331713,15069,ricept_15069,9.307427496789622,45.30833171297807,2503,False
9.319276545|45.308331713,3530,ricept_3530,9.319276545162364,45.30833171297807,2504,False
9.331125594|45.308331713,3531,ricept_3531,9.331125593535106,45.30833171297807,2505,False
9.342974642|45.308331713,7435,ricept_7435,9.342974641907851,45.30833171297807,2506,False
9.35482369|45.308331713,15073,ricept_15073,9.354823690280591,45.30833171297807,2507,False
8.076313915|45.316665046,5175,ricept_5175,8.076313914726196,45.31666504601338,2508,False
8.088164706|45.316665046,1559,ricept_1559,8.088164705503491,45.31666504601338,2509,False
8.100015496|45.316665046,1560,ricept_1560,8.100015496280784,45.31666504601338,2510,False
8.111866287|45.316665046,1561,ricept_1561,8.111866287058078,45.31666504601338,2511,False
8.123717078|45.316665046,1562,ricept_1562,8.123717077835373,45.31666504601338,2512,False
8.135567869|45.316665046,1563,ricept_1563,8.135567868612668,45.31666504601338,2513,False
8.147418659|45.316665046,1564,ricept_1564,8.147418659389963,45.31666504601338,2514,False
8.15926945|45.316665046,1565,ricept_1565,8.159269450167258,45.31666504601338,2515,False
8.171120241|45.316665046,1566,ricept_1566,8.171120240944552,45.31666504601338,2516,False
8.182971032|45.316665046,1567,ricept_1567,8.182971031721845,45.31666504601338,2517,False
8.194821822|45.316665046,1568,ricept_1568,8.19482182249914,45.31666504601338,2518,False
8.206672613|45.316665046,1569,ricept_1569,8.206672613276435,45.31666504601338,2519,False
8.218523404|45.316665046,1570,ricept_1570,8.21852340405373,45.31666504601338,2520,False
8.230374195|45.316665046,1571,ricept_1571,8.230374194831025,45.31666504601338,2521,False
8.242224986|45.316665046,1572,ricept_1572,8.242224985608317,45.31666504601338,2522,False
8.254075776|45.316665046,1573,ricept_1573,8.254075776385614,45.31666504601338,2523,False
8.265926567|45.316665046,1574,ricept_1574,8.265926567162907,45.31666504601338,2524,False
8.277777358|45.316665046,1575,ricept_1575,8.277777357940202,45.31666504601338,2525,False
8.289628149|45.316665046,1576,ricept_1576,8.289628148717497,45.31666504601338,2526,False
8.301478939|45.316665046,1577,ricept_1577,8.30147893949479,45.31666504601338,2527,False
8.31332973|45.316665046,1578,ricept_1578,8.313329730272086,45.31666504601338,2528,False
8.325180521|45.316665046,1579,ricept_1579,8.32518052104938,45.31666504601338,2529,False
8.337031312|45.316665046,1580,ricept_1580,8.337031311826674,45.31666504601338,2530,False
8.348882103|45.316665046,1581,ricept_1581,8.34888210260397,45.31666504601338,2531,False
8.360732893|45.316665046,1582,ricept_1582,8.360732893381265,45.31666504601338,2532,False
8.372583684|45.316665046,1583,ricept_1583,8.372583684158558,45.31666504601338,2533,False
8.384434475|45.316665046,1584,ricept_1584,8.384434474935851,45.31666504601338,2534,False
8.396285266|45.316665046,1585,ricept_1585,8.396285265713146,45.31666504601338,2535,False
8.443688429|45.316665046,1586,ricept_1586,8.443688428822325,45.31666504601338,2536,False
8.45553922|45.316665046,1587,ricept_1587,8.45553921959962,45.31666504601338,2537,False
8.46739001|45.316665046,1588,ricept_1588,8.467390010376914,45.31666504601338,2538,False
8.479240801|45.316665046,1589,ricept_1589,8.479240801154209,45.31666504601338,2539,False
8.491091592|45.316665046,313,ricept_313,8.491091591931502,45.31666504601338,2540,False
8.502942383|45.316665046,314,ricept_314,8.502942382708797,45.31666504601338,2541,False
8.514793173|45.316665046,315,ricept_315,8.514793173486092,45.31666504601338,2542,False
8.526643964|45.316665046,316,ricept_316,8.526643964263387,45.31666504601338,2543,False
8.538494755|45.316665046,2848,ricept_2848,8.53849475504068,45.31666504601338,2544,False
8.550345546|45.316665046,2849,ricept_2849,8.550345545817974,45.31666504601338,2545,False
8.562196337|45.316665046,2850,ricept_2850,8.562196336595271,45.31666504601338,2546,False
8.574047127|45.316665046,2851,ricept_2851,8.574047127372564,45.31666504601338,2547,False
8.585897918|45.316665046,2852,ricept_2852,8.585897918149858,45.31666504601338,2548,False
8.597748709|45.316665046,2853,ricept_2853,8.597748708927154,45.31666504601338,2549,False
8.6095995|45.316665046,2854,ricept_2854,8.609599499704448,45.31666504601338,2550,False
8.62145029|45.316665046,2855,ricept_2855,8.621450290481741,45.31666504601338,2551,False
8.633301081|45.316665046,2856,ricept_2856,8.633301081259036,45.31666504601338,2552,False
8.645151872|45.316665046,2857,ricept_2857,8.645151872036331,45.31666504601338,2553,False
8.657002663|45.316665046,317,ricept_317,8.657002662813627,45.31666504601338,2554,False
8.668853454|45.316665046,318,ricept_318,8.668853453590922,45.31666504601338,2555,False
8.680704244|45.316665046,319,ricept_319,8.680704244368215,45.31666504601338,2556,False
8.692555035|45.316665046,320,ricept_320,8.692555035145508,45.31666504601338,2557,False
8.704405826|45.316665046,321,ricept_321,8.704405825922803,45.31666504601338,2558,False
8.716256617|45.316665046,322,ricept_322,8.716256616700097,45.31666504601338,2559,False
8.728107407|45.316665046,2858,ricept_2858,8.728107407477392,45.31666504601338,2560,False
8.76365978|45.316665046,2859,ricept_2859,8.763659779809275,45.31666504601338,2561,False
8.775510571|45.316665046,2860,ricept_2860,8.77551057058657,45.31666504601338,2562,False
8.787361361|45.316665046,2861,ricept_2861,8.787361361363866,45.31666504601338,2563,False
8.799212152|45.316665046,2862,ricept_2862,8.799212152141159,45.31666504601338,2564,False
8.811062943|45.316665046,2863,ricept_2863,8.811062942918454,45.31666504601338,2565,False
8.822913734|45.316665046,65862,ricept_65862,8.822913733695747,45.31666504601338,2566,False
8.894018478|45.316665046,6593,ricept_6593,8.894018478359515,45.31666504601338,2567,False
8.905869269|45.316665046,36113,ricept_36113,8.90586926913681,45.31666504601338,2568,False
8.953272432|45.316665046,14276,ricept_14276,8.953272432245988,45.31666504601338,2569,False
8.965123223|45.316665046,18192,ricept_18192,8.965123223023282,45.31666504601338,2570,False
8.976974014|45.316665046,2971,ricept_2971,8.976974013800577,45.31666504601338,2571,False
8.988824805|45.316665046,2972,ricept_2972,8.988824804577872,45.31666504601338,2572,False
9.000675595|45.316665046,7436,ricept_7436,9.000675595355165,45.31666504601338,2573,False
9.036227968|45.316665046,6707,ricept_6707,9.03622796768705,45.31666504601338,2574,False
9.048078758|45.316665046,2973,ricept_2973,9.048078758464344,45.31666504601338,2575,False
9.059929549|45.316665046,2974,ricept_2974,9.05992954924164,45.31666504601338,2576,False
9.07178034|45.316665046,2975,ricept_2975,9.071780340018933,45.31666504601338,2577,False
9.083631131|45.316665046,2976,ricept_2976,9.083631130796228,45.31666504601338,2578,False
9.095481922|45.316665046,2977,ricept_2977,9.09548192157352,45.31666504601338,2579,False
9.119183503|45.316665046,2978,ricept_2978,9.119183503128111,45.31666504601338,2580,False
9.131034294|45.316665046,2979,ricept_2979,9.131034293905405,45.31666504601338,2581,False
9.142885085|45.316665046,2980,ricept_2980,9.1428850846827,45.31666504601338,2582,False
9.154735875|45.316665046,2981,ricept_2981,9.154735875459997,45.31666504601338,2583,False
9.166586666|45.316665046,6717,ricept_6717,9.166586666237288,45.31666504601338,2584,False
9.178437457|45.316665046,2982,ricept_2982,9.178437457014583,45.31666504601338,2585,False
9.213989829|45.316665046,3532,ricept_3532,9.213989829346469,45.31666504601338,2586,False
9.22584062|45.316665046,3533,ricept_3533,9.225840620123762,45.31666504601338,2587,False
9.237691411|45.316665046,7439,ricept_7439,9.237691410901055,45.31666504601338,2588,False
9.249542202|45.316665046,7440,ricept_7440,9.24954220167835,45.31666504601338,2589,False
9.273243783|45.316665046,7441,ricept_7441,9.27324378323294,45.31666504601338,2590,False
9.285094574|45.316665046,7442,ricept_7442,9.285094574010234,45.31666504601338,2591,False
9.296945365|45.316665046,7443,ricept_7443,9.296945364787527,45.31666504601338,2592,False
9.308796156|45.316665046,7444,ricept_7444,9.308796155564822,45.31666504601338,2593,False
9.320646946|45.316665046,7445,ricept_7445,9.32064694634212,45.31666504601338,2594,False
9.332497737|45.316665046,6719,ricept_6719,9.33249773711941,45.31666504601338,2595,False
9.344348528|45.316665046,6720,ricept_6720,9.344348527896704,45.31666504601338,2596,False
8.101206951|45.324998379,1590,ricept_1590,8.101206951495211,45.32499837904868,2597,False
8.113059485|45.324998379,1591,ricept_1591,8.113059485440338,45.32499837904868,2598,False
8.124912019|45.324998379,1592,ricept_1592,8.124912019385468,45.32499837904868,2599,False
8.136764553|45.324998379,1593,ricept_1593,8.136764553330595,45.32499837904868,2600,False
8.148617087|45.324998379,1594,ricept_1594,8.148617087275724,45.32499837904868,2601,False
8.160469621|45.324998379,1595,ricept_1595,8.160469621220853,45.32499837904868,2602,False
8.172322155|45.324998379,1596,ricept_1596,8.17232215516598,45.32499837904868,2603,False
8.184174689|45.324998379,1597,ricept_1597,8.184174689111108,45.32499837904868,2604,False
8.196027223|45.324998379,1598,ricept_1598,8.196027223056237,45.32499837904868,2605,False
8.207879757|45.324998379,1599,ricept_1599,8.207879757001367,45.32499837904868,2606,False
8.219732291|45.324998379,1600,ricept_1600,8.219732290946494,45.32499837904868,2607,False
8.231584825|45.324998379,1601,ricept_1601,8.231584824891623,45.32499837904868,2608,False
8.243437359|45.324998379,1602,ricept_1602,8.243437358836749,45.32499837904868,2609,False
8.255289893|45.324998379,1603,ricept_1603,8.255289892781878,45.32499837904868,2610,False
8.267142427|45.324998379,1604,ricept_1604,8.267142426727005,45.32499837904868,2611,False
8.278994961|45.324998379,1605,ricept_1605,8.278994960672136,45.32499837904868,2612,False
8.290847495|45.324998379,1606,ricept_1606,8.290847494617264,45.32499837904868,2613,False
8.302700029|45.324998379,1607,ricept_1607,8.302700028562393,45.32499837904868,2614,False
8.314552563|45.324998379,1608,ricept_1608,8.31455256250752,45.32499837904868,2615,False
8.326405096|45.324998379,1609,ricept_1609,8.326405096452648,45.32499837904868,2616,False
8.33825763|45.324998379,1610,ricept_1610,8.338257630397775,45.32499837904868,2617,False
8.350110164|45.324998379,1611,ricept_1611,8.350110164342905,45.32499837904868,2618,False
8.361962698|45.324998379,1612,ricept_1612,8.361962698288034,45.32499837904868,2619,False
8.373815232|45.324998379,1613,ricept_1613,8.373815232233161,45.32499837904868,2620,False
8.385667766|45.324998379,1614,ricept_1614,8.38566776617829,45.32499837904868,2621,False
8.444930436|45.324998379,1615,ricept_1615,8.444930435903933,45.32499837904868,2622,False
8.45678297|45.324998379,1616,ricept_1616,8.456782969849062,45.32499837904868,2623,False
8.468635504|45.324998379,323,ricept_323,8.468635503794188,45.32499837904868,2624,False
8.480488038|45.324998379,324,ricept_324,8.480488037739317,45.32499837904868,2625,False
8.492340572|45.324998379,325,ricept_325,8.492340571684446,45.32499837904868,2626,False
8.504193106|45.324998379,326,ricept_326,8.504193105629573,45.32499837904868,2627,False
8.51604564|45.324998379,327,ricept_327,8.516045639574703,45.32499837904868,2628,False
8.527898174|45.324998379,328,ricept_328,8.527898173519832,45.32499837904868,2629,False
8.539750707|45.324998379,2864,ricept_2864,8.53975070746496,45.32499837904868,2630,False
8.551603241|45.324998379,6595,ricept_6595,8.551603241410087,45.32499837904868,2631,False
8.563455775|45.324998379,2865,ricept_2865,8.563455775355216,45.32499837904868,2632,False
8.575308309|45.324998379,2866,ricept_2866,8.575308309300343,45.32499837904868,2633,False
8.587160843|45.324998379,2867,ricept_2867,8.587160843245472,45.32499837904868,2634,False
8.599013377|45.324998379,2868,ricept_2868,8.599013377190602,45.32499837904868,2635,False
8.610865911|45.324998379,2869,ricept_2869,8.610865911135729,45.32499837904868,2636,False
8.622718445|45.324998379,2870,ricept_2870,8.622718445080856,45.32499837904868,2637,False
8.634570979|45.324998379,2871,ricept_2871,8.634570979025984,45.32499837904868,2638,False
8.646423513|45.324998379,6603,ricept_6603,8.646423512971113,45.32499837904868,2639,False
8.658276047|45.324998379,329,ricept_329,8.658276046916242,45.32499837904868,2640,False
8.670128581|45.324998379,330,ricept_330,8.670128580861372,45.32499837904868,2641,False
8.681981115|45.324998379,331,ricept_331,8.681981114806497,45.32499837904868,2642,False
8.693833649|45.324998379,332,ricept_332,8.693833648751626,45.32499837904868,2643,False
8.705686183|45.324998379,333,ricept_333,8.705686182696754,45.32499837904868,2644,False
8.717538717|45.324998379,334,ricept_334,8.717538716641883,45.32499837904868,2645,False
8.729391251|45.324998379,2872,ricept_2872,8.729391250587012,45.32499837904868,2646,False
8.741243785|45.324998379,2873,ricept_2873,8.74124378453214,45.32499837904868,2647,False
8.753096318|45.324998379,2874,ricept_2874,8.753096318477267,45.32499837904868,2648,False
8.776801386|45.324998379,2875,ricept_2875,8.776801386367525,45.32499837904868,2649,False
8.78865392|45.324998379,2876,ricept_2876,8.788653920312653,45.32499837904868,2650,False
8.800506454|45.324998379,2877,ricept_2877,8.800506454257782,45.32499837904868,2651,False
8.812358988|45.324998379,2878,ricept_2878,8.812358988202911,45.32499837904868,2652,False
8.942736862|45.324998379,10461,ricept_10461,8.942736861599322,45.32499837904868,2653,False
8.954589396|45.324998379,14293,ricept_14293,8.95458939554445,45.32499837904868,2654,False
8.966441929|45.324998379,2983,ricept_2983,8.966441929489578,45.32499837904868,2655,False
8.978294463|45.324998379,2984,ricept_2984,8.978294463434706,45.32499837904868,2656,False
8.990146997|45.324998379,6723,ricept_6723,8.990146997379835,45.32499837904868,2657,False
9.001999531|45.324998379,43860,ricept_43860,9.001999531324964,45.32499837904868,2658,False
9.025704599|45.324998379,2985,ricept_2985,9.02570459921522,45.32499837904868,2659,False
9.037557133|45.324998379,2986,ricept_2986,9.03755713316035,45.32499837904868,2660,False
9.049409667|45.324998379,2987,ricept_2987,9.049409667105476,45.32499837904868,2661,False
9.061262201|45.324998379,2988,ricept_2988,9.061262201050605,45.32499837904868,2662,False
9.073114735|45.324998379,2989,ricept_2989,9.073114734995732,45.32499837904868,2663,False
9.084967269|45.324998379,2990,ricept_2990,9.08496726894086,45.32499837904868,2664,False
9.108672337|45.324998379,6730,ricept_6730,9.108672336831118,45.32499837904868,2665,False
9.120524871|45.324998379,2991,ricept_2991,9.120524870776244,45.32499837904868,2666,False
9.156082473|45.324998379,2992,ricept_2992,9.156082472611631,45.32499837904868,2667,False
9.179787541|45.324998379,2993,ricept_2993,9.17978754050189,45.32499837904868,2668,False
9.191640074|45.324998379,6733,ricept_6733,9.191640074447015,45.32499837904868,2669,False
9.203492608|45.324998379,3534,ricept_3534,9.203492608392144,45.32499837904868,2670,False
9.215345142|45.324998379,3535,ricept_3535,9.215345142337274,45.32499837904868,2671,False
9.227197676|45.324998379,7448,ricept_7448,9.2271976762824,45.32499837904868,2672,False
9.23905021|45.324998379,7449,ricept_7449,9.239050210227532,45.32499837904868,2673,False
9.250902744|45.324998379,36912,ricept_36912,9.25090274417266,45.32499837904868,2674,False
9.262755278|45.324998379,3536,ricept_3536,9.262755278117789,45.32499837904868,2675,False
9.274607812|45.324998379,2994,ricept_2994,9.274607812062914,45.32499837904868,2676,False
9.286460346|45.324998379,3537,ricept_3537,9.286460346008043,45.32499837904868,2677,False
9.29831288|45.324998379,7451,ricept_7451,9.298312879953173,45.32499837904868,2678,False
9.310165414|45.324998379,3538,ricept_3538,9.3101654138983,45.32499837904868,2679,False
9.322017948|45.324998379,2995,ricept_2995,9.32201794784343,45.32499837904868,2680,False
9.333870482|45.324998379,6735,ricept_6735,9.333870481788557,45.32499837904868,2681,False
9.345723016|45.324998379,18226,ricept_18226,9.345723015733684,45.32499837904868,2682,False
8.126107484|45.333331712,1617,ricept_1617,8.126107484447099,45.33333171208399,2683,False
8.137961762|45.333331712,1618,ricept_1618,8.137961762323753,45.33333171208399,2684,False
8.14981604|45.333331712,1619,ricept_1619,8.149816040200411,45.33333171208399,2685,False
8.161670318|45.333331712,1620,ricept_1620,8.161670318077066,45.33333171208399,2686,False
8.173524596|45.333331712,1621,ricept_1621,8.173524595953719,45.33333171208399,2687,False
8.185378874|45.333331712,1622,ricept_1622,8.185378873830375,45.33333171208399,2688,False
8.197233152|45.333331712,1623,ricept_1623,8.19723315170703,45.33333171208399,2689,False
8.20908743|45.333331712,1624,ricept_1624,8.209087429583686,45.33333171208399,2690,False
8.220941707|45.333331712,1625,ricept_1625,8.220941707460343,45.33333171208399,2691,False
8.232795985|45.333331712,1626,ricept_1626,8.232795985336995,45.33333171208399,2692,False
8.244650263|45.333331712,1627,ricept_1627,8.24465026321365,45.33333171208399,2693,False
8.256504541|45.333331712,1628,ricept_1628,8.256504541090306,45.33333171208399,2694,False
8.268358819|45.333331712,1629,ricept_1629,8.268358818966961,45.33333171208399,2695,False
8.280213097|45.333331712,1630,ricept_1630,8.280213096843617,45.33333171208399,2696,False
8.292067375|45.333331712,1631,ricept_1631,8.292067374720272,45.33333171208399,2697,False
8.303921653|45.333331712,1632,ricept_1632,8.303921652596927,45.33333171208399,2698,False
8.31577593|45.333331712,1633,ricept_1633,8.315775930473583,45.33333171208399,2699,False
8.327630208|45.333331712,1634,ricept_1634,8.327630208350236,45.33333171208399,2700,False
8.339484486|45.333331712,1635,ricept_1635,8.33948448622689,45.33333171208399,2701,False
8.351338764|45.333331712,1636,ricept_1636,8.351338764103549,45.33333171208399,2702,False
8.363193042|45.333331712,1637,ricept_1637,8.363193041980203,45.33333171208399,2703,False
8.37504732|45.333331712,1638,ricept_1638,8.375047319856858,45.33333171208399,2704,False
8.386901598|45.333331712,1639,ricept_1639,8.386901597733512,45.33333171208399,2705,False
8.398755876|45.333331712,1640,ricept_1640,8.398755875610167,45.33333171208399,2706,False
8.458027265|45.333331712,1641,ricept_1641,8.458027264993445,45.33333171208399,2707,False
8.469881543|45.333331712,335,ricept_335,8.469881542870096,45.33333171208399,2708,False
8.481735821|45.333331712,336,ricept_336,8.481735820746755,45.33333171208399,2709,False
8.493590099|45.333331712,337,ricept_337,8.49359009862341,45.33333171208399,2710,False
8.505444377|45.333331712,338,ricept_338,8.505444376500064,45.33333171208399,2711,False
8.517298654|45.333331712,339,ricept_339,8.51729865437672,45.33333171208399,2712,False
8.529152932|45.333331712,340,ricept_340,8.529152932253375,45.33333171208399,2713,False
8.54100721|45.333331712,2879,ricept_2879,8.54100721013003,45.33333171208399,2714,False
8.564715766|45.333331712,2880,ricept_2880,8.564715765883339,45.33333171208399,2715,False
8.576570044|45.333331712,2881,ricept_2881,8.576570043759995,45.33333171208399,2716,False
8.588424322|45.333331712,2882,ricept_2882,8.58842432163665,45.33333171208399,2717,False
8.6002786|45.333331712,2883,ricept_2883,8.600278599513306,45.33333171208399,2718,False
8.612132877|45.333331712,2884,ricept_2884,8.61213287738996,45.33333171208399,2719,False
8.623987155|45.333331712,2885,ricept_2885,8.623987155266615,45.33333171208399,2720,False
8.635841433|45.333331712,2886,ricept_2886,8.63584143314327,45.33333171208399,2721,False
8.647695711|45.333331712,341,ricept_341,8.647695711019926,45.33333171208399,2722,False
8.659549989|45.333331712,342,ricept_342,8.659549988896583,45.33333171208399,2723,False
8.671404267|45.333331712,343,ricept_343,8.671404266773235,45.33333171208399,2724,False
8.683258545|45.333331712,344,ricept_344,8.683258544649892,45.33333171208399,2725,False
8.695112823|45.333331712,345,ricept_345,8.695112822526546,45.33333171208399,2726,False
8.7069671|45.333331712,346,ricept_346,8.706967100403201,45.33333171208399,2727,False
8.718821378|45.333331712,347,ricept_347,8.718821378279856,45.33333171208399,2728,False
8.730675656|45.333331712,2887,ricept_2887,8.730675656156512,45.33333171208399,2729,False
8.742529934|45.333331712,2888,ricept_2888,8.742529934033168,45.33333171208399,2730,False
8.754384212|45.333331712,2889,ricept_2889,8.754384211909821,45.33333171208399,2731,False
8.778092768|45.333331712,2890,ricept_2890,8.778092767663132,45.33333171208399,2732,False
8.789947046|45.333331712,2891,ricept_2891,8.789947045539789,45.33333171208399,2733,False
8.801801323|45.333331712,2892,ricept_2892,8.801801323416443,45.33333171208399,2734,False
8.813655601|45.333331712,2893,ricept_2893,8.8136556012931,45.33333171208399,2735,False
8.825509879|45.333331712,2894,ricept_2894,8.825509879169752,45.33333171208399,2736,False
8.849218435|45.333331712,2895,ricept_2895,8.849218434923063,45.33333171208399,2737,False
8.93219838|45.333331712,54965,ricept_54965,8.93219838005965,45.33333171208399,2738,False
8.955906936|45.333331712,58679,ricept_58679,8.95590693581296,45.33333171208399,2739,False
8.967761214|45.333331712,21999,ricept_21999,8.967761213689615,45.33333171208399,2740,False
8.979615492|45.333331712,14310,ricept_14310,8.97961549156627,45.33333171208399,2741,False
8.991469769|45.333331712,43875,ricept_43875,8.991469769442924,45.33333171208399,2742,False
9.003324047|45.333331712,2996,ricept_2996,9.00332404731958,45.33333171208399,2743,False
9.015178325|45.333331712,2997,ricept_2997,9.015178325196237,45.33333171208399,2744,False
9.027032603|45.333331712,2998,ricept_2998,9.02703260307289,45.33333171208399,2745,False
9.038886881|45.333331712,2999,ricept_2999,9.038886880949546,45.33333171208399,2746,False
9.050741159|45.333331712,3000,ricept_3000,9.0507411588262,45.33333171208399,2747,False
9.062595437|45.333331712,3001,ricept_3001,9.062595436702855,45.33333171208399,2748,False
9.074449715|45.333331712,3002,ricept_3002,9.074449714579512,45.33333171208399,2749,False
9.086303992|45.333331712,3003,ricept_3003,9.086303992456166,45.33333171208399,2750,False
9.110012548|45.333331712,6742,ricept_6742,9.110012548209475,45.33333171208399,2751,False
9.133721104|45.333331712,3004,ricept_3004,9.133721103962786,45.33333171208399,2752,False
9.145575382|45.333331712,3005,ricept_3005,9.14557538183944,45.33333171208399,2753,False
9.15742966|45.333331712,3006,ricept_3006,9.157429659716096,45.33333171208399,2754,False
9.169283938|45.333331712,3007,ricept_3007,9.169283937592752,45.33333171208399,2755,False
9.181138215|45.333331712,6746,ricept_6746,9.181138215469408,45.33333171208399,2756,False
9.204846771|45.333331712,3539,ricept_3539,9.204846771222718,45.33333171208399,2757,False
9.216701049|45.333331712,6747,ricept_6747,9.216701049099372,45.33333171208399,2758,False
9.228555327|45.333331712,3008,ricept_3008,9.228555326976029,45.33333171208399,2759,False
9.240409605|45.333331712,6748,ricept_6748,9.240409604852683,45.33333171208399,2760,False
9.252263883|45.333331712,14325,ricept_14325,9.25226388272934,45.33333171208399,2761,False
9.264118161|45.333331712,6749,ricept_6749,9.264118160605992,45.33333171208399,2762,False
9.287826716|45.333331712,3009,ricept_3009,9.287826716359303,45.33333171208399,2763,False
9.299680994|45.333331712,3010,ricept_3010,9.299680994235958,45.33333171208399,2764,False
9.311535272|45.333331712,6752,ricept_6752,9.311535272112614,45.33333171208399,2765,False
9.32338955|45.333331712,6753,ricept_6753,9.323389549989267,45.33333171208399,2766,False
9.347098106|45.333331712,3011,ricept_3011,9.347098105742578,45.33333171208399,2767,False
8.127303473|45.341665045,1642,ricept_1642,8.127303473301971,45.3416650451193,2768,False
8.139159496|45.341665045,1643,ricept_1643,8.139159495874257,45.3416650451193,2769,False
8.151015518|45.341665045,1644,ricept_1644,8.151015518446544,45.3416650451193,2770,False
8.162871541|45.341665045,1645,ricept_1645,8.16287154101883,45.3416650451193,2771,False
8.186583586|45.341665045,1646,ricept_1646,8.186583586163401,45.3416650451193,2772,False
8.198439609|45.341665045,1647,ricept_1647,8.198439608735686,45.3416650451193,2773,False
8.210295631|45.341665045,1648,ricept_1648,8.210295631307973,45.3416650451193,2774,False
8.222151654|45.341665045,1649,ricept_1649,8.222151653880259,45.3416650451193,2775,False
8.234007676|45.341665045,1650,ricept_1650,8.234007676452546,45.3416650451193,2776,False
8.245863699|45.341665045,1651,ricept_1651,8.245863699024829,45.3416650451193,2777,False
8.257719722|45.341665045,1652,ricept_1652,8.257719721597114,45.3416650451193,2778,False
8.269575744|45.341665045,1653,ricept_1653,8.269575744169401,45.3416650451193,2779,False
8.281431767|45.341665045,1654,ricept_1654,8.281431766741688,45.3416650451193,2780,False
8.293287789|45.341665045,1655,ricept_1655,8.293287789313974,45.3416650451193,2781,False
8.305143812|45.341665045,1656,ricept_1656,8.30514381188626,45.3416650451193,2782,False
8.316999834|45.341665045,1657,ricept_1657,8.316999834458546,45.3416650451193,2783,False
8.328855857|45.341665045,1658,ricept_1658,8.328855857030831,45.3416650451193,2784,False
8.34071188|45.341665045,1659,ricept_1659,8.340711879603116,45.3416650451193,2785,False
8.352567902|45.341665045,1660,ricept_1660,8.352567902175403,45.3416650451193,2786,False
8.364423925|45.341665045,1661,ricept_1661,8.364423924747689,45.3416650451193,2787,False
8.376279947|45.341665045,1662,ricept_1662,8.376279947319976,45.3416650451193,2788,False
8.38813597|45.341665045,1663,ricept_1663,8.38813596989226,45.3416650451193,2789,False
8.399991992|45.341665045,1664,ricept_1664,8.399991992464544,45.3416650451193,2790,False
8.411848015|45.341665045,1665,ricept_1665,8.411848015036831,45.3416650451193,2791,False
8.423704038|45.341665045,1666,ricept_1666,8.423704037609118,45.3416650451193,2792,False
8.447416083|45.341665045,1667,ricept_1667,8.44741608275369,45.3416650451193,2793,False
8.459272105|45.341665045,348,ricept_348,8.459272105325976,45.3416650451193,2794,False
8.471128128|45.341665045,349,ricept_349,8.471128127898261,45.3416650451193,2795,False
8.48298415|45.341665045,350,ricept_350,8.482984150470548,45.3416650451193,2796,False
8.494840173|45.341665045,351,ricept_351,8.494840173042833,45.3416650451193,2797,False
8.506696196|45.341665045,352,ricept_352,8.50669619561512,45.3416650451193,2798,False
8.518552218|45.341665045,353,ricept_353,8.518552218187406,45.3416650451193,2799,False
8.530408241|45.341665045,2896,ricept_2896,8.530408240759693,45.3416650451193,2800,False
8.542264263|45.341665045,2897,ricept_2897,8.542264263331976,45.3416650451193,2801,False
8.554120286|45.341665045,2898,ricept_2898,8.554120285904263,45.3416650451193,2802,False
8.565976308|45.341665045,2899,ricept_2899,8.565976308476548,45.3416650451193,2803,False
8.577832331|45.341665045,2900,ricept_2900,8.577832331048834,45.3416650451193,2804,False
8.589688354|45.341665045,2901,ricept_2901,8.58968835362112,45.3416650451193,2805,False
8.601544376|45.341665045,2902,ricept_2902,8.601544376193408,45.3416650451193,2806,False
8.613400399|45.341665045,2903,ricept_2903,8.613400398765693,45.3416650451193,2807,False
8.625256421|45.341665045,2904,ricept_2904,8.625256421337978,45.3416650451193,2808,False
8.637112444|45.341665045,354,ricept_354,8.637112443910263,45.3416650451193,2809,False
8.648968466|45.341665045,355,ricept_355,8.64896846648255,45.3416650451193,2810,False
8.660824489|45.341665045,356,ricept_356,8.660824489054837,45.3416650451193,2811,False
8.672680512|45.341665045,357,ricept_357,8.672680511627123,45.3416650451193,2812,False
8.684536534|45.341665045,358,ricept_358,8.684536534199408,45.3416650451193,2813,False
8.696392557|45.341665045,359,ricept_359,8.696392556771693,45.3416650451193,2814,False
8.708248579|45.341665045,360,ricept_360,8.708248579343978,45.3416650451193,2815,False
8.720104602|45.341665045,361,ricept_361,8.720104601916264,45.3416650451193,2816,False
8.731960624|45.341665045,362,ricept_362,8.73196062448855,45.3416650451193,2817,False
8.743816647|45.341665045,363,ricept_363,8.743816647060838,45.3416650451193,2818,False
8.75567267|45.341665045,2905,ricept_2905,8.755672669633123,45.3416650451193,2819,False
8.767528692|45.341665045,2906,ricept_2906,8.767528692205408,45.3416650451193,2820,False
8.779384715|45.341665045,2907,ricept_2907,8.779384714777695,45.3416650451193,2821,False
8.791240737|45.341665045,2908,ricept_2908,8.791240737349982,45.3416650451193,2822,False
8.80309676|45.341665045,2909,ricept_2909,8.803096759922267,45.3416650451193,2823,False
8.814952782|45.341665045,2910,ricept_2910,8.814952782494553,45.3416650451193,2824,False
8.826808805|45.341665045,2911,ricept_2911,8.826808805066838,45.3416650451193,2825,False
8.838664828|45.341665045,2912,ricept_2912,8.838664827639123,45.3416650451193,2826,False
8.85052085|45.341665045,6644,ricept_6644,8.850520850211408,45.3416650451193,2827,False
8.933513008|45.341665045,3012,ricept_3012,8.933513008217412,45.3416650451193,2828,False
8.945369031|45.341665045,14331,ricept_14331,8.945369030789697,45.3416650451193,2829,False
8.957225053|45.341665045,14332,ricept_14332,8.957225053361983,45.3416650451193,2830,False
8.969081076|45.341665045,3013,ricept_3013,8.96908107593427,45.3416650451193,2831,False
8.980937099|45.341665045,3014,ricept_3014,8.980937098506553,45.3416650451193,2832,False
8.992793121|45.341665045,3015,ricept_3015,8.99279312107884,45.3416650451193,2833,False
9.004649144|45.341665045,3016,ricept_3016,9.004649143651127,45.3416650451193,2834,False
9.016505166|45.341665045,3017,ricept_3017,9.016505166223412,45.3416650451193,2835,False
9.028361189|45.341665045,3018,ricept_3018,9.028361188795698,45.3416650451193,2836,False
9.040217211|45.341665045,3019,ricept_3019,9.040217211367985,45.3416650451193,2837,False
9.052073234|45.341665045,3020,ricept_3020,9.05207323394027,45.3416650451193,2838,False
9.063929257|45.341665045,3021,ricept_3021,9.063929256512557,45.3416650451193,2839,False
9.075785279|45.341665045,3022,ricept_3022,9.075785279084842,45.3416650451193,2840,False
9.087641302|45.341665045,3023,ricept_3023,9.087641301657127,45.3416650451193,2841,False
9.099497324|45.341665045,3024,ricept_3024,9.099497324229414,45.3416650451193,2842,False
9.111353347|45.341665045,14342,ricept_14342,9.1113533468017,45.3416650451193,2843,False
9.123209369|45.341665045,6763,ricept_6763,9.123209369373985,45.3416650451193,2844,False
9.135065392|45.341665045,3025,ricept_3025,9.13506539194627,45.3416650451193,2845,False
9.146921415|45.341665045,6765,ricept_6765,9.146921414518555,45.3416650451193,2846,False
9.158777437|45.341665045,6766,ricept_6766,9.158777437090842,45.3416650451193,2847,False
9.17063346|45.341665045,6767,ricept_6767,9.170633459663128,45.3416650451193,2848,False
9.182489482|45.341665045,6768,ricept_6768,9.182489482235416,45.3416650451193,2849,False
9.206201527|45.341665045,6769,ricept_6769,9.206201527379989,45.3416650451193,2850,False
9.21805755|45.341665045,6770,ricept_6770,9.218057549952272,45.3416650451193,2851,False
9.229913573|45.341665045,6771,ricept_6771,9.229913572524556,45.3416650451193,2852,False
9.241769595|45.341665045,3026,ricept_3026,9.241769595096846,45.3416650451193,2853,False
9.253625618|45.341665045,3027,ricept_3027,9.253625617669131,45.3416650451193,2854,False
9.26548164|45.341665045,3028,ricept_3028,9.265481640241417,45.3416650451193,2855,False
9.277337663|45.341665045,14354,ricept_14354,9.277337662813702,45.3416650451193,2856,False
9.289193685|45.341665045,3029,ricept_3029,9.289193685385989,45.3416650451193,2857,False
9.301049708|45.341665045,3030,ricept_3030,9.301049707958272,45.3416650451193,2858,False
9.312905731|45.341665045,6775,ricept_6775,9.31290573053056,45.3416650451193,2859,False
9.324761753|45.341665045,55011,ricept_55011,9.324761753102846,45.3416650451193,2860,False
8.128499986|45.349998378,5285,ricept_5285,8.128499986231999,45.34999837815461,2861,False
8.140357754|45.349998378,5286,ricept_5286,8.14035775426443,45.34999837815461,2862,False
8.152215522|45.349998378,1668,ricept_1668,8.152215522296865,45.34999837815461,2863,False
8.16407329|45.349998378,1669,ricept_1669,8.164073290329295,45.34999837815461,2864,False
8.175931058|45.349998378,1670,ricept_1670,8.175931058361726,45.34999837815461,2865,False
8.187788826|45.349998378,1671,ricept_1671,8.187788826394158,45.34999837815461,2866,False
8.199646594|45.349998378,1672,ricept_1672,8.19964659442659,45.34999837815461,2867,False
8.211504362|45.349998378,1673,ricept_1673,8.211504362459022,45.34999837815461,2868,False
8.22336213|45.349998378,1674,ricept_1674,8.223362130491456,45.34999837815461,2869,False
8.235219899|45.349998378,1675,ricept_1675,8.235219898523885,45.34999837815461,2870,False
8.258935435|45.349998378,1676,ricept_1676,8.25893543458875,45.34999837815461,2871,False
8.270793203|45.349998378,1677,ricept_1677,8.27079320262118,45.34999837815461,2872,False
8.282650971|45.349998378,1678,ricept_1678,8.282650970653615,45.34999837815461,2873,False
8.294508739|45.349998378,1679,ricept_1679,8.294508738686046,45.34999837815461,2874,False
8.306366507|45.349998378,1680,ricept_1680,8.306366506718478,45.34999837815461,2875,False
8.318224275|45.349998378,1681,ricept_1681,8.318224274750909,45.34999837815461,2876,False
8.330082043|45.349998378,1682,ricept_1682,8.33008204278334,45.34999837815461,2877,False
8.341939811|45.349998378,1683,ricept_1683,8.341939810815772,45.34999837815461,2878,False
8.353797579|45.349998378,1684,ricept_1684,8.353797578848205,45.34999837815461,2879,False
8.365655347|45.349998378,1685,ricept_1685,8.365655346880635,45.34999837815461,2880,False
8.377513115|45.349998378,1686,ricept_1686,8.377513114913068,45.34999837815461,2881,False
8.389370883|45.349998378,1687,ricept_1687,8.3893708829455,45.34999837815461,2882,False
8.401228651|45.349998378,1688,ricept_1688,8.401228650977929,45.34999837815461,2883,False
8.413086419|45.349998378,1689,ricept_1689,8.413086419010362,45.34999837815461,2884,False
8.424944187|45.349998378,5309,ricept_5309,8.424944187042795,45.34999837815461,2885,False
8.448659723|45.349998378,364,ricept_364,8.448659723107658,45.34999837815461,2886,False
8.460517491|45.349998378,365,ricept_365,8.460517491140092,45.34999837815461,2887,False
8.472375259|45.349998378,366,ricept_366,8.472375259172521,45.34999837815461,2888,False
8.484233027|45.349998378,367,ricept_367,8.484233027204954,45.34999837815461,2889,False
8.496090795|45.349998378,368,ricept_368,8.496090795237386,45.34999837815461,2890,False
8.507948563|45.349998378,369,ricept_369,8.507948563269817,45.34999837815461,2891,False
8.519806331|45.349998378,370,ricept_370,8.519806331302249,45.34999837815461,2892,False
8.531664099|45.349998378,371,ricept_371,8.531664099334682,45.34999837815461,2893,False
8.543521867|45.349998378,2913,ricept_2913,8.543521867367112,45.34999837815461,2894,False
8.555379635|45.349998378,2914,ricept_2914,8.555379635399545,45.34999837815461,2895,False
8.567237403|45.349998378,372,ricept_372,8.567237403431976,45.34999837815461,2896,False
8.579095171|45.349998378,373,ricept_373,8.579095171464408,45.34999837815461,2897,False
8.590952939|45.349998378,2915,ricept_2915,8.590952939496841,45.34999837815461,2898,False
8.602810708|45.349998378,2916,ricept_2916,8.602810707529272,45.34999837815461,2899,False
8.614668476|45.349998378,2917,ricept_2917,8.614668475561704,45.34999837815461,2900,False
8.626526244|45.349998378,2918,ricept_2918,8.626526243594135,45.34999837815461,2901,False
8.638384012|45.349998378,374,ricept_374,8.638384011626567,45.34999837815461,2902,False
8.65024178|45.349998378,375,ricept_375,8.650241779658998,45.34999837815461,2903,False
8.662099548|45.349998378,376,ricept_376,8.662099547691431,45.34999837815461,2904,False
8.673957316|45.349998378,377,ricept_377,8.673957315723863,45.34999837815461,2905,False
8.685815084|45.349998378,378,ricept_378,8.685815083756294,45.34999837815461,2906,False
8.697672852|45.349998378,379,ricept_379,8.697672851788726,45.34999837815461,2907,False
8.70953062|45.349998378,380,ricept_380,8.709530619821157,45.34999837815461,2908,False
8.721388388|45.349998378,381,ricept_381,8.72138838785359,45.34999837815461,2909,False
8.733246156|45.349998378,382,ricept_382,8.733246155886022,45.34999837815461,2910,False
8.745103924|45.349998378,383,ricept_383,8.745103923918453,45.34999837815461,2911,False
8.756961692|45.349998378,384,ricept_384,8.756961691950885,45.34999837815461,2912,False
8.76881946|45.349998378,2919,ricept_2919,8.768819459983316,45.34999837815461,2913,False
8.780677228|45.349998378,2920,ricept_2920,8.780677228015747,45.34999837815461,2914,False
8.792534996|45.349998378,2921,ricept_2921,8.792534996048182,45.34999837815461,2915,False
8.804392764|45.349998378,2922,ricept_2922,8.804392764080612,45.34999837815461,2916,False
8.816250532|45.349998378,2923,ricept_2923,8.816250532113045,45.34999837815461,2917,False
8.8281083|45.349998378,2924,ricept_2924,8.828108300145477,45.34999837815461,2918,False
8.839966068|45.349998378,6657,ricept_6657,8.839966068177906,45.34999837815461,2919,False
8.899254908|45.349998378,14358,ricept_14358,8.899254908340067,45.34999837815461,2920,False
8.934828212|45.349998378,10511,ricept_10511,8.934828212437361,45.34999837815461,2921,False
8.94668598|45.349998378,14360,ricept_14360,8.946685980469795,45.34999837815461,2922,False
8.958543749|45.349998378,3031,ricept_3031,8.958543748502226,45.34999837815461,2923,False
8.970401517|45.349998378,6776,ricept_6776,8.970401516534658,45.34999837815461,2924,False
8.982259285|45.349998378,6777,ricept_6777,8.982259284567089,45.34999837815461,2925,False
8.994117053|45.349998378,6778,ricept_6778,8.994117052599522,45.34999837815461,2926,False
9.005974821|45.349998378,3032,ricept_3032,9.005974820631952,45.34999837815461,2927,False
9.029690357|45.349998378,3033,ricept_3033,9.029690356696817,45.34999837815461,2928,False
9.041548125|45.349998378,3034,ricept_3034,9.04154812472925,45.34999837815461,2929,False
9.053405893|45.349998378,3035,ricept_3035,9.05340589276168,45.34999837815461,2930,False
9.065263661|45.349998378,3036,ricept_3036,9.06526366079411,45.34999837815461,2931,False
9.077121429|45.349998378,3037,ricept_3037,9.077121428826544,45.34999837815461,2932,False
9.088979197|45.349998378,3038,ricept_3038,9.088979196858975,45.34999837815461,2933,False
9.100836965|45.349998378,6786,ricept_6786,9.100836964891409,45.34999837815461,2934,False
9.112694733|45.349998378,6787,ricept_6787,9.11269473292384,45.34999837815461,2935,False
9.124552501|45.349998378,3039,ricept_3039,9.124552500956272,45.34999837815461,2936,False
9.136410269|45.349998378,10523,ricept_10523,9.1364102689887,45.34999837815461,2937,False
9.148268037|45.349998378,6788,ricept_6788,9.148268037021134,45.34999837815461,2938,False
9.160125805|45.349998378,6789,ricept_6789,9.160125805053568,45.34999837815461,2939,False
9.171983573|45.349998378,6790,ricept_6790,9.171983573085996,45.34999837815461,2940,False
9.183841341|45.349998378,6791,ricept_6791,9.18384134111843,45.34999837815461,2941,False
9.195699109|45.349998378,6792,ricept_6792,9.195699109150862,45.34999837815461,2942,False
9.207556877|45.349998378,6793,ricept_6793,9.207556877183292,45.34999837815461,2943,False
9.219414645|45.349998378,10528,ricept_10528,9.219414645215725,45.34999837815461,2944,False
9.231272413|45.349998378,6794,ricept_6794,9.231272413248158,45.34999837815461,2945,False
9.243130181|45.349998378,3040,ricept_3040,9.24313018128059,45.34999837815461,2946,False
9.254987949|45.349998378,3041,ricept_3041,9.254987949313024,45.34999837815461,2947,False
9.266845717|45.349998378,3042,ricept_3042,9.266845717345452,45.34999837815461,2948,False
9.290561253|45.349998378,3043,ricept_3043,9.290561253410315,45.34999837815461,2949,False
9.302419021|45.349998378,14387,ricept_14387,9.302419021442748,45.34999837815461,2950,False
9.337992326|45.349998378,6799,ricept_6799,9.337992325540045,45.34999837815461,2951,False
8.141556538|45.358331711,1690,ricept_1690,8.141556537776825,45.35833171118991,2952,False
8.153416052|45.358331711,1691,ricept_1691,8.15341605203433,45.35833171118991,2953,False
8.165275566|45.358331711,1692,ricept_1692,8.165275566291834,45.35833171118991,2954,False
8.177135081|45.358331711,1693,ricept_1693,8.177135080549338,45.35833171118991,2955,False
8.188994595|45.358331711,1694,ricept_1694,8.188994594806843,45.35833171118991,2956,False
8.200854109|45.358331711,1695,ricept_1695,8.200854109064348,45.35833171118991,2957,False
8.212713623|45.358331711,1696,ricept_1696,8.212713623321852,45.35833171118991,2958,False
8.224573138|45.358331711,1697,ricept_1697,8.224573137579357,45.35833171118991,2959,False
8.236432652|45.358331711,1698,ricept_1698,8.236432651836862,45.35833171118991,2960,False
8.248292166|45.358331711,1699,ricept_1699,8.248292166094364,45.35833171118991,2961,False
8.26015168|45.358331711,1700,ricept_1700,8.26015168035187,45.35833171118991,2962,False
8.272011195|45.358331711,1701,ricept_1701,8.272011194609373,45.35833171118991,2963,False
8.283870709|45.358331711,1702,ricept_1702,8.283870708866878,45.35833171118991,2964,False
8.295730223|45.358331711,1703,ricept_1703,8.295730223124384,45.35833171118991,2965,False
8.307589737|45.358331711,1704,ricept_1704,8.307589737381887,45.35833171118991,2966,False
8.319449252|45.358331711,1705,ricept_1705,8.319449251639393,45.35833171118991,2967,False
8.331308766|45.358331711,1706,ricept_1706,8.331308765896896,45.35833171118991,2968,False
8.34316828|45.358331711,1707,ricept_1707,8.3431682801544,45.35833171118991,2969,False
8.355027794|45.358331711,1708,ricept_1708,8.355027794411907,45.35833171118991,2970,False
8.366887309|45.358331711,1709,ricept_1709,8.36688730866941,45.35833171118991,2971,False
8.378746823|45.358331711,1710,ricept_1710,8.378746822926916,45.35833171118991,2972,False
8.402465851|45.358331711,1711,ricept_1711,8.402465851441923,45.35833171118991,2973,False
8.414325366|45.358331711,1712,ricept_1712,8.414325365699428,45.35833171118991,2974,False
8.42618488|45.358331711,1713,ricept_1713,8.426184879956933,45.35833171118991,2975,False
8.438044394|45.358331711,385,ricept_385,8.438044394214439,45.35833171118991,2976,False
8.449903908|45.358331711,386,ricept_386,8.449903908471942,45.35833171118991,2977,False
8.473622937|45.358331711,387,ricept_387,8.47362293698695,45.35833171118991,2978,False
8.485482451|45.358331711,388,ricept_388,8.485482451244454,45.35833171118991,2979,False
8.497341966|45.358331711,389,ricept_389,8.49734196550196,45.35833171118991,2980,False
8.50920148|45.358331711,390,ricept_390,8.509201479759463,45.35833171118991,2981,False
8.521060994|45.358331711,391,ricept_391,8.521060994016969,45.35833171118991,2982,False
8.532920508|45.358331711,392,ricept_392,8.532920508274474,45.35833171118991,2983,False
8.544780023|45.358331711,393,ricept_393,8.544780022531977,45.35833171118991,2984,False
8.556639537|45.358331711,394,ricept_394,8.556639536789483,45.35833171118991,2985,False
8.568499051|45.358331711,395,ricept_395,8.568499051046986,45.35833171118991,2986,False
8.580358565|45.358331711,396,ricept_396,8.58035856530449,45.35833171118991,2987,False
8.59221808|45.358331711,397,ricept_397,8.592218079561995,45.35833171118991,2988,False
8.604077594|45.358331711,398,ricept_398,8.6040775938195,45.35833171118991,2989,False
8.615937108|45.358331711,399,ricept_399,8.615937108077004,45.35833171118991,2990,False
8.627796622|45.358331711,400,ricept_400,8.62779662233451,45.35833171118991,2991,False
8.639656137|45.358331711,401,ricept_401,8.639656136592013,45.35833171118991,2992,False
8.651515651|45.358331711,402,ricept_402,8.651515650849518,45.35833171118991,2993,False
8.663375165|45.358331711,403,ricept_403,8.663375165107023,45.35833171118991,2994,False
8.675234679|45.358331711,404,ricept_404,8.675234679364529,45.35833171118991,2995,False
8.687094194|45.358331711,405,ricept_405,8.68709419362203,45.35833171118991,2996,False
8.698953708|45.358331711,406,ricept_406,8.698953707879534,45.35833171118991,2997,False
8.710813222|45.358331711,407,ricept_407,8.71081322213704,45.35833171118991,2998,False
8.722672736|45.358331711,408,ricept_408,8.722672736394543,45.35833171118991,2999,False
8.734532251|45.358331711,409,ricept_409,8.73453225065205,45.35833171118991,3000,False
8.746391765|45.358331711,2925,ricept_2925,8.746391764909554,45.35833171118991,3001,False
8.758251279|45.358331711,2926,ricept_2926,8.758251279167057,45.35833171118991,3002,False
8.770110793|45.358331711,2927,ricept_2927,8.770110793424562,45.35833171118991,3003,False
8.781970308|45.358331711,2928,ricept_2928,8.781970307682066,45.35833171118991,3004,False
8.793829822|45.358331711,2929,ricept_2929,8.793829821939573,45.35833171118991,3005,False
8.805689336|45.358331711,2930,ricept_2930,8.805689336197076,45.35833171118991,3006,False
8.81754885|45.358331711,2931,ricept_2931,8.81754885045458,45.35833171118991,3007,False
8.829408365|45.358331711,2932,ricept_2932,8.829408364712085,45.35833171118991,3008,False
8.90056545|45.358331711,14388,ricept_14388,8.900565450257112,45.35833171118991,3009,False
8.912424965|45.358331711,6800,ricept_6800,8.912424964514615,45.35833171118991,3010,False
8.924284479|45.358331711,14389,ricept_14389,8.924284478772119,45.35833171118991,3011,False
8.936143993|45.358331711,3044,ricept_3044,8.936143993029624,45.35833171118991,3012,False
8.948003507|45.358331711,3045,ricept_3045,8.94800350728713,45.35833171118991,3013,False
8.959863022|45.358331711,6801,ricept_6801,8.959863021544635,45.35833171118991,3014,False
8.971722536|45.358331711,6802,ricept_6802,8.97172253580214,45.35833171118991,3015,False
8.98358205|45.358331711,32682,ricept_32682,8.983582050059642,45.35833171118991,3016,False
8.995441564|45.358331711,3046,ricept_3046,8.995441564317147,45.35833171118991,3017,False
9.007301079|45.358331711,3047,ricept_3047,9.007301078574653,45.35833171118991,3018,False
9.019160593|45.358331711,3048,ricept_3048,9.019160592832156,45.35833171118991,3019,False
9.031020107|45.358331711,3049,ricept_3049,9.03102010708966,45.35833171118991,3020,False
9.042879621|45.358331711,3050,ricept_3050,9.042879621347168,45.35833171118991,3021,False
9.054739136|45.358331711,3051,ricept_3051,9.054739135604668,45.35833171118991,3022,False
9.06659865|45.358331711,3052,ricept_3052,9.066598649862176,45.35833171118991,3023,False
9.078458164|45.358331711,3053,ricept_3053,9.07845816411968,45.35833171118991,3024,False
9.090317678|45.358331711,3054,ricept_3054,9.090317678377184,45.35833171118991,3025,False
9.102177193|45.358331711,3055,ricept_3055,9.102177192634688,45.35833171118991,3026,False
9.114036707|45.358331711,3056,ricept_3056,9.114036706892191,45.35833171118991,3027,False
9.125896221|45.358331711,3057,ricept_3057,9.125896221149697,45.35833171118991,3028,False
9.137755735|45.358331711,14403,ricept_14403,9.1377557354072,45.35833171118991,3029,False
9.173334278|45.358331711,6814,ricept_6814,9.173334278179714,45.35833171118991,3030,False
9.185193792|45.358331711,6815,ricept_6815,9.18519379243722,45.35833171118991,3031,False
9.197053307|45.358331711,6816,ricept_6816,9.197053306694723,45.35833171118991,3032,False
9.208912821|45.358331711,14406,ricept_14406,9.208912820952229,45.35833171118991,3033,False
9.232631849|45.358331711,3058,ricept_3058,9.232631849467236,45.35833171118991,3034,False
9.244491364|45.358331711,3059,ricept_3059,9.244491363724745,45.35833171118991,3035,False
9.256350878|45.358331711,3060,ricept_3060,9.256350877982246,45.35833171118991,3036,False
9.268210392|45.358331711,3061,ricept_3061,9.268210392239752,45.35833171118991,3037,False
9.280069906|45.358331711,6821,ricept_6821,9.280069906497255,45.35833171118991,3038,False
9.291929421|45.358331711,10548,ricept_10548,9.29192942075476,45.35833171118991,3039,False
9.303788935|45.358331711,14412,ricept_14412,9.303788935012264,45.35833171118991,3040,False
8.130894585|45.366665044,5333,ricept_5333,8.130894585446281,45.36666504422523,3041,False
8.142755847|45.366665044,1714,ricept_1714,8.142755846694195,45.36666504422523,3042,False
8.154617108|45.366665044,1715,ricept_1715,8.154617107942112,45.36666504422523,3043,False
8.190200892|45.366665044,1716,ricept_1716,8.19020089168586,45.36666504422523,3044,False
8.202062153|45.366665044,1717,ricept_1717,8.202062152933774,45.36666504422523,3045,False
8.213923414|45.366665044,1718,ricept_1718,8.213923414181691,45.36666504422523,3046,False
8.225784675|45.366665044,1719,ricept_1719,8.225784675429608,45.36666504422523,3047,False
8.237645937|45.366665044,1720,ricept_1720,8.237645936677522,45.36666504422523,3048,False
8.249507198|45.366665044,1721,ricept_1721,8.249507197925439,45.36666504422523,3049,False
8.261368459|45.366665044,1722,ricept_1722,8.261368459173353,45.36666504422523,3050,False
8.27322972|45.366665044,1723,ricept_1723,8.273229720421268,45.36666504422523,3051,False
8.285090982|45.366665044,1724,ricept_1724,8.285090981669187,45.36666504422523,3052,False
8.296952243|45.366665044,1725,ricept_1725,8.2969522429171,45.36666504422523,3053,False
8.308813504|45.366665044,1726,ricept_1726,8.308813504165018,45.36666504422523,3054,False
8.320674765|45.366665044,1727,ricept_1727,8.320674765412933,45.36666504422523,3055,False
8.332536027|45.366665044,1728,ricept_1728,8.332536026660847,45.36666504422523,3056,False
8.344397288|45.366665044,1729,ricept_1729,8.344397287908764,45.36666504422523,3057,False
8.356258549|45.366665044,1730,ricept_1730,8.35625854915668,45.36666504422523,3058,False
8.36811981|45.366665044,1731,ricept_1731,8.368119810404597,45.36666504422523,3059,False
8.379981072|45.366665044,1732,ricept_1732,8.379981071652512,45.36666504422523,3060,False
8.391842333|45.366665044,1733,ricept_1733,8.391842332900428,45.36666504422523,3061,False
8.415564855|45.366665044,1734,ricept_1734,8.415564855396259,45.36666504422523,3062,False
8.427426117|45.366665044,410,ricept_410,8.427426116644176,45.36666504422523,3063,False
8.439287378|45.366665044,411,ricept_411,8.439287377892091,45.36666504422523,3064,False
8.451148639|45.366665044,412,ricept_412,8.451148639140007,45.36666504422523,3065,False
8.4630099|45.366665044,413,ricept_413,8.463009900387924,45.36666504422523,3066,False
8.474871162|45.366665044,414,ricept_414,8.474871161635837,45.36666504422523,3067,False
8.486732423|45.366665044,415,ricept_415,8.486732422883755,45.36666504422523,3068,False
8.498593684|45.366665044,416,ricept_416,8.49859368413167,45.36666504422523,3069,False
8.510454945|45.366665044,417,ricept_417,8.510454945379585,45.36666504422523,3070,False
8.522316207|45.366665044,418,ricept_418,8.522316206627503,45.36666504422523,3071,False
8.534177468|45.366665044,419,ricept_419,8.534177467875418,45.36666504422523,3072,False
8.546038729|45.366665044,420,ricept_420,8.546038729123334,45.36666504422523,3073,False
8.55789999|45.366665044,421,ricept_421,8.557899990371249,45.36666504422523,3074,False
8.569761252|45.366665044,422,ricept_422,8.569761251619164,45.36666504422523,3075,False
8.581622513|45.366665044,423,ricept_423,8.581622512867082,45.36666504422523,3076,False
8.593483774|45.366665044,424,ricept_424,8.593483774114995,45.36666504422523,3077,False
8.605345035|45.366665044,425,ricept_425,8.605345035362914,45.36666504422523,3078,False
8.617206297|45.366665044,426,ricept_426,8.617206296610828,45.36666504422523,3079,False
8.629067558|45.366665044,427,ricept_427,8.629067557858743,45.36666504422523,3080,False
8.640928819|45.366665044,428,ricept_428,8.64092881910666,45.36666504422523,3081,False
8.65279008|45.366665044,429,ricept_429,8.652790080354574,45.36666504422523,3082,False
8.664651342|45.366665044,430,ricept_430,8.664651341602491,45.36666504422523,3083,False
8.676512603|45.366665044,431,ricept_431,8.676512602850408,45.36666504422523,3084,False
8.688373864|45.366665044,432,ricept_432,8.688373864098322,45.36666504422523,3085,False
8.700235125|45.366665044,433,ricept_433,8.70023512534624,45.36666504422523,3086,False
8.712096387|45.366665044,434,ricept_434,8.712096386594153,45.36666504422523,3087,False
8.723957648|45.366665044,435,ricept_435,8.72395764784207,45.36666504422523,3088,False
8.735818909|45.366665044,2933,ricept_2933,8.735818909089987,45.36666504422523,3089,False
8.74768017|45.366665044,2934,ricept_2934,8.747680170337903,45.36666504422523,3090,False
8.759541432|45.366665044,2935,ricept_2935,8.759541431585818,45.36666504422523,3091,False
8.771402693|45.366665044,2936,ricept_2936,8.771402692833732,45.36666504422523,3092,False
8.783263954|45.366665044,2937,ricept_2937,8.783263954081649,45.36666504422523,3093,False
8.795125215|45.366665044,2938,ricept_2938,8.795125215329566,45.36666504422523,3094,False
8.818847738|45.366665044,2939,ricept_2939,8.818847737825397,45.36666504422523,3095,False
8.830708999|45.366665044,6673,ricept_6673,8.83070899907331,45.36666504422523,3096,False
8.878154044|45.366665044,14413,ricept_14413,8.878154044064976,45.36666504422523,3097,False
8.890015305|45.366665044,6822,ricept_6822,8.890015305312891,45.36666504422523,3098,False
8.901876567|45.366665044,14415,ricept_14415,8.901876566560807,45.36666504422523,3099,False
8.913737828|45.366665044,14416,ricept_14416,8.913737827808722,45.36666504422523,3100,False
8.925599089|45.366665044,3062,ricept_3062,8.925599089056638,45.36666504422523,3101,False
8.93746035|45.366665044,3063,ricept_3063,8.937460350304555,45.36666504422523,3102,False
8.949321612|45.366665044,6824,ricept_6824,8.94932161155247,45.36666504422523,3103,False
8.961182873|45.366665044,14419,ricept_14419,8.961182872800386,45.36666504422523,3104,False
8.973044134|45.366665044,3064,ricept_3064,8.973044134048303,45.36666504422523,3105,False
8.984905395|45.366665044,3065,ricept_3065,8.984905395296217,45.36666504422523,3106,False
8.996766657|45.366665044,6826,ricept_6826,8.996766656544134,45.36666504422523,3107,False
9.008627918|45.366665044,3066,ricept_3066,9.00862791779205,45.36666504422523,3108,False
9.020489179|45.366665044,3067,ricept_3067,9.020489179039965,45.36666504422523,3109,False
9.03235044|45.366665044,3068,ricept_3068,9.032350440287882,45.36666504422523,3110,False
9.044211702|45.366665044,3069,ricept_3069,9.044211701535795,45.36666504422523,3111,False
9.056072963|45.366665044,3070,ricept_3070,9.056072962783713,45.36666504422523,3112,False
9.067934224|45.366665044,3071,ricept_3071,9.067934224031628,45.36666504422523,3113,False
9.079795485|45.366665044,3072,ricept_3072,9.079795485279543,45.36666504422523,3114,False
9.091656747|45.366665044,3073,ricept_3073,9.09165674652746,45.36666504422523,3115,False
9.103518008|45.366665044,3074,ricept_3074,9.103518007775376,45.36666504422523,3116,False
9.12724053|45.366665044,3075,ricept_3075,9.127240530271209,45.36666504422523,3117,False
9.139101792|45.366665044,14433,ricept_14433,9.139101791519122,45.36666504422523,3118,False
9.150963053|45.366665044,40148,ricept_40148,9.15096305276704,45.36666504422523,3119,False
9.162824314|45.366665044,6837,ricept_6837,9.162824314014957,45.36666504422523,3120,False
9.22213062|45.366665044,6838,ricept_6838,9.222130620254534,45.36666504422523,3121,False
9.233991882|45.366665044,6839,ricept_6839,9.23399188150245,45.36666504422523,3122,False
9.245853143|45.366665044,3076,ricept_3076,9.245853142750368,45.36666504422523,3123,False
9.257714404|45.366665044,3077,ricept_3077,9.257714403998282,45.36666504422523,3124,False
9.269575665|45.366665044,3078,ricept_3078,9.269575665246196,45.36666504422523,3125,False
9.281436926|45.366665044,6843,ricept_6843,9.281436926494113,45.36666504422523,3126,False
9.293298188|45.366665044,3079,ricept_3079,9.293298187742028,45.36666504422523,3127,False
9.305159449|45.366665044,3080,ricept_3080,9.305159448989944,45.36666504422523,3128,False
9.328881971|45.366665044,3081,ricept_3081,9.328881971485776,45.36666504422523,3129,False
8.132092672|45.374998377,1735,ricept_1735,8.132092672295439,45.37499837726054,3130,False
8.143955681|45.374998377,1736,ricept_1736,8.143955681299515,45.37499837726054,3131,False
8.15581869|45.374998377,1737,ricept_1737,8.155818690303594,45.37499837726054,3132,False
8.167681699|45.374998377,1738,ricept_1738,8.167681699307673,45.37499837726054,3133,False
8.179544708|45.374998377,1739,ricept_1739,8.179544708311749,45.37499837726054,3134,False
8.191407717|45.374998377,1740,ricept_1740,8.191407717315828,45.37499837726054,3135,False
8.203270726|45.374998377,1741,ricept_1741,8.203270726319905,45.37499837726054,3136,False
8.215133735|45.374998377,1742,ricept_1742,8.215133735323985,45.37499837726054,3137,False
8.226996744|45.374998377,1743,ricept_1743,8.226996744328062,45.37499837726054,3138,False
8.238859753|45.374998377,1744,ricept_1744,8.238859753332141,45.37499837726054,3139,False
8.250722762|45.374998377,1745,ricept_1745,8.250722762336217,45.37499837726054,3140,False
8.262585771|45.374998377,1746,ricept_1746,8.262585771340294,45.37499837726054,3141,False
8.27444878|45.374998377,1747,ricept_1747,8.274448780344372,45.37499837726054,3142,False
8.286311789|45.374998377,1748,ricept_1748,8.286311789348453,45.37499837726054,3143,False
8.298174798|45.374998377,1749,ricept_1749,8.298174798352528,45.37499837726054,3144,False
8.310037807|45.374998377,1750,ricept_1750,8.310037807356608,45.37499837726054,3145,False
8.321900816|45.374998377,1751,ricept_1751,8.321900816360685,45.37499837726054,3146,False
8.333763825|45.374998377,1752,ricept_1752,8.333763825364763,45.37499837726054,3147,False
8.345626834|45.374998377,1753,ricept_1753,8.34562683436884,45.37499837726054,3148,False
8.357489843|45.374998377,1754,ricept_1754,8.35748984337292,45.37499837726054,3149,False
8.369352852|45.374998377,1755,ricept_1755,8.369352852376997,45.37499837726054,3150,False
8.381215861|45.374998377,1756,ricept_1756,8.381215861381076,45.37499837726054,3151,False
8.39307887|45.374998377,1757,ricept_1757,8.393078870385153,45.37499837726054,3152,False
8.416804888|45.374998377,436,ricept_436,8.416804888393308,45.37499837726054,3153,False
8.428667897|45.374998377,437,ricept_437,8.428667897397387,45.37499837726054,3154,False
8.440530906|45.374998377,438,ricept_438,8.440530906401465,45.37499837726054,3155,False
8.452393915|45.374998377,439,ricept_439,8.452393915405544,45.37499837726054,3156,False
8.464256924|45.374998377,440,ricept_440,8.464256924409622,45.37499837726054,3157,False
8.476119933|45.374998377,4007,ricept_4007,8.476119933413699,45.37499837726054,3158,False
8.487982942|45.374998377,441,ricept_441,8.487982942417776,45.37499837726054,3159,False
8.499845951|45.374998377,442,ricept_442,8.499845951421856,45.37499837726054,3160,False
8.51170896|45.374998377,443,ricept_443,8.511708960425933,45.37499837726054,3161,False
8.523571969|45.374998377,444,ricept_444,8.52357196943001,45.37499837726054,3162,False
8.535434978|45.374998377,445,ricept_445,8.53543497843409,45.37499837726054,3163,False
8.547297987|45.374998377,446,ricept_446,8.547297987438165,45.37499837726054,3164,False
8.559160996|45.374998377,447,ricept_447,8.559160996442245,45.37499837726054,3165,False
8.571024005|45.374998377,448,ricept_448,8.571024005446322,45.37499837726054,3166,False
8.582887014|45.374998377,449,ricept_449,8.5828870144504,45.37499837726054,3167,False
8.594750023|45.374998377,450,ricept_450,8.594750023454477,45.37499837726054,3168,False
8.606613032|45.374998377,451,ricept_451,8.606613032458558,45.37499837726054,3169,False
8.618476041|45.374998377,452,ricept_452,8.618476041462634,45.37499837726054,3170,False
8.63033905|45.374998377,453,ricept_453,8.630339050466713,45.37499837726054,3171,False
8.642202059|45.374998377,454,ricept_454,8.642202059470788,45.37499837726054,3172,False
8.654065068|45.374998377,455,ricept_455,8.654065068474868,45.37499837726054,3173,False
8.665928077|45.374998377,456,ricept_456,8.665928077478947,45.37499837726054,3174,False
8.677791086|45.374998377,457,ricept_457,8.677791086483026,45.37499837726054,3175,False
8.689654095|45.374998377,458,ricept_458,8.689654095487102,45.37499837726054,3176,False
8.701517104|45.374998377,459,ricept_459,8.70151710449118,45.37499837726054,3177,False
8.713380113|45.374998377,460,ricept_460,8.713380113495257,45.37499837726054,3178,False
8.725243122|45.374998377,2940,ricept_2940,8.725243122499336,45.37499837726054,3179,False
8.737106132|45.374998377,2941,ricept_2941,8.737106131503413,45.37499837726054,3180,False
8.748969141|45.374998377,461,ricept_461,8.748969140507493,45.37499837726054,3181,False
8.76083215|45.374998377,2942,ricept_2942,8.760832149511568,45.37499837726054,3182,False
8.772695159|45.374998377,2943,ricept_2943,8.772695158515647,45.37499837726054,3183,False
8.784558168|45.374998377,2944,ricept_2944,8.784558167519725,45.37499837726054,3184,False
8.796421177|45.374998377,2945,ricept_2945,8.796421176523804,45.37499837726054,3185,False
8.808284186|45.374998377,2946,ricept_2946,8.808284185527882,45.37499837726054,3186,False
8.820147195|45.374998377,2947,ricept_2947,8.82014719453196,45.37499837726054,3187,False
8.832010204|45.374998377,18167,ricept_18167,8.832010203536036,45.37499837726054,3188,False
8.867599231|45.374998377,18353,ricept_18353,8.86759923054827,45.37499837726054,3189,False
8.87946224|45.374998377,18354,ricept_18354,8.87946223955235,45.37499837726054,3190,False
8.891325249|45.374998377,18355,ricept_18355,8.891325248556427,45.37499837726054,3191,False
8.903188258|45.374998377,40159,ricept_40159,8.903188257560506,45.37499837726054,3192,False
8.915051267|45.374998377,3082,ricept_3082,8.915051266564582,45.37499837726054,3193,False
8.926914276|45.374998377,3083,ricept_3083,8.92691427556866,45.37499837726054,3194,False
8.938777285|45.374998377,3084,ricept_3084,8.938777284572739,45.37499837726054,3195,False
8.950640294|45.374998377,18358,ricept_18358,8.950640293576818,45.37499837726054,3196,False
8.962503303|45.374998377,3085,ricept_3085,8.962503302580895,45.37499837726054,3197,False
8.974366312|45.374998377,3086,ricept_3086,8.974366311584973,45.37499837726054,3198,False
8.986229321|45.374998377,6848,ricept_6848,8.986229320589048,45.37499837726054,3199,False
9.009955339|45.374998377,3087,ricept_3087,9.009955338597209,45.37499837726054,3200,False
9.021818348|45.374998377,6850,ricept_6850,9.021818347601284,45.37499837726054,3201,False
9.033681357|45.374998377,3088,ricept_3088,9.033681356605362,45.37499837726054,3202,False
9.045544366|45.374998377,6852,ricept_6852,9.045544365609445,45.37499837726054,3203,False
9.057407375|45.374998377,3089,ricept_3089,9.057407374613517,45.37499837726054,3204,False
9.069270384|45.374998377,3090,ricept_3090,9.069270383617598,45.37499837726054,3205,False
9.081133393|45.374998377,3091,ricept_3091,9.081133392621672,45.37499837726054,3206,False
9.092996402|45.374998377,3092,ricept_3092,9.092996401625753,45.37499837726054,3207,False
9.104859411|45.374998377,3093,ricept_3093,9.10485941062983,45.37499837726054,3208,False
9.11672242|45.374998377,6858,ricept_6858,9.116722419633913,45.37499837726054,3209,False
9.128585429|45.374998377,6859,ricept_6859,9.128585428637988,45.37499837726054,3210,False
9.199763483|45.374998377,3094,ricept_3094,9.199763482662451,45.37499837726054,3211,False
9.223489501|45.374998377,6860,ricept_6860,9.22348950067061,45.37499837726054,3212,False
9.23535251|45.374998377,6861,ricept_6861,9.235352509674687,45.37499837726054,3213,False
9.247215519|45.374998377,3095,ricept_3095,9.247215518678766,45.37499837726054,3214,False
9.259078528|45.374998377,6863,ricept_6863,9.259078527682844,45.37499837726054,3215,False
9.270941537|45.374998377,6864,ricept_6864,9.27094153668692,45.37499837726054,3216,False
9.282804546|45.374998377,6865,ricept_6865,9.282804545691,45.37499837726054,3217,False
9.294667555|45.374998377,6866,ricept_6866,9.294667554695078,45.37499837726054,3218,False
9.306530564|45.374998377,6867,ricept_6867,9.306530563699154,45.37499837726054,3219,False
8.133291284|45.38333171,12924,ricept_12924,8.133291284349571,45.38333171029585,3220,False
8.145156042|45.38333171,12925,ricept_12925,8.145156041875973,45.38333171029585,3221,False
8.157020799|45.38333171,5378,ricept_5378,8.157020799402378,45.38333171029585,3222,False
8.168885557|45.38333171,1758,ricept_1758,8.168885556928782,45.38333171029585,3223,False
8.180750314|45.38333171,1759,ricept_1759,8.180750314455185,45.38333171029585,3224,False
8.192615072|45.38333171,1760,ricept_1760,8.192615071981587,45.38333171029585,3225,False
8.20447983|45.38333171,1761,ricept_1761,8.204479829507992,45.38333171029585,3226,False
8.216344587|45.38333171,1762,ricept_1762,8.216344587034396,45.38333171029585,3227,False
8.228209345|45.38333171,1763,ricept_1763,8.228209344560799,45.38333171029585,3228,False
8.240074102|45.38333171,1764,ricept_1764,8.240074102087203,45.38333171029585,3229,False
8.25193886|45.38333171,1765,ricept_1765,8.251938859613606,45.38333171029585,3230,False
8.263803617|45.38333171,1766,ricept_1766,8.263803617140008,45.38333171029585,3231,False
8.275668375|45.38333171,0,ricept_0,8.275668374666411,45.38333171029585,3232,False
8.287533132|45.38333171,1,ricept_1,8.287533132192817,45.38333171029585,3233,False
8.29939789|45.38333171,2,ricept_2,8.29939788971922,45.38333171029585,3234,False
8.311262647|45.38333171,3,ricept_3,8.311262647245623,45.38333171029585,3235,False
8.323127405|45.38333171,4,ricept_4,8.323127404772027,45.38333171029585,3236,False
8.334992162|45.38333171,1767,ricept_1767,8.334992162298429,45.38333171029585,3237,False
8.34685692|45.38333171,1768,ricept_1768,8.346856919824832,45.38333171029585,3238,False
8.358721677|45.38333171,1769,ricept_1769,8.358721677351237,45.38333171029585,3239,False
8.370586435|45.38333171,1770,ricept_1770,8.37058643487764,45.38333171029585,3240,False
8.382451192|45.38333171,1771,ricept_1771,8.382451192404044,45.38333171029585,3241,False
8.406180707|45.38333171,462,ricept_462,8.40618070745685,45.38333171029585,3242,False
8.418045465|45.38333171,463,ricept_463,8.418045464983255,45.38333171029585,3243,False
8.429910223|45.38333171,464,ricept_464,8.429910222509658,45.38333171029585,3244,False
8.44177498|45.38333171,465,ricept_465,8.441774980036062,45.38333171029585,3245,False
8.453639738|45.38333171,466,ricept_466,8.453639737562465,45.38333171029585,3246,False
8.465504495|45.38333171,467,ricept_467,8.465504495088869,45.38333171029585,3247,False
8.477369253|45.38333171,468,ricept_468,8.47736925261527,45.38333171029585,3248,False
8.48923401|45.38333171,469,ricept_469,8.489234010141674,45.38333171029585,3249,False
8.501098768|45.38333171,470,ricept_470,8.501098767668077,45.38333171029585,3250,False
8.512963525|45.38333171,471,ricept_471,8.51296352519448,45.38333171029585,3251,False
8.524828283|45.38333171,472,ricept_472,8.524828282720884,45.38333171029585,3252,False
8.53669304|45.38333171,473,ricept_473,8.53669304024729,45.38333171029585,3253,False
8.548557798|45.38333171,474,ricept_474,8.548557797773691,45.38333171029585,3254,False
8.560422555|45.38333171,475,ricept_475,8.560422555300095,45.38333171029585,3255,False
8.572287313|45.38333171,476,ricept_476,8.572287312826498,45.38333171029585,3256,False
8.58415207|45.38333171,477,ricept_477,8.584152070352902,45.38333171029585,3257,False
8.596016828|45.38333171,478,ricept_478,8.596016827879305,45.38333171029585,3258,False
8.607881585|45.38333171,479,ricept_479,8.60788158540571,45.38333171029585,3259,False
8.619746343|45.38333171,480,ricept_480,8.619746342932112,45.38333171029585,3260,False
8.6316111|45.38333171,481,ricept_481,8.631611100458516,45.38333171029585,3261,False
8.643475858|45.38333171,482,ricept_482,8.64347585798492,45.38333171029585,3262,False
8.655340616|45.38333171,483,ricept_483,8.655340615511323,45.38333171029585,3263,False
8.667205373|45.38333171,484,ricept_484,8.667205373037728,45.38333171029585,3264,False
8.679070131|45.38333171,485,ricept_485,8.679070130564131,45.38333171029585,3265,False
8.690934888|45.38333171,486,ricept_486,8.690934888090533,45.38333171029585,3266,False
8.702799646|45.38333171,487,ricept_487,8.702799645616937,45.38333171029585,3267,False
8.714664403|45.38333171,488,ricept_488,8.71466440314334,45.38333171029585,3268,False
8.726529161|45.38333171,489,ricept_489,8.726529160669743,45.38333171029585,3269,False
8.738393918|45.38333171,490,ricept_490,8.738393918196149,45.38333171029585,3270,False
8.750258676|45.38333171,491,ricept_491,8.75025867572255,45.38333171029585,3271,False
8.762123433|45.38333171,492,ricept_492,8.762123433248954,45.38333171029585,3272,False
8.773988191|45.38333171,2948,ricept_2948,8.773988190775357,45.38333171029585,3273,False
8.785852948|45.38333171,493,ricept_493,8.785852948301761,45.38333171029585,3274,False
8.797717706|45.38333171,494,ricept_494,8.797717705828164,45.38333171029585,3275,False
8.809582463|45.38333171,495,ricept_495,8.809582463354568,45.38333171029585,3276,False
8.821447221|45.38333171,2949,ricept_2949,8.821447220880971,45.38333171029585,3277,False
8.868906251|45.38333171,51431,ricept_51431,8.868906250986585,45.38333171029585,3278,False
8.880771009|45.38333171,36392,ricept_36392,8.880771008512989,45.38333171029585,3279,False
8.928230039|45.38333171,3096,ricept_3096,8.9282300386186,45.38333171029585,3280,False
8.940094796|45.38333171,3097,ricept_3097,8.940094796145006,45.38333171029585,3281,False
8.951959554|45.38333171,3098,ricept_3098,8.95195955367141,45.38333171029585,3282,False
8.963824311|45.38333171,3099,ricept_3099,8.963824311197813,45.38333171029585,3283,False
8.975689069|45.38333171,3100,ricept_3100,8.975689068724217,45.38333171029585,3284,False
8.987553826|45.38333171,6872,ricept_6872,8.98755382625062,45.38333171029585,3285,False
8.999418584|45.38333171,3101,ricept_3101,8.999418583777024,45.38333171029585,3286,False
9.011283341|45.38333171,6874,ricept_6874,9.011283341303429,45.38333171029585,3287,False
9.023148099|45.38333171,6875,ricept_6875,9.02314809882983,45.38333171029585,3288,False
9.035012856|45.38333171,6876,ricept_6876,9.035012856356234,45.38333171029585,3289,False
9.046877614|45.38333171,3102,ricept_3102,9.046877613882636,45.38333171029585,3290,False
9.058742371|45.38333171,3103,ricept_3103,9.05874237140904,45.38333171029585,3291,False
9.070607129|45.38333171,3104,ricept_3104,9.070607128935444,45.38333171029585,3292,False
9.082471886|45.38333171,3105,ricept_3105,9.082471886461848,45.38333171029585,3293,False
9.094336644|45.38333171,6881,ricept_6881,9.094336643988251,45.38333171029585,3294,False
9.106201402|45.38333171,6882,ricept_6882,9.106201401514657,45.38333171029585,3295,False
9.118066159|45.38333171,3106,ricept_3106,9.118066159041058,45.38333171029585,3296,False
9.129930917|45.38333171,6884,ricept_6884,9.129930916567462,45.38333171029585,3297,False
9.141795674|45.38333171,6885,ricept_6885,9.141795674093864,45.38333171029585,3298,False
9.189254704|45.38333171,3107,ricept_3107,9.18925470419948,45.38333171029585,3299,False
9.201119462|45.38333171,3108,ricept_3108,9.201119461725884,45.38333171029585,3300,False
9.212984219|45.38333171,6888,ricept_6888,9.212984219252286,45.38333171029585,3301,False
9.224848977|45.38333171,14487,ricept_14487,9.224848976778688,45.38333171029585,3302,False
9.236713734|45.38333171,3109,ricept_3109,9.236713734305091,45.38333171029585,3303,False
9.248578492|45.38333171,3110,ricept_3110,9.248578491831497,45.38333171029585,3304,False
9.272308007|45.38333171,6891,ricept_6891,9.272308006884302,45.38333171029585,3305,False
9.284172764|45.38333171,6892,ricept_6892,9.284172764410703,45.38333171029585,3306,False
9.296037522|45.38333171,3111,ricept_3111,9.296037521937109,45.38333171029585,3307,False
8.146356929|45.391665043,34976,ricept_34976,8.146356928706973,45.39166504333116,3308,False
8.158223436|45.391665043,1772,ricept_1772,8.158223435522281,45.39166504333116,3309,False
8.170089942|45.391665043,1773,ricept_1773,8.170089942337585,45.39166504333116,3310,False
8.181956449|45.391665043,1774,ricept_1774,8.18195644915289,45.39166504333116,3311,False
8.193822956|45.391665043,1775,ricept_1775,8.193822955968194,45.39166504333116,3312,False
8.205689463|45.391665043,1776,ricept_1776,8.2056894627835,45.39166504333116,3313,False
8.21755597|45.391665043,1777,ricept_1777,8.217555969598806,45.39166504333116,3314,False
8.229422476|45.391665043,1778,ricept_1778,8.229422476414111,45.39166504333116,3315,False
8.241288983|45.391665043,1779,ricept_1779,8.241288983229417,45.39166504333116,3316,False
8.25315549|45.391665043,5401,ricept_5401,8.25315549004472,45.39166504333116,3317,False
8.265021997|45.391665043,5402,ricept_5402,8.265021996860025,45.39166504333116,3318,False
8.276888504|45.391665043,5,ricept_5,8.27688850367533,45.39166504333116,3319,False
8.28875501|45.391665043,6,ricept_6,8.288755010490638,45.39166504333116,3320,False
8.300621517|45.391665043,7,ricept_7,8.300621517305942,45.39166504333116,3321,False
8.312488024|45.391665043,8,ricept_8,8.312488024121247,45.39166504333116,3322,False
8.324354531|45.391665043,9,ricept_9,8.324354530936551,45.39166504333116,3323,False
8.336221038|45.391665043,1780,ricept_1780,8.336221037751855,45.39166504333116,3324,False
8.348087545|45.391665043,10,ricept_10,8.348087544567163,45.39166504333116,3325,False
8.359954051|45.391665043,11,ricept_11,8.359954051382468,45.39166504333116,3326,False
8.371820558|45.391665043,12,ricept_12,8.371820558197772,45.39166504333116,3327,False
8.383687065|45.391665043,13,ricept_13,8.383687065013078,45.39166504333116,3328,False
8.407420079|45.391665043,496,ricept_496,8.407420078643687,45.39166504333116,3329,False
8.419286585|45.391665043,497,ricept_497,8.419286585458993,45.39166504333116,3330,False
8.431153092|45.391665043,498,ricept_498,8.431153092274299,45.39166504333116,3331,False
8.443019599|45.391665043,499,ricept_499,8.443019599089602,45.39166504333116,3332,False
8.454886106|45.391665043,500,ricept_500,8.454886105904908,45.39166504333116,3333,False
8.466752613|45.391665043,501,ricept_501,8.466752612720216,45.39166504333116,3334,False
8.47861912|45.391665043,502,ricept_502,8.478619119535518,45.39166504333116,3335,False
8.490485626|45.391665043,503,ricept_503,8.490485626350823,45.39166504333116,3336,False
8.502352133|45.391665043,504,ricept_504,8.502352133166129,45.39166504333116,3337,False
8.51421864|45.391665043,505,ricept_505,8.514218639981435,45.39166504333116,3338,False
8.526085147|45.391665043,506,ricept_506,8.52608514679674,45.39166504333116,3339,False
8.537951654|45.391665043,507,ricept_507,8.537951653612046,45.39166504333116,3340,False
8.54981816|45.391665043,508,ricept_508,8.54981816042735,45.39166504333116,3341,False
8.561684667|45.391665043,509,ricept_509,8.561684667242654,45.39166504333116,3342,False
8.573551174|45.391665043,510,ricept_510,8.573551174057961,45.39166504333116,3343,False
8.585417681|45.391665043,511,ricept_511,8.585417680873265,45.39166504333116,3344,False
8.597284188|45.391665043,512,ricept_512,8.59728418768857,45.39166504333116,3345,False
8.609150695|45.391665043,513,ricept_513,8.609150694503876,45.39166504333116,3346,False
8.621017201|45.391665043,514,ricept_514,8.62101720131918,45.39166504333116,3347,False
8.632883708|45.391665043,4082,ricept_4082,8.632883708134486,45.39166504333116,3348,False
8.644750215|45.391665043,4083,ricept_4083,8.64475021494979,45.39166504333116,3349,False
8.656616722|45.391665043,4084,ricept_4084,8.656616721765095,45.39166504333116,3350,False
8.668483229|45.391665043,515,ricept_515,8.668483228580401,45.39166504333116,3351,False
8.680349735|45.391665043,516,ricept_516,8.680349735395707,45.39166504333116,3352,False
8.692216242|45.391665043,517,ricept_517,8.69221624221101,45.39166504333116,3353,False
8.704082749|45.391665043,518,ricept_518,8.704082749026316,45.39166504333116,3354,False
8.715949256|45.391665043,519,ricept_519,8.71594925584162,45.39166504333116,3355,False
8.727815763|45.391665043,520,ricept_520,8.727815762656926,45.39166504333116,3356,False
8.739682269|45.391665043,521,ricept_521,8.739682269472231,45.39166504333116,3357,False
8.751548776|45.391665043,522,ricept_522,8.751548776287539,45.39166504333116,3358,False
8.763415283|45.391665043,523,ricept_523,8.763415283102841,45.39166504333116,3359,False
8.77528179|45.391665043,524,ricept_524,8.775281789918147,45.39166504333116,3360,False
8.787148297|45.391665043,525,ricept_525,8.78714829673345,45.39166504333116,3361,False
8.799014804|45.391665043,526,ricept_526,8.799014803548758,45.39166504333116,3362,False
8.81088131|45.391665043,527,ricept_527,8.810881310364064,45.39166504333116,3363,False
8.822747817|45.391665043,6684,ricept_6684,8.822747817179367,45.39166504333116,3364,False
8.870213844|45.391665043,47767,ricept_47767,8.870213844440588,45.39166504333116,3365,False
8.929546379|45.391665043,6894,ricept_6894,8.929546378517113,45.39166504333116,3366,False
8.941412885|45.391665043,6895,ricept_6895,8.941412885332419,45.39166504333116,3367,False
8.953279392|45.391665043,3112,ricept_3112,8.953279392147724,45.39166504333116,3368,False
8.965145899|45.391665043,6897,ricept_6897,8.965145898963028,45.39166504333116,3369,False
8.977012406|45.391665043,6898,ricept_6898,8.977012405778336,45.39166504333116,3370,False
8.988878913|45.391665043,6899,ricept_6899,8.988878912593638,45.39166504333116,3371,False
9.000745419|45.391665043,6900,ricept_6900,9.000745419408945,45.39166504333116,3372,False
9.012611926|45.391665043,3113,ricept_3113,9.012611926224247,45.39166504333116,3373,False
9.024478433|45.391665043,6902,ricept_6902,9.024478433039556,45.39166504333116,3374,False
9.03634494|45.391665043,3114,ricept_3114,9.03634493985486,45.39166504333116,3375,False
9.048211447|45.391665043,3115,ricept_3115,9.048211446670166,45.39166504333116,3376,False
9.060077953|45.391665043,3116,ricept_3116,9.060077953485468,45.39166504333116,3377,False
9.07194446|45.391665043,3117,ricept_3117,9.071944460300776,45.39166504333116,3378,False
9.083810967|45.391665043,6907,ricept_6907,9.08381096711608,45.39166504333116,3379,False
9.095677474|45.391665043,18419,ricept_18419,9.095677473931389,45.39166504333116,3380,False
9.107543981|45.391665043,62477,ricept_62477,9.10754398074669,45.39166504333116,3381,False
9.119410488|45.391665043,3118,ricept_3118,9.119410487561996,45.39166504333116,3382,False
9.131276994|45.391665043,6909,ricept_6909,9.1312769943773,45.39166504333116,3383,False
9.143143501|45.391665043,6910,ricept_6910,9.143143501192606,45.39166504333116,3384,False
9.190609528|45.391665043,3119,ricept_3119,9.190609528453829,45.39166504333116,3385,False
9.202476035|45.391665043,6912,ricept_6912,9.202476035269132,45.39166504333116,3386,False
9.238075556|45.391665043,6913,ricept_6913,9.238075555715046,45.39166504333116,3387,False
9.273675076|45.391665043,10625,ricept_10625,9.273675076160965,45.39166504333116,3388,False
9.309274597|45.391665043,18425,ricept_18425,9.309274596606878,45.39166504333116,3389,False
8.135690085|45.399998376,1781,ricept_1781,8.135690085204937,45.39999837636647,3390,False
8.147558342|45.399998376,1782,ricept_1782,8.147558342076135,45.39999837636647,3391,False
8.159426599|45.399998376,1783,ricept_1783,8.15942659894733,45.39999837636647,3392,False
8.171294856|45.399998376,1784,ricept_1784,8.171294855818529,45.39999837636647,3393,False
8.183163113|45.399998376,1785,ricept_1785,8.183163112689723,45.39999837636647,3394,False
8.19503137|45.399998376,3554,ricept_3554,8.195031369560919,45.39999837636647,3395,False
8.206899626|45.399998376,14,ricept_14,8.206899626432115,45.39999837636647,3396,False
8.218767883|45.399998376,15,ricept_15,8.218767883303311,45.39999837636647,3397,False
8.23063614|45.399998376,5408,ricept_5408,8.230636140174509,45.39999837636647,3398,False
8.242504397|45.399998376,1786,ricept_1786,8.242504397045703,45.39999837636647,3399,False
8.254372654|45.399998376,1787,ricept_1787,8.2543726539169,45.39999837636647,3400,False
8.266240911|45.399998376,1788,ricept_1788,8.266240910788095,45.39999837636647,3401,False
8.278109168|45.399998376,16,ricept_16,8.278109167659292,45.39999837636647,3402,False
8.289977425|45.399998376,17,ricept_17,8.28997742453049,45.39999837636647,3403,False
8.301845681|45.399998376,18,ricept_18,8.301845681401685,45.39999837636647,3404,False
8.313713938|45.399998376,19,ricept_19,8.313713938272882,45.39999837636647,3405,False
8.325582195|45.399998376,20,ricept_20,8.325582195144076,45.39999837636647,3406,False
8.337450452|45.399998376,21,ricept_21,8.337450452015272,45.39999837636647,3407,False
8.349318709|45.399998376,22,ricept_22,8.349318708886468,45.39999837636647,3408,False
8.361186966|45.399998376,23,ricept_23,8.361186965757666,45.39999837636647,3409,False
8.373055223|45.399998376,24,ricept_24,8.37305522262886,45.39999837636647,3410,False
8.38492348|45.399998376,25,ricept_25,8.384923479500058,45.39999837636647,3411,False
8.408659993|45.399998376,528,ricept_528,8.408659993242448,45.39999837636647,3412,False
8.42052825|45.399998376,529,ricept_529,8.420528250113646,45.39999837636647,3413,False
8.432396507|45.399998376,530,ricept_530,8.43239650698484,45.39999837636647,3414,False
8.444264764|45.399998376,531,ricept_531,8.444264763856038,45.39999837636647,3415,False
8.456133021|45.399998376,532,ricept_532,8.456133020727233,45.39999837636647,3416,False
8.468001278|45.399998376,533,ricept_533,8.468001277598432,45.39999837636647,3417,False
8.479869534|45.399998376,534,ricept_534,8.479869534469625,45.39999837636647,3418,False
8.491737791|45.399998376,535,ricept_535,8.491737791340823,45.39999837636647,3419,False
8.503606048|45.399998376,536,ricept_536,8.503606048212019,45.39999837636647,3420,False
8.515474305|45.399998376,537,ricept_537,8.515474305083215,45.39999837636647,3421,False
8.527342562|45.399998376,538,ricept_538,8.527342561954411,45.39999837636647,3422,False
8.539210819|45.399998376,539,ricept_539,8.539210818825607,45.39999837636647,3423,False
8.551079076|45.399998376,540,ricept_540,8.551079075696803,45.39999837636647,3424,False
8.562947333|45.399998376,541,ricept_541,8.562947332568,45.39999837636647,3425,False
8.574815589|45.399998376,542,ricept_542,8.574815589439195,45.39999837636647,3426,False
8.586683846|45.399998376,543,ricept_543,8.586683846310391,45.39999837636647,3427,False
8.598552103|45.399998376,544,ricept_544,8.598552103181587,45.39999837636647,3428,False
8.61042036|45.399998376,545,ricept_545,8.610420360052784,45.39999837636647,3429,False
8.622288617|45.399998376,546,ricept_546,8.62228861692398,45.39999837636647,3430,False
8.634156874|45.399998376,11654,ricept_11654,8.634156873795176,45.39999837636647,3431,False
8.646025131|45.399998376,77709,ricept_77709,8.64602513066637,45.39999837636647,3432,False
8.657893388|45.399998376,547,ricept_547,8.657893387537568,45.39999837636647,3433,False
8.669761644|45.399998376,548,ricept_548,8.669761644408764,45.39999837636647,3434,False
8.681629901|45.399998376,549,ricept_549,8.681629901279962,45.39999837636647,3435,False
8.693498158|45.399998376,550,ricept_550,8.693498158151156,45.39999837636647,3436,False
8.705366415|45.399998376,551,ricept_551,8.705366415022352,45.39999837636647,3437,False
8.717234672|45.399998376,552,ricept_552,8.717234671893548,45.39999837636647,3438,False
8.729102929|45.399998376,553,ricept_553,8.729102928764744,45.39999837636647,3439,False
8.740971186|45.399998376,554,ricept_554,8.740971185635942,45.39999837636647,3440,False
8.752839443|45.399998376,555,ricept_555,8.752839442507137,45.39999837636647,3441,False
8.764707699|45.399998376,556,ricept_556,8.764707699378333,45.39999837636647,3442,False
8.776575956|45.399998376,557,ricept_557,8.776575956249529,45.39999837636647,3443,False
8.788444213|45.399998376,558,ricept_558,8.788444213120725,45.39999837636647,3444,False
8.80031247|45.399998376,559,ricept_559,8.80031246999192,45.39999837636647,3445,False
8.812180727|45.399998376,37506,ricept_37506,8.812180726863119,45.39999837636647,3446,False
8.871522011|45.399998376,3120,ricept_3120,8.8715220112191,45.39999837636647,3447,False
8.942731552|45.399998376,44061,ricept_44061,8.942731552446274,45.39999837636647,3448,False
8.966468066|45.399998376,3121,ricept_3121,8.966468066188666,45.39999837636647,3449,False
8.99020458|45.399998376,3122,ricept_3122,8.990204579931058,45.39999837636647,3450,False
9.002072837|45.399998376,3123,ricept_3123,9.002072836802256,45.39999837636647,3451,False
9.013941094|45.399998376,3124,ricept_3124,9.013941093673452,45.39999837636647,3452,False
9.025809351|45.399998376,3125,ricept_3125,9.025809350544648,45.39999837636647,3453,False
9.037677607|45.399998376,3126,ricept_3126,9.037677607415844,45.39999837636647,3454,False
9.049545864|45.399998376,6918,ricept_6918,9.04954586428704,45.39999837636647,3455,False
9.061414121|45.399998376,6919,ricept_6919,9.061414121158236,45.39999837636647,3456,False
9.085150635|45.399998376,3127,ricept_3127,9.085150634900629,45.39999837636647,3457,False
9.097018892|45.399998376,44070,ricept_44070,9.097018891771825,45.39999837636647,3458,False
9.120755406|45.399998376,3128,ricept_3128,9.120755405514217,45.39999837636647,3459,False
9.18009669|45.399998376,3129,ricept_3129,9.180096689870195,45.39999837636647,3460,False
9.191964947|45.399998376,6922,ricept_6922,9.191964946741397,45.39999837636647,3461,False
9.203833204|45.399998376,3130,ricept_3130,9.20383320361259,45.39999837636647,3462,False
9.21570146|45.399998376,6924,ricept_6924,9.215701460483784,45.39999837636647,3463,False
9.227569717|45.399998376,6925,ricept_6925,9.227569717354982,45.39999837636647,3464,False
9.239437974|45.399998376,6926,ricept_6926,9.239437974226178,45.39999837636647,3465,False
9.298779259|45.399998376,6927,ricept_6927,9.298779258582158,45.39999837636647,3466,False
8.136890275|45.408331709,1789,ricept_1789,8.136890274572801,45.40833170940178,3467,False
8.148760282|45.408331709,1790,ricept_1790,8.14876028226729,45.40833170940178,3468,False
8.16063029|45.408331709,1791,ricept_1791,8.160630289961782,45.40833170940178,3469,False
8.172500298|45.408331709,1792,ricept_1792,8.172500297656272,45.40833170940178,3470,False
8.184370305|45.408331709,26,ricept_26,8.184370305350761,45.40833170940178,3471,False
8.196240313|45.408331709,27,ricept_27,8.19624031304525,45.40833170940178,3472,False
8.208110321|45.408331709,3567,ricept_3567,8.20811032073974,45.40833170940178,3473,False
8.219980328|45.408331709,28,ricept_28,8.21998032843423,45.40833170940178,3474,False
8.231850336|45.408331709,29,ricept_29,8.231850336128721,45.40833170940178,3475,False
8.243720344|45.408331709,1793,ricept_1793,8.243720343823211,45.40833170940178,3476,False
8.255590352|45.408331709,1794,ricept_1794,8.2555903515177,45.40833170940178,3477,False
8.267460359|45.408331709,30,ricept_30,8.267460359212189,45.40833170940178,3478,False
8.279330367|45.408331709,31,ricept_31,8.279330366906677,45.40833170940178,3479,False
8.291200375|45.408331709,32,ricept_32,8.29120037460117,45.40833170940178,3480,False
8.303070382|45.408331709,33,ricept_33,8.303070382295658,45.40833170940178,3481,False
8.31494039|45.408331709,34,ricept_34,8.314940389990149,45.40833170940178,3482,False
8.326810398|45.408331709,35,ricept_35,8.326810397684639,45.40833170940178,3483,False
8.338680405|45.408331709,36,ricept_36,8.338680405379128,45.40833170940178,3484,False
8.350550413|45.408331709,37,ricept_37,8.350550413073618,45.40833170940178,3485,False
8.362420421|45.408331709,38,ricept_38,8.362420420768109,45.40833170940178,3486,False
8.374290428|45.408331709,39,ricept_39,8.374290428462599,45.40833170940178,3487,False
8.386160436|45.408331709,40,ricept_40,8.386160436157088,45.40833170940178,3488,False
8.409900452|45.408331709,560,ricept_560,8.409900451546067,45.40833170940178,3489,False
8.421770459|45.408331709,561,ricept_561,8.421770459240559,45.40833170940178,3490,False
8.433640467|45.408331709,562,ricept_562,8.433640466935048,45.40833170940178,3491,False
8.445510475|45.408331709,563,ricept_563,8.445510474629538,45.40833170940178,3492,False
8.457380482|45.408331709,564,ricept_564,8.457380482324028,45.40833170940178,3493,False
8.46925049|45.408331709,565,ricept_565,8.469250490018519,45.40833170940178,3494,False
8.481120498|45.408331709,566,ricept_566,8.481120497713006,45.40833170940178,3495,False
8.492990505|45.408331709,567,ricept_567,8.492990505407496,45.40833170940178,3496,False
8.504860513|45.408331709,568,ricept_568,8.504860513101987,45.40833170940178,3497,False
8.516730521|45.408331709,569,ricept_569,8.516730520796475,45.40833170940178,3498,False
8.528600528|45.408331709,570,ricept_570,8.528600528490966,45.40833170940178,3499,False
8.540470536|45.408331709,571,ricept_571,8.540470536185456,45.40833170940178,3500,False
8.552340544|45.408331709,572,ricept_572,8.552340543879945,45.40833170940178,3501,False
8.564210552|45.408331709,573,ricept_573,8.564210551574435,45.40833170940178,3502,False
8.576080559|45.408331709,574,ricept_574,8.576080559268926,45.40833170940178,3503,False
8.587950567|45.408331709,575,ricept_575,8.587950566963416,45.40833170940178,3504,False
8.599820575|45.408331709,576,ricept_576,8.599820574657905,45.40833170940178,3505,False
8.611690582|45.408331709,577,ricept_577,8.611690582352397,45.40833170940178,3506,False
8.62356059|45.408331709,4148,ricept_4148,8.623560590046885,45.40833170940178,3507,False
8.659170613|45.408331709,578,ricept_578,8.659170613130355,45.40833170940178,3508,False
8.671040621|45.408331709,579,ricept_579,8.671040620824845,45.40833170940178,3509,False
8.682910629|45.408331709,580,ricept_580,8.682910628519336,45.40833170940178,3510,False
8.694780636|45.408331709,581,ricept_581,8.694780636213824,45.40833170940178,3511,False
8.706650644|45.408331709,582,ricept_582,8.706650643908315,45.40833170940178,3512,False
8.718520652|45.408331709,583,ricept_583,8.718520651602805,45.40833170940178,3513,False
8.730390659|45.408331709,584,ricept_584,8.730390659297294,45.40833170940178,3514,False
8.742260667|45.408331709,585,ricept_585,8.742260666991784,45.40833170940178,3515,False
8.754130675|45.408331709,586,ricept_586,8.754130674686273,45.40833170940178,3516,False
8.766000682|45.408331709,587,ricept_587,8.766000682380762,45.40833170940178,3517,False
8.789740698|45.408331709,588,ricept_588,8.789740697769743,45.40833170940178,3518,False
8.801610705|45.408331709,4160,ricept_4160,8.801610705464233,45.40833170940178,3519,False
8.872830752|45.408331709,14527,ricept_14527,8.872830751631174,45.40833170940178,3520,False
8.93218079|45.408331709,22174,ricept_22174,8.93218079010362,45.40833170940178,3521,False
8.944050798|45.408331709,18440,ricept_18440,8.944050797798113,45.40833170940178,3522,False
8.955920805|45.408331709,6928,ricept_6928,8.955920805492601,45.40833170940178,3523,False
8.967790813|45.408331709,6929,ricept_6929,8.967790813187092,45.40833170940178,3524,False
8.979660821|45.408331709,3131,ricept_3131,8.97966082088158,45.40833170940178,3525,False
8.991530829|45.408331709,3132,ricept_3132,8.99153082857607,45.40833170940178,3526,False
9.003400836|45.408331709,3133,ricept_3133,9.003400836270561,45.40833170940178,3527,False
9.015270844|45.408331709,6933,ricept_6933,9.01527084396505,45.40833170940178,3528,False
9.027140852|45.408331709,3134,ricept_3134,9.02714085165954,45.40833170940178,3529,False
9.062750875|45.408331709,6935,ricept_6935,9.062750874743008,45.40833170940178,3530,False
9.074620882|45.408331709,3135,ricept_3135,9.0746208824375,45.40833170940178,3531,False
9.08649089|45.408331709,6937,ricept_6937,9.08649089013199,45.40833170940178,3532,False
9.157710936|45.408331709,3136,ricept_3136,9.15771093629893,45.40833170940178,3533,False
9.181450952|45.408331709,6939,ricept_6939,9.181450951687909,45.40833170940178,3534,False
9.193320959|45.408331709,3137,ricept_3137,9.1933209593824,45.40833170940178,3535,False
9.205190967|45.408331709,3138,ricept_3138,9.205190967076888,45.40833170940178,3536,False
9.228930982|45.408331709,6942,ricept_6942,9.228930982465869,45.40833170940178,3537,False
9.24080099|45.408331709,6943,ricept_6943,9.240800990160356,45.40833170940178,3538,False
9.252670998|45.408331709,3139,ricept_3139,9.252670997854848,45.40833170940178,3539,False
9.288281021|45.408331709,14543,ricept_14543,9.288281020938316,45.40833170940178,3540,False
8.13809099|45.416665042,1795,ricept_1795,8.13809099027889,45.41666504243708,3541,False
8.14996275|45.416665042,1796,ricept_1796,8.149962749564489,45.41666504243708,3542,False
8.161834509|45.416665042,1797,ricept_1797,8.16183450885009,45.41666504243708,3543,False
8.173706268|45.416665042,41,ricept_41,8.17370626813569,45.41666504243708,3544,False
8.185578027|45.416665042,42,ricept_42,8.18557802742129,45.41666504243708,3545,False
8.197449787|45.416665042,43,ricept_43,8.19744978670689,45.41666504243708,3546,False
8.209321546|45.416665042,44,ricept_44,8.20932154599249,45.41666504243708,3547,False
8.221193305|45.416665042,45,ricept_45,8.22119330527809,45.41666504243708,3548,False
8.233065065|45.416665042,46,ricept_46,8.233065064563691,45.41666504243708,3549,False
8.244936824|45.416665042,1798,ricept_1798,8.244936823849292,45.41666504243708,3550,False
8.256808583|45.416665042,1799,ricept_1799,8.25680858313489,45.41666504243708,3551,False
8.268680342|45.416665042,47,ricept_47,8.26868034242049,45.41666504243708,3552,False
8.280552102|45.416665042,48,ricept_48,8.280552101706089,45.41666504243708,3553,False
8.292423861|45.416665042,49,ricept_49,8.292423860991692,45.41666504243708,3554,False
8.30429562|45.416665042,50,ricept_50,8.30429562027729,45.41666504243708,3555,False
8.31616738|45.416665042,51,ricept_51,8.316167379562893,45.41666504243708,3556,False
8.328039139|45.416665042,52,ricept_52,8.328039138848492,45.41666504243708,3557,False
8.339910898|45.416665042,53,ricept_53,8.339910898134091,45.41666504243708,3558,False
8.351782657|45.416665042,54,ricept_54,8.35178265741969,45.41666504243708,3559,False
8.363654417|45.416665042,55,ricept_55,8.363654416705293,45.41666504243708,3560,False
8.375526176|45.416665042,56,ricept_56,8.375526175990892,45.41666504243708,3561,False
8.387397935|45.416665042,3596,ricept_3596,8.387397935276493,45.41666504243708,3562,False
8.411141454|45.416665042,589,ricept_589,8.411141453847693,45.41666504243708,3563,False
8.423013213|45.416665042,590,ricept_590,8.423013213133293,45.41666504243708,3564,False
8.434884972|45.416665042,591,ricept_591,8.434884972418892,45.41666504243708,3565,False
8.446756732|45.416665042,592,ricept_592,8.446756731704493,45.41666504243708,3566,False
8.458628491|45.416665042,593,ricept_593,8.458628490990092,45.41666504243708,3567,False
8.47050025|45.416665042,594,ricept_594,8.470500250275695,45.41666504243708,3568,False
8.48237201|45.416665042,595,ricept_595,8.482372009561292,45.41666504243708,3569,False
8.494243769|45.416665042,596,ricept_596,8.494243768846893,45.41666504243708,3570,False
8.506115528|45.416665042,597,ricept_597,8.506115528132494,45.41666504243708,3571,False
8.517987287|45.416665042,598,ricept_598,8.517987287418094,45.41666504243708,3572,False
8.529859047|45.416665042,599,ricept_599,8.529859046703693,45.41666504243708,3573,False
8.541730806|45.416665042,600,ricept_600,8.541730805989296,45.41666504243708,3574,False
8.553602565|45.416665042,601,ricept_601,8.553602565274893,45.41666504243708,3575,False
8.565474325|45.416665042,602,ricept_602,8.565474324560494,45.41666504243708,3576,False
8.577346084|45.416665042,603,ricept_603,8.577346083846093,45.41666504243708,3577,False
8.589217843|45.416665042,604,ricept_604,8.589217843131696,45.41666504243708,3578,False
8.601089602|45.416665042,605,ricept_605,8.601089602417295,45.41666504243708,3579,False
8.612961362|45.416665042,606,ricept_606,8.612961361702896,45.41666504243708,3580,False
8.624833121|45.416665042,59880,ricept_59880,8.624833120988495,45.41666504243708,3581,False
8.64857664|45.416665042,607,ricept_607,8.648576639559694,45.41666504243708,3582,False
8.660448399|45.416665042,608,ricept_608,8.660448398845295,45.41666504243708,3583,False
8.672320158|45.416665042,609,ricept_609,8.672320158130896,45.41666504243708,3584,False
8.684191917|45.416665042,610,ricept_610,8.684191917416495,45.41666504243708,3585,False
8.696063677|45.416665042,611,ricept_611,8.696063676702096,45.41666504243708,3586,False
8.707935436|45.416665042,612,ricept_612,8.707935435987695,45.41666504243708,3587,False
8.719807195|45.416665042,613,ricept_613,8.719807195273296,45.41666504243708,3588,False
8.731678955|45.416665042,614,ricept_614,8.731678954558895,45.41666504243708,3589,False
8.743550714|45.416665042,615,ricept_615,8.743550713844497,45.41666504243708,3590,False
8.755422473|45.416665042,616,ricept_616,8.755422473130096,45.41666504243708,3591,False
8.767294232|45.416665042,617,ricept_617,8.767294232415695,45.41666504243708,3592,False
8.791037751|45.416665042,618,ricept_618,8.791037750986897,45.41666504243708,3593,False
8.80290951|45.416665042,4191,ricept_4191,8.802909510272498,45.41666504243708,3594,False
8.921627103|45.416665042,36460,ricept_36460,8.921627103128497,45.41666504243708,3595,False
8.933498862|45.416665042,14544,ricept_14544,8.933498862414098,45.41666504243708,3596,False
8.945370622|45.416665042,6945,ricept_6945,8.945370621699698,45.41666504243708,3597,False
8.957242381|45.416665042,3140,ricept_3140,8.957242380985297,45.41666504243708,3598,False
8.96911414|45.416665042,3141,ricept_3141,8.969114140270898,45.41666504243708,3599,False
8.9809859|45.416665042,3142,ricept_3142,8.980985899556499,45.41666504243708,3600,False
8.992857659|45.416665042,3143,ricept_3143,8.992857658842098,45.41666504243708,3601,False
9.004729418|45.416665042,3144,ricept_3144,9.004729418127699,45.41666504243708,3602,False
9.028472937|45.416665042,3145,ricept_3145,9.0284729366989,45.41666504243708,3603,False
9.040344696|45.416665042,3146,ricept_3146,9.0403446959845,45.41666504243708,3604,False
9.087831733|45.416665042,14553,ricept_14553,9.0878317331269,45.41666504243708,3605,False
9.13531877|45.416665042,3147,ricept_3147,9.1353187702693,45.41666504243708,3606,False
9.14719053|45.416665042,6953,ricept_6953,9.1471905295549,45.41666504243708,3607,False
9.159062289|45.416665042,6954,ricept_6954,9.1590622888405,45.41666504243708,3608,False
9.194677567|45.416665042,6955,ricept_6955,9.194677566697305,45.41666504243708,3609,False
9.206549326|45.416665042,6956,ricept_6956,9.206549325982902,45.41666504243708,3610,False
9.289651641|45.416665042,14558,ricept_14558,9.289651640982102,45.41666504243708,3611,False
8.139292233|45.424998375,3597,ricept_3597,8.13929223260706,45.4249983754724,3612,False
8.151165744|45.424998375,3598,ricept_3598,8.151165744252001,45.4249983754724,3613,False
8.163039256|45.424998375,57,ricept_57,8.163039255896944,45.4249983754724,3614,False
8.174912768|45.424998375,58,ricept_58,8.174912767541883,45.4249983754724,3615,False
8.186786279|45.424998375,59,ricept_59,8.186786279186824,45.4249983754724,3616,False
8.210533302|45.424998375,60,ricept_60,8.210533302476707,45.4249983754724,3617,False
8.222406814|45.424998375,61,ricept_61,8.222406814121648,45.4249983754724,3618,False
8.234280326|45.424998375,62,ricept_62,8.234280325766589,45.4249983754724,3619,False
8.246153837|45.424998375,63,ricept_63,8.24615383741153,45.4249983754724,3620,False
8.258027349|45.424998375,1800,ricept_1800,8.258027349056471,45.4249983754724,3621,False
8.269900861|45.424998375,64,ricept_64,8.26990086070141,45.4249983754724,3622,False
8.281774372|45.424998375,65,ricept_65,8.281774372346351,45.4249983754724,3623,False
8.293647884|45.424998375,66,ricept_66,8.293647883991294,45.4249983754724,3624,False
8.305521396|45.424998375,67,ricept_67,8.305521395636235,45.4249983754724,3625,False
8.317394907|45.424998375,68,ricept_68,8.317394907281175,45.4249983754724,3626,False
8.329268419|45.424998375,69,ricept_69,8.329268418926118,45.4249983754724,3627,False
8.341141931|45.424998375,70,ricept_70,8.341141930571057,45.4249983754724,3628,False
8.353015442|45.424998375,71,ricept_71,8.353015442215998,45.4249983754724,3629,False
8.364888954|45.424998375,72,ricept_72,8.36488895386094,45.4249983754724,3630,False
8.376762466|45.424998375,73,ricept_73,8.37676246550588,45.4249983754724,3631,False
8.412383|45.424998375,619,ricept_619,8.412383000440702,45.4249983754724,3632,False
8.424256512|45.424998375,620,ricept_620,8.424256512085645,45.4249983754724,3633,False
8.436130024|45.424998375,621,ricept_621,8.436130023730586,45.4249983754724,3634,False
8.448003535|45.424998375,622,ricept_622,8.448003535375527,45.4249983754724,3635,False
8.459877047|45.424998375,623,ricept_623,8.459877047020468,45.4249983754724,3636,False
8.471750559|45.424998375,624,ricept_624,8.471750558665411,45.4249983754724,3637,False
8.48362407|45.424998375,625,ricept_625,8.483624070310348,45.4249983754724,3638,False
8.495497582|45.424998375,626,ricept_626,8.495497581955291,45.4249983754724,3639,False
8.507371094|45.424998375,627,ricept_627,8.50737109360023,45.4249983754724,3640,False
8.519244605|45.424998375,628,ricept_628,8.519244605245174,45.4249983754724,3641,False
8.531118117|45.424998375,629,ricept_629,8.531118116890115,45.4249983754724,3642,False
8.542991629|45.424998375,630,ricept_630,8.542991628535056,45.4249983754724,3643,False
8.55486514|45.424998375,631,ricept_631,8.554865140179995,45.4249983754724,3644,False
8.566738652|45.424998375,632,ricept_632,8.566738651824936,45.4249983754724,3645,False
8.590485675|45.424998375,633,ricept_633,8.590485675114818,45.4249983754724,3646,False
8.602359187|45.424998375,634,ricept_634,8.60235918675976,45.4249983754724,3647,False
8.614232698|45.424998375,635,ricept_635,8.614232698404702,45.4249983754724,3648,False
8.649853233|45.424998375,636,ricept_636,8.649853233339524,45.4249983754724,3649,False
8.661726745|45.424998375,637,ricept_637,8.661726744984465,45.4249983754724,3650,False
8.673600257|45.424998375,638,ricept_638,8.673600256629408,45.4249983754724,3651,False
8.685473768|45.424998375,639,ricept_639,8.685473768274347,45.4249983754724,3652,False
8.69734728|45.424998375,640,ricept_640,8.697347279919287,45.4249983754724,3653,False
8.709220792|45.424998375,641,ricept_641,8.70922079156423,45.4249983754724,3654,False
8.721094303|45.424998375,642,ricept_642,8.72109430320917,45.4249983754724,3655,False
8.732967815|45.424998375,643,ricept_643,8.73296781485411,45.4249983754724,3656,False
8.744841326|45.424998375,644,ricept_644,8.744841326499053,45.4249983754724,3657,False
8.756714838|45.424998375,645,ricept_645,8.756714838143994,45.4249983754724,3658,False
8.76858835|45.424998375,646,ricept_646,8.768588349788933,45.4249983754724,3659,False
8.780461861|45.424998375,647,ricept_647,8.780461861433874,45.4249983754724,3660,False
8.792335373|45.424998375,648,ricept_648,8.792335373078815,45.4249983754724,3661,False
8.922944001|45.424998375,18472,ricept_18472,8.922944001173166,45.4249983754724,3662,False
8.946691024|45.424998375,55183,ricept_55183,8.94669102446305,45.4249983754724,3663,False
8.958564536|45.424998375,3148,ricept_3148,8.95856453610799,45.4249983754724,3664,False
8.970438048|45.424998375,3149,ricept_3149,8.97043804775293,45.4249983754724,3665,False
8.982311559|45.424998375,6959,ricept_6959,8.982311559397871,45.4249983754724,3666,False
8.994185071|45.424998375,3150,ricept_3150,8.994185071042812,45.4249983754724,3667,False
9.006058583|45.424998375,6961,ricept_6961,9.006058582687755,45.4249983754724,3668,False
9.017932094|45.424998375,6962,ricept_6962,9.017932094332696,45.4249983754724,3669,False
9.029805606|45.424998375,6963,ricept_6963,9.029805605977636,45.4249983754724,3670,False
9.041679118|45.424998375,6964,ricept_6964,9.041679117622577,45.4249983754724,3671,False
9.089173164|45.424998375,3151,ricept_3151,9.08917316420234,45.4249983754724,3672,False
9.136667211|45.424998375,6966,ricept_6966,9.136667210782106,45.4249983754724,3673,False
9.148540722|45.424998375,6967,ricept_6967,9.148540722427049,45.4249983754724,3674,False
9.184161257|45.424998375,3152,ricept_3152,9.18416125736187,45.4249983754724,3675,False
9.196034769|45.424998375,3153,ricept_3153,9.196034769006811,45.4249983754724,3676,False
8.152369267|45.433331709,74,ricept_74,8.152369266614304,45.43333170850771,3677,False
8.164244531|45.433331709,75,ricept_75,8.164244531387233,45.43333170850771,3678,False
8.176119796|45.433331709,76,ricept_76,8.17611979616016,45.43333170850771,3679,False
8.187995061|45.433331709,77,ricept_77,8.187995060933085,45.43333170850771,3680,False
8.199870326|45.433331709,78,ricept_78,8.199870325706012,45.43333170850771,3681,False
8.21174559|45.433331709,79,ricept_79,8.21174559047894,45.43333170850771,3682,False
8.23549612|45.433331709,80,ricept_80,8.235496120024795,45.43333170850771,3683,False
8.247371385|45.433331709,81,ricept_81,8.24737138479772,45.43333170850771,3684,False
8.25924665|45.433331709,82,ricept_82,8.259246649570647,45.43333170850771,3685,False
8.271121914|45.433331709,83,ricept_83,8.271121914343574,45.43333170850771,3686,False
8.282997179|45.433331709,84,ricept_84,8.282997179116501,45.43333170850771,3687,False
8.294872444|45.433331709,85,ricept_85,8.294872443889428,45.43333170850771,3688,False
8.306747709|45.433331709,86,ricept_86,8.306747708662355,45.43333170850771,3689,False
8.318622973|45.433331709,87,ricept_87,8.318622973435282,45.43333170850771,3690,False
8.330498238|45.433331709,88,ricept_88,8.33049823820821,45.43333170850771,3691,False
8.342373503|45.433331709,89,ricept_89,8.342373502981134,45.43333170850771,3692,False
8.354248768|45.433331709,90,ricept_90,8.354248767754061,45.43333170850771,3693,False
8.366124033|45.433331709,91,ricept_91,8.36612403252699,45.43333170850771,3694,False
8.377999297|45.433331709,92,ricept_92,8.377999297299915,45.43333170850771,3695,False
8.413625092|45.433331709,649,ricept_649,8.413625091618696,45.43333170850771,3696,False
8.425500356|45.433331709,650,ricept_650,8.425500356391623,45.43333170850771,3697,False
8.437375621|45.433331709,651,ricept_651,8.43737562116455,45.43333170850771,3698,False
8.449250886|45.433331709,652,ricept_652,8.449250885937477,45.43333170850771,3699,False
8.461126151|45.433331709,653,ricept_653,8.461126150710404,45.43333170850771,3700,False
8.473001415|45.433331709,654,ricept_654,8.473001415483333,45.43333170850771,3701,False
8.48487668|45.433331709,655,ricept_655,8.484876680256257,45.43333170850771,3702,False
8.496751945|45.433331709,656,ricept_656,8.496751945029185,45.43333170850771,3703,False
8.50862721|45.433331709,657,ricept_657,8.508627209802112,45.43333170850771,3704,False
8.520502475|45.433331709,658,ricept_658,8.52050247457504,45.43333170850771,3705,False
8.532377739|45.433331709,659,ricept_659,8.532377739347965,45.43333170850771,3706,False
8.544253004|45.433331709,660,ricept_660,8.544253004120895,45.43333170850771,3707,False
8.556128269|45.433331709,661,ricept_661,8.556128268893819,45.43333170850771,3708,False
8.568003534|45.433331709,662,ricept_662,8.568003533666747,45.43333170850771,3709,False
8.579878798|45.433331709,663,ricept_663,8.579878798439672,45.43333170850771,3710,False
8.591754063|45.433331709,664,ricept_664,8.591754063212601,45.43333170850771,3711,False
8.651130387|45.433331709,665,ricept_665,8.651130387077234,45.43333170850771,3712,False
8.663005652|45.433331709,666,ricept_666,8.66300565185016,45.43333170850771,3713,False
8.674880917|45.433331709,667,ricept_667,8.67488091662309,45.43333170850771,3714,False
8.686756181|45.433331709,668,ricept_668,8.686756181396015,45.43333170850771,3715,False
8.698631446|45.433331709,4242,ricept_4242,8.698631446168942,45.43333170850771,3716,False
8.710506711|45.433331709,4243,ricept_4243,8.710506710941868,45.43333170850771,3717,False
8.75800777|45.433331709,669,ricept_669,8.758007770033577,45.43333170850771,3718,False
8.769883035|45.433331709,4245,ricept_4245,8.769883034806504,45.43333170850771,3719,False
8.7817583|45.433331709,670,ricept_670,8.78175829957943,45.43333170850771,3720,False
8.793633564|45.433331709,671,ricept_671,8.793633564352357,45.43333170850771,3721,False
8.924261477|45.433331709,62530,ricept_62530,8.924261476854552,45.43333170850771,3722,False
8.936136742|45.433331709,3154,ricept_3154,8.936136741627479,45.43333170850771,3723,False
8.948012006|45.433331709,6969,ricept_6969,8.948012006400408,45.43333170850771,3724,False
8.959887271|45.433331709,6970,ricept_6970,8.959887271173335,45.43333170850771,3725,False
8.971762536|45.433331709,6971,ricept_6971,8.97176253594626,45.43333170850771,3726,False
8.995513065|45.433331709,14575,ricept_14575,8.995513065492112,45.43333170850771,3727,False
9.00738833|45.433331709,3155,ricept_3155,9.00738833026504,45.43333170850771,3728,False
9.019263595|45.433331709,40273,ricept_40273,9.019263595037968,45.43333170850771,3729,False
9.03113886|45.433331709,3156,ricept_3156,9.031138859810897,45.43333170850771,3730,False
9.043014125|45.433331709,3157,ricept_3157,9.043014124583822,45.43333170850771,3731,False
9.078639919|45.433331709,10669,ricept_10669,9.078639918902605,45.43333170850771,3732,False
9.138016243|45.433331709,55197,ricept_55197,9.138016242767236,45.43333170850771,3733,False
8.141696298|45.441665042,93,ricept_93,8.141696298266128,45.44166504154302,3734,False
8.153573317|45.441665042,94,ricept_94,8.1535733169361,45.44166504154302,3735,False
8.165450336|45.441665042,95,ricept_95,8.165450335606073,45.44166504154302,3736,False
8.177327354|45.441665042,96,ricept_96,8.177327354276047,45.44166504154302,3737,False
8.189204373|45.441665042,97,ricept_97,8.189204372946017,45.44166504154302,3738,False
8.201081392|45.441665042,98,ricept_98,8.20108139161599,45.44166504154302,3739,False
8.21295841|45.441665042,99,ricept_99,8.212958410285964,45.44166504154302,3740,False
8.224835429|45.441665042,100,ricept_100,8.224835428955936,45.44166504154302,3741,False
8.236712448|45.441665042,101,ricept_101,8.236712447625909,45.44166504154302,3742,False
8.248589466|45.441665042,102,ricept_102,8.248589466295881,45.44166504154302,3743,False
8.260466485|45.441665042,103,ricept_103,8.260466484965852,45.44166504154302,3744,False
8.272343504|45.441665042,3646,ricept_3646,8.272343503635824,45.44166504154302,3745,False
8.284220522|45.441665042,104,ricept_104,8.284220522305798,45.44166504154302,3746,False
8.296097541|45.441665042,105,ricept_105,8.29609754097577,45.44166504154302,3747,False
8.30797456|45.441665042,106,ricept_106,8.307974559645743,45.44166504154302,3748,False
8.319851578|45.441665042,107,ricept_107,8.319851578315715,45.44166504154302,3749,False
8.331728597|45.441665042,108,ricept_108,8.33172859698569,45.44166504154302,3750,False
8.343605616|45.441665042,109,ricept_109,8.34360561565566,45.44166504154302,3751,False
8.355482634|45.441665042,110,ricept_110,8.355482634325632,45.44166504154302,3752,False
8.367359653|45.441665042,111,ricept_111,8.367359652995606,45.44166504154302,3753,False
8.379236672|45.441665042,112,ricept_112,8.379236671665577,45.44166504154302,3754,False
8.414867728|45.441665042,672,ricept_672,8.414867727675494,45.44166504154302,3755,False
8.426744746|45.441665042,673,ricept_673,8.426744746345467,45.44166504154302,3756,False
8.438621765|45.441665042,674,ricept_674,8.43862176501544,45.44166504154302,3757,False
8.450498784|45.441665042,675,ricept_675,8.450498783685413,45.44166504154302,3758,False
8.462375802|45.441665042,676,ricept_676,8.462375802355385,45.44166504154302,3759,False
8.474252821|45.441665042,677,ricept_677,8.47425282102536,45.44166504154302,3760,False
8.48612984|45.441665042,678,ricept_678,8.486129839695328,45.44166504154302,3761,False
8.498006858|45.441665042,679,ricept_679,8.498006858365303,45.44166504154302,3762,False
8.509883877|45.441665042,680,ricept_680,8.509883877035275,45.44166504154302,3763,False
8.521760896|45.441665042,681,ricept_681,8.521760895705247,45.44166504154302,3764,False
8.533637914|45.441665042,682,ricept_682,8.53363791437522,45.44166504154302,3765,False
8.545514933|45.441665042,683,ricept_683,8.545514933045192,45.44166504154302,3766,False
8.557391952|45.441665042,684,ricept_684,8.557391951715164,45.44166504154302,3767,False
8.56926897|45.441665042,685,ricept_685,8.569268970385137,45.44166504154302,3768,False
8.581145989|45.441665042,686,ricept_686,8.58114598905511,45.44166504154302,3769,False
8.593023008|45.441665042,687,ricept_687,8.593023007725083,45.44166504154302,3770,False
8.652408101|45.441665042,688,ricept_688,8.652408101074943,45.44166504154302,3771,False
8.66428512|45.441665042,689,ricept_689,8.664285119744918,45.44166504154302,3772,False
8.676162138|45.441665042,690,ricept_690,8.67616213841489,45.44166504154302,3773,False
8.688039157|45.441665042,691,ricept_691,8.688039157084862,45.44166504154302,3774,False
8.699916176|45.441665042,692,ricept_692,8.699916175754835,45.44166504154302,3775,False
8.711793194|45.441665042,693,ricept_693,8.711793194424807,45.44166504154302,3776,False
8.723670213|45.441665042,694,ricept_694,8.72367021309478,45.44166504154302,3777,False
8.735547232|45.441665042,695,ricept_695,8.735547231764752,45.44166504154302,3778,False
8.74742425|45.441665042,696,ricept_696,8.747424250434726,45.44166504154302,3779,False
8.759301269|45.441665042,697,ricept_697,8.759301269104697,45.44166504154302,3780,False
8.771178288|45.441665042,4272,ricept_4272,8.771178287774669,45.44166504154302,3781,False
8.783055306|45.441665042,698,ricept_698,8.783055306444641,45.44166504154302,3782,False
8.794932325|45.441665042,8175,ricept_8175,8.794932325114614,45.44166504154302,3783,False
8.973087605|45.441665042,14578,ricept_14578,8.973087605164203,45.44166504154302,3784,False
8.996841643|45.441665042,14579,ricept_14579,8.996841642504144,45.44166504154302,3785,False
9.008718661|45.441665042,14580,ricept_14580,9.00871866117412,45.44166504154302,3786,False
9.02059568|45.441665042,3158,ricept_3158,9.020595679844092,45.44166504154302,3787,False
9.032472699|45.441665042,6972,ricept_6972,9.032472698514065,45.44166504154302,3788,False
9.079980773|45.441665042,14583,ricept_14583,9.079980773193954,45.44166504154302,3789,False
8.131020349|45.449998375,33266,ricept_33266,8.131020348829315,45.44999837457832,3790,False
8.142899122|45.449998375,113,ricept_113,8.142899122165808,45.44999837457832,3791,False
8.154777896|45.449998375,114,ricept_114,8.154777895502301,45.44999837457832,3792,False
8.166656669|45.449998375,115,ricept_115,8.166656668838796,45.44999837457832,3793,False
8.178535442|45.449998375,116,ricept_116,8.178535442175287,45.44999837457832,3794,False
8.190414216|45.449998375,117,ricept_117,8.19041421551178,45.44999837457832,3795,False
8.202292989|45.449998375,118,ricept_118,8.20229298884827,45.44999837457832,3796,False
8.214171762|45.449998375,119,ricept_119,8.214171762184764,45.44999837457832,3797,False
8.226050536|45.449998375,120,ricept_120,8.226050535521258,45.44999837457832,3798,False
8.237929309|45.449998375,121,ricept_121,8.237929308857751,45.44999837457832,3799,False
8.249808082|45.449998375,122,ricept_122,8.249808082194244,45.44999837457832,3800,False
8.261686856|45.449998375,123,ricept_123,8.261686855530735,45.44999837457832,3801,False
8.273565629|45.449998375,124,ricept_124,8.273565628867228,45.44999837457832,3802,False
8.285444402|45.449998375,125,ricept_125,8.285444402203721,45.44999837457832,3803,False
8.297323176|45.449998375,126,ricept_126,8.297323175540216,45.44999837457832,3804,False
8.309201949|45.449998375,127,ricept_127,8.309201948876709,45.44999837457832,3805,False
8.321080722|45.449998375,128,ricept_128,8.321080722213201,45.44999837457832,3806,False
8.332959496|45.449998375,129,ricept_129,8.332959495549694,45.44999837457832,3807,False
8.344838269|45.449998375,130,ricept_130,8.344838268886186,45.44999837457832,3808,False
8.356717042|45.449998375,131,ricept_131,8.356717042222678,45.44999837457832,3809,False
8.368595816|45.449998375,132,ricept_132,8.368595815559173,45.44999837457832,3810,False
8.380474589|45.449998375,133,ricept_133,8.380474588895666,45.44999837457832,3811,False
8.416110909|45.449998375,699,ricept_699,8.416110908905143,45.44999837457832,3812,False
8.427989682|45.449998375,700,ricept_700,8.427989682241636,45.44999837457832,3813,False
8.439868456|45.449998375,701,ricept_701,8.439868455578127,45.44999837457832,3814,False
8.451747229|45.449998375,702,ricept_702,8.45174722891462,45.44999837457832,3815,False
8.463626002|45.449998375,703,ricept_703,8.463626002251113,45.44999837457832,3816,False
8.475504776|45.449998375,704,ricept_704,8.475504775587607,45.44999837457832,3817,False
8.487383549|45.449998375,705,ricept_705,8.487383548924099,45.44999837457832,3818,False
8.499262322|45.449998375,706,ricept_706,8.499262322260591,45.44999837457832,3819,False
8.511141096|45.449998375,707,ricept_707,8.511141095597084,45.44999837457832,3820,False
8.523019869|45.449998375,708,ricept_708,8.523019868933577,45.44999837457832,3821,False
8.534898642|45.449998375,709,ricept_709,8.53489864227007,45.44999837457832,3822,False
8.546777416|45.449998375,710,ricept_710,8.546777415606565,45.44999837457832,3823,False
8.558656189|45.449998375,711,ricept_711,8.558656188943056,45.44999837457832,3824,False
8.582413736|45.449998375,712,ricept_712,8.582413735616042,45.44999837457832,3825,False
8.653686376|45.449998375,713,ricept_713,8.653686375634999,45.44999837457832,3826,False
8.665565149|45.449998375,714,ricept_714,8.66556514897149,45.44999837457832,3827,False
8.677443922|45.449998375,715,ricept_715,8.677443922307985,45.44999837457832,3828,False
8.689322696|45.449998375,716,ricept_716,8.689322695644478,45.44999837457832,3829,False
8.701201469|45.449998375,717,ricept_717,8.701201468980969,45.44999837457832,3830,False
8.713080242|45.449998375,718,ricept_718,8.713080242317462,45.44999837457832,3831,False
8.724959016|45.449998375,719,ricept_719,8.724959015653955,45.44999837457832,3832,False
8.736837789|45.449998375,720,ricept_720,8.736837788990448,45.44999837457832,3833,False
8.748716562|45.449998375,721,ricept_721,8.74871656232694,45.44999837457832,3834,False
8.760595336|45.449998375,722,ricept_722,8.760595335663433,45.44999837457832,3835,False
8.772474109|45.449998375,723,ricept_723,8.772474108999926,45.44999837457832,3836,False
8.974413256|45.449998375,3159,ricept_3159,8.974413255720304,45.44999837457832,3837,False
8.986292029|45.449998375,6974,ricept_6974,8.986292029056797,45.44999837457832,3838,False
9.010049576|45.449998375,3160,ricept_3160,9.010049575729782,45.44999837457832,3839,False
9.021928349|45.449998375,3161,ricept_3161,9.021928349066275,45.44999837457832,3840,False
9.045685896|45.449998375,14586,ricept_14586,9.04568589573926,45.44999837457832,3841,False
8.120341416|45.458331708,11209,ricept_11209,8.120341416279333,45.45833170761364,3842,False
8.132221945|45.458331708,3677,ricept_3677,8.132221945052235,45.45833170761364,3843,False
8.144102474|45.458331708,134,ricept_134,8.14410247382514,45.45833170761364,3844,False
8.155983003|45.458331708,135,ricept_135,8.155983002598042,45.45833170761364,3845,False
8.167863531|45.458331708,136,ricept_136,8.167863531370946,45.45833170761364,3846,False
8.17974406|45.458331708,137,ricept_137,8.17974406014385,45.45833170761364,3847,False
8.191624589|45.458331708,138,ricept_138,8.191624588916751,45.45833170761364,3848,False
8.203505118|45.458331708,139,ricept_139,8.203505117689655,45.45833170761364,3849,False
8.215385646|45.458331708,140,ricept_140,8.215385646462558,45.45833170761364,3850,False
8.227266175|45.458331708,141,ricept_141,8.227266175235462,45.45833170761364,3851,False
8.239146704|45.458331708,142,ricept_142,8.239146704008366,45.45833170761364,3852,False
8.251027233|45.458331708,143,ricept_143,8.251027232781269,45.45833170761364,3853,False
8.27478829|45.458331708,144,ricept_144,8.274788290327074,45.45833170761364,3854,False
8.286668819|45.458331708,3689,ricept_3689,8.286668819099976,45.45833170761364,3855,False
8.298549348|45.458331708,145,ricept_145,8.298549347872882,45.45833170761364,3856,False
8.310429877|45.458331708,146,ricept_146,8.310429876645784,45.45833170761364,3857,False
8.322310405|45.458331708,147,ricept_147,8.322310405418687,45.45833170761364,3858,False
8.334190934|45.458331708,148,ricept_148,8.334190934191591,45.45833170761364,3859,False
8.346071463|45.458331708,149,ricept_149,8.346071462964492,45.45833170761364,3860,False
8.357951992|45.458331708,150,ricept_150,8.357951991737396,45.45833170761364,3861,False
8.369832521|45.458331708,151,ricept_151,8.3698325205103,45.45833170761364,3862,False
8.381713049|45.458331708,152,ricept_152,8.381713049283203,45.45833170761364,3863,False
8.417354636|45.458331708,724,ricept_724,8.417354635601912,45.45833170761364,3864,False
8.429235164|45.458331708,725,ricept_725,8.429235164374816,45.45833170761364,3865,False
8.441115693|45.458331708,726,ricept_726,8.441115693147719,45.45833170761364,3866,False
8.452996222|45.458331708,727,ricept_727,8.452996221920621,45.45833170761364,3867,False
8.464876751|45.458331708,728,ricept_728,8.464876750693525,45.45833170761364,3868,False
8.476757279|45.458331708,729,ricept_729,8.47675727946643,45.45833170761364,3869,False
8.488637808|45.458331708,730,ricept_730,8.48863780823933,45.45833170761364,3870,False
8.500518337|45.458331708,731,ricept_731,8.500518337012235,45.45833170761364,3871,False
8.512398866|45.458331708,732,ricept_732,8.512398865785137,45.45833170761364,3872,False
8.524279395|45.458331708,733,ricept_733,8.524279394558041,45.45833170761364,3873,False
8.536159923|45.458331708,734,ricept_734,8.536159923330944,45.45833170761364,3874,False
8.548040452|45.458331708,735,ricept_735,8.548040452103848,45.45833170761364,3875,False
8.559920981|45.458331708,736,ricept_736,8.55992098087675,45.45833170761364,3876,False
8.57180151|45.458331708,737,ricept_737,8.571801509649653,45.45833170761364,3877,False
8.583682038|45.458331708,738,ricept_738,8.583682038422557,45.45833170761364,3878,False
8.595562567|45.458331708,739,ricept_739,8.59556256719546,45.45833170761364,3879,False
8.607443096|45.458331708,740,ricept_740,8.607443095968362,45.45833170761364,3880,False
8.654965211|45.458331708,741,ricept_741,8.654965211059976,45.45833170761364,3881,False
8.66684574|45.458331708,742,ricept_742,8.666845739832878,45.45833170761364,3882,False
8.690606797|45.458331708,743,ricept_743,8.690606797378686,45.45833170761364,3883,False
8.702487326|45.458331708,744,ricept_744,8.702487326151587,45.45833170761364,3884,False
8.714367855|45.458331708,745,ricept_745,8.714367854924491,45.45833170761364,3885,False
8.726248384|45.458331708,746,ricept_746,8.726248383697396,45.45833170761364,3886,False
8.738128912|45.458331708,747,ricept_747,8.738128912470298,45.45833170761364,3887,False
8.750009441|45.458331708,748,ricept_748,8.750009441243202,45.45833170761364,3888,False
8.76188997|45.458331708,749,ricept_749,8.761889970016105,45.45833170761364,3889,False
8.975739488|45.458331708,18494,ricept_18494,8.975739487928363,45.45833170761364,3890,False
9.023261603|45.458331708,6977,ricept_6977,9.023261603019977,45.45833170761364,3891,False
9.035142132|45.458331708,6978,ricept_6978,9.03514213179288,45.45833170761364,3892,False
9.047022661|45.458331708,14589,ricept_14589,9.047022660565782,45.45833170761364,3893,False
8.109659499|45.466665041,153,ricept_153,8.109659498590192,45.46666504064895,3894,False
8.121541784|45.466665041,154,ricept_154,8.12154178356981,45.46666504064895,3895,False
8.145306354|45.466665041,155,ricept_155,8.14530635352905,45.46666504064895,3896,False
8.157188639|45.466665041,156,ricept_156,8.157188638508668,45.46666504064895,3897,False
8.169070923|45.466665041,157,ricept_157,8.169070923488288,45.46666504064895,3898,False
8.180953208|45.466665041,158,ricept_158,8.180953208467908,45.46666504064895,3899,False
8.192835493|45.466665041,159,ricept_159,8.192835493447525,45.46666504064895,3900,False
8.204717778|45.466665041,160,ricept_160,8.204717778427145,45.46666504064895,3901,False
8.216600063|45.466665041,161,ricept_161,8.216600063406766,45.46666504064895,3902,False
8.228482348|45.466665041,162,ricept_162,8.228482348386386,45.46666504064895,3903,False
8.240364633|45.466665041,163,ricept_163,8.240364633366005,45.46666504064895,3904,False
8.252246918|45.466665041,3707,ricept_3707,8.252246918345623,45.46666504064895,3905,False
8.264129203|45.466665041,164,ricept_164,8.264129203325242,45.46666504064895,3906,False
8.276011488|45.466665041,3709,ricept_3709,8.27601148830486,45.46666504064895,3907,False
8.299776058|45.466665041,3710,ricept_3710,8.299776058264102,45.46666504064895,3908,False
8.311658343|45.466665041,165,ricept_165,8.311658343243721,45.46666504064895,3909,False
8.323540628|45.466665041,166,ricept_166,8.32354062822334,45.46666504064895,3910,False
8.335422913|45.466665041,167,ricept_167,8.335422913202958,45.46666504064895,3911,False
8.347305198|45.466665041,168,ricept_168,8.347305198182577,45.46666504064895,3912,False
8.359187483|45.466665041,169,ricept_169,8.359187483162195,45.46666504064895,3913,False
8.371069768|45.466665041,170,ricept_170,8.371069768141815,45.46666504064895,3914,False
8.382952053|45.466665041,171,ricept_171,8.382952053121437,45.46666504064895,3915,False
8.418598908|45.466665041,4324,ricept_4324,8.418598908060293,45.46666504064895,3916,False
8.430481193|45.466665041,750,ricept_750,8.430481193039913,45.46666504064895,3917,False
8.442363478|45.466665041,751,ricept_751,8.442363478019532,45.46666504064895,3918,False
8.454245763|45.466665041,752,ricept_752,8.45424576299915,45.46666504064895,3919,False
8.466128048|45.466665041,753,ricept_753,8.466128047978772,45.46666504064895,3920,False
8.478010333|45.466665041,754,ricept_754,8.478010332958393,45.46666504064895,3921,False
8.489892618|45.466665041,755,ricept_755,8.48989261793801,45.46666504064895,3922,False
8.501774903|45.466665041,756,ricept_756,8.50177490291763,45.46666504064895,3923,False
8.513657188|45.466665041,757,ricept_757,8.513657187897248,45.46666504064895,3924,False
8.525539473|45.466665041,758,ricept_758,8.525539472876867,45.46666504064895,3925,False
8.537421758|45.466665041,4334,ricept_4334,8.537421757856487,45.46666504064895,3926,False
8.549304043|45.466665041,4335,ricept_4335,8.549304042836107,45.46666504064895,3927,False
8.561186328|45.466665041,759,ricept_759,8.561186327815726,45.46666504064895,3928,False
8.573068613|45.466665041,760,ricept_760,8.573068612795344,45.46666504064895,3929,False
8.584950898|45.466665041,761,ricept_761,8.584950897774965,45.46666504064895,3930,False
8.596833183|45.466665041,762,ricept_762,8.596833182754583,45.46666504064895,3931,False
8.608715468|45.466665041,763,ricept_763,8.608715467734202,45.46666504064895,3932,False
8.632480038|45.466665041,764,ricept_764,8.632480037693442,45.46666504064895,3933,False
8.644362323|45.466665041,765,ricept_765,8.64436232267306,45.46666504064895,3934,False
8.656244608|45.466665041,766,ricept_766,8.656244607652681,45.46666504064895,3935,False
8.668126893|45.466665041,767,ricept_767,8.6681268926323,45.46666504064895,3936,False
8.680009178|45.466665041,768,ricept_768,8.68000917761192,45.46666504064895,3937,False
8.691891463|45.466665041,769,ricept_769,8.691891462591538,45.46666504064895,3938,False
8.703773748|45.466665041,770,ricept_770,8.703773747571157,45.46666504064895,3939,False
8.727538318|45.466665041,771,ricept_771,8.727538317530396,45.46666504064895,3940,False
8.739420603|45.466665041,772,ricept_772,8.739420602510016,45.46666504064895,3941,False
8.751302887|45.466665041,4349,ricept_4349,8.751302887489636,45.46666504064895,3942,False
8.763185172|45.466665041,4350,ricept_4350,8.763185172469255,45.46666504064895,3943,False
9.036477727|45.466665041,10677,ricept_10677,9.0364777270005,45.46666504064895,3944,False
8.110858636|45.474998374,172,ricept_172,8.11085863569152,45.47499837368425,3945,False
8.122742678|45.474998374,3719,ricept_3719,8.122742677648574,45.47499837368425,3946,False
8.146510762|45.474998374,173,ricept_173,8.14651076156269,45.47499837368425,3947,False
8.158394804|45.474998374,174,ricept_174,8.158394803519746,45.47499837368425,3948,False
8.170278845|45.474998374,175,ricept_175,8.170278845476805,45.47499837368425,3949,False
8.182162887|45.474998374,176,ricept_176,8.182162887433863,45.47499837368425,3950,False
8.194046929|45.474998374,3724,ricept_3724,8.194046929390918,45.47499837368425,3951,False
8.205930971|45.474998374,3725,ricept_3725,8.205930971347977,45.47499837368425,3952,False
8.217815013|45.474998374,3726,ricept_3726,8.217815013305033,45.47499837368425,3953,False
8.229699055|45.474998374,177,ricept_177,8.22969905526209,45.47499837368425,3954,False
8.241583097|45.474998374,178,ricept_178,8.241583097219147,45.47499837368425,3955,False
8.253467139|45.474998374,179,ricept_179,8.253467139176205,45.47499837368425,3956,False
8.265351181|45.474998374,180,ricept_180,8.26535118113326,45.47499837368425,3957,False
8.312887349|45.474998374,3731,ricept_3731,8.31288734896149,45.47499837368425,3958,False
8.324771391|45.474998374,181,ricept_181,8.324771390918547,45.47499837368425,3959,False
8.336655433|45.474998374,182,ricept_182,8.336655432875606,45.47499837368425,3960,False
8.348539475|45.474998374,183,ricept_183,8.348539474832661,45.47499837368425,3961,False
8.360423517|45.474998374,184,ricept_184,8.36042351678972,45.47499837368425,3962,False
8.372307559|45.474998374,185,ricept_185,8.372307558746776,45.47499837368425,3963,False
8.384191601|45.474998374,186,ricept_186,8.384191600703833,45.47499837368425,3964,False
8.419843727|45.474998374,773,ricept_773,8.419843726575003,45.47499837368425,3965,False
8.431727769|45.474998374,774,ricept_774,8.431727768532062,45.47499837368425,3966,False
8.44361181|45.474998374,775,ricept_775,8.44361181048912,45.47499837368425,3967,False
8.455495852|45.474998374,776,ricept_776,8.455495852446177,45.47499837368425,3968,False
8.467379894|45.474998374,777,ricept_777,8.467379894403233,45.47499837368425,3969,False
8.479263936|45.474998374,778,ricept_778,8.479263936360292,45.47499837368425,3970,False
8.491147978|45.474998374,779,ricept_779,8.491147978317347,45.47499837368425,3971,False
8.50303202|45.474998374,780,ricept_780,8.503032020274405,45.47499837368425,3972,False
8.514916062|45.474998374,781,ricept_781,8.514916062231462,45.47499837368425,3973,False
8.526800104|45.474998374,782,ricept_782,8.526800104188519,45.47499837368425,3974,False
8.538684146|45.474998374,783,ricept_783,8.538684146145576,45.47499837368425,3975,False
8.550568188|45.474998374,784,ricept_784,8.550568188102634,45.47499837368425,3976,False
8.56245223|45.474998374,785,ricept_785,8.56245223005969,45.47499837368425,3977,False
8.574336272|45.474998374,786,ricept_786,8.574336272016748,45.47499837368425,3978,False
8.598104356|45.474998374,787,ricept_787,8.598104355930863,45.47499837368425,3979,False
8.62187244|45.474998374,788,ricept_788,8.621872439844978,45.47499837368425,3980,False
8.633756482|45.474998374,789,ricept_789,8.633756481802035,45.47499837368425,3981,False
8.645640524|45.474998374,790,ricept_790,8.645640523759091,45.47499837368425,3982,False
8.657524566|45.474998374,4368,ricept_4368,8.657524565716148,45.47499837368425,3983,False
8.669408608|45.474998374,791,ricept_791,8.669408607673205,45.47499837368425,3984,False
8.68129265|45.474998374,792,ricept_792,8.681292649630263,45.47499837368425,3985,False
8.705060734|45.474998374,793,ricept_793,8.705060733544377,45.47499837368425,3986,False
8.716944776|45.474998374,794,ricept_794,8.716944775501434,45.47499837368425,3987,False
8.728828817|45.474998374,795,ricept_795,8.72882881745849,45.47499837368425,3988,False
8.740712859|45.474998374,4374,ricept_4374,8.740712859415549,45.47499837368425,3989,False
8.147715698|45.483331707,187,ricept_187,8.14771569821143,45.48333170671956,3990,False
8.159601498|45.483331707,3739,ricept_3739,8.159601497917063,45.48333170671956,3991,False
8.171487298|45.483331707,3740,ricept_3740,8.171487297622697,45.48333170671956,3992,False
8.183373097|45.483331707,3741,ricept_3741,8.18337309732833,45.48333170671956,3993,False
8.219030496|45.483331707,188,ricept_188,8.219030496445228,45.48333170671956,3994,False
8.230916296|45.483331707,189,ricept_189,8.230916296150863,45.48333170671956,3995,False
8.242802096|45.483331707,190,ricept_190,8.242802095856494,45.48333170671956,3996,False
8.254687896|45.483331707,191,ricept_191,8.254687895562126,45.48333170671956,3997,False
8.266573695|45.483331707,192,ricept_192,8.266573695267759,45.48333170671956,3998,False
8.278459495|45.483331707,193,ricept_193,8.278459494973392,45.48333170671956,3999,False
8.290345295|45.483331707,194,ricept_194,8.290345294679025,45.48333170671956,4000,False
8.314116894|45.483331707,195,ricept_195,8.314116894090292,45.48333170671956,4001,False
8.326002694|45.483331707,196,ricept_196,8.326002693795925,45.48333170671956,4002,False
8.337888494|45.483331707,197,ricept_197,8.33788849350156,45.48333170671956,4003,False
8.349774293|45.483331707,198,ricept_198,8.34977429320719,45.48333170671956,4004,False
8.361660093|45.483331707,199,ricept_199,8.361660092912823,45.48333170671956,4005,False
8.373545893|45.483331707,200,ricept_200,8.373545892618457,45.48333170671956,4006,False
8.385431692|45.483331707,201,ricept_201,8.38543169232409,45.48333170671956,4007,False
8.421089091|45.483331707,11915,ricept_11915,8.421089091440987,45.48333170671956,4008,False
8.432974891|45.483331707,796,ricept_796,8.432974891146621,45.48333170671956,4009,False
8.444860691|45.483331707,797,ricept_797,8.444860690852256,45.48333170671956,4010,False
8.456746491|45.483331707,798,ricept_798,8.456746490557888,45.48333170671956,4011,False
8.46863229|45.483331707,799,ricept_799,8.468632290263521,45.48333170671956,4012,False
8.48051809|45.483331707,800,ricept_800,8.480518089969156,45.48333170671956,4013,False
8.49240389|45.483331707,801,ricept_801,8.492403889674787,45.48333170671956,4014,False
8.504289689|45.483331707,802,ricept_802,8.504289689380421,45.48333170671956,4015,False
8.516175489|45.483331707,803,ricept_803,8.516175489086054,45.48333170671956,4016,False
8.528061289|45.483331707,804,ricept_804,8.528061288791687,45.48333170671956,4017,False
8.539947088|45.483331707,805,ricept_805,8.53994708849732,45.48333170671956,4018,False
8.551832888|45.483331707,806,ricept_806,8.551832888202952,45.48333170671956,4019,False
8.563718688|45.483331707,807,ricept_807,8.563718687908585,45.48333170671956,4020,False
8.575604488|45.483331707,808,ricept_808,8.575604487614218,45.48333170671956,4021,False
8.587490287|45.483331707,809,ricept_809,8.58749028731985,45.48333170671956,4022,False
8.599376087|45.483331707,810,ricept_810,8.599376087025483,45.48333170671956,4023,False
8.611261887|45.483331707,811,ricept_811,8.611261886731118,45.48333170671956,4024,False
8.623147686|45.483331707,812,ricept_812,8.62314768643675,45.48333170671956,4025,False
8.635033486|45.483331707,4392,ricept_4392,8.635033486142383,45.48333170671956,4026,False
8.646919286|45.483331707,813,ricept_813,8.646919285848016,45.48333170671956,4027,False
8.658805086|45.483331707,814,ricept_814,8.658805085553649,45.48333170671956,4028,False
8.670690885|45.483331707,4395,ricept_4395,8.670690885259283,45.48333170671956,4029,False
8.682576685|45.483331707,815,ricept_815,8.682576684964916,45.48333170671956,4030,False
8.718234084|45.483331707,4397,ricept_4397,8.718234084081812,45.48333170671956,4031,False
8.730119884|45.483331707,8300,ricept_8300,8.730119883787447,45.48333170671956,4032,False
8.148921164|45.49166504,3754,ricept_3754,8.148921163760852,45.49166503975487,4033,False
8.160808722|45.49166504,11288,ricept_11288,8.160808721986616,45.49166503975487,4034,False
8.220246513|45.49166504,3755,ricept_3755,8.220246513115432,45.49166503975487,4035,False
8.232134071|45.49166504,3756,ricept_3756,8.232134071341196,45.49166503975487,4036,False
8.24402163|45.49166504,202,ricept_202,8.24402162956696,45.49166503975487,4037,False
8.255909188|45.49166504,203,ricept_203,8.255909187792723,45.49166503975487,4038,False
8.267796746|45.49166504,204,ricept_204,8.267796746018487,45.49166503975487,4039,False
8.279684304|45.49166504,205,ricept_205,8.27968430424425,45.49166503975487,4040,False
8.291571862|45.49166504,206,ricept_206,8.291571862470013,45.49166503975487,4041,False
8.303459421|45.49166504,207,ricept_207,8.303459420695777,45.49166503975487,4042,False
8.315346979|45.49166504,208,ricept_208,8.315346978921541,45.49166503975487,4043,False
8.327234537|45.49166504,209,ricept_209,8.327234537147305,45.49166503975487,4044,False
8.339122095|45.49166504,210,ricept_210,8.339122095373067,45.49166503975487,4045,False
8.351009654|45.49166504,211,ricept_211,8.35100965359883,45.49166503975487,4046,False
8.362897212|45.49166504,212,ricept_212,8.362897211824594,45.49166503975487,4047,False
8.37478477|45.49166504,213,ricept_213,8.37478477005036,45.49166503975487,4048,False
8.386672328|45.49166504,214,ricept_214,8.386672328276122,45.49166503975487,4049,False
8.422335003|45.49166504,816,ricept_816,8.42233500295341,45.49166503975487,4050,False
8.434222561|45.49166504,817,ricept_817,8.434222561179176,45.49166503975487,4051,False
8.446110119|45.49166504,818,ricept_818,8.44611011940494,45.49166503975487,4052,False
8.457997678|45.49166504,819,ricept_819,8.457997677630702,45.49166503975487,4053,False
8.469885236|45.49166504,820,ricept_820,8.469885235856465,45.49166503975487,4054,False
8.481772794|45.49166504,4403,ricept_4403,8.48177279408223,45.49166503975487,4055,False
8.493660352|45.49166504,821,ricept_821,8.493660352307993,45.49166503975487,4056,False
8.505547911|45.49166504,822,ricept_822,8.505547910533755,45.49166503975487,4057,False
8.517435469|45.49166504,823,ricept_823,8.517435468759519,45.49166503975487,4058,False
8.529323027|45.49166504,824,ricept_824,8.529323026985283,45.49166503975487,4059,False
8.541210585|45.49166504,825,ricept_825,8.541210585211047,45.49166503975487,4060,False
8.553098143|45.49166504,826,ricept_826,8.553098143436811,45.49166503975487,4061,False
8.564985702|45.49166504,827,ricept_827,8.564985701662573,45.49166503975487,4062,False
8.57687326|45.49166504,828,ricept_828,8.576873259888337,45.49166503975487,4063,False
8.588760818|45.49166504,829,ricept_829,8.5887608181141,45.49166503975487,4064,False
8.600648376|45.49166504,830,ricept_830,8.600648376339864,45.49166503975487,4065,False
8.612535935|45.49166504,831,ricept_831,8.612535934565628,45.49166503975487,4066,False
8.624423493|45.49166504,832,ricept_832,8.62442349279139,45.49166503975487,4067,False
8.648198609|45.49166504,833,ricept_833,8.648198609242918,45.49166503975487,4068,False
8.660086167|45.49166504,834,ricept_834,8.660086167468682,45.49166503975487,4069,False
8.671973726|45.49166504,835,ricept_835,8.671973725694444,45.49166503975487,4070,False
8.683861284|45.49166504,836,ricept_836,8.683861283920209,45.49166503975487,4071,False
8.695748842|45.49166504,4418,ricept_4418,8.695748842145973,45.49166503975487,4072,False
8.7076364|45.49166504,4419,ricept_4419,8.707636400371735,45.49166503975487,4073,False
8.719523959|45.49166504,8323,ricept_8323,8.719523958597497,45.49166503975487,4074,False
8.221463064|45.499998373,11304,ricept_11304,8.22146306360395,45.49999837279019,4075,False
8.245241699|45.499998373,3770,ricept_3770,8.245241698639681,45.49999837279019,4076,False
8.257131016|45.499998373,3771,ricept_3771,8.257131016157548,45.49999837279019,4077,False
8.269020334|45.499998373,215,ricept_215,8.269020333675412,45.49999837279019,4078,False
8.280909651|45.499998373,216,ricept_216,8.280909651193276,45.49999837279019,4079,False
8.292798969|45.499998373,217,ricept_217,8.292798968711143,45.49999837279019,4080,False
8.304688286|45.499998373,218,ricept_218,8.304688286229009,45.49999837279019,4081,False
8.316577604|45.499998373,219,ricept_219,8.316577603746873,45.49999837279019,4082,False
8.328466921|45.499998373,220,ricept_220,8.32846692126474,45.49999837279019,4083,False
8.340356239|45.499998373,221,ricept_221,8.340356238782606,45.49999837279019,4084,False
8.352245556|45.499998373,222,ricept_222,8.35224555630047,45.49999837279019,4085,False
8.364134874|45.499998373,223,ricept_223,8.364134873818335,45.49999837279019,4086,False
8.376024191|45.499998373,224,ricept_224,8.376024191336201,45.49999837279019,4087,False
8.387913509|45.499998373,3782,ricept_3782,8.387913508854066,45.49999837279019,4088,False
8.411692144|45.499998373,4420,ricept_4420,8.411692143889798,45.49999837279019,4089,False
8.423581461|45.499998373,837,ricept_837,8.423581461407663,45.49999837279019,4090,False
8.435470779|45.499998373,838,ricept_838,8.435470778925529,45.49999837279019,4091,False
8.447360096|45.499998373,839,ricept_839,8.447360096443393,45.49999837279019,4092,False
8.459249414|45.499998373,840,ricept_840,8.459249413961258,45.49999837279019,4093,False
8.471138731|45.499998373,841,ricept_841,8.471138731479124,45.49999837279019,4094,False
8.483028049|45.499998373,842,ricept_842,8.483028048996992,45.49999837279019,4095,False
8.494917367|45.499998373,843,ricept_843,8.494917366514855,45.49999837279019,4096,False
8.506806684|45.499998373,844,ricept_844,8.506806684032721,45.49999837279019,4097,False
8.518696002|45.499998373,845,ricept_845,8.518696001550586,45.49999837279019,4098,False
8.530585319|45.499998373,846,ricept_846,8.530585319068452,45.49999837279019,4099,False
8.542474637|45.499998373,847,ricept_847,8.542474636586316,45.49999837279019,4100,False
8.554363954|45.499998373,848,ricept_848,8.554363954104184,45.49999837279019,4101,False
8.566253272|45.499998373,849,ricept_849,8.566253271622049,45.49999837279019,4102,False
8.578142589|45.499998373,850,ricept_850,8.578142589139913,45.49999837279019,4103,False
8.590031907|45.499998373,851,ricept_851,8.590031906657778,45.49999837279019,4104,False
8.601921224|45.499998373,852,ricept_852,8.601921224175644,45.49999837279019,4105,False
8.613810542|45.499998373,853,ricept_853,8.61381054169351,45.49999837279019,4106,False
8.625699859|45.499998373,854,ricept_854,8.625699859211377,45.49999837279019,4107,False
8.637589177|45.499998373,855,ricept_855,8.637589176729241,45.49999837279019,4108,False
8.649478494|45.499998373,856,ricept_856,8.649478494247106,45.49999837279019,4109,False
8.673257129|45.499998373,11981,ricept_11981,8.673257129282836,45.49999837279019,4110,False
8.685146447|45.499998373,857,ricept_857,8.685146446800703,45.49999837279019,4111,False
8.222680148|45.508331706,11317,ricept_11317,8.222680148199302,45.50833170582548,4112,False
8.246462303|45.508331706,225,ricept_225,8.246462303364014,45.50833170582548,4113,False
8.270244459|45.508331706,226,ricept_226,8.270244458528726,45.50833170582548,4114,False
8.282135536|45.508331706,227,ricept_227,8.282135536111083,45.50833170582548,4115,False
8.294026614|45.508331706,228,ricept_228,8.294026613693438,45.50833170582548,4116,False
8.305917691|45.508331706,229,ricept_229,8.305917691275795,45.50833170582548,4117,False
8.317808769|45.508331706,230,ricept_230,8.317808768858152,45.50833170582548,4118,False
8.329699846|45.508331706,231,ricept_231,8.329699846440509,45.50833170582548,4119,False
8.341590924|45.508331706,232,ricept_232,8.341590924022865,45.50833170582548,4120,False
8.353482002|45.508331706,233,ricept_233,8.353482001605219,45.50833170582548,4121,False
8.365373079|45.508331706,234,ricept_234,8.365373079187576,45.50833170582548,4122,False
8.377264157|45.508331706,235,ricept_235,8.377264156769932,45.50833170582548,4123,False
8.389155234|45.508331706,11328,ricept_11328,8.38915523435229,45.50833170582548,4124,False
8.41293739|45.508331706,858,ricept_858,8.412937389517001,45.50833170582548,4125,False
8.424828467|45.508331706,4442,ricept_4442,8.424828467099356,45.50833170582548,4126,False
8.436719545|45.508331706,859,ricept_859,8.436719544681715,45.50833170582548,4127,False
8.448610622|45.508331706,860,ricept_860,8.44861062226407,45.50833170582548,4128,False
8.4605017|45.508331706,861,ricept_861,8.460501699846425,45.50833170582548,4129,False
8.472392777|45.508331706,862,ricept_862,8.472392777428782,45.50833170582548,4130,False
8.484283855|45.508331706,863,ricept_863,8.48428385501114,45.50833170582548,4131,False
8.496174933|45.508331706,864,ricept_864,8.496174932593494,45.50833170582548,4132,False
8.50806601|45.508331706,865,ricept_865,8.50806601017585,45.50833170582548,4133,False
8.519957088|45.508331706,866,ricept_866,8.519957087758206,45.50833170582548,4134,False
8.531848165|45.508331706,867,ricept_867,8.531848165340563,45.50833170582548,4135,False
8.543739243|45.508331706,868,ricept_868,8.54373924292292,45.50833170582548,4136,False
8.555630321|45.508331706,869,ricept_869,8.555630320505278,45.50833170582548,4137,False
8.567521398|45.508331706,870,ricept_870,8.567521398087631,45.50833170582548,4138,False
8.579412476|45.508331706,871,ricept_871,8.579412475669987,45.50833170582548,4139,False
8.591303553|45.508331706,872,ricept_872,8.591303553252343,45.50833170582548,4140,False
8.603194631|45.508331706,873,ricept_873,8.6031946308347,45.50833170582548,4141,False
8.615085708|45.508331706,874,ricept_874,8.615085708417057,45.50833170582548,4142,False
8.626976786|45.508331706,875,ricept_875,8.626976785999412,45.50833170582548,4143,False
8.638867864|45.508331706,876,ricept_876,8.638867863581769,45.50833170582548,4144,False
8.650758941|45.508331706,4461,ricept_4461,8.650758941164124,45.50833170582548,4145,False
8.686432174|45.508331706,877,ricept_877,8.686432173911195,45.50833170582548,4146,False
8.698323251|45.508331706,12005,ricept_12005,8.69832325149355,45.50833170582548,4147,False
8.247683444|45.516665039,236,ricept_236,8.247683444029539,45.5166650388608,4148,False
8.259576282|45.516665039,237,ricept_237,8.259576282449194,45.5166650388608,4149,False
8.271469121|45.516665039,238,ricept_238,8.271469120868845,45.5166650388608,4150,False
8.283361959|45.516665039,239,ricept_239,8.283361959288499,45.5166650388608,4151,False
8.295254798|45.516665039,240,ricept_240,8.295254797708152,45.5166650388608,4152,False
8.307147636|45.516665039,241,ricept_241,8.307147636127807,45.5166650388608,4153,False
8.319040475|45.516665039,242,ricept_242,8.31904047454746,45.5166650388608,4154,False
8.330933313|45.516665039,243,ricept_243,8.330933312967113,45.5166650388608,4155,False
8.342826151|45.516665039,244,ricept_244,8.342826151386765,45.5166650388608,4156,False
8.35471899|45.516665039,245,ricept_245,8.354718989806418,45.5166650388608,4157,False
8.366611828|45.516665039,246,ricept_246,8.366611828226072,45.5166650388608,4158,False
8.378504667|45.516665039,3804,ricept_3804,8.378504666645725,45.5166650388608,4159,False
8.42607602|45.516665039,4463,ricept_4463,8.426076020324338,45.5166650388608,4160,False
8.437968859|45.516665039,878,ricept_878,8.437968858743993,45.5166650388608,4161,False
8.449861697|45.516665039,879,ricept_879,8.449861697163646,45.5166650388608,4162,False
8.461754536|45.516665039,880,ricept_880,8.4617545355833,45.5166650388608,4163,False
8.473647374|45.516665039,881,ricept_881,8.473647374002951,45.5166650388608,4164,False
8.485540212|45.516665039,882,ricept_882,8.485540212422606,45.5166650388608,4165,False
8.497433051|45.516665039,883,ricept_883,8.497433050842258,45.5166650388608,4166,False
8.509325889|45.516665039,884,ricept_884,8.50932588926191,45.5166650388608,4167,False
8.521218728|45.516665039,885,ricept_885,8.521218727681564,45.5166650388608,4168,False
8.533111566|45.516665039,886,ricept_886,8.533111566101217,45.5166650388608,4169,False
8.545004405|45.516665039,887,ricept_887,8.54500440452087,45.5166650388608,4170,False
8.556897243|45.516665039,888,ricept_888,8.556897242940524,45.5166650388608,4171,False
8.568790081|45.516665039,889,ricept_889,8.568790081360177,45.5166650388608,4172,False
8.58068292|45.516665039,890,ricept_890,8.58068291977983,45.5166650388608,4173,False
8.592575758|45.516665039,891,ricept_891,8.592575758199484,45.5166650388608,4174,False
8.604468597|45.516665039,892,ricept_892,8.604468596619137,45.5166650388608,4175,False
8.616361435|45.516665039,893,ricept_893,8.61636143503879,45.5166650388608,4176,False
8.628254273|45.516665039,894,ricept_894,8.628254273458445,45.5166650388608,4177,False
8.640147112|45.516665039,895,ricept_895,8.640147111878097,45.5166650388608,4178,False
8.65203995|45.516665039,896,ricept_896,8.65203995029775,45.5166650388608,4179,False
8.663932789|45.516665039,12026,ricept_12026,8.663932788717403,45.5166650388608,4180,False
8.687718466|45.516665039,12027,ricept_12027,8.68771846555671,45.5166650388608,4181,False
8.699611304|45.516665039,12028,ricept_12028,8.699611303976363,45.5166650388608,4182,False
8.248905121|45.524998372,247,ricept_247,8.248905120926054,45.52499837189611,4183,False
8.260799721|45.524998372,248,ricept_248,8.26079972095623,45.52499837189611,4184,False
8.272694321|45.524998372,249,ricept_249,8.272694320986403,45.52499837189611,4185,False
8.284588921|45.524998372,250,ricept_250,8.284588921016576,45.52499837189611,4186,False
8.296483521|45.524998372,251,ricept_251,8.296483521046751,45.52499837189611,4187,False
8.308378121|45.524998372,252,ricept_252,8.308378121076926,45.52499837189611,4188,False
8.320272721|45.524998372,253,ricept_253,8.320272721107102,45.52499837189611,4189,False
8.332167321|45.524998372,254,ricept_254,8.332167321137277,45.52499837189611,4190,False
8.344061921|45.524998372,255,ricept_255,8.344061921167452,45.52499837189611,4191,False
8.355956521|45.524998372,256,ricept_256,8.355956521197625,45.52499837189611,4192,False
8.367851121|45.524998372,257,ricept_257,8.367851121227798,45.52499837189611,4193,False
8.379745721|45.524998372,11352,ricept_11352,8.379745721257974,45.52499837189611,4194,False
8.439218721|45.524998372,8385,ricept_8385,8.439218721408846,45.52499837189611,4195,False
8.451113321|45.524998372,897,ricept_897,8.45111332143902,45.52499837189611,4196,False
8.463007921|45.524998372,898,ricept_898,8.463007921469197,45.52499837189611,4197,False
8.474902521|45.524998372,899,ricept_899,8.47490252149937,45.52499837189611,4198,False
8.486797122|45.524998372,900,ricept_900,8.486797121529547,45.52499837189611,4199,False
8.498691722|45.524998372,901,ricept_901,8.498691721559718,45.52499837189611,4200,False
8.510586322|45.524998372,902,ricept_902,8.510586321589894,45.52499837189611,4201,False
8.522480922|45.524998372,903,ricept_903,8.522480921620069,45.52499837189611,4202,False
8.534375522|45.524998372,904,ricept_904,8.534375521650244,45.52499837189611,4203,False
8.546270122|45.524998372,905,ricept_905,8.546270121680418,45.52499837189611,4204,False
8.558164722|45.524998372,906,ricept_906,8.558164721710593,45.52499837189611,4205,False
8.570059322|45.524998372,907,ricept_907,8.570059321740766,45.52499837189611,4206,False
8.593848522|45.524998372,908,ricept_908,8.593848521801117,45.52499837189611,4207,False
8.605743122|45.524998372,909,ricept_909,8.60574312183129,45.52499837189611,4208,False
8.617637722|45.524998372,910,ricept_910,8.617637721861465,45.52499837189611,4209,False
8.629532322|45.524998372,911,ricept_911,8.62953232189164,45.52499837189611,4210,False
8.641426922|45.524998372,912,ricept_912,8.641426921921813,45.52499837189611,4211,False
8.653321522|45.524998372,4499,ricept_4499,8.653321521951987,45.52499837189611,4212,False
8.238230972|45.533331705,258,ricept_258,8.238230971929237,45.53333170493143,4213,False
8.250127334|45.533331705,259,ricept_259,8.250127334343576,45.53333170493143,4214,False
8.262023697|45.533331705,260,ricept_260,8.262023696757913,45.53333170493143,4215,False
8.273920059|45.533331705,261,ricept_261,8.273920059172251,45.53333170493143,4216,False
8.285816422|45.533331705,262,ricept_262,8.285816421586588,45.53333170493143,4217,False
8.297712784|45.533331705,263,ricept_263,8.297712784000927,45.53333170493143,4218,False
8.321505509|45.533331705,264,ricept_264,8.321505508829604,45.53333170493143,4219,False
8.333401871|45.533331705,265,ricept_265,8.333401871243943,45.53333170493143,4220,False
8.345298234|45.533331705,266,ricept_266,8.345298233658282,45.53333170493143,4221,False
8.357194596|45.533331705,267,ricept_267,8.357194596072619,45.53333170493143,4222,False
8.369090958|45.533331705,268,ricept_268,8.369090958486956,45.53333170493143,4223,False
8.380987321|45.533331705,269,ricept_269,8.380987320901296,45.53333170493143,4224,False
8.452365495|45.533331705,8403,ricept_8403,8.452365495387326,45.53333170493143,4225,False
8.464261858|45.533331705,4500,ricept_4500,8.464261857801663,45.53333170493143,4226,False
8.47615822|45.533331705,913,ricept_913,8.476158220216002,45.53333170493143,4227,False
8.488054583|45.533331705,4502,ricept_4502,8.48805458263034,45.53333170493143,4228,False
8.499950945|45.533331705,4503,ricept_4503,8.499950945044677,45.53333170493143,4229,False
8.511847307|45.533331705,914,ricept_914,8.511847307459016,45.53333170493143,4230,False
8.52374367|45.533331705,915,ricept_915,8.523743669873355,45.53333170493143,4231,False
8.535640032|45.533331705,916,ricept_916,8.535640032287693,45.53333170493143,4232,False
8.547536395|45.533331705,917,ricept_917,8.54753639470203,45.53333170493143,4233,False
8.559432757|45.533331705,918,ricept_918,8.55943275711637,45.53333170493143,4234,False
8.57132912|45.533331705,919,ricept_919,8.571329119530708,45.53333170493143,4235,False
8.583225482|45.533331705,920,ricept_920,8.583225481945046,45.53333170493143,4236,False
8.595121844|45.533331705,921,ricept_921,8.595121844359383,45.53333170493143,4237,False
8.607018207|45.533331705,922,ricept_922,8.607018206773722,45.53333170493143,4238,False
8.618914569|45.533331705,4513,ricept_4513,8.61891456918806,45.53333170493143,4239,False
8.630810932|45.533331705,4514,ricept_4514,8.6308109316024,45.53333170493143,4240,False
8.642707294|45.533331705,923,ricept_923,8.642707294016736,45.53333170493143,4241,False
8.654603656|45.533331705,8418,ricept_8418,8.654603656431075,45.53333170493143,4242,False
8.690292744|45.533331705,4516,ricept_4516,8.69029274367409,45.53333170493143,4243,False
8.239451959|45.541665038,270,ricept_270,8.23945195899978,45.54166503796672,4244,False
8.251350085|45.541665038,271,ricept_271,8.251350084572342,45.54166503796672,4245,False
8.26324821|45.541665038,272,ricept_272,8.263248210144905,45.54166503796672,4246,False
8.275146336|45.541665038,273,ricept_273,8.275146335717467,45.54166503796672,4247,False
8.287044461|45.541665038,274,ricept_274,8.28704446129003,45.54166503796672,4248,False
8.298942587|45.541665038,275,ricept_275,8.298942586862593,45.54166503796672,4249,False
8.322738838|45.541665038,276,ricept_276,8.32273883800772,45.54166503796672,4250,False
8.334636964|45.541665038,277,ricept_277,8.334636963580282,45.54166503796672,4251,False
8.346535089|45.541665038,278,ricept_278,8.346535089152844,45.54166503796672,4252,False
8.358433215|45.541665038,279,ricept_279,8.358433214725407,45.54166503796672,4253,False
8.37033134|45.541665038,280,ricept_280,8.370331340297971,45.54166503796672,4254,False
8.382229466|45.541665038,7744,ricept_7744,8.382229465870534,45.54166503796672,4255,False
8.465516345|45.541665038,37883,ricept_37883,8.465516344878473,45.54166503796672,4256,False
8.489312596|45.541665038,8419,ricept_8419,8.4893125960236,45.54166503796672,4257,False
8.513108847|45.541665038,924,ricept_924,8.513108847168725,45.54166503796672,4258,False
8.525006973|45.541665038,925,ricept_925,8.525006972741288,45.54166503796672,4259,False
8.536905098|45.541665038,926,ricept_926,8.53690509831385,45.54166503796672,4260,False
8.548803224|45.541665038,4520,ricept_4520,8.548803223886413,45.54166503796672,4261,False
8.560701349|45.541665038,927,ricept_927,8.560701349458977,45.54166503796672,4262,False
8.572599475|45.541665038,928,ricept_928,8.57259947503154,45.54166503796672,4263,False
8.584497601|45.541665038,929,ricept_929,8.584497600604102,45.54166503796672,4264,False
8.596395726|45.541665038,4524,ricept_4524,8.596395726176665,45.54166503796672,4265,False
8.608293852|45.541665038,4525,ricept_4525,8.608293851749227,45.54166503796672,4266,False
8.643988228|45.541665038,4526,ricept_4526,8.643988228466917,45.54166503796672,4267,False
8.691580731|45.541665038,16075,ricept_16075,8.691580730757169,45.54166503796672,4268,False
8.264473261|45.549998371,281,ricept_281,8.264473261408089,45.54999837100204,4269,False
8.276373151|45.549998371,282,ricept_282,8.276373150913354,45.54999837100204,4270,False
8.28827304|45.549998371,283,ricept_283,8.28827304041862,45.54999837100204,4271,False
8.30017293|45.549998371,284,ricept_284,8.300172929923889,45.54999837100204,4272,False
8.312072819|45.549998371,285,ricept_285,8.312072819429156,45.54999837100204,4273,False
8.323972709|45.549998371,286,ricept_286,8.323972708934425,45.54999837100204,4274,False
8.335872598|45.549998371,287,ricept_287,8.33587259843969,45.54999837100204,4275,False
8.347772488|45.549998371,3845,ricept_3845,8.347772487944958,45.54999837100204,4276,False
8.359672377|45.549998371,288,ricept_288,8.359672377450224,45.54999837100204,4277,False
8.371572267|45.549998371,289,ricept_289,8.371572266955493,45.54999837100204,4278,False
8.383472156|45.549998371,22915,ricept_22915,8.38347215646076,45.54999837100204,4279,False
8.514370941|45.549998371,930,ricept_930,8.5143709410187,45.54999837100204,4280,False
8.526270831|45.549998371,931,ricept_931,8.526270830523966,45.54999837100204,4281,False
8.53817072|45.549998371,4529,ricept_4529,8.538170720029234,45.54999837100204,4282,False
8.55007061|45.549998371,4530,ricept_4530,8.550070609534501,45.54999837100204,4283,False
8.561970499|45.549998371,932,ricept_932,8.56197049903977,45.54999837100204,4284,False
8.573870389|45.549998371,933,ricept_933,8.573870388545034,45.54999837100204,4285,False
8.585770278|45.549998371,4533,ricept_4533,8.585770278050303,45.54999837100204,4286,False
8.597670168|45.549998371,78100,ricept_78100,8.59767016755557,45.54999837100204,4287,False
8.609570057|45.549998371,4534,ricept_4534,8.609570057060838,45.54999837100204,4288,False
8.265698851|45.558331704,3848,ricept_3848,8.26569885083856,45.55833170403735,4289,False
8.277600505|45.558331704,290,ricept_290,8.277600505051428,45.55833170403735,4290,False
8.289502159|45.558331704,291,ricept_291,8.2895021592643,45.55833170403735,4291,False
8.301403813|45.558331704,292,ricept_292,8.301403813477169,45.55833170403735,4292,False
8.313305468|45.558331704,293,ricept_293,8.313305467690043,45.55833170403735,4293,False
8.325207122|45.558331704,294,ricept_294,8.325207121902912,45.55833170403735,4294,False
8.360912085|45.558331704,3854,ricept_3854,8.360912084541521,45.55833170403735,4295,False
8.372813739|45.558331704,3855,ricept_3855,8.372813738754393,45.55833170403735,4296,False
8.515633589|45.558331704,934,ricept_934,8.51563358930884,45.55833170403735,4297,False
8.527535244|45.558331704,935,ricept_935,8.52753524352171,45.55833170403735,4298,False
8.563240206|45.558331704,12082,ricept_12082,8.563240206160323,45.55833170403735,4299,False
8.57514186|45.558331704,936,ricept_936,8.575141860373192,45.55833170403735,4300,False
8.278828398|45.566665037,295,ricept_295,8.278828398423435,45.56666503707265,4301,False
8.302635238|45.566665037,296,ricept_296,8.302635237815021,45.56666503707265,4302,False
8.314538658|45.566665037,297,ricept_297,8.314538657510813,45.56666503707265,4303,False
8.326442077|45.566665037,298,ricept_298,8.326442077206606,45.56666503707265,4304,False
8.362152336|45.566665037,299,ricept_299,8.362152336293981,45.56666503707265,4305,False
8.374055756|45.566665037,11399,ricept_11399,8.374055755989772,45.56666503707265,4306,False
8.516896792|45.566665037,937,ricept_937,8.51689679233928,45.56666503707265,4307,False
8.528800212|45.566665037,938,ricept_938,8.52880021203507,45.56666503707265,4308,False
8.540703632|45.566665037,939,ricept_939,8.540703631730864,45.56666503707265,4309,False
8.564510471|45.566665037,4539,ricept_4539,8.56451047112245,45.56666503707265,4310,False
8.576413891|45.566665037,940,ricept_940,8.576413890818241,45.56666503707265,4311,False
8.588317311|45.566665037,8439,ricept_8439,8.588317310514032,45.56666503707265,4312,False
8.280056831|45.57499837,3860,ricept_3860,8.280056831321343,45.57499837010797,4313,False
8.315772389|45.57499837,300,ricept_300,8.315772389184698,45.57499837010797,4314,False
8.327677575|45.57499837,301,ricept_301,8.32767757513915,45.57499837010797,4315,False
8.339582761|45.57499837,302,ricept_302,8.339582761093602,45.57499837010797,4316,False
8.351487947|45.57499837,303,ricept_303,8.351487947048055,45.57499837010797,4317,False
8.363393133|45.57499837,3865,ricept_3865,8.363393133002505,45.57499837010797,4318,False
8.51816055|45.57499837,4541,ricept_4541,8.518160550410382,45.57499837010797,4319,False
8.530065736|45.57499837,941,ricept_941,8.530065736364833,45.57499837010797,4320,False
8.541970922|45.57499837,942,ricept_942,8.541970922319287,45.57499837010797,4321,False
8.565781294|45.57499837,4543,ricept_4543,8.565781294228191,45.57499837010797,4322,False
8.57768648|45.57499837,4544,ricept_4544,8.577686480182642,45.57499837010797,4323,False
8.317006663|45.583331703,3866,ricept_3866,8.317006663005145,45.58333170314327,4324,False
8.328913616|45.583331703,3867,ricept_3867,8.328913615994415,45.58333170314327,4325,False
8.340820569|45.583331703,3868,ricept_3868,8.340820568983682,45.58333170314327,4326,False
8.352727522|45.583331703,3869,ricept_3869,8.352727521972954,45.58333170314327,4327,False
8.531331817|45.583331703,943,ricept_943,8.531331816812004,45.58333170314327,4328,False
8.555145723|45.583331703,12092,ricept_12092,8.555145722790545,45.58333170314327,4329,False
8.532598454|45.591665036,4546,ricept_4546,8.532598453677826,45.59166503617859,4330,False
