duplicate_group_key,scene_id,canonical_rank,is_canonical_scene,canonical_scene_id,duplicate_group_size,platform,datetime,end_datetime,orbit_state,relative_orbit,bbox,vv_assets_n,vh_assets_n,data_role_assets_n,tiff_assets_n,asset_rows_n
"S1A|2015-04-03 05:26:45.357265+00:00|2015-04-03 05:27:10.356243+00:00|descending|168|(8.57012, 44.636127, 12.191187, 46.536819)",S1A_IW_GRDH_1SDV_20150403T052645_20150403T052710_005315_006BAF_A1B7_COG,1,True,S1A_IW_GRDH_1SDV_20150403T052645_20150403T052710_005315_006BAF_A1B7_COG,1,S1A,2015-04-03 05:26:45.357265+00:00,2015-04-03 05:27:10.356243+00:00,descending,168,"[8.57012, 44.636127, 12.191187, 46.536819]",4,4,3,2,11
"S1A|2015-04-03 05:27:10.357732+00:00|2015-04-03 05:27:35.355212+00:00|descending|168|(8.239372, 43.137455, 11.796596, 45.035545)",S1A_IW_GRDH_1SDV_20150403T052710_20150403T052735_005315_006BAF_18BD_COG,1,True,S1A_IW_GRDH_1SDV_20150403T052710_20150403T052735_005315_006BAF_18BD_COG,1,S1A,2015-04-03 05:27:10.357732+00:00,2015-04-03 05:27:35.355212+00:00,descending,168,"[8.239372, 43.137455, 11.796596, 45.035545]",4,4,3,2,11
"S1A|2015-04-04 17:14:22.614157+00:00|2015-04-04 17:14:47.613973+00:00|ascending|15|(7.779336, 44.188366, 11.398627, 46.088936)",S1A_IW_GRDH_1SDV_20150404T171422_20150404T171447_005337_006C3A_D8EE_COG,1,True,S1A_IW_GRDH_1SDV_20150404T171422_20150404T171447_005337_006C3A_D8EE_COG,1,S1A,2015-04-04 17:14:22.614157+00:00,2015-04-04 17:14:47.613973+00:00,ascending,15,"[7.779336, 44.188366, 11.398627, 46.088936]",4,4,3,2,11
"S1A|2015-04-15 05:26:40.276154+00:00|2015-04-15 05:27:05.275361+00:00|descending|168|(8.642899, 44.966793, 12.278287, 46.86816)",S1A_IW_GRDH_1SDV_20150415T052640_20150415T052705_005490_007029_3A38_COG,1,True,S1A_IW_GRDH_1SDV_20150415T052640_20150415T052705_005490_007029_3A38_COG,1,S1A,2015-04-15 05:26:40.276154+00:00,2015-04-15 05:27:05.275361+00:00,descending,168,"[8.642899, 44.966793, 12.278287, 46.86816]",4,4,3,2,11
"S1A|2015-04-15 05:27:05.276857+00:00|2015-04-15 05:27:30.274567+00:00|descending|168|(8.311255, 43.468277, 11.888474, 45.366253)",S1A_IW_GRDH_1SDV_20150415T052705_20150415T052730_005490_007029_EBC9_COG,1,True,S1A_IW_GRDH_1SDV_20150415T052705_20150415T052730_005490_007029_EBC9_COG,1,S1A,2015-04-15 05:27:05.276857+00:00,2015-04-15 05:27:30.274567+00:00,descending,168,"[8.311255, 43.468277, 11.888474, 45.366253]",4,4,3,2,11
"S1A|2015-04-16 17:14:23.003399+00:00|2015-04-16 17:14:48.003046+00:00|ascending|15|(7.779081, 44.188503, 11.39829, 46.089085)",S1A_IW_GRDH_1SDV_20150416T171423_20150416T171448_005512_00709D_38D0_COG,1,True,S1A_IW_GRDH_1SDV_20150416T171423_20150416T171448_005512_00709D_38D0_COG,1,S1A,2015-04-16 17:14:23.003399+00:00,2015-04-16 17:14:48.003046+00:00,ascending,15,"[7.779081, 44.188503, 11.39829, 46.089085]",4,4,3,2,11
"S1A|2015-04-21 17:22:37.765000+00:00|2015-04-21 17:23:02.764236+00:00|ascending|88|(5.714526, 44.246326, 9.341566, 46.142849)",S1A_IW_GRDH_1SDV_20150421T172237_20150421T172302_005585_007258_FE7B_COG,1,True,S1A_IW_GRDH_1SDV_20150421T172237_20150421T172302_005585_007258_FE7B_COG,1,S1A,2015-04-21 17:22:37.765000+00:00,2015-04-21 17:23:02.764236+00:00,ascending,88,"[5.714526, 44.246326, 9.341566, 46.142849]",4,4,3,2,11
"S1A|2015-04-27 05:26:41.096576+00:00|2015-04-27 05:27:06.094430+00:00|descending|168|(8.644002, 44.966694, 12.279477, 46.868069)",S1A_IW_GRDH_1SDV_20150427T052641_20150427T052706_005665_007448_066B_COG,1,True,S1A_IW_GRDH_1SDV_20150427T052641_20150427T052706_005665_007448_066B_COG,1,S1A,2015-04-27 05:26:41.096576+00:00,2015-04-27 05:27:06.094430+00:00,descending,168,"[8.644002, 44.966694, 12.279477, 46.868069]",4,4,3,2,11
"S1A|2015-04-27 05:27:06.095921+00:00|2015-04-27 05:27:31.095271+00:00|descending|168|(8.312284, 43.468094, 11.889681, 45.366245)",S1A_IW_GRDH_1SDV_20150427T052706_20150427T052731_005665_007448_072D_COG,1,True,S1A_IW_GRDH_1SDV_20150427T052706_20150427T052731_005665_007448_072D_COG,1,S1A,2015-04-27 05:27:06.095921+00:00,2015-04-27 05:27:31.095271+00:00,descending,168,"[8.312284, 43.468094, 11.889681, 45.366245]",4,4,3,2,11
"S1A|2015-04-28 17:14:38.955298+00:00|2015-04-28 17:15:10.506845+00:00|ascending|15|(7.379722, 45.085686, 11.157321, 47.377041)",S1A_IW_GRDH_1SDV_20150428T171438_20150428T171510_005687_0074BD_CDC0_COG,1,True,S1A_IW_GRDH_1SDV_20150428T171438_20150428T171510_005687_0074BD_CDC0_COG,1,S1A,2015-04-28 17:14:38.955298+00:00,2015-04-28 17:15:10.506845+00:00,ascending,15,"[7.379722, 45.085686, 11.157321, 47.377041]",4,4,3,2,11
"S1A|2015-05-02 05:34:49.437232+00:00|2015-05-02 05:35:18.353295+00:00|descending|66|(6.641566, 45.078548, 10.303509, 47.212486)",S1A_IW_GRDH_1SDV_20150502T053449_20150502T053518_005738_0075E4_6258_COG,1,True,S1A_IW_GRDH_1SDV_20150502T053449_20150502T053518_005738_0075E4_6258_COG,1,S1A,2015-05-02 05:34:49.437232+00:00,2015-05-02 05:35:18.353295+00:00,descending,66,"[6.641566, 45.078548, 10.303509, 47.212486]",4,4,3,2,11
"S1A|2015-05-02 05:35:18.354791+00:00|2015-05-02 05:35:43.353455+00:00|descending|66|(6.313295, 43.579407, 9.860241, 45.474388)",S1A_IW_GRDH_1SDV_20150502T053518_20150502T053543_005738_0075E4_5FF8_COG,1,True,S1A_IW_GRDH_1SDV_20150502T053518_20150502T053543_005738_0075E4_5FF8_COG,1,S1A,2015-05-02 05:35:18.354791+00:00,2015-05-02 05:35:43.353455+00:00,descending,66,"[6.313295, 43.579407, 9.860241, 45.474388]",4,4,3,2,11
"S1A|2015-05-09 05:26:53.108245+00:00|2015-05-09 05:27:18.106872+00:00|descending|168|(8.475952, 44.285446, 12.101841, 46.184986)",S1A_IW_GRDH_1SDV_20150509T052653_20150509T052718_005840_007841_A5F8_COG,1,True,S1A_IW_GRDH_1SDV_20150509T052653_20150509T052718_005840_007841_A5F8_COG,1,S1A,2015-05-09 05:26:53.108245+00:00,2015-05-09 05:27:18.106872+00:00,descending,168,"[8.475952, 44.285446, 12.101841, 46.184986]",4,4,3,2,11
"S1A|2015-05-14 05:34:49.450442+00:00|2015-05-14 05:35:18.352281+00:00|descending|66|(6.638903, 45.074821, 10.337654, 47.211933)",S1A_IW_GRDH_1SDV_20150514T053449_20150514T053518_005913_0079E8_64A1_COG,1,True,S1A_IW_GRDH_1SDV_20150514T053449_20150514T053518_005913_0079E8_64A1_COG,1,S1A,2015-05-14 05:34:49.450442+00:00,2015-05-14 05:35:18.352281+00:00,descending,66,"[6.638903, 45.074821, 10.337654, 47.211933]",4,4,3,2,11
"S1A|2015-05-14 05:35:18.353775+00:00|2015-05-14 05:35:43.352342+00:00|descending|66|(6.310565, 43.575729, 9.890305, 45.475071)",S1A_IW_GRDH_1SDV_20150514T053518_20150514T053543_005913_0079E8_0FAE_COG,1,True,S1A_IW_GRDH_1SDV_20150514T053518_20150514T053543_005913_0079E8_0FAE_COG,1,S1A,2015-05-14 05:35:18.353775+00:00,2015-05-14 05:35:43.352342+00:00,descending,66,"[6.310565, 43.575729, 9.890305, 45.475071]",4,4,3,2,11
"S1A|2015-05-15 17:22:39.122452+00:00|2015-05-15 17:23:04.121368+00:00|ascending|88|(5.714616, 44.24662, 9.358736, 46.14497)",S1A_IW_GRDH_1SDV_20150515T172239_20150515T172304_005935_007A51_F1D6_COG,1,True,S1A_IW_GRDH_1SDV_20150515T172239_20150515T172304_005935_007A51_F1D6_COG,1,S1A,2015-05-15 17:22:39.122452+00:00,2015-05-15 17:23:04.121368+00:00,ascending,88,"[5.714616, 44.24662, 9.358736, 46.14497]",4,4,3,2,11
"S1A|2015-05-21 05:26:40.276274+00:00|2015-05-21 05:27:09.178709+00:00|descending|168|(8.644677, 44.850018, 12.337975, 46.986782)",S1A_IW_GRDH_1SDV_20150521T052640_20150521T052709_006015_007C1A_4BDE_COG,1,True,S1A_IW_GRDH_1SDV_20150521T052640_20150521T052709_006015_007C1A_4BDE_COG,1,S1A,2015-05-21 05:26:40.276274+00:00,2015-05-21 05:27:09.178709+00:00,descending,168,"[8.644677, 44.850018, 12.337975, 46.986782]",4,4,3,2,11
"S1A|2015-05-21 05:27:09.180202+00:00|2015-05-21 05:27:34.178194+00:00|descending|168|(8.312232, 43.351528, 11.885357, 45.2505)",S1A_IW_GRDH_1SDV_20150521T052709_20150521T052734_006015_007C1A_DA90_COG,1,True,S1A_IW_GRDH_1SDV_20150521T052709_20150521T052734_006015_007C1A_DA90_COG,1,S1A,2015-05-21 05:27:09.180202+00:00,2015-05-21 05:27:34.178194+00:00,descending,168,"[8.312232, 43.351528, 11.885357, 45.2505]",4,4,3,2,11
"S1A|2015-05-22 17:14:25.193808+00:00|2015-05-22 17:14:50.192030+00:00|ascending|15|(7.778301, 44.188496, 11.439551, 46.093578)",S1A_IW_GRDH_1SDV_20150522T171425_20150522T171450_006037_007CBA_4DE2_COG,1,True,S1A_IW_GRDH_1SDV_20150522T171425_20150522T171450_006037_007CBA_4DE2_COG,1,S1A,2015-05-22 17:14:25.193808+00:00,2015-05-22 17:14:50.192030+00:00,ascending,15,"[7.778301, 44.188496, 11.439551, 46.093578]",4,4,3,2,11
"S1A|2015-06-03 17:14:26.012646+00:00|2015-06-03 17:14:51.011312+00:00|ascending|15|(7.778862, 44.188496, 11.354915, 46.084263)",S1A_IW_GRDH_1SDV_20150603T171426_20150603T171451_006212_0081AF_101C_COG,1,True,S1A_IW_GRDH_1SDV_20150603T171426_20150603T171451_006212_0081AF_101C_COG,1,S1A,2015-06-03 17:14:26.012646+00:00,2015-06-03 17:14:51.011312+00:00,ascending,15,"[7.778862, 44.188496, 11.354915, 46.084263]",4,4,3,2,11
"S1A|2015-06-07 05:34:51.580930+00:00|2015-06-07 05:35:20.495678+00:00|descending|66|(6.643266, 45.078396, 10.304836, 47.212372)",S1A_IW_GRDH_1SDV_20150607T053451_20150607T053520_006263_008344_BC7D_COG,1,True,S1A_IW_GRDH_1SDV_20150607T053451_20150607T053520_006263_008344_BC7D_COG,1,S1A,2015-06-07 05:34:51.580930+00:00,2015-06-07 05:35:20.495678+00:00,descending,66,"[6.643266, 45.078396, 10.304836, 47.212372]",4,4,3,2,11
"S1A|2015-06-07 05:35:20.497174+00:00|2015-06-07 05:35:45.495994+00:00|descending|66|(6.314812, 43.579262, 9.862043, 45.474327)",S1A_IW_GRDH_1SDV_20150607T053520_20150607T053545_006263_008344_2741_COG,1,True,S1A_IW_GRDH_1SDV_20150607T053520_20150607T053545_006263_008344_2741_COG,1,S1A,2015-06-07 05:35:20.497174+00:00,2015-06-07 05:35:45.495994+00:00,descending,66,"[6.314812, 43.579262, 9.862043, 45.474327]",4,4,3,2,11
"S1A|2015-06-14 05:26:42.013974+00:00|2015-06-14 05:27:10.917763+00:00|descending|168|(8.6502, 44.853794, 12.306503, 46.986313)",S1A_IW_GRDH_1SDV_20150614T052642_20150614T052710_006365_00862F_7CF0_COG,1,True,S1A_IW_GRDH_1SDV_20150614T052642_20150614T052710_006365_00862F_7CF0_COG,1,S1A,2015-06-14 05:26:42.013974+00:00,2015-06-14 05:27:10.917763+00:00,descending,168,"[8.6502, 44.853794, 12.306503, 46.986313]",4,4,3,2,11
"S1A|2015-06-15 17:14:26.780736+00:00|2015-06-15 17:14:51.778781+00:00|ascending|15|(7.778911, 44.188503, 11.354346, 46.084152)",S1A_IW_GRDH_1SDV_20150615T171426_20150615T171451_006387_0086C9_677D_COG,1,True,S1A_IW_GRDH_1SDV_20150615T171426_20150615T171451_006387_0086C9_677D_COG,1,S1A,2015-06-15 17:14:26.780736+00:00,2015-06-15 17:14:51.778781+00:00,ascending,15,"[7.778911, 44.188503, 11.354346, 46.084152]",4,4,3,2,11
"S1A|2015-06-19 05:34:52.148436+00:00|2015-06-19 05:35:21.058478+00:00|descending|66|(6.642821, 45.078499, 10.3046, 47.212063)",S1A_IW_GRDH_1SDV_20150619T053452_20150619T053521_006438_008841_0C7C_COG,1,True,S1A_IW_GRDH_1SDV_20150619T053452_20150619T053521_006438_008841_0C7C_COG,1,S1A,2015-06-19 05:34:52.148436+00:00,2015-06-19 05:35:21.058478+00:00,descending,66,"[6.642821, 45.078499, 10.3046, 47.212063]",4,4,3,2,11
"S1A|2015-06-26 05:26:42.760543+00:00|2015-06-26 05:27:11.667196+00:00|descending|168|(8.650721, 44.853729, 12.306854, 46.986435)",S1A_IW_GRDH_1SDV_20150626T052642_20150626T052711_006540_008B28_6BB4_COG,1,True,S1A_IW_GRDH_1SDV_20150626T052642_20150626T052711_006540_008B28_6BB4_COG,1,S1A,2015-06-26 05:26:42.760543+00:00,2015-06-26 05:27:11.667196+00:00,descending,168,"[8.650721, 44.853729, 12.306854, 46.986435]",4,4,3,2,11
"S1A|2015-06-27 17:14:27.639146+00:00|2015-06-27 17:14:52.637568+00:00|ascending|15|(7.777289, 44.188499, 11.353368, 46.084286)",S1A_IW_GRDH_1SDV_20150627T171427_20150627T171452_006562_008BB6_62AA_COG,1,True,S1A_IW_GRDH_1SDV_20150627T171427_20150627T171452_006562_008BB6_62AA_COG,1,S1A,2015-06-27 17:14:27.639146+00:00,2015-06-27 17:14:52.637568+00:00,ascending,15,"[7.777289, 44.188499, 11.353368, 46.084286]",4,4,3,2,11
"S1A|2015-07-01 05:34:52.121898+00:00|2015-07-01 05:35:21.021392+00:00|descending|66|(6.641052, 45.078526, 10.302719, 47.211437)",S1A_IW_GRDH_1SDV_20150701T053452_20150701T053521_006613_008D1C_BA62_COG,1,True,S1A_IW_GRDH_1SDV_20150701T053452_20150701T053521_006613_008D1C_BA62_COG,1,S1A,2015-07-01 05:34:52.121898+00:00,2015-07-01 05:35:21.021392+00:00,descending,66,"[6.641052, 45.078526, 10.302719, 47.211437]",4,4,3,2,11
"S1A|2015-07-01 05:35:21.022888+00:00|2015-07-01 05:35:46.021451+00:00|descending|66|(6.312795, 43.579384, 9.859603, 45.474335)",S1A_IW_GRDH_1SDV_20150701T053521_20150701T053546_006613_008D1C_4F50_COG,1,True,S1A_IW_GRDH_1SDV_20150701T053521_20150701T053546_006613_008D1C_4F50_COG,1,S1A,2015-07-01 05:35:21.022888+00:00,2015-07-01 05:35:46.021451+00:00,descending,66,"[6.312795, 43.579384, 9.859603, 45.474335]",4,4,3,2,11
"S1A|2015-07-02 17:22:41.530066+00:00|2015-07-02 17:23:06.529162+00:00|ascending|88|(5.713297, 44.24649, 9.357375, 46.144814)",S1A_IW_GRDH_1SDV_20150702T172241_20150702T172306_006635_008DA4_BB6D_COG,1,True,S1A_IW_GRDH_1SDV_20150702T172241_20150702T172306_006635_008DA4_BB6D_COG,1,S1A,2015-07-02 17:22:41.530066+00:00,2015-07-02 17:23:06.529162+00:00,ascending,88,"[5.713297, 44.24649, 9.357375, 46.144814]",4,4,3,2,11
"S1A|2015-07-08 05:26:42.069908+00:00|2015-07-08 05:27:17.391779+00:00|descending|168|(8.577674, 44.47506, 12.264106, 46.98481)",S1A_IW_GRDH_1SDV_20150708T052642_20150708T052717_006715_008FD3_506E_COG,1,True,S1A_IW_GRDH_1SDV_20150708T052642_20150708T052717_006715_008FD3_506E_COG,1,S1A,2015-07-08 05:26:42.069908+00:00,2015-07-08 05:27:17.391779+00:00,descending,168,"[8.577674, 44.47506, 12.264106, 46.98481]",4,4,3,2,11
"S1A|2015-07-09 17:14:26.849183+00:00|2015-07-09 17:14:51.847249+00:00|ascending|15|(7.778789, 44.188457, 11.354259, 46.084194)",S1A_IW_GRDH_1SDV_20150709T171426_20150709T171451_006737_009069_C5EF_COG,1,True,S1A_IW_GRDH_1SDV_20150709T171426_20150709T171451_006737_009069_C5EF_COG,1,S1A,2015-07-09 17:14:26.849183+00:00,2015-07-09 17:14:51.847249+00:00,ascending,15,"[7.778789, 44.188457, 11.354259, 46.084194]",4,4,3,2,11
"S1A|2015-07-13 05:34:52.544109+00:00|2015-07-13 05:35:21.453953+00:00|descending|66|(6.643077, 45.078487, 10.304767, 47.212044)",S1A_IW_GRDH_1SDV_20150713T053452_20150713T053521_006788_0091FF_470D_COG,1,True,S1A_IW_GRDH_1SDV_20150713T053452_20150713T053521_006788_0091FF_470D_COG,1,S1A,2015-07-13 05:34:52.544109+00:00,2015-07-13 05:35:21.453953+00:00,descending,66,"[6.643077, 45.078487, 10.304767, 47.212044]",4,4,3,2,11
"S1A|2015-07-13 05:35:21.455448+00:00|2015-07-13 05:35:46.453907+00:00|descending|66|(6.314782, 43.579346, 9.861492, 45.474312)",S1A_IW_GRDH_1SDV_20150713T053521_20150713T053546_006788_0091FF_45DD_COG,1,True,S1A_IW_GRDH_1SDV_20150713T053521_20150713T053546_006788_0091FF_45DD_COG,1,S1A,2015-07-13 05:35:21.455448+00:00,2015-07-13 05:35:46.453907+00:00,descending,66,"[6.314782, 43.579346, 9.861492, 45.474312]",4,4,3,2,11
"S1A|2015-07-14 17:22:42.014693+00:00|2015-07-14 17:23:07.013872+00:00|ascending|88|(5.714118, 44.246357, 9.35831, 46.144722)",S1A_IW_GRDH_1SDV_20150714T172242_20150714T172307_006810_0092A3_18D0_COG,1,True,S1A_IW_GRDH_1SDV_20150714T172242_20150714T172307_006810_0092A3_18D0_COG,1,S1A,2015-07-14 17:22:42.014693+00:00,2015-07-14 17:23:07.013872+00:00,ascending,88,"[5.714118, 44.246357, 9.35831, 46.144722]",4,4,3,2,11
"S1A|2015-07-20 05:26:37.604910+00:00|2015-07-20 05:27:06.521685+00:00|descending|168|(8.729129, 45.186913, 12.370461, 47.318352)",S1A_IW_GRDH_1SDV_20150720T052637_20150720T052706_006890_0094E5_8481_COG,1,True,S1A_IW_GRDH_1SDV_20150720T052637_20150720T052706_006890_0094E5_8481_COG,1,S1A,2015-07-20 05:26:37.604910+00:00,2015-07-20 05:27:06.521685+00:00,descending,168,"[8.729129, 45.186913, 12.370461, 47.318352]",4,4,3,2,11
"S1A|2015-07-20 05:27:06.523183+00:00|2015-07-20 05:27:31.522135+00:00|descending|168|(8.396688, 43.688293, 11.931108, 45.579823)",S1A_IW_GRDH_1SDV_20150720T052706_20150720T052731_006890_0094E5_47E5_COG,1,True,S1A_IW_GRDH_1SDV_20150720T052706_20150720T052731_006890_0094E5_47E5_COG,1,S1A,2015-07-20 05:27:06.523183+00:00,2015-07-20 05:27:31.522135+00:00,descending,168,"[8.396688, 43.688293, 11.931108, 45.579823]",4,4,3,2,11
"S1A|2015-07-21 17:14:27.968370+00:00|2015-07-21 17:14:52.966295+00:00|ascending|15|(7.778223, 44.188671, 11.353434, 46.084339)",S1A_IW_GRDH_1SDV_20150721T171427_20150721T171452_006912_00957B_A420_COG,1,True,S1A_IW_GRDH_1SDV_20150721T171427_20150721T171452_006912_00957B_A420_COG,1,S1A,2015-07-21 17:14:27.968370+00:00,2015-07-21 17:14:52.966295+00:00,ascending,15,"[7.778223, 44.188671, 11.353434, 46.084339]",4,4,3,2,11
"S1A|2015-07-25 05:34:53.439584+00:00|2015-07-25 05:35:22.351159+00:00|descending|66|(6.643322, 45.07835, 10.304628, 47.21212)",S1A_IW_GRDH_1SDV_20150725T053453_20150725T053522_006963_009700_FC29_COG,1,True,S1A_IW_GRDH_1SDV_20150725T053453_20150725T053522_006963_009700_FC29_COG,1,S1A,2015-07-25 05:34:53.439584+00:00,2015-07-25 05:35:22.351159+00:00,descending,66,"[6.643322, 45.07835, 10.304628, 47.21212]",4,4,3,2,11
"S1A|2015-07-25 05:35:22.352655+00:00|2015-07-25 05:35:47.351318+00:00|descending|66|(6.314868, 43.579208, 9.861843, 45.474258)",S1A_IW_GRDH_1SDV_20150725T053522_20150725T053547_006963_009700_911F_COG,1,True,S1A_IW_GRDH_1SDV_20150725T053522_20150725T053547_006963_009700_911F_COG,1,S1A,2015-07-25 05:35:22.352655+00:00,2015-07-25 05:35:47.351318+00:00,descending,66,"[6.314868, 43.579208, 9.861843, 45.474258]",4,4,3,2,11
"S1A|2015-07-26 17:22:42.900890+00:00|2015-07-26 17:23:07.899814+00:00|ascending|88|(5.712722, 44.246632, 9.356726, 46.144993)",S1A_IW_GRDH_1SDV_20150726T172242_20150726T172307_006985_009792_1DD8_COG,1,True,S1A_IW_GRDH_1SDV_20150726T172242_20150726T172307_006985_009792_1DD8_COG,1,S1A,2015-07-26 17:22:42.900890+00:00,2015-07-26 17:23:07.899814+00:00,ascending,88,"[5.712722, 44.246632, 9.356726, 46.144993]",4,4,3,2,11
"S1A|2015-08-01 05:26:43.858049+00:00|2015-08-01 05:27:12.760687+00:00|descending|168|(8.655071, 44.856121, 12.288724, 46.985481)",S1A_IW_GRDH_1SDV_20150801T052643_20150801T052712_007065_0099D0_71BA_COG,1,True,S1A_IW_GRDH_1SDV_20150801T052643_20150801T052712_007065_0099D0_71BA_COG,1,S1A,2015-08-01 05:26:43.858049+00:00,2015-08-01 05:27:12.760687+00:00,descending,168,"[8.655071, 44.856121, 12.288724, 46.985481]",4,4,3,2,11
"S1A|2015-08-02 17:14:43.710038+00:00|2015-08-02 17:15:09.742258+00:00|ascending|15|(7.484028, 45.086056, 11.158179, 47.047123)",S1A_IW_GRDH_1SDV_20150802T171443_20150802T171509_007087_009A61_BC34_COG,1,True,S1A_IW_GRDH_1SDV_20150802T171443_20150802T171509_007087_009A61_BC34_COG,1,S1A,2015-08-02 17:14:43.710038+00:00,2015-08-02 17:15:09.742258+00:00,ascending,15,"[7.484028, 45.086056, 11.158179, 47.047123]",4,4,3,2,11
"S1A|2015-08-06 05:34:48.534463+00:00|2015-08-06 05:35:17.457480+00:00|descending|66|(6.721645, 45.411552, 10.409116, 47.540073)",S1A_IW_GRDH_1SDV_20150806T053448_20150806T053517_007138_009BD3_9AB9_COG,1,True,S1A_IW_GRDH_1SDV_20150806T053448_20150806T053517_007138_009BD3_9AB9_COG,1,S1A,2015-08-06 05:34:48.534463+00:00,2015-08-06 05:35:17.457480+00:00,descending,66,"[6.721645, 45.411552, 10.409116, 47.540073]",4,4,3,2,11
"S1A|2015-08-06 05:35:17.458976+00:00|2015-08-06 05:35:42.458148+00:00|descending|66|(6.392298, 43.912518, 9.935987, 45.804443)",S1A_IW_GRDH_1SDV_20150806T053517_20150806T053542_007138_009BD3_F254_COG,1,True,S1A_IW_GRDH_1SDV_20150806T053517_20150806T053542_007138_009BD3_F254_COG,1,S1A,2015-08-06 05:35:17.458976+00:00,2015-08-06 05:35:42.458148+00:00,descending,66,"[6.392298, 43.912518, 9.935987, 45.804443]",4,4,3,2,11
"S1A|2015-08-07 17:22:45.377747+00:00|2015-08-07 17:23:10.376220+00:00|ascending|88|(5.698075, 44.36171, 9.327896, 46.256733)",S1A_IW_GRDH_1SDV_20150807T172245_20150807T172310_007160_009C69_1064_COG,1,True,S1A_IW_GRDH_1SDV_20150807T172245_20150807T172310_007160_009C69_1064_COG,1,S1A,2015-08-07 17:22:45.377747+00:00,2015-08-07 17:23:10.376220+00:00,ascending,88,"[5.698075, 44.36171, 9.327896, 46.256733]",4,4,3,2,11
"S1A|2015-08-13 05:26:44.452681+00:00|2015-08-13 05:27:13.364761+00:00|descending|168|(8.655644, 44.856186, 12.289193, 46.986103)",S1A_IW_GRDH_1SDV_20150813T052644_20150813T052713_007240_009E8F_0E9C_COG,1,True,S1A_IW_GRDH_1SDV_20150813T052644_20150813T052713_007240_009E8F_0E9C_COG,1,S1A,2015-08-13 05:26:44.452681+00:00,2015-08-13 05:27:13.364761+00:00,descending,168,"[8.655644, 44.856186, 12.289193, 46.986103]",4,4,3,2,11
"S1A|2015-08-13 05:27:13.366255+00:00|2015-08-13 05:27:38.365228+00:00|descending|168|(8.32316, 43.357548, 11.839166, 45.249069)",S1A_IW_GRDH_1SDV_20150813T052713_20150813T052738_007240_009E8F_2926_COG,1,True,S1A_IW_GRDH_1SDV_20150813T052713_20150813T052738_007240_009E8F_2926_COG,1,S1A,2015-08-13 05:27:13.366255+00:00,2015-08-13 05:27:38.365228+00:00,descending,168,"[8.32316, 43.357548, 11.839166, 45.249069]",4,4,3,2,11
"S1A|2015-08-14 17:14:29.313543+00:00|2015-08-14 17:14:54.311587+00:00|ascending|15|(7.779164, 44.188522, 11.354367, 46.084183)",S1A_IW_GRDH_1SDV_20150814T171429_20150814T171454_007262_009F26_14CE_COG,1,True,S1A_IW_GRDH_1SDV_20150814T171429_20150814T171454_007262_009F26_14CE_COG,1,S1A,2015-08-14 17:14:29.313543+00:00,2015-08-14 17:14:54.311587+00:00,ascending,15,"[7.779164, 44.188522, 11.354367, 46.084183]",4,4,3,2,11
"S1A|2015-08-18 05:34:49.206993+00:00|2015-08-18 05:35:18.122250+00:00|descending|66|(6.720493, 45.411686, 10.407636, 47.539684)",S1A_IW_GRDH_1SDV_20150818T053449_20150818T053518_007313_00A098_4D22_COG,1,True,S1A_IW_GRDH_1SDV_20150818T053449_20150818T053518_007313_00A098_4D22_COG,1,S1A,2015-08-18 05:34:49.206993+00:00,2015-08-18 05:35:18.122250+00:00,descending,66,"[6.720493, 45.411686, 10.407636, 47.539684]",4,4,3,2,11
"S1A|2015-08-18 05:35:18.123746+00:00|2015-08-18 05:35:43.122678+00:00|descending|66|(6.391319, 43.912647, 9.934729, 45.804485)",S1A_IW_GRDH_1SDV_20150818T053518_20150818T053543_007313_00A098_2B61_COG,1,True,S1A_IW_GRDH_1SDV_20150818T053518_20150818T053543_007313_00A098_2B61_COG,1,S1A,2015-08-18 05:35:18.123746+00:00,2015-08-18 05:35:43.122678+00:00,descending,66,"[6.391319, 43.912647, 9.934729, 45.804485]",4,4,3,2,11
"S1A|2015-08-19 17:22:46.022427+00:00|2015-08-19 17:23:11.021144+00:00|ascending|88|(5.698642, 44.361664, 9.32834, 46.256748)",S1A_IW_GRDH_1SDV_20150819T172246_20150819T172311_007335_00A12A_2900_COG,1,True,S1A_IW_GRDH_1SDV_20150819T172246_20150819T172311_007335_00A12A_2900_COG,1,S1A,2015-08-19 17:22:46.022427+00:00,2015-08-19 17:23:11.021144+00:00,ascending,88,"[5.698642, 44.361664, 9.32834, 46.256748]",4,4,3,2,11
"S1A|2015-08-25 05:26:45.112455+00:00|2015-08-25 05:27:14.027518+00:00|descending|168|(8.655357, 44.856098, 12.288967, 46.986225)",S1A_IW_GRDH_1SDV_20150825T052645_20150825T052714_007415_00A34E_2F41_COG,1,True,S1A_IW_GRDH_1SDV_20150825T052645_20150825T052714_007415_00A34E_2F41_COG,1,S1A,2015-08-25 05:26:45.112455+00:00,2015-08-25 05:27:14.027518+00:00,descending,168,"[8.655357, 44.856098, 12.288967, 46.986225]",4,4,3,2,11
"S1A|2015-08-26 17:14:29.880612+00:00|2015-08-26 17:14:54.880067+00:00|ascending|15|(7.778686, 44.188583, 11.353879, 46.084316)",S1A_IW_GRDH_1SDV_20150826T171429_20150826T171454_007437_00A3E8_5198_COG,1,True,S1A_IW_GRDH_1SDV_20150826T171429_20150826T171454_007437_00A3E8_5198_COG,1,S1A,2015-08-26 17:14:29.880612+00:00,2015-08-26 17:14:54.880067+00:00,ascending,15,"[7.778686, 44.188583, 11.353879, 46.084316]",4,4,3,2,11
"S1A|2015-08-30 05:34:49.710472+00:00|2015-08-30 05:35:18.634770+00:00|descending|66|(6.719585, 45.411697, 10.406863, 47.540188)",S1A_IW_GRDH_1SDV_20150830T053449_20150830T053518_007488_00A55C_50E8_COG,1,True,S1A_IW_GRDH_1SDV_20150830T053449_20150830T053518_007488_00A55C_50E8_COG,1,S1A,2015-08-30 05:34:49.710472+00:00,2015-08-30 05:35:18.634770+00:00,descending,66,"[6.719585, 45.411697, 10.406863, 47.540188]",4,4,3,2,11
"S1A|2015-08-30 05:35:18.636268+00:00|2015-08-30 05:35:43.635256+00:00|descending|66|(6.390315, 43.912659, 9.933832, 45.804462)",S1A_IW_GRDH_1SDV_20150830T053518_20150830T053543_007488_00A55C_E5D2_COG,1,True,S1A_IW_GRDH_1SDV_20150830T053518_20150830T053543_007488_00A55C_E5D2_COG,1,S1A,2015-08-30 05:35:18.636268+00:00,2015-08-30 05:35:43.635256+00:00,descending,66,"[6.390315, 43.912659, 9.933832, 45.804462]",4,4,3,2,11
"S1A|2015-08-31 17:22:46.511122+00:00|2015-08-31 17:23:11.509767+00:00|ascending|88|(5.699825, 44.361809, 9.329595, 46.256779)",S1A_IW_GRDH_1SDV_20150831T172246_20150831T172311_007510_00A5F7_FAD4_COG,1,True,S1A_IW_GRDH_1SDV_20150831T172246_20150831T172311_007510_00A5F7_FAD4_COG,1,S1A,2015-08-31 17:22:46.511122+00:00,2015-08-31 17:23:11.509767+00:00,ascending,88,"[5.699825, 44.361809, 9.329595, 46.256779]",4,4,3,2,11
"S1A|2015-09-06 05:26:45.524925+00:00|2015-09-06 05:27:14.436939+00:00|descending|168|(8.656322, 44.856106, 12.289796, 46.986073)",S1A_IW_GRDH_1SDV_20150906T052645_20150906T052714_007590_00A81D_5CB3_COG,1,True,S1A_IW_GRDH_1SDV_20150906T052645_20150906T052714_007590_00A81D_5CB3_COG,1,S1A,2015-09-06 05:26:45.524925+00:00,2015-09-06 05:27:14.436939+00:00,descending,168,"[8.656322, 44.856106, 12.289796, 46.986073]",4,4,3,2,11
"S1A|2015-09-07 17:14:30.352340+00:00|2015-09-07 17:14:55.351665+00:00|ascending|15|(7.777628, 44.188568, 11.352854, 46.084343)",S1A_IW_GRDH_1SDV_20150907T171430_20150907T171455_007612_00A8B1_49BA_COG,1,True,S1A_IW_GRDH_1SDV_20150907T171430_20150907T171455_007612_00A8B1_49BA_COG,1,S1A,2015-09-07 17:14:30.352340+00:00,2015-09-07 17:14:55.351665+00:00,ascending,15,"[7.777628, 44.188568, 11.352854, 46.084343]",4,4,3,2,11
"S1A|2015-09-11 05:34:50.177525+00:00|2015-09-11 05:35:19.083870+00:00|descending|66|(6.72042, 45.411633, 10.407352, 47.539089)",S1A_IW_GRDH_1SDV_20150911T053450_20150911T053519_007663_00AA27_A71D_COG,1,True,S1A_IW_GRDH_1SDV_20150911T053450_20150911T053519_007663_00AA27_A71D_COG,1,S1A,2015-09-11 05:34:50.177525+00:00,2015-09-11 05:35:19.083870+00:00,descending,66,"[6.72042, 45.411633, 10.407352, 47.539089]",4,4,3,2,11
"S1A|2015-09-11 05:35:19.085366+00:00|2015-09-11 05:35:44.084356+00:00|descending|66|(6.391136, 43.91259, 9.934654, 45.804436)",S1A_IW_GRDH_1SDV_20150911T053519_20150911T053544_007663_00AA27_574A_COG,1,True,S1A_IW_GRDH_1SDV_20150911T053519_20150911T053544_007663_00AA27_574A_COG,1,S1A,2015-09-11 05:35:19.085366+00:00,2015-09-11 05:35:44.084356+00:00,descending,66,"[6.391136, 43.91259, 9.934654, 45.804436]",4,4,3,2,11
"S1A|2015-09-12 17:22:46.979786+00:00|2015-09-12 17:23:11.978448+00:00|ascending|88|(5.699822, 44.361736, 9.329392, 46.256748)",S1A_IW_GRDH_1SDV_20150912T172246_20150912T172311_007685_00AAB1_02BD_COG,1,True,S1A_IW_GRDH_1SDV_20150912T172246_20150912T172311_007685_00AAB1_02BD_COG,1,S1A,2015-09-12 17:22:46.979786+00:00,2015-09-12 17:23:11.978448+00:00,ascending,88,"[5.699822, 44.361736, 9.329392, 46.256748]",4,4,3,2,11
"S1A|2015-09-18 05:26:45.810589+00:00|2015-09-18 05:27:14.716620+00:00|descending|168|(8.6562, 44.856083, 12.289569, 46.985653)",S1A_IW_GRDH_1SDV_20150918T052645_20150918T052714_007765_00ACC0_513F_COG,1,True,S1A_IW_GRDH_1SDV_20150918T052645_20150918T052714_007765_00ACC0_513F_COG,1,S1A,2015-09-18 05:26:45.810589+00:00,2015-09-18 05:27:14.716620+00:00,descending,168,"[8.6562, 44.856083, 12.289569, 46.985653]",4,4,3,2,11
"S1A|2015-09-19 17:14:30.636045+00:00|2015-09-19 17:14:55.633969+00:00|ascending|15|(7.778267, 44.188652, 11.353468, 46.084332)",S1A_IW_GRDH_1SDV_20150919T171430_20150919T171455_007787_00AD57_3475_COG,1,True,S1A_IW_GRDH_1SDV_20150919T171430_20150919T171455_007787_00AD57_3475_COG,1,S1A,2015-09-19 17:14:30.636045+00:00,2015-09-19 17:14:55.633969+00:00,ascending,15,"[7.778267, 44.188652, 11.353468, 46.084332]",4,4,3,2,11
"S1A|2015-09-23 05:34:50.453872+00:00|2015-09-23 05:35:19.361749+00:00|descending|66|(6.721196, 45.411503, 10.408309, 47.539112)",S1A_IW_GRDH_1SDV_20150923T053450_20150923T053519_007838_00AEBF_C1A1_COG,1,True,S1A_IW_GRDH_1SDV_20150923T053450_20150923T053519_007838_00AEBF_C1A1_COG,1,S1A,2015-09-23 05:34:50.453872+00:00,2015-09-23 05:35:19.361749+00:00,descending,66,"[6.721196, 45.411503, 10.408309, 47.539112]",4,4,3,2,11
"S1A|2015-09-23 05:35:19.363246+00:00|2015-09-23 05:35:44.362268+00:00|descending|66|(6.391998, 43.912464, 9.935539, 45.804359)",S1A_IW_GRDH_1SDV_20150923T053519_20150923T053544_007838_00AEBF_4476_COG,1,True,S1A_IW_GRDH_1SDV_20150923T053519_20150923T053544_007838_00AEBF_4476_COG,1,S1A,2015-09-23 05:35:19.363246+00:00,2015-09-23 05:35:44.362268+00:00,descending,66,"[6.391998, 43.912464, 9.935539, 45.804359]",4,4,3,2,11
"S1A|2015-09-24 17:22:47.265578+00:00|2015-09-24 17:23:12.264211+00:00|ascending|88|(5.699269, 44.361759, 9.328921, 46.25679)",S1A_IW_GRDH_1SDV_20150924T172247_20150924T172312_007860_00AF57_E989_COG,1,True,S1A_IW_GRDH_1SDV_20150924T172247_20150924T172312_007860_00AF57_E989_COG,1,S1A,2015-09-24 17:22:47.265578+00:00,2015-09-24 17:23:12.264211+00:00,ascending,88,"[5.699269, 44.361759, 9.328921, 46.25679]",4,4,3,2,11
"S1A|2015-09-30 05:26:46.091760+00:00|2015-09-30 05:27:15.006845+00:00|descending|168|(8.655999, 44.856113, 12.289435, 46.986206)",S1A_IW_GRDH_1SDV_20150930T052646_20150930T052715_007940_00B17D_D429_COG,1,True,S1A_IW_GRDH_1SDV_20150930T052646_20150930T052715_007940_00B17D_D429_COG,1,S1A,2015-09-30 05:26:46.091760+00:00,2015-09-30 05:27:15.006845+00:00,descending,168,"[8.655999, 44.856113, 12.289435, 46.986206]",4,4,3,2,11
"S1A|2016-04-02 05:35:07.257277+00:00|2016-04-02 05:35:32.255841+00:00|descending|66|(6.477502, 44.525257, 10.0959, 46.423733)",S1A_IW_GRDH_1SDV_20160402T053507_20160402T053532_010638_00FD7A_79D1_COG,1,True,S1A_IW_GRDH_1SDV_20160402T053507_20160402T053532_010638_00FD7A_79D1_COG,1,S1A,2016-04-02 05:35:07.257277+00:00,2016-04-02 05:35:32.255841+00:00,descending,66,"[6.477502, 44.525257, 10.0959, 46.423733]",4,4,3,2,11
"S1A|2016-04-03 17:22:32.596132+00:00|2016-04-03 17:22:57.594778+00:00|ascending|88|(5.912522, 43.588673, 9.478262, 45.492058)",S1A_IW_GRDH_1SDV_20160403T172232_20160403T172257_010660_00FE19_AAB5_COG,1,True,S1A_IW_GRDH_1SDV_20160403T172232_20160403T172257_010660_00FE19_AAB5_COG,1,S1A,2016-04-03 17:22:32.596132+00:00,2016-04-03 17:22:57.594778+00:00,ascending,88,"[5.912522, 43.588673, 9.478262, 45.492058]",4,4,3,2,11
"S1A|2016-04-03 17:22:57.596268+00:00|2016-04-03 17:23:22.593416+00:00|ascending|88|(5.459365, 45.091957, 9.180699, 46.98737)",S1A_IW_GRDH_1SDV_20160403T172257_20160403T172322_010660_00FE19_37E9_COG,1,True,S1A_IW_GRDH_1SDV_20160403T172257_20160403T172322_010660_00FE19_37E9_COG,1,S1A,2016-04-03 17:22:57.596268+00:00,2016-04-03 17:23:22.593416+00:00,ascending,88,"[5.459365, 45.091957, 9.180699, 46.98737]",4,4,3,2,11
"S1A|2016-04-09 05:26:43.539123+00:00|2016-04-09 05:27:08.538085+00:00|descending|168|(8.685734, 45.135654, 12.32355, 47.036652)",S1A_IW_GRDH_1SDV_20160409T052643_20160409T052708_010740_01007E_0970_COG,1,True,S1A_IW_GRDH_1SDV_20160409T052643_20160409T052708_010740_01007E_0970_COG,1,S1A,2016-04-09 05:26:43.539123+00:00,2016-04-09 05:27:08.538085+00:00,descending,168,"[8.685734, 45.135654, 12.32355, 47.036652]",4,4,3,2,11
"S1A|2016-04-09 05:27:08.539575+00:00|2016-04-09 05:27:33.538536+00:00|descending|168|(8.35404, 43.63707, 11.935093, 45.534496)",S1A_IW_GRDH_1SDV_20160409T052708_20160409T052733_010740_01007E_8152_COG,1,True,S1A_IW_GRDH_1SDV_20160409T052708_20160409T052733_010740_01007E_8152_COG,1,S1A,2016-04-09 05:27:08.539575+00:00,2016-04-09 05:27:33.538536+00:00,descending,168,"[8.35404, 43.63707, 11.935093, 45.534496]",4,4,3,2,11
"S1A|2016-04-10 17:14:23.763563+00:00|2016-04-10 17:14:48.762673+00:00|ascending|15|(7.857731, 43.864048, 11.502853, 45.768456)",S1A_IW_GRDH_1SDV_20160410T171423_20160410T171448_010762_010122_E46B_COG,1,True,S1A_IW_GRDH_1SDV_20160410T171423_20160410T171448_010762_010122_E46B_COG,1,S1A,2016-04-10 17:14:23.763563+00:00,2016-04-10 17:14:48.762673+00:00,ascending,15,"[7.857731, 43.864048, 11.502853, 45.768456]",4,4,3,2,11
"S1A|2016-04-10 17:14:48.764170+00:00|2016-04-10 17:15:13.761781+00:00|ascending|15|(7.444015, 45.363434, 11.177946, 47.26804)",S1A_IW_GRDH_1SDV_20160410T171448_20160410T171513_010762_010122_3076_COG,1,True,S1A_IW_GRDH_1SDV_20160410T171448_20160410T171513_010762_010122_3076_COG,1,S1A,2016-04-10 17:14:48.764170+00:00,2016-04-10 17:15:13.761781+00:00,ascending,15,"[7.444015, 45.363434, 11.177946, 47.26804]",4,4,3,2,11
"S1A|2016-04-14 05:34:53.762998+00:00|2016-04-14 05:35:18.762303+00:00|descending|66|(6.677999, 45.360367, 10.333602, 47.261002)",S1A_IW_GRDH_1SDV_20160414T053453_20160414T053518_010813_0102C0_C84E_COG,1,True,S1A_IW_GRDH_1SDV_20160414T053453_20160414T053518_010813_0102C0_C84E_COG,1,S1A,2016-04-14 05:34:53.762998+00:00,2016-04-14 05:35:18.762303+00:00,descending,66,"[6.677999, 45.360367, 10.333602, 47.261002]",4,4,3,2,11
"S1A|2016-04-14 05:35:18.763806+00:00|2016-04-14 05:35:43.761615+00:00|descending|66|(6.35003, 43.86134, 9.940337, 45.759247)",S1A_IW_GRDH_1SDV_20160414T053518_20160414T053543_010813_0102C0_9560_COG,1,True,S1A_IW_GRDH_1SDV_20160414T053518_20160414T053543_010813_0102C0_9560_COG,1,S1A,2016-04-14 05:35:18.763806+00:00,2016-04-14 05:35:43.761615+00:00,descending,66,"[6.35003, 43.86134, 9.940337, 45.759247]",4,4,3,2,11
"S1A|2016-04-15 17:22:40.490339+00:00|2016-04-15 17:23:05.488746+00:00|ascending|88|(5.794407, 44.037998, 9.390521, 45.932507)",S1A_IW_GRDH_1SDV_20160415T172240_20160415T172305_010835_01035A_BB9E_COG,1,True,S1A_IW_GRDH_1SDV_20160415T172240_20160415T172305_010835_01035A_BB9E_COG,1,S1A,2016-04-15 17:22:40.490339+00:00,2016-04-15 17:23:05.488746+00:00,ascending,88,"[5.794407, 44.037998, 9.390521, 45.932507]",4,4,3,2,11
"S1A|2016-04-21 05:26:55.317885+00:00|2016-04-21 05:27:20.317216+00:00|descending|168|(8.523037, 44.453445, 12.146241, 46.353767)",S1A_IW_GRDH_1SDV_20160421T052655_20160421T052720_010915_0105CD_B13F_COG,1,True,S1A_IW_GRDH_1SDV_20160421T052655_20160421T052720_010915_0105CD_B13F_COG,1,S1A,2016-04-21 05:26:55.317885+00:00,2016-04-21 05:27:20.317216+00:00,descending,168,"[8.523037, 44.453445, 12.146241, 46.353767]",4,4,3,2,11
"S1A|2016-04-22 17:14:24.172023+00:00|2016-04-22 17:14:49.169944+00:00|ascending|15|(7.859225, 43.864143, 11.463011, 45.763901)",S1A_IW_GRDH_1SDV_20160422T171424_20160422T171449_010937_010677_D047_COG,1,True,S1A_IW_GRDH_1SDV_20160422T171424_20160422T171449_010937_010677_D047_COG,1,S1A,2016-04-22 17:14:24.172023+00:00,2016-04-22 17:14:49.169944+00:00,ascending,15,"[7.859225, 43.864143, 11.463011, 45.763901]",4,4,3,2,11
"S1A|2016-04-22 17:14:49.171451+00:00|2016-04-22 17:15:14.169374+00:00|ascending|15|(7.445545, 45.363472, 11.137143, 47.263542)",S1A_IW_GRDH_1SDV_20160422T171449_20160422T171514_010937_010677_E291_COG,1,True,S1A_IW_GRDH_1SDV_20160422T171449_20160422T171514_010937_010677_E291_COG,1,S1A,2016-04-22 17:14:49.171451+00:00,2016-04-22 17:15:14.169374+00:00,ascending,15,"[7.445545, 45.363472, 11.137143, 47.263542]",4,4,3,2,11
"S1A|2016-04-26 05:35:08.159752+00:00|2016-04-26 05:35:33.158429+00:00|descending|66|(6.477623, 44.525223, 10.095981, 46.423683)",S1A_IW_GRDH_1SDV_20160426T053508_20160426T053533_010988_01081D_1942_COG,1,True,S1A_IW_GRDH_1SDV_20160426T053508_20160426T053533_010988_01081D_1942_COG,1,S1A,2016-04-26 05:35:08.159752+00:00,2016-04-26 05:35:33.158429+00:00,descending,66,"[6.477623, 44.525223, 10.095981, 46.423683]",4,4,3,2,11
"S1A|2016-04-27 17:22:33.492012+00:00|2016-04-27 17:22:58.490573+00:00|ascending|88|(5.913664, 43.588734, 9.478848, 45.492153)",S1A_IW_GRDH_1SDV_20160427T172233_20160427T172258_011010_0108C8_1108_COG,1,True,S1A_IW_GRDH_1SDV_20160427T172233_20160427T172258_011010_0108C8_1108_COG,1,S1A,2016-04-27 17:22:33.492012+00:00,2016-04-27 17:22:58.490573+00:00,ascending,88,"[5.913664, 43.588734, 9.478848, 45.492153]",4,4,3,2,11
"S1A|2016-04-27 17:22:58.492075+00:00|2016-04-27 17:23:23.490636+00:00|ascending|88|(5.460016, 45.092079, 9.181809, 46.987522)",S1A_IW_GRDH_1SDV_20160427T172258_20160427T172323_011010_0108C8_3D48_COG,1,True,S1A_IW_GRDH_1SDV_20160427T172258_20160427T172323_011010_0108C8_3D48_COG,1,S1A,2016-04-27 17:22:58.492075+00:00,2016-04-27 17:23:23.490636+00:00,ascending,88,"[5.460016, 45.092079, 9.181809, 46.987522]",4,4,3,2,11
"S1A|2016-05-03 05:26:44.538991+00:00|2016-05-03 05:27:09.537912+00:00|descending|168|(8.685684, 45.135696, 12.323384, 47.036655)",S1A_IW_GRDH_1SDV_20160503T052644_20160503T052709_011090_010B55_AD58_COG,1,True,S1A_IW_GRDH_1SDV_20160503T052644_20160503T052709_011090_010B55_AD58_COG,1,S1A,2016-05-03 05:26:44.538991+00:00,2016-05-03 05:27:09.537912+00:00,descending,168,"[8.685684, 45.135696, 12.323384, 47.036655]",4,4,3,2,11
"S1A|2016-05-03 05:27:09.539402+00:00|2016-05-03 05:27:34.538323+00:00|descending|168|(8.353882, 43.637108, 11.934922, 45.534515)",S1A_IW_GRDH_1SDV_20160503T052709_20160503T052734_011090_010B55_61F5_COG,1,True,S1A_IW_GRDH_1SDV_20160503T052709_20160503T052734_011090_010B55_61F5_COG,1,S1A,2016-05-03 05:27:09.539402+00:00,2016-05-03 05:27:34.538323+00:00,descending,168,"[8.353882, 43.637108, 11.934922, 45.534515]",4,4,3,2,11
"S1A|2016-05-04 17:14:24.666655+00:00|2016-05-04 17:14:49.664354+00:00|ascending|15|(7.859368, 43.864048, 11.504478, 45.768318)",S1A_IW_GRDH_1SDV_20160504T171424_20160504T171449_011112_010BED_AE0D_COG,1,True,S1A_IW_GRDH_1SDV_20160504T171424_20160504T171449_011112_010BED_AE0D_COG,1,S1A,2016-05-04 17:14:24.666655+00:00,2016-05-04 17:14:49.664354+00:00,ascending,15,"[7.859368, 43.864048, 11.504478, 45.768318]",4,4,3,2,11
"S1A|2016-05-04 17:14:49.665854+00:00|2016-05-04 17:15:14.665052+00:00|ascending|15|(7.445693, 45.363361, 11.17972, 47.267998)",S1A_IW_GRDH_1SDV_20160504T171449_20160504T171514_011112_010BED_9188_COG,1,True,S1A_IW_GRDH_1SDV_20160504T171449_20160504T171514_011112_010BED_9188_COG,1,S1A,2016-05-04 17:14:49.665854+00:00,2016-05-04 17:15:14.665052+00:00,ascending,15,"[7.445693, 45.363361, 11.17972, 47.267998]",4,4,3,2,11
"S1A|2016-05-08 05:34:54.859777+00:00|2016-05-08 05:35:19.859096+00:00|descending|66|(6.676657, 45.36034, 10.33178, 47.260963)",S1A_IW_GRDH_1SDV_20160508T053454_20160508T053519_011163_010DA8_361C_COG,1,True,S1A_IW_GRDH_1SDV_20160508T053454_20160508T053519_011163_010DA8_361C_COG,1,S1A,2016-05-08 05:34:54.859777+00:00,2016-05-08 05:35:19.859096+00:00,descending,66,"[6.676657, 45.36034, 10.33178, 47.260963]",4,4,3,2,11
"S1A|2016-05-08 05:35:19.860593+00:00|2016-05-08 05:35:44.858415+00:00|descending|66|(6.348753, 43.861309, 9.939008, 45.759155)",S1A_IW_GRDH_1SDV_20160508T053519_20160508T053544_011163_010DA8_A041_COG,1,True,S1A_IW_GRDH_1SDV_20160508T053519_20160508T053544_011163_010DA8_A041_COG,1,S1A,2016-05-08 05:35:19.860593+00:00,2016-05-08 05:35:44.858415+00:00,descending,66,"[6.348753, 43.861309, 9.939008, 45.759155]",4,4,3,2,11
"S1A|2016-05-09 17:22:41.642452+00:00|2016-05-09 17:23:06.640851+00:00|ascending|88|(5.794819, 44.038063, 9.390908, 45.932545)",S1A_IW_GRDH_1SDV_20160509T172241_20160509T172306_011185_010E48_BF9B_COG,1,True,S1A_IW_GRDH_1SDV_20160509T172241_20160509T172306_011185_010E48_BF9B_COG,1,S1A,2016-05-09 17:22:41.642452+00:00,2016-05-09 17:23:06.640851+00:00,ascending,88,"[5.794819, 44.038063, 9.390908, 45.932545]",4,4,3,2,11
"S1A|2016-05-15 05:26:53.935093+00:00|2016-05-15 05:27:18.934407+00:00|descending|168|(8.560905, 44.61858, 12.187897, 46.519821)",S1A_IW_GRDH_1SDV_20160515T052653_20160515T052718_011265_0110E3_0EB6_COG,1,True,S1A_IW_GRDH_1SDV_20160515T052653_20160515T052718_011265_0110E3_0EB6_COG,1,S1A,2016-05-15 05:26:53.935093+00:00,2016-05-15 05:27:18.934407+00:00,descending,168,"[8.560905, 44.61858, 12.187897, 46.519821]",4,4,3,2,11
"S1A|2016-05-15 05:27:18.935906+00:00|2016-05-15 05:27:43.933724+00:00|descending|168|(8.229893, 43.119946, 11.792006, 45.018654)",S1A_IW_GRDH_1SDV_20160515T052718_20160515T052743_011265_0110E3_1A44_COG,1,True,S1A_IW_GRDH_1SDV_20160515T052718_20160515T052743_011265_0110E3_1A44_COG,1,S1A,2016-05-15 05:27:18.935906+00:00,2016-05-15 05:27:43.933724+00:00,descending,168,"[8.229893, 43.119946, 11.792006, 45.018654]",4,4,3,2,11
"S1A|2016-05-16 17:14:25.454249+00:00|2016-05-16 17:14:50.452494+00:00|ascending|15|(7.858207, 43.86404, 11.466857, 45.7644)",S1A_IW_GRDH_1SDV_20160516T171425_20160516T171450_011287_011198_16E0_COG,1,True,S1A_IW_GRDH_1SDV_20160516T171425_20160516T171450_011287_011198_16E0_COG,1,S1A,2016-05-16 17:14:25.454249+00:00,2016-05-16 17:14:50.452494+00:00,ascending,15,"[7.858207, 43.86404, 11.466857, 45.7644]",4,4,3,2,11
"S1A|2016-05-16 17:14:50.454000+00:00|2016-05-16 17:15:15.452246+00:00|ascending|15|(7.444498, 45.36338, 11.141057, 47.264053)",S1A_IW_GRDH_1SDV_20160516T171450_20160516T171515_011287_011198_BC51_COG,1,True,S1A_IW_GRDH_1SDV_20160516T171450_20160516T171515_011287_011198_BC51_COG,1,S1A,2016-05-16 17:14:50.454000+00:00,2016-05-16 17:15:15.452246+00:00,ascending,15,"[7.444498, 45.36338, 11.141057, 47.264053]",4,4,3,2,11
"S1A|2016-05-20 05:35:12.099340+00:00|2016-05-20 05:35:37.097231+00:00|descending|66|(6.443183, 44.359806, 10.057528, 46.257195)",S1A_IW_GRDH_1SDV_20160520T053512_20160520T053537_011338_01134D_5A10_COG,1,True,S1A_IW_GRDH_1SDV_20160520T053512_20160520T053537_011338_01134D_5A10_COG,1,S1A,2016-05-20 05:35:12.099340+00:00,2016-05-20 05:35:37.097231+00:00,descending,66,"[6.443183, 44.359806, 10.057528, 46.257195]",4,4,3,2,11
"S1A|2016-05-21 17:22:37.508773+00:00|2016-05-21 17:23:02.507611+00:00|ascending|88|(5.865003, 43.755192, 9.454802, 45.657368)",S1A_IW_GRDH_1SDV_20160521T172237_20160521T172302_011360_011401_7483_COG,1,True,S1A_IW_GRDH_1SDV_20160521T172237_20160521T172302_011360_011401_7483_COG,1,S1A,2016-05-21 17:22:37.508773+00:00,2016-05-21 17:23:02.507611+00:00,ascending,88,"[5.865003, 43.755192, 9.454802, 45.657368]",4,4,3,2,11
"S1A|2016-05-21 17:23:02.509056+00:00|2016-05-21 17:23:27.507888+00:00|ascending|88|(5.412595, 45.256874, 9.145999, 47.152969)",S1A_IW_GRDH_1SDV_20160521T172302_20160521T172327_011360_011401_3DBF_COG,1,True,S1A_IW_GRDH_1SDV_20160521T172302_20160521T172327_011360_011401_3DBF_COG,1,S1A,2016-05-21 17:23:02.509056+00:00,2016-05-21 17:23:27.507888+00:00,ascending,88,"[5.412595, 45.256874, 9.145999, 47.152969]",4,4,3,2,11
"S1A|2016-05-27 05:26:48.625322+00:00|2016-05-27 05:27:13.623553+00:00|descending|168|(8.651037, 44.970303, 12.280965, 46.87077)",S1A_IW_GRDH_1SDV_20160527T052648_20160527T052713_011440_0116A9_EC4B_COG,1,True,S1A_IW_GRDH_1SDV_20160527T052648_20160527T052713_011440_0116A9_EC4B_COG,1,S1A,2016-05-27 05:26:48.625322+00:00,2016-05-27 05:27:13.623553+00:00,descending,168,"[8.651037, 44.970303, 12.280965, 46.87077]",4,4,3,2,11
"S1A|2016-05-27 05:27:13.625049+00:00|2016-05-27 05:27:38.624776+00:00|descending|168|(8.318771, 43.471706, 11.889856, 45.369049)",S1A_IW_GRDH_1SDV_20160527T052713_20160527T052738_011440_0116A9_60F9_COG,1,True,S1A_IW_GRDH_1SDV_20160527T052713_20160527T052738_011440_0116A9_60F9_COG,1,S1A,2016-05-27 05:27:13.625049+00:00,2016-05-27 05:27:38.624776+00:00,descending,168,"[8.318771, 43.471706, 11.889856, 45.369049]",4,4,3,2,11
"S1A|2016-05-28 17:14:23.353008+00:00|2016-05-28 17:14:48.351437+00:00|ascending|15|(7.903231, 43.698589, 11.538971, 45.602962)",S1A_IW_GRDH_1SDV_20160528T171423_20160528T171448_011462_011752_45F5_COG,1,True,S1A_IW_GRDH_1SDV_20160528T171423_20160528T171448_011462_011752_45F5_COG,1,S1A,2016-05-28 17:14:23.353008+00:00,2016-05-28 17:14:48.351437+00:00,ascending,15,"[7.903231, 43.698589, 11.538971, 45.602962]",4,4,3,2,11
"S1A|2016-05-28 17:14:48.352935+00:00|2016-05-28 17:15:13.351364+00:00|ascending|15|(7.503487, 45.19791, 11.213616, 47.103916)",S1A_IW_GRDH_1SDV_20160528T171448_20160528T171513_011462_011752_D223_COG,1,True,S1A_IW_GRDH_1SDV_20160528T171448_20160528T171513_011462_011752_D223_COG,1,S1A,2016-05-28 17:14:48.352935+00:00,2016-05-28 17:15:13.351364+00:00,ascending,15,"[7.503487, 45.19791, 11.213616, 47.103916]",4,4,3,2,11
"S1A|2016-06-01 05:34:55.823681+00:00|2016-06-01 05:35:20.822651+00:00|descending|66|(6.607321, 45.379128, 10.333299, 47.286774)",S1A_IW_GRDH_1SDV_20160601T053455_20160601T053520_011513_011906_6FE6_COG,1,True,S1A_IW_GRDH_1SDV_20160601T053455_20160601T053520_011513_011906_6FE6_COG,1,S1A,2016-06-01 05:34:55.823681+00:00,2016-06-01 05:35:20.822651+00:00,descending,66,"[6.607321, 45.379128, 10.333299, 47.286774]",4,4,3,2,11
"S1A|2016-06-01 05:35:20.824177+00:00|2016-06-01 05:35:45.821649+00:00|descending|66|(6.281111, 43.880138, 9.93956, 45.78516)",S1A_IW_GRDH_1SDV_20160601T053520_20160601T053545_011513_011906_48A5_COG,1,True,S1A_IW_GRDH_1SDV_20160601T053520_20160601T053545_011513_011906_48A5_COG,1,S1A,2016-06-01 05:35:20.824177+00:00,2016-06-01 05:35:45.821649+00:00,descending,66,"[6.281111, 43.880138, 9.93956, 45.78516]",4,4,3,2,11
"S1A|2016-06-02 17:22:40.971492+00:00|2016-06-02 17:23:05.970219+00:00|ascending|88|(5.806962, 43.921967, 9.426888, 45.821712)",S1A_IW_GRDH_1SDV_20160602T172240_20160602T172305_011535_0119AA_EEC9_COG,1,True,S1A_IW_GRDH_1SDV_20160602T172240_20160602T172305_011535_0119AA_EEC9_COG,1,S1A,2016-06-02 17:22:40.971492+00:00,2016-06-02 17:23:05.970219+00:00,ascending,88,"[5.806962, 43.921967, 9.426888, 45.821712]",4,4,3,2,11
"S1A|2016-06-02 17:23:05.971725+00:00|2016-06-02 17:23:30.970453+00:00|ascending|88|(5.359616, 45.420818, 9.098012, 47.317951)",S1A_IW_GRDH_1SDV_20160602T172305_20160602T172330_011535_0119AA_75D4_COG,1,True,S1A_IW_GRDH_1SDV_20160602T172305_20160602T172330_011535_0119AA_75D4_COG,1,S1A,2016-06-02 17:23:05.971725+00:00,2016-06-02 17:23:30.970453+00:00,ascending,88,"[5.359616, 45.420818, 9.098012, 47.317951]",4,4,3,2,11
"S1A|2016-06-08 05:27:03.013475+00:00|2016-06-08 05:27:28.011235+00:00|descending|168|(8.379436, 44.152836, 12.072223, 46.057831)",S1A_IW_GRDH_1SDV_20160608T052703_20160608T052728_011615_011C21_D117_COG,1,True,S1A_IW_GRDH_1SDV_20160608T052703_20160608T052728_011615_011C21_D117_COG,1,S1A,2016-06-08 05:27:03.013475+00:00,2016-06-08 05:27:28.011235+00:00,descending,168,"[8.379436, 44.152836, 12.072223, 46.057831]",4,4,3,2,11
"S1A|2016-06-09 17:14:24.055412+00:00|2016-06-09 17:14:49.053819+00:00|ascending|15|(7.903533, 43.698578, 11.539144, 45.602928)",S1A_IW_GRDH_1SDV_20160609T171424_20160609T171449_011637_011CD1_1065_COG,1,True,S1A_IW_GRDH_1SDV_20160609T171424_20160609T171449_011637_011CD1_1065_COG,1,S1A,2016-06-09 17:14:24.055412+00:00,2016-06-09 17:14:49.053819+00:00,ascending,15,"[7.903533, 43.698578, 11.539144, 45.602928]",4,4,3,2,11
"S1A|2016-06-09 17:14:49.055317+00:00|2016-06-09 17:15:14.053724+00:00|ascending|15|(7.503852, 45.197899, 11.21392, 47.103901)",S1A_IW_GRDH_1SDV_20160609T171449_20160609T171514_011637_011CD1_EE7D_COG,1,True,S1A_IW_GRDH_1SDV_20160609T171449_20160609T171514_011637_011CD1_EE7D_COG,1,S1A,2016-06-09 17:14:49.055317+00:00,2016-06-09 17:15:14.053724+00:00,ascending,15,"[7.503852, 45.197899, 11.21392, 47.103901]",4,4,3,2,11
"S1A|2016-06-13 05:35:16.999686+00:00|2016-06-13 05:35:46.036469+00:00|descending|66|(6.392022, 43.914238, 10.012745, 46.05069)",S1A_IW_GRDH_1SDV_20160613T053516_20160613T053546_011688_011E7E_4770_COG,1,True,S1A_IW_GRDH_1SDV_20160613T053516_20160613T053546_011688_011E7E_4770_COG,1,S1A,2016-06-13 05:35:16.999686+00:00,2016-06-13 05:35:46.036469+00:00,descending,66,"[6.392022, 43.914238, 10.012745, 46.05069]",4,4,3,2,11
"S1A|2016-06-14 17:22:41.752688+00:00|2016-06-14 17:23:06.750004+00:00|ascending|88|(5.805999, 43.92189, 9.426041, 45.821594)",S1A_IW_GRDH_1SDV_20160614T172241_20160614T172306_011710_011F26_C679_COG,1,True,S1A_IW_GRDH_1SDV_20160614T172241_20160614T172306_011710_011F26_C679_COG,1,S1A,2016-06-14 17:22:41.752688+00:00,2016-06-14 17:23:06.750004+00:00,ascending,88,"[5.805999, 43.92189, 9.426041, 45.821594]",4,4,3,2,11
"S1A|2016-06-14 17:23:06.751522+00:00|2016-06-14 17:23:31.750337+00:00|ascending|88|(5.358613, 45.42065, 9.09703, 47.317818)",S1A_IW_GRDH_1SDV_20160614T172306_20160614T172331_011710_011F26_0FB0_COG,1,True,S1A_IW_GRDH_1SDV_20160614T172306_20160614T172331_011710_011F26_0FB0_COG,1,S1A,2016-06-14 17:23:06.751522+00:00,2016-06-14 17:23:31.750337+00:00,ascending,88,"[5.358613, 45.42065, 9.09703, 47.317818]",4,4,3,2,11
"S1A|2016-07-07 05:34:57.991889+00:00|2016-07-07 05:35:22.990936+00:00|descending|66|(6.607355, 45.379082, 10.333384, 47.286751)",S1A_IW_GRDH_1SDV_20160707T053457_20160707T053522_012038_0129AA_ADAE_COG,1,True,S1A_IW_GRDH_1SDV_20160707T053457_20160707T053522_012038_0129AA_ADAE_COG,1,S1A,2016-07-07 05:34:57.991889+00:00,2016-07-07 05:35:22.990936+00:00,descending,66,"[6.607355, 45.379082, 10.333384, 47.286751]",4,4,3,2,11
"S1A|2016-07-07 05:35:22.992436+00:00|2016-07-07 05:35:47.989984+00:00|descending|66|(6.28127, 43.880093, 9.939717, 45.785114)",S1A_IW_GRDH_1SDV_20160707T053522_20160707T053547_012038_0129AA_6543_COG,1,True,S1A_IW_GRDH_1SDV_20160707T053522_20160707T053547_012038_0129AA_6543_COG,1,S1A,2016-07-07 05:35:22.992436+00:00,2016-07-07 05:35:47.989984+00:00,descending,66,"[6.28127, 43.880093, 9.939717, 45.785114]",4,4,3,2,11
"S1A|2016-07-08 17:22:43.126513+00:00|2016-07-08 17:23:08.125531+00:00|ascending|88|(5.806397, 43.921955, 9.391042, 45.817867)",S1A_IW_GRDH_1SDV_20160708T172243_20160708T172308_012060_012A5B_614E_COG,1,True,S1A_IW_GRDH_1SDV_20160708T172243_20160708T172308_012060_012A5B_614E_COG,1,S1A,2016-07-08 17:22:43.126513+00:00,2016-07-08 17:23:08.125531+00:00,ascending,88,"[5.806397, 43.921955, 9.391042, 45.817867]",4,4,3,2,11
"S1A|2016-07-08 17:23:08.127027+00:00|2016-07-08 17:23:33.126046+00:00|ascending|88|(5.359011, 45.420818, 9.061069, 47.314117)",S1A_IW_GRDH_1SDV_20160708T172308_20160708T172333_012060_012A5B_B97B_COG,1,True,S1A_IW_GRDH_1SDV_20160708T172308_20160708T172333_012060_012A5B_B97B_COG,1,S1A,2016-07-08 17:23:08.127027+00:00,2016-07-08 17:23:33.126046+00:00,ascending,88,"[5.359011, 45.420818, 9.061069, 47.314117]",4,4,3,2,11
"S1A|2016-07-14 05:27:04.891180+00:00|2016-07-14 05:27:29.889022+00:00|descending|168|(8.380897, 44.15274, 12.073821, 46.057766)",S1A_IW_GRDH_1SDV_20160714T052704_20160714T052729_012140_012CF8_C92F_COG,1,True,S1A_IW_GRDH_1SDV_20160714T052704_20160714T052729_012140_012CF8_C92F_COG,1,S1A,2016-07-14 05:27:04.891180+00:00,2016-07-14 05:27:29.889022+00:00,descending,168,"[8.380897, 44.15274, 12.073821, 46.057766]",4,4,3,2,11
"S1A|2016-07-15 17:14:25.989736+00:00|2016-07-15 17:14:50.989563+00:00|ascending|15|(7.904108, 43.698711, 11.539747, 45.603142)",S1A_IW_GRDH_1SDV_20160715T171425_20160715T171450_012162_012DA2_DDCF_COG,1,True,S1A_IW_GRDH_1SDV_20160715T171425_20160715T171450_012162_012DA2_DDCF_COG,1,S1A,2016-07-15 17:14:25.989736+00:00,2016-07-15 17:14:50.989563+00:00,ascending,15,"[7.904108, 43.698711, 11.539747, 45.603142]",4,4,3,2,11
"S1A|2016-07-15 17:14:50.991060+00:00|2016-07-15 17:15:15.989389+00:00|ascending|15|(7.504155, 45.198124, 11.214384, 47.104073)",S1A_IW_GRDH_1SDV_20160715T171450_20160715T171515_012162_012DA2_E64B_COG,1,True,S1A_IW_GRDH_1SDV_20160715T171450_20160715T171515_012162_012DA2_E64B_COG,1,S1A,2016-07-15 17:14:50.991060+00:00,2016-07-15 17:15:15.989389+00:00,ascending,15,"[7.504155, 45.198124, 11.214384, 47.104073]",4,4,3,2,11
"S1A|2016-07-19 05:34:58.530411+00:00|2016-07-19 05:35:23.529500+00:00|descending|66|(6.607868, 45.379051, 10.333934, 47.286713)",S1A_IW_GRDH_1SDV_20160719T053458_20160719T053523_012213_012F5D_2EA9_COG,1,True,S1A_IW_GRDH_1SDV_20160719T053458_20160719T053523_012213_012F5D_2EA9_COG,1,S1A,2016-07-19 05:34:58.530411+00:00,2016-07-19 05:35:23.529500+00:00,descending,66,"[6.607868, 45.379051, 10.333934, 47.286713]",4,4,3,2,11
"S1A|2016-07-19 05:35:23.530996+00:00|2016-07-19 05:35:48.530084+00:00|descending|66|(6.281778, 43.879971, 9.940232, 45.78508)",S1A_IW_GRDH_1SDV_20160719T053523_20160719T053548_012213_012F5D_34D3_COG,1,True,S1A_IW_GRDH_1SDV_20160719T053523_20160719T053548_012213_012F5D_34D3_COG,1,S1A,2016-07-19 05:35:23.530996+00:00,2016-07-19 05:35:48.530084+00:00,descending,66,"[6.281778, 43.879971, 9.940232, 45.78508]",4,4,3,2,11
"S1A|2016-07-20 17:22:43.673751+00:00|2016-07-20 17:23:08.672432+00:00|ascending|88|(5.807866, 43.922028, 9.427791, 45.821762)",S1A_IW_GRDH_1SDV_20160720T172243_20160720T172308_012235_013003_A2C7_COG,1,True,S1A_IW_GRDH_1SDV_20160720T172243_20160720T172308_012235_013003_A2C7_COG,1,S1A,2016-07-20 17:22:43.673751+00:00,2016-07-20 17:23:08.672432+00:00,ascending,88,"[5.807866, 43.922028, 9.427791, 45.821762]",4,4,3,2,11
"S1A|2016-07-20 17:23:08.673918+00:00|2016-07-20 17:23:33.672599+00:00|ascending|88|(5.360687, 45.420879, 9.098795, 47.318005)",S1A_IW_GRDH_1SDV_20160720T172308_20160720T172333_012235_013003_368E_COG,1,True,S1A_IW_GRDH_1SDV_20160720T172308_20160720T172333_012235_013003_368E_COG,1,S1A,2016-07-20 17:23:08.673918+00:00,2016-07-20 17:23:33.672599+00:00,ascending,88,"[5.360687, 45.420879, 9.098795, 47.318005]",4,4,3,2,11
"S1A|2016-07-26 05:27:05.687285+00:00|2016-07-26 05:27:30.685128+00:00|descending|168|(8.380382, 44.152706, 12.073429, 46.057751)",S1A_IW_GRDH_1SDV_20160726T052705_20160726T052730_012315_0132A1_5F97_COG,1,True,S1A_IW_GRDH_1SDV_20160726T052705_20160726T052730_012315_0132A1_5F97_COG,1,S1A,2016-07-26 05:27:05.687285+00:00,2016-07-26 05:27:30.685128+00:00,descending,168,"[8.380382, 44.152706, 12.073429, 46.057751]",4,4,3,2,11
"S1A|2016-07-27 17:14:26.697452+00:00|2016-07-27 17:14:51.695861+00:00|ascending|15|(7.903309, 43.69865, 11.538935, 45.603024)",S1A_IW_GRDH_1SDV_20160727T171426_20160727T171451_012337_013359_BCD8_COG,1,True,S1A_IW_GRDH_1SDV_20160727T171426_20160727T171451_012337_013359_BCD8_COG,1,S1A,2016-07-27 17:14:26.697452+00:00,2016-07-27 17:14:51.695861+00:00,ascending,15,"[7.903309, 43.69865, 11.538935, 45.603024]",4,4,3,2,11
"S1A|2016-07-27 17:14:51.697360+00:00|2016-07-27 17:15:16.695768+00:00|ascending|15|(7.503435, 45.197975, 11.213694, 47.103977)",S1A_IW_GRDH_1SDV_20160727T171451_20160727T171516_012337_013359_5189_COG,1,True,S1A_IW_GRDH_1SDV_20160727T171451_20160727T171516_012337_013359_5189_COG,1,S1A,2016-07-27 17:14:51.697360+00:00,2016-07-27 17:15:16.695768+00:00,ascending,15,"[7.503435, 45.197975, 11.213694, 47.103977]",4,4,3,2,11
"S1A|2016-07-31 05:35:08.678759+00:00|2016-07-31 05:35:37.699525+00:00|descending|66|(6.519599, 44.577717, 10.14907, 46.716644)",S1A_IW_GRDH_1SDV_20160731T053508_20160731T053537_012388_013519_3993_COG,1,True,S1A_IW_GRDH_1SDV_20160731T053508_20160731T053537_012388_013519_3993_COG,1,S1A,2016-07-31 05:35:08.678759+00:00,2016-07-31 05:35:37.699525+00:00,descending,66,"[6.519599, 44.577717, 10.14907, 46.716644]",4,4,3,2,11
"S1A|2016-08-01 17:22:44.545468+00:00|2016-08-01 17:23:09.544343+00:00|ascending|88|(5.806397, 43.921871, 9.42657, 45.821651)",S1A_IW_GRDH_1SDV_20160801T172244_20160801T172309_012410_0135D4_01F7_COG,1,True,S1A_IW_GRDH_1SDV_20160801T172244_20160801T172309_012410_0135D4_01F7_COG,1,S1A,2016-08-01 17:22:44.545468+00:00,2016-08-01 17:23:09.544343+00:00,ascending,88,"[5.806397, 43.921871, 9.42657, 45.821651]",4,4,3,2,11
"S1A|2016-08-01 17:23:09.545819+00:00|2016-08-01 17:23:34.544692+00:00|ascending|88|(5.359034, 45.420719, 9.097568, 47.317867)",S1A_IW_GRDH_1SDV_20160801T172309_20160801T172334_012410_0135D4_D960_COG,1,True,S1A_IW_GRDH_1SDV_20160801T172309_20160801T172334_012410_0135D4_D960_COG,1,S1A,2016-08-01 17:23:09.545819+00:00,2016-08-01 17:23:34.544692+00:00,ascending,88,"[5.359034, 45.420719, 9.097568, 47.317867]",4,4,3,2,11
"S1A|2016-08-07 05:26:50.853993+00:00|2016-08-07 05:27:19.880102+00:00|descending|168|(8.647758, 44.846252, 12.307011, 46.987068)",S1A_IW_GRDH_1SDV_20160807T052650_20160807T052719_012490_013884_E979_COG,1,True,S1A_IW_GRDH_1SDV_20160807T052650_20160807T052719_012490_013884_E979_COG,1,S1A,2016-08-07 05:26:50.853993+00:00,2016-08-07 05:27:19.880102+00:00,descending,168,"[8.647758, 44.846252, 12.307011, 46.987068]",4,4,3,2,11
"S1A|2016-08-07 05:27:19.881597+00:00|2016-08-07 05:27:44.880538+00:00|descending|168|(8.314549, 43.347755, 11.858525, 45.242794)",S1A_IW_GRDH_1SDV_20160807T052719_20160807T052744_012490_013884_8578_COG,1,True,S1A_IW_GRDH_1SDV_20160807T052719_20160807T052744_012490_013884_8578_COG,1,S1A,2016-08-07 05:27:19.881597+00:00,2016-08-07 05:27:44.880538+00:00,descending,168,"[8.314549, 43.347755, 11.858525, 45.242794]",4,4,3,2,11
"S1A|2016-08-08 17:14:27.420136+00:00|2016-08-08 17:14:52.418570+00:00|ascending|15|(7.903324, 43.698715, 11.538943, 45.603069)",S1A_IW_GRDH_1SDV_20160808T171427_20160808T171452_012512_01392E_C14A_COG,1,True,S1A_IW_GRDH_1SDV_20160808T171427_20160808T171452_012512_01392E_C14A_COG,1,S1A,2016-08-08 17:14:27.420136+00:00,2016-08-08 17:14:52.418570+00:00,ascending,15,"[7.903324, 43.698715, 11.538943, 45.603069]",4,4,3,2,11
"S1A|2016-08-08 17:14:52.420068+00:00|2016-08-08 17:15:17.418502+00:00|ascending|15|(7.503615, 45.198036, 11.213717, 47.104042)",S1A_IW_GRDH_1SDV_20160808T171452_20160808T171517_012512_01392E_EBF8_COG,1,True,S1A_IW_GRDH_1SDV_20160808T171452_20160808T171517_012512_01392E_EBF8_COG,1,S1A,2016-08-08 17:14:52.420068+00:00,2016-08-08 17:15:17.418502+00:00,ascending,15,"[7.503615, 45.198036, 11.213717, 47.104042]",4,4,3,2,11
"S1A|2016-08-12 05:34:59.786131+00:00|2016-08-12 05:35:24.785227+00:00|descending|66|(6.609103, 45.378971, 10.334622, 47.286751)",S1A_IW_GRDH_1SDV_20160812T053459_20160812T053524_012563_013AED_7222_COG,1,True,S1A_IW_GRDH_1SDV_20160812T053459_20160812T053524_012563_013AED_7222_COG,1,S1A,2016-08-12 05:34:59.786131+00:00,2016-08-12 05:35:24.785227+00:00,descending,66,"[6.609103, 45.378971, 10.334622, 47.286751]",4,4,3,2,11
"S1A|2016-08-12 05:35:24.786724+00:00|2016-08-12 05:35:49.785820+00:00|descending|66|(6.282951, 43.879898, 9.941447, 45.785069)",S1A_IW_GRDH_1SDV_20160812T053524_20160812T053549_012563_013AED_4FC5_COG,1,True,S1A_IW_GRDH_1SDV_20160812T053524_20160812T053549_012563_013AED_4FC5_COG,1,S1A,2016-08-12 05:35:24.786724+00:00,2016-08-12 05:35:49.785820+00:00,descending,66,"[6.282951, 43.879898, 9.941447, 45.785069]",4,4,3,2,11
"S1A|2016-08-13 17:22:45.004262+00:00|2016-08-13 17:23:10.002941+00:00|ascending|88|(5.806531, 43.922035, 9.426368, 45.8218)",S1A_IW_GRDH_1SDV_20160813T172245_20160813T172310_012585_013B95_2D55_COG,1,True,S1A_IW_GRDH_1SDV_20160813T172245_20160813T172310_012585_013B95_2D55_COG,1,S1A,2016-08-13 17:22:45.004262+00:00,2016-08-13 17:23:10.002941+00:00,ascending,88,"[5.806531, 43.922035, 9.426368, 45.8218]",4,4,3,2,11
"S1A|2016-08-13 17:23:10.004478+00:00|2016-08-13 17:23:35.003162+00:00|ascending|88|(5.359135, 45.420887, 9.097449, 47.318035)",S1A_IW_GRDH_1SDV_20160813T172310_20160813T172335_012585_013B95_5BA5_COG,1,True,S1A_IW_GRDH_1SDV_20160813T172310_20160813T172335_012585_013B95_5BA5_COG,1,S1A,2016-08-13 17:23:10.004478+00:00,2016-08-13 17:23:35.003162+00:00,ascending,88,"[5.359135, 45.420887, 9.097449, 47.318035]",4,4,3,2,11
"S1A|2016-08-19 05:27:07.062194+00:00|2016-08-19 05:27:32.060032+00:00|descending|168|(8.378512, 44.152729, 12.071756, 46.057629)",S1A_IW_GRDH_1SDV_20160819T052707_20160819T052732_012665_013E40_BCA9_COG,1,True,S1A_IW_GRDH_1SDV_20160819T052707_20160819T052732_012665_013E40_BCA9_COG,1,S1A,2016-08-19 05:27:07.062194+00:00,2016-08-19 05:27:32.060032+00:00,descending,168,"[8.378512, 44.152729, 12.071756, 46.057629]",4,4,3,2,11
"S1A|2016-08-24 05:35:00.523711+00:00|2016-08-24 05:35:25.522830+00:00|descending|66|(6.608676, 45.378975, 10.334214, 47.286762)",S1A_IW_GRDH_1SDV_20160824T053500_20160824T053525_012738_0140C6_B897_COG,1,True,S1A_IW_GRDH_1SDV_20160824T053500_20160824T053525_012738_0140C6_B897_COG,1,S1A,2016-08-24 05:35:00.523711+00:00,2016-08-24 05:35:25.522830+00:00,descending,66,"[6.608676, 45.378975, 10.334214, 47.286762]",4,4,3,2,11
"S1A|2016-08-24 05:35:25.524330+00:00|2016-08-24 05:35:50.521949+00:00|descending|66|(6.282529, 43.879993, 9.941017, 45.78508)",S1A_IW_GRDH_1SDV_20160824T053525_20160824T053550_012738_0140C6_4728_COG,1,True,S1A_IW_GRDH_1SDV_20160824T053525_20160824T053550_012738_0140C6_4728_COG,1,S1A,2016-08-24 05:35:25.524330+00:00,2016-08-24 05:35:50.521949+00:00,descending,66,"[6.282529, 43.879993, 9.941017, 45.78508]",4,4,3,2,11
"S1A|2016-08-25 17:22:46.509789+00:00|2016-08-25 17:23:11.507972+00:00|ascending|88|(5.773376, 43.972736, 9.382661, 45.870857)",S1A_IW_GRDH_1SDV_20160825T172246_20160825T172311_012760_014184_1231_COG,1,True,S1A_IW_GRDH_1SDV_20160825T172246_20160825T172311_012760_014184_1231_COG,1,S1A,2016-08-25 17:22:46.509789+00:00,2016-08-25 17:23:11.507972+00:00,ascending,88,"[5.773376, 43.972736, 9.382661, 45.870857]",4,4,3,2,11
"S1A|2016-08-31 05:27:07.362446+00:00|2016-08-31 05:27:32.360301+00:00|descending|168|(8.380493, 44.152702, 12.073546, 46.057697)",S1A_IW_GRDH_1SDV_20160831T052707_20160831T052732_012840_014434_DF80_COG,1,True,S1A_IW_GRDH_1SDV_20160831T052707_20160831T052732_012840_014434_DF80_COG,1,S1A,2016-08-31 05:27:07.362446+00:00,2016-08-31 05:27:32.360301+00:00,descending,168,"[8.380493, 44.152702, 12.073546, 46.057697]",4,4,3,2,11
"S1A|2016-09-01 17:14:28.362049+00:00|2016-09-01 17:14:53.360433+00:00|ascending|15|(7.905885, 43.698868, 11.541469, 45.603153)",S1A_IW_GRDH_1SDV_20160901T171428_20160901T171453_012862_0144E3_B4E0_COG,1,True,S1A_IW_GRDH_1SDV_20160901T171428_20160901T171453_012862_0144E3_B4E0_COG,1,S1A,2016-09-01 17:14:28.362049+00:00,2016-09-01 17:14:53.360433+00:00,ascending,15,"[7.905885, 43.698868, 11.541469, 45.603153]",4,4,3,2,11
"S1A|2016-09-01 17:14:53.361931+00:00|2016-09-01 17:15:18.360315+00:00|ascending|15|(7.505866, 45.198196, 11.216304, 47.104088)",S1A_IW_GRDH_1SDV_20160901T171453_20160901T171518_012862_0144E3_0F54_COG,1,True,S1A_IW_GRDH_1SDV_20160901T171453_20160901T171518_012862_0144E3_0F54_COG,1,S1A,2016-09-01 17:14:53.361931+00:00,2016-09-01 17:15:18.360315+00:00,ascending,15,"[7.505866, 45.198196, 11.216304, 47.104088]",4,4,3,2,11
"S1A|2016-09-05 05:35:00.868528+00:00|2016-09-05 05:35:25.866160+00:00|descending|66|(6.608654, 45.379154, 10.334123, 47.286804)",S1A_IW_GRDH_1SDV_20160905T053500_20160905T053525_012913_01469F_A2B8_COG,1,True,S1A_IW_GRDH_1SDV_20160905T053500_20160905T053525_012913_01469F_A2B8_COG,1,S1A,2016-09-05 05:35:00.868528+00:00,2016-09-05 05:35:25.866160+00:00,descending,66,"[6.608654, 45.379154, 10.334123, 47.286804]",4,4,3,2,11
"S1A|2016-09-05 05:35:25.869155+00:00|2016-09-05 05:35:50.866788+00:00|descending|66|(6.282408, 43.880081, 9.940995, 45.785133)",S1A_IW_GRDH_1SDV_20160905T053525_20160905T053550_012913_01469F_304E_COG,1,True,S1A_IW_GRDH_1SDV_20160905T053525_20160905T053550_012913_01469F_304E_COG,1,S1A,2016-09-05 05:35:25.869155+00:00,2016-09-05 05:35:50.866788+00:00,descending,66,"[6.282408, 43.880081, 9.940995, 45.785133]",4,4,3,2,11
"S1A|2016-09-06 17:22:45.997131+00:00|2016-09-06 17:23:10.995628+00:00|ascending|88|(5.806805, 43.922054, 9.422677, 45.821369)",S1A_IW_GRDH_1SDV_20160906T172245_20160906T172310_012935_014746_75AB_COG,1,True,S1A_IW_GRDH_1SDV_20160906T172245_20160906T172310_012935_014746_75AB_COG,1,S1A,2016-09-06 17:22:45.997131+00:00,2016-09-06 17:23:10.995628+00:00,ascending,88,"[5.806805, 43.922054, 9.422677, 45.821369]",4,4,3,2,11
"S1A|2016-09-06 17:23:10.997123+00:00|2016-09-06 17:23:35.995620+00:00|ascending|88|(5.359401, 45.420883, 9.093527, 47.31757)",S1A_IW_GRDH_1SDV_20160906T172310_20160906T172335_012935_014746_4725_COG,1,True,S1A_IW_GRDH_1SDV_20160906T172310_20160906T172335_012935_014746_4725_COG,1,S1A,2016-09-06 17:23:10.997123+00:00,2016-09-06 17:23:35.995620+00:00,ascending,88,"[5.359401, 45.420883, 9.093527, 47.31757]",4,4,3,2,11
"S1A|2016-09-12 05:27:07.970936+00:00|2016-09-12 05:27:32.970332+00:00|descending|168|(8.380024, 44.152611, 12.073313, 46.057747)",S1A_IW_GRDH_1SDV_20160912T052707_20160912T052732_013015_0149CC_33A3_COG,1,True,S1A_IW_GRDH_1SDV_20160912T052707_20160912T052732_013015_0149CC_33A3_COG,1,S1A,2016-09-12 05:27:07.970936+00:00,2016-09-12 05:27:32.970332+00:00,descending,168,"[8.380024, 44.152611, 12.073313, 46.057747]",4,4,3,2,11
"S1A|2016-09-13 17:14:28.969112+00:00|2016-09-13 17:14:53.967585+00:00|ascending|15|(7.903643, 43.698734, 11.539383, 45.603092)",S1A_IW_GRDH_1SDV_20160913T171428_20160913T171453_013037_014A80_5613_COG,1,True,S1A_IW_GRDH_1SDV_20160913T171428_20160913T171453_013037_014A80_5613_COG,1,S1A,2016-09-13 17:14:28.969112+00:00,2016-09-13 17:14:53.967585+00:00,ascending,15,"[7.903643, 43.698734, 11.539383, 45.603092]",4,4,3,2,11
"S1A|2016-09-13 17:14:53.969083+00:00|2016-09-13 17:15:18.967556+00:00|ascending|15|(7.503578, 45.198059, 11.214167, 47.104027)",S1A_IW_GRDH_1SDV_20160913T171453_20160913T171518_013037_014A80_0780_COG,1,True,S1A_IW_GRDH_1SDV_20160913T171453_20160913T171518_013037_014A80_0780_COG,1,S1A,2016-09-13 17:14:53.969083+00:00,2016-09-13 17:15:18.967556+00:00,ascending,15,"[7.503578, 45.198059, 11.214167, 47.104027]",4,4,3,2,11
"S1A|2016-09-17 05:35:01.393562+00:00|2016-09-17 05:35:26.391223+00:00|descending|66|(6.60792, 45.379105, 10.33404, 47.286697)",S1A_IW_GRDH_1SDV_20160917T053501_20160917T053526_013088_014C43_0909_COG,1,True,S1A_IW_GRDH_1SDV_20160917T053501_20160917T053526_013088_014C43_0909_COG,1,S1A,2016-09-17 05:35:01.393562+00:00,2016-09-17 05:35:26.391223+00:00,descending,66,"[6.60792, 45.379105, 10.33404, 47.286697]",4,4,3,2,11
"S1A|2016-09-17 05:35:26.392717+00:00|2016-09-17 05:35:51.391877+00:00|descending|66|(6.28182, 43.880028, 9.940415, 45.785152)",S1A_IW_GRDH_1SDV_20160917T053526_20160917T053551_013088_014C43_2FDD_COG,1,True,S1A_IW_GRDH_1SDV_20160917T053526_20160917T053551_013088_014C43_2FDD_COG,1,S1A,2016-09-17 05:35:26.392717+00:00,2016-09-17 05:35:51.391877+00:00,descending,66,"[6.28182, 43.880028, 9.940415, 45.785152]",4,4,3,2,11
"S1A|2016-09-18 17:22:46.518560+00:00|2016-09-18 17:23:11.517063+00:00|ascending|88|(5.807076, 43.922112, 9.422935, 45.821396)",S1A_IW_GRDH_1SDV_20160918T172246_20160918T172311_013110_014CF7_4B9B_COG,1,True,S1A_IW_GRDH_1SDV_20160918T172246_20160918T172311_013110_014CF7_4B9B_COG,1,S1A,2016-09-18 17:22:46.518560+00:00,2016-09-18 17:23:11.517063+00:00,ascending,88,"[5.807076, 43.922112, 9.422935, 45.821396]",4,4,3,2,11
"S1A|2016-09-18 17:23:11.517076+00:00|2016-09-18 17:23:36.515580+00:00|ascending|88|(5.359726, 45.420853, 9.093955, 47.317524)",S1A_IW_GRDH_1SDV_20160918T172311_20160918T172336_013110_014CF7_4BD1_COG,1,True,S1A_IW_GRDH_1SDV_20160918T172311_20160918T172336_013110_014CF7_4BD1_COG,1,S1A,2016-09-18 17:23:11.517076+00:00,2016-09-18 17:23:36.515580+00:00,ascending,88,"[5.359726, 45.420853, 9.093955, 47.317524]",4,4,3,2,11
"S1A|2016-09-24 05:27:08.407596+00:00|2016-09-24 05:27:33.405604+00:00|descending|168|(8.379929, 44.152744, 12.07329, 46.057819)",S1A_IW_GRDH_1SDV_20160924T052708_20160924T052733_013190_014FA5_2701_COG,1,True,S1A_IW_GRDH_1SDV_20160924T052708_20160924T052733_013190_014FA5_2701_COG,1,S1A,2016-09-24 05:27:08.407596+00:00,2016-09-24 05:27:33.405604+00:00,descending,168,"[8.379929, 44.152744, 12.07329, 46.057819]",4,4,3,2,11
"S1A|2016-09-25 17:14:29.404337+00:00|2016-09-25 17:14:54.402819+00:00|ascending|15|(7.902881, 43.698788, 11.538639, 45.603153)",S1A_IW_GRDH_1SDV_20160925T171429_20160925T171454_013212_015050_3F58_COG,1,True,S1A_IW_GRDH_1SDV_20160925T171429_20160925T171454_013212_015050_3F58_COG,1,S1A,2016-09-25 17:14:29.404337+00:00,2016-09-25 17:14:54.402819+00:00,ascending,15,"[7.902881, 43.698788, 11.538639, 45.603153]",4,4,3,2,11
"S1A|2016-09-25 17:14:54.404318+00:00|2016-09-25 17:15:19.402800+00:00|ascending|15|(7.50299, 45.198109, 11.213404, 47.104107)",S1A_IW_GRDH_1SDV_20160925T171454_20160925T171519_013212_015050_B72E_COG,1,True,S1A_IW_GRDH_1SDV_20160925T171454_20160925T171519_013212_015050_B72E_COG,1,S1A,2016-09-25 17:14:54.404318+00:00,2016-09-25 17:15:19.402800+00:00,ascending,15,"[7.50299, 45.198109, 11.213404, 47.104107]",4,4,3,2,11
"S1A|2016-09-29 05:35:01.775501+00:00|2016-09-29 05:35:26.774776+00:00|descending|66|(6.607472, 45.379192, 10.333729, 47.286896)",S1A_IW_GRDH_1SDV_20160929T053501_20160929T053526_013263_0151F9_9BCB_COG,1,True,S1A_IW_GRDH_1SDV_20160929T053501_20160929T053526_013263_0151F9_9BCB_COG,1,S1A,2016-09-29 05:35:01.775501+00:00,2016-09-29 05:35:26.774776+00:00,descending,66,"[6.607472, 45.379192, 10.333729, 47.286896]",4,4,3,2,11
"S1A|2016-09-29 05:35:26.776277+00:00|2016-09-29 05:35:51.774052+00:00|descending|66|(6.281377, 43.880207, 9.940094, 45.785255)",S1A_IW_GRDH_1SDV_20160929T053526_20160929T053551_013263_0151F9_A618_COG,1,True,S1A_IW_GRDH_1SDV_20160929T053526_20160929T053551_013263_0151F9_A618_COG,1,S1A,2016-09-29 05:35:26.776277+00:00,2016-09-29 05:35:51.774052+00:00,descending,66,"[6.281377, 43.880207, 9.940094, 45.785255]",4,4,3,2,11
"S1A|2016-09-30 17:22:46.837045+00:00|2016-09-30 17:23:11.835647+00:00|ascending|88|(5.807078, 43.922039, 9.423045, 45.821312)",S1A_IW_GRDH_1SDV_20160930T172246_20160930T172311_013285_01529D_6CBD_COG,1,True,S1A_IW_GRDH_1SDV_20160930T172246_20160930T172311_013285_01529D_6CBD_COG,1,S1A,2016-09-30 17:22:46.837045+00:00,2016-09-30 17:23:11.835647+00:00,ascending,88,"[5.807078, 43.922039, 9.423045, 45.821312]",4,4,3,2,11
"S1A|2016-09-30 17:23:11.837144+00:00|2016-09-30 17:23:36.835746+00:00|ascending|88|(5.359721, 45.420872, 9.094193, 47.317543)",S1A_IW_GRDH_1SDV_20160930T172311_20160930T172336_013285_01529D_E5CC_COG,1,True,S1A_IW_GRDH_1SDV_20160930T172311_20160930T172336_013285_01529D_E5CC_COG,1,S1A,2016-09-30 17:23:11.837144+00:00,2016-09-30 17:23:36.835746+00:00,ascending,88,"[5.359721, 45.420872, 9.094193, 47.317543]",4,4,3,2,11
"S1A|2017-04-04 05:27:05.272770+00:00|2017-04-04 05:27:30.270481+00:00|descending|168|(8.379664, 44.152805, 12.072676, 46.057816)",S1A_IW_GRDH_1SDV_20170404T052705_20170404T052730_015990_01A5FE_EE02_COG,1,True,S1A_IW_GRDH_1SDV_20170404T052705_20170404T052730_015990_01A5FE_EE02_COG,1,S1A,2017-04-04 05:27:05.272770+00:00,2017-04-04 05:27:30.270481+00:00,descending,168,"[8.379664, 44.152805, 12.072676, 46.057816]",4,4,3,2,11
"S1A|2017-04-05 17:14:26.259861+00:00|2017-04-05 17:14:51.258406+00:00|ascending|15|(7.902824, 43.698414, 11.538546, 45.602791)",S1A_IW_GRDH_1SDV_20170405T171426_20170405T171451_016012_01A6A3_C219_COG,1,True,S1A_IW_GRDH_1SDV_20170405T171426_20170405T171451_016012_01A6A3_C219_COG,1,S1A,2017-04-05 17:14:26.259861+00:00,2017-04-05 17:14:51.258406+00:00,ascending,15,"[7.902824, 43.698414, 11.538546, 45.602791]",4,4,3,2,11
"S1A|2017-04-05 17:14:51.259928+00:00|2017-04-05 17:15:16.258475+00:00|ascending|15|(7.50306, 45.197739, 11.213324, 47.10376)",S1A_IW_GRDH_1SDV_20170405T171451_20170405T171516_016012_01A6A3_A645_COG,1,True,S1A_IW_GRDH_1SDV_20170405T171451_20170405T171516_016012_01A6A3_A645_COG,1,S1A,2017-04-05 17:14:51.259928+00:00,2017-04-05 17:15:16.258475+00:00,ascending,15,"[7.50306, 45.197739, 11.213324, 47.10376]",4,4,3,2,11
"S1A|2017-04-09 05:34:58.725017+00:00|2017-04-09 05:35:23.724025+00:00|descending|66|(6.607357, 45.379211, 10.333306, 47.286877)",S1A_IW_GRDH_1SDV_20170409T053458_20170409T053523_016063_01A842_AF95_COG,1,True,S1A_IW_GRDH_1SDV_20170409T053458_20170409T053523_016063_01A842_AF95_COG,1,S1A,2017-04-09 05:34:58.725017+00:00,2017-04-09 05:35:23.724025+00:00,descending,66,"[6.607357, 45.379211, 10.333306, 47.286877]",4,4,3,2,11
"S1A|2017-04-09 05:35:23.725518+00:00|2017-04-09 05:35:48.724525+00:00|descending|66|(6.28124, 43.880131, 9.939601, 45.785244)",S1A_IW_GRDH_1SDV_20170409T053523_20170409T053548_016063_01A842_18BF_COG,1,True,S1A_IW_GRDH_1SDV_20170409T053523_20170409T053548_016063_01A842_18BF_COG,1,S1A,2017-04-09 05:35:23.725518+00:00,2017-04-09 05:35:48.724525+00:00,descending,66,"[6.28124, 43.880131, 9.939601, 45.785244]",4,4,3,2,11
"S1A|2017-04-10 17:22:43.851302+00:00|2017-04-10 17:23:08.849749+00:00|ascending|88|(5.806483, 43.92197, 9.422193, 45.821239)",S1A_IW_GRDH_1SDV_20170410T172243_20170410T172308_016085_01A8EA_12F5_COG,1,True,S1A_IW_GRDH_1SDV_20170410T172243_20170410T172308_016085_01A8EA_12F5_COG,1,S1A,2017-04-10 17:22:43.851302+00:00,2017-04-10 17:23:08.849749+00:00,ascending,88,"[5.806483, 43.92197, 9.422193, 45.821239]",4,4,3,2,11
"S1A|2017-04-10 17:23:08.851246+00:00|2017-04-10 17:23:33.849693+00:00|ascending|88|(5.35913, 45.420803, 9.093207, 47.317459)",S1A_IW_GRDH_1SDV_20170410T172308_20170410T172333_016085_01A8EA_8A04_COG,1,True,S1A_IW_GRDH_1SDV_20170410T172308_20170410T172333_016085_01A8EA_8A04_COG,1,S1A,2017-04-10 17:23:08.851246+00:00,2017-04-10 17:23:33.849693+00:00,ascending,88,"[5.35913, 45.420803, 9.093207, 47.317459]",4,4,3,2,11
"S1A|2017-04-16 05:27:05.824738+00:00|2017-04-16 05:27:30.824041+00:00|descending|168|(8.379889, 44.152779, 12.072841, 46.057899)",S1A_IW_GRDH_1SDV_20170416T052705_20170416T052730_016165_01AB5A_642F_COG,1,True,S1A_IW_GRDH_1SDV_20170416T052705_20170416T052730_016165_01AB5A_642F_COG,1,S1A,2017-04-16 05:27:05.824738+00:00,2017-04-16 05:27:30.824041+00:00,descending,168,"[8.379889, 44.152779, 12.072841, 46.057899]",4,4,3,2,11
"S1A|2017-04-17 17:14:26.870147+00:00|2017-04-17 17:14:51.868532+00:00|ascending|15|(7.902506, 43.698551, 11.538135, 45.602932)",S1A_IW_GRDH_1SDV_20170417T171426_20170417T171451_016187_01AC02_5E5C_COG,1,True,S1A_IW_GRDH_1SDV_20170417T171426_20170417T171451_016187_01AC02_5E5C_COG,1,S1A,2017-04-17 17:14:26.870147+00:00,2017-04-17 17:14:51.868532+00:00,ascending,15,"[7.902506, 43.698551, 11.538135, 45.602932]",4,4,3,2,11
"S1A|2017-04-17 17:14:51.870030+00:00|2017-04-17 17:15:16.868416+00:00|ascending|15|(7.5027, 45.197868, 11.212882, 47.103893)",S1A_IW_GRDH_1SDV_20170417T171451_20170417T171516_016187_01AC02_B893_COG,1,True,S1A_IW_GRDH_1SDV_20170417T171451_20170417T171516_016187_01AC02_B893_COG,1,S1A,2017-04-17 17:14:51.870030+00:00,2017-04-17 17:15:16.868416+00:00,ascending,15,"[7.5027, 45.197868, 11.212882, 47.103893]",4,4,3,2,11
"S1A|2017-04-21 05:34:59.329607+00:00|2017-04-21 05:35:24.328642+00:00|descending|66|(6.608181, 45.379139, 10.334167, 47.286842)",S1A_IW_GRDH_1SDV_20170421T053459_20170421T053524_016238_01AD9E_B801_COG,1,True,S1A_IW_GRDH_1SDV_20170421T053459_20170421T053524_016238_01AD9E_B801_COG,1,S1A,2017-04-21 05:34:59.329607+00:00,2017-04-21 05:35:24.328642+00:00,descending,66,"[6.608181, 45.379139, 10.334167, 47.286842]",4,4,3,2,11
"S1A|2017-04-21 05:35:24.330134+00:00|2017-04-21 05:35:49.327670+00:00|descending|66|(6.282047, 43.880154, 9.940413, 45.785213)",S1A_IW_GRDH_1SDV_20170421T053524_20170421T053549_016238_01AD9E_82CF_COG,1,True,S1A_IW_GRDH_1SDV_20170421T053524_20170421T053549_016238_01AD9E_82CF_COG,1,S1A,2017-04-21 05:35:24.330134+00:00,2017-04-21 05:35:49.327670+00:00,descending,66,"[6.282047, 43.880154, 9.940413, 45.785213]",4,4,3,2,11
"S1A|2017-04-22 17:22:44.434164+00:00|2017-04-22 17:23:09.432653+00:00|ascending|88|(5.806194, 43.921917, 9.422042, 45.82122)",S1A_IW_GRDH_1SDV_20170422T172244_20170422T172309_016260_01AE45_949B_COG,1,True,S1A_IW_GRDH_1SDV_20170422T172244_20170422T172309_016260_01AE45_949B_COG,1,S1A,2017-04-22 17:22:44.434164+00:00,2017-04-22 17:23:09.432653+00:00,ascending,88,"[5.806194, 43.921917, 9.422042, 45.82122]",4,4,3,2,11
"S1A|2017-04-22 17:23:09.434149+00:00|2017-04-22 17:23:34.432638+00:00|ascending|88|(5.358817, 45.42075, 9.093038, 47.31744)",S1A_IW_GRDH_1SDV_20170422T172309_20170422T172334_016260_01AE45_5A07_COG,1,True,S1A_IW_GRDH_1SDV_20170422T172309_20170422T172334_016260_01AE45_5A07_COG,1,S1A,2017-04-22 17:23:09.434149+00:00,2017-04-22 17:23:34.432638+00:00,ascending,88,"[5.358817, 45.42075, 9.093038, 47.31744]",4,4,3,2,11
"S1A|2017-04-28 05:27:06.189214+00:00|2017-04-28 05:27:31.186988+00:00|descending|168|(8.379391, 44.152912, 12.072254, 46.057877)",S1A_IW_GRDH_1SDV_20170428T052706_20170428T052731_016340_01B0AA_8A67_COG,1,True,S1A_IW_GRDH_1SDV_20170428T052706_20170428T052731_016340_01B0AA_8A67_COG,1,S1A,2017-04-28 05:27:06.189214+00:00,2017-04-28 05:27:31.186988+00:00,descending,168,"[8.379391, 44.152912, 12.072254, 46.057877]",4,4,3,2,11
"S1A|2017-04-29 17:14:27.308099+00:00|2017-04-29 17:14:52.306525+00:00|ascending|15|(7.903835, 43.698639, 11.53943, 45.60297)",S1A_IW_GRDH_1SDV_20170429T171427_20170429T171452_016362_01B152_D610_COG,1,True,S1A_IW_GRDH_1SDV_20170429T171427_20170429T171452_016362_01B152_D610_COG,1,S1A,2017-04-29 17:14:27.308099+00:00,2017-04-29 17:14:52.306525+00:00,ascending,15,"[7.903835, 43.698639, 11.53943, 45.60297]",4,4,3,2,11
"S1A|2017-04-29 17:14:52.308024+00:00|2017-04-29 17:15:17.306450+00:00|ascending|15|(7.503885, 45.19796, 11.214228, 47.103912)",S1A_IW_GRDH_1SDV_20170429T171452_20170429T171517_016362_01B152_412C_COG,1,True,S1A_IW_GRDH_1SDV_20170429T171452_20170429T171517_016362_01B152_412C_COG,1,S1A,2017-04-29 17:14:52.308024+00:00,2017-04-29 17:15:17.306450+00:00,ascending,15,"[7.503885, 45.19796, 11.214228, 47.103912]",4,4,3,2,11
"S1A|2017-05-03 05:34:59.956695+00:00|2017-05-03 05:35:24.954195+00:00|descending|66|(6.607702, 45.379215, 10.333649, 47.286812)",S1A_IW_GRDH_1SDV_20170503T053459_20170503T053524_016413_01B2EC_BF21_COG,1,True,S1A_IW_GRDH_1SDV_20170503T053459_20170503T053524_016413_01B2EC_BF21_COG,1,S1A,2017-05-03 05:34:59.956695+00:00,2017-05-03 05:35:24.954195+00:00,descending,66,"[6.607702, 45.379215, 10.333649, 47.286812]",4,4,3,2,11
"S1A|2017-05-03 05:35:24.955725+00:00|2017-05-03 05:35:49.954726+00:00|descending|66|(6.281431, 43.880138, 9.939935, 45.785286)",S1A_IW_GRDH_1SDV_20170503T053524_20170503T053549_016413_01B2EC_B859_COG,1,True,S1A_IW_GRDH_1SDV_20170503T053524_20170503T053549_016413_01B2EC_B859_COG,1,S1A,2017-05-03 05:35:24.955725+00:00,2017-05-03 05:35:49.954726+00:00,descending,66,"[6.281431, 43.880138, 9.939935, 45.785286]",4,4,3,2,11
"S1A|2017-05-04 17:22:45.127705+00:00|2017-05-04 17:23:10.126096+00:00|ascending|88|(5.805312, 43.921959, 9.421068, 45.821285)",S1A_IW_GRDH_1SDV_20170504T172245_20170504T172310_016435_01B38C_3B7B_COG,1,True,S1A_IW_GRDH_1SDV_20170504T172245_20170504T172310_016435_01B38C_3B7B_COG,1,S1A,2017-05-04 17:22:45.127705+00:00,2017-05-04 17:23:10.126096+00:00,ascending,88,"[5.805312, 43.921959, 9.421068, 45.821285]",4,4,3,2,11
"S1A|2017-05-04 17:23:10.127593+00:00|2017-05-04 17:23:35.125983+00:00|ascending|88|(5.357899, 45.420788, 9.092022, 47.317501)",S1A_IW_GRDH_1SDV_20170504T172310_20170504T172335_016435_01B38C_2B43_COG,1,True,S1A_IW_GRDH_1SDV_20170504T172310_20170504T172335_016435_01B38C_2B43_COG,1,S1A,2017-05-04 17:23:10.127593+00:00,2017-05-04 17:23:35.125983+00:00,ascending,88,"[5.357899, 45.420788, 9.092022, 47.317501]",4,4,3,2,11
"S1A|2017-05-10 05:27:07.026003+00:00|2017-05-10 05:27:32.025294+00:00|descending|168|(8.378233, 44.152885, 12.071392, 46.057903)",S1A_IW_GRDH_1SDV_20170510T052707_20170510T052732_016515_01B5F9_48CE_COG,1,True,S1A_IW_GRDH_1SDV_20170510T052707_20170510T052732_016515_01B5F9_48CE_COG,1,S1A,2017-05-10 05:27:07.026003+00:00,2017-05-10 05:27:32.025294+00:00,descending,168,"[8.378233, 44.152885, 12.071392, 46.057903]",4,4,3,2,11
"S1A|2017-05-11 17:14:28.044503+00:00|2017-05-11 17:14:53.042842+00:00|ascending|15|(7.903954, 43.698727, 11.539414, 45.60302)",S1A_IW_GRDH_1SDV_20170511T171428_20170511T171453_016537_01B699_32D2_COG,1,True,S1A_IW_GRDH_1SDV_20170511T171428_20170511T171453_016537_01B699_32D2_COG,1,S1A,2017-05-11 17:14:28.044503+00:00,2017-05-11 17:14:53.042842+00:00,ascending,15,"[7.903954, 43.698727, 11.539414, 45.60302]",4,4,3,2,11
"S1A|2017-05-11 17:14:53.044340+00:00|2017-05-11 17:15:18.044177+00:00|ascending|15|(7.503989, 45.198055, 11.214232, 47.104053)",S1A_IW_GRDH_1SDV_20170511T171453_20170511T171518_016537_01B699_1F74_COG,1,True,S1A_IW_GRDH_1SDV_20170511T171453_20170511T171518_016537_01B699_1F74_COG,1,S1A,2017-05-11 17:14:53.044340+00:00,2017-05-11 17:15:18.044177+00:00,ascending,15,"[7.503989, 45.198055, 11.214232, 47.104053]",4,4,3,2,11
"S1A|2017-05-15 05:35:00.570052+00:00|2017-05-15 05:35:25.567635+00:00|descending|66|(6.607776, 45.379288, 10.333885, 47.286892)",S1A_IW_GRDH_1SDV_20170515T053500_20170515T053525_016588_01B83E_EF18_COG,1,True,S1A_IW_GRDH_1SDV_20170515T053500_20170515T053525_016588_01B83E_EF18_COG,1,S1A,2017-05-15 05:35:00.570052+00:00,2017-05-15 05:35:25.567635+00:00,descending,66,"[6.607776, 45.379288, 10.333885, 47.286892]",4,4,3,2,11
"S1A|2017-05-15 05:35:25.569134+00:00|2017-05-15 05:35:50.568217+00:00|descending|66|(6.281647, 43.880215, 9.940145, 45.785358)",S1A_IW_GRDH_1SDV_20170515T053525_20170515T053550_016588_01B83E_8B46_COG,1,True,S1A_IW_GRDH_1SDV_20170515T053525_20170515T053550_016588_01B83E_8B46_COG,1,S1A,2017-05-15 05:35:25.569134+00:00,2017-05-15 05:35:50.568217+00:00,descending,66,"[6.281647, 43.880215, 9.940145, 45.785358]",4,4,3,2,11
"S1A|2017-05-16 17:22:45.723838+00:00|2017-05-16 17:23:10.722312+00:00|ascending|88|(5.805822, 43.921898, 9.421686, 45.82122)",S1A_IW_GRDH_1SDV_20170516T172245_20170516T172310_016610_01B8E6_D526_COG,1,True,S1A_IW_GRDH_1SDV_20170516T172245_20170516T172310_016610_01B8E6_D526_COG,1,S1A,2017-05-16 17:22:45.723838+00:00,2017-05-16 17:23:10.722312+00:00,ascending,88,"[5.805822, 43.921898, 9.421686, 45.82122]",4,4,3,2,11
"S1A|2017-05-16 17:23:10.723784+00:00|2017-05-16 17:23:35.722255+00:00|ascending|88|(5.35843, 45.420727, 9.09266, 47.317436)",S1A_IW_GRDH_1SDV_20170516T172310_20170516T172335_016610_01B8E6_54C7_COG,1,True,S1A_IW_GRDH_1SDV_20170516T172310_20170516T172335_016610_01B8E6_54C7_COG,1,S1A,2017-05-16 17:23:10.723784+00:00,2017-05-16 17:23:35.722255+00:00,ascending,88,"[5.35843, 45.420727, 9.09266, 47.317436]",4,4,3,2,11
"S1A|2017-05-22 05:27:07.564044+00:00|2017-05-22 05:27:32.561811+00:00|descending|168|(8.378797, 44.152916, 12.071948, 46.057854)",S1A_IW_GRDH_1SDV_20170522T052707_20170522T052732_016690_01BB5A_1CE6_COG,1,True,S1A_IW_GRDH_1SDV_20170522T052707_20170522T052732_016690_01BB5A_1CE6_COG,1,S1A,2017-05-22 05:27:07.564044+00:00,2017-05-22 05:27:32.561811+00:00,descending,168,"[8.378797, 44.152916, 12.071948, 46.057854]",4,4,3,2,11
"S1A|2017-05-23 17:14:22.988840+00:00|2017-05-23 17:14:47.987076+00:00|ascending|15|(7.996974, 43.367805, 11.577081, 45.26844)",S1A_IW_GRDH_1SDV_20170523T171422_20170523T171447_016712_01BC02_B420_COG,1,True,S1A_IW_GRDH_1SDV_20170523T171422_20170523T171447_016712_01BC02_B420_COG,1,S1A,2017-05-23 17:14:22.988840+00:00,2017-05-23 17:14:47.987076+00:00,ascending,15,"[7.996974, 43.367805, 11.577081, 45.26844]",4,4,3,2,11
"S1A|2017-05-23 17:14:47.988570+00:00|2017-05-23 17:15:12.986805+00:00|ascending|15|(7.619898, 44.867355, 11.252313, 46.77166)",S1A_IW_GRDH_1SDV_20170523T171447_20170523T171512_016712_01BC02_6490_COG,1,True,S1A_IW_GRDH_1SDV_20170523T171447_20170523T171512_016712_01BC02_6490_COG,1,S1A,2017-05-23 17:14:47.988570+00:00,2017-05-23 17:15:12.986805+00:00,ascending,15,"[7.619898, 44.867355, 11.252313, 46.77166]",4,4,3,2,11
"S1A|2017-05-27 05:35:17.715137+00:00|2017-05-27 05:35:42.714670+00:00|descending|66|(6.377536, 44.377979, 10.06441, 46.283115)",S1A_IW_GRDH_1SDV_20170527T053517_20170527T053542_016763_01BD9F_F801_COG,1,True,S1A_IW_GRDH_1SDV_20170527T053517_20170527T053542_016763_01BD9F_F801_COG,1,S1A,2017-05-27 05:35:17.715137+00:00,2017-05-27 05:35:42.714670+00:00,descending,66,"[6.377536, 44.377979, 10.06441, 46.283115]",4,4,3,2,11
"S1A|2017-05-28 17:22:46.203400+00:00|2017-05-28 17:23:11.201800+00:00|ascending|88|(5.807216, 43.921974, 9.422948, 45.821266)",S1A_IW_GRDH_1SDV_20170528T172246_20170528T172311_016785_01BE48_4A7A_COG,1,True,S1A_IW_GRDH_1SDV_20170528T172246_20170528T172311_016785_01BE48_4A7A_COG,1,S1A,2017-05-28 17:22:46.203400+00:00,2017-05-28 17:23:11.201800+00:00,ascending,88,"[5.807216, 43.921974, 9.422948, 45.821266]",4,4,3,2,11
"S1A|2017-05-28 17:23:11.203297+00:00|2017-05-28 17:23:36.201697+00:00|ascending|88|(5.359838, 45.420803, 9.093935, 47.317486)",S1A_IW_GRDH_1SDV_20170528T172311_20170528T172336_016785_01BE48_4B69_COG,1,True,S1A_IW_GRDH_1SDV_20170528T172311_20170528T172336_016785_01BE48_4B69_COG,1,S1A,2017-05-28 17:23:11.203297+00:00,2017-05-28 17:23:36.201697+00:00,ascending,88,"[5.359838, 45.420803, 9.093935, 47.317486]",4,4,3,2,11
"S1A|2017-06-03 05:26:54.551905+00:00|2017-06-03 05:27:19.549733+00:00|descending|168|(8.576657, 44.978569, 12.279629, 46.886642)",S1A_IW_GRDH_1SDV_20170603T052654_20170603T052719_016865_01C0C1_3A72_COG,1,True,S1A_IW_GRDH_1SDV_20170603T052654_20170603T052719_016865_01C0C1_3A72_COG,1,S1A,2017-06-03 05:26:54.551905+00:00,2017-06-03 05:27:19.549733+00:00,descending,168,"[8.576657, 44.978569, 12.279629, 46.886642]",4,4,3,2,11
"S1A|2017-06-03 05:27:19.551204+00:00|2017-06-03 05:27:44.550530+00:00|descending|168|(8.246667, 43.479954, 11.888406, 45.385044)",S1A_IW_GRDH_1SDV_20170603T052719_20170603T052744_016865_01C0C1_E6DA_COG,1,True,S1A_IW_GRDH_1SDV_20170603T052719_20170603T052744_016865_01C0C1_E6DA_COG,1,S1A,2017-06-03 05:27:19.551204+00:00,2017-06-03 05:27:44.550530+00:00,descending,168,"[8.246667, 43.479954, 11.888406, 45.385044]",4,4,3,2,11
"S1A|2017-06-04 17:14:23.913040+00:00|2017-06-04 17:14:48.911215+00:00|ascending|15|(7.995756, 43.367771, 11.575902, 45.268456)",S1A_IW_GRDH_1SDV_20170604T171423_20170604T171448_016887_01C16E_6974_COG,1,True,S1A_IW_GRDH_1SDV_20170604T171423_20170604T171448_016887_01C16E_6974_COG,1,S1A,2017-06-04 17:14:23.913040+00:00,2017-06-04 17:14:48.911215+00:00,ascending,15,"[7.995756, 43.367771, 11.575902, 45.268456]",4,4,3,2,11
"S1A|2017-06-04 17:14:48.912684+00:00|2017-06-04 17:15:13.912353+00:00|ascending|15|(7.618557, 44.867313, 11.250957, 46.77174)",S1A_IW_GRDH_1SDV_20170604T171448_20170604T171513_016887_01C16E_0343_COG,1,True,S1A_IW_GRDH_1SDV_20170604T171448_20170604T171513_016887_01C16E_0343_COG,1,S1A,2017-06-04 17:14:48.912684+00:00,2017-06-04 17:15:13.912353+00:00,ascending,15,"[7.618557, 44.867313, 11.250957, 46.77174]",4,4,3,2,11
"S1A|2017-06-08 05:35:07.661615+00:00|2017-06-08 05:35:32.659398+00:00|descending|66|(6.529149, 45.037899, 10.226952, 46.946838)",S1A_IW_GRDH_1SDV_20170608T053507_20170608T053532_016938_01C30F_D65A_COG,1,True,S1A_IW_GRDH_1SDV_20170608T053507_20170608T053532_016938_01C30F_D65A_COG,1,S1A,2017-06-08 05:35:07.661615+00:00,2017-06-08 05:35:32.659398+00:00,descending,66,"[6.529149, 45.037899, 10.226952, 46.946838]",4,4,3,2,11
"S1A|2017-06-08 05:35:32.660897+00:00|2017-06-08 05:35:57.660179+00:00|descending|66|(6.203772, 43.538654, 9.844593, 45.44429)",S1A_IW_GRDH_1SDV_20170608T053532_20170608T053557_016938_01C30F_40E4_COG,1,True,S1A_IW_GRDH_1SDV_20170608T053532_20170608T053557_016938_01C30F_40E4_COG,1,S1A,2017-06-08 05:35:32.660897+00:00,2017-06-08 05:35:57.660179+00:00,descending,66,"[6.203772, 43.538654, 9.844593, 45.44429]",4,4,3,2,11
"S1A|2017-06-09 17:22:47.117376+00:00|2017-06-09 17:23:12.115859+00:00|ascending|88|(5.807015, 43.921986, 9.422838, 45.821251)",S1A_IW_GRDH_1SDV_20170609T172247_20170609T172312_016960_01C3B4_EE86_COG,1,True,S1A_IW_GRDH_1SDV_20170609T172247_20170609T172312_016960_01C3B4_EE86_COG,1,S1A,2017-06-09 17:22:47.117376+00:00,2017-06-09 17:23:12.115859+00:00,ascending,88,"[5.807015, 43.921986, 9.422838, 45.821251]",4,4,3,2,11
"S1A|2017-06-09 17:23:12.117356+00:00|2017-06-09 17:23:37.115839+00:00|ascending|88|(5.359684, 45.420822, 9.093872, 47.317474)",S1A_IW_GRDH_1SDV_20170609T172312_20170609T172337_016960_01C3B4_9244_COG,1,True,S1A_IW_GRDH_1SDV_20170609T172312_20170609T172337_016960_01C3B4_9244_COG,1,S1A,2017-06-09 17:23:12.117356+00:00,2017-06-09 17:23:37.115839+00:00,ascending,88,"[5.359684, 45.420822, 9.093872, 47.317474]",4,4,3,2,11
"S1A|2017-06-15 05:26:55.182055+00:00|2017-06-15 05:27:20.181369+00:00|descending|168|(8.57653, 44.9785, 12.279522, 46.886646)",S1A_IW_GRDH_1SDV_20170615T052655_20170615T052720_017040_01C629_4D25_COG,1,True,S1A_IW_GRDH_1SDV_20170615T052655_20170615T052720_017040_01C629_4D25_COG,1,S1A,2017-06-15 05:26:55.182055+00:00,2017-06-15 05:27:20.181369+00:00,descending,168,"[8.57653, 44.9785, 12.279522, 46.886646]",4,4,3,2,11
"S1A|2017-06-15 05:27:20.182840+00:00|2017-06-15 05:27:45.180653+00:00|descending|168|(8.246695, 43.479973, 11.888279, 45.384945)",S1A_IW_GRDH_1SDV_20170615T052720_20170615T052745_017040_01C629_A0CB_COG,1,True,S1A_IW_GRDH_1SDV_20170615T052720_20170615T052745_017040_01C629_A0CB_COG,1,S1A,2017-06-15 05:27:20.182840+00:00,2017-06-15 05:27:45.180653+00:00,descending,168,"[8.246695, 43.479973, 11.888279, 45.384945]",4,4,3,2,11
"S1A|2017-06-16 17:14:24.539411+00:00|2017-06-16 17:14:49.537641+00:00|ascending|15|(7.99558, 43.367702, 11.575737, 45.26841)",S1A_IW_GRDH_1SDV_20170616T171424_20170616T171449_017062_01C6D3_A910_COG,1,True,S1A_IW_GRDH_1SDV_20170616T171424_20170616T171449_017062_01C6D3_A910_COG,1,S1A,2017-06-16 17:14:24.539411+00:00,2017-06-16 17:14:49.537641+00:00,ascending,15,"[7.99558, 43.367702, 11.575737, 45.26841]",4,4,3,2,11
"S1A|2017-06-16 17:14:49.539120+00:00|2017-06-16 17:15:14.537348+00:00|ascending|15|(7.618445, 44.867241, 11.250898, 46.771622)",S1A_IW_GRDH_1SDV_20170616T171449_20170616T171514_017062_01C6D3_005B_COG,1,True,S1A_IW_GRDH_1SDV_20170616T171449_20170616T171514_017062_01C6D3_005B_COG,1,S1A,2017-06-16 17:14:49.539120+00:00,2017-06-16 17:15:14.537348+00:00,ascending,15,"[7.618445, 44.867241, 11.250898, 46.771622]",4,4,3,2,11
"S1A|2017-06-20 05:35:08.290951+00:00|2017-06-20 05:35:33.290179+00:00|descending|66|(6.529852, 45.037846, 10.227531, 46.946892)",S1A_IW_GRDH_1SDV_20170620T053508_20170620T053533_017113_01C876_5C77_COG,1,True,S1A_IW_GRDH_1SDV_20170620T053508_20170620T053533_017113_01C876_5C77_COG,1,S1A,2017-06-20 05:35:08.290951+00:00,2017-06-20 05:35:33.290179+00:00,descending,66,"[6.529852, 45.037846, 10.227531, 46.946892]",4,4,3,2,11
"S1A|2017-06-20 05:35:33.291679+00:00|2017-06-20 05:35:58.289408+00:00|descending|66|(6.20444, 43.538696, 9.845164, 45.444248)",S1A_IW_GRDH_1SDV_20170620T053533_20170620T053558_017113_01C876_468E_COG,1,True,S1A_IW_GRDH_1SDV_20170620T053533_20170620T053558_017113_01C876_468E_COG,1,S1A,2017-06-20 05:35:33.291679+00:00,2017-06-20 05:35:58.289408+00:00,descending,66,"[6.20444, 43.538696, 9.845164, 45.444248]",4,4,3,2,11
"S1A|2017-06-27 05:26:55.986690+00:00|2017-06-27 05:27:20.985988+00:00|descending|168|(8.575557, 44.978439, 12.278291, 46.88657)",S1A_IW_GRDH_1SDV_20170627T052655_20170627T052720_017215_01CB7E_BD30_COG,1,True,S1A_IW_GRDH_1SDV_20170627T052655_20170627T052720_017215_01CB7E_BD30_COG,1,S1A,2017-06-27 05:26:55.986690+00:00,2017-06-27 05:27:20.985988+00:00,descending,168,"[8.575557, 44.978439, 12.278291, 46.88657]",4,4,3,2,11
"S1A|2017-06-27 05:27:20.987459+00:00|2017-06-27 05:27:45.985256+00:00|descending|168|(8.245768, 43.479912, 11.887311, 45.384846)",S1A_IW_GRDH_1SDV_20170627T052720_20170627T052745_017215_01CB7E_FC83_COG,1,True,S1A_IW_GRDH_1SDV_20170627T052720_20170627T052745_017215_01CB7E_FC83_COG,1,S1A,2017-06-27 05:27:20.987459+00:00,2017-06-27 05:27:45.985256+00:00,descending,168,"[8.245768, 43.479912, 11.887311, 45.384846]",4,4,3,2,11
"S1A|2017-06-28 17:14:25.286866+00:00|2017-06-28 17:14:50.286522+00:00|ascending|15|(7.996183, 43.36779, 11.576226, 45.268547)",S1A_IW_GRDH_1SDV_20170628T171425_20170628T171450_017237_01CC21_A383_COG,1,True,S1A_IW_GRDH_1SDV_20170628T171425_20170628T171450_017237_01CC21_A383_COG,1,S1A,2017-06-28 17:14:25.286866+00:00,2017-06-28 17:14:50.286522+00:00,ascending,15,"[7.996183, 43.36779, 11.576226, 45.268547]",4,4,3,2,11
"S1A|2017-06-28 17:14:50.288007+00:00|2017-06-28 17:15:15.286165+00:00|ascending|15|(7.619069, 44.867424, 11.251389, 46.771763)",S1A_IW_GRDH_1SDV_20170628T171450_20170628T171515_017237_01CC21_F709_COG,1,True,S1A_IW_GRDH_1SDV_20170628T171450_20170628T171515_017237_01CC21_F709_COG,1,S1A,2017-06-28 17:14:50.288007+00:00,2017-06-28 17:15:15.286165+00:00,ascending,15,"[7.619069, 44.867424, 11.251389, 46.771763]",4,4,3,2,11
"S1A|2017-07-02 05:35:08.916660+00:00|2017-07-02 05:35:33.914426+00:00|descending|66|(6.530877, 45.037899, 10.228571, 46.946877)",S1A_IW_GRDH_1SDV_20170702T053508_20170702T053533_017288_01CDBA_958C_COG,1,True,S1A_IW_GRDH_1SDV_20170702T053508_20170702T053533_017288_01CDBA_958C_COG,1,S1A,2017-07-02 05:35:08.916660+00:00,2017-07-02 05:35:33.914426+00:00,descending,66,"[6.530877, 45.037899, 10.228571, 46.946877]",4,4,3,2,11
"S1A|2017-07-02 05:35:33.915925+00:00|2017-07-02 05:35:58.915190+00:00|descending|66|(6.205423, 43.538662, 9.846187, 45.444332)",S1A_IW_GRDH_1SDV_20170702T053533_20170702T053558_017288_01CDBA_38D5_COG,1,True,S1A_IW_GRDH_1SDV_20170702T053533_20170702T053558_017288_01CDBA_38D5_COG,1,S1A,2017-07-02 05:35:33.915925+00:00,2017-07-02 05:35:58.915190+00:00,descending,66,"[6.205423, 43.538662, 9.846187, 45.444332]",4,4,3,2,11
"S1A|2017-07-03 17:22:48.325310+00:00|2017-07-03 17:23:13.323828+00:00|ascending|88|(5.806938, 43.92189, 9.422787, 45.821201)",S1A_IW_GRDH_1SDV_20170703T172248_20170703T172313_017310_01CE63_DB7D_COG,1,True,S1A_IW_GRDH_1SDV_20170703T172248_20170703T172313_017310_01CE63_DB7D_COG,1,S1A,2017-07-03 17:22:48.325310+00:00,2017-07-03 17:23:13.323828+00:00,ascending,88,"[5.806938, 43.92189, 9.422787, 45.821201]",4,4,3,2,11
"S1A|2017-07-03 17:23:13.325324+00:00|2017-07-03 17:23:38.323842+00:00|ascending|88|(5.359564, 45.420727, 9.093906, 47.317436)",S1A_IW_GRDH_1SDV_20170703T172313_20170703T172338_017310_01CE63_BE8B_COG,1,True,S1A_IW_GRDH_1SDV_20170703T172313_20170703T172338_017310_01CE63_BE8B_COG,1,S1A,2017-07-03 17:23:13.325324+00:00,2017-07-03 17:23:38.323842+00:00,ascending,88,"[5.359564, 45.420727, 9.093906, 47.317436]",4,4,3,2,11
"S1A|2017-07-09 05:26:56.525529+00:00|2017-07-09 05:27:21.524771+00:00|descending|168|(8.575253, 44.978447, 12.277668, 46.88657)",S1A_IW_GRDH_1SDV_20170709T052656_20170709T052721_017390_01D0C1_D986_COG,1,True,S1A_IW_GRDH_1SDV_20170709T052656_20170709T052721_017390_01D0C1_D986_COG,1,S1A,2017-07-09 05:26:56.525529+00:00,2017-07-09 05:27:21.524771+00:00,descending,168,"[8.575253, 44.978447, 12.277668, 46.88657]",4,4,3,2,11
"S1A|2017-07-09 05:27:21.526271+00:00|2017-07-09 05:27:46.524014+00:00|descending|168|(8.245483, 43.479912, 11.887013, 45.384815)",S1A_IW_GRDH_1SDV_20170709T052721_20170709T052746_017390_01D0C1_06E9_COG,1,True,S1A_IW_GRDH_1SDV_20170709T052721_20170709T052746_017390_01D0C1_06E9_COG,1,S1A,2017-07-09 05:27:21.526271+00:00,2017-07-09 05:27:46.524014+00:00,descending,168,"[8.245483, 43.479912, 11.887013, 45.384815]",4,4,3,2,11
"S1A|2017-07-10 17:14:25.868285+00:00|2017-07-10 17:14:50.866496+00:00|ascending|15|(7.99709, 43.367821, 11.577202, 45.268467)",S1A_IW_GRDH_1SDV_20170710T171425_20170710T171450_017412_01D169_8174_COG,1,True,S1A_IW_GRDH_1SDV_20170710T171425_20170710T171450_017412_01D169_8174_COG,1,S1A,2017-07-10 17:14:25.868285+00:00,2017-07-10 17:14:50.866496+00:00,ascending,15,"[7.99709, 43.367821, 11.577202, 45.268467]",4,4,3,2,11
"S1A|2017-07-10 17:14:50.867971+00:00|2017-07-10 17:15:15.866179+00:00|ascending|15|(7.620043, 44.867371, 11.252305, 46.771671)",S1A_IW_GRDH_1SDV_20170710T171450_20170710T171515_017412_01D169_2BEE_COG,1,True,S1A_IW_GRDH_1SDV_20170710T171450_20170710T171515_017412_01D169_2BEE_COG,1,S1A,2017-07-10 17:14:50.867971+00:00,2017-07-10 17:15:15.866179+00:00,ascending,15,"[7.620043, 44.867371, 11.252305, 46.771671]",4,4,3,2,11
"S1A|2017-07-14 05:35:09.595761+00:00|2017-07-14 05:35:34.594992+00:00|descending|66|(6.530563, 45.037754, 10.228251, 46.946815)",S1A_IW_GRDH_1SDV_20170714T053509_20170714T053534_017463_01D304_E812_COG,1,True,S1A_IW_GRDH_1SDV_20170714T053509_20170714T053534_017463_01D304_E812_COG,1,S1A,2017-07-14 05:35:09.595761+00:00,2017-07-14 05:35:34.594992+00:00,descending,66,"[6.530563, 45.037754, 10.228251, 46.946815]",4,4,3,2,11
"S1A|2017-07-14 05:35:34.596491+00:00|2017-07-14 05:35:59.594223+00:00|descending|66|(6.205139, 43.538605, 9.845866, 45.444176)",S1A_IW_GRDH_1SDV_20170714T053534_20170714T053559_017463_01D304_05F6_COG,1,True,S1A_IW_GRDH_1SDV_20170714T053534_20170714T053559_017463_01D304_05F6_COG,1,S1A,2017-07-14 05:35:34.596491+00:00,2017-07-14 05:35:59.594223+00:00,descending,66,"[6.205139, 43.538605, 9.845866, 45.444176]",4,4,3,2,11
"S1A|2017-07-15 17:22:49.055818+00:00|2017-07-15 17:23:14.054344+00:00|ascending|88|(5.80612, 43.921818, 9.42198, 45.821156)",S1A_IW_GRDH_1SDV_20170715T172249_20170715T172314_017485_01D3AA_CDA4_COG,1,True,S1A_IW_GRDH_1SDV_20170715T172249_20170715T172314_017485_01D3AA_CDA4_COG,1,S1A,2017-07-15 17:22:49.055818+00:00,2017-07-15 17:23:14.054344+00:00,ascending,88,"[5.80612, 43.921818, 9.42198, 45.821156]",4,4,3,2,11
"S1A|2017-07-15 17:23:14.055867+00:00|2017-07-15 17:23:39.054395+00:00|ascending|88|(5.35872, 45.42065, 9.093077, 47.317387)",S1A_IW_GRDH_1SDV_20170715T172314_20170715T172339_017485_01D3AA_513D_COG,1,True,S1A_IW_GRDH_1SDV_20170715T172314_20170715T172339_017485_01D3AA_513D_COG,1,S1A,2017-07-15 17:23:14.055867+00:00,2017-07-15 17:23:39.054395+00:00,ascending,88,"[5.35872, 45.42065, 9.093077, 47.317387]",4,4,3,2,11
"S1A|2017-07-21 05:26:57.197979+00:00|2017-07-21 05:27:22.197281+00:00|descending|168|(8.576176, 44.978455, 12.279142, 46.88657)",S1A_IW_GRDH_1SDV_20170721T052657_20170721T052722_017565_01D614_E037_COG,1,True,S1A_IW_GRDH_1SDV_20170721T052657_20170721T052722_017565_01D614_E037_COG,1,S1A,2017-07-21 05:26:57.197979+00:00,2017-07-21 05:27:22.197281+00:00,descending,168,"[8.576176, 44.978455, 12.279142, 46.88657]",4,4,3,2,11
"S1A|2017-07-21 05:27:22.198781+00:00|2017-07-21 05:27:47.196583+00:00|descending|168|(8.246371, 43.479923, 11.887929, 45.384865)",S1A_IW_GRDH_1SDV_20170721T052722_20170721T052747_017565_01D614_CDDB_COG,1,True,S1A_IW_GRDH_1SDV_20170721T052722_20170721T052747_017565_01D614_CDDB_COG,1,S1A,2017-07-21 05:27:22.198781+00:00,2017-07-21 05:27:47.196583+00:00,descending,168,"[8.246371, 43.479923, 11.887929, 45.384865]",4,4,3,2,11
"S1A|2017-07-22 17:14:26.578019+00:00|2017-07-22 17:14:51.576198+00:00|ascending|15|(7.997204, 43.367867, 11.577203, 45.268497)",S1A_IW_GRDH_1SDV_20170722T171426_20170722T171451_017587_01D6BC_62A4_COG,1,True,S1A_IW_GRDH_1SDV_20170722T171426_20170722T171451_017587_01D6BC_62A4_COG,1,S1A,2017-07-22 17:14:26.578019+00:00,2017-07-22 17:14:51.576198+00:00,ascending,15,"[7.997204, 43.367867, 11.577203, 45.268497]",4,4,3,2,11
"S1A|2017-07-22 17:14:51.577675+00:00|2017-07-22 17:15:16.577349+00:00|ascending|15|(7.620131, 44.867416, 11.252421, 46.771809)",S1A_IW_GRDH_1SDV_20170722T171451_20170722T171516_017587_01D6BC_3C6D_COG,1,True,S1A_IW_GRDH_1SDV_20170722T171451_20170722T171516_017587_01D6BC_3C6D_COG,1,S1A,2017-07-22 17:14:51.577675+00:00,2017-07-22 17:15:16.577349+00:00,ascending,15,"[7.620131, 44.867416, 11.252421, 46.771809]",4,4,3,2,11
"S1A|2017-07-26 05:35:10.382884+00:00|2017-07-26 05:35:35.380637+00:00|descending|66|(6.530573, 45.037792, 10.228229, 46.946751)",S1A_IW_GRDH_1SDV_20170726T053510_20170726T053535_017638_01D85F_046F_COG,1,True,S1A_IW_GRDH_1SDV_20170726T053510_20170726T053535_017638_01D85F_046F_COG,1,S1A,2017-07-26 05:35:10.382884+00:00,2017-07-26 05:35:35.380637+00:00,descending,66,"[6.530573, 45.037792, 10.228229, 46.946751]",4,4,3,2,11
"S1A|2017-07-26 05:35:35.382109+00:00|2017-07-26 05:36:00.381360+00:00|descending|66|(6.205141, 43.538551, 9.84588, 45.444202)",S1A_IW_GRDH_1SDV_20170726T053535_20170726T053600_017638_01D85F_E31B_COG,1,True,S1A_IW_GRDH_1SDV_20170726T053535_20170726T053600_017638_01D85F_E31B_COG,1,S1A,2017-07-26 05:35:35.382109+00:00,2017-07-26 05:36:00.381360+00:00,descending,66,"[6.205141, 43.538551, 9.84588, 45.444202]",4,4,3,2,11
"S1A|2017-07-27 17:22:49.885920+00:00|2017-07-27 17:23:14.884327+00:00|ascending|88|(5.807275, 43.922096, 9.422993, 45.821362)",S1A_IW_GRDH_1SDV_20170727T172249_20170727T172314_017660_01D903_3D7D_COG,1,True,S1A_IW_GRDH_1SDV_20170727T172249_20170727T172314_017660_01D903_3D7D_COG,1,S1A,2017-07-27 17:22:49.885920+00:00,2017-07-27 17:23:14.884327+00:00,ascending,88,"[5.807275, 43.922096, 9.422993, 45.821362]",4,4,3,2,11
"S1A|2017-07-27 17:23:14.885824+00:00|2017-07-27 17:23:39.884230+00:00|ascending|88|(5.359926, 45.420933, 9.094008, 47.317581)",S1A_IW_GRDH_1SDV_20170727T172314_20170727T172339_017660_01D903_9CA5_COG,1,True,S1A_IW_GRDH_1SDV_20170727T172314_20170727T172339_017660_01D903_9CA5_COG,1,S1A,2017-07-27 17:23:14.885824+00:00,2017-07-27 17:23:39.884230+00:00,ascending,88,"[5.359926, 45.420933, 9.094008, 47.317581]",4,4,3,2,11
"S1A|2017-08-02 05:26:58.022570+00:00|2017-08-02 05:27:23.021863+00:00|descending|168|(8.575615, 44.978359, 12.278349, 46.886509)",S1A_IW_GRDH_1SDV_20170802T052658_20170802T052723_017740_01DB70_61FC_COG,1,True,S1A_IW_GRDH_1SDV_20170802T052658_20170802T052723_017740_01DB70_61FC_COG,1,S1A,2017-08-02 05:26:58.022570+00:00,2017-08-02 05:27:23.021863+00:00,descending,168,"[8.575615, 44.978359, 12.278349, 46.886509]",4,4,3,2,11
"S1A|2017-08-02 05:27:23.023362+00:00|2017-08-02 05:27:48.021155+00:00|descending|168|(8.245811, 43.479828, 11.88736, 45.384785)",S1A_IW_GRDH_1SDV_20170802T052723_20170802T052748_017740_01DB70_E9BB_COG,1,True,S1A_IW_GRDH_1SDV_20170802T052723_20170802T052748_017740_01DB70_E9BB_COG,1,S1A,2017-08-02 05:27:23.023362+00:00,2017-08-02 05:27:48.021155+00:00,descending,168,"[8.245811, 43.479828, 11.88736, 45.384785]",4,4,3,2,11
"S1A|2017-08-03 17:14:27.318421+00:00|2017-08-03 17:14:52.316601+00:00|ascending|15|(7.996258, 43.367832, 11.576389, 45.26849)",S1A_IW_GRDH_1SDV_20170803T171427_20170803T171452_017762_01DC14_7495_COG,1,True,S1A_IW_GRDH_1SDV_20170803T171427_20170803T171452_017762_01DC14_7495_COG,1,S1A,2017-08-03 17:14:27.318421+00:00,2017-08-03 17:14:52.316601+00:00,ascending,15,"[7.996258, 43.367832, 11.576389, 45.26849]",4,4,3,2,11
"S1A|2017-08-03 17:14:52.318084+00:00|2017-08-03 17:15:17.317759+00:00|ascending|15|(7.619173, 44.867374, 11.251469, 46.771786)",S1A_IW_GRDH_1SDV_20170803T171452_20170803T171517_017762_01DC14_02FE_COG,1,True,S1A_IW_GRDH_1SDV_20170803T171452_20170803T171517_017762_01DC14_02FE_COG,1,S1A,2017-08-03 17:14:52.318084+00:00,2017-08-03 17:15:17.317759+00:00,ascending,15,"[7.619173, 44.867374, 11.251469, 46.771786]",4,4,3,2,11
"S1A|2017-08-07 05:35:11.009888+00:00|2017-08-07 05:35:36.007647+00:00|descending|66|(6.529217, 45.037849, 10.226885, 46.946754)",S1A_IW_GRDH_1SDV_20170807T053511_20170807T053536_017813_01DDB3_889A_COG,1,True,S1A_IW_GRDH_1SDV_20170807T053511_20170807T053536_017813_01DDB3_889A_COG,1,S1A,2017-08-07 05:35:11.009888+00:00,2017-08-07 05:35:36.007647+00:00,descending,66,"[6.529217, 45.037849, 10.226885, 46.946754]",4,4,3,2,11
"S1A|2017-08-07 05:35:36.009147+00:00|2017-08-07 05:36:01.008405+00:00|descending|66|(6.203852, 43.538601, 9.844537, 45.44421)",S1A_IW_GRDH_1SDV_20170807T053536_20170807T053601_017813_01DDB3_F8F8_COG,1,True,S1A_IW_GRDH_1SDV_20170807T053536_20170807T053601_017813_01DDB3_F8F8_COG,1,S1A,2017-08-07 05:35:36.009147+00:00,2017-08-07 05:36:01.008405+00:00,descending,66,"[6.203852, 43.538601, 9.844537, 45.44421]",4,4,3,2,11
"S1A|2017-08-08 17:22:50.444403+00:00|2017-08-08 17:23:15.442880+00:00|ascending|88|(5.807489, 43.92207, 9.423185, 45.821312)",S1A_IW_GRDH_1SDV_20170808T172250_20170808T172315_017835_01DE5F_4AA6_COG,1,True,S1A_IW_GRDH_1SDV_20170808T172250_20170808T172315_017835_01DE5F_4AA6_COG,1,S1A,2017-08-08 17:22:50.444403+00:00,2017-08-08 17:23:15.442880+00:00,ascending,88,"[5.807489, 43.92207, 9.423185, 45.821312]",4,4,3,2,11
"S1A|2017-08-08 17:23:15.444377+00:00|2017-08-08 17:23:40.442854+00:00|ascending|88|(5.36033, 45.420906, 9.094353, 47.31757)",S1A_IW_GRDH_1SDV_20170808T172315_20170808T172340_017835_01DE5F_5D03_COG,1,True,S1A_IW_GRDH_1SDV_20170808T172315_20170808T172340_017835_01DE5F_5D03_COG,1,S1A,2017-08-08 17:23:15.444377+00:00,2017-08-08 17:23:40.442854+00:00,ascending,88,"[5.36033, 45.420906, 9.094353, 47.31757]",4,4,3,2,11
"S1A|2017-08-14 05:26:58.627199+00:00|2017-08-14 05:27:23.624987+00:00|descending|168|(8.5762, 44.978359, 12.279211, 46.886429)",S1A_IW_GRDH_1SDV_20170814T052658_20170814T052723_017915_01E0C1_5C23_COG,1,True,S1A_IW_GRDH_1SDV_20170814T052658_20170814T052723_017915_01E0C1_5C23_COG,1,S1A,2017-08-14 05:26:58.627199+00:00,2017-08-14 05:27:23.624987+00:00,descending,168,"[8.5762, 44.978359, 12.279211, 46.886429]",4,4,3,2,11
"S1A|2017-08-14 05:27:23.626486+00:00|2017-08-14 05:27:48.624273+00:00|descending|168|(8.246338, 43.479832, 11.887935, 45.384823)",S1A_IW_GRDH_1SDV_20170814T052723_20170814T052748_017915_01E0C1_6CF2_COG,1,True,S1A_IW_GRDH_1SDV_20170814T052723_20170814T052748_017915_01E0C1_6CF2_COG,1,S1A,2017-08-14 05:27:23.626486+00:00,2017-08-14 05:27:48.624273+00:00,descending,168,"[8.246338, 43.479832, 11.887935, 45.384823]",4,4,3,2,11
"S1A|2017-08-15 17:14:27.926439+00:00|2017-08-15 17:14:52.924474+00:00|ascending|15|(7.994862, 43.36776, 11.575031, 45.268471)",S1A_IW_GRDH_1SDV_20170815T171427_20170815T171452_017937_01E169_6C8B_COG,1,True,S1A_IW_GRDH_1SDV_20170815T171427_20170815T171452_017937_01E169_6C8B_COG,1,S1A,2017-08-15 17:14:27.926439+00:00,2017-08-15 17:14:52.924474+00:00,ascending,15,"[7.994862, 43.36776, 11.575031, 45.268471]",4,4,3,2,11
"S1A|2017-08-15 17:14:52.925950+00:00|2017-08-15 17:15:17.925479+00:00|ascending|15|(7.617714, 44.867287, 11.250179, 46.771763)",S1A_IW_GRDH_1SDV_20170815T171452_20170815T171517_017937_01E169_63E3_COG,1,True,S1A_IW_GRDH_1SDV_20170815T171452_20170815T171517_017937_01E169_63E3_COG,1,S1A,2017-08-15 17:14:52.925950+00:00,2017-08-15 17:15:17.925479+00:00,ascending,15,"[7.617714, 44.867287, 11.250179, 46.771763]",4,4,3,2,11
"S1A|2017-08-19 05:35:11.617972+00:00|2017-08-19 05:35:36.617208+00:00|descending|66|(6.530161, 45.037693, 10.227809, 46.946747)",S1A_IW_GRDH_1SDV_20170819T053511_20170819T053536_017988_01E302_41EC_COG,1,True,S1A_IW_GRDH_1SDV_20170819T053511_20170819T053536_017988_01E302_41EC_COG,1,S1A,2017-08-19 05:35:11.617972+00:00,2017-08-19 05:35:36.617208+00:00,descending,66,"[6.530161, 45.037693, 10.227809, 46.946747]",4,4,3,2,11
"S1A|2017-08-19 05:35:36.618708+00:00|2017-08-19 05:36:01.616445+00:00|descending|66|(6.204748, 43.538544, 9.845462, 45.444103)",S1A_IW_GRDH_1SDV_20170819T053536_20170819T053601_017988_01E302_4282_COG,1,True,S1A_IW_GRDH_1SDV_20170819T053536_20170819T053601_017988_01E302_4282_COG,1,S1A,2017-08-19 05:35:36.618708+00:00,2017-08-19 05:36:01.616445+00:00,descending,66,"[6.204748, 43.538544, 9.845462, 45.444103]",4,4,3,2,11
"S1A|2017-08-20 17:22:51.061600+00:00|2017-08-20 17:23:16.060138+00:00|ascending|88|(5.807008, 43.921947, 9.422843, 45.821239)",S1A_IW_GRDH_1SDV_20170820T172251_20170820T172316_018010_01E3AA_B273_COG,1,True,S1A_IW_GRDH_1SDV_20170820T172251_20170820T172316_018010_01E3AA_B273_COG,1,S1A,2017-08-20 17:22:51.061600+00:00,2017-08-20 17:23:16.060138+00:00,ascending,88,"[5.807008, 43.921947, 9.422843, 45.821239]",4,4,3,2,11
"S1A|2017-08-20 17:23:16.061634+00:00|2017-08-20 17:23:41.060172+00:00|ascending|88|(5.359649, 45.420784, 9.093856, 47.317459)",S1A_IW_GRDH_1SDV_20170820T172316_20170820T172341_018010_01E3AA_3FDA_COG,1,True,S1A_IW_GRDH_1SDV_20170820T172316_20170820T172341_018010_01E3AA_3FDA_COG,1,S1A,2017-08-20 17:23:16.061634+00:00,2017-08-20 17:23:41.060172+00:00,ascending,88,"[5.359649, 45.420784, 9.093856, 47.317459]",4,4,3,2,11
"S1A|2017-08-26 05:26:59.237597+00:00|2017-08-26 05:27:24.236967+00:00|descending|168|(8.575953, 44.978413, 12.278746, 46.886555)",S1A_IW_GRDH_1SDV_20170826T052659_20170826T052724_018090_01E60E_746B_COG,1,True,S1A_IW_GRDH_1SDV_20170826T052659_20170826T052724_018090_01E60E_746B_COG,1,S1A,2017-08-26 05:26:59.237597+00:00,2017-08-26 05:27:24.236967+00:00,descending,168,"[8.575953, 44.978413, 12.278746, 46.886555]",4,4,3,2,11
"S1A|2017-08-26 05:27:24.238467+00:00|2017-08-26 05:27:49.236338+00:00|descending|168|(8.246016, 43.479885, 11.887701, 45.384846)",S1A_IW_GRDH_1SDV_20170826T052724_20170826T052749_018090_01E60E_BF32_COG,1,True,S1A_IW_GRDH_1SDV_20170826T052724_20170826T052749_018090_01E60E_BF32_COG,1,S1A,2017-08-26 05:27:24.238467+00:00,2017-08-26 05:27:49.236338+00:00,descending,168,"[8.246016, 43.479885, 11.887701, 45.384846]",4,4,3,2,11
"S1A|2017-08-27 17:14:28.522320+00:00|2017-08-27 17:14:53.520445+00:00|ascending|15|(7.996046, 43.367977, 11.576083, 45.268642)",S1A_IW_GRDH_1SDV_20170827T171428_20170827T171453_018112_01E6B4_D554_COG,1,True,S1A_IW_GRDH_1SDV_20170827T171428_20170827T171453_018112_01E6B4_D554_COG,1,S1A,2017-08-27 17:14:28.522320+00:00,2017-08-27 17:14:53.520445+00:00,ascending,15,"[7.996046, 43.367977, 11.576083, 45.268642]",4,4,3,2,11
"S1A|2017-08-27 17:14:53.521924+00:00|2017-08-27 17:15:18.520047+00:00|ascending|15|(7.618893, 44.867519, 11.25126, 46.771851)",S1A_IW_GRDH_1SDV_20170827T171453_20170827T171518_018112_01E6B4_43B2_COG,1,True,S1A_IW_GRDH_1SDV_20170827T171453_20170827T171518_018112_01E6B4_43B2_COG,1,S1A,2017-08-27 17:14:53.521924+00:00,2017-08-27 17:15:18.520047+00:00,ascending,15,"[7.618893, 44.867519, 11.25126, 46.771851]",4,4,3,2,11
"S1A|2017-08-31 05:35:12.125217+00:00|2017-08-31 05:35:37.123081+00:00|descending|66|(6.530859, 45.037823, 10.228631, 46.946831)",S1A_IW_GRDH_1SDV_20170831T053512_20170831T053537_018163_01E845_5E8A_COG,1,True,S1A_IW_GRDH_1SDV_20170831T053512_20170831T053537_018163_01E845_5E8A_COG,1,S1A,2017-08-31 05:35:12.125217+00:00,2017-08-31 05:35:37.123081+00:00,descending,66,"[6.530859, 45.037823, 10.228631, 46.946831]",4,4,3,2,11
"S1A|2017-08-31 05:35:37.124581+00:00|2017-08-31 05:36:02.122445+00:00|descending|66|(6.205423, 43.538673, 9.846288, 45.444279)",S1A_IW_GRDH_1SDV_20170831T053537_20170831T053602_018163_01E845_68C0_COG,1,True,S1A_IW_GRDH_1SDV_20170831T053537_20170831T053602_018163_01E845_68C0_COG,1,S1A,2017-08-31 05:35:37.124581+00:00,2017-08-31 05:36:02.122445+00:00,descending,66,"[6.205423, 43.538673, 9.846288, 45.444279]",4,4,3,2,11
"S1A|2017-09-01 17:22:51.575471+00:00|2017-09-01 17:23:16.573944+00:00|ascending|88|(5.806537, 43.922081, 9.422404, 45.821384)",S1A_IW_GRDH_1SDV_20170901T172251_20170901T172316_018185_01E8EE_13BB_COG,1,True,S1A_IW_GRDH_1SDV_20170901T172251_20170901T172316_018185_01E8EE_13BB_COG,1,S1A,2017-09-01 17:22:51.575471+00:00,2017-09-01 17:23:16.573944+00:00,ascending,88,"[5.806537, 43.922081, 9.422404, 45.821384]",4,4,3,2,11
"S1A|2017-09-01 17:23:16.575442+00:00|2017-09-01 17:23:41.573915+00:00|ascending|88|(5.359151, 45.42091, 9.09339, 47.3176)",S1A_IW_GRDH_1SDV_20170901T172316_20170901T172341_018185_01E8EE_3872_COG,1,True,S1A_IW_GRDH_1SDV_20170901T172316_20170901T172341_018185_01E8EE_3872_COG,1,S1A,2017-09-01 17:23:16.575442+00:00,2017-09-01 17:23:41.573915+00:00,ascending,88,"[5.359151, 45.42091, 9.09339, 47.3176]",4,4,3,2,11
"S1A|2017-09-07 05:26:59.565581+00:00|2017-09-07 05:27:24.563491+00:00|descending|168|(8.575773, 44.978512, 12.27866, 46.886536)",S1A_IW_GRDH_1SDV_20170907T052659_20170907T052724_018265_01EB5E_C84A_COG,1,True,S1A_IW_GRDH_1SDV_20170907T052659_20170907T052724_018265_01EB5E_C84A_COG,1,S1A,2017-09-07 05:26:59.565581+00:00,2017-09-07 05:27:24.563491+00:00,descending,168,"[8.575773, 44.978512, 12.27866, 46.886536]",4,4,3,2,11
"S1A|2017-09-07 05:27:24.564990+00:00|2017-09-07 05:27:49.564400+00:00|descending|168|(8.245847, 43.479889, 11.887662, 45.384914)",S1A_IW_GRDH_1SDV_20170907T052724_20170907T052749_018265_01EB5E_E60C_COG,1,True,S1A_IW_GRDH_1SDV_20170907T052724_20170907T052749_018265_01EB5E_E60C_COG,1,S1A,2017-09-07 05:27:24.564990+00:00,2017-09-07 05:27:49.564400+00:00,descending,168,"[8.245847, 43.479889, 11.887662, 45.384914]",4,4,3,2,11
"S1A|2017-09-08 17:14:28.893775+00:00|2017-09-08 17:14:53.891999+00:00|ascending|15|(7.997057, 43.367973, 11.577194, 45.268616)",S1A_IW_GRDH_1SDV_20170908T171428_20170908T171453_018287_01EC0B_17D6_COG,1,True,S1A_IW_GRDH_1SDV_20170908T171428_20170908T171453_018287_01EC0B_17D6_COG,1,S1A,2017-09-08 17:14:28.893775+00:00,2017-09-08 17:14:53.891999+00:00,ascending,15,"[7.997057, 43.367973, 11.577194, 45.268616]",4,4,3,2,11
"S1A|2017-09-08 17:14:53.893493+00:00|2017-09-08 17:15:18.891717+00:00|ascending|15|(7.620068, 44.867519, 11.252404, 46.771843)",S1A_IW_GRDH_1SDV_20170908T171453_20170908T171518_018287_01EC0B_A1AF_COG,1,True,S1A_IW_GRDH_1SDV_20170908T171453_20170908T171518_018287_01EC0B_A1AF_COG,1,S1A,2017-09-08 17:14:53.893493+00:00,2017-09-08 17:15:18.891717+00:00,ascending,15,"[7.620068, 44.867519, 11.252404, 46.771843]",4,4,3,2,11
"S1A|2017-09-12 05:35:12.562509+00:00|2017-09-12 05:35:37.560454+00:00|descending|66|(6.530875, 45.037846, 10.228755, 46.946884)",S1A_IW_GRDH_1SDV_20170912T053512_20170912T053537_018338_01EDBF_2E39_COG,1,True,S1A_IW_GRDH_1SDV_20170912T053512_20170912T053537_018338_01EDBF_2E39_COG,1,S1A,2017-09-12 05:35:12.562509+00:00,2017-09-12 05:35:37.560454+00:00,descending,66,"[6.530875, 45.037846, 10.228755, 46.946884]",4,4,3,2,11
"S1A|2017-09-12 05:35:37.561953+00:00|2017-09-12 05:36:02.559898+00:00|descending|66|(6.205423, 43.5387, 9.846428, 45.444332)",S1A_IW_GRDH_1SDV_20170912T053537_20170912T053602_018338_01EDBF_BF65_COG,1,True,S1A_IW_GRDH_1SDV_20170912T053537_20170912T053602_018338_01EDBF_BF65_COG,1,S1A,2017-09-12 05:35:37.561953+00:00,2017-09-12 05:36:02.559898+00:00,descending,66,"[6.205423, 43.5387, 9.846428, 45.444332]",4,4,3,2,11
"S1A|2017-09-13 17:22:51.987583+00:00|2017-09-13 17:23:16.986131+00:00|ascending|88|(5.805451, 43.92194, 9.421468, 45.821297)",S1A_IW_GRDH_1SDV_20170913T172251_20170913T172316_018360_01EE65_B413_COG,1,True,S1A_IW_GRDH_1SDV_20170913T172251_20170913T172316_018360_01EE65_B413_COG,1,S1A,2017-09-13 17:22:51.987583+00:00,2017-09-13 17:23:16.986131+00:00,ascending,88,"[5.805451, 43.92194, 9.421468, 45.821297]",4,4,3,2,11
"S1A|2017-09-13 17:23:16.987628+00:00|2017-09-13 17:23:41.986176+00:00|ascending|88|(5.358019, 45.420765, 9.092413, 47.317509)",S1A_IW_GRDH_1SDV_20170913T172316_20170913T172341_018360_01EE65_BA31_COG,1,True,S1A_IW_GRDH_1SDV_20170913T172316_20170913T172341_018360_01EE65_BA31_COG,1,S1A,2017-09-13 17:23:16.987628+00:00,2017-09-13 17:23:41.986176+00:00,ascending,88,"[5.358019, 45.420765, 9.092413, 47.317509]",4,4,3,2,11
"S1A|2017-09-19 05:27:00.124913+00:00|2017-09-19 05:27:25.124364+00:00|descending|168|(8.575346, 44.978542, 12.278439, 46.886692)",S1A_IW_GRDH_1SDV_20170919T052700_20170919T052725_018440_01F0C7_C809_COG,1,True,S1A_IW_GRDH_1SDV_20170919T052700_20170919T052725_018440_01F0C7_C809_COG,1,S1A,2017-09-19 05:27:00.124913+00:00,2017-09-19 05:27:25.124364+00:00,descending,168,"[8.575346, 44.978542, 12.278439, 46.886692]",4,4,3,2,11
"S1A|2017-09-19 05:27:25.125863+00:00|2017-09-19 05:27:50.123814+00:00|descending|168|(8.245536, 43.480015, 11.887358, 45.384975)",S1A_IW_GRDH_1SDV_20170919T052725_20170919T052750_018440_01F0C7_A52E_COG,1,True,S1A_IW_GRDH_1SDV_20170919T052725_20170919T052750_018440_01F0C7_A52E_COG,1,S1A,2017-09-19 05:27:25.125863+00:00,2017-09-19 05:27:50.123814+00:00,descending,168,"[8.245536, 43.480015, 11.887358, 45.384975]",4,4,3,2,11
"S1A|2017-09-20 17:14:29.368402+00:00|2017-09-20 17:14:54.368221+00:00|ascending|15|(7.996331, 43.367851, 11.576614, 45.268608)",S1A_IW_GRDH_1SDV_20170920T171429_20170920T171454_018462_01F16D_8152_COG,1,True,S1A_IW_GRDH_1SDV_20170920T171429_20170920T171454_018462_01F16D_8152_COG,1,S1A,2017-09-20 17:14:29.368402+00:00,2017-09-20 17:14:54.368221+00:00,ascending,15,"[7.996331, 43.367851, 11.576614, 45.268608]",4,4,3,2,11
"S1A|2017-09-20 17:14:54.369721+00:00|2017-09-20 17:15:19.368044+00:00|ascending|15|(7.619238, 44.867489, 11.251799, 46.771824)",S1A_IW_GRDH_1SDV_20170920T171454_20170920T171519_018462_01F16D_D91C_COG,1,True,S1A_IW_GRDH_1SDV_20170920T171454_20170920T171519_018462_01F16D_D91C_COG,1,S1A,2017-09-20 17:14:54.369721+00:00,2017-09-20 17:15:19.368044+00:00,ascending,15,"[7.619238, 44.867489, 11.251799, 46.771824]",4,4,3,2,11
"S1A|2017-09-24 05:35:12.869368+00:00|2017-09-24 05:35:37.867304+00:00|descending|66|(6.53062, 45.037823, 10.228603, 46.946854)",S1A_IW_GRDH_1SDV_20170924T053512_20170924T053537_018513_01F31D_D313_COG,1,True,S1A_IW_GRDH_1SDV_20170924T053512_20170924T053537_018513_01F31D_D313_COG,1,S1A,2017-09-24 05:35:12.869368+00:00,2017-09-24 05:35:37.867304+00:00,descending,66,"[6.53062, 45.037823, 10.228603, 46.946854]",4,4,3,2,11
"S1A|2017-09-24 05:35:37.868804+00:00|2017-09-24 05:36:02.866741+00:00|descending|66|(6.205311, 43.538673, 9.846304, 45.444283)",S1A_IW_GRDH_1SDV_20170924T053537_20170924T053602_018513_01F31D_2461_COG,1,True,S1A_IW_GRDH_1SDV_20170924T053537_20170924T053602_018513_01F31D_2461_COG,1,S1A,2017-09-24 05:35:37.868804+00:00,2017-09-24 05:36:02.866741+00:00,descending,66,"[6.205311, 43.538673, 9.846304, 45.444283]",4,4,3,2,11
"S1A|2017-09-25 17:22:52.302583+00:00|2017-09-25 17:23:17.301199+00:00|ascending|88|(5.805558, 43.921909, 9.421571, 45.821262)",S1A_IW_GRDH_1SDV_20170925T172252_20170925T172317_018535_01F3C8_FE45_COG,1,True,S1A_IW_GRDH_1SDV_20170925T172252_20170925T172317_018535_01F3C8_FE45_COG,1,S1A,2017-09-25 17:22:52.302583+00:00,2017-09-25 17:23:17.301199+00:00,ascending,88,"[5.805558, 43.921909, 9.421571, 45.821262]",4,4,3,2,11
"S1A|2017-09-25 17:23:17.302708+00:00|2017-09-25 17:23:42.301326+00:00|ascending|88|(5.358122, 45.420738, 9.092519, 47.317478)",S1A_IW_GRDH_1SDV_20170925T172317_20170925T172342_018535_01F3C8_1AEB_COG,1,True,S1A_IW_GRDH_1SDV_20170925T172317_20170925T172342_018535_01F3C8_1AEB_COG,1,S1A,2017-09-25 17:23:17.302708+00:00,2017-09-25 17:23:42.301326+00:00,ascending,88,"[5.358122, 45.420738, 9.092519, 47.317478]",4,4,3,2,11
"S1A|2018-04-04 05:35:10.521761+00:00|2018-04-04 05:35:35.519470+00:00|descending|66|(6.530585, 45.037952, 10.228227, 46.946911)",S1A_IW_GRDH_1SDV_20180404T053510_20180404T053535_021313_024ACD_C5AD_COG,1,True,S1A_IW_GRDH_1SDV_20180404T053510_20180404T053535_021313_024ACD_C5AD_COG,1,S1A,2018-04-04 05:35:10.521761+00:00,2018-04-04 05:35:35.519470+00:00,descending,66,"[6.530585, 45.037952, 10.228227, 46.946911]",4,4,3,2,11
"S1A|2018-04-04 05:35:35.520969+00:00|2018-04-04 05:36:00.520177+00:00|descending|66|(6.205145, 43.538712, 9.845902, 45.444355)",S1A_IW_GRDH_1SDV_20180404T053535_20180404T053600_021313_024ACD_D649_COG,1,True,S1A_IW_GRDH_1SDV_20180404T053535_20180404T053600_021313_024ACD_D649_COG,1,S1A,2018-04-04 05:35:35.520969+00:00,2018-04-04 05:36:00.520177+00:00,descending,66,"[6.205145, 43.538712, 9.845902, 45.444355]",4,4,3,2,11
"S1A|2018-04-05 17:22:49.951511+00:00|2018-04-05 17:23:14.949755+00:00|ascending|88|(5.806501, 43.921703, 9.421851, 45.820961)",S1A_IW_GRDH_1SDV_20180405T172249_20180405T172314_021335_024B73_6B79_COG,1,True,S1A_IW_GRDH_1SDV_20180405T172249_20180405T172314_021335_024B73_6B79_COG,1,S1A,2018-04-05 17:22:49.951511+00:00,2018-04-05 17:23:14.949755+00:00,ascending,88,"[5.806501, 43.921703, 9.421851, 45.820961]",4,4,3,2,11
"S1A|2018-04-05 17:23:14.951251+00:00|2018-04-05 17:23:39.949495+00:00|ascending|88|(5.359106, 45.420509, 9.092814, 47.317154)",S1A_IW_GRDH_1SDV_20180405T172314_20180405T172339_021335_024B73_8FE1_COG,1,True,S1A_IW_GRDH_1SDV_20180405T172314_20180405T172339_021335_024B73_8FE1_COG,1,S1A,2018-04-05 17:23:14.951251+00:00,2018-04-05 17:23:39.949495+00:00,ascending,88,"[5.359106, 45.420509, 9.092814, 47.317154]",4,4,3,2,11
"S1A|2018-04-11 05:26:58.138772+00:00|2018-04-11 05:27:23.137931+00:00|descending|168|(8.575455, 44.978481, 12.278158, 46.886593)",S1A_IW_GRDH_1SDV_20180411T052658_20180411T052723_021415_024DEE_7135_COG,1,True,S1A_IW_GRDH_1SDV_20180411T052658_20180411T052723_021415_024DEE_7135_COG,1,S1A,2018-04-11 05:26:58.138772+00:00,2018-04-11 05:27:23.137931+00:00,descending,168,"[8.575455, 44.978481, 12.278158, 46.886593]",4,4,3,2,11
"S1A|2018-04-11 05:27:23.139431+00:00|2018-04-11 05:27:48.137090+00:00|descending|168|(8.245636, 43.47995, 11.887084, 45.384876)",S1A_IW_GRDH_1SDV_20180411T052723_20180411T052748_021415_024DEE_ACD7_COG,1,True,S1A_IW_GRDH_1SDV_20180411T052723_20180411T052748_021415_024DEE_ACD7_COG,1,S1A,2018-04-11 05:27:23.139431+00:00,2018-04-11 05:27:48.137090+00:00,descending,168,"[8.245636, 43.47995, 11.887084, 45.384876]",4,4,3,2,11
"S1A|2018-04-12 17:14:43.984327+00:00|2018-04-12 17:15:08.982359+00:00|ascending|15|(7.743744, 44.361828, 11.366642, 46.262722)",S1A_IW_GRDH_1SDV_20180412T171443_20180412T171508_021437_024E95_AD2F_COG,1,True,S1A_IW_GRDH_1SDV_20180412T171443_20180412T171508_021437_024E95_AD2F_COG,1,S1A,2018-04-12 17:14:43.984327+00:00,2018-04-12 17:15:08.982359+00:00,ascending,15,"[7.743744, 44.361828, 11.366642, 46.262722]",4,4,3,2,11
"S1A|2018-04-16 05:35:11.004471+00:00|2018-04-16 05:35:36.002228+00:00|descending|66|(6.529952, 45.038033, 10.227554, 46.946976)",S1A_IW_GRDH_1SDV_20180416T053511_20180416T053536_021488_025042_F14F_COG,1,True,S1A_IW_GRDH_1SDV_20180416T053511_20180416T053536_021488_025042_F14F_COG,1,S1A,2018-04-16 05:35:11.004471+00:00,2018-04-16 05:35:36.002228+00:00,descending,66,"[6.529952, 45.038033, 10.227554, 46.946976]",4,4,3,2,11
"S1A|2018-04-16 05:35:36.003728+00:00|2018-04-16 05:36:01.002985+00:00|descending|66|(6.204666, 43.538788, 9.845278, 45.444405)",S1A_IW_GRDH_1SDV_20180416T053536_20180416T053601_021488_025042_97DD_COG,1,True,S1A_IW_GRDH_1SDV_20180416T053536_20180416T053601_021488_025042_97DD_COG,1,S1A,2018-04-16 05:35:36.003728+00:00,2018-04-16 05:36:01.002985+00:00,descending,66,"[6.204666, 43.538788, 9.845278, 45.444405]",4,4,3,2,11
"S1A|2018-04-17 17:22:50.392286+00:00|2018-04-17 17:23:15.390366+00:00|ascending|88|(5.807331, 43.921883, 9.422416, 45.821072)",S1A_IW_GRDH_1SDV_20180417T172250_20180417T172315_021510_0250F2_B972_COG,1,True,S1A_IW_GRDH_1SDV_20180417T172250_20180417T172315_021510_0250F2_B972_COG,1,S1A,2018-04-17 17:22:50.392286+00:00,2018-04-17 17:23:15.390366+00:00,ascending,88,"[5.807331, 43.921883, 9.422416, 45.821072]",4,4,3,2,11
"S1A|2018-04-17 17:23:15.391862+00:00|2018-04-17 17:23:40.391438+00:00|ascending|88|(5.36015, 45.420696, 9.09341, 47.317379)",S1A_IW_GRDH_1SDV_20180417T172315_20180417T172340_021510_0250F2_F48E_COG,1,True,S1A_IW_GRDH_1SDV_20180417T172315_20180417T172340_021510_0250F2_F48E_COG,1,S1A,2018-04-17 17:23:15.391862+00:00,2018-04-17 17:23:40.391438+00:00,ascending,88,"[5.36015, 45.420696, 9.09341, 47.317379]",4,4,3,2,11
"S1A|2018-04-23 05:26:58.632448+00:00|2018-04-23 05:27:23.630218+00:00|descending|168|(8.577148, 44.978508, 12.280184, 46.886581)",S1A_IW_GRDH_1SDV_20180423T052658_20180423T052723_021590_025363_3FC8_COG,1,True,S1A_IW_GRDH_1SDV_20180423T052658_20180423T052723_021590_025363_3FC8_COG,1,S1A,2018-04-23 05:26:58.632448+00:00,2018-04-23 05:27:23.630218+00:00,descending,168,"[8.577148, 44.978508, 12.280184, 46.886581]",4,4,3,2,11
"S1A|2018-04-23 05:27:23.631647+00:00|2018-04-23 05:27:48.630913+00:00|descending|168|(8.247259, 43.479897, 11.888893, 45.384979)",S1A_IW_GRDH_1SDV_20180423T052723_20180423T052748_021590_025363_DB6B_COG,1,True,S1A_IW_GRDH_1SDV_20180423T052723_20180423T052748_021590_025363_DB6B_COG,1,S1A,2018-04-23 05:27:23.631647+00:00,2018-04-23 05:27:48.630913+00:00,descending,168,"[8.247259, 43.479897, 11.888893, 45.384979]",4,4,3,2,11
"S1A|2018-04-24 17:14:44.503576+00:00|2018-04-24 17:15:09.501676+00:00|ascending|15|(7.743771, 44.361816, 11.366829, 46.262745)",S1A_IW_GRDH_1SDV_20180424T171444_20180424T171509_021612_02540A_864B_COG,1,True,S1A_IW_GRDH_1SDV_20180424T171444_20180424T171509_021612_02540A_864B_COG,1,S1A,2018-04-24 17:14:44.503576+00:00,2018-04-24 17:15:09.501676+00:00,ascending,15,"[7.743771, 44.361816, 11.366829, 46.262745]",4,4,3,2,11
"S1A|2018-04-28 05:35:11.614336+00:00|2018-04-28 05:35:36.613555+00:00|descending|66|(6.529366, 45.037933, 10.227017, 46.946941)",S1A_IW_GRDH_1SDV_20180428T053511_20180428T053536_021663_0255BA_4B75_COG,1,True,S1A_IW_GRDH_1SDV_20180428T053511_20180428T053536_021663_0255BA_4B75_COG,1,S1A,2018-04-28 05:35:11.614336+00:00,2018-04-28 05:35:36.613555+00:00,descending,66,"[6.529366, 45.037933, 10.227017, 46.946941]",4,4,3,2,11
"S1A|2018-04-28 05:35:36.615055+00:00|2018-04-28 05:36:01.612774+00:00|descending|66|(6.204142, 43.538776, 9.844688, 45.444283)",S1A_IW_GRDH_1SDV_20180428T053536_20180428T053601_021663_0255BA_5E7E_COG,1,True,S1A_IW_GRDH_1SDV_20180428T053536_20180428T053601_021663_0255BA_5E7E_COG,1,S1A,2018-04-28 05:35:36.615055+00:00,2018-04-28 05:36:01.612774+00:00,descending,66,"[6.204142, 43.538776, 9.844688, 45.444283]",4,4,3,2,11
"S1A|2018-04-29 17:22:51.036543+00:00|2018-04-29 17:23:16.034629+00:00|ascending|88|(5.807707, 43.921928, 9.422761, 45.821075)",S1A_IW_GRDH_1SDV_20180429T172251_20180429T172316_021685_02566A_A25F_COG,1,True,S1A_IW_GRDH_1SDV_20180429T172251_20180429T172316_021685_02566A_A25F_COG,1,S1A,2018-04-29 17:22:51.036543+00:00,2018-04-29 17:23:16.034629+00:00,ascending,88,"[5.807707, 43.921928, 9.422761, 45.821075]",4,4,3,2,11
"S1A|2018-04-29 17:23:16.036127+00:00|2018-04-29 17:23:41.035710+00:00|ascending|88|(5.360539, 45.420742, 9.093799, 47.317387)",S1A_IW_GRDH_1SDV_20180429T172316_20180429T172341_021685_02566A_CDFB_COG,1,True,S1A_IW_GRDH_1SDV_20180429T172316_20180429T172341_021685_02566A_CDFB_COG,1,S1A,2018-04-29 17:23:16.036127+00:00,2018-04-29 17:23:41.035710+00:00,ascending,88,"[5.360539, 45.420742, 9.093799, 47.317387]",4,4,3,2,11
"S1A|2018-05-05 05:26:59.148127+00:00|2018-05-05 05:27:24.147372+00:00|descending|168|(8.576056, 44.97847, 12.279078, 46.886585)",S1A_IW_GRDH_1SDV_20180505T052659_20180505T052724_021765_0258EB_1451_COG,1,True,S1A_IW_GRDH_1SDV_20180505T052659_20180505T052724_021765_0258EB_1451_COG,1,S1A,2018-05-05 05:26:59.148127+00:00,2018-05-05 05:27:24.147372+00:00,descending,168,"[8.576056, 44.97847, 12.279078, 46.886585]",4,4,3,2,11
"S1A|2018-05-05 05:27:24.148871+00:00|2018-05-05 05:27:49.146616+00:00|descending|168|(8.246234, 43.479939, 11.887807, 45.384888)",S1A_IW_GRDH_1SDV_20180505T052724_20180505T052749_021765_0258EB_B7F7_COG,1,True,S1A_IW_GRDH_1SDV_20180505T052724_20180505T052749_021765_0258EB_B7F7_COG,1,S1A,2018-05-05 05:27:24.148871+00:00,2018-05-05 05:27:49.146616+00:00,descending,168,"[8.246234, 43.479939, 11.887807, 45.384888]",4,4,3,2,11
"S1A|2018-05-06 17:14:45.026882+00:00|2018-05-06 17:15:10.024976+00:00|ascending|15|(7.74394, 44.361797, 11.366979, 46.262707)",S1A_IW_GRDH_1SDV_20180506T171445_20180506T171510_021787_025996_9068_COG,1,True,S1A_IW_GRDH_1SDV_20180506T171445_20180506T171510_021787_025996_9068_COG,1,S1A,2018-05-06 17:14:45.026882+00:00,2018-05-06 17:15:10.024976+00:00,ascending,15,"[7.74394, 44.361797, 11.366979, 46.262707]",4,4,3,2,11
"S1A|2018-05-10 05:35:12.194922+00:00|2018-05-10 05:35:37.192711+00:00|descending|66|(6.530802, 45.037853, 10.228459, 46.946857)",S1A_IW_GRDH_1SDV_20180510T053512_20180510T053537_021838_025B48_6934_COG,1,True,S1A_IW_GRDH_1SDV_20180510T053512_20180510T053537_021838_025B48_6934_COG,1,S1A,2018-05-10 05:35:12.194922+00:00,2018-05-10 05:35:37.192711+00:00,descending,66,"[6.530802, 45.037853, 10.228459, 46.946857]",4,4,3,2,11
"S1A|2018-05-10 05:35:37.194210+00:00|2018-05-10 05:36:02.191999+00:00|descending|66|(6.205357, 43.538708, 9.846102, 45.444309)",S1A_IW_GRDH_1SDV_20180510T053537_20180510T053602_021838_025B48_254C_COG,1,True,S1A_IW_GRDH_1SDV_20180510T053537_20180510T053602_021838_025B48_254C_COG,1,S1A,2018-05-10 05:35:37.194210+00:00,2018-05-10 05:36:02.191999+00:00,descending,66,"[6.205357, 43.538708, 9.846102, 45.444309]",4,4,3,2,11
"S1A|2018-05-11 17:22:51.678549+00:00|2018-05-11 17:23:16.678080+00:00|ascending|88|(5.806108, 43.921921, 9.421236, 45.821217)",S1A_IW_GRDH_1SDV_20180511T172251_20180511T172316_021860_025BFF_57CF_COG,1,True,S1A_IW_GRDH_1SDV_20180511T172251_20180511T172316_021860_025BFF_57CF_COG,1,S1A,2018-05-11 17:22:51.678549+00:00,2018-05-11 17:23:16.678080+00:00,ascending,88,"[5.806108, 43.921921, 9.421236, 45.821217]",4,4,3,2,11
"S1A|2018-05-11 17:23:16.679575+00:00|2018-05-11 17:23:41.677609+00:00|ascending|88|(5.358736, 45.420818, 9.092192, 47.31741)",S1A_IW_GRDH_1SDV_20180511T172316_20180511T172341_021860_025BFF_46EF_COG,1,True,S1A_IW_GRDH_1SDV_20180511T172316_20180511T172341_021860_025BFF_46EF_COG,1,S1A,2018-05-11 17:23:16.679575+00:00,2018-05-11 17:23:41.677609+00:00,ascending,88,"[5.358736, 45.420818, 9.092192, 47.31741]",4,4,3,2,11
"S1A|2018-05-17 05:26:59.788375+00:00|2018-05-17 05:27:24.786153+00:00|descending|168|(8.575423, 44.978584, 12.278218, 46.886608)",S1A_IW_GRDH_1SDV_20180517T052659_20180517T052724_021940_025E79_23B5_COG,1,True,S1A_IW_GRDH_1SDV_20180517T052659_20180517T052724_021940_025E79_23B5_COG,1,S1A,2018-05-17 05:26:59.788375+00:00,2018-05-17 05:27:24.786153+00:00,descending,168,"[8.575423, 44.978584, 12.278218, 46.886608]",4,4,3,2,11
"S1A|2018-05-17 05:27:24.787652+00:00|2018-05-17 05:27:49.786929+00:00|descending|168|(8.245605, 43.479961, 11.887187, 45.384979)",S1A_IW_GRDH_1SDV_20180517T052724_20180517T052749_021940_025E79_6666_COG,1,True,S1A_IW_GRDH_1SDV_20180517T052724_20180517T052749_021940_025E79_6666_COG,1,S1A,2018-05-17 05:27:24.787652+00:00,2018-05-17 05:27:49.786929+00:00,descending,168,"[8.245605, 43.479961, 11.887187, 45.384979]",4,4,3,2,11
"S1A|2018-05-18 17:14:45.679168+00:00|2018-05-18 17:15:10.677279+00:00|ascending|15|(7.743956, 44.361839, 11.366986, 46.262745)",S1A_IW_GRDH_1SDV_20180518T171445_20180518T171510_021962_025F27_8E56_COG,1,True,S1A_IW_GRDH_1SDV_20180518T171445_20180518T171510_021962_025F27_8E56_COG,1,S1A,2018-05-18 17:14:45.679168+00:00,2018-05-18 17:15:10.677279+00:00,ascending,15,"[7.743956, 44.361839, 11.366986, 46.262745]",4,4,3,2,11
"S1A|2018-05-22 05:35:12.867436+00:00|2018-05-22 05:35:37.866679+00:00|descending|66|(6.530619, 45.03788, 10.228305, 46.946957)",S1A_IW_GRDH_1SDV_20180522T053512_20180522T053537_022013_0260DD_FE4A_COG,1,True,S1A_IW_GRDH_1SDV_20180522T053512_20180522T053537_022013_0260DD_FE4A_COG,1,S1A,2018-05-22 05:35:12.867436+00:00,2018-05-22 05:35:37.866679+00:00,descending,66,"[6.530619, 45.03788, 10.228305, 46.946957]",4,4,3,2,11
"S1A|2018-05-22 05:35:37.868179+00:00|2018-05-22 05:36:02.865923+00:00|descending|66|(6.20518, 43.538731, 9.845924, 45.444317)",S1A_IW_GRDH_1SDV_20180522T053537_20180522T053602_022013_0260DD_124A_COG,1,True,S1A_IW_GRDH_1SDV_20180522T053537_20180522T053602_022013_0260DD_124A_COG,1,S1A,2018-05-22 05:35:37.868179+00:00,2018-05-22 05:36:02.865923+00:00,descending,66,"[6.20518, 43.538731, 9.845924, 45.444317]",4,4,3,2,11
"S1A|2018-05-23 17:22:52.325285+00:00|2018-05-23 17:23:17.323432+00:00|ascending|88|(5.80613, 43.92186, 9.421354, 45.821087)",S1A_IW_GRDH_1SDV_20180523T172252_20180523T172317_022035_02618D_37EB_COG,1,True,S1A_IW_GRDH_1SDV_20180523T172252_20180523T172317_022035_02618D_37EB_COG,1,S1A,2018-05-23 17:22:52.325285+00:00,2018-05-23 17:23:17.323432+00:00,ascending,88,"[5.80613, 43.92186, 9.421354, 45.821087]",4,4,3,2,11
"S1A|2018-05-23 17:23:17.324927+00:00|2018-05-23 17:23:42.323074+00:00|ascending|88|(5.358752, 45.42067, 9.09233, 47.31728)",S1A_IW_GRDH_1SDV_20180523T172317_20180523T172342_022035_02618D_8305_COG,1,True,S1A_IW_GRDH_1SDV_20180523T172317_20180523T172342_022035_02618D_8305_COG,1,S1A,2018-05-23 17:23:17.324927+00:00,2018-05-23 17:23:42.323074+00:00,ascending,88,"[5.358752, 45.42067, 9.09233, 47.31728]",4,4,3,2,11
"S1A|2018-05-29 05:27:00.454968+00:00|2018-05-29 05:27:25.454261+00:00|descending|168|(8.575866, 44.978523, 12.278628, 46.886654)",S1A_IW_GRDH_1SDV_20180529T052700_20180529T052725_022115_026419_45E0_COG,1,True,S1A_IW_GRDH_1SDV_20180529T052700_20180529T052725_022115_026419_45E0_COG,1,S1A,2018-05-29 05:27:00.454968+00:00,2018-05-29 05:27:25.454261+00:00,descending,168,"[8.575866, 44.978523, 12.278628, 46.886654]",4,4,3,2,11
"S1A|2018-05-29 05:27:25.455733+00:00|2018-05-29 05:27:50.453525+00:00|descending|168|(8.246064, 43.479996, 11.887624, 45.384933)",S1A_IW_GRDH_1SDV_20180529T052725_20180529T052750_022115_026419_9D5E_COG,1,True,S1A_IW_GRDH_1SDV_20180529T052725_20180529T052750_022115_026419_9D5E_COG,1,S1A,2018-05-29 05:27:25.455733+00:00,2018-05-29 05:27:50.453525+00:00,descending,168,"[8.246064, 43.479996, 11.887624, 45.384933]",4,4,3,2,11
"S1A|2018-05-30 17:14:46.253848+00:00|2018-05-30 17:15:11.251872+00:00|ascending|15|(7.744947, 44.361904, 11.367881, 46.262772)",S1A_IW_GRDH_1SDV_20180530T171446_20180530T171511_022137_0264C8_0D61_COG,1,True,S1A_IW_GRDH_1SDV_20180530T171446_20180530T171511_022137_0264C8_0D61_COG,1,S1A,2018-05-30 17:14:46.253848+00:00,2018-05-30 17:15:11.251872+00:00,ascending,15,"[7.744947, 44.361904, 11.367881, 46.262772]",4,4,3,2,11
"S1A|2018-06-03 05:35:13.479593+00:00|2018-06-03 05:35:38.478908+00:00|descending|66|(6.53149, 45.037849, 10.229317, 46.946945)",S1A_IW_GRDH_1SDV_20180603T053513_20180603T053538_022188_026669_27DD_COG,1,True,S1A_IW_GRDH_1SDV_20180603T053513_20180603T053538_022188_026669_27DD_COG,1,S1A,2018-06-03 05:35:13.479593+00:00,2018-06-03 05:35:38.478908+00:00,descending,66,"[6.53149, 45.037849, 10.229317, 46.946945]",4,4,3,2,11
"S1A|2018-06-03 05:35:38.480407+00:00|2018-06-03 05:36:03.478223+00:00|descending|66|(6.206052, 43.5387, 9.846919, 45.444305)",S1A_IW_GRDH_1SDV_20180603T053538_20180603T053603_022188_026669_A675_COG,1,True,S1A_IW_GRDH_1SDV_20180603T053538_20180603T053603_022188_026669_A675_COG,1,S1A,2018-06-03 05:35:38.480407+00:00,2018-06-03 05:36:03.478223+00:00,descending,66,"[6.206052, 43.5387, 9.846919, 45.444305]",4,4,3,2,11
"S1A|2018-06-04 17:22:52.963422+00:00|2018-06-04 17:23:17.961503+00:00|ascending|88|(5.806594, 43.921852, 9.421718, 45.821087)",S1A_IW_GRDH_1SDV_20180604T172252_20180604T172317_022210_026718_BDEC_COG,1,True,S1A_IW_GRDH_1SDV_20180604T172252_20180604T172317_022210_026718_BDEC_COG,1,S1A,2018-06-04 17:22:52.963422+00:00,2018-06-04 17:23:17.961503+00:00,ascending,88,"[5.806594, 43.921852, 9.421718, 45.821087]",4,4,3,2,11
"S1A|2018-06-04 17:23:17.962999+00:00|2018-06-04 17:23:42.962577+00:00|ascending|88|(5.359166, 45.420658, 9.092661, 47.317371)",S1A_IW_GRDH_1SDV_20180604T172317_20180604T172342_022210_026718_C1DF_COG,1,True,S1A_IW_GRDH_1SDV_20180604T172317_20180604T172342_022210_026718_C1DF_COG,1,S1A,2018-06-04 17:23:17.962999+00:00,2018-06-04 17:23:42.962577+00:00,ascending,88,"[5.359166, 45.420658, 9.092661, 47.317371]",4,4,3,2,11
"S1A|2018-06-10 05:27:01.312614+00:00|2018-06-10 05:27:26.310395+00:00|descending|168|(8.575768, 44.978497, 12.278507, 46.886555)",S1A_IW_GRDH_1SDV_20180610T052701_20180610T052726_022290_026990_C1DC_COG,1,True,S1A_IW_GRDH_1SDV_20180610T052701_20180610T052726_022290_026990_C1DC_COG,1,S1A,2018-06-10 05:27:01.312614+00:00,2018-06-10 05:27:26.310395+00:00,descending,168,"[8.575768, 44.978497, 12.278507, 46.886555]",4,4,3,2,11
"S1A|2018-06-10 05:27:26.311894+00:00|2018-06-10 05:27:51.311174+00:00|descending|168|(8.245935, 43.479877, 11.88752, 45.384922)",S1A_IW_GRDH_1SDV_20180610T052726_20180610T052751_022290_026990_60FA_COG,1,True,S1A_IW_GRDH_1SDV_20180610T052726_20180610T052751_022290_026990_60FA_COG,1,S1A,2018-06-10 05:27:26.311894+00:00,2018-06-10 05:27:51.311174+00:00,descending,168,"[8.245935, 43.479877, 11.88752, 45.384922]",4,4,3,2,11
"S1A|2018-06-11 17:14:47.210077+00:00|2018-06-11 17:15:12.208183+00:00|ascending|15|(7.744004, 44.361851, 11.367053, 46.26273)",S1A_IW_GRDH_1SDV_20180611T171447_20180611T171512_022312_026A3D_70E4_COG,1,True,S1A_IW_GRDH_1SDV_20180611T171447_20180611T171512_022312_026A3D_70E4_COG,1,S1A,2018-06-11 17:14:47.210077+00:00,2018-06-11 17:15:12.208183+00:00,ascending,15,"[7.744004, 44.361851, 11.367053, 46.26273]",4,4,3,2,11
"S1A|2018-06-15 05:35:14.393212+00:00|2018-06-15 05:35:39.392441+00:00|descending|66|(6.529515, 45.037907, 10.227227, 46.946915)",S1A_IW_GRDH_1SDV_20180615T053514_20180615T053539_022363_026BD7_69F3_COG,1,True,S1A_IW_GRDH_1SDV_20180615T053514_20180615T053539_022363_026BD7_69F3_COG,1,S1A,2018-06-15 05:35:14.393212+00:00,2018-06-15 05:35:39.392441+00:00,descending,66,"[6.529515, 45.037907, 10.227227, 46.946915]",4,4,3,2,11
"S1A|2018-06-15 05:35:39.393968+00:00|2018-06-15 05:36:04.391698+00:00|descending|66|(6.204154, 43.53875, 9.844834, 45.444275)",S1A_IW_GRDH_1SDV_20180615T053539_20180615T053604_022363_026BD7_6763_COG,1,True,S1A_IW_GRDH_1SDV_20180615T053539_20180615T053604_022363_026BD7_6763_COG,1,S1A,2018-06-15 05:35:39.393968+00:00,2018-06-15 05:36:04.391698+00:00,descending,66,"[6.204154, 43.53875, 9.844834, 45.444275]",4,4,3,2,11
"S1A|2018-06-16 17:22:53.851100+00:00|2018-06-16 17:23:18.848717+00:00|ascending|88|(5.806848, 43.921856, 9.417338, 45.820515)",S1A_IW_GRDH_1SDV_20180616T172253_20180616T172318_022385_026C7D_4BD4_COG,1,True,S1A_IW_GRDH_1SDV_20180616T172253_20180616T172318_022385_026C7D_4BD4_COG,1,S1A,2018-06-16 17:22:53.851100+00:00,2018-06-16 17:23:18.848717+00:00,ascending,88,"[5.806848, 43.921856, 9.417338, 45.820515]",4,4,3,2,11
"S1A|2018-06-16 17:23:18.850213+00:00|2018-06-16 17:23:43.849327+00:00|ascending|88|(5.359478, 45.420631, 9.088089, 47.316757)",S1A_IW_GRDH_1SDV_20180616T172318_20180616T172343_022385_026C7D_F327_COG,1,True,S1A_IW_GRDH_1SDV_20180616T172318_20180616T172343_022385_026C7D_F327_COG,1,S1A,2018-06-16 17:23:18.850213+00:00,2018-06-16 17:23:43.849327+00:00,ascending,88,"[5.359478, 45.420631, 9.088089, 47.316757]",4,4,3,2,11
"S1A|2018-06-22 05:27:02.015619+00:00|2018-06-22 05:27:27.014940+00:00|descending|168|(8.576496, 44.978416, 12.279505, 46.886562)",S1A_IW_GRDH_1SDV_20180622T052702_20180622T052727_022465_026ED9_BB55_COG,1,True,S1A_IW_GRDH_1SDV_20180622T052702_20180622T052727_022465_026ED9_BB55_COG,1,S1A,2018-06-22 05:27:02.015619+00:00,2018-06-22 05:27:27.014940+00:00,descending,168,"[8.576496, 44.978416, 12.279505, 46.886562]",4,4,3,2,11
"S1A|2018-06-22 05:27:27.016439+00:00|2018-06-22 05:27:52.014261+00:00|descending|168|(8.246663, 43.479889, 11.88824, 45.384861)",S1A_IW_GRDH_1SDV_20180622T052727_20180622T052752_022465_026ED9_AD48_COG,1,True,S1A_IW_GRDH_1SDV_20180622T052727_20180622T052752_022465_026ED9_AD48_COG,1,S1A,2018-06-22 05:27:27.016439+00:00,2018-06-22 05:27:52.014261+00:00,descending,168,"[8.246663, 43.479889, 11.88824, 45.384861]",4,4,3,2,11
"S1A|2018-06-23 17:14:47.908086+00:00|2018-06-23 17:15:12.906097+00:00|ascending|15|(7.744244, 44.361942, 11.36719, 46.262814)",S1A_IW_GRDH_1SDV_20180623T171447_20180623T171512_022487_026F7C_87DB_COG,1,True,S1A_IW_GRDH_1SDV_20180623T171447_20180623T171512_022487_026F7C_87DB_COG,1,S1A,2018-06-23 17:14:47.908086+00:00,2018-06-23 17:15:12.906097+00:00,ascending,15,"[7.744244, 44.361942, 11.36719, 46.262814]",4,4,3,2,11
"S1A|2018-06-27 05:35:15.057085+00:00|2018-06-27 05:35:40.054864+00:00|descending|66|(6.529557, 45.03793, 10.227197, 46.946842)",S1A_IW_GRDH_1SDV_20180627T053515_20180627T053540_022538_0270FA_9041_COG,1,True,S1A_IW_GRDH_1SDV_20180627T053515_20180627T053540_022538_0270FA_9041_COG,1,S1A,2018-06-27 05:35:15.057085+00:00,2018-06-27 05:35:40.054864+00:00,descending,66,"[6.529557, 45.03793, 10.227197, 46.946842]",4,4,3,2,11
"S1A|2018-06-27 05:35:40.056363+00:00|2018-06-27 05:36:05.055642+00:00|descending|66|(6.204195, 43.538685, 9.84488, 45.444294)",S1A_IW_GRDH_1SDV_20180627T053540_20180627T053605_022538_0270FA_356C_COG,1,True,S1A_IW_GRDH_1SDV_20180627T053540_20180627T053605_022538_0270FA_356C_COG,1,S1A,2018-06-27 05:35:40.056363+00:00,2018-06-27 05:36:05.055642+00:00,descending,66,"[6.204195, 43.538685, 9.84488, 45.444294]",4,4,3,2,11
"S1A|2018-06-28 17:22:54.493173+00:00|2018-06-28 17:23:19.490652+00:00|ascending|88|(5.807962, 43.92207, 9.418313, 45.820667)",S1A_IW_GRDH_1SDV_20180628T172254_20180628T172319_022560_02719A_2DAB_COG,1,True,S1A_IW_GRDH_1SDV_20180628T172254_20180628T172319_022560_02719A_2DAB_COG,1,S1A,2018-06-28 17:22:54.493173+00:00,2018-06-28 17:23:19.490652+00:00,ascending,88,"[5.807962, 43.92207, 9.418313, 45.820667]",4,4,3,2,11
"S1A|2018-06-28 17:23:19.492174+00:00|2018-06-28 17:23:44.491152+00:00|ascending|88|(5.3608, 45.420853, 9.089228, 47.316944)",S1A_IW_GRDH_1SDV_20180628T172319_20180628T172344_022560_02719A_E991_COG,1,True,S1A_IW_GRDH_1SDV_20180628T172319_20180628T172344_022560_02719A_E991_COG,1,S1A,2018-06-28 17:23:19.492174+00:00,2018-06-28 17:23:44.491152+00:00,ascending,88,"[5.3608, 45.420853, 9.089228, 47.316944]",4,4,3,2,11
"S1A|2018-07-04 05:27:02.472272+00:00|2018-07-04 05:27:27.470048+00:00|descending|168|(8.577087, 44.978485, 12.280046, 46.886532)",S1A_IW_GRDH_1SDV_20180704T052702_20180704T052727_022640_0273F3_77E9_COG,1,True,S1A_IW_GRDH_1SDV_20180704T052702_20180704T052727_022640_0273F3_77E9_COG,1,S1A,2018-07-04 05:27:02.472272+00:00,2018-07-04 05:27:27.470048+00:00,descending,168,"[8.577087, 44.978485, 12.280046, 46.886532]",4,4,3,2,11
"S1A|2018-07-04 05:27:27.471547+00:00|2018-07-04 05:27:52.470822+00:00|descending|168|(8.247242, 43.479866, 11.888837, 45.384918)",S1A_IW_GRDH_1SDV_20180704T052727_20180704T052752_022640_0273F3_2E8F_COG,1,True,S1A_IW_GRDH_1SDV_20180704T052727_20180704T052752_022640_0273F3_2E8F_COG,1,S1A,2018-07-04 05:27:27.471547+00:00,2018-07-04 05:27:52.470822+00:00,descending,168,"[8.247242, 43.479866, 11.888837, 45.384918]",4,4,3,2,11
"S1A|2018-07-05 17:14:48.331922+00:00|2018-07-05 17:15:13.330005+00:00|ascending|15|(7.744481, 44.361843, 11.367431, 46.262753)",S1A_IW_GRDH_1SDV_20180705T171448_20180705T171513_022662_027499_4308_COG,1,True,S1A_IW_GRDH_1SDV_20180705T171448_20180705T171513_022662_027499_4308_COG,1,S1A,2018-07-05 17:14:48.331922+00:00,2018-07-05 17:15:13.330005+00:00,ascending,15,"[7.744481, 44.361843, 11.367431, 46.262753]",4,4,3,2,11
"S1A|2018-07-09 05:35:15.594286+00:00|2018-07-09 05:35:40.592038+00:00|descending|66|(6.530622, 45.037846, 10.228274, 46.946804)",S1A_IW_GRDH_1SDV_20180709T053515_20180709T053540_022713_027617_31C5_COG,1,True,S1A_IW_GRDH_1SDV_20180709T053515_20180709T053540_022713_027617_31C5_COG,1,S1A,2018-07-09 05:35:15.594286+00:00,2018-07-09 05:35:40.592038+00:00,descending,66,"[6.530622, 45.037846, 10.228274, 46.946804]",4,4,3,2,11
"S1A|2018-07-09 05:35:40.595009+00:00|2018-07-09 05:36:05.592760+00:00|descending|66|(6.205192, 43.538609, 9.845909, 45.444164)",S1A_IW_GRDH_1SDV_20180709T053540_20180709T053605_022713_027617_9906_COG,1,True,S1A_IW_GRDH_1SDV_20180709T053540_20180709T053605_022713_027617_9906_COG,1,S1A,2018-07-09 05:35:40.595009+00:00,2018-07-09 05:36:05.592760+00:00,descending,66,"[6.205192, 43.538609, 9.845909, 45.444164]",4,4,3,2,11
"S1A|2018-07-10 17:22:55.079719+00:00|2018-07-10 17:23:20.078758+00:00|ascending|88|(5.807464, 43.921951, 9.417849, 45.820663)",S1A_IW_GRDH_1SDV_20180710T172255_20180710T172320_022735_0276C4_CAC2_COG,1,True,S1A_IW_GRDH_1SDV_20180710T172255_20180710T172320_022735_0276C4_CAC2_COG,1,S1A,2018-07-10 17:22:55.079719+00:00,2018-07-10 17:23:20.078758+00:00,ascending,88,"[5.807464, 43.921951, 9.417849, 45.820663]",4,4,3,2,11
"S1A|2018-07-10 17:23:20.080279+00:00|2018-07-10 17:23:45.079321+00:00|ascending|88|(5.360278, 45.420818, 9.088849, 47.316952)",S1A_IW_GRDH_1SDV_20180710T172320_20180710T172345_022735_0276C4_788E_COG,1,True,S1A_IW_GRDH_1SDV_20180710T172320_20180710T172345_022735_0276C4_788E_COG,1,S1A,2018-07-10 17:23:20.080279+00:00,2018-07-10 17:23:45.079321+00:00,ascending,88,"[5.360278, 45.420818, 9.088849, 47.316952]",4,4,3,2,11
"S1A|2018-07-16 05:27:03.413168+00:00|2018-07-16 05:27:28.410936+00:00|descending|168|(8.576013, 44.978466, 12.278963, 46.886494)",S1A_IW_GRDH_1SDV_20180716T052703_20180716T052728_022815_02793C_3B3C_COG,1,True,S1A_IW_GRDH_1SDV_20180716T052703_20180716T052728_022815_02793C_3B3C_COG,1,S1A,2018-07-16 05:27:03.413168+00:00,2018-07-16 05:27:28.410936+00:00,descending,168,"[8.576013, 44.978466, 12.278963, 46.886494]",4,4,3,2,11
"S1A|2018-07-16 05:27:28.412435+00:00|2018-07-16 05:27:53.411702+00:00|descending|168|(8.246187, 43.479847, 11.887765, 45.38488)",S1A_IW_GRDH_1SDV_20180716T052728_20180716T052753_022815_02793C_B4AF_COG,1,True,S1A_IW_GRDH_1SDV_20180716T052728_20180716T052753_022815_02793C_B4AF_COG,1,S1A,2018-07-16 05:27:28.412435+00:00,2018-07-16 05:27:53.411702+00:00,descending,168,"[8.246187, 43.479847, 11.887765, 45.38488]",4,4,3,2,11
"S1A|2018-07-17 17:14:49.308010+00:00|2018-07-17 17:15:14.306047+00:00|ascending|15|(7.743857, 44.361927, 11.366783, 46.262829)",S1A_IW_GRDH_1SDV_20180717T171449_20180717T171514_022837_0279EC_D162_COG,1,True,S1A_IW_GRDH_1SDV_20180717T171449_20180717T171514_022837_0279EC_D162_COG,1,S1A,2018-07-17 17:14:49.308010+00:00,2018-07-17 17:15:14.306047+00:00,ascending,15,"[7.743857, 44.361927, 11.366783, 46.262829]",4,4,3,2,11
"S1A|2018-07-21 05:35:16.496137+00:00|2018-07-21 05:35:41.495385+00:00|descending|66|(6.530748, 45.037689, 10.228412, 46.946777)",S1A_IW_GRDH_1SDV_20180721T053516_20180721T053541_022888_027B77_3E78_COG,1,True,S1A_IW_GRDH_1SDV_20180721T053516_20180721T053541_022888_027B77_3E78_COG,1,S1A,2018-07-21 05:35:16.496137+00:00,2018-07-21 05:35:41.495385+00:00,descending,66,"[6.530748, 45.037689, 10.228412, 46.946777]",4,4,3,2,11
"S1A|2018-07-21 05:35:41.496884+00:00|2018-07-21 05:36:06.494633+00:00|descending|66|(6.205431, 43.538544, 9.846042, 45.444122)",S1A_IW_GRDH_1SDV_20180721T053541_20180721T053606_022888_027B77_1894_COG,1,True,S1A_IW_GRDH_1SDV_20180721T053541_20180721T053606_022888_027B77_1894_COG,1,S1A,2018-07-21 05:35:41.496884+00:00,2018-07-21 05:36:06.494633+00:00,descending,66,"[6.205431, 43.538544, 9.846042, 45.444122]",4,4,3,2,11
"S1A|2018-07-22 17:22:55.954236+00:00|2018-07-22 17:23:20.953271+00:00|ascending|88|(5.806236, 43.921871, 9.416649, 45.820629)",S1A_IW_GRDH_1SDV_20180722T172255_20180722T172320_022910_027C34_2B37_COG,1,True,S1A_IW_GRDH_1SDV_20180722T172255_20180722T172320_022910_027C34_2B37_COG,1,S1A,2018-07-22 17:22:55.954236+00:00,2018-07-22 17:23:20.953271+00:00,ascending,88,"[5.806236, 43.921871, 9.416649, 45.820629]",4,4,3,2,11
"S1A|2018-07-22 17:23:20.954768+00:00|2018-07-22 17:23:45.953802+00:00|ascending|88|(5.358839, 45.420738, 9.08748, 47.316883)",S1A_IW_GRDH_1SDV_20180722T172320_20180722T172345_022910_027C34_7AE6_COG,1,True,S1A_IW_GRDH_1SDV_20180722T172320_20180722T172345_022910_027C34_7AE6_COG,1,S1A,2018-07-22 17:23:20.954768+00:00,2018-07-22 17:23:45.953802+00:00,ascending,88,"[5.358839, 45.420738, 9.08748, 47.316883]",4,4,3,2,11
"S1A|2018-07-28 05:27:04.091672+00:00|2018-07-28 05:27:29.090891+00:00|descending|168|(8.575747, 44.978321, 12.278378, 46.886421)",S1A_IW_GRDH_1SDV_20180728T052704_20180728T052729_022990_027EC5_27E6_COG,1,True,S1A_IW_GRDH_1SDV_20180728T052704_20180728T052729_022990_027EC5_27E6_COG,1,S1A,2018-07-28 05:27:04.091672+00:00,2018-07-28 05:27:29.090891+00:00,descending,168,"[8.575747, 44.978321, 12.278378, 46.886421]",4,4,3,2,11
"S1A|2018-07-28 05:27:29.092390+00:00|2018-07-28 05:27:54.090110+00:00|descending|168|(8.245836, 43.47979, 11.887369, 45.384712)",S1A_IW_GRDH_1SDV_20180728T052729_20180728T052754_022990_027EC5_19E2_COG,1,True,S1A_IW_GRDH_1SDV_20180728T052729_20180728T052754_022990_027EC5_19E2_COG,1,S1A,2018-07-28 05:27:29.092390+00:00,2018-07-28 05:27:54.090110+00:00,descending,168,"[8.245836, 43.47979, 11.887369, 45.384712]",4,4,3,2,11
"S1A|2018-07-29 17:14:49.943772+00:00|2018-07-29 17:15:14.941841+00:00|ascending|15|(7.744812, 44.3619, 11.36771, 46.262772)",S1A_IW_GRDH_1SDV_20180729T171449_20180729T171514_023012_027F72_B087_COG,1,True,S1A_IW_GRDH_1SDV_20180729T171449_20180729T171514_023012_027F72_B087_COG,1,S1A,2018-07-29 17:14:49.943772+00:00,2018-07-29 17:15:14.941841+00:00,ascending,15,"[7.744812, 44.3619, 11.36771, 46.262772]",4,4,3,2,11
"S1A|2018-08-02 05:35:11.083169+00:00|2018-08-02 05:35:36.081757+00:00|descending|66|(6.656783, 45.393826, 10.340392, 47.296555)",S1A_IW_GRDH_1SDV_20180802T053511_20180802T053536_023063_0280FC_D8A2_COG,1,True,S1A_IW_GRDH_1SDV_20180802T053511_20180802T053536_023063_0280FC_D8A2_COG,1,S1A,2018-08-02 05:35:11.083169+00:00,2018-08-02 05:35:36.081757+00:00,descending,66,"[6.656783, 45.393826, 10.340392, 47.296555]",4,4,3,2,11
"S1A|2018-08-02 05:35:17.020741+00:00|2018-08-02 05:35:42.020053+00:00|descending|66|(6.531086, 45.037769, 10.228848, 46.946831)",S1A_IW_GRDH_1SDV_20180802T053517_20180802T053542_023063_0280FC_4255_COG,1,True,S1A_IW_GRDH_1SDV_20180802T053517_20180802T053542_023063_0280FC_4255_COG,1,S1A,2018-08-02 05:35:17.020741+00:00,2018-08-02 05:35:42.020053+00:00,descending,66,"[6.531086, 45.037769, 10.228848, 46.946831]",4,4,3,2,11
"S1A|2018-08-02 05:35:36.083240+00:00|2018-08-02 05:36:01.081827+00:00|descending|66|(6.329634, 43.894772, 9.945092, 45.795074)",S1A_IW_GRDH_1SDV_20180802T053536_20180802T053601_023063_0280FC_E192_COG,1,True,S1A_IW_GRDH_1SDV_20180802T053536_20180802T053601_023063_0280FC_E192_COG,1,S1A,2018-08-02 05:35:36.083240+00:00,2018-08-02 05:36:01.081827+00:00,descending,66,"[6.329634, 43.894772, 9.945092, 45.795074]",4,4,3,2,11
"S1A|2018-08-02 05:35:42.021552+00:00|2018-08-02 05:36:07.019365+00:00|descending|66|(6.205812, 43.538616, 9.846519, 45.444172)",S1A_IW_GRDH_1SDV_20180802T053542_20180802T053607_023063_0280FC_BB6C_COG,1,True,S1A_IW_GRDH_1SDV_20180802T053542_20180802T053607_023063_0280FC_BB6C_COG,1,S1A,2018-08-02 05:35:42.021552+00:00,2018-08-02 05:36:07.019365+00:00,descending,66,"[6.205812, 43.538616, 9.846519, 45.444172]",4,4,3,2,11
"S1A|2018-08-03 17:22:56.520291+00:00|2018-08-03 17:23:21.519240+00:00|ascending|88|(5.807279, 43.922092, 9.4177, 45.820831)",S1A_IW_GRDH_1SDV_20180803T172256_20180803T172321_023085_0281B1_420D_COG,1,True,S1A_IW_GRDH_1SDV_20180803T172256_20180803T172321_023085_0281B1_420D_COG,1,S1A,2018-08-03 17:22:56.520291+00:00,2018-08-03 17:23:21.519240+00:00,ascending,88,"[5.807279, 43.922092, 9.4177, 45.820831]",4,4,3,2,11
"S1A|2018-08-03 17:22:56.520298+00:00|2018-08-03 17:23:21.519249+00:00|ascending|88|(5.807276, 43.922092, 9.417694, 45.820831)",S1A_IW_GRDH_1SDV_20180803T172256_20180803T172321_023085_0281B1_A2C4_COG,1,True,S1A_IW_GRDH_1SDV_20180803T172256_20180803T172321_023085_0281B1_A2C4_COG,1,S1A,2018-08-03 17:22:56.520298+00:00,2018-08-03 17:23:21.519249+00:00,ascending,88,"[5.807276, 43.922092, 9.417694, 45.820831]",4,4,3,2,11
"S1A|2018-08-03 17:23:21.520737+00:00|2018-08-03 17:23:46.518190+00:00|ascending|88|(5.360115, 45.420956, 9.088412, 47.317001)",S1A_IW_GRDH_1SDV_20180803T172321_20180803T172346_023085_0281B1_9614_COG,1,True,S1A_IW_GRDH_1SDV_20180803T172321_20180803T172346_023085_0281B1_9614_COG,1,S1A,2018-08-03 17:23:21.520737+00:00,2018-08-03 17:23:46.518190+00:00,ascending,88,"[5.360115, 45.420956, 9.088412, 47.317001]",4,4,3,2,11
"S1A|2018-08-03 17:23:21.520745+00:00|2018-08-03 17:23:46.518200+00:00|ascending|88|(5.360115, 45.420956, 9.088408, 47.316998)",S1A_IW_GRDH_1SDV_20180803T172321_20180803T172346_023085_0281B1_7046_COG,1,True,S1A_IW_GRDH_1SDV_20180803T172321_20180803T172346_023085_0281B1_7046_COG,1,S1A,2018-08-03 17:23:21.520745+00:00,2018-08-03 17:23:46.518200+00:00,ascending,88,"[5.360115, 45.420956, 9.088408, 47.316998]",4,4,3,2,11
"S1A|2018-08-09 05:27:04.742127+00:00|2018-08-09 05:27:29.741427+00:00|descending|168|(8.575672, 44.978401, 12.278454, 46.886517)",S1A_IW_GRDH_1SDV_20180809T052704_20180809T052729_023165_02843F_0EB8_COG,1,True,S1A_IW_GRDH_1SDV_20180809T052704_20180809T052729_023165_02843F_0EB8_COG,1,S1A,2018-08-09 05:27:04.742127+00:00,2018-08-09 05:27:29.741427+00:00,descending,168,"[8.575672, 44.978401, 12.278454, 46.886517]",4,4,3,2,11
"S1A|2018-08-09 05:27:18.025097+00:00|2018-08-09 05:27:43.022547+00:00|descending|168|(8.434849, 44.183952, 12.071619, 46.083538)",S1A_IW_GRDH_1SDV_20180809T052718_20180809T052743_023165_02843F_9E22_COG,1,True,S1A_IW_GRDH_1SDV_20180809T052718_20180809T052743_023165_02843F_9E22_COG,1,S1A,2018-08-09 05:27:18.025097+00:00,2018-08-09 05:27:43.022547+00:00,descending,168,"[8.434849, 44.183952, 12.071619, 46.083538]",4,4,3,2,11
"S1A|2018-08-09 05:27:29.742926+00:00|2018-08-09 05:27:54.740726+00:00|descending|168|(8.245885, 43.47987, 11.887425, 45.384796)",S1A_IW_GRDH_1SDV_20180809T052729_20180809T052754_023165_02843F_BE9A_COG,1,True,S1A_IW_GRDH_1SDV_20180809T052729_20180809T052754_023165_02843F_BE9A_COG,1,S1A,2018-08-09 05:27:29.742926+00:00,2018-08-09 05:27:54.740726+00:00,descending,168,"[8.245885, 43.47987, 11.887425, 45.384796]",4,4,3,2,11
"S1A|2018-08-10 17:14:50.639827+00:00|2018-08-10 17:15:15.637875+00:00|ascending|15|(7.745245, 44.362, 11.368124, 46.262836)",S1A_IW_GRDH_1SDV_20180810T171450_20180810T171515_023187_0284ED_EFEB_COG,1,True,S1A_IW_GRDH_1SDV_20180810T171450_20180810T171515_023187_0284ED_EFEB_COG,1,S1A,2018-08-10 17:14:50.639827+00:00,2018-08-10 17:15:15.637875+00:00,ascending,15,"[7.745245, 44.362, 11.368124, 46.262836]",4,4,3,2,11
"S1A|2018-08-10 17:14:50.640005+00:00|2018-08-10 17:15:15.638076+00:00|ascending|15|(7.745203, 44.362007, 11.368079, 46.262844)",S1A_IW_GRDH_1SDV_20180810T171450_20180810T171515_023187_0284ED_E250_COG,1,True,S1A_IW_GRDH_1SDV_20180810T171450_20180810T171515_023187_0284ED_E250_COG,1,S1A,2018-08-10 17:14:50.640005+00:00,2018-08-10 17:15:15.638076+00:00,ascending,15,"[7.745203, 44.362007, 11.368079, 46.262844]",4,4,3,2,11
"S1A|2018-08-14 05:35:10.746728+00:00|2018-08-14 05:35:35.744831+00:00|descending|66|(6.670308, 45.462734, 10.360554, 47.36528)",S1A_IW_GRDH_1SDV_20180814T053510_20180814T053535_023238_02869A_8A46_COG,1,True,S1A_IW_GRDH_1SDV_20180814T053510_20180814T053535_023238_02869A_8A46_COG,1,S1A,2018-08-14 05:35:10.746728+00:00,2018-08-14 05:35:35.744831+00:00,descending,66,"[6.670308, 45.462734, 10.360554, 47.36528]",4,4,3,2,11
"S1A|2018-08-14 05:35:17.833220+00:00|2018-08-14 05:35:42.832467+00:00|descending|66|(6.53027, 45.03772, 10.227904, 46.946758)",S1A_IW_GRDH_1SDV_20180814T053517_20180814T053542_023238_02869A_A9F7_COG,1,True,S1A_IW_GRDH_1SDV_20180814T053517_20180814T053542_023238_02869A_A9F7_COG,1,S1A,2018-08-14 05:35:17.833220+00:00,2018-08-14 05:35:42.832467+00:00,descending,66,"[6.53027, 45.03772, 10.227904, 46.946758]",4,4,3,2,11
"S1A|2018-08-14 05:35:35.746333+00:00|2018-08-14 05:36:00.744436+00:00|descending|66|(6.343051, 43.963715, 9.963225, 45.864044)",S1A_IW_GRDH_1SDV_20180814T053535_20180814T053600_023238_02869A_6BB8_COG,1,True,S1A_IW_GRDH_1SDV_20180814T053535_20180814T053600_023238_02869A_6BB8_COG,1,S1A,2018-08-14 05:35:35.746333+00:00,2018-08-14 05:36:00.744436+00:00,descending,66,"[6.343051, 43.963715, 9.963225, 45.864044]",4,4,3,2,11
"S1A|2018-08-14 05:35:42.833967+00:00|2018-08-14 05:36:07.831714+00:00|descending|66|(6.204871, 43.538567, 9.845574, 45.444115)",S1A_IW_GRDH_1SDV_20180814T053542_20180814T053607_023238_02869A_507E_COG,1,True,S1A_IW_GRDH_1SDV_20180814T053542_20180814T053607_023238_02869A_507E_COG,1,S1A,2018-08-14 05:35:42.833967+00:00,2018-08-14 05:36:07.831714+00:00,descending,66,"[6.204871, 43.538567, 9.845574, 45.444115]",4,4,3,2,11
"S1A|2018-08-15 17:22:57.306137+00:00|2018-08-15 17:23:22.305169+00:00|ascending|88|(5.806425, 43.921955, 9.41684, 45.820705)",S1A_IW_GRDH_1SDV_20180815T172257_20180815T172322_023260_028751_7ADB_COG,1,True,S1A_IW_GRDH_1SDV_20180815T172257_20180815T172322_023260_028751_7ADB_COG,1,S1A,2018-08-15 17:22:57.306137+00:00,2018-08-15 17:23:22.305169+00:00,ascending,88,"[5.806425, 43.921955, 9.41684, 45.820705]",4,4,3,2,11
"S1A|2018-08-15 17:22:57.306186+00:00|2018-08-15 17:23:22.305224+00:00|ascending|88|(5.80642, 43.921947, 9.416837, 45.820702)",S1A_IW_GRDH_1SDV_20180815T172257_20180815T172322_023260_028751_1314_COG,1,True,S1A_IW_GRDH_1SDV_20180815T172257_20180815T172322_023260_028751_1314_COG,1,S1A,2018-08-15 17:22:57.306186+00:00,2018-08-15 17:23:22.305224+00:00,ascending,88,"[5.80642, 43.921947, 9.416837, 45.820702]",4,4,3,2,11
"S1A|2018-08-15 17:23:22.306665+00:00|2018-08-15 17:23:47.305697+00:00|ascending|88|(5.359029, 45.420815, 9.087673, 47.316956)",S1A_IW_GRDH_1SDV_20180815T172322_20180815T172347_023260_028751_0A67_COG,1,True,S1A_IW_GRDH_1SDV_20180815T172322_20180815T172347_023260_028751_0A67_COG,1,S1A,2018-08-15 17:23:22.306665+00:00,2018-08-15 17:23:47.305697+00:00,ascending,88,"[5.359029, 45.420815, 9.087673, 47.316956]",4,4,3,2,11
"S1A|2018-08-15 17:23:22.306720+00:00|2018-08-15 17:23:47.305757+00:00|ascending|88|(5.359021, 45.420811, 9.087667, 47.316956)",S1A_IW_GRDH_1SDV_20180815T172322_20180815T172347_023260_028751_D627_COG,1,True,S1A_IW_GRDH_1SDV_20180815T172322_20180815T172347_023260_028751_D627_COG,1,S1A,2018-08-15 17:23:22.306720+00:00,2018-08-15 17:23:47.305757+00:00,ascending,88,"[5.359021, 45.420811, 9.087667, 47.316956]",4,4,3,2,11
"S1A|2018-08-21 05:27:05.448298+00:00|2018-08-21 05:27:30.447521+00:00|descending|168|(8.576529, 44.978264, 12.27945, 46.886398)",S1A_IW_GRDH_1SDV_20180821T052705_20180821T052730_023340_0289E6_A7E9_COG,1,True,S1A_IW_GRDH_1SDV_20180821T052705_20180821T052730_023340_0289E6_A7E9_COG,1,S1A,2018-08-21 05:27:05.448298+00:00,2018-08-21 05:27:30.447521+00:00,descending,168,"[8.576529, 44.978264, 12.27945, 46.886398]",4,4,3,2,11
"S1A|2018-08-21 05:27:17.932791+00:00|2018-08-21 05:27:42.929935+00:00|descending|168|(8.445845, 44.231697, 12.087331, 46.131226)",S1A_IW_GRDH_1SDV_20180821T052717_20180821T052742_023340_0289E6_C0B6_COG,1,True,S1A_IW_GRDH_1SDV_20180821T052717_20180821T052742_023340_0289E6_C0B6_COG,1,S1A,2018-08-21 05:27:17.932791+00:00,2018-08-21 05:27:42.929935+00:00,descending,168,"[8.445845, 44.231697, 12.087331, 46.131226]",4,4,3,2,11
"S1A|2018-08-21 05:27:30.449020+00:00|2018-08-21 05:27:55.446743+00:00|descending|168|(8.246546, 43.479736, 11.888134, 45.384716)",S1A_IW_GRDH_1SDV_20180821T052730_20180821T052755_023340_0289E6_59DB_COG,1,True,S1A_IW_GRDH_1SDV_20180821T052730_20180821T052755_023340_0289E6_59DB_COG,1,S1A,2018-08-21 05:27:30.449020+00:00,2018-08-21 05:27:55.446743+00:00,descending,168,"[8.246546, 43.479736, 11.888134, 45.384716]",4,4,3,2,11
"S1A|2018-08-22 17:14:51.262412+00:00|2018-08-22 17:15:16.262045+00:00|ascending|15|(7.743914, 44.361862, 11.366981, 46.262871)",S1A_IW_GRDH_1SDV_20180822T171451_20180822T171516_023362_028A95_A638_COG,1,True,S1A_IW_GRDH_1SDV_20180822T171451_20180822T171516_023362_028A95_A638_COG,1,S1A,2018-08-22 17:14:51.262412+00:00,2018-08-22 17:15:16.262045+00:00,ascending,15,"[7.743914, 44.361862, 11.366981, 46.262871]",4,4,3,2,11
"S1A|2018-08-22 17:14:51.263670+00:00|2018-08-22 17:15:16.261776+00:00|ascending|15|(7.743966, 44.361931, 11.367015, 46.262848)",S1A_IW_GRDH_1SDV_20180822T171451_20180822T171516_023362_028A95_F810_COG,1,True,S1A_IW_GRDH_1SDV_20180822T171451_20180822T171516_023362_028A95_F810_COG,1,S1A,2018-08-22 17:14:51.263670+00:00,2018-08-22 17:15:16.261776+00:00,ascending,15,"[7.743966, 44.361931, 11.367015, 46.262848]",4,4,3,2,11
"S1A|2018-08-26 05:35:10.789067+00:00|2018-08-26 05:35:35.787330+00:00|descending|66|(6.678027, 45.502304, 10.37544, 47.40432)",S1A_IW_GRDH_1SDV_20180826T053510_20180826T053535_023413_028C38_06C0_COG,1,True,S1A_IW_GRDH_1SDV_20180826T053510_20180826T053535_023413_028C38_06C0_COG,1,S1A,2018-08-26 05:35:10.789067+00:00,2018-08-26 05:35:35.787330+00:00,descending,66,"[6.678027, 45.502304, 10.37544, 47.40432]",4,4,3,2,11
"S1A|2018-08-26 05:35:18.534632+00:00|2018-08-26 05:35:43.533857+00:00|descending|66|(6.530135, 45.037674, 10.227757, 46.946716)",S1A_IW_GRDH_1SDV_20180826T053518_20180826T053543_023413_028C38_BAD4_COG,1,True,S1A_IW_GRDH_1SDV_20180826T053518_20180826T053543_023413_028C38_BAD4_COG,1,S1A,2018-08-26 05:35:18.534632+00:00,2018-08-26 05:35:43.533857+00:00,descending,66,"[6.530135, 45.037674, 10.227757, 46.946716]",4,4,3,2,11
"S1A|2018-08-26 05:35:35.788821+00:00|2018-08-26 05:36:00.787082+00:00|descending|66|(6.351366, 44.003204, 9.973368, 45.903603)",S1A_IW_GRDH_1SDV_20180826T053535_20180826T053600_023413_028C38_F7BB_COG,1,True,S1A_IW_GRDH_1SDV_20180826T053535_20180826T053600_023413_028C38_F7BB_COG,1,S1A,2018-08-26 05:35:35.788821+00:00,2018-08-26 05:36:00.787082+00:00,descending,66,"[6.351366, 44.003204, 9.973368, 45.903603]",4,4,3,2,11
"S1A|2018-08-26 05:35:43.535357+00:00|2018-08-26 05:36:08.533083+00:00|descending|66|(6.204861, 43.538525, 9.845437, 45.444057)",S1A_IW_GRDH_1SDV_20180826T053543_20180826T053608_023413_028C38_2249_COG,1,True,S1A_IW_GRDH_1SDV_20180826T053543_20180826T053608_023413_028C38_2249_COG,1,S1A,2018-08-26 05:35:43.535357+00:00,2018-08-26 05:36:08.533083+00:00,descending,66,"[6.204861, 43.538525, 9.845437, 45.444057]",4,4,3,2,11
"S1A|2018-08-27 17:22:58.033775+00:00|2018-08-27 17:23:23.032798+00:00|ascending|88|(5.806756, 43.921944, 9.417153, 45.820675)",S1A_IW_GRDH_1SDV_20180827T172258_20180827T172323_023435_028CF1_0373_COG,1,True,S1A_IW_GRDH_1SDV_20180827T172258_20180827T172323_023435_028CF1_0373_COG,1,S1A,2018-08-27 17:22:58.033775+00:00,2018-08-27 17:23:23.032798+00:00,ascending,88,"[5.806756, 43.921944, 9.417153, 45.820675]",4,4,3,2,11
"S1A|2018-08-27 17:22:58.033875+00:00|2018-08-27 17:23:23.032909+00:00|ascending|88|(5.806779, 43.921951, 9.417177, 45.820683)",S1A_IW_GRDH_1SDV_20180827T172258_20180827T172323_023435_028CF1_8D0B_COG,1,True,S1A_IW_GRDH_1SDV_20180827T172258_20180827T172323_023435_028CF1_8D0B_COG,1,S1A,2018-08-27 17:22:58.033875+00:00,2018-08-27 17:23:23.032909+00:00,ascending,88,"[5.806779, 43.921951, 9.417177, 45.820683]",4,4,3,2,11
"S1A|2018-08-27 17:23:23.034294+00:00|2018-08-27 17:23:48.033317+00:00|ascending|88|(5.35938, 45.420811, 9.088009, 47.316929)",S1A_IW_GRDH_1SDV_20180827T172323_20180827T172348_023435_028CF1_C710_COG,1,True,S1A_IW_GRDH_1SDV_20180827T172323_20180827T172348_023435_028CF1_C710_COG,1,S1A,2018-08-27 17:23:23.034294+00:00,2018-08-27 17:23:48.033317+00:00,ascending,88,"[5.35938, 45.420811, 9.088009, 47.316929]",4,4,3,2,11
"S1A|2018-08-27 17:23:23.034405+00:00|2018-08-27 17:23:48.033439+00:00|ascending|88|(5.359402, 45.420815, 9.088032, 47.316936)",S1A_IW_GRDH_1SDV_20180827T172323_20180827T172348_023435_028CF1_2FF4_COG,1,True,S1A_IW_GRDH_1SDV_20180827T172323_20180827T172348_023435_028CF1_2FF4_COG,1,S1A,2018-08-27 17:23:23.034405+00:00,2018-08-27 17:23:48.033439+00:00,ascending,88,"[5.359402, 45.420815, 9.088032, 47.316936]",4,4,3,2,11
"S1A|2018-09-02 05:27:06.245077+00:00|2018-09-02 05:27:31.244326+00:00|descending|168|(8.57555, 44.978249, 12.27839, 46.88641)",S1A_IW_GRDH_1SDV_20180902T052706_20180902T052731_023515_028F75_FD0E_COG,1,True,S1A_IW_GRDH_1SDV_20180902T052706_20180902T052731_023515_028F75_FD0E_COG,1,S1A,2018-09-02 05:27:06.245077+00:00,2018-09-02 05:27:31.244326+00:00,descending,168,"[8.57555, 44.978249, 12.27839, 46.88641]",4,4,3,2,11
"S1A|2018-09-02 05:27:17.941714+00:00|2018-09-02 05:27:42.939307+00:00|descending|168|(8.457826, 44.278393, 12.095944, 46.178963)",S1A_IW_GRDH_1SDV_20180902T052717_20180902T052742_023515_028F75_871A_COG,1,True,S1A_IW_GRDH_1SDV_20180902T052717_20180902T052742_023515_028F75_871A_COG,1,S1A,2018-09-02 05:27:17.941714+00:00,2018-09-02 05:27:42.939307+00:00,descending,168,"[8.457826, 44.278393, 12.095944, 46.178963]",4,4,3,2,11
"S1A|2018-09-02 05:27:31.245826+00:00|2018-09-02 05:27:56.243576+00:00|descending|168|(8.245705, 43.479721, 11.887283, 45.384693)",S1A_IW_GRDH_1SDV_20180902T052731_20180902T052756_023515_028F75_403F_COG,1,True,S1A_IW_GRDH_1SDV_20180902T052731_20180902T052756_023515_028F75_403F_COG,1,S1A,2018-09-02 05:27:31.245826+00:00,2018-09-02 05:27:56.243576+00:00,descending,168,"[8.245705, 43.479721, 11.887283, 45.384693]",4,4,3,2,11
"S1A|2018-09-03 17:14:52.097283+00:00|2018-09-03 17:15:17.095377+00:00|ascending|15|(7.74252, 44.361931, 11.365572, 46.262867)",S1A_IW_GRDH_1SDV_20180903T171452_20180903T171517_023537_029025_A764_COG,1,True,S1A_IW_GRDH_1SDV_20180903T171452_20180903T171517_023537_029025_A764_COG,1,S1A,2018-09-03 17:14:52.097283+00:00,2018-09-03 17:15:17.095377+00:00,ascending,15,"[7.74252, 44.361931, 11.365572, 46.262867]",4,4,3,2,11
"S1A|2018-09-03 17:14:52.097497+00:00|2018-09-03 17:15:17.095619+00:00|ascending|15|(7.742513, 44.361961, 11.365567, 46.262897)",S1A_IW_GRDH_1SDV_20180903T171452_20180903T171517_023537_029025_47AE_COG,1,True,S1A_IW_GRDH_1SDV_20180903T171452_20180903T171517_023537_029025_47AE_COG,1,S1A,2018-09-03 17:14:52.097497+00:00,2018-09-03 17:15:17.095619+00:00,ascending,15,"[7.742513, 44.361961, 11.365567, 46.262897]",4,4,3,2,11
"S1A|2018-09-07 05:35:10.938260+00:00|2018-09-07 05:35:35.936530+00:00|descending|66|(6.683724, 45.532574, 10.386315, 47.434334)",S1A_IW_GRDH_1SDV_20180907T053510_20180907T053535_023588_0291CF_D966_COG,1,True,S1A_IW_GRDH_1SDV_20180907T053510_20180907T053535_023588_0291CF_D966_COG,1,S1A,2018-09-07 05:35:10.938260+00:00,2018-09-07 05:35:35.936530+00:00,descending,66,"[6.683724, 45.532574, 10.386315, 47.434334]",4,4,3,2,11
"S1A|2018-09-07 05:35:19.188146+00:00|2018-09-07 05:35:44.187378+00:00|descending|66|(6.529541, 45.037697, 10.227187, 46.946735)",S1A_IW_GRDH_1SDV_20180907T053519_20180907T053544_023588_0291CF_89E3_COG,1,True,S1A_IW_GRDH_1SDV_20180907T053519_20180907T053544_023588_0291CF_89E3_COG,1,S1A,2018-09-07 05:35:19.188146+00:00,2018-09-07 05:35:44.187378+00:00,descending,66,"[6.529541, 45.037697, 10.227187, 46.946735]",4,4,3,2,11
"S1A|2018-09-07 05:35:35.938027+00:00|2018-09-07 05:36:00.936296+00:00|descending|66|(6.357191, 44.033436, 9.980576, 45.933826)",S1A_IW_GRDH_1SDV_20180907T053535_20180907T053600_023588_0291CF_64AD_COG,1,True,S1A_IW_GRDH_1SDV_20180907T053535_20180907T053600_023588_0291CF_64AD_COG,1,S1A,2018-09-07 05:35:35.938027+00:00,2018-09-07 05:36:00.936296+00:00,descending,66,"[6.357191, 44.033436, 9.980576, 45.933826]",4,4,3,2,11
"S1A|2018-09-07 05:35:44.188878+00:00|2018-09-07 05:36:09.186610+00:00|descending|66|(6.204287, 43.538544, 9.844843, 45.44408)",S1A_IW_GRDH_1SDV_20180907T053544_20180907T053609_023588_0291CF_B6D5_COG,1,True,S1A_IW_GRDH_1SDV_20180907T053544_20180907T053609_023588_0291CF_B6D5_COG,1,S1A,2018-09-07 05:35:44.188878+00:00,2018-09-07 05:36:09.186610+00:00,descending,66,"[6.204287, 43.538544, 9.844843, 45.44408]",4,4,3,2,11
"S1A|2018-09-08 17:22:58.599603+00:00|2018-09-08 17:23:23.598658+00:00|ascending|88|(5.806963, 43.922016, 9.417349, 45.820724)",S1A_IW_GRDH_1SDV_20180908T172258_20180908T172323_023610_02928B_726B_COG,1,True,S1A_IW_GRDH_1SDV_20180908T172258_20180908T172323_023610_02928B_726B_COG,1,S1A,2018-09-08 17:22:58.599603+00:00,2018-09-08 17:23:23.598658+00:00,ascending,88,"[5.806963, 43.922016, 9.417349, 45.820724]",4,4,3,2,11
"S1A|2018-09-08 17:22:58.599622+00:00|2018-09-08 17:23:23.598679+00:00|ascending|88|(5.807014, 43.922016, 9.4174, 45.820724)",S1A_IW_GRDH_1SDV_20180908T172258_20180908T172323_023610_02928B_5FC8_COG,1,True,S1A_IW_GRDH_1SDV_20180908T172258_20180908T172323_023610_02928B_5FC8_COG,1,S1A,2018-09-08 17:22:58.599622+00:00,2018-09-08 17:23:23.598679+00:00,ascending,88,"[5.807014, 43.922016, 9.4174, 45.820724]",4,4,3,2,11
"S1A|2018-09-08 17:23:23.600155+00:00|2018-09-08 17:23:48.597713+00:00|ascending|88|(5.359636, 45.420883, 9.088225, 47.316887)",S1A_IW_GRDH_1SDV_20180908T172323_20180908T172348_023610_02928B_27E0_COG,1,True,S1A_IW_GRDH_1SDV_20180908T172323_20180908T172348_023610_02928B_27E0_COG,1,S1A,2018-09-08 17:23:23.600155+00:00,2018-09-08 17:23:48.597713+00:00,ascending,88,"[5.359636, 45.420883, 9.088225, 47.316887]",4,4,3,2,11
"S1A|2018-09-08 17:23:23.600175+00:00|2018-09-08 17:23:48.597736+00:00|ascending|88|(5.359686, 45.420883, 9.088276, 47.316891)",S1A_IW_GRDH_1SDV_20180908T172323_20180908T172348_023610_02928B_6025_COG,1,True,S1A_IW_GRDH_1SDV_20180908T172323_20180908T172348_023610_02928B_6025_COG,1,S1A,2018-09-08 17:23:23.600175+00:00,2018-09-08 17:23:48.597736+00:00,ascending,88,"[5.359686, 45.420883, 9.088276, 47.316891]",4,4,3,2,11
"S1A|2018-09-14 05:27:06.568336+00:00|2018-09-14 05:27:31.567630+00:00|descending|168|(8.576051, 44.978313, 12.279073, 46.886436)",S1A_IW_GRDH_1SDV_20180914T052706_20180914T052731_023690_029512_673D_COG,1,True,S1A_IW_GRDH_1SDV_20180914T052706_20180914T052731_023690_029512_673D_COG,1,S1A,2018-09-14 05:27:06.568336+00:00,2018-09-14 05:27:31.567630+00:00,descending,168,"[8.576051, 44.978313, 12.279073, 46.886436]",4,4,3,2,11
"S1A|2018-09-14 05:27:17.908482+00:00|2018-09-14 05:27:42.907624+00:00|descending|168|(8.463552, 44.299583, 12.100589, 46.200512)",S1A_IW_GRDH_1SDV_20180914T052717_20180914T052742_023690_029512_B6FD_COG,1,True,S1A_IW_GRDH_1SDV_20180914T052717_20180914T052742_023690_029512_B6FD_COG,1,S1A,2018-09-14 05:27:17.908482+00:00,2018-09-14 05:27:42.907624+00:00,descending,168,"[8.463552, 44.299583, 12.100589, 46.200512]",4,4,3,2,11
"S1A|2018-09-14 05:27:31.569129+00:00|2018-09-14 05:27:56.566924+00:00|descending|168|(8.246225, 43.479786, 11.887793, 45.384739)",S1A_IW_GRDH_1SDV_20180914T052731_20180914T052756_023690_029512_B9DA_COG,1,True,S1A_IW_GRDH_1SDV_20180914T052731_20180914T052756_023690_029512_B9DA_COG,1,S1A,2018-09-14 05:27:31.569129+00:00,2018-09-14 05:27:56.566924+00:00,descending,168,"[8.246225, 43.479786, 11.887793, 45.384739]",4,4,3,2,11
"S1A|2018-09-15 17:14:52.412747+00:00|2018-09-15 17:15:17.410813+00:00|ascending|15|(7.74353, 44.361961, 11.366458, 46.262867)",S1A_IW_GRDH_1SDV_20180915T171452_20180915T171517_023712_0295C0_92ED_COG,1,True,S1A_IW_GRDH_1SDV_20180915T171452_20180915T171517_023712_0295C0_92ED_COG,1,S1A,2018-09-15 17:14:52.412747+00:00,2018-09-15 17:15:17.410813+00:00,ascending,15,"[7.74353, 44.361961, 11.366458, 46.262867]",4,4,3,2,11
"S1A|2018-09-15 17:14:52.413002+00:00|2018-09-15 17:15:17.411100+00:00|ascending|15|(7.743536, 44.361973, 11.366462, 46.262878)",S1A_IW_GRDH_1SDV_20180915T171452_20180915T171517_023712_0295C0_0034_COG,1,True,S1A_IW_GRDH_1SDV_20180915T171452_20180915T171517_023712_0295C0_0034_COG,1,S1A,2018-09-15 17:14:52.413002+00:00,2018-09-15 17:15:17.411100+00:00,ascending,15,"[7.743536, 44.361973, 11.366462, 46.262878]",4,4,3,2,11
"S1A|2018-09-19 05:35:10.888504+00:00|2018-09-19 05:35:35.886167+00:00|descending|66|(6.689652, 45.554241, 10.395274, 47.455708)",S1A_IW_GRDH_1SDV_20180919T053510_20180919T053535_023763_029771_0A42_COG,1,True,S1A_IW_GRDH_1SDV_20180919T053510_20180919T053535_023763_029771_0A42_COG,1,S1A,2018-09-19 05:35:10.888504+00:00,2018-09-19 05:35:35.886167+00:00,descending,66,"[6.689652, 45.554241, 10.395274, 47.455708]",4,4,3,2,11
"S1A|2018-09-19 05:35:19.498984+00:00|2018-09-19 05:35:44.496814+00:00|descending|66|(6.530597, 45.037743, 10.228337, 46.946751)",S1A_IW_GRDH_1SDV_20180919T053519_20180919T053544_023763_029771_1278_COG,1,True,S1A_IW_GRDH_1SDV_20180919T053519_20180919T053544_023763_029771_1278_COG,1,S1A,2018-09-19 05:35:19.498984+00:00,2018-09-19 05:35:44.496814+00:00,descending,66,"[6.530597, 45.037743, 10.228337, 46.946751]",4,4,3,2,11
"S1A|2018-09-19 05:35:35.887656+00:00|2018-09-19 05:36:00.886816+00:00|descending|66|(6.36332, 44.055046, 9.987434, 45.955494)",S1A_IW_GRDH_1SDV_20180919T053535_20180919T053600_023763_029771_8D7A_COG,1,True,S1A_IW_GRDH_1SDV_20180919T053535_20180919T053600_023763_029771_8D7A_COG,1,S1A,2018-09-19 05:35:35.887656+00:00,2018-09-19 05:36:00.886816+00:00,descending,66,"[6.36332, 44.055046, 9.987434, 45.955494]",4,4,3,2,11
"S1A|2018-09-19 05:35:44.498314+00:00|2018-09-19 05:36:09.497644+00:00|descending|66|(6.205265, 43.538506, 9.846022, 45.444187)",S1A_IW_GRDH_1SDV_20180919T053544_20180919T053609_023763_029771_7567_COG,1,True,S1A_IW_GRDH_1SDV_20180919T053544_20180919T053609_023763_029771_7567_COG,1,S1A,2018-09-19 05:35:44.498314+00:00,2018-09-19 05:36:09.497644+00:00,descending,66,"[6.205265, 43.538506, 9.846022, 45.444187]",4,4,3,2,11
"S1A|2018-09-20 17:22:58.913791+00:00|2018-09-20 17:23:23.912826+00:00|ascending|88|(5.806415, 43.92205, 9.416961, 45.820805)",S1A_IW_GRDH_1SDV_20180920T172258_20180920T172323_023785_029829_238E_COG,1,True,S1A_IW_GRDH_1SDV_20180920T172258_20180920T172323_023785_029829_238E_COG,1,S1A,2018-09-20 17:22:58.913791+00:00,2018-09-20 17:23:23.912826+00:00,ascending,88,"[5.806415, 43.92205, 9.416961, 45.820805]",4,4,3,2,11
"S1A|2018-09-20 17:22:58.913848+00:00|2018-09-20 17:23:23.912890+00:00|ascending|88|(5.806448, 43.922062, 9.416995, 45.820816)",S1A_IW_GRDH_1SDV_20180920T172258_20180920T172323_023785_029829_97FE_COG,1,True,S1A_IW_GRDH_1SDV_20180920T172258_20180920T172323_023785_029829_97FE_COG,1,S1A,2018-09-20 17:22:58.913848+00:00,2018-09-20 17:23:23.912890+00:00,ascending,88,"[5.806448, 43.922062, 9.416995, 45.820816]",4,4,3,2,11
"S1A|2018-09-20 17:23:23.914323+00:00|2018-09-20 17:23:48.913359+00:00|ascending|88|(5.359016, 45.420914, 9.087671, 47.317039)",S1A_IW_GRDH_1SDV_20180920T172323_20180920T172348_023785_029829_9494_COG,1,True,S1A_IW_GRDH_1SDV_20180920T172323_20180920T172348_023785_029829_9494_COG,1,S1A,2018-09-20 17:23:23.914323+00:00,2018-09-20 17:23:48.913359+00:00,ascending,88,"[5.359016, 45.420914, 9.087671, 47.317039]",4,4,3,2,11
"S1A|2018-09-20 17:23:23.914386+00:00|2018-09-20 17:23:48.913428+00:00|ascending|88|(5.359048, 45.420925, 9.087706, 47.317055)",S1A_IW_GRDH_1SDV_20180920T172323_20180920T172348_023785_029829_A013_COG,1,True,S1A_IW_GRDH_1SDV_20180920T172323_20180920T172348_023785_029829_A013_COG,1,S1A,2018-09-20 17:23:23.914386+00:00,2018-09-20 17:23:48.913428+00:00,ascending,88,"[5.359048, 45.420925, 9.087706, 47.317055]",4,4,3,2,11
"S1A|2018-09-26 05:27:06.935194+00:00|2018-09-26 05:27:31.933063+00:00|descending|168|(8.575416, 44.978432, 12.278295, 46.886471)",S1A_IW_GRDH_1SDV_20180926T052706_20180926T052731_023865_029AC2_EE67_COG,1,True,S1A_IW_GRDH_1SDV_20180926T052706_20180926T052731_023865_029AC2_EE67_COG,1,S1A,2018-09-26 05:27:06.935194+00:00,2018-09-26 05:27:31.933063+00:00,descending,168,"[8.575416, 44.978432, 12.278295, 46.886471]",4,4,3,2,11
"S1A|2018-09-26 05:27:17.958857+00:00|2018-09-26 05:27:42.958136+00:00|descending|168|(8.467674, 44.318409, 12.104128, 46.219505)",S1A_IW_GRDH_1SDV_20180926T052717_20180926T052742_023865_029AC2_74D9_COG,1,True,S1A_IW_GRDH_1SDV_20180926T052717_20180926T052742_023865_029AC2_74D9_COG,1,S1A,2018-09-26 05:27:17.958857+00:00,2018-09-26 05:27:42.958136+00:00,descending,168,"[8.467674, 44.318409, 12.104128, 46.219505]",4,4,3,2,11
"S1A|2018-09-26 05:27:31.934590+00:00|2018-09-26 05:27:56.932459+00:00|descending|168|(8.245506, 43.479897, 11.887298, 45.38485)",S1A_IW_GRDH_1SDV_20180926T052731_20180926T052756_023865_029AC2_EF9B_COG,1,True,S1A_IW_GRDH_1SDV_20180926T052731_20180926T052756_023865_029AC2_EF9B_COG,1,S1A,2018-09-26 05:27:31.934590+00:00,2018-09-26 05:27:56.932459+00:00,descending,168,"[8.245506, 43.479897, 11.887298, 45.38485]",4,4,3,2,11
"S1A|2018-09-27 17:14:52.704367+00:00|2018-09-27 17:15:17.702469+00:00|ascending|15|(7.74446, 44.362057, 11.36749, 46.262936)",S1A_IW_GRDH_1SDV_20180927T171452_20180927T171517_023887_029B6B_5164_COG,1,True,S1A_IW_GRDH_1SDV_20180927T171452_20180927T171517_023887_029B6B_5164_COG,1,S1A,2018-09-27 17:14:52.704367+00:00,2018-09-27 17:15:17.702469+00:00,ascending,15,"[7.74446, 44.362057, 11.36749, 46.262936]",4,4,3,2,11
"S1A|2018-09-27 17:14:52.704398+00:00|2018-09-27 17:15:17.702504+00:00|ascending|15|(7.744459, 44.362049, 11.367488, 46.262932)",S1A_IW_GRDH_1SDV_20180927T171452_20180927T171517_023887_029B6B_1C2B_COG,1,True,S1A_IW_GRDH_1SDV_20180927T171452_20180927T171517_023887_029B6B_1C2B_COG,1,S1A,2018-09-27 17:14:52.704398+00:00,2018-09-27 17:15:17.702504+00:00,ascending,15,"[7.744459, 44.362049, 11.367488, 46.262932]",4,4,3,2,11
"S1A|2019-04-06 05:27:02.890671+00:00|2019-04-06 05:27:27.890347+00:00|descending|168|(8.639253, 45.064541, 12.295523, 46.968288)",S1A_IW_GRDH_1SDV_20190406T052702_20190406T052727_026665_02FE08_616D_COG,1,True,S1A_IW_GRDH_1SDV_20190406T052702_20190406T052727_026665_02FE08_616D_COG,1,S1A,2019-04-06 05:27:02.890671+00:00,2019-04-06 05:27:27.890347+00:00,descending,168,"[8.639253, 45.064541, 12.295523, 46.968288]",4,4,3,2,11
"S1A|2019-04-06 05:27:04.325971+00:00|2019-04-06 05:27:29.325129+00:00|descending|168|(8.573891, 44.978527, 12.276144, 46.886669)",S1A_IW_GRDH_1SDV_20190406T052704_20190406T052729_026665_02FE08_6CDF_COG,1,True,S1A_IW_GRDH_1SDV_20190406T052704_20190406T052729_026665_02FE08_6CDF_COG,1,S1A,2019-04-06 05:27:04.325971+00:00,2019-04-06 05:27:29.325129+00:00,descending,168,"[8.573891, 44.978527, 12.276144, 46.886669]",4,4,3,2,11
"S1A|2019-04-06 05:27:27.891832+00:00|2019-04-06 05:27:52.890009+00:00|descending|168|(8.30837, 43.56596, 11.909588, 45.465923)",S1A_IW_GRDH_1SDV_20190406T052727_20190406T052752_026665_02FE08_99ED_COG,1,True,S1A_IW_GRDH_1SDV_20190406T052727_20190406T052752_026665_02FE08_99ED_COG,1,S1A,2019-04-06 05:27:27.891832+00:00,2019-04-06 05:27:52.890009+00:00,descending,168,"[8.30837, 43.56596, 11.909588, 45.465923]",4,4,3,2,11
"S1A|2019-04-06 05:27:29.326628+00:00|2019-04-06 05:27:54.324287+00:00|descending|168|(8.244109, 43.479992, 11.885658, 45.384892)",S1A_IW_GRDH_1SDV_20190406T052729_20190406T052754_026665_02FE08_76A1_COG,1,True,S1A_IW_GRDH_1SDV_20190406T052729_20190406T052754_026665_02FE08_76A1_COG,1,S1A,2019-04-06 05:27:29.326628+00:00,2019-04-06 05:27:54.324287+00:00,descending,168,"[8.244109, 43.479992, 11.885658, 45.384892]",4,4,3,2,11
"S1A|2019-04-07 17:14:50.097054+00:00|2019-04-07 17:15:15.095314+00:00|ascending|15|(7.743492, 44.361664, 11.36661, 46.262573)",S1A_IW_GRDH_1SDV_20190407T171450_20190407T171515_026687_02FECA_0CB0_COG,1,True,S1A_IW_GRDH_1SDV_20190407T171450_20190407T171515_026687_02FECA_0CB0_COG,1,S1A,2019-04-07 17:14:50.097054+00:00,2019-04-07 17:15:15.095314+00:00,ascending,15,"[7.743492, 44.361664, 11.36661, 46.262573]",4,4,3,2,11
"S1A|2019-04-07 17:14:50.097252+00:00|2019-04-07 17:15:15.095537+00:00|ascending|15|(7.743486, 44.361679, 11.366603, 46.262589)",S1A_IW_GRDH_1SDV_20190407T171450_20190407T171515_026687_02FECA_F0CA_COG,1,True,S1A_IW_GRDH_1SDV_20190407T171450_20190407T171515_026687_02FECA_F0CA_COG,1,S1A,2019-04-07 17:14:50.097252+00:00,2019-04-07 17:15:15.095537+00:00,ascending,15,"[7.743486, 44.361679, 11.366603, 46.262589]",4,4,3,2,11
"S1A|2019-04-11 05:35:17.055386+00:00|2019-04-11 05:35:42.053169+00:00|descending|66|(6.531267, 45.037903, 10.228911, 46.946896)",S1A_IW_GRDH_1SDV_20190411T053517_20190411T053542_026738_0300AB_08CA_COG,1,True,S1A_IW_GRDH_1SDV_20190411T053517_20190411T053542_026738_0300AB_08CA_COG,1,S1A,2019-04-11 05:35:17.055386+00:00,2019-04-11 05:35:42.053169+00:00,descending,66,"[6.531267, 45.037903, 10.228911, 46.946896]",4,4,3,2,11
"S1A|2019-04-11 05:35:20.878480+00:00|2019-04-11 05:35:45.876143+00:00|descending|66|(6.525841, 44.80941, 10.16046, 46.712681)",S1A_IW_GRDH_1SDV_20190411T053520_20190411T053545_026738_0300AB_7F1A_COG,1,True,S1A_IW_GRDH_1SDV_20190411T053520_20190411T053545_026738_0300AB_7F1A_COG,1,S1A,2019-04-11 05:35:20.878480+00:00,2019-04-11 05:35:45.876143+00:00,descending,66,"[6.525841, 44.80941, 10.16046, 46.712681]",4,4,3,2,11
"S1A|2019-04-11 05:35:42.054640+00:00|2019-04-11 05:36:07.053921+00:00|descending|66|(6.205938, 43.53867, 9.846575, 45.444332)",S1A_IW_GRDH_1SDV_20190411T053542_20190411T053607_026738_0300AB_7C6C_COG,1,True,S1A_IW_GRDH_1SDV_20190411T053542_20190411T053607_026738_0300AB_7C6C_COG,1,S1A,2019-04-11 05:35:42.054640+00:00,2019-04-11 05:36:07.053921+00:00,descending,66,"[6.205938, 43.53867, 9.846575, 45.444332]",4,4,3,2,11
"S1A|2019-04-11 05:35:45.877695+00:00|2019-04-11 05:36:10.876860+00:00|descending|66|(6.205031, 43.309319, 9.777674, 45.210262)",S1A_IW_GRDH_1SDV_20190411T053545_20190411T053610_026738_0300AB_7F4C_COG,1,True,S1A_IW_GRDH_1SDV_20190411T053545_20190411T053610_026738_0300AB_7F4C_COG,1,S1A,2019-04-11 05:35:45.877695+00:00,2019-04-11 05:36:10.876860+00:00,descending,66,"[6.205031, 43.309319, 9.777674, 45.210262]",4,4,3,2,11
"S1A|2019-04-12 17:22:56.532127+00:00|2019-04-12 17:23:21.529607+00:00|ascending|88|(5.806585, 43.921917, 9.416981, 45.820583)",S1A_IW_GRDH_1SDV_20190412T172256_20190412T172321_026760_030177_9D83_COG,1,True,S1A_IW_GRDH_1SDV_20190412T172256_20190412T172321_026760_030177_9D83_COG,1,S1A,2019-04-12 17:22:56.532127+00:00,2019-04-12 17:23:21.529607+00:00,ascending,88,"[5.806585, 43.921917, 9.416981, 45.820583]",4,4,3,2,11
"S1A|2019-04-12 17:22:56.532187+00:00|2019-04-12 17:23:21.529674+00:00|ascending|88|(5.806627, 43.921932, 9.417024, 45.820602)",S1A_IW_GRDH_1SDV_20190412T172256_20190412T172321_026760_030177_C2AD_COG,1,True,S1A_IW_GRDH_1SDV_20190412T172256_20190412T172321_026760_030177_C2AD_COG,1,S1A,2019-04-12 17:22:56.532187+00:00,2019-04-12 17:23:21.529674+00:00,ascending,88,"[5.806627, 43.921932, 9.417024, 45.820602]",4,4,3,2,11
"S1A|2019-04-12 17:23:21.531104+00:00|2019-04-12 17:23:46.530080+00:00|ascending|88|(5.359182, 45.420689, 9.087697, 47.316818)",S1A_IW_GRDH_1SDV_20190412T172321_20190412T172346_026760_030177_C2EC_COG,1,True,S1A_IW_GRDH_1SDV_20190412T172321_20190412T172346_026760_030177_C2EC_COG,1,S1A,2019-04-12 17:23:21.531104+00:00,2019-04-12 17:23:46.530080+00:00,ascending,88,"[5.359182, 45.420689, 9.087697, 47.316818]",4,4,3,2,11
"S1A|2019-04-12 17:23:21.531170+00:00|2019-04-12 17:23:46.530153+00:00|ascending|88|(5.359223, 45.420708, 9.08774, 47.316841)",S1A_IW_GRDH_1SDV_20190412T172321_20190412T172346_026760_030177_2A8B_COG,1,True,S1A_IW_GRDH_1SDV_20190412T172321_20190412T172346_026760_030177_2A8B_COG,1,S1A,2019-04-12 17:23:21.531170+00:00,2019-04-12 17:23:46.530153+00:00,ascending,88,"[5.359223, 45.420708, 9.08774, 47.316841]",4,4,3,2,11
"S1A|2019-04-19 17:14:50.570762+00:00|2019-04-19 17:15:15.568768+00:00|ascending|15|(7.743633, 44.361908, 11.366552, 46.262768)",S1A_IW_GRDH_1SDV_20190419T171450_20190419T171515_026862_030523_5699_COG,1,True,S1A_IW_GRDH_1SDV_20190419T171450_20190419T171515_026862_030523_5699_COG,1,S1A,2019-04-19 17:14:50.570762+00:00,2019-04-19 17:15:15.568768+00:00,ascending,15,"[7.743633, 44.361908, 11.366552, 46.262768]",4,4,3,2,11
"S1A|2019-04-19 17:14:50.570935+00:00|2019-04-19 17:15:15.568962+00:00|ascending|15|(7.743605, 44.361916, 11.366523, 46.262775)",S1A_IW_GRDH_1SDV_20190419T171450_20190419T171515_026862_030523_1B32_COG,1,True,S1A_IW_GRDH_1SDV_20190419T171450_20190419T171515_026862_030523_1B32_COG,1,S1A,2019-04-19 17:14:50.570935+00:00,2019-04-19 17:15:15.568962+00:00,ascending,15,"[7.743605, 44.361916, 11.366523, 46.262775]",4,4,3,2,11
"S1A|2019-04-23 05:35:17.794007+00:00|2019-04-23 05:35:42.791846+00:00|descending|66|(6.529958, 45.037998, 10.22776, 46.947002)",S1A_IW_GRDH_1SDV_20190423T053517_20190423T053542_026913_030702_16F4_COG,1,True,S1A_IW_GRDH_1SDV_20190423T053517_20190423T053542_026913_030702_16F4_COG,1,S1A,2019-04-23 05:35:17.794007+00:00,2019-04-23 05:35:42.791846+00:00,descending,66,"[6.529958, 45.037998, 10.22776, 46.947002]",4,4,3,2,11
"S1A|2019-04-23 05:35:20.948528+00:00|2019-04-23 05:35:45.947034+00:00|descending|66|(6.535573, 44.849243, 10.166808, 46.753269)",S1A_IW_GRDH_1SDV_20190423T053520_20190423T053545_026913_030702_D81A_COG,1,True,S1A_IW_GRDH_1SDV_20190423T053520_20190423T053545_026913_030702_D81A_COG,1,S1A,2019-04-23 05:35:20.948528+00:00,2019-04-23 05:35:45.947034+00:00,descending,66,"[6.535573, 44.849243, 10.166808, 46.753269]",4,4,3,2,11
"S1A|2019-04-23 05:35:42.793345+00:00|2019-04-23 05:36:07.792683+00:00|descending|66|(6.204503, 43.538761, 9.845397, 45.444454)",S1A_IW_GRDH_1SDV_20190423T053542_20190423T053607_026913_030702_3B91_COG,1,True,S1A_IW_GRDH_1SDV_20190423T053542_20190423T053607_026913_030702_3B91_COG,1,S1A,2019-04-23 05:35:42.793345+00:00,2019-04-23 05:36:07.792683+00:00,descending,66,"[6.204503, 43.538761, 9.845397, 45.444454]",4,4,3,2,11
"S1A|2019-04-23 05:35:45.948524+00:00|2019-04-23 05:36:10.947029+00:00|descending|66|(6.212437, 43.349525, 9.789715, 45.250164)",S1A_IW_GRDH_1SDV_20190423T053545_20190423T053610_026913_030702_2144_COG,1,True,S1A_IW_GRDH_1SDV_20190423T053545_20190423T053610_026913_030702_2144_COG,1,S1A,2019-04-23 05:35:45.948524+00:00,2019-04-23 05:36:10.947029+00:00,descending,66,"[6.212437, 43.349525, 9.789715, 45.250164]",4,4,3,2,11
"S1A|2019-04-24 17:22:57.279789+00:00|2019-04-24 17:23:22.278793+00:00|ascending|88|(5.805126, 43.921829, 9.415556, 45.820602)",S1A_IW_GRDH_1SDV_20190424T172257_20190424T172322_026935_0307CD_0F0D_COG,1,True,S1A_IW_GRDH_1SDV_20190424T172257_20190424T172322_026935_0307CD_0F0D_COG,1,S1A,2019-04-24 17:22:57.279789+00:00,2019-04-24 17:23:22.278793+00:00,ascending,88,"[5.805126, 43.921829, 9.415556, 45.820602]",4,4,3,2,11
"S1A|2019-04-24 17:22:57.281270+00:00|2019-04-24 17:23:22.278775+00:00|ascending|88|(5.805104, 43.921921, 9.415512, 45.820599)",S1A_IW_GRDH_1SDV_20190424T172257_20190424T172322_026935_0307CD_2C57_COG,1,True,S1A_IW_GRDH_1SDV_20190424T172257_20190424T172322_026935_0307CD_2C57_COG,1,S1A,2019-04-24 17:22:57.281270+00:00,2019-04-24 17:23:22.278775+00:00,ascending,88,"[5.805104, 43.921921, 9.415512, 45.820599]",4,4,3,2,11
"S1A|2019-04-24 17:23:22.280272+00:00|2019-04-24 17:23:47.279273+00:00|ascending|88|(5.357687, 45.420689, 9.08634, 47.316849)",S1A_IW_GRDH_1SDV_20190424T172322_20190424T172347_026935_0307CD_D508_COG,1,True,S1A_IW_GRDH_1SDV_20190424T172322_20190424T172347_026935_0307CD_D508_COG,1,S1A,2019-04-24 17:23:22.280272+00:00,2019-04-24 17:23:47.279273+00:00,ascending,88,"[5.357687, 45.420689, 9.08634, 47.316849]",4,4,3,2,11
"S1A|2019-04-24 17:23:22.280289+00:00|2019-04-24 17:23:47.279292+00:00|ascending|88|(5.357706, 45.420692, 9.086363, 47.316853)",S1A_IW_GRDH_1SDV_20190424T172322_20190424T172347_026935_0307CD_727B_COG,1,True,S1A_IW_GRDH_1SDV_20190424T172322_20190424T172347_026935_0307CD_727B_COG,1,S1A,2019-04-24 17:23:22.280289+00:00,2019-04-24 17:23:47.279292+00:00,ascending,88,"[5.357706, 45.420692, 9.086363, 47.316853]",4,4,3,2,11
"S1A|2019-04-30 05:27:02.891654+00:00|2019-04-30 05:27:27.890210+00:00|descending|168|(8.65388, 45.127838, 12.315775, 47.031467)",S1A_IW_GRDH_1SDV_20190430T052702_20190430T052727_027015_030ABC_B671_COG,1,True,S1A_IW_GRDH_1SDV_20190430T052702_20190430T052727_027015_030ABC_B671_COG,1,S1A,2019-04-30 05:27:02.891654+00:00,2019-04-30 05:27:27.890210+00:00,descending,168,"[8.65388, 45.127838, 12.315775, 47.031467]",4,4,3,2,11
"S1A|2019-04-30 05:27:05.381201+00:00|2019-04-30 05:27:30.380494+00:00|descending|168|(8.574917, 44.97855, 12.277291, 46.886738)",S1A_IW_GRDH_1SDV_20190430T052705_20190430T052730_027015_030ABC_4D0B_COG,1,True,S1A_IW_GRDH_1SDV_20190430T052705_20190430T052730_027015_030ABC_4D0B_COG,1,S1A,2019-04-30 05:27:05.381201+00:00,2019-04-30 05:27:30.380494+00:00,descending,168,"[8.574917, 44.97855, 12.277291, 46.886738]",4,4,3,2,11
"S1A|2019-04-30 05:27:27.891708+00:00|2019-04-30 05:27:52.890264+00:00|descending|168|(8.322929, 43.629261, 11.928246, 45.52932)",S1A_IW_GRDH_1SDV_20190430T052727_20190430T052752_027015_030ABC_75E7_COG,1,True,S1A_IW_GRDH_1SDV_20190430T052727_20190430T052752_027015_030ABC_75E7_COG,1,S1A,2019-04-30 05:27:27.891708+00:00,2019-04-30 05:27:52.890264+00:00,descending,168,"[8.322929, 43.629261, 11.928246, 45.52932]",4,4,3,2,11
"S1A|2019-04-30 05:27:30.381994+00:00|2019-04-30 05:27:55.379788+00:00|descending|168|(8.245106, 43.480019, 11.886672, 45.384975)",S1A_IW_GRDH_1SDV_20190430T052730_20190430T052755_027015_030ABC_30E8_COG,1,True,S1A_IW_GRDH_1SDV_20190430T052730_20190430T052755_027015_030ABC_30E8_COG,1,S1A,2019-04-30 05:27:30.381994+00:00,2019-04-30 05:27:55.379788+00:00,descending,168,"[8.245106, 43.480019, 11.886672, 45.384975]",4,4,3,2,11
"S1A|2019-05-01 17:14:51.179086+00:00|2019-05-01 17:15:16.177173+00:00|ascending|15|(7.743389, 44.361828, 11.366431, 46.262703)",S1A_IW_GRDH_1SDV_20190501T171451_20190501T171516_027037_030B82_A471_COG,1,True,S1A_IW_GRDH_1SDV_20190501T171451_20190501T171516_027037_030B82_A471_COG,1,S1A,2019-05-01 17:14:51.179086+00:00,2019-05-01 17:15:16.177173+00:00,ascending,15,"[7.743389, 44.361828, 11.366431, 46.262703]",4,4,3,2,11
"S1A|2019-05-01 17:14:51.179308+00:00|2019-05-01 17:15:16.177423+00:00|ascending|15|(7.74334, 44.361839, 11.366383, 46.262718)",S1A_IW_GRDH_1SDV_20190501T171451_20190501T171516_027037_030B82_DA74_COG,1,True,S1A_IW_GRDH_1SDV_20190501T171451_20190501T171516_027037_030B82_DA74_COG,1,S1A,2019-05-01 17:14:51.179308+00:00,2019-05-01 17:15:16.177423+00:00,ascending,15,"[7.74334, 44.361839, 11.366383, 46.262718]",4,4,3,2,11
"S1A|2019-05-05 05:35:18.135372+00:00|2019-05-05 05:35:43.134546+00:00|descending|66|(6.528707, 45.038025, 10.226535, 46.947021)",S1A_IW_GRDH_1SDV_20190505T053518_20190505T053543_027088_030D62_F48E_COG,1,True,S1A_IW_GRDH_1SDV_20190505T053518_20190505T053543_027088_030D62_F48E_COG,1,S1A,2019-05-05 05:35:18.135372+00:00,2019-05-05 05:35:43.134546+00:00,descending,66,"[6.528707, 45.038025, 10.226535, 46.947021]",4,4,3,2,11
"S1A|2019-05-05 05:35:20.967478+00:00|2019-05-05 05:35:45.965880+00:00|descending|66|(6.539358, 44.868572, 10.171417, 46.772583)",S1A_IW_GRDH_1SDV_20190505T053520_20190505T053545_027088_030D62_E2C1_COG,1,True,S1A_IW_GRDH_1SDV_20190505T053520_20190505T053545_027088_030D62_E2C1_COG,1,S1A,2019-05-05 05:35:20.967478+00:00,2019-05-05 05:35:45.965880+00:00,descending,66,"[6.539358, 44.868572, 10.171417, 46.772583]",4,4,3,2,11
"S1A|2019-05-05 05:35:43.136046+00:00|2019-05-05 05:36:08.133721+00:00|descending|66|(6.203486, 43.538872, 9.844164, 45.444378)",S1A_IW_GRDH_1SDV_20190505T053543_20190505T053608_027088_030D62_9CFE_COG,1,True,S1A_IW_GRDH_1SDV_20190505T053543_20190505T053608_027088_030D62_9CFE_COG,1,S1A,2019-05-05 05:35:43.136046+00:00,2019-05-05 05:36:08.133721+00:00,descending,66,"[6.203486, 43.538872, 9.844164, 45.444378]",4,4,3,2,11
"S1A|2019-05-05 05:35:45.967433+00:00|2019-05-05 05:36:10.965841+00:00|descending|66|(6.215601, 43.368973, 9.794765, 45.269455)",S1A_IW_GRDH_1SDV_20190505T053545_20190505T053610_027088_030D62_1578_COG,1,True,S1A_IW_GRDH_1SDV_20190505T053545_20190505T053610_027088_030D62_1578_COG,1,S1A,2019-05-05 05:35:45.967433+00:00,2019-05-05 05:36:10.965841+00:00,descending,66,"[6.215601, 43.368973, 9.794765, 45.269455]",4,4,3,2,11
"S1A|2019-05-06 17:22:57.490824+00:00|2019-05-06 17:23:22.488436+00:00|ascending|88|(5.807299, 43.921841, 9.417768, 45.820469)",S1A_IW_GRDH_1SDV_20190506T172257_20190506T172322_027110_030E30_1397_COG,1,True,S1A_IW_GRDH_1SDV_20190506T172257_20190506T172322_027110_030E30_1397_COG,1,S1A,2019-05-06 17:22:57.490824+00:00,2019-05-06 17:23:22.488436+00:00,ascending,88,"[5.807299, 43.921841, 9.417768, 45.820469]",4,4,3,2,11
"S1A|2019-05-06 17:22:57.490905+00:00|2019-05-06 17:23:22.488527+00:00|ascending|88|(5.807334, 43.921856, 9.417805, 45.820484)",S1A_IW_GRDH_1SDV_20190506T172257_20190506T172322_027110_030E30_6E25_COG,1,True,S1A_IW_GRDH_1SDV_20190506T172257_20190506T172322_027110_030E30_6E25_COG,1,S1A,2019-05-06 17:22:57.490905+00:00,2019-05-06 17:23:22.488527+00:00,ascending,88,"[5.807334, 43.921856, 9.417805, 45.820484]",4,4,3,2,11
"S1A|2019-05-06 17:23:22.489933+00:00|2019-05-06 17:23:47.489042+00:00|ascending|88|(5.360155, 45.42062, 9.088675, 47.316742)",S1A_IW_GRDH_1SDV_20190506T172322_20190506T172347_027110_030E30_2381_COG,1,True,S1A_IW_GRDH_1SDV_20190506T172322_20190506T172347_027110_030E30_2381_COG,1,S1A,2019-05-06 17:23:22.489933+00:00,2019-05-06 17:23:47.489042+00:00,ascending,88,"[5.360155, 45.42062, 9.088675, 47.316742]",4,4,3,2,11
"S1A|2019-05-06 17:23:22.490023+00:00|2019-05-06 17:23:47.489141+00:00|ascending|88|(5.360188, 45.420635, 9.088584, 47.31675)",S1A_IW_GRDH_1SDV_20190506T172322_20190506T172347_027110_030E30_0A4E_COG,1,True,S1A_IW_GRDH_1SDV_20190506T172322_20190506T172347_027110_030E30_0A4E_COG,1,S1A,2019-05-06 17:23:22.490023+00:00,2019-05-06 17:23:47.489141+00:00,ascending,88,"[5.360188, 45.420635, 9.088584, 47.31675]",4,4,3,2,11
"S1A|2019-05-12 05:27:02.988116+00:00|2019-05-12 05:27:27.986794+00:00|descending|168|(8.658798, 45.139427, 12.322204, 47.043087)",S1A_IW_GRDH_1SDV_20190512T052702_20190512T052727_027190_0310B1_D790_COG,1,True,S1A_IW_GRDH_1SDV_20190512T052702_20190512T052727_027190_0310B1_D790_COG,1,S1A,2019-05-12 05:27:02.988116+00:00,2019-05-12 05:27:27.986794+00:00,descending,168,"[8.658798, 45.139427, 12.322204, 47.043087]",4,4,3,2,11
"S1A|2019-05-12 05:27:05.671586+00:00|2019-05-12 05:27:30.669528+00:00|descending|168|(8.577237, 44.978619, 12.280471, 46.886745)",S1A_IW_GRDH_1SDV_20190512T052705_20190512T052730_027190_0310B1_5B72_COG,1,True,S1A_IW_GRDH_1SDV_20190512T052705_20190512T052730_027190_0310B1_5B72_COG,1,S1A,2019-05-12 05:27:05.671586+00:00,2019-05-12 05:27:30.669528+00:00,descending,168,"[8.577237, 44.978619, 12.280471, 46.886745]",4,4,3,2,11
"S1A|2019-05-12 05:27:27.988291+00:00|2019-05-12 05:27:52.986970+00:00|descending|168|(8.32782, 43.64085, 11.93395, 45.540985)",S1A_IW_GRDH_1SDV_20190512T052727_20190512T052752_027190_0310B1_F3A5_COG,1,True,S1A_IW_GRDH_1SDV_20190512T052727_20190512T052752_027190_0310B1_F3A5_COG,1,S1A,2019-05-12 05:27:27.988291+00:00,2019-05-12 05:27:52.986970+00:00,descending,168,"[8.32782, 43.64085, 11.93395, 45.540985]",4,4,3,2,11
"S1A|2019-05-12 05:27:30.671027+00:00|2019-05-12 05:27:55.668969+00:00|descending|168|(8.247369, 43.480095, 11.889236, 45.385132)",S1A_IW_GRDH_1SDV_20190512T052730_20190512T052755_027190_0310B1_E472_COG,1,True,S1A_IW_GRDH_1SDV_20190512T052730_20190512T052755_027190_0310B1_E472_COG,1,S1A,2019-05-12 05:27:30.671027+00:00,2019-05-12 05:27:55.668969+00:00,descending,168,"[8.247369, 43.480095, 11.889236, 45.385132]",4,4,3,2,11
"S1A|2019-05-13 17:14:51.555855+00:00|2019-05-13 17:15:16.554031+00:00|ascending|15|(7.743174, 44.361725, 11.366398, 46.262669)",S1A_IW_GRDH_1SDV_20190513T171451_20190513T171516_027212_031159_5EE3_COG,1,True,S1A_IW_GRDH_1SDV_20190513T171451_20190513T171516_027212_031159_5EE3_COG,1,S1A,2019-05-13 17:14:51.555855+00:00,2019-05-13 17:15:16.554031+00:00,ascending,15,"[7.743174, 44.361725, 11.366398, 46.262669]",4,4,3,2,11
"S1A|2019-05-13 17:14:51.556028+00:00|2019-05-13 17:15:16.554226+00:00|ascending|15|(7.743138, 44.361732, 11.366363, 46.26268)",S1A_IW_GRDH_1SDV_20190513T171451_20190513T171516_027212_031159_5ED7_COG,1,True,S1A_IW_GRDH_1SDV_20190513T171451_20190513T171516_027212_031159_5ED7_COG,1,S1A,2019-05-13 17:14:51.556028+00:00,2019-05-13 17:15:16.554226+00:00,ascending,15,"[7.743138, 44.361732, 11.366363, 46.26268]",4,4,3,2,11
"S1A|2019-05-17 05:35:18.752729+00:00|2019-05-17 05:35:43.750580+00:00|descending|66|(6.529206, 45.038139, 10.227152, 46.947086)",S1A_IW_GRDH_1SDV_20190517T053518_20190517T053543_027263_0312F1_84F0_COG,1,True,S1A_IW_GRDH_1SDV_20190517T053518_20190517T053543_027263_0312F1_84F0_COG,1,S1A,2019-05-17 05:35:18.752729+00:00,2019-05-17 05:35:43.750580+00:00,descending,66,"[6.529206, 45.038139, 10.227152, 46.947086]",4,4,3,2,11
"S1A|2019-05-17 05:35:21.031580+00:00|2019-05-17 05:35:46.030933+00:00|descending|66|(6.548258, 44.901611, 10.181897, 46.805756)",S1A_IW_GRDH_1SDV_20190517T053521_20190517T053546_027263_0312F1_FB36_COG,1,True,S1A_IW_GRDH_1SDV_20190517T053521_20190517T053546_027263_0312F1_FB36_COG,1,S1A,2019-05-17 05:35:21.031580+00:00,2019-05-17 05:35:46.030933+00:00,descending,66,"[6.548258, 44.901611, 10.181897, 46.805756]",4,4,3,2,11
"S1A|2019-05-17 05:35:43.752107+00:00|2019-05-17 05:36:08.751459+00:00|descending|66|(6.203822, 43.538891, 9.844791, 45.444538)",S1A_IW_GRDH_1SDV_20190517T053543_20190517T053608_027263_0312F1_BBCC_COG,1,True,S1A_IW_GRDH_1SDV_20190517T053543_20190517T053608_027263_0312F1_BBCC_COG,1,S1A,2019-05-17 05:35:43.752107+00:00,2019-05-17 05:36:08.751459+00:00,descending,66,"[6.203822, 43.538891, 9.844791, 45.444538]",4,4,3,2,11
"S1A|2019-05-17 05:35:46.032491+00:00|2019-05-17 05:36:11.030353+00:00|descending|66|(6.223375, 43.402184, 9.805434, 45.302528)",S1A_IW_GRDH_1SDV_20190517T053546_20190517T053611_027263_0312F1_C302_COG,1,True,S1A_IW_GRDH_1SDV_20190517T053546_20190517T053611_027263_0312F1_C302_COG,1,S1A,2019-05-17 05:35:46.032491+00:00,2019-05-17 05:36:11.030353+00:00,descending,66,"[6.223375, 43.402184, 9.805434, 45.302528]",4,4,3,2,11
"S1A|2019-05-18 17:22:58.227097+00:00|2019-05-18 17:23:23.224742+00:00|ascending|88|(5.806862, 43.92186, 9.417459, 45.820496)",S1A_IW_GRDH_1SDV_20190518T172258_20190518T172323_027285_0313A8_AED9_COG,1,True,S1A_IW_GRDH_1SDV_20190518T172258_20190518T172323_027285_0313A8_AED9_COG,1,S1A,2019-05-18 17:22:58.227097+00:00,2019-05-18 17:23:23.224742+00:00,ascending,88,"[5.806862, 43.92186, 9.417459, 45.820496]",4,4,3,2,11
"S1A|2019-05-18 17:22:58.227161+00:00|2019-05-18 17:23:23.224814+00:00|ascending|88|(5.806894, 43.921856, 9.417491, 45.820492)",S1A_IW_GRDH_1SDV_20190518T172258_20190518T172323_027285_0313A8_071B_COG,1,True,S1A_IW_GRDH_1SDV_20190518T172258_20190518T172323_027285_0313A8_071B_COG,1,S1A,2019-05-18 17:22:58.227161+00:00,2019-05-18 17:23:23.224814+00:00,ascending,88,"[5.806894, 43.921856, 9.417491, 45.820492]",4,4,3,2,11
"S1A|2019-05-18 17:23:23.226264+00:00|2019-05-18 17:23:48.225408+00:00|ascending|88|(5.359517, 45.420639, 9.088367, 47.31675)",S1A_IW_GRDH_1SDV_20190518T172323_20190518T172348_027285_0313A8_5620_COG,1,True,S1A_IW_GRDH_1SDV_20190518T172323_20190518T172348_027285_0313A8_5620_COG,1,S1A,2019-05-18 17:23:23.226264+00:00,2019-05-18 17:23:48.225408+00:00,ascending,88,"[5.359517, 45.420639, 9.088367, 47.31675]",4,4,3,2,11
"S1A|2019-05-18 17:23:23.226335+00:00|2019-05-18 17:23:48.225487+00:00|ascending|88|(5.359548, 45.420635, 9.088398, 47.31675)",S1A_IW_GRDH_1SDV_20190518T172323_20190518T172348_027285_0313A8_1C26_COG,1,True,S1A_IW_GRDH_1SDV_20190518T172323_20190518T172348_027285_0313A8_1C26_COG,1,S1A,2019-05-18 17:23:23.226335+00:00,2019-05-18 17:23:48.225487+00:00,ascending,88,"[5.359548, 45.420635, 9.088398, 47.31675]",4,4,3,2,11
"S1A|2019-05-24 05:27:03.064746+00:00|2019-05-24 05:27:28.063148+00:00|descending|168|(8.665299, 45.178448, 12.332432, 47.081894)",S1A_IW_GRDH_1SDV_20190524T052703_20190524T052728_027365_03162B_C259_COG,1,True,S1A_IW_GRDH_1SDV_20190524T052703_20190524T052728_027365_03162B_C259_COG,1,S1A,2019-05-24 05:27:03.064746+00:00,2019-05-24 05:27:28.063148+00:00,descending,168,"[8.665299, 45.178448, 12.332432, 47.081894]",4,4,3,2,11
"S1A|2019-05-24 05:27:06.397691+00:00|2019-05-24 05:27:31.396989+00:00|descending|168|(8.575469, 44.978569, 12.27839, 46.886726)",S1A_IW_GRDH_1SDV_20190524T052706_20190524T052731_027365_03162B_A2AD_COG,1,True,S1A_IW_GRDH_1SDV_20190524T052706_20190524T052731_027365_03162B_A2AD_COG,1,S1A,2019-05-24 05:27:06.397691+00:00,2019-05-24 05:27:31.396989+00:00,descending,168,"[8.575469, 44.978569, 12.27839, 46.886726]",4,4,3,2,11
"S1A|2019-05-24 05:27:28.064591+00:00|2019-05-24 05:27:53.062987+00:00|descending|168|(8.33452, 43.679882, 11.942851, 45.579941)",S1A_IW_GRDH_1SDV_20190524T052728_20190524T052753_027365_03162B_B2E2_COG,1,True,S1A_IW_GRDH_1SDV_20190524T052728_20190524T052753_027365_03162B_B2E2_COG,1,S1A,2019-05-24 05:27:28.064591+00:00,2019-05-24 05:27:53.062987+00:00,descending,168,"[8.33452, 43.679882, 11.942851, 45.579941]",4,4,3,2,11
"S1A|2019-05-24 05:27:31.398461+00:00|2019-05-24 05:27:56.396258+00:00|descending|168|(8.245648, 43.480042, 11.887353, 45.385006)",S1A_IW_GRDH_1SDV_20190524T052731_20190524T052756_027365_03162B_C369_COG,1,True,S1A_IW_GRDH_1SDV_20190524T052731_20190524T052756_027365_03162B_C369_COG,1,S1A,2019-05-24 05:27:31.398461+00:00,2019-05-24 05:27:56.396258+00:00,descending,168,"[8.245648, 43.480042, 11.887353, 45.385006]",4,4,3,2,11
"S1A|2019-05-25 17:14:52.220267+00:00|2019-05-25 17:15:17.218534+00:00|ascending|15|(7.743147, 44.361687, 11.366333, 46.262623)",S1A_IW_GRDH_1SDV_20190525T171452_20190525T171517_027387_0316D0_5286_COG,1,True,S1A_IW_GRDH_1SDV_20190525T171452_20190525T171517_027387_0316D0_5286_COG,1,S1A,2019-05-25 17:14:52.220267+00:00,2019-05-25 17:15:17.218534+00:00,ascending,15,"[7.743147, 44.361687, 11.366333, 46.262623]",4,4,3,2,11
"S1A|2019-05-25 17:14:52.220267+00:00|2019-05-25 17:15:17.218535+00:00|ascending|15|(7.74315, 44.361698, 11.366337, 46.262634)",S1A_IW_GRDH_1SDV_20190525T171452_20190525T171517_027387_0316D0_C329_COG,1,True,S1A_IW_GRDH_1SDV_20190525T171452_20190525T171517_027387_0316D0_C329_COG,1,S1A,2019-05-25 17:14:52.220267+00:00,2019-05-25 17:15:17.218535+00:00,ascending,15,"[7.74315, 44.361698, 11.366337, 46.262634]",4,4,3,2,11
"S1A|2019-05-29 05:35:19.260792+00:00|2019-05-29 05:35:44.258490+00:00|descending|66|(6.529391, 45.037949, 10.227075, 46.946877)",S1A_IW_GRDH_1SDV_20190529T053519_20190529T053544_027438_031868_E82C_COG,1,True,S1A_IW_GRDH_1SDV_20190529T053519_20190529T053544_027438_031868_E82C_COG,1,S1A,2019-05-29 05:35:19.260792+00:00,2019-05-29 05:35:44.258490+00:00,descending,66,"[6.529391, 45.037949, 10.227075, 46.946877]",4,4,3,2,11
"S1A|2019-05-29 05:35:20.725461+00:00|2019-05-29 05:35:45.724151+00:00|descending|66|(6.559473, 44.950306, 10.196239, 46.854313)",S1A_IW_GRDH_1SDV_20190529T053520_20190529T053545_027438_031868_5020_COG,1,True,S1A_IW_GRDH_1SDV_20190529T053520_20190529T053545_027438_031868_5020_COG,1,S1A,2019-05-29 05:35:20.725461+00:00,2019-05-29 05:35:45.724151+00:00,descending,66,"[6.559473, 44.950306, 10.196239, 46.854313]",4,4,3,2,11
"S1A|2019-05-29 05:35:44.259989+00:00|2019-05-29 05:36:09.259186+00:00|descending|66|(6.203994, 43.538704, 9.844712, 45.444328)",S1A_IW_GRDH_1SDV_20190529T053544_20190529T053609_027438_031868_2D24_COG,1,True,S1A_IW_GRDH_1SDV_20190529T053544_20190529T053609_027438_031868_2D24_COG,1,S1A,2019-05-29 05:35:44.259989+00:00,2019-05-29 05:36:09.259186+00:00,descending,66,"[6.203994, 43.538704, 9.844712, 45.444328]",4,4,3,2,11
"S1A|2019-05-29 05:35:45.725648+00:00|2019-05-29 05:36:10.724338+00:00|descending|66|(6.234188, 43.450874, 9.819128, 45.351181)",S1A_IW_GRDH_1SDV_20190529T053545_20190529T053610_027438_031868_F667_COG,1,True,S1A_IW_GRDH_1SDV_20190529T053545_20190529T053610_027438_031868_F667_COG,1,S1A,2019-05-29 05:35:45.725648+00:00,2019-05-29 05:36:10.724338+00:00,descending,66,"[6.234188, 43.450874, 9.819128, 45.351181]",4,4,3,2,11
"S1A|2019-05-30 17:22:58.733154+00:00|2019-05-30 17:23:23.732160+00:00|ascending|88|(5.806298, 43.921886, 9.416702, 45.820625)",S1A_IW_GRDH_1SDV_20190530T172258_20190530T172323_027460_03191D_C7F0_COG,1,True,S1A_IW_GRDH_1SDV_20190530T172258_20190530T172323_027460_03191D_C7F0_COG,1,S1A,2019-05-30 17:22:58.733154+00:00,2019-05-30 17:23:23.732160+00:00,ascending,88,"[5.806298, 43.921886, 9.416702, 45.820625]",4,4,3,2,11
"S1A|2019-05-30 17:22:58.733322+00:00|2019-05-30 17:23:23.732347+00:00|ascending|88|(5.806331, 43.921894, 9.416736, 45.820637)",S1A_IW_GRDH_1SDV_20190530T172258_20190530T172323_027460_03191D_46A7_COG,1,True,S1A_IW_GRDH_1SDV_20190530T172258_20190530T172323_027460_03191D_46A7_COG,1,S1A,2019-05-30 17:22:58.733322+00:00,2019-05-30 17:23:23.732347+00:00,ascending,88,"[5.806331, 43.921894, 9.416736, 45.820637]",4,4,3,2,11
"S1A|2019-05-30 17:23:23.733656+00:00|2019-05-30 17:23:48.732662+00:00|ascending|88|(5.358917, 45.42075, 9.087545, 47.316879)",S1A_IW_GRDH_1SDV_20190530T172323_20190530T172348_027460_03191D_8714_COG,1,True,S1A_IW_GRDH_1SDV_20190530T172323_20190530T172348_027460_03191D_8714_COG,1,S1A,2019-05-30 17:23:23.733656+00:00,2019-05-30 17:23:48.732662+00:00,ascending,88,"[5.358917, 45.42075, 9.087545, 47.316879]",4,4,3,2,11
"S1A|2019-05-30 17:23:23.733843+00:00|2019-05-30 17:23:48.732868+00:00|ascending|88|(5.358947, 45.420761, 9.087579, 47.316891)",S1A_IW_GRDH_1SDV_20190530T172323_20190530T172348_027460_03191D_D756_COG,1,True,S1A_IW_GRDH_1SDV_20190530T172323_20190530T172348_027460_03191D_D756_COG,1,S1A,2019-05-30 17:23:23.733843+00:00,2019-05-30 17:23:48.732868+00:00,ascending,88,"[5.358947, 45.420761, 9.087579, 47.316891]",4,4,3,2,11
"S1A|2019-06-05 05:27:01.892938+00:00|2019-06-05 05:27:26.892159+00:00|descending|168|(8.687621, 45.280857, 12.359517, 47.184452)",S1A_IW_GRDH_1SDV_20190605T052701_20190605T052726_027540_031B94_31F7_COG,1,True,S1A_IW_GRDH_1SDV_20190605T052701_20190605T052726_027540_031B94_31F7_COG,1,S1A,2019-06-05 05:27:01.892938+00:00,2019-06-05 05:27:26.892159+00:00,descending,168,"[8.687621, 45.280857, 12.359517, 47.184452]",4,4,3,2,11
"S1A|2019-06-05 05:27:06.935851+00:00|2019-06-05 05:27:31.935084+00:00|descending|168|(8.575167, 44.97847, 12.277551, 46.88662)",S1A_IW_GRDH_1SDV_20190605T052706_20190605T052731_027540_031B94_C74F_COG,1,True,S1A_IW_GRDH_1SDV_20190605T052706_20190605T052731_027540_031B94_C74F_COG,1,S1A,2019-06-05 05:27:06.935851+00:00,2019-06-05 05:27:31.935084+00:00,descending,168,"[8.575167, 44.97847, 12.277551, 46.88662]",4,4,3,2,11
"S1A|2019-06-05 05:27:26.893696+00:00|2019-06-05 05:27:51.891423+00:00|descending|168|(8.354426, 43.782589, 11.970638, 45.682262)",S1A_IW_GRDH_1SDV_20190605T052726_20190605T052751_027540_031B94_2F81_COG,1,True,S1A_IW_GRDH_1SDV_20190605T052726_20190605T052751_027540_031B94_2F81_COG,1,S1A,2019-06-05 05:27:26.893696+00:00,2019-06-05 05:27:51.891423+00:00,descending,168,"[8.354426, 43.782589, 11.970638, 45.682262]",4,4,3,2,11
"S1A|2019-06-05 05:27:31.936584+00:00|2019-06-05 05:27:56.934318+00:00|descending|168|(8.245256, 43.479935, 11.886926, 45.384872)",S1A_IW_GRDH_1SDV_20190605T052731_20190605T052756_027540_031B94_F64C_COG,1,True,S1A_IW_GRDH_1SDV_20190605T052731_20190605T052756_027540_031B94_F64C_COG,1,S1A,2019-06-05 05:27:31.936584+00:00,2019-06-05 05:27:56.934318+00:00,descending,168,"[8.245256, 43.479935, 11.886926, 45.384872]",4,4,3,2,11
"S1A|2019-06-06 17:14:52.766490+00:00|2019-06-06 17:15:17.766123+00:00|ascending|15|(7.74409, 44.361755, 11.367148, 46.262749)",S1A_IW_GRDH_1SDV_20190606T171452_20190606T171517_027562_031C3A_EE42_COG,1,True,S1A_IW_GRDH_1SDV_20190606T171452_20190606T171517_027562_031C3A_EE42_COG,1,S1A,2019-06-06 17:14:52.766490+00:00,2019-06-06 17:15:17.766123+00:00,ascending,15,"[7.74409, 44.361755, 11.367148, 46.262749]",4,4,3,2,11
"S1A|2019-06-06 17:14:52.766669+00:00|2019-06-06 17:15:17.766324+00:00|ascending|15|(7.744091, 44.361782, 11.367149, 46.262772)",S1A_IW_GRDH_1SDV_20190606T171452_20190606T171517_027562_031C3A_044B_COG,1,True,S1A_IW_GRDH_1SDV_20190606T171452_20190606T171517_027562_031C3A_044B_COG,1,S1A,2019-06-06 17:14:52.766669+00:00,2019-06-06 17:15:17.766324+00:00,ascending,15,"[7.744091, 44.361782, 11.367149, 46.262772]",4,4,3,2,11
"S1A|2019-06-10 05:35:19.824397+00:00|2019-06-10 05:35:44.822077+00:00|descending|66|(6.531132, 45.037842, 10.228823, 46.946819)",S1A_IW_GRDH_1SDV_20190610T053519_20190610T053544_027613_031DC6_9840_COG,1,True,S1A_IW_GRDH_1SDV_20190610T053519_20190610T053544_027613_031DC6_9840_COG,1,S1A,2019-06-10 05:35:19.824397+00:00,2019-06-10 05:35:44.822077+00:00,descending,66,"[6.531132, 45.037842, 10.228823, 46.946819]",4,4,3,2,11
"S1A|2019-06-10 05:35:20.006188+00:00|2019-06-10 05:35:45.005246+00:00|descending|66|(6.579216, 45.026905, 10.225441, 46.930634)",S1A_IW_GRDH_1SDV_20190610T053520_20190610T053545_027613_031DC6_316F_COG,1,True,S1A_IW_GRDH_1SDV_20190610T053520_20190610T053545_027613_031DC6_316F_COG,1,S1A,2019-06-10 05:35:20.006188+00:00,2019-06-10 05:35:45.005246+00:00,descending,66,"[6.579216, 45.026905, 10.225441, 46.930634]",4,4,3,2,11
"S1A|2019-06-10 05:35:44.823604+00:00|2019-06-10 05:36:09.822785+00:00|descending|66|(6.205675, 43.538601, 9.846437, 45.444267)",S1A_IW_GRDH_1SDV_20190610T053544_20190610T053609_027613_031DC6_D958_COG,1,True,S1A_IW_GRDH_1SDV_20190610T053544_20190610T053609_027613_031DC6_D958_COG,1,S1A,2019-06-10 05:35:44.823604+00:00,2019-06-10 05:36:09.822785+00:00,descending,66,"[6.205675, 43.538601, 9.846437, 45.444267]",4,4,3,2,11
"S1A|2019-06-10 05:35:45.006861+00:00|2019-06-10 05:36:10.004433+00:00|descending|66|(6.252601, 43.52776, 9.84348, 45.427891)",S1A_IW_GRDH_1SDV_20190610T053545_20190610T053610_027613_031DC6_AD94_COG,1,True,S1A_IW_GRDH_1SDV_20190610T053545_20190610T053610_027613_031DC6_AD94_COG,1,S1A,2019-06-10 05:35:45.006861+00:00,2019-06-10 05:36:10.004433+00:00,descending,66,"[6.252601, 43.52776, 9.84348, 45.427891]",4,4,3,2,11
"S1A|2019-06-11 17:22:59.225134+00:00|2019-06-11 17:23:24.222745+00:00|ascending|88|(5.807044, 43.921822, 9.417545, 45.820503)",S1A_IW_GRDH_1SDV_20190611T172259_20190611T172324_027635_031E78_7D7D_COG,1,True,S1A_IW_GRDH_1SDV_20190611T172259_20190611T172324_027635_031E78_7D7D_COG,1,S1A,2019-06-11 17:22:59.225134+00:00,2019-06-11 17:23:24.222745+00:00,ascending,88,"[5.807044, 43.921822, 9.417545, 45.820503]",4,4,3,2,11
"S1A|2019-06-11 17:22:59.225312+00:00|2019-06-11 17:23:24.222942+00:00|ascending|88|(5.807072, 43.921833, 9.417576, 45.820518)",S1A_IW_GRDH_1SDV_20190611T172259_20190611T172324_027635_031E78_5EF8_COG,1,True,S1A_IW_GRDH_1SDV_20190611T172259_20190611T172324_027635_031E78_5EF8_COG,1,S1A,2019-06-11 17:22:59.225312+00:00,2019-06-11 17:23:24.222942+00:00,ascending,88,"[5.807072, 43.921833, 9.417576, 45.820518]",4,4,3,2,11
"S1A|2019-06-11 17:23:24.224241+00:00|2019-06-11 17:23:49.223348+00:00|ascending|88|(5.359661, 45.420597, 9.088279, 47.316742)",S1A_IW_GRDH_1SDV_20190611T172324_20190611T172349_027635_031E78_74BA_COG,1,True,S1A_IW_GRDH_1SDV_20190611T172324_20190611T172349_027635_031E78_74BA_COG,1,S1A,2019-06-11 17:23:24.224241+00:00,2019-06-11 17:23:49.223348+00:00,ascending,88,"[5.359661, 45.420597, 9.088279, 47.316742]",4,4,3,2,11
"S1A|2019-06-11 17:23:24.224439+00:00|2019-06-11 17:23:49.223565+00:00|ascending|88|(5.359686, 45.420612, 9.088308, 47.316757)",S1A_IW_GRDH_1SDV_20190611T172324_20190611T172349_027635_031E78_293F_COG,1,True,S1A_IW_GRDH_1SDV_20190611T172324_20190611T172349_027635_031E78_293F_COG,1,S1A,2019-06-11 17:23:24.224439+00:00,2019-06-11 17:23:49.223565+00:00,ascending,88,"[5.359686, 45.420612, 9.088308, 47.316757]",4,4,3,2,11
"S1A|2019-06-17 05:27:03.015247+00:00|2019-06-17 05:27:28.013877+00:00|descending|168|(8.680825, 45.249043, 12.352883, 47.152378)",S1A_IW_GRDH_1SDV_20190617T052703_20190617T052728_027715_0320DB_9C1D_COG,1,True,S1A_IW_GRDH_1SDV_20190617T052703_20190617T052728_027715_0320DB_9C1D_COG,1,S1A,2019-06-17 05:27:03.015247+00:00,2019-06-17 05:27:28.013877+00:00,descending,168,"[8.680825, 45.249043, 12.352883, 47.152378]",4,4,3,2,11
"S1A|2019-06-17 05:27:07.527633+00:00|2019-06-17 05:27:32.526877+00:00|descending|168|(8.575667, 44.978436, 12.278275, 46.886528)",S1A_IW_GRDH_1SDV_20190617T052707_20190617T052732_027715_0320DB_155C_COG,1,True,S1A_IW_GRDH_1SDV_20190617T052707_20190617T052732_027715_0320DB_155C_COG,1,S1A,2019-06-17 05:27:07.527633+00:00,2019-06-17 05:27:32.526877+00:00,descending,168,"[8.575667, 44.978436, 12.278275, 46.886528]",4,4,3,2,11
"S1A|2019-06-17 05:27:28.015362+00:00|2019-06-17 05:27:53.013991+00:00|descending|168|(8.349987, 43.750477, 11.962337, 45.650471)",S1A_IW_GRDH_1SDV_20190617T052728_20190617T052753_027715_0320DB_1415_COG,1,True,S1A_IW_GRDH_1SDV_20190617T052728_20190617T052753_027715_0320DB_1415_COG,1,S1A,2019-06-17 05:27:28.015362+00:00,2019-06-17 05:27:53.013991+00:00,descending,168,"[8.349987, 43.750477, 11.962337, 45.650471]",4,4,3,2,11
"S1A|2019-06-17 05:27:32.528349+00:00|2019-06-17 05:27:57.526092+00:00|descending|168|(8.245772, 43.4799, 11.8873, 45.384815)",S1A_IW_GRDH_1SDV_20190617T052732_20190617T052757_027715_0320DB_AAA2_COG,1,True,S1A_IW_GRDH_1SDV_20190617T052732_20190617T052757_027715_0320DB_AAA2_COG,1,S1A,2019-06-17 05:27:32.528349+00:00,2019-06-17 05:27:57.526092+00:00,descending,168,"[8.245772, 43.4799, 11.8873, 45.384815]",4,4,3,2,11
"S1A|2019-06-18 17:14:53.428423+00:00|2019-06-18 17:15:18.426482+00:00|ascending|15|(7.74503, 44.361908, 11.36794, 46.26276)",S1A_IW_GRDH_1SDV_20190618T171453_20190618T171518_027737_032180_23B2_COG,1,True,S1A_IW_GRDH_1SDV_20190618T171453_20190618T171518_027737_032180_23B2_COG,1,S1A,2019-06-18 17:14:53.428423+00:00,2019-06-18 17:15:18.426482+00:00,ascending,15,"[7.74503, 44.361908, 11.36794, 46.26276]",4,4,3,2,11
"S1A|2019-06-18 17:14:53.428632+00:00|2019-06-18 17:15:18.426717+00:00|ascending|15|(7.74501, 44.361931, 11.367919, 46.262783)",S1A_IW_GRDH_1SDV_20190618T171453_20190618T171518_027737_032180_5AED_COG,1,True,S1A_IW_GRDH_1SDV_20190618T171453_20190618T171518_027737_032180_5AED_COG,1,S1A,2019-06-18 17:14:53.428632+00:00,2019-06-18 17:15:18.426717+00:00,ascending,15,"[7.74501, 44.361931, 11.367919, 46.262783]",4,4,3,2,11
"S1A|2019-06-22 05:35:20.628854+00:00|2019-06-22 05:35:45.628157+00:00|descending|66|(6.531152, 45.037838, 10.228865, 46.946903)",S1A_IW_GRDH_1SDV_20190622T053520_20190622T053545_027788_032303_6BD5_COG,1,True,S1A_IW_GRDH_1SDV_20190622T053520_20190622T053545_027788_032303_6BD5_COG,1,S1A,2019-06-22 05:35:20.628854+00:00,2019-06-22 05:35:45.628157+00:00,descending,66,"[6.531152, 45.037838, 10.228865, 46.946903]",4,4,3,2,11
"S1A|2019-06-22 05:35:21.029046+00:00|2019-06-22 05:35:46.028443+00:00|descending|66|(6.576119, 45.013836, 10.220614, 46.917641)",S1A_IW_GRDH_1SDV_20190622T053521_20190622T053546_027788_032303_6F2B_COG,1,True,S1A_IW_GRDH_1SDV_20190622T053521_20190622T053546_027788_032303_6F2B_COG,1,S1A,2019-06-22 05:35:21.029046+00:00,2019-06-22 05:35:46.028443+00:00,descending,66,"[6.576119, 45.013836, 10.220614, 46.917641]",4,4,3,2,11
"S1A|2019-06-22 05:35:45.629684+00:00|2019-06-22 05:36:10.627490+00:00|descending|66|(6.205727, 43.538689, 9.846457, 45.444267)",S1A_IW_GRDH_1SDV_20190622T053545_20190622T053610_027788_032303_D751_COG,1,True,S1A_IW_GRDH_1SDV_20190622T053545_20190622T053610_027788_032303_D751_COG,1,S1A,2019-06-22 05:35:45.629684+00:00,2019-06-22 05:36:10.627490+00:00,descending,66,"[6.205727, 43.538689, 9.846457, 45.444267]",4,4,3,2,11
"S1A|2019-06-22 05:35:46.028548+00:00|2019-06-22 05:36:11.027955+00:00|descending|66|(6.249606, 43.514656, 9.839736, 45.414913)",S1A_IW_GRDH_1SDV_20190622T053546_20190622T053611_027788_032303_D3A3_COG,1,True,S1A_IW_GRDH_1SDV_20190622T053546_20190622T053611_027788_032303_D3A3_COG,1,S1A,2019-06-22 05:35:46.028548+00:00,2019-06-22 05:36:11.027955+00:00,descending,66,"[6.249606, 43.514656, 9.839736, 45.414913]",4,4,3,2,11
"S1A|2019-06-23 17:23:00.099375+00:00|2019-06-23 17:23:25.096843+00:00|ascending|88|(5.806824, 43.922024, 9.417226, 45.82069)",S1A_IW_GRDH_1SDV_20190623T172300_20190623T172325_027810_0323B0_9E25_COG,1,True,S1A_IW_GRDH_1SDV_20190623T172300_20190623T172325_027810_0323B0_9E25_COG,1,S1A,2019-06-23 17:23:00.099375+00:00,2019-06-23 17:23:25.096843+00:00,ascending,88,"[5.806824, 43.922024, 9.417226, 45.82069]",4,4,3,2,11
"S1A|2019-06-23 17:23:00.099453+00:00|2019-06-23 17:23:25.096930+00:00|ascending|88|(5.806809, 43.922039, 9.417212, 45.820705)",S1A_IW_GRDH_1SDV_20190623T172300_20190623T172325_027810_0323B0_C6AE_COG,1,True,S1A_IW_GRDH_1SDV_20190623T172300_20190623T172325_027810_0323B0_C6AE_COG,1,S1A,2019-06-23 17:23:00.099453+00:00,2019-06-23 17:23:25.096930+00:00,ascending,88,"[5.806809, 43.922039, 9.417212, 45.820705]",4,4,3,2,11
"S1A|2019-06-23 17:23:25.098340+00:00|2019-06-23 17:23:50.097304+00:00|ascending|88|(5.359424, 45.420795, 9.08807, 47.31694)",S1A_IW_GRDH_1SDV_20190623T172325_20190623T172350_027810_0323B0_4052_COG,1,True,S1A_IW_GRDH_1SDV_20190623T172325_20190623T172350_027810_0323B0_4052_COG,1,S1A,2019-06-23 17:23:25.098340+00:00,2019-06-23 17:23:50.097304+00:00,ascending,88,"[5.359424, 45.420795, 9.08807, 47.31694]",4,4,3,2,11
"S1A|2019-06-23 17:23:25.098426+00:00|2019-06-23 17:23:50.097399+00:00|ascending|88|(5.35941, 45.420811, 9.088056, 47.316956)",S1A_IW_GRDH_1SDV_20190623T172325_20190623T172350_027810_0323B0_1DB0_COG,1,True,S1A_IW_GRDH_1SDV_20190623T172325_20190623T172350_027810_0323B0_1DB0_COG,1,S1A,2019-06-23 17:23:25.098426+00:00,2019-06-23 17:23:50.097399+00:00,ascending,88,"[5.35941, 45.420811, 9.088056, 47.316956]",4,4,3,2,11
"S1A|2019-06-29 05:27:02.883689+00:00|2019-06-29 05:27:27.881477+00:00|descending|168|(8.693349, 45.305809, 12.363841, 47.209499)",S1A_IW_GRDH_1SDV_20190629T052702_20190629T052727_027890_032617_F1E9_COG,1,True,S1A_IW_GRDH_1SDV_20190629T052702_20190629T052727_027890_032617_F1E9_COG,1,S1A,2019-06-29 05:27:02.883689+00:00,2019-06-29 05:27:27.881477+00:00,descending,168,"[8.693349, 45.305809, 12.363841, 47.209499]",4,4,3,2,11
"S1A|2019-06-29 05:27:08.342246+00:00|2019-06-29 05:27:33.339944+00:00|descending|168|(8.575707, 44.978508, 12.278434, 46.886551)",S1A_IW_GRDH_1SDV_20190629T052708_20190629T052733_027890_032617_BC30_COG,1,True,S1A_IW_GRDH_1SDV_20190629T052708_20190629T052733_027890_032617_BC30_COG,1,S1A,2019-06-29 05:27:08.342246+00:00,2019-06-29 05:27:33.339944+00:00,descending,168,"[8.575707, 44.978508, 12.278434, 46.886551]",4,4,3,2,11
"S1A|2019-06-29 05:27:27.882933+00:00|2019-06-29 05:27:52.882215+00:00|descending|168|(8.358814, 43.807793, 11.977829, 45.707226)",S1A_IW_GRDH_1SDV_20190629T052727_20190629T052752_027890_032617_D7BC_COG,1,True,S1A_IW_GRDH_1SDV_20190629T052727_20190629T052752_027890_032617_D7BC_COG,1,S1A,2019-06-29 05:27:27.882933+00:00,2019-06-29 05:27:52.882215+00:00,descending,168,"[8.358814, 43.807793, 11.977829, 45.707226]",4,4,3,2,11
"S1A|2019-06-29 05:27:33.341443+00:00|2019-06-29 05:27:58.340641+00:00|descending|168|(8.245893, 43.479889, 11.887463, 45.384922)",S1A_IW_GRDH_1SDV_20190629T052733_20190629T052758_027890_032617_E24A_COG,1,True,S1A_IW_GRDH_1SDV_20190629T052733_20190629T052758_027890_032617_E24A_COG,1,S1A,2019-06-29 05:27:33.341443+00:00,2019-06-29 05:27:58.340641+00:00,descending,168,"[8.245893, 43.479889, 11.887463, 45.384922]",4,4,3,2,11
"S1A|2019-06-30 17:14:54.236526+00:00|2019-06-30 17:15:19.235638+00:00|ascending|15|(7.744407, 44.361889, 11.367334, 46.262806)",S1A_IW_GRDH_1SDV_20190630T171454_20190630T171519_027912_0326BA_C7EF_COG,1,True,S1A_IW_GRDH_1SDV_20190630T171454_20190630T171519_027912_0326BA_C7EF_COG,1,S1A,2019-06-30 17:14:54.236526+00:00,2019-06-30 17:15:19.235638+00:00,ascending,15,"[7.744407, 44.361889, 11.367334, 46.262806]",4,4,3,2,11
"S1A|2019-06-30 17:14:54.236727+00:00|2019-06-30 17:15:19.235864+00:00|ascending|15|(7.744449, 44.361893, 11.367373, 46.26281)",S1A_IW_GRDH_1SDV_20190630T171454_20190630T171519_027912_0326BA_2DF9_COG,1,True,S1A_IW_GRDH_1SDV_20190630T171454_20190630T171519_027912_0326BA_2DF9_COG,1,S1A,2019-06-30 17:14:54.236727+00:00,2019-06-30 17:15:19.235864+00:00,ascending,15,"[7.744449, 44.361893, 11.367373, 46.26281]",4,4,3,2,11
"S1A|2019-07-04 05:35:21.413735+00:00|2019-07-04 05:35:46.412718+00:00|descending|66|(6.529658, 45.037899, 10.227341, 46.946888)",S1A_IW_GRDH_1SDV_20190704T053521_20190704T053546_027963_03284A_BD71_COG,1,True,S1A_IW_GRDH_1SDV_20190704T053521_20190704T053546_027963_03284A_BD71_COG,1,S1A,2019-07-04 05:35:21.413735+00:00,2019-07-04 05:35:46.412718+00:00,descending,66,"[6.529658, 45.037899, 10.227341, 46.946888]",4,4,3,2,11
"S1A|2019-07-04 05:35:21.880948+00:00|2019-07-04 05:35:46.878438+00:00|descending|66|(6.573868, 45.009972, 10.217592, 46.913616)",S1A_IW_GRDH_1SDV_20190704T053521_20190704T053546_027963_03284A_9066_COG,1,True,S1A_IW_GRDH_1SDV_20190704T053521_20190704T053546_027963_03284A_9066_COG,1,S1A,2019-07-04 05:35:21.880948+00:00,2019-07-04 05:35:46.878438+00:00,descending,66,"[6.573868, 45.009972, 10.217592, 46.913616]",4,4,3,2,11
"S1A|2019-07-04 05:35:46.414218+00:00|2019-07-04 05:36:11.413201+00:00|descending|66|(6.204287, 43.538666, 9.844979, 45.444263)",S1A_IW_GRDH_1SDV_20190704T053546_20190704T053611_027963_03284A_A315_COG,1,True,S1A_IW_GRDH_1SDV_20190704T053546_20190704T053611_027963_03284A_A315_COG,1,S1A,2019-07-04 05:35:46.414218+00:00,2019-07-04 05:36:11.413201+00:00,descending,66,"[6.204287, 43.538666, 9.844979, 45.444263]",4,4,3,2,11
"S1A|2019-07-04 05:35:46.880072+00:00|2019-07-04 05:36:11.879074+00:00|descending|66|(6.24741, 43.510708, 9.837111, 45.410881)",S1A_IW_GRDH_1SDV_20190704T053546_20190704T053611_027963_03284A_29D5_COG,1,True,S1A_IW_GRDH_1SDV_20190704T053546_20190704T053611_027963_03284A_29D5_COG,1,S1A,2019-07-04 05:35:46.880072+00:00,2019-07-04 05:36:11.879074+00:00,descending,66,"[6.24741, 43.510708, 9.837111, 45.410881]",4,4,3,2,11
"S1A|2019-07-05 17:23:00.870876+00:00|2019-07-05 17:23:25.870227+00:00|ascending|88|(5.807128, 43.921879, 9.417646, 45.820637)",S1A_IW_GRDH_1SDV_20190705T172300_20190705T172325_027985_0328F9_70FE_COG,1,True,S1A_IW_GRDH_1SDV_20190705T172300_20190705T172325_027985_0328F9_70FE_COG,1,S1A,2019-07-05 17:23:00.870876+00:00,2019-07-05 17:23:25.870227+00:00,ascending,88,"[5.807128, 43.921879, 9.417646, 45.820637]",4,4,3,2,11
"S1A|2019-07-05 17:23:00.872147+00:00|2019-07-05 17:23:25.869975+00:00|ascending|88|(5.807116, 43.921951, 9.417612, 45.820618)",S1A_IW_GRDH_1SDV_20190705T172300_20190705T172325_027985_0328F9_E730_COG,1,True,S1A_IW_GRDH_1SDV_20190705T172300_20190705T172325_027985_0328F9_E730_COG,1,S1A,2019-07-05 17:23:00.872147+00:00,2019-07-05 17:23:25.869975+00:00,ascending,88,"[5.807116, 43.921951, 9.417612, 45.820618]",4,4,3,2,11
"S1A|2019-07-05 17:23:25.871473+00:00|2019-07-05 17:23:50.869301+00:00|ascending|88|(5.359777, 45.420742, 9.088366, 47.316784)",S1A_IW_GRDH_1SDV_20190705T172325_20190705T172350_027985_0328F9_F980_COG,1,True,S1A_IW_GRDH_1SDV_20190705T172325_20190705T172350_027985_0328F9_F980_COG,1,S1A,2019-07-05 17:23:25.871473+00:00,2019-07-05 17:23:50.869301+00:00,ascending,88,"[5.359777, 45.420742, 9.088366, 47.316784]",4,4,3,2,11
"S1A|2019-07-05 17:23:25.871724+00:00|2019-07-05 17:23:50.869578+00:00|ascending|88|(5.359787, 45.420765, 9.08838, 47.316807)",S1A_IW_GRDH_1SDV_20190705T172325_20190705T172350_027985_0328F9_7D3B_COG,1,True,S1A_IW_GRDH_1SDV_20190705T172325_20190705T172350_027985_0328F9_7D3B_COG,1,S1A,2019-07-05 17:23:25.871724+00:00,2019-07-05 17:23:50.869578+00:00,ascending,88,"[5.359787, 45.420765, 9.08838, 47.316807]",4,4,3,2,11
"S1A|2019-07-11 05:27:03.925758+00:00|2019-07-11 05:27:28.923568+00:00|descending|168|(8.689565, 45.282112, 12.361495, 47.185699)",S1A_IW_GRDH_1SDV_20190711T052703_20190711T052728_028065_032B64_62BD_COG,1,True,S1A_IW_GRDH_1SDV_20190711T052703_20190711T052728_028065_032B64_62BD_COG,1,S1A,2019-07-11 05:27:03.925758+00:00,2019-07-11 05:27:28.923568+00:00,descending,168,"[8.689565, 45.282112, 12.361495, 47.185699]",4,4,3,2,11
"S1A|2019-07-11 05:27:08.990295+00:00|2019-07-11 05:27:33.989511+00:00|descending|168|(8.576911, 44.978378, 12.279882, 46.886528)",S1A_IW_GRDH_1SDV_20190711T052708_20190711T052733_028065_032B64_6C61_COG,1,True,S1A_IW_GRDH_1SDV_20190711T052708_20190711T052733_028065_032B64_6C61_COG,1,S1A,2019-07-11 05:27:08.990295+00:00,2019-07-11 05:27:33.989511+00:00,descending,168,"[8.576911, 44.978378, 12.279882, 46.886528]",4,4,3,2,11
"S1A|2019-07-11 05:27:28.925035+00:00|2019-07-11 05:27:53.924340+00:00|descending|168|(8.35632, 43.783787, 11.972759, 45.683582)",S1A_IW_GRDH_1SDV_20190711T052728_20190711T052753_028065_032B64_58A3_COG,1,True,S1A_IW_GRDH_1SDV_20190711T052728_20190711T052753_028065_032B64_58A3_COG,1,S1A,2019-07-11 05:27:28.925035+00:00,2019-07-11 05:27:53.924340+00:00,descending,168,"[8.35632, 43.783787, 11.972759, 45.683582]",4,4,3,2,11
"S1A|2019-07-11 05:27:33.991011+00:00|2019-07-11 05:27:58.988727+00:00|descending|168|(8.24708, 43.479858, 11.888651, 45.38483)",S1A_IW_GRDH_1SDV_20190711T052733_20190711T052758_028065_032B64_9CDA_COG,1,True,S1A_IW_GRDH_1SDV_20190711T052733_20190711T052758_028065_032B64_9CDA_COG,1,S1A,2019-07-11 05:27:33.991011+00:00,2019-07-11 05:27:58.988727+00:00,descending,168,"[8.24708, 43.479858, 11.888651, 45.38483]",4,4,3,2,11
"S1A|2019-07-12 17:14:54.923875+00:00|2019-07-12 17:15:19.922939+00:00|ascending|15|(7.744267, 44.361893, 11.367213, 46.26284)",S1A_IW_GRDH_1SDV_20190712T171454_20190712T171519_028087_032C08_E558_COG,1,True,S1A_IW_GRDH_1SDV_20190712T171454_20190712T171519_028087_032C08_E558_COG,1,S1A,2019-07-12 17:14:54.923875+00:00,2019-07-12 17:15:19.922939+00:00,ascending,15,"[7.744267, 44.361893, 11.367213, 46.26284]",4,4,3,2,11
"S1A|2019-07-12 17:14:54.924087+00:00|2019-07-12 17:15:19.923178+00:00|ascending|15|(7.744294, 44.361904, 11.367239, 46.262848)",S1A_IW_GRDH_1SDV_20190712T171454_20190712T171519_028087_032C08_2061_COG,1,True,S1A_IW_GRDH_1SDV_20190712T171454_20190712T171519_028087_032C08_2061_COG,1,S1A,2019-07-12 17:14:54.924087+00:00,2019-07-12 17:15:19.923178+00:00,ascending,15,"[7.744294, 44.361904, 11.367239, 46.262848]",4,4,3,2,11
"S1A|2019-07-16 05:35:21.897434+00:00|2019-07-16 05:35:46.895682+00:00|descending|66|(6.583919, 45.055149, 10.23385, 46.958687)",S1A_IW_GRDH_1SDV_20190716T053521_20190716T053546_028138_032D98_D0BB_COG,1,True,S1A_IW_GRDH_1SDV_20190716T053521_20190716T053546_028138_032D98_D0BB_COG,1,S1A,2019-07-16 05:35:21.897434+00:00,2019-07-16 05:35:46.895682+00:00,descending,66,"[6.583919, 45.055149, 10.23385, 46.958687]",4,4,3,2,11
"S1A|2019-07-16 05:35:22.186308+00:00|2019-07-16 05:35:47.183834+00:00|descending|66|(6.52973, 45.037907, 10.227386, 46.946815)",S1A_IW_GRDH_1SDV_20190716T053522_20190716T053547_028138_032D98_0CF4_COG,1,True,S1A_IW_GRDH_1SDV_20190716T053522_20190716T053547_028138_032D98_0CF4_COG,1,S1A,2019-07-16 05:35:22.186308+00:00,2019-07-16 05:35:47.183834+00:00,descending,66,"[6.52973, 45.037907, 10.227386, 46.946815]",4,4,3,2,11
"S1A|2019-07-16 05:35:46.897172+00:00|2019-07-16 05:36:11.895419+00:00|descending|66|(6.257182, 43.556004, 9.850032, 45.456116)",S1A_IW_GRDH_1SDV_20190716T053546_20190716T053611_028138_032D98_3384_COG,1,True,S1A_IW_GRDH_1SDV_20190716T053546_20190716T053611_028138_032D98_3384_COG,1,S1A,2019-07-16 05:35:46.897172+00:00,2019-07-16 05:36:11.895419+00:00,descending,66,"[6.257182, 43.556004, 9.850032, 45.456116]",4,4,3,2,11
"S1A|2019-07-16 05:35:47.185362+00:00|2019-07-16 05:36:12.184389+00:00|descending|66|(6.204358, 43.538673, 9.845048, 45.444279)",S1A_IW_GRDH_1SDV_20190716T053547_20190716T053612_028138_032D98_EF04_COG,1,True,S1A_IW_GRDH_1SDV_20190716T053547_20190716T053612_028138_032D98_EF04_COG,1,S1A,2019-07-16 05:35:47.185362+00:00,2019-07-16 05:36:12.184389+00:00,descending,66,"[6.204358, 43.538673, 9.845048, 45.444279]",4,4,3,2,11
"S1A|2019-07-17 17:23:01.678952+00:00|2019-07-17 17:23:26.678191+00:00|ascending|88|(5.807347, 43.922031, 9.417737, 45.820747)",S1A_IW_GRDH_1SDV_20190717T172301_20190717T172326_028160_032E46_3D86_COG,1,True,S1A_IW_GRDH_1SDV_20190717T172301_20190717T172326_028160_032E46_3D86_COG,1,S1A,2019-07-17 17:23:01.678952+00:00,2019-07-17 17:23:26.678191+00:00,ascending,88,"[5.807347, 43.922031, 9.417737, 45.820747]",4,4,3,2,11
"S1A|2019-07-17 17:23:01.679125+00:00|2019-07-17 17:23:26.676886+00:00|ascending|88|(5.807393, 43.922039, 9.417758, 45.820667)",S1A_IW_GRDH_1SDV_20190717T172301_20190717T172326_028160_032E46_CD0F_COG,1,True,S1A_IW_GRDH_1SDV_20190717T172301_20190717T172326_028160_032E46_CD0F_COG,1,S1A,2019-07-17 17:23:01.679125+00:00,2019-07-17 17:23:26.676886+00:00,ascending,88,"[5.807393, 43.922039, 9.417758, 45.820667]",4,4,3,2,11
"S1A|2019-07-17 17:23:26.678384+00:00|2019-07-17 17:23:51.677642+00:00|ascending|88|(5.36024, 45.420834, 9.088528, 47.316948)",S1A_IW_GRDH_1SDV_20190717T172326_20190717T172351_028160_032E46_A467_COG,1,True,S1A_IW_GRDH_1SDV_20190717T172326_20190717T172351_028160_032E46_A467_COG,1,S1A,2019-07-17 17:23:26.678384+00:00,2019-07-17 17:23:51.677642+00:00,ascending,88,"[5.36024, 45.420834, 9.088528, 47.316948]",4,4,3,2,11
"S1A|2019-07-17 17:23:26.679688+00:00|2019-07-17 17:23:51.677430+00:00|ascending|88|(5.360221, 45.420918, 9.088487, 47.316936)",S1A_IW_GRDH_1SDV_20190717T172326_20190717T172351_028160_032E46_7FAE_COG,1,True,S1A_IW_GRDH_1SDV_20190717T172326_20190717T172351_028160_032E46_7FAE_COG,1,S1A,2019-07-17 17:23:26.679688+00:00,2019-07-17 17:23:51.677430+00:00,ascending,88,"[5.360221, 45.420918, 9.088487, 47.316936]",4,4,3,2,11
"S1A|2019-07-23 05:27:04.858656+00:00|2019-07-23 05:27:29.856449+00:00|descending|168|(8.688583, 45.279991, 12.360649, 47.183575)",S1A_IW_GRDH_1SDV_20190723T052704_20190723T052729_028240_0330AD_269F_COG,1,True,S1A_IW_GRDH_1SDV_20190723T052704_20190723T052729_028240_0330AD_269F_COG,1,S1A,2019-07-23 05:27:04.858656+00:00,2019-07-23 05:27:29.856449+00:00,descending,168,"[8.688583, 45.279991, 12.360649, 47.183575]",4,4,3,2,11
"S1A|2019-07-23 05:27:09.888709+00:00|2019-07-23 05:27:34.886409+00:00|descending|168|(8.576388, 44.978416, 12.279356, 46.886482)",S1A_IW_GRDH_1SDV_20190723T052709_20190723T052734_028240_0330AD_948F_COG,1,True,S1A_IW_GRDH_1SDV_20190723T052709_20190723T052734_028240_0330AD_948F_COG,1,S1A,2019-07-23 05:27:09.888709+00:00,2019-07-23 05:27:34.886409+00:00,descending,168,"[8.576388, 44.978416, 12.279356, 46.886482]",4,4,3,2,11
"S1A|2019-07-23 05:27:29.857923+00:00|2019-07-23 05:27:54.857212+00:00|descending|168|(8.355443, 43.781639, 11.971663, 45.681473)",S1A_IW_GRDH_1SDV_20190723T052729_20190723T052754_028240_0330AD_5DB6_COG,1,True,S1A_IW_GRDH_1SDV_20190723T052729_20190723T052754_028240_0330AD_5DB6_COG,1,S1A,2019-07-23 05:27:29.857923+00:00,2019-07-23 05:27:54.857212+00:00,descending,168,"[8.355443, 43.781639, 11.971663, 45.681473]",4,4,3,2,11
"S1A|2019-07-23 05:27:34.887909+00:00|2019-07-23 05:27:59.887110+00:00|descending|168|(8.246524, 43.479805, 11.888128, 45.384876)",S1A_IW_GRDH_1SDV_20190723T052734_20190723T052759_028240_0330AD_F813_COG,1,True,S1A_IW_GRDH_1SDV_20190723T052734_20190723T052759_028240_0330AD_F813_COG,1,S1A,2019-07-23 05:27:34.887909+00:00,2019-07-23 05:27:59.887110+00:00,descending,168,"[8.246524, 43.479805, 11.888128, 45.384876]",4,4,3,2,11
"S1A|2019-07-24 17:14:55.731383+00:00|2019-07-24 17:15:20.730504+00:00|ascending|15|(7.742949, 44.361855, 11.365933, 46.262844)",S1A_IW_GRDH_1SDV_20190724T171455_20190724T171520_028262_033151_AF57_COG,1,True,S1A_IW_GRDH_1SDV_20190724T171455_20190724T171520_028262_033151_AF57_COG,1,S1A,2019-07-24 17:14:55.731383+00:00,2019-07-24 17:15:20.730504+00:00,ascending,15,"[7.742949, 44.361855, 11.365933, 46.262844]",4,4,3,2,11
"S1A|2019-07-24 17:14:55.731664+00:00|2019-07-24 17:15:20.730821+00:00|ascending|15|(7.742948, 44.36187, 11.365933, 46.262863)",S1A_IW_GRDH_1SDV_20190724T171455_20190724T171520_028262_033151_ACEB_COG,1,True,S1A_IW_GRDH_1SDV_20190724T171455_20190724T171520_028262_033151_ACEB_COG,1,S1A,2019-07-24 17:14:55.731664+00:00,2019-07-24 17:15:20.730821+00:00,ascending,15,"[7.742948, 44.36187, 11.365933, 46.262863]",4,4,3,2,11
"S1A|2019-07-28 05:35:22.846594+00:00|2019-07-28 05:35:47.844081+00:00|descending|66|(6.581785, 45.041, 10.22999, 46.94458)",S1A_IW_GRDH_1SDV_20190728T053522_20190728T053547_028313_0332EF_65BF_COG,1,True,S1A_IW_GRDH_1SDV_20190728T053522_20190728T053547_028313_0332EF_65BF_COG,1,S1A,2019-07-28 05:35:22.846594+00:00,2019-07-28 05:35:47.844081+00:00,descending,66,"[6.581785, 45.041, 10.22999, 46.94458]",4,4,3,2,11
"S1A|2019-07-28 05:35:22.900385+00:00|2019-07-28 05:35:47.899378+00:00|descending|66|(6.530577, 45.037712, 10.228286, 46.94677)",S1A_IW_GRDH_1SDV_20190728T053522_20190728T053547_028313_0332EF_5D96_COG,1,True,S1A_IW_GRDH_1SDV_20190728T053522_20190728T053547_028313_0332EF_5D96_COG,1,S1A,2019-07-28 05:35:22.900385+00:00,2019-07-28 05:35:47.899378+00:00,descending,66,"[6.530577, 45.037712, 10.228286, 46.94677]",4,4,3,2,11
"S1A|2019-07-28 05:35:47.845681+00:00|2019-07-28 05:36:12.844677+00:00|descending|66|(6.255055, 43.54179, 9.84691, 45.442001)",S1A_IW_GRDH_1SDV_20190728T053547_20190728T053612_028313_0332EF_6100_COG,1,True,S1A_IW_GRDH_1SDV_20190728T053547_20190728T053612_028313_0332EF_6100_COG,1,S1A,2019-07-28 05:35:47.845681+00:00,2019-07-28 05:36:12.844677+00:00,descending,66,"[6.255055, 43.54179, 9.84691, 45.442001]",4,4,3,2,11
"S1A|2019-07-28 05:35:47.900878+00:00|2019-07-28 05:36:12.899871+00:00|descending|66|(6.205124, 43.53849, 9.845874, 45.444149)",S1A_IW_GRDH_1SDV_20190728T053547_20190728T053612_028313_0332EF_94EA_COG,1,True,S1A_IW_GRDH_1SDV_20190728T053547_20190728T053612_028313_0332EF_94EA_COG,1,S1A,2019-07-28 05:35:47.900878+00:00,2019-07-28 05:36:12.899871+00:00,descending,66,"[6.205124, 43.53849, 9.845874, 45.444149]",4,4,3,2,11
"S1A|2019-07-29 17:23:02.352809+00:00|2019-07-29 17:23:27.352149+00:00|ascending|88|(5.806654, 43.92194, 9.417065, 45.820698)",S1A_IW_GRDH_1SDV_20190729T172302_20190729T172327_028335_03339E_8816_COG,1,True,S1A_IW_GRDH_1SDV_20190729T172302_20190729T172327_028335_03339E_8816_COG,1,S1A,2019-07-29 17:23:02.352809+00:00,2019-07-29 17:23:27.352149+00:00,ascending,88,"[5.806654, 43.92194, 9.417065, 45.820698]",4,4,3,2,11
"S1A|2019-07-29 17:23:02.354093+00:00|2019-07-29 17:23:27.351912+00:00|ascending|88|(5.8066, 43.922009, 9.416989, 45.820675)",S1A_IW_GRDH_1SDV_20190729T172302_20190729T172327_028335_03339E_22F6_COG,1,True,S1A_IW_GRDH_1SDV_20190729T172302_20190729T172327_028335_03339E_22F6_COG,1,S1A,2019-07-29 17:23:02.354093+00:00,2019-07-29 17:23:27.351912+00:00,ascending,88,"[5.8066, 43.922009, 9.416989, 45.820675]",4,4,3,2,11
"S1A|2019-07-29 17:23:27.353409+00:00|2019-07-29 17:23:52.352725+00:00|ascending|88|(5.359215, 45.420799, 9.087851, 47.316944)",S1A_IW_GRDH_1SDV_20190729T172327_20190729T172352_028335_03339E_6368_COG,1,True,S1A_IW_GRDH_1SDV_20190729T172327_20190729T172352_028335_03339E_6368_COG,1,S1A,2019-07-29 17:23:27.353409+00:00,2019-07-29 17:23:52.352725+00:00,ascending,88,"[5.359215, 45.420799, 9.087851, 47.316944]",4,4,3,2,11
"S1A|2019-07-29 17:23:27.353646+00:00|2019-07-29 17:23:52.351488+00:00|ascending|88|(5.359294, 45.420822, 9.087906, 47.316879)",S1A_IW_GRDH_1SDV_20190729T172327_20190729T172352_028335_03339E_E799_COG,1,True,S1A_IW_GRDH_1SDV_20190729T172327_20190729T172352_028335_03339E_E799_COG,1,S1A,2019-07-29 17:23:27.353646+00:00,2019-07-29 17:23:52.351488+00:00,ascending,88,"[5.359294, 45.420822, 9.087906, 47.316879]",4,4,3,2,11
"S1A|2019-08-04 05:27:05.961354+00:00|2019-08-04 05:27:30.960567+00:00|descending|168|(8.683977, 45.260021, 12.356361, 47.163391)",S1A_IW_GRDH_1SDV_20190804T052705_20190804T052730_028415_033604_E291_COG,1,True,S1A_IW_GRDH_1SDV_20190804T052705_20190804T052730_028415_033604_E291_COG,1,S1A,2019-08-04 05:27:05.961354+00:00,2019-08-04 05:27:30.960567+00:00,descending,168,"[8.683977, 45.260021, 12.356361, 47.163391]",4,4,3,2,11
"S1A|2019-08-04 05:27:10.659629+00:00|2019-08-04 05:27:35.658769+00:00|descending|168|(8.575811, 44.978355, 12.278568, 46.886486)",S1A_IW_GRDH_1SDV_20190804T052710_20190804T052735_028415_033604_00D9_COG,1,True,S1A_IW_GRDH_1SDV_20190804T052710_20190804T052735_028415_033604_00D9_COG,1,S1A,2019-08-04 05:27:10.659629+00:00,2019-08-04 05:27:35.658769+00:00,descending,168,"[8.575811, 44.978355, 12.278568, 46.886486]",4,4,3,2,11
"S1A|2019-08-04 05:27:30.962068+00:00|2019-08-04 05:27:55.959783+00:00|descending|168|(8.352773, 43.761543, 11.965712, 45.661453)",S1A_IW_GRDH_1SDV_20190804T052730_20190804T052755_028415_033604_F117_COG,1,True,S1A_IW_GRDH_1SDV_20190804T052730_20190804T052755_028415_033604_F117_COG,1,S1A,2019-08-04 05:27:30.962068+00:00,2019-08-04 05:27:55.959783+00:00,descending,168,"[8.352773, 43.761543, 11.965712, 45.661453]",4,4,3,2,11
"S1A|2019-08-04 05:27:35.660213+00:00|2019-08-04 05:28:00.659350+00:00|descending|168|(8.246114, 43.479744, 11.887559, 45.384758)",S1A_IW_GRDH_1SDV_20190804T052735_20190804T052800_028415_033604_E778_COG,1,True,S1A_IW_GRDH_1SDV_20190804T052735_20190804T052800_028415_033604_E778_COG,1,S1A,2019-08-04 05:27:35.660213+00:00,2019-08-04 05:28:00.659350+00:00,descending,168,"[8.246114, 43.479744, 11.887559, 45.384758]",4,4,3,2,11
"S1A|2019-08-05 17:14:56.583583+00:00|2019-08-05 17:15:21.582739+00:00|ascending|15|(7.743226, 44.361835, 11.366303, 46.262825)",S1A_IW_GRDH_1SDV_20190805T171456_20190805T171521_028437_0336AC_7DC1_COG,1,True,S1A_IW_GRDH_1SDV_20190805T171456_20190805T171521_028437_0336AC_7DC1_COG,1,S1A,2019-08-05 17:14:56.583583+00:00,2019-08-05 17:15:21.582739+00:00,ascending,15,"[7.743226, 44.361835, 11.366303, 46.262825]",4,4,3,2,11
"S1A|2019-08-05 17:14:56.583823+00:00|2019-08-05 17:15:21.581511+00:00|ascending|15|(7.743244, 44.361858, 11.366306, 46.26276)",S1A_IW_GRDH_1SDV_20190805T171456_20190805T171521_028437_0336AC_541E_COG,1,True,S1A_IW_GRDH_1SDV_20190805T171456_20190805T171521_028437_0336AC_541E_COG,1,S1A,2019-08-05 17:14:56.583823+00:00,2019-08-05 17:15:21.581511+00:00,ascending,15,"[7.743244, 44.361858, 11.366306, 46.26276]",4,4,3,2,11
"S1A|2019-08-09 05:35:23.799541+00:00|2019-08-09 05:35:48.798610+00:00|descending|66|(6.58171, 45.04071, 10.230029, 46.944424)",S1A_IW_GRDH_1SDV_20190809T053523_20190809T053548_028488_033855_FF4C_COG,1,True,S1A_IW_GRDH_1SDV_20190809T053523_20190809T053548_028488_033855_FF4C_COG,1,S1A,2019-08-09 05:35:23.799541+00:00,2019-08-09 05:35:48.798610+00:00,descending,66,"[6.58171, 45.04071, 10.230029, 46.944424]",4,4,3,2,11
"S1A|2019-08-09 05:35:23.850835+00:00|2019-08-09 05:35:48.848375+00:00|descending|66|(6.530645, 45.037743, 10.228319, 46.946739)",S1A_IW_GRDH_1SDV_20190809T053523_20190809T053548_028488_033855_2405_COG,1,True,S1A_IW_GRDH_1SDV_20190809T053523_20190809T053548_028488_033855_2405_COG,1,S1A,2019-08-09 05:35:23.850835+00:00,2019-08-09 05:35:48.848375+00:00,descending,66,"[6.530645, 45.037743, 10.228319, 46.946739]",4,4,3,2,11
"S1A|2019-08-09 05:35:48.800234+00:00|2019-08-09 05:36:13.797818+00:00|descending|66|(6.254986, 43.541588, 9.846939, 45.441753)",S1A_IW_GRDH_1SDV_20190809T053548_20190809T053613_028488_033855_F8D7_COG,1,True,S1A_IW_GRDH_1SDV_20190809T053548_20190809T053613_028488_033855_F8D7_COG,1,S1A,2019-08-09 05:35:48.800234+00:00,2019-08-09 05:36:13.797818+00:00,descending,66,"[6.254986, 43.541588, 9.846939, 45.441753]",4,4,3,2,11
"S1A|2019-08-09 05:35:48.849875+00:00|2019-08-09 05:36:13.848915+00:00|descending|66|(6.205174, 43.538525, 9.845937, 45.444206)",S1A_IW_GRDH_1SDV_20190809T053548_20190809T053613_028488_033855_108E_COG,1,True,S1A_IW_GRDH_1SDV_20190809T053548_20190809T053613_028488_033855_108E_COG,1,S1A,2019-08-09 05:35:48.849875+00:00,2019-08-09 05:36:13.848915+00:00,descending,66,"[6.205174, 43.538525, 9.845937, 45.444206]",4,4,3,2,11
"S1A|2019-08-10 17:23:03.344650+00:00|2019-08-10 17:23:28.343890+00:00|ascending|88|(5.805501, 43.92202, 9.415938, 45.820797)",S1A_IW_GRDH_1SDV_20190810T172303_20190810T172328_028510_033918_6B55_COG,1,True,S1A_IW_GRDH_1SDV_20190810T172303_20190810T172328_028510_033918_6B55_COG,1,S1A,2019-08-10 17:23:03.344650+00:00,2019-08-10 17:23:28.343890+00:00,ascending,88,"[5.805501, 43.92202, 9.415938, 45.820797]",4,4,3,2,11
"S1A|2019-08-10 17:23:03.344830+00:00|2019-08-10 17:23:28.342592+00:00|ascending|88|(5.805541, 43.922009, 9.415952, 45.820698)",S1A_IW_GRDH_1SDV_20190810T172303_20190810T172328_028510_033918_CE76_COG,1,True,S1A_IW_GRDH_1SDV_20190810T172303_20190810T172328_028510_033918_CE76_COG,1,S1A,2019-08-10 17:23:03.344830+00:00,2019-08-10 17:23:28.342592+00:00,ascending,88,"[5.805541, 43.922009, 9.415952, 45.820698]",4,4,3,2,11
"S1A|2019-08-10 17:23:28.344089+00:00|2019-08-10 17:23:53.343349+00:00|ascending|88|(5.358132, 45.420795, 9.086658, 47.316952)",S1A_IW_GRDH_1SDV_20190810T172328_20190810T172353_028510_033918_8271_COG,1,True,S1A_IW_GRDH_1SDV_20190810T172328_20190810T172353_028510_033918_8271_COG,1,S1A,2019-08-10 17:23:28.344089+00:00,2019-08-10 17:23:53.343349+00:00,ascending,88,"[5.358132, 45.420795, 9.086658, 47.316952]",4,4,3,2,11
"S1A|2019-08-10 17:23:28.345388+00:00|2019-08-10 17:23:53.343130+00:00|ascending|88|(5.358118, 45.420895, 9.086625, 47.316959)",S1A_IW_GRDH_1SDV_20190810T172328_20190810T172353_028510_033918_3015_COG,1,True,S1A_IW_GRDH_1SDV_20190810T172328_20190810T172353_028510_033918_3015_COG,1,S1A,2019-08-10 17:23:28.345388+00:00,2019-08-10 17:23:53.343130+00:00,ascending,88,"[5.358118, 45.420895, 9.086625, 47.316959]",4,4,3,2,11
"S1A|2019-08-16 05:27:06.888925+00:00|2019-08-16 05:27:31.887638+00:00|descending|168|(8.681551, 45.256859, 12.354267, 47.160202)",S1A_IW_GRDH_1SDV_20190816T052706_20190816T052731_028590_033BDA_7773_COG,1,True,S1A_IW_GRDH_1SDV_20190816T052706_20190816T052731_028590_033BDA_7773_COG,1,S1A,2019-08-16 05:27:06.888925+00:00,2019-08-16 05:27:31.887638+00:00,descending,168,"[8.681551, 45.256859, 12.354267, 47.160202]",4,4,3,2,11
"S1A|2019-08-16 05:27:11.533853+00:00|2019-08-16 05:27:36.531550+00:00|descending|168|(8.574697, 44.978436, 12.276864, 46.886494)",S1A_IW_GRDH_1SDV_20190816T052711_20190816T052736_028590_033BDA_2334_COG,1,True,S1A_IW_GRDH_1SDV_20190816T052711_20190816T052736_028590_033BDA_2334_COG,1,S1A,2019-08-16 05:27:11.533853+00:00,2019-08-16 05:27:36.531550+00:00,descending,168,"[8.574697, 44.978436, 12.276864, 46.886494]",4,4,3,2,11
"S1A|2019-08-16 05:27:31.889123+00:00|2019-08-16 05:27:56.887836+00:00|descending|168|(8.350658, 43.758305, 11.963658, 45.658295)",S1A_IW_GRDH_1SDV_20190816T052731_20190816T052756_028590_033BDA_D458_COG,1,True,S1A_IW_GRDH_1SDV_20190816T052731_20190816T052756_028590_033BDA_D458_COG,1,S1A,2019-08-16 05:27:31.889123+00:00,2019-08-16 05:27:56.887836+00:00,descending,168,"[8.350658, 43.758305, 11.963658, 45.658295]",4,4,3,2,11
"S1A|2019-08-16 05:27:36.533050+00:00|2019-08-16 05:28:01.532248+00:00|descending|168|(8.244918, 43.479813, 11.886456, 45.384808)",S1A_IW_GRDH_1SDV_20190816T052736_20190816T052801_028590_033BDA_A8C8_COG,1,True,S1A_IW_GRDH_1SDV_20190816T052736_20190816T052801_028590_033BDA_A8C8_COG,1,S1A,2019-08-16 05:27:36.533050+00:00,2019-08-16 05:28:01.532248+00:00,descending,168,"[8.244918, 43.479813, 11.886456, 45.384808]",4,4,3,2,11
"S1A|2019-08-17 17:14:57.390184+00:00|2019-08-17 17:15:22.389272+00:00|ascending|15|(7.744321, 44.361984, 11.367244, 46.262894)",S1A_IW_GRDH_1SDV_20190817T171457_20190817T171522_028612_033C97_0EB0_COG,1,True,S1A_IW_GRDH_1SDV_20190817T171457_20190817T171522_028612_033C97_0EB0_COG,1,S1A,2019-08-17 17:14:57.390184+00:00,2019-08-17 17:15:22.389272+00:00,ascending,15,"[7.744321, 44.361984, 11.367244, 46.262894]",4,4,3,2,11
"S1A|2019-08-17 17:14:57.390377+00:00|2019-08-17 17:15:22.389489+00:00|ascending|15|(7.744312, 44.361988, 11.367234, 46.262901)",S1A_IW_GRDH_1SDV_20190817T171457_20190817T171522_028612_033C97_0F7C_COG,1,True,S1A_IW_GRDH_1SDV_20190817T171457_20190817T171522_028612_033C97_0F7C_COG,1,S1A,2019-08-17 17:14:57.390377+00:00,2019-08-17 17:15:22.389489+00:00,ascending,15,"[7.744312, 44.361988, 11.367234, 46.262901]",4,4,3,2,11
"S1A|2019-08-21 05:35:24.510062+00:00|2019-08-21 05:35:49.507608+00:00|descending|66|(6.530046, 45.037769, 10.227807, 46.946754)",S1A_IW_GRDH_1SDV_20190821T053524_20190821T053549_028663_033E6E_0F91_COG,1,True,S1A_IW_GRDH_1SDV_20190821T053524_20190821T053549_028663_033E6E_0F91_COG,1,S1A,2019-08-21 05:35:24.510062+00:00,2019-08-21 05:35:49.507608+00:00,descending,66,"[6.530046, 45.037769, 10.227807, 46.946754]",4,4,3,2,11
"S1A|2019-08-21 05:35:24.902788+00:00|2019-08-21 05:35:49.901837+00:00|descending|66|(6.575238, 45.014137, 10.21974, 46.917931)",S1A_IW_GRDH_1SDV_20190821T053524_20190821T053549_028663_033E6E_C640_COG,1,True,S1A_IW_GRDH_1SDV_20190821T053524_20190821T053549_028663_033E6E_C640_COG,1,S1A,2019-08-21 05:35:24.902788+00:00,2019-08-21 05:35:49.901837+00:00,descending,66,"[6.575238, 45.014137, 10.21974, 46.917931]",4,4,3,2,11
"S1A|2019-08-21 05:35:49.509108+00:00|2019-08-21 05:36:14.508155+00:00|descending|66|(6.204722, 43.538548, 9.845471, 45.444206)",S1A_IW_GRDH_1SDV_20190821T053549_20190821T053614_028663_033E6E_A6DB_COG,1,True,S1A_IW_GRDH_1SDV_20190821T053549_20190821T053614_028663_033E6E_A6DB_COG,1,S1A,2019-08-21 05:35:49.509108+00:00,2019-08-21 05:36:14.508155+00:00,descending,66,"[6.204722, 43.538548, 9.845471, 45.444206]",4,4,3,2,11
"S1A|2019-08-21 05:35:49.903428+00:00|2019-08-21 05:36:14.900988+00:00|descending|66|(6.24884, 43.514977, 9.838847, 45.415119)",S1A_IW_GRDH_1SDV_20190821T053549_20190821T053614_028663_033E6E_5068_COG,1,True,S1A_IW_GRDH_1SDV_20190821T053549_20190821T053614_028663_033E6E_5068_COG,1,S1A,2019-08-21 05:35:49.903428+00:00,2019-08-21 05:36:14.900988+00:00,descending,66,"[6.24884, 43.514977, 9.838847, 45.415119]",4,4,3,2,11
"S1A|2019-08-22 17:23:03.949544+00:00|2019-08-22 17:23:28.947342+00:00|ascending|88|(5.805307, 43.92197, 9.415723, 45.820667)",S1A_IW_GRDH_1SDV_20190822T172303_20190822T172328_028685_033F24_2CB9_COG,1,True,S1A_IW_GRDH_1SDV_20190822T172303_20190822T172328_028685_033F24_2CB9_COG,1,S1A,2019-08-22 17:23:03.949544+00:00,2019-08-22 17:23:28.947342+00:00,ascending,88,"[5.805307, 43.92197, 9.415723, 45.820667]",4,4,3,2,11
"S1A|2019-08-22 17:23:03.949750+00:00|2019-08-22 17:23:28.947571+00:00|ascending|88|(5.805315, 43.921978, 9.415732, 45.820679)",S1A_IW_GRDH_1SDV_20190822T172303_20190822T172328_028685_033F24_6163_COG,1,True,S1A_IW_GRDH_1SDV_20190822T172303_20190822T172328_028685_033F24_6163_COG,1,S1A,2019-08-22 17:23:03.949750+00:00,2019-08-22 17:23:28.947571+00:00,ascending,88,"[5.805315, 43.921978, 9.415732, 45.820679]",4,4,3,2,11
"S1A|2019-08-22 17:23:28.948865+00:00|2019-08-22 17:23:53.948164+00:00|ascending|88|(5.357882, 45.420761, 9.086547, 47.316936)",S1A_IW_GRDH_1SDV_20190822T172328_20190822T172353_028685_033F24_EC86_COG,1,True,S1A_IW_GRDH_1SDV_20190822T172328_20190822T172353_028685_033F24_EC86_COG,1,S1A,2019-08-22 17:23:28.948865+00:00,2019-08-22 17:23:53.948164+00:00,ascending,88,"[5.357882, 45.420761, 9.086547, 47.316936]",4,4,3,2,11
"S1A|2019-08-22 17:23:28.949094+00:00|2019-08-22 17:23:53.946918+00:00|ascending|88|(5.357915, 45.420769, 9.086682, 47.316872)",S1A_IW_GRDH_1SDV_20190822T172328_20190822T172353_028685_033F24_0730_COG,1,True,S1A_IW_GRDH_1SDV_20190822T172328_20190822T172353_028685_033F24_0730_COG,1,S1A,2019-08-22 17:23:28.949094+00:00,2019-08-22 17:23:53.946918+00:00,ascending,88,"[5.357915, 45.420769, 9.086682, 47.316872]",4,4,3,2,11
"S1A|2019-08-28 05:27:06.997735+00:00|2019-08-28 05:27:31.995499+00:00|descending|168|(8.687658, 45.277126, 12.359817, 47.180637)",S1A_IW_GRDH_1SDV_20190828T052706_20190828T052731_028765_0341F8_97A7_COG,1,True,S1A_IW_GRDH_1SDV_20190828T052706_20190828T052731_028765_0341F8_97A7_COG,1,S1A,2019-08-28 05:27:06.997735+00:00,2019-08-28 05:27:31.995499+00:00,descending,168,"[8.687658, 45.277126, 12.359817, 47.180637]",4,4,3,2,11
"S1A|2019-08-28 05:27:11.980299+00:00|2019-08-28 05:27:36.977988+00:00|descending|168|(8.575957, 44.978394, 12.278941, 46.886421)",S1A_IW_GRDH_1SDV_20190828T052711_20190828T052736_028765_0341F8_C01D_COG,1,True,S1A_IW_GRDH_1SDV_20190828T052711_20190828T052736_028765_0341F8_C01D_COG,1,S1A,2019-08-28 05:27:11.980299+00:00,2019-08-28 05:27:36.977988+00:00,descending,168,"[8.575957, 44.978394, 12.278941, 46.886421]",4,4,3,2,11
"S1A|2019-08-28 05:27:31.997007+00:00|2019-08-28 05:27:56.996270+00:00|descending|168|(8.354638, 43.778721, 11.970466, 45.67857)",S1A_IW_GRDH_1SDV_20190828T052731_20190828T052756_028765_0341F8_18A7_COG,1,True,S1A_IW_GRDH_1SDV_20190828T052731_20190828T052756_028765_0341F8_18A7_COG,1,S1A,2019-08-28 05:27:31.997007+00:00,2019-08-28 05:27:56.996270+00:00,descending,168,"[8.354638, 43.778721, 11.970466, 45.67857]",4,4,3,2,11
"S1A|2019-08-28 05:27:36.979488+00:00|2019-08-28 05:28:01.978676+00:00|descending|168|(8.246114, 43.479778, 11.887704, 45.384815)",S1A_IW_GRDH_1SDV_20190828T052736_20190828T052801_028765_0341F8_0B2C_COG,1,True,S1A_IW_GRDH_1SDV_20190828T052736_20190828T052801_028765_0341F8_0B2C_COG,1,S1A,2019-08-28 05:27:36.979488+00:00,2019-08-28 05:28:01.978676+00:00,descending,168,"[8.246114, 43.479778, 11.887704, 45.384815]",4,4,3,2,11
"S1A|2019-08-29 17:14:57.821355+00:00|2019-08-29 17:15:22.820480+00:00|ascending|15|(7.745169, 44.361988, 11.368219, 46.262901)",S1A_IW_GRDH_1SDV_20190829T171457_20190829T171522_028787_0342BB_FB02_COG,1,True,S1A_IW_GRDH_1SDV_20190829T171457_20190829T171522_028787_0342BB_FB02_COG,1,S1A,2019-08-29 17:14:57.821355+00:00,2019-08-29 17:15:22.820480+00:00,ascending,15,"[7.745169, 44.361988, 11.368219, 46.262901]",4,4,3,2,11
"S1A|2019-08-29 17:14:57.821437+00:00|2019-08-29 17:15:22.820572+00:00|ascending|15|(7.745233, 44.361996, 11.368281, 46.262909)",S1A_IW_GRDH_1SDV_20190829T171457_20190829T171522_028787_0342BB_93C6_COG,1,True,S1A_IW_GRDH_1SDV_20190829T171457_20190829T171522_028787_0342BB_93C6_COG,1,S1A,2019-08-29 17:14:57.821437+00:00,2019-08-29 17:15:22.820572+00:00,ascending,15,"[7.745233, 44.361996, 11.368281, 46.262909]",4,4,3,2,11
"S1A|2019-09-02 05:35:24.999886+00:00|2019-09-02 05:35:49.997418+00:00|descending|66|(6.530152, 45.037781, 10.227887, 46.946732)",S1A_IW_GRDH_1SDV_20190902T053524_20190902T053549_028838_034486_4A0D_COG,1,True,S1A_IW_GRDH_1SDV_20190902T053524_20190902T053549_028838_034486_4A0D_COG,1,S1A,2019-09-02 05:35:24.999886+00:00,2019-09-02 05:35:49.997418+00:00,descending,66,"[6.530152, 45.037781, 10.227887, 46.946732]",4,4,3,2,11
"S1A|2019-09-02 05:35:25.061461+00:00|2019-09-02 05:35:50.060501+00:00|descending|66|(6.579766, 45.033985, 10.227055, 46.937664)",S1A_IW_GRDH_1SDV_20190902T053525_20190902T053550_028838_034486_C16C_COG,1,True,S1A_IW_GRDH_1SDV_20190902T053525_20190902T053550_028838_034486_C16C_COG,1,S1A,2019-09-02 05:35:25.061461+00:00,2019-09-02 05:35:50.060501+00:00,descending,66,"[6.579766, 45.033985, 10.227055, 46.937664]",4,4,3,2,11
"S1A|2019-09-02 05:35:49.998890+00:00|2019-09-02 05:36:14.997921+00:00|descending|66|(6.20486, 43.538555, 9.845587, 45.44418)",S1A_IW_GRDH_1SDV_20190902T053549_20190902T053614_028838_034486_A3F5_COG,1,True,S1A_IW_GRDH_1SDV_20190902T053549_20190902T053614_028838_034486_A3F5_COG,1,S1A,2019-09-02 05:35:49.998890+00:00,2019-09-02 05:36:14.997921+00:00,descending,66,"[6.20486, 43.538555, 9.845587, 45.44418]",4,4,3,2,11
"S1A|2019-09-02 05:35:50.062127+00:00|2019-09-02 05:36:15.059681+00:00|descending|66|(6.253143, 43.534847, 9.844597, 45.434956)",S1A_IW_GRDH_1SDV_20190902T053550_20190902T053615_028838_034486_3527_COG,1,True,S1A_IW_GRDH_1SDV_20190902T053550_20190902T053615_028838_034486_3527_COG,1,S1A,2019-09-02 05:35:50.062127+00:00,2019-09-02 05:36:15.059681+00:00,descending,66,"[6.253143, 43.534847, 9.844597, 45.434956]",4,4,3,2,11
"S1A|2019-09-03 17:23:04.462446+00:00|2019-09-03 17:23:29.460236+00:00|ascending|88|(5.806206, 43.922028, 9.416611, 45.820705)",S1A_IW_GRDH_1SDV_20190903T172304_20190903T172329_028860_034540_8FF3_COG,1,True,S1A_IW_GRDH_1SDV_20190903T172304_20190903T172329_028860_034540_8FF3_COG,1,S1A,2019-09-03 17:23:04.462446+00:00,2019-09-03 17:23:29.460236+00:00,ascending,88,"[5.806206, 43.922028, 9.416611, 45.820705]",4,4,3,2,11
"S1A|2019-09-03 17:23:04.462704+00:00|2019-09-03 17:23:29.460523+00:00|ascending|88|(5.806201, 43.92205, 9.416607, 45.820732)",S1A_IW_GRDH_1SDV_20190903T172304_20190903T172329_028860_034540_2D6C_COG,1,True,S1A_IW_GRDH_1SDV_20190903T172304_20190903T172329_028860_034540_2D6C_COG,1,S1A,2019-09-03 17:23:04.462704+00:00,2019-09-03 17:23:29.460523+00:00,ascending,88,"[5.806201, 43.92205, 9.416607, 45.820732]",4,4,3,2,11
"S1A|2019-09-03 17:23:29.461759+00:00|2019-09-03 17:23:54.461049+00:00|ascending|88|(5.358802, 45.420818, 9.087453, 47.316975)",S1A_IW_GRDH_1SDV_20190903T172329_20190903T172354_028860_034540_E0B9_COG,1,True,S1A_IW_GRDH_1SDV_20190903T172329_20190903T172354_028860_034540_E0B9_COG,1,S1A,2019-09-03 17:23:29.461759+00:00,2019-09-03 17:23:54.461049+00:00,ascending,88,"[5.358802, 45.420818, 9.087453, 47.316975]",4,4,3,2,11
"S1A|2019-09-03 17:23:29.462045+00:00|2019-09-03 17:23:54.461364+00:00|ascending|88|(5.358795, 45.420841, 9.087449, 47.317001)",S1A_IW_GRDH_1SDV_20190903T172329_20190903T172354_028860_034540_D7C4_COG,1,True,S1A_IW_GRDH_1SDV_20190903T172329_20190903T172354_028860_034540_D7C4_COG,1,S1A,2019-09-03 17:23:29.462045+00:00,2019-09-03 17:23:54.461364+00:00,ascending,88,"[5.358795, 45.420841, 9.087449, 47.317001]",4,4,3,2,11
"S1A|2019-09-09 05:27:07.919069+00:00|2019-09-09 05:27:32.917802+00:00|descending|168|(8.683621, 45.25824, 12.356502, 47.161667)",S1A_IW_GRDH_1SDV_20190909T052707_20190909T052732_028940_03480E_5401_COG,1,True,S1A_IW_GRDH_1SDV_20190909T052707_20190909T052732_028940_03480E_5401_COG,1,S1A,2019-09-09 05:27:07.919069+00:00,2019-09-09 05:27:32.917802+00:00,descending,168,"[8.683621, 45.25824, 12.356502, 47.161667]",4,4,3,2,11
"S1A|2019-09-09 05:27:12.587454+00:00|2019-09-09 05:27:37.586669+00:00|descending|168|(8.57636, 44.978325, 12.279375, 46.886478)",S1A_IW_GRDH_1SDV_20190909T052712_20190909T052737_028940_03480E_7DC9_COG,1,True,S1A_IW_GRDH_1SDV_20190909T052712_20190909T052737_028940_03480E_7DC9_COG,1,S1A,2019-09-09 05:27:12.587454+00:00,2019-09-09 05:27:37.586669+00:00,descending,168,"[8.57636, 44.978325, 12.279375, 46.886478]",4,4,3,2,11
"S1A|2019-09-09 05:27:32.919287+00:00|2019-09-09 05:27:57.918019+00:00|descending|168|(8.352634, 43.759697, 11.965793, 45.659763)",S1A_IW_GRDH_1SDV_20190909T052732_20190909T052757_028940_03480E_230A_COG,1,True,S1A_IW_GRDH_1SDV_20190909T052732_20190909T052757_028940_03480E_230A_COG,1,S1A,2019-09-09 05:27:32.919287+00:00,2019-09-09 05:27:57.918019+00:00,descending,168,"[8.352634, 43.759697, 11.965793, 45.659763]",4,4,3,2,11
"S1A|2019-09-09 05:27:37.588169+00:00|2019-09-09 05:28:02.587383+00:00|descending|168|(8.246363, 43.479713, 11.888094, 45.3848)",S1A_IW_GRDH_1SDV_20190909T052737_20190909T052802_028940_03480E_475A_COG,1,True,S1A_IW_GRDH_1SDV_20190909T052737_20190909T052802_028940_03480E_475A_COG,1,S1A,2019-09-09 05:27:37.588169+00:00,2019-09-09 05:28:02.587383+00:00,descending,168,"[8.246363, 43.479713, 11.888094, 45.3848]",4,4,3,2,11
"S1A|2019-09-10 17:14:58.398441+00:00|2019-09-10 17:15:23.397599+00:00|ascending|15|(7.74366, 44.361916, 11.36673, 46.262897)",S1A_IW_GRDH_1SDV_20190910T171458_20190910T171523_028962_0348D4_8A77_COG,1,True,S1A_IW_GRDH_1SDV_20190910T171458_20190910T171523_028962_0348D4_8A77_COG,1,S1A,2019-09-10 17:14:58.398441+00:00,2019-09-10 17:15:23.397599+00:00,ascending,15,"[7.74366, 44.361916, 11.36673, 46.262897]",4,4,3,2,11
"S1A|2019-09-10 17:14:58.398643+00:00|2019-09-10 17:15:23.396329+00:00|ascending|15|(7.743729, 44.361938, 11.366782, 46.262829)",S1A_IW_GRDH_1SDV_20190910T171458_20190910T171523_028962_0348D4_B042_COG,1,True,S1A_IW_GRDH_1SDV_20190910T171458_20190910T171523_028962_0348D4_B042_COG,1,S1A,2019-09-10 17:14:58.398643+00:00,2019-09-10 17:15:23.396329+00:00,ascending,15,"[7.743729, 44.361938, 11.366782, 46.262829]",4,4,3,2,11
"S1A|2019-09-15 17:23:04.902787+00:00|2019-09-15 17:23:29.900599+00:00|ascending|88|(5.80721, 43.92205, 9.417726, 45.820721)",S1A_IW_GRDH_1SDV_20190915T172304_20190915T172329_029035_034B57_16B1_COG,1,True,S1A_IW_GRDH_1SDV_20190915T172304_20190915T172329_029035_034B57_16B1_COG,1,S1A,2019-09-15 17:23:04.902787+00:00,2019-09-15 17:23:29.900599+00:00,ascending,88,"[5.80721, 43.92205, 9.417726, 45.820721]",4,4,3,2,11
"S1A|2019-09-15 17:23:04.902999+00:00|2019-09-15 17:23:29.900834+00:00|ascending|88|(5.807227, 43.92207, 9.417746, 45.820744)",S1A_IW_GRDH_1SDV_20190915T172304_20190915T172329_029035_034B57_406F_COG,1,True,S1A_IW_GRDH_1SDV_20190915T172304_20190915T172329_029035_034B57_406F_COG,1,S1A,2019-09-15 17:23:04.902999+00:00,2019-09-15 17:23:29.900834+00:00,ascending,88,"[5.807227, 43.92207, 9.417746, 45.820744]",4,4,3,2,11
"S1A|2019-09-15 17:23:29.902071+00:00|2019-09-15 17:23:54.901378+00:00|ascending|88|(5.360022, 45.420837, 9.088465, 47.316998)",S1A_IW_GRDH_1SDV_20190915T172329_20190915T172354_029035_034B57_8EFA_COG,1,True,S1A_IW_GRDH_1SDV_20190915T172329_20190915T172354_029035_034B57_8EFA_COG,1,S1A,2019-09-15 17:23:29.902071+00:00,2019-09-15 17:23:54.901378+00:00,ascending,88,"[5.360022, 45.420837, 9.088465, 47.316998]",4,4,3,2,11
"S1A|2019-09-15 17:23:29.902307+00:00|2019-09-15 17:23:54.900140+00:00|ascending|88|(5.360062, 45.42086, 9.088483, 47.316933)",S1A_IW_GRDH_1SDV_20190915T172329_20190915T172354_029035_034B57_3E97_COG,1,True,S1A_IW_GRDH_1SDV_20190915T172329_20190915T172354_029035_034B57_3E97_COG,1,S1A,2019-09-15 17:23:29.902307+00:00,2019-09-15 17:23:54.900140+00:00,ascending,88,"[5.360062, 45.42086, 9.088483, 47.316933]",4,4,3,2,11
"S1A|2019-09-21 05:27:07.880137+00:00|2019-09-21 05:27:32.878085+00:00|descending|168|(8.690524, 45.288452, 12.362375, 47.192123)",S1A_IW_GRDH_1SDV_20190921T052707_20190921T052732_029115_034E0E_4B25_COG,1,True,S1A_IW_GRDH_1SDV_20190921T052707_20190921T052732_029115_034E0E_4B25_COG,1,S1A,2019-09-21 05:27:07.880137+00:00,2019-09-21 05:27:32.878085+00:00,descending,168,"[8.690524, 45.288452, 12.362375, 47.192123]",4,4,3,2,11
"S1A|2019-09-21 05:27:13.049537+00:00|2019-09-21 05:27:38.048906+00:00|descending|168|(8.576517, 44.978416, 12.279789, 46.886612)",S1A_IW_GRDH_1SDV_20190921T052713_20190921T052738_029115_034E0E_3753_COG,1,True,S1A_IW_GRDH_1SDV_20190921T052713_20190921T052738_029115_034E0E_3753_COG,1,S1A,2019-09-21 05:27:13.049537+00:00,2019-09-21 05:27:38.048906+00:00,descending,168,"[8.576517, 44.978416, 12.279789, 46.886612]",4,4,3,2,11
"S1A|2019-09-21 05:27:32.879534+00:00|2019-09-21 05:27:57.878975+00:00|descending|168|(8.356913, 43.790215, 11.974308, 45.689972)",S1A_IW_GRDH_1SDV_20190921T052732_20190921T052757_029115_034E0E_8210_COG,1,True,S1A_IW_GRDH_1SDV_20190921T052732_20190921T052757_029115_034E0E_8210_COG,1,S1A,2019-09-21 05:27:32.879534+00:00,2019-09-21 05:27:57.878975+00:00,descending,168,"[8.356913, 43.790215, 11.974308, 45.689972]",4,4,3,2,11
"S1A|2019-09-21 05:27:38.050406+00:00|2019-09-21 05:28:03.048275+00:00|descending|168|(8.246659, 43.479897, 11.888506, 45.384918)",S1A_IW_GRDH_1SDV_20190921T052738_20190921T052803_029115_034E0E_4ACF_COG,1,True,S1A_IW_GRDH_1SDV_20190921T052738_20190921T052803_029115_034E0E_4ACF_COG,1,S1A,2019-09-21 05:27:38.050406+00:00,2019-09-21 05:28:03.048275+00:00,descending,168,"[8.246659, 43.479897, 11.888506, 45.384918]",4,4,3,2,11
"S1A|2019-09-22 17:14:58.927695+00:00|2019-09-22 17:15:23.926843+00:00|ascending|15|(7.742577, 44.361927, 11.36568, 46.262928)",S1A_IW_GRDH_1SDV_20190922T171458_20190922T171523_029137_034EC9_3A40_COG,1,True,S1A_IW_GRDH_1SDV_20190922T171458_20190922T171523_029137_034EC9_3A40_COG,1,S1A,2019-09-22 17:14:58.927695+00:00,2019-09-22 17:15:23.926843+00:00,ascending,15,"[7.742577, 44.361927, 11.36568, 46.262928]",4,4,3,2,11
"S1A|2019-09-22 17:14:58.928012+00:00|2019-09-22 17:15:23.925701+00:00|ascending|15|(7.742582, 44.361942, 11.365669, 46.262852)",S1A_IW_GRDH_1SDV_20190922T171458_20190922T171523_029137_034EC9_217B_COG,1,True,S1A_IW_GRDH_1SDV_20190922T171458_20190922T171523_029137_034EC9_217B_COG,1,S1A,2019-09-22 17:14:58.928012+00:00,2019-09-22 17:15:23.925701+00:00,ascending,15,"[7.742582, 44.361942, 11.365669, 46.262852]",4,4,3,2,11
"S1A|2019-09-26 05:35:25.926268+00:00|2019-09-26 05:35:50.924684+00:00|descending|66|(6.582696, 45.048271, 10.231939, 46.951912)",S1A_IW_GRDH_1SDV_20190926T053525_20190926T053550_029188_03508B_BC12_COG,1,True,S1A_IW_GRDH_1SDV_20190926T053525_20190926T053550_029188_03508B_BC12_COG,1,S1A,2019-09-26 05:35:25.926268+00:00,2019-09-26 05:35:50.924684+00:00,descending,66,"[6.582696, 45.048271, 10.231939, 46.951912]",4,4,3,2,11
"S1A|2019-09-26 05:35:26.099175+00:00|2019-09-26 05:35:51.098405+00:00|descending|66|(6.529866, 45.037872, 10.227942, 46.94696)",S1A_IW_GRDH_1SDV_20190926T053526_20190926T053551_029188_03508B_A3F0_COG,1,True,S1A_IW_GRDH_1SDV_20190926T053526_20190926T053551_029188_03508B_A3F0_COG,1,S1A,2019-09-26 05:35:26.099175+00:00,2019-09-26 05:35:51.098405+00:00,descending,66,"[6.529866, 45.037872, 10.227942, 46.94696]",4,4,3,2,11
"S1A|2019-09-26 05:35:50.926162+00:00|2019-09-26 05:36:15.924577+00:00|descending|66|(6.255953, 43.549122, 9.848631, 45.44931)",S1A_IW_GRDH_1SDV_20190926T053550_20190926T053615_029188_03508B_6D89_COG,1,True,S1A_IW_GRDH_1SDV_20190926T053550_20190926T053615_029188_03508B_6D89_COG,1,S1A,2019-09-26 05:35:50.926162+00:00,2019-09-26 05:36:15.924577+00:00,descending,66,"[6.255953, 43.549122, 9.848631, 45.44931]",4,4,3,2,11
"S1A|2019-09-26 05:35:51.099905+00:00|2019-09-26 05:36:16.097634+00:00|descending|66|(6.204445, 43.538738, 9.845553, 45.44434)",S1A_IW_GRDH_1SDV_20190926T053551_20190926T053616_029188_03508B_2D97_COG,1,True,S1A_IW_GRDH_1SDV_20190926T053551_20190926T053616_029188_03508B_2D97_COG,1,S1A,2019-09-26 05:35:51.099905+00:00,2019-09-26 05:36:16.097634+00:00,descending,66,"[6.204445, 43.538738, 9.845553, 45.44434]",4,4,3,2,11
"S1A|2019-09-27 17:23:05.536252+00:00|2019-09-27 17:23:30.535600+00:00|ascending|88|(5.80636, 43.922001, 9.417021, 45.820755)",S1A_IW_GRDH_1SDV_20190927T172305_20190927T172330_029210_03514C_1A44_COG,1,True,S1A_IW_GRDH_1SDV_20190927T172305_20190927T172330_029210_03514C_1A44_COG,1,S1A,2019-09-27 17:23:05.536252+00:00,2019-09-27 17:23:30.535600+00:00,ascending,88,"[5.80636, 43.922001, 9.417021, 45.820755]",4,4,3,2,11
"S1A|2019-09-27 17:23:05.536588+00:00|2019-09-27 17:23:30.535974+00:00|ascending|88|(5.806389, 43.922031, 9.417054, 45.820786)",S1A_IW_GRDH_1SDV_20190927T172305_20190927T172330_029210_03514C_617F_COG,1,True,S1A_IW_GRDH_1SDV_20190927T172305_20190927T172330_029210_03514C_617F_COG,1,S1A,2019-09-27 17:23:05.536588+00:00,2019-09-27 17:23:30.535974+00:00,ascending,88,"[5.806389, 43.922031, 9.417054, 45.820786]",4,4,3,2,11
"S1A|2019-09-27 17:23:30.537098+00:00|2019-09-27 17:23:55.534949+00:00|ascending|88|(5.359003, 45.420879, 9.087749, 47.316917)",S1A_IW_GRDH_1SDV_20190927T172330_20190927T172355_029210_03514C_6CF2_COG,1,True,S1A_IW_GRDH_1SDV_20190927T172330_20190927T172355_029210_03514C_6CF2_COG,1,S1A,2019-09-27 17:23:30.537098+00:00,2019-09-27 17:23:55.534949+00:00,ascending,88,"[5.359003, 45.420879, 9.087749, 47.316917]",4,4,3,2,11
"S1A|2019-09-27 17:23:30.537472+00:00|2019-09-27 17:23:55.535360+00:00|ascending|88|(5.35903, 45.420914, 9.08778, 47.316952)",S1A_IW_GRDH_1SDV_20190927T172330_20190927T172355_029210_03514C_EEE8_COG,1,True,S1A_IW_GRDH_1SDV_20190927T172330_20190927T172355_029210_03514C_EEE8_COG,1,S1A,2019-09-27 17:23:30.537472+00:00,2019-09-27 17:23:55.535360+00:00,ascending,88,"[5.35903, 45.420914, 9.08778, 47.316952]",4,4,3,2,11
"S1A|2020-04-01 17:14:56.306131+00:00|2020-04-01 17:15:21.303989+00:00|ascending|15|(7.742575, 44.361591, 11.365737, 46.262535)",S1A_IW_GRDH_1SDV_20200401T171456_20200401T171521_031937_03B004_78AE_COG,1,True,S1A_IW_GRDH_1SDV_20200401T171456_20200401T171521_031937_03B004_78AE_COG,1,S1A,2020-04-01 17:14:56.306131+00:00,2020-04-01 17:15:21.303989+00:00,ascending,15,"[7.742575, 44.361591, 11.365737, 46.262535]",4,4,3,2,11
"S1A|2020-04-01 17:14:56.306131+00:00|2020-04-01 17:15:21.303989+00:00|ascending|15|(7.742575, 44.361591, 11.365738, 46.262535)",S1A_IW_GRDH_1SDV_20200401T171456_20200401T171521_031937_03B004_B4E2_COG,1,True,S1A_IW_GRDH_1SDV_20200401T171456_20200401T171521_031937_03B004_B4E2_COG,1,S1A,2020-04-01 17:14:56.306131+00:00,2020-04-01 17:15:21.303989+00:00,ascending,15,"[7.742575, 44.361591, 11.365738, 46.262535]",4,4,3,2,11
"S1A|2020-04-05 05:35:23.317062+00:00|2020-04-05 05:35:48.314451+00:00|descending|66|(6.529012, 45.03796, 10.226661, 46.946869)",S1A_IW_GRDH_1SDV_20200405T053523_20200405T053548_031988_03B1D4_0F7D_COG,1,True,S1A_IW_GRDH_1SDV_20200405T053523_20200405T053548_031988_03B1D4_0F7D_COG,1,S1A,2020-04-05 05:35:23.317062+00:00,2020-04-05 05:35:48.314451+00:00,descending,66,"[6.529012, 45.03796, 10.226661, 46.946869]",4,4,3,2,11
"S1A|2020-04-05 05:35:23.949631+00:00|2020-04-05 05:35:48.948525+00:00|descending|66|(6.571167, 44.999962, 10.213361, 46.903736)",S1A_IW_GRDH_1SDV_20200405T053523_20200405T053548_031988_03B1D4_A818_COG,1,True,S1A_IW_GRDH_1SDV_20200405T053523_20200405T053548_031988_03B1D4_A818_COG,1,S1A,2020-04-05 05:35:23.949631+00:00,2020-04-05 05:35:48.948525+00:00,descending,66,"[6.571167, 44.999962, 10.213361, 46.903736]",4,4,3,2,11
"S1A|2020-04-05 05:35:48.315951+00:00|2020-04-05 05:36:13.314840+00:00|descending|66|(6.203749, 43.538731, 9.844335, 45.444321)",S1A_IW_GRDH_1SDV_20200405T053548_20200405T053613_031988_03B1D4_E0FB_COG,1,True,S1A_IW_GRDH_1SDV_20200405T053548_20200405T053613_031988_03B1D4_E0FB_COG,1,S1A,2020-04-05 05:35:48.315951+00:00,2020-04-05 05:36:13.314840+00:00,descending,66,"[6.203749, 43.538731, 9.844335, 45.444321]",4,4,3,2,11
"S1A|2020-04-05 05:35:48.950127+00:00|2020-04-05 05:36:13.949032+00:00|descending|66|(6.244759, 43.50069, 9.833672, 45.400864)",S1A_IW_GRDH_1SDV_20200405T053548_20200405T053613_031988_03B1D4_24FE_COG,1,True,S1A_IW_GRDH_1SDV_20200405T053548_20200405T053613_031988_03B1D4_24FE_COG,1,S1A,2020-04-05 05:35:48.950127+00:00,2020-04-05 05:36:13.949032+00:00,descending,66,"[6.244759, 43.50069, 9.833672, 45.400864]",4,4,3,2,11
"S1A|2020-04-06 17:23:02.684744+00:00|2020-04-06 17:23:27.682703+00:00|ascending|88|(5.806856, 43.921795, 9.417316, 45.820438)",S1A_IW_GRDH_1SDV_20200406T172302_20200406T172327_032010_03B29A_CB07_COG,1,True,S1A_IW_GRDH_1SDV_20200406T172302_20200406T172327_032010_03B29A_CB07_COG,1,S1A,2020-04-06 17:23:02.684744+00:00,2020-04-06 17:23:27.682703+00:00,ascending,88,"[5.806856, 43.921795, 9.417316, 45.820438]",4,4,3,2,11
"S1A|2020-04-06 17:23:02.684745+00:00|2020-04-06 17:23:27.682704+00:00|ascending|88|(5.806856, 43.921795, 9.417316, 45.820438)",S1A_IW_GRDH_1SDV_20200406T172302_20200406T172327_032010_03B29A_8C42_COG,1,True,S1A_IW_GRDH_1SDV_20200406T172302_20200406T172327_032010_03B29A_8C42_COG,1,S1A,2020-04-06 17:23:02.684745+00:00,2020-04-06 17:23:27.682704+00:00,ascending,88,"[5.806856, 43.921795, 9.417316, 45.820438]",4,4,3,2,11
"S1A|2020-04-06 17:23:27.684201+00:00|2020-04-06 17:23:52.682159+00:00|ascending|88|(5.359544, 45.420593, 9.088231, 47.316624)",S1A_IW_GRDH_1SDV_20200406T172327_20200406T172352_032010_03B29A_BC2C_COG,1,True,S1A_IW_GRDH_1SDV_20200406T172327_20200406T172352_032010_03B29A_BC2C_COG,1,S1A,2020-04-06 17:23:27.684201+00:00,2020-04-06 17:23:52.682159+00:00,ascending,88,"[5.359544, 45.420593, 9.088231, 47.316624]",4,4,3,2,11
"S1A|2020-04-06 17:23:27.684201+00:00|2020-04-06 17:23:52.682160+00:00|ascending|88|(5.359544, 45.420593, 9.088231, 47.316624)",S1A_IW_GRDH_1SDV_20200406T172327_20200406T172352_032010_03B29A_F3AB_COG,1,True,S1A_IW_GRDH_1SDV_20200406T172327_20200406T172352_032010_03B29A_F3AB_COG,1,S1A,2020-04-06 17:23:27.684201+00:00,2020-04-06 17:23:52.682160+00:00,ascending,88,"[5.359544, 45.420593, 9.088231, 47.316624]",4,4,3,2,11
"S1A|2020-04-12 05:27:05.943601+00:00|2020-04-12 05:27:30.942939+00:00|descending|168|(8.686555, 45.268661, 12.359282, 47.172253)",S1A_IW_GRDH_1SDV_20200412T052705_20200412T052730_032090_03B56C_D975_COG,1,True,S1A_IW_GRDH_1SDV_20200412T052705_20200412T052730_032090_03B56C_D975_COG,1,S1A,2020-04-12 05:27:05.943601+00:00,2020-04-12 05:27:30.942939+00:00,descending,168,"[8.686555, 45.268661, 12.359282, 47.172253]",4,4,3,2,11
"S1A|2020-04-12 05:27:10.782918+00:00|2020-04-12 05:27:35.782144+00:00|descending|168|(8.576671, 44.978531, 12.279707, 46.886684)",S1A_IW_GRDH_1SDV_20200412T052710_20200412T052735_032090_03B56C_CFEF_COG,1,True,S1A_IW_GRDH_1SDV_20200412T052710_20200412T052735_032090_03B56C_CFEF_COG,1,S1A,2020-04-12 05:27:10.782918+00:00,2020-04-12 05:27:35.782144+00:00,descending,168,"[8.576671, 44.978531, 12.279707, 46.886684]",4,4,3,2,11
"S1A|2020-04-12 05:27:30.944457+00:00|2020-04-12 05:27:55.942299+00:00|descending|168|(8.354003, 43.770233, 11.968899, 45.670155)",S1A_IW_GRDH_1SDV_20200412T052730_20200412T052755_032090_03B56C_BFA4_COG,1,True,S1A_IW_GRDH_1SDV_20200412T052730_20200412T052755_032090_03B56C_BFA4_COG,1,S1A,2020-04-12 05:27:30.944457+00:00,2020-04-12 05:27:55.942299+00:00,descending,168,"[8.354003, 43.770233, 11.968899, 45.670155]",4,4,3,2,11
"S1A|2020-04-12 05:27:35.783644+00:00|2020-04-12 05:28:00.781370+00:00|descending|168|(8.246813, 43.480011, 11.888416, 45.384991)",S1A_IW_GRDH_1SDV_20200412T052735_20200412T052800_032090_03B56C_3202_COG,1,True,S1A_IW_GRDH_1SDV_20200412T052735_20200412T052800_032090_03B56C_3202_COG,1,S1A,2020-04-12 05:27:35.783644+00:00,2020-04-12 05:28:00.781370+00:00,descending,168,"[8.246813, 43.480011, 11.888416, 45.384991]",4,4,3,2,11
"S1A|2020-04-13 17:14:56.653231+00:00|2020-04-13 17:15:21.652374+00:00|ascending|15|(7.743179, 44.361774, 11.366138, 46.262768)",S1A_IW_GRDH_1SDV_20200413T171456_20200413T171521_032112_03B62E_6CB9_COG,1,True,S1A_IW_GRDH_1SDV_20200413T171456_20200413T171521_032112_03B62E_6CB9_COG,2,S1A,2020-04-13 17:14:56.653231+00:00,2020-04-13 17:15:21.652374+00:00,ascending,15,"[7.743179, 44.361774, 11.366138, 46.262768]",4,4,3,2,11
"S1A|2020-04-13 17:14:56.653231+00:00|2020-04-13 17:15:21.652374+00:00|ascending|15|(7.743179, 44.361774, 11.366138, 46.262768)",S1A_IW_GRDH_1SDV_20200413T171456_20200413T171521_032112_03B62E_FFDD_COG,2,False,S1A_IW_GRDH_1SDV_20200413T171456_20200413T171521_032112_03B62E_6CB9_COG,2,S1A,2020-04-13 17:14:56.653231+00:00,2020-04-13 17:15:21.652374+00:00,ascending,15,"[7.743179, 44.361774, 11.366138, 46.262768]",4,4,3,2,11
"S1A|2020-04-17 05:35:23.786270+00:00|2020-04-17 05:35:48.783796+00:00|descending|66|(6.530443, 45.038021, 10.228203, 46.947006)",S1A_IW_GRDH_1SDV_20200417T053523_20200417T053548_032163_03B803_ED97_COG,1,True,S1A_IW_GRDH_1SDV_20200417T053523_20200417T053548_032163_03B803_ED97_COG,1,S1A,2020-04-17 05:35:23.786270+00:00,2020-04-17 05:35:48.783796+00:00,descending,66,"[6.530443, 45.038021, 10.228203, 46.947006]",4,4,3,2,11
"S1A|2020-04-17 05:35:23.978277+00:00|2020-04-17 05:35:48.977332+00:00|descending|66|(6.578462, 45.026413, 10.224541, 46.930149)",S1A_IW_GRDH_1SDV_20200417T053523_20200417T053548_032163_03B803_505E_COG,1,True,S1A_IW_GRDH_1SDV_20200417T053523_20200417T053548_032163_03B803_505E_COG,1,S1A,2020-04-17 05:35:23.978277+00:00,2020-04-17 05:35:48.977332+00:00,descending,66,"[6.578462, 45.026413, 10.224541, 46.930149]",4,4,3,2,11
"S1A|2020-04-17 05:35:48.785296+00:00|2020-04-17 05:36:13.784323+00:00|descending|66|(6.205121, 43.538799, 9.845885, 45.444454)",S1A_IW_GRDH_1SDV_20200417T053548_20200417T053613_032163_03B803_2470_COG,1,True,S1A_IW_GRDH_1SDV_20200417T053548_20200417T053613_032163_03B803_2470_COG,1,S1A,2020-04-17 05:35:48.785296+00:00,2020-04-17 05:36:13.784323+00:00,descending,66,"[6.205121, 43.538799, 9.845885, 45.444454]",4,4,3,2,11
"S1A|2020-04-17 05:35:48.978952+00:00|2020-04-17 05:36:13.976521+00:00|descending|66|(6.251856, 43.527271, 9.842694, 45.427402)",S1A_IW_GRDH_1SDV_20200417T053548_20200417T053613_032163_03B803_58C6_COG,1,True,S1A_IW_GRDH_1SDV_20200417T053548_20200417T053613_032163_03B803_58C6_COG,1,S1A,2020-04-17 05:35:48.978952+00:00,2020-04-17 05:36:13.976521+00:00,descending,66,"[6.251856, 43.527271, 9.842694, 45.427402]",4,4,3,2,11
"S1A|2020-04-18 17:23:03.219018+00:00|2020-04-18 17:23:28.216836+00:00|ascending|88|(5.80642, 43.921906, 9.416801, 45.820568)",S1A_IW_GRDH_1SDV_20200418T172303_20200418T172328_032185_03B8C6_73F8_COG,1,True,S1A_IW_GRDH_1SDV_20200418T172303_20200418T172328_032185_03B8C6_73F8_COG,1,S1A,2020-04-18 17:23:03.219018+00:00,2020-04-18 17:23:28.216836+00:00,ascending,88,"[5.80642, 43.921906, 9.416801, 45.820568]",4,4,3,2,11
"S1A|2020-04-18 17:23:03.219019+00:00|2020-04-18 17:23:28.216837+00:00|ascending|88|(5.80642, 43.921906, 9.416801, 45.820568)",S1A_IW_GRDH_1SDV_20200418T172303_20200418T172328_032185_03B8C6_619A_COG,1,True,S1A_IW_GRDH_1SDV_20200418T172303_20200418T172328_032185_03B8C6_619A_COG,1,S1A,2020-04-18 17:23:03.219019+00:00,2020-04-18 17:23:28.216837+00:00,ascending,88,"[5.80642, 43.921906, 9.416801, 45.820568]",4,4,3,2,11
"S1A|2020-04-18 17:23:28.218333+00:00|2020-04-18 17:23:53.217649+00:00|ascending|88|(5.359036, 45.4207, 9.087666, 47.316837)",S1A_IW_GRDH_1SDV_20200418T172328_20200418T172353_032185_03B8C6_8478_COG,1,True,S1A_IW_GRDH_1SDV_20200418T172328_20200418T172353_032185_03B8C6_8478_COG,1,S1A,2020-04-18 17:23:28.218333+00:00,2020-04-18 17:23:53.217649+00:00,ascending,88,"[5.359036, 45.4207, 9.087666, 47.316837]",4,4,3,2,11
"S1A|2020-04-18 17:23:28.218335+00:00|2020-04-18 17:23:53.217651+00:00|ascending|88|(5.359036, 45.4207, 9.087666, 47.316837)",S1A_IW_GRDH_1SDV_20200418T172328_20200418T172353_032185_03B8C6_4811_COG,1,True,S1A_IW_GRDH_1SDV_20200418T172328_20200418T172353_032185_03B8C6_4811_COG,1,S1A,2020-04-18 17:23:28.218335+00:00,2020-04-18 17:23:53.217651+00:00,ascending,88,"[5.359036, 45.4207, 9.087666, 47.316837]",4,4,3,2,11
"S1A|2020-04-24 05:27:05.904143+00:00|2020-04-24 05:27:30.902086+00:00|descending|168|(8.692502, 45.301399, 12.363463, 47.205097)",S1A_IW_GRDH_1SDV_20200424T052705_20200424T052730_032265_03BB90_C075_COG,1,True,S1A_IW_GRDH_1SDV_20200424T052705_20200424T052730_032265_03BB90_C075_COG,1,S1A,2020-04-24 05:27:05.904143+00:00,2020-04-24 05:27:30.902086+00:00,descending,168,"[8.692502, 45.301399, 12.363463, 47.205097]",4,4,3,2,11
"S1A|2020-04-24 05:27:11.285700+00:00|2020-04-24 05:27:36.285023+00:00|descending|168|(8.575816, 44.978619, 12.278734, 46.886784)",S1A_IW_GRDH_1SDV_20200424T052711_20200424T052736_032265_03BB90_50C9_COG,1,True,S1A_IW_GRDH_1SDV_20200424T052711_20200424T052736_032265_03BB90_50C9_COG,1,S1A,2020-04-24 05:27:11.285700+00:00,2020-04-24 05:27:36.285023+00:00,descending,168,"[8.575816, 44.978619, 12.278734, 46.886784]",4,4,3,2,11
"S1A|2020-04-24 05:27:30.903614+00:00|2020-04-24 05:27:55.903058+00:00|descending|168|(8.358272, 43.80331, 11.976871, 45.70285)",S1A_IW_GRDH_1SDV_20200424T052730_20200424T052755_032265_03BB90_8D0D_COG,1,True,S1A_IW_GRDH_1SDV_20200424T052730_20200424T052755_032265_03BB90_8D0D_COG,1,S1A,2020-04-24 05:27:30.903614+00:00,2020-04-24 05:27:55.903058+00:00,descending,168,"[8.358272, 43.80331, 11.976871, 45.70285]",4,4,3,2,11
"S1A|2020-04-24 05:27:36.286495+00:00|2020-04-24 05:28:01.284317+00:00|descending|168|(8.245991, 43.480099, 11.8877, 45.385071)",S1A_IW_GRDH_1SDV_20200424T052736_20200424T052801_032265_03BB90_22BA_COG,1,True,S1A_IW_GRDH_1SDV_20200424T052736_20200424T052801_032265_03BB90_22BA_COG,1,S1A,2020-04-24 05:27:36.286495+00:00,2020-04-24 05:28:01.284317+00:00,descending,168,"[8.245991, 43.480099, 11.8877, 45.385071]",4,4,3,2,11
"S1A|2020-04-25 17:14:57.161093+00:00|2020-04-25 17:15:22.160190+00:00|ascending|15|(7.743576, 44.361855, 11.366513, 46.262814)",S1A_IW_GRDH_1SDV_20200425T171457_20200425T171522_032287_03BC53_0985_COG,1,True,S1A_IW_GRDH_1SDV_20200425T171457_20200425T171522_032287_03BC53_0985_COG,1,S1A,2020-04-25 17:14:57.161093+00:00,2020-04-25 17:15:22.160190+00:00,ascending,15,"[7.743576, 44.361855, 11.366513, 46.262814]",4,4,3,2,11
"S1A|2020-04-25 17:14:57.161093+00:00|2020-04-25 17:15:22.160191+00:00|ascending|15|(7.743576, 44.361855, 11.366513, 46.262814)",S1A_IW_GRDH_1SDV_20200425T171457_20200425T171522_032287_03BC53_1726_COG,1,True,S1A_IW_GRDH_1SDV_20200425T171457_20200425T171522_032287_03BC53_1726_COG,1,S1A,2020-04-25 17:14:57.161093+00:00,2020-04-25 17:15:22.160191+00:00,ascending,15,"[7.743576, 44.361855, 11.366513, 46.262814]",4,4,3,2,11
"S1A|2020-04-29 05:35:24.319279+00:00|2020-04-29 05:35:49.318423+00:00|descending|66|(6.531463, 45.037991, 10.229421, 46.947121)",S1A_IW_GRDH_1SDV_20200429T053524_20200429T053549_032338_03BE26_F7C8_COG,1,True,S1A_IW_GRDH_1SDV_20200429T053524_20200429T053549_032338_03BE26_F7C8_COG,1,S1A,2020-04-29 05:35:24.319279+00:00,2020-04-29 05:35:49.318423+00:00,descending,66,"[6.531463, 45.037991, 10.229421, 46.947121]",4,4,3,2,11
"S1A|2020-04-29 05:35:24.934627+00:00|2020-04-29 05:35:49.933803+00:00|descending|66|(6.573843, 45.001118, 10.216497, 46.90501)",S1A_IW_GRDH_1SDV_20200429T053524_20200429T053549_032338_03BE26_A282_COG,1,True,S1A_IW_GRDH_1SDV_20200429T053524_20200429T053549_032338_03BE26_A282_COG,1,S1A,2020-04-29 05:35:24.934627+00:00,2020-04-29 05:35:49.933803+00:00,descending,66,"[6.573843, 45.001118, 10.216497, 46.90501]",4,4,3,2,11
"S1A|2020-04-29 05:35:49.319923+00:00|2020-04-29 05:36:14.317566+00:00|descending|66|(6.206122, 43.53886, 9.847019, 45.444481)",S1A_IW_GRDH_1SDV_20200429T053549_20200429T053614_032338_03BE26_BF60_COG,1,True,S1A_IW_GRDH_1SDV_20200429T053549_20200429T053614_032338_03BE26_BF60_COG,1,S1A,2020-04-29 05:35:49.319923+00:00,2020-04-29 05:36:14.317566+00:00,descending,66,"[6.206122, 43.53886, 9.847019, 45.444481]",4,4,3,2,11
"S1A|2020-04-29 05:35:49.935444+00:00|2020-04-29 05:36:14.933136+00:00|descending|66|(6.247371, 43.501942, 9.836647, 45.402145)",S1A_IW_GRDH_1SDV_20200429T053549_20200429T053614_032338_03BE26_E28F_COG,1,True,S1A_IW_GRDH_1SDV_20200429T053549_20200429T053614_032338_03BE26_E28F_COG,1,S1A,2020-04-29 05:35:49.935444+00:00,2020-04-29 05:36:14.933136+00:00,descending,66,"[6.247371, 43.501942, 9.836647, 45.402145]",4,4,3,2,11
"S1A|2020-04-30 17:23:03.768633+00:00|2020-04-30 17:23:28.766460+00:00|ascending|88|(5.805732, 43.921886, 9.416287, 45.820614)",S1A_IW_GRDH_1SDV_20200430T172303_20200430T172328_032360_03BEE8_C558_COG,1,True,S1A_IW_GRDH_1SDV_20200430T172303_20200430T172328_032360_03BEE8_C558_COG,1,S1A,2020-04-30 17:23:03.768633+00:00,2020-04-30 17:23:28.766460+00:00,ascending,88,"[5.805732, 43.921886, 9.416287, 45.820614]",4,4,3,2,11
"S1A|2020-04-30 17:23:03.768633+00:00|2020-04-30 17:23:28.766460+00:00|ascending|88|(5.805733, 43.921886, 9.416287, 45.820614)",S1A_IW_GRDH_1SDV_20200430T172303_20200430T172328_032360_03BEE8_53E4_COG,1,True,S1A_IW_GRDH_1SDV_20200430T172303_20200430T172328_032360_03BEE8_53E4_COG,1,S1A,2020-04-30 17:23:03.768633+00:00,2020-04-30 17:23:28.766460+00:00,ascending,88,"[5.805733, 43.921886, 9.416287, 45.820614]",4,4,3,2,11
"S1A|2020-04-30 17:23:28.767983+00:00|2020-04-30 17:23:53.765812+00:00|ascending|88|(5.35831, 45.420673, 9.08709, 47.316792)",S1A_IW_GRDH_1SDV_20200430T172328_20200430T172353_032360_03BEE8_7FD4_COG,1,True,S1A_IW_GRDH_1SDV_20200430T172328_20200430T172353_032360_03BEE8_7FD4_COG,1,S1A,2020-04-30 17:23:28.767983+00:00,2020-04-30 17:23:53.765812+00:00,ascending,88,"[5.35831, 45.420673, 9.08709, 47.316792]",4,4,3,2,11
"S1A|2020-04-30 17:23:28.767983+00:00|2020-04-30 17:23:53.765813+00:00|ascending|88|(5.35831, 45.420673, 9.08709, 47.316792)",S1A_IW_GRDH_1SDV_20200430T172328_20200430T172353_032360_03BEE8_9503_COG,1,True,S1A_IW_GRDH_1SDV_20200430T172328_20200430T172353_032360_03BEE8_9503_COG,1,S1A,2020-04-30 17:23:28.767983+00:00,2020-04-30 17:23:53.765813+00:00,ascending,88,"[5.35831, 45.420673, 9.08709, 47.316792]",4,4,3,2,11
"S1A|2020-05-06 05:27:06.893861+00:00|2020-05-06 05:27:31.893210+00:00|descending|168|(8.685771, 45.271389, 12.358404, 47.174934)",S1A_IW_GRDH_1SDV_20200506T052706_20200506T052731_032440_03C1BA_DB84_COG,1,True,S1A_IW_GRDH_1SDV_20200506T052706_20200506T052731_032440_03C1BA_DB84_COG,1,S1A,2020-05-06 05:27:06.893861+00:00,2020-05-06 05:27:31.893210+00:00,descending,168,"[8.685771, 45.271389, 12.358404, 47.174934]",4,4,3,2,11
"S1A|2020-05-06 05:27:11.776943+00:00|2020-05-06 05:27:36.774693+00:00|descending|168|(8.575357, 44.978718, 12.278243, 46.886742)",S1A_IW_GRDH_1SDV_20200506T052711_20200506T052736_032440_03C1BA_B73B_COG,1,True,S1A_IW_GRDH_1SDV_20200506T052711_20200506T052736_032440_03C1BA_B73B_COG,1,S1A,2020-05-06 05:27:11.776943+00:00,2020-05-06 05:27:36.774693+00:00,descending,168,"[8.575357, 44.978718, 12.278243, 46.886742]",4,4,3,2,11
"S1A|2020-05-06 05:27:31.894735+00:00|2020-05-06 05:27:56.892589+00:00|descending|168|(8.353135, 43.772991, 11.968408, 45.67281)",S1A_IW_GRDH_1SDV_20200506T052731_20200506T052756_032440_03C1BA_F6E8_COG,1,True,S1A_IW_GRDH_1SDV_20200506T052731_20200506T052756_032440_03C1BA_F6E8_COG,1,S1A,2020-05-06 05:27:31.894735+00:00,2020-05-06 05:27:56.892589+00:00,descending,168,"[8.353135, 43.772991, 11.968408, 45.67281]",4,4,3,2,11
"S1A|2020-05-06 05:27:36.776194+00:00|2020-05-06 05:28:01.775444+00:00|descending|168|(8.245434, 43.480103, 11.887259, 45.385124)",S1A_IW_GRDH_1SDV_20200506T052736_20200506T052801_032440_03C1BA_804C_COG,1,True,S1A_IW_GRDH_1SDV_20200506T052736_20200506T052801_032440_03C1BA_804C_COG,1,S1A,2020-05-06 05:27:36.776194+00:00,2020-05-06 05:28:01.775444+00:00,descending,168,"[8.245434, 43.480103, 11.887259, 45.385124]",4,4,3,2,11
"S1A|2020-05-07 17:14:57.605465+00:00|2020-05-07 17:15:22.604537+00:00|ascending|15|(7.744988, 44.361881, 11.367916, 46.26281)",S1A_IW_GRDH_1SDV_20200507T171457_20200507T171522_032462_03C261_7257_COG,1,True,S1A_IW_GRDH_1SDV_20200507T171457_20200507T171522_032462_03C261_7257_COG,1,S1A,2020-05-07 17:14:57.605465+00:00,2020-05-07 17:15:22.604537+00:00,ascending,15,"[7.744988, 44.361881, 11.367916, 46.26281]",4,4,3,2,11
"S1A|2020-05-07 17:14:57.605466+00:00|2020-05-07 17:15:22.604538+00:00|ascending|15|(7.744988, 44.361877, 11.367916, 46.26281)",S1A_IW_GRDH_1SDV_20200507T171457_20200507T171522_032462_03C261_9C71_COG,1,True,S1A_IW_GRDH_1SDV_20200507T171457_20200507T171522_032462_03C261_9C71_COG,1,S1A,2020-05-07 17:14:57.605466+00:00,2020-05-07 17:15:22.604538+00:00,ascending,15,"[7.744988, 44.361877, 11.367916, 46.26281]",4,4,3,2,11
"S1A|2020-05-11 05:35:24.870493+00:00|2020-05-11 05:35:49.869592+00:00|descending|66|(6.531671, 45.037941, 10.229559, 46.947021)",S1A_IW_GRDH_1SDV_20200511T053524_20200511T053549_032513_03C3F4_AB1F_COG,1,True,S1A_IW_GRDH_1SDV_20200511T053524_20200511T053549_032513_03C3F4_AB1F_COG,1,S1A,2020-05-11 05:35:24.870493+00:00,2020-05-11 05:35:49.869592+00:00,descending,66,"[6.531671, 45.037941, 10.229559, 46.947021]",4,4,3,2,11
"S1A|2020-05-11 05:35:24.927067+00:00|2020-05-11 05:35:49.924717+00:00|descending|66|(6.58141, 45.034626, 10.228846, 46.938259)",S1A_IW_GRDH_1SDV_20200511T053524_20200511T053549_032513_03C3F4_735A_COG,1,True,S1A_IW_GRDH_1SDV_20200511T053524_20200511T053549_032513_03C3F4_735A_COG,1,S1A,2020-05-11 05:35:24.927067+00:00,2020-05-11 05:35:49.924717+00:00,descending,66,"[6.58141, 45.034626, 10.228846, 46.938259]",4,4,3,2,11
"S1A|2020-05-11 05:35:49.871092+00:00|2020-05-11 05:36:14.868691+00:00|descending|66|(6.206351, 43.538811, 9.847104, 45.444389)",S1A_IW_GRDH_1SDV_20200511T053549_20200511T053614_032513_03C3F4_0EF9_COG,1,True,S1A_IW_GRDH_1SDV_20200511T053549_20200511T053614_032513_03C3F4_0EF9_COG,1,S1A,2020-05-11 05:35:49.871092+00:00,2020-05-11 05:36:14.868691+00:00,descending,66,"[6.206351, 43.538811, 9.847104, 45.444389]",4,4,3,2,11
"S1A|2020-05-11 05:35:49.926320+00:00|2020-05-11 05:36:14.925478+00:00|descending|66|(6.254718, 43.535404, 9.846269, 45.43565)",S1A_IW_GRDH_1SDV_20200511T053549_20200511T053614_032513_03C3F4_F3CB_COG,1,True,S1A_IW_GRDH_1SDV_20200511T053549_20200511T053614_032513_03C3F4_F3CB_COG,1,S1A,2020-05-11 05:35:49.926320+00:00,2020-05-11 05:36:14.925478+00:00,descending,66,"[6.254718, 43.535404, 9.846269, 45.43565]",4,4,3,2,11
"S1A|2020-05-12 17:23:04.373562+00:00|2020-05-12 17:23:29.371355+00:00|ascending|88|(5.806557, 43.921898, 9.416974, 45.820599)",S1A_IW_GRDH_1SDV_20200512T172304_20200512T172329_032535_03C4A6_333C_COG,1,True,S1A_IW_GRDH_1SDV_20200512T172304_20200512T172329_032535_03C4A6_333C_COG,1,S1A,2020-05-12 17:23:04.373562+00:00,2020-05-12 17:23:29.371355+00:00,ascending,88,"[5.806557, 43.921898, 9.416974, 45.820599]",4,4,3,2,11
"S1A|2020-05-12 17:23:04.373563+00:00|2020-05-12 17:23:29.371356+00:00|ascending|88|(5.806556, 43.921894, 9.416974, 45.820599)",S1A_IW_GRDH_1SDV_20200512T172304_20200512T172329_032535_03C4A6_0DD0_COG,1,True,S1A_IW_GRDH_1SDV_20200512T172304_20200512T172329_032535_03C4A6_0DD0_COG,1,S1A,2020-05-12 17:23:04.373563+00:00,2020-05-12 17:23:29.371356+00:00,ascending,88,"[5.806556, 43.921894, 9.416974, 45.820599]",4,4,3,2,11
"S1A|2020-05-12 17:23:29.372852+00:00|2020-05-12 17:23:54.372142+00:00|ascending|88|(5.359133, 45.420685, 9.087791, 47.316868)",S1A_IW_GRDH_1SDV_20200512T172329_20200512T172354_032535_03C4A6_1C23_COG,1,True,S1A_IW_GRDH_1SDV_20200512T172329_20200512T172354_032535_03C4A6_1C23_COG,1,S1A,2020-05-12 17:23:29.372852+00:00,2020-05-12 17:23:54.372142+00:00,ascending,88,"[5.359133, 45.420685, 9.087791, 47.316868]",4,4,3,2,11
"S1A|2020-05-12 17:23:29.372854+00:00|2020-05-12 17:23:54.372144+00:00|ascending|88|(5.359132, 45.420685, 9.087791, 47.316868)",S1A_IW_GRDH_1SDV_20200512T172329_20200512T172354_032535_03C4A6_DD58_COG,1,True,S1A_IW_GRDH_1SDV_20200512T172329_20200512T172354_032535_03C4A6_DD58_COG,1,S1A,2020-05-12 17:23:29.372854+00:00,2020-05-12 17:23:54.372144+00:00,ascending,88,"[5.359132, 45.420685, 9.087791, 47.316868]",4,4,3,2,11
"S1A|2020-05-18 05:27:07.895823+00:00|2020-05-18 05:27:32.893627+00:00|descending|168|(8.684176, 45.260513, 12.35658, 47.163799)",S1A_IW_GRDH_1SDV_20200518T052707_20200518T052732_032615_03C710_3BE6_COG,1,True,S1A_IW_GRDH_1SDV_20200518T052707_20200518T052732_032615_03C710_3BE6_COG,1,S1A,2020-05-18 05:27:07.895823+00:00,2020-05-18 05:27:32.893627+00:00,descending,168,"[8.684176, 45.260513, 12.35658, 47.163799]",4,4,3,2,11
"S1A|2020-05-18 05:27:12.597430+00:00|2020-05-18 05:27:37.596649+00:00|descending|168|(8.575927, 44.97855, 12.278859, 46.886673)",S1A_IW_GRDH_1SDV_20200518T052712_20200518T052737_032615_03C710_C1C2_COG,1,True,S1A_IW_GRDH_1SDV_20200518T052712_20200518T052737_032615_03C710_C1C2_COG,1,S1A,2020-05-18 05:27:12.597430+00:00,2020-05-18 05:27:37.596649+00:00,descending,168,"[8.575927, 44.97855, 12.278859, 46.886673]",4,4,3,2,11
"S1A|2020-05-18 05:27:32.895159+00:00|2020-05-18 05:27:57.894465+00:00|descending|168|(8.352943, 43.761944, 11.965938, 45.661949)",S1A_IW_GRDH_1SDV_20200518T052732_20200518T052757_032615_03C710_E157_COG,1,True,S1A_IW_GRDH_1SDV_20200518T052732_20200518T052757_032615_03C710_E157_COG,1,S1A,2020-05-18 05:27:32.895159+00:00,2020-05-18 05:27:57.894465+00:00,descending,168,"[8.352943, 43.761944, 11.965938, 45.661949]",4,4,3,2,11
"S1A|2020-05-18 05:27:37.598149+00:00|2020-05-18 05:28:02.595868+00:00|descending|168|(8.245996, 43.480026, 11.887684, 45.384983)",S1A_IW_GRDH_1SDV_20200518T052737_20200518T052802_032615_03C710_344A_COG,1,True,S1A_IW_GRDH_1SDV_20200518T052737_20200518T052802_032615_03C710_344A_COG,1,S1A,2020-05-18 05:27:37.598149+00:00,2020-05-18 05:28:02.595868+00:00,descending,168,"[8.245996, 43.480026, 11.887684, 45.384983]",4,4,3,2,11
"S1A|2020-05-19 17:14:58.426582+00:00|2020-05-19 17:15:23.424279+00:00|ascending|15|(7.744369, 44.361828, 11.367418, 46.262676)",S1A_IW_GRDH_1SDV_20200519T171458_20200519T171523_032637_03C7B2_C062_COG,1,True,S1A_IW_GRDH_1SDV_20200519T171458_20200519T171523_032637_03C7B2_C062_COG,1,S1A,2020-05-19 17:14:58.426582+00:00,2020-05-19 17:15:23.424279+00:00,ascending,15,"[7.744369, 44.361828, 11.367418, 46.262676]",4,4,3,2,11
"S1A|2020-05-19 17:14:58.426583+00:00|2020-05-19 17:15:23.424280+00:00|ascending|15|(7.744369, 44.361828, 11.367418, 46.262676)",S1A_IW_GRDH_1SDV_20200519T171458_20200519T171523_032637_03C7B2_41DB_COG,1,True,S1A_IW_GRDH_1SDV_20200519T171458_20200519T171523_032637_03C7B2_41DB_COG,1,S1A,2020-05-19 17:14:58.426583+00:00,2020-05-19 17:15:23.424280+00:00,ascending,15,"[7.744369, 44.361828, 11.367418, 46.262676]",4,4,3,2,11
"S1A|2020-05-23 05:35:25.649267+00:00|2020-05-23 05:35:50.648326+00:00|descending|66|(6.530169, 45.037937, 10.228005, 46.94698)",S1A_IW_GRDH_1SDV_20200523T053525_20200523T053550_032688_03C942_71CA_COG,1,True,S1A_IW_GRDH_1SDV_20200523T053525_20200523T053550_032688_03C942_71CA_COG,1,S1A,2020-05-23 05:35:25.649267+00:00,2020-05-23 05:35:50.648326+00:00,descending,66,"[6.530169, 45.037937, 10.228005, 46.94698]",4,4,3,2,11
"S1A|2020-05-23 05:35:25.963214+00:00|2020-05-23 05:35:50.960827+00:00|descending|66|(6.576597, 45.019207, 10.221677, 46.922852)",S1A_IW_GRDH_1SDV_20200523T053525_20200523T053550_032688_03C942_6DD6_COG,1,True,S1A_IW_GRDH_1SDV_20200523T053525_20200523T053550_032688_03C942_6DD6_COG,1,S1A,2020-05-23 05:35:25.963214+00:00,2020-05-23 05:35:50.960827+00:00,descending,66,"[6.576597, 45.019207, 10.221677, 46.922852]",4,4,3,2,11
"S1A|2020-05-23 05:35:50.649826+00:00|2020-05-23 05:36:15.648886+00:00|descending|66|(6.204872, 43.538712, 9.845612, 45.444344)",S1A_IW_GRDH_1SDV_20200523T053550_20200523T053615_032688_03C942_CDBC_COG,1,True,S1A_IW_GRDH_1SDV_20200523T053550_20200523T053615_032688_03C942_CDBC_COG,1,S1A,2020-05-23 05:35:50.649826+00:00,2020-05-23 05:36:15.648886+00:00,descending,66,"[6.204872, 43.538712, 9.845612, 45.444344]",4,4,3,2,11
"S1A|2020-05-23 05:35:50.962447+00:00|2020-05-23 05:36:15.961570+00:00|descending|66|(6.250047, 43.519958, 9.840395, 45.420162)",S1A_IW_GRDH_1SDV_20200523T053550_20200523T053615_032688_03C942_1C54_COG,1,True,S1A_IW_GRDH_1SDV_20200523T053550_20200523T053615_032688_03C942_1C54_COG,1,S1A,2020-05-23 05:35:50.962447+00:00,2020-05-23 05:36:15.961570+00:00,descending,66,"[6.250047, 43.519958, 9.840395, 45.420162]",4,4,3,2,11
"S1A|2020-05-24 17:23:05.142173+00:00|2020-05-24 17:23:30.139937+00:00|ascending|88|(5.806849, 43.921947, 9.417233, 45.820606)",S1A_IW_GRDH_1SDV_20200524T172305_20200524T172330_032710_03C9F5_947D_COG,1,True,S1A_IW_GRDH_1SDV_20200524T172305_20200524T172330_032710_03C9F5_947D_COG,1,S1A,2020-05-24 17:23:05.142173+00:00,2020-05-24 17:23:30.139937+00:00,ascending,88,"[5.806849, 43.921947, 9.417233, 45.820606]",4,4,3,2,11
"S1A|2020-05-24 17:23:05.142174+00:00|2020-05-24 17:23:30.139937+00:00|ascending|88|(5.806849, 43.921947, 9.417234, 45.820606)",S1A_IW_GRDH_1SDV_20200524T172305_20200524T172330_032710_03C9F5_5ED2_COG,1,True,S1A_IW_GRDH_1SDV_20200524T172305_20200524T172330_032710_03C9F5_5ED2_COG,1,S1A,2020-05-24 17:23:05.142174+00:00,2020-05-24 17:23:30.139937+00:00,ascending,88,"[5.806849, 43.921947, 9.417234, 45.820606]",4,4,3,2,11
"S1A|2020-05-24 17:23:30.141434+00:00|2020-05-24 17:23:55.140695+00:00|ascending|88|(5.359471, 45.420738, 9.08797, 47.316864)",S1A_IW_GRDH_1SDV_20200524T172330_20200524T172355_032710_03C9F5_8AE4_COG,1,True,S1A_IW_GRDH_1SDV_20200524T172330_20200524T172355_032710_03C9F5_8AE4_COG,1,S1A,2020-05-24 17:23:30.141434+00:00,2020-05-24 17:23:55.140695+00:00,ascending,88,"[5.359471, 45.420738, 9.08797, 47.316864]",4,4,3,2,11
"S1A|2020-05-24 17:23:30.141435+00:00|2020-05-24 17:23:55.140695+00:00|ascending|88|(5.359471, 45.420738, 9.08797, 47.316864)",S1A_IW_GRDH_1SDV_20200524T172330_20200524T172355_032710_03C9F5_C202_COG,1,True,S1A_IW_GRDH_1SDV_20200524T172330_20200524T172355_032710_03C9F5_C202_COG,1,S1A,2020-05-24 17:23:30.141435+00:00,2020-05-24 17:23:55.140695+00:00,ascending,88,"[5.359471, 45.420738, 9.08797, 47.316864]",4,4,3,2,11
"S1A|2020-05-30 05:27:08.019344+00:00|2020-05-30 05:27:33.017144+00:00|descending|168|(8.693089, 45.29768, 12.36397, 47.201366)",S1A_IW_GRDH_1SDV_20200530T052708_20200530T052733_032790_03CC56_262D_COG,1,True,S1A_IW_GRDH_1SDV_20200530T052708_20200530T052733_032790_03CC56_262D_COG,1,S1A,2020-05-30 05:27:08.019344+00:00,2020-05-30 05:27:33.017144+00:00,descending,168,"[8.693089, 45.29768, 12.36397, 47.201366]",4,4,3,2,11
"S1A|2020-05-30 05:27:13.341542+00:00|2020-05-30 05:27:38.339248+00:00|descending|168|(8.577052, 44.97855, 12.280022, 46.886627)",S1A_IW_GRDH_1SDV_20200530T052713_20200530T052738_032790_03CC56_834D_COG,1,True,S1A_IW_GRDH_1SDV_20200530T052713_20200530T052738_032790_03CC56_834D_COG,1,S1A,2020-05-30 05:27:13.341542+00:00,2020-05-30 05:27:38.339248+00:00,descending,168,"[8.577052, 44.97855, 12.280022, 46.886627]",4,4,3,2,11
"S1A|2020-05-30 05:27:33.018671+00:00|2020-05-30 05:27:58.017972+00:00|descending|168|(8.358839, 43.799557, 11.976995, 45.699154)",S1A_IW_GRDH_1SDV_20200530T052733_20200530T052758_032790_03CC56_BFBE_COG,1,True,S1A_IW_GRDH_1SDV_20200530T052733_20200530T052758_032790_03CC56_BFBE_COG,1,S1A,2020-05-30 05:27:33.018671+00:00,2020-05-30 05:27:58.017972+00:00,descending,168,"[8.358839, 43.799557, 11.976995, 45.699154]",4,4,3,2,11
"S1A|2020-05-30 05:27:38.340748+00:00|2020-05-30 05:28:03.339955+00:00|descending|168|(8.247176, 43.479942, 11.888798, 45.385021)",S1A_IW_GRDH_1SDV_20200530T052738_20200530T052803_032790_03CC56_5E38_COG,1,True,S1A_IW_GRDH_1SDV_20200530T052738_20200530T052803_032790_03CC56_5E38_COG,1,S1A,2020-05-30 05:27:38.340748+00:00,2020-05-30 05:28:03.339955+00:00,descending,168,"[8.247176, 43.479942, 11.888798, 45.385021]",4,4,3,2,11
"S1A|2020-05-31 17:14:59.172334+00:00|2020-05-31 17:15:24.170007+00:00|ascending|15|(7.743735, 44.361794, 11.366829, 46.262695)",S1A_IW_GRDH_1SDV_20200531T171459_20200531T171524_032812_03CCF9_1F54_COG,1,True,S1A_IW_GRDH_1SDV_20200531T171459_20200531T171524_032812_03CCF9_1F54_COG,1,S1A,2020-05-31 17:14:59.172334+00:00,2020-05-31 17:15:24.170007+00:00,ascending,15,"[7.743735, 44.361794, 11.366829, 46.262695]",4,4,3,2,11
"S1A|2020-05-31 17:14:59.172334+00:00|2020-05-31 17:15:24.170008+00:00|ascending|15|(7.743735, 44.361797, 11.366828, 46.262695)",S1A_IW_GRDH_1SDV_20200531T171459_20200531T171524_032812_03CCF9_4EA1_COG,1,True,S1A_IW_GRDH_1SDV_20200531T171459_20200531T171524_032812_03CCF9_4EA1_COG,1,S1A,2020-05-31 17:14:59.172334+00:00,2020-05-31 17:15:24.170008+00:00,ascending,15,"[7.743735, 44.361797, 11.366828, 46.262695]",4,4,3,2,11
"S1A|2020-06-04 05:35:26.003942+00:00|2020-06-04 05:35:51.002214+00:00|descending|66|(6.583824, 45.05019, 10.232943, 46.953732)",S1A_IW_GRDH_1SDV_20200604T053526_20200604T053551_032863_03CE73_3390_COG,1,True,S1A_IW_GRDH_1SDV_20200604T053526_20200604T053551_032863_03CE73_3390_COG,1,S1A,2020-06-04 05:35:26.003942+00:00,2020-06-04 05:35:51.002214+00:00,descending,66,"[6.583824, 45.05019, 10.232943, 46.953732]",4,4,3,2,11
"S1A|2020-06-04 05:35:26.208946+00:00|2020-06-04 05:35:51.206483+00:00|descending|66|(6.530621, 45.037964, 10.228292, 46.946869)",S1A_IW_GRDH_1SDV_20200604T053526_20200604T053551_032863_03CE73_21C8_COG,1,True,S1A_IW_GRDH_1SDV_20200604T053526_20200604T053551_032863_03CE73_21C8_COG,1,S1A,2020-06-04 05:35:26.208946+00:00,2020-06-04 05:35:51.206483+00:00,descending,66,"[6.530621, 45.037964, 10.228292, 46.946869]",4,4,3,2,11
"S1A|2020-06-04 05:35:51.003693+00:00|2020-06-04 05:36:16.001963+00:00|descending|66|(6.257121, 43.551037, 9.849507, 45.451138)",S1A_IW_GRDH_1SDV_20200604T053551_20200604T053616_032863_03CE73_5899_COG,1,True,S1A_IW_GRDH_1SDV_20200604T053551_20200604T053616_032863_03CE73_5899_COG,1,S1A,2020-06-04 05:35:51.003693+00:00,2020-06-04 05:36:16.001963+00:00,descending,66,"[6.257121, 43.551037, 9.849507, 45.451138]",4,4,3,2,11
"S1A|2020-06-04 05:35:51.207983+00:00|2020-06-04 05:36:16.207020+00:00|descending|66|(6.205228, 43.538738, 9.845945, 45.444336)",S1A_IW_GRDH_1SDV_20200604T053551_20200604T053616_032863_03CE73_3A18_COG,1,True,S1A_IW_GRDH_1SDV_20200604T053551_20200604T053616_032863_03CE73_3A18_COG,1,S1A,2020-06-04 05:35:51.207983+00:00,2020-06-04 05:36:16.207020+00:00,descending,66,"[6.205228, 43.538738, 9.845945, 45.444336]",4,4,3,2,11
"S1A|2020-06-05 17:23:05.742596+00:00|2020-06-05 17:23:30.741823+00:00|ascending|88|(5.808527, 43.922047, 9.418903, 45.820747)",S1A_IW_GRDH_1SDV_20200605T172305_20200605T172330_032885_03CF21_031B_COG,1,True,S1A_IW_GRDH_1SDV_20200605T172305_20200605T172330_032885_03CF21_031B_COG,1,S1A,2020-06-05 17:23:05.742596+00:00,2020-06-05 17:23:30.741823+00:00,ascending,88,"[5.808527, 43.922047, 9.418903, 45.820747]",4,4,3,2,11
"S1A|2020-06-05 17:23:05.742597+00:00|2020-06-05 17:23:30.741825+00:00|ascending|88|(5.808526, 43.922047, 9.418903, 45.820744)",S1A_IW_GRDH_1SDV_20200605T172305_20200605T172330_032885_03CF21_325C_COG,1,True,S1A_IW_GRDH_1SDV_20200605T172305_20200605T172330_032885_03CF21_325C_COG,1,S1A,2020-06-05 17:23:05.742597+00:00,2020-06-05 17:23:30.741825+00:00,ascending,88,"[5.808526, 43.922047, 9.418903, 45.820744]",4,4,3,2,11
"S1A|2020-06-05 17:23:30.743321+00:00|2020-06-05 17:23:55.741050+00:00|ascending|88|(5.361388, 45.420933, 9.089671, 47.316936)",S1A_IW_GRDH_1SDV_20200605T172330_20200605T172355_032885_03CF21_1861_COG,1,True,S1A_IW_GRDH_1SDV_20200605T172330_20200605T172355_032885_03CF21_1861_COG,1,S1A,2020-06-05 17:23:30.743321+00:00,2020-06-05 17:23:55.741050+00:00,ascending,88,"[5.361388, 45.420933, 9.089671, 47.316936]",4,4,3,2,11
"S1A|2020-06-05 17:23:30.743322+00:00|2020-06-05 17:23:55.741052+00:00|ascending|88|(5.361388, 45.420933, 9.089671, 47.316936)",S1A_IW_GRDH_1SDV_20200605T172330_20200605T172355_032885_03CF21_5AFF_COG,1,True,S1A_IW_GRDH_1SDV_20200605T172330_20200605T172355_032885_03CF21_5AFF_COG,1,S1A,2020-06-05 17:23:30.743322+00:00,2020-06-05 17:23:55.741052+00:00,ascending,88,"[5.361388, 45.420933, 9.089671, 47.316936]",4,4,3,2,11
"S1A|2020-06-11 05:27:08.910364+00:00|2020-06-11 05:27:33.908184+00:00|descending|168|(8.690523, 45.288776, 12.361865, 47.192375)",S1A_IW_GRDH_1SDV_20200611T052708_20200611T052733_032965_03D183_3D6A_COG,1,True,S1A_IW_GRDH_1SDV_20200611T052708_20200611T052733_032965_03D183_3D6A_COG,1,S1A,2020-06-11 05:27:08.910364+00:00,2020-06-11 05:27:33.908184+00:00,descending,168,"[8.690523, 45.288776, 12.361865, 47.192375]",4,4,3,2,11
"S1A|2020-06-11 05:27:14.083835+00:00|2020-06-11 05:27:39.083061+00:00|descending|168|(8.576376, 44.978485, 12.279317, 46.88662)",S1A_IW_GRDH_1SDV_20200611T052714_20200611T052739_032965_03D183_2835_COG,1,True,S1A_IW_GRDH_1SDV_20200611T052714_20200611T052739_032965_03D183_2835_COG,1,S1A,2020-06-11 05:27:14.083835+00:00,2020-06-11 05:27:39.083061+00:00,descending,168,"[8.576376, 44.978485, 12.279317, 46.88662]",4,4,3,2,11
"S1A|2020-06-11 05:27:33.909722+00:00|2020-06-11 05:27:58.907547+00:00|descending|168|(8.356799, 43.790627, 11.973958, 45.690216)",S1A_IW_GRDH_1SDV_20200611T052733_20200611T052758_032965_03D183_2C16_COG,1,True,S1A_IW_GRDH_1SDV_20200611T052733_20200611T052758_032965_03D183_2C16_COG,1,S1A,2020-06-11 05:27:33.909722+00:00,2020-06-11 05:27:58.907547+00:00,descending,168,"[8.356799, 43.790627, 11.973958, 45.690216]",4,4,3,2,11
"S1A|2020-06-11 05:27:39.084561+00:00|2020-06-11 05:28:04.082287+00:00|descending|168|(8.246562, 43.479961, 11.888126, 45.384918)",S1A_IW_GRDH_1SDV_20200611T052739_20200611T052804_032965_03D183_7B00_COG,1,True,S1A_IW_GRDH_1SDV_20200611T052739_20200611T052804_032965_03D183_7B00_COG,1,S1A,2020-06-11 05:27:39.084561+00:00,2020-06-11 05:28:04.082287+00:00,descending,168,"[8.246562, 43.479961, 11.888126, 45.384918]",4,4,3,2,11
"S1A|2020-06-12 17:14:59.958967+00:00|2020-06-12 17:15:24.958095+00:00|ascending|15|(7.743879, 44.361874, 11.366859, 46.262829)",S1A_IW_GRDH_1SDV_20200612T171459_20200612T171524_032987_03D225_97C7_COG,1,True,S1A_IW_GRDH_1SDV_20200612T171459_20200612T171524_032987_03D225_97C7_COG,1,S1A,2020-06-12 17:14:59.958967+00:00,2020-06-12 17:15:24.958095+00:00,ascending,15,"[7.743879, 44.361874, 11.366859, 46.262829]",4,4,3,2,11
"S1A|2020-06-12 17:14:59.958967+00:00|2020-06-12 17:15:24.958096+00:00|ascending|15|(7.743878, 44.361874, 11.366858, 46.262829)",S1A_IW_GRDH_1SDV_20200612T171459_20200612T171524_032987_03D225_AA71_COG,1,True,S1A_IW_GRDH_1SDV_20200612T171459_20200612T171524_032987_03D225_AA71_COG,1,S1A,2020-06-12 17:14:59.958967+00:00,2020-06-12 17:15:24.958096+00:00,ascending,15,"[7.743878, 44.361874, 11.366858, 46.262829]",4,4,3,2,11
"S1A|2020-06-16 05:35:26.880020+00:00|2020-06-16 05:35:51.879073+00:00|descending|66|(6.58315, 45.050705, 10.232759, 46.954288)",S1A_IW_GRDH_1SDV_20200616T053526_20200616T053551_033038_03D3B4_1090_COG,1,True,S1A_IW_GRDH_1SDV_20200616T053526_20200616T053551_033038_03D3B4_1090_COG,1,S1A,2020-06-16 05:35:26.880020+00:00,2020-06-16 05:35:51.879073+00:00,descending,66,"[6.58315, 45.050705, 10.232759, 46.954288]",4,4,3,2,11
"S1A|2020-06-16 05:35:27.094905+00:00|2020-06-16 05:35:52.093916+00:00|descending|66|(6.529801, 45.037849, 10.227518, 46.946861)",S1A_IW_GRDH_1SDV_20200616T053527_20200616T053552_033038_03D3B4_9201_COG,1,True,S1A_IW_GRDH_1SDV_20200616T053527_20200616T053552_033038_03D3B4_9201_COG,1,S1A,2020-06-16 05:35:27.094905+00:00,2020-06-16 05:35:52.093916+00:00,descending,66,"[6.529801, 45.037849, 10.227518, 46.946861]",4,4,3,2,11
"S1A|2020-06-16 05:35:51.880680+00:00|2020-06-16 05:36:16.878246+00:00|descending|66|(6.256413, 43.55159, 9.848879, 45.451664)",S1A_IW_GRDH_1SDV_20200616T053551_20200616T053616_033038_03D3B4_D456_COG,1,True,S1A_IW_GRDH_1SDV_20200616T053551_20200616T053616_033038_03D3B4_D456_COG,1,S1A,2020-06-16 05:35:51.880680+00:00,2020-06-16 05:36:16.878246+00:00,descending,66,"[6.256413, 43.55159, 9.848879, 45.451664]",4,4,3,2,11
"S1A|2020-06-16 05:35:52.095417+00:00|2020-06-16 05:36:17.092928+00:00|descending|66|(6.204403, 43.538712, 9.845115, 45.444241)",S1A_IW_GRDH_1SDV_20200616T053552_20200616T053617_033038_03D3B4_84EA_COG,1,True,S1A_IW_GRDH_1SDV_20200616T053552_20200616T053617_033038_03D3B4_84EA_COG,1,S1A,2020-06-16 05:35:52.095417+00:00,2020-06-16 05:36:17.092928+00:00,descending,66,"[6.204403, 43.538712, 9.845115, 45.444241]",4,4,3,2,11
"S1A|2020-06-17 17:23:06.528537+00:00|2020-06-17 17:23:31.526364+00:00|ascending|88|(5.807213, 43.922001, 9.417574, 45.820629)",S1A_IW_GRDH_1SDV_20200617T172306_20200617T172331_033060_03D465_BD2F_COG,1,True,S1A_IW_GRDH_1SDV_20200617T172306_20200617T172331_033060_03D465_BD2F_COG,1,S1A,2020-06-17 17:23:06.528537+00:00,2020-06-17 17:23:31.526364+00:00,ascending,88,"[5.807213, 43.922001, 9.417574, 45.820629]",4,4,3,2,11
"S1A|2020-06-17 17:23:06.528537+00:00|2020-06-17 17:23:31.526364+00:00|ascending|88|(5.807214, 43.922001, 9.417574, 45.820629)",S1A_IW_GRDH_1SDV_20200617T172306_20200617T172331_033060_03D465_6F64_COG,1,True,S1A_IW_GRDH_1SDV_20200617T172306_20200617T172331_033060_03D465_6F64_COG,1,S1A,2020-06-17 17:23:06.528537+00:00,2020-06-17 17:23:31.526364+00:00,ascending,88,"[5.807214, 43.922001, 9.417574, 45.820629]",4,4,3,2,11
"S1A|2020-06-17 17:23:31.527862+00:00|2020-06-17 17:23:56.525689+00:00|ascending|88|(5.3599, 45.420795, 9.088473, 47.316814)",S1A_IW_GRDH_1SDV_20200617T172331_20200617T172356_033060_03D465_16C1_COG,1,True,S1A_IW_GRDH_1SDV_20200617T172331_20200617T172356_033060_03D465_16C1_COG,1,S1A,2020-06-17 17:23:31.527862+00:00,2020-06-17 17:23:56.525689+00:00,ascending,88,"[5.3599, 45.420795, 9.088473, 47.316814]",4,4,3,2,11
"S1A|2020-06-17 17:23:31.527862+00:00|2020-06-17 17:23:56.525689+00:00|ascending|88|(5.3599, 45.420799, 9.088473, 47.316814)",S1A_IW_GRDH_1SDV_20200617T172331_20200617T172356_033060_03D465_3DD7_COG,1,True,S1A_IW_GRDH_1SDV_20200617T172331_20200617T172356_033060_03D465_3DD7_COG,1,S1A,2020-06-17 17:23:31.527862+00:00,2020-06-17 17:23:56.525689+00:00,ascending,88,"[5.3599, 45.420799, 9.088473, 47.316814]",4,4,3,2,11
"S1A|2020-06-23 05:27:09.967108+00:00|2020-06-23 05:27:34.964904+00:00|descending|168|(8.684675, 45.26635, 12.357342, 47.169785)",S1A_IW_GRDH_1SDV_20200623T052709_20200623T052734_033140_03D6D5_8DFE_COG,1,True,S1A_IW_GRDH_1SDV_20200623T052709_20200623T052734_033140_03D6D5_8DFE_COG,1,S1A,2020-06-23 05:27:09.967108+00:00,2020-06-23 05:27:34.964904+00:00,descending,168,"[8.684675, 45.26635, 12.357342, 47.169785]",4,4,3,2,11
"S1A|2020-06-23 05:27:14.768482+00:00|2020-06-23 05:27:39.766184+00:00|descending|168|(8.575295, 44.978493, 12.277587, 46.886555)",S1A_IW_GRDH_1SDV_20200623T052714_20200623T052739_033140_03D6D5_79B2_COG,1,True,S1A_IW_GRDH_1SDV_20200623T052714_20200623T052739_033140_03D6D5_79B2_COG,1,S1A,2020-06-23 05:27:14.768482+00:00,2020-06-23 05:27:39.766184+00:00,descending,168,"[8.575295, 44.978493, 12.277587, 46.886555]",4,4,3,2,11
"S1A|2020-06-23 05:27:34.966412+00:00|2020-06-23 05:27:59.965707+00:00|descending|168|(8.352203, 43.767811, 11.966909, 45.667774)",S1A_IW_GRDH_1SDV_20200623T052734_20200623T052759_033140_03D6D5_C9BA_COG,1,True,S1A_IW_GRDH_1SDV_20200623T052734_20200623T052759_033140_03D6D5_C9BA_COG,1,S1A,2020-06-23 05:27:34.966412+00:00,2020-06-23 05:27:59.965707+00:00,descending,168,"[8.352203, 43.767811, 11.966909, 45.667774]",4,4,3,2,11
"S1A|2020-06-23 05:27:39.767684+00:00|2020-06-23 05:28:04.766887+00:00|descending|168|(8.245502, 43.479874, 11.887054, 45.384884)",S1A_IW_GRDH_1SDV_20200623T052739_20200623T052804_033140_03D6D5_A92E_COG,1,True,S1A_IW_GRDH_1SDV_20200623T052739_20200623T052804_033140_03D6D5_A92E_COG,1,S1A,2020-06-23 05:27:39.767684+00:00,2020-06-23 05:28:04.766887+00:00,descending,168,"[8.245502, 43.479874, 11.887054, 45.384884]",4,4,3,2,11
"S1A|2020-06-24 17:15:00.611760+00:00|2020-06-24 17:15:25.610899+00:00|ascending|15|(7.744204, 44.361893, 11.367162, 46.262833)",S1A_IW_GRDH_1SDV_20200624T171500_20200624T171525_033162_03D77A_4CC4_COG,1,True,S1A_IW_GRDH_1SDV_20200624T171500_20200624T171525_033162_03D77A_4CC4_COG,1,S1A,2020-06-24 17:15:00.611760+00:00,2020-06-24 17:15:25.610899+00:00,ascending,15,"[7.744204, 44.361893, 11.367162, 46.262833]",4,4,3,2,11
"S1A|2020-06-24 17:15:00.611760+00:00|2020-06-24 17:15:25.610900+00:00|ascending|15|(7.744204, 44.361897, 11.367162, 46.262836)",S1A_IW_GRDH_1SDV_20200624T171500_20200624T171525_033162_03D77A_7B97_COG,1,True,S1A_IW_GRDH_1SDV_20200624T171500_20200624T171525_033162_03D77A_7B97_COG,1,S1A,2020-06-24 17:15:00.611760+00:00,2020-06-24 17:15:25.610900+00:00,ascending,15,"[7.744204, 44.361897, 11.367162, 46.262836]",4,4,3,2,11
"S1A|2020-06-28 05:35:27.695821+00:00|2020-06-28 05:35:52.694826+00:00|descending|66|(6.531122, 45.037815, 10.228868, 46.946873)",S1A_IW_GRDH_1SDV_20200628T053527_20200628T053552_033213_03D905_D3E4_COG,1,True,S1A_IW_GRDH_1SDV_20200628T053527_20200628T053552_033213_03D905_D3E4_COG,1,S1A,2020-06-28 05:35:27.695821+00:00,2020-06-28 05:35:52.694826+00:00,descending,66,"[6.531122, 45.037815, 10.228868, 46.946873]",4,4,3,2,11
"S1A|2020-06-28 05:35:28.036224+00:00|2020-06-28 05:35:53.035267+00:00|descending|66|(6.57705, 45.01741, 10.221967, 46.921181)",S1A_IW_GRDH_1SDV_20200628T053528_20200628T053553_033213_03D905_6DEE_COG,1,True,S1A_IW_GRDH_1SDV_20200628T053528_20200628T053553_033213_03D905_6DEE_COG,1,S1A,2020-06-28 05:35:28.036224+00:00,2020-06-28 05:35:53.035267+00:00,descending,66,"[6.57705, 45.01741, 10.221967, 46.921181]",4,4,3,2,11
"S1A|2020-06-28 05:35:52.696327+00:00|2020-06-28 05:36:17.693832+00:00|descending|66|(6.205681, 43.538685, 9.846425, 45.444256)",S1A_IW_GRDH_1SDV_20200628T053552_20200628T053617_033213_03D905_D6DB_COG,1,True,S1A_IW_GRDH_1SDV_20200628T053552_20200628T053617_033213_03D905_D6DB_COG,1,S1A,2020-06-28 05:35:52.696327+00:00,2020-06-28 05:36:17.693832+00:00,descending,66,"[6.205681, 43.538685, 9.846425, 45.444256]",4,4,3,2,11
"S1A|2020-06-28 05:35:53.036906+00:00|2020-06-28 05:36:18.034464+00:00|descending|66|(6.250493, 43.518253, 9.840733, 45.4184)",S1A_IW_GRDH_1SDV_20200628T053553_20200628T053618_033213_03D905_4DDF_COG,1,True,S1A_IW_GRDH_1SDV_20200628T053553_20200628T053618_033213_03D905_4DDF_COG,1,S1A,2020-06-28 05:35:53.036906+00:00,2020-06-28 05:36:18.034464+00:00,descending,66,"[6.250493, 43.518253, 9.840733, 45.4184]",4,4,3,2,11
"S1A|2020-06-29 17:23:07.112610+00:00|2020-06-29 17:23:32.111960+00:00|ascending|88|(5.806714, 43.921883, 9.417258, 45.820671)",S1A_IW_GRDH_1SDV_20200629T172307_20200629T172332_033235_03D9B6_6B1E_COG,1,True,S1A_IW_GRDH_1SDV_20200629T172307_20200629T172332_033235_03D9B6_6B1E_COG,1,S1A,2020-06-29 17:23:07.112610+00:00,2020-06-29 17:23:32.111960+00:00,ascending,88,"[5.806714, 43.921883, 9.417258, 45.820671]",4,4,3,2,11
"S1A|2020-06-29 17:23:07.112610+00:00|2020-06-29 17:23:32.111960+00:00|ascending|88|(5.806715, 43.921879, 9.417259, 45.820667)",S1A_IW_GRDH_1SDV_20200629T172307_20200629T172332_033235_03D9B6_F68E_COG,1,True,S1A_IW_GRDH_1SDV_20200629T172307_20200629T172332_033235_03D9B6_F68E_COG,1,S1A,2020-06-29 17:23:07.112610+00:00,2020-06-29 17:23:32.111960+00:00,ascending,88,"[5.806715, 43.921879, 9.417259, 45.820667]",4,4,3,2,11
"S1A|2020-06-29 17:23:32.113457+00:00|2020-06-29 17:23:57.111309+00:00|ascending|88|(5.35934, 45.420761, 9.087958, 47.316837)",S1A_IW_GRDH_1SDV_20200629T172332_20200629T172357_033235_03D9B6_6F6F_COG,1,True,S1A_IW_GRDH_1SDV_20200629T172332_20200629T172357_033235_03D9B6_6F6F_COG,1,S1A,2020-06-29 17:23:32.113457+00:00,2020-06-29 17:23:57.111309+00:00,ascending,88,"[5.35934, 45.420761, 9.087958, 47.316837]",4,4,3,2,11
"S1A|2020-06-29 17:23:32.113457+00:00|2020-06-29 17:23:57.111310+00:00|ascending|88|(5.35934, 45.420761, 9.087958, 47.316833)",S1A_IW_GRDH_1SDV_20200629T172332_20200629T172357_033235_03D9B6_0287_COG,1,True,S1A_IW_GRDH_1SDV_20200629T172332_20200629T172357_033235_03D9B6_0287_COG,1,S1A,2020-06-29 17:23:32.113457+00:00,2020-06-29 17:23:57.111310+00:00,ascending,88,"[5.35934, 45.420761, 9.087958, 47.316833]",4,4,3,2,11
"S1A|2020-07-05 05:27:10.043497+00:00|2020-07-05 05:27:35.042729+00:00|descending|168|(8.690862, 45.294697, 12.361827, 47.19836)",S1A_IW_GRDH_1SDV_20200705T052710_20200705T052735_033315_03DC22_AA93_COG,1,True,S1A_IW_GRDH_1SDV_20200705T052710_20200705T052735_033315_03DC22_AA93_COG,1,S1A,2020-07-05 05:27:10.043497+00:00,2020-07-05 05:27:35.042729+00:00,descending,168,"[8.690862, 45.294697, 12.361827, 47.19836]",4,4,3,2,11
"S1A|2020-07-05 05:27:15.317625+00:00|2020-07-05 05:27:40.316771+00:00|descending|168|(8.575454, 44.978451, 12.278135, 46.886543)",S1A_IW_GRDH_1SDV_20200705T052715_20200705T052740_033315_03DC22_8B5D_COG,1,True,S1A_IW_GRDH_1SDV_20200705T052715_20200705T052740_033315_03DC22_8B5D_COG,1,S1A,2020-07-05 05:27:15.317625+00:00,2020-07-05 05:27:40.316771+00:00,descending,168,"[8.575454, 44.978451, 12.278135, 46.886543]",4,4,3,2,11
"S1A|2020-07-05 05:27:35.044227+00:00|2020-07-05 05:28:00.041961+00:00|descending|168|(8.356848, 43.796623, 11.974627, 45.696072)",S1A_IW_GRDH_1SDV_20200705T052735_20200705T052800_033315_03DC22_29F5_COG,1,True,S1A_IW_GRDH_1SDV_20200705T052735_20200705T052800_033315_03DC22_29F5_COG,1,S1A,2020-07-05 05:27:35.044227+00:00,2020-07-05 05:28:00.041961+00:00,descending,168,"[8.356848, 43.796623, 11.974627, 45.696072]",4,4,3,2,11
"S1A|2020-07-05 05:27:40.318215+00:00|2020-07-05 05:28:05.315858+00:00|descending|168|(8.245826, 43.479923, 11.887217, 45.384808)",S1A_IW_GRDH_1SDV_20200705T052740_20200705T052805_033315_03DC22_8E7F_COG,1,True,S1A_IW_GRDH_1SDV_20200705T052740_20200705T052805_033315_03DC22_8E7F_COG,1,S1A,2020-07-05 05:27:40.318215+00:00,2020-07-05 05:28:05.315858+00:00,descending,168,"[8.245826, 43.479923, 11.887217, 45.384808]",4,4,3,2,11
"S1A|2020-07-06 17:15:01.203535+00:00|2020-07-06 17:15:26.201212+00:00|ascending|15|(7.745255, 44.361877, 11.36829, 46.262714)",S1A_IW_GRDH_1SDV_20200706T171501_20200706T171526_033337_03DCC6_90BB_COG,1,True,S1A_IW_GRDH_1SDV_20200706T171501_20200706T171526_033337_03DCC6_90BB_COG,1,S1A,2020-07-06 17:15:01.203535+00:00,2020-07-06 17:15:26.201212+00:00,ascending,15,"[7.745255, 44.361877, 11.36829, 46.262714]",4,4,3,2,11
"S1A|2020-07-06 17:15:01.203536+00:00|2020-07-06 17:15:26.201213+00:00|ascending|15|(7.745255, 44.361877, 11.36829, 46.262711)",S1A_IW_GRDH_1SDV_20200706T171501_20200706T171526_033337_03DCC6_C104_COG,1,True,S1A_IW_GRDH_1SDV_20200706T171501_20200706T171526_033337_03DCC6_C104_COG,1,S1A,2020-07-06 17:15:01.203536+00:00,2020-07-06 17:15:26.201213+00:00,ascending,15,"[7.745255, 44.361877, 11.36829, 46.262711]",4,4,3,2,11
"S1A|2020-07-10 05:35:26.856917+00:00|2020-07-10 05:35:51.855000+00:00|descending|66|(6.599043, 45.129341, 10.257945, 47.03286)",S1A_IW_GRDH_1SDV_20200710T053526_20200710T053551_033388_03DE53_D763_COG,1,True,S1A_IW_GRDH_1SDV_20200710T053526_20200710T053551_033388_03DE53_D763_COG,1,S1A,2020-07-10 05:35:26.856917+00:00,2020-07-10 05:35:51.855000+00:00,descending,66,"[6.599043, 45.129341, 10.257945, 47.03286]",4,4,3,2,11
"S1A|2020-07-10 05:35:28.384962+00:00|2020-07-10 05:35:53.382426+00:00|descending|66|(6.530845, 45.037804, 10.228535, 46.946747)",S1A_IW_GRDH_1SDV_20200710T053528_20200710T053553_033388_03DE53_134F_COG,1,True,S1A_IW_GRDH_1SDV_20200710T053528_20200710T053553_033388_03DE53_134F_COG,1,S1A,2020-07-10 05:35:28.384962+00:00,2020-07-10 05:35:53.382426+00:00,descending,66,"[6.530845, 45.037804, 10.228535, 46.946747]",4,4,3,2,11
"S1A|2020-07-10 05:35:51.856517+00:00|2020-07-10 05:36:16.856100+00:00|descending|66|(6.271924, 43.630154, 9.871827, 45.530617)",S1A_IW_GRDH_1SDV_20200710T053551_20200710T053616_033388_03DE53_92FF_COG,1,True,S1A_IW_GRDH_1SDV_20200710T053551_20200710T053616_033388_03DE53_92FF_COG,1,S1A,2020-07-10 05:35:51.856517+00:00,2020-07-10 05:36:16.856100+00:00,descending,66,"[6.271924, 43.630154, 9.871827, 45.530617]",4,4,3,2,11
"S1A|2020-07-10 05:35:53.383926+00:00|2020-07-10 05:36:18.382890+00:00|descending|66|(6.205529, 43.538582, 9.846153, 45.444206)",S1A_IW_GRDH_1SDV_20200710T053553_20200710T053618_033388_03DE53_3E6C_COG,1,True,S1A_IW_GRDH_1SDV_20200710T053553_20200710T053618_033388_03DE53_3E6C_COG,1,S1A,2020-07-10 05:35:53.383926+00:00,2020-07-10 05:36:18.382890+00:00,descending,66,"[6.205529, 43.538582, 9.846153, 45.444206]",4,4,3,2,11
"S1A|2020-07-11 17:23:07.845683+00:00|2020-07-11 17:23:32.845046+00:00|ascending|88|(5.806616, 43.921833, 9.417157, 45.820629)",S1A_IW_GRDH_1SDV_20200711T172307_20200711T172332_033410_03DF06_6663_COG,1,True,S1A_IW_GRDH_1SDV_20200711T172307_20200711T172332_033410_03DF06_6663_COG,1,S1A,2020-07-11 17:23:07.845683+00:00,2020-07-11 17:23:32.845046+00:00,ascending,88,"[5.806616, 43.921833, 9.417157, 45.820629]",4,4,3,2,11
"S1A|2020-07-11 17:23:07.845684+00:00|2020-07-11 17:23:32.845048+00:00|ascending|88|(5.806615, 43.921833, 9.417156, 45.820629)",S1A_IW_GRDH_1SDV_20200711T172307_20200711T172332_033410_03DF06_3058_COG,1,True,S1A_IW_GRDH_1SDV_20200711T172307_20200711T172332_033410_03DF06_3058_COG,1,S1A,2020-07-11 17:23:07.845684+00:00,2020-07-11 17:23:32.845048+00:00,ascending,88,"[5.806615, 43.921833, 9.417156, 45.820629]",4,4,3,2,11
"S1A|2020-07-11 17:23:32.846544+00:00|2020-07-11 17:23:57.844409+00:00|ascending|88|(5.359241, 45.420715, 9.087856, 47.316795)",S1A_IW_GRDH_1SDV_20200711T172332_20200711T172357_033410_03DF06_F831_COG,1,True,S1A_IW_GRDH_1SDV_20200711T172332_20200711T172357_033410_03DF06_F831_COG,1,S1A,2020-07-11 17:23:32.846544+00:00,2020-07-11 17:23:57.844409+00:00,ascending,88,"[5.359241, 45.420715, 9.087856, 47.316795]",4,4,3,2,11
"S1A|2020-07-11 17:23:32.846545+00:00|2020-07-11 17:23:57.844411+00:00|ascending|88|(5.359241, 45.420715, 9.087855, 47.316795)",S1A_IW_GRDH_1SDV_20200711T172332_20200711T172357_033410_03DF06_12E6_COG,1,True,S1A_IW_GRDH_1SDV_20200711T172332_20200711T172357_033410_03DF06_12E6_COG,1,S1A,2020-07-11 17:23:32.846545+00:00,2020-07-11 17:23:57.844411+00:00,ascending,88,"[5.359241, 45.420715, 9.087855, 47.316795]",4,4,3,2,11
"S1A|2020-07-17 05:27:10.980645+00:00|2020-07-17 05:27:35.978462+00:00|descending|168|(8.688963, 45.282635, 12.360673, 47.186184)",S1A_IW_GRDH_1SDV_20200717T052710_20200717T052735_033490_03E17A_CBAD_COG,1,True,S1A_IW_GRDH_1SDV_20200717T052710_20200717T052735_033490_03E17A_CBAD_COG,1,S1A,2020-07-17 05:27:10.980645+00:00,2020-07-17 05:27:35.978462+00:00,descending,168,"[8.688963, 45.282635, 12.360673, 47.186184]",4,4,3,2,11
"S1A|2020-07-17 05:27:16.053320+00:00|2020-07-17 05:27:41.052532+00:00|descending|168|(8.576102, 44.978397, 12.279025, 46.886517)",S1A_IW_GRDH_1SDV_20200717T052716_20200717T052741_033490_03E17A_E443_COG,1,True,S1A_IW_GRDH_1SDV_20200717T052716_20200717T052741_033490_03E17A_E443_COG,1,S1A,2020-07-17 05:27:16.053320+00:00,2020-07-17 05:27:41.052532+00:00,descending,168,"[8.576102, 44.978397, 12.279025, 46.886517]",4,4,3,2,11
"S1A|2020-07-17 05:27:35.979967+00:00|2020-07-17 05:28:00.979283+00:00|descending|168|(8.355575, 43.784309, 11.972067, 45.684071)",S1A_IW_GRDH_1SDV_20200717T052735_20200717T052800_033490_03E17A_A7DC_COG,1,True,S1A_IW_GRDH_1SDV_20200717T052735_20200717T052800_033490_03E17A_A7DC_COG,1,S1A,2020-07-17 05:27:35.979967+00:00,2020-07-17 05:28:00.979283+00:00,descending,168,"[8.355575, 43.784309, 11.972067, 45.684071]",4,4,3,2,11
"S1A|2020-07-17 05:27:41.054032+00:00|2020-07-17 05:28:06.053245+00:00|descending|168|(8.246283, 43.479778, 11.88785, 45.384815)",S1A_IW_GRDH_1SDV_20200717T052741_20200717T052806_033490_03E17A_0A22_COG,1,True,S1A_IW_GRDH_1SDV_20200717T052741_20200717T052806_033490_03E17A_0A22_COG,1,S1A,2020-07-17 05:27:41.054032+00:00,2020-07-17 05:28:06.053245+00:00,descending,168,"[8.246283, 43.479778, 11.88785, 45.384815]",4,4,3,2,11
"S1A|2020-07-18 17:15:01.986879+00:00|2020-07-18 17:15:26.985982+00:00|ascending|15|(7.744483, 44.361935, 11.367444, 46.262856)",S1A_IW_GRDH_1SDV_20200718T171501_20200718T171526_033512_03E220_FDAC_COG,1,True,S1A_IW_GRDH_1SDV_20200718T171501_20200718T171526_033512_03E220_FDAC_COG,1,S1A,2020-07-18 17:15:01.986879+00:00,2020-07-18 17:15:26.985982+00:00,ascending,15,"[7.744483, 44.361935, 11.367444, 46.262856]",4,4,3,2,11
"S1A|2020-07-18 17:15:01.986881+00:00|2020-07-18 17:15:26.985984+00:00|ascending|15|(7.744483, 44.361935, 11.367443, 46.262856)",S1A_IW_GRDH_1SDV_20200718T171501_20200718T171526_033512_03E220_15E5_COG,1,True,S1A_IW_GRDH_1SDV_20200718T171501_20200718T171526_033512_03E220_15E5_COG,1,S1A,2020-07-18 17:15:01.986881+00:00,2020-07-18 17:15:26.985984+00:00,ascending,15,"[7.744483, 44.361935, 11.367443, 46.262856]",4,4,3,2,11
"S1A|2020-07-22 05:35:29.256650+00:00|2020-07-22 05:35:54.255657+00:00|descending|66|(6.529801, 45.037811, 10.227506, 46.946819)",S1A_IW_GRDH_1SDV_20200722T053529_20200722T053554_033563_03E3B0_B022_COG,1,True,S1A_IW_GRDH_1SDV_20200722T053529_20200722T053554_033563_03E3B0_B022_COG,1,S1A,2020-07-22 05:35:29.256650+00:00,2020-07-22 05:35:54.255657+00:00,descending,66,"[6.529801, 45.037811, 10.227506, 46.946819]",4,4,3,2,11
"S1A|2020-07-22 05:35:29.857498+00:00|2020-07-22 05:35:54.856547+00:00|descending|66|(6.572251, 45.001808, 10.214909, 46.90559)",S1A_IW_GRDH_1SDV_20200722T053529_20200722T053554_033563_03E3B0_E743_COG,1,True,S1A_IW_GRDH_1SDV_20200722T053529_20200722T053554_033563_03E3B0_E743_COG,1,S1A,2020-07-22 05:35:29.857498+00:00,2020-07-22 05:35:54.856547+00:00,descending,66,"[6.572251, 45.001808, 10.214909, 46.90559]",4,4,3,2,11
"S1A|2020-07-22 05:35:54.257157+00:00|2020-07-22 05:36:19.254663+00:00|descending|66|(6.204412, 43.538677, 9.845115, 45.444199)",S1A_IW_GRDH_1SDV_20200722T053554_20200722T053619_033563_03E3B0_6A2C_COG,1,True,S1A_IW_GRDH_1SDV_20200722T053554_20200722T053619_033563_03E3B0_6A2C_COG,1,S1A,2020-07-22 05:35:54.257157+00:00,2020-07-22 05:36:19.254663+00:00,descending,66,"[6.204412, 43.538677, 9.845115, 45.444199]",4,4,3,2,11
"S1A|2020-07-22 05:35:54.858187+00:00|2020-07-22 05:36:19.855752+00:00|descending|66|(6.24585, 43.502625, 9.834991, 45.402733)",S1A_IW_GRDH_1SDV_20200722T053554_20200722T053619_033563_03E3B0_F71F_COG,1,True,S1A_IW_GRDH_1SDV_20200722T053554_20200722T053619_033563_03E3B0_F71F_COG,1,S1A,2020-07-22 05:35:54.858187+00:00,2020-07-22 05:36:19.855752+00:00,descending,66,"[6.24585, 43.502625, 9.834991, 45.402733]",4,4,3,2,11
"S1A|2020-07-23 17:23:08.735497+00:00|2020-07-23 17:23:33.734735+00:00|ascending|88|(5.807509, 43.922066, 9.417897, 45.820778)",S1A_IW_GRDH_1SDV_20200723T172308_20200723T172333_033585_03E467_29C2_COG,1,True,S1A_IW_GRDH_1SDV_20200723T172308_20200723T172333_033585_03E467_29C2_COG,1,S1A,2020-07-23 17:23:08.735497+00:00,2020-07-23 17:23:33.734735+00:00,ascending,88,"[5.807509, 43.922066, 9.417897, 45.820778]",4,4,3,2,11
"S1A|2020-07-23 17:23:08.735498+00:00|2020-07-23 17:23:33.734735+00:00|ascending|88|(5.807509, 43.922066, 9.417896, 45.820778)",S1A_IW_GRDH_1SDV_20200723T172308_20200723T172333_033585_03E467_815B_COG,1,True,S1A_IW_GRDH_1SDV_20200723T172308_20200723T172333_033585_03E467_815B_COG,1,S1A,2020-07-23 17:23:08.735498+00:00,2020-07-23 17:23:33.734735+00:00,ascending,88,"[5.807509, 43.922066, 9.417896, 45.820778]",4,4,3,2,11
"S1A|2020-07-23 17:23:33.736232+00:00|2020-07-23 17:23:58.733972+00:00|ascending|88|(5.360358, 45.420952, 9.088653, 47.316967)",S1A_IW_GRDH_1SDV_20200723T172333_20200723T172358_033585_03E467_BA85_COG,1,True,S1A_IW_GRDH_1SDV_20200723T172333_20200723T172358_033585_03E467_BA85_COG,1,S1A,2020-07-23 17:23:33.736232+00:00,2020-07-23 17:23:58.733972+00:00,ascending,88,"[5.360358, 45.420952, 9.088653, 47.316967]",4,4,3,2,11
"S1A|2020-07-23 17:23:33.736233+00:00|2020-07-23 17:23:58.733973+00:00|ascending|88|(5.360357, 45.420952, 9.088652, 47.316967)",S1A_IW_GRDH_1SDV_20200723T172333_20200723T172358_033585_03E467_877E_COG,1,True,S1A_IW_GRDH_1SDV_20200723T172333_20200723T172358_033585_03E467_877E_COG,1,S1A,2020-07-23 17:23:33.736233+00:00,2020-07-23 17:23:58.733973+00:00,ascending,88,"[5.360357, 45.420952, 9.088652, 47.316967]",4,4,3,2,11
"S1A|2020-07-29 05:27:11.929311+00:00|2020-07-29 05:27:36.927123+00:00|descending|168|(8.687938, 45.282482, 12.359876, 47.186054)",S1A_IW_GRDH_1SDV_20200729T052711_20200729T052736_033665_03E6D8_062E_COG,1,True,S1A_IW_GRDH_1SDV_20200729T052711_20200729T052736_033665_03E6D8_062E_COG,1,S1A,2020-07-29 05:27:11.929311+00:00,2020-07-29 05:27:36.927123+00:00,descending,168,"[8.687938, 45.282482, 12.359876, 47.186054]",4,4,3,2,11
"S1A|2020-07-29 05:27:17.000646+00:00|2020-07-29 05:27:41.998353+00:00|descending|168|(8.575223, 44.978416, 12.277611, 46.886513)",S1A_IW_GRDH_1SDV_20200729T052717_20200729T052741_033665_03E6D8_FDB1_COG,1,True,S1A_IW_GRDH_1SDV_20200729T052717_20200729T052741_033665_03E6D8_FDB1_COG,1,S1A,2020-07-29 05:27:17.000646+00:00,2020-07-29 05:27:41.998353+00:00,descending,168,"[8.575223, 44.978416, 12.277611, 46.886513]",4,4,3,2,11
"S1A|2020-07-29 05:27:36.928666+00:00|2020-07-29 05:28:01.927981+00:00|descending|168|(8.354736, 43.784145, 11.97116, 45.683933)",S1A_IW_GRDH_1SDV_20200729T052736_20200729T052801_033665_03E6D8_7407_COG,1,True,S1A_IW_GRDH_1SDV_20200729T052736_20200729T052801_033665_03E6D8_7407_COG,1,S1A,2020-07-29 05:27:36.928666+00:00,2020-07-29 05:28:01.927981+00:00,descending,168,"[8.354736, 43.784145, 11.97116, 45.683933]",4,4,3,2,11
"S1A|2020-07-29 05:27:41.999825+00:00|2020-07-29 05:28:06.999031+00:00|descending|168|(8.245379, 43.479805, 11.88697, 45.384853)",S1A_IW_GRDH_1SDV_20200729T052741_20200729T052806_033665_03E6D8_549F_COG,1,True,S1A_IW_GRDH_1SDV_20200729T052741_20200729T052806_033665_03E6D8_549F_COG,1,S1A,2020-07-29 05:27:41.999825+00:00,2020-07-29 05:28:06.999031+00:00,descending,168,"[8.245379, 43.479805, 11.88697, 45.384853]",4,4,3,2,11
"S1A|2020-07-30 17:15:02.850641+00:00|2020-07-30 17:15:27.849794+00:00|ascending|15|(7.743274, 44.361904, 11.366337, 46.262859)",S1A_IW_GRDH_1SDV_20200730T171502_20200730T171527_033687_03E77E_0835_COG,1,True,S1A_IW_GRDH_1SDV_20200730T171502_20200730T171527_033687_03E77E_0835_COG,1,S1A,2020-07-30 17:15:02.850641+00:00,2020-07-30 17:15:27.849794+00:00,ascending,15,"[7.743274, 44.361904, 11.366337, 46.262859]",4,4,3,2,11
"S1A|2020-07-30 17:15:02.850642+00:00|2020-07-30 17:15:27.849795+00:00|ascending|15|(7.743274, 44.361904, 11.366337, 46.262859)",S1A_IW_GRDH_1SDV_20200730T171502_20200730T171527_033687_03E77E_DB38_COG,1,True,S1A_IW_GRDH_1SDV_20200730T171502_20200730T171527_033687_03E77E_DB38_COG,1,S1A,2020-07-30 17:15:02.850642+00:00,2020-07-30 17:15:27.849795+00:00,ascending,15,"[7.743274, 44.361904, 11.366337, 46.262859]",4,4,3,2,11
"S1A|2020-08-03 05:35:29.926887+00:00|2020-08-03 05:35:54.925886+00:00|descending|66|(6.5292, 45.037827, 10.226856, 46.946815)",S1A_IW_GRDH_1SDV_20200803T053529_20200803T053554_033738_03E909_12B4_COG,1,True,S1A_IW_GRDH_1SDV_20200803T053529_20200803T053554_033738_03E909_12B4_COG,1,S1A,2020-08-03 05:35:29.926887+00:00,2020-08-03 05:35:54.925886+00:00,descending,66,"[6.5292, 45.037827, 10.226856, 46.946815]",4,4,3,2,11
"S1A|2020-08-03 05:35:29.959404+00:00|2020-08-03 05:35:54.958435+00:00|descending|66|(6.579267, 45.035858, 10.226684, 46.939487)",S1A_IW_GRDH_1SDV_20200803T053529_20200803T053554_033738_03E909_EBAB_COG,1,True,S1A_IW_GRDH_1SDV_20200803T053529_20200803T053554_033738_03E909_EBAB_COG,1,S1A,2020-08-03 05:35:29.959404+00:00,2020-08-03 05:35:54.958435+00:00,descending,66,"[6.579267, 45.035858, 10.226684, 46.939487]",4,4,3,2,11
"S1A|2020-08-03 05:35:54.927386+00:00|2020-08-03 05:36:19.926384+00:00|descending|66|(6.203835, 43.538593, 9.844517, 45.444191)",S1A_IW_GRDH_1SDV_20200803T053554_20200803T053619_033738_03E909_9DF8_COG,1,True,S1A_IW_GRDH_1SDV_20200803T053554_20200803T053619_033738_03E909_9DF8_COG,1,S1A,2020-08-03 05:35:54.927386+00:00,2020-08-03 05:36:19.926384+00:00,descending,66,"[6.203835, 43.538593, 9.844517, 45.444191]",4,4,3,2,11
"S1A|2020-08-03 05:35:54.960065+00:00|2020-08-03 05:36:19.959109+00:00|descending|66|(6.252515, 43.536633, 9.844092, 45.436798)",S1A_IW_GRDH_1SDV_20200803T053554_20200803T053619_033738_03E909_D52D_COG,1,True,S1A_IW_GRDH_1SDV_20200803T053554_20200803T053619_033738_03E909_D52D_COG,1,S1A,2020-08-03 05:35:54.960065+00:00,2020-08-03 05:36:19.959109+00:00,descending,66,"[6.252515, 43.536633, 9.844092, 45.436798]",4,4,3,2,11
"S1A|2020-08-04 17:23:09.336828+00:00|2020-08-04 17:23:34.334647+00:00|ascending|88|(5.807424, 43.92205, 9.417788, 45.820679)",S1A_IW_GRDH_1SDV_20200804T172309_20200804T172334_033760_03E9BC_63F2_COG,1,True,S1A_IW_GRDH_1SDV_20200804T172309_20200804T172334_033760_03E9BC_63F2_COG,1,S1A,2020-08-04 17:23:09.336828+00:00,2020-08-04 17:23:34.334647+00:00,ascending,88,"[5.807424, 43.92205, 9.417788, 45.820679]",4,4,3,2,11
"S1A|2020-08-04 17:23:09.336828+00:00|2020-08-04 17:23:34.334648+00:00|ascending|88|(5.807424, 43.92205, 9.417788, 45.820679)",S1A_IW_GRDH_1SDV_20200804T172309_20200804T172334_033760_03E9BC_1557_COG,1,True,S1A_IW_GRDH_1SDV_20200804T172309_20200804T172334_033760_03E9BC_1557_COG,1,S1A,2020-08-04 17:23:09.336828+00:00,2020-08-04 17:23:34.334648+00:00,ascending,88,"[5.807424, 43.92205, 9.417788, 45.820679]",4,4,3,2,11
"S1A|2020-08-04 17:23:34.336145+00:00|2020-08-04 17:23:59.335462+00:00|ascending|88|(5.360244, 45.420845, 9.088686, 47.316971)",S1A_IW_GRDH_1SDV_20200804T172334_20200804T172359_033760_03E9BC_396D_COG,1,True,S1A_IW_GRDH_1SDV_20200804T172334_20200804T172359_033760_03E9BC_396D_COG,1,S1A,2020-08-04 17:23:34.336145+00:00,2020-08-04 17:23:59.335462+00:00,ascending,88,"[5.360244, 45.420845, 9.088686, 47.316971]",4,4,3,2,11
"S1A|2020-08-04 17:23:34.336145+00:00|2020-08-04 17:23:59.335462+00:00|ascending|88|(5.360244, 45.420845, 9.088687, 47.316971)",S1A_IW_GRDH_1SDV_20200804T172334_20200804T172359_033760_03E9BC_7D80_COG,1,True,S1A_IW_GRDH_1SDV_20200804T172334_20200804T172359_033760_03E9BC_7D80_COG,1,S1A,2020-08-04 17:23:34.336145+00:00,2020-08-04 17:23:59.335462+00:00,ascending,88,"[5.360244, 45.420845, 9.088687, 47.316971]",4,4,3,2,11
"S1A|2020-08-10 05:27:12.971515+00:00|2020-08-10 05:27:37.970221+00:00|descending|168|(8.682536, 45.25399, 12.355, 47.157406)",S1A_IW_GRDH_1SDV_20200810T052712_20200810T052737_033840_03EC7E_D41C_COG,1,True,S1A_IW_GRDH_1SDV_20200810T052712_20200810T052737_033840_03EC7E_D41C_COG,1,S1A,2020-08-10 05:27:12.971515+00:00,2020-08-10 05:27:37.970221+00:00,descending,168,"[8.682536, 45.25399, 12.355, 47.157406]",4,4,3,2,11
"S1A|2020-08-10 05:27:17.569921+00:00|2020-08-10 05:27:42.569095+00:00|descending|168|(8.57611, 44.978268, 12.27914, 46.886417)",S1A_IW_GRDH_1SDV_20200810T052717_20200810T052742_033840_03EC7E_670A_COG,1,True,S1A_IW_GRDH_1SDV_20200810T052717_20200810T052742_033840_03EC7E_670A_COG,1,S1A,2020-08-10 05:27:17.569921+00:00,2020-08-10 05:27:42.569095+00:00,descending,168,"[8.57611, 44.978268, 12.27914, 46.886417]",4,4,3,2,11
"S1A|2020-08-10 05:27:37.971732+00:00|2020-08-10 05:28:02.970440+00:00|descending|168|(8.351458, 43.755436, 11.964326, 45.655514)",S1A_IW_GRDH_1SDV_20200810T052737_20200810T052802_033840_03EC7E_3123_COG,1,True,S1A_IW_GRDH_1SDV_20200810T052737_20200810T052802_033840_03EC7E_3123_COG,1,S1A,2020-08-10 05:27:37.971732+00:00,2020-08-10 05:28:02.970440+00:00,descending,168,"[8.351458, 43.755436, 11.964326, 45.655514]",4,4,3,2,11
"S1A|2020-08-10 05:27:42.570595+00:00|2020-08-10 05:28:07.568268+00:00|descending|168|(8.246253, 43.479744, 11.88784, 45.384727)",S1A_IW_GRDH_1SDV_20200810T052742_20200810T052807_033840_03EC7E_A363_COG,1,True,S1A_IW_GRDH_1SDV_20200810T052742_20200810T052807_033840_03EC7E_A363_COG,1,S1A,2020-08-10 05:27:42.570595+00:00,2020-08-10 05:28:07.568268+00:00,descending,168,"[8.246253, 43.479744, 11.88784, 45.384727]",4,4,3,2,11
"S1A|2020-08-11 17:15:03.441611+00:00|2020-08-11 17:15:28.439310+00:00|ascending|15|(7.742462, 44.361839, 11.365529, 46.262764)",S1A_IW_GRDH_1SDV_20200811T171503_20200811T171528_033862_03ED41_7BC1_COG,1,True,S1A_IW_GRDH_1SDV_20200811T171503_20200811T171528_033862_03ED41_7BC1_COG,2,S1A,2020-08-11 17:15:03.441611+00:00,2020-08-11 17:15:28.439310+00:00,ascending,15,"[7.742462, 44.361839, 11.365529, 46.262764]",4,4,3,2,11
"S1A|2020-08-11 17:15:03.441611+00:00|2020-08-11 17:15:28.439310+00:00|ascending|15|(7.742462, 44.361839, 11.365529, 46.262764)",S1A_IW_GRDH_1SDV_20200811T171503_20200811T171528_033862_03ED41_DDB7_COG,2,False,S1A_IW_GRDH_1SDV_20200811T171503_20200811T171528_033862_03ED41_7BC1_COG,2,S1A,2020-08-11 17:15:03.441611+00:00,2020-08-11 17:15:28.439310+00:00,ascending,15,"[7.742462, 44.361839, 11.365529, 46.262764]",4,4,3,2,11
"S1A|2020-08-15 05:35:30.588231+00:00|2020-08-15 05:35:55.585688+00:00|descending|66|(6.530297, 45.03772, 10.227922, 46.946693)",S1A_IW_GRDH_1SDV_20200815T053530_20200815T053555_033913_03EF0C_5113_COG,1,True,S1A_IW_GRDH_1SDV_20200815T053530_20200815T053555_033913_03EF0C_5113_COG,1,S1A,2020-08-15 05:35:30.588231+00:00,2020-08-15 05:35:55.585688+00:00,descending,66,"[6.530297, 45.03772, 10.227922, 46.946693]",4,4,3,2,11
"S1A|2020-08-15 05:35:30.888342+00:00|2020-08-15 05:35:55.885824+00:00|descending|66|(6.57689, 45.019726, 10.221897, 46.923389)",S1A_IW_GRDH_1SDV_20200815T053530_20200815T053555_033913_03EF0C_655B_COG,1,True,S1A_IW_GRDH_1SDV_20200815T053530_20200815T053555_033913_03EF0C_655B_COG,1,S1A,2020-08-15 05:35:30.888342+00:00,2020-08-15 05:35:55.885824+00:00,descending,66,"[6.57689, 45.019726, 10.221897, 46.923389]",4,4,3,2,11
"S1A|2020-08-15 05:35:55.587188+00:00|2020-08-15 05:36:20.586146+00:00|descending|66|(6.204967, 43.538494, 9.845594, 45.444141)",S1A_IW_GRDH_1SDV_20200815T053555_20200815T053620_033913_03EF0C_AD44_COG,1,True,S1A_IW_GRDH_1SDV_20200815T053555_20200815T053620_033913_03EF0C_AD44_COG,1,S1A,2020-08-15 05:35:55.587188+00:00,2020-08-15 05:36:20.586146+00:00,descending,66,"[6.204967, 43.538494, 9.845594, 45.444141]",4,4,3,2,11
"S1A|2020-08-15 05:35:55.887442+00:00|2020-08-15 05:36:20.886434+00:00|descending|66|(6.250302, 43.520485, 9.840589, 45.4207)",S1A_IW_GRDH_1SDV_20200815T053555_20200815T053620_033913_03EF0C_F272_COG,1,True,S1A_IW_GRDH_1SDV_20200815T053555_20200815T053620_033913_03EF0C_F272_COG,1,S1A,2020-08-15 05:35:55.887442+00:00,2020-08-15 05:36:20.886434+00:00,descending,66,"[6.250302, 43.520485, 9.840589, 45.4207]",4,4,3,2,11
"S1A|2020-08-16 17:23:10.026974+00:00|2020-08-16 17:23:35.026339+00:00|ascending|88|(5.806284, 43.921894, 9.41682, 45.820675)",S1A_IW_GRDH_1SDV_20200816T172310_20200816T172335_033935_03EFD4_8AC8_COG,1,True,S1A_IW_GRDH_1SDV_20200816T172310_20200816T172335_033935_03EFD4_8AC8_COG,1,S1A,2020-08-16 17:23:10.026974+00:00,2020-08-16 17:23:35.026339+00:00,ascending,88,"[5.806284, 43.921894, 9.41682, 45.820675]",4,4,3,2,11
"S1A|2020-08-16 17:23:10.026975+00:00|2020-08-16 17:23:35.026340+00:00|ascending|88|(5.806284, 43.921894, 9.41682, 45.820675)",S1A_IW_GRDH_1SDV_20200816T172310_20200816T172335_033935_03EFD4_9EA3_COG,1,True,S1A_IW_GRDH_1SDV_20200816T172310_20200816T172335_033935_03EFD4_9EA3_COG,1,S1A,2020-08-16 17:23:10.026975+00:00,2020-08-16 17:23:35.026340+00:00,ascending,88,"[5.806284, 43.921894, 9.41682, 45.820675]",4,4,3,2,11
"S1A|2020-08-16 17:23:35.027837+00:00|2020-08-16 17:24:00.025705+00:00|ascending|88|(5.358915, 45.420776, 9.087531, 47.316841)",S1A_IW_GRDH_1SDV_20200816T172335_20200816T172400_033935_03EFD4_48DF_COG,1,True,S1A_IW_GRDH_1SDV_20200816T172335_20200816T172400_033935_03EFD4_48DF_COG,2,S1A,2020-08-16 17:23:35.027837+00:00,2020-08-16 17:24:00.025705+00:00,ascending,88,"[5.358915, 45.420776, 9.087531, 47.316841]",4,4,3,2,11
"S1A|2020-08-16 17:23:35.027837+00:00|2020-08-16 17:24:00.025705+00:00|ascending|88|(5.358915, 45.420776, 9.087531, 47.316841)",S1A_IW_GRDH_1SDV_20200816T172335_20200816T172400_033935_03EFD4_56C9_COG,2,False,S1A_IW_GRDH_1SDV_20200816T172335_20200816T172400_033935_03EFD4_48DF_COG,2,S1A,2020-08-16 17:23:35.027837+00:00,2020-08-16 17:24:00.025705+00:00,ascending,88,"[5.358915, 45.420776, 9.087531, 47.316841]",4,4,3,2,11
"S1A|2020-08-22 05:27:12.841709+00:00|2020-08-22 05:27:37.839488+00:00|descending|168|(8.69264, 45.301231, 12.363359, 47.204868)",S1A_IW_GRDH_1SDV_20200822T052712_20200822T052737_034015_03F2A9_B52A_COG,1,True,S1A_IW_GRDH_1SDV_20200822T052712_20200822T052737_034015_03F2A9_B52A_COG,1,S1A,2020-08-22 05:27:12.841709+00:00,2020-08-22 05:27:37.839488+00:00,descending,168,"[8.69264, 45.301231, 12.363359, 47.204868]",4,4,3,2,11
"S1A|2020-08-22 05:27:18.224584+00:00|2020-08-22 05:27:43.223746+00:00|descending|168|(8.575804, 44.978371, 12.278601, 46.88649)",S1A_IW_GRDH_1SDV_20200822T052718_20200822T052743_034015_03F2A9_ABDB_COG,1,True,S1A_IW_GRDH_1SDV_20200822T052718_20200822T052743_034015_03F2A9_ABDB_COG,1,S1A,2020-08-22 05:27:18.224584+00:00,2020-08-22 05:27:43.223746+00:00,descending,168,"[8.575804, 44.978371, 12.278601, 46.88649]",4,4,3,2,11
"S1A|2020-08-22 05:27:37.840965+00:00|2020-08-22 05:28:02.840240+00:00|descending|168|(8.358305, 43.803143, 11.976748, 45.702644)",S1A_IW_GRDH_1SDV_20200822T052737_20200822T052802_034015_03F2A9_E236_COG,1,True,S1A_IW_GRDH_1SDV_20200822T052737_20200822T052802_034015_03F2A9_E236_COG,1,S1A,2020-08-22 05:27:37.840965+00:00,2020-08-22 05:28:02.840240+00:00,descending,168,"[8.358305, 43.803143, 11.976748, 45.702644]",4,4,3,2,11
"S1A|2020-08-22 05:27:43.225246+00:00|2020-08-22 05:28:08.222909+00:00|descending|168|(8.246004, 43.479843, 11.887552, 45.384777)",S1A_IW_GRDH_1SDV_20200822T052743_20200822T052808_034015_03F2A9_A502_COG,1,True,S1A_IW_GRDH_1SDV_20200822T052743_20200822T052808_034015_03F2A9_A502_COG,1,S1A,2020-08-22 05:27:43.225246+00:00,2020-08-22 05:28:08.222909+00:00,descending,168,"[8.246004, 43.479843, 11.887552, 45.384777]",4,4,3,2,11
"S1A|2020-08-23 17:15:04.146732+00:00|2020-08-23 17:15:29.145868+00:00|ascending|15|(7.743465, 44.361919, 11.366407, 46.262886)",S1A_IW_GRDH_1SDV_20200823T171504_20200823T171529_034037_03F36B_1B4D_COG,1,True,S1A_IW_GRDH_1SDV_20200823T171504_20200823T171529_034037_03F36B_1B4D_COG,1,S1A,2020-08-23 17:15:04.146732+00:00,2020-08-23 17:15:29.145868+00:00,ascending,15,"[7.743465, 44.361919, 11.366407, 46.262886]",4,4,3,2,11
"S1A|2020-08-23 17:15:04.146734+00:00|2020-08-23 17:15:29.145870+00:00|ascending|15|(7.743464, 44.361919, 11.366407, 46.262886)",S1A_IW_GRDH_1SDV_20200823T171504_20200823T171529_034037_03F36B_92F9_COG,1,True,S1A_IW_GRDH_1SDV_20200823T171504_20200823T171529_034037_03F36B_92F9_COG,1,S1A,2020-08-23 17:15:04.146734+00:00,2020-08-23 17:15:29.145870+00:00,ascending,15,"[7.743464, 44.361919, 11.366407, 46.262886]",4,4,3,2,11
"S1A|2020-08-27 05:35:31.403642+00:00|2020-08-27 05:35:56.402626+00:00|descending|66|(6.530136, 45.037643, 10.227799, 46.94672)",S1A_IW_GRDH_1SDV_20200827T053531_20200827T053556_034088_03F535_CC16_COG,1,True,S1A_IW_GRDH_1SDV_20200827T053531_20200827T053556_034088_03F535_CC16_COG,1,S1A,2020-08-27 05:35:31.403642+00:00,2020-08-27 05:35:56.402626+00:00,descending,66,"[6.530136, 45.037643, 10.227799, 46.94672]",4,4,3,2,11
"S1A|2020-08-27 05:35:31.861998+00:00|2020-08-27 05:35:56.861013+00:00|descending|66|(6.574614, 45.010174, 10.218311, 46.913979)",S1A_IW_GRDH_1SDV_20200827T053531_20200827T053556_034088_03F535_BD85_COG,1,True,S1A_IW_GRDH_1SDV_20200827T053531_20200827T053556_034088_03F535_BD85_COG,1,S1A,2020-08-27 05:35:31.861998+00:00,2020-08-27 05:35:56.861013+00:00,descending,66,"[6.574614, 45.010174, 10.218311, 46.913979]",4,4,3,2,11
"S1A|2020-08-27 05:35:56.404126+00:00|2020-08-27 05:36:21.403111+00:00|descending|66|(6.204794, 43.538422, 9.845424, 45.444084)",S1A_IW_GRDH_1SDV_20200827T053556_20200827T053621_034088_03F535_2C57_COG,1,True,S1A_IW_GRDH_1SDV_20200827T053556_20200827T053621_034088_03F535_2C57_COG,1,S1A,2020-08-27 05:35:56.404126+00:00,2020-08-27 05:36:21.403111+00:00,descending,66,"[6.204794, 43.538422, 9.845424, 45.444084]",4,4,3,2,11
"S1A|2020-08-27 05:35:56.862617+00:00|2020-08-27 05:36:21.861643+00:00|descending|66|(6.247954, 43.510918, 9.837724, 45.411175)",S1A_IW_GRDH_1SDV_20200827T053556_20200827T053621_034088_03F535_9500_COG,1,True,S1A_IW_GRDH_1SDV_20200827T053556_20200827T053621_034088_03F535_9500_COG,1,S1A,2020-08-27 05:35:56.862617+00:00,2020-08-27 05:36:21.861643+00:00,descending,66,"[6.247954, 43.510918, 9.837724, 45.411175]",4,4,3,2,11
"S1A|2020-08-28 17:23:10.847479+00:00|2020-08-28 17:23:35.845284+00:00|ascending|88|(5.805448, 43.922043, 9.415857, 45.820736)",S1A_IW_GRDH_1SDV_20200828T172310_20200828T172335_034110_03F5FE_4F7B_COG,1,True,S1A_IW_GRDH_1SDV_20200828T172310_20200828T172335_034110_03F5FE_4F7B_COG,1,S1A,2020-08-28 17:23:10.847479+00:00,2020-08-28 17:23:35.845284+00:00,ascending,88,"[5.805448, 43.922043, 9.415857, 45.820736]",4,4,3,2,11
"S1A|2020-08-28 17:23:10.847480+00:00|2020-08-28 17:23:35.845286+00:00|ascending|88|(5.805448, 43.922043, 9.415856, 45.820736)",S1A_IW_GRDH_1SDV_20200828T172310_20200828T172335_034110_03F5FE_4BEF_COG,1,True,S1A_IW_GRDH_1SDV_20200828T172310_20200828T172335_034110_03F5FE_4BEF_COG,1,S1A,2020-08-28 17:23:10.847480+00:00,2020-08-28 17:23:35.845286+00:00,ascending,88,"[5.805448, 43.922043, 9.415856, 45.820736]",4,4,3,2,11
"S1A|2020-08-28 17:23:35.846782+00:00|2020-08-28 17:24:00.846085+00:00|ascending|88|(5.358035, 45.420834, 9.086568, 47.31699)",S1A_IW_GRDH_1SDV_20200828T172335_20200828T172400_034110_03F5FE_861B_COG,1,True,S1A_IW_GRDH_1SDV_20200828T172335_20200828T172400_034110_03F5FE_861B_COG,1,S1A,2020-08-28 17:23:35.846782+00:00,2020-08-28 17:24:00.846085+00:00,ascending,88,"[5.358035, 45.420834, 9.086568, 47.31699]",4,4,3,2,11
"S1A|2020-08-28 17:23:35.846783+00:00|2020-08-28 17:24:00.846087+00:00|ascending|88|(5.358035, 45.420834, 9.086568, 47.31699)",S1A_IW_GRDH_1SDV_20200828T172335_20200828T172400_034110_03F5FE_463F_COG,1,True,S1A_IW_GRDH_1SDV_20200828T172335_20200828T172400_034110_03F5FE_463F_COG,1,S1A,2020-08-28 17:23:35.846783+00:00,2020-08-28 17:24:00.846087+00:00,ascending,88,"[5.358035, 45.420834, 9.086568, 47.31699]",4,4,3,2,11
"S1A|2020-09-03 05:27:13.879823+00:00|2020-09-03 05:27:38.879213+00:00|descending|168|(8.686749, 45.274685, 12.35919, 47.178246)",S1A_IW_GRDH_1SDV_20200903T052713_20200903T052738_034190_03F8CD_6DF6_COG,1,True,S1A_IW_GRDH_1SDV_20200903T052713_20200903T052738_034190_03F8CD_6DF6_COG,1,S1A,2020-09-03 05:27:13.879823+00:00,2020-09-03 05:27:38.879213+00:00,descending,168,"[8.686749, 45.274685, 12.35919, 47.178246]",4,4,3,2,11
"S1A|2020-09-03 05:27:18.821982+00:00|2020-09-03 05:27:43.819743+00:00|descending|168|(8.575706, 44.97847, 12.278471, 46.886475)",S1A_IW_GRDH_1SDV_20200903T052718_20200903T052743_034190_03F8CD_0E68_COG,1,True,S1A_IW_GRDH_1SDV_20200903T052718_20200903T052743_034190_03F8CD_0E68_COG,1,S1A,2020-09-03 05:27:18.821982+00:00,2020-09-03 05:27:43.819743+00:00,descending,168,"[8.575706, 44.97847, 12.278471, 46.886475]",4,4,3,2,11
"S1A|2020-09-03 05:27:38.880712+00:00|2020-09-03 05:28:03.878605+00:00|descending|168|(8.353956, 43.776333, 11.969561, 45.676105)",S1A_IW_GRDH_1SDV_20200903T052738_20200903T052803_034190_03F8CD_7291_COG,1,True,S1A_IW_GRDH_1SDV_20200903T052738_20200903T052803_034190_03F8CD_7291_COG,1,S1A,2020-09-03 05:27:38.880712+00:00,2020-09-03 05:28:03.878605+00:00,descending,168,"[8.353956, 43.776333, 11.969561, 45.676105]",4,4,3,2,11
"S1A|2020-09-03 05:27:43.821243+00:00|2020-09-03 05:28:08.820505+00:00|descending|168|(8.245789, 43.479855, 11.887467, 45.384861)",S1A_IW_GRDH_1SDV_20200903T052743_20200903T052808_034190_03F8CD_5B52_COG,1,True,S1A_IW_GRDH_1SDV_20200903T052743_20200903T052808_034190_03F8CD_5B52_COG,1,S1A,2020-09-03 05:27:43.821243+00:00,2020-09-03 05:28:08.820505+00:00,descending,168,"[8.245789, 43.479855, 11.887467, 45.384861]",4,4,3,2,11
"S1A|2020-09-04 17:15:04.687891+00:00|2020-09-04 17:15:29.685454+00:00|ascending|15|(7.745119, 44.362144, 11.368015, 46.262962)",S1A_IW_GRDH_1SDV_20200904T171504_20200904T171529_034212_03F991_7D8B_COG,1,True,S1A_IW_GRDH_1SDV_20200904T171504_20200904T171529_034212_03F991_7D8B_COG,1,S1A,2020-09-04 17:15:04.687891+00:00,2020-09-04 17:15:29.685454+00:00,ascending,15,"[7.745119, 44.362144, 11.368015, 46.262962]",4,4,3,2,11
"S1A|2020-09-04 17:15:04.687892+00:00|2020-09-04 17:15:29.685454+00:00|ascending|15|(7.745119, 44.362144, 11.368015, 46.262962)",S1A_IW_GRDH_1SDV_20200904T171504_20200904T171529_034212_03F991_6A93_COG,1,True,S1A_IW_GRDH_1SDV_20200904T171504_20200904T171529_034212_03F991_6A93_COG,1,S1A,2020-09-04 17:15:04.687892+00:00,2020-09-04 17:15:29.685454+00:00,ascending,15,"[7.745119, 44.362144, 11.368015, 46.262962]",4,4,3,2,11
"S1A|2020-09-08 05:35:31.822243+00:00|2020-09-08 05:35:56.821396+00:00|descending|66|(6.530541, 45.037792, 10.228445, 46.946892)",S1A_IW_GRDH_1SDV_20200908T053531_20200908T053556_034263_03FB5F_3F12_COG,1,True,S1A_IW_GRDH_1SDV_20200908T053531_20200908T053556_034263_03FB5F_3F12_COG,1,S1A,2020-09-08 05:35:31.822243+00:00,2020-09-08 05:35:56.821396+00:00,descending,66,"[6.530541, 45.037792, 10.228445, 46.946892]",4,4,3,2,11
"S1A|2020-09-08 05:35:31.951864+00:00|2020-09-08 05:35:56.951055+00:00|descending|66|(6.579413, 45.03001, 10.226144, 46.933758)",S1A_IW_GRDH_1SDV_20200908T053531_20200908T053556_034263_03FB5F_D07E_COG,1,True,S1A_IW_GRDH_1SDV_20200908T053531_20200908T053556_034263_03FB5F_D07E_COG,1,S1A,2020-09-08 05:35:31.951864+00:00,2020-09-08 05:35:56.951055+00:00,descending,66,"[6.579413, 45.03001, 10.226144, 46.933758]",4,4,3,2,11
"S1A|2020-09-08 05:35:56.822897+00:00|2020-09-08 05:36:21.820550+00:00|descending|66|(6.205234, 43.538658, 9.846093, 45.444252)",S1A_IW_GRDH_1SDV_20200908T053556_20200908T053621_034263_03FB5F_FF61_COG,1,True,S1A_IW_GRDH_1SDV_20200908T053556_20200908T053621_034263_03FB5F_FF61_COG,1,S1A,2020-09-08 05:35:56.822897+00:00,2020-09-08 05:36:21.820550+00:00,descending,66,"[6.205234, 43.538658, 9.846093, 45.444252]",4,4,3,2,11
"S1A|2020-09-08 05:35:56.952663+00:00|2020-09-08 05:36:21.950367+00:00|descending|66|(6.252778, 43.530872, 9.843989, 45.43103)",S1A_IW_GRDH_1SDV_20200908T053556_20200908T053621_034263_03FB5F_77BE_COG,1,True,S1A_IW_GRDH_1SDV_20200908T053556_20200908T053621_034263_03FB5F_77BE_COG,1,S1A,2020-09-08 05:35:56.952663+00:00,2020-09-08 05:36:21.950367+00:00,descending,66,"[6.252778, 43.530872, 9.843989, 45.43103]",4,4,3,2,11
"S1A|2020-09-09 17:23:11.269522+00:00|2020-09-09 17:23:36.267303+00:00|ascending|88|(5.805559, 43.922073, 9.415989, 45.820766)",S1A_IW_GRDH_1SDV_20200909T172311_20200909T172336_034285_03FC20_087C_COG,1,True,S1A_IW_GRDH_1SDV_20200909T172311_20200909T172336_034285_03FC20_087C_COG,1,S1A,2020-09-09 17:23:11.269522+00:00,2020-09-09 17:23:36.267303+00:00,ascending,88,"[5.805559, 43.922073, 9.415989, 45.820766]",4,4,3,2,11
"S1A|2020-09-09 17:23:11.269523+00:00|2020-09-09 17:23:36.267304+00:00|ascending|88|(5.805559, 43.922073, 9.415988, 45.820766)",S1A_IW_GRDH_1SDV_20200909T172311_20200909T172336_034285_03FC20_224C_COG,1,True,S1A_IW_GRDH_1SDV_20200909T172311_20200909T172336_034285_03FC20_224C_COG,1,S1A,2020-09-09 17:23:11.269523+00:00,2020-09-09 17:23:36.267304+00:00,ascending,88,"[5.805559, 43.922073, 9.415988, 45.820766]",4,4,3,2,11
"S1A|2020-09-09 17:23:36.268800+00:00|2020-09-09 17:24:01.268078+00:00|ascending|88|(5.358125, 45.42086, 9.086806, 47.317036)",S1A_IW_GRDH_1SDV_20200909T172336_20200909T172401_034285_03FC20_9FF3_COG,1,True,S1A_IW_GRDH_1SDV_20200909T172336_20200909T172401_034285_03FC20_9FF3_COG,1,S1A,2020-09-09 17:23:36.268800+00:00,2020-09-09 17:24:01.268078+00:00,ascending,88,"[5.358125, 45.42086, 9.086806, 47.317036]",4,4,3,2,11
"S1A|2020-09-09 17:23:36.268802+00:00|2020-09-09 17:24:01.268080+00:00|ascending|88|(5.358125, 45.42086, 9.086806, 47.317032)",S1A_IW_GRDH_1SDV_20200909T172336_20200909T172401_034285_03FC20_5AAC_COG,1,True,S1A_IW_GRDH_1SDV_20200909T172336_20200909T172401_034285_03FC20_5AAC_COG,1,S1A,2020-09-09 17:23:36.268802+00:00,2020-09-09 17:24:01.268080+00:00,ascending,88,"[5.358125, 45.42086, 9.086806, 47.317032]",4,4,3,2,11
"S1A|2020-09-15 05:27:13.931157+00:00|2020-09-15 05:27:38.929131+00:00|descending|168|(8.692938, 45.301842, 12.363904, 47.205536)",S1A_IW_GRDH_1SDV_20200915T052713_20200915T052738_034365_03FEFD_CE7B_COG,1,True,S1A_IW_GRDH_1SDV_20200915T052713_20200915T052738_034365_03FEFD_CE7B_COG,1,S1A,2020-09-15 05:27:13.931157+00:00,2020-09-15 05:27:38.929131+00:00,descending,168,"[8.692938, 45.301842, 12.363904, 47.205536]",4,4,3,2,11
"S1A|2020-09-15 05:27:19.324134+00:00|2020-09-15 05:27:44.321992+00:00|descending|168|(8.575993, 44.97847, 12.279252, 46.886532)",S1A_IW_GRDH_1SDV_20200915T052719_20200915T052744_034365_03FEFD_818E_COG,1,True,S1A_IW_GRDH_1SDV_20200915T052719_20200915T052744_034365_03FEFD_818E_COG,1,S1A,2020-09-15 05:27:19.324134+00:00,2020-09-15 05:27:44.321992+00:00,descending,168,"[8.575993, 44.97847, 12.279252, 46.886532]",4,4,3,2,11
"S1A|2020-09-15 05:27:38.930638+00:00|2020-09-15 05:28:03.928613+00:00|descending|168|(8.358581, 43.803852, 11.977328, 45.703308)",S1A_IW_GRDH_1SDV_20200915T052738_20200915T052803_034365_03FEFD_C9E3_COG,1,True,S1A_IW_GRDH_1SDV_20200915T052738_20200915T052803_034365_03FEFD_C9E3_COG,1,S1A,2020-09-15 05:27:38.930638+00:00,2020-09-15 05:28:03.928613+00:00,descending,168,"[8.358581, 43.803852, 11.977328, 45.703308]",4,4,3,2,11
"S1A|2020-09-15 05:27:44.323492+00:00|2020-09-15 05:28:09.321351+00:00|descending|168|(8.246161, 43.479946, 11.887994, 45.38493)",S1A_IW_GRDH_1SDV_20200915T052744_20200915T052809_034365_03FEFD_909E_COG,1,True,S1A_IW_GRDH_1SDV_20200915T052744_20200915T052809_034365_03FEFD_909E_COG,1,S1A,2020-09-15 05:27:44.323492+00:00,2020-09-15 05:28:09.321351+00:00,descending,168,"[8.246161, 43.479946, 11.887994, 45.38493]",4,4,3,2,11
"S1A|2020-09-16 17:15:05.104931+00:00|2020-09-16 17:15:30.102622+00:00|ascending|15|(7.744618, 44.362011, 11.367657, 46.262863)",S1A_IW_GRDH_1SDV_20200916T171505_20200916T171530_034387_03FFB9_7C7B_COG,1,True,S1A_IW_GRDH_1SDV_20200916T171505_20200916T171530_034387_03FFB9_7C7B_COG,1,S1A,2020-09-16 17:15:05.104931+00:00,2020-09-16 17:15:30.102622+00:00,ascending,15,"[7.744618, 44.362011, 11.367657, 46.262863]",4,4,3,2,11
"S1A|2020-09-16 17:15:05.104932+00:00|2020-09-16 17:15:30.102622+00:00|ascending|15|(7.744618, 44.362011, 11.367657, 46.262863)",S1A_IW_GRDH_1SDV_20200916T171505_20200916T171530_034387_03FFB9_BF28_COG,1,True,S1A_IW_GRDH_1SDV_20200916T171505_20200916T171530_034387_03FFB9_BF28_COG,1,S1A,2020-09-16 17:15:05.104932+00:00,2020-09-16 17:15:30.102622+00:00,ascending,15,"[7.744618, 44.362011, 11.367657, 46.262863]",4,4,3,2,11
"S1A|2020-09-20 05:35:32.218427+00:00|2020-09-20 05:35:57.216132+00:00|descending|66|(6.530223, 45.037888, 10.228241, 46.946877)",S1A_IW_GRDH_1SDV_20200920T053532_20200920T053557_034438_04019B_5BA8_COG,1,True,S1A_IW_GRDH_1SDV_20200920T053532_20200920T053557_034438_04019B_5BA8_COG,1,S1A,2020-09-20 05:35:32.218427+00:00,2020-09-20 05:35:57.216132+00:00,descending,66,"[6.530223, 45.037888, 10.228241, 46.946877]",4,4,3,2,11
"S1A|2020-09-20 05:35:32.920635+00:00|2020-09-20 05:35:57.919871+00:00|descending|66|(6.571299, 44.995724, 10.213428, 46.899605)",S1A_IW_GRDH_1SDV_20200920T053532_20200920T053557_034438_04019B_C23A_COG,1,True,S1A_IW_GRDH_1SDV_20200920T053532_20200920T053557_034438_04019B_C23A_COG,1,S1A,2020-09-20 05:35:32.920635+00:00,2020-09-20 05:35:57.919871+00:00,descending,66,"[6.571299, 44.995724, 10.213428, 46.899605]",4,4,3,2,11
"S1A|2020-09-20 05:35:57.217632+00:00|2020-09-20 05:36:22.216838+00:00|descending|66|(6.204796, 43.538666, 9.845915, 45.444344)",S1A_IW_GRDH_1SDV_20200920T053557_20200920T053622_034438_04019B_AAF8_COG,1,True,S1A_IW_GRDH_1SDV_20200920T053557_20200920T053622_034438_04019B_AAF8_COG,1,S1A,2020-09-20 05:35:57.217632+00:00,2020-09-20 05:36:22.216838+00:00,descending,66,"[6.204796, 43.538666, 9.845915, 45.444344]",4,4,3,2,11
"S1A|2020-09-20 05:35:57.921500+00:00|2020-09-20 05:36:22.919251+00:00|descending|66|(6.244922, 43.496536, 9.83404, 45.396713)",S1A_IW_GRDH_1SDV_20200920T053557_20200920T053622_034438_04019B_B857_COG,1,True,S1A_IW_GRDH_1SDV_20200920T053557_20200920T053622_034438_04019B_B857_COG,1,S1A,2020-09-20 05:35:57.921500+00:00,2020-09-20 05:36:22.919251+00:00,descending,66,"[6.244922, 43.496536, 9.83404, 45.396713]",4,4,3,2,11
"S1A|2020-09-21 17:23:11.651266+00:00|2020-09-21 17:23:36.650624+00:00|ascending|88|(5.805888, 43.921944, 9.416453, 45.820728)",S1A_IW_GRDH_1SDV_20200921T172311_20200921T172336_034460_040263_F353_COG,1,True,S1A_IW_GRDH_1SDV_20200921T172311_20200921T172336_034460_040263_F353_COG,1,S1A,2020-09-21 17:23:11.651266+00:00,2020-09-21 17:23:36.650624+00:00,ascending,88,"[5.805888, 43.921944, 9.416453, 45.820728]",4,4,3,2,11
"S1A|2020-09-21 17:23:11.651266+00:00|2020-09-21 17:23:36.650624+00:00|ascending|88|(5.805889, 43.921944, 9.416453, 45.820728)",S1A_IW_GRDH_1SDV_20200921T172311_20200921T172336_034460_040263_E196_COG,1,True,S1A_IW_GRDH_1SDV_20200921T172311_20200921T172336_034460_040263_E196_COG,1,S1A,2020-09-21 17:23:11.651266+00:00,2020-09-21 17:23:36.650624+00:00,ascending,88,"[5.805889, 43.921944, 9.416453, 45.820728]",4,4,3,2,11
"S1A|2020-09-21 17:23:36.652122+00:00|2020-09-21 17:24:01.649982+00:00|ascending|88|(5.358491, 45.420822, 9.087263, 47.316906)",S1A_IW_GRDH_1SDV_20200921T172336_20200921T172401_034460_040263_38CD_COG,1,True,S1A_IW_GRDH_1SDV_20200921T172336_20200921T172401_034460_040263_38CD_COG,2,S1A,2020-09-21 17:23:36.652122+00:00,2020-09-21 17:24:01.649982+00:00,ascending,88,"[5.358491, 45.420822, 9.087263, 47.316906]",4,4,3,2,11
"S1A|2020-09-21 17:23:36.652122+00:00|2020-09-21 17:24:01.649982+00:00|ascending|88|(5.358491, 45.420822, 9.087263, 47.316906)",S1A_IW_GRDH_1SDV_20200921T172336_20200921T172401_034460_040263_91DC_COG,2,False,S1A_IW_GRDH_1SDV_20200921T172336_20200921T172401_034460_040263_38CD_COG,2,S1A,2020-09-21 17:23:36.652122+00:00,2020-09-21 17:24:01.649982+00:00,ascending,88,"[5.358491, 45.420822, 9.087263, 47.316906]",4,4,3,2,11
"S1A|2020-09-27 05:27:14.938736+00:00|2020-09-27 05:27:39.938248+00:00|descending|168|(8.685353, 45.264278, 12.358479, 47.16774)",S1A_IW_GRDH_1SDV_20200927T052714_20200927T052739_034540_040528_C06A_COG,1,True,S1A_IW_GRDH_1SDV_20200927T052714_20200927T052739_034540_040528_C06A_COG,1,S1A,2020-09-27 05:27:14.938736+00:00,2020-09-27 05:27:39.938248+00:00,descending,168,"[8.685353, 45.264278, 12.358479, 47.16774]",4,4,3,2,11
"S1A|2020-09-27 05:27:19.706402+00:00|2020-09-27 05:27:44.704326+00:00|descending|168|(8.576271, 44.978542, 12.279648, 46.886658)",S1A_IW_GRDH_1SDV_20200927T052719_20200927T052744_034540_040528_B763_COG,1,True,S1A_IW_GRDH_1SDV_20200927T052719_20200927T052744_034540_040528_B763_COG,1,S1A,2020-09-27 05:27:19.706402+00:00,2020-09-27 05:27:44.704326+00:00,descending,168,"[8.576271, 44.978542, 12.279648, 46.886658]",4,4,3,2,11
"S1A|2020-09-27 05:27:39.939724+00:00|2020-09-27 05:28:04.937736+00:00|descending|168|(8.354077, 43.765812, 11.967699, 45.66581)",S1A_IW_GRDH_1SDV_20200927T052739_20200927T052804_034540_040528_8B14_COG,1,True,S1A_IW_GRDH_1SDV_20200927T052739_20200927T052804_034540_040528_8B14_COG,1,S1A,2020-09-27 05:27:39.939724+00:00,2020-09-27 05:28:04.937736+00:00,descending,168,"[8.354077, 43.765812, 11.967699, 45.66581]",4,4,3,2,11
"S1A|2020-09-27 05:27:44.705826+00:00|2020-09-27 05:28:09.705250+00:00|descending|168|(8.246392, 43.479931, 11.888394, 45.385052)",S1A_IW_GRDH_1SDV_20200927T052744_20200927T052809_034540_040528_CA9F_COG,1,True,S1A_IW_GRDH_1SDV_20200927T052744_20200927T052809_034540_040528_CA9F_COG,1,S1A,2020-09-27 05:27:44.705826+00:00,2020-09-27 05:28:09.705250+00:00,descending,168,"[8.246392, 43.479931, 11.888394, 45.385052]",4,4,3,2,11
"S1A|2020-09-28 17:15:05.480181+00:00|2020-09-28 17:15:30.479450+00:00|ascending|15|(7.743491, 44.361881, 11.366707, 46.262867)",S1A_IW_GRDH_1SDV_20200928T171505_20200928T171530_034562_0405EA_3DC7_COG,1,True,S1A_IW_GRDH_1SDV_20200928T171505_20200928T171530_034562_0405EA_3DC7_COG,1,S1A,2020-09-28 17:15:05.480181+00:00,2020-09-28 17:15:30.479450+00:00,ascending,15,"[7.743491, 44.361881, 11.366707, 46.262867]",4,4,3,2,11
"S1A|2020-09-28 17:15:05.480182+00:00|2020-09-28 17:15:30.479452+00:00|ascending|15|(7.74349, 44.361881, 11.366706, 46.262867)",S1A_IW_GRDH_1SDV_20200928T171505_20200928T171530_034562_0405EA_BB09_COG,1,True,S1A_IW_GRDH_1SDV_20200928T171505_20200928T171530_034562_0405EA_BB09_COG,1,S1A,2020-09-28 17:15:05.480182+00:00,2020-09-28 17:15:30.479452+00:00,ascending,15,"[7.74349, 44.361881, 11.366706, 46.262867]",4,4,3,2,11
"S1A|2021-04-01 17:23:08.386920+00:00|2021-04-01 17:23:33.385818+00:00|ascending|88|(5.806321, 43.921616, 9.453021, 45.824345)",S1A_IW_GRDH_1SDV_20210401T172308_20210401T172333_037260_04639A_8B6C_COG,1,True,S1A_IW_GRDH_1SDV_20210401T172308_20210401T172333_037260_04639A_8B6C_COG,1,S1A,2021-04-01 17:23:08.386920+00:00,2021-04-01 17:23:33.385818+00:00,ascending,88,"[5.806321, 43.921616, 9.453021, 45.824345]",4,4,3,2,11
"S1A|2021-04-01 17:23:33.387343+00:00|2021-04-01 17:23:58.386243+00:00|ascending|88|(5.358913, 45.42046, 9.124807, 47.32056)",S1A_IW_GRDH_1SDV_20210401T172333_20210401T172358_037260_04639A_002D_COG,1,True,S1A_IW_GRDH_1SDV_20210401T172333_20210401T172358_037260_04639A_002D_COG,1,S1A,2021-04-01 17:23:33.387343+00:00,2021-04-01 17:23:58.386243+00:00,ascending,88,"[5.358913, 45.42046, 9.124807, 47.32056]",4,4,3,2,11
"S1A|2021-04-07 05:27:16.587312+00:00|2021-04-07 05:27:41.584848+00:00|descending|168|(8.575393, 44.978535, 12.278017, 46.886555)",S1A_IW_GRDH_1SDV_20210407T052716_20210407T052741_037340_04665D_832E_COG,1,True,S1A_IW_GRDH_1SDV_20210407T052716_20210407T052741_037340_04665D_832E_COG,1,S1A,2021-04-07 05:27:16.587312+00:00,2021-04-07 05:27:41.584848+00:00,descending,168,"[8.575393, 44.978535, 12.278017, 46.886555]",4,4,3,2,11
"S1A|2021-04-07 05:27:41.586348+00:00|2021-04-07 05:28:06.585384+00:00|descending|168|(8.245562, 43.479919, 11.887026, 45.384926)",S1A_IW_GRDH_1SDV_20210407T052741_20210407T052806_037340_04665D_82C9_COG,1,True,S1A_IW_GRDH_1SDV_20210407T052741_20210407T052806_037340_04665D_82C9_COG,1,S1A,2021-04-07 05:27:41.586348+00:00,2021-04-07 05:28:06.585384+00:00,descending,168,"[8.245562, 43.479919, 11.887026, 45.384926]",4,4,3,2,11
"S1A|2021-04-08 17:15:02.442509+00:00|2021-04-08 17:15:27.441113+00:00|ascending|15|(7.743284, 44.361797, 11.401696, 46.266575)",S1A_IW_GRDH_1SDV_20210408T171502_20210408T171527_037362_046716_5E02_COG,1,True,S1A_IW_GRDH_1SDV_20210408T171502_20210408T171527_037362_046716_5E02_COG,1,S1A,2021-04-08 17:15:02.442509+00:00,2021-04-08 17:15:27.441113+00:00,ascending,15,"[7.743284, 44.361797, 11.401696, 46.266575]",4,4,3,2,11
"S1A|2021-04-12 05:35:29.503874+00:00|2021-04-12 05:35:54.501346+00:00|descending|66|(6.529798, 45.037983, 10.227464, 46.946915)",S1A_IW_GRDH_1SDV_20210412T053529_20210412T053554_037413_0468E0_A8F2_COG,1,True,S1A_IW_GRDH_1SDV_20210412T053529_20210412T053554_037413_0468E0_A8F2_COG,1,S1A,2021-04-12 05:35:29.503874+00:00,2021-04-12 05:35:54.501346+00:00,descending,66,"[6.529798, 45.037983, 10.227464, 46.946915]",4,4,3,2,11
"S1A|2021-04-12 05:35:54.502846+00:00|2021-04-12 05:36:19.501819+00:00|descending|66|(6.204373, 43.538761, 9.845118, 45.444382)",S1A_IW_GRDH_1SDV_20210412T053554_20210412T053619_037413_0468E0_1C19_COG,1,True,S1A_IW_GRDH_1SDV_20210412T053554_20210412T053619_037413_0468E0_1C19_COG,1,S1A,2021-04-12 05:35:54.502846+00:00,2021-04-12 05:36:19.501819+00:00,descending,66,"[6.204373, 43.538761, 9.845118, 45.444382]",4,4,3,2,11
"S1A|2021-04-13 17:23:08.910118+00:00|2021-04-13 17:23:33.908824+00:00|ascending|88|(5.806655, 43.921871, 9.453099, 45.824535)",S1A_IW_GRDH_1SDV_20210413T172308_20210413T172333_037435_0469A9_A648_COG,1,True,S1A_IW_GRDH_1SDV_20210413T172308_20210413T172333_037435_0469A9_A648_COG,1,S1A,2021-04-13 17:23:08.910118+00:00,2021-04-13 17:23:33.908824+00:00,ascending,88,"[5.806655, 43.921871, 9.453099, 45.824535]",4,4,3,2,11
"S1A|2021-04-13 17:23:33.910323+00:00|2021-04-13 17:23:58.909030+00:00|ascending|88|(5.359287, 45.420719, 9.124786, 47.320736)",S1A_IW_GRDH_1SDV_20210413T172333_20210413T172358_037435_0469A9_64A6_COG,1,True,S1A_IW_GRDH_1SDV_20210413T172333_20210413T172358_037435_0469A9_64A6_COG,1,S1A,2021-04-13 17:23:33.910323+00:00,2021-04-13 17:23:58.909030+00:00,ascending,88,"[5.359287, 45.420719, 9.124786, 47.320736]",4,4,3,2,11
"S1A|2021-04-19 05:27:17.122705+00:00|2021-04-19 05:27:42.121857+00:00|descending|168|(8.576874, 44.97847, 12.279878, 46.886639)",S1A_IW_GRDH_1SDV_20210419T052717_20210419T052742_037515_046C67_DFED_COG,1,True,S1A_IW_GRDH_1SDV_20210419T052717_20210419T052742_037515_046C67_DFED_COG,1,S1A,2021-04-19 05:27:17.122705+00:00,2021-04-19 05:27:42.121857+00:00,descending,168,"[8.576874, 44.97847, 12.279878, 46.886639]",4,4,3,2,11
"S1A|2021-04-19 05:27:42.123357+00:00|2021-04-19 05:28:07.121009+00:00|descending|168|(8.24701, 43.47995, 11.888614, 45.384941)",S1A_IW_GRDH_1SDV_20210419T052742_20210419T052807_037515_046C67_1A56_COG,1,True,S1A_IW_GRDH_1SDV_20210419T052742_20210419T052807_037515_046C67_1A56_COG,1,S1A,2021-04-19 05:27:42.123357+00:00,2021-04-19 05:28:07.121009+00:00,descending,168,"[8.24701, 43.47995, 11.888614, 45.384941]",4,4,3,2,11
"S1A|2021-04-20 17:15:02.976418+00:00|2021-04-20 17:15:27.975051+00:00|ascending|15|(7.743228, 44.361755, 11.401629, 46.266563)",S1A_IW_GRDH_1SDV_20210420T171502_20210420T171527_037537_046D28_BEF6_COG,1,True,S1A_IW_GRDH_1SDV_20210420T171502_20210420T171527_037537_046D28_BEF6_COG,1,S1A,2021-04-20 17:15:02.976418+00:00,2021-04-20 17:15:27.975051+00:00,ascending,15,"[7.743228, 44.361755, 11.401629, 46.266563]",4,4,3,2,11
"S1A|2021-04-24 05:35:30.039789+00:00|2021-04-24 05:35:55.038738+00:00|descending|66|(6.529808, 45.037914, 10.227509, 46.946926)",S1A_IW_GRDH_1SDV_20210424T053530_20210424T053555_037588_046EE9_5C54_COG,1,True,S1A_IW_GRDH_1SDV_20210424T053530_20210424T053555_037588_046EE9_5C54_COG,1,S1A,2021-04-24 05:35:30.039789+00:00,2021-04-24 05:35:55.038738+00:00,descending,66,"[6.529808, 45.037914, 10.227509, 46.946926]",4,4,3,2,11
"S1A|2021-04-24 05:35:55.040239+00:00|2021-04-24 05:36:20.037688+00:00|descending|66|(6.204532, 43.53878, 9.845127, 45.444294)",S1A_IW_GRDH_1SDV_20210424T053555_20210424T053620_037588_046EE9_D452_COG,1,True,S1A_IW_GRDH_1SDV_20210424T053555_20210424T053620_037588_046EE9_D452_COG,1,S1A,2021-04-24 05:35:55.040239+00:00,2021-04-24 05:36:20.037688+00:00,descending,66,"[6.204532, 43.53878, 9.845127, 45.444294]",4,4,3,2,11
"S1A|2021-04-25 17:23:09.430687+00:00|2021-04-25 17:23:34.429386+00:00|ascending|88|(5.807533, 43.921894, 9.453945, 45.824516)",S1A_IW_GRDH_1SDV_20210425T172309_20210425T172334_037610_046FB2_646A_COG,1,True,S1A_IW_GRDH_1SDV_20210425T172309_20210425T172334_037610_046FB2_646A_COG,1,S1A,2021-04-25 17:23:09.430687+00:00,2021-04-25 17:23:34.429386+00:00,ascending,88,"[5.807533, 43.921894, 9.453945, 45.824516]",4,4,3,2,11
"S1A|2021-04-25 17:23:34.430884+00:00|2021-04-25 17:23:59.429582+00:00|ascending|88|(5.360373, 45.420746, 9.125675, 47.320744)",S1A_IW_GRDH_1SDV_20210425T172334_20210425T172359_037610_046FB2_C07F_COG,1,True,S1A_IW_GRDH_1SDV_20210425T172334_20210425T172359_037610_046FB2_C07F_COG,1,S1A,2021-04-25 17:23:34.430884+00:00,2021-04-25 17:23:59.429582+00:00,ascending,88,"[5.360373, 45.420746, 9.125675, 47.320744]",4,4,3,2,11
"S1A|2021-05-01 05:27:17.440326+00:00|2021-05-01 05:27:42.439478+00:00|descending|168|(8.576747, 44.978531, 12.27967, 46.886646)",S1A_IW_GRDH_1SDV_20210501T052717_20210501T052742_037690_04727A_3608_COG,1,True,S1A_IW_GRDH_1SDV_20210501T052717_20210501T052742_037690_04727A_3608_COG,1,S1A,2021-05-01 05:27:17.440326+00:00,2021-05-01 05:27:42.439478+00:00,descending,168,"[8.576747, 44.978531, 12.27967, 46.886646]",4,4,3,2,11
"S1A|2021-05-01 05:27:42.440979+00:00|2021-05-01 05:28:07.438631+00:00|descending|168|(8.246946, 43.480003, 11.888503, 45.384941)",S1A_IW_GRDH_1SDV_20210501T052742_20210501T052807_037690_04727A_42A5_COG,1,True,S1A_IW_GRDH_1SDV_20210501T052742_20210501T052807_037690_04727A_42A5_COG,1,S1A,2021-05-01 05:27:42.440979+00:00,2021-05-01 05:28:07.438631+00:00,descending,168,"[8.246946, 43.480003, 11.888503, 45.384941]",4,4,3,2,11
"S1A|2021-05-02 17:15:03.315842+00:00|2021-05-02 17:15:28.314462+00:00|ascending|15|(7.744732, 44.361778, 11.403137, 46.266544)",S1A_IW_GRDH_1SDV_20210502T171503_20210502T171528_037712_04733D_738F_COG,1,True,S1A_IW_GRDH_1SDV_20210502T171503_20210502T171528_037712_04733D_738F_COG,1,S1A,2021-05-02 17:15:03.315842+00:00,2021-05-02 17:15:28.314462+00:00,ascending,15,"[7.744732, 44.361778, 11.403137, 46.266544]",4,4,3,2,11
"S1A|2021-05-06 05:35:30.481844+00:00|2021-05-06 05:35:55.479370+00:00|descending|66|(6.531339, 45.03793, 10.229051, 46.946899)",S1A_IW_GRDH_1SDV_20210506T053530_20210506T053555_037763_0474F3_64F0_COG,1,True,S1A_IW_GRDH_1SDV_20210506T053530_20210506T053555_037763_0474F3_64F0_COG,1,S1A,2021-05-06 05:35:30.481844+00:00,2021-05-06 05:35:55.479370+00:00,descending,66,"[6.531339, 45.03793, 10.229051, 46.946899]",4,4,3,2,11
"S1A|2021-05-06 05:35:55.480871+00:00|2021-05-06 05:36:20.479897+00:00|descending|66|(6.20588, 43.538712, 9.846647, 45.444374)",S1A_IW_GRDH_1SDV_20210506T053555_20210506T053620_037763_0474F3_1EF3_COG,1,True,S1A_IW_GRDH_1SDV_20210506T053555_20210506T053620_037763_0474F3_1EF3_COG,1,S1A,2021-05-06 05:35:55.480871+00:00,2021-05-06 05:36:20.479897+00:00,descending,66,"[6.20588, 43.538712, 9.846647, 45.444374]",4,4,3,2,11
"S1A|2021-05-07 17:23:09.988215+00:00|2021-05-07 17:23:34.986856+00:00|ascending|88|(5.80683, 43.922001, 9.45316, 45.824646)",S1A_IW_GRDH_1SDV_20210507T172309_20210507T172334_037785_0475A6_BFCE_COG,1,True,S1A_IW_GRDH_1SDV_20210507T172309_20210507T172334_037785_0475A6_BFCE_COG,1,S1A,2021-05-07 17:23:09.988215+00:00,2021-05-07 17:23:34.986856+00:00,ascending,88,"[5.80683, 43.922001, 9.45316, 45.824646]",4,4,3,2,11
"S1A|2021-05-07 17:23:34.988354+00:00|2021-05-07 17:23:59.985496+00:00|ascending|88|(5.359489, 45.420845, 9.124969, 47.320774)",S1A_IW_GRDH_1SDV_20210507T172334_20210507T172359_037785_0475A6_B9B9_COG,1,True,S1A_IW_GRDH_1SDV_20210507T172334_20210507T172359_037785_0475A6_B9B9_COG,1,S1A,2021-05-07 17:23:34.988354+00:00,2021-05-07 17:23:59.985496+00:00,ascending,88,"[5.359489, 45.420845, 9.124969, 47.320774]",4,4,3,2,11
"S1A|2021-05-13 05:27:18.184204+00:00|2021-05-13 05:27:43.181881+00:00|descending|168|(8.574976, 44.978653, 12.277271, 46.886707)",S1A_IW_GRDH_1SDV_20210513T052718_20210513T052743_037865_047810_B936_COG,1,True,S1A_IW_GRDH_1SDV_20210513T052718_20210513T052743_037865_047810_B936_COG,1,S1A,2021-05-13 05:27:18.184204+00:00,2021-05-13 05:27:43.181881+00:00,descending,168,"[8.574976, 44.978653, 12.277271, 46.886707]",4,4,3,2,11
"S1A|2021-05-13 05:27:43.183381+00:00|2021-05-13 05:28:08.182558+00:00|descending|168|(8.245185, 43.480038, 11.886747, 45.385036)",S1A_IW_GRDH_1SDV_20210513T052743_20210513T052808_037865_047810_E27B_COG,1,True,S1A_IW_GRDH_1SDV_20210513T052743_20210513T052808_037865_047810_E27B_COG,1,S1A,2021-05-13 05:27:43.183381+00:00,2021-05-13 05:28:08.182558+00:00,descending,168,"[8.245185, 43.480038, 11.886747, 45.385036]",4,4,3,2,11
"S1A|2021-05-14 17:15:04.007100+00:00|2021-05-14 17:15:29.005749+00:00|ascending|15|(7.744325, 44.361851, 11.40271, 46.26659)",S1A_IW_GRDH_1SDV_20210514T171504_20210514T171529_037887_0478B1_3F10_COG,1,True,S1A_IW_GRDH_1SDV_20210514T171504_20210514T171529_037887_0478B1_3F10_COG,1,S1A,2021-05-14 17:15:04.007100+00:00,2021-05-14 17:15:29.005749+00:00,ascending,15,"[7.744325, 44.361851, 11.40271, 46.26659]",4,4,3,2,11
"S1A|2021-05-18 05:35:31.023206+00:00|2021-05-18 05:35:56.020661+00:00|descending|66|(6.530953, 45.037945, 10.228662, 46.946888)",S1A_IW_GRDH_1SDV_20210518T053531_20210518T053556_037938_047A3A_EA44_COG,1,True,S1A_IW_GRDH_1SDV_20210518T053531_20210518T053556_037938_047A3A_EA44_COG,1,S1A,2021-05-18 05:35:31.023206+00:00,2021-05-18 05:35:56.020661+00:00,descending,66,"[6.530953, 45.037945, 10.228662, 46.946888]",4,4,3,2,11
"S1A|2021-05-18 05:35:56.022161+00:00|2021-05-18 05:36:21.021116+00:00|descending|66|(6.205632, 43.538723, 9.846269, 45.444344)",S1A_IW_GRDH_1SDV_20210518T053556_20210518T053621_037938_047A3A_F6A7_COG,1,True,S1A_IW_GRDH_1SDV_20210518T053556_20210518T053621_037938_047A3A_F6A7_COG,1,S1A,2021-05-18 05:35:56.022161+00:00,2021-05-18 05:36:21.021116+00:00,descending,66,"[6.205632, 43.538723, 9.846269, 45.444344]",4,4,3,2,11
"S1A|2021-05-19 17:23:10.402040+00:00|2021-05-19 17:23:35.400795+00:00|ascending|88|(5.807219, 43.921799, 9.453667, 45.824474)",S1A_IW_GRDH_1SDV_20210519T172310_20210519T172335_037960_047AF4_CFD8_COG,1,True,S1A_IW_GRDH_1SDV_20210519T172310_20210519T172335_037960_047AF4_CFD8_COG,1,S1A,2021-05-19 17:23:10.402040+00:00,2021-05-19 17:23:35.400795+00:00,ascending,88,"[5.807219, 43.921799, 9.453667, 45.824474]",4,4,3,2,11
"S1A|2021-05-19 17:23:35.402294+00:00|2021-05-19 17:24:00.401049+00:00|ascending|88|(5.360032, 45.420643, 9.125468, 47.320713)",S1A_IW_GRDH_1SDV_20210519T172335_20210519T172400_037960_047AF4_F752_COG,1,True,S1A_IW_GRDH_1SDV_20210519T172335_20210519T172400_037960_047AF4_F752_COG,1,S1A,2021-05-19 17:23:35.402294+00:00,2021-05-19 17:24:00.401049+00:00,ascending,88,"[5.360032, 45.420643, 9.125468, 47.320713]",4,4,3,2,11
"S1A|2021-05-25 05:27:18.837095+00:00|2021-05-25 05:27:43.834804+00:00|descending|168|(8.575044, 44.97858, 12.277351, 46.886639)",S1A_IW_GRDH_1SDV_20210525T052718_20210525T052743_038040_047D59_175B_COG,1,True,S1A_IW_GRDH_1SDV_20210525T052718_20210525T052743_038040_047D59_175B_COG,1,S1A,2021-05-25 05:27:18.837095+00:00,2021-05-25 05:27:43.834804+00:00,descending,168,"[8.575044, 44.97858, 12.277351, 46.886639]",4,4,3,2,11
"S1A|2021-05-25 05:27:43.836304+00:00|2021-05-25 05:28:08.835514+00:00|descending|168|(8.245253, 43.479965, 11.886808, 45.384968)",S1A_IW_GRDH_1SDV_20210525T052743_20210525T052808_038040_047D59_A90E_COG,1,True,S1A_IW_GRDH_1SDV_20210525T052743_20210525T052808_038040_047D59_A90E_COG,1,S1A,2021-05-25 05:27:43.836304+00:00,2021-05-25 05:28:08.835514+00:00,descending,168,"[8.245253, 43.479965, 11.886808, 45.384968]",4,4,3,2,11
"S1A|2021-05-26 17:15:04.714632+00:00|2021-05-26 17:15:29.713197+00:00|ascending|15|(7.744675, 44.361912, 11.402936, 46.266609)",S1A_IW_GRDH_1SDV_20210526T171504_20210526T171529_038062_047DFC_3FF5_COG,1,True,S1A_IW_GRDH_1SDV_20210526T171504_20210526T171529_038062_047DFC_3FF5_COG,1,S1A,2021-05-26 17:15:04.714632+00:00,2021-05-26 17:15:29.713197+00:00,ascending,15,"[7.744675, 44.361912, 11.402936, 46.266609]",4,4,3,2,11
"S1A|2021-05-30 05:35:31.855592+00:00|2021-05-30 05:35:56.853133+00:00|descending|66|(6.530588, 45.037971, 10.228406, 46.946922)",S1A_IW_GRDH_1SDV_20210530T053531_20210530T053556_038113_047F7E_9090_COG,1,True,S1A_IW_GRDH_1SDV_20210530T053531_20210530T053556_038113_047F7E_9090_COG,1,S1A,2021-05-30 05:35:31.855592+00:00,2021-05-30 05:35:56.853133+00:00,descending,66,"[6.530588, 45.037971, 10.228406, 46.946922]",4,4,3,2,11
"S1A|2021-05-30 05:35:56.854633+00:00|2021-05-30 05:36:21.853674+00:00|descending|66|(6.20528, 43.53875, 9.846032, 45.444382)",S1A_IW_GRDH_1SDV_20210530T053556_20210530T053621_038113_047F7E_11B4_COG,1,True,S1A_IW_GRDH_1SDV_20210530T053556_20210530T053621_038113_047F7E_11B4_COG,1,S1A,2021-05-30 05:35:56.854633+00:00,2021-05-30 05:36:21.853674+00:00,descending,66,"[6.20528, 43.53875, 9.846032, 45.444382]",4,4,3,2,11
"S1A|2021-05-31 17:23:11.295557+00:00|2021-05-31 17:23:36.294260+00:00|ascending|88|(5.80687, 43.921864, 9.453328, 45.824539)",S1A_IW_GRDH_1SDV_20210531T172311_20210531T172336_038135_048035_CB89_COG,1,True,S1A_IW_GRDH_1SDV_20210531T172311_20210531T172336_038135_048035_CB89_COG,1,S1A,2021-05-31 17:23:11.295557+00:00,2021-05-31 17:23:36.294260+00:00,ascending,88,"[5.80687, 43.921864, 9.453328, 45.824539]",4,4,3,2,11
"S1A|2021-05-31 17:23:36.295758+00:00|2021-05-31 17:24:01.294461+00:00|ascending|88|(5.359488, 45.420712, 9.124998, 47.320744)",S1A_IW_GRDH_1SDV_20210531T172336_20210531T172401_038135_048035_E3EB_COG,1,True,S1A_IW_GRDH_1SDV_20210531T172336_20210531T172401_038135_048035_E3EB_COG,1,S1A,2021-05-31 17:23:36.295758+00:00,2021-05-31 17:24:01.294461+00:00,ascending,88,"[5.359488, 45.420712, 9.124998, 47.320744]",4,4,3,2,11
"S1A|2021-06-06 05:27:19.537612+00:00|2021-06-06 05:27:44.536858+00:00|descending|168|(8.576264, 44.978481, 12.27922, 46.886623)",S1A_IW_GRDH_1SDV_20210606T052719_20210606T052744_038215_04828D_9E38_COG,1,True,S1A_IW_GRDH_1SDV_20210606T052719_20210606T052744_038215_04828D_9E38_COG,1,S1A,2021-06-06 05:27:19.537612+00:00,2021-06-06 05:27:44.536858+00:00,descending,168,"[8.576264, 44.978481, 12.27922, 46.886623]",4,4,3,2,11
"S1A|2021-06-06 05:27:44.538359+00:00|2021-06-06 05:28:09.536105+00:00|descending|168|(8.246311, 43.479961, 11.888012, 45.384937)",S1A_IW_GRDH_1SDV_20210606T052744_20210606T052809_038215_04828D_E69D_COG,1,True,S1A_IW_GRDH_1SDV_20210606T052744_20210606T052809_038215_04828D_E69D_COG,1,S1A,2021-06-06 05:27:44.538359+00:00,2021-06-06 05:28:09.536105+00:00,descending,168,"[8.246311, 43.479961, 11.888012, 45.384937]",4,4,3,2,11
"S1A|2021-06-07 17:15:05.421667+00:00|2021-06-07 17:15:30.420286+00:00|ascending|15|(7.743903, 44.361866, 11.402323, 46.266617)",S1A_IW_GRDH_1SDV_20210607T171505_20210607T171530_038237_04832F_631B_COG,1,True,S1A_IW_GRDH_1SDV_20210607T171505_20210607T171530_038237_04832F_631B_COG,1,S1A,2021-06-07 17:15:05.421667+00:00,2021-06-07 17:15:30.420286+00:00,ascending,15,"[7.743903, 44.361866, 11.402323, 46.266617]",4,4,3,2,11
"S1A|2021-06-11 05:35:32.634029+00:00|2021-06-11 05:35:57.633081+00:00|descending|66|(6.529763, 45.038021, 10.227603, 46.947041)",S1A_IW_GRDH_1SDV_20210611T053532_20210611T053557_038288_0484AB_4D5C_COG,1,True,S1A_IW_GRDH_1SDV_20210611T053532_20210611T053557_038288_0484AB_4D5C_COG,1,S1A,2021-06-11 05:35:32.634029+00:00,2021-06-11 05:35:57.633081+00:00,descending,66,"[6.529763, 45.038021, 10.227603, 46.947041]",4,4,3,2,11
"S1A|2021-06-11 05:35:57.634581+00:00|2021-06-11 05:36:22.633634+00:00|descending|66|(6.204471, 43.538795, 9.845215, 45.444408)",S1A_IW_GRDH_1SDV_20210611T053557_20210611T053622_038288_0484AB_624E_COG,1,True,S1A_IW_GRDH_1SDV_20210611T053557_20210611T053622_038288_0484AB_624E_COG,1,S1A,2021-06-11 05:35:57.634581+00:00,2021-06-11 05:36:22.633634+00:00,descending,66,"[6.204471, 43.538795, 9.845215, 45.444408]",4,4,3,2,11
"S1A|2021-06-12 17:23:12.146296+00:00|2021-06-12 17:23:37.145060+00:00|ascending|88|(5.806517, 43.921867, 9.453084, 45.824539)",S1A_IW_GRDH_1SDV_20210612T172312_20210612T172337_038310_048562_7428_COG,1,True,S1A_IW_GRDH_1SDV_20210612T172312_20210612T172337_038310_048562_7428_COG,1,S1A,2021-06-12 17:23:12.146296+00:00,2021-06-12 17:23:37.145060+00:00,ascending,88,"[5.806517, 43.921867, 9.453084, 45.824539]",4,4,3,2,11
"S1A|2021-06-12 17:23:37.146559+00:00|2021-06-12 17:24:02.145323+00:00|ascending|88|(5.359154, 45.420715, 9.124777, 47.32074)",S1A_IW_GRDH_1SDV_20210612T172337_20210612T172402_038310_048562_8E7B_COG,1,True,S1A_IW_GRDH_1SDV_20210612T172337_20210612T172402_038310_048562_8E7B_COG,1,S1A,2021-06-12 17:23:37.146559+00:00,2021-06-12 17:24:02.145323+00:00,ascending,88,"[5.359154, 45.420715, 9.124777, 47.32074]",4,4,3,2,11
"S1A|2021-06-18 05:27:20.392713+00:00|2021-06-18 05:27:45.391875+00:00|descending|168|(8.575983, 44.978436, 12.278943, 46.886589)",S1A_IW_GRDH_1SDV_20210618T052720_20210618T052745_038390_0487C0_4962_COG,1,True,S1A_IW_GRDH_1SDV_20210618T052720_20210618T052745_038390_0487C0_4962_COG,1,S1A,2021-06-18 05:27:20.392713+00:00,2021-06-18 05:27:45.391875+00:00,descending,168,"[8.575983, 44.978436, 12.278943, 46.886589]",4,4,3,2,11
"S1A|2021-06-18 05:27:45.393375+00:00|2021-06-18 05:28:10.391037+00:00|descending|168|(8.246139, 43.479916, 11.887726, 45.384888)",S1A_IW_GRDH_1SDV_20210618T052745_20210618T052810_038390_0487C0_01F6_COG,1,True,S1A_IW_GRDH_1SDV_20210618T052745_20210618T052810_038390_0487C0_01F6_COG,1,S1A,2021-06-18 05:27:45.393375+00:00,2021-06-18 05:28:10.391037+00:00,descending,168,"[8.246139, 43.479916, 11.887726, 45.384888]",4,4,3,2,11
"S1A|2021-06-19 17:15:06.223451+00:00|2021-06-19 17:15:31.222174+00:00|ascending|15|(7.742892, 44.361675, 11.401439, 46.266476)",S1A_IW_GRDH_1SDV_20210619T171506_20210619T171531_038412_048863_29D1_COG,1,True,S1A_IW_GRDH_1SDV_20210619T171506_20210619T171531_038412_048863_29D1_COG,1,S1A,2021-06-19 17:15:06.223451+00:00,2021-06-19 17:15:31.222174+00:00,ascending,15,"[7.742892, 44.361675, 11.401439, 46.266476]",4,4,3,2,11
"S1A|2021-06-23 05:35:33.252786+00:00|2021-06-23 05:35:58.251702+00:00|descending|66|(6.52951, 45.037903, 10.227249, 46.946877)",S1A_IW_GRDH_1SDV_20210623T053533_20210623T053558_038463_0489E1_452C_COG,1,True,S1A_IW_GRDH_1SDV_20210623T053533_20210623T053558_038463_0489E1_452C_COG,1,S1A,2021-06-23 05:35:33.252786+00:00,2021-06-23 05:35:58.251702+00:00,descending,66,"[6.52951, 45.037903, 10.227249, 46.946877]",4,4,3,2,11
"S1A|2021-06-23 05:35:58.253202+00:00|2021-06-23 05:36:23.252118+00:00|descending|66|(6.204258, 43.53867, 9.844834, 45.444244)",S1A_IW_GRDH_1SDV_20210623T053558_20210623T053623_038463_0489E1_C842_COG,1,True,S1A_IW_GRDH_1SDV_20210623T053558_20210623T053623_038463_0489E1_C842_COG,1,S1A,2021-06-23 05:35:58.253202+00:00,2021-06-23 05:36:23.252118+00:00,descending,66,"[6.204258, 43.53867, 9.844834, 45.444244]",4,4,3,2,11
"S1A|2021-06-24 17:23:12.723427+00:00|2021-06-24 17:23:37.722072+00:00|ascending|88|(5.80828, 43.922073, 9.45458, 45.824669)",S1A_IW_GRDH_1SDV_20210624T172312_20210624T172337_038485_048A9C_2FDB_COG,1,True,S1A_IW_GRDH_1SDV_20210624T172312_20210624T172337_038485_048A9C_2FDB_COG,1,S1A,2021-06-24 17:23:12.723427+00:00,2021-06-24 17:23:37.722072+00:00,ascending,88,"[5.80828, 43.922073, 9.45458, 45.824669]",4,4,3,2,11
"S1A|2021-06-24 17:23:37.723570+00:00|2021-06-24 17:24:02.720717+00:00|ascending|88|(5.361148, 45.420925, 9.126435, 47.320816)",S1A_IW_GRDH_1SDV_20210624T172337_20210624T172402_038485_048A9C_62B2_COG,1,True,S1A_IW_GRDH_1SDV_20210624T172337_20210624T172402_038485_048A9C_62B2_COG,1,S1A,2021-06-24 17:23:37.723570+00:00,2021-06-24 17:24:02.720717+00:00,ascending,88,"[5.361148, 45.420925, 9.126435, 47.320816]",4,4,3,2,11
"S1A|2021-06-30 05:27:21.066281+00:00|2021-06-30 05:27:46.063983+00:00|descending|168|(8.576369, 44.978474, 12.279277, 46.886524)",S1A_IW_GRDH_1SDV_20210630T052721_20210630T052746_038565_048CFD_B393_COG,1,True,S1A_IW_GRDH_1SDV_20210630T052721_20210630T052746_038565_048CFD_B393_COG,1,S1A,2021-06-30 05:27:21.066281+00:00,2021-06-30 05:27:46.063983+00:00,descending,168,"[8.576369, 44.978474, 12.279277, 46.886524]",4,4,3,2,11
"S1A|2021-06-30 05:27:46.065427+00:00|2021-06-30 05:28:11.064626+00:00|descending|168|(8.24653, 43.479866, 11.888118, 45.384914)",S1A_IW_GRDH_1SDV_20210630T052746_20210630T052811_038565_048CFD_E5D4_COG,1,True,S1A_IW_GRDH_1SDV_20210630T052746_20210630T052811_038565_048CFD_E5D4_COG,1,S1A,2021-06-30 05:27:46.065427+00:00,2021-06-30 05:28:11.064626+00:00,descending,168,"[8.24653, 43.479866, 11.888118, 45.384914]",4,4,3,2,11
"S1A|2021-07-01 17:15:06.933510+00:00|2021-07-01 17:15:31.932113+00:00|ascending|15|(7.743578, 44.361835, 11.402009, 46.266613)",S1A_IW_GRDH_1SDV_20210701T171506_20210701T171531_038587_048D9E_EF15_COG,1,True,S1A_IW_GRDH_1SDV_20210701T171506_20210701T171531_038587_048D9E_EF15_COG,1,S1A,2021-07-01 17:15:06.933510+00:00,2021-07-01 17:15:31.932113+00:00,ascending,15,"[7.743578, 44.361835, 11.402009, 46.266613]",4,4,3,2,11
"S1A|2021-07-05 05:35:34.033431+00:00|2021-07-05 05:35:59.032407+00:00|descending|66|(6.530125, 45.037872, 10.227998, 46.946907)",S1A_IW_GRDH_1SDV_20210705T053534_20210705T053559_038638_048F2B_CC2D_COG,1,True,S1A_IW_GRDH_1SDV_20210705T053534_20210705T053559_038638_048F2B_CC2D_COG,1,S1A,2021-07-05 05:35:34.033431+00:00,2021-07-05 05:35:59.032407+00:00,descending,66,"[6.530125, 45.037872, 10.227998, 46.946907]",4,4,3,2,11
"S1A|2021-07-05 05:35:59.033908+00:00|2021-07-05 05:36:24.032884+00:00|descending|66|(6.204817, 43.538651, 9.845565, 45.444279)",S1A_IW_GRDH_1SDV_20210705T053559_20210705T053624_038638_048F2B_CD93_COG,1,True,S1A_IW_GRDH_1SDV_20210705T053559_20210705T053624_038638_048F2B_CD93_COG,1,S1A,2021-07-05 05:35:59.033908+00:00,2021-07-05 05:36:24.032884+00:00,descending,66,"[6.204817, 43.538651, 9.845565, 45.444279]",4,4,3,2,11
"S1A|2021-07-06 17:23:13.446567+00:00|2021-07-06 17:23:38.445285+00:00|ascending|88|(5.807275, 43.921928, 9.45371, 45.824574)",S1A_IW_GRDH_1SDV_20210706T172313_20210706T172338_038660_048FE2_29B0_COG,1,True,S1A_IW_GRDH_1SDV_20210706T172313_20210706T172338_038660_048FE2_29B0_COG,1,S1A,2021-07-06 17:23:13.446567+00:00,2021-07-06 17:23:38.445285+00:00,ascending,88,"[5.807275, 43.921928, 9.45371, 45.824574]",4,4,3,2,11
"S1A|2021-07-06 17:23:38.446783+00:00|2021-07-06 17:24:03.445501+00:00|ascending|88|(5.360117, 45.42078, 9.125414, 47.320801)",S1A_IW_GRDH_1SDV_20210706T172338_20210706T172403_038660_048FE2_7FC9_COG,1,True,S1A_IW_GRDH_1SDV_20210706T172338_20210706T172403_038660_048FE2_7FC9_COG,1,S1A,2021-07-06 17:23:38.446783+00:00,2021-07-06 17:24:03.445501+00:00,ascending,88,"[5.360117, 45.42078, 9.125414, 47.320801]",4,4,3,2,11
"S1A|2021-07-12 05:27:21.746052+00:00|2021-07-12 05:27:46.743677+00:00|descending|168|(8.575096, 44.978458, 12.277379, 46.886513)",S1A_IW_GRDH_1SDV_20210712T052721_20210712T052746_038740_049246_EC03_COG,1,True,S1A_IW_GRDH_1SDV_20210712T052721_20210712T052746_038740_049246_EC03_COG,1,S1A,2021-07-12 05:27:21.746052+00:00,2021-07-12 05:27:46.743677+00:00,descending,168,"[8.575096, 44.978458, 12.277379, 46.886513]",4,4,3,2,11
"S1A|2021-07-12 05:27:46.745177+00:00|2021-07-12 05:28:11.744301+00:00|descending|168|(8.245304, 43.479839, 11.886855, 45.384838)",S1A_IW_GRDH_1SDV_20210712T052746_20210712T052811_038740_049246_4240_COG,1,True,S1A_IW_GRDH_1SDV_20210712T052746_20210712T052811_038740_049246_4240_COG,1,S1A,2021-07-12 05:27:46.745177+00:00,2021-07-12 05:28:11.744301+00:00,descending,168,"[8.245304, 43.479839, 11.886855, 45.384838]",4,4,3,2,11
"S1A|2021-07-13 17:15:07.633208+00:00|2021-07-13 17:15:32.630381+00:00|ascending|15|(7.743818, 44.361843, 11.40221, 46.26651)",S1A_IW_GRDH_1SDV_20210713T171507_20210713T171532_038762_0492ED_BA18_COG,1,True,S1A_IW_GRDH_1SDV_20210713T171507_20210713T171532_038762_0492ED_BA18_COG,1,S1A,2021-07-13 17:15:07.633208+00:00,2021-07-13 17:15:32.630381+00:00,ascending,15,"[7.743818, 44.361843, 11.40221, 46.26651]",4,4,3,2,11
"S1A|2021-07-17 05:35:34.813047+00:00|2021-07-17 05:35:59.811959+00:00|descending|66|(6.530349, 45.037693, 10.228089, 46.946747)",S1A_IW_GRDH_1SDV_20210717T053534_20210717T053559_038813_049468_7870_COG,1,True,S1A_IW_GRDH_1SDV_20210717T053534_20210717T053559_038813_049468_7870_COG,1,S1A,2021-07-17 05:35:34.813047+00:00,2021-07-17 05:35:59.811959+00:00,descending,66,"[6.530349, 45.037693, 10.228089, 46.946747]",4,4,3,2,11
"S1A|2021-07-17 05:35:59.813459+00:00|2021-07-17 05:36:24.812372+00:00|descending|66|(6.205008, 43.538471, 9.845645, 45.444118)",S1A_IW_GRDH_1SDV_20210717T053559_20210717T053624_038813_049468_4DA5_COG,1,True,S1A_IW_GRDH_1SDV_20210717T053559_20210717T053624_038813_049468_4DA5_COG,1,S1A,2021-07-17 05:35:59.813459+00:00,2021-07-17 05:36:24.812372+00:00,descending,66,"[6.205008, 43.538471, 9.845645, 45.444118]",4,4,3,2,11
"S1A|2021-07-18 17:23:14.268314+00:00|2021-07-18 17:23:39.267097+00:00|ascending|88|(5.805567, 43.921814, 9.452029, 45.824516)",S1A_IW_GRDH_1SDV_20210718T172314_20210718T172339_038835_049522_2695_COG,1,True,S1A_IW_GRDH_1SDV_20210718T172314_20210718T172339_038835_049522_2695_COG,1,S1A,2021-07-18 17:23:14.268314+00:00,2021-07-18 17:23:39.267097+00:00,ascending,88,"[5.805567, 43.921814, 9.452029, 45.824516]",4,4,3,2,11
"S1A|2021-07-18 17:23:39.268595+00:00|2021-07-18 17:24:04.265878+00:00|ascending|88|(5.358194, 45.420658, 9.123812, 47.320641)",S1A_IW_GRDH_1SDV_20210718T172339_20210718T172404_038835_049522_DB41_COG,1,True,S1A_IW_GRDH_1SDV_20210718T172339_20210718T172404_038835_049522_DB41_COG,1,S1A,2021-07-18 17:23:39.268595+00:00,2021-07-18 17:24:04.265878+00:00,ascending,88,"[5.358194, 45.420658, 9.123812, 47.320641]",4,4,3,2,11
"S1A|2021-07-24 05:27:22.456773+00:00|2021-07-24 05:27:47.455942+00:00|descending|168|(8.575728, 44.978386, 12.278456, 46.886497)",S1A_IW_GRDH_1SDV_20210724T052722_20210724T052747_038915_049781_DF3F_COG,1,True,S1A_IW_GRDH_1SDV_20210724T052722_20210724T052747_038915_049781_DF3F_COG,1,S1A,2021-07-24 05:27:22.456773+00:00,2021-07-24 05:27:47.455942+00:00,descending,168,"[8.575728, 44.978386, 12.278456, 46.886497]",4,4,3,2,11
"S1A|2021-07-24 05:27:47.457442+00:00|2021-07-24 05:28:12.455110+00:00|descending|168|(8.245948, 43.479858, 11.887481, 45.384777)",S1A_IW_GRDH_1SDV_20210724T052747_20210724T052812_038915_049781_2DF6_COG,1,True,S1A_IW_GRDH_1SDV_20210724T052747_20210724T052812_038915_049781_2DF6_COG,1,S1A,2021-07-24 05:27:47.457442+00:00,2021-07-24 05:28:12.455110+00:00,descending,168,"[8.245948, 43.479858, 11.887481, 45.384777]",4,4,3,2,11
"S1A|2021-07-25 17:15:08.181052+00:00|2021-07-25 17:15:33.179612+00:00|ascending|15|(7.745413, 44.361919, 11.40382, 46.266659)",S1A_IW_GRDH_1SDV_20210725T171508_20210725T171533_038937_049829_F55E_COG,1,True,S1A_IW_GRDH_1SDV_20210725T171508_20210725T171533_038937_049829_F55E_COG,1,S1A,2021-07-25 17:15:08.181052+00:00,2021-07-25 17:15:33.179612+00:00,ascending,15,"[7.745413, 44.361919, 11.40382, 46.266659]",4,4,3,2,11
"S1A|2021-07-29 05:35:35.367442+00:00|2021-07-29 05:36:00.364993+00:00|descending|66|(6.531409, 45.037853, 10.229207, 46.946808)",S1A_IW_GRDH_1SDV_20210729T053535_20210729T053600_038988_04999A_F8F6_COG,1,True,S1A_IW_GRDH_1SDV_20210729T053535_20210729T053600_038988_04999A_F8F6_COG,1,S1A,2021-07-29 05:35:35.367442+00:00,2021-07-29 05:36:00.364993+00:00,descending,66,"[6.531409, 45.037853, 10.229207, 46.946808]",4,4,3,2,11
"S1A|2021-07-29 05:36:00.366521+00:00|2021-07-29 05:36:25.365574+00:00|descending|66|(6.205987, 43.538631, 9.846846, 45.444275)",S1A_IW_GRDH_1SDV_20210729T053600_20210729T053625_038988_04999A_6E34_COG,1,True,S1A_IW_GRDH_1SDV_20210729T053600_20210729T053625_038988_04999A_6E34_COG,1,S1A,2021-07-29 05:36:00.366521+00:00,2021-07-29 05:36:25.365574+00:00,descending,66,"[6.205987, 43.538631, 9.846846, 45.444275]",4,4,3,2,11
"S1A|2021-07-30 17:23:14.900326+00:00|2021-07-30 17:23:39.898934+00:00|ascending|88|(5.807389, 43.92207, 9.453728, 45.824718)",S1A_IW_GRDH_1SDV_20210730T172314_20210730T172339_039010_049A54_52BE_COG,1,True,S1A_IW_GRDH_1SDV_20210730T172314_20210730T172339_039010_049A54_52BE_COG,1,S1A,2021-07-30 17:23:14.900326+00:00,2021-07-30 17:23:39.898934+00:00,ascending,88,"[5.807389, 43.92207, 9.453728, 45.824718]",4,4,3,2,11
"S1A|2021-07-30 17:23:39.900433+00:00|2021-07-30 17:24:04.899041+00:00|ascending|88|(5.360207, 45.420918, 9.125531, 47.320957)",S1A_IW_GRDH_1SDV_20210730T172339_20210730T172404_039010_049A54_101D_COG,1,True,S1A_IW_GRDH_1SDV_20210730T172339_20210730T172404_039010_049A54_101D_COG,1,S1A,2021-07-30 17:23:39.900433+00:00,2021-07-30 17:24:04.899041+00:00,ascending,88,"[5.360207, 45.420918, 9.125531, 47.320957]",4,4,3,2,11
"S1A|2021-08-05 05:27:23.206105+00:00|2021-08-05 05:27:48.203800+00:00|descending|168|(8.57548, 44.978416, 12.278198, 46.886452)",S1A_IW_GRDH_1SDV_20210805T052723_20210805T052748_039090_049CCC_EECE_COG,1,True,S1A_IW_GRDH_1SDV_20210805T052723_20210805T052748_039090_049CCC_EECE_COG,1,S1A,2021-08-05 05:27:23.206105+00:00,2021-08-05 05:27:48.203800+00:00,descending,168,"[8.57548, 44.978416, 12.278198, 46.886452]",4,4,3,2,11
"S1A|2021-08-05 05:27:48.205300+00:00|2021-08-05 05:28:13.204494+00:00|descending|168|(8.245665, 43.479801, 11.887232, 45.384823)",S1A_IW_GRDH_1SDV_20210805T052748_20210805T052813_039090_049CCC_1EFB_COG,1,True,S1A_IW_GRDH_1SDV_20210805T052748_20210805T052813_039090_049CCC_1EFB_COG,1,S1A,2021-08-05 05:27:48.205300+00:00,2021-08-05 05:28:13.204494+00:00,descending,168,"[8.245665, 43.479801, 11.887232, 45.384823]",4,4,3,2,11
"S1A|2021-08-06 17:15:09.058189+00:00|2021-08-06 17:15:34.056787+00:00|ascending|15|(7.744483, 44.361965, 11.402886, 46.266689)",S1A_IW_GRDH_1SDV_20210806T171509_20210806T171534_039112_049D8B_2302_COG,1,True,S1A_IW_GRDH_1SDV_20210806T171509_20210806T171534_039112_049D8B_2302_COG,1,S1A,2021-08-06 17:15:09.058189+00:00,2021-08-06 17:15:34.056787+00:00,ascending,15,"[7.744483, 44.361965, 11.402886, 46.266689]",4,4,3,2,11
"S1A|2021-08-10 05:35:36.132291+00:00|2021-08-10 05:36:01.131274+00:00|descending|66|(6.530214, 45.037792, 10.227883, 46.946793)",S1A_IW_GRDH_1SDV_20210810T053536_20210810T053601_039163_049F52_A12A_COG,1,True,S1A_IW_GRDH_1SDV_20210810T053536_20210810T053601_039163_049F52_A12A_COG,1,S1A,2021-08-10 05:35:36.132291+00:00,2021-08-10 05:36:01.131274+00:00,descending,66,"[6.530214, 45.037792, 10.227883, 46.946793]",4,4,3,2,11
"S1A|2021-08-10 05:36:01.132775+00:00|2021-08-10 05:36:26.131758+00:00|descending|66|(6.204807, 43.538567, 9.845528, 45.444172)",S1A_IW_GRDH_1SDV_20210810T053601_20210810T053626_039163_049F52_A047_COG,1,True,S1A_IW_GRDH_1SDV_20210810T053601_20210810T053626_039163_049F52_A047_COG,1,S1A,2021-08-10 05:36:01.132775+00:00,2021-08-10 05:36:26.131758+00:00,descending,66,"[6.204807, 43.538567, 9.845528, 45.444172]",4,4,3,2,11
"S1A|2021-08-11 17:23:15.542610+00:00|2021-08-11 17:23:40.541332+00:00|ascending|88|(5.807371, 43.921932, 9.453816, 45.824593)",S1A_IW_GRDH_1SDV_20210811T172315_20210811T172340_039185_04A00C_3715_COG,1,True,S1A_IW_GRDH_1SDV_20210811T172315_20210811T172340_039185_04A00C_3715_COG,1,S1A,2021-08-11 17:23:15.542610+00:00,2021-08-11 17:23:40.541332+00:00,ascending,88,"[5.807371, 43.921932, 9.453816, 45.824593]",4,4,3,2,11
"S1A|2021-08-11 17:23:40.542830+00:00|2021-08-11 17:24:05.541552+00:00|ascending|88|(5.360167, 45.420776, 9.125632, 47.320827)",S1A_IW_GRDH_1SDV_20210811T172340_20210811T172405_039185_04A00C_36C8_COG,1,True,S1A_IW_GRDH_1SDV_20210811T172340_20210811T172405_039185_04A00C_36C8_COG,1,S1A,2021-08-11 17:23:40.542830+00:00,2021-08-11 17:24:05.541552+00:00,ascending,88,"[5.360167, 45.420776, 9.125632, 47.320827]",4,4,3,2,11
"S1A|2021-08-17 05:27:23.740039+00:00|2021-08-17 05:27:48.739252+00:00|descending|168|(8.575969, 44.978352, 12.278946, 46.886478)",S1A_IW_GRDH_1SDV_20210817T052723_20210817T052748_039265_04A2DC_3EB7_COG,1,True,S1A_IW_GRDH_1SDV_20210817T052723_20210817T052748_039265_04A2DC_3EB7_COG,1,S1A,2021-08-17 05:27:23.740039+00:00,2021-08-17 05:27:48.739252+00:00,descending,168,"[8.575969, 44.978352, 12.278946, 46.886478]",4,4,3,2,11
"S1A|2021-08-17 05:27:48.740724+00:00|2021-08-17 05:28:13.739936+00:00|descending|168|(8.246122, 43.47974, 11.887711, 45.384785)",S1A_IW_GRDH_1SDV_20210817T052748_20210817T052813_039265_04A2DC_00C1_COG,1,True,S1A_IW_GRDH_1SDV_20210817T052748_20210817T052813_039265_04A2DC_00C1_COG,1,S1A,2021-08-17 05:27:48.740724+00:00,2021-08-17 05:28:13.739936+00:00,descending,168,"[8.246122, 43.47974, 11.887711, 45.384785]",4,4,3,2,11
"S1A|2021-08-18 17:15:09.585334+00:00|2021-08-18 17:15:34.583959+00:00|ascending|15|(7.74398, 44.361946, 11.402393, 46.266697)",S1A_IW_GRDH_1SDV_20210818T171509_20210818T171534_039287_04A39F_CB04_COG,1,True,S1A_IW_GRDH_1SDV_20210818T171509_20210818T171534_039287_04A39F_CB04_COG,1,S1A,2021-08-18 17:15:09.585334+00:00,2021-08-18 17:15:34.583959+00:00,ascending,15,"[7.74398, 44.361946, 11.402393, 46.266697]",4,4,3,2,11
"S1A|2021-08-22 05:35:36.782697+00:00|2021-08-22 05:36:01.780227+00:00|descending|66|(6.529434, 45.037891, 10.227219, 46.9468)",S1A_IW_GRDH_1SDV_20210822T053536_20210822T053601_039338_04A555_D44D_COG,1,True,S1A_IW_GRDH_1SDV_20210822T053536_20210822T053601_039338_04A555_D44D_COG,1,S1A,2021-08-22 05:35:36.782697+00:00,2021-08-22 05:36:01.780227+00:00,descending,66,"[6.529434, 45.037891, 10.227219, 46.9468]",4,4,3,2,11
"S1A|2021-08-22 05:36:01.781727+00:00|2021-08-22 05:36:26.780757+00:00|descending|66|(6.204067, 43.538662, 9.84488, 45.444271)",S1A_IW_GRDH_1SDV_20210822T053601_20210822T053626_039338_04A555_BFEE_COG,1,True,S1A_IW_GRDH_1SDV_20210822T053601_20210822T053626_039338_04A555_BFEE_COG,1,S1A,2021-08-22 05:36:01.781727+00:00,2021-08-22 05:36:26.780757+00:00,descending,66,"[6.204067, 43.538662, 9.84488, 45.444271]",4,4,3,2,11
"S1A|2021-08-23 17:23:16.245337+00:00|2021-08-23 17:23:41.244037+00:00|ascending|88|(5.807382, 43.922012, 9.453813, 45.824638)",S1A_IW_GRDH_1SDV_20210823T172316_20210823T172341_039360_04A618_E621_COG,1,True,S1A_IW_GRDH_1SDV_20210823T172316_20210823T172341_039360_04A618_E621_COG,1,S1A,2021-08-23 17:23:16.245337+00:00,2021-08-23 17:23:41.244037+00:00,ascending,88,"[5.807382, 43.922012, 9.453813, 45.824638]",4,4,3,2,11
"S1A|2021-08-23 17:23:41.245535+00:00|2021-08-23 17:24:06.244235+00:00|ascending|88|(5.360209, 45.420864, 9.125657, 47.320877)",S1A_IW_GRDH_1SDV_20210823T172341_20210823T172406_039360_04A618_C26A_COG,1,True,S1A_IW_GRDH_1SDV_20210823T172341_20210823T172406_039360_04A618_C26A_COG,1,S1A,2021-08-23 17:23:41.245535+00:00,2021-08-23 17:24:06.244235+00:00,ascending,88,"[5.360209, 45.420864, 9.125657, 47.320877]",4,4,3,2,11
"S1A|2021-08-29 05:27:24.340292+00:00|2021-08-29 05:27:49.339510+00:00|descending|168|(8.576529, 44.978336, 12.279547, 46.886501)",S1A_IW_GRDH_1SDV_20210829T052724_20210829T052749_039440_04A8CE_51E5_COG,1,True,S1A_IW_GRDH_1SDV_20210829T052724_20210829T052749_039440_04A8CE_51E5_COG,1,S1A,2021-08-29 05:27:24.340292+00:00,2021-08-29 05:27:49.339510+00:00,descending,168,"[8.576529, 44.978336, 12.279547, 46.886501]",4,4,3,2,11
"S1A|2021-08-29 05:27:49.341010+00:00|2021-08-29 05:28:14.338728+00:00|descending|168|(8.246537, 43.479816, 11.888262, 45.384819)",S1A_IW_GRDH_1SDV_20210829T052749_20210829T052814_039440_04A8CE_E0CD_COG,1,True,S1A_IW_GRDH_1SDV_20210829T052749_20210829T052814_039440_04A8CE_E0CD_COG,1,S1A,2021-08-29 05:27:49.341010+00:00,2021-08-29 05:28:14.338728+00:00,descending,168,"[8.246537, 43.479816, 11.888262, 45.384819]",4,4,3,2,11
"S1A|2021-08-30 17:15:10.136028+00:00|2021-08-30 17:15:35.133202+00:00|ascending|15|(7.742716, 44.361866, 11.401154, 46.266586)",S1A_IW_GRDH_1SDV_20210830T171510_20210830T171535_039462_04A98E_8E29_COG,1,True,S1A_IW_GRDH_1SDV_20210830T171510_20210830T171535_039462_04A98E_8E29_COG,1,S1A,2021-08-30 17:15:10.136028+00:00,2021-08-30 17:15:35.133202+00:00,ascending,15,"[7.742716, 44.361866, 11.401154, 46.266586]",4,4,3,2,11
"S1A|2021-09-03 05:35:37.232692+00:00|2021-09-03 05:36:02.231748+00:00|descending|66|(6.5312, 45.037754, 10.229015, 46.946838)",S1A_IW_GRDH_1SDV_20210903T053537_20210903T053602_039513_04AB58_73A5_COG,1,True,S1A_IW_GRDH_1SDV_20210903T053537_20210903T053602_039513_04AB58_73A5_COG,1,S1A,2021-09-03 05:35:37.232692+00:00,2021-09-03 05:36:02.231748+00:00,descending,66,"[6.5312, 45.037754, 10.229015, 46.946838]",4,4,3,2,11
"S1A|2021-09-03 05:36:02.233248+00:00|2021-09-03 05:36:27.232304+00:00|descending|66|(6.205857, 43.538532, 9.846622, 45.444202)",S1A_IW_GRDH_1SDV_20210903T053602_20210903T053627_039513_04AB58_BAF3_COG,1,True,S1A_IW_GRDH_1SDV_20210903T053602_20210903T053627_039513_04AB58_BAF3_COG,1,S1A,2021-09-03 05:36:02.233248+00:00,2021-09-03 05:36:27.232304+00:00,descending,66,"[6.205857, 43.538532, 9.846622, 45.444202]",4,4,3,2,11
"S1A|2021-09-04 17:23:16.746404+00:00|2021-09-04 17:23:41.745166+00:00|ascending|88|(5.806417, 43.921963, 9.45301, 45.824657)",S1A_IW_GRDH_1SDV_20210904T172316_20210904T172341_039535_04AC1B_A261_COG,1,True,S1A_IW_GRDH_1SDV_20210904T172316_20210904T172341_039535_04AC1B_A261_COG,1,S1A,2021-09-04 17:23:16.746404+00:00,2021-09-04 17:23:41.745166+00:00,ascending,88,"[5.806417, 43.921963, 9.45301, 45.824657]",4,4,3,2,11
"S1A|2021-09-04 17:23:41.746664+00:00|2021-09-04 17:24:06.745427+00:00|ascending|88|(5.359023, 45.420807, 9.124677, 47.320858)",S1A_IW_GRDH_1SDV_20210904T172341_20210904T172406_039535_04AC1B_1DCF_COG,1,True,S1A_IW_GRDH_1SDV_20210904T172341_20210904T172406_039535_04AC1B_1DCF_COG,1,S1A,2021-09-04 17:23:41.746664+00:00,2021-09-04 17:24:06.745427+00:00,ascending,88,"[5.359023, 45.420807, 9.124677, 47.320858]",4,4,3,2,11
"S1A|2021-09-10 05:27:24.936610+00:00|2021-09-10 05:27:49.934392+00:00|descending|168|(8.575916, 44.978394, 12.278985, 46.886429)",S1A_IW_GRDH_1SDV_20210910T052724_20210910T052749_039615_04AEE1_CA8F_COG,1,True,S1A_IW_GRDH_1SDV_20210910T052724_20210910T052749_039615_04AEE1_CA8F_COG,1,S1A,2021-09-10 05:27:24.936610+00:00,2021-09-10 05:27:49.934392+00:00,descending,168,"[8.575916, 44.978394, 12.278985, 46.886429]",4,4,3,2,11
"S1A|2021-09-10 05:27:49.935891+00:00|2021-09-10 05:28:14.935173+00:00|descending|168|(8.246093, 43.479778, 11.887791, 45.384823)",S1A_IW_GRDH_1SDV_20210910T052749_20210910T052814_039615_04AEE1_668E_COG,1,True,S1A_IW_GRDH_1SDV_20210910T052749_20210910T052814_039615_04AEE1_668E_COG,1,S1A,2021-09-10 05:27:49.935891+00:00,2021-09-10 05:28:14.935173+00:00,descending,168,"[8.246093, 43.479778, 11.887791, 45.384823]",4,4,3,2,11
"S1A|2021-09-11 17:15:10.762840+00:00|2021-09-11 17:15:35.761429+00:00|ascending|15|(7.743701, 44.362, 11.402128, 46.266769)",S1A_IW_GRDH_1SDV_20210911T171510_20210911T171535_039637_04AFA1_0CEC_COG,1,True,S1A_IW_GRDH_1SDV_20210911T171510_20210911T171535_039637_04AFA1_0CEC_COG,1,S1A,2021-09-11 17:15:10.762840+00:00,2021-09-11 17:15:35.761429+00:00,ascending,15,"[7.743701, 44.362, 11.402128, 46.266769]",4,4,3,2,11
"S1A|2021-09-15 05:35:37.798959+00:00|2021-09-15 05:36:02.798103+00:00|descending|66|(6.531275, 45.037773, 10.229176, 46.946899)",S1A_IW_GRDH_1SDV_20210915T053537_20210915T053602_039688_04B16E_A695_COG,1,True,S1A_IW_GRDH_1SDV_20210915T053537_20210915T053602_039688_04B16E_A695_COG,1,S1A,2021-09-15 05:35:37.798959+00:00,2021-09-15 05:36:02.798103+00:00,descending,66,"[6.531275, 45.037773, 10.229176, 46.946899]",4,4,3,2,11
"S1A|2021-09-15 05:36:02.799603+00:00|2021-09-15 05:36:27.797247+00:00|descending|66|(6.205941, 43.538647, 9.84682, 45.44426)",S1A_IW_GRDH_1SDV_20210915T053602_20210915T053627_039688_04B16E_0B51_COG,1,True,S1A_IW_GRDH_1SDV_20210915T053602_20210915T053627_039688_04B16E_0B51_COG,1,S1A,2021-09-15 05:36:02.799603+00:00,2021-09-15 05:36:27.797247+00:00,descending,66,"[6.205941, 43.538647, 9.84682, 45.44426]",4,4,3,2,11
"S1A|2021-09-16 17:23:17.233422+00:00|2021-09-16 17:23:42.232144+00:00|ascending|88|(5.806211, 43.922016, 9.452823, 45.824718)",S1A_IW_GRDH_1SDV_20210916T172317_20210916T172342_039710_04B214_2912_COG,1,True,S1A_IW_GRDH_1SDV_20210916T172317_20210916T172342_039710_04B214_2912_COG,1,S1A,2021-09-16 17:23:17.233422+00:00,2021-09-16 17:23:42.232144+00:00,ascending,88,"[5.806211, 43.922016, 9.452823, 45.824718]",4,4,3,2,11
"S1A|2021-09-16 17:23:42.233643+00:00|2021-09-16 17:24:07.232365+00:00|ascending|88|(5.35879, 45.42086, 9.124471, 47.320919)",S1A_IW_GRDH_1SDV_20210916T172342_20210916T172407_039710_04B214_F1CA_COG,1,True,S1A_IW_GRDH_1SDV_20210916T172342_20210916T172407_039710_04B214_F1CA_COG,1,S1A,2021-09-16 17:23:42.233643+00:00,2021-09-16 17:24:07.232365+00:00,ascending,88,"[5.35879, 45.42086, 9.124471, 47.320919]",4,4,3,2,11
"S1A|2021-09-22 05:27:25.323403+00:00|2021-09-22 05:27:50.321258+00:00|descending|168|(8.576312, 44.978497, 12.279513, 46.886551)",S1A_IW_GRDH_1SDV_20210922T052725_20210922T052750_039790_04B4CC_C9E8_COG,1,True,S1A_IW_GRDH_1SDV_20210922T052725_20210922T052750_039790_04B4CC_C9E8_COG,1,S1A,2021-09-22 05:27:25.323403+00:00,2021-09-22 05:27:50.321258+00:00,descending,168,"[8.576312, 44.978497, 12.279513, 46.886551]",4,4,3,2,11
"S1A|2021-09-22 05:27:50.322758+00:00|2021-09-22 05:28:15.322113+00:00|descending|168|(8.246479, 43.479881, 11.888317, 45.384945)",S1A_IW_GRDH_1SDV_20210922T052750_20210922T052815_039790_04B4CC_BDB4_COG,1,True,S1A_IW_GRDH_1SDV_20210922T052750_20210922T052815_039790_04B4CC_BDB4_COG,1,S1A,2021-09-22 05:27:50.322758+00:00,2021-09-22 05:28:15.322113+00:00,descending,168,"[8.246479, 43.479881, 11.888317, 45.384945]",4,4,3,2,11
"S1A|2021-09-23 17:15:11.148544+00:00|2021-09-23 17:15:36.145713+00:00|ascending|15|(7.74454, 44.362041, 11.403048, 46.266701)",S1A_IW_GRDH_1SDV_20210923T171511_20210923T171536_039812_04B582_6DBA_COG,1,True,S1A_IW_GRDH_1SDV_20210923T171511_20210923T171536_039812_04B582_6DBA_COG,1,S1A,2021-09-23 17:15:11.148544+00:00,2021-09-23 17:15:36.145713+00:00,ascending,15,"[7.74454, 44.362041, 11.403048, 46.266701]",4,4,3,2,11
"S1A|2021-09-27 05:35:38.233743+00:00|2021-09-27 05:36:03.231507+00:00|descending|66|(6.530843, 45.037968, 10.22894, 46.947002)",S1A_IW_GRDH_1SDV_20210927T053538_20210927T053603_039863_04B74D_3AFF_COG,1,True,S1A_IW_GRDH_1SDV_20210927T053538_20210927T053603_039863_04B74D_3AFF_COG,1,S1A,2021-09-27 05:35:38.233743+00:00,2021-09-27 05:36:03.231507+00:00,descending,66,"[6.530843, 45.037968, 10.22894, 46.947002]",4,4,3,2,11
"S1A|2021-09-27 05:36:03.233007+00:00|2021-09-27 05:36:28.232272+00:00|descending|66|(6.205361, 43.53875, 9.846527, 45.444473)",S1A_IW_GRDH_1SDV_20210927T053603_20210927T053628_039863_04B74D_6282_COG,1,True,S1A_IW_GRDH_1SDV_20210927T053603_20210927T053628_039863_04B74D_6282_COG,1,S1A,2021-09-27 05:36:03.233007+00:00,2021-09-27 05:36:28.232272+00:00,descending,66,"[6.205361, 43.53875, 9.846527, 45.444473]",4,4,3,2,11
"S1A|2021-09-28 17:23:17.634698+00:00|2021-09-28 17:23:42.632025+00:00|ascending|88|(5.805171, 43.922009, 9.451905, 45.824654)",S1A_IW_GRDH_1SDV_20210928T172317_20210928T172342_039885_04B817_1239_COG,1,True,S1A_IW_GRDH_1SDV_20210928T172317_20210928T172342_039885_04B817_1239_COG,1,S1A,2021-09-28 17:23:17.634698+00:00,2021-09-28 17:23:42.632025+00:00,ascending,88,"[5.805171, 43.922009, 9.451905, 45.824654]",4,4,3,2,11
"S1A|2021-09-28 17:23:42.633524+00:00|2021-09-28 17:24:07.632349+00:00|ascending|88|(5.357724, 45.420761, 9.123547, 47.32085)",S1A_IW_GRDH_1SDV_20210928T172342_20210928T172407_039885_04B817_42D6_COG,1,True,S1A_IW_GRDH_1SDV_20210928T172342_20210928T172407_039885_04B817_42D6_COG,1,S1A,2021-09-28 17:23:42.633524+00:00,2021-09-28 17:24:07.632349+00:00,ascending,88,"[5.357724, 45.420761, 9.123547, 47.32085]",4,4,3,2,11
"S1A|2022-04-02 05:27:22.132619+00:00|2022-04-02 05:27:47.130566+00:00|descending|168|(8.571779, 44.977512, 12.28452, 46.886959)",S1A_IW_GRDH_1SDV_20220402T052722_20220402T052747_042590_0514A4_6F1A_COG,1,True,S1A_IW_GRDH_1SDV_20220402T052722_20220402T052747_042590_0514A4_6F1A_COG,1,S1A,2022-04-02 05:27:22.132619+00:00,2022-04-02 05:27:47.130566+00:00,descending,168,"[8.571779, 44.977512, 12.28452, 46.886959]",4,4,3,2,11
"S1A|2022-04-02 05:27:47.132010+00:00|2022-04-02 05:28:12.129953+00:00|descending|168|(8.242032, 43.478977, 11.89391, 45.385258)",S1A_IW_GRDH_1SDV_20220402T052747_20220402T052812_042590_0514A4_6AB9_COG,1,True,S1A_IW_GRDH_1SDV_20220402T052747_20220402T052812_042590_0514A4_6AB9_COG,1,S1A,2022-04-02 05:27:47.132010+00:00,2022-04-02 05:28:12.129953+00:00,descending,168,"[8.242032, 43.478977, 11.89391, 45.385258]",4,4,3,2,11
"S1A|2022-04-03 17:15:07.939034+00:00|2022-04-03 17:15:32.937810+00:00|ascending|15|(7.743061, 44.361687, 11.401566, 46.26646)",S1A_IW_GRDH_1SDV_20220403T171507_20220403T171532_042612_051565_A3CA_COG,1,True,S1A_IW_GRDH_1SDV_20220403T171507_20220403T171532_042612_051565_A3CA_COG,1,S1A,2022-04-03 17:15:07.939034+00:00,2022-04-03 17:15:32.937810+00:00,ascending,15,"[7.743061, 44.361687, 11.401566, 46.26646]",4,4,3,2,11
"S1A|2022-04-07 05:35:34.762425+00:00|2022-04-07 05:35:59.762195+00:00|descending|66|(6.528852, 45.036797, 10.237121, 46.947262)",S1A_IW_GRDH_1SDV_20220407T053534_20220407T053559_042663_051713_92B8_COG,1,True,S1A_IW_GRDH_1SDV_20220407T053534_20220407T053559_042663_051713_92B8_COG,1,S1A,2022-04-07 05:35:34.762425+00:00,2022-04-07 05:35:59.762195+00:00,descending,66,"[6.528852, 45.036797, 10.237121, 46.947262]",4,4,3,2,11
"S1A|2022-04-07 05:35:59.763695+00:00|2022-04-07 05:36:24.761966+00:00|descending|66|(6.203456, 43.537621, 9.854533, 45.444592)",S1A_IW_GRDH_1SDV_20220407T053559_20220407T053624_042663_051713_45F5_COG,1,True,S1A_IW_GRDH_1SDV_20220407T053559_20220407T053624_042663_051713_45F5_COG,1,S1A,2022-04-07 05:35:59.763695+00:00,2022-04-07 05:36:24.761966+00:00,descending,66,"[6.203456, 43.537621, 9.854533, 45.444592]",4,4,3,2,11
"S1A|2022-04-08 17:23:14.254965+00:00|2022-04-08 17:23:39.252278+00:00|ascending|88|(5.806319, 43.921791, 9.452754, 45.824402)",S1A_IW_GRDH_1SDV_20220408T172314_20220408T172339_042685_0517D6_6363_COG,1,True,S1A_IW_GRDH_1SDV_20220408T172314_20220408T172339_042685_0517D6_6363_COG,1,S1A,2022-04-08 17:23:14.254965+00:00,2022-04-08 17:23:39.252278+00:00,ascending,88,"[5.806319, 43.921791, 9.452754, 45.824402]",4,4,3,2,11
"S1A|2022-04-08 17:23:39.253777+00:00|2022-04-08 17:24:04.252589+00:00|ascending|88|(5.358914, 45.420547, 9.124557, 47.320618)",S1A_IW_GRDH_1SDV_20220408T172339_20220408T172404_042685_0517D6_6D13_COG,1,True,S1A_IW_GRDH_1SDV_20220408T172339_20220408T172404_042685_0517D6_6D13_COG,1,S1A,2022-04-08 17:23:39.253777+00:00,2022-04-08 17:24:04.252589+00:00,ascending,88,"[5.358914, 45.420547, 9.124557, 47.320618]",4,4,3,2,11
"S1A|2022-04-15 17:15:08.085772+00:00|2022-04-15 17:15:33.084397+00:00|ascending|15|(7.744182, 44.361874, 11.402571, 46.266621)",S1A_IW_GRDH_1SDV_20220415T171508_20220415T171533_042787_051B4B_0534_COG,1,True,S1A_IW_GRDH_1SDV_20220415T171508_20220415T171533_042787_051B4B_0534_COG,1,S1A,2022-04-15 17:15:08.085772+00:00,2022-04-15 17:15:33.084397+00:00,ascending,15,"[7.744182, 44.361874, 11.402571, 46.266621]",4,4,3,2,11
"S1A|2022-04-19 05:35:35.324280+00:00|2022-04-19 05:36:00.322612+00:00|descending|66|(6.528005, 45.036846, 10.236221, 46.947212)",S1A_IW_GRDH_1SDV_20220419T053535_20220419T053600_042838_051CF1_AC33_COG,1,True,S1A_IW_GRDH_1SDV_20220419T053535_20220419T053600_042838_051CF1_AC33_COG,1,S1A,2022-04-19 05:35:35.324280+00:00,2022-04-19 05:36:00.322612+00:00,descending,66,"[6.528005, 45.036846, 10.236221, 46.947212]",4,4,3,2,11
"S1A|2022-04-19 05:36:00.324112+00:00|2022-04-19 05:36:25.322445+00:00|descending|66|(6.20263, 43.53767, 9.853693, 45.444626)",S1A_IW_GRDH_1SDV_20220419T053600_20220419T053625_042838_051CF1_660C_COG,1,True,S1A_IW_GRDH_1SDV_20220419T053600_20220419T053625_042838_051CF1_660C_COG,1,S1A,2022-04-19 05:36:00.324112+00:00,2022-04-19 05:36:25.322445+00:00,descending,66,"[6.20263, 43.53767, 9.853693, 45.444626]",4,4,3,2,11
"S1A|2022-04-20 17:23:14.757118+00:00|2022-04-20 17:23:39.755828+00:00|ascending|88|(5.806437, 43.921856, 9.452902, 45.824551)",S1A_IW_GRDH_1SDV_20220420T172314_20220420T172339_042860_051DB3_E4C1_COG,1,True,S1A_IW_GRDH_1SDV_20220420T172314_20220420T172339_042860_051DB3_E4C1_COG,1,S1A,2022-04-20 17:23:14.757118+00:00,2022-04-20 17:23:39.755828+00:00,ascending,88,"[5.806437, 43.921856, 9.452902, 45.824551]",4,4,3,2,11
"S1A|2022-04-20 17:23:39.757353+00:00|2022-04-20 17:24:04.756066+00:00|ascending|88|(5.359038, 45.420704, 9.124687, 47.320766)",S1A_IW_GRDH_1SDV_20220420T172339_20220420T172404_042860_051DB3_9253_COG,1,True,S1A_IW_GRDH_1SDV_20220420T172339_20220420T172404_042860_051DB3_9253_COG,1,S1A,2022-04-20 17:23:39.757353+00:00,2022-04-20 17:24:04.756066+00:00,ascending,88,"[5.359038, 45.420704, 9.124687, 47.320766]",4,4,3,2,11
"S1A|2022-04-26 05:27:23.033673+00:00|2022-04-26 05:27:48.033143+00:00|descending|168|(8.572799, 44.977413, 12.285661, 46.886974)",S1A_IW_GRDH_1SDV_20220426T052723_20220426T052748_042940_05204A_86FC_COG,1,True,S1A_IW_GRDH_1SDV_20220426T052723_20220426T052748_042940_05204A_86FC_COG,1,S1A,2022-04-26 05:27:23.033673+00:00,2022-04-26 05:27:48.033143+00:00,descending,168,"[8.572799, 44.977413, 12.285661, 46.886974]",4,4,3,2,11
"S1A|2022-04-26 05:27:48.034642+00:00|2022-04-26 05:28:13.032611+00:00|descending|168|(8.243166, 43.478874, 11.894917, 45.385178)",S1A_IW_GRDH_1SDV_20220426T052748_20220426T052813_042940_05204A_187B_COG,1,True,S1A_IW_GRDH_1SDV_20220426T052748_20220426T052813_042940_05204A_187B_COG,1,S1A,2022-04-26 05:27:48.034642+00:00,2022-04-26 05:28:13.032611+00:00,descending,168,"[8.243166, 43.478874, 11.894917, 45.385178]",4,4,3,2,11
"S1A|2022-04-27 17:15:08.765450+00:00|2022-04-27 17:15:33.763817+00:00|ascending|15|(7.744262, 44.361847, 11.40227, 46.266521)",S1A_IW_GRDH_1SDV_20220427T171508_20220427T171533_042962_052109_A880_COG,1,True,S1A_IW_GRDH_1SDV_20220427T171508_20220427T171533_042962_052109_A880_COG,1,S1A,2022-04-27 17:15:08.765450+00:00,2022-04-27 17:15:33.763817+00:00,ascending,15,"[7.744262, 44.361847, 11.40227, 46.266521]",4,4,3,2,11
"S1A|2022-05-01 05:35:35.841987+00:00|2022-05-01 05:36:00.840308+00:00|descending|66|(6.527864, 45.036839, 10.236083, 46.947182)",S1A_IW_GRDH_1SDV_20220501T053535_20220501T053600_043013_0522BA_D634_COG,1,True,S1A_IW_GRDH_1SDV_20220501T053535_20220501T053600_043013_0522BA_D634_COG,1,S1A,2022-05-01 05:35:35.841987+00:00,2022-05-01 05:36:00.840308+00:00,descending,66,"[6.527864, 45.036839, 10.236083, 46.947182]",4,4,3,2,11
"S1A|2022-05-01 05:36:00.841808+00:00|2022-05-01 05:36:25.840130+00:00|descending|66|(6.202629, 43.537659, 9.853556, 45.444584)",S1A_IW_GRDH_1SDV_20220501T053600_20220501T053625_043013_0522BA_2D08_COG,1,True,S1A_IW_GRDH_1SDV_20220501T053600_20220501T053625_043013_0522BA_2D08_COG,1,S1A,2022-05-01 05:36:00.841808+00:00,2022-05-01 05:36:25.840130+00:00,descending,66,"[6.202629, 43.537659, 9.853556, 45.444584]",4,4,3,2,11
"S1A|2022-05-02 17:23:15.163387+00:00|2022-05-02 17:23:40.162064+00:00|ascending|88|(5.807715, 43.921925, 9.454036, 45.82457)",S1A_IW_GRDH_1SDV_20220502T172315_20220502T172340_043035_052376_9E59_COG,1,True,S1A_IW_GRDH_1SDV_20220502T172315_20220502T172340_043035_052376_9E59_COG,1,S1A,2022-05-02 17:23:15.163387+00:00,2022-05-02 17:23:40.162064+00:00,ascending,88,"[5.807715, 43.921925, 9.454036, 45.82457]",4,4,3,2,11
"S1A|2022-05-02 17:23:40.163562+00:00|2022-05-02 17:24:05.162238+00:00|ascending|88|(5.360515, 45.420773, 9.12585, 47.320805)",S1A_IW_GRDH_1SDV_20220502T172340_20220502T172405_043035_052376_238C_COG,1,True,S1A_IW_GRDH_1SDV_20220502T172340_20220502T172405_043035_052376_238C_COG,1,S1A,2022-05-02 17:23:40.163562+00:00,2022-05-02 17:24:05.162238+00:00,ascending,88,"[5.360515, 45.420773, 9.12585, 47.320805]",4,4,3,2,11
"S1A|2022-05-08 05:27:23.405881+00:00|2022-05-08 05:27:48.403954+00:00|descending|168|(8.575365, 44.977478, 12.288968, 46.886955)",S1A_IW_GRDH_1SDV_20220508T052723_20220508T052748_043115_052620_A7E5_COG,1,True,S1A_IW_GRDH_1SDV_20220508T052723_20220508T052748_043115_052620_A7E5_COG,1,S1A,2022-05-08 05:27:23.405881+00:00,2022-05-08 05:27:48.403954+00:00,descending,168,"[8.575365, 44.977478, 12.288968, 46.886955]",4,4,3,2,11
"S1A|2022-05-08 05:27:48.405453+00:00|2022-05-08 05:28:13.403527+00:00|descending|168|(8.245678, 43.478947, 11.8976, 45.385311)",S1A_IW_GRDH_1SDV_20220508T052748_20220508T052813_043115_052620_3497_COG,1,True,S1A_IW_GRDH_1SDV_20220508T052748_20220508T052813_043115_052620_3497_COG,1,S1A,2022-05-08 05:27:48.405453+00:00,2022-05-08 05:28:13.403527+00:00,descending,168,"[8.245678, 43.478947, 11.8976, 45.385311]",4,4,3,2,11
"S1A|2022-05-09 17:15:09.351145+00:00|2022-05-09 17:15:34.349801+00:00|ascending|15|(7.743842, 44.361813, 11.402222, 46.266609)",S1A_IW_GRDH_1SDV_20220509T171509_20220509T171534_043137_0526DF_1E7F_COG,1,True,S1A_IW_GRDH_1SDV_20220509T171509_20220509T171534_043137_0526DF_1E7F_COG,1,S1A,2022-05-09 17:15:09.351145+00:00,2022-05-09 17:15:34.349801+00:00,ascending,15,"[7.743842, 44.361813, 11.402222, 46.266609]",4,4,3,2,11
"S1A|2022-05-13 05:35:36.655570+00:00|2022-05-13 05:36:01.653921+00:00|descending|66|(6.528117, 45.036839, 10.236374, 46.94722)",S1A_IW_GRDH_1SDV_20220513T053536_20220513T053601_043188_052869_0F3F_COG,1,True,S1A_IW_GRDH_1SDV_20220513T053536_20220513T053601_043188_052869_0F3F_COG,1,S1A,2022-05-13 05:35:36.655570+00:00,2022-05-13 05:36:01.653921+00:00,descending,66,"[6.528117, 45.036839, 10.236374, 46.94722]",4,4,3,2,11
"S1A|2022-05-13 05:36:01.655421+00:00|2022-05-13 05:36:26.655271+00:00|descending|66|(6.202829, 43.537575, 9.853799, 45.444626)",S1A_IW_GRDH_1SDV_20220513T053601_20220513T053626_043188_052869_445D_COG,1,True,S1A_IW_GRDH_1SDV_20220513T053601_20220513T053626_043188_052869_445D_COG,1,S1A,2022-05-13 05:36:01.655421+00:00,2022-05-13 05:36:26.655271+00:00,descending,66,"[6.202829, 43.537575, 9.853799, 45.444626]",4,4,3,2,11
"S1A|2022-05-14 17:23:16.165990+00:00|2022-05-14 17:23:41.163144+00:00|ascending|88|(5.806426, 43.921989, 9.452724, 45.824543)",S1A_IW_GRDH_1SDV_20220514T172316_20220514T172341_043210_05291B_BBBF_COG,1,True,S1A_IW_GRDH_1SDV_20220514T172316_20220514T172341_043210_05291B_BBBF_COG,1,S1A,2022-05-14 17:23:16.165990+00:00,2022-05-14 17:23:41.163144+00:00,ascending,88,"[5.806426, 43.921989, 9.452724, 45.824543]",4,4,3,2,11
"S1A|2022-05-14 17:23:41.164642+00:00|2022-05-14 17:24:06.163294+00:00|ascending|88|(5.359065, 45.42075, 9.12456, 47.320763)",S1A_IW_GRDH_1SDV_20220514T172341_20220514T172406_043210_05291B_DAF9_COG,1,True,S1A_IW_GRDH_1SDV_20220514T172341_20220514T172406_043210_05291B_DAF9_COG,1,S1A,2022-05-14 17:23:41.164642+00:00,2022-05-14 17:24:06.163294+00:00,ascending,88,"[5.359065, 45.42075, 9.12456, 47.320763]",4,4,3,2,11
"S1A|2022-05-20 05:27:24.208418+00:00|2022-05-20 05:27:49.206442+00:00|descending|168|(8.575272, 44.977413, 12.288747, 46.886864)",S1A_IW_GRDH_1SDV_20220520T052724_20220520T052749_043290_052B73_B57F_COG,1,True,S1A_IW_GRDH_1SDV_20220520T052724_20220520T052749_043290_052B73_B57F_COG,1,S1A,2022-05-20 05:27:24.208418+00:00,2022-05-20 05:27:49.206442+00:00,descending,168,"[8.575272, 44.977413, 12.288747, 46.886864]",4,4,3,2,11
"S1A|2022-05-20 05:27:49.207941+00:00|2022-05-20 05:28:14.205965+00:00|descending|168|(8.245473, 43.478882, 11.89738, 45.385231)",S1A_IW_GRDH_1SDV_20220520T052749_20220520T052814_043290_052B73_12C7_COG,1,True,S1A_IW_GRDH_1SDV_20220520T052749_20220520T052814_043290_052B73_12C7_COG,1,S1A,2022-05-20 05:27:49.207941+00:00,2022-05-20 05:28:14.205965+00:00,descending,168,"[8.245473, 43.478882, 11.89738, 45.385231]",4,4,3,2,11
"S1A|2022-05-21 17:15:10.153278+00:00|2022-05-21 17:15:35.151887+00:00|ascending|15|(7.74403, 44.361813, 11.40233, 46.266598)",S1A_IW_GRDH_1SDV_20220521T171510_20220521T171535_043312_052C17_05BC_COG,1,True,S1A_IW_GRDH_1SDV_20220521T171510_20220521T171535_043312_052C17_05BC_COG,1,S1A,2022-05-21 17:15:10.153278+00:00,2022-05-21 17:15:35.151887+00:00,ascending,15,"[7.74403, 44.361813, 11.40233, 46.266598]",4,4,3,2,11
"S1A|2022-05-25 05:35:37.164160+00:00|2022-05-25 05:36:02.162446+00:00|descending|66|(6.52905, 45.036781, 10.23727, 46.94714)",S1A_IW_GRDH_1SDV_20220525T053537_20220525T053602_043363_052DA0_52DC_COG,1,True,S1A_IW_GRDH_1SDV_20220525T053537_20220525T053602_043363_052DA0_52DC_COG,1,S1A,2022-05-25 05:35:37.164160+00:00,2022-05-25 05:36:02.162446+00:00,descending,66,"[6.52905, 45.036781, 10.23727, 46.94714]",4,4,3,2,11
"S1A|2022-05-25 05:36:02.163890+00:00|2022-05-25 05:36:27.163673+00:00|descending|66|(6.203783, 43.537518, 9.854736, 45.444546)",S1A_IW_GRDH_1SDV_20220525T053602_20220525T053627_043363_052DA0_B671_COG,1,True,S1A_IW_GRDH_1SDV_20220525T053602_20220525T053627_043363_052DA0_B671_COG,1,S1A,2022-05-25 05:36:02.163890+00:00,2022-05-25 05:36:27.163673+00:00,descending,66,"[6.203783, 43.537518, 9.854736, 45.444546]",4,4,3,2,11
"S1A|2022-05-26 17:23:16.697457+00:00|2022-05-26 17:23:41.696157+00:00|ascending|88|(5.806931, 43.921883, 9.453405, 45.824577)",S1A_IW_GRDH_1SDV_20220526T172316_20220526T172341_043385_052E4C_2B15_COG,1,True,S1A_IW_GRDH_1SDV_20220526T172316_20220526T172341_043385_052E4C_2B15_COG,1,S1A,2022-05-26 17:23:16.697457+00:00,2022-05-26 17:23:41.696157+00:00,ascending,88,"[5.806931, 43.921883, 9.453405, 45.824577]",4,4,3,2,11
"S1A|2022-05-26 17:23:41.697655+00:00|2022-05-26 17:24:06.696355+00:00|ascending|88|(5.359526, 45.420727, 9.125054, 47.320778)",S1A_IW_GRDH_1SDV_20220526T172341_20220526T172406_043385_052E4C_274D_COG,1,True,S1A_IW_GRDH_1SDV_20220526T172341_20220526T172406_043385_052E4C_274D_COG,1,S1A,2022-05-26 17:23:41.697655+00:00,2022-05-26 17:24:06.696355+00:00,ascending,88,"[5.359526, 45.420727, 9.125054, 47.320778]",4,4,3,2,11
"S1A|2022-06-01 05:27:25.339924+00:00|2022-06-01 05:27:50.339457+00:00|descending|168|(8.573009, 44.977413, 12.286472, 46.886951)",S1A_IW_GRDH_1SDV_20220601T052725_20220601T052750_043465_0530A1_60B9_COG,1,True,S1A_IW_GRDH_1SDV_20220601T052725_20220601T052750_043465_0530A1_60B9_COG,1,S1A,2022-06-01 05:27:25.339924+00:00,2022-06-01 05:27:50.339457+00:00,descending,168,"[8.573009, 44.977413, 12.286472, 46.886951]",4,4,3,2,11
"S1A|2022-06-01 05:27:50.340957+00:00|2022-06-01 05:28:15.338991+00:00|descending|168|(8.243352, 43.478882, 11.89525, 45.385201)",S1A_IW_GRDH_1SDV_20220601T052750_20220601T052815_043465_0530A1_D7A9_COG,1,True,S1A_IW_GRDH_1SDV_20220601T052750_20220601T052815_043465_0530A1_D7A9_COG,1,S1A,2022-06-01 05:27:50.340957+00:00,2022-06-01 05:28:15.338991+00:00,descending,168,"[8.243352, 43.478882, 11.89525, 45.385201]",4,4,3,2,11
"S1A|2022-06-02 17:15:11.272763+00:00|2022-06-02 17:15:36.271459+00:00|ascending|15|(7.742894, 44.361713, 11.401277, 46.266499)",S1A_IW_GRDH_1SDV_20220602T171511_20220602T171536_043487_05313E_11DC_COG,1,True,S1A_IW_GRDH_1SDV_20220602T171511_20220602T171536_043487_05313E_11DC_COG,1,S1A,2022-06-02 17:15:11.272763+00:00,2022-06-02 17:15:36.271459+00:00,ascending,15,"[7.742894, 44.361713, 11.401277, 46.266499]",4,4,3,2,11
"S1A|2022-06-06 05:35:38.591888+00:00|2022-06-06 05:36:03.590221+00:00|descending|66|(6.527586, 45.036762, 10.235913, 46.947182)",S1A_IW_GRDH_1SDV_20220606T053538_20220606T053603_043538_0532CD_B884_COG,1,True,S1A_IW_GRDH_1SDV_20220606T053538_20220606T053603_043538_0532CD_B884_COG,1,S1A,2022-06-06 05:35:38.591888+00:00,2022-06-06 05:36:03.590221+00:00,descending,66,"[6.527586, 45.036762, 10.235913, 46.947182]",4,4,3,2,11
"S1A|2022-06-06 05:36:03.591720+00:00|2022-06-06 05:36:28.590053+00:00|descending|66|(6.202297, 43.53759, 9.853387, 45.44458)",S1A_IW_GRDH_1SDV_20220606T053603_20220606T053628_043538_0532CD_4BE8_COG,1,True,S1A_IW_GRDH_1SDV_20220606T053603_20220606T053628_043538_0532CD_4BE8_COG,1,S1A,2022-06-06 05:36:03.591720+00:00,2022-06-06 05:36:28.590053+00:00,descending,66,"[6.202297, 43.53759, 9.853387, 45.44458]",4,4,3,2,11
"S1A|2022-06-07 17:23:18.074334+00:00|2022-06-07 17:23:43.071657+00:00|ascending|88|(5.804373, 43.921814, 9.450952, 45.824459)",S1A_IW_GRDH_1SDV_20220607T172318_20220607T172343_043560_05337D_C456_COG,1,True,S1A_IW_GRDH_1SDV_20220607T172318_20220607T172343_043560_05337D_C456_COG,1,S1A,2022-06-07 17:23:18.074334+00:00,2022-06-07 17:23:43.071657+00:00,ascending,88,"[5.804373, 43.921814, 9.450952, 45.824459]",4,4,3,2,11
"S1A|2022-06-07 17:23:43.073155+00:00|2022-06-07 17:24:08.071976+00:00|ascending|88|(5.356946, 45.420567, 9.122608, 47.320656)",S1A_IW_GRDH_1SDV_20220607T172343_20220607T172408_043560_05337D_6C1B_COG,1,True,S1A_IW_GRDH_1SDV_20220607T172343_20220607T172408_043560_05337D_6C1B_COG,1,S1A,2022-06-07 17:23:43.073155+00:00,2022-06-07 17:24:08.071976+00:00,ascending,88,"[5.356946, 45.420567, 9.122608, 47.320656]",4,4,3,2,11
"S1A|2022-06-13 05:27:26.113538+00:00|2022-06-13 05:27:51.113087+00:00|descending|168|(8.572577, 44.977428, 12.285505, 46.886955)",S1A_IW_GRDH_1SDV_20220613T052726_20220613T052751_043640_0535D2_913C_COG,1,True,S1A_IW_GRDH_1SDV_20220613T052726_20220613T052751_043640_0535D2_913C_COG,1,S1A,2022-06-13 05:27:26.113538+00:00,2022-06-13 05:27:51.113087+00:00,descending,168,"[8.572577, 44.977428, 12.285505, 46.886955]",4,4,3,2,11
"S1A|2022-06-13 05:27:51.114587+00:00|2022-06-13 05:28:16.112636+00:00|descending|168|(8.24283, 43.478893, 11.894701, 45.385181)",S1A_IW_GRDH_1SDV_20220613T052751_20220613T052816_043640_0535D2_8CB5_COG,1,True,S1A_IW_GRDH_1SDV_20220613T052751_20220613T052816_043640_0535D2_8CB5_COG,1,S1A,2022-06-13 05:27:51.114587+00:00,2022-06-13 05:28:16.112636+00:00,descending,168,"[8.24283, 43.478893, 11.894701, 45.385181]",4,4,3,2,11
"S1A|2022-06-14 17:15:11.855798+00:00|2022-06-14 17:15:36.854421+00:00|ascending|15|(7.745141, 44.36195, 11.403486, 46.26667)",S1A_IW_GRDH_1SDV_20220614T171511_20220614T171536_043662_053678_4E76_COG,1,True,S1A_IW_GRDH_1SDV_20220614T171511_20220614T171536_043662_053678_4E76_COG,1,S1A,2022-06-14 17:15:11.855798+00:00,2022-06-14 17:15:36.854421+00:00,ascending,15,"[7.745141, 44.36195, 11.403486, 46.26667]",4,4,3,2,11
"S1A|2022-06-18 05:35:39.096166+00:00|2022-06-18 05:36:04.094564+00:00|descending|66|(6.528578, 45.036781, 10.23688, 46.947166)",S1A_IW_GRDH_1SDV_20220618T053539_20220618T053604_043713_053801_D5CC_COG,1,True,S1A_IW_GRDH_1SDV_20220618T053539_20220618T053604_043713_053801_D5CC_COG,1,S1A,2022-06-18 05:35:39.096166+00:00,2022-06-18 05:36:04.094564+00:00,descending,66,"[6.528578, 45.036781, 10.23688, 46.947166]",4,4,3,2,11
"S1A|2022-06-18 05:36:04.096064+00:00|2022-06-18 05:36:29.094463+00:00|descending|66|(6.203206, 43.537605, 9.854387, 45.44458)",S1A_IW_GRDH_1SDV_20220618T053604_20220618T053629_043713_053801_1E88_COG,1,True,S1A_IW_GRDH_1SDV_20220618T053604_20220618T053629_043713_053801_1E88_COG,1,S1A,2022-06-18 05:36:04.096064+00:00,2022-06-18 05:36:29.094463+00:00,descending,66,"[6.203206, 43.537605, 9.854387, 45.44458]",4,4,3,2,11
"S1A|2022-06-19 17:23:18.648801+00:00|2022-06-19 17:23:43.647520+00:00|ascending|88|(5.806318, 43.921925, 9.452785, 45.824608)",S1A_IW_GRDH_1SDV_20220619T172318_20220619T172343_043735_0538B0_B485_COG,1,True,S1A_IW_GRDH_1SDV_20220619T172318_20220619T172343_043735_0538B0_B485_COG,1,S1A,2022-06-19 17:23:18.648801+00:00,2022-06-19 17:23:43.647520+00:00,ascending,88,"[5.806318, 43.921925, 9.452785, 45.824608]",4,4,3,2,11
"S1A|2022-06-19 17:23:43.649019+00:00|2022-06-19 17:24:08.647737+00:00|ascending|88|(5.358918, 45.420769, 9.124447, 47.320812)",S1A_IW_GRDH_1SDV_20220619T172343_20220619T172408_043735_0538B0_3D34_COG,1,True,S1A_IW_GRDH_1SDV_20220619T172343_20220619T172408_043735_0538B0_3D34_COG,1,S1A,2022-06-19 17:23:43.649019+00:00,2022-06-19 17:24:08.647737+00:00,ascending,88,"[5.358918, 45.420769, 9.124447, 47.320812]",4,4,3,2,11
"S1A|2022-06-25 05:27:26.951806+00:00|2022-06-25 05:27:51.949810+00:00|descending|168|(8.572426, 44.97739, 12.28517, 46.886856)",S1A_IW_GRDH_1SDV_20220625T052726_20220625T052751_043815_053B13_D325_COG,1,True,S1A_IW_GRDH_1SDV_20220625T052726_20220625T052751_043815_053B13_D325_COG,1,S1A,2022-06-25 05:27:26.951806+00:00,2022-06-25 05:27:51.949810+00:00,descending,168,"[8.572426, 44.97739, 12.28517, 46.886856]",4,4,3,2,11
"S1A|2022-06-25 05:27:51.951254+00:00|2022-06-25 05:28:16.949255+00:00|descending|168|(8.242674, 43.478859, 11.894546, 45.385159)",S1A_IW_GRDH_1SDV_20220625T052751_20220625T052816_043815_053B13_CC5C_COG,1,True,S1A_IW_GRDH_1SDV_20220625T052751_20220625T052816_043815_053B13_CC5C_COG,1,S1A,2022-06-25 05:27:51.951254+00:00,2022-06-25 05:28:16.949255+00:00,descending,168,"[8.242674, 43.478859, 11.894546, 45.385159]",4,4,3,2,11
"S1A|2022-06-26 17:15:12.815766+00:00|2022-06-26 17:15:37.814431+00:00|ascending|15|(7.743728, 44.361889, 11.402117, 46.266617)",S1A_IW_GRDH_1SDV_20220626T171512_20220626T171537_043837_053BBA_4B7A_COG,1,True,S1A_IW_GRDH_1SDV_20220626T171512_20220626T171537_043837_053BBA_4B7A_COG,1,S1A,2022-06-26 17:15:12.815766+00:00,2022-06-26 17:15:37.814431+00:00,ascending,15,"[7.743728, 44.361889, 11.402117, 46.266617]",4,4,3,2,11
"S1A|2022-06-30 05:35:39.864940+00:00|2022-06-30 05:36:04.863243+00:00|descending|66|(6.526738, 45.036758, 10.235104, 46.947075)",S1A_IW_GRDH_1SDV_20220630T053539_20220630T053604_043888_053D3F_B3C0_COG,1,True,S1A_IW_GRDH_1SDV_20220630T053539_20220630T053604_043888_053D3F_B3C0_COG,1,S1A,2022-06-30 05:35:39.864940+00:00,2022-06-30 05:36:04.863243+00:00,descending,66,"[6.526738, 45.036758, 10.235104, 46.947075]",4,4,3,2,11
"S1A|2022-06-30 05:36:04.864743+00:00|2022-06-30 05:36:29.863045+00:00|descending|66|(6.201679, 43.537575, 9.852557, 45.444466)",S1A_IW_GRDH_1SDV_20220630T053604_20220630T053629_043888_053D3F_F13D_COG,1,True,S1A_IW_GRDH_1SDV_20220630T053604_20220630T053629_043888_053D3F_F13D_COG,1,S1A,2022-06-30 05:36:04.864743+00:00,2022-06-30 05:36:29.863045+00:00,descending,66,"[6.201679, 43.537575, 9.852557, 45.444466]",4,4,3,2,11
"S1A|2022-07-01 17:23:19.360047+00:00|2022-07-01 17:23:44.358827+00:00|ascending|88|(5.806789, 43.921886, 9.453213, 45.824528)",S1A_IW_GRDH_1SDV_20220701T172319_20220701T172344_043910_053DEB_9CCC_COG,1,True,S1A_IW_GRDH_1SDV_20220701T172319_20220701T172344_043910_053DEB_9CCC_COG,1,S1A,2022-07-01 17:23:19.360047+00:00,2022-07-01 17:23:44.358827+00:00,ascending,88,"[5.806789, 43.921886, 9.453213, 45.824528]",4,4,3,2,11
"S1A|2022-07-01 17:23:44.360326+00:00|2022-07-01 17:24:09.357607+00:00|ascending|88|(5.359476, 45.420734, 9.125053, 47.320656)",S1A_IW_GRDH_1SDV_20220701T172344_20220701T172409_043910_053DEB_E94B_COG,1,True,S1A_IW_GRDH_1SDV_20220701T172344_20220701T172409_043910_053DEB_E94B_COG,1,S1A,2022-07-01 17:23:44.360326+00:00,2022-07-01 17:24:09.357607+00:00,ascending,88,"[5.359476, 45.420734, 9.125053, 47.320656]",4,4,3,2,11
"S1A|2022-07-07 05:27:27.466181+00:00|2022-07-07 05:27:52.464202+00:00|descending|168|(8.573931, 44.977291, 12.287396, 46.88673)",S1A_IW_GRDH_1SDV_20220707T052727_20220707T052752_043990_054042_25B0_COG,1,True,S1A_IW_GRDH_1SDV_20220707T052727_20220707T052752_043990_054042_25B0_COG,1,S1A,2022-07-07 05:27:27.466181+00:00,2022-07-07 05:27:52.464202+00:00,descending,168,"[8.573931, 44.977291, 12.287396, 46.88673]",4,4,3,2,11
"S1A|2022-07-07 05:27:52.465701+00:00|2022-07-07 05:28:17.463722+00:00|descending|168|(8.244142, 43.478756, 11.896033, 45.385101)",S1A_IW_GRDH_1SDV_20220707T052752_20220707T052817_043990_054042_474E_COG,1,True,S1A_IW_GRDH_1SDV_20220707T052752_20220707T052817_043990_054042_474E_COG,1,S1A,2022-07-07 05:27:52.465701+00:00,2022-07-07 05:28:17.463722+00:00,descending,168,"[8.244142, 43.478756, 11.896033, 45.385101]",4,4,3,2,11
"S1A|2022-07-08 17:15:13.402827+00:00|2022-07-08 17:15:38.401170+00:00|ascending|15|(7.743196, 44.361839, 11.401231, 46.266556)",S1A_IW_GRDH_1SDV_20220708T171513_20220708T171538_044012_0540E8_E6D9_COG,1,True,S1A_IW_GRDH_1SDV_20220708T171513_20220708T171538_044012_0540E8_E6D9_COG,1,S1A,2022-07-08 17:15:13.402827+00:00,2022-07-08 17:15:38.401170+00:00,ascending,15,"[7.743196, 44.361839, 11.401231, 46.266556]",4,4,3,2,11
"S1A|2022-07-12 05:35:40.556822+00:00|2022-07-12 05:36:05.555140+00:00|descending|66|(6.527008, 45.036751, 10.235224, 46.947071)",S1A_IW_GRDH_1SDV_20220712T053540_20220712T053605_044063_054275_4AF7_COG,1,True,S1A_IW_GRDH_1SDV_20220712T053540_20220712T053605_044063_054275_4AF7_COG,1,S1A,2022-07-12 05:35:40.556822+00:00,2022-07-12 05:36:05.555140+00:00,descending,66,"[6.527008, 45.036751, 10.235224, 46.947071]",4,4,3,2,11
"S1A|2022-07-12 05:36:05.556640+00:00|2022-07-12 05:36:30.554958+00:00|descending|66|(6.201817, 43.537567, 9.852697, 45.444473)",S1A_IW_GRDH_1SDV_20220712T053605_20220712T053630_044063_054275_76DA_COG,1,True,S1A_IW_GRDH_1SDV_20220712T053605_20220712T053630_044063_054275_76DA_COG,1,S1A,2022-07-12 05:36:05.556640+00:00,2022-07-12 05:36:30.554958+00:00,descending,66,"[6.201817, 43.537567, 9.852697, 45.444473]",4,4,3,2,11
"S1A|2022-07-13 17:23:19.937756+00:00|2022-07-13 17:23:44.936443+00:00|ascending|88|(5.807887, 43.921978, 9.454182, 45.824585)",S1A_IW_GRDH_1SDV_20220713T172319_20220713T172344_044085_054323_C4AD_COG,1,True,S1A_IW_GRDH_1SDV_20220713T172319_20220713T172344_044085_054323_C4AD_COG,1,S1A,2022-07-13 17:23:19.937756+00:00,2022-07-13 17:23:44.936443+00:00,ascending,88,"[5.807887, 43.921978, 9.454182, 45.824585]",4,4,3,2,11
"S1A|2022-07-13 17:23:44.937941+00:00|2022-07-13 17:24:09.936628+00:00|ascending|88|(5.360724, 45.42083, 9.126034, 47.320824)",S1A_IW_GRDH_1SDV_20220713T172344_20220713T172409_044085_054323_6B70_COG,1,True,S1A_IW_GRDH_1SDV_20220713T172344_20220713T172409_044085_054323_6B70_COG,1,S1A,2022-07-13 17:23:44.937941+00:00,2022-07-13 17:24:09.936628+00:00,ascending,88,"[5.360724, 45.42083, 9.126034, 47.320824]",4,4,3,2,11
"S1A|2022-07-19 05:27:28.343282+00:00|2022-07-19 05:27:53.341303+00:00|descending|168|(8.57399, 44.977261, 12.287452, 46.886715)",S1A_IW_GRDH_1SDV_20220719T052728_20220719T052753_044165_054588_3810_COG,1,True,S1A_IW_GRDH_1SDV_20220719T052728_20220719T052753_044165_054588_3810_COG,1,S1A,2022-07-19 05:27:28.343282+00:00,2022-07-19 05:27:53.341303+00:00,descending,168,"[8.57399, 44.977261, 12.287452, 46.886715]",4,4,3,2,11
"S1A|2022-07-19 05:27:53.342803+00:00|2022-07-19 05:28:18.340824+00:00|descending|168|(8.244187, 43.478729, 11.896089, 45.385086)",S1A_IW_GRDH_1SDV_20220719T052753_20220719T052818_044165_054588_E288_COG,1,True,S1A_IW_GRDH_1SDV_20220719T052753_20220719T052818_044165_054588_E288_COG,1,S1A,2022-07-19 05:27:53.342803+00:00,2022-07-19 05:28:18.340824+00:00,descending,168,"[8.244187, 43.478729, 11.896089, 45.385086]",4,4,3,2,11
"S1A|2022-07-20 17:15:14.151881+00:00|2022-07-20 17:15:39.150515+00:00|ascending|15|(7.742997, 44.361843, 11.401443, 46.266647)",S1A_IW_GRDH_1SDV_20220720T171514_20220720T171539_044187_05462D_3619_COG,1,True,S1A_IW_GRDH_1SDV_20220720T171514_20220720T171539_044187_05462D_3619_COG,1,S1A,2022-07-20 17:15:14.151881+00:00,2022-07-20 17:15:39.150515+00:00,ascending,15,"[7.742997, 44.361843, 11.401443, 46.266647]",4,4,3,2,11
"S1A|2022-07-24 05:35:41.378636+00:00|2022-07-24 05:36:06.376964+00:00|descending|66|(6.528132, 45.036621, 10.236354, 46.947002)",S1A_IW_GRDH_1SDV_20220724T053541_20220724T053606_044238_0547AF_2361_COG,1,True,S1A_IW_GRDH_1SDV_20220724T053541_20220724T053606_044238_0547AF_2361_COG,1,S1A,2022-07-24 05:35:41.378636+00:00,2022-07-24 05:36:06.376964+00:00,descending,66,"[6.528132, 45.036621, 10.236354, 46.947002]",4,4,3,2,11
"S1A|2022-07-24 05:36:06.378464+00:00|2022-07-24 05:36:31.376793+00:00|descending|66|(6.202862, 43.537449, 9.853803, 45.444408)",S1A_IW_GRDH_1SDV_20220724T053606_20220724T053631_044238_0547AF_42C0_COG,1,True,S1A_IW_GRDH_1SDV_20220724T053606_20220724T053631_044238_0547AF_42C0_COG,1,S1A,2022-07-24 05:36:06.378464+00:00,2022-07-24 05:36:31.376793+00:00,descending,66,"[6.202862, 43.537449, 9.853803, 45.444408]",4,4,3,2,11
"S1A|2022-07-25 17:23:20.824752+00:00|2022-07-25 17:23:45.823474+00:00|ascending|88|(5.806403, 43.921928, 9.452858, 45.824604)",S1A_IW_GRDH_1SDV_20220725T172320_20220725T172345_044260_054858_BEB9_COG,1,True,S1A_IW_GRDH_1SDV_20220725T172320_20220725T172345_044260_054858_BEB9_COG,1,S1A,2022-07-25 17:23:20.824752+00:00,2022-07-25 17:23:45.823474+00:00,ascending,88,"[5.806403, 43.921928, 9.452858, 45.824604]",4,4,3,2,11
"S1A|2022-07-25 17:23:45.824972+00:00|2022-07-25 17:24:10.823695+00:00|ascending|88|(5.359025, 45.420776, 9.124535, 47.320808)",S1A_IW_GRDH_1SDV_20220725T172345_20220725T172410_044260_054858_FE92_COG,1,True,S1A_IW_GRDH_1SDV_20220725T172345_20220725T172410_044260_054858_FE92_COG,1,S1A,2022-07-25 17:23:45.824972+00:00,2022-07-25 17:24:10.823695+00:00,ascending,88,"[5.359025, 45.420776, 9.124535, 47.320808]",4,4,3,2,11
"S1A|2022-07-31 05:27:29.071198+00:00|2022-07-31 05:27:54.069203+00:00|descending|168|(8.572947, 44.977303, 12.285782, 46.886745)",S1A_IW_GRDH_1SDV_20220731T052729_20220731T052754_044340_054AAA_4422_COG,1,True,S1A_IW_GRDH_1SDV_20220731T052729_20220731T052754_044340_054AAA_4422_COG,1,S1A,2022-07-31 05:27:29.071198+00:00,2022-07-31 05:27:54.069203+00:00,descending,168,"[8.572947, 44.977303, 12.285782, 46.886745]",4,4,3,2,11
"S1A|2022-07-31 05:27:54.070703+00:00|2022-07-31 05:28:19.068708+00:00|descending|168|(8.243213, 43.478764, 11.895063, 45.385056)",S1A_IW_GRDH_1SDV_20220731T052754_20220731T052819_044340_054AAA_C7C0_COG,1,True,S1A_IW_GRDH_1SDV_20220731T052754_20220731T052819_044340_054AAA_C7C0_COG,1,S1A,2022-07-31 05:27:54.070703+00:00,2022-07-31 05:28:19.068708+00:00,descending,168,"[8.243213, 43.478764, 11.895063, 45.385056]",4,4,3,2,11
"S1A|2022-08-01 17:15:14.975556+00:00|2022-08-01 17:15:39.974174+00:00|ascending|15|(7.743839, 44.361893, 11.402236, 46.266644)",S1A_IW_GRDH_1SDV_20220801T171514_20220801T171539_044362_054B51_F084_COG,1,True,S1A_IW_GRDH_1SDV_20220801T171514_20220801T171539_044362_054B51_F084_COG,1,S1A,2022-08-01 17:15:14.975556+00:00,2022-08-01 17:15:39.974174+00:00,ascending,15,"[7.743839, 44.361893, 11.402236, 46.266644]",4,4,3,2,11
"S1A|2022-08-05 05:35:42.197219+00:00|2022-08-05 05:36:07.195542+00:00|descending|66|(6.527902, 45.036613, 10.236119, 46.947014)",S1A_IW_GRDH_1SDV_20220805T053542_20220805T053607_044413_054CD3_E591_COG,1,True,S1A_IW_GRDH_1SDV_20220805T053542_20220805T053607_044413_054CD3_E591_COG,1,S1A,2022-08-05 05:35:42.197219+00:00,2022-08-05 05:36:07.195542+00:00,descending,66,"[6.527902, 45.036613, 10.236119, 46.947014]",4,4,3,2,11
"S1A|2022-08-05 05:36:07.197041+00:00|2022-08-05 05:36:32.195364+00:00|descending|66|(6.202494, 43.537441, 9.853567, 45.444431)",S1A_IW_GRDH_1SDV_20220805T053607_20220805T053632_044413_054CD3_601C_COG,1,True,S1A_IW_GRDH_1SDV_20220805T053607_20220805T053632_044413_054CD3_601C_COG,1,S1A,2022-08-05 05:36:07.197041+00:00,2022-08-05 05:36:32.195364+00:00,descending,66,"[6.202494, 43.537441, 9.853567, 45.444431]",4,4,3,2,11
"S1A|2022-08-06 17:23:21.685391+00:00|2022-08-06 17:23:46.684142+00:00|ascending|88|(5.804855, 43.921902, 9.451334, 45.824612)",S1A_IW_GRDH_1SDV_20220806T172321_20220806T172346_044435_054D76_4BE7_COG,1,True,S1A_IW_GRDH_1SDV_20220806T172321_20220806T172346_044435_054D76_4BE7_COG,1,S1A,2022-08-06 17:23:21.685391+00:00,2022-08-06 17:23:46.684142+00:00,ascending,88,"[5.804855, 43.921902, 9.451334, 45.824612]",4,4,3,2,11
"S1A|2022-08-06 17:23:46.685640+00:00|2022-08-06 17:24:11.684392+00:00|ascending|88|(5.357444, 45.420746, 9.122977, 47.320812)",S1A_IW_GRDH_1SDV_20220806T172346_20220806T172411_044435_054D76_7B18_COG,1,True,S1A_IW_GRDH_1SDV_20220806T172346_20220806T172411_044435_054D76_7B18_COG,1,S1A,2022-08-06 17:23:46.685640+00:00,2022-08-06 17:24:11.684392+00:00,ascending,88,"[5.357444, 45.420746, 9.122977, 47.320812]",4,4,3,2,11
"S1A|2022-08-12 05:27:29.791644+00:00|2022-08-12 05:27:54.789656+00:00|descending|168|(8.572853, 44.977318, 12.285681, 46.886742)",S1A_IW_GRDH_1SDV_20220812T052729_20220812T052754_044515_054FF1_C38D_COG,1,True,S1A_IW_GRDH_1SDV_20220812T052729_20220812T052754_044515_054FF1_C38D_COG,1,S1A,2022-08-12 05:27:29.791644+00:00,2022-08-12 05:27:54.789656+00:00,descending,168,"[8.572853, 44.977318, 12.285681, 46.886742]",4,4,3,2,11
"S1A|2022-08-12 05:27:54.791156+00:00|2022-08-12 05:28:19.789168+00:00|descending|168|(8.243132, 43.478775, 11.894974, 45.385052)",S1A_IW_GRDH_1SDV_20220812T052754_20220812T052819_044515_054FF1_7A80_COG,1,True,S1A_IW_GRDH_1SDV_20220812T052754_20220812T052819_044515_054FF1_7A80_COG,1,S1A,2022-08-12 05:27:54.791156+00:00,2022-08-12 05:28:19.789168+00:00,descending,168,"[8.243132, 43.478775, 11.894974, 45.385052]",4,4,3,2,11
"S1A|2022-08-13 17:15:15.708172+00:00|2022-08-13 17:15:40.706803+00:00|ascending|15|(7.744542, 44.361977, 11.402924, 46.266701)",S1A_IW_GRDH_1SDV_20220813T171515_20220813T171540_044537_0550B5_0E15_COG,1,True,S1A_IW_GRDH_1SDV_20220813T171515_20220813T171540_044537_0550B5_0E15_COG,1,S1A,2022-08-13 17:15:15.708172+00:00,2022-08-13 17:15:40.706803+00:00,ascending,15,"[7.744542, 44.361977, 11.402924, 46.266701]",4,4,3,2,11
"S1A|2022-08-17 05:35:42.874067+00:00|2022-08-17 05:36:07.872425+00:00|descending|66|(6.52819, 45.036663, 10.236547, 46.947067)",S1A_IW_GRDH_1SDV_20220817T053542_20220817T053607_044588_05526F_5EA4_COG,1,True,S1A_IW_GRDH_1SDV_20220817T053542_20220817T053607_044588_05526F_5EA4_COG,1,S1A,2022-08-17 05:35:42.874067+00:00,2022-08-17 05:36:07.872425+00:00,descending,66,"[6.52819, 45.036663, 10.236547, 46.947067]",4,4,3,2,11
"S1A|2022-08-17 05:36:07.873925+00:00|2022-08-17 05:36:32.872282+00:00|descending|66|(6.20291, 43.537487, 9.853987, 45.444469)",S1A_IW_GRDH_1SDV_20220817T053607_20220817T053632_044588_05526F_6FE9_COG,1,True,S1A_IW_GRDH_1SDV_20220817T053607_20220817T053632_044588_05526F_6FE9_COG,1,S1A,2022-08-17 05:36:07.873925+00:00,2022-08-17 05:36:32.872282+00:00,descending,66,"[6.20291, 43.537487, 9.853987, 45.444469]",4,4,3,2,11
"S1A|2022-08-18 17:23:22.335008+00:00|2022-08-18 17:23:47.333642+00:00|ascending|88|(5.806416, 43.922112, 9.452751, 45.824753)",S1A_IW_GRDH_1SDV_20220818T172322_20220818T172347_044610_05532E_E290_COG,1,True,S1A_IW_GRDH_1SDV_20220818T172322_20220818T172347_044610_05532E_E290_COG,1,S1A,2022-08-18 17:23:22.335008+00:00,2022-08-18 17:23:47.333642+00:00,ascending,88,"[5.806416, 43.922112, 9.452751, 45.824753]",4,4,3,2,11
"S1A|2022-08-18 17:23:47.335141+00:00|2022-08-18 17:24:12.333775+00:00|ascending|88|(5.359051, 45.420959, 9.124563, 47.320969)",S1A_IW_GRDH_1SDV_20220818T172347_20220818T172412_044610_05532E_ACFE_COG,1,True,S1A_IW_GRDH_1SDV_20220818T172347_20220818T172412_044610_05532E_ACFE_COG,1,S1A,2022-08-18 17:23:47.335141+00:00,2022-08-18 17:24:12.333775+00:00,ascending,88,"[5.359051, 45.420959, 9.124563, 47.320969]",4,4,3,2,11
"S1A|2022-08-25 17:15:16.097015+00:00|2022-08-25 17:15:41.095607+00:00|ascending|15|(7.745077, 44.362003, 11.403464, 46.26672)",S1A_IW_GRDH_1SDV_20220825T171516_20220825T171541_044712_05569A_9B3F_COG,1,True,S1A_IW_GRDH_1SDV_20220825T171516_20220825T171541_044712_05569A_9B3F_COG,1,S1A,2022-08-25 17:15:16.097015+00:00,2022-08-25 17:15:41.095607+00:00,ascending,15,"[7.745077, 44.362003, 11.403464, 46.26672]",4,4,3,2,11
"S1A|2022-08-29 05:35:43.281436+00:00|2022-08-29 05:36:08.281279+00:00|descending|66|(6.527277, 45.036613, 10.235605, 46.947044)",S1A_IW_GRDH_1SDV_20220829T053543_20220829T053608_044763_05585A_9AF2_COG,1,True,S1A_IW_GRDH_1SDV_20220829T053543_20220829T053608_044763_05585A_9AF2_COG,1,S1A,2022-08-29 05:35:43.281436+00:00,2022-08-29 05:36:08.281279+00:00,descending,66,"[6.527277, 45.036613, 10.235605, 46.947044]",4,4,3,2,11
"S1A|2022-08-29 05:36:08.282779+00:00|2022-08-29 05:36:33.281123+00:00|descending|66|(6.202088, 43.53743, 9.853083, 45.444355)",S1A_IW_GRDH_1SDV_20220829T053608_20220829T053633_044763_05585A_28FD_COG,1,True,S1A_IW_GRDH_1SDV_20220829T053608_20220829T053633_044763_05585A_28FD_COG,1,S1A,2022-08-29 05:36:08.282779+00:00,2022-08-29 05:36:33.281123+00:00,descending,66,"[6.202088, 43.53743, 9.853083, 45.444355]",4,4,3,2,11
"S1A|2022-08-30 17:23:22.719922+00:00|2022-08-30 17:23:47.718622+00:00|ascending|88|(5.806861, 43.922001, 9.453306, 45.824654)",S1A_IW_GRDH_1SDV_20220830T172322_20220830T172347_044785_05591F_8175_COG,1,True,S1A_IW_GRDH_1SDV_20220830T172322_20220830T172347_044785_05591F_8175_COG,1,S1A,2022-08-30 17:23:22.719922+00:00,2022-08-30 17:23:47.718622+00:00,ascending,88,"[5.806861, 43.922001, 9.453306, 45.824654]",4,4,3,2,11
"S1A|2022-08-30 17:23:47.720121+00:00|2022-08-30 17:24:12.718821+00:00|ascending|88|(5.359504, 45.420849, 9.125002, 47.320858)",S1A_IW_GRDH_1SDV_20220830T172347_20220830T172412_044785_05591F_CE51_COG,1,True,S1A_IW_GRDH_1SDV_20220830T172347_20220830T172412_044785_05591F_CE51_COG,1,S1A,2022-08-30 17:23:47.720121+00:00,2022-08-30 17:24:12.718821+00:00,ascending,88,"[5.359504, 45.420849, 9.125002, 47.320858]",4,4,3,2,11
"S1A|2022-09-05 05:27:31.248049+00:00|2022-09-05 05:27:56.246035+00:00|descending|168|(8.572262, 44.977158, 12.285014, 46.8867)",S1A_IW_GRDH_1SDV_20220905T052731_20220905T052756_044865_055BC8_2FE4_COG,1,True,S1A_IW_GRDH_1SDV_20220905T052731_20220905T052756_044865_055BC8_2FE4_COG,1,S1A,2022-09-05 05:27:31.248049+00:00,2022-09-05 05:27:56.246035+00:00,descending,168,"[8.572262, 44.977158, 12.285014, 46.8867]",4,4,3,2,11
"S1A|2022-09-05 05:27:56.247535+00:00|2022-09-05 05:28:21.247021+00:00|descending|168|(8.242425, 43.478539, 11.894352, 45.384998)",S1A_IW_GRDH_1SDV_20220905T052756_20220905T052821_044865_055BC8_C650_COG,1,True,S1A_IW_GRDH_1SDV_20220905T052756_20220905T052821_044865_055BC8_C650_COG,1,S1A,2022-09-05 05:27:56.247535+00:00,2022-09-05 05:28:21.247021+00:00,descending,168,"[8.242425, 43.478539, 11.894352, 45.384998]",4,4,3,2,11
"S1A|2022-09-06 17:15:17.058429+00:00|2022-09-06 17:15:42.057076+00:00|ascending|15|(7.741408, 44.361916, 11.399866, 46.266705)",S1A_IW_GRDH_1SDV_20220906T171517_20220906T171542_044887_055C8B_2219_COG,1,True,S1A_IW_GRDH_1SDV_20220906T171517_20220906T171542_044887_055C8B_2219_COG,1,S1A,2022-09-06 17:15:17.058429+00:00,2022-09-06 17:15:42.057076+00:00,ascending,15,"[7.741408, 44.361916, 11.399866, 46.266705]",4,4,3,2,11
"S1A|2022-09-10 05:35:44.133686+00:00|2022-09-10 05:36:09.132380+00:00|descending|66|(6.526062, 45.036701, 10.234388, 46.947048)",S1A_IW_GRDH_1SDV_20220910T053544_20220910T053609_044938_055E31_B8CA_COG,1,True,S1A_IW_GRDH_1SDV_20220910T053544_20220910T053609_044938_055E31_B8CA_COG,1,S1A,2022-09-10 05:35:44.133686+00:00,2022-09-10 05:36:09.132380+00:00,descending,66,"[6.526062, 45.036701, 10.234388, 46.947048]",4,4,3,2,11
"S1A|2022-09-10 05:36:09.133936+00:00|2022-09-10 05:36:34.132633+00:00|descending|66|(6.200753, 43.537498, 9.851874, 45.444443)",S1A_IW_GRDH_1SDV_20220910T053609_20220910T053634_044938_055E31_551C_COG,1,True,S1A_IW_GRDH_1SDV_20220910T053609_20220910T053634_044938_055E31_551C_COG,1,S1A,2022-09-10 05:36:09.133936+00:00,2022-09-10 05:36:34.132633+00:00,descending,66,"[6.200753, 43.537498, 9.851874, 45.444443]",4,4,3,2,11
"S1A|2022-09-11 17:23:23.551452+00:00|2022-09-11 17:23:48.550132+00:00|ascending|88|(5.80641, 43.922104, 9.452846, 45.824722)",S1A_IW_GRDH_1SDV_20220911T172323_20220911T172348_044960_055EF9_80E4_COG,1,True,S1A_IW_GRDH_1SDV_20220911T172323_20220911T172348_044960_055EF9_80E4_COG,1,S1A,2022-09-11 17:23:23.551452+00:00,2022-09-11 17:23:48.550132+00:00,ascending,88,"[5.80641, 43.922104, 9.452846, 45.824722]",4,4,3,2,11
"S1A|2022-09-11 17:23:48.551630+00:00|2022-09-11 17:24:13.550311+00:00|ascending|88|(5.359075, 45.420956, 9.124566, 47.320927)",S1A_IW_GRDH_1SDV_20220911T172348_20220911T172413_044960_055EF9_9549_COG,1,True,S1A_IW_GRDH_1SDV_20220911T172348_20220911T172413_044960_055EF9_9549_COG,1,S1A,2022-09-11 17:23:48.551630+00:00,2022-09-11 17:24:13.550311+00:00,ascending,88,"[5.359075, 45.420956, 9.124566, 47.320927]",4,4,3,2,11
"S1A|2022-09-17 05:27:31.164551+00:00|2022-09-17 05:27:56.162688+00:00|descending|168|(8.57451, 44.977322, 12.288162, 46.886799)",S1A_IW_GRDH_1SDV_20220917T052731_20220917T052756_045040_0561A9_DDFD_COG,1,True,S1A_IW_GRDH_1SDV_20220917T052731_20220917T052756_045040_0561A9_DDFD_COG,1,S1A,2022-09-17 05:27:31.164551+00:00,2022-09-17 05:27:56.162688+00:00,descending,168,"[8.57451, 44.977322, 12.288162, 46.886799]",4,4,3,2,11
"S1A|2022-09-17 05:27:56.164187+00:00|2022-09-17 05:28:21.163825+00:00|descending|168|(8.244663, 43.478703, 11.896734, 45.385174)",S1A_IW_GRDH_1SDV_20220917T052756_20220917T052821_045040_0561A9_0988_COG,1,True,S1A_IW_GRDH_1SDV_20220917T052756_20220917T052821_045040_0561A9_0988_COG,1,S1A,2022-09-17 05:27:56.164187+00:00,2022-09-17 05:28:21.163825+00:00,descending,168,"[8.244663, 43.478703, 11.896734, 45.385174]",4,4,3,2,11
"S1A|2022-09-18 17:15:16.758803+00:00|2022-09-18 17:15:41.755981+00:00|ascending|15|(7.744062, 44.361961, 11.402486, 46.26667)",S1A_IW_GRDH_1SDV_20220918T171516_20220918T171541_045062_056267_DAEC_COG,1,True,S1A_IW_GRDH_1SDV_20220918T171516_20220918T171541_045062_056267_DAEC_COG,1,S1A,2022-09-18 17:15:16.758803+00:00,2022-09-18 17:15:41.755981+00:00,ascending,15,"[7.744062, 44.361961, 11.402486, 46.26667]",4,4,3,2,11
"S1A|2022-09-22 05:35:43.244084+00:00|2022-09-22 05:36:08.242636+00:00|descending|66|(6.532424, 45.036751, 10.241042, 46.947189)",S1A_IW_GRDH_1SDV_20220922T053543_20220922T053608_045113_056419_0BEA_COG,1,True,S1A_IW_GRDH_1SDV_20220922T053543_20220922T053608_045113_056419_0BEA_COG,1,S1A,2022-09-22 05:35:43.244084+00:00,2022-09-22 05:36:08.242636+00:00,descending,66,"[6.532424, 45.036751, 10.241042, 46.947189]",4,4,3,2,11
"S1A|2022-09-22 05:36:08.244136+00:00|2022-09-22 05:36:33.242688+00:00|descending|66|(6.207143, 43.537579, 9.858478, 45.444595)",S1A_IW_GRDH_1SDV_20220922T053608_20220922T053633_045113_056419_6005_COG,1,True,S1A_IW_GRDH_1SDV_20220922T053608_20220922T053633_045113_056419_6005_COG,1,S1A,2022-09-22 05:36:08.244136+00:00,2022-09-22 05:36:33.242688+00:00,descending,66,"[6.207143, 43.537579, 9.858478, 45.444595]",4,4,3,2,11
"S1A|2022-09-23 17:23:22.943763+00:00|2022-09-23 17:23:47.942612+00:00|ascending|88|(5.809053, 43.921913, 9.455735, 45.824615)",S1A_IW_GRDH_1SDV_20220923T172322_20220923T172347_045135_0564DD_14AC_COG,1,True,S1A_IW_GRDH_1SDV_20220923T172322_20220923T172347_045135_0564DD_14AC_COG,1,S1A,2022-09-23 17:23:22.943763+00:00,2022-09-23 17:23:47.942612+00:00,ascending,88,"[5.809053, 43.921913, 9.455735, 45.824615]",4,4,3,2,11
"S1A|2022-09-23 17:23:47.944111+00:00|2022-09-23 17:24:12.942961+00:00|ascending|88|(5.361897, 45.420765, 9.127439, 47.320843)",S1A_IW_GRDH_1SDV_20220923T172347_20220923T172412_045135_0564DD_794A_COG,1,True,S1A_IW_GRDH_1SDV_20220923T172347_20220923T172412_045135_0564DD_794A_COG,1,S1A,2022-09-23 17:23:47.944111+00:00,2022-09-23 17:24:12.942961+00:00,ascending,88,"[5.361897, 45.420765, 9.127439, 47.320843]",4,4,3,2,11
"S1A|2022-09-29 05:27:31.631958+00:00|2022-09-29 05:27:56.630179+00:00|descending|168|(8.573482, 44.977432, 12.287347, 46.886906)",S1A_IW_GRDH_1SDV_20220929T052731_20220929T052756_045215_05677E_604C_COG,1,True,S1A_IW_GRDH_1SDV_20220929T052731_20220929T052756_045215_05677E_604C_COG,1,S1A,2022-09-29 05:27:31.631958+00:00,2022-09-29 05:27:56.630179+00:00,descending,168,"[8.573482, 44.977432, 12.287347, 46.886906]",4,4,3,2,11
"S1A|2022-09-29 05:27:56.631679+00:00|2022-09-29 05:28:21.629900+00:00|descending|168|(8.243689, 43.478901, 11.895973, 45.385273)",S1A_IW_GRDH_1SDV_20220929T052756_20220929T052821_045215_05677E_A634_COG,1,True,S1A_IW_GRDH_1SDV_20220929T052756_20220929T052821_045215_05677E_A634_COG,1,S1A,2022-09-29 05:27:56.631679+00:00,2022-09-29 05:28:21.629900+00:00,descending,168,"[8.243689, 43.478901, 11.895973, 45.385273]",4,4,3,2,11
"S1A|2022-09-30 17:15:17.450260+00:00|2022-09-30 17:15:42.449043+00:00|ascending|15|(7.742523, 44.361847, 11.401202, 46.266663)",S1A_IW_GRDH_1SDV_20220930T171517_20220930T171542_045237_056843_F6AF_COG,1,True,S1A_IW_GRDH_1SDV_20220930T171517_20220930T171542_045237_056843_F6AF_COG,1,S1A,2022-09-30 17:15:17.450260+00:00,2022-09-30 17:15:42.449043+00:00,ascending,15,"[7.742523, 44.361847, 11.401202, 46.266663]",4,4,3,2,11
"S1A|2023-04-02 05:35:40.641338+00:00|2023-04-02 05:36:05.639629+00:00|descending|66|(6.526765, 45.037006, 10.235086, 46.947361)",S1A_IW_GRDH_1SDV_20230402T053540_20230402T053605_047913_05C1EB_5BBC_COG,1,True,S1A_IW_GRDH_1SDV_20230402T053540_20230402T053605_047913_05C1EB_5BBC_COG,1,S1A,2023-04-02 05:35:40.641338+00:00,2023-04-02 05:36:05.639629+00:00,descending,66,"[6.526765, 45.037006, 10.235086, 46.947361]",4,4,3,2,11
"S1A|2023-04-02 05:36:05.641129+00:00|2023-04-02 05:36:30.639420+00:00|descending|66|(6.201548, 43.537823, 9.852592, 45.444756)",S1A_IW_GRDH_1SDV_20230402T053605_20230402T053630_047913_05C1EB_0D6D_COG,1,True,S1A_IW_GRDH_1SDV_20230402T053605_20230402T053630_047913_05C1EB_0D6D_COG,1,S1A,2023-04-02 05:36:05.641129+00:00,2023-04-02 05:36:30.639420+00:00,descending,66,"[6.201548, 43.537823, 9.852592, 45.444756]",4,4,3,2,11
"S1A|2023-04-03 17:23:19.981870+00:00|2023-04-03 17:23:44.980757+00:00|ascending|88|(5.806356, 43.921757, 9.452897, 45.824413)",S1A_IW_GRDH_1SDV_20230403T172319_20230403T172344_047935_05C2B3_443F_COG,1,True,S1A_IW_GRDH_1SDV_20230403T172319_20230403T172344_047935_05C2B3_443F_COG,1,S1A,2023-04-03 17:23:19.981870+00:00,2023-04-03 17:23:44.980757+00:00,ascending,88,"[5.806356, 43.921757, 9.452897, 45.824413]",4,4,3,2,11
"S1A|2023-04-03 17:23:44.982255+00:00|2023-04-03 17:24:09.981143+00:00|ascending|88|(5.359005, 45.420605, 9.12474, 47.320633)",S1A_IW_GRDH_1SDV_20230403T172344_20230403T172409_047935_05C2B3_25D4_COG,1,True,S1A_IW_GRDH_1SDV_20230403T172344_20230403T172409_047935_05C2B3_25D4_COG,1,S1A,2023-04-03 17:23:44.982255+00:00,2023-04-03 17:24:09.981143+00:00,ascending,88,"[5.359005, 45.420605, 9.12474, 47.320633]",4,4,3,2,11
"S1A|2023-04-09 05:27:28.139475+00:00|2023-04-09 05:27:53.137396+00:00|descending|168|(8.571783, 44.977558, 12.284518, 46.887012)",S1A_IW_GRDH_1SDV_20230409T052728_20230409T052753_048015_05C56B_0221_COG,1,True,S1A_IW_GRDH_1SDV_20230409T052728_20230409T052753_048015_05C56B_0221_COG,1,S1A,2023-04-09 05:27:28.139475+00:00,2023-04-09 05:27:53.137396+00:00,descending,168,"[8.571783, 44.977558, 12.284518, 46.887012]",4,4,3,2,11
"S1A|2023-04-09 05:27:53.138896+00:00|2023-04-09 05:28:18.138316+00:00|descending|168|(8.242011, 43.478931, 11.893915, 45.385307)",S1A_IW_GRDH_1SDV_20230409T052753_20230409T052818_048015_05C56B_1A3A_COG,1,True,S1A_IW_GRDH_1SDV_20230409T052753_20230409T052818_048015_05C56B_1A3A_COG,1,S1A,2023-04-09 05:27:53.138896+00:00,2023-04-09 05:28:18.138316+00:00,descending,168,"[8.242011, 43.478931, 11.893915, 45.385307]",4,4,3,2,11
"S1A|2023-04-10 17:15:14.009409+00:00|2023-04-10 17:15:39.008319+00:00|ascending|15|(7.742453, 44.361607, 11.41894, 46.268345)",S1A_IW_GRDH_1SDV_20230410T171514_20230410T171539_048037_05C630_0167_COG,1,True,S1A_IW_GRDH_1SDV_20230410T171514_20230410T171539_048037_05C630_0167_COG,1,S1A,2023-04-10 17:15:14.009409+00:00,2023-04-10 17:15:39.008319+00:00,ascending,15,"[7.742453, 44.361607, 11.41894, 46.268345]",4,4,3,2,11
"S1A|2023-04-14 05:35:41.078499+00:00|2023-04-14 05:36:06.076678+00:00|descending|66|(6.527227, 45.036713, 10.235482, 46.947094)",S1A_IW_GRDH_1SDV_20230414T053541_20230414T053606_048088_05C7DA_D738_COG,1,True,S1A_IW_GRDH_1SDV_20230414T053541_20230414T053606_048088_05C7DA_D738_COG,1,S1A,2023-04-14 05:35:41.078499+00:00,2023-04-14 05:36:06.076678+00:00,descending,66,"[6.527227, 45.036713, 10.235482, 46.947094]",4,4,3,2,11
"S1A|2023-04-14 05:36:06.078178+00:00|2023-04-14 05:36:31.076356+00:00|descending|66|(6.201966, 43.537533, 9.8529, 45.4445)",S1A_IW_GRDH_1SDV_20230414T053606_20230414T053631_048088_05C7DA_82B5_COG,1,True,S1A_IW_GRDH_1SDV_20230414T053606_20230414T053631_048088_05C7DA_82B5_COG,1,S1A,2023-04-14 05:36:06.078178+00:00,2023-04-14 05:36:31.076356+00:00,descending,66,"[6.201966, 43.537533, 9.8529, 45.4445]",4,4,3,2,11
"S1A|2023-04-15 17:23:20.481120+00:00|2023-04-15 17:23:45.479642+00:00|ascending|88|(5.80513, 43.921669, 9.451313, 45.824314)",S1A_IW_GRDH_1SDV_20230415T172320_20230415T172345_048110_05C89F_F574_COG,1,True,S1A_IW_GRDH_1SDV_20230415T172320_20230415T172345_048110_05C89F_F574_COG,1,S1A,2023-04-15 17:23:20.481120+00:00,2023-04-15 17:23:45.479642+00:00,ascending,88,"[5.80513, 43.921669, 9.451313, 45.824314]",4,4,3,2,11
"S1A|2023-04-15 17:23:45.481140+00:00|2023-04-15 17:24:10.479662+00:00|ascending|88|(5.357756, 45.420498, 9.122987, 47.320499)",S1A_IW_GRDH_1SDV_20230415T172345_20230415T172410_048110_05C89F_0785_COG,1,True,S1A_IW_GRDH_1SDV_20230415T172345_20230415T172410_048110_05C89F_0785_COG,1,S1A,2023-04-15 17:23:45.481140+00:00,2023-04-15 17:24:10.479662+00:00,ascending,88,"[5.357756, 45.420498, 9.122987, 47.320499]",4,4,3,2,11
"S1A|2023-04-21 05:27:27.993746+00:00|2023-04-21 05:27:52.993285+00:00|descending|168|(8.574096, 44.977482, 12.287692, 46.886963)",S1A_IW_GRDH_1SDV_20230421T052727_20230421T052752_048190_05CB44_C818_COG,1,True,S1A_IW_GRDH_1SDV_20230421T052727_20230421T052752_048190_05CB44_C818_COG,1,S1A,2023-04-21 05:27:27.993746+00:00,2023-04-21 05:27:52.993285+00:00,descending,168,"[8.574096, 44.977482, 12.287692, 46.886963]",4,4,3,2,11
"S1A|2023-04-21 05:27:52.994784+00:00|2023-04-21 05:28:17.992823+00:00|descending|168|(8.244486, 43.478943, 11.89635, 45.385227)",S1A_IW_GRDH_1SDV_20230421T052752_20230421T052817_048190_05CB44_FE73_COG,1,True,S1A_IW_GRDH_1SDV_20230421T052752_20230421T052817_048190_05CB44_FE73_COG,1,S1A,2023-04-21 05:27:52.994784+00:00,2023-04-21 05:28:17.992823+00:00,descending,168,"[8.244486, 43.478943, 11.89635, 45.385227]",4,4,3,2,11
"S1A|2023-04-22 17:15:14.094054+00:00|2023-04-22 17:15:39.092701+00:00|ascending|15|(7.744719, 44.36187, 11.403096, 46.266602)",S1A_IW_GRDH_1SDV_20230422T171514_20230422T171539_048212_05CC09_746A_COG,1,True,S1A_IW_GRDH_1SDV_20230422T171514_20230422T171539_048212_05CC09_746A_COG,1,S1A,2023-04-22 17:15:14.094054+00:00,2023-04-22 17:15:39.092701+00:00,ascending,15,"[7.744719, 44.36187, 11.403096, 46.266602]",4,4,3,2,11
"S1A|2023-04-26 05:35:41.288410+00:00|2023-04-26 05:36:06.286702+00:00|descending|66|(6.528036, 45.036873, 10.236283, 46.947227)",S1A_IW_GRDH_1SDV_20230426T053541_20230426T053606_048263_05CDBA_C521_COG,1,True,S1A_IW_GRDH_1SDV_20230426T053541_20230426T053606_048263_05CDBA_C521_COG,1,S1A,2023-04-26 05:35:41.288410+00:00,2023-04-26 05:36:06.286702+00:00,descending,66,"[6.528036, 45.036873, 10.236283, 46.947227]",4,4,3,2,11
"S1A|2023-04-26 05:36:06.288202+00:00|2023-04-26 05:36:31.286493+00:00|descending|66|(6.202784, 43.537697, 9.853725, 45.44463)",S1A_IW_GRDH_1SDV_20230426T053606_20230426T053631_048263_05CDBA_349C_COG,1,True,S1A_IW_GRDH_1SDV_20230426T053606_20230426T053631_048263_05CDBA_349C_COG,1,S1A,2023-04-26 05:36:06.288202+00:00,2023-04-26 05:36:31.286493+00:00,descending,66,"[6.202784, 43.537697, 9.853725, 45.44463]",4,4,3,2,11
"S1A|2023-04-27 17:23:20.792995+00:00|2023-04-27 17:23:45.791664+00:00|ascending|88|(5.805799, 43.921867, 9.452155, 45.824566)",S1A_IW_GRDH_1SDV_20230427T172320_20230427T172345_048285_05CE7B_3679_COG,1,True,S1A_IW_GRDH_1SDV_20230427T172320_20230427T172345_048285_05CE7B_3679_COG,1,S1A,2023-04-27 17:23:20.792995+00:00,2023-04-27 17:23:45.791664+00:00,ascending,88,"[5.805799, 43.921867, 9.452155, 45.824566]",4,4,3,2,11
"S1A|2023-04-27 17:23:45.793163+00:00|2023-04-27 17:24:10.791832+00:00|ascending|88|(5.35837, 45.420712, 9.123919, 47.320778)",S1A_IW_GRDH_1SDV_20230427T172345_20230427T172410_048285_05CE7B_F558_COG,1,True,S1A_IW_GRDH_1SDV_20230427T172345_20230427T172410_048285_05CE7B_F558_COG,1,S1A,2023-04-27 17:23:45.793163+00:00,2023-04-27 17:24:10.791832+00:00,ascending,88,"[5.35837, 45.420712, 9.123919, 47.320778]",4,4,3,2,11
"S1A|2023-05-03 05:27:28.885457+00:00|2023-05-03 05:27:53.884931+00:00|descending|168|(8.572492, 44.977432, 12.28525, 46.886974)",S1A_IW_GRDH_1SDV_20230503T052728_20230503T052753_048365_05D12D_8091_COG,1,True,S1A_IW_GRDH_1SDV_20230503T052728_20230503T052753_048365_05D12D_8091_COG,1,S1A,2023-05-03 05:27:28.885457+00:00,2023-05-03 05:27:53.884931+00:00,descending,168,"[8.572492, 44.977432, 12.28525, 46.886974]",4,4,3,2,11
"S1A|2023-05-03 05:27:53.886430+00:00|2023-05-03 05:28:18.884404+00:00|descending|168|(8.242887, 43.478889, 11.894616, 45.385166)",S1A_IW_GRDH_1SDV_20230503T052753_20230503T052818_048365_05D12D_299F_COG,1,True,S1A_IW_GRDH_1SDV_20230503T052753_20230503T052818_048365_05D12D_299F_COG,1,S1A,2023-05-03 05:27:53.886430+00:00,2023-05-03 05:28:18.884404+00:00,descending,168,"[8.242887, 43.478889, 11.894616, 45.385166]",4,4,3,2,11
"S1A|2023-05-04 17:15:14.756647+00:00|2023-05-04 17:15:39.755356+00:00|ascending|15|(7.744405, 44.361904, 11.41328, 46.267757)",S1A_IW_GRDH_1SDV_20230504T171514_20230504T171539_048387_05D1E8_FDB6_COG,1,True,S1A_IW_GRDH_1SDV_20230504T171514_20230504T171539_048387_05D1E8_FDB6_COG,1,S1A,2023-05-04 17:15:14.756647+00:00,2023-05-04 17:15:39.755356+00:00,ascending,15,"[7.744405, 44.361904, 11.41328, 46.267757]",4,4,3,2,11
"S1A|2023-05-08 05:35:42.034346+00:00|2023-05-08 05:36:07.032704+00:00|descending|66|(6.526593, 45.036907, 10.234987, 46.947239)",S1A_IW_GRDH_1SDV_20230508T053542_20230508T053607_048438_05D396_EB4C_COG,1,True,S1A_IW_GRDH_1SDV_20230508T053542_20230508T053607_048438_05D396_EB4C_COG,1,S1A,2023-05-08 05:35:42.034346+00:00,2023-05-08 05:36:07.032704+00:00,descending,66,"[6.526593, 45.036907, 10.234987, 46.947239]",4,4,3,2,11
"S1A|2023-05-08 05:36:07.034204+00:00|2023-05-08 05:36:32.032561+00:00|descending|66|(6.201522, 43.537724, 9.852417, 45.444633)",S1A_IW_GRDH_1SDV_20230508T053607_20230508T053632_048438_05D396_8B0D_COG,1,True,S1A_IW_GRDH_1SDV_20230508T053607_20230508T053632_048438_05D396_8B0D_COG,1,S1A,2023-05-08 05:36:07.034204+00:00,2023-05-08 05:36:32.032561+00:00,descending,66,"[6.201522, 43.537724, 9.852417, 45.444633]",4,4,3,2,11
"S1A|2023-05-09 17:23:21.384841+00:00|2023-05-09 17:23:46.383491+00:00|ascending|88|(5.806877, 43.922024, 9.426439, 45.821728)",S1A_IW_GRDH_1SDV_20230509T172321_20230509T172346_048460_05D44B_3E56_COG,1,True,S1A_IW_GRDH_1SDV_20230509T172321_20230509T172346_048460_05D44B_3E56_COG,1,S1A,2023-05-09 17:23:21.384841+00:00,2023-05-09 17:23:46.383491+00:00,ascending,88,"[5.806877, 43.922024, 9.426439, 45.821728]",4,4,3,2,11
"S1A|2023-05-09 17:23:46.384989+00:00|2023-05-09 17:24:11.382142+00:00|ascending|88|(5.35955, 45.420868, 9.097548, 47.317867)",S1A_IW_GRDH_1SDV_20230509T172346_20230509T172411_048460_05D44B_D4EF_COG,1,True,S1A_IW_GRDH_1SDV_20230509T172346_20230509T172411_048460_05D44B_D4EF_COG,1,S1A,2023-05-09 17:23:46.384989+00:00,2023-05-09 17:24:11.382142+00:00,ascending,88,"[5.35955, 45.420868, 9.097548, 47.317867]",4,4,3,2,11
"S1A|2023-05-15 05:27:29.769854+00:00|2023-05-15 05:27:54.769396+00:00|descending|168|(8.572619, 44.977413, 12.285513, 46.886986)",S1A_IW_GRDH_1SDV_20230515T052729_20230515T052754_048540_05D6AC_308B_COG,1,True,S1A_IW_GRDH_1SDV_20230515T052729_20230515T052754_048540_05D6AC_308B_COG,1,S1A,2023-05-15 05:27:29.769854+00:00,2023-05-15 05:27:54.769396+00:00,descending,168,"[8.572619, 44.977413, 12.285513, 46.886986]",4,4,3,2,11
"S1A|2023-05-15 05:27:54.770896+00:00|2023-05-15 05:28:19.768938+00:00|descending|168|(8.242844, 43.478878, 11.894732, 45.385208)",S1A_IW_GRDH_1SDV_20230515T052754_20230515T052819_048540_05D6AC_5EB7_COG,1,True,S1A_IW_GRDH_1SDV_20230515T052754_20230515T052819_048540_05D6AC_5EB7_COG,1,S1A,2023-05-15 05:27:54.770896+00:00,2023-05-15 05:28:19.768938+00:00,descending,168,"[8.242844, 43.478878, 11.894732, 45.385208]",4,4,3,2,11
"S1A|2023-05-16 17:15:15.590999+00:00|2023-05-16 17:15:40.589732+00:00|ascending|15|(7.743231, 44.361847, 11.419483, 46.268524)",S1A_IW_GRDH_1SDV_20230516T171515_20230516T171540_048562_05D752_36A1_COG,1,True,S1A_IW_GRDH_1SDV_20230516T171515_20230516T171540_048562_05D752_36A1_COG,1,S1A,2023-05-16 17:15:15.590999+00:00,2023-05-16 17:15:40.589732+00:00,ascending,15,"[7.743231, 44.361847, 11.419483, 46.268524]",4,4,3,2,11
"S1A|2023-05-20 05:35:42.758075+00:00|2023-05-20 05:36:07.757921+00:00|descending|66|(6.525885, 45.036858, 10.234273, 46.947262)",S1A_IW_GRDH_1SDV_20230520T053542_20230520T053607_048613_05D8C9_5C0E_COG,1,True,S1A_IW_GRDH_1SDV_20230520T053542_20230520T053607_048613_05D8C9_5C0E_COG,1,S1A,2023-05-20 05:35:42.758075+00:00,2023-05-20 05:36:07.757921+00:00,descending,66,"[6.525885, 45.036858, 10.234273, 46.947262]",4,4,3,2,11
"S1A|2023-05-20 05:36:07.759421+00:00|2023-05-20 05:36:32.757767+00:00|descending|66|(6.200706, 43.537674, 9.851709, 45.444576)",S1A_IW_GRDH_1SDV_20230520T053607_20230520T053632_048613_05D8C9_9AB5_COG,1,True,S1A_IW_GRDH_1SDV_20230520T053607_20230520T053632_048613_05D8C9_9AB5_COG,1,S1A,2023-05-20 05:36:07.759421+00:00,2023-05-20 05:36:32.757767+00:00,descending,66,"[6.200706, 43.537674, 9.851709, 45.444576]",4,4,3,2,11
"S1A|2023-05-21 17:23:22.164664+00:00|2023-05-21 17:23:47.163407+00:00|ascending|88|(5.806634, 43.92194, 9.453056, 45.824566)",S1A_IW_GRDH_1SDV_20230521T172322_20230521T172347_048635_05D979_8CEC_COG,1,True,S1A_IW_GRDH_1SDV_20230521T172322_20230521T172347_048635_05D979_8CEC_COG,1,S1A,2023-05-21 17:23:22.164664+00:00,2023-05-21 17:23:47.163407+00:00,ascending,88,"[5.806634, 43.92194, 9.453056, 45.824566]",4,4,3,2,11
"S1A|2023-05-21 17:23:47.164906+00:00|2023-05-21 17:24:12.163649+00:00|ascending|88|(5.359303, 45.420792, 9.124905, 47.320786)",S1A_IW_GRDH_1SDV_20230521T172347_20230521T172412_048635_05D979_B67A_COG,1,True,S1A_IW_GRDH_1SDV_20230521T172347_20230521T172412_048635_05D979_B67A_COG,1,S1A,2023-05-21 17:23:47.164906+00:00,2023-05-21 17:24:12.163649+00:00,ascending,88,"[5.359303, 45.420792, 9.124905, 47.320786]",4,4,3,2,11
"S1A|2023-05-27 05:27:30.190029+00:00|2023-05-27 05:27:55.188045+00:00|descending|168|(8.573269, 44.977455, 12.286521, 46.88689)",S1A_IW_GRDH_1SDV_20230527T052730_20230527T052755_048715_05DBDD_94D2_COG,1,True,S1A_IW_GRDH_1SDV_20230527T052730_20230527T052755_048715_05DBDD_94D2_COG,1,S1A,2023-05-27 05:27:30.190029+00:00,2023-05-27 05:27:55.188045+00:00,descending,168,"[8.573269, 44.977455, 12.286521, 46.88689]",4,4,3,2,11
"S1A|2023-05-27 05:27:55.189545+00:00|2023-05-27 05:28:20.187560+00:00|descending|168|(8.243503, 43.47892, 11.895388, 45.385239)",S1A_IW_GRDH_1SDV_20230527T052755_20230527T052820_048715_05DBDD_4E6A_COG,1,True,S1A_IW_GRDH_1SDV_20230527T052755_20230527T052820_048715_05DBDD_4E6A_COG,1,S1A,2023-05-27 05:27:55.189545+00:00,2023-05-27 05:28:20.187560+00:00,descending,168,"[8.243503, 43.47892, 11.895388, 45.385239]",4,4,3,2,11
"S1A|2023-05-28 17:15:16.131534+00:00|2023-05-28 17:15:41.128705+00:00|ascending|15|(7.743196, 44.361893, 11.401572, 46.266556)",S1A_IW_GRDH_1SDV_20230528T171516_20230528T171541_048737_05DC83_54B7_COG,1,True,S1A_IW_GRDH_1SDV_20230528T171516_20230528T171541_048737_05DC83_54B7_COG,1,S1A,2023-05-28 17:15:16.131534+00:00,2023-05-28 17:15:41.128705+00:00,ascending,15,"[7.743196, 44.361893, 11.401572, 46.266556]",4,4,3,2,11
"S1A|2023-06-01 05:35:43.164572+00:00|2023-06-01 05:36:08.164421+00:00|descending|66|(6.526925, 45.0368, 10.235316, 46.947247)",S1A_IW_GRDH_1SDV_20230601T053543_20230601T053608_048788_05DE01_E61D_COG,1,True,S1A_IW_GRDH_1SDV_20230601T053543_20230601T053608_048788_05DE01_E61D_COG,1,S1A,2023-06-01 05:35:43.164572+00:00,2023-06-01 05:36:08.164421+00:00,descending,66,"[6.526925, 45.0368, 10.235316, 46.947247]",4,4,3,2,11
"S1A|2023-06-01 05:36:08.165921+00:00|2023-06-01 05:36:33.164270+00:00|descending|66|(6.201839, 43.537621, 9.852737, 45.44455)",S1A_IW_GRDH_1SDV_20230601T053608_20230601T053633_048788_05DE01_1BF4_COG,1,True,S1A_IW_GRDH_1SDV_20230601T053608_20230601T053633_048788_05DE01_1BF4_COG,1,S1A,2023-06-01 05:36:08.165921+00:00,2023-06-01 05:36:33.164270+00:00,descending,66,"[6.201839, 43.537621, 9.852737, 45.44455]",4,4,3,2,11
"S1A|2023-06-02 17:23:22.636814+00:00|2023-06-02 17:23:47.635482+00:00|ascending|88|(5.806711, 43.921989, 9.453014, 45.824604)",S1A_IW_GRDH_1SDV_20230602T172322_20230602T172347_048810_05DEAA_1584_COG,1,True,S1A_IW_GRDH_1SDV_20230602T172322_20230602T172347_048810_05DEAA_1584_COG,1,S1A,2023-06-02 17:23:22.636814+00:00,2023-06-02 17:23:47.635482+00:00,ascending,88,"[5.806711, 43.921989, 9.453014, 45.824604]",4,4,3,2,11
"S1A|2023-06-02 17:23:22.637974+00:00|2023-06-02 17:23:47.636606+00:00|ascending|88|(5.806692, 43.922062, 9.42624, 45.821747)",S1A_IW_GRDH_1SDV_20230602T172322_20230602T172347_048810_05DEAA_DEE6_COG,1,True,S1A_IW_GRDH_1SDV_20230602T172322_20230602T172347_048810_05DEAA_DEE6_COG,1,S1A,2023-06-02 17:23:22.637974+00:00,2023-06-02 17:23:47.636606+00:00,ascending,88,"[5.806692, 43.922062, 9.42624, 45.821747]",4,4,3,2,11
"S1A|2023-06-02 17:23:47.638104+00:00|2023-06-02 17:24:12.636736+00:00|ascending|88|(5.359361, 45.42091, 9.09737, 47.317978)",S1A_IW_GRDH_1SDV_20230602T172347_20230602T172412_048810_05DEAA_7BCD_COG,1,True,S1A_IW_GRDH_1SDV_20230602T172347_20230602T172412_048810_05DEAA_7BCD_COG,1,S1A,2023-06-02 17:23:47.638104+00:00,2023-06-02 17:24:12.636736+00:00,ascending,88,"[5.359361, 45.42091, 9.09737, 47.317978]",4,4,3,2,11
"S1A|2023-06-08 05:27:30.315688+00:00|2023-06-08 05:27:55.313753+00:00|descending|168|(8.575751, 44.977451, 12.28933, 46.886887)",S1A_IW_GRDH_1SDV_20230608T052730_20230608T052755_048890_05E11C_A09A_COG,1,True,S1A_IW_GRDH_1SDV_20230608T052730_20230608T052755_048890_05E11C_A09A_COG,1,S1A,2023-06-08 05:27:30.315688+00:00,2023-06-08 05:27:55.313753+00:00,descending,168,"[8.575751, 44.977451, 12.28933, 46.886887]",4,4,3,2,11
"S1A|2023-06-08 05:27:55.315253+00:00|2023-06-08 05:28:20.314818+00:00|descending|168|(8.245954, 43.478825, 11.897993, 45.385254)",S1A_IW_GRDH_1SDV_20230608T052755_20230608T052820_048890_05E11C_0FE8_COG,1,True,S1A_IW_GRDH_1SDV_20230608T052755_20230608T052820_048890_05E11C_0FE8_COG,1,S1A,2023-06-08 05:27:55.315253+00:00,2023-06-08 05:28:20.314818+00:00,descending,168,"[8.245954, 43.478825, 11.897993, 45.385254]",4,4,3,2,11
"S1A|2023-06-09 17:15:16.414956+00:00|2023-06-09 17:15:41.413666+00:00|ascending|15|(7.744308, 44.361732, 11.402877, 46.266529)",S1A_IW_GRDH_1SDV_20230609T171516_20230609T171541_048912_05E1C6_EFF7_COG,1,True,S1A_IW_GRDH_1SDV_20230609T171516_20230609T171541_048912_05E1C6_EFF7_COG,1,S1A,2023-06-09 17:15:16.414956+00:00,2023-06-09 17:15:41.413666+00:00,ascending,15,"[7.744308, 44.361732, 11.402877, 46.266529]",4,4,3,2,11
"S1A|2023-06-13 05:35:43.821874+00:00|2023-06-13 05:36:08.820178+00:00|descending|66|(6.527207, 45.0368, 10.235597, 46.947151)",S1A_IW_GRDH_1SDV_20230613T053543_20230613T053608_048963_05E354_367E_COG,1,True,S1A_IW_GRDH_1SDV_20230613T053543_20230613T053608_048963_05E354_367E_COG,1,S1A,2023-06-13 05:35:43.821874+00:00,2023-06-13 05:36:08.820178+00:00,descending,66,"[6.527207, 45.0368, 10.235597, 46.947151]",4,4,3,2,11
"S1A|2023-06-13 05:36:08.821678+00:00|2023-06-13 05:36:33.819981+00:00|descending|66|(6.202113, 43.537617, 9.85302, 45.444542)",S1A_IW_GRDH_1SDV_20230613T053608_20230613T053633_048963_05E354_34D1_COG,1,True,S1A_IW_GRDH_1SDV_20230613T053608_20230613T053633_048963_05E354_34D1_COG,1,S1A,2023-06-13 05:36:08.821678+00:00,2023-06-13 05:36:33.819981+00:00,descending,66,"[6.202113, 43.537617, 9.85302, 45.444542]",4,4,3,2,11
"S1A|2023-06-14 17:23:23.252993+00:00|2023-06-14 17:23:48.251790+00:00|ascending|88|(5.806797, 43.921902, 9.453222, 45.824543)",S1A_IW_GRDH_1SDV_20230614T172323_20230614T172348_048985_05E406_1519_COG,1,True,S1A_IW_GRDH_1SDV_20230614T172323_20230614T172348_048985_05E406_1519_COG,1,S1A,2023-06-14 17:23:23.252993+00:00,2023-06-14 17:23:48.251790+00:00,ascending,88,"[5.806797, 43.921902, 9.453222, 45.824543]",4,4,3,2,11
"S1A|2023-06-14 17:23:48.253315+00:00|2023-06-14 17:24:13.250617+00:00|ascending|88|(5.359478, 45.420757, 9.12519, 47.32069)",S1A_IW_GRDH_1SDV_20230614T172348_20230614T172413_048985_05E406_C03E_COG,1,True,S1A_IW_GRDH_1SDV_20230614T172348_20230614T172413_048985_05E406_C03E_COG,1,S1A,2023-06-14 17:23:48.253315+00:00,2023-06-14 17:24:13.250617+00:00,ascending,88,"[5.359478, 45.420757, 9.12519, 47.32069]",4,4,3,2,11
"S1A|2023-06-20 05:27:31.349013+00:00|2023-06-20 05:27:56.346929+00:00|descending|168|(8.573002, 44.977371, 12.28574, 46.886776)",S1A_IW_GRDH_1SDV_20230620T052731_20230620T052756_049065_05E675_7EDD_COG,1,True,S1A_IW_GRDH_1SDV_20230620T052731_20230620T052756_049065_05E675_7EDD_COG,1,S1A,2023-06-20 05:27:31.349013+00:00,2023-06-20 05:27:56.346929+00:00,descending,168,"[8.573002, 44.977371, 12.28574, 46.886776]",4,4,3,2,11
"S1A|2023-06-20 05:27:56.348428+00:00|2023-06-20 05:28:21.347844+00:00|descending|168|(8.243253, 43.478741, 11.895, 45.38509)",S1A_IW_GRDH_1SDV_20230620T052756_20230620T052821_049065_05E675_A55D_COG,1,True,S1A_IW_GRDH_1SDV_20230620T052756_20230620T052821_049065_05E675_A55D_COG,1,S1A,2023-06-20 05:27:56.348428+00:00,2023-06-20 05:28:21.347844+00:00,descending,168,"[8.243253, 43.478741, 11.895, 45.38509]",4,4,3,2,11
"S1A|2023-06-21 17:15:16.980428+00:00|2023-06-21 17:15:41.977612+00:00|ascending|15|(7.745681, 44.361893, 11.404034, 46.266548)",S1A_IW_GRDH_1SDV_20230621T171516_20230621T171541_049087_05E71D_920B_COG,1,True,S1A_IW_GRDH_1SDV_20230621T171516_20230621T171541_049087_05E71D_920B_COG,1,S1A,2023-06-21 17:15:16.980428+00:00,2023-06-21 17:15:41.977612+00:00,ascending,15,"[7.745681, 44.361893, 11.404034, 46.266548]",4,4,3,2,11
"S1A|2023-06-25 05:35:44.645667+00:00|2023-06-25 05:36:09.643950+00:00|descending|66|(6.527186, 45.036766, 10.235421, 46.947132)",S1A_IW_GRDH_1SDV_20230625T053544_20230625T053609_049138_05E8A7_0B0D_COG,1,True,S1A_IW_GRDH_1SDV_20230625T053544_20230625T053609_049138_05E8A7_0B0D_COG,1,S1A,2023-06-25 05:35:44.645667+00:00,2023-06-25 05:36:09.643950+00:00,descending,66,"[6.527186, 45.036766, 10.235421, 46.947132]",4,4,3,2,11
"S1A|2023-06-25 05:36:09.645450+00:00|2023-06-25 05:36:34.645233+00:00|descending|66|(6.201811, 43.537498, 9.852867, 45.44455)",S1A_IW_GRDH_1SDV_20230625T053609_20230625T053634_049138_05E8A7_16B7_COG,1,True,S1A_IW_GRDH_1SDV_20230625T053609_20230625T053634_049138_05E8A7_16B7_COG,1,S1A,2023-06-25 05:36:09.645450+00:00,2023-06-25 05:36:34.645233+00:00,descending,66,"[6.201811, 43.537498, 9.852867, 45.44455]",4,4,3,2,11
"S1A|2023-06-26 17:23:23.465174+00:00|2023-06-26 17:23:48.463896+00:00|ascending|88|(5.808083, 43.921921, 9.454542, 45.824604)",S1A_IW_GRDH_1SDV_20230626T172323_20230626T172348_049160_05E954_9F8C_COG,1,True,S1A_IW_GRDH_1SDV_20230626T172323_20230626T172348_049160_05E954_9F8C_COG,1,S1A,2023-06-26 17:23:23.465174+00:00,2023-06-26 17:23:48.463896+00:00,ascending,88,"[5.808083, 43.921921, 9.454542, 45.824604]",4,4,3,2,11
"S1A|2023-06-26 17:23:48.465395+00:00|2023-06-26 17:24:13.464117+00:00|ascending|88|(5.360861, 45.420769, 9.12634, 47.320839)",S1A_IW_GRDH_1SDV_20230626T172348_20230626T172413_049160_05E954_5ABC_COG,1,True,S1A_IW_GRDH_1SDV_20230626T172348_20230626T172413_049160_05E954_5ABC_COG,1,S1A,2023-06-26 17:23:48.465395+00:00,2023-06-26 17:24:13.464117+00:00,ascending,88,"[5.360861, 45.420769, 9.12634, 47.320839]",4,4,3,2,11
"S1A|2023-07-02 05:27:32.033388+00:00|2023-07-02 05:27:57.031387+00:00|descending|168|(8.572847, 44.977375, 12.285714, 46.886799)",S1A_IW_GRDH_1SDV_20230702T052732_20230702T052757_049240_05EBC4_293B_COG,1,True,S1A_IW_GRDH_1SDV_20230702T052732_20230702T052757_049240_05EBC4_293B_COG,1,S1A,2023-07-02 05:27:32.033388+00:00,2023-07-02 05:27:57.031387+00:00,descending,168,"[8.572847, 44.977375, 12.285714, 46.886799]",4,4,3,2,11
"S1A|2023-07-02 05:27:57.032832+00:00|2023-07-02 05:28:22.032328+00:00|descending|168|(8.243103, 43.478748, 11.894973, 45.385113)",S1A_IW_GRDH_1SDV_20230702T052757_20230702T052822_049240_05EBC4_9FC3_COG,1,True,S1A_IW_GRDH_1SDV_20230702T052757_20230702T052822_049240_05EBC4_9FC3_COG,1,S1A,2023-07-02 05:27:57.032832+00:00,2023-07-02 05:28:22.032328+00:00,descending,168,"[8.243103, 43.478748, 11.894973, 45.385113]",4,4,3,2,11
"S1A|2023-07-03 17:15:17.996194+00:00|2023-07-03 17:15:42.994809+00:00|ascending|15|(7.744898, 44.361946, 11.403238, 46.266659)",S1A_IW_GRDH_1SDV_20230703T171517_20230703T171542_049262_05EC71_98B2_COG,1,True,S1A_IW_GRDH_1SDV_20230703T171517_20230703T171542_049262_05EC71_98B2_COG,1,S1A,2023-07-03 17:15:17.996194+00:00,2023-07-03 17:15:42.994809+00:00,ascending,15,"[7.744898, 44.361946, 11.403238, 46.266659]",4,4,3,2,11
"S1A|2023-07-07 05:35:45.318018+00:00|2023-07-07 05:36:10.316382+00:00|descending|66|(6.527556, 45.036751, 10.235859, 46.947128)",S1A_IW_GRDH_1SDV_20230707T053545_20230707T053610_049313_05EE09_6E74_COG,1,True,S1A_IW_GRDH_1SDV_20230707T053545_20230707T053610_049313_05EE09_6E74_COG,1,S1A,2023-07-07 05:35:45.318018+00:00,2023-07-07 05:36:10.316382+00:00,descending,66,"[6.527556, 45.036751, 10.235859, 46.947128]",4,4,3,2,11
"S1A|2023-07-07 05:36:10.317882+00:00|2023-07-07 05:36:35.316247+00:00|descending|66|(6.202315, 43.537575, 9.853366, 45.444527)",S1A_IW_GRDH_1SDV_20230707T053610_20230707T053635_049313_05EE09_ED01_COG,1,True,S1A_IW_GRDH_1SDV_20230707T053610_20230707T053635_049313_05EE09_ED01_COG,1,S1A,2023-07-07 05:36:10.317882+00:00,2023-07-07 05:36:35.316247+00:00,descending,66,"[6.202315, 43.537575, 9.853366, 45.444527]",4,4,3,2,11
"S1A|2023-07-08 17:23:24.873149+00:00|2023-07-08 17:23:49.871558+00:00|ascending|88|(5.805421, 43.921959, 9.451636, 45.8246)",S1A_IW_GRDH_1SDV_20230708T172324_20230708T172349_049335_05EEBC_E684_COG,1,True,S1A_IW_GRDH_1SDV_20230708T172324_20230708T172349_049335_05EEBC_E684_COG,1,S1A,2023-07-08 17:23:24.873149+00:00,2023-07-08 17:23:49.871558+00:00,ascending,88,"[5.805421, 43.921959, 9.451636, 45.8246]",4,4,3,2,11
"S1A|2023-07-08 17:23:49.873030+00:00|2023-07-08 17:24:14.871437+00:00|ascending|88|(5.35803, 45.420784, 9.123297, 47.320782)",S1A_IW_GRDH_1SDV_20230708T172349_20230708T172414_049335_05EEBC_0023_COG,1,True,S1A_IW_GRDH_1SDV_20230708T172349_20230708T172414_049335_05EEBC_0023_COG,1,S1A,2023-07-08 17:23:49.873030+00:00,2023-07-08 17:24:14.871437+00:00,ascending,88,"[5.35803, 45.420784, 9.123297, 47.320782]",4,4,3,2,11
"S1A|2023-07-14 05:27:33.070566+00:00|2023-07-14 05:27:58.068853+00:00|descending|168|(8.572565, 44.977356, 12.285475, 46.886837)",S1A_IW_GRDH_1SDV_20230714T052733_20230714T052758_049415_05F130_8B7A_COG,1,True,S1A_IW_GRDH_1SDV_20230714T052733_20230714T052758_049415_05F130_8B7A_COG,1,S1A,2023-07-14 05:27:33.070566+00:00,2023-07-14 05:27:58.068853+00:00,descending,168,"[8.572565, 44.977356, 12.285475, 46.886837]",4,4,3,2,11
"S1A|2023-07-14 05:27:58.070297+00:00|2023-07-14 05:28:23.070081+00:00|descending|168|(8.242774, 43.478718, 11.894679, 45.385139)",S1A_IW_GRDH_1SDV_20230714T052758_20230714T052823_049415_05F130_0DBB_COG,1,True,S1A_IW_GRDH_1SDV_20230714T052758_20230714T052823_049415_05F130_0DBB_COG,1,S1A,2023-07-14 05:27:58.070297+00:00,2023-07-14 05:28:23.070081+00:00,descending,168,"[8.242774, 43.478718, 11.894679, 45.385139]",4,4,3,2,11
"S1A|2023-07-15 17:15:18.980641+00:00|2023-07-15 17:15:43.979275+00:00|ascending|15|(7.743258, 44.361935, 11.401624, 46.266678)",S1A_IW_GRDH_1SDV_20230715T171518_20230715T171543_049437_05F1DD_DB0F_COG,1,True,S1A_IW_GRDH_1SDV_20230715T171518_20230715T171543_049437_05F1DD_DB0F_COG,1,S1A,2023-07-15 17:15:18.980641+00:00,2023-07-15 17:15:43.979275+00:00,ascending,15,"[7.743258, 44.361935, 11.401624, 46.266678]",4,4,3,2,11
"S1A|2023-07-19 05:35:45.903887+00:00|2023-07-19 05:36:10.902148+00:00|descending|66|(6.527562, 45.036674, 10.235725, 46.947002)",S1A_IW_GRDH_1SDV_20230719T053545_20230719T053610_049488_05F366_E26D_COG,1,True,S1A_IW_GRDH_1SDV_20230719T053545_20230719T053610_049488_05F366_E26D_COG,1,S1A,2023-07-19 05:35:45.903887+00:00,2023-07-19 05:36:10.902148+00:00,descending,66,"[6.527562, 45.036674, 10.235725, 46.947002]",4,4,3,2,11
"S1A|2023-07-19 05:36:10.903648+00:00|2023-07-19 05:36:35.901909+00:00|descending|66|(6.202339, 43.537495, 9.853247, 45.444401)",S1A_IW_GRDH_1SDV_20230719T053610_20230719T053635_049488_05F366_9F2C_COG,1,True,S1A_IW_GRDH_1SDV_20230719T053610_20230719T053635_049488_05F366_9F2C_COG,1,S1A,2023-07-19 05:36:10.903648+00:00,2023-07-19 05:36:35.901909+00:00,descending,66,"[6.202339, 43.537495, 9.853247, 45.444401]",4,4,3,2,11
"S1A|2023-07-20 17:23:25.374299+00:00|2023-07-20 17:23:50.373037+00:00|ascending|88|(5.80756, 43.921974, 9.45411, 45.824615)",S1A_IW_GRDH_1SDV_20230720T172325_20230720T172350_049510_05F40F_6113_COG,1,True,S1A_IW_GRDH_1SDV_20230720T172325_20230720T172350_049510_05F40F_6113_COG,1,S1A,2023-07-20 17:23:25.374299+00:00,2023-07-20 17:23:50.373037+00:00,ascending,88,"[5.80756, 43.921974, 9.45411, 45.824615]",4,4,3,2,11
"S1A|2023-07-20 17:23:50.374509+00:00|2023-07-20 17:24:15.373244+00:00|ascending|88|(5.360389, 45.420822, 9.125834, 47.320839)",S1A_IW_GRDH_1SDV_20230720T172350_20230720T172415_049510_05F40F_3B3B_COG,1,True,S1A_IW_GRDH_1SDV_20230720T172350_20230720T172415_049510_05F40F_3B3B_COG,1,S1A,2023-07-20 17:23:50.374509+00:00,2023-07-20 17:24:15.373244+00:00,ascending,88,"[5.360389, 45.420822, 9.125834, 47.320839]",4,4,3,2,11
"S1A|2023-07-26 05:27:33.701852+00:00|2023-07-26 05:27:58.701314+00:00|descending|168|(8.572796, 44.977238, 12.285745, 46.88681)",S1A_IW_GRDH_1SDV_20230726T052733_20230726T052758_049590_05F68C_57CA_COG,1,True,S1A_IW_GRDH_1SDV_20230726T052733_20230726T052758_049590_05F68C_57CA_COG,1,S1A,2023-07-26 05:27:33.701852+00:00,2023-07-26 05:27:58.701314+00:00,descending,168,"[8.572796, 44.977238, 12.285745, 46.88681]",4,4,3,2,11
"S1A|2023-07-26 05:27:58.702758+00:00|2023-07-26 05:28:23.700717+00:00|descending|168|(8.243006, 43.478706, 11.894899, 45.38504)",S1A_IW_GRDH_1SDV_20230726T052758_20230726T052823_049590_05F68C_0A7F_COG,1,True,S1A_IW_GRDH_1SDV_20230726T052758_20230726T052823_049590_05F68C_0A7F_COG,1,S1A,2023-07-26 05:27:58.702758+00:00,2023-07-26 05:28:23.700717+00:00,descending,168,"[8.243006, 43.478706, 11.894899, 45.38504]",4,4,3,2,11
"S1A|2023-07-27 17:15:19.483481+00:00|2023-07-27 17:15:44.480653+00:00|ascending|15|(7.742897, 44.361851, 11.401261, 46.266544)",S1A_IW_GRDH_1SDV_20230727T171519_20230727T171544_049612_05F73D_E53B_COG,1,True,S1A_IW_GRDH_1SDV_20230727T171519_20230727T171544_049612_05F73D_E53B_COG,1,S1A,2023-07-27 17:15:19.483481+00:00,2023-07-27 17:15:44.480653+00:00,ascending,15,"[7.742897, 44.361851, 11.401261, 46.266544]",4,4,3,2,11
"S1A|2023-07-31 05:35:46.627555+00:00|2023-07-31 05:36:11.625785+00:00|descending|66|(6.526856, 45.03664, 10.235023, 46.946964)",S1A_IW_GRDH_1SDV_20230731T053546_20230731T053611_049663_05F8D1_FEE8_COG,1,True,S1A_IW_GRDH_1SDV_20230731T053546_20230731T053611_049663_05F8D1_FEE8_COG,1,S1A,2023-07-31 05:35:46.627555+00:00,2023-07-31 05:36:11.625785+00:00,descending,66,"[6.526856, 45.03664, 10.235023, 46.946964]",4,4,3,2,11
"S1A|2023-07-31 05:36:11.627229+00:00|2023-07-31 05:36:36.625457+00:00|descending|66|(6.201789, 43.53746, 9.85254, 45.444351)",S1A_IW_GRDH_1SDV_20230731T053611_20230731T053636_049663_05F8D1_9C76_COG,1,True,S1A_IW_GRDH_1SDV_20230731T053611_20230731T053636_049663_05F8D1_9C76_COG,1,S1A,2023-07-31 05:36:11.627229+00:00,2023-07-31 05:36:36.625457+00:00,descending,66,"[6.201789, 43.53746, 9.85254, 45.444351]",4,4,3,2,11
"S1A|2023-08-01 17:23:25.934993+00:00|2023-08-01 17:23:50.933718+00:00|ascending|88|(5.807916, 43.921993, 9.454215, 45.824615)",S1A_IW_GRDH_1SDV_20230801T172325_20230801T172350_049685_05F97B_89F3_COG,1,True,S1A_IW_GRDH_1SDV_20230801T172325_20230801T172350_049685_05F97B_89F3_COG,1,S1A,2023-08-01 17:23:25.934993+00:00,2023-08-01 17:23:50.933718+00:00,ascending,88,"[5.807916, 43.921993, 9.454215, 45.824615]",4,4,3,2,11
"S1A|2023-08-01 17:23:50.935217+00:00|2023-08-01 17:24:15.933942+00:00|ascending|88|(5.360747, 45.420845, 9.12606, 47.320854)",S1A_IW_GRDH_1SDV_20230801T172350_20230801T172415_049685_05F97B_22DC_COG,1,True,S1A_IW_GRDH_1SDV_20230801T172350_20230801T172415_049685_05F97B_22DC_COG,1,S1A,2023-08-01 17:23:50.935217+00:00,2023-08-01 17:24:15.933942+00:00,ascending,88,"[5.360747, 45.420845, 9.12606, 47.320854]",4,4,3,2,11
"S1A|2023-08-07 05:27:34.288012+00:00|2023-08-07 05:27:59.287472+00:00|descending|168|(8.573729, 44.977215, 12.287294, 46.886734)",S1A_IW_GRDH_1SDV_20230807T052734_20230807T052759_049765_05FBF2_C425_COG,1,True,S1A_IW_GRDH_1SDV_20230807T052734_20230807T052759_049765_05FBF2_C425_COG,1,S1A,2023-08-07 05:27:34.288012+00:00,2023-08-07 05:27:59.287472+00:00,descending,168,"[8.573729, 44.977215, 12.287294, 46.886734]",4,4,3,2,11
"S1A|2023-08-07 05:27:59.288971+00:00|2023-08-07 05:28:24.286931+00:00|descending|168|(8.244039, 43.478683, 11.895827, 45.385006)",S1A_IW_GRDH_1SDV_20230807T052759_20230807T052824_049765_05FBF2_0D1C_COG,1,True,S1A_IW_GRDH_1SDV_20230807T052759_20230807T052824_049765_05FBF2_0D1C_COG,1,S1A,2023-08-07 05:27:59.288971+00:00,2023-08-07 05:28:24.286931+00:00,descending,168,"[8.244039, 43.478683, 11.895827, 45.385006]",4,4,3,2,11
"S1A|2023-08-08 17:15:19.712246+00:00|2023-08-08 17:15:44.710955+00:00|ascending|15|(7.744782, 44.361847, 11.403183, 46.266655)",S1A_IW_GRDH_1SDV_20230808T171519_20230808T171544_049787_05FCB4_96B7_COG,1,True,S1A_IW_GRDH_1SDV_20230808T171519_20230808T171544_049787_05FCB4_96B7_COG,1,S1A,2023-08-08 17:15:19.712246+00:00,2023-08-08 17:15:44.710955+00:00,ascending,15,"[7.744782, 44.361847, 11.403183, 46.266655]",4,4,3,2,11
"S1A|2023-08-12 05:35:46.901322+00:00|2023-08-12 05:36:11.899731+00:00|descending|66|(6.530336, 45.036667, 10.238621, 46.947079)",S1A_IW_GRDH_1SDV_20230812T053546_20230812T053611_049838_05FE67_3C38_COG,1,True,S1A_IW_GRDH_1SDV_20230812T053546_20230812T053611_049838_05FE67_3C38_COG,1,S1A,2023-08-12 05:35:46.901322+00:00,2023-08-12 05:36:11.899731+00:00,descending,66,"[6.530336, 45.036667, 10.238621, 46.947079]",4,4,3,2,11
"S1A|2023-08-12 05:36:11.901231+00:00|2023-08-12 05:36:36.899639+00:00|descending|66|(6.205066, 43.537495, 9.856133, 45.444477)",S1A_IW_GRDH_1SDV_20230812T053611_20230812T053636_049838_05FE67_82FF_COG,1,True,S1A_IW_GRDH_1SDV_20230812T053611_20230812T053636_049838_05FE67_82FF_COG,1,S1A,2023-08-12 05:36:11.901231+00:00,2023-08-12 05:36:36.899639+00:00,descending,66,"[6.205066, 43.537495, 9.856133, 45.444477]",4,4,3,2,11
"S1A|2023-08-13 17:23:26.571688+00:00|2023-08-13 17:23:51.570450+00:00|ascending|88|(5.807294, 43.921959, 9.453883, 45.82465)",S1A_IW_GRDH_1SDV_20230813T172326_20230813T172351_049860_05FF2F_7B34_COG,1,True,S1A_IW_GRDH_1SDV_20230813T172326_20230813T172351_049860_05FF2F_7B34_COG,1,S1A,2023-08-13 17:23:26.571688+00:00,2023-08-13 17:23:51.570450+00:00,ascending,88,"[5.807294, 43.921959, 9.453883, 45.82465]",4,4,3,2,11
"S1A|2023-08-13 17:23:51.571949+00:00|2023-08-13 17:24:16.570711+00:00|ascending|88|(5.360097, 45.420803, 9.125553, 47.320877)",S1A_IW_GRDH_1SDV_20230813T172351_20230813T172416_049860_05FF2F_B7B5_COG,1,True,S1A_IW_GRDH_1SDV_20230813T172351_20230813T172416_049860_05FF2F_B7B5_COG,1,S1A,2023-08-13 17:23:51.571949+00:00,2023-08-13 17:24:16.570711+00:00,ascending,88,"[5.360097, 45.420803, 9.125553, 47.320877]",4,4,3,2,11
"S1A|2023-08-19 05:27:35.131370+00:00|2023-08-19 05:28:00.130896+00:00|descending|168|(8.572685, 44.977253, 12.285619, 46.88678)",S1A_IW_GRDH_1SDV_20230819T052735_20230819T052800_049940_0601E9_D7DC_COG,1,True,S1A_IW_GRDH_1SDV_20230819T052735_20230819T052800_049940_0601E9_D7DC_COG,1,S1A,2023-08-19 05:27:35.131370+00:00,2023-08-19 05:28:00.130896+00:00,descending,168,"[8.572685, 44.977253, 12.285619, 46.88678]",4,4,3,2,11
"S1A|2023-08-19 05:28:00.132396+00:00|2023-08-19 05:28:25.130423+00:00|descending|168|(8.242933, 43.478714, 11.894798, 45.385006)",S1A_IW_GRDH_1SDV_20230819T052800_20230819T052825_049940_0601E9_A746_COG,1,True,S1A_IW_GRDH_1SDV_20230819T052800_20230819T052825_049940_0601E9_A746_COG,1,S1A,2023-08-19 05:28:00.132396+00:00,2023-08-19 05:28:25.130423+00:00,descending,168,"[8.242933, 43.478714, 11.894798, 45.385006]",4,4,3,2,11
"S1A|2023-08-20 17:15:20.980367+00:00|2023-08-20 17:15:45.978715+00:00|ascending|15|(7.744703, 44.36227, 11.402581, 46.266937)",S1A_IW_GRDH_1SDV_20230820T171520_20230820T171545_049962_0602B3_7073_COG,1,True,S1A_IW_GRDH_1SDV_20230820T171520_20230820T171545_049962_0602B3_7073_COG,1,S1A,2023-08-20 17:15:20.980367+00:00,2023-08-20 17:15:45.978715+00:00,ascending,15,"[7.744703, 44.36227, 11.402581, 46.266937]",4,4,3,2,11
"S1A|2023-08-24 05:35:47.915002+00:00|2023-08-24 05:36:12.913372+00:00|descending|66|(6.528719, 45.036594, 10.237039, 46.947018)",S1A_IW_GRDH_1SDV_20230824T053547_20230824T053612_050013_060459_7532_COG,1,True,S1A_IW_GRDH_1SDV_20230824T053547_20230824T053612_050013_060459_7532_COG,1,S1A,2023-08-24 05:35:47.915002+00:00,2023-08-24 05:36:12.913372+00:00,descending,66,"[6.528719, 45.036594, 10.237039, 46.947018]",4,4,3,2,11
"S1A|2023-08-24 05:36:12.914927+00:00|2023-08-24 05:36:37.913300+00:00|descending|66|(6.203304, 43.537418, 9.854507, 45.444427)",S1A_IW_GRDH_1SDV_20230824T053612_20230824T053637_050013_060459_2D0E_COG,1,True,S1A_IW_GRDH_1SDV_20230824T053612_20230824T053637_050013_060459_2D0E_COG,1,S1A,2023-08-24 05:36:12.914927+00:00,2023-08-24 05:36:37.913300+00:00,descending,66,"[6.203304, 43.537418, 9.854507, 45.444427]",4,4,3,2,11
"S1A|2023-08-25 17:23:27.520391+00:00|2023-08-25 17:23:52.517723+00:00|ascending|88|(5.804714, 43.921894, 9.451302, 45.824535)",S1A_IW_GRDH_1SDV_20230825T172327_20230825T172352_050035_060521_AF1F_COG,1,True,S1A_IW_GRDH_1SDV_20230825T172327_20230825T172352_050035_060521_AF1F_COG,1,S1A,2023-08-25 17:23:27.520391+00:00,2023-08-25 17:23:52.517723+00:00,ascending,88,"[5.804714, 43.921894, 9.451302, 45.824535]",4,4,3,2,11
"S1A|2023-08-25 17:23:52.519221+00:00|2023-08-25 17:24:17.518051+00:00|ascending|88|(5.35728, 45.420647, 9.122954, 47.320736)",S1A_IW_GRDH_1SDV_20230825T172352_20230825T172417_050035_060521_48BF_COG,1,True,S1A_IW_GRDH_1SDV_20230825T172352_20230825T172417_050035_060521_48BF_COG,1,S1A,2023-08-25 17:23:52.519221+00:00,2023-08-25 17:24:17.518051+00:00,ascending,88,"[5.35728, 45.420647, 9.122954, 47.320736]",4,4,3,2,11
"S1A|2023-08-31 05:27:35.604045+00:00|2023-08-31 05:28:00.602379+00:00|descending|168|(8.573089, 44.977283, 12.286454, 46.886703)",S1A_IW_GRDH_1SDV_20230831T052735_20230831T052800_050115_0607E8_D572_COG,1,True,S1A_IW_GRDH_1SDV_20230831T052735_20230831T052800_050115_0607E8_D572_COG,1,S1A,2023-08-31 05:27:35.604045+00:00,2023-08-31 05:28:00.602379+00:00,descending,168,"[8.573089, 44.977283, 12.286454, 46.886703]",4,4,3,2,11
"S1A|2023-08-31 05:28:00.603879+00:00|2023-08-31 05:28:25.602214+00:00|descending|168|(8.243356, 43.478725, 11.895333, 45.385036)",S1A_IW_GRDH_1SDV_20230831T052800_20230831T052825_050115_0607E8_DF58_COG,1,True,S1A_IW_GRDH_1SDV_20230831T052800_20230831T052825_050115_0607E8_DF58_COG,1,S1A,2023-08-31 05:28:00.603879+00:00,2023-08-31 05:28:25.602214+00:00,descending,168,"[8.243356, 43.478725, 11.895333, 45.385036]",4,4,3,2,11
"S1A|2023-09-01 17:15:21.589916+00:00|2023-09-01 17:15:46.588623+00:00|ascending|15|(7.743995, 44.361881, 11.402545, 46.266624)",S1A_IW_GRDH_1SDV_20230901T171521_20230901T171546_050137_0608B3_6EFD_COG,1,True,S1A_IW_GRDH_1SDV_20230901T171521_20230901T171546_050137_0608B3_6EFD_COG,1,S1A,2023-09-01 17:15:21.589916+00:00,2023-09-01 17:15:46.588623+00:00,ascending,15,"[7.743995, 44.361881, 11.402545, 46.266624]",4,4,3,2,11
"S1A|2023-09-05 05:35:48.737948+00:00|2023-09-05 05:36:13.736332+00:00|descending|66|(6.52774, 45.036652, 10.236132, 46.947056)",S1A_IW_GRDH_1SDV_20230905T053548_20230905T053613_050188_060A63_F19D_COG,1,True,S1A_IW_GRDH_1SDV_20230905T053548_20230905T053613_050188_060A63_F19D_COG,1,S1A,2023-09-05 05:35:48.737948+00:00,2023-09-05 05:36:13.736332+00:00,descending,66,"[6.52774, 45.036652, 10.236132, 46.947056]",4,4,3,2,11
"S1A|2023-09-05 05:36:13.737832+00:00|2023-09-05 05:36:38.736215+00:00|descending|66|(6.202449, 43.537479, 9.853535, 45.444462)",S1A_IW_GRDH_1SDV_20230905T053613_20230905T053638_050188_060A63_61F1_COG,1,True,S1A_IW_GRDH_1SDV_20230905T053613_20230905T053638_050188_060A63_61F1_COG,1,S1A,2023-09-05 05:36:13.737832+00:00,2023-09-05 05:36:38.736215+00:00,descending,66,"[6.202449, 43.537479, 9.853535, 45.444462]",4,4,3,2,11
"S1A|2023-09-06 17:23:28.079956+00:00|2023-09-06 17:23:53.077287+00:00|ascending|88|(5.804924, 43.921925, 9.451518, 45.82457)",S1A_IW_GRDH_1SDV_20230906T172328_20230906T172353_050210_060B1F_E3E2_COG,1,True,S1A_IW_GRDH_1SDV_20230906T172328_20230906T172353_050210_060B1F_E3E2_COG,1,S1A,2023-09-06 17:23:28.079956+00:00,2023-09-06 17:23:53.077287+00:00,ascending,88,"[5.804924, 43.921925, 9.451518, 45.82457]",4,4,3,2,11
"S1A|2023-09-06 17:23:53.078785+00:00|2023-09-06 17:24:18.077615+00:00|ascending|88|(5.357493, 45.420677, 9.123165, 47.32077)",S1A_IW_GRDH_1SDV_20230906T172353_20230906T172418_050210_060B1F_5193_COG,1,True,S1A_IW_GRDH_1SDV_20230906T172353_20230906T172418_050210_060B1F_5193_COG,1,S1A,2023-09-06 17:23:53.078785+00:00,2023-09-06 17:24:18.077615+00:00,ascending,88,"[5.357493, 45.420677, 9.123165, 47.32077]",4,4,3,2,11
"S1A|2023-09-12 05:27:36.238835+00:00|2023-09-12 05:28:01.236900+00:00|descending|168|(8.573683, 44.977219, 12.286908, 46.886681)",S1A_IW_GRDH_1SDV_20230912T052736_20230912T052801_050290_060DE1_F323_COG,1,True,S1A_IW_GRDH_1SDV_20230912T052736_20230912T052801_050290_060DE1_F323_COG,1,S1A,2023-09-12 05:27:36.238835+00:00,2023-09-12 05:28:01.236900+00:00,descending,168,"[8.573683, 44.977219, 12.286908, 46.886681]",4,4,3,2,11
"S1A|2023-09-12 05:28:01.238372+00:00|2023-09-12 05:28:26.237936+00:00|descending|168|(8.243882, 43.478596, 11.895783, 45.385029)",S1A_IW_GRDH_1SDV_20230912T052801_20230912T052826_050290_060DE1_551D_COG,1,True,S1A_IW_GRDH_1SDV_20230912T052801_20230912T052826_050290_060DE1_551D_COG,1,S1A,2023-09-12 05:28:01.238372+00:00,2023-09-12 05:28:26.237936+00:00,descending,168,"[8.243882, 43.478596, 11.895783, 45.385029]",4,4,3,2,11
"S1A|2023-09-13 17:15:21.892756+00:00|2023-09-13 17:15:46.889937+00:00|ascending|15|(7.744759, 44.362099, 11.421041, 46.268696)",S1A_IW_GRDH_1SDV_20230913T171521_20230913T171546_050312_060EAC_688F_COG,1,True,S1A_IW_GRDH_1SDV_20230913T171521_20230913T171546_050312_060EAC_688F_COG,1,S1A,2023-09-13 17:15:21.892756+00:00,2023-09-13 17:15:46.889937+00:00,ascending,15,"[7.744759, 44.362099, 11.421041, 46.268696]",4,4,3,2,11
"S1A|2023-09-17 05:35:49.206510+00:00|2023-09-17 05:36:14.205009+00:00|descending|66|(6.527053, 45.036705, 10.235549, 46.947063)",S1A_IW_GRDH_1SDV_20230917T053549_20230917T053614_050363_06104F_F244_COG,1,True,S1A_IW_GRDH_1SDV_20230917T053549_20230917T053614_050363_06104F_F244_COG,1,S1A,2023-09-17 05:35:49.206510+00:00,2023-09-17 05:36:14.205009+00:00,descending,66,"[6.527053, 45.036705, 10.235549, 46.947063]",4,4,3,2,11
"S1A|2023-09-17 05:36:14.206509+00:00|2023-09-17 05:36:39.205008+00:00|descending|66|(6.20185, 43.537521, 9.852988, 45.444469)",S1A_IW_GRDH_1SDV_20230917T053614_20230917T053639_050363_06104F_CB4B_COG,1,True,S1A_IW_GRDH_1SDV_20230917T053614_20230917T053639_050363_06104F_CB4B_COG,1,S1A,2023-09-17 05:36:14.206509+00:00,2023-09-17 05:36:39.205008+00:00,descending,66,"[6.20185, 43.537521, 9.852988, 45.444469]",4,4,3,2,11
"S1A|2023-09-18 17:23:28.614955+00:00|2023-09-18 17:23:53.613357+00:00|ascending|88|(5.806212, 43.922092, 9.452421, 45.824696)",S1A_IW_GRDH_1SDV_20230918T172328_20230918T172353_050385_061114_A80E_COG,1,True,S1A_IW_GRDH_1SDV_20230918T172328_20230918T172353_050385_061114_A80E_COG,1,S1A,2023-09-18 17:23:28.614955+00:00,2023-09-18 17:23:53.613357+00:00,ascending,88,"[5.806212, 43.922092, 9.452421, 45.824696]",4,4,3,2,11
"S1A|2023-09-18 17:23:53.614855+00:00|2023-09-18 17:24:18.613257+00:00|ascending|88|(5.35885, 45.420921, 9.124104, 47.320881)",S1A_IW_GRDH_1SDV_20230918T172353_20230918T172418_050385_061114_1937_COG,1,True,S1A_IW_GRDH_1SDV_20230918T172353_20230918T172418_050385_061114_1937_COG,1,S1A,2023-09-18 17:23:53.614855+00:00,2023-09-18 17:24:18.613257+00:00,ascending,88,"[5.35885, 45.420921, 9.124104, 47.320881]",4,4,3,2,11
"S1A|2023-09-24 05:27:36.709123+00:00|2023-09-24 05:28:01.707301+00:00|descending|168|(8.573059, 44.977249, 12.286564, 46.886772)",S1A_IW_GRDH_1SDV_20230924T052736_20230924T052801_050465_0613D4_E680_COG,1,True,S1A_IW_GRDH_1SDV_20230924T052736_20230924T052801_050465_0613D4_E680_COG,1,S1A,2023-09-24 05:27:36.709123+00:00,2023-09-24 05:28:01.707301+00:00,descending,168,"[8.573059, 44.977249, 12.286564, 46.886772]",4,4,3,2,11
"S1A|2023-09-24 05:28:01.708800+00:00|2023-09-24 05:28:26.706978+00:00|descending|168|(8.243251, 43.478718, 11.895405, 45.38512)",S1A_IW_GRDH_1SDV_20230924T052801_20230924T052826_050465_0613D4_7B21_COG,1,True,S1A_IW_GRDH_1SDV_20230924T052801_20230924T052826_050465_0613D4_7B21_COG,1,S1A,2023-09-24 05:28:01.708800+00:00,2023-09-24 05:28:26.706978+00:00,descending,168,"[8.243251, 43.478718, 11.895405, 45.38512]",4,4,3,2,11
"S1A|2023-09-25 17:15:22.504287+00:00|2023-09-25 17:15:47.503113+00:00|ascending|15|(7.7421, 44.361969, 11.418667, 46.268715)",S1A_IW_GRDH_1SDV_20230925T171522_20230925T171547_050487_06149F_4F9E_COG,1,True,S1A_IW_GRDH_1SDV_20230925T171522_20230925T171547_050487_06149F_4F9E_COG,1,S1A,2023-09-25 17:15:22.504287+00:00,2023-09-25 17:15:47.503113+00:00,ascending,15,"[7.7421, 44.361969, 11.418667, 46.268715]",4,4,3,2,11
"S1A|2023-09-29 05:35:49.417114+00:00|2023-09-29 05:36:14.415676+00:00|descending|66|(6.527603, 45.036751, 10.236218, 46.94714)",S1A_IW_GRDH_1SDV_20230929T053549_20230929T053614_050538_06164A_0394_COG,1,True,S1A_IW_GRDH_1SDV_20230929T053549_20230929T053614_050538_06164A_0394_COG,1,S1A,2023-09-29 05:35:49.417114+00:00,2023-09-29 05:36:14.415676+00:00,descending,66,"[6.527603, 45.036751, 10.236218, 46.94714]",4,4,3,2,11
"S1A|2023-09-29 05:36:14.417176+00:00|2023-09-29 05:36:39.415738+00:00|descending|66|(6.202359, 43.537575, 9.853667, 45.444542)",S1A_IW_GRDH_1SDV_20230929T053614_20230929T053639_050538_06164A_88AF_COG,1,True,S1A_IW_GRDH_1SDV_20230929T053614_20230929T053639_050538_06164A_88AF_COG,1,S1A,2023-09-29 05:36:14.417176+00:00,2023-09-29 05:36:39.415738+00:00,descending,66,"[6.202359, 43.537575, 9.853667, 45.444542]",4,4,3,2,11
"S1A|2023-09-30 17:23:28.898546+00:00|2023-09-30 17:23:53.897396+00:00|ascending|88|(5.806109, 43.921982, 9.452817, 45.824657)",S1A_IW_GRDH_1SDV_20230930T172328_20230930T172353_050560_06170F_C647_COG,1,True,S1A_IW_GRDH_1SDV_20230930T172328_20230930T172353_050560_06170F_C647_COG,1,S1A,2023-09-30 17:23:28.898546+00:00,2023-09-30 17:23:53.897396+00:00,ascending,88,"[5.806109, 43.921982, 9.452817, 45.824657]",4,4,3,2,11
"S1A|2023-09-30 17:23:53.898895+00:00|2023-09-30 17:24:18.897746+00:00|ascending|88|(5.358734, 45.42083, 9.124504, 47.320862)",S1A_IW_GRDH_1SDV_20230930T172353_20230930T172418_050560_06170F_0E57_COG,1,True,S1A_IW_GRDH_1SDV_20230930T172353_20230930T172418_050560_06170F_0E57_COG,1,S1A,2023-09-30 17:23:53.898895+00:00,2023-09-30 17:24:18.897746+00:00,ascending,88,"[5.358734, 45.42083, 9.124504, 47.320862]",4,4,3,2,11
"S1A|2024-04-03 05:27:33.387583+00:00|2024-04-03 05:27:58.385577+00:00|descending|168|(8.573662, 44.97739, 12.286893, 46.886845)",S1A_IW_GRDH_1SDV_20240403T052733_20240403T052758_053265_0674B9_1451_COG,1,True,S1A_IW_GRDH_1SDV_20240403T052733_20240403T052758_053265_0674B9_1451_COG,1,S1A,2024-04-03 05:27:33.387583+00:00,2024-04-03 05:27:58.385577+00:00,descending,168,"[8.573662, 44.97739, 12.286893, 46.886845]",4,4,3,2,11
"S1A|2024-04-03 05:27:58.387076+00:00|2024-04-03 05:28:23.386570+00:00|descending|168|(8.243831, 43.478771, 11.895641, 45.385201)",S1A_IW_GRDH_1SDV_20240403T052758_20240403T052823_053265_0674B9_7A9E_COG,1,True,S1A_IW_GRDH_1SDV_20240403T052758_20240403T052823_053265_0674B9_7A9E_COG,1,S1A,2024-04-03 05:27:58.387076+00:00,2024-04-03 05:28:23.386570+00:00,descending,168,"[8.243831, 43.478771, 11.895641, 45.385201]",4,4,3,2,11
"S1A|2024-04-04 17:15:19.138113+00:00|2024-04-04 17:15:44.136771+00:00|ascending|15|(7.743601, 44.361958, 11.419699, 46.268646)",S1A_IW_GRDH_1SDV_20240404T171519_20240404T171544_053287_067596_3F31_COG,1,True,S1A_IW_GRDH_1SDV_20240404T171519_20240404T171544_053287_067596_3F31_COG,1,S1A,2024-04-04 17:15:19.138113+00:00,2024-04-04 17:15:44.136771+00:00,ascending,15,"[7.743601, 44.361958, 11.419699, 46.268646]",4,4,3,2,11
"S1A|2024-04-08 05:35:46.147080+00:00|2024-04-08 05:36:11.145706+00:00|descending|66|(6.526403, 45.0369, 10.234675, 46.947247)",S1A_IW_GRDH_1SDV_20240408T053546_20240408T053611_053338_0677A4_780B_COG,1,True,S1A_IW_GRDH_1SDV_20240408T053546_20240408T053611_053338_0677A4_780B_COG,1,S1A,2024-04-08 05:35:46.147080+00:00,2024-04-08 05:36:11.145706+00:00,descending,66,"[6.526403, 45.0369, 10.234675, 46.947247]",4,4,3,2,11
"S1A|2024-04-08 05:36:11.147206+00:00|2024-04-08 05:36:36.145832+00:00|descending|66|(6.201351, 43.537701, 9.852229, 45.444611)",S1A_IW_GRDH_1SDV_20240408T053611_20240408T053636_053338_0677A4_76BF_COG,1,True,S1A_IW_GRDH_1SDV_20240408T053611_20240408T053636_053338_0677A4_76BF_COG,1,S1A,2024-04-08 05:36:11.147206+00:00,2024-04-08 05:36:36.145832+00:00,descending,66,"[6.201351, 43.537701, 9.852229, 45.444611]",4,4,3,2,11
"S1A|2024-04-09 17:23:24.902412+00:00|2024-04-09 17:23:49.899727+00:00|ascending|88|(5.81034, 43.922001, 9.456293, 45.824482)",S1A_IW_GRDH_1SDV_20240409T172324_20240409T172349_053360_067883_5F89_COG,1,True,S1A_IW_GRDH_1SDV_20240409T172324_20240409T172349_053360_067883_5F89_COG,1,S1A,2024-04-09 17:23:24.902412+00:00,2024-04-09 17:23:49.899727+00:00,ascending,88,"[5.81034, 43.922001, 9.456293, 45.824482]",4,4,3,2,11
"S1A|2024-04-09 17:23:49.901226+00:00|2024-04-09 17:24:14.900040+00:00|ascending|88|(5.363301, 45.420773, 9.128107, 47.320721)",S1A_IW_GRDH_1SDV_20240409T172349_20240409T172414_053360_067883_2F8C_COG,1,True,S1A_IW_GRDH_1SDV_20240409T172349_20240409T172414_053360_067883_2F8C_COG,1,S1A,2024-04-09 17:23:49.901226+00:00,2024-04-09 17:24:14.900040+00:00,ascending,88,"[5.363301, 45.420773, 9.128107, 47.320721]",4,4,3,2,11
"S1A|2024-04-15 05:27:32.964882+00:00|2024-04-15 05:27:57.964490+00:00|descending|168|(8.576859, 44.977482, 12.290564, 46.887016)",S1A_IW_GRDH_1SDV_20240415T052732_20240415T052757_053440_067BAC_7146_COG,1,True,S1A_IW_GRDH_1SDV_20240415T052732_20240415T052757_053440_067BAC_7146_COG,1,S1A,2024-04-15 05:27:32.964882+00:00,2024-04-15 05:27:57.964490+00:00,descending,168,"[8.576859, 44.977482, 12.290564, 46.887016]",4,4,3,2,11
"S1A|2024-04-15 05:27:57.965990+00:00|2024-04-15 05:28:22.964098+00:00|descending|168|(8.247053, 43.478951, 11.8991, 45.385303)",S1A_IW_GRDH_1SDV_20240415T052757_20240415T052822_053440_067BAC_D743_COG,1,True,S1A_IW_GRDH_1SDV_20240415T052757_20240415T052822_053440_067BAC_D743_COG,1,S1A,2024-04-15 05:27:57.965990+00:00,2024-04-15 05:28:22.964098+00:00,descending,168,"[8.247053, 43.478951, 11.8991, 45.385303]",4,4,3,2,11
"S1A|2024-04-16 17:15:19.230852+00:00|2024-04-16 17:15:44.229613+00:00|ascending|15|(7.74475, 44.361847, 11.421093, 46.268559)",S1A_IW_GRDH_1SDV_20240416T171519_20240416T171544_053462_067C88_A2F7_COG,1,True,S1A_IW_GRDH_1SDV_20240416T171519_20240416T171544_053462_067C88_A2F7_COG,1,S1A,2024-04-16 17:15:19.230852+00:00,2024-04-16 17:15:44.229613+00:00,ascending,15,"[7.74475, 44.361847, 11.421093, 46.268559]",4,4,3,2,11
"S1A|2024-04-20 05:35:46.423596+00:00|2024-04-20 05:36:11.421946+00:00|descending|66|(6.526893, 45.036957, 10.235035, 46.947266)",S1A_IW_GRDH_1SDV_20240420T053546_20240420T053611_053513_067E8C_A50C_COG,1,True,S1A_IW_GRDH_1SDV_20240420T053546_20240420T053611_053513_067E8C_A50C_COG,1,S1A,2024-04-20 05:35:46.423596+00:00,2024-04-20 05:36:11.421946+00:00,descending,66,"[6.526893, 45.036957, 10.235035, 46.947266]",4,4,3,2,11
"S1A|2024-04-20 05:36:11.423446+00:00|2024-04-20 05:36:36.423297+00:00|descending|66|(6.201707, 43.537682, 9.852597, 45.444664)",S1A_IW_GRDH_1SDV_20240420T053611_20240420T053636_053513_067E8C_B170_COG,1,True,S1A_IW_GRDH_1SDV_20240420T053611_20240420T053636_053513_067E8C_B170_COG,1,S1A,2024-04-20 05:36:11.423446+00:00,2024-04-20 05:36:36.423297+00:00,descending,66,"[6.201707, 43.537682, 9.852597, 45.444664]",4,4,3,2,11
"S1A|2024-04-21 17:23:25.825302+00:00|2024-04-21 17:23:50.823907+00:00|ascending|88|(5.808137, 43.922138, 9.454413, 45.824707)",S1A_IW_GRDH_1SDV_20240421T172325_20240421T172350_053535_067F68_0B43_COG,1,True,S1A_IW_GRDH_1SDV_20240421T172325_20240421T172350_053535_067F68_0B43_COG,1,S1A,2024-04-21 17:23:25.825302+00:00,2024-04-21 17:23:50.823907+00:00,ascending,88,"[5.808137, 43.922138, 9.454413, 45.824707]",4,4,3,2,11
"S1A|2024-04-21 17:23:50.825405+00:00|2024-04-21 17:24:15.824011+00:00|ascending|88|(5.361016, 45.420998, 9.126178, 47.320934)",S1A_IW_GRDH_1SDV_20240421T172350_20240421T172415_053535_067F68_87FE_COG,1,True,S1A_IW_GRDH_1SDV_20240421T172350_20240421T172415_053535_067F68_87FE_COG,1,S1A,2024-04-21 17:23:50.825405+00:00,2024-04-21 17:24:15.824011+00:00,ascending,88,"[5.361016, 45.420998, 9.126178, 47.320934]",4,4,3,2,11
"S1A|2024-04-27 05:27:33.892117+00:00|2024-04-27 05:27:58.891643+00:00|descending|168|(8.572001, 44.977486, 12.284662, 46.887001)",S1A_IW_GRDH_1SDV_20240427T052733_20240427T052758_053615_06828C_F2C2_COG,1,True,S1A_IW_GRDH_1SDV_20240427T052733_20240427T052758_053615_06828C_F2C2_COG,1,S1A,2024-04-27 05:27:33.892117+00:00,2024-04-27 05:27:58.891643+00:00,descending,168,"[8.572001, 44.977486, 12.284662, 46.887001]",4,4,3,2,11
"S1A|2024-04-27 05:27:58.893142+00:00|2024-04-27 05:28:23.891169+00:00|descending|168|(8.242305, 43.478939, 11.894135, 45.385201)",S1A_IW_GRDH_1SDV_20240427T052758_20240427T052823_053615_06828C_2081_COG,1,True,S1A_IW_GRDH_1SDV_20240427T052758_20240427T052823_053615_06828C_2081_COG,1,S1A,2024-04-27 05:27:58.893142+00:00,2024-04-27 05:28:23.891169+00:00,descending,168,"[8.242305, 43.478939, 11.894135, 45.385201]",4,4,3,2,11
"S1A|2024-04-28 17:15:19.765877+00:00|2024-04-28 17:15:44.764581+00:00|ascending|15|(7.744438, 44.361916, 11.420677, 46.268555)",S1A_IW_GRDH_1SDV_20240428T171519_20240428T171544_053637_068367_B8B0_COG,1,True,S1A_IW_GRDH_1SDV_20240428T171519_20240428T171544_053637_068367_B8B0_COG,1,S1A,2024-04-28 17:15:19.765877+00:00,2024-04-28 17:15:44.764581+00:00,ascending,15,"[7.744438, 44.361916, 11.420677, 46.268555]",4,4,3,2,11
"S1A|2024-05-02 05:35:46.745748+00:00|2024-05-02 05:36:11.744073+00:00|descending|66|(6.5265, 45.036854, 10.234753, 46.947151)",S1A_IW_GRDH_1SDV_20240502T053546_20240502T053611_053688_06856B_A89D_COG,1,True,S1A_IW_GRDH_1SDV_20240502T053546_20240502T053611_053688_06856B_A89D_COG,1,S1A,2024-05-02 05:35:46.745748+00:00,2024-05-02 05:36:11.744073+00:00,descending,66,"[6.5265, 45.036854, 10.234753, 46.947151]",4,4,3,2,11
"S1A|2024-05-02 05:36:11.745573+00:00|2024-05-02 05:36:36.743899+00:00|descending|66|(6.201324, 43.537666, 9.852199, 45.444557)",S1A_IW_GRDH_1SDV_20240502T053611_20240502T053636_053688_06856B_4FA7_COG,1,True,S1A_IW_GRDH_1SDV_20240502T053611_20240502T053636_053688_06856B_4FA7_COG,1,S1A,2024-05-02 05:36:11.745573+00:00,2024-05-02 05:36:36.743899+00:00,descending,66,"[6.201324, 43.537666, 9.852199, 45.444557]",4,4,3,2,11
"S1A|2024-05-03 17:23:26.119961+00:00|2024-05-03 17:23:51.118605+00:00|ascending|88|(5.807731, 43.9221, 9.454005, 45.824669)",S1A_IW_GRDH_1SDV_20240503T172326_20240503T172351_053710_06864B_8823_COG,1,True,S1A_IW_GRDH_1SDV_20240503T172326_20240503T172351_053710_06864B_8823_COG,1,S1A,2024-05-03 17:23:26.119961+00:00,2024-05-03 17:23:51.118605+00:00,ascending,88,"[5.807731, 43.9221, 9.454005, 45.824669]",4,4,3,2,11
"S1A|2024-05-03 17:23:51.120103+00:00|2024-05-03 17:24:16.117249+00:00|ascending|88|(5.360633, 45.420956, 9.125895, 47.32082)",S1A_IW_GRDH_1SDV_20240503T172351_20240503T172416_053710_06864B_8C1A_COG,1,True,S1A_IW_GRDH_1SDV_20240503T172351_20240503T172416_053710_06864B_8C1A_COG,1,S1A,2024-05-03 17:23:51.120103+00:00,2024-05-03 17:24:16.117249+00:00,ascending,88,"[5.360633, 45.420956, 9.125895, 47.32082]",4,4,3,2,11
"S1A|2024-05-09 05:27:34.157363+00:00|2024-05-09 05:27:59.156827+00:00|descending|168|(8.56973, 44.977524, 12.28217, 46.886948)",S1A_IW_GRDH_1SDV_20240509T052734_20240509T052759_053790_06895D_4345_COG,1,True,S1A_IW_GRDH_1SDV_20240509T052734_20240509T052759_053790_06895D_4345_COG,1,S1A,2024-05-09 05:27:34.157363+00:00,2024-05-09 05:27:59.156827+00:00,descending,168,"[8.56973, 44.977524, 12.28217, 46.886948]",4,4,3,2,11
"S1A|2024-05-09 05:27:59.158327+00:00|2024-05-09 05:28:24.156291+00:00|descending|168|(8.240115, 43.478973, 11.89176, 45.385139)",S1A_IW_GRDH_1SDV_20240509T052759_20240509T052824_053790_06895D_0204_COG,1,True,S1A_IW_GRDH_1SDV_20240509T052759_20240509T052824_053790_06895D_0204_COG,1,S1A,2024-05-09 05:27:59.158327+00:00,2024-05-09 05:28:24.156291+00:00,descending,168,"[8.240115, 43.478973, 11.89176, 45.385139]",4,4,3,2,11
"S1A|2024-05-10 17:15:19.870941+00:00|2024-05-10 17:15:44.869604+00:00|ascending|15|(7.745897, 44.362129, 11.421968, 46.268673)",S1A_IW_GRDH_1SDV_20240510T171519_20240510T171544_053812_068A1A_2E16_COG,1,True,S1A_IW_GRDH_1SDV_20240510T171519_20240510T171544_053812_068A1A_2E16_COG,1,S1A,2024-05-10 17:15:19.870941+00:00,2024-05-10 17:15:44.869604+00:00,ascending,15,"[7.745897, 44.362129, 11.421968, 46.268673]",4,4,3,2,11
"S1A|2024-05-14 05:35:46.211098+00:00|2024-05-14 05:36:11.210866+00:00|descending|66|(6.52781, 45.036854, 10.235796, 46.947182)",S1A_IW_GRDH_1SDV_20240514T053546_20240514T053611_053863_068BDF_0E81_COG,1,True,S1A_IW_GRDH_1SDV_20240514T053546_20240514T053611_053863_068BDF_0E81_COG,1,S1A,2024-05-14 05:35:46.211098+00:00,2024-05-14 05:36:11.210866+00:00,descending,66,"[6.52781, 45.036854, 10.235796, 46.947182]",4,4,3,2,11
"S1A|2024-05-14 05:36:11.212366+00:00|2024-05-14 05:36:36.210635+00:00|descending|66|(6.202667, 43.537666, 9.853397, 45.444481)",S1A_IW_GRDH_1SDV_20240514T053611_20240514T053636_053863_068BDF_800A_COG,1,True,S1A_IW_GRDH_1SDV_20240514T053611_20240514T053636_053863_068BDF_800A_COG,1,S1A,2024-05-14 05:36:11.212366+00:00,2024-05-14 05:36:36.210635+00:00,descending,66,"[6.202667, 43.537666, 9.853397, 45.444481]",4,4,3,2,11
"S1A|2024-05-15 17:23:25.656006+00:00|2024-05-15 17:23:50.654803+00:00|ascending|88|(5.809668, 43.921993, 9.456146, 45.824589)",S1A_IW_GRDH_1SDV_20240515T172325_20240515T172350_053885_068C95_DD90_COG,1,True,S1A_IW_GRDH_1SDV_20240515T172325_20240515T172350_053885_068C95_DD90_COG,1,S1A,2024-05-15 17:23:25.656006+00:00,2024-05-15 17:23:50.654803+00:00,ascending,88,"[5.809668, 43.921993, 9.456146, 45.824589]",4,4,3,2,11
"S1A|2024-05-15 17:23:50.656301+00:00|2024-05-15 17:24:15.653600+00:00|ascending|88|(5.362649, 45.420856, 9.128082, 47.320747)",S1A_IW_GRDH_1SDV_20240515T172350_20240515T172415_053885_068C95_C20D_COG,1,True,S1A_IW_GRDH_1SDV_20240515T172350_20240515T172415_053885_068C95_C20D_COG,1,S1A,2024-05-15 17:23:50.656301+00:00,2024-05-15 17:24:15.653600+00:00,ascending,88,"[5.362649, 45.420856, 9.128082, 47.320747]",4,4,3,2,11
"S1A|2024-05-21 05:27:33.472797+00:00|2024-05-21 05:27:58.470663+00:00|descending|168|(8.570625, 44.977573, 12.283151, 46.886848)",S1A_IW_GRDH_1SDV_20240521T052733_20240521T052758_053965_068F5D_9B3C_COG,1,True,S1A_IW_GRDH_1SDV_20240521T052733_20240521T052758_053965_068F5D_9B3C_COG,1,S1A,2024-05-21 05:27:33.472797+00:00,2024-05-21 05:27:58.470663+00:00,descending,168,"[8.570625, 44.977573, 12.283151, 46.886848]",4,4,3,2,11
"S1A|2024-05-21 05:27:58.472163+00:00|2024-05-21 05:28:23.470029+00:00|descending|168|(8.241147, 43.479019, 11.892669, 45.385124)",S1A_IW_GRDH_1SDV_20240521T052758_20240521T052823_053965_068F5D_49E0_COG,1,True,S1A_IW_GRDH_1SDV_20240521T052758_20240521T052823_053965_068F5D_49E0_COG,1,S1A,2024-05-21 05:27:58.472163+00:00,2024-05-21 05:28:23.470029+00:00,descending,168,"[8.241147, 43.479019, 11.892669, 45.385124]",4,4,3,2,11
"S1A|2024-05-22 17:15:19.226672+00:00|2024-05-22 17:15:44.225335+00:00|ascending|15|(7.74887, 44.362068, 11.406626, 46.266731)",S1A_IW_GRDH_1SDV_20240522T171519_20240522T171544_053987_06901E_D96E_COG,1,True,S1A_IW_GRDH_1SDV_20240522T171519_20240522T171544_053987_06901E_D96E_COG,1,S1A,2024-05-22 17:15:19.226672+00:00,2024-05-22 17:15:44.225335+00:00,ascending,15,"[7.74887, 44.362068, 11.406626, 46.266731]",4,4,3,2,11
"S1A|2024-05-26 05:35:46.629105+00:00|2024-05-26 05:36:11.627414+00:00|descending|66|(6.523648, 45.036999, 10.231739, 46.947178)",S1A_IW_GRDH_1SDV_20240526T053546_20240526T053611_054038_0691E7_E856_COG,1,True,S1A_IW_GRDH_1SDV_20240526T053546_20240526T053611_054038_0691E7_E856_COG,1,S1A,2024-05-26 05:35:46.629105+00:00,2024-05-26 05:36:11.627414+00:00,descending,66,"[6.523648, 45.036999, 10.231739, 46.947178]",4,4,3,2,11
"S1A|2024-05-26 05:36:11.628914+00:00|2024-05-26 05:36:36.627222+00:00|descending|66|(6.198476, 43.537804, 9.849385, 45.444584)",S1A_IW_GRDH_1SDV_20240526T053611_20240526T053636_054038_0691E7_AA9D_COG,1,True,S1A_IW_GRDH_1SDV_20240526T053611_20240526T053636_054038_0691E7_AA9D_COG,1,S1A,2024-05-26 05:36:11.628914+00:00,2024-05-26 05:36:36.627222+00:00,descending,66,"[6.198476, 43.537804, 9.849385, 45.444584]",4,4,3,2,11
"S1A|2024-05-27 17:23:25.942436+00:00|2024-05-27 17:23:50.941061+00:00|ascending|88|(5.809145, 43.922249, 9.455335, 45.824745)",S1A_IW_GRDH_1SDV_20240527T172325_20240527T172350_054060_0692AB_7937_COG,1,True,S1A_IW_GRDH_1SDV_20240527T172325_20240527T172350_054060_0692AB_7937_COG,1,S1A,2024-05-27 17:23:25.942436+00:00,2024-05-27 17:23:50.941061+00:00,ascending,88,"[5.809145, 43.922249, 9.455335, 45.824745]",4,4,3,2,11
"S1A|2024-05-27 17:23:50.942559+00:00|2024-05-27 17:24:15.941184+00:00|ascending|88|(5.362179, 45.42112, 9.127211, 47.320988)",S1A_IW_GRDH_1SDV_20240527T172350_20240527T172415_054060_0692AB_B945_COG,1,True,S1A_IW_GRDH_1SDV_20240527T172350_20240527T172415_054060_0692AB_B945_COG,1,S1A,2024-05-27 17:23:50.942559+00:00,2024-05-27 17:24:15.941184+00:00,ascending,88,"[5.362179, 45.42112, 9.127211, 47.320988]",4,4,3,2,11
"S1A|2024-06-02 05:27:33.518229+00:00|2024-06-02 05:27:58.516236+00:00|descending|168|(8.569845, 44.9776, 12.28249, 46.886909)",S1A_IW_GRDH_1SDV_20240602T052733_20240602T052758_054140_06956E_111A_COG,1,True,S1A_IW_GRDH_1SDV_20240602T052733_20240602T052758_054140_06956E_111A_COG,1,S1A,2024-06-02 05:27:33.518229+00:00,2024-06-02 05:27:58.516236+00:00,descending,168,"[8.569845, 44.9776, 12.28249, 46.886909]",4,4,3,2,11
"S1A|2024-06-02 05:27:58.517735+00:00|2024-06-02 05:28:23.515741+00:00|descending|168|(8.240241, 43.47905, 11.892012, 45.385201)",S1A_IW_GRDH_1SDV_20240602T052758_20240602T052823_054140_06956E_2560_COG,1,True,S1A_IW_GRDH_1SDV_20240602T052758_20240602T052823_054140_06956E_2560_COG,1,S1A,2024-06-02 05:27:58.517735+00:00,2024-06-02 05:28:23.515741+00:00,descending,168,"[8.240241, 43.47905, 11.892012, 45.385201]",4,4,3,2,11
"S1A|2024-06-03 17:15:19.217952+00:00|2024-06-03 17:15:44.216519+00:00|ascending|15|(7.748216, 44.362171, 11.405736, 46.266781)",S1A_IW_GRDH_1SDV_20240603T171519_20240603T171544_054162_06962D_73C4_COG,1,True,S1A_IW_GRDH_1SDV_20240603T171519_20240603T171544_054162_06962D_73C4_COG,1,S1A,2024-06-03 17:15:19.217952+00:00,2024-06-03 17:15:44.216519+00:00,ascending,15,"[7.748216, 44.362171, 11.405736, 46.266781]",4,4,3,2,11
"S1A|2024-06-07 05:35:45.915804+00:00|2024-06-07 05:36:10.915576+00:00|descending|66|(6.523944, 45.03701, 10.232022, 46.94722)",S1A_IW_GRDH_1SDV_20240607T053545_20240607T053610_054213_0697F4_42DC_COG,1,True,S1A_IW_GRDH_1SDV_20240607T053545_20240607T053610_054213_0697F4_42DC_COG,1,S1A,2024-06-07 05:35:45.915804+00:00,2024-06-07 05:36:10.915576+00:00,descending,66,"[6.523944, 45.03701, 10.232022, 46.94722]",4,4,3,2,11
"S1A|2024-06-07 05:36:10.917076+00:00|2024-06-07 05:36:35.915348+00:00|descending|66|(6.198946, 43.537807, 9.849694, 45.444519)",S1A_IW_GRDH_1SDV_20240607T053610_20240607T053635_054213_0697F4_5E0C_COG,1,True,S1A_IW_GRDH_1SDV_20240607T053610_20240607T053635_054213_0697F4_5E0C_COG,1,S1A,2024-06-07 05:36:10.917076+00:00,2024-06-07 05:36:35.915348+00:00,descending,66,"[6.198946, 43.537807, 9.849694, 45.444519]",4,4,3,2,11
"S1A|2024-06-08 17:23:25.269268+00:00|2024-06-08 17:23:50.267900+00:00|ascending|88|(5.811393, 43.922318, 9.45767, 45.824772)",S1A_IW_GRDH_1SDV_20240608T172325_20240608T172350_054235_0698B9_F9A0_COG,1,True,S1A_IW_GRDH_1SDV_20240608T172325_20240608T172350_054235_0698B9_F9A0_COG,1,S1A,2024-06-08 17:23:25.269268+00:00,2024-06-08 17:23:50.267900+00:00,ascending,88,"[5.811393, 43.922318, 9.45767, 45.824772]",4,4,3,2,11
"S1A|2024-06-08 17:23:50.269372+00:00|2024-06-08 17:24:15.268001+00:00|ascending|88|(5.364483, 45.421192, 9.129604, 47.321018)",S1A_IW_GRDH_1SDV_20240608T172350_20240608T172415_054235_0698B9_3C63_COG,1,True,S1A_IW_GRDH_1SDV_20240608T172350_20240608T172415_054235_0698B9_3C63_COG,1,S1A,2024-06-08 17:23:50.269372+00:00,2024-06-08 17:24:15.268001+00:00,ascending,88,"[5.364483, 45.421192, 9.129604, 47.321018]",4,4,3,2,11
"S1A|2024-06-14 05:27:33.041065+00:00|2024-06-14 05:27:58.039047+00:00|descending|168|(8.57007, 44.977573, 12.282688, 46.886883)",S1A_IW_GRDH_1SDV_20240614T052733_20240614T052758_054315_069B7A_0DB6_COG,1,True,S1A_IW_GRDH_1SDV_20240614T052733_20240614T052758_054315_069B7A_0DB6_COG,1,S1A,2024-06-14 05:27:33.041065+00:00,2024-06-14 05:27:58.039047+00:00,descending,168,"[8.57007, 44.977573, 12.282688, 46.886883]",4,4,3,2,11
"S1A|2024-06-14 05:27:58.040546+00:00|2024-06-14 05:28:23.040028+00:00|descending|168|(8.24045, 43.478931, 11.892236, 45.38517)",S1A_IW_GRDH_1SDV_20240614T052758_20240614T052823_054315_069B7A_9DEE_COG,1,True,S1A_IW_GRDH_1SDV_20240614T052758_20240614T052823_054315_069B7A_9DEE_COG,1,S1A,2024-06-14 05:27:58.040546+00:00,2024-06-14 05:28:23.040028+00:00,descending,168,"[8.24045, 43.478931, 11.892236, 45.38517]",4,4,3,2,11
"S1A|2024-06-15 17:15:18.809901+00:00|2024-06-15 17:15:43.808459+00:00|ascending|15|(7.747566, 44.362175, 11.405132, 46.266804)",S1A_IW_GRDH_1SDV_20240615T171518_20240615T171543_054337_069C3A_850C_COG,1,True,S1A_IW_GRDH_1SDV_20240615T171518_20240615T171543_054337_069C3A_850C_COG,1,S1A,2024-06-15 17:15:18.809901+00:00,2024-06-15 17:15:43.808459+00:00,ascending,15,"[7.747566, 44.362175, 11.405132, 46.266804]",4,4,3,2,11
"S1A|2024-06-19 05:35:45.479735+00:00|2024-06-19 05:36:10.478024+00:00|descending|66|(6.52362, 45.036976, 10.231684, 46.947102)",S1A_IW_GRDH_1SDV_20240619T053545_20240619T053610_054388_069E03_2262_COG,1,True,S1A_IW_GRDH_1SDV_20240619T053545_20240619T053610_054388_069E03_2262_COG,1,S1A,2024-06-19 05:35:45.479735+00:00,2024-06-19 05:36:10.478024+00:00,descending,66,"[6.52362, 45.036976, 10.231684, 46.947102]",4,4,3,2,11
"S1A|2024-06-19 05:36:10.479579+00:00|2024-06-19 05:36:35.477870+00:00|descending|66|(6.198618, 43.537769, 9.849364, 45.444492)",S1A_IW_GRDH_1SDV_20240619T053610_20240619T053635_054388_069E03_C9D3_COG,1,True,S1A_IW_GRDH_1SDV_20240619T053610_20240619T053635_054388_069E03_C9D3_COG,1,S1A,2024-06-19 05:36:10.479579+00:00,2024-06-19 05:36:35.477870+00:00,descending,66,"[6.198618, 43.537769, 9.849364, 45.444492]",4,4,3,2,11
"S1A|2024-06-20 17:23:24.848003+00:00|2024-06-20 17:23:49.846603+00:00|ascending|88|(5.811152, 43.922344, 9.457286, 45.824757)",S1A_IW_GRDH_1SDV_20240620T172324_20240620T172349_054410_069EC7_A712_COG,1,True,S1A_IW_GRDH_1SDV_20240620T172324_20240620T172349_054410_069EC7_A712_COG,1,S1A,2024-06-20 17:23:24.848003+00:00,2024-06-20 17:23:49.846603+00:00,ascending,88,"[5.811152, 43.922344, 9.457286, 45.824757]",4,4,3,2,11
"S1A|2024-06-20 17:23:49.848101+00:00|2024-06-20 17:24:14.846700+00:00|ascending|88|(5.364268, 45.421219, 9.129242, 47.321007)",S1A_IW_GRDH_1SDV_20240620T172349_20240620T172414_054410_069EC7_98F1_COG,1,True,S1A_IW_GRDH_1SDV_20240620T172349_20240620T172414_054410_069EC7_98F1_COG,1,S1A,2024-06-20 17:23:49.848101+00:00,2024-06-20 17:24:14.846700+00:00,ascending,88,"[5.364268, 45.421219, 9.129242, 47.321007]",4,4,3,2,11
"S1A|2024-06-26 05:27:32.306129+00:00|2024-06-26 05:27:57.303356+00:00|descending|168|(8.572894, 44.978699, 12.274918, 46.886581)",S1A_IW_GRDH_1SDV_20240626T052732_20240626T052757_054490_06A192_C956_COG,1,True,S1A_IW_GRDH_1SDV_20240626T052732_20240626T052757_054490_06A192_C956_COG,1,S1A,2024-06-26 05:27:32.306129+00:00,2024-06-26 05:27:57.303356+00:00,descending,168,"[8.572894, 44.978699, 12.274918, 46.886581]",4,4,3,2,11
"S1A|2024-06-26 05:27:57.306302+00:00|2024-06-26 05:28:22.303526+00:00|descending|168|(8.243394, 43.480095, 11.884681, 45.384811)",S1A_IW_GRDH_1SDV_20240626T052757_20240626T052822_054490_06A192_D06F_COG,1,True,S1A_IW_GRDH_1SDV_20240626T052757_20240626T052822_054490_06A192_D06F_COG,1,S1A,2024-06-26 05:27:57.306302+00:00,2024-06-26 05:28:22.303526+00:00,descending,168,"[8.243394, 43.480095, 11.884681, 45.384811]",4,4,3,2,11
"S1A|2024-06-27 17:15:18.052570+00:00|2024-06-27 17:15:43.050653+00:00|ascending|15|(7.748472, 44.362167, 11.370971, 46.26297)",S1A_IW_GRDH_1SDV_20240627T171518_20240627T171543_054512_06A24B_E07B_COG,1,True,S1A_IW_GRDH_1SDV_20240627T171518_20240627T171543_054512_06A24B_E07B_COG,1,S1A,2024-06-27 17:15:18.052570+00:00,2024-06-27 17:15:43.050653+00:00,ascending,15,"[7.748472, 44.362167, 11.370971, 46.26297]",4,4,3,2,11
"S1A|2024-07-01 05:35:44.816205+00:00|2024-07-01 05:36:09.814731+00:00|descending|66|(6.524738, 45.036942, 10.232886, 46.947109)",S1A_IW_GRDH_1SDV_20240701T053544_20240701T053609_054563_06A41B_46DC_COG,1,True,S1A_IW_GRDH_1SDV_20240701T053544_20240701T053609_054563_06A41B_46DC_COG,1,S1A,2024-07-01 05:35:44.816205+00:00,2024-07-01 05:36:09.814731+00:00,descending,66,"[6.524738, 45.036942, 10.232886, 46.947109]",4,4,3,2,11
"S1A|2024-07-01 05:36:09.816231+00:00|2024-07-01 05:36:34.814758+00:00|descending|66|(6.199682, 43.537727, 9.850475, 45.444492)",S1A_IW_GRDH_1SDV_20240701T053609_20240701T053634_054563_06A41B_ADEC_COG,1,True,S1A_IW_GRDH_1SDV_20240701T053609_20240701T053634_054563_06A41B_ADEC_COG,1,S1A,2024-07-01 05:36:09.816231+00:00,2024-07-01 05:36:34.814758+00:00,descending,66,"[6.199682, 43.537727, 9.850475, 45.444492]",4,4,3,2,11
"S1A|2024-07-02 17:23:23.978081+00:00|2024-07-02 17:23:48.976568+00:00|ascending|88|(5.811545, 43.922188, 9.457573, 45.824615)",S1A_IW_GRDH_1SDV_20240702T172323_20240702T172348_054585_06A4DE_1578_COG,1,True,S1A_IW_GRDH_1SDV_20240702T172323_20240702T172348_054585_06A4DE_1578_COG,1,S1A,2024-07-02 17:23:23.978081+00:00,2024-07-02 17:23:48.976568+00:00,ascending,88,"[5.811545, 43.922188, 9.457573, 45.824615]",4,4,3,2,11
"S1A|2024-07-02 17:23:48.978067+00:00|2024-07-02 17:24:13.976554+00:00|ascending|88|(5.364621, 45.42104, 9.129486, 47.320843)",S1A_IW_GRDH_1SDV_20240702T172348_20240702T172413_054585_06A4DE_08C8_COG,1,True,S1A_IW_GRDH_1SDV_20240702T172348_20240702T172413_054585_06A4DE_08C8_COG,1,S1A,2024-07-02 17:23:48.978067+00:00,2024-07-02 17:24:13.976554+00:00,ascending,88,"[5.364621, 45.42104, 9.129486, 47.320843]",4,4,3,2,11
"S1A|2024-07-08 05:27:32.029857+00:00|2024-07-08 05:27:57.028932+00:00|descending|168|(8.571231, 44.978645, 12.27331, 46.886604)",S1A_IW_GRDH_1SDV_20240708T052732_20240708T052757_054665_06A7A7_C3C5_COG,1,True,S1A_IW_GRDH_1SDV_20240708T052732_20240708T052757_054665_06A7A7_C3C5_COG,1,S1A,2024-07-08 05:27:32.029857+00:00,2024-07-08 05:27:57.028932+00:00,descending,168,"[8.571231, 44.978645, 12.27331, 46.886604]",4,4,3,2,11
"S1A|2024-07-08 05:27:57.030404+00:00|2024-07-08 05:28:22.027978+00:00|descending|168|(8.241629, 43.480099, 11.883046, 45.384823)",S1A_IW_GRDH_1SDV_20240708T052757_20240708T052822_054665_06A7A7_50CB_COG,1,True,S1A_IW_GRDH_1SDV_20240708T052757_20240708T052822_054665_06A7A7_50CB_COG,1,S1A,2024-07-08 05:27:57.030404+00:00,2024-07-08 05:28:22.027978+00:00,descending,168,"[8.241629, 43.480099, 11.883046, 45.384823]",4,4,3,2,11
"S1A|2024-07-09 17:15:17.655866+00:00|2024-07-09 17:15:42.654617+00:00|ascending|15|(7.748229, 44.362007, 11.405869, 46.266655)",S1A_IW_GRDH_1SDV_20240709T171517_20240709T171542_054687_06A864_73E0_COG,1,True,S1A_IW_GRDH_1SDV_20240709T171517_20240709T171542_054687_06A864_73E0_COG,1,S1A,2024-07-09 17:15:17.655866+00:00,2024-07-09 17:15:42.654617+00:00,ascending,15,"[7.748229, 44.362007, 11.405869, 46.266655]",4,4,3,2,11
"S1A|2024-07-13 05:35:44.459390+00:00|2024-07-13 05:36:09.457617+00:00|descending|66|(6.524879, 45.036896, 10.232996, 46.947083)",S1A_IW_GRDH_1SDV_20240713T053544_20240713T053609_054738_06AA2C_9D54_COG,1,True,S1A_IW_GRDH_1SDV_20240713T053544_20240713T053609_054738_06AA2C_9D54_COG,1,S1A,2024-07-13 05:35:44.459390+00:00,2024-07-13 05:36:09.457617+00:00,descending,66,"[6.524879, 45.036896, 10.232996, 46.947083]",4,4,3,2,11
"S1A|2024-07-13 05:36:09.459117+00:00|2024-07-13 05:36:34.457344+00:00|descending|66|(6.199679, 43.537701, 9.850607, 45.444492)",S1A_IW_GRDH_1SDV_20240713T053609_20240713T053634_054738_06AA2C_DC30_COG,1,True,S1A_IW_GRDH_1SDV_20240713T053609_20240713T053634_054738_06AA2C_DC30_COG,1,S1A,2024-07-13 05:36:09.459117+00:00,2024-07-13 05:36:34.457344+00:00,descending,66,"[6.199679, 43.537701, 9.850607, 45.444492]",4,4,3,2,11
"S1A|2024-07-14 17:23:23.854039+00:00|2024-07-14 17:23:48.851363+00:00|ascending|88|(5.808927, 43.922035, 9.455336, 45.824493)",S1A_IW_GRDH_1SDV_20240714T172323_20240714T172348_054760_06AAEB_6165_COG,1,True,S1A_IW_GRDH_1SDV_20240714T172323_20240714T172348_054760_06AAEB_6165_COG,1,S1A,2024-07-14 17:23:23.854039+00:00,2024-07-14 17:23:48.851363+00:00,ascending,88,"[5.808927, 43.922035, 9.455336, 45.824493]",4,4,3,2,11
"S1A|2024-07-14 17:23:48.852862+00:00|2024-07-14 17:24:13.851685+00:00|ascending|88|(5.361944, 45.420815, 9.12735, 47.320751)",S1A_IW_GRDH_1SDV_20240714T172348_20240714T172413_054760_06AAEB_4FFD_COG,1,True,S1A_IW_GRDH_1SDV_20240714T172348_20240714T172413_054760_06AAEB_4FFD_COG,1,S1A,2024-07-14 17:23:48.852862+00:00,2024-07-14 17:24:13.851685+00:00,ascending,88,"[5.361944, 45.420815, 9.12735, 47.320751]",4,4,3,2,11
"S1A|2024-07-20 05:27:31.291842+00:00|2024-07-20 05:27:56.291064+00:00|descending|168|(8.572933, 44.978619, 12.275028, 46.886612)",S1A_IW_GRDH_1SDV_20240720T052731_20240720T052756_054840_06ADB3_B4CD_COG,1,True,S1A_IW_GRDH_1SDV_20240720T052731_20240720T052756_054840_06ADB3_B4CD_COG,1,S1A,2024-07-20 05:27:31.291842+00:00,2024-07-20 05:27:56.291064+00:00,descending,168,"[8.572933, 44.978619, 12.275028, 46.886612]",4,4,3,2,11
"S1A|2024-07-20 05:27:56.292535+00:00|2024-07-20 05:28:21.290256+00:00|descending|168|(8.243315, 43.480068, 11.884741, 45.384827)",S1A_IW_GRDH_1SDV_20240720T052756_20240720T052821_054840_06ADB3_FBA2_COG,1,True,S1A_IW_GRDH_1SDV_20240720T052756_20240720T052821_054840_06ADB3_FBA2_COG,1,S1A,2024-07-20 05:27:56.292535+00:00,2024-07-20 05:28:21.290256+00:00,descending,168,"[8.243315, 43.480068, 11.884741, 45.384827]",4,4,3,2,11
"S1A|2024-07-21 17:15:17.234090+00:00|2024-07-21 17:15:42.232534+00:00|ascending|15|(7.748397, 44.362087, 11.405798, 46.266685)",S1A_IW_GRDH_1SDV_20240721T171517_20240721T171542_054862_06AE72_9406_COG,1,True,S1A_IW_GRDH_1SDV_20240721T171517_20240721T171542_054862_06AE72_9406_COG,1,S1A,2024-07-21 17:15:17.234090+00:00,2024-07-21 17:15:42.232534+00:00,ascending,15,"[7.748397, 44.362087, 11.405798, 46.266685]",4,4,3,2,11
"S1A|2024-07-25 05:35:43.989889+00:00|2024-07-25 05:36:08.988051+00:00|descending|66|(6.525651, 45.036774, 10.233629, 46.946945)",S1A_IW_GRDH_1SDV_20240725T053543_20240725T053608_054913_06B046_D4FA_COG,1,True,S1A_IW_GRDH_1SDV_20240725T053543_20240725T053608_054913_06B046_D4FA_COG,1,S1A,2024-07-25 05:35:43.989889+00:00,2024-07-25 05:36:08.988051+00:00,descending,66,"[6.525651, 45.036774, 10.233629, 46.946945]",4,4,3,2,11
"S1A|2024-07-25 05:36:08.989551+00:00|2024-07-25 05:36:33.987713+00:00|descending|66|(6.200449, 43.537575, 9.851246, 45.444355)",S1A_IW_GRDH_1SDV_20240725T053608_20240725T053633_054913_06B046_4D37_COG,1,True,S1A_IW_GRDH_1SDV_20240725T053608_20240725T053633_054913_06B046_4D37_COG,1,S1A,2024-07-25 05:36:08.989551+00:00,2024-07-25 05:36:33.987713+00:00,descending,66,"[6.200449, 43.537575, 9.851246, 45.444355]",4,4,3,2,11
"S1A|2024-07-26 17:23:23.079571+00:00|2024-07-26 17:23:48.078356+00:00|ascending|88|(5.810741, 43.922066, 9.457069, 45.824627)",S1A_IW_GRDH_1SDV_20240726T172323_20240726T172348_054935_06B102_66F4_COG,1,True,S1A_IW_GRDH_1SDV_20240726T172323_20240726T172348_054935_06B102_66F4_COG,1,S1A,2024-07-26 17:23:23.079571+00:00,2024-07-26 17:23:48.078356+00:00,ascending,88,"[5.810741, 43.922066, 9.457069, 45.824627]",4,4,3,2,11
"S1A|2024-07-26 17:23:48.079828+00:00|2024-07-26 17:24:13.077112+00:00|ascending|88|(5.363761, 45.420929, 9.128911, 47.320774)",S1A_IW_GRDH_1SDV_20240726T172348_20240726T172413_054935_06B102_0FFA_COG,1,True,S1A_IW_GRDH_1SDV_20240726T172348_20240726T172413_054935_06B102_0FFA_COG,1,S1A,2024-07-26 17:23:48.079828+00:00,2024-07-26 17:24:13.077112+00:00,ascending,88,"[5.363761, 45.420929, 9.128911, 47.320774]",4,4,3,2,11
"S1A|2024-08-01 05:27:31.470336+00:00|2024-08-01 05:27:56.468764+00:00|descending|168|(8.573979, 44.979191, 12.270548, 46.886482)",S1A_IW_GRDH_1SDV_20240801T052731_20240801T052756_055015_06B3CE_13D1_COG,1,True,S1A_IW_GRDH_1SDV_20240801T052731_20240801T052756_055015_06B3CE_13D1_COG,1,S1A,2024-08-01 05:27:31.470336+00:00,2024-08-01 05:27:56.468764+00:00,descending,168,"[8.573979, 44.979191, 12.270548, 46.886482]",4,4,3,2,11
"S1A|2024-08-01 05:27:56.470236+00:00|2024-08-01 05:28:21.470163+00:00|descending|168|(8.244237, 43.480515, 11.880277, 45.384754)",S1A_IW_GRDH_1SDV_20240801T052756_20240801T052821_055015_06B3CE_4C55_COG,1,True,S1A_IW_GRDH_1SDV_20240801T052756_20240801T052821_055015_06B3CE_4C55_COG,1,S1A,2024-08-01 05:27:56.470236+00:00,2024-08-01 05:28:21.470163+00:00,descending,168,"[8.244237, 43.480515, 11.880277, 45.384754]",4,4,3,2,11
"S1A|2024-08-02 17:15:17.304580+00:00|2024-08-02 17:15:42.303040+00:00|ascending|15|(7.745681, 44.362019, 11.403718, 46.266605)",S1A_IW_GRDH_1SDV_20240802T171517_20240802T171542_055037_06B48C_76CA_COG,1,True,S1A_IW_GRDH_1SDV_20240802T171517_20240802T171542_055037_06B48C_76CA_COG,1,S1A,2024-08-02 17:15:17.304580+00:00,2024-08-02 17:15:42.303040+00:00,ascending,15,"[7.745681, 44.362019, 11.403718, 46.266605]",4,4,3,2,11
"S1A|2024-08-06 05:35:44.126386+00:00|2024-08-06 05:36:09.124601+00:00|descending|66|(6.524848, 45.036808, 10.232955, 46.94701)",S1A_IW_GRDH_1SDV_20240806T053544_20240806T053609_055088_06B64D_E50A_COG,1,True,S1A_IW_GRDH_1SDV_20240806T053544_20240806T053609_055088_06B64D_E50A_COG,1,S1A,2024-08-06 05:35:44.126386+00:00,2024-08-06 05:36:09.124601+00:00,descending,66,"[6.524848, 45.036808, 10.232955, 46.94701]",4,4,3,2,11
"S1A|2024-08-06 05:36:09.126101+00:00|2024-08-06 05:36:34.125815+00:00|descending|66|(6.199739, 43.537525, 9.850567, 45.444405)",S1A_IW_GRDH_1SDV_20240806T053609_20240806T053634_055088_06B64D_A0E4_COG,1,True,S1A_IW_GRDH_1SDV_20240806T053609_20240806T053634_055088_06B64D_A0E4_COG,1,S1A,2024-08-06 05:36:09.126101+00:00,2024-08-06 05:36:34.125815+00:00,descending,66,"[6.199739, 43.537525, 9.850567, 45.444405]",4,4,3,2,11
"S1A|2024-08-07 17:23:23.421576+00:00|2024-08-07 17:23:48.418906+00:00|ascending|88|(5.808791, 43.922077, 9.45523, 45.824566)",S1A_IW_GRDH_1SDV_20240807T172323_20240807T172348_055110_06B719_29AB_COG,1,True,S1A_IW_GRDH_1SDV_20240807T172323_20240807T172348_055110_06B719_29AB_COG,2,S1A,2024-08-07 17:23:23.421576+00:00,2024-08-07 17:23:48.418906+00:00,ascending,88,"[5.808791, 43.922077, 9.45523, 45.824566]",4,4,3,2,11
"S1A|2024-08-07 17:23:23.421576+00:00|2024-08-07 17:23:48.418906+00:00|ascending|88|(5.808791, 43.922077, 9.45523, 45.824566)",S1A_IW_GRDH_1SDV_20240807T172323_20240807T172348_055110_06B719_4222_COG,2,False,S1A_IW_GRDH_1SDV_20240807T172323_20240807T172348_055110_06B719_29AB_COG,2,S1A,2024-08-07 17:23:23.421576+00:00,2024-08-07 17:23:48.418906+00:00,ascending,88,"[5.808791, 43.922077, 9.45523, 45.824566]",4,4,3,2,11
"S1A|2024-08-07 17:23:48.420404+00:00|2024-08-07 17:24:13.419233+00:00|ascending|88|(5.361771, 45.420849, 9.127081, 47.320805)",S1A_IW_GRDH_1SDV_20240807T172348_20240807T172413_055110_06B719_64DB_COG,1,True,S1A_IW_GRDH_1SDV_20240807T172348_20240807T172413_055110_06B719_64DB_COG,2,S1A,2024-08-07 17:23:48.420404+00:00,2024-08-07 17:24:13.419233+00:00,ascending,88,"[5.361771, 45.420849, 9.127081, 47.320805]",4,4,3,2,11
"S1A|2024-08-07 17:23:48.420404+00:00|2024-08-07 17:24:13.419233+00:00|ascending|88|(5.361771, 45.420849, 9.127081, 47.320805)",S1A_IW_GRDH_1SDV_20240807T172348_20240807T172413_055110_06B719_E47A_COG,2,False,S1A_IW_GRDH_1SDV_20240807T172348_20240807T172413_055110_06B719_64DB_COG,2,S1A,2024-08-07 17:23:48.420404+00:00,2024-08-07 17:24:13.419233+00:00,ascending,88,"[5.361771, 45.420849, 9.127081, 47.320805]",4,4,3,2,11
"S1A|2024-08-13 05:27:31.098435+00:00|2024-08-13 05:27:56.096966+00:00|descending|168|(8.574745, 44.978291, 12.276697, 46.886349)",S1A_IW_GRDH_1SDV_20240813T052731_20240813T052756_055190_06BA07_12F1_COG,1,True,S1A_IW_GRDH_1SDV_20240813T052731_20240813T052756_055190_06BA07_12F1_COG,2,S1A,2024-08-13 05:27:31.098435+00:00,2024-08-13 05:27:56.096966+00:00,descending,168,"[8.574745, 44.978291, 12.276697, 46.886349]",4,4,3,2,11
"S1A|2024-08-13 05:27:31.098435+00:00|2024-08-13 05:27:56.096966+00:00|descending|168|(8.574745, 44.978291, 12.276697, 46.886349)",S1A_IW_GRDH_1SDV_20240813T052731_20240813T052756_055190_06BA07_290C_COG,2,False,S1A_IW_GRDH_1SDV_20240813T052731_20240813T052756_055190_06BA07_12F1_COG,2,S1A,2024-08-13 05:27:31.098435+00:00,2024-08-13 05:27:56.096966+00:00,descending,168,"[8.574745, 44.978291, 12.276697, 46.886349]",4,4,3,2,11
"S1A|2024-08-13 05:27:56.098467+00:00|2024-08-13 05:28:21.096998+00:00|descending|168|(8.24498, 43.479694, 11.886252, 45.384602)",S1A_IW_GRDH_1SDV_20240813T052756_20240813T052821_055190_06BA07_85C0_COG,1,True,S1A_IW_GRDH_1SDV_20240813T052756_20240813T052821_055190_06BA07_85C0_COG,2,S1A,2024-08-13 05:27:56.098467+00:00,2024-08-13 05:28:21.096998+00:00,descending,168,"[8.24498, 43.479694, 11.886252, 45.384602]",4,4,3,2,11
"S1A|2024-08-13 05:27:56.098467+00:00|2024-08-13 05:28:21.096998+00:00|descending|168|(8.24498, 43.479694, 11.886252, 45.384602)",S1A_IW_GRDH_1SDV_20240813T052756_20240813T052821_055190_06BA07_D03D_COG,2,False,S1A_IW_GRDH_1SDV_20240813T052756_20240813T052821_055190_06BA07_85C0_COG,2,S1A,2024-08-13 05:27:56.098467+00:00,2024-08-13 05:28:21.096998+00:00,descending,168,"[8.24498, 43.479694, 11.886252, 45.384602]",4,4,3,2,11
"S1A|2024-08-14 17:15:16.816098+00:00|2024-08-14 17:15:41.814870+00:00|ascending|15|(7.745388, 44.361851, 11.403856, 46.26659)",S1A_IW_GRDH_1SDV_20240814T171516_20240814T171541_055212_06BAD3_8701_COG,1,True,S1A_IW_GRDH_1SDV_20240814T171516_20240814T171541_055212_06BAD3_8701_COG,2,S1A,2024-08-14 17:15:16.816098+00:00,2024-08-14 17:15:41.814870+00:00,ascending,15,"[7.745388, 44.361851, 11.403856, 46.26659]",4,4,3,2,11
"S1A|2024-08-14 17:15:16.816098+00:00|2024-08-14 17:15:41.814870+00:00|ascending|15|(7.745388, 44.361851, 11.403856, 46.26659)",S1A_IW_GRDH_1SDV_20240814T171516_20240814T171541_055212_06BAD3_AAA7_COG,2,False,S1A_IW_GRDH_1SDV_20240814T171516_20240814T171541_055212_06BAD3_8701_COG,2,S1A,2024-08-14 17:15:16.816098+00:00,2024-08-14 17:15:41.814870+00:00,ascending,15,"[7.745388, 44.361851, 11.403856, 46.26659]",4,4,3,2,11
"S1A|2024-08-18 05:35:44.299394+00:00|2024-08-18 05:36:09.299083+00:00|descending|66|(6.524986, 45.036644, 10.233142, 46.94698)",S1A_IW_GRDH_1SDV_20240818T053544_20240818T053609_055263_06BCAB_82E4_COG,1,True,S1A_IW_GRDH_1SDV_20240818T053544_20240818T053609_055263_06BCAB_82E4_COG,2,S1A,2024-08-18 05:35:44.299394+00:00,2024-08-18 05:36:09.299083+00:00,descending,66,"[6.524986, 45.036644, 10.233142, 46.94698]",4,4,3,2,11
"S1A|2024-08-18 05:35:44.299394+00:00|2024-08-18 05:36:09.299083+00:00|descending|66|(6.524986, 45.036644, 10.233142, 46.94698)",S1A_IW_GRDH_1SDV_20240818T053544_20240818T053609_055263_06BCAB_83A9_COG,2,False,S1A_IW_GRDH_1SDV_20240818T053544_20240818T053609_055263_06BCAB_82E4_COG,2,S1A,2024-08-18 05:35:44.299394+00:00,2024-08-18 05:36:09.299083+00:00,descending,66,"[6.524986, 45.036644, 10.233142, 46.94698]",4,4,3,2,11
"S1A|2024-08-18 05:36:09.300527+00:00|2024-08-18 05:36:34.298713+00:00|descending|66|(6.199856, 43.537457, 9.850686, 45.44429)",S1A_IW_GRDH_1SDV_20240818T053609_20240818T053634_055263_06BCAB_197F_COG,1,True,S1A_IW_GRDH_1SDV_20240818T053609_20240818T053634_055263_06BCAB_197F_COG,2,S1A,2024-08-18 05:36:09.300527+00:00,2024-08-18 05:36:34.298713+00:00,descending,66,"[6.199856, 43.537457, 9.850686, 45.44429]",4,4,3,2,11
"S1A|2024-08-18 05:36:09.300527+00:00|2024-08-18 05:36:34.298713+00:00|descending|66|(6.199856, 43.537457, 9.850686, 45.44429)",S1A_IW_GRDH_1SDV_20240818T053609_20240818T053634_055263_06BCAB_C24A_COG,2,False,S1A_IW_GRDH_1SDV_20240818T053609_20240818T053634_055263_06BCAB_197F_COG,2,S1A,2024-08-18 05:36:09.300527+00:00,2024-08-18 05:36:34.298713+00:00,descending,66,"[6.199856, 43.537457, 9.850686, 45.44429]",4,4,3,2,11
"S1A|2024-08-19 17:23:23.726601+00:00|2024-08-19 17:23:48.723935+00:00|ascending|88|(5.807589, 43.922009, 9.453938, 45.824497)",S1A_IW_GRDH_1SDV_20240819T172323_20240819T172348_055285_06BD78_51DC_COG,1,True,S1A_IW_GRDH_1SDV_20240819T172323_20240819T172348_055285_06BD78_51DC_COG,2,S1A,2024-08-19 17:23:23.726601+00:00,2024-08-19 17:23:48.723935+00:00,ascending,88,"[5.807589, 43.922009, 9.453938, 45.824497]",4,4,3,2,11
"S1A|2024-08-19 17:23:23.726601+00:00|2024-08-19 17:23:48.723935+00:00|ascending|88|(5.807589, 43.922009, 9.453938, 45.824497)",S1A_IW_GRDH_1SDV_20240819T172323_20240819T172348_055285_06BD78_5E13_COG,2,False,S1A_IW_GRDH_1SDV_20240819T172323_20240819T172348_055285_06BD78_51DC_COG,2,S1A,2024-08-19 17:23:23.726601+00:00,2024-08-19 17:23:48.723935+00:00,ascending,88,"[5.807589, 43.922009, 9.453938, 45.824497]",4,4,3,2,11
"S1A|2024-08-19 17:23:48.725433+00:00|2024-08-19 17:24:13.724266+00:00|ascending|88|(5.360485, 45.420776, 9.125871, 47.320744)",S1A_IW_GRDH_1SDV_20240819T172348_20240819T172413_055285_06BD78_BDD3_COG,1,True,S1A_IW_GRDH_1SDV_20240819T172348_20240819T172413_055285_06BD78_BDD3_COG,2,S1A,2024-08-19 17:23:48.725433+00:00,2024-08-19 17:24:13.724266+00:00,ascending,88,"[5.360485, 45.420776, 9.125871, 47.320744]",4,4,3,2,11
"S1A|2024-08-19 17:23:48.725433+00:00|2024-08-19 17:24:13.724266+00:00|ascending|88|(5.360485, 45.420776, 9.125871, 47.320744)",S1A_IW_GRDH_1SDV_20240819T172348_20240819T172413_055285_06BD78_C88B_COG,2,False,S1A_IW_GRDH_1SDV_20240819T172348_20240819T172413_055285_06BD78_BDD3_COG,2,S1A,2024-08-19 17:23:48.725433+00:00,2024-08-19 17:24:13.724266+00:00,ascending,88,"[5.360485, 45.420776, 9.125871, 47.320744]",4,4,3,2,11
"S1A|2024-08-25 05:27:31.619560+00:00|2024-08-25 05:27:56.617913+00:00|descending|168|(8.575896, 44.979004, 12.272635, 46.886398)",S1A_IW_GRDH_1SDV_20240825T052731_20240825T052756_055365_06C085_A750_COG,1,True,S1A_IW_GRDH_1SDV_20240825T052731_20240825T052756_055365_06C085_A750_COG,1,S1A,2024-08-25 05:27:31.619560+00:00,2024-08-25 05:27:56.617913+00:00,descending,168,"[8.575896, 44.979004, 12.272635, 46.886398]",4,4,3,2,11
"S1A|2024-08-25 05:27:56.619385+00:00|2024-08-25 05:28:21.619237+00:00|descending|168|(8.246037, 43.480339, 11.882157, 45.384686)",S1A_IW_GRDH_1SDV_20240825T052756_20240825T052821_055365_06C085_5670_COG,1,True,S1A_IW_GRDH_1SDV_20240825T052756_20240825T052821_055365_06C085_5670_COG,1,S1A,2024-08-25 05:27:56.619385+00:00,2024-08-25 05:28:21.619237+00:00,descending,168,"[8.246037, 43.480339, 11.882157, 45.384686]",4,4,3,2,11
"S1A|2024-08-26 17:15:17.488203+00:00|2024-08-26 17:15:42.487135+00:00|ascending|15|(7.742362, 44.361736, 11.418712, 46.268475)",S1A_IW_GRDH_1SDV_20240826T171517_20240826T171542_055387_06C154_0DEF_COG,1,True,S1A_IW_GRDH_1SDV_20240826T171517_20240826T171542_055387_06C154_0DEF_COG,1,S1A,2024-08-26 17:15:17.488203+00:00,2024-08-26 17:15:42.487135+00:00,ascending,15,"[7.742362, 44.361736, 11.418712, 46.268475]",4,4,3,2,11
"S1A|2024-08-30 05:35:44.366733+00:00|2024-08-30 05:36:09.364894+00:00|descending|66|(6.527098, 45.036537, 10.235141, 46.946846)",S1A_IW_GRDH_1SDV_20240830T053544_20240830T053609_055438_06C324_A0C9_COG,1,True,S1A_IW_GRDH_1SDV_20240830T053544_20240830T053609_055438_06C324_A0C9_COG,1,S1A,2024-08-30 05:35:44.366733+00:00,2024-08-30 05:36:09.364894+00:00,descending,66,"[6.527098, 45.036537, 10.235141, 46.946846]",4,4,3,2,11
"S1A|2024-08-30 05:36:09.366338+00:00|2024-08-30 05:36:34.364496+00:00|descending|66|(6.201895, 43.537357, 9.85265, 45.444248)",S1A_IW_GRDH_1SDV_20240830T053609_20240830T053634_055438_06C324_F125_COG,1,True,S1A_IW_GRDH_1SDV_20240830T053609_20240830T053634_055438_06C324_F125_COG,1,S1A,2024-08-30 05:36:09.366338+00:00,2024-08-30 05:36:34.364496+00:00,descending,66,"[6.201895, 43.537357, 9.85265, 45.444248]",4,4,3,2,11
"S1A|2024-08-31 17:23:23.734083+00:00|2024-08-31 17:23:48.733094+00:00|ascending|88|(5.806809, 43.921726, 9.453605, 45.824429)",S1A_IW_GRDH_1SDV_20240831T172323_20240831T172348_055460_06C3E8_706A_COG,1,True,S1A_IW_GRDH_1SDV_20240831T172323_20240831T172348_055460_06C3E8_706A_COG,1,S1A,2024-08-31 17:23:23.734083+00:00,2024-08-31 17:23:48.733094+00:00,ascending,88,"[5.806809, 43.921726, 9.453605, 45.824429]",4,4,3,2,11
"S1A|2024-08-31 17:23:48.734593+00:00|2024-08-31 17:24:13.733604+00:00|ascending|88|(5.359444, 45.420574, 9.125314, 47.320633)",S1A_IW_GRDH_1SDV_20240831T172348_20240831T172413_055460_06C3E8_24D6_COG,1,True,S1A_IW_GRDH_1SDV_20240831T172348_20240831T172413_055460_06C3E8_24D6_COG,1,S1A,2024-08-31 17:23:48.734593+00:00,2024-08-31 17:24:13.733604+00:00,ascending,88,"[5.359444, 45.420574, 9.125314, 47.320633]",4,4,3,2,11
"S1A|2024-09-06 05:27:31.819199+00:00|2024-09-06 05:27:56.817100+00:00|descending|168|(8.572934, 44.977325, 12.285901, 46.886753)",S1A_IW_GRDH_1SDV_20240906T052731_20240906T052756_055540_06C715_D823_COG,1,True,S1A_IW_GRDH_1SDV_20240906T052731_20240906T052756_055540_06C715_D823_COG,1,S1A,2024-09-06 05:27:31.819199+00:00,2024-09-06 05:27:56.817100+00:00,descending,168,"[8.572934, 44.977325, 12.285901, 46.886753]",4,4,3,2,11
"S1A|2024-09-06 05:27:56.818598+00:00|2024-09-06 05:28:21.817999+00:00|descending|168|(8.24315, 43.478699, 11.895053, 45.385075)",S1A_IW_GRDH_1SDV_20240906T052756_20240906T052821_055540_06C715_CC8E_COG,1,True,S1A_IW_GRDH_1SDV_20240906T052756_20240906T052821_055540_06C715_CC8E_COG,1,S1A,2024-09-06 05:27:56.818598+00:00,2024-09-06 05:28:21.817999+00:00,descending,168,"[8.24315, 43.478699, 11.895053, 45.385075]",4,4,3,2,11
"S1A|2024-09-07 17:15:17.690906+00:00|2024-09-07 17:15:42.689820+00:00|ascending|15|(7.743238, 44.361794, 11.419723, 46.268539)",S1A_IW_GRDH_1SDV_20240907T171517_20240907T171542_055562_06C7F5_C516_COG,1,True,S1A_IW_GRDH_1SDV_20240907T171517_20240907T171542_055562_06C7F5_C516_COG,1,S1A,2024-09-07 17:15:17.690906+00:00,2024-09-07 17:15:42.689820+00:00,ascending,15,"[7.743238, 44.361794, 11.419723, 46.268539]",4,4,3,2,11
"S1A|2024-09-11 05:35:44.495342+00:00|2024-09-11 05:36:09.493723+00:00|descending|66|(6.52955, 45.036575, 10.237967, 46.947021)",S1A_IW_GRDH_1SDV_20240911T053544_20240911T053609_055613_06C9F9_31C2_COG,1,True,S1A_IW_GRDH_1SDV_20240911T053544_20240911T053609_055613_06C9F9_31C2_COG,1,S1A,2024-09-11 05:35:44.495342+00:00,2024-09-11 05:36:09.493723+00:00,descending,66,"[6.52955, 45.036575, 10.237967, 46.947021]",4,4,3,2,11
"S1A|2024-09-11 05:36:09.495223+00:00|2024-09-11 05:36:34.493605+00:00|descending|66|(6.204385, 43.537403, 9.855463, 45.444405)",S1A_IW_GRDH_1SDV_20240911T053609_20240911T053634_055613_06C9F9_52CA_COG,1,True,S1A_IW_GRDH_1SDV_20240911T053609_20240911T053634_055613_06C9F9_52CA_COG,1,S1A,2024-09-11 05:36:09.495223+00:00,2024-09-11 05:36:34.493605+00:00,descending,66,"[6.204385, 43.537403, 9.855463, 45.444405]",4,4,3,2,11
"S1A|2024-09-12 17:23:49.255713+00:00|2024-09-12 17:24:14.254524+00:00|ascending|88|(5.357487, 45.420731, 9.123161, 47.32082)",S1A_IW_GRDH_1SDV_20240912T172349_20240912T172414_055635_06CAD5_7E54_COG,1,True,S1A_IW_GRDH_1SDV_20240912T172349_20240912T172414_055635_06CAD5_7E54_COG,1,S1A,2024-09-12 17:23:49.255713+00:00,2024-09-12 17:24:14.254524+00:00,ascending,88,"[5.357487, 45.420731, 9.123161, 47.32082]",4,4,3,2,11
"S1A|2024-09-18 05:27:32.438375+00:00|2024-09-18 05:27:57.436395+00:00|descending|168|(8.57268, 44.977211, 12.285747, 46.886665)",S1A_IW_GRDH_1SDV_20240918T052732_20240918T052757_055715_06CE01_7706_COG,1,True,S1A_IW_GRDH_1SDV_20240918T052732_20240918T052757_055715_06CE01_7706_COG,1,S1A,2024-09-18 05:27:32.438375+00:00,2024-09-18 05:27:57.436395+00:00,descending,168,"[8.57268, 44.977211, 12.285747, 46.886665]",4,4,3,2,11
"S1A|2024-09-18 05:27:57.437895+00:00|2024-09-18 05:28:22.435915+00:00|descending|168|(8.24304, 43.478672, 11.894914, 45.384972)",S1A_IW_GRDH_1SDV_20240918T052757_20240918T052822_055715_06CE01_B005_COG,1,True,S1A_IW_GRDH_1SDV_20240918T052757_20240918T052822_055715_06CE01_B005_COG,1,S1A,2024-09-18 05:27:57.437895+00:00,2024-09-18 05:28:22.435915+00:00,descending,168,"[8.24304, 43.478672, 11.894914, 45.384972]",4,4,3,2,11
"S1A|2024-09-19 17:15:18.168885+00:00|2024-09-19 17:15:43.167698+00:00|ascending|15|(7.743912, 44.362003, 11.420409, 46.268726)",S1A_IW_GRDH_1SDV_20240919T171518_20240919T171543_055737_06CEDD_544B_COG,1,True,S1A_IW_GRDH_1SDV_20240919T171518_20240919T171543_055737_06CEDD_544B_COG,1,S1A,2024-09-19 17:15:18.168885+00:00,2024-09-19 17:15:43.167698+00:00,ascending,15,"[7.743912, 44.362003, 11.420409, 46.268726]",4,4,3,2,11
"S1A|2024-09-23 05:35:45.158019+00:00|2024-09-23 05:36:10.156574+00:00|descending|66|(6.528534, 45.036491, 10.236779, 46.946915)",S1A_IW_GRDH_1SDV_20240923T053545_20240923T053610_055788_06D0E4_13C7_COG,1,True,S1A_IW_GRDH_1SDV_20240923T053545_20240923T053610_055788_06D0E4_13C7_COG,1,S1A,2024-09-23 05:35:45.158019+00:00,2024-09-23 05:36:10.156574+00:00,descending,66,"[6.528534, 45.036491, 10.236779, 46.946915]",4,4,3,2,11
"S1A|2024-09-23 05:36:10.158073+00:00|2024-09-23 05:36:35.156628+00:00|descending|66|(6.203227, 43.5373, 9.854191, 45.444302)",S1A_IW_GRDH_1SDV_20240923T053610_20240923T053635_055788_06D0E4_B0CF_COG,1,True,S1A_IW_GRDH_1SDV_20240923T053610_20240923T053635_055788_06D0E4_B0CF_COG,1,S1A,2024-09-23 05:36:10.158073+00:00,2024-09-23 05:36:35.156628+00:00,descending,66,"[6.203227, 43.5373, 9.854191, 45.444302]",4,4,3,2,11
"S1A|2024-09-24 17:23:24.465132+00:00|2024-09-24 17:23:49.462446+00:00|ascending|88|(5.805374, 43.921967, 9.451853, 45.824615)",S1A_IW_GRDH_1SDV_20240924T172324_20240924T172349_055810_06D1C0_19FC_COG,1,True,S1A_IW_GRDH_1SDV_20240924T172324_20240924T172349_055810_06D1C0_19FC_COG,1,S1A,2024-09-24 17:23:24.465132+00:00,2024-09-24 17:23:49.462446+00:00,ascending,88,"[5.805374, 43.921967, 9.451853, 45.824615]",4,4,3,2,11
"S1A|2024-09-24 17:23:49.463945+00:00|2024-09-24 17:24:14.462758+00:00|ascending|88|(5.357929, 45.420719, 9.123614, 47.320831)",S1A_IW_GRDH_1SDV_20240924T172349_20240924T172414_055810_06D1C0_33A5_COG,1,True,S1A_IW_GRDH_1SDV_20240924T172349_20240924T172414_055810_06D1C0_33A5_COG,1,S1A,2024-09-24 17:23:49.463945+00:00,2024-09-24 17:24:14.462758+00:00,ascending,88,"[5.357929, 45.420719, 9.123614, 47.320831]",4,4,3,2,11
"S1A|2024-09-30 05:27:32.620738+00:00|2024-09-30 05:27:57.618740+00:00|descending|168|(8.574245, 44.977169, 12.287736, 46.8866)",S1A_IW_GRDH_1SDV_20240930T052732_20240930T052757_055890_06D4F1_9CC4_COG,1,True,S1A_IW_GRDH_1SDV_20240930T052732_20240930T052757_055890_06D4F1_9CC4_COG,1,S1A,2024-09-30 05:27:32.620738+00:00,2024-09-30 05:27:57.618740+00:00,descending,168,"[8.574245, 44.977169, 12.287736, 46.8866]",4,4,3,2,11
"S1A|2024-09-30 05:27:57.620239+00:00|2024-09-30 05:28:22.618241+00:00|descending|168|(8.24445, 43.478634, 11.896342, 45.384972)",S1A_IW_GRDH_1SDV_20240930T052757_20240930T052822_055890_06D4F1_0EA8_COG,1,True,S1A_IW_GRDH_1SDV_20240930T052757_20240930T052822_055890_06D4F1_0EA8_COG,1,S1A,2024-09-30 05:27:57.620239+00:00,2024-09-30 05:28:22.618241+00:00,descending,168,"[8.24445, 43.478634, 11.896342, 45.384972]",4,4,3,2,11
"S1A|2025-04-03 05:35:39.107644+00:00|2025-04-03 05:36:04.105937+00:00|descending|66|(6.526343, 45.036907, 10.234688, 46.947277)",S1A_IW_GRDH_1SDV_20250403T053539_20250403T053604_058588_074066_7614_COG,1,True,S1A_IW_GRDH_1SDV_20250403T053539_20250403T053604_058588_074066_7614_COG,1,S1A,2025-04-03 05:35:39.107644+00:00,2025-04-03 05:36:04.105937+00:00,descending,66,"[6.526343, 45.036907, 10.234688, 46.947277]",4,4,3,2,11
"S1A|2025-04-03 05:36:04.107437+00:00|2025-04-03 05:36:29.105730+00:00|descending|66|(6.201104, 43.537727, 9.85216, 45.444675)",S1A_IW_GRDH_1SDV_20250403T053604_20250403T053629_058588_074066_4EB1_COG,1,True,S1A_IW_GRDH_1SDV_20250403T053604_20250403T053629_058588_074066_4EB1_COG,1,S1A,2025-04-03 05:36:04.107437+00:00,2025-04-03 05:36:29.105730+00:00,descending,66,"[6.201104, 43.537727, 9.85216, 45.444675]",4,4,3,2,11
"S1A|2025-04-04 17:23:18.376399+00:00|2025-04-04 17:23:43.373858+00:00|ascending|88|(5.805259, 43.92168, 9.451929, 45.82431)",S1A_IW_GRDH_1SDV_20250404T172318_20250404T172343_058610_07414D_A112_COG,1,True,S1A_IW_GRDH_1SDV_20250404T172318_20250404T172343_058610_07414D_A112_COG,1,S1A,2025-04-04 17:23:18.376399+00:00,2025-04-04 17:23:43.373858+00:00,ascending,88,"[5.805259, 43.92168, 9.451929, 45.82431]",4,4,3,2,11
"S1A|2025-04-04 17:23:43.375356+00:00|2025-04-04 17:24:08.374313+00:00|ascending|88|(5.357863, 45.420437, 9.123621, 47.320511)",S1A_IW_GRDH_1SDV_20250404T172343_20250404T172408_058610_07414D_7367_COG,1,True,S1A_IW_GRDH_1SDV_20250404T172343_20250404T172408_058610_07414D_7367_COG,1,S1A,2025-04-04 17:23:43.375356+00:00,2025-04-04 17:24:08.374313+00:00,ascending,88,"[5.357863, 45.420437, 9.123621, 47.320511]",4,4,3,2,11
"S1A|2025-04-10 05:27:26.004640+00:00|2025-04-10 05:27:51.004012+00:00|descending|168|(8.572057, 44.977509, 12.284693, 46.886986)",S1A_IW_GRDH_1SDV_20250410T052726_20250410T052751_058690_074497_7F71_COG,1,True,S1A_IW_GRDH_1SDV_20250410T052726_20250410T052751_058690_074497_7F71_COG,1,S1A,2025-04-10 05:27:26.004640+00:00,2025-04-10 05:27:51.004012+00:00,descending,168,"[8.572057, 44.977509, 12.284693, 46.886986]",4,4,3,2,11
"S1A|2025-04-10 05:27:51.005512+00:00|2025-04-10 05:28:16.003385+00:00|descending|168|(8.24234, 43.478966, 11.894071, 45.385193)",S1A_IW_GRDH_1SDV_20250410T052751_20250410T052816_058690_074497_0AB7_COG,1,True,S1A_IW_GRDH_1SDV_20250410T052751_20250410T052816_058690_074497_0AB7_COG,1,S1A,2025-04-10 05:27:51.005512+00:00,2025-04-10 05:28:16.003385+00:00,descending,168,"[8.24234, 43.478966, 11.894071, 45.385193]",4,4,3,2,11
"S1A|2025-04-11 17:15:11.631241+00:00|2025-04-11 17:15:36.628579+00:00|ascending|15|(7.746109, 44.361794, 11.422371, 46.268341)",S1A_IW_GRDH_1SDV_20250411T171511_20250411T171536_058712_07457B_9301_COG,1,True,S1A_IW_GRDH_1SDV_20250411T171511_20250411T171536_058712_07457B_9301_COG,1,S1A,2025-04-11 17:15:11.631241+00:00,2025-04-11 17:15:36.628579+00:00,ascending,15,"[7.746109, 44.361794, 11.422371, 46.268341]",4,4,3,2,11
"S1A|2025-04-15 05:35:38.672817+00:00|2025-04-15 05:36:03.670990+00:00|descending|66|(6.52669, 45.036873, 10.234832, 46.947136)",S1A_IW_GRDH_1SDV_20250415T053538_20250415T053603_058763_074791_A6AC_COG,1,True,S1A_IW_GRDH_1SDV_20250415T053538_20250415T053603_058763_074791_A6AC_COG,1,S1A,2025-04-15 05:35:38.672817+00:00,2025-04-15 05:36:03.670990+00:00,descending,66,"[6.52669, 45.036873, 10.234832, 46.947136]",4,4,3,2,11
"S1A|2025-04-15 05:36:03.672490+00:00|2025-04-15 05:36:28.670663+00:00|descending|66|(6.201668, 43.537682, 9.852399, 45.444519)",S1A_IW_GRDH_1SDV_20250415T053603_20250415T053628_058763_074791_65F2_COG,1,True,S1A_IW_GRDH_1SDV_20250415T053603_20250415T053628_058763_074791_65F2_COG,1,S1A,2025-04-15 05:36:03.672490+00:00,2025-04-15 05:36:28.670663+00:00,descending,66,"[6.201668, 43.537682, 9.852399, 45.444519]",4,4,3,2,11
"S1A|2025-04-16 17:23:18.117734+00:00|2025-04-16 17:23:43.116599+00:00|ascending|88|(5.808066, 43.921745, 9.454582, 45.824379)",S1A_IW_GRDH_1SDV_20250416T172318_20250416T172343_058785_074873_39DB_COG,1,True,S1A_IW_GRDH_1SDV_20250416T172318_20250416T172343_058785_074873_39DB_COG,1,S1A,2025-04-16 17:23:18.117734+00:00,2025-04-16 17:23:43.116599+00:00,ascending,88,"[5.808066, 43.921745, 9.454582, 45.824379]",4,4,3,2,11
"S1A|2025-04-16 17:23:43.118096+00:00|2025-04-16 17:24:08.116961+00:00|ascending|88|(5.360918, 45.420601, 9.126455, 47.320621)",S1A_IW_GRDH_1SDV_20250416T172343_20250416T172408_058785_074873_465C_COG,1,True,S1A_IW_GRDH_1SDV_20250416T172343_20250416T172408_058785_074873_465C_COG,1,S1A,2025-04-16 17:23:43.118096+00:00,2025-04-16 17:24:08.116961+00:00,ascending,88,"[5.360918, 45.420601, 9.126455, 47.320621]",4,4,3,2,11
"S1A|2025-04-22 05:27:26.226931+00:00|2025-04-22 05:27:51.224934+00:00|descending|168|(8.57261, 44.977478, 12.285509, 46.88689)",S1A_IW_GRDH_1SDV_20250422T052726_20250422T052751_058865_074BC1_6CEE_COG,1,True,S1A_IW_GRDH_1SDV_20250422T052726_20250422T052751_058865_074BC1_6CEE_COG,1,S1A,2025-04-22 05:27:26.226931+00:00,2025-04-22 05:27:51.224934+00:00,descending,168,"[8.57261, 44.977478, 12.285509, 46.88689]",4,4,3,2,11
"S1A|2025-04-22 05:27:51.226433+00:00|2025-04-22 05:28:16.224437+00:00|descending|168|(8.24301, 43.478935, 11.894741, 45.385193)",S1A_IW_GRDH_1SDV_20250422T052751_20250422T052816_058865_074BC1_8213_COG,1,True,S1A_IW_GRDH_1SDV_20250422T052751_20250422T052816_058865_074BC1_8213_COG,1,S1A,2025-04-22 05:27:51.226433+00:00,2025-04-22 05:28:16.224437+00:00,descending,168,"[8.24301, 43.478935, 11.894741, 45.385193]",4,4,3,2,11
"S1A|2025-04-23 17:15:11.976814+00:00|2025-04-23 17:15:36.973999+00:00|ascending|15|(7.745609, 44.361996, 11.421781, 46.26852)",S1A_IW_GRDH_1SDV_20250423T171511_20250423T171536_058887_074CA5_01F8_COG,1,True,S1A_IW_GRDH_1SDV_20250423T171511_20250423T171536_058887_074CA5_01F8_COG,1,S1A,2025-04-23 17:15:11.976814+00:00,2025-04-23 17:15:36.973999+00:00,ascending,15,"[7.745609, 44.361996, 11.421781, 46.26852]",4,4,3,2,11
"S1A|2025-04-27 05:35:39.423741+00:00|2025-04-27 05:36:04.421977+00:00|descending|66|(6.5228, 45.036945, 10.230926, 46.947147)",S1A_IW_GRDH_1SDV_20250427T053539_20250427T053604_058938_074EBB_88BA_COG,1,True,S1A_IW_GRDH_1SDV_20250427T053539_20250427T053604_058938_074EBB_88BA_COG,1,S1A,2025-04-27 05:35:39.423741+00:00,2025-04-27 05:36:04.421977+00:00,descending,66,"[6.5228, 45.036945, 10.230926, 46.947147]",4,4,3,2,11
"S1A|2025-04-27 05:36:04.423477+00:00|2025-04-27 05:36:29.421713+00:00|descending|66|(6.197593, 43.53775, 9.848527, 45.444557)",S1A_IW_GRDH_1SDV_20250427T053604_20250427T053629_058938_074EBB_5B07_COG,1,True,S1A_IW_GRDH_1SDV_20250427T053604_20250427T053629_058938_074EBB_5B07_COG,1,S1A,2025-04-27 05:36:04.423477+00:00,2025-04-27 05:36:29.421713+00:00,descending,66,"[6.197593, 43.53775, 9.848527, 45.444557]",4,4,3,2,11
"S1A|2025-04-28 17:23:18.728716+00:00|2025-04-28 17:23:43.727488+00:00|ascending|88|(5.80749, 43.921993, 9.453835, 45.824524)",S1A_IW_GRDH_1SDV_20250428T172318_20250428T172343_058960_074FA0_3A4D_COG,1,True,S1A_IW_GRDH_1SDV_20250428T172318_20250428T172343_058960_074FA0_3A4D_COG,1,S1A,2025-04-28 17:23:18.728716+00:00,2025-04-28 17:23:43.727488+00:00,ascending,88,"[5.80749, 43.921993, 9.453835, 45.824524]",4,4,3,2,11
"S1A|2025-04-28 17:23:43.728986+00:00|2025-04-28 17:24:08.727758+00:00|ascending|88|(5.360428, 45.420853, 9.125788, 47.32077)",S1A_IW_GRDH_1SDV_20250428T172343_20250428T172408_058960_074FA0_DE79_COG,1,True,S1A_IW_GRDH_1SDV_20250428T172343_20250428T172408_058960_074FA0_DE79_COG,1,S1A,2025-04-28 17:23:43.728986+00:00,2025-04-28 17:24:08.727758+00:00,ascending,88,"[5.360428, 45.420853, 9.125788, 47.32077]",4,4,3,2,11
"S1A|2025-05-04 05:27:26.293262+00:00|2025-05-04 05:27:51.291172+00:00|descending|168|(8.571445, 44.977547, 12.28401, 46.886913)",S1A_IW_GRDH_1SDV_20250504T052726_20250504T052751_059040_0752C4_FCA5_COG,1,True,S1A_IW_GRDH_1SDV_20250504T052726_20250504T052751_059040_0752C4_FCA5_COG,1,S1A,2025-05-04 05:27:26.293262+00:00,2025-05-04 05:27:51.291172+00:00,descending,168,"[8.571445, 44.977547, 12.28401, 46.886913]",4,4,3,2,11
"S1A|2025-05-04 05:27:51.292616+00:00|2025-05-04 05:28:16.292023+00:00|descending|168|(8.241743, 43.478916, 11.893468, 45.385208)",S1A_IW_GRDH_1SDV_20250504T052751_20250504T052816_059040_0752C4_0202_COG,1,True,S1A_IW_GRDH_1SDV_20250504T052751_20250504T052816_059040_0752C4_0202_COG,1,S1A,2025-05-04 05:27:51.292616+00:00,2025-05-04 05:28:16.292023+00:00,descending,168,"[8.241743, 43.478916, 11.893468, 45.385208]",4,4,3,2,11
"S1A|2025-05-05 17:15:12.037860+00:00|2025-05-05 17:15:37.036625+00:00|ascending|15|(7.745687, 44.361897, 11.421858, 46.268494)",S1A_IW_GRDH_1SDV_20250505T171512_20250505T171537_059062_07539E_EDD2_COG,1,True,S1A_IW_GRDH_1SDV_20250505T171512_20250505T171537_059062_07539E_EDD2_COG,1,S1A,2025-05-05 17:15:12.037860+00:00,2025-05-05 17:15:37.036625+00:00,ascending,15,"[7.745687, 44.361897, 11.421858, 46.268494]",4,4,3,2,11
"S1A|2025-05-09 05:35:38.873574+00:00|2025-05-09 05:36:03.871796+00:00|descending|66|(6.524315, 45.036983, 10.232426, 46.947166)",S1A_IW_GRDH_1SDV_20250509T053538_20250509T053603_059113_07558F_0943_COG,1,True,S1A_IW_GRDH_1SDV_20250509T053538_20250509T053603_059113_07558F_0943_COG,1,S1A,2025-05-09 05:35:38.873574+00:00,2025-05-09 05:36:03.871796+00:00,descending,66,"[6.524315, 45.036983, 10.232426, 46.947166]",4,4,3,2,11
"S1A|2025-05-09 05:36:03.873296+00:00|2025-05-09 05:36:28.871517+00:00|descending|66|(6.199247, 43.537788, 9.850048, 45.444561)",S1A_IW_GRDH_1SDV_20250509T053603_20250509T053628_059113_07558F_0CCE_COG,1,True,S1A_IW_GRDH_1SDV_20250509T053603_20250509T053628_059113_07558F_0CCE_COG,1,S1A,2025-05-09 05:36:03.873296+00:00,2025-05-09 05:36:28.871517+00:00,descending,66,"[6.199247, 43.537788, 9.850048, 45.444561]",4,4,3,2,11
"S1A|2025-05-10 17:23:18.410114+00:00|2025-05-10 17:23:43.407278+00:00|ascending|88|(5.809112, 43.922153, 9.455253, 45.824539)",S1A_IW_GRDH_1SDV_20250510T172318_20250510T172343_059135_07564A_4DE6_COG,1,True,S1A_IW_GRDH_1SDV_20250510T172318_20250510T172343_059135_07564A_4DE6_COG,1,S1A,2025-05-10 17:23:18.410114+00:00,2025-05-10 17:23:43.407278+00:00,ascending,88,"[5.809112, 43.922153, 9.455253, 45.824539]",4,4,3,2,11
"S1A|2025-05-10 17:23:43.408777+00:00|2025-05-10 17:24:08.407440+00:00|ascending|88|(5.362171, 45.420933, 9.127298, 47.320797)",S1A_IW_GRDH_1SDV_20250510T172343_20250510T172408_059135_07564A_B200_COG,1,True,S1A_IW_GRDH_1SDV_20250510T172343_20250510T172408_059135_07564A_B200_COG,1,S1A,2025-05-10 17:23:43.408777+00:00,2025-05-10 17:24:08.407440+00:00,ascending,88,"[5.362171, 45.420933, 9.127298, 47.320797]",4,4,3,2,11
"S1A|2025-05-16 05:27:25.977808+00:00|2025-05-16 05:27:50.975733+00:00|descending|168|(8.570111, 44.977592, 12.282659, 46.886879)",S1A_IW_GRDH_1SDV_20250516T052725_20250516T052750_059215_075912_F0FF_COG,1,True,S1A_IW_GRDH_1SDV_20250516T052725_20250516T052750_059215_075912_F0FF_COG,1,S1A,2025-05-16 05:27:25.977808+00:00,2025-05-16 05:27:50.975733+00:00,descending,168,"[8.570111, 44.977592, 12.282659, 46.886879]",4,4,3,2,11
"S1A|2025-05-16 05:27:50.977232+00:00|2025-05-16 05:28:15.976656+00:00|descending|168|(8.240481, 43.478951, 11.892152, 45.385174)",S1A_IW_GRDH_1SDV_20250516T052750_20250516T052815_059215_075912_A408_COG,1,True,S1A_IW_GRDH_1SDV_20250516T052750_20250516T052815_059215_075912_A408_COG,1,S1A,2025-05-16 05:27:50.977232+00:00,2025-05-16 05:28:15.976656+00:00,descending,168,"[8.240481, 43.478951, 11.892152, 45.385174]",4,4,3,2,11
"S1A|2025-05-17 17:15:11.685819+00:00|2025-05-17 17:15:36.684507+00:00|ascending|15|(7.747691, 44.361984, 11.423233, 46.268589)",S1A_IW_GRDH_1SDV_20250517T171511_20250517T171536_059237_0759CE_DB5C_COG,1,True,S1A_IW_GRDH_1SDV_20250517T171511_20250517T171536_059237_0759CE_DB5C_COG,1,S1A,2025-05-17 17:15:11.685819+00:00,2025-05-17 17:15:36.684507+00:00,ascending,15,"[7.747691, 44.361984, 11.423233, 46.268589]",4,4,3,2,11
"S1A|2025-05-21 05:35:38.401613+00:00|2025-05-21 05:36:03.399908+00:00|descending|66|(6.525517, 45.036995, 10.233607, 46.947197)",S1A_IW_GRDH_1SDV_20250521T053538_20250521T053603_059288_075B98_8170_COG,1,True,S1A_IW_GRDH_1SDV_20250521T053538_20250521T053603_059288_075B98_8170_COG,1,S1A,2025-05-21 05:35:38.401613+00:00,2025-05-21 05:36:03.399908+00:00,descending,66,"[6.525517, 45.036995, 10.233607, 46.947197]",4,4,3,2,11
"S1A|2025-05-21 05:36:03.401408+00:00|2025-05-21 05:36:28.399703+00:00|descending|66|(6.200443, 43.5378, 9.851248, 45.444588)",S1A_IW_GRDH_1SDV_20250521T053603_20250521T053628_059288_075B98_55AD_COG,1,True,S1A_IW_GRDH_1SDV_20250521T053603_20250521T053628_059288_075B98_55AD_COG,1,S1A,2025-05-21 05:36:03.401408+00:00,2025-05-21 05:36:28.399703+00:00,descending,66,"[6.200443, 43.5378, 9.851248, 45.444588]",4,4,3,2,11
"S1A|2025-05-22 17:23:17.805099+00:00|2025-05-22 17:23:42.803767+00:00|ascending|88|(5.810023, 43.922081, 9.456192, 45.824566)",S1A_IW_GRDH_1SDV_20250522T172317_20250522T172342_059310_075C59_C233_COG,1,True,S1A_IW_GRDH_1SDV_20250522T172317_20250522T172342_059310_075C59_C233_COG,1,S1A,2025-05-22 17:23:17.805099+00:00,2025-05-22 17:23:42.803767+00:00,ascending,88,"[5.810023, 43.922081, 9.456192, 45.824566]",4,4,3,2,11
"S1A|2025-05-22 17:23:42.805265+00:00|2025-05-22 17:24:07.803934+00:00|ascending|88|(5.36307, 45.420952, 9.128208, 47.320824)",S1A_IW_GRDH_1SDV_20250522T172342_20250522T172407_059310_075C59_DA94_COG,1,True,S1A_IW_GRDH_1SDV_20250522T172342_20250522T172407_059310_075C59_DA94_COG,1,S1A,2025-05-22 17:23:42.805265+00:00,2025-05-22 17:24:07.803934+00:00,ascending,88,"[5.36307, 45.420952, 9.128208, 47.320824]",4,4,3,2,11
"S1A|2025-05-28 05:27:25.541113+00:00|2025-05-28 05:27:50.539048+00:00|descending|168|(8.568958, 44.977692, 12.281524, 46.886936)",S1A_IW_GRDH_1SDV_20250528T052725_20250528T052750_059390_075F2B_40D7_COG,1,True,S1A_IW_GRDH_1SDV_20250528T052725_20250528T052750_059390_075F2B_40D7_COG,1,S1A,2025-05-28 05:27:25.541113+00:00,2025-05-28 05:27:50.539048+00:00,descending,168,"[8.568958, 44.977692, 12.281524, 46.886936]",4,4,3,2,11
"S1A|2025-05-28 05:27:50.540548+00:00|2025-05-28 05:28:15.538483+00:00|descending|168|(8.239541, 43.479134, 11.891146, 45.385208)",S1A_IW_GRDH_1SDV_20250528T052750_20250528T052815_059390_075F2B_22A2_COG,1,True,S1A_IW_GRDH_1SDV_20250528T052750_20250528T052815_059390_075F2B_22A2_COG,1,S1A,2025-05-28 05:27:50.540548+00:00,2025-05-28 05:28:15.538483+00:00,descending,168,"[8.239541, 43.479134, 11.891146, 45.385208]",4,4,3,2,11
"S1A|2025-05-29 17:15:11.299919+00:00|2025-05-29 17:15:36.298545+00:00|ascending|15|(7.748642, 44.362099, 11.406292, 46.266712)",S1A_IW_GRDH_1SDV_20250529T171511_20250529T171536_059412_075FE5_2C8D_COG,1,True,S1A_IW_GRDH_1SDV_20250529T171511_20250529T171536_059412_075FE5_2C8D_COG,1,S1A,2025-05-29 17:15:11.299919+00:00,2025-05-29 17:15:36.298545+00:00,ascending,15,"[7.748642, 44.362099, 11.406292, 46.266712]",4,4,3,2,11
"S1A|2025-06-02 05:35:38.090017+00:00|2025-06-02 05:36:03.088256+00:00|descending|66|(6.524131, 45.037006, 10.232234, 46.947166)",S1A_IW_GRDH_1SDV_20250602T053538_20250602T053603_059463_0761AE_48FF_COG,1,True,S1A_IW_GRDH_1SDV_20250602T053538_20250602T053603_059463_0761AE_48FF_COG,1,S1A,2025-06-02 05:35:38.090017+00:00,2025-06-02 05:36:03.088256+00:00,descending,66,"[6.524131, 45.037006, 10.232234, 46.947166]",4,4,3,2,11
"S1A|2025-06-02 05:36:03.089755+00:00|2025-06-02 05:36:28.087994+00:00|descending|66|(6.199086, 43.537807, 9.849872, 45.444557)",S1A_IW_GRDH_1SDV_20250602T053603_20250602T053628_059463_0761AE_B424_COG,1,True,S1A_IW_GRDH_1SDV_20250602T053603_20250602T053628_059463_0761AE_B424_COG,1,S1A,2025-06-02 05:36:03.089755+00:00,2025-06-02 05:36:28.087994+00:00,descending,66,"[6.199086, 43.537807, 9.849872, 45.444557]",4,4,3,2,11
"S1A|2025-06-03 17:23:17.283856+00:00|2025-06-03 17:23:42.282590+00:00|ascending|88|(5.810457, 43.922089, 9.456741, 45.824577)",S1A_IW_GRDH_1SDV_20250603T172317_20250603T172342_059485_07626B_CD3A_COG,1,True,S1A_IW_GRDH_1SDV_20250603T172317_20250603T172342_059485_07626B_CD3A_COG,1,S1A,2025-06-03 17:23:17.283856+00:00,2025-06-03 17:23:42.282590+00:00,ascending,88,"[5.810457, 43.922089, 9.456741, 45.824577]",4,4,3,2,11
"S1A|2025-06-03 17:23:42.284088+00:00|2025-06-03 17:24:07.282822+00:00|ascending|88|(5.363517, 45.420959, 9.128645, 47.320824)",S1A_IW_GRDH_1SDV_20250603T172342_20250603T172407_059485_07626B_4991_COG,1,True,S1A_IW_GRDH_1SDV_20250603T172342_20250603T172407_059485_07626B_4991_COG,1,S1A,2025-06-03 17:23:42.284088+00:00,2025-06-03 17:24:07.282822+00:00,ascending,88,"[5.363517, 45.420959, 9.128645, 47.320824]",4,4,3,2,11
"S1A|2025-06-09 05:27:24.929679+00:00|2025-06-09 05:27:49.927587+00:00|descending|168|(8.568482, 44.977703, 12.280905, 46.886917)",S1A_IW_GRDH_1SDV_20250609T052724_20250609T052749_059565_076523_9688_COG,1,True,S1A_IW_GRDH_1SDV_20250609T052724_20250609T052749_059565_076523_9688_COG,1,S1A,2025-06-09 05:27:24.929679+00:00,2025-06-09 05:27:49.927587+00:00,descending,168,"[8.568482, 44.977703, 12.280905, 46.886917]",4,4,3,2,11
"S1A|2025-06-09 05:27:49.929087+00:00|2025-06-09 05:28:14.928495+00:00|descending|168|(8.238931, 43.479053, 11.890549, 45.385197)",S1A_IW_GRDH_1SDV_20250609T052749_20250609T052814_059565_076523_E7C3_COG,1,True,S1A_IW_GRDH_1SDV_20250609T052749_20250609T052814_059565_076523_E7C3_COG,1,S1A,2025-06-09 05:27:49.929087+00:00,2025-06-09 05:28:14.928495+00:00,descending,168,"[8.238931, 43.479053, 11.890549, 45.385197]",4,4,3,2,11
"S1A|2025-06-10 17:15:10.601631+00:00|2025-06-10 17:15:35.600268+00:00|ascending|15|(7.749372, 44.362118, 11.406984, 46.266693)",S1A_IW_GRDH_1SDV_20250610T171510_20250610T171535_059587_0765DA_FBB3_COG,1,True,S1A_IW_GRDH_1SDV_20250610T171510_20250610T171535_059587_0765DA_FBB3_COG,1,S1A,2025-06-10 17:15:10.601631+00:00,2025-06-10 17:15:35.600268+00:00,ascending,15,"[7.749372, 44.362118, 11.406984, 46.266693]",4,4,3,2,11
"S1A|2025-06-14 05:35:37.341929+00:00|2025-06-14 05:36:02.340457+00:00|descending|66|(6.523464, 45.037045, 10.231524, 46.947163)",S1A_IW_GRDH_1SDV_20250614T053537_20250614T053602_059638_0767A3_DB37_COG,1,True,S1A_IW_GRDH_1SDV_20250614T053537_20250614T053602_059638_0767A3_DB37_COG,1,S1A,2025-06-14 05:35:37.341929+00:00,2025-06-14 05:36:02.340457+00:00,descending,66,"[6.523464, 45.037045, 10.231524, 46.947163]",4,4,3,2,11
"S1A|2025-06-14 05:36:02.341957+00:00|2025-06-14 05:36:27.340484+00:00|descending|66|(6.198348, 43.537827, 9.849219, 45.444553)",S1A_IW_GRDH_1SDV_20250614T053602_20250614T053627_059638_0767A3_ED4D_COG,1,True,S1A_IW_GRDH_1SDV_20250614T053602_20250614T053627_059638_0767A3_ED4D_COG,1,S1A,2025-06-14 05:36:02.341957+00:00,2025-06-14 05:36:27.340484+00:00,descending,66,"[6.198348, 43.537827, 9.849219, 45.444553]",4,4,3,2,11
"S1A|2025-06-15 17:23:16.622003+00:00|2025-06-15 17:23:41.620734+00:00|ascending|88|(5.811084, 43.922127, 9.457347, 45.824585)",S1A_IW_GRDH_1SDV_20250615T172316_20250615T172341_059660_07685E_E2A2_COG,1,True,S1A_IW_GRDH_1SDV_20250615T172316_20250615T172341_059660_07685E_E2A2_COG,1,S1A,2025-06-15 17:23:16.622003+00:00,2025-06-15 17:23:41.620734+00:00,ascending,88,"[5.811084, 43.922127, 9.457347, 45.824585]",4,4,3,2,11
"S1A|2025-06-15 17:23:41.622233+00:00|2025-06-15 17:24:06.620965+00:00|ascending|88|(5.364174, 45.421001, 9.129282, 47.320831)",S1A_IW_GRDH_1SDV_20250615T172341_20250615T172406_059660_07685E_3E21_COG,1,True,S1A_IW_GRDH_1SDV_20250615T172341_20250615T172406_059660_07685E_3E21_COG,1,S1A,2025-06-15 17:23:41.622233+00:00,2025-06-15 17:24:06.620965+00:00,ascending,88,"[5.364174, 45.421001, 9.129282, 47.320831]",4,4,3,2,11
"S1A|2025-06-21 05:27:24.192381+00:00|2025-06-21 05:27:49.190298+00:00|descending|168|(8.569255, 44.977619, 12.281834, 46.886883)",S1A_IW_GRDH_1SDV_20250621T052724_20250621T052749_059740_076B2D_983C_COG,1,True,S1A_IW_GRDH_1SDV_20250621T052724_20250621T052749_059740_076B2D_983C_COG,1,S1A,2025-06-21 05:27:24.192381+00:00,2025-06-21 05:27:49.190298+00:00,descending,168,"[8.569255, 44.977619, 12.281834, 46.886883]",4,4,3,2,11
"S1A|2025-06-21 05:27:49.191798+00:00|2025-06-21 05:28:14.191215+00:00|descending|168|(8.2398, 43.478973, 11.891434, 45.385155)",S1A_IW_GRDH_1SDV_20250621T052749_20250621T052814_059740_076B2D_84DA_COG,1,True,S1A_IW_GRDH_1SDV_20250621T052749_20250621T052814_059740_076B2D_84DA_COG,1,S1A,2025-06-21 05:27:49.191798+00:00,2025-06-21 05:28:14.191215+00:00,descending,168,"[8.2398, 43.478973, 11.891434, 45.385155]",4,4,3,2,11
"S1A|2025-06-22 17:15:09.974778+00:00|2025-06-22 17:15:34.973426+00:00|ascending|15|(7.748699, 44.362103, 11.40632, 46.266697)",S1A_IW_GRDH_1SDV_20250622T171509_20250622T171534_059762_076BE4_5031_COG,1,True,S1A_IW_GRDH_1SDV_20250622T171509_20250622T171534_059762_076BE4_5031_COG,1,S1A,2025-06-22 17:15:09.974778+00:00,2025-06-22 17:15:34.973426+00:00,ascending,15,"[7.748699, 44.362103, 11.40632, 46.266697]",4,4,3,2,11
"S1A|2025-06-26 05:35:36.818225+00:00|2025-06-26 05:36:01.817916+00:00|descending|66|(6.522343, 45.036942, 10.230429, 46.947105)",S1A_IW_GRDH_1SDV_20250626T053536_20250626T053601_059813_076DB6_F2CA_COG,1,True,S1A_IW_GRDH_1SDV_20250626T053536_20250626T053601_059813_076DB6_F2CA_COG,1,S1A,2025-06-26 05:35:36.818225+00:00,2025-06-26 05:36:01.817916+00:00,descending,66,"[6.522343, 45.036942, 10.230429, 46.947105]",4,4,3,2,11
"S1A|2025-06-26 05:36:01.819416+00:00|2025-06-26 05:36:26.817608+00:00|descending|66|(6.197376, 43.537735, 9.848099, 45.444405)",S1A_IW_GRDH_1SDV_20250626T053601_20250626T053626_059813_076DB6_B913_COG,1,True,S1A_IW_GRDH_1SDV_20250626T053601_20250626T053626_059813_076DB6_B913_COG,1,S1A,2025-06-26 05:36:01.819416+00:00,2025-06-26 05:36:26.817608+00:00,descending,66,"[6.197376, 43.537735, 9.848099, 45.444405]",4,4,3,2,11
"S1A|2025-06-27 17:23:16.112449+00:00|2025-06-27 17:23:41.111213+00:00|ascending|88|(5.811013, 43.922131, 9.457253, 45.82457)",S1A_IW_GRDH_1SDV_20250627T172316_20250627T172341_059835_076E75_F1F6_COG,1,True,S1A_IW_GRDH_1SDV_20250627T172316_20250627T172341_059835_076E75_F1F6_COG,1,S1A,2025-06-27 17:23:16.112449+00:00,2025-06-27 17:23:41.111213+00:00,ascending,88,"[5.811013, 43.922131, 9.457253, 45.82457]",4,4,3,2,11
"S1A|2025-06-27 17:23:41.112711+00:00|2025-06-27 17:24:06.111475+00:00|ascending|88|(5.364133, 45.421009, 9.129216, 47.320816)",S1A_IW_GRDH_1SDV_20250627T172341_20250627T172406_059835_076E75_B3C1_COG,1,True,S1A_IW_GRDH_1SDV_20250627T172341_20250627T172406_059835_076E75_B3C1_COG,1,S1A,2025-06-27 17:23:41.112711+00:00,2025-06-27 17:24:06.111475+00:00,ascending,88,"[5.364133, 45.421009, 9.129216, 47.320816]",4,4,3,2,11
"S1A|2025-07-03 05:27:23.618767+00:00|2025-07-03 05:27:48.618075+00:00|descending|168|(8.569339, 44.977448, 12.28185, 46.886799)",S1A_IW_GRDH_1SDV_20250703T052723_20250703T052748_059915_077146_C603_COG,1,True,S1A_IW_GRDH_1SDV_20250703T052723_20250703T052748_059915_077146_C603_COG,1,S1A,2025-07-03 05:27:23.618767+00:00,2025-07-03 05:27:48.618075+00:00,descending,168,"[8.569339, 44.977448, 12.28185, 46.886799]",4,4,3,2,11
"S1A|2025-07-03 05:27:48.619519+00:00|2025-07-03 05:28:13.617324+00:00|descending|168|(8.239879, 43.478897, 11.891379, 45.384987)",S1A_IW_GRDH_1SDV_20250703T052748_20250703T052813_059915_077146_DD90_COG,1,True,S1A_IW_GRDH_1SDV_20250703T052748_20250703T052813_059915_077146_DD90_COG,1,S1A,2025-07-03 05:27:48.619519+00:00,2025-07-03 05:28:13.617324+00:00,descending,168,"[8.239879, 43.478897, 11.891379, 45.384987]",4,4,3,2,11
"S1A|2025-07-04 17:15:09.257577+00:00|2025-07-04 17:15:34.256278+00:00|ascending|15|(7.748099, 44.361946, 11.405745, 46.26659)",S1A_IW_GRDH_1SDV_20250704T171509_20250704T171534_059937_077200_5B61_COG,1,True,S1A_IW_GRDH_1SDV_20250704T171509_20250704T171534_059937_077200_5B61_COG,1,S1A,2025-07-04 17:15:09.257577+00:00,2025-07-04 17:15:34.256278+00:00,ascending,15,"[7.748099, 44.361946, 11.405745, 46.26659]",4,4,3,2,11
"S1A|2025-07-08 05:35:36.136952+00:00|2025-07-08 05:36:01.135087+00:00|descending|66|(6.522782, 45.036934, 10.230694, 46.947025)",S1A_IW_GRDH_1SDV_20250708T053536_20250708T053601_059988_0773C3_7009_COG,1,True,S1A_IW_GRDH_1SDV_20250708T053536_20250708T053601_059988_0773C3_7009_COG,1,S1A,2025-07-08 05:35:36.136952+00:00,2025-07-08 05:36:01.135087+00:00,descending,66,"[6.522782, 45.036934, 10.230694, 46.947025]",4,4,3,2,11
"S1A|2025-07-08 05:36:01.136587+00:00|2025-07-08 05:36:26.136223+00:00|descending|66|(6.197641, 43.53764, 9.848405, 45.444427)",S1A_IW_GRDH_1SDV_20250708T053601_20250708T053626_059988_0773C3_3313_COG,1,True,S1A_IW_GRDH_1SDV_20250708T053601_20250708T053626_059988_0773C3_3313_COG,1,S1A,2025-07-08 05:36:01.136587+00:00,2025-07-08 05:36:26.136223+00:00,descending,66,"[6.197641, 43.53764, 9.848405, 45.444427]",4,4,3,2,11
"S1A|2025-07-09 17:23:15.407909+00:00|2025-07-09 17:23:40.406511+00:00|ascending|88|(5.811363, 43.922337, 9.4575, 45.824753)",S1A_IW_GRDH_1SDV_20250709T172315_20250709T172340_060010_077485_EC7E_COG,1,True,S1A_IW_GRDH_1SDV_20250709T172315_20250709T172340_060010_077485_EC7E_COG,1,S1A,2025-07-09 17:23:15.407909+00:00,2025-07-09 17:23:40.406511+00:00,ascending,88,"[5.811363, 43.922337, 9.4575, 45.824753]",4,4,3,2,11
"S1A|2025-07-09 17:23:40.408010+00:00|2025-07-09 17:24:05.406611+00:00|ascending|88|(5.364478, 45.421211, 9.129454, 47.320999)",S1A_IW_GRDH_1SDV_20250709T172340_20250709T172405_060010_077485_370F_COG,1,True,S1A_IW_GRDH_1SDV_20250709T172340_20250709T172405_060010_077485_370F_COG,1,S1A,2025-07-09 17:23:40.408010+00:00,2025-07-09 17:24:05.406611+00:00,ascending,88,"[5.364478, 45.421211, 9.129454, 47.320999]",4,4,3,2,11
"S1A|2025-07-15 05:27:23.007607+00:00|2025-07-15 05:27:48.007075+00:00|descending|168|(8.570151, 44.977486, 12.282768, 46.886871)",S1A_IW_GRDH_1SDV_20250715T052723_20250715T052748_060090_077749_C0FF_COG,1,True,S1A_IW_GRDH_1SDV_20250715T052723_20250715T052748_060090_077749_C0FF_COG,1,S1A,2025-07-15 05:27:23.007607+00:00,2025-07-15 05:27:48.007075+00:00,descending,168,"[8.570151, 44.977486, 12.282768, 46.886871]",4,4,3,2,11
"S1A|2025-07-15 05:27:48.008575+00:00|2025-07-15 05:28:13.006543+00:00|descending|168|(8.240688, 43.478931, 11.892316, 45.385052)",S1A_IW_GRDH_1SDV_20250715T052748_20250715T052813_060090_077749_0520_COG,1,True,S1A_IW_GRDH_1SDV_20250715T052748_20250715T052813_060090_077749_0520_COG,1,S1A,2025-07-15 05:27:48.008575+00:00,2025-07-15 05:28:13.006543+00:00,descending,168,"[8.240688, 43.478931, 11.892316, 45.385052]",4,4,3,2,11
"S1A|2025-07-16 17:15:08.687127+00:00|2025-07-16 17:15:33.685682+00:00|ascending|15|(7.748167, 44.362148, 11.405728, 46.266796)",S1A_IW_GRDH_1SDV_20250716T171508_20250716T171533_060112_077801_0775_COG,1,True,S1A_IW_GRDH_1SDV_20250716T171508_20250716T171533_060112_077801_0775_COG,1,S1A,2025-07-16 17:15:08.687127+00:00,2025-07-16 17:15:33.685682+00:00,ascending,15,"[7.748167, 44.362148, 11.405728, 46.266796]",4,4,3,2,11
"S1A|2025-07-20 05:35:35.508084+00:00|2025-07-20 05:36:00.506364+00:00|descending|66|(6.52503, 45.036884, 10.233145, 46.947075)",S1A_IW_GRDH_1SDV_20250720T053535_20250720T053600_060163_0779C8_7E83_COG,1,True,S1A_IW_GRDH_1SDV_20250720T053535_20250720T053600_060163_0779C8_7E83_COG,1,S1A,2025-07-20 05:35:35.508084+00:00,2025-07-20 05:36:00.506364+00:00,descending,66,"[6.52503, 45.036884, 10.233145, 46.947075]",4,4,3,2,11
"S1A|2025-07-20 05:36:00.507919+00:00|2025-07-20 05:36:25.507702+00:00|descending|66|(6.199944, 43.537598, 9.850755, 45.444469)",S1A_IW_GRDH_1SDV_20250720T053600_20250720T053625_060163_0779C8_AD23_COG,1,True,S1A_IW_GRDH_1SDV_20250720T053600_20250720T053625_060163_0779C8_AD23_COG,1,S1A,2025-07-20 05:36:00.507919+00:00,2025-07-20 05:36:25.507702+00:00,descending,66,"[6.199944, 43.537598, 9.850755, 45.444469]",4,4,3,2,11
"S1A|2025-07-21 17:23:14.831042+00:00|2025-07-21 17:23:39.829683+00:00|ascending|88|(5.810467, 43.922268, 9.456643, 45.824745)",S1A_IW_GRDH_1SDV_20250721T172314_20250721T172339_060185_077A86_2EA1_COG,1,True,S1A_IW_GRDH_1SDV_20250721T172314_20250721T172339_060185_077A86_2EA1_COG,1,S1A,2025-07-21 17:23:14.831042+00:00,2025-07-21 17:23:39.829683+00:00,ascending,88,"[5.810467, 43.922268, 9.456643, 45.824745]",4,4,3,2,11
"S1A|2025-07-21 17:23:39.831182+00:00|2025-07-21 17:24:04.828324+00:00|ascending|88|(5.363546, 45.421135, 9.128538, 47.320896)",S1A_IW_GRDH_1SDV_20250721T172339_20250721T172404_060185_077A86_C761_COG,1,True,S1A_IW_GRDH_1SDV_20250721T172339_20250721T172404_060185_077A86_C761_COG,1,S1A,2025-07-21 17:23:39.831182+00:00,2025-07-21 17:24:04.828324+00:00,ascending,88,"[5.363546, 45.421135, 9.128538, 47.320896]",4,4,3,2,11
"S1A|2025-07-27 05:27:22.654801+00:00|2025-07-27 05:27:47.654257+00:00|descending|168|(8.57044, 44.97744, 12.283084, 46.886833)",S1A_IW_GRDH_1SDV_20250727T052722_20250727T052747_060265_077D4D_552A_COG,1,True,S1A_IW_GRDH_1SDV_20250727T052722_20250727T052747_060265_077D4D_552A_COG,1,S1A,2025-07-27 05:27:22.654801+00:00,2025-07-27 05:27:47.654257+00:00,descending,168,"[8.57044, 44.97744, 12.283084, 46.886833]",4,4,3,2,11
"S1A|2025-07-27 05:27:47.655701+00:00|2025-07-27 05:28:12.653655+00:00|descending|168|(8.240967, 43.478889, 11.892601, 45.385021)",S1A_IW_GRDH_1SDV_20250727T052747_20250727T052812_060265_077D4D_2560_COG,1,True,S1A_IW_GRDH_1SDV_20250727T052747_20250727T052812_060265_077D4D_2560_COG,1,S1A,2025-07-27 05:27:47.655701+00:00,2025-07-27 05:28:12.653655+00:00,descending,168,"[8.240967, 43.478889, 11.892601, 45.385021]",4,4,3,2,11
"S1A|2025-07-28 17:15:08.417230+00:00|2025-07-28 17:15:33.415825+00:00|ascending|15|(7.747767, 44.362118, 11.405317, 46.266781)",S1A_IW_GRDH_1SDV_20250728T171508_20250728T171533_060287_077E07_4C7A_COG,1,True,S1A_IW_GRDH_1SDV_20250728T171508_20250728T171533_060287_077E07_4C7A_COG,1,S1A,2025-07-28 17:15:08.417230+00:00,2025-07-28 17:15:33.415825+00:00,ascending,15,"[7.747767, 44.362118, 11.405317, 46.266781]",4,4,3,2,11
"S1A|2025-08-01 05:35:35.253694+00:00|2025-08-01 05:36:00.253463+00:00|descending|66|(6.525814, 45.036713, 10.233968, 46.947044)",S1A_IW_GRDH_1SDV_20250801T053535_20250801T053600_060338_077FCB_C5C7_COG,1,True,S1A_IW_GRDH_1SDV_20250801T053535_20250801T053600_060338_077FCB_C5C7_COG,1,S1A,2025-08-01 05:35:35.253694+00:00,2025-08-01 05:36:00.253463+00:00,descending,66,"[6.525814, 45.036713, 10.233968, 46.947044]",4,4,3,2,11
"S1A|2025-08-01 05:36:00.254963+00:00|2025-08-01 05:36:25.253232+00:00|descending|66|(6.200696, 43.537521, 9.851518, 45.444351)",S1A_IW_GRDH_1SDV_20250801T053600_20250801T053625_060338_077FCB_46B5_COG,1,True,S1A_IW_GRDH_1SDV_20250801T053600_20250801T053625_060338_077FCB_46B5_COG,1,S1A,2025-08-01 05:36:00.254963+00:00,2025-08-01 05:36:25.253232+00:00,descending,66,"[6.200696, 43.537521, 9.851518, 45.444351]",4,4,3,2,11
"S1A|2025-08-02 17:23:14.620765+00:00|2025-08-02 17:23:39.619162+00:00|ascending|88|(5.808553, 43.922096, 9.45456, 45.824604)",S1A_IW_GRDH_1SDV_20250802T172314_20250802T172339_060360_07808C_6261_COG,1,True,S1A_IW_GRDH_1SDV_20250802T172314_20250802T172339_060360_07808C_6261_COG,1,S1A,2025-08-02 17:23:14.620765+00:00,2025-08-02 17:23:39.619162+00:00,ascending,88,"[5.808553, 43.922096, 9.45456, 45.824604]",4,4,3,2,11
"S1A|2025-08-02 17:23:39.620661+00:00|2025-08-02 17:24:04.619058+00:00|ascending|88|(5.361454, 45.420937, 9.126466, 47.320831)",S1A_IW_GRDH_1SDV_20250802T172339_20250802T172404_060360_07808C_9BD3_COG,1,True,S1A_IW_GRDH_1SDV_20250802T172339_20250802T172404_060360_07808C_9BD3_COG,1,S1A,2025-08-02 17:23:39.620661+00:00,2025-08-02 17:24:04.619058+00:00,ascending,88,"[5.361454, 45.420937, 9.126466, 47.320831]",4,4,3,2,11
"S1A|2025-08-08 05:27:22.524330+00:00|2025-08-08 05:27:47.523782+00:00|descending|168|(8.570549, 44.977402, 12.283239, 46.886822)",S1A_IW_GRDH_1SDV_20250808T052722_20250808T052747_060440_078378_286F_COG,1,True,S1A_IW_GRDH_1SDV_20250808T052722_20250808T052747_060440_078378_286F_COG,1,S1A,2025-08-08 05:27:22.524330+00:00,2025-08-08 05:27:47.523782+00:00,descending,168,"[8.570549, 44.977402, 12.283239, 46.886822]",4,4,3,2,11
"S1A|2025-08-08 05:27:47.525281+00:00|2025-08-08 05:28:12.523234+00:00|descending|168|(8.240916, 43.478855, 11.892699, 45.385025)",S1A_IW_GRDH_1SDV_20250808T052747_20250808T052812_060440_078378_AB1B_COG,1,True,S1A_IW_GRDH_1SDV_20250808T052747_20250808T052812_060440_078378_AB1B_COG,1,S1A,2025-08-08 05:27:47.525281+00:00,2025-08-08 05:28:12.523234+00:00,descending,168,"[8.240916, 43.478855, 11.892699, 45.385025]",4,4,3,2,11
"S1A|2025-08-09 17:15:08.324542+00:00|2025-08-09 17:15:33.323164+00:00|ascending|15|(7.747299, 44.362125, 11.40496, 46.266811)",S1A_IW_GRDH_1SDV_20250809T171508_20250809T171533_060462_078450_FBFC_COG,1,True,S1A_IW_GRDH_1SDV_20250809T171508_20250809T171533_060462_078450_FBFC_COG,1,S1A,2025-08-09 17:15:08.324542+00:00,2025-08-09 17:15:33.323164+00:00,ascending,15,"[7.747299, 44.362125, 11.40496, 46.266811]",4,4,3,2,11
"S1A|2025-08-13 05:35:35.185287+00:00|2025-08-13 05:36:00.183606+00:00|descending|66|(6.526288, 45.036777, 10.234607, 46.947048)",S1A_IW_GRDH_1SDV_20250813T053535_20250813T053600_060513_078654_CFFF_COG,1,True,S1A_IW_GRDH_1SDV_20250813T053535_20250813T053600_060513_078654_CFFF_COG,1,S1A,2025-08-13 05:35:35.185287+00:00,2025-08-13 05:36:00.183606+00:00,descending,66,"[6.526288, 45.036777, 10.234607, 46.947048]",4,4,3,2,11
"S1A|2025-08-13 05:36:00.185105+00:00|2025-08-13 05:36:25.183424+00:00|descending|66|(6.201275, 43.53759, 9.852118, 45.444435)",S1A_IW_GRDH_1SDV_20250813T053600_20250813T053625_060513_078654_43D0_COG,1,True,S1A_IW_GRDH_1SDV_20250813T053600_20250813T053625_060513_078654_43D0_COG,1,S1A,2025-08-13 05:36:00.185105+00:00,2025-08-13 05:36:25.183424+00:00,descending,66,"[6.201275, 43.53759, 9.852118, 45.444435]",4,4,3,2,11
"S1A|2025-08-14 17:23:14.580449+00:00|2025-08-14 17:23:39.579186+00:00|ascending|88|(5.807759, 43.922066, 9.454173, 45.824673)",S1A_IW_GRDH_1SDV_20250814T172314_20250814T172339_060535_07872E_1488_COG,1,True,S1A_IW_GRDH_1SDV_20250814T172314_20250814T172339_060535_07872E_1488_COG,1,S1A,2025-08-14 17:23:14.580449+00:00,2025-08-14 17:23:39.579186+00:00,ascending,88,"[5.807759, 43.922066, 9.454173, 45.824673]",4,4,3,2,11
"S1A|2025-08-14 17:23:39.580685+00:00|2025-08-14 17:24:04.579421+00:00|ascending|88|(5.360611, 45.420918, 9.125916, 47.3209)",S1A_IW_GRDH_1SDV_20250814T172339_20250814T172404_060535_07872E_7090_COG,1,True,S1A_IW_GRDH_1SDV_20250814T172339_20250814T172404_060535_07872E_7090_COG,1,S1A,2025-08-14 17:23:39.580685+00:00,2025-08-14 17:24:04.579421+00:00,ascending,88,"[5.360611, 45.420918, 9.125916, 47.3209]",4,4,3,2,11
"S1A|2025-08-20 05:27:22.417379+00:00|2025-08-20 05:27:47.415384+00:00|descending|168|(8.572685, 44.977341, 12.285537, 46.886742)",S1A_IW_GRDH_1SDV_20250820T052722_20250820T052747_060615_078A5B_8532_COG,1,True,S1A_IW_GRDH_1SDV_20250820T052722_20250820T052747_060615_078A5B_8532_COG,1,S1A,2025-08-20 05:27:22.417379+00:00,2025-08-20 05:27:47.415384+00:00,descending,168,"[8.572685, 44.977341, 12.285537, 46.886742]",4,4,3,2,11
"S1A|2025-08-20 05:27:47.416828+00:00|2025-08-20 05:28:12.414829+00:00|descending|168|(8.242979, 43.478802, 11.894814, 45.385056)",S1A_IW_GRDH_1SDV_20250820T052747_20250820T052812_060615_078A5B_4BC1_COG,1,True,S1A_IW_GRDH_1SDV_20250820T052747_20250820T052812_060615_078A5B_4BC1_COG,1,S1A,2025-08-20 05:27:47.416828+00:00,2025-08-20 05:28:12.414829+00:00,descending,168,"[8.242979, 43.478802, 11.894814, 45.385056]",4,4,3,2,11
"S1A|2025-08-21 17:15:08.331773+00:00|2025-08-21 17:15:33.330528+00:00|ascending|15|(7.74559, 44.362011, 11.421923, 46.268635)",S1A_IW_GRDH_1SDV_20250821T171508_20250821T171533_060637_078B34_9328_COG,1,True,S1A_IW_GRDH_1SDV_20250821T171508_20250821T171533_060637_078B34_9328_COG,1,S1A,2025-08-21 17:15:08.331773+00:00,2025-08-21 17:15:33.330528+00:00,ascending,15,"[7.74559, 44.362011, 11.421923, 46.268635]",4,4,3,2,11
"S1A|2025-08-25 05:35:35.418410+00:00|2025-08-25 05:36:00.416692+00:00|descending|66|(6.52621, 45.036705, 10.234374, 46.946972)",S1A_IW_GRDH_1SDV_20250825T053535_20250825T053600_060688_078D39_F4AB_COG,1,True,S1A_IW_GRDH_1SDV_20250825T053535_20250825T053600_060688_078D39_F4AB_COG,1,S1A,2025-08-25 05:35:35.418410+00:00,2025-08-25 05:36:00.416692+00:00,descending,66,"[6.52621, 45.036705, 10.234374, 46.946972]",4,4,3,2,11
"S1A|2025-08-25 05:36:00.418136+00:00|2025-08-25 05:36:25.417915+00:00|descending|66|(6.201044, 43.53743, 9.851909, 45.444378)",S1A_IW_GRDH_1SDV_20250825T053600_20250825T053625_060688_078D39_F085_COG,1,True,S1A_IW_GRDH_1SDV_20250825T053600_20250825T053625_060688_078D39_F085_COG,1,S1A,2025-08-25 05:36:00.418136+00:00,2025-08-25 05:36:25.417915+00:00,descending,66,"[6.201044, 43.53743, 9.851909, 45.444378]",4,4,3,2,11
"S1A|2025-08-26 17:23:14.763260+00:00|2025-08-26 17:23:39.762002+00:00|ascending|88|(5.807712, 43.92207, 9.454125, 45.82468)",S1A_IW_GRDH_1SDV_20250826T172314_20250826T172339_060710_078E13_CF79_COG,1,True,S1A_IW_GRDH_1SDV_20250826T172314_20250826T172339_060710_078E13_CF79_COG,1,S1A,2025-08-26 17:23:14.763260+00:00,2025-08-26 17:23:39.762002+00:00,ascending,88,"[5.807712, 43.92207, 9.454125, 45.82468]",4,4,3,2,11
"S1A|2025-08-26 17:23:39.763500+00:00|2025-08-26 17:24:04.762242+00:00|ascending|88|(5.360564, 45.420925, 9.125868, 47.320908)",S1A_IW_GRDH_1SDV_20250826T172339_20250826T172404_060710_078E13_B308_COG,1,True,S1A_IW_GRDH_1SDV_20250826T172339_20250826T172404_060710_078E13_B308_COG,1,S1A,2025-08-26 17:23:39.763500+00:00,2025-08-26 17:24:04.762242+00:00,ascending,88,"[5.360564, 45.420925, 9.125868, 47.320908]",4,4,3,2,11
"S1A|2025-09-01 05:27:22.689556+00:00|2025-09-01 05:27:47.687845+00:00|descending|168|(8.573365, 44.977264, 12.286671, 46.886715)",S1A_IW_GRDH_1SDV_20250901T052722_20250901T052747_060790_07913E_7AED_COG,1,True,S1A_IW_GRDH_1SDV_20250901T052722_20250901T052747_060790_07913E_7AED_COG,1,S1A,2025-09-01 05:27:22.689556+00:00,2025-09-01 05:27:47.687845+00:00,descending,168,"[8.573365, 44.977264, 12.286671, 46.886715]",4,4,3,2,11
"S1A|2025-09-01 05:27:47.689345+00:00|2025-09-01 05:28:12.687633+00:00|descending|168|(8.243579, 43.47871, 11.895472, 45.385052)",S1A_IW_GRDH_1SDV_20250901T052747_20250901T052812_060790_07913E_28B5_COG,1,True,S1A_IW_GRDH_1SDV_20250901T052747_20250901T052812_060790_07913E_28B5_COG,1,S1A,2025-09-01 05:27:47.689345+00:00,2025-09-01 05:28:12.687633+00:00,descending,168,"[8.243579, 43.47871, 11.895472, 45.385052]",4,4,3,2,11
"S1A|2025-09-02 17:15:08.421746+00:00|2025-09-02 17:15:33.418929+00:00|ascending|15|(7.743996, 44.362003, 11.4024, 46.266674)",S1A_IW_GRDH_1SDV_20250902T171508_20250902T171533_060812_07921D_08D0_COG,1,True,S1A_IW_GRDH_1SDV_20250902T171508_20250902T171533_060812_07921D_08D0_COG,1,S1A,2025-09-02 17:15:08.421746+00:00,2025-09-02 17:15:33.418929+00:00,ascending,15,"[7.743996, 44.362003, 11.4024, 46.266674]",4,4,3,2,11
"S1A|2025-09-06 05:35:35.448980+00:00|2025-09-06 05:36:00.448904+00:00|descending|66|(6.527933, 45.036713, 10.236373, 46.947155)",S1A_IW_GRDH_1SDV_20250906T053535_20250906T053600_060863_079427_7E1D_COG,1,True,S1A_IW_GRDH_1SDV_20250906T053535_20250906T053600_060863_079427_7E1D_COG,1,S1A,2025-09-06 05:35:35.448980+00:00,2025-09-06 05:36:00.448904+00:00,descending,66,"[6.527933, 45.036713, 10.236373, 46.947155]",4,4,3,2,11
"S1A|2025-09-06 05:36:00.450349+00:00|2025-09-06 05:36:25.448771+00:00|descending|66|(6.202722, 43.537533, 9.853874, 45.444466)",S1A_IW_GRDH_1SDV_20250906T053600_20250906T053625_060863_079427_0677_COG,1,True,S1A_IW_GRDH_1SDV_20250906T053600_20250906T053625_060863_079427_0677_COG,1,S1A,2025-09-06 05:36:00.450349+00:00,2025-09-06 05:36:25.448771+00:00,descending,66,"[6.202722, 43.537533, 9.853874, 45.444466]",4,4,3,2,11
"S1A|2025-09-07 17:23:15.030808+00:00|2025-09-07 17:23:40.029585+00:00|ascending|88|(5.807526, 43.922092, 9.454081, 45.824722)",S1A_IW_GRDH_1SDV_20250907T172315_20250907T172340_060885_079505_303A_COG,1,True,S1A_IW_GRDH_1SDV_20250907T172315_20250907T172340_060885_079505_303A_COG,1,S1A,2025-09-07 17:23:15.030808+00:00,2025-09-07 17:23:40.029585+00:00,ascending,88,"[5.807526, 43.922092, 9.454081, 45.824722]",4,4,3,2,11
"S1A|2025-09-07 17:23:40.031083+00:00|2025-09-07 17:24:05.028362+00:00|ascending|88|(5.360384, 45.420944, 9.125808, 47.320858)",S1A_IW_GRDH_1SDV_20250907T172340_20250907T172405_060885_079505_EAC6_COG,1,True,S1A_IW_GRDH_1SDV_20250907T172340_20250907T172405_060885_079505_EAC6_COG,1,S1A,2025-09-07 17:23:40.031083+00:00,2025-09-07 17:24:05.028362+00:00,ascending,88,"[5.360384, 45.420944, 9.125808, 47.320858]",4,4,3,2,11
"S1A|2025-09-13 05:27:23.153749+00:00|2025-09-13 05:27:48.151835+00:00|descending|168|(8.573159, 44.977268, 12.286592, 46.886753)",S1A_IW_GRDH_1SDV_20250913T052723_20250913T052748_060965_07983E_D7A2_COG,1,True,S1A_IW_GRDH_1SDV_20250913T052723_20250913T052748_060965_07983E_D7A2_COG,1,S1A,2025-09-13 05:27:23.153749+00:00,2025-09-13 05:27:48.151835+00:00,descending,168,"[8.573159, 44.977268, 12.286592, 46.886753]",4,4,3,2,11
"S1A|2025-09-13 05:27:48.153335+00:00|2025-09-13 05:28:13.151420+00:00|descending|168|(8.243346, 43.478737, 11.895385, 45.385105)",S1A_IW_GRDH_1SDV_20250913T052748_20250913T052813_060965_07983E_A1A5_COG,1,True,S1A_IW_GRDH_1SDV_20250913T052748_20250913T052813_060965_07983E_A1A5_COG,1,S1A,2025-09-13 05:27:48.153335+00:00,2025-09-13 05:28:13.151420+00:00,descending,168,"[8.243346, 43.478737, 11.895385, 45.385105]",4,4,3,2,11
"S1A|2025-09-14 17:15:08.879615+00:00|2025-09-14 17:15:33.878363+00:00|ascending|15|(7.742129, 44.36187, 11.400725, 46.266689)",S1A_IW_GRDH_1SDV_20250914T171508_20250914T171533_060987_079920_CA9C_COG,1,True,S1A_IW_GRDH_1SDV_20250914T171508_20250914T171533_060987_079920_CA9C_COG,1,S1A,2025-09-14 17:15:08.879615+00:00,2025-09-14 17:15:33.878363+00:00,ascending,15,"[7.742129, 44.36187, 11.400725, 46.266689]",4,4,3,2,11
"S1A|2025-09-18 05:35:35.825131+00:00|2025-09-18 05:36:00.823569+00:00|descending|66|(6.528504, 45.036697, 10.236961, 46.947109)",S1A_IW_GRDH_1SDV_20250918T053535_20250918T053600_061038_079B2F_4BBA_COG,1,True,S1A_IW_GRDH_1SDV_20250918T053535_20250918T053600_061038_079B2F_4BBA_COG,1,S1A,2025-09-18 05:35:35.825131+00:00,2025-09-18 05:36:00.823569+00:00,descending,66,"[6.528504, 45.036697, 10.236961, 46.947109]",4,4,3,2,11
"S1A|2025-09-18 05:36:00.825069+00:00|2025-09-18 05:36:25.823508+00:00|descending|66|(6.203108, 43.537521, 9.854432, 45.444523)",S1A_IW_GRDH_1SDV_20250918T053600_20250918T053625_061038_079B2F_933C_COG,1,True,S1A_IW_GRDH_1SDV_20250918T053600_20250918T053625_061038_079B2F_933C_COG,1,S1A,2025-09-18 05:36:00.825069+00:00,2025-09-18 05:36:25.823508+00:00,descending,66,"[6.203108, 43.537521, 9.854432, 45.444523]",4,4,3,2,11
"S1A|2025-09-19 17:23:15.338379+00:00|2025-09-19 17:23:40.337260+00:00|ascending|88|(5.806347, 43.921917, 9.453177, 45.824627)",S1A_IW_GRDH_1SDV_20250919T172315_20250919T172340_061060_079C09_E83C_COG,1,True,S1A_IW_GRDH_1SDV_20250919T172315_20250919T172340_061060_079C09_E83C_COG,1,S1A,2025-09-19 17:23:15.338379+00:00,2025-09-19 17:23:40.337260+00:00,ascending,88,"[5.806347, 43.921917, 9.453177, 45.824627]",4,4,3,2,11
"S1A|2025-09-19 17:23:40.338732+00:00|2025-09-19 17:24:05.337611+00:00|ascending|88|(5.358959, 45.420761, 9.124733, 47.320812)",S1A_IW_GRDH_1SDV_20250919T172340_20250919T172405_061060_079C09_4DCF_COG,1,True,S1A_IW_GRDH_1SDV_20250919T172340_20250919T172405_061060_079C09_4DCF_COG,1,S1A,2025-09-19 17:23:40.338732+00:00,2025-09-19 17:24:05.337611+00:00,ascending,88,"[5.358959, 45.420761, 9.124733, 47.320812]",4,4,3,2,11
"S1A|2025-09-25 05:27:23.173877+00:00|2025-09-25 05:27:48.171968+00:00|descending|168|(8.57387, 44.977303, 12.287612, 46.886749)",S1A_IW_GRDH_1SDV_20250925T052723_20250925T052748_061140_079F46_29B0_COG,1,True,S1A_IW_GRDH_1SDV_20250925T052723_20250925T052748_061140_079F46_29B0_COG,1,S1A,2025-09-25 05:27:23.173877+00:00,2025-09-25 05:27:48.171968+00:00,descending,168,"[8.57387, 44.977303, 12.287612, 46.886749]",4,4,3,2,11
"S1A|2025-09-25 05:27:48.173467+00:00|2025-09-25 05:28:13.171558+00:00|descending|168|(8.244207, 43.478771, 11.89623, 45.385105)",S1A_IW_GRDH_1SDV_20250925T052748_20250925T052813_061140_079F46_4257_COG,1,True,S1A_IW_GRDH_1SDV_20250925T052748_20250925T052813_061140_079F46_4257_COG,1,S1A,2025-09-25 05:27:48.173467+00:00,2025-09-25 05:28:13.171558+00:00,descending,168,"[8.244207, 43.478771, 11.89623, 45.385105]",4,4,3,2,11
"S1A|2025-09-26 17:15:04.386371+00:00|2025-09-26 17:15:36.836522+00:00|ascending|15|(7.741314, 44.097477, 11.359644, 46.435089)",S1A_IW_GRDH_1SDV_20250926T171504_20250926T171536_061162_07A027_38A5_COG,1,True,S1A_IW_GRDH_1SDV_20250926T171504_20250926T171536_061162_07A027_38A5_COG,1,S1A,2025-09-26 17:15:04.386371+00:00,2025-09-26 17:15:36.836522+00:00,ascending,15,"[7.741314, 44.097477, 11.359644, 46.435089]",4,4,3,2,11
"S1A|2025-09-26 17:15:08.869330+00:00|2025-09-26 17:15:33.868116+00:00|ascending|15|(7.743872, 44.361877, 11.402405, 46.266682)",S1A_IW_GRDH_1SDV_20250926T171508_20250926T171533_061162_07A027_FF91_COG,1,True,S1A_IW_GRDH_1SDV_20250926T171508_20250926T171533_061162_07A027_FF91_COG,1,S1A,2025-09-26 17:15:08.869330+00:00,2025-09-26 17:15:33.868116+00:00,ascending,15,"[7.743872, 44.361877, 11.402405, 46.266682]",4,4,3,2,11
"S1A|2025-09-26 17:15:29.208455+00:00|2025-09-26 17:16:01.653178+00:00|ascending|15|(7.291328, 45.588005, 11.044007, 47.919518)",S1A_IW_GRDH_1SDV_20250926T171529_20250926T171601_061162_07A027_EFED_COG,1,True,S1A_IW_GRDH_1SDV_20250926T171529_20250926T171601_061162_07A027_EFED_COG,1,S1A,2025-09-26 17:15:29.208455+00:00,2025-09-26 17:16:01.653178+00:00,ascending,15,"[7.291328, 45.588005, 11.044007, 47.919518]",4,4,3,2,11
"S1A|2025-09-30 05:35:35.921921+00:00|2025-09-30 05:36:00.920324+00:00|descending|66|(6.529156, 45.036602, 10.237647, 46.947044)",S1A_IW_GRDH_1SDV_20250930T053535_20250930T053600_061213_07A23B_A441_COG,1,True,S1A_IW_GRDH_1SDV_20250930T053535_20250930T053600_061213_07A23B_A441_COG,1,S1A,2025-09-30 05:35:35.921921+00:00,2025-09-30 05:36:00.920324+00:00,descending,66,"[6.529156, 45.036602, 10.237647, 46.947044]",4,4,3,2,11
"S1A|2025-09-30 05:36:00.921824+00:00|2025-09-30 05:36:25.920226+00:00|descending|66|(6.203845, 43.53743, 9.855069, 45.444447)",S1A_IW_GRDH_1SDV_20250930T053600_20250930T053625_061213_07A23B_FB72_COG,1,True,S1A_IW_GRDH_1SDV_20250930T053600_20250930T053625_061213_07A23B_FB72_COG,1,S1A,2025-09-30 05:36:00.921824+00:00,2025-09-30 05:36:25.920226+00:00,descending,66,"[6.203845, 43.53743, 9.855069, 45.444447]",4,4,3,2,11
"S1B|2016-09-30 05:26:29.229591+00:00|2016-09-30 05:26:54.227418+00:00|descending|168|(8.351551, 43.99036, 12.009457, 45.89135)",S1B_IW_GRDH_1SDV_20160930T052629_20160930T052654_002294_003E0C_0CCA_COG,1,True,S1B_IW_GRDH_1SDV_20160930T052629_20160930T052654_002294_003E0C_0CCA_COG,1,S1B,2016-09-30 05:26:29.229591+00:00,2016-09-30 05:26:54.227418+00:00,descending,168,"[8.351551, 43.99036, 12.009457, 45.89135]",4,4,3,2,11
"S1B|2017-04-03 05:34:25.975795+00:00|2017-04-03 05:34:50.974592+00:00|descending|66|(6.530524, 44.814861, 10.146677, 46.715935)",S1B_IW_GRDH_1SDV_20170403T053425_20170403T053450_004992_008BB2_167E_COG,1,True,S1B_IW_GRDH_1SDV_20170403T053425_20170403T053450_004992_008BB2_167E_COG,1,S1B,2017-04-03 05:34:25.975795+00:00,2017-04-03 05:34:50.974592+00:00,descending,66,"[6.530524, 44.814861, 10.146677, 46.715935]",4,4,3,2,11
"S1B|2017-04-03 05:34:50.976117+00:00|2017-04-03 05:35:15.973419+00:00|descending|66|(6.209477, 43.314903, 9.764807, 45.213409)",S1B_IW_GRDH_1SDV_20170403T053450_20170403T053515_004992_008BB2_4958_COG,1,True,S1B_IW_GRDH_1SDV_20170403T053450_20170403T053515_004992_008BB2_4958_COG,1,S1B,2017-04-03 05:34:50.976117+00:00,2017-04-03 05:35:15.973419+00:00,descending,66,"[6.209477, 43.314903, 9.764807, 45.213409]",4,4,3,2,11
"S1B|2017-04-04 17:21:57.013281+00:00|2017-04-04 17:22:22.011127+00:00|ascending|88|(5.882033, 43.639542, 9.473387, 45.544945)",S1B_IW_GRDH_1SDV_20170404T172157_20170404T172222_005014_008C4A_D122_COG,1,True,S1B_IW_GRDH_1SDV_20170404T172157_20170404T172222_005014_008C4A_D122_COG,1,S1B,2017-04-04 17:21:57.013281+00:00,2017-04-04 17:22:22.011127+00:00,ascending,88,"[5.882033, 43.639542, 9.473387, 45.544945]",4,4,3,2,11
"S1B|2017-04-04 17:22:22.012641+00:00|2017-04-04 17:22:47.011983+00:00|ascending|88|(5.42703, 45.142288, 9.172361, 47.040272)",S1B_IW_GRDH_1SDV_20170404T172222_20170404T172247_005014_008C4A_F7B2_COG,1,True,S1B_IW_GRDH_1SDV_20170404T172222_20170404T172247_005014_008C4A_F7B2_COG,1,S1B,2017-04-04 17:22:22.012641+00:00,2017-04-04 17:22:47.011983+00:00,ascending,88,"[5.42703, 45.142288, 9.172361, 47.040272]",4,4,3,2,11
"S1B|2017-04-10 05:26:21.217174+00:00|2017-04-10 05:26:46.216301+00:00|descending|168|(8.486456, 44.291286, 12.082762, 46.187508)",S1B_IW_GRDH_1SDV_20170410T052621_20170410T052646_005094_008E9F_4080_COG,1,True,S1B_IW_GRDH_1SDV_20170410T052621_20170410T052646_005094_008E9F_4080_COG,1,S1B,2017-04-10 05:26:21.217174+00:00,2017-04-10 05:26:46.216301+00:00,descending,168,"[8.486456, 44.291286, 12.082762, 46.187508]",4,4,3,2,11
"S1B|2017-04-11 17:13:42.761515+00:00|2017-04-11 17:14:07.759621+00:00|ascending|15|(7.911784, 43.593567, 11.568089, 45.501644)",S1B_IW_GRDH_1SDV_20170411T171342_20170411T171407_005116_008F3A_019E_COG,1,True,S1B_IW_GRDH_1SDV_20170411T171342_20170411T171407_005116_008F3A_019E_COG,1,S1B,2017-04-11 17:13:42.761515+00:00,2017-04-11 17:14:07.759621+00:00,ascending,15,"[7.911784, 43.593567, 11.568089, 45.501644]",4,4,3,2,11
"S1B|2017-04-11 17:14:07.761122+00:00|2017-04-11 17:14:32.760725+00:00|ascending|15|(7.517663, 45.093021, 11.243987, 47.003277)",S1B_IW_GRDH_1SDV_20170411T171407_20170411T171432_005116_008F3A_2301_COG,1,True,S1B_IW_GRDH_1SDV_20170411T171407_20170411T171432_005116_008F3A_2301_COG,1,S1B,2017-04-11 17:14:07.761122+00:00,2017-04-11 17:14:32.760725+00:00,ascending,15,"[7.517663, 45.093021, 11.243987, 47.003277]",4,4,3,2,11
"S1B|2017-04-15 05:34:26.417352+00:00|2017-04-15 05:34:51.416227+00:00|descending|66|(6.53018, 44.814877, 10.146525, 46.715973)",S1B_IW_GRDH_1SDV_20170415T053426_20170415T053451_005167_0090B0_C727_COG,1,True,S1B_IW_GRDH_1SDV_20170415T053426_20170415T053451_005167_0090B0_C727_COG,1,S1B,2017-04-15 05:34:26.417352+00:00,2017-04-15 05:34:51.416227+00:00,descending,66,"[6.53018, 44.814877, 10.146525, 46.715973]",4,4,3,2,11
"S1B|2017-04-15 05:34:51.417728+00:00|2017-04-15 05:35:16.416603+00:00|descending|66|(6.209264, 43.314827, 9.764748, 45.213425)",S1B_IW_GRDH_1SDV_20170415T053451_20170415T053516_005167_0090B0_66A4_COG,1,True,S1B_IW_GRDH_1SDV_20170415T053451_20170415T053516_005167_0090B0_66A4_COG,1,S1B,2017-04-15 05:34:51.417728+00:00,2017-04-15 05:35:16.416603+00:00,descending,66,"[6.209264, 43.314827, 9.764748, 45.213425]",4,4,3,2,11
"S1B|2017-04-16 17:21:57.517994+00:00|2017-04-16 17:22:22.517157+00:00|ascending|88|(5.882317, 43.639706, 9.473475, 45.545162)",S1B_IW_GRDH_1SDV_20170416T172157_20170416T172222_005189_00914B_08FE_COG,1,True,S1B_IW_GRDH_1SDV_20170416T172157_20170416T172222_005189_00914B_08FE_COG,1,S1B,2017-04-16 17:21:57.517994+00:00,2017-04-16 17:22:22.517157+00:00,ascending,88,"[5.882317, 43.639706, 9.473475, 45.545162]",4,4,3,2,11
"S1B|2017-04-16 17:22:22.518653+00:00|2017-04-16 17:22:47.516319+00:00|ascending|88|(5.427343, 45.14254, 9.172409, 47.040394)",S1B_IW_GRDH_1SDV_20170416T172222_20170416T172247_005189_00914B_819D_COG,1,True,S1B_IW_GRDH_1SDV_20170416T172222_20170416T172247_005189_00914B_819D_COG,1,S1B,2017-04-16 17:22:22.518653+00:00,2017-04-16 17:22:47.516319+00:00,ascending,88,"[5.427343, 45.14254, 9.172409, 47.040394]",4,4,3,2,11
"S1B|2017-04-22 05:26:21.869235+00:00|2017-04-22 05:26:46.868375+00:00|descending|168|(8.486796, 44.291245, 12.083116, 46.187492)",S1B_IW_GRDH_1SDV_20170422T052621_20170422T052646_005269_0093AC_9D35_COG,1,True,S1B_IW_GRDH_1SDV_20170422T052621_20170422T052646_005269_0093AC_9D35_COG,1,S1B,2017-04-22 05:26:21.869235+00:00,2017-04-22 05:26:46.868375+00:00,descending,168,"[8.486796, 44.291245, 12.083116, 46.187492]",4,4,3,2,11
"S1B|2017-04-23 17:13:43.424758+00:00|2017-04-23 17:14:08.422880+00:00|ascending|15|(7.911365, 43.593571, 11.567673, 45.501648)",S1B_IW_GRDH_1SDV_20170423T171343_20170423T171408_005291_00944C_2F57_COG,1,True,S1B_IW_GRDH_1SDV_20170423T171343_20170423T171408_005291_00944C_2F57_COG,1,S1B,2017-04-23 17:13:43.424758+00:00,2017-04-23 17:14:08.422880+00:00,ascending,15,"[7.911365, 43.593571, 11.567673, 45.501648]",4,4,3,2,11
"S1B|2017-04-23 17:14:08.424400+00:00|2017-04-23 17:14:33.424021+00:00|ascending|15|(7.517243, 45.093029, 11.243695, 47.003296)",S1B_IW_GRDH_1SDV_20170423T171408_20170423T171433_005291_00944C_7342_COG,1,True,S1B_IW_GRDH_1SDV_20170423T171408_20170423T171433_005291_00944C_7342_COG,1,S1B,2017-04-23 17:14:08.424400+00:00,2017-04-23 17:14:33.424021+00:00,ascending,15,"[7.517243, 45.093029, 11.243695, 47.003296]",4,4,3,2,11
"S1B|2017-04-27 05:34:26.868064+00:00|2017-04-27 05:34:51.866925+00:00|descending|66|(6.529325, 44.814968, 10.145379, 46.715996)",S1B_IW_GRDH_1SDV_20170427T053426_20170427T053451_005342_0095D4_CD42_COG,1,True,S1B_IW_GRDH_1SDV_20170427T053426_20170427T053451_005342_0095D4_CD42_COG,1,S1B,2017-04-27 05:34:26.868064+00:00,2017-04-27 05:34:51.866925+00:00,descending,66,"[6.529325, 44.814968, 10.145379, 46.715996]",4,4,3,2,11
"S1B|2017-04-27 05:34:51.868451+00:00|2017-04-27 05:35:16.867315+00:00|descending|66|(6.208317, 43.314915, 9.763774, 45.213448)",S1B_IW_GRDH_1SDV_20170427T053451_20170427T053516_005342_0095D4_A3D6_COG,1,True,S1B_IW_GRDH_1SDV_20170427T053451_20170427T053516_005342_0095D4_A3D6_COG,1,S1B,2017-04-27 05:34:51.868451+00:00,2017-04-27 05:35:16.867315+00:00,descending,66,"[6.208317, 43.314915, 9.763774, 45.213448]",4,4,3,2,11
"S1B|2017-04-28 17:21:57.998675+00:00|2017-04-28 17:22:22.997875+00:00|ascending|88|(5.883558, 43.639782, 9.474791, 45.545193)",S1B_IW_GRDH_1SDV_20170428T172157_20170428T172222_005364_00966C_CBE5_COG,1,True,S1B_IW_GRDH_1SDV_20170428T172157_20170428T172222_005364_00966C_CBE5_COG,1,S1B,2017-04-28 17:21:57.998675+00:00,2017-04-28 17:22:22.997875+00:00,ascending,88,"[5.883558, 43.639782, 9.474791, 45.545193]",4,4,3,2,11
"S1B|2017-04-28 17:22:22.999388+00:00|2017-04-28 17:22:47.997094+00:00|ascending|88|(5.429095, 45.142624, 9.173795, 47.040478)",S1B_IW_GRDH_1SDV_20170428T172222_20170428T172247_005364_00966C_474D_COG,1,True,S1B_IW_GRDH_1SDV_20170428T172222_20170428T172247_005364_00966C_474D_COG,1,S1B,2017-04-28 17:22:22.999388+00:00,2017-04-28 17:22:47.997094+00:00,ascending,88,"[5.429095, 45.142624, 9.173795, 47.040478]",4,4,3,2,11
"S1B|2017-05-04 05:26:22.466687+00:00|2017-05-04 05:26:47.466010+00:00|descending|168|(8.487611, 44.291199, 12.08404, 46.187519)",S1B_IW_GRDH_1SDV_20170504T052622_20170504T052647_005444_0098B2_C2E5_COG,1,True,S1B_IW_GRDH_1SDV_20170504T052622_20170504T052647_005444_0098B2_C2E5_COG,1,S1B,2017-05-04 05:26:22.466687+00:00,2017-05-04 05:26:47.466010+00:00,descending,168,"[8.487611, 44.291199, 12.08404, 46.187519]",4,4,3,2,11
"S1B|2017-05-05 17:13:44.064755+00:00|2017-05-05 17:14:09.062764+00:00|ascending|15|(7.910609, 43.593662, 11.566835, 45.501766)",S1B_IW_GRDH_1SDV_20170505T171344_20170505T171409_005466_009944_58FE_COG,1,True,S1B_IW_GRDH_1SDV_20170505T171344_20170505T171409_005466_009944_58FE_COG,1,S1B,2017-05-05 17:13:44.064755+00:00,2017-05-05 17:14:09.062764+00:00,ascending,15,"[7.910609, 43.593662, 11.566835, 45.501766]",4,4,3,2,11
"S1B|2017-05-05 17:14:09.064264+00:00|2017-05-05 17:14:34.063770+00:00|ascending|15|(7.51644, 45.093113, 11.242808, 47.003407)",S1B_IW_GRDH_1SDV_20170505T171409_20170505T171434_005466_009944_51E6_COG,1,True,S1B_IW_GRDH_1SDV_20170505T171409_20170505T171434_005466_009944_51E6_COG,1,S1B,2017-05-05 17:14:09.064264+00:00,2017-05-05 17:14:34.063770+00:00,ascending,15,"[7.51644, 45.093113, 11.242808, 47.003407]",4,4,3,2,11
"S1B|2017-05-09 05:34:32.118035+00:00|2017-05-09 05:34:57.116338+00:00|descending|66|(6.416989, 44.546028, 10.083649, 46.448589)",S1B_IW_GRDH_1SDV_20170509T053432_20170509T053457_005517_009AA9_34B8_COG,1,True,S1B_IW_GRDH_1SDV_20170509T053432_20170509T053457_005517_009AA9_34B8_COG,1,S1B,2017-05-09 05:34:32.118035+00:00,2017-05-09 05:34:57.116338+00:00,descending,66,"[6.416989, 44.546028, 10.083649, 46.448589]",4,4,3,2,11
"S1B|2017-05-10 17:21:58.604162+00:00|2017-05-10 17:22:23.603247+00:00|ascending|88|(5.883881, 43.639977, 9.474847, 45.545349)",S1B_IW_GRDH_1SDV_20170510T172158_20170510T172223_005539_009B3B_113E_COG,1,True,S1B_IW_GRDH_1SDV_20170510T172158_20170510T172223_005539_009B3B_113E_COG,1,S1B,2017-05-10 17:21:58.604162+00:00,2017-05-10 17:22:23.603247+00:00,ascending,88,"[5.883881, 43.639977, 9.474847, 45.545349]",4,4,3,2,11
"S1B|2017-05-10 17:22:23.604742+00:00|2017-05-10 17:22:48.602331+00:00|ascending|88|(5.429432, 45.142818, 9.17388, 47.04063)",S1B_IW_GRDH_1SDV_20170510T172223_20170510T172248_005539_009B3B_2197_COG,1,True,S1B_IW_GRDH_1SDV_20170510T172223_20170510T172248_005539_009B3B_2197_COG,1,S1B,2017-05-10 17:22:23.604742+00:00,2017-05-10 17:22:48.602331+00:00,ascending,88,"[5.429432, 45.142818, 9.17388, 47.04063]",4,4,3,2,11
"S1B|2017-05-16 05:26:28.073490+00:00|2017-05-16 05:26:53.071106+00:00|descending|168|(8.351909, 43.990269, 12.009613, 45.891273)",S1B_IW_GRDH_1SDV_20170516T052628_20170516T052653_005619_009D73_3DD8_COG,1,True,S1B_IW_GRDH_1SDV_20170516T052628_20170516T052653_005619_009D73_3DD8_COG,1,S1B,2017-05-16 05:26:28.073490+00:00,2017-05-16 05:26:53.071106+00:00,descending,168,"[8.351909, 43.990269, 12.009613, 45.891273]",4,4,3,2,11
"S1B|2017-05-17 17:13:44.650331+00:00|2017-05-17 17:14:09.649909+00:00|ascending|15|(7.910715, 43.593544, 11.567087, 45.501755)",S1B_IW_GRDH_1SDV_20170517T171344_20170517T171409_005641_009E0D_072D_COG,1,True,S1B_IW_GRDH_1SDV_20170517T171344_20170517T171409_005641_009E0D_072D_COG,1,S1B,2017-05-17 17:13:44.650331+00:00,2017-05-17 17:14:09.649909+00:00,ascending,15,"[7.910715, 43.593544, 11.567087, 45.501755]",4,4,3,2,11
"S1B|2017-05-17 17:14:09.651408+00:00|2017-05-17 17:14:34.649489+00:00|ascending|15|(7.516567, 45.093082, 11.243038, 47.003307)",S1B_IW_GRDH_1SDV_20170517T171409_20170517T171434_005641_009E0D_7CE7_COG,1,True,S1B_IW_GRDH_1SDV_20170517T171409_20170517T171434_005641_009E0D_7CE7_COG,1,S1B,2017-05-17 17:14:09.651408+00:00,2017-05-17 17:14:34.649489+00:00,ascending,15,"[7.516567, 45.093082, 11.243038, 47.003307]",4,4,3,2,11
"S1B|2017-05-21 05:34:32.763879+00:00|2017-05-21 05:34:57.762021+00:00|descending|66|(6.417467, 44.546005, 10.084151, 46.448586)",S1B_IW_GRDH_1SDV_20170521T053432_20170521T053457_005692_009F8E_DC16_COG,1,True,S1B_IW_GRDH_1SDV_20170521T053432_20170521T053457_005692_009F8E_DC16_COG,1,S1B,2017-05-21 05:34:32.763879+00:00,2017-05-21 05:34:57.762021+00:00,descending,66,"[6.417467, 44.546005, 10.084151, 46.448586]",4,4,3,2,11
"S1B|2017-05-22 17:21:59.259445+00:00|2017-05-22 17:22:24.258639+00:00|ascending|88|(5.883367, 43.639812, 9.474434, 45.545216)",S1B_IW_GRDH_1SDV_20170522T172159_20170522T172224_005714_00A028_E5B1_COG,1,True,S1B_IW_GRDH_1SDV_20170522T172159_20170522T172224_005714_00A028_E5B1_COG,1,S1B,2017-05-22 17:21:59.259445+00:00,2017-05-22 17:22:24.258639+00:00,ascending,88,"[5.883367, 43.639812, 9.474434, 45.545216]",4,4,3,2,11
"S1B|2017-05-22 17:22:24.260153+00:00|2017-05-22 17:22:49.257852+00:00|ascending|88|(5.428904, 45.142662, 9.173606, 47.040512)",S1B_IW_GRDH_1SDV_20170522T172224_20170522T172249_005714_00A028_C64B_COG,1,True,S1B_IW_GRDH_1SDV_20170522T172224_20170522T172249_005714_00A028_C64B_COG,1,S1B,2017-05-22 17:22:24.260153+00:00,2017-05-22 17:22:49.257852+00:00,ascending,88,"[5.428904, 45.142662, 9.173606, 47.040512]",4,4,3,2,11
"S1B|2017-05-28 05:26:28.529143+00:00|2017-05-28 05:26:53.528241+00:00|descending|168|(8.35279, 43.990158, 12.010359, 45.891228)",S1B_IW_GRDH_1SDV_20170528T052628_20170528T052653_005794_00A285_2A35_COG,1,True,S1B_IW_GRDH_1SDV_20170528T052628_20170528T052653_005794_00A285_2A35_COG,1,S1B,2017-05-28 05:26:28.529143+00:00,2017-05-28 05:26:53.528241+00:00,descending,168,"[8.35279, 43.990158, 12.010359, 45.891228]",4,4,3,2,11
"S1B|2017-05-29 17:13:45.096146+00:00|2017-05-29 17:14:10.094164+00:00|ascending|15|(7.91214, 43.593681, 11.568367, 45.501781)",S1B_IW_GRDH_1SDV_20170529T171345_20170529T171410_005816_00A31A_3F31_COG,1,True,S1B_IW_GRDH_1SDV_20170529T171345_20170529T171410_005816_00A31A_3F31_COG,1,S1B,2017-05-29 17:13:45.096146+00:00,2017-05-29 17:14:10.094164+00:00,ascending,15,"[7.91214, 43.593681, 11.568367, 45.501781]",4,4,3,2,11
"S1B|2017-05-29 17:14:10.095664+00:00|2017-05-29 17:14:35.095178+00:00|ascending|15|(7.517968, 45.093128, 11.24434, 47.003426)",S1B_IW_GRDH_1SDV_20170529T171410_20170529T171435_005816_00A31A_B61D_COG,1,True,S1B_IW_GRDH_1SDV_20170529T171410_20170529T171435_005816_00A31A_B61D_COG,1,S1B,2017-05-29 17:14:10.095664+00:00,2017-05-29 17:14:35.095178+00:00,ascending,15,"[7.517968, 45.093128, 11.24434, 47.003426]",4,4,3,2,11
"S1B|2017-06-02 05:34:33.297392+00:00|2017-06-02 05:34:58.296103+00:00|descending|66|(6.419544, 44.54591, 10.086129, 46.448608)",S1B_IW_GRDH_1SDV_20170602T053433_20170602T053458_005867_00A499_1EF1_COG,1,True,S1B_IW_GRDH_1SDV_20170602T053433_20170602T053458_005867_00A499_1EF1_COG,1,S1B,2017-06-02 05:34:33.297392+00:00,2017-06-02 05:34:58.296103+00:00,descending,66,"[6.419544, 44.54591, 10.086129, 46.448608]",4,4,3,2,11
"S1B|2017-06-03 17:21:57.183245+00:00|2017-06-03 17:22:22.182246+00:00|ascending|88|(5.928804, 43.472469, 9.49373, 45.379669)",S1B_IW_GRDH_1SDV_20170603T172157_20170603T172222_005889_00A538_8526_COG,1,True,S1B_IW_GRDH_1SDV_20170603T172157_20170603T172222_005889_00A538_8526_COG,1,S1B,2017-06-03 17:21:57.183245+00:00,2017-06-03 17:22:22.182246+00:00,ascending,88,"[5.928804, 43.472469, 9.49373, 45.379669]",4,4,3,2,11
"S1B|2017-06-03 17:22:22.183741+00:00|2017-06-03 17:22:47.181246+00:00|ascending|88|(5.475531, 44.977314, 9.206726, 46.874962)",S1B_IW_GRDH_1SDV_20170603T172222_20170603T172247_005889_00A538_D9D1_COG,1,True,S1B_IW_GRDH_1SDV_20170603T172222_20170603T172247_005889_00A538_D9D1_COG,1,S1B,2017-06-03 17:22:22.183741+00:00,2017-06-03 17:22:47.181246+00:00,ascending,88,"[5.475531, 44.977314, 9.206726, 46.874962]",4,4,3,2,11
"S1B|2017-06-09 05:26:21.216069+00:00|2017-06-09 05:26:46.215058+00:00|descending|168|(8.470417, 44.484596, 12.13554, 46.388771)",S1B_IW_GRDH_1SDV_20170609T052621_20170609T052646_005969_00A798_CEA0_COG,1,True,S1B_IW_GRDH_1SDV_20170609T052621_20170609T052646_005969_00A798_CEA0_COG,1,S1B,2017-06-09 05:26:21.216069+00:00,2017-06-09 05:26:46.215058+00:00,descending,168,"[8.470417, 44.484596, 12.13554, 46.388771]",4,4,3,2,11
"S1B|2017-06-10 17:13:46.072255+00:00|2017-06-10 17:14:11.071836+00:00|ascending|15|(7.91186, 43.593601, 11.568191, 45.501751)",S1B_IW_GRDH_1SDV_20170610T171346_20170610T171411_005991_00A834_FC7B_COG,1,True,S1B_IW_GRDH_1SDV_20170610T171346_20170610T171411_005991_00A834_FC7B_COG,1,S1B,2017-06-10 17:13:46.072255+00:00,2017-06-10 17:14:11.071836+00:00,ascending,15,"[7.91186, 43.593601, 11.568191, 45.501751]",4,4,3,2,11
"S1B|2017-06-10 17:14:11.073338+00:00|2017-06-10 17:14:36.071422+00:00|ascending|15|(7.517775, 45.093143, 11.2442, 47.003307)",S1B_IW_GRDH_1SDV_20170610T171411_20170610T171436_005991_00A834_972E_COG,1,True,S1B_IW_GRDH_1SDV_20170610T171411_20170610T171436_005991_00A834_972E_COG,1,S1B,2017-06-10 17:14:11.073338+00:00,2017-06-10 17:14:36.071422+00:00,ascending,15,"[7.517775, 45.093143, 11.2442, 47.003307]",4,4,3,2,11
"S1B|2017-06-14 05:34:34.204396+00:00|2017-06-14 05:34:59.203316+00:00|descending|66|(6.417951, 44.545986, 10.084649, 46.448616)",S1B_IW_GRDH_1SDV_20170614T053434_20170614T053459_006042_00A9BE_335F_COG,1,True,S1B_IW_GRDH_1SDV_20170614T053434_20170614T053459_006042_00A9BE_335F_COG,1,S1B,2017-06-14 05:34:34.204396+00:00,2017-06-14 05:34:59.203316+00:00,descending,66,"[6.417951, 44.545986, 10.084649, 46.448616]",4,4,3,2,11
"S1B|2017-06-15 17:21:57.983274+00:00|2017-06-15 17:22:22.982335+00:00|ascending|88|(5.928114, 43.472359, 9.493339, 45.379555)",S1B_IW_GRDH_1SDV_20170615T172157_20170615T172222_006064_00AA60_78AE_COG,1,True,S1B_IW_GRDH_1SDV_20170615T172157_20170615T172222_006064_00AA60_78AE_COG,1,S1B,2017-06-15 17:21:57.983274+00:00,2017-06-15 17:22:22.982335+00:00,ascending,88,"[5.928114, 43.472359, 9.493339, 45.379555]",4,4,3,2,11
"S1B|2017-06-15 17:22:22.983848+00:00|2017-06-15 17:22:47.982911+00:00|ascending|88|(5.475007, 44.977177, 9.206261, 46.874973)",S1B_IW_GRDH_1SDV_20170615T172222_20170615T172247_006064_00AA60_4B0A_COG,1,True,S1B_IW_GRDH_1SDV_20170615T172222_20170615T172247_006064_00AA60_4B0A_COG,1,S1B,2017-06-15 17:22:22.983848+00:00,2017-06-15 17:22:47.982911+00:00,ascending,88,"[5.475007, 44.977177, 9.206261, 46.874973]",4,4,3,2,11
"S1B|2017-06-21 05:26:21.724939+00:00|2017-06-21 05:26:46.723859+00:00|descending|168|(8.471226, 44.484531, 12.136232, 46.388699)",S1B_IW_GRDH_1SDV_20170621T052621_20170621T052646_006144_00ACB6_489B_COG,1,True,S1B_IW_GRDH_1SDV_20170621T052621_20170621T052646_006144_00ACB6_489B_COG,1,S1B,2017-06-21 05:26:21.724939+00:00,2017-06-21 05:26:46.723859+00:00,descending,168,"[8.471226, 44.484531, 12.136232, 46.388699]",4,4,3,2,11
"S1B|2017-06-22 17:13:46.563233+00:00|2017-06-22 17:14:11.561245+00:00|ascending|15|(7.913159, 43.593761, 11.569463, 45.501804)",S1B_IW_GRDH_1SDV_20170622T171346_20170622T171411_006166_00AD50_472E_COG,1,True,S1B_IW_GRDH_1SDV_20170622T171346_20170622T171411_006166_00AD50_472E_COG,1,S1B,2017-06-22 17:13:46.563233+00:00,2017-06-22 17:14:11.561245+00:00,ascending,15,"[7.913159, 43.593761, 11.569463, 45.501804]",4,4,3,2,11
"S1B|2017-06-22 17:14:11.562745+00:00|2017-06-22 17:14:36.562254+00:00|ascending|15|(7.519059, 45.093216, 11.245381, 47.003437)",S1B_IW_GRDH_1SDV_20170622T171411_20170622T171436_006166_00AD50_5078_COG,1,True,S1B_IW_GRDH_1SDV_20170622T171411_20170622T171436_006166_00AD50_5078_COG,1,S1B,2017-06-22 17:14:11.562745+00:00,2017-06-22 17:14:36.562254+00:00,ascending,15,"[7.519059, 45.093216, 11.245381, 47.003437]",4,4,3,2,11
"S1B|2017-06-26 05:34:34.796860+00:00|2017-06-26 05:34:59.795543+00:00|descending|66|(6.417919, 44.545918, 10.084577, 46.448498)",S1B_IW_GRDH_1SDV_20170626T053434_20170626T053459_006217_00AED5_473E_COG,1,True,S1B_IW_GRDH_1SDV_20170626T053434_20170626T053459_006217_00AED5_473E_COG,1,S1B,2017-06-26 05:34:34.796860+00:00,2017-06-26 05:34:59.795543+00:00,descending,66,"[6.417919, 44.545918, 10.084577, 46.448498]",4,4,3,2,11
"S1B|2017-06-27 17:21:58.606943+00:00|2017-06-27 17:22:23.605933+00:00|ascending|88|(5.929602, 43.4725, 9.494495, 45.379669)",S1B_IW_GRDH_1SDV_20170627T172158_20170627T172223_006239_00AF72_6D1F_COG,1,True,S1B_IW_GRDH_1SDV_20170627T172158_20170627T172223_006239_00AF72_6D1F_COG,1,S1B,2017-06-27 17:21:58.606943+00:00,2017-06-27 17:22:23.605933+00:00,ascending,88,"[5.929602, 43.4725, 9.494495, 45.379669]",4,4,3,2,11
"S1B|2017-06-27 17:22:23.607447+00:00|2017-06-27 17:22:48.604943+00:00|ascending|88|(5.476196, 44.977348, 9.207656, 46.874966)",S1B_IW_GRDH_1SDV_20170627T172223_20170627T172248_006239_00AF72_47E4_COG,1,True,S1B_IW_GRDH_1SDV_20170627T172223_20170627T172248_006239_00AF72_47E4_COG,1,S1B,2017-06-27 17:22:23.607447+00:00,2017-06-27 17:22:48.604943+00:00,ascending,88,"[5.476196, 44.977348, 9.207656, 46.874966]",4,4,3,2,11
"S1B|2017-07-03 05:26:22.422822+00:00|2017-07-03 05:26:47.421772+00:00|descending|168|(8.472028, 44.484463, 12.137228, 46.388676)",S1B_IW_GRDH_1SDV_20170703T052622_20170703T052647_006319_00B1C7_AB08_COG,1,True,S1B_IW_GRDH_1SDV_20170703T052622_20170703T052647_006319_00B1C7_AB08_COG,1,S1B,2017-07-03 05:26:22.422822+00:00,2017-07-03 05:26:47.421772+00:00,descending,168,"[8.472028, 44.484463, 12.137228, 46.388676]",4,4,3,2,11
"S1B|2017-07-04 17:13:47.221122+00:00|2017-07-04 17:14:12.219232+00:00|ascending|15|(7.912343, 43.593559, 11.568664, 45.501648)",S1B_IW_GRDH_1SDV_20170704T171347_20170704T171412_006341_00B255_C228_COG,1,True,S1B_IW_GRDH_1SDV_20170704T171347_20170704T171412_006341_00B255_C228_COG,1,S1B,2017-07-04 17:13:47.221122+00:00,2017-07-04 17:14:12.219232+00:00,ascending,15,"[7.912343, 43.593559, 11.568664, 45.501648]",4,4,3,2,11
"S1B|2017-07-04 17:14:12.220733+00:00|2017-07-04 17:14:37.220341+00:00|ascending|15|(7.518207, 45.09301, 11.244668, 47.003292)",S1B_IW_GRDH_1SDV_20170704T171412_20170704T171437_006341_00B255_AE26_COG,1,True,S1B_IW_GRDH_1SDV_20170704T171412_20170704T171437_006341_00B255_AE26_COG,1,S1B,2017-07-04 17:14:12.220733+00:00,2017-07-04 17:14:37.220341+00:00,ascending,15,"[7.518207, 45.09301, 11.244668, 47.003292]",4,4,3,2,11
"S1B|2017-07-09 17:21:59.310834+00:00|2017-07-09 17:22:24.309877+00:00|ascending|88|(5.929819, 43.472431, 9.494806, 45.379585)",S1B_IW_GRDH_1SDV_20170709T172159_20170709T172224_006414_00B466_4F71_COG,1,True,S1B_IW_GRDH_1SDV_20170709T172159_20170709T172224_006414_00B466_4F71_COG,1,S1B,2017-07-09 17:21:59.310834+00:00,2017-07-09 17:22:24.309877+00:00,ascending,88,"[5.929819, 43.472431, 9.494806, 45.379585]",4,4,3,2,11
"S1B|2017-07-09 17:22:24.311373+00:00|2017-07-09 17:22:49.310416+00:00|ascending|88|(5.47642, 44.977283, 9.207878, 46.874954)",S1B_IW_GRDH_1SDV_20170709T172224_20170709T172249_006414_00B466_30B3_COG,1,True,S1B_IW_GRDH_1SDV_20170709T172224_20170709T172249_006414_00B466_30B3_COG,1,S1B,2017-07-09 17:22:24.311373+00:00,2017-07-09 17:22:49.310416+00:00,ascending,88,"[5.47642, 44.977283, 9.207878, 46.874954]",4,4,3,2,11
"S1B|2017-07-15 05:26:23.305172+00:00|2017-07-15 05:26:48.304097+00:00|descending|168|(8.471531, 44.484421, 12.136595, 46.388634)",S1B_IW_GRDH_1SDV_20170715T052623_20170715T052648_006494_00B6B9_CFC8_COG,1,True,S1B_IW_GRDH_1SDV_20170715T052623_20170715T052648_006494_00B6B9_CFC8_COG,1,S1B,2017-07-15 05:26:23.305172+00:00,2017-07-15 05:26:48.304097+00:00,descending,168,"[8.471531, 44.484421, 12.136595, 46.388634]",4,4,3,2,11
"S1B|2017-07-16 17:13:48.164415+00:00|2017-07-16 17:14:13.162567+00:00|ascending|15|(7.910305, 43.593563, 11.566658, 45.501701)",S1B_IW_GRDH_1SDV_20170716T171348_20170716T171413_006516_00B74F_351D_COG,1,True,S1B_IW_GRDH_1SDV_20170716T171348_20170716T171413_006516_00B74F_351D_COG,1,S1B,2017-07-16 17:13:48.164415+00:00,2017-07-16 17:14:13.162567+00:00,ascending,15,"[7.910305, 43.593563, 11.566658, 45.501701]",4,4,3,2,11
"S1B|2017-07-16 17:14:13.164066+00:00|2017-07-16 17:14:38.162218+00:00|ascending|15|(7.516152, 45.093014, 11.24262, 47.003254)",S1B_IW_GRDH_1SDV_20170716T171413_20170716T171438_006516_00B74F_467D_COG,1,True,S1B_IW_GRDH_1SDV_20170716T171413_20170716T171438_006516_00B74F_467D_COG,1,S1B,2017-07-16 17:14:13.164066+00:00,2017-07-16 17:14:38.162218+00:00,ascending,15,"[7.516152, 45.093014, 11.24262, 47.003254]",4,4,3,2,11
"S1B|2017-07-20 05:34:36.290778+00:00|2017-07-20 05:35:01.289472+00:00|descending|66|(6.417862, 44.545807, 10.084534, 46.448425)",S1B_IW_GRDH_1SDV_20170720T053436_20170720T053501_006567_00B8C9_F721_COG,1,True,S1B_IW_GRDH_1SDV_20170720T053436_20170720T053501_006567_00B8C9_F721_COG,1,S1B,2017-07-20 05:34:36.290778+00:00,2017-07-20 05:35:01.289472+00:00,descending,66,"[6.417862, 44.545807, 10.084534, 46.448425]",4,4,3,2,11
"S1B|2017-07-21 17:22:00.114270+00:00|2017-07-21 17:22:25.113239+00:00|ascending|88|(5.929281, 43.472542, 9.494166, 45.379692)",S1B_IW_GRDH_1SDV_20170721T172200_20170721T172225_006589_00B965_8AED_COG,1,True,S1B_IW_GRDH_1SDV_20170721T172200_20170721T172225_006589_00B965_8AED_COG,1,S1B,2017-07-21 17:22:00.114270+00:00,2017-07-21 17:22:25.113239+00:00,ascending,88,"[5.929281, 43.472542, 9.494166, 45.379692]",4,4,3,2,11
"S1B|2017-07-21 17:22:25.114735+00:00|2017-07-21 17:22:50.113705+00:00|ascending|88|(5.475866, 44.97739, 9.207212, 46.875065)",S1B_IW_GRDH_1SDV_20170721T172225_20170721T172250_006589_00B965_DF71_COG,1,True,S1B_IW_GRDH_1SDV_20170721T172225_20170721T172250_006589_00B965_DF71_COG,1,S1B,2017-07-21 17:22:25.114735+00:00,2017-07-21 17:22:50.113705+00:00,ascending,88,"[5.475866, 44.97739, 9.207212, 46.875065]",4,4,3,2,11
"S1B|2017-07-27 05:26:23.968231+00:00|2017-07-27 05:26:48.967207+00:00|descending|168|(8.471462, 44.48444, 12.136446, 46.388607)",S1B_IW_GRDH_1SDV_20170727T052623_20170727T052648_006669_00BBB5_3E29_COG,1,True,S1B_IW_GRDH_1SDV_20170727T052623_20170727T052648_006669_00BBB5_3E29_COG,1,S1B,2017-07-27 05:26:23.968231+00:00,2017-07-27 05:26:48.967207+00:00,descending,168,"[8.471462, 44.48444, 12.136446, 46.388607]",4,4,3,2,11
"S1B|2017-07-28 17:13:48.816758+00:00|2017-07-28 17:14:13.814787+00:00|ascending|15|(7.912055, 43.593723, 11.568262, 45.501793)",S1B_IW_GRDH_1SDV_20170728T171348_20170728T171413_006691_00BC4A_B8C1_COG,1,True,S1B_IW_GRDH_1SDV_20170728T171348_20170728T171413_006691_00BC4A_B8C1_COG,1,S1B,2017-07-28 17:13:48.816758+00:00,2017-07-28 17:14:13.814787+00:00,ascending,15,"[7.912055, 43.593723, 11.568262, 45.501793]",4,4,3,2,11
"S1B|2017-07-28 17:14:13.816287+00:00|2017-07-28 17:14:38.815813+00:00|ascending|15|(7.517917, 45.093174, 11.244266, 47.003437)",S1B_IW_GRDH_1SDV_20170728T171413_20170728T171438_006691_00BC4A_EFCD_COG,1,True,S1B_IW_GRDH_1SDV_20170728T171413_20170728T171438_006691_00BC4A_EFCD_COG,1,S1B,2017-07-28 17:14:13.816287+00:00,2017-07-28 17:14:38.815813+00:00,ascending,15,"[7.517917, 45.093174, 11.244266, 47.003437]",4,4,3,2,11
"S1B|2017-08-01 05:34:36.933455+00:00|2017-08-01 05:35:01.932135+00:00|descending|66|(6.418093, 44.545834, 10.084774, 46.448452)",S1B_IW_GRDH_1SDV_20170801T053436_20170801T053501_006742_00BDCE_D0CB_COG,1,True,S1B_IW_GRDH_1SDV_20170801T053436_20170801T053501_006742_00BDCE_D0CB_COG,1,S1B,2017-08-01 05:34:36.933455+00:00,2017-08-01 05:35:01.932135+00:00,descending,66,"[6.418093, 44.545834, 10.084774, 46.448452]",4,4,3,2,11
"S1B|2017-08-08 05:26:24.585071+00:00|2017-08-08 05:26:49.584013+00:00|descending|168|(8.470529, 44.484398, 12.135529, 46.388538)",S1B_IW_GRDH_1SDV_20170808T052624_20170808T052649_006844_00C0C1_3857_COG,1,True,S1B_IW_GRDH_1SDV_20170808T052624_20170808T052649_006844_00C0C1_3857_COG,1,S1B,2017-08-08 05:26:24.585071+00:00,2017-08-08 05:26:49.584013+00:00,descending,168,"[8.470529, 44.484398, 12.135529, 46.388538]",4,4,3,2,11
"S1B|2017-08-09 17:13:49.410999+00:00|2017-08-09 17:14:14.409104+00:00|ascending|15|(7.912316, 43.593643, 11.568619, 45.501701)",S1B_IW_GRDH_1SDV_20170809T171349_20170809T171414_006866_00C15B_2911_COG,1,True,S1B_IW_GRDH_1SDV_20170809T171349_20170809T171414_006866_00C15B_2911_COG,1,S1B,2017-08-09 17:13:49.410999+00:00,2017-08-09 17:14:14.409104+00:00,ascending,15,"[7.912316, 43.593643, 11.568619, 45.501701]",4,4,3,2,11
"S1B|2017-08-09 17:14:14.410604+00:00|2017-08-09 17:14:39.410205+00:00|ascending|15|(7.518209, 45.093098, 11.244654, 47.003349)",S1B_IW_GRDH_1SDV_20170809T171414_20170809T171439_006866_00C15B_1345_COG,1,True,S1B_IW_GRDH_1SDV_20170809T171414_20170809T171439_006866_00C15B_1345_COG,1,S1B,2017-08-09 17:14:14.410604+00:00,2017-08-09 17:14:39.410205+00:00,ascending,15,"[7.518209, 45.093098, 11.244654, 47.003349]",4,4,3,2,11
"S1B|2017-08-13 05:34:37.492213+00:00|2017-08-13 05:35:02.489369+00:00|descending|66|(6.418436, 44.545841, 10.084855, 46.448414)",S1B_IW_GRDH_1SDV_20170813T053437_20170813T053502_006917_00C2E7_ED72_COG,1,True,S1B_IW_GRDH_1SDV_20170813T053437_20170813T053502_006917_00C2E7_ED72_COG,1,S1B,2017-08-13 05:34:37.492213+00:00,2017-08-13 05:35:02.489369+00:00,descending,66,"[6.418436, 44.545841, 10.084855, 46.448414]",4,4,3,2,11
"S1B|2017-08-14 17:22:01.238345+00:00|2017-08-14 17:22:26.237408+00:00|ascending|88|(5.928048, 43.472385, 9.493279, 45.379601)",S1B_IW_GRDH_1SDV_20170814T172201_20170814T172226_006939_00C38A_09EB_COG,1,True,S1B_IW_GRDH_1SDV_20170814T172201_20170814T172226_006939_00C38A_09EB_COG,1,S1B,2017-08-14 17:22:01.238345+00:00,2017-08-14 17:22:26.237408+00:00,ascending,88,"[5.928048, 43.472385, 9.493279, 45.379601]",4,4,3,2,11
"S1B|2017-08-14 17:22:26.238903+00:00|2017-08-14 17:22:51.237965+00:00|ascending|88|(5.474928, 44.977207, 9.206066, 46.875004)",S1B_IW_GRDH_1SDV_20170814T172226_20170814T172251_006939_00C38A_47FE_COG,1,True,S1B_IW_GRDH_1SDV_20170814T172226_20170814T172251_006939_00C38A_47FE_COG,1,S1B,2017-08-14 17:22:26.238903+00:00,2017-08-14 17:22:51.237965+00:00,ascending,88,"[5.474928, 44.977207, 9.206066, 46.875004]",4,4,3,2,11
"S1B|2017-08-20 05:26:25.116288+00:00|2017-08-20 05:26:50.115218+00:00|descending|168|(8.471692, 44.484421, 12.136699, 46.388599)",S1B_IW_GRDH_1SDV_20170820T052625_20170820T052650_007019_00C5DD_0BEE_COG,1,True,S1B_IW_GRDH_1SDV_20170820T052625_20170820T052650_007019_00C5DD_0BEE_COG,1,S1B,2017-08-20 05:26:25.116288+00:00,2017-08-20 05:26:50.115218+00:00,descending,168,"[8.471692, 44.484421, 12.136699, 46.388599]",4,4,3,2,11
"S1B|2017-08-21 17:13:49.977650+00:00|2017-08-21 17:14:14.975809+00:00|ascending|15|(7.912385, 43.593647, 11.568702, 45.501728)",S1B_IW_GRDH_1SDV_20170821T171349_20170821T171414_007041_00C672_392E_COG,1,True,S1B_IW_GRDH_1SDV_20170821T171349_20170821T171414_007041_00C672_392E_COG,1,S1B,2017-08-21 17:13:49.977650+00:00,2017-08-21 17:14:14.975809+00:00,ascending,15,"[7.912385, 43.593647, 11.568702, 45.501728]",4,4,3,2,11
"S1B|2017-08-21 17:14:14.977307+00:00|2017-08-21 17:14:39.975466+00:00|ascending|15|(7.518291, 45.093102, 11.24472, 47.003284)",S1B_IW_GRDH_1SDV_20170821T171414_20170821T171439_007041_00C672_9E1D_COG,1,True,S1B_IW_GRDH_1SDV_20170821T171414_20170821T171439_007041_00C672_9E1D_COG,1,S1B,2017-08-21 17:14:14.977307+00:00,2017-08-21 17:14:39.975466+00:00,ascending,15,"[7.518291, 45.093102, 11.24472, 47.003284]",4,4,3,2,11
"S1B|2017-08-25 05:34:38.145692+00:00|2017-08-25 05:35:03.144370+00:00|descending|66|(6.417819, 44.54583, 10.084468, 46.448414)",S1B_IW_GRDH_1SDV_20170825T053438_20170825T053503_007092_00C7F7_31B6_COG,1,True,S1B_IW_GRDH_1SDV_20170825T053438_20170825T053503_007092_00C7F7_31B6_COG,1,S1B,2017-08-25 05:34:38.145692+00:00,2017-08-25 05:35:03.144370+00:00,descending,66,"[6.417819, 44.54583, 10.084468, 46.448414]",4,4,3,2,11
"S1B|2017-08-26 17:22:01.922573+00:00|2017-08-26 17:22:26.921528+00:00|ascending|88|(5.929372, 43.472614, 9.494273, 45.37978)",S1B_IW_GRDH_1SDV_20170826T172201_20170826T172226_007114_00C898_C8B1_COG,1,True,S1B_IW_GRDH_1SDV_20170826T172201_20170826T172226_007114_00C898_C8B1_COG,1,S1B,2017-08-26 17:22:01.922573+00:00,2017-08-26 17:22:26.921528+00:00,ascending,88,"[5.929372, 43.472614, 9.494273, 45.37978]",4,4,3,2,11
"S1B|2017-08-26 17:22:26.923041+00:00|2017-08-26 17:22:51.921997+00:00|ascending|88|(5.475941, 44.977463, 9.207432, 46.875164)",S1B_IW_GRDH_1SDV_20170826T172226_20170826T172251_007114_00C898_797A_COG,1,True,S1B_IW_GRDH_1SDV_20170826T172226_20170826T172251_007114_00C898_797A_COG,1,S1B,2017-08-26 17:22:26.923041+00:00,2017-08-26 17:22:51.921997+00:00,ascending,88,"[5.475941, 44.977463, 9.207432, 46.875164]",4,4,3,2,11
"S1B|2017-09-01 05:26:25.659376+00:00|2017-09-01 05:26:50.658373+00:00|descending|168|(8.471824, 44.48439, 12.13703, 46.388607)",S1B_IW_GRDH_1SDV_20170901T052625_20170901T052650_007194_00CAE9_DE05_COG,1,True,S1B_IW_GRDH_1SDV_20170901T052625_20170901T052650_007194_00CAE9_DE05_COG,1,S1B,2017-09-01 05:26:25.659376+00:00,2017-09-01 05:26:50.658373+00:00,descending,168,"[8.471824, 44.48439, 12.13703, 46.388607]",4,4,3,2,11
"S1B|2017-09-02 17:13:50.477176+00:00|2017-09-02 17:14:15.475239+00:00|ascending|15|(7.91211, 43.593777, 11.568566, 45.501869)",S1B_IW_GRDH_1SDV_20170902T171350_20170902T171415_007216_00CB83_7FAA_COG,1,True,S1B_IW_GRDH_1SDV_20170902T171350_20170902T171415_007216_00CB83_7FAA_COG,1,S1B,2017-09-02 17:13:50.477176+00:00,2017-09-02 17:14:15.475239+00:00,ascending,15,"[7.91211, 43.593777, 11.568566, 45.501869]",4,4,3,2,11
"S1B|2017-09-02 17:14:15.476718+00:00|2017-09-02 17:14:40.474781+00:00|ascending|15|(7.518, 45.093227, 11.244452, 47.003407)",S1B_IW_GRDH_1SDV_20170902T171415_20170902T171440_007216_00CB83_4090_COG,1,True,S1B_IW_GRDH_1SDV_20170902T171415_20170902T171440_007216_00CB83_4090_COG,1,S1B,2017-09-02 17:14:15.476718+00:00,2017-09-02 17:14:40.474781+00:00,ascending,15,"[7.518, 45.093227, 11.244452, 47.003407]",4,4,3,2,11
"S1B|2017-09-06 05:34:38.481296+00:00|2017-09-06 05:35:03.479995+00:00|descending|66|(6.418075, 44.545807, 10.084718, 46.44838)",S1B_IW_GRDH_1SDV_20170906T053438_20170906T053503_007267_00CD0C_DE81_COG,1,True,S1B_IW_GRDH_1SDV_20170906T053438_20170906T053503_007267_00CD0C_DE81_COG,1,S1B,2017-09-06 05:34:38.481296+00:00,2017-09-06 05:35:03.479995+00:00,descending,66,"[6.418075, 44.545807, 10.084718, 46.44838]",4,4,3,2,11
"S1B|2017-09-07 17:22:02.254299+00:00|2017-09-07 17:22:27.253284+00:00|ascending|88|(5.93068, 43.472652, 9.495684, 45.379784)",S1B_IW_GRDH_1SDV_20170907T172202_20170907T172227_007289_00CDAE_4BF3_COG,1,True,S1B_IW_GRDH_1SDV_20170907T172202_20170907T172227_007289_00CDAE_4BF3_COG,1,S1B,2017-09-07 17:22:02.254299+00:00,2017-09-07 17:22:27.253284+00:00,ascending,88,"[5.93068, 43.472652, 9.495684, 45.379784]",4,4,3,2,11
"S1B|2017-09-07 17:22:27.254779+00:00|2017-09-07 17:22:52.252269+00:00|ascending|88|(5.477307, 44.977501, 9.208755, 46.875065)",S1B_IW_GRDH_1SDV_20170907T172227_20170907T172252_007289_00CDAE_2F63_COG,1,True,S1B_IW_GRDH_1SDV_20170907T172227_20170907T172252_007289_00CDAE_2F63_COG,1,S1B,2017-09-07 17:22:27.254779+00:00,2017-09-07 17:22:52.252269+00:00,ascending,88,"[5.477307, 44.977501, 9.208755, 46.875065]",4,4,3,2,11
"S1B|2017-09-13 05:26:26.090812+00:00|2017-09-13 05:26:51.089909+00:00|descending|168|(8.472161, 44.484402, 12.137557, 46.38866)",S1B_IW_GRDH_1SDV_20170913T052626_20170913T052651_007369_00D00E_361E_COG,1,True,S1B_IW_GRDH_1SDV_20170913T052626_20170913T052651_007369_00D00E_361E_COG,1,S1B,2017-09-13 05:26:26.090812+00:00,2017-09-13 05:26:51.089909+00:00,descending,168,"[8.472161, 44.484402, 12.137557, 46.38866]",4,4,3,2,11
"S1B|2017-09-14 17:13:51.089495+00:00|2017-09-14 17:14:16.087616+00:00|ascending|15|(7.910068, 43.593666, 11.56656, 45.501804)",S1B_IW_GRDH_1SDV_20170914T171351_20170914T171416_007391_00D0A7_186C_COG,1,True,S1B_IW_GRDH_1SDV_20170914T171351_20170914T171416_007391_00D0A7_186C_COG,1,S1B,2017-09-14 17:13:51.089495+00:00,2017-09-14 17:14:16.087616+00:00,ascending,15,"[7.910068, 43.593666, 11.56656, 45.501804]",4,4,3,2,11
"S1B|2017-09-14 17:14:16.089114+00:00|2017-09-14 17:14:41.088733+00:00|ascending|15|(7.515875, 45.093113, 11.242392, 47.003433)",S1B_IW_GRDH_1SDV_20170914T171416_20170914T171441_007391_00D0A7_068B_COG,1,True,S1B_IW_GRDH_1SDV_20170914T171416_20170914T171441_007391_00D0A7_068B_COG,1,S1B,2017-09-14 17:14:16.089114+00:00,2017-09-14 17:14:41.088733+00:00,ascending,15,"[7.515875, 45.093113, 11.242392, 47.003433]",4,4,3,2,11
"S1B|2017-09-18 05:34:39.135652+00:00|2017-09-18 05:35:04.134284+00:00|descending|66|(6.417414, 44.545975, 10.084352, 46.448593)",S1B_IW_GRDH_1SDV_20170918T053439_20170918T053504_007442_00D231_7084_COG,1,True,S1B_IW_GRDH_1SDV_20170918T053439_20170918T053504_007442_00D231_7084_COG,1,S1B,2017-09-18 05:34:39.135652+00:00,2017-09-18 05:35:04.134284+00:00,descending,66,"[6.417414, 44.545975, 10.084352, 46.448593]",4,4,3,2,11
"S1B|2017-09-19 17:22:02.840558+00:00|2017-09-19 17:22:27.839629+00:00|ascending|88|(5.929228, 43.472534, 9.494371, 45.379704)",S1B_IW_GRDH_1SDV_20170919T172202_20170919T172227_007464_00D2CF_1010_COG,1,True,S1B_IW_GRDH_1SDV_20170919T172202_20170919T172227_007464_00D2CF_1010_COG,1,S1B,2017-09-19 17:22:02.840558+00:00,2017-09-19 17:22:27.839629+00:00,ascending,88,"[5.929228, 43.472534, 9.494371, 45.379704]",4,4,3,2,11
"S1B|2017-09-19 17:22:27.841125+00:00|2017-09-19 17:22:52.838701+00:00|ascending|88|(5.475819, 44.977383, 9.207416, 46.874985)",S1B_IW_GRDH_1SDV_20170919T172227_20170919T172252_007464_00D2CF_7623_COG,1,True,S1B_IW_GRDH_1SDV_20170919T172227_20170919T172252_007464_00D2CF_7623_COG,1,S1B,2017-09-19 17:22:27.841125+00:00,2017-09-19 17:22:52.838701+00:00,ascending,88,"[5.475819, 44.977383, 9.207416, 46.874985]",4,4,3,2,11
"S1B|2017-09-25 05:26:26.568919+00:00|2017-09-25 05:26:51.568076+00:00|descending|168|(8.471503, 44.484512, 12.137013, 46.388779)",S1B_IW_GRDH_1SDV_20170925T052626_20170925T052651_007544_00D51A_0876_COG,1,True,S1B_IW_GRDH_1SDV_20170925T052626_20170925T052651_007544_00D51A_0876_COG,1,S1B,2017-09-25 05:26:26.568919+00:00,2017-09-25 05:26:51.568076+00:00,descending,168,"[8.471503, 44.484512, 12.137013, 46.388779]",4,4,3,2,11
"S1B|2017-09-26 17:13:51.365599+00:00|2017-09-26 17:14:16.365295+00:00|ascending|15|(7.909811, 43.593575, 11.566459, 45.501831)",S1B_IW_GRDH_1SDV_20170926T171351_20170926T171416_007566_00D5B3_7836_COG,1,True,S1B_IW_GRDH_1SDV_20170926T171351_20170926T171416_007566_00D5B3_7836_COG,1,S1B,2017-09-26 17:13:51.365599+00:00,2017-09-26 17:14:16.365295+00:00,ascending,15,"[7.909811, 43.593575, 11.566459, 45.501831]",4,4,3,2,11
"S1B|2017-09-26 17:14:16.366796+00:00|2017-09-26 17:14:41.364995+00:00|ascending|15|(7.515627, 45.093109, 11.242382, 47.00338)",S1B_IW_GRDH_1SDV_20170926T171416_20170926T171441_007566_00D5B3_00C1_COG,1,True,S1B_IW_GRDH_1SDV_20170926T171416_20170926T171441_007566_00D5B3_00C1_COG,1,S1B,2017-09-26 17:14:16.366796+00:00,2017-09-26 17:14:41.364995+00:00,ascending,15,"[7.515627, 45.093109, 11.242382, 47.00338]",4,4,3,2,11
"S1B|2017-09-30 05:34:39.437110+00:00|2017-09-30 05:35:04.436012+00:00|descending|66|(6.41833, 44.545979, 10.085196, 46.448719)",S1B_IW_GRDH_1SDV_20170930T053439_20170930T053504_007617_00D737_5037_COG,1,True,S1B_IW_GRDH_1SDV_20170930T053439_20170930T053504_007617_00D737_5037_COG,1,S1B,2017-09-30 05:34:39.437110+00:00,2017-09-30 05:35:04.436012+00:00,descending,66,"[6.41833, 44.545979, 10.085196, 46.448719]",4,4,3,2,11
"S1B|2018-04-05 05:26:27.651868+00:00|2018-04-05 05:26:52.650106+00:00|descending|168|(8.486983, 44.291298, 12.083282, 46.187496)",S1B_IW_GRDH_1SDV_20180405T052627_20180405T052652_010344_012D43_55F6_COG,1,True,S1B_IW_GRDH_1SDV_20180405T052627_20180405T052652_010344_012D43_55F6_COG,1,S1B,2018-04-05 05:26:27.651868+00:00,2018-04-05 05:26:52.650106+00:00,descending,168,"[8.486983, 44.291298, 12.083282, 46.187496]",4,4,3,2,11
"S1B|2018-04-06 17:13:49.227705+00:00|2018-04-06 17:14:14.225213+00:00|ascending|15|(7.910295, 43.593281, 11.531, 45.49744)",S1B_IW_GRDH_1SDV_20180406T171349_20180406T171414_010366_012DF5_4405_COG,1,True,S1B_IW_GRDH_1SDV_20180406T171349_20180406T171414_010366_012DF5_4405_COG,1,S1B,2018-04-06 17:13:49.227705+00:00,2018-04-06 17:14:14.225213+00:00,ascending,15,"[7.910295, 43.593281, 11.531, 45.49744]",4,4,3,2,11
"S1B|2018-04-06 17:14:14.226709+00:00|2018-04-06 17:14:39.225713+00:00|ascending|15|(7.516136, 45.092682, 11.205913, 46.999062)",S1B_IW_GRDH_1SDV_20180406T171414_20180406T171439_010366_012DF5_C61C_COG,1,True,S1B_IW_GRDH_1SDV_20180406T171414_20180406T171439_010366_012DF5_C61C_COG,1,S1B,2018-04-06 17:14:14.226709+00:00,2018-04-06 17:14:39.225713+00:00,ascending,15,"[7.516136, 45.092682, 11.205913, 46.999062]",4,4,3,2,11
"S1B|2018-04-10 05:34:32.778082+00:00|2018-04-10 05:34:57.777094+00:00|descending|66|(6.530889, 44.815559, 10.140838, 46.715839)",S1B_IW_GRDH_1SDV_20180410T053432_20180410T053457_010417_012F98_2CFD_COG,1,True,S1B_IW_GRDH_1SDV_20180410T053432_20180410T053457_010417_012F98_2CFD_COG,1,S1B,2018-04-10 05:34:32.778082+00:00,2018-04-10 05:34:57.777094+00:00,descending,66,"[6.530889, 44.815559, 10.140838, 46.715839]",4,4,3,2,11
"S1B|2018-04-10 05:34:57.778592+00:00|2018-04-10 05:35:22.777604+00:00|descending|66|(6.209918, 43.315495, 9.759207, 45.213272)",S1B_IW_GRDH_1SDV_20180410T053457_20180410T053522_010417_012F98_80DB_COG,1,True,S1B_IW_GRDH_1SDV_20180410T053457_20180410T053522_010417_012F98_80DB_COG,1,S1B,2018-04-10 05:34:57.778592+00:00,2018-04-10 05:35:22.777604+00:00,descending,66,"[6.209918, 43.315495, 9.759207, 45.213272]",4,4,3,2,11
"S1B|2018-04-11 17:22:01.011290+00:00|2018-04-11 17:22:26.010456+00:00|ascending|88|(5.92823, 43.472202, 9.49353, 45.379387)",S1B_IW_GRDH_1SDV_20180411T172201_20180411T172226_010439_01304B_3CF3_COG,1,True,S1B_IW_GRDH_1SDV_20180411T172201_20180411T172226_010439_01304B_3CF3_COG,1,S1B,2018-04-11 17:22:01.011290+00:00,2018-04-11 17:22:26.010456+00:00,ascending,88,"[5.92823, 43.472202, 9.49353, 45.379387]",4,4,3,2,11
"S1B|2018-04-11 17:22:26.011952+00:00|2018-04-11 17:22:51.009623+00:00|ascending|88|(5.475189, 44.977024, 9.206374, 46.874706)",S1B_IW_GRDH_1SDV_20180411T172226_20180411T172251_010439_01304B_5B06_COG,1,True,S1B_IW_GRDH_1SDV_20180411T172226_20180411T172251_010439_01304B_5B06_COG,1,S1B,2018-04-11 17:22:26.011952+00:00,2018-04-11 17:22:51.009623+00:00,ascending,88,"[5.475189, 44.977024, 9.206374, 46.874706]",4,4,3,2,11
"S1B|2018-04-17 05:26:27.834194+00:00|2018-04-17 05:26:52.833970+00:00|descending|168|(8.48733, 44.291306, 12.083631, 46.187572)",S1B_IW_GRDH_1SDV_20180417T052627_20180417T052652_010519_0132DA_56C5_COG,1,True,S1B_IW_GRDH_1SDV_20180417T052627_20180417T052652_010519_0132DA_56C5_COG,1,S1B,2018-04-17 05:26:27.834194+00:00,2018-04-17 05:26:52.833970+00:00,descending,168,"[8.48733, 44.291306, 12.083631, 46.187572]",4,4,3,2,11
"S1B|2018-04-22 05:34:33.049603+00:00|2018-04-22 05:34:58.047214+00:00|descending|66|(6.533216, 44.815571, 10.143169, 46.715805)",S1B_IW_GRDH_1SDV_20180422T053433_20180422T053458_010592_01352D_E111_COG,1,True,S1B_IW_GRDH_1SDV_20180422T053433_20180422T053458_010592_01352D_E111_COG,1,S1B,2018-04-22 05:34:33.049603+00:00,2018-04-22 05:34:58.047214+00:00,descending,66,"[6.533216, 44.815571, 10.143169, 46.715805]",4,4,3,2,11
"S1B|2018-04-22 05:34:58.048725+00:00|2018-04-22 05:35:23.047836+00:00|descending|66|(6.21209, 43.315506, 9.761554, 45.213345)",S1B_IW_GRDH_1SDV_20180422T053458_20180422T053523_010592_01352D_21B4_COG,1,True,S1B_IW_GRDH_1SDV_20180422T053458_20180422T053523_010592_01352D_21B4_COG,1,S1B,2018-04-22 05:34:58.048725+00:00,2018-04-22 05:35:23.047836+00:00,descending,66,"[6.21209, 43.315506, 9.761554, 45.213345]",4,4,3,2,11
"S1B|2018-04-23 17:22:01.365453+00:00|2018-04-23 17:22:26.364506+00:00|ascending|88|(5.928919, 43.472321, 9.493955, 45.379555)",S1B_IW_GRDH_1SDV_20180423T172201_20180423T172226_010614_0135E1_1758_COG,1,True,S1B_IW_GRDH_1SDV_20180423T172201_20180423T172226_010614_0135E1_1758_COG,1,S1B,2018-04-23 17:22:01.365453+00:00,2018-04-23 17:22:26.364506+00:00,ascending,88,"[5.928919, 43.472321, 9.493955, 45.379555]",4,4,3,2,11
"S1B|2018-04-23 17:22:26.366002+00:00|2018-04-23 17:22:51.365055+00:00|ascending|88|(5.475445, 44.977169, 9.20695, 46.87492)",S1B_IW_GRDH_1SDV_20180423T172226_20180423T172251_010614_0135E1_3CA5_COG,1,True,S1B_IW_GRDH_1SDV_20180423T172226_20180423T172251_010614_0135E1_3CA5_COG,1,S1B,2018-04-23 17:22:26.366002+00:00,2018-04-23 17:22:51.365055+00:00,ascending,88,"[5.475445, 44.977169, 9.20695, 46.87492]",4,4,3,2,11
"S1B|2018-04-29 05:26:28.501647+00:00|2018-04-29 05:26:53.499375+00:00|descending|168|(8.486332, 44.291367, 12.082529, 46.187481)",S1B_IW_GRDH_1SDV_20180429T052628_20180429T052653_010694_013876_0B1A_COG,1,True,S1B_IW_GRDH_1SDV_20180429T052628_20180429T052653_010694_013876_0B1A_COG,1,S1B,2018-04-29 05:26:28.501647+00:00,2018-04-29 05:26:53.499375+00:00,descending,168,"[8.486332, 44.291367, 12.082529, 46.187481]",4,4,3,2,11
"S1B|2018-04-30 17:13:50.114455+00:00|2018-04-30 17:14:15.114035+00:00|ascending|15|(7.912404, 43.593575, 11.568716, 45.501713)",S1B_IW_GRDH_1SDV_20180430T171350_20180430T171415_010716_013926_C687_COG,1,True,S1B_IW_GRDH_1SDV_20180430T171350_20180430T171415_010716_013926_C687_COG,1,S1B,2018-04-30 17:13:50.114455+00:00,2018-04-30 17:14:15.114035+00:00,ascending,15,"[7.912404, 43.593575, 11.568716, 45.501713]",4,4,3,2,11
"S1B|2018-04-30 17:14:15.115534+00:00|2018-04-30 17:14:40.113617+00:00|ascending|15|(7.518341, 45.093121, 11.24462, 47.003254)",S1B_IW_GRDH_1SDV_20180430T171415_20180430T171440_010716_013926_F7CB_COG,1,True,S1B_IW_GRDH_1SDV_20180430T171415_20180430T171440_010716_013926_F7CB_COG,1,S1B,2018-04-30 17:14:15.115534+00:00,2018-04-30 17:14:40.113617+00:00,ascending,15,"[7.518341, 45.093121, 11.24462, 47.003254]",4,4,3,2,11
"S1B|2018-05-04 05:34:33.734045+00:00|2018-05-04 05:34:58.733145+00:00|descending|66|(6.531122, 44.815498, 10.141056, 46.715763)",S1B_IW_GRDH_1SDV_20180504T053433_20180504T053458_010767_013AD2_7718_COG,1,True,S1B_IW_GRDH_1SDV_20180504T053433_20180504T053458_010767_013AD2_7718_COG,1,S1B,2018-05-04 05:34:33.734045+00:00,2018-05-04 05:34:58.733145+00:00,descending,66,"[6.531122, 44.815498, 10.141056, 46.715763]",4,4,3,2,11
"S1B|2018-05-04 05:34:58.734647+00:00|2018-05-04 05:35:23.732250+00:00|descending|66|(6.210077, 43.315517, 9.759448, 45.213207)",S1B_IW_GRDH_1SDV_20180504T053458_20180504T053523_010767_013AD2_D678_COG,1,True,S1B_IW_GRDH_1SDV_20180504T053458_20180504T053523_010767_013AD2_D678_COG,1,S1B,2018-05-04 05:34:58.734647+00:00,2018-05-04 05:35:23.732250+00:00,descending,66,"[6.210077, 43.315517, 9.759448, 45.213207]",4,4,3,2,11
"S1B|2018-05-05 17:22:02.013815+00:00|2018-05-05 17:22:27.012866+00:00|ascending|88|(5.928915, 43.472282, 9.493918, 45.379482)",S1B_IW_GRDH_1SDV_20180505T172202_20180505T172227_010789_013B81_654F_COG,1,True,S1B_IW_GRDH_1SDV_20180505T172202_20180505T172227_010789_013B81_654F_COG,1,S1B,2018-05-05 17:22:02.013815+00:00,2018-05-05 17:22:27.012866+00:00,ascending,88,"[5.928915, 43.472282, 9.493918, 45.379482]",4,4,3,2,11
"S1B|2018-05-05 17:22:27.014362+00:00|2018-05-05 17:22:52.013413+00:00|ascending|88|(5.47548, 44.977135, 9.206953, 46.874851)",S1B_IW_GRDH_1SDV_20180505T172227_20180505T172252_010789_013B81_77B2_COG,1,True,S1B_IW_GRDH_1SDV_20180505T172227_20180505T172252_010789_013B81_77B2_COG,1,S1B,2018-05-05 17:22:27.014362+00:00,2018-05-05 17:22:52.013413+00:00,ascending,88,"[5.47548, 44.977135, 9.206953, 46.874851]",4,4,3,2,11
"S1B|2018-05-11 05:26:29.009171+00:00|2018-05-11 05:26:54.007537+00:00|descending|168|(8.487785, 44.29126, 12.084163, 46.1875)",S1B_IW_GRDH_1SDV_20180511T052629_20180511T052654_010869_013E1D_CD8C_COG,1,True,S1B_IW_GRDH_1SDV_20180511T052629_20180511T052654_010869_013E1D_CD8C_COG,1,S1B,2018-05-11 05:26:29.009171+00:00,2018-05-11 05:26:54.007537+00:00,descending,168,"[8.487785, 44.29126, 12.084163, 46.1875]",4,4,3,2,11
"S1B|2018-05-12 17:13:50.625263+00:00|2018-05-12 17:14:15.623307+00:00|ascending|15|(7.91173, 43.593647, 11.567933, 45.50172)",S1B_IW_GRDH_1SDV_20180512T171350_20180512T171415_010891_013ECE_70D5_COG,1,True,S1B_IW_GRDH_1SDV_20180512T171350_20180512T171415_010891_013ECE_70D5_COG,1,S1B,2018-05-12 17:13:50.625263+00:00,2018-05-12 17:14:15.623307+00:00,ascending,15,"[7.91173, 43.593647, 11.567933, 45.50172]",4,4,3,2,11
"S1B|2018-05-12 17:14:15.624807+00:00|2018-05-12 17:14:40.622852+00:00|ascending|15|(7.517618, 45.093102, 11.243935, 47.003277)",S1B_IW_GRDH_1SDV_20180512T171415_20180512T171440_010891_013ECE_7067_COG,1,True,S1B_IW_GRDH_1SDV_20180512T171415_20180512T171440_010891_013ECE_7067_COG,1,S1B,2018-05-12 17:14:15.624807+00:00,2018-05-12 17:14:40.622852+00:00,ascending,15,"[7.517618, 45.093102, 11.243935, 47.003277]",4,4,3,2,11
"S1B|2018-05-16 05:34:38.716503+00:00|2018-05-16 05:35:03.715165+00:00|descending|66|(6.417639, 44.546009, 10.084308, 46.448589)",S1B_IW_GRDH_1SDV_20180516T053438_20180516T053503_010942_014076_A397_COG,1,True,S1B_IW_GRDH_1SDV_20180516T053438_20180516T053503_010942_014076_A397_COG,1,S1B,2018-05-16 05:34:38.716503+00:00,2018-05-16 05:35:03.715165+00:00,descending,66,"[6.417639, 44.546009, 10.084308, 46.448589]",4,4,3,2,11
"S1B|2018-05-17 17:22:02.527615+00:00|2018-05-17 17:22:27.525154+00:00|ascending|88|(5.929574, 43.472446, 9.494555, 45.379536)",S1B_IW_GRDH_1SDV_20180517T172202_20180517T172227_010964_014123_1A94_COG,1,True,S1B_IW_GRDH_1SDV_20180517T172202_20180517T172227_010964_014123_1A94_COG,1,S1B,2018-05-17 17:22:02.527615+00:00,2018-05-17 17:22:27.525154+00:00,ascending,88,"[5.929574, 43.472446, 9.494555, 45.379536]",4,4,3,2,11
"S1B|2018-05-17 17:22:27.526649+00:00|2018-05-17 17:22:52.525683+00:00|ascending|88|(5.476149, 44.977203, 9.207618, 46.874908)",S1B_IW_GRDH_1SDV_20180517T172227_20180517T172252_010964_014123_44A4_COG,1,True,S1B_IW_GRDH_1SDV_20180517T172227_20180517T172252_010964_014123_44A4_COG,1,S1B,2018-05-17 17:22:27.526649+00:00,2018-05-17 17:22:52.525683+00:00,ascending,88,"[5.476149, 44.977203, 9.207618, 46.874908]",4,4,3,2,11
"S1B|2018-05-23 05:26:29.791180+00:00|2018-05-23 05:26:54.789494+00:00|descending|168|(8.487629, 44.291317, 12.083868, 46.187538)",S1B_IW_GRDH_1SDV_20180523T052629_20180523T052654_011044_0143CC_1A78_COG,1,True,S1B_IW_GRDH_1SDV_20180523T052629_20180523T052654_011044_0143CC_1A78_COG,1,S1B,2018-05-23 05:26:29.791180+00:00,2018-05-23 05:26:54.789494+00:00,descending,168,"[8.487629, 44.291317, 12.083868, 46.187538]",4,4,3,2,11
"S1B|2018-05-24 17:13:51.426249+00:00|2018-05-24 17:14:16.423672+00:00|ascending|15|(7.910823, 43.593662, 11.566683, 45.501701)",S1B_IW_GRDH_1SDV_20180524T171351_20180524T171416_011066_01447C_372D_COG,1,True,S1B_IW_GRDH_1SDV_20180524T171351_20180524T171416_011066_01447C_372D_COG,1,S1B,2018-05-24 17:13:51.426249+00:00,2018-05-24 17:14:16.423672+00:00,ascending,15,"[7.910823, 43.593662, 11.566683, 45.501701]",4,4,3,2,11
"S1B|2018-05-24 17:14:16.425168+00:00|2018-05-24 17:14:41.424088+00:00|ascending|15|(7.516645, 45.093075, 11.24251, 47.003292)",S1B_IW_GRDH_1SDV_20180524T171416_20180524T171441_011066_01447C_1AFC_COG,1,True,S1B_IW_GRDH_1SDV_20180524T171416_20180524T171441_011066_01447C_1AFC_COG,1,S1B,2018-05-24 17:14:16.425168+00:00,2018-05-24 17:14:41.424088+00:00,ascending,15,"[7.516645, 45.093075, 11.24251, 47.003292]",4,4,3,2,11
"S1B|2018-05-28 05:34:39.494087+00:00|2018-05-28 05:35:04.492783+00:00|descending|66|(6.418123, 44.545925, 10.084795, 46.448528)",S1B_IW_GRDH_1SDV_20180528T053439_20180528T053504_011117_01462B_A8F8_COG,1,True,S1B_IW_GRDH_1SDV_20180528T053439_20180528T053504_011117_01462B_A8F8_COG,1,S1B,2018-05-28 05:34:39.494087+00:00,2018-05-28 05:35:04.492783+00:00,descending,66,"[6.418123, 44.545925, 10.084795, 46.448528]",4,4,3,2,11
"S1B|2018-05-29 17:22:03.227081+00:00|2018-05-29 17:22:28.226037+00:00|ascending|88|(5.930072, 43.472496, 9.494959, 45.37965)",S1B_IW_GRDH_1SDV_20180529T172203_20180529T172228_011139_0146DD_C28B_COG,1,True,S1B_IW_GRDH_1SDV_20180529T172203_20180529T172228_011139_0146DD_C28B_COG,1,S1B,2018-05-29 17:22:03.227081+00:00,2018-05-29 17:22:28.226037+00:00,ascending,88,"[5.930072, 43.472496, 9.494959, 45.37965]",4,4,3,2,11
"S1B|2018-05-29 17:22:28.227533+00:00|2018-05-29 17:22:53.226488+00:00|ascending|88|(5.476653, 44.977345, 9.207999, 46.875023)",S1B_IW_GRDH_1SDV_20180529T172228_20180529T172253_011139_0146DD_247E_COG,1,True,S1B_IW_GRDH_1SDV_20180529T172228_20180529T172253_011139_0146DD_247E_COG,1,S1B,2018-05-29 17:22:28.227533+00:00,2018-05-29 17:22:53.226488+00:00,ascending,88,"[5.476653, 44.977345, 9.207999, 46.875023]",4,4,3,2,11
"S1B|2018-06-04 05:26:27.160579+00:00|2018-06-04 05:26:52.159585+00:00|descending|168|(8.473155, 44.484531, 12.138351, 46.388779)",S1B_IW_GRDH_1SDV_20180604T052627_20180604T052652_011219_014975_C84A_COG,1,True,S1B_IW_GRDH_1SDV_20180604T052627_20180604T052652_011219_014975_C84A_COG,1,S1B,2018-06-04 05:26:27.160579+00:00,2018-06-04 05:26:52.159585+00:00,descending,168,"[8.473155, 44.484531, 12.138351, 46.388779]",4,4,3,2,11
"S1B|2018-06-05 17:13:52.029161+00:00|2018-06-05 17:14:17.028145+00:00|ascending|15|(7.911615, 43.593597, 11.567502, 45.501736)",S1B_IW_GRDH_1SDV_20180605T171352_20180605T171417_011241_014A1A_A634_COG,1,True,S1B_IW_GRDH_1SDV_20180605T171352_20180605T171417_011241_014A1A_A634_COG,1,S1B,2018-06-05 17:13:52.029161+00:00,2018-06-05 17:14:17.028145+00:00,ascending,15,"[7.911615, 43.593597, 11.567502, 45.501736]",4,4,3,2,11
"S1B|2018-06-05 17:14:17.029641+00:00|2018-06-05 17:14:42.027127+00:00|ascending|15|(7.517459, 45.093098, 11.243428, 47.00325)",S1B_IW_GRDH_1SDV_20180605T171417_20180605T171442_011241_014A1A_00D1_COG,1,True,S1B_IW_GRDH_1SDV_20180605T171417_20180605T171442_011241_014A1A_00D1_COG,1,S1B,2018-06-05 17:14:17.029641+00:00,2018-06-05 17:14:42.027127+00:00,ascending,15,"[7.517459, 45.093098, 11.243428, 47.00325]",4,4,3,2,11
"S1B|2018-06-09 05:34:40.313345+00:00|2018-06-09 05:35:05.312035+00:00|descending|66|(6.418654, 44.545948, 10.085103, 46.448608)",S1B_IW_GRDH_1SDV_20180609T053440_20180609T053505_011292_014BAF_3429_COG,1,True,S1B_IW_GRDH_1SDV_20180609T053440_20180609T053505_011292_014BAF_3429_COG,1,S1B,2018-06-09 05:34:40.313345+00:00,2018-06-09 05:35:05.312035+00:00,descending,66,"[6.418654, 44.545948, 10.085103, 46.448608]",4,4,3,2,11
"S1B|2018-06-16 05:26:28.096597+00:00|2018-06-16 05:26:53.095515+00:00|descending|168|(8.471339, 44.484501, 12.136374, 46.388668)",S1B_IW_GRDH_1SDV_20180616T052628_20180616T052653_011394_014ECE_1E59_COG,1,True,S1B_IW_GRDH_1SDV_20180616T052628_20180616T052653_011394_014ECE_1E59_COG,1,S1B,2018-06-16 05:26:28.096597+00:00,2018-06-16 05:26:53.095515+00:00,descending,168,"[8.471339, 44.484501, 12.136374, 46.388668]",4,4,3,2,11
"S1B|2018-06-17 17:13:52.934755+00:00|2018-06-17 17:14:17.933834+00:00|ascending|15|(7.911661, 43.593449, 11.567632, 45.501572)",S1B_IW_GRDH_1SDV_20180617T171352_20180617T171417_011416_014F7D_217E_COG,1,True,S1B_IW_GRDH_1SDV_20180617T171352_20180617T171417_011416_014F7D_217E_COG,1,S1B,2018-06-17 17:13:52.934755+00:00,2018-06-17 17:14:17.933834+00:00,ascending,15,"[7.911661, 43.593449, 11.567632, 45.501572]",4,4,3,2,11
"S1B|2018-06-17 17:14:17.935330+00:00|2018-06-17 17:14:42.932913+00:00|ascending|15|(7.517547, 45.092953, 11.243473, 47.003078)",S1B_IW_GRDH_1SDV_20180617T171417_20180617T171442_011416_014F7D_DDF7_COG,1,True,S1B_IW_GRDH_1SDV_20180617T171417_20180617T171442_011416_014F7D_DDF7_COG,1,S1B,2018-06-17 17:14:17.935330+00:00,2018-06-17 17:14:42.932913+00:00,ascending,15,"[7.517547, 45.092953, 11.243473, 47.003078]",4,4,3,2,11
"S1B|2018-06-21 05:34:41.014129+00:00|2018-06-21 05:35:06.012809+00:00|descending|66|(6.419284, 44.545929, 10.085732, 46.448597)",S1B_IW_GRDH_1SDV_20180621T053441_20180621T053506_011467_015113_DC0C_COG,1,True,S1B_IW_GRDH_1SDV_20180621T053441_20180621T053506_011467_015113_DC0C_COG,1,S1B,2018-06-21 05:34:41.014129+00:00,2018-06-21 05:35:06.012809+00:00,descending,66,"[6.419284, 44.545929, 10.085732, 46.448597]",4,4,3,2,11
"S1B|2018-06-22 17:22:04.853130+00:00|2018-06-22 17:22:28.167233+00:00|ascending|88|(5.925499, 43.4725, 9.453812, 45.270977)",S1B_IW_GRDH_1SDV_20180622T172204_20180622T172228_011489_0151C9_5837_COG,1,True,S1B_IW_GRDH_1SDV_20180622T172204_20180622T172228_011489_0151C9_5837_COG,1,S1B,2018-06-22 17:22:04.853130+00:00,2018-06-22 17:22:28.167233+00:00,ascending,88,"[5.925499, 43.4725, 9.453812, 45.270977]",4,4,3,2,11
"S1B|2018-06-28 05:26:28.713583+00:00|2018-06-28 05:26:53.711053+00:00|descending|168|(8.47132, 44.484585, 12.136289, 46.388645)",S1B_IW_GRDH_1SDV_20180628T052628_20180628T052653_011569_01543E_FED9_COG,1,True,S1B_IW_GRDH_1SDV_20180628T052628_20180628T052653_011569_01543E_FED9_COG,1,S1B,2018-06-28 05:26:28.713583+00:00,2018-06-28 05:26:53.711053+00:00,descending,168,"[8.47132, 44.484585, 12.136289, 46.388645]",4,4,3,2,11
"S1B|2018-07-03 05:34:41.948236+00:00|2018-07-03 05:35:06.946942+00:00|descending|66|(6.417639, 44.545849, 10.084321, 46.448463)",S1B_IW_GRDH_1SDV_20180703T053441_20180703T053506_011642_01568A_4100_COG,1,True,S1B_IW_GRDH_1SDV_20180703T053441_20180703T053506_011642_01568A_4100_COG,1,S1B,2018-07-03 05:34:41.948236+00:00,2018-07-03 05:35:06.946942+00:00,descending,66,"[6.417639, 44.545849, 10.084321, 46.448463]",4,4,3,2,11
"S1B|2018-07-04 17:22:05.720480+00:00|2018-07-04 17:22:29.036124+00:00|ascending|88|(5.924316, 43.472416, 9.452678, 45.270996)",S1B_IW_GRDH_1SDV_20180704T172205_20180704T172229_011664_01573E_AD95_COG,1,True,S1B_IW_GRDH_1SDV_20180704T172205_20180704T172229_011664_01573E_AD95_COG,1,S1B,2018-07-04 17:22:05.720480+00:00,2018-07-04 17:22:29.036124+00:00,ascending,88,"[5.924316, 43.472416, 9.452678, 45.270996]",4,4,3,2,11
"S1B|2018-07-10 05:26:20.769820+00:00|2018-07-10 05:26:45.768084+00:00|descending|168|(8.593227, 45.002022, 12.263821, 46.906395)",S1B_IW_GRDH_1SDV_20180710T052620_20180710T052645_011744_0159AE_7ABF_COG,1,True,S1B_IW_GRDH_1SDV_20180710T052620_20180710T052645_011744_0159AE_7ABF_COG,1,S1B,2018-07-10 05:26:20.769820+00:00,2018-07-10 05:26:45.768084+00:00,descending,168,"[8.593227, 45.002022, 12.263821, 46.906395]",4,4,3,2,11
"S1B|2018-07-10 05:26:45.769507+00:00|2018-07-10 05:27:10.769267+00:00|descending|168|(8.263394, 43.503342, 11.875025, 45.404503)",S1B_IW_GRDH_1SDV_20180710T052645_20180710T052710_011744_0159AE_84E7_COG,1,True,S1B_IW_GRDH_1SDV_20180710T052645_20180710T052710_011744_0159AE_84E7_COG,1,S1B,2018-07-10 05:26:45.769507+00:00,2018-07-10 05:27:10.769267+00:00,descending,168,"[8.263394, 43.503342, 11.875025, 45.404503]",4,4,3,2,11
"S1B|2018-07-11 17:13:54.154528+00:00|2018-07-11 17:14:19.152062+00:00|ascending|15|(7.913076, 43.593666, 11.568875, 45.501637)",S1B_IW_GRDH_1SDV_20180711T171354_20180711T171419_011766_015A5C_0BEB_COG,1,True,S1B_IW_GRDH_1SDV_20180711T171354_20180711T171419_011766_015A5C_0BEB_COG,1,S1B,2018-07-11 17:13:54.154528+00:00,2018-07-11 17:14:19.152062+00:00,ascending,15,"[7.913076, 43.593666, 11.568875, 45.501637]",4,4,3,2,11
"S1B|2018-07-11 17:14:19.153558+00:00|2018-07-11 17:14:44.152589+00:00|ascending|15|(7.518984, 45.093086, 11.244908, 47.003246)",S1B_IW_GRDH_1SDV_20180711T171419_20180711T171444_011766_015A5C_6B85_COG,1,True,S1B_IW_GRDH_1SDV_20180711T171419_20180711T171444_011766_015A5C_6B85_COG,1,S1B,2018-07-11 17:14:19.153558+00:00,2018-07-11 17:14:44.152589+00:00,ascending,15,"[7.518984, 45.093086, 11.244908, 47.003246]",4,4,3,2,11
"S1B|2018-07-15 05:34:42.404834+00:00|2018-07-15 05:35:07.403441+00:00|descending|66|(6.418103, 44.545891, 10.084766, 46.448471)",S1B_IW_GRDH_1SDV_20180715T053442_20180715T053507_011817_015BEE_205E_COG,1,True,S1B_IW_GRDH_1SDV_20180715T053442_20180715T053507_011817_015BEE_205E_COG,1,S1B,2018-07-15 05:34:42.404834+00:00,2018-07-15 05:35:07.403441+00:00,descending,66,"[6.418103, 44.545891, 10.084766, 46.448471]",4,4,3,2,11
"S1B|2018-07-16 17:22:08.638345+00:00|2018-07-16 17:22:33.637515+00:00|ascending|88|(5.894891, 43.619381, 9.466459, 45.522659)",S1B_IW_GRDH_1SDV_20180716T172208_20180716T172233_011839_015CA0_2145_COG,1,True,S1B_IW_GRDH_1SDV_20180716T172208_20180716T172233_011839_015CA0_2145_COG,1,S1B,2018-07-16 17:22:08.638345+00:00,2018-07-16 17:22:33.637515+00:00,ascending,88,"[5.894891, 43.619381, 9.466459, 45.522659]",4,4,3,2,11
"S1B|2018-07-16 17:22:33.639011+00:00|2018-07-16 17:22:58.636686+00:00|ascending|88|(5.440888, 45.122227, 9.165118, 47.017967)",S1B_IW_GRDH_1SDV_20180716T172233_20180716T172258_011839_015CA0_9DC8_COG,1,True,S1B_IW_GRDH_1SDV_20180716T172233_20180716T172258_011839_015CA0_9DC8_COG,1,S1B,2018-07-16 17:22:33.639011+00:00,2018-07-16 17:22:58.636686+00:00,ascending,88,"[5.440888, 45.122227, 9.165118, 47.017967]",4,4,3,2,11
"S1B|2018-07-22 05:26:21.804968+00:00|2018-07-22 05:26:46.803140+00:00|descending|168|(8.592828, 45.001907, 12.263322, 46.9063)",S1B_IW_GRDH_1SDV_20180722T052621_20180722T052646_011919_015F08_F3F0_COG,1,True,S1B_IW_GRDH_1SDV_20180722T052621_20180722T052646_011919_015F08_F3F0_COG,1,S1B,2018-07-22 05:26:21.804968+00:00,2018-07-22 05:26:46.803140+00:00,descending,168,"[8.592828, 45.001907, 12.263322, 46.9063]",4,4,3,2,11
"S1B|2018-07-22 05:26:46.804639+00:00|2018-07-22 05:27:11.804310+00:00|descending|168|(8.26271, 43.503223, 11.874483, 45.40443)",S1B_IW_GRDH_1SDV_20180722T052646_20180722T052711_011919_015F08_1ADF_COG,1,True,S1B_IW_GRDH_1SDV_20180722T052646_20180722T052711_011919_015F08_1ADF_COG,1,S1B,2018-07-22 05:26:46.804639+00:00,2018-07-22 05:27:11.804310+00:00,descending,168,"[8.26271, 43.503223, 11.874483, 45.40443]",4,4,3,2,11
"S1B|2018-07-23 17:13:55.217238+00:00|2018-07-23 17:14:20.216321+00:00|ascending|15|(7.910899, 43.59346, 11.566738, 45.501568)",S1B_IW_GRDH_1SDV_20180723T171355_20180723T171420_011941_015FAE_6238_COG,1,True,S1B_IW_GRDH_1SDV_20180723T171355_20180723T171420_011941_015FAE_6238_COG,1,S1B,2018-07-23 17:13:55.217238+00:00,2018-07-23 17:14:20.216321+00:00,ascending,15,"[7.910899, 43.59346, 11.566738, 45.501568]",4,4,3,2,11
"S1B|2018-07-23 17:14:20.217817+00:00|2018-07-23 17:14:45.215403+00:00|ascending|15|(7.516792, 45.092968, 11.242712, 47.00309)",S1B_IW_GRDH_1SDV_20180723T171420_20180723T171445_011941_015FAE_5EDD_COG,1,True,S1B_IW_GRDH_1SDV_20180723T171420_20180723T171445_011941_015FAE_5EDD_COG,1,S1B,2018-07-23 17:14:20.217817+00:00,2018-07-23 17:14:45.215403+00:00,ascending,15,"[7.516792, 45.092968, 11.242712, 47.00309]",4,4,3,2,11
"S1B|2018-07-27 05:34:43.282683+00:00|2018-07-27 05:35:08.281345+00:00|descending|66|(6.417822, 44.545914, 10.084482, 46.448505)",S1B_IW_GRDH_1SDV_20180727T053443_20180727T053508_011992_016138_ACCC_COG,1,True,S1B_IW_GRDH_1SDV_20180727T053443_20180727T053508_011992_016138_ACCC_COG,1,S1B,2018-07-27 05:34:43.282683+00:00,2018-07-27 05:35:08.281345+00:00,descending,66,"[6.417822, 44.545914, 10.084482, 46.448505]",4,4,3,2,11
"S1B|2018-07-28 17:22:09.499661+00:00|2018-07-28 17:22:34.498548+00:00|ascending|88|(5.895239, 43.619595, 9.455571, 45.521595)",S1B_IW_GRDH_1SDV_20180728T172209_20180728T172234_012014_0161E3_90B3_COG,1,True,S1B_IW_GRDH_1SDV_20180728T172209_20180728T172234_012014_0161E3_90B3_COG,1,S1B,2018-07-28 17:22:09.499661+00:00,2018-07-28 17:22:34.498548+00:00,ascending,88,"[5.895239, 43.619595, 9.455571, 45.521595]",4,4,3,2,11
"S1B|2018-07-28 17:22:34.500043+00:00|2018-07-28 17:22:59.498931+00:00|ascending|88|(5.441241, 45.122437, 9.153975, 47.016991)",S1B_IW_GRDH_1SDV_20180728T172234_20180728T172259_012014_0161E3_5D29_COG,1,True,S1B_IW_GRDH_1SDV_20180728T172234_20180728T172259_012014_0161E3_5D29_COG,1,S1B,2018-07-28 17:22:34.500043+00:00,2018-07-28 17:22:59.498931+00:00,ascending,88,"[5.441241, 45.122437, 9.153975, 47.016991]",4,4,3,2,11
"S1B|2018-08-03 05:26:22.312476+00:00|2018-08-03 05:26:47.310788+00:00|descending|168|(8.593788, 45.001919, 12.26438, 46.906315)",S1B_IW_GRDH_1SDV_20180803T052622_20180803T052647_012094_01644D_3837_COG,1,True,S1B_IW_GRDH_1SDV_20180803T052622_20180803T052647_012094_01644D_3837_COG,1,S1B,2018-08-03 05:26:22.312476+00:00,2018-08-03 05:26:47.310788+00:00,descending,168,"[8.593788, 45.001919, 12.26438, 46.906315]",4,4,3,2,11
"S1B|2018-08-03 05:26:33.076965+00:00|2018-08-03 05:26:58.076089+00:00|descending|168|(8.485699, 44.357227, 12.096488, 46.255466)",S1B_IW_GRDH_1SDV_20180803T052633_20180803T052658_012094_01644D_7BDD_COG,1,True,S1B_IW_GRDH_1SDV_20180803T052633_20180803T052658_012094_01644D_7BDD_COG,1,S1B,2018-08-03 05:26:33.076965+00:00,2018-08-03 05:26:58.076089+00:00,descending,168,"[8.485699, 44.357227, 12.096488, 46.255466]",4,4,3,2,11
"S1B|2018-08-03 05:26:47.312287+00:00|2018-08-03 05:27:12.310598+00:00|descending|168|(8.263712, 43.503326, 11.875573, 45.404446)",S1B_IW_GRDH_1SDV_20180803T052647_20180803T052712_012094_01644D_81BE_COG,1,True,S1B_IW_GRDH_1SDV_20180803T052647_20180803T052712_012094_01644D_81BE_COG,1,S1B,2018-08-03 05:26:47.312287+00:00,2018-08-03 05:27:12.310598+00:00,descending,168,"[8.263712, 43.503326, 11.875573, 45.404446]",4,4,3,2,11
"S1B|2018-08-04 17:13:55.812002+00:00|2018-08-04 17:14:20.810958+00:00|ascending|15|(7.911568, 43.593658, 11.567429, 45.501759)",S1B_IW_GRDH_1SDV_20180804T171355_20180804T171420_012116_0164F7_E1C5_COG,1,True,S1B_IW_GRDH_1SDV_20180804T171355_20180804T171420_012116_0164F7_E1C5_COG,1,S1B,2018-08-04 17:13:55.812002+00:00,2018-08-04 17:14:20.810958+00:00,ascending,15,"[7.911568, 43.593658, 11.567429, 45.501759]",4,4,3,2,11
"S1B|2018-08-04 17:13:55.812335+00:00|2018-08-04 17:14:20.811316+00:00|ascending|15|(7.911556, 43.593697, 11.567419, 45.501797)",S1B_IW_GRDH_1SDV_20180804T171355_20180804T171420_012116_0164F7_6552_COG,1,True,S1B_IW_GRDH_1SDV_20180804T171355_20180804T171420_012116_0164F7_6552_COG,1,S1B,2018-08-04 17:13:55.812335+00:00,2018-08-04 17:14:20.811316+00:00,ascending,15,"[7.911556, 43.593697, 11.567419, 45.501797]",4,4,3,2,11
"S1B|2018-08-04 17:14:20.812455+00:00|2018-08-04 17:14:45.811411+00:00|ascending|15|(7.517425, 45.093163, 11.243394, 47.003368)",S1B_IW_GRDH_1SDV_20180804T171420_20180804T171445_012116_0164F7_5713_COG,1,True,S1B_IW_GRDH_1SDV_20180804T171420_20180804T171445_012116_0164F7_5713_COG,1,S1B,2018-08-04 17:14:20.812455+00:00,2018-08-04 17:14:45.811411+00:00,ascending,15,"[7.517425, 45.093163, 11.243394, 47.003368]",4,4,3,2,11
"S1B|2018-08-04 17:14:20.812812+00:00|2018-08-04 17:14:45.810296+00:00|ascending|15|(7.51744, 45.093201, 11.243258, 47.003304)",S1B_IW_GRDH_1SDV_20180804T171420_20180804T171445_012116_0164F7_4979_COG,1,True,S1B_IW_GRDH_1SDV_20180804T171420_20180804T171445_012116_0164F7_4979_COG,1,S1B,2018-08-04 17:14:20.812812+00:00,2018-08-04 17:14:45.810296+00:00,ascending,15,"[7.51744, 45.093201, 11.243258, 47.003304]",4,4,3,2,11
"S1B|2018-08-08 05:34:25.960204+00:00|2018-08-08 05:34:50.958561+00:00|descending|66|(6.705343, 45.606758, 10.390547, 47.505291)",S1B_IW_GRDH_1SDV_20180808T053425_20180808T053450_012167_01668A_407C_COG,1,True,S1B_IW_GRDH_1SDV_20180808T053425_20180808T053450_012167_01668A_407C_COG,1,S1B,2018-08-08 05:34:25.960204+00:00,2018-08-08 05:34:50.958561+00:00,descending,66,"[6.705343, 45.606758, 10.390547, 47.505291]",4,4,3,2,11
"S1B|2018-08-08 05:34:43.679003+00:00|2018-08-08 05:35:08.676233+00:00|descending|66|(6.418778, 44.545891, 10.085289, 46.448441)",S1B_IW_GRDH_1SDV_20180808T053443_20180808T053508_012167_01668A_0513_COG,1,True,S1B_IW_GRDH_1SDV_20180808T053443_20180808T053508_012167_01668A_0513_COG,1,S1B,2018-08-08 05:34:43.679003+00:00,2018-08-08 05:35:08.676233+00:00,descending,66,"[6.418778, 44.545891, 10.085289, 46.448441]",4,4,3,2,11
"S1B|2018-08-08 05:34:50.960086+00:00|2018-08-08 05:35:15.959943+00:00|descending|66|(6.379275, 44.107525, 9.983708, 46.005028)",S1B_IW_GRDH_1SDV_20180808T053450_20180808T053515_012167_01668A_9B1E_COG,1,True,S1B_IW_GRDH_1SDV_20180808T053450_20180808T053515_012167_01668A_9B1E_COG,1,S1B,2018-08-08 05:34:50.960086+00:00,2018-08-08 05:35:15.959943+00:00,descending,66,"[6.379275, 44.107525, 9.983708, 46.005028]",4,4,3,2,11
"S1B|2018-08-09 17:22:07.354864+00:00|2018-08-09 17:22:32.352312+00:00|ascending|88|(5.935778, 43.462307, 9.495883, 45.368816)",S1B_IW_GRDH_1SDV_20180809T172207_20180809T172232_012189_01673F_7CB7_COG,1,True,S1B_IW_GRDH_1SDV_20180809T172207_20180809T172232_012189_01673F_7CB7_COG,1,S1B,2018-08-09 17:22:07.354864+00:00,2018-08-09 17:22:32.352312+00:00,ascending,88,"[5.935778, 43.462307, 9.495883, 45.368816]",4,4,3,2,11
"S1B|2018-08-09 17:22:07.354888+00:00|2018-08-09 17:22:32.352337+00:00|ascending|88|(5.935719, 43.462296, 9.495822, 45.368809)",S1B_IW_GRDH_1SDV_20180809T172207_20180809T172232_012189_01673F_0727_COG,1,True,S1B_IW_GRDH_1SDV_20180809T172207_20180809T172232_012189_01673F_0727_COG,1,S1B,2018-08-09 17:22:07.354888+00:00,2018-08-09 17:22:32.352337+00:00,ascending,88,"[5.935719, 43.462296, 9.495822, 45.368809]",4,4,3,2,11
"S1B|2018-08-09 17:22:32.353807+00:00|2018-08-09 17:22:57.352750+00:00|ascending|88|(5.482594, 44.967056, 9.208842, 46.864201)",S1B_IW_GRDH_1SDV_20180809T172232_20180809T172257_012189_01673F_08F9_COG,1,True,S1B_IW_GRDH_1SDV_20180809T172232_20180809T172257_012189_01673F_08F9_COG,1,S1B,2018-08-09 17:22:32.353807+00:00,2018-08-09 17:22:57.352750+00:00,ascending,88,"[5.482594, 44.967056, 9.208842, 46.864201]",4,4,3,2,11
"S1B|2018-08-09 17:22:32.353833+00:00|2018-08-09 17:22:57.352778+00:00|ascending|88|(5.482537, 44.967045, 9.208782, 46.864185)",S1B_IW_GRDH_1SDV_20180809T172232_20180809T172257_012189_01673F_43E5_COG,1,True,S1B_IW_GRDH_1SDV_20180809T172232_20180809T172257_012189_01673F_43E5_COG,1,S1B,2018-08-09 17:22:32.353833+00:00,2018-08-09 17:22:57.352778+00:00,ascending,88,"[5.482537, 44.967045, 9.208782, 46.864185]",4,4,3,2,11
"S1B|2018-08-15 05:26:22.959597+00:00|2018-08-15 05:26:47.957890+00:00|descending|168|(8.593794, 45.00198, 12.264403, 46.906376)",S1B_IW_GRDH_1SDV_20180815T052622_20180815T052647_012269_0169B5_B1ED_COG,1,True,S1B_IW_GRDH_1SDV_20180815T052622_20180815T052647_012269_0169B5_B1ED_COG,1,S1B,2018-08-15 05:26:22.959597+00:00,2018-08-15 05:26:47.957890+00:00,descending,168,"[8.593794, 45.00198, 12.264403, 46.906376]",4,4,3,2,11
"S1B|2018-08-15 05:26:32.830990+00:00|2018-08-15 05:26:57.829974+00:00|descending|168|(8.49784, 44.410736, 12.111767, 46.308998)",S1B_IW_GRDH_1SDV_20180815T052632_20180815T052657_012269_0169B5_FFBA_COG,1,True,S1B_IW_GRDH_1SDV_20180815T052632_20180815T052657_012269_0169B5_FFBA_COG,1,S1B,2018-08-15 05:26:32.830990+00:00,2018-08-15 05:26:57.829974+00:00,descending,168,"[8.49784, 44.410736, 12.111767, 46.308998]",4,4,3,2,11
"S1B|2018-08-15 05:26:47.959390+00:00|2018-08-15 05:27:12.957682+00:00|descending|168|(8.26371, 43.503384, 11.875582, 45.404507)",S1B_IW_GRDH_1SDV_20180815T052647_20180815T052712_012269_0169B5_4034_COG,1,True,S1B_IW_GRDH_1SDV_20180815T052647_20180815T052712_012269_0169B5_4034_COG,1,S1B,2018-08-15 05:26:47.959390+00:00,2018-08-15 05:27:12.957682+00:00,descending,168,"[8.26371, 43.503384, 11.875582, 45.404507]",4,4,3,2,11
"S1B|2018-08-16 17:13:56.468660+00:00|2018-08-16 17:14:21.467719+00:00|ascending|15|(7.911002, 43.593594, 11.566873, 45.50172)",S1B_IW_GRDH_1SDV_20180816T171356_20180816T171421_012291_016A61_D8C1_COG,1,True,S1B_IW_GRDH_1SDV_20180816T171356_20180816T171421_012291_016A61_D8C1_COG,1,S1B,2018-08-16 17:13:56.468660+00:00,2018-08-16 17:14:21.467719+00:00,ascending,15,"[7.911002, 43.593594, 11.566873, 45.50172]",4,4,3,2,11
"S1B|2018-08-16 17:13:56.469744+00:00|2018-08-16 17:14:21.467277+00:00|ascending|15|(7.911011, 43.593643, 11.566861, 45.501682)",S1B_IW_GRDH_1SDV_20180816T171356_20180816T171421_012291_016A61_0471_COG,1,True,S1B_IW_GRDH_1SDV_20180816T171356_20180816T171421_012291_016A61_0471_COG,1,S1B,2018-08-16 17:13:56.469744+00:00,2018-08-16 17:14:21.467277+00:00,ascending,15,"[7.911011, 43.593643, 11.566861, 45.501682]",4,4,3,2,11
"S1B|2018-08-16 17:14:21.468773+00:00|2018-08-16 17:14:46.467802+00:00|ascending|15|(7.516848, 45.09306, 11.242826, 47.003288)",S1B_IW_GRDH_1SDV_20180816T171421_20180816T171446_012291_016A61_8905_COG,1,True,S1B_IW_GRDH_1SDV_20180816T171421_20180816T171446_012291_016A61_8905_COG,1,S1B,2018-08-16 17:14:21.468773+00:00,2018-08-16 17:14:46.467802+00:00,ascending,15,"[7.516848, 45.09306, 11.242826, 47.003288]",4,4,3,2,11
"S1B|2018-08-16 17:14:21.469216+00:00|2018-08-16 17:14:46.468274+00:00|ascending|15|(7.51684, 45.093098, 11.242819, 47.003326)",S1B_IW_GRDH_1SDV_20180816T171421_20180816T171446_012291_016A61_A11B_COG,1,True,S1B_IW_GRDH_1SDV_20180816T171421_20180816T171446_012291_016A61_A11B_COG,1,S1B,2018-08-16 17:14:21.469216+00:00,2018-08-16 17:14:46.468274+00:00,ascending,15,"[7.51684, 45.093098, 11.242819, 47.003326]",4,4,3,2,11
"S1B|2018-08-20 05:34:44.679145+00:00|2018-08-20 05:35:09.677793+00:00|descending|66|(6.418221, 44.545742, 10.084926, 46.448387)",S1B_IW_GRDH_1SDV_20180820T053444_20180820T053509_012342_016C01_0DA4_COG,1,True,S1B_IW_GRDH_1SDV_20180820T053444_20180820T053509_012342_016C01_0DA4_COG,1,S1B,2018-08-20 05:34:44.679145+00:00,2018-08-20 05:35:09.677793+00:00,descending,66,"[6.418221, 44.545742, 10.084926, 46.448387]",4,4,3,2,11
"S1B|2018-08-20 05:34:50.917222+00:00|2018-08-20 05:35:15.915643+00:00|descending|66|(6.390905, 44.170246, 9.996741, 46.067986)",S1B_IW_GRDH_1SDV_20180820T053450_20180820T053515_012342_016C01_7D8D_COG,1,True,S1B_IW_GRDH_1SDV_20180820T053450_20180820T053515_012342_016C01_7D8D_COG,1,S1B,2018-08-20 05:34:50.917222+00:00,2018-08-20 05:35:15.915643+00:00,descending,66,"[6.390905, 44.170246, 9.996741, 46.067986]",4,4,3,2,11
"S1B|2018-08-21 17:22:08.471938+00:00|2018-08-21 17:22:33.471837+00:00|ascending|88|(5.927794, 43.472359, 9.491176, 45.379402)",S1B_IW_GRDH_1SDV_20180821T172208_20180821T172233_012364_016CB3_00D6_COG,1,True,S1B_IW_GRDH_1SDV_20180821T172208_20180821T172233_012364_016CB3_00D6_COG,1,S1B,2018-08-21 17:22:08.471938+00:00,2018-08-21 17:22:33.471837+00:00,ascending,88,"[5.927794, 43.472359, 9.491176, 45.379402]",4,4,3,2,11
"S1B|2018-08-21 17:22:08.473271+00:00|2018-08-21 17:22:33.471663+00:00|ascending|88|(5.927833, 43.472435, 9.491199, 45.379387)",S1B_IW_GRDH_1SDV_20180821T172208_20180821T172233_012364_016CB3_3DB8_COG,1,True,S1B_IW_GRDH_1SDV_20180821T172208_20180821T172233_012364_016CB3_3DB8_COG,1,S1B,2018-08-21 17:22:08.473271+00:00,2018-08-21 17:22:33.471663+00:00,ascending,88,"[5.927833, 43.472435, 9.491199, 45.379387]",4,4,3,2,11
"S1B|2018-08-21 17:22:33.473158+00:00|2018-08-21 17:22:58.471550+00:00|ascending|88|(5.47474, 44.977215, 9.203961, 46.874756)",S1B_IW_GRDH_1SDV_20180821T172233_20180821T172258_012364_016CB3_BD89_COG,1,True,S1B_IW_GRDH_1SDV_20180821T172233_20180821T172258_012364_016CB3_BD89_COG,1,S1B,2018-08-21 17:22:33.473158+00:00,2018-08-21 17:22:58.471550+00:00,ascending,88,"[5.47474, 44.977215, 9.203961, 46.874756]",4,4,3,2,11
"S1B|2018-08-21 17:22:33.473333+00:00|2018-08-21 17:22:58.471736+00:00|ascending|88|(5.474704, 44.977226, 9.203923, 46.874763)",S1B_IW_GRDH_1SDV_20180821T172233_20180821T172258_012364_016CB3_D004_COG,1,True,S1B_IW_GRDH_1SDV_20180821T172233_20180821T172258_012364_016CB3_D004_COG,1,S1B,2018-08-21 17:22:33.473333+00:00,2018-08-21 17:22:58.471736+00:00,ascending,88,"[5.474704, 44.977226, 9.203923, 46.874763]",4,4,3,2,11
"S1B|2018-08-27 05:26:23.595157+00:00|2018-08-27 05:26:48.594897+00:00|descending|168|(8.593411, 45.001823, 12.264018, 46.906288)",S1B_IW_GRDH_1SDV_20180827T052623_20180827T052648_012444_016F26_ADF8_COG,1,True,S1B_IW_GRDH_1SDV_20180827T052623_20180827T052648_012444_016F26_ADF8_COG,1,S1B,2018-08-27 05:26:23.595157+00:00,2018-08-27 05:26:48.594897+00:00,descending,168,"[8.593411, 45.001823, 12.264018, 46.906288]",4,4,3,2,11
"S1B|2018-08-27 05:26:32.889708+00:00|2018-08-27 05:26:57.888845+00:00|descending|168|(8.506057, 44.445011, 12.121193, 46.343742)",S1B_IW_GRDH_1SDV_20180827T052632_20180827T052657_012444_016F26_A5AB_COG,1,True,S1B_IW_GRDH_1SDV_20180827T052632_20180827T052657_012444_016F26_A5AB_COG,1,S1B,2018-08-27 05:26:32.889708+00:00,2018-08-27 05:26:57.888845+00:00,descending,168,"[8.506057, 44.445011, 12.121193, 46.343742]",4,4,3,2,11
"S1B|2018-08-27 05:26:48.596369+00:00|2018-08-27 05:27:13.594607+00:00|descending|168|(8.263473, 43.503227, 11.875196, 45.404316)",S1B_IW_GRDH_1SDV_20180827T052648_20180827T052713_012444_016F26_AACA_COG,1,True,S1B_IW_GRDH_1SDV_20180827T052648_20180827T052713_012444_016F26_AACA_COG,1,S1B,2018-08-27 05:26:48.596369+00:00,2018-08-27 05:27:13.594607+00:00,descending,168,"[8.263473, 43.503227, 11.875196, 45.404316]",4,4,3,2,11
"S1B|2018-08-28 17:13:56.999558+00:00|2018-08-28 17:14:21.998607+00:00|ascending|15|(7.912272, 43.593628, 11.568121, 45.501728)",S1B_IW_GRDH_1SDV_20180828T171356_20180828T171421_012466_016FD2_9EB9_COG,1,True,S1B_IW_GRDH_1SDV_20180828T171356_20180828T171421_012466_016FD2_9EB9_COG,1,S1B,2018-08-28 17:13:56.999558+00:00,2018-08-28 17:14:21.998607+00:00,ascending,15,"[7.912272, 43.593628, 11.568121, 45.501728]",4,4,3,2,11
"S1B|2018-08-28 17:13:56.999613+00:00|2018-08-28 17:14:21.998666+00:00|ascending|15|(7.912251, 43.593636, 11.568098, 45.501732)",S1B_IW_GRDH_1SDV_20180828T171356_20180828T171421_012466_016FD2_DD55_COG,1,True,S1B_IW_GRDH_1SDV_20180828T171356_20180828T171421_012466_016FD2_DD55_COG,1,S1B,2018-08-28 17:13:56.999613+00:00,2018-08-28 17:14:21.998666+00:00,ascending,15,"[7.912251, 43.593636, 11.568098, 45.501732]",4,4,3,2,11
"S1B|2018-08-28 17:14:22.000103+00:00|2018-08-28 17:14:46.999152+00:00|ascending|15|(7.518139, 45.093136, 11.244098, 47.003338)",S1B_IW_GRDH_1SDV_20180828T171422_20180828T171446_012466_016FD2_5B2E_COG,1,True,S1B_IW_GRDH_1SDV_20180828T171422_20180828T171446_012466_016FD2_5B2E_COG,1,S1B,2018-08-28 17:14:22.000103+00:00,2018-08-28 17:14:46.999152+00:00,ascending,15,"[7.518139, 45.093136, 11.244098, 47.003338]",4,4,3,2,11
"S1B|2018-08-28 17:14:22.000162+00:00|2018-08-28 17:14:46.999215+00:00|ascending|15|(7.518121, 45.09314, 11.244077, 47.003342)",S1B_IW_GRDH_1SDV_20180828T171422_20180828T171446_012466_016FD2_D416_COG,1,True,S1B_IW_GRDH_1SDV_20180828T171422_20180828T171446_012466_016FD2_D416_COG,1,S1B,2018-08-28 17:14:22.000162+00:00,2018-08-28 17:14:46.999215+00:00,ascending,15,"[7.518121, 45.09314, 11.244077, 47.003342]",4,4,3,2,11
"S1B|2018-09-01 05:34:45.123411+00:00|2018-09-01 05:35:10.120564+00:00|descending|66|(6.418358, 44.545845, 10.084762, 46.448399)",S1B_IW_GRDH_1SDV_20180901T053445_20180901T053510_012517_017168_0AB9_COG,1,True,S1B_IW_GRDH_1SDV_20180901T053445_20180901T053510_012517_017168_0AB9_COG,1,S1B,2018-09-01 05:34:45.123411+00:00,2018-09-01 05:35:10.120564+00:00,descending,66,"[6.418358, 44.545845, 10.084762, 46.448399]",4,4,3,2,11
"S1B|2018-09-01 05:34:50.999728+00:00|2018-09-01 05:35:15.998150+00:00|descending|66|(6.395061, 44.192097, 10.000843, 46.08976)",S1B_IW_GRDH_1SDV_20180901T053450_20180901T053515_012517_017168_1D99_COG,1,True,S1B_IW_GRDH_1SDV_20180901T053450_20180901T053515_012517_017168_1D99_COG,1,S1B,2018-09-01 05:34:50.999728+00:00,2018-09-01 05:35:15.998150+00:00,descending,66,"[6.395061, 44.192097, 10.000843, 46.08976]",4,4,3,2,11
"S1B|2018-09-02 17:22:08.939495+00:00|2018-09-02 17:22:33.938071+00:00|ascending|88|(5.928232, 43.472481, 9.491602, 45.37944)",S1B_IW_GRDH_1SDV_20180902T172208_20180902T172233_012539_01721C_9731_COG,1,True,S1B_IW_GRDH_1SDV_20180902T172208_20180902T172233_012539_01721C_9731_COG,1,S1B,2018-09-02 17:22:08.939495+00:00,2018-09-02 17:22:33.938071+00:00,ascending,88,"[5.928232, 43.472481, 9.491602, 45.37944]",4,4,3,2,11
"S1B|2018-09-02 17:22:08.939923+00:00|2018-09-02 17:22:33.938317+00:00|ascending|88|(5.928215, 43.472496, 9.491588, 45.379448)",S1B_IW_GRDH_1SDV_20180902T172208_20180902T172233_012539_01721C_5341_COG,1,True,S1B_IW_GRDH_1SDV_20180902T172208_20180902T172233_012539_01721C_5341_COG,1,S1B,2018-09-02 17:22:08.939923+00:00,2018-09-02 17:22:33.938317+00:00,ascending,88,"[5.928215, 43.472496, 9.491588, 45.379448]",4,4,3,2,11
"S1B|2018-09-02 17:22:33.939584+00:00|2018-09-02 17:22:58.938162+00:00|ascending|88|(5.475141, 44.977272, 9.20449, 46.874828)",S1B_IW_GRDH_1SDV_20180902T172233_20180902T172258_012539_01721C_56BD_COG,1,True,S1B_IW_GRDH_1SDV_20180902T172233_20180902T172258_012539_01721C_56BD_COG,1,S1B,2018-09-02 17:22:33.939584+00:00,2018-09-02 17:22:58.938162+00:00,ascending,88,"[5.475141, 44.977272, 9.20449, 46.874828]",4,4,3,2,11
"S1B|2018-09-02 17:22:33.939830+00:00|2018-09-02 17:22:58.938225+00:00|ascending|88|(5.475121, 44.977276, 9.204473, 46.874828)",S1B_IW_GRDH_1SDV_20180902T172233_20180902T172258_012539_01721C_8880_COG,1,True,S1B_IW_GRDH_1SDV_20180902T172233_20180902T172258_012539_01721C_8880_COG,1,S1B,2018-09-02 17:22:33.939830+00:00,2018-09-02 17:22:58.938225+00:00,ascending,88,"[5.475121, 44.977276, 9.204473, 46.874828]",4,4,3,2,11
"S1B|2018-09-08 05:26:24.169552+00:00|2018-09-08 05:26:49.167731+00:00|descending|168|(8.592743, 45.001911, 12.263309, 46.906269)",S1B_IW_GRDH_1SDV_20180908T052624_20180908T052649_012619_01748C_2F02_COG,1,True,S1B_IW_GRDH_1SDV_20180908T052624_20180908T052649_012619_01748C_2F02_COG,1,S1B,2018-09-08 05:26:24.169552+00:00,2018-09-08 05:26:49.167731+00:00,descending,168,"[8.592743, 45.001911, 12.263309, 46.906269]",4,4,3,2,11
"S1B|2018-09-08 05:26:32.900680+00:00|2018-09-08 05:26:57.898377+00:00|descending|168|(8.51333, 44.478664, 12.128657, 46.377502)",S1B_IW_GRDH_1SDV_20180908T052632_20180908T052657_012619_01748C_593B_COG,1,True,S1B_IW_GRDH_1SDV_20180908T052632_20180908T052657_012619_01748C_593B_COG,1,S1B,2018-09-08 05:26:32.900680+00:00,2018-09-08 05:26:57.898377+00:00,descending,168,"[8.51333, 44.478664, 12.128657, 46.377502]",4,4,3,2,11
"S1B|2018-09-08 05:26:49.169227+00:00|2018-09-08 05:27:14.168906+00:00|descending|168|(8.262677, 43.503231, 11.874537, 45.4044)",S1B_IW_GRDH_1SDV_20180908T052649_20180908T052714_012619_01748C_7271_COG,1,True,S1B_IW_GRDH_1SDV_20180908T052649_20180908T052714_012619_01748C_7271_COG,1,S1B,2018-09-08 05:26:49.169227+00:00,2018-09-08 05:27:14.168906+00:00,descending,168,"[8.262677, 43.503231, 11.874537, 45.4044]",4,4,3,2,11
"S1B|2018-09-09 17:13:57.602576+00:00|2018-09-09 17:14:22.601629+00:00|ascending|15|(7.912476, 43.593639, 11.56842, 45.501713)",S1B_IW_GRDH_1SDV_20180909T171357_20180909T171422_012641_017538_36A6_COG,1,True,S1B_IW_GRDH_1SDV_20180909T171357_20180909T171422_012641_017538_36A6_COG,1,S1B,2018-09-09 17:13:57.602576+00:00,2018-09-09 17:14:22.601629+00:00,ascending,15,"[7.912476, 43.593639, 11.56842, 45.501713]",4,4,3,2,11
"S1B|2018-09-09 17:13:57.603096+00:00|2018-09-09 17:14:22.602186+00:00|ascending|15|(7.91243, 43.593693, 11.568377, 45.501766)",S1B_IW_GRDH_1SDV_20180909T171357_20180909T171422_012641_017538_B30B_COG,1,True,S1B_IW_GRDH_1SDV_20180909T171357_20180909T171422_012641_017538_B30B_COG,1,S1B,2018-09-09 17:13:57.603096+00:00,2018-09-09 17:14:22.602186+00:00,ascending,15,"[7.91243, 43.593693, 11.568377, 45.501766]",4,4,3,2,11
"S1B|2018-09-09 17:14:22.603125+00:00|2018-09-09 17:14:47.602178+00:00|ascending|15|(7.518383, 45.093151, 11.244312, 47.003307)",S1B_IW_GRDH_1SDV_20180909T171422_20180909T171447_012641_017538_A20D_COG,1,True,S1B_IW_GRDH_1SDV_20180909T171422_20180909T171447_012641_017538_A20D_COG,1,S1B,2018-09-09 17:14:22.603125+00:00,2018-09-09 17:14:47.602178+00:00,ascending,15,"[7.518383, 45.093151, 11.244312, 47.003307]",4,4,3,2,11
"S1B|2018-09-09 17:14:22.603682+00:00|2018-09-09 17:14:47.601275+00:00|ascending|15|(7.518362, 45.093201, 11.244268, 47.003273)",S1B_IW_GRDH_1SDV_20180909T171422_20180909T171447_012641_017538_EA51_COG,1,True,S1B_IW_GRDH_1SDV_20180909T171422_20180909T171447_012641_017538_EA51_COG,1,S1B,2018-09-09 17:14:22.603682+00:00,2018-09-09 17:14:47.601275+00:00,ascending,15,"[7.518362, 45.093201, 11.244268, 47.003273]",4,4,3,2,11
"S1B|2018-09-13 05:34:45.641032+00:00|2018-09-13 05:35:10.639713+00:00|descending|66|(6.417889, 44.545845, 10.084558, 46.448437)",S1B_IW_GRDH_1SDV_20180913T053445_20180913T053510_012692_0176C0_0603_COG,1,True,S1B_IW_GRDH_1SDV_20180913T053445_20180913T053510_012692_0176C0_0603_COG,1,S1B,2018-09-13 05:34:45.641032+00:00,2018-09-13 05:35:10.639713+00:00,descending,66,"[6.417889, 44.545845, 10.084558, 46.448437]",4,4,3,2,11
"S1B|2018-09-13 05:34:51.037984+00:00|2018-09-13 05:35:16.035134+00:00|descending|66|(6.399956, 44.22118, 10.006235, 46.118721)",S1B_IW_GRDH_1SDV_20180913T053451_20180913T053516_012692_0176C0_0789_COG,1,True,S1B_IW_GRDH_1SDV_20180913T053451_20180913T053516_012692_0176C0_0789_COG,1,S1B,2018-09-13 05:34:51.037984+00:00,2018-09-13 05:35:16.035134+00:00,descending,66,"[6.399956, 44.22118, 10.006235, 46.118721]",4,4,3,2,11
"S1B|2018-09-14 17:22:09.416455+00:00|2018-09-14 17:22:34.414803+00:00|ascending|88|(5.928827, 43.472485, 9.492002, 45.379436)",S1B_IW_GRDH_1SDV_20180914T172209_20180914T172234_012714_017772_C14B_COG,1,True,S1B_IW_GRDH_1SDV_20180914T172209_20180914T172234_012714_017772_C14B_COG,1,S1B,2018-09-14 17:22:09.416455+00:00,2018-09-14 17:22:34.414803+00:00,ascending,88,"[5.928827, 43.472485, 9.492002, 45.379436]",4,4,3,2,11
"S1B|2018-09-14 17:22:09.416521+00:00|2018-09-14 17:22:34.414874+00:00|ascending|88|(5.928826, 43.472488, 9.491996, 45.379436)",S1B_IW_GRDH_1SDV_20180914T172209_20180914T172234_012714_017772_C553_COG,1,True,S1B_IW_GRDH_1SDV_20180914T172209_20180914T172234_012714_017772_C553_COG,1,S1B,2018-09-14 17:22:09.416521+00:00,2018-09-14 17:22:34.414874+00:00,ascending,88,"[5.928826, 43.472488, 9.491996, 45.379436]",4,4,3,2,11
"S1B|2018-09-14 17:22:34.416316+00:00|2018-09-14 17:22:59.414665+00:00|ascending|88|(5.475565, 44.977291, 9.205107, 46.874794)",S1B_IW_GRDH_1SDV_20180914T172234_20180914T172259_012714_017772_1F5C_COG,1,True,S1B_IW_GRDH_1SDV_20180914T172234_20180914T172259_012714_017772_1F5C_COG,1,S1B,2018-09-14 17:22:34.416316+00:00,2018-09-14 17:22:59.414665+00:00,ascending,88,"[5.475565, 44.977291, 9.205107, 46.874794]",4,4,3,2,11
"S1B|2018-09-14 17:22:34.416387+00:00|2018-09-14 17:22:59.414741+00:00|ascending|88|(5.47557, 44.977291, 9.205106, 46.874794)",S1B_IW_GRDH_1SDV_20180914T172234_20180914T172259_012714_017772_E26D_COG,1,True,S1B_IW_GRDH_1SDV_20180914T172234_20180914T172259_012714_017772_E26D_COG,1,S1B,2018-09-14 17:22:34.416387+00:00,2018-09-14 17:22:59.414741+00:00,ascending,88,"[5.47557, 44.977291, 9.205106, 46.874794]",4,4,3,2,11
"S1B|2018-09-20 05:26:24.515748+00:00|2018-09-20 05:26:49.514097+00:00|descending|168|(8.593607, 45.001911, 12.264336, 46.906338)",S1B_IW_GRDH_1SDV_20180920T052624_20180920T052649_012794_0179E4_AF98_COG,1,True,S1B_IW_GRDH_1SDV_20180920T052624_20180920T052649_012794_0179E4_AF98_COG,1,S1B,2018-09-20 05:26:24.515748+00:00,2018-09-20 05:26:49.514097+00:00,descending,168,"[8.593607, 45.001911, 12.264336, 46.906338]",4,4,3,2,11
"S1B|2018-09-20 05:26:33.006126+00:00|2018-09-20 05:26:58.005693+00:00|descending|168|(8.516406, 44.493019, 12.133981, 46.392166)",S1B_IW_GRDH_1SDV_20180920T052633_20180920T052658_012794_0179E4_7E8F_COG,1,True,S1B_IW_GRDH_1SDV_20180920T052633_20180920T052658_012794_0179E4_7E8F_COG,1,S1B,2018-09-20 05:26:33.006126+00:00,2018-09-20 05:26:58.005693+00:00,descending,168,"[8.516406, 44.493019, 12.133981, 46.392166]",4,4,3,2,11
"S1B|2018-09-20 05:26:49.515595+00:00|2018-09-20 05:27:14.513944+00:00|descending|168|(8.263638, 43.503319, 11.875515, 45.404453)",S1B_IW_GRDH_1SDV_20180920T052649_20180920T052714_012794_0179E4_59BE_COG,1,True,S1B_IW_GRDH_1SDV_20180920T052649_20180920T052714_012794_0179E4_59BE_COG,1,S1B,2018-09-20 05:26:49.515595+00:00,2018-09-20 05:27:14.513944+00:00,descending,168,"[8.263638, 43.503319, 11.875515, 45.404453]",4,4,3,2,11
"S1B|2018-09-21 17:13:57.921502+00:00|2018-09-21 17:14:22.920547+00:00|ascending|15|(7.911883, 43.5937, 11.567862, 45.501801)",S1B_IW_GRDH_1SDV_20180921T171357_20180921T171422_012816_017A90_B3CA_COG,1,True,S1B_IW_GRDH_1SDV_20180921T171357_20180921T171422_012816_017A90_B3CA_COG,1,S1B,2018-09-21 17:13:57.921502+00:00,2018-09-21 17:14:22.920547+00:00,ascending,15,"[7.911883, 43.5937, 11.567862, 45.501801]",4,4,3,2,11
"S1B|2018-09-21 17:13:57.922702+00:00|2018-09-21 17:14:22.920230+00:00|ascending|15|(7.911925, 43.593773, 11.567883, 45.501778)",S1B_IW_GRDH_1SDV_20180921T171357_20180921T171422_012816_017A90_F8C6_COG,1,True,S1B_IW_GRDH_1SDV_20180921T171357_20180921T171422_012816_017A90_F8C6_COG,1,S1B,2018-09-21 17:13:57.922702+00:00,2018-09-21 17:14:22.920230+00:00,ascending,15,"[7.911925, 43.593773, 11.567883, 45.501778]",4,4,3,2,11
"S1B|2018-09-21 17:14:22.921726+00:00|2018-09-21 17:14:47.920750+00:00|ascending|15|(7.517793, 45.093185, 11.243756, 47.003376)",S1B_IW_GRDH_1SDV_20180921T171422_20180921T171447_012816_017A90_7473_COG,1,True,S1B_IW_GRDH_1SDV_20180921T171422_20180921T171447_012816_017A90_7473_COG,1,S1B,2018-09-21 17:14:22.921726+00:00,2018-09-21 17:14:47.920750+00:00,ascending,15,"[7.517793, 45.093185, 11.243756, 47.003376]",4,4,3,2,11
"S1B|2018-09-21 17:14:22.922044+00:00|2018-09-21 17:14:47.921089+00:00|ascending|15|(7.517752, 45.093204, 11.243715, 47.003395)",S1B_IW_GRDH_1SDV_20180921T171422_20180921T171447_012816_017A90_B760_COG,1,True,S1B_IW_GRDH_1SDV_20180921T171422_20180921T171447_012816_017A90_B760_COG,1,S1B,2018-09-21 17:14:22.922044+00:00,2018-09-21 17:14:47.921089+00:00,ascending,15,"[7.517752, 45.093204, 11.243715, 47.003395]",4,4,3,2,11
"S1B|2018-09-25 05:34:45.878269+00:00|2018-09-25 05:35:10.877014+00:00|descending|66|(6.418017, 44.545944, 10.084806, 46.448532)",S1B_IW_GRDH_1SDV_20180925T053445_20180925T053510_012867_017C25_202E_COG,1,True,S1B_IW_GRDH_1SDV_20180925T053445_20180925T053510_012867_017C25_202E_COG,1,S1B,2018-09-25 05:34:45.878269+00:00,2018-09-25 05:35:10.877014+00:00,descending,66,"[6.418017, 44.545944, 10.084806, 46.448532]",4,4,3,2,11
"S1B|2018-09-25 05:34:50.745823+00:00|2018-09-25 05:35:15.744535+00:00|descending|66|(6.406341, 44.25296, 10.015283, 46.150684)",S1B_IW_GRDH_1SDV_20180925T053450_20180925T053515_012867_017C25_1ADC_COG,1,True,S1B_IW_GRDH_1SDV_20180925T053450_20180925T053515_012867_017C25_1ADC_COG,1,S1B,2018-09-25 05:34:50.745823+00:00,2018-09-25 05:35:15.744535+00:00,descending,66,"[6.406341, 44.25296, 10.015283, 46.150684]",4,4,3,2,11
"S1B|2018-09-26 17:22:09.562937+00:00|2018-09-26 17:22:34.561257+00:00|ascending|88|(5.930396, 43.472622, 9.493551, 45.379528)",S1B_IW_GRDH_1SDV_20180926T172209_20180926T172234_012889_017CD5_9B9A_COG,1,True,S1B_IW_GRDH_1SDV_20180926T172209_20180926T172234_012889_017CD5_9B9A_COG,1,S1B,2018-09-26 17:22:09.562937+00:00,2018-09-26 17:22:34.561257+00:00,ascending,88,"[5.930396, 43.472622, 9.493551, 45.379528]",4,4,3,2,11
"S1B|2018-09-26 17:22:09.562972+00:00|2018-09-26 17:22:34.561295+00:00|ascending|88|(5.930402, 43.472637, 9.493564, 45.379547)",S1B_IW_GRDH_1SDV_20180926T172209_20180926T172234_012889_017CD5_F605_COG,1,True,S1B_IW_GRDH_1SDV_20180926T172209_20180926T172234_012889_017CD5_F605_COG,1,S1B,2018-09-26 17:22:09.562972+00:00,2018-09-26 17:22:34.561295+00:00,ascending,88,"[5.930402, 43.472637, 9.493564, 45.379547]",4,4,3,2,11
"S1B|2018-09-26 17:22:34.562771+00:00|2018-09-26 17:22:59.561092+00:00|ascending|88|(5.476993, 44.977428, 9.206693, 46.87487)",S1B_IW_GRDH_1SDV_20180926T172234_20180926T172259_012889_017CD5_3288_COG,1,True,S1B_IW_GRDH_1SDV_20180926T172234_20180926T172259_012889_017CD5_3288_COG,1,S1B,2018-09-26 17:22:34.562771+00:00,2018-09-26 17:22:59.561092+00:00,ascending,88,"[5.476993, 44.977428, 9.206693, 46.87487]",4,4,3,2,11
"S1B|2018-09-26 17:22:34.562809+00:00|2018-09-26 17:22:59.561133+00:00|ascending|88|(5.476993, 44.977448, 9.206699, 46.874893)",S1B_IW_GRDH_1SDV_20180926T172234_20180926T172259_012889_017CD5_FC37_COG,1,True,S1B_IW_GRDH_1SDV_20180926T172234_20180926T172259_012889_017CD5_FC37_COG,1,S1B,2018-09-26 17:22:34.562809+00:00,2018-09-26 17:22:59.561133+00:00,ascending,88,"[5.476993, 44.977448, 9.206699, 46.874893]",4,4,3,2,11
"S1B|2019-04-01 17:13:55.534988+00:00|2019-04-01 17:14:20.534245+00:00|ascending|15|(7.910827, 43.593262, 11.566901, 45.501392)",S1B_IW_GRDH_1SDV_20190401T171355_20190401T171420_015616_01D477_14DD_COG,1,True,S1B_IW_GRDH_1SDV_20190401T171355_20190401T171420_015616_01D477_14DD_COG,1,S1B,2019-04-01 17:13:55.534988+00:00,2019-04-01 17:14:20.534245+00:00,ascending,15,"[7.910827, 43.593262, 11.566901, 45.501392]",4,4,3,2,11
"S1B|2019-04-01 17:13:55.535882+00:00|2019-04-01 17:14:20.533598+00:00|ascending|15|(7.910867, 43.5933, 11.566918, 45.501339)",S1B_IW_GRDH_1SDV_20190401T171355_20190401T171420_015616_01D477_95FF_COG,1,True,S1B_IW_GRDH_1SDV_20190401T171355_20190401T171420_015616_01D477_95FF_COG,1,S1B,2019-04-01 17:13:55.535882+00:00,2019-04-01 17:14:20.533598+00:00,ascending,15,"[7.910867, 43.5933, 11.566918, 45.501339]",4,4,3,2,11
"S1B|2019-04-01 17:14:20.535095+00:00|2019-04-01 17:14:45.534308+00:00|ascending|15|(7.516741, 45.092716, 11.24292, 47.002949)",S1B_IW_GRDH_1SDV_20190401T171420_20190401T171445_015616_01D477_74D8_COG,1,True,S1B_IW_GRDH_1SDV_20190401T171420_20190401T171445_015616_01D477_74D8_COG,1,S1B,2019-04-01 17:14:20.535095+00:00,2019-04-01 17:14:45.534308+00:00,ascending,15,"[7.516741, 45.092716, 11.24292, 47.002949]",4,4,3,2,11
"S1B|2019-04-01 17:14:20.535741+00:00|2019-04-01 17:14:45.533500+00:00|ascending|15|(7.516726, 45.09277, 11.242883, 47.002911)",S1B_IW_GRDH_1SDV_20190401T171420_20190401T171445_015616_01D477_2D05_COG,1,True,S1B_IW_GRDH_1SDV_20190401T171420_20190401T171445_015616_01D477_2D05_COG,1,S1B,2019-04-01 17:14:20.535741+00:00,2019-04-01 17:14:45.533500+00:00,ascending,15,"[7.516726, 45.09277, 11.242883, 47.002911]",4,4,3,2,11
"S1B|2019-04-05 05:34:39.079567+00:00|2019-04-05 05:35:04.078635+00:00|descending|66|(6.529687, 44.815609, 10.139636, 46.715836)",S1B_IW_GRDH_1SDV_20190405T053439_20190405T053504_015667_01D631_835A_COG,1,True,S1B_IW_GRDH_1SDV_20190405T053439_20190405T053504_015667_01D631_835A_COG,1,S1B,2019-04-05 05:34:39.079567+00:00,2019-04-05 05:35:04.078635+00:00,descending,66,"[6.529687, 44.815609, 10.139636, 46.715836]",4,4,3,2,11
"S1B|2019-04-05 05:34:39.079767+00:00|2019-04-05 05:35:04.078857+00:00|descending|66|(6.529688, 44.815594, 10.139638, 46.71582)",S1B_IW_GRDH_1SDV_20190405T053439_20190405T053504_015667_01D631_FDE8_COG,1,True,S1B_IW_GRDH_1SDV_20190405T053439_20190405T053504_015667_01D631_FDE8_COG,1,S1B,2019-04-05 05:34:39.079767+00:00,2019-04-05 05:35:04.078857+00:00,descending,66,"[6.529688, 44.815594, 10.139638, 46.71582]",4,4,3,2,11
"S1B|2019-04-05 05:35:04.080140+00:00|2019-04-05 05:35:29.077711+00:00|descending|66|(6.208661, 43.315628, 9.758035, 45.213284)",S1B_IW_GRDH_1SDV_20190405T053504_20190405T053529_015667_01D631_3B5F_COG,1,True,S1B_IW_GRDH_1SDV_20190405T053504_20190405T053529_015667_01D631_3B5F_COG,1,S1B,2019-04-05 05:35:04.080140+00:00,2019-04-05 05:35:29.077711+00:00,descending,66,"[6.208661, 43.315628, 9.758035, 45.213284]",4,4,3,2,11
"S1B|2019-04-05 05:35:04.080362+00:00|2019-04-05 05:35:29.077956+00:00|descending|66|(6.208663, 43.315613, 9.758035, 45.213268)",S1B_IW_GRDH_1SDV_20190405T053504_20190405T053529_015667_01D631_9F91_COG,1,True,S1B_IW_GRDH_1SDV_20190405T053504_20190405T053529_015667_01D631_9F91_COG,1,S1B,2019-04-05 05:35:04.080362+00:00,2019-04-05 05:35:29.077956+00:00,descending,66,"[6.208663, 43.315613, 9.758035, 45.213268]",4,4,3,2,11
"S1B|2019-04-06 17:22:07.337708+00:00|2019-04-06 17:22:32.335439+00:00|ascending|88|(5.928081, 43.472122, 9.493336, 45.379196)",S1B_IW_GRDH_1SDV_20190406T172207_20190406T172232_015689_01D6F7_FF91_COG,1,True,S1B_IW_GRDH_1SDV_20190406T172207_20190406T172232_015689_01D6F7_FF91_COG,1,S1B,2019-04-06 17:22:07.337708+00:00,2019-04-06 17:22:32.335439+00:00,ascending,88,"[5.928081, 43.472122, 9.493336, 45.379196]",4,4,3,2,11
"S1B|2019-04-06 17:22:07.337771+00:00|2019-04-06 17:22:32.335506+00:00|ascending|88|(5.928109, 43.472137, 9.493368, 45.379215)",S1B_IW_GRDH_1SDV_20190406T172207_20190406T172232_015689_01D6F7_A6A0_COG,1,True,S1B_IW_GRDH_1SDV_20190406T172207_20190406T172232_015689_01D6F7_A6A0_COG,1,S1B,2019-04-06 17:22:07.337771+00:00,2019-04-06 17:22:32.335506+00:00,ascending,88,"[5.928109, 43.472137, 9.493368, 45.379215]",4,4,3,2,11
"S1B|2019-04-06 17:22:32.336952+00:00|2019-04-06 17:22:57.336179+00:00|ascending|88|(5.475032, 44.976856, 9.206345, 46.874619)",S1B_IW_GRDH_1SDV_20190406T172232_20190406T172257_015689_01D6F7_86B5_COG,1,True,S1B_IW_GRDH_1SDV_20190406T172232_20190406T172257_015689_01D6F7_86B5_COG,1,S1B,2019-04-06 17:22:32.336952+00:00,2019-04-06 17:22:57.336179+00:00,ascending,88,"[5.475032, 44.976856, 9.206345, 46.874619]",4,4,3,2,11
"S1B|2019-04-06 17:22:32.337019+00:00|2019-04-06 17:22:57.336251+00:00|ascending|88|(5.475055, 44.976875, 9.206373, 46.874638)",S1B_IW_GRDH_1SDV_20190406T172232_20190406T172257_015689_01D6F7_929E_COG,1,True,S1B_IW_GRDH_1SDV_20190406T172232_20190406T172257_015689_01D6F7_929E_COG,1,S1B,2019-04-06 17:22:32.337019+00:00,2019-04-06 17:22:57.336251+00:00,ascending,88,"[5.475055, 44.976875, 9.206373, 46.874638]",4,4,3,2,11
"S1B|2019-04-12 05:26:34.268490+00:00|2019-04-12 05:26:59.266885+00:00|descending|168|(8.487836, 44.291294, 12.084216, 46.187542)",S1B_IW_GRDH_1SDV_20190412T052634_20190412T052659_015769_01D98F_CDFA_COG,1,True,S1B_IW_GRDH_1SDV_20190412T052634_20190412T052659_015769_01D98F_CDFA_COG,1,S1B,2019-04-12 05:26:34.268490+00:00,2019-04-12 05:26:59.266885+00:00,descending,168,"[8.487836, 44.291294, 12.084216, 46.187542]",4,4,3,2,11
"S1B|2019-04-12 05:26:34.268574+00:00|2019-04-12 05:26:59.266983+00:00|descending|168|(8.487844, 44.291275, 12.084221, 46.187523)",S1B_IW_GRDH_1SDV_20190412T052634_20190412T052659_015769_01D98F_60EE_COG,1,True,S1B_IW_GRDH_1SDV_20190412T052634_20190412T052659_015769_01D98F_60EE_COG,1,S1B,2019-04-12 05:26:34.268574+00:00,2019-04-12 05:26:59.266983+00:00,descending,168,"[8.487844, 44.291275, 12.084221, 46.187523]",4,4,3,2,11
"S1B|2019-04-13 17:13:55.840804+00:00|2019-04-13 17:14:20.839757+00:00|ascending|15|(7.911348, 43.593624, 11.567211, 45.501732)",S1B_IW_GRDH_1SDV_20190413T171355_20190413T171420_015791_01DA48_7354_COG,1,True,S1B_IW_GRDH_1SDV_20190413T171355_20190413T171420_015791_01DA48_7354_COG,1,S1B,2019-04-13 17:13:55.840804+00:00,2019-04-13 17:14:20.839757+00:00,ascending,15,"[7.911348, 43.593624, 11.567211, 45.501732]",4,4,3,2,11
"S1B|2019-04-13 17:13:55.841274+00:00|2019-04-13 17:14:20.840260+00:00|ascending|15|(7.911293, 43.593655, 11.567158, 45.501762)",S1B_IW_GRDH_1SDV_20190413T171355_20190413T171420_015791_01DA48_D21E_COG,1,True,S1B_IW_GRDH_1SDV_20190413T171355_20190413T171420_015791_01DA48_D21E_COG,1,S1B,2019-04-13 17:13:55.841274+00:00,2019-04-13 17:14:20.840260+00:00,ascending,15,"[7.911293, 43.593655, 11.567158, 45.501762]",4,4,3,2,11
"S1B|2019-04-13 17:14:20.841253+00:00|2019-04-13 17:14:45.840206+00:00|ascending|15|(7.517198, 45.093132, 11.243171, 47.003338)",S1B_IW_GRDH_1SDV_20190413T171420_20190413T171445_015791_01DA48_806E_COG,1,True,S1B_IW_GRDH_1SDV_20190413T171420_20190413T171445_015791_01DA48_806E_COG,1,S1B,2019-04-13 17:14:20.841253+00:00,2019-04-13 17:14:45.840206+00:00,ascending,15,"[7.517198, 45.093132, 11.243171, 47.003338]",4,4,3,2,11
"S1B|2019-04-13 17:14:20.841757+00:00|2019-04-13 17:14:45.839246+00:00|ascending|15|(7.517167, 45.093159, 11.24299, 47.003265)",S1B_IW_GRDH_1SDV_20190413T171420_20190413T171445_015791_01DA48_0FA3_COG,1,True,S1B_IW_GRDH_1SDV_20190413T171420_20190413T171445_015791_01DA48_0FA3_COG,1,S1B,2019-04-13 17:14:20.841757+00:00,2019-04-13 17:14:45.839246+00:00,ascending,15,"[7.517167, 45.093159, 11.24299, 47.003265]",4,4,3,2,11
"S1B|2019-04-17 05:34:39.334005+00:00|2019-04-17 05:35:04.331643+00:00|descending|66|(6.530135, 44.815639, 10.140195, 46.71579)",S1B_IW_GRDH_1SDV_20190417T053439_20190417T053504_015842_01DC01_80ED_COG,1,True,S1B_IW_GRDH_1SDV_20190417T053439_20190417T053504_015842_01DC01_80ED_COG,1,S1B,2019-04-17 05:34:39.334005+00:00,2019-04-17 05:35:04.331643+00:00,descending,66,"[6.530135, 44.815639, 10.140195, 46.71579]",4,4,3,2,11
"S1B|2019-04-17 05:34:39.334232+00:00|2019-04-17 05:35:04.331895+00:00|descending|66|(6.530163, 44.815624, 10.140225, 46.715775)",S1B_IW_GRDH_1SDV_20190417T053439_20190417T053504_015842_01DC01_4D36_COG,1,True,S1B_IW_GRDH_1SDV_20190417T053439_20190417T053504_015842_01DC01_4D36_COG,1,S1B,2019-04-17 05:34:39.334232+00:00,2019-04-17 05:35:04.331895+00:00,descending,66,"[6.530163, 44.815624, 10.140225, 46.715775]",4,4,3,2,11
"S1B|2019-04-17 05:35:04.333161+00:00|2019-04-17 05:35:29.332299+00:00|descending|66|(6.209243, 43.315567, 9.758641, 45.213306)",S1B_IW_GRDH_1SDV_20190417T053504_20190417T053529_015842_01DC01_23AE_COG,1,True,S1B_IW_GRDH_1SDV_20190417T053504_20190417T053529_015842_01DC01_23AE_COG,1,S1B,2019-04-17 05:35:04.333161+00:00,2019-04-17 05:35:29.332299+00:00,descending,66,"[6.209243, 43.315567, 9.758641, 45.213306]",4,4,3,2,11
"S1B|2019-04-17 05:35:04.333413+00:00|2019-04-17 05:35:29.332576+00:00|descending|66|(6.20927, 43.315552, 9.758668, 45.213295)",S1B_IW_GRDH_1SDV_20190417T053504_20190417T053529_015842_01DC01_B61B_COG,1,True,S1B_IW_GRDH_1SDV_20190417T053504_20190417T053529_015842_01DC01_B61B_COG,1,S1B,2019-04-17 05:35:04.333413+00:00,2019-04-17 05:35:29.332576+00:00,descending,66,"[6.20927, 43.315552, 9.758668, 45.213295]",4,4,3,2,11
"S1B|2019-04-18 17:22:07.647579+00:00|2019-04-18 17:22:32.646544+00:00|ascending|88|(5.928789, 43.472488, 9.493676, 45.379642)",S1B_IW_GRDH_1SDV_20190418T172207_20190418T172232_015864_01DCBF_4525_COG,1,True,S1B_IW_GRDH_1SDV_20190418T172207_20190418T172232_015864_01DCBF_4525_COG,1,S1B,2019-04-18 17:22:07.647579+00:00,2019-04-18 17:22:32.646544+00:00,ascending,88,"[5.928789, 43.472488, 9.493676, 45.379642]",4,4,3,2,11
"S1B|2019-04-18 17:22:07.647587+00:00|2019-04-18 17:22:32.646553+00:00|ascending|88|(5.928835, 43.472504, 9.493727, 45.379658)",S1B_IW_GRDH_1SDV_20190418T172207_20190418T172232_015864_01DCBF_C67A_COG,1,True,S1B_IW_GRDH_1SDV_20190418T172207_20190418T172232_015864_01DCBF_C67A_COG,1,S1B,2019-04-18 17:22:07.647587+00:00,2019-04-18 17:22:32.646553+00:00,ascending,88,"[5.928835, 43.472504, 9.493727, 45.379658]",4,4,3,2,11
"S1B|2019-04-18 17:22:32.648040+00:00|2019-04-18 17:22:57.647006+00:00|ascending|88|(5.475545, 44.977333, 9.206719, 46.875027)",S1B_IW_GRDH_1SDV_20190418T172232_20190418T172257_015864_01DCBF_3BFB_COG,1,True,S1B_IW_GRDH_1SDV_20190418T172232_20190418T172257_015864_01DCBF_3BFB_COG,1,S1B,2019-04-18 17:22:32.648040+00:00,2019-04-18 17:22:57.647006+00:00,ascending,88,"[5.475545, 44.977333, 9.206719, 46.875027]",4,4,3,2,11
"S1B|2019-04-18 17:22:32.648048+00:00|2019-04-18 17:22:57.647014+00:00|ascending|88|(5.475587, 44.977352, 9.206767, 46.875046)",S1B_IW_GRDH_1SDV_20190418T172232_20190418T172257_015864_01DCBF_7CD5_COG,1,True,S1B_IW_GRDH_1SDV_20190418T172232_20190418T172257_015864_01DCBF_7CD5_COG,1,S1B,2019-04-18 17:22:32.648048+00:00,2019-04-18 17:22:57.647014+00:00,ascending,88,"[5.475587, 44.977352, 9.206767, 46.875046]",4,4,3,2,11
"S1B|2019-04-24 05:26:34.866005+00:00|2019-04-24 05:26:59.864468+00:00|descending|168|(8.487615, 44.29126, 12.084163, 46.187531)",S1B_IW_GRDH_1SDV_20190424T052634_20190424T052659_015944_01DF5C_5F30_COG,1,True,S1B_IW_GRDH_1SDV_20190424T052634_20190424T052659_015944_01DF5C_5F30_COG,2,S1B,2019-04-24 05:26:34.866005+00:00,2019-04-24 05:26:59.864468+00:00,descending,168,"[8.487615, 44.29126, 12.084163, 46.187531]",4,4,3,2,11
"S1B|2019-04-24 05:26:34.866005+00:00|2019-04-24 05:26:59.864468+00:00|descending|168|(8.487615, 44.29126, 12.084163, 46.187531)",S1B_IW_GRDH_1SDV_20190424T052634_20190424T052659_015944_01DF5C_8AF9_COG,2,False,S1B_IW_GRDH_1SDV_20190424T052634_20190424T052659_015944_01DF5C_5F30_COG,2,S1B,2019-04-24 05:26:34.866005+00:00,2019-04-24 05:26:59.864468+00:00,descending,168,"[8.487615, 44.29126, 12.084163, 46.187531]",4,4,3,2,11
"S1B|2019-04-29 05:34:40.135701+00:00|2019-04-29 05:35:05.133862+00:00|descending|66|(6.529788, 44.814846, 10.146036, 46.715916)",S1B_IW_GRDH_1SDV_20190429T053440_20190429T053505_016017_01E1D1_5652_COG,1,True,S1B_IW_GRDH_1SDV_20190429T053440_20190429T053505_016017_01E1D1_5652_COG,1,S1B,2019-04-29 05:34:40.135701+00:00,2019-04-29 05:35:05.133862+00:00,descending,66,"[6.529788, 44.814846, 10.146036, 46.715916]",4,4,3,2,11
"S1B|2019-04-29 05:34:40.135709+00:00|2019-04-29 05:35:05.133871+00:00|descending|66|(6.529803, 44.814842, 10.146051, 46.715912)",S1B_IW_GRDH_1SDV_20190429T053440_20190429T053505_016017_01E1D1_7F9F_COG,1,True,S1B_IW_GRDH_1SDV_20190429T053440_20190429T053505_016017_01E1D1_7F9F_COG,1,S1B,2019-04-29 05:34:40.135709+00:00,2019-04-29 05:35:05.133871+00:00,descending,66,"[6.529803, 44.814842, 10.146051, 46.715912]",4,4,3,2,11
"S1B|2019-04-29 05:35:05.135386+00:00|2019-04-29 05:35:30.133550+00:00|descending|66|(6.208725, 43.31485, 9.764317, 45.213421)",S1B_IW_GRDH_1SDV_20190429T053505_20190429T053530_016017_01E1D1_58A3_COG,1,True,S1B_IW_GRDH_1SDV_20190429T053505_20190429T053530_016017_01E1D1_58A3_COG,1,S1B,2019-04-29 05:35:05.135386+00:00,2019-04-29 05:35:30.133550+00:00,descending,66,"[6.208725, 43.31485, 9.764317, 45.213421]",4,4,3,2,11
"S1B|2019-04-29 05:35:05.135395+00:00|2019-04-29 05:35:30.133560+00:00|descending|66|(6.208738, 43.314846, 9.76433, 45.213417)",S1B_IW_GRDH_1SDV_20190429T053505_20190429T053530_016017_01E1D1_6402_COG,1,True,S1B_IW_GRDH_1SDV_20190429T053505_20190429T053530_016017_01E1D1_6402_COG,1,S1B,2019-04-29 05:35:05.135395+00:00,2019-04-29 05:35:30.133560+00:00,descending,66,"[6.208738, 43.314846, 9.76433, 45.213417]",4,4,3,2,11
"S1B|2019-04-30 17:22:08.411414+00:00|2019-04-30 17:22:33.410477+00:00|ascending|88|(5.927653, 43.472351, 9.492846, 45.37952)",S1B_IW_GRDH_1SDV_20190430T172208_20190430T172233_016039_01E299_445D_COG,1,True,S1B_IW_GRDH_1SDV_20190430T172208_20190430T172233_016039_01E299_445D_COG,1,S1B,2019-04-30 17:22:08.411414+00:00,2019-04-30 17:22:33.410477+00:00,ascending,88,"[5.927653, 43.472351, 9.492846, 45.37952]",4,4,3,2,11
"S1B|2019-04-30 17:22:08.411488+00:00|2019-04-30 17:22:33.410556+00:00|ascending|88|(5.927705, 43.472363, 9.492901, 45.379532)",S1B_IW_GRDH_1SDV_20190430T172208_20190430T172233_016039_01E299_215F_COG,1,True,S1B_IW_GRDH_1SDV_20190430T172208_20190430T172233_016039_01E299_215F_COG,1,S1B,2019-04-30 17:22:08.411488+00:00,2019-04-30 17:22:33.410556+00:00,ascending,88,"[5.927705, 43.472363, 9.492901, 45.379532]",4,4,3,2,11
"S1B|2019-04-30 17:22:33.411973+00:00|2019-04-30 17:22:58.411036+00:00|ascending|88|(5.474576, 44.977169, 9.205679, 46.874924)",S1B_IW_GRDH_1SDV_20190430T172233_20190430T172258_016039_01E299_2843_COG,1,True,S1B_IW_GRDH_1SDV_20190430T172233_20190430T172258_016039_01E299_2843_COG,1,S1B,2019-04-30 17:22:33.411973+00:00,2019-04-30 17:22:58.411036+00:00,ascending,88,"[5.474576, 44.977169, 9.205679, 46.874924]",4,4,3,2,11
"S1B|2019-04-30 17:22:33.412052+00:00|2019-04-30 17:22:58.409625+00:00|ascending|88|(5.47465, 44.97718, 9.205731, 46.874847)",S1B_IW_GRDH_1SDV_20190430T172233_20190430T172258_016039_01E299_154E_COG,1,True,S1B_IW_GRDH_1SDV_20190430T172233_20190430T172258_016039_01E299_154E_COG,1,S1B,2019-04-30 17:22:33.412052+00:00,2019-04-30 17:22:58.409625+00:00,ascending,88,"[5.47465, 44.97718, 9.205731, 46.874847]",4,4,3,2,11
"S1B|2019-05-06 05:26:35.294356+00:00|2019-05-06 05:27:00.292648+00:00|descending|168|(8.486122, 44.291393, 12.082463, 46.187565)",S1B_IW_GRDH_1SDV_20190506T052635_20190506T052700_016119_01E53A_DDFE_COG,1,True,S1B_IW_GRDH_1SDV_20190506T052635_20190506T052700_016119_01E53A_DDFE_COG,1,S1B,2019-05-06 05:26:35.294356+00:00,2019-05-06 05:27:00.292648+00:00,descending,168,"[8.486122, 44.291393, 12.082463, 46.187565]",4,4,3,2,11
"S1B|2019-05-06 05:26:35.294531+00:00|2019-05-06 05:27:00.292853+00:00|descending|168|(8.486088, 44.291389, 12.08243, 46.187561)",S1B_IW_GRDH_1SDV_20190506T052635_20190506T052700_016119_01E53A_121C_COG,1,True,S1B_IW_GRDH_1SDV_20190506T052635_20190506T052700_016119_01E53A_121C_COG,1,S1B,2019-05-06 05:26:35.294531+00:00,2019-05-06 05:27:00.292853+00:00,descending,168,"[8.486088, 44.291389, 12.08243, 46.187561]",4,4,3,2,11
"S1B|2019-05-07 17:13:56.808832+00:00|2019-05-07 17:14:21.807995+00:00|ascending|15|(7.911789, 43.593346, 11.567734, 45.501442)",S1B_IW_GRDH_1SDV_20190507T171356_20190507T171421_016141_01E5E8_DBA1_COG,1,True,S1B_IW_GRDH_1SDV_20190507T171356_20190507T171421_016141_01E5E8_DBA1_COG,1,S1B,2019-05-07 17:13:56.808832+00:00,2019-05-07 17:14:21.807995+00:00,ascending,15,"[7.911789, 43.593346, 11.567734, 45.501442]",4,4,3,2,11
"S1B|2019-05-07 17:13:56.809905+00:00|2019-05-07 17:14:21.807540+00:00|ascending|15|(7.911835, 43.593407, 11.56776, 45.501411)",S1B_IW_GRDH_1SDV_20190507T171356_20190507T171421_016141_01E5E8_DA33_COG,1,True,S1B_IW_GRDH_1SDV_20190507T171356_20190507T171421_016141_01E5E8_DA33_COG,1,S1B,2019-05-07 17:13:56.809905+00:00,2019-05-07 17:14:21.807540+00:00,ascending,15,"[7.911835, 43.593407, 11.56776, 45.501411]",4,4,3,2,11
"S1B|2019-05-07 17:14:21.809037+00:00|2019-05-07 17:14:46.808169+00:00|ascending|15|(7.517723, 45.092823, 11.243773, 47.003025)",S1B_IW_GRDH_1SDV_20190507T171421_20190507T171446_016141_01E5E8_41CB_COG,1,True,S1B_IW_GRDH_1SDV_20190507T171421_20190507T171446_016141_01E5E8_41CB_COG,1,S1B,2019-05-07 17:14:21.809037+00:00,2019-05-07 17:14:46.808169+00:00,ascending,15,"[7.517723, 45.092823, 11.243773, 47.003025]",4,4,3,2,11
"S1B|2019-05-07 17:14:21.809492+00:00|2019-05-07 17:14:46.807158+00:00|ascending|15|(7.517704, 45.092854, 11.243728, 47.002964)",S1B_IW_GRDH_1SDV_20190507T171421_20190507T171446_016141_01E5E8_EA91_COG,1,True,S1B_IW_GRDH_1SDV_20190507T171421_20190507T171446_016141_01E5E8_EA91_COG,1,S1B,2019-05-07 17:14:21.809492+00:00,2019-05-07 17:14:46.807158+00:00,ascending,15,"[7.517704, 45.092854, 11.243728, 47.002964]",4,4,3,2,11
"S1B|2019-05-11 05:34:40.345139+00:00|2019-05-11 05:35:05.344835+00:00|descending|66|(6.531973, 44.814812, 10.148266, 46.716)",S1B_IW_GRDH_1SDV_20190511T053440_20190511T053505_016192_01E786_B238_COG,1,True,S1B_IW_GRDH_1SDV_20190511T053440_20190511T053505_016192_01E786_B238_COG,1,S1B,2019-05-11 05:34:40.345139+00:00,2019-05-11 05:35:05.344835+00:00,descending,66,"[6.531973, 44.814812, 10.148266, 46.716]",4,4,3,2,11
"S1B|2019-05-11 05:34:40.346319+00:00|2019-05-11 05:35:05.344483+00:00|descending|66|(6.53198, 44.814842, 10.148259, 46.715935)",S1B_IW_GRDH_1SDV_20190511T053440_20190511T053505_016192_01E786_0DAD_COG,1,True,S1B_IW_GRDH_1SDV_20190511T053440_20190511T053505_016192_01E786_0DAD_COG,1,S1B,2019-05-11 05:34:40.346319+00:00,2019-05-11 05:35:05.344483+00:00,descending,66,"[6.53198, 44.814842, 10.148259, 46.715935]",4,4,3,2,11
"S1B|2019-05-11 05:35:05.346009+00:00|2019-05-11 05:35:30.344175+00:00|descending|66|(6.210892, 43.314846, 9.766518, 45.213444)",S1B_IW_GRDH_1SDV_20190511T053505_20190511T053530_016192_01E786_EB45_COG,1,True,S1B_IW_GRDH_1SDV_20190511T053505_20190511T053530_016192_01E786_EB45_COG,1,S1B,2019-05-11 05:35:05.346009+00:00,2019-05-11 05:35:30.344175+00:00,descending,66,"[6.210892, 43.314846, 9.766518, 45.213444]",4,4,3,2,11
"S1B|2019-05-11 05:35:05.346362+00:00|2019-05-11 05:35:30.344563+00:00|descending|66|(6.210885, 43.314816, 9.766508, 45.213417)",S1B_IW_GRDH_1SDV_20190511T053505_20190511T053530_016192_01E786_4692_COG,1,True,S1B_IW_GRDH_1SDV_20190511T053505_20190511T053530_016192_01E786_4692_COG,1,S1B,2019-05-11 05:35:05.346362+00:00,2019-05-11 05:35:30.344563+00:00,descending,66,"[6.210885, 43.314816, 9.766508, 45.213417]",4,4,3,2,11
"S1B|2019-05-12 17:22:08.700911+00:00|2019-05-12 17:22:33.699995+00:00|ascending|88|(5.928225, 43.472294, 9.493449, 45.379509)",S1B_IW_GRDH_1SDV_20190512T172208_20190512T172233_016214_01E83D_F814_COG,1,True,S1B_IW_GRDH_1SDV_20190512T172208_20190512T172233_016214_01E83D_F814_COG,1,S1B,2019-05-12 17:22:08.700911+00:00,2019-05-12 17:22:33.699995+00:00,ascending,88,"[5.928225, 43.472294, 9.493449, 45.379509]",4,4,3,2,11
"S1B|2019-05-12 17:22:08.701017+00:00|2019-05-12 17:22:33.700108+00:00|ascending|88|(5.928258, 43.472305, 9.493487, 45.379524)",S1B_IW_GRDH_1SDV_20190512T172208_20190512T172233_016214_01E83D_CF2E_COG,1,True,S1B_IW_GRDH_1SDV_20190512T172208_20190512T172233_016214_01E83D_CF2E_COG,1,S1B,2019-05-12 17:22:08.701017+00:00,2019-05-12 17:22:33.700108+00:00,ascending,88,"[5.928258, 43.472305, 9.493487, 45.379524]",4,4,3,2,11
"S1B|2019-05-12 17:22:33.701490+00:00|2019-05-12 17:22:58.699078+00:00|ascending|88|(5.475127, 44.977112, 9.206236, 46.874817)",S1B_IW_GRDH_1SDV_20190512T172233_20190512T172258_016214_01E83D_AEAB_COG,1,True,S1B_IW_GRDH_1SDV_20190512T172233_20190512T172258_016214_01E83D_AEAB_COG,1,S1B,2019-05-12 17:22:33.701490+00:00,2019-05-12 17:22:58.699078+00:00,ascending,88,"[5.475127, 44.977112, 9.206236, 46.874817]",4,4,3,2,11
"S1B|2019-05-12 17:22:33.701604+00:00|2019-05-12 17:22:58.699199+00:00|ascending|88|(5.475157, 44.977127, 9.20627, 46.874836)",S1B_IW_GRDH_1SDV_20190512T172233_20190512T172258_016214_01E83D_F077_COG,1,True,S1B_IW_GRDH_1SDV_20190512T172233_20190512T172258_016214_01E83D_F077_COG,1,S1B,2019-05-12 17:22:33.701604+00:00,2019-05-12 17:22:58.699199+00:00,ascending,88,"[5.475157, 44.977127, 9.20627, 46.874836]",4,4,3,2,11
"S1B|2019-05-18 05:26:35.906298+00:00|2019-05-18 05:27:00.904611+00:00|descending|168|(8.486145, 44.291382, 12.082491, 46.187546)",S1B_IW_GRDH_1SDV_20190518T052635_20190518T052700_016294_01EAAB_73A2_COG,1,True,S1B_IW_GRDH_1SDV_20190518T052635_20190518T052700_016294_01EAAB_73A2_COG,1,S1B,2019-05-18 05:26:35.906298+00:00,2019-05-18 05:27:00.904611+00:00,descending,168,"[8.486145, 44.291382, 12.082491, 46.187546]",4,4,3,2,11
"S1B|2019-05-18 05:26:35.906393+00:00|2019-05-18 05:27:00.904721+00:00|descending|168|(8.486139, 44.291386, 12.082487, 46.18755)",S1B_IW_GRDH_1SDV_20190518T052635_20190518T052700_016294_01EAAB_4F4B_COG,1,True,S1B_IW_GRDH_1SDV_20190518T052635_20190518T052700_016294_01EAAB_4F4B_COG,1,S1B,2019-05-18 05:26:35.906393+00:00,2019-05-18 05:27:00.904721+00:00,descending,168,"[8.486139, 44.291386, 12.082487, 46.18755]",4,4,3,2,11
"S1B|2019-05-19 17:13:57.529061+00:00|2019-05-19 17:14:22.528141+00:00|ascending|15|(7.911997, 43.593517, 11.567935, 45.501583)",S1B_IW_GRDH_1SDV_20190519T171357_20190519T171422_016316_01EB50_0994_COG,1,True,S1B_IW_GRDH_1SDV_20190519T171357_20190519T171422_016316_01EB50_0994_COG,1,S1B,2019-05-19 17:13:57.529061+00:00,2019-05-19 17:14:22.528141+00:00,ascending,15,"[7.911997, 43.593517, 11.567935, 45.501583]",4,4,3,2,11
"S1B|2019-05-19 17:13:57.529467+00:00|2019-05-19 17:14:22.527079+00:00|ascending|15|(7.911965, 43.593544, 11.56788, 45.501522)",S1B_IW_GRDH_1SDV_20190519T171357_20190519T171422_016316_01EB50_37E5_COG,1,True,S1B_IW_GRDH_1SDV_20190519T171357_20190519T171422_016316_01EB50_37E5_COG,1,S1B,2019-05-19 17:13:57.529467+00:00,2019-05-19 17:14:22.527079+00:00,ascending,15,"[7.911965, 43.593544, 11.56788, 45.501522]",4,4,3,2,11
"S1B|2019-05-19 17:14:22.528575+00:00|2019-05-19 17:14:47.527684+00:00|ascending|15|(7.517879, 45.092964, 11.243917, 47.003132)",S1B_IW_GRDH_1SDV_20190519T171422_20190519T171447_016316_01EB50_3CFA_COG,1,True,S1B_IW_GRDH_1SDV_20190519T171422_20190519T171447_016316_01EB50_3CFA_COG,1,S1B,2019-05-19 17:14:22.528575+00:00,2019-05-19 17:14:47.527684+00:00,ascending,15,"[7.517879, 45.092964, 11.243917, 47.003132]",4,4,3,2,11
"S1B|2019-05-19 17:14:22.529638+00:00|2019-05-19 17:14:47.527221+00:00|ascending|15|(7.517935, 45.093029, 11.243953, 47.003105)",S1B_IW_GRDH_1SDV_20190519T171422_20190519T171447_016316_01EB50_7F25_COG,1,True,S1B_IW_GRDH_1SDV_20190519T171422_20190519T171447_016316_01EB50_7F25_COG,1,S1B,2019-05-19 17:14:22.529638+00:00,2019-05-19 17:14:47.527221+00:00,ascending,15,"[7.517935, 45.093029, 11.243953, 47.003105]",4,4,3,2,11
"S1B|2019-05-23 05:34:41.189343+00:00|2019-05-23 05:35:06.187410+00:00|descending|66|(6.529718, 44.814941, 10.145794, 46.715958)",S1B_IW_GRDH_1SDV_20190523T053441_20190523T053506_016367_01ECEF_2491_COG,1,True,S1B_IW_GRDH_1SDV_20190523T053441_20190523T053506_016367_01ECEF_2491_COG,1,S1B,2019-05-23 05:34:41.189343+00:00,2019-05-23 05:35:06.187410+00:00,descending,66,"[6.529718, 44.814941, 10.145794, 46.715958]",4,4,3,2,11
"S1B|2019-05-23 05:34:41.189590+00:00|2019-05-23 05:35:06.187684+00:00|descending|66|(6.529685, 44.814915, 10.145761, 46.715931)",S1B_IW_GRDH_1SDV_20190523T053441_20190523T053506_016367_01ECEF_B750_COG,1,True,S1B_IW_GRDH_1SDV_20190523T053441_20190523T053506_016367_01ECEF_B750_COG,1,S1B,2019-05-23 05:34:41.189590+00:00,2019-05-23 05:35:06.187684+00:00,descending,66,"[6.529685, 44.814915, 10.145761, 46.715931]",4,4,3,2,11
"S1B|2019-05-23 05:35:06.188909+00:00|2019-05-23 05:35:31.188475+00:00|descending|66|(6.208781, 43.31485, 9.764151, 45.213448)",S1B_IW_GRDH_1SDV_20190523T053506_20190523T053531_016367_01ECEF_6D64_COG,1,True,S1B_IW_GRDH_1SDV_20190523T053506_20190523T053531_016367_01ECEF_6D64_COG,1,S1B,2019-05-23 05:35:06.188909+00:00,2019-05-23 05:35:31.188475+00:00,descending,66,"[6.208781, 43.31485, 9.764151, 45.213448]",4,4,3,2,11
"S1B|2019-05-23 05:35:06.189183+00:00|2019-05-23 05:35:31.187278+00:00|descending|66|(6.208768, 43.314915, 9.764116, 45.213421)",S1B_IW_GRDH_1SDV_20190523T053506_20190523T053531_016367_01ECEF_9566_COG,1,True,S1B_IW_GRDH_1SDV_20190523T053506_20190523T053531_016367_01ECEF_9566_COG,1,S1B,2019-05-23 05:35:06.189183+00:00,2019-05-23 05:35:31.187278+00:00,descending,66,"[6.208768, 43.314915, 9.764116, 45.213421]",4,4,3,2,11
"S1B|2019-05-24 17:22:09.479824+00:00|2019-05-24 17:22:34.477462+00:00|ascending|88|(5.928141, 43.472324, 9.493433, 45.379429)",S1B_IW_GRDH_1SDV_20190524T172209_20190524T172234_016389_01EDA6_D0B1_COG,1,True,S1B_IW_GRDH_1SDV_20190524T172209_20190524T172234_016389_01EDA6_D0B1_COG,1,S1B,2019-05-24 17:22:09.479824+00:00,2019-05-24 17:22:34.477462+00:00,ascending,88,"[5.928141, 43.472324, 9.493433, 45.379429]",4,4,3,2,11
"S1B|2019-05-24 17:22:09.479948+00:00|2019-05-24 17:22:34.477594+00:00|ascending|88|(5.928146, 43.472328, 9.493443, 45.379436)",S1B_IW_GRDH_1SDV_20190524T172209_20190524T172234_016389_01EDA6_1B97_COG,1,True,S1B_IW_GRDH_1SDV_20190524T172209_20190524T172234_016389_01EDA6_1B97_COG,1,S1B,2019-05-24 17:22:09.479948+00:00,2019-05-24 17:22:34.477594+00:00,ascending,88,"[5.928146, 43.472328, 9.493443, 45.379436]",4,4,3,2,11
"S1B|2019-05-24 17:22:34.478958+00:00|2019-05-24 17:22:59.478091+00:00|ascending|88|(5.47506, 44.977055, 9.206284, 46.874832)",S1B_IW_GRDH_1SDV_20190524T172234_20190524T172259_016389_01EDA6_A8CA_COG,1,True,S1B_IW_GRDH_1SDV_20190524T172234_20190524T172259_016389_01EDA6_A8CA_COG,1,S1B,2019-05-24 17:22:34.478958+00:00,2019-05-24 17:22:59.478091+00:00,ascending,88,"[5.47506, 44.977055, 9.206284, 46.874832]",4,4,3,2,11
"S1B|2019-05-24 17:22:34.479090+00:00|2019-05-24 17:22:59.478232+00:00|ascending|88|(5.47506, 44.977062, 9.206288, 46.874844)",S1B_IW_GRDH_1SDV_20190524T172234_20190524T172259_016389_01EDA6_FD00_COG,1,True,S1B_IW_GRDH_1SDV_20190524T172234_20190524T172259_016389_01EDA6_FD00_COG,1,S1B,2019-05-24 17:22:34.479090+00:00,2019-05-24 17:22:59.478232+00:00,ascending,88,"[5.47506, 44.977062, 9.206288, 46.874844]",4,4,3,2,11
"S1B|2019-05-30 05:26:20.956617+00:00|2019-05-30 05:26:45.955688+00:00|descending|168|(8.678372, 45.218086, 12.330146, 47.119186)",S1B_IW_GRDH_1SDV_20190530T052620_20190530T052645_016469_01F003_565C_COG,1,True,S1B_IW_GRDH_1SDV_20190530T052620_20190530T052645_016469_01F003_565C_COG,1,S1B,2019-05-30 05:26:20.956617+00:00,2019-05-30 05:26:45.955688+00:00,descending,168,"[8.678372, 45.218086, 12.330146, 47.119186]",4,4,3,2,11
"S1B|2019-05-30 05:26:27.329524+00:00|2019-05-30 05:26:52.327194+00:00|descending|168|(8.556018, 44.836136, 12.226354, 46.740898)",S1B_IW_GRDH_1SDV_20190530T052627_20190530T052652_016469_01F003_446C_COG,1,True,S1B_IW_GRDH_1SDV_20190530T052627_20190530T052652_016469_01F003_446C_COG,1,S1B,2019-05-30 05:26:27.329524+00:00,2019-05-30 05:26:52.327194+00:00,descending,168,"[8.556018, 44.836136, 12.226354, 46.740898]",4,4,3,2,11
"S1B|2019-05-30 05:26:45.957186+00:00|2019-05-30 05:27:10.954759+00:00|descending|168|(8.347533, 43.719532, 11.940103, 45.617264)",S1B_IW_GRDH_1SDV_20190530T052645_20190530T052710_016469_01F003_2CB3_COG,1,True,S1B_IW_GRDH_1SDV_20190530T052645_20190530T052710_016469_01F003_2CB3_COG,1,S1B,2019-05-30 05:26:45.957186+00:00,2019-05-30 05:27:10.954759+00:00,descending,168,"[8.347533, 43.719532, 11.940103, 45.617264]",4,4,3,2,11
"S1B|2019-05-30 05:26:52.328694+00:00|2019-05-30 05:27:17.327864+00:00|descending|168|(8.225516, 43.337536, 11.834195, 45.239468)",S1B_IW_GRDH_1SDV_20190530T052652_20190530T052717_016469_01F003_2741_COG,1,True,S1B_IW_GRDH_1SDV_20190530T052652_20190530T052717_016469_01F003_2741_COG,1,S1B,2019-05-30 05:26:52.328694+00:00,2019-05-30 05:27:17.327864+00:00,descending,168,"[8.225516, 43.337536, 11.834195, 45.239468]",4,4,3,2,11
"S1B|2019-05-31 17:13:58.077317+00:00|2019-05-31 17:14:23.076258+00:00|ascending|15|(7.911561, 43.593662, 11.567408, 45.501743)",S1B_IW_GRDH_1SDV_20190531T171358_20190531T171423_016491_01F0A2_218E_COG,1,True,S1B_IW_GRDH_1SDV_20190531T171358_20190531T171423_016491_01F0A2_218E_COG,1,S1B,2019-05-31 17:13:58.077317+00:00,2019-05-31 17:14:23.076258+00:00,ascending,15,"[7.911561, 43.593662, 11.567408, 45.501743]",4,4,3,2,11
"S1B|2019-05-31 17:13:58.077666+00:00|2019-05-31 17:14:23.076632+00:00|ascending|15|(7.911513, 43.5937, 11.567363, 45.501781)",S1B_IW_GRDH_1SDV_20190531T171358_20190531T171423_016491_01F0A2_653A_COG,1,True,S1B_IW_GRDH_1SDV_20190531T171358_20190531T171423_016491_01F0A2_653A_COG,1,S1B,2019-05-31 17:13:58.077666+00:00,2019-05-31 17:14:23.076632+00:00,ascending,15,"[7.911513, 43.5937, 11.567363, 45.501781]",4,4,3,2,11
"S1B|2019-05-31 17:14:23.077754+00:00|2019-05-31 17:14:48.076695+00:00|ascending|15|(7.517437, 45.093166, 11.243266, 47.003338)",S1B_IW_GRDH_1SDV_20190531T171423_20190531T171448_016491_01F0A2_0C48_COG,1,True,S1B_IW_GRDH_1SDV_20190531T171423_20190531T171448_016491_01F0A2_0C48_COG,1,S1B,2019-05-31 17:14:23.077754+00:00,2019-05-31 17:14:48.076695+00:00,ascending,15,"[7.517437, 45.093166, 11.243266, 47.003338]",4,4,3,2,11
"S1B|2019-05-31 17:14:23.078129+00:00|2019-05-31 17:14:48.077094+00:00|ascending|15|(7.517388, 45.093208, 11.243219, 47.003376)",S1B_IW_GRDH_1SDV_20190531T171423_20190531T171448_016491_01F0A2_8E1F_COG,1,True,S1B_IW_GRDH_1SDV_20190531T171423_20190531T171448_016491_01F0A2_8E1F_COG,1,S1B,2019-05-31 17:14:23.078129+00:00,2019-05-31 17:14:48.077094+00:00,ascending,15,"[7.517388, 45.093208, 11.243219, 47.003376]",4,4,3,2,11
"S1B|2019-06-04 05:34:41.735222+00:00|2019-06-04 05:35:06.733305+00:00|descending|66|(6.529549, 44.814869, 10.145585, 46.715874)",S1B_IW_GRDH_1SDV_20190604T053441_20190604T053506_016542_01F23F_3463_COG,1,True,S1B_IW_GRDH_1SDV_20190604T053441_20190604T053506_016542_01F23F_3463_COG,1,S1B,2019-06-04 05:34:41.735222+00:00,2019-06-04 05:35:06.733305+00:00,descending,66,"[6.529549, 44.814869, 10.145585, 46.715874]",4,4,3,2,11
"S1B|2019-06-04 05:34:41.735539+00:00|2019-06-04 05:35:06.733657+00:00|descending|66|(6.529535, 44.81485, 10.145573, 46.715851)",S1B_IW_GRDH_1SDV_20190604T053441_20190604T053506_016542_01F23F_47D1_COG,1,True,S1B_IW_GRDH_1SDV_20190604T053441_20190604T053506_016542_01F23F_47D1_COG,1,S1B,2019-06-04 05:34:41.735539+00:00,2019-06-04 05:35:06.733657+00:00,descending,66,"[6.529535, 44.81485, 10.145573, 46.715851]",4,4,3,2,11
"S1B|2019-06-04 05:35:06.734832+00:00|2019-06-04 05:35:31.734417+00:00|descending|66|(6.208511, 43.314777, 9.763988, 45.213371)",S1B_IW_GRDH_1SDV_20190604T053506_20190604T053531_016542_01F23F_C05E_COG,1,True,S1B_IW_GRDH_1SDV_20190604T053506_20190604T053531_016542_01F23F_C05E_COG,1,S1B,2019-06-04 05:35:06.734832+00:00,2019-06-04 05:35:31.734417+00:00,descending,66,"[6.208511, 43.314777, 9.763988, 45.213371]",4,4,3,2,11
"S1B|2019-06-04 05:35:06.735184+00:00|2019-06-04 05:35:31.733306+00:00|descending|66|(6.208517, 43.314846, 9.763973, 45.213348)",S1B_IW_GRDH_1SDV_20190604T053506_20190604T053531_016542_01F23F_85D9_COG,1,True,S1B_IW_GRDH_1SDV_20190604T053506_20190604T053531_016542_01F23F_85D9_COG,1,S1B,2019-06-04 05:35:06.735184+00:00,2019-06-04 05:35:31.733306+00:00,descending,66,"[6.208517, 43.314846, 9.763973, 45.213348]",4,4,3,2,11
"S1B|2019-06-05 17:22:10.026559+00:00|2019-06-05 17:22:35.024093+00:00|ascending|88|(5.929265, 43.472488, 9.494245, 45.379574)",S1B_IW_GRDH_1SDV_20190605T172210_20190605T172235_016564_01F2EB_D6DD_COG,1,True,S1B_IW_GRDH_1SDV_20190605T172210_20190605T172235_016564_01F2EB_D6DD_COG,1,S1B,2019-06-05 17:22:10.026559+00:00,2019-06-05 17:22:35.024093+00:00,ascending,88,"[5.929265, 43.472488, 9.494245, 45.379574]",4,4,3,2,11
"S1B|2019-06-05 17:22:10.026681+00:00|2019-06-05 17:22:35.024224+00:00|ascending|88|(5.929277, 43.472488, 9.494262, 45.379581)",S1B_IW_GRDH_1SDV_20190605T172210_20190605T172235_016564_01F2EB_6F7D_COG,1,True,S1B_IW_GRDH_1SDV_20190605T172210_20190605T172235_016564_01F2EB_6F7D_COG,1,S1B,2019-06-05 17:22:10.026681+00:00,2019-06-05 17:22:35.024224+00:00,ascending,88,"[5.929277, 43.472488, 9.494262, 45.379581]",4,4,3,2,11
"S1B|2019-06-05 17:22:35.025588+00:00|2019-06-05 17:23:00.024618+00:00|ascending|88|(5.475849, 44.977245, 9.207188, 46.874928)",S1B_IW_GRDH_1SDV_20190605T172235_20190605T172300_016564_01F2EB_174D_COG,1,True,S1B_IW_GRDH_1SDV_20190605T172235_20190605T172300_016564_01F2EB_174D_COG,1,S1B,2019-06-05 17:22:35.025588+00:00,2019-06-05 17:23:00.024618+00:00,ascending,88,"[5.475849, 44.977245, 9.207188, 46.874928]",4,4,3,2,11
"S1B|2019-06-05 17:22:35.025720+00:00|2019-06-05 17:23:00.024758+00:00|ascending|88|(5.475855, 44.977249, 9.207326, 46.87495)",S1B_IW_GRDH_1SDV_20190605T172235_20190605T172300_016564_01F2EB_E09C_COG,1,True,S1B_IW_GRDH_1SDV_20190605T172235_20190605T172300_016564_01F2EB_E09C_COG,1,S1B,2019-06-05 17:22:35.025720+00:00,2019-06-05 17:23:00.024758+00:00,ascending,88,"[5.475855, 44.977249, 9.207326, 46.87495]",4,4,3,2,11
"S1B|2019-06-11 05:26:26.519387+00:00|2019-06-11 05:26:55.555692+00:00|descending|168|(8.618432, 44.683926, 12.25398, 46.820282)",S1B_IW_GRDH_1SDV_20190611T052626_20190611T052655_016644_01F53A_614C_COG,1,True,S1B_IW_GRDH_1SDV_20190611T052626_20190611T052655_016644_01F53A_614C_COG,1,S1B,2019-06-11 05:26:26.519387+00:00,2019-06-11 05:26:55.555692+00:00,descending,168,"[8.618432, 44.683926, 12.25398, 46.820282]",4,4,3,2,11
"S1B|2019-06-11 05:26:26.519391+00:00|2019-06-11 05:26:55.555666+00:00|descending|168|(8.618423, 44.683949, 12.253979, 46.820305)",S1B_IW_GRDH_1SDV_20190611T052626_20190611T052655_016644_01F53A_4F7A_COG,1,True,S1B_IW_GRDH_1SDV_20190611T052626_20190611T052655_016644_01F53A_4F7A_COG,1,S1B,2019-06-11 05:26:26.519391+00:00,2019-06-11 05:26:55.555666+00:00,descending,168,"[8.618423, 44.683949, 12.253979, 46.820305]",4,4,3,2,11
"S1B|2019-06-11 05:26:55.557163+00:00|2019-06-11 05:27:20.556134+00:00|descending|168|(8.286477, 43.1852, 11.792281, 45.076881)",S1B_IW_GRDH_1SDV_20190611T052655_20190611T052720_016644_01F53A_EE1B_COG,1,True,S1B_IW_GRDH_1SDV_20190611T052655_20190611T052720_016644_01F53A_EE1B_COG,1,S1B,2019-06-11 05:26:55.557163+00:00,2019-06-11 05:27:20.556134+00:00,descending,168,"[8.286477, 43.1852, 11.792281, 45.076881]",4,4,3,2,11
"S1B|2019-06-11 05:26:55.557189+00:00|2019-06-11 05:27:20.556185+00:00|descending|168|(8.286489, 43.185177, 11.792288, 45.076862)",S1B_IW_GRDH_1SDV_20190611T052655_20190611T052720_016644_01F53A_F98B_COG,1,True,S1B_IW_GRDH_1SDV_20190611T052655_20190611T052720_016644_01F53A_F98B_COG,1,S1B,2019-06-11 05:26:55.557189+00:00,2019-06-11 05:27:20.556185+00:00,descending,168,"[8.286489, 43.185177, 11.792288, 45.076862]",4,4,3,2,11
"S1B|2019-06-12 17:13:58.712634+00:00|2019-06-12 17:14:23.711708+00:00|ascending|15|(7.911721, 43.593487, 11.567688, 45.501602)",S1B_IW_GRDH_1SDV_20190612T171358_20190612T171423_016666_01F5DC_4ED5_COG,1,True,S1B_IW_GRDH_1SDV_20190612T171358_20190612T171423_016666_01F5DC_4ED5_COG,1,S1B,2019-06-12 17:13:58.712634+00:00,2019-06-12 17:14:23.711708+00:00,ascending,15,"[7.911721, 43.593487, 11.567688, 45.501602]",4,4,3,2,11
"S1B|2019-06-12 17:13:58.712953+00:00|2019-06-12 17:14:23.712050+00:00|ascending|15|(7.911662, 43.59351, 11.567508, 45.501614)",S1B_IW_GRDH_1SDV_20190612T171358_20190612T171423_016666_01F5DC_07F7_COG,1,True,S1B_IW_GRDH_1SDV_20190612T171358_20190612T171423_016666_01F5DC_07F7_COG,1,S1B,2019-06-12 17:13:58.712953+00:00,2019-06-12 17:14:23.712050+00:00,ascending,15,"[7.911662, 43.59351, 11.567508, 45.501614]",4,4,3,2,11
"S1B|2019-06-12 17:14:23.713205+00:00|2019-06-12 17:14:48.710781+00:00|ascending|15|(7.517613, 45.092995, 11.243537, 47.003109)",S1B_IW_GRDH_1SDV_20190612T171423_20190612T171448_016666_01F5DC_F438_COG,1,True,S1B_IW_GRDH_1SDV_20190612T171423_20190612T171448_016666_01F5DC_F438_COG,1,S1B,2019-06-12 17:14:23.713205+00:00,2019-06-12 17:14:48.710781+00:00,ascending,15,"[7.517613, 45.092995, 11.243537, 47.003109]",4,4,3,2,11
"S1B|2019-06-12 17:14:23.713547+00:00|2019-06-12 17:14:48.711146+00:00|ascending|15|(7.517554, 45.093018, 11.24348, 47.003136)",S1B_IW_GRDH_1SDV_20190612T171423_20190612T171448_016666_01F5DC_F4D0_COG,1,True,S1B_IW_GRDH_1SDV_20190612T171423_20190612T171448_016666_01F5DC_F4D0_COG,1,S1B,2019-06-12 17:14:23.713547+00:00,2019-06-12 17:14:48.711146+00:00,ascending,15,"[7.517554, 45.093018, 11.24348, 47.003136]",4,4,3,2,11
"S1B|2019-06-16 05:34:42.458729+00:00|2019-06-16 05:35:07.458239+00:00|descending|66|(6.529023, 44.814865, 10.144963, 46.715912)",S1B_IW_GRDH_1SDV_20190616T053442_20190616T053507_016717_01F76E_B12E_COG,1,True,S1B_IW_GRDH_1SDV_20190616T053442_20190616T053507_016717_01F76E_B12E_COG,1,S1B,2019-06-16 05:34:42.458729+00:00,2019-06-16 05:35:07.458239+00:00,descending,66,"[6.529023, 44.814865, 10.144963, 46.715912]",4,4,3,2,11
"S1B|2019-06-16 05:34:42.458959+00:00|2019-06-16 05:35:07.458495+00:00|descending|66|(6.529033, 44.81485, 10.144975, 46.7159)",S1B_IW_GRDH_1SDV_20190616T053442_20190616T053507_016717_01F76E_0B65_COG,1,True,S1B_IW_GRDH_1SDV_20190616T053442_20190616T053507_016717_01F76E_0B65_COG,1,S1B,2019-06-16 05:34:42.458959+00:00,2019-06-16 05:35:07.458495+00:00,descending,66,"[6.529033, 44.81485, 10.144975, 46.7159]",4,4,3,2,11
"S1B|2019-06-16 05:35:07.459762+00:00|2019-06-16 05:35:32.457776+00:00|descending|66|(6.208033, 43.314861, 9.763309, 45.213326)",S1B_IW_GRDH_1SDV_20190616T053507_20190616T053532_016717_01F76E_CB0A_COG,1,True,S1B_IW_GRDH_1SDV_20190616T053507_20190616T053532_016717_01F76E_CB0A_COG,1,S1B,2019-06-16 05:35:07.459762+00:00,2019-06-16 05:35:32.457776+00:00,descending,66,"[6.208033, 43.314861, 9.763309, 45.213326]",4,4,3,2,11
"S1B|2019-06-16 05:35:07.460018+00:00|2019-06-16 05:35:32.458058+00:00|descending|66|(6.208042, 43.314846, 9.763318, 45.213314)",S1B_IW_GRDH_1SDV_20190616T053507_20190616T053532_016717_01F76E_EE43_COG,1,True,S1B_IW_GRDH_1SDV_20190616T053507_20190616T053532_016717_01F76E_EE43_COG,1,S1B,2019-06-16 05:35:07.460018+00:00,2019-06-16 05:35:32.458058+00:00,descending,66,"[6.208042, 43.314846, 9.763318, 45.213314]",4,4,3,2,11
"S1B|2019-06-17 17:22:10.787535+00:00|2019-06-17 17:22:35.786602+00:00|ascending|88|(5.929656, 43.472397, 9.494625, 45.379539)",S1B_IW_GRDH_1SDV_20190617T172210_20190617T172235_016739_01F81D_AE39_COG,1,True,S1B_IW_GRDH_1SDV_20190617T172210_20190617T172235_016739_01F81D_AE39_COG,1,S1B,2019-06-17 17:22:10.787535+00:00,2019-06-17 17:22:35.786602+00:00,ascending,88,"[5.929656, 43.472397, 9.494625, 45.379539]",4,4,3,2,11
"S1B|2019-06-17 17:22:10.787547+00:00|2019-06-17 17:22:35.786615+00:00|ascending|88|(5.929623, 43.472401, 9.494589, 45.379543)",S1B_IW_GRDH_1SDV_20190617T172210_20190617T172235_016739_01F81D_C3C8_COG,1,True,S1B_IW_GRDH_1SDV_20190617T172210_20190617T172235_016739_01F81D_C3C8_COG,1,S1B,2019-06-17 17:22:10.787547+00:00,2019-06-17 17:22:35.786615+00:00,ascending,88,"[5.929623, 43.472401, 9.494589, 45.379543]",4,4,3,2,11
"S1B|2019-06-17 17:22:35.788098+00:00|2019-06-17 17:23:00.785669+00:00|ascending|88|(5.476299, 44.977253, 9.207713, 46.874825)",S1B_IW_GRDH_1SDV_20190617T172235_20190617T172300_016739_01F81D_B2C9_COG,1,True,S1B_IW_GRDH_1SDV_20190617T172235_20190617T172300_016739_01F81D_B2C9_COG,1,S1B,2019-06-17 17:22:35.788098+00:00,2019-06-17 17:23:00.785669+00:00,ascending,88,"[5.476299, 44.977253, 9.207713, 46.874825]",4,4,3,2,11
"S1B|2019-06-17 17:22:35.788110+00:00|2019-06-17 17:23:00.785683+00:00|ascending|88|(5.47627, 44.977253, 9.20768, 46.874825)",S1B_IW_GRDH_1SDV_20190617T172235_20190617T172300_016739_01F81D_9795_COG,1,True,S1B_IW_GRDH_1SDV_20190617T172235_20190617T172300_016739_01F81D_9795_COG,1,S1B,2019-06-17 17:22:35.788110+00:00,2019-06-17 17:23:00.785683+00:00,ascending,88,"[5.47627, 44.977253, 9.20768, 46.874825]",4,4,3,2,11
"S1B|2019-06-23 05:26:20.932317+00:00|2019-06-23 05:26:45.929976+00:00|descending|168|(8.697508, 45.304699, 12.349904, 47.206055)",S1B_IW_GRDH_1SDV_20190623T052620_20190623T052645_016819_01FA6A_EBA4_COG,1,True,S1B_IW_GRDH_1SDV_20190623T052620_20190623T052645_016819_01FA6A_EBA4_COG,1,S1B,2019-06-23 05:26:20.932317+00:00,2019-06-23 05:26:45.929976+00:00,descending,168,"[8.697508, 45.304699, 12.349904, 47.206055]",4,4,3,2,11
"S1B|2019-06-23 05:26:28.748792+00:00|2019-06-23 05:26:53.746390+00:00|descending|168|(8.556045, 44.836075, 12.226381, 46.740826)",S1B_IW_GRDH_1SDV_20190623T052628_20190623T052653_016819_01FA6A_48CA_COG,1,True,S1B_IW_GRDH_1SDV_20190623T052628_20190623T052653_016819_01FA6A_48CA_COG,1,S1B,2019-06-23 05:26:28.748792+00:00,2019-06-23 05:26:53.746390+00:00,descending,168,"[8.556045, 44.836075, 12.226381, 46.740826]",4,4,3,2,11
"S1B|2019-06-23 05:26:45.931474+00:00|2019-06-23 05:27:10.930631+00:00|descending|168|(8.362878, 43.806641, 11.963867, 45.703815)",S1B_IW_GRDH_1SDV_20190623T052645_20190623T052710_016819_01FA6A_C859_COG,1,True,S1B_IW_GRDH_1SDV_20190623T052645_20190623T052710_016819_01FA6A_C859_COG,1,S1B,2019-06-23 05:26:45.931474+00:00,2019-06-23 05:27:10.930631+00:00,descending,168,"[8.362878, 43.806641, 11.963867, 45.703815]",4,4,3,2,11
"S1B|2019-06-23 05:26:53.747890+00:00|2019-06-23 05:27:18.746988+00:00|descending|168|(8.225544, 43.337475, 11.834221, 45.239395)",S1B_IW_GRDH_1SDV_20190623T052653_20190623T052718_016819_01FA6A_0570_COG,1,True,S1B_IW_GRDH_1SDV_20190623T052653_20190623T052718_016819_01FA6A_0570_COG,1,S1B,2019-06-23 05:26:53.747890+00:00,2019-06-23 05:27:18.746988+00:00,descending,168,"[8.225544, 43.337475, 11.834221, 45.239395]",4,4,3,2,11
"S1B|2019-06-28 05:34:43.076785+00:00|2019-06-28 05:35:08.075362+00:00|descending|66|(6.53043, 44.814762, 10.146462, 46.715832)",S1B_IW_GRDH_1SDV_20190628T053443_20190628T053508_016892_01FC97_3932_COG,1,True,S1B_IW_GRDH_1SDV_20190628T053443_20190628T053508_016892_01FC97_3932_COG,1,S1B,2019-06-28 05:34:43.076785+00:00,2019-06-28 05:35:08.075362+00:00,descending,66,"[6.53043, 44.814762, 10.146462, 46.715832]",4,4,3,2,11
"S1B|2019-06-28 05:34:43.077209+00:00|2019-06-28 05:35:08.075832+00:00|descending|66|(6.530403, 44.814735, 10.146434, 46.715805)",S1B_IW_GRDH_1SDV_20190628T053443_20190628T053508_016892_01FC97_36A7_COG,1,True,S1B_IW_GRDH_1SDV_20190628T053443_20190628T053508_016892_01FC97_36A7_COG,1,S1B,2019-06-28 05:34:43.077209+00:00,2019-06-28 05:35:08.075832+00:00,descending,66,"[6.530403, 44.814735, 10.146434, 46.715805]",4,4,3,2,11
"S1B|2019-06-28 05:35:08.076863+00:00|2019-06-28 05:35:33.075439+00:00|descending|66|(6.209368, 43.314735, 9.764849, 45.213303)",S1B_IW_GRDH_1SDV_20190628T053508_20190628T053533_016892_01FC97_6DA3_COG,1,True,S1B_IW_GRDH_1SDV_20190628T053508_20190628T053533_016892_01FC97_6DA3_COG,1,S1B,2019-06-28 05:35:08.076863+00:00,2019-06-28 05:35:33.075439+00:00,descending,66,"[6.209368, 43.314735, 9.764849, 45.213303]",4,4,3,2,11
"S1B|2019-06-28 05:35:08.077333+00:00|2019-06-28 05:35:33.075957+00:00|descending|66|(6.209468, 43.314709, 9.76482, 45.213261)",S1B_IW_GRDH_1SDV_20190628T053508_20190628T053533_016892_01FC97_2C54_COG,1,True,S1B_IW_GRDH_1SDV_20190628T053508_20190628T053533_016892_01FC97_2C54_COG,1,S1B,2019-06-28 05:35:08.077333+00:00,2019-06-28 05:35:33.075957+00:00,descending,66,"[6.209468, 43.314709, 9.76482, 45.213261]",4,4,3,2,11
"S1B|2019-06-29 17:22:11.451776+00:00|2019-06-29 17:22:36.449693+00:00|ascending|88|(5.929112, 43.472553, 9.493857, 45.379631)",S1B_IW_GRDH_1SDV_20190629T172211_20190629T172236_016914_01FD4C_250B_COG,1,True,S1B_IW_GRDH_1SDV_20190629T172211_20190629T172236_016914_01FD4C_250B_COG,1,S1B,2019-06-29 17:22:11.451776+00:00,2019-06-29 17:22:36.449693+00:00,ascending,88,"[5.929112, 43.472553, 9.493857, 45.379631]",4,4,3,2,11
"S1B|2019-06-29 17:22:11.452138+00:00|2019-06-29 17:22:36.450081+00:00|ascending|88|(5.929159, 43.472588, 9.493909, 45.379665)",S1B_IW_GRDH_1SDV_20190629T172211_20190629T172236_016914_01FD4C_134D_COG,1,True,S1B_IW_GRDH_1SDV_20190629T172211_20190629T172236_016914_01FD4C_134D_COG,1,S1B,2019-06-29 17:22:11.452138+00:00,2019-06-29 17:22:36.450081+00:00,ascending,88,"[5.929159, 43.472588, 9.493909, 45.379665]",4,4,3,2,11
"S1B|2019-06-29 17:22:36.451244+00:00|2019-06-29 17:23:01.450661+00:00|ascending|88|(5.475691, 44.977345, 9.20717, 46.875057)",S1B_IW_GRDH_1SDV_20190629T172236_20190629T172301_016914_01FD4C_8ACA_COG,1,True,S1B_IW_GRDH_1SDV_20190629T172236_20190629T172301_016914_01FD4C_8ACA_COG,1,S1B,2019-06-29 17:22:36.451244+00:00,2019-06-29 17:23:01.450661+00:00,ascending,88,"[5.475691, 44.977345, 9.20717, 46.875057]",4,4,3,2,11
"S1B|2019-06-29 17:22:36.451632+00:00|2019-06-29 17:23:01.449579+00:00|ascending|88|(5.47576, 44.977379, 9.207218, 46.875004)",S1B_IW_GRDH_1SDV_20190629T172236_20190629T172301_016914_01FD4C_94CC_COG,1,True,S1B_IW_GRDH_1SDV_20190629T172236_20190629T172301_016914_01FD4C_94CC_COG,1,S1B,2019-06-29 17:22:36.451632+00:00,2019-06-29 17:23:01.449579+00:00,ascending,88,"[5.47576, 44.977379, 9.207218, 46.875004]",4,4,3,2,11
"S1B|2019-07-05 05:26:21.864339+00:00|2019-07-05 05:26:46.863868+00:00|descending|168|(8.694875, 45.29752, 12.347688, 47.198906)",S1B_IW_GRDH_1SDV_20190705T052621_20190705T052646_016994_01FF99_C37C_COG,1,True,S1B_IW_GRDH_1SDV_20190705T052621_20190705T052646_016994_01FF99_C37C_COG,1,S1B,2019-07-05 05:26:21.864339+00:00,2019-07-05 05:26:46.863868+00:00,descending,168,"[8.694875, 45.29752, 12.347688, 47.198906]",4,4,3,2,11
"S1B|2019-07-05 05:26:29.562514+00:00|2019-07-05 05:26:54.561067+00:00|descending|168|(8.554988, 44.836044, 12.225307, 46.74081)",S1B_IW_GRDH_1SDV_20190705T052629_20190705T052654_016994_01FF99_EAE0_COG,1,True,S1B_IW_GRDH_1SDV_20190705T052629_20190705T052654_016994_01FF99_EAE0_COG,1,S1B,2019-07-05 05:26:29.562514+00:00,2019-07-05 05:26:54.561067+00:00,descending,168,"[8.554988, 44.836044, 12.225307, 46.74081]",4,4,3,2,11
"S1B|2019-07-05 05:26:46.865368+00:00|2019-07-05 05:27:11.863398+00:00|descending|168|(8.360697, 43.799431, 11.960858, 45.696598)",S1B_IW_GRDH_1SDV_20190705T052646_20190705T052711_016994_01FF99_E5A3_COG,1,True,S1B_IW_GRDH_1SDV_20190705T052646_20190705T052711_016994_01FF99_E5A3_COG,1,S1B,2019-07-05 05:26:46.865368+00:00,2019-07-05 05:27:11.863398+00:00,descending,168,"[8.360697, 43.799431, 11.960858, 45.696598]",4,4,3,2,11
"S1B|2019-07-05 05:26:54.562517+00:00|2019-07-05 05:27:19.561068+00:00|descending|168|(8.224654, 43.337479, 11.833172, 45.239315)",S1B_IW_GRDH_1SDV_20190705T052654_20190705T052719_016994_01FF99_3ACE_COG,1,True,S1B_IW_GRDH_1SDV_20190705T052654_20190705T052719_016994_01FF99_3ACE_COG,1,S1B,2019-07-05 05:26:54.562517+00:00,2019-07-05 05:27:19.561068+00:00,descending,168,"[8.224654, 43.337479, 11.833172, 45.239315]",4,4,3,2,11
"S1B|2019-07-06 17:14:00.285715+00:00|2019-07-06 17:14:25.284117+00:00|ascending|15|(7.911284, 43.593529, 11.567119, 45.501591)",S1B_IW_GRDH_1SDV_20190706T171400_20190706T171425_017016_020035_2F0D_COG,1,True,S1B_IW_GRDH_1SDV_20190706T171400_20190706T171425_017016_020035_2F0D_COG,1,S1B,2019-07-06 17:14:00.285715+00:00,2019-07-06 17:14:25.284117+00:00,ascending,15,"[7.911284, 43.593529, 11.567119, 45.501591]",4,4,3,2,11
"S1B|2019-07-06 17:14:00.286914+00:00|2019-07-06 17:14:25.285295+00:00|ascending|15|(7.911242, 43.593605, 11.56708, 45.501667)",S1B_IW_GRDH_1SDV_20190706T171400_20190706T171425_017016_020035_742E_COG,1,True,S1B_IW_GRDH_1SDV_20190706T171400_20190706T171425_017016_020035_742E_COG,1,S1B,2019-07-06 17:14:00.286914+00:00,2019-07-06 17:14:25.285295+00:00,ascending,15,"[7.911242, 43.593605, 11.56708, 45.501667]",4,4,3,2,11
"S1B|2019-07-06 17:14:25.285615+00:00|2019-07-06 17:14:50.285515+00:00|ascending|15|(7.517137, 45.092999, 11.243101, 47.00325)",S1B_IW_GRDH_1SDV_20190706T171425_20190706T171450_017016_020035_A78C_COG,1,True,S1B_IW_GRDH_1SDV_20190706T171425_20190706T171450_017016_020035_A78C_COG,1,S1B,2019-07-06 17:14:25.285615+00:00,2019-07-06 17:14:50.285515+00:00,ascending,15,"[7.517137, 45.092999, 11.243101, 47.00325]",4,4,3,2,11
"S1B|2019-07-06 17:14:25.286792+00:00|2019-07-06 17:14:50.285173+00:00|ascending|15|(7.517121, 45.093075, 11.243064, 47.003235)",S1B_IW_GRDH_1SDV_20190706T171425_20190706T171450_017016_020035_430E_COG,1,True,S1B_IW_GRDH_1SDV_20190706T171425_20190706T171450_017016_020035_430E_COG,1,S1B,2019-07-06 17:14:25.286792+00:00,2019-07-06 17:14:50.285173+00:00,ascending,15,"[7.517121, 45.093075, 11.243064, 47.003235]",4,4,3,2,11
"S1B|2019-07-10 05:34:39.919978+00:00|2019-07-10 05:35:04.919216+00:00|descending|66|(6.589972, 45.055954, 10.215537, 46.956482)",S1B_IW_GRDH_1SDV_20190710T053439_20190710T053504_017067_0201C6_D16C_COG,1,True,S1B_IW_GRDH_1SDV_20190710T053439_20190710T053504_017067_0201C6_D16C_COG,1,S1B,2019-07-10 05:34:39.919978+00:00,2019-07-10 05:35:04.919216+00:00,descending,66,"[6.589972, 45.055954, 10.215537, 46.956482]",4,4,3,2,11
"S1B|2019-07-10 05:34:48.455244+00:00|2019-07-10 05:35:13.454242+00:00|descending|66|(6.418056, 44.545895, 10.084765, 46.448551)",S1B_IW_GRDH_1SDV_20190710T053448_20190710T053513_017067_0201C6_9761_COG,1,True,S1B_IW_GRDH_1SDV_20190710T053448_20190710T053513_017067_0201C6_9761_COG,1,S1B,2019-07-10 05:34:48.455244+00:00,2019-07-10 05:35:13.454242+00:00,descending,66,"[6.418056, 44.545895, 10.084765, 46.448551]",4,4,3,2,11
"S1B|2019-07-10 05:35:04.920723+00:00|2019-07-10 05:35:29.918463+00:00|descending|66|(6.262937, 43.556828, 9.832087, 45.453873)",S1B_IW_GRDH_1SDV_20190710T053504_20190710T053529_017067_0201C6_7137_COG,1,True,S1B_IW_GRDH_1SDV_20190710T053504_20190710T053529_017067_0201C6_7137_COG,1,S1B,2019-07-10 05:35:04.920723+00:00,2019-07-10 05:35:29.918463+00:00,descending,66,"[6.262937, 43.556828, 9.832087, 45.453873]",4,4,3,2,11
"S1B|2019-07-11 17:22:12.167516+00:00|2019-07-11 17:22:37.166984+00:00|ascending|88|(5.92864, 43.472466, 9.493555, 45.379681)",S1B_IW_GRDH_1SDV_20190711T172212_20190711T172237_017089_020272_DFEA_COG,1,True,S1B_IW_GRDH_1SDV_20190711T172212_20190711T172237_017089_020272_DFEA_COG,1,S1B,2019-07-11 17:22:12.167516+00:00,2019-07-11 17:22:37.166984+00:00,ascending,88,"[5.92864, 43.472466, 9.493555, 45.379681]",4,4,3,2,11
"S1B|2019-07-11 17:22:12.168651+00:00|2019-07-11 17:22:37.166597+00:00|ascending|88|(5.928421, 43.472519, 9.4935, 45.37962)",S1B_IW_GRDH_1SDV_20190711T172212_20190711T172237_017089_020272_5C9E_COG,1,True,S1B_IW_GRDH_1SDV_20190711T172212_20190711T172237_017089_020272_5C9E_COG,1,S1B,2019-07-11 17:22:12.168651+00:00,2019-07-11 17:22:37.166597+00:00,ascending,88,"[5.928421, 43.472519, 9.4935, 45.37962]",4,4,3,2,11
"S1B|2019-07-11 17:22:37.168093+00:00|2019-07-11 17:23:02.166039+00:00|ascending|88|(5.475353, 44.977276, 9.206325, 46.874962)",S1B_IW_GRDH_1SDV_20190711T172237_20190711T172302_017089_020272_62A8_COG,1,True,S1B_IW_GRDH_1SDV_20190711T172237_20190711T172302_017089_020272_62A8_COG,1,S1B,2019-07-11 17:22:37.168093+00:00,2019-07-11 17:23:02.166039+00:00,ascending,88,"[5.475353, 44.977276, 9.206325, 46.874962]",4,4,3,2,11
"S1B|2019-07-11 17:22:37.168481+00:00|2019-07-11 17:23:02.166452+00:00|ascending|88|(5.475382, 44.977341, 9.20656, 46.875004)",S1B_IW_GRDH_1SDV_20190711T172237_20190711T172302_017089_020272_815B_COG,1,True,S1B_IW_GRDH_1SDV_20190711T172237_20190711T172302_017089_020272_815B_COG,1,S1B,2019-07-11 17:22:37.168481+00:00,2019-07-11 17:23:02.166452+00:00,ascending,88,"[5.475382, 44.977341, 9.20656, 46.875004]",4,4,3,2,11
"S1B|2019-07-17 05:26:30.153807+00:00|2019-07-17 05:26:55.152397+00:00|descending|168|(8.555205, 44.836124, 12.225646, 46.740894)",S1B_IW_GRDH_1SDV_20190717T052630_20190717T052655_017169_0204BF_A739_COG,1,True,S1B_IW_GRDH_1SDV_20190717T052630_20190717T052655_017169_0204BF_A739_COG,1,S1B,2019-07-17 05:26:30.153807+00:00,2019-07-17 05:26:55.152397+00:00,descending,168,"[8.555205, 44.836124, 12.225646, 46.740894]",4,4,3,2,11
"S1B|2019-07-17 05:26:30.154912+00:00|2019-07-17 05:26:55.153479+00:00|descending|168|(8.555261, 44.83606, 12.225574, 46.740814)",S1B_IW_GRDH_1SDV_20190717T052630_20190717T052655_017169_0204BF_F6F3_COG,1,True,S1B_IW_GRDH_1SDV_20190717T052630_20190717T052655_017169_0204BF_F6F3_COG,1,S1B,2019-07-17 05:26:30.154912+00:00,2019-07-17 05:26:55.153479+00:00,descending,168,"[8.555261, 44.83606, 12.225574, 46.740814]",4,4,3,2,11
"S1B|2019-07-17 05:26:55.153897+00:00|2019-07-17 05:27:20.152487+00:00|descending|168|(8.224762, 43.337551, 11.833521, 45.239407)",S1B_IW_GRDH_1SDV_20190717T052655_20190717T052720_017169_0204BF_F9A9_COG,1,True,S1B_IW_GRDH_1SDV_20190717T052655_20190717T052720_017169_0204BF_F9A9_COG,1,S1B,2019-07-17 05:26:55.153897+00:00,2019-07-17 05:27:20.152487+00:00,descending,168,"[8.224762, 43.337551, 11.833521, 45.239407]",4,4,3,2,11
"S1B|2019-07-17 05:26:55.154979+00:00|2019-07-17 05:27:20.153546+00:00|descending|168|(8.224812, 43.33749, 11.833447, 45.239326)",S1B_IW_GRDH_1SDV_20190717T052655_20190717T052720_017169_0204BF_BD44_COG,1,True,S1B_IW_GRDH_1SDV_20190717T052655_20190717T052720_017169_0204BF_BD44_COG,1,S1B,2019-07-17 05:26:55.154979+00:00,2019-07-17 05:27:20.153546+00:00,descending,168,"[8.224812, 43.33749, 11.833447, 45.239326]",4,4,3,2,11
"S1B|2019-07-18 17:14:00.879221+00:00|2019-07-18 17:14:25.877569+00:00|ascending|15|(7.91233, 43.593681, 11.568155, 45.501709)",S1B_IW_GRDH_1SDV_20190718T171400_20190718T171425_017191_020553_77D7_COG,1,True,S1B_IW_GRDH_1SDV_20190718T171400_20190718T171425_017191_020553_77D7_COG,1,S1B,2019-07-18 17:14:00.879221+00:00,2019-07-18 17:14:25.877569+00:00,ascending,15,"[7.91233, 43.593681, 11.568155, 45.501709]",4,4,3,2,11
"S1B|2019-07-18 17:14:00.879546+00:00|2019-07-18 17:14:25.877917+00:00|ascending|15|(7.91235, 43.5937, 11.568177, 45.501728)",S1B_IW_GRDH_1SDV_20190718T171400_20190718T171425_017191_020553_E825_COG,1,True,S1B_IW_GRDH_1SDV_20190718T171400_20190718T171425_017191_020553_E825_COG,1,S1B,2019-07-18 17:14:00.879546+00:00,2019-07-18 17:14:25.877917+00:00,ascending,15,"[7.91235, 43.5937, 11.568177, 45.501728]",4,4,3,2,11
"S1B|2019-07-18 17:14:25.879067+00:00|2019-07-18 17:14:50.877415+00:00|ascending|15|(7.518236, 45.093151, 11.244164, 47.003281)",S1B_IW_GRDH_1SDV_20190718T171425_20190718T171450_017191_020553_FEB8_COG,1,True,S1B_IW_GRDH_1SDV_20190718T171425_20190718T171450_017191_020553_FEB8_COG,1,S1B,2019-07-18 17:14:25.879067+00:00,2019-07-18 17:14:50.877415+00:00,ascending,15,"[7.518236, 45.093151, 11.244164, 47.003281]",4,4,3,2,11
"S1B|2019-07-18 17:14:25.879415+00:00|2019-07-18 17:14:50.877786+00:00|ascending|15|(7.518254, 45.09317, 11.244185, 47.0033)",S1B_IW_GRDH_1SDV_20190718T171425_20190718T171450_017191_020553_16A2_COG,1,True,S1B_IW_GRDH_1SDV_20190718T171425_20190718T171450_017191_020553_16A2_COG,1,S1B,2019-07-18 17:14:25.879415+00:00,2019-07-18 17:14:50.877786+00:00,ascending,15,"[7.518254, 45.09317, 11.244185, 47.0033]",4,4,3,2,11
"S1B|2019-07-22 05:34:40.769962+00:00|2019-07-22 05:35:05.768903+00:00|descending|66|(6.587455, 45.043919, 10.211676, 46.94445)",S1B_IW_GRDH_1SDV_20190722T053440_20190722T053505_017242_0206DD_1E92_COG,1,True,S1B_IW_GRDH_1SDV_20190722T053440_20190722T053505_017242_0206DD_1E92_COG,1,S1B,2019-07-22 05:34:40.769962+00:00,2019-07-22 05:35:05.768903+00:00,descending,66,"[6.587455, 45.043919, 10.211676, 46.94445]",4,4,3,2,11
"S1B|2019-07-22 05:34:49.104254+00:00|2019-07-22 05:35:14.103235+00:00|descending|66|(6.418124, 44.545879, 10.084953, 46.44854)",S1B_IW_GRDH_1SDV_20190722T053449_20190722T053514_017242_0206DD_5DE8_COG,1,True,S1B_IW_GRDH_1SDV_20190722T053449_20190722T053514_017242_0206DD_5DE8_COG,1,S1B,2019-07-22 05:34:49.104254+00:00,2019-07-22 05:35:14.103235+00:00,descending,66,"[6.418124, 44.545879, 10.084953, 46.44854]",4,4,3,2,11
"S1B|2019-07-22 05:35:05.770401+00:00|2019-07-22 05:35:30.767843+00:00|descending|66|(6.260623, 43.544796, 9.82886, 45.441811)",S1B_IW_GRDH_1SDV_20190722T053505_20190722T053530_017242_0206DD_170A_COG,1,True,S1B_IW_GRDH_1SDV_20190722T053505_20190722T053530_017242_0206DD_170A_COG,1,S1B,2019-07-22 05:35:05.770401+00:00,2019-07-22 05:35:30.767843+00:00,descending,66,"[6.260623, 43.544796, 9.82886, 45.441811]",4,4,3,2,11
"S1B|2019-07-23 17:22:12.913020+00:00|2019-07-23 17:22:37.911031+00:00|ascending|88|(5.927779, 43.472389, 9.492982, 45.379532)",S1B_IW_GRDH_1SDV_20190723T172212_20190723T172237_017264_020789_A008_COG,1,True,S1B_IW_GRDH_1SDV_20190723T172212_20190723T172237_017264_020789_A008_COG,1,S1B,2019-07-23 17:22:12.913020+00:00,2019-07-23 17:22:37.911031+00:00,ascending,88,"[5.927779, 43.472389, 9.492982, 45.379532]",4,4,3,2,11
"S1B|2019-07-23 17:22:12.913389+00:00|2019-07-23 17:22:37.911427+00:00|ascending|88|(5.927766, 43.472412, 9.492974, 45.379555)",S1B_IW_GRDH_1SDV_20190723T172212_20190723T172237_017264_020789_3628_COG,1,True,S1B_IW_GRDH_1SDV_20190723T172212_20190723T172237_017264_020789_3628_COG,1,S1B,2019-07-23 17:22:12.913389+00:00,2019-07-23 17:22:37.911427+00:00,ascending,88,"[5.927766, 43.472412, 9.492974, 45.379555]",4,4,3,2,11
"S1B|2019-07-23 17:22:37.912528+00:00|2019-07-23 17:23:02.912036+00:00|ascending|88|(5.474664, 44.977146, 9.205795, 46.874962)",S1B_IW_GRDH_1SDV_20190723T172237_20190723T172302_017264_020789_471C_COG,1,True,S1B_IW_GRDH_1SDV_20190723T172237_20190723T172302_017264_020789_471C_COG,1,S1B,2019-07-23 17:22:37.912528+00:00,2019-07-23 17:23:02.912036+00:00,ascending,88,"[5.474664, 44.977146, 9.205795, 46.874962]",4,4,3,2,11
"S1B|2019-07-23 17:22:37.912924+00:00|2019-07-23 17:23:02.910961+00:00|ascending|88|(5.47467, 44.977169, 9.205783, 46.874901)",S1B_IW_GRDH_1SDV_20190723T172237_20190723T172302_017264_020789_C06C_COG,1,True,S1B_IW_GRDH_1SDV_20190723T172237_20190723T172302_017264_020789_C06C_COG,1,S1B,2019-07-23 17:22:37.912924+00:00,2019-07-23 17:23:02.910961+00:00,ascending,88,"[5.47467, 44.977169, 9.205783, 46.874901]",4,4,3,2,11
"S1B|2019-07-29 05:26:22.994421+00:00|2019-07-29 05:26:47.992420+00:00|descending|168|(8.698063, 45.308487, 12.35024, 47.209873)",S1B_IW_GRDH_1SDV_20190729T052622_20190729T052647_017344_0209DE_92E3_COG,1,True,S1B_IW_GRDH_1SDV_20190729T052622_20190729T052647_017344_0209DE_92E3_COG,1,S1B,2019-07-29 05:26:22.994421+00:00,2019-07-29 05:26:47.992420+00:00,descending,168,"[8.698063, 45.308487, 12.35024, 47.209873]",4,4,3,2,11
"S1B|2019-07-29 05:26:30.874932+00:00|2019-07-29 05:26:55.873463+00:00|descending|168|(8.555738, 44.835957, 12.226078, 46.740749)",S1B_IW_GRDH_1SDV_20190729T052630_20190729T052655_017344_0209DE_B520_COG,1,True,S1B_IW_GRDH_1SDV_20190729T052630_20190729T052655_017344_0209DE_B520_COG,1,S1B,2019-07-29 05:26:30.874932+00:00,2019-07-29 05:26:55.873463+00:00,descending,168,"[8.555738, 44.835957, 12.226078, 46.740749]",4,4,3,2,11
"S1B|2019-07-29 05:26:47.993905+00:00|2019-07-29 05:27:12.991903+00:00|descending|168|(8.36324, 43.810547, 11.964626, 45.707588)",S1B_IW_GRDH_1SDV_20190729T052647_20190729T052712_017344_0209DE_8236_COG,1,True,S1B_IW_GRDH_1SDV_20190729T052647_20190729T052712_017344_0209DE_8236_COG,1,S1B,2019-07-29 05:26:47.993905+00:00,2019-07-29 05:27:12.991903+00:00,descending,168,"[8.36324, 43.810547, 11.964626, 45.707588]",4,4,3,2,11
"S1B|2019-07-29 05:26:55.874912+00:00|2019-07-29 05:27:20.873440+00:00|descending|168|(8.225375, 43.337391, 11.83391, 45.239254)",S1B_IW_GRDH_1SDV_20190729T052655_20190729T052720_017344_0209DE_7E9B_COG,1,True,S1B_IW_GRDH_1SDV_20190729T052655_20190729T052720_017344_0209DE_7E9B_COG,1,S1B,2019-07-29 05:26:55.874912+00:00,2019-07-29 05:27:20.873440+00:00,descending,168,"[8.225375, 43.337391, 11.83391, 45.239254]",4,4,3,2,11
"S1B|2019-07-30 17:14:01.546821+00:00|2019-07-30 17:14:26.545244+00:00|ascending|15|(7.912054, 43.593502, 11.568001, 45.501564)",S1B_IW_GRDH_1SDV_20190730T171401_20190730T171426_017366_020A7C_A2AF_COG,1,True,S1B_IW_GRDH_1SDV_20190730T171401_20190730T171426_017366_020A7C_A2AF_COG,1,S1B,2019-07-30 17:14:01.546821+00:00,2019-07-30 17:14:26.545244+00:00,ascending,15,"[7.912054, 43.593502, 11.568001, 45.501564]",4,4,3,2,11
"S1B|2019-07-30 17:14:01.547168+00:00|2019-07-30 17:14:26.545616+00:00|ascending|15|(7.912116, 43.593525, 11.568064, 45.501591)",S1B_IW_GRDH_1SDV_20190730T171401_20190730T171426_017366_020A7C_F4D5_COG,1,True,S1B_IW_GRDH_1SDV_20190730T171401_20190730T171426_017366_020A7C_F4D5_COG,1,S1B,2019-07-30 17:14:01.547168+00:00,2019-07-30 17:14:26.545616+00:00,ascending,15,"[7.912116, 43.593525, 11.568064, 45.501591]",4,4,3,2,11
"S1B|2019-07-30 17:14:26.546741+00:00|2019-07-30 17:14:51.545164+00:00|ascending|15|(7.517949, 45.092972, 11.243873, 47.003124)",S1B_IW_GRDH_1SDV_20190730T171426_20190730T171451_017366_020A7C_ADC7_COG,1,True,S1B_IW_GRDH_1SDV_20190730T171426_20190730T171451_017366_020A7C_ADC7_COG,1,S1B,2019-07-30 17:14:26.546741+00:00,2019-07-30 17:14:51.545164+00:00,ascending,15,"[7.517949, 45.092972, 11.243873, 47.003124]",4,4,3,2,11
"S1B|2019-07-30 17:14:26.547114+00:00|2019-07-30 17:14:51.545562+00:00|ascending|15|(7.518011, 45.092995, 11.243937, 47.003147)",S1B_IW_GRDH_1SDV_20190730T171426_20190730T171451_017366_020A7C_E096_COG,1,True,S1B_IW_GRDH_1SDV_20190730T171426_20190730T171451_017366_020A7C_E096_COG,1,S1B,2019-07-30 17:14:26.547114+00:00,2019-07-30 17:14:51.545562+00:00,ascending,15,"[7.518011, 45.092995, 11.243937, 47.003147]",4,4,3,2,11
"S1B|2019-08-03 05:34:41.988717+00:00|2019-08-03 05:35:06.987577+00:00|descending|66|(6.579688, 45.010487, 10.199007, 46.911095)",S1B_IW_GRDH_1SDV_20190803T053441_20190803T053506_017417_020C1C_FE7D_COG,1,True,S1B_IW_GRDH_1SDV_20190803T053441_20190803T053506_017417_020C1C_FE7D_COG,1,S1B,2019-08-03 05:34:41.988717+00:00,2019-08-03 05:35:06.987577+00:00,descending,66,"[6.579688, 45.010487, 10.199007, 46.911095]",4,4,3,2,11
"S1B|2019-08-03 05:34:49.765204+00:00|2019-08-03 05:35:14.764114+00:00|descending|66|(6.417844, 44.545845, 10.08451, 46.448441)",S1B_IW_GRDH_1SDV_20190803T053449_20190803T053514_017417_020C1C_3A22_COG,1,True,S1B_IW_GRDH_1SDV_20190803T053449_20190803T053514_017417_020C1C_3A22_COG,1,S1B,2019-08-03 05:34:49.765204+00:00,2019-08-03 05:35:14.764114+00:00,descending,66,"[6.417844, 44.545845, 10.08451, 46.448441]",4,4,3,2,11
"S1B|2019-08-03 05:35:06.989073+00:00|2019-08-03 05:35:31.987932+00:00|descending|66|(6.252985, 43.511223, 9.818949, 45.408306)",S1B_IW_GRDH_1SDV_20190803T053506_20190803T053531_017417_020C1C_4484_COG,1,True,S1B_IW_GRDH_1SDV_20190803T053506_20190803T053531_017417_020C1C_4484_COG,1,S1B,2019-08-03 05:35:06.989073+00:00,2019-08-03 05:35:31.987932+00:00,descending,66,"[6.252985, 43.511223, 9.818949, 45.408306]",4,4,3,2,11
"S1B|2019-08-04 17:22:13.627988+00:00|2019-08-04 17:22:38.626038+00:00|ascending|88|(5.928968, 43.472378, 9.493956, 45.379513)",S1B_IW_GRDH_1SDV_20190804T172213_20190804T172238_017439_020CCC_81C8_COG,1,True,S1B_IW_GRDH_1SDV_20190804T172213_20190804T172238_017439_020CCC_81C8_COG,1,S1B,2019-08-04 17:22:13.627988+00:00,2019-08-04 17:22:38.626038+00:00,ascending,88,"[5.928968, 43.472378, 9.493956, 45.379513]",4,4,3,2,11
"S1B|2019-08-04 17:22:13.628240+00:00|2019-08-04 17:22:38.626308+00:00|ascending|88|(5.928965, 43.472401, 9.493958, 45.379543)",S1B_IW_GRDH_1SDV_20190804T172213_20190804T172238_017439_020CCC_27C8_COG,1,True,S1B_IW_GRDH_1SDV_20190804T172213_20190804T172238_017439_020CCC_27C8_COG,1,S1B,2019-08-04 17:22:13.628240+00:00,2019-08-04 17:22:38.626308+00:00,ascending,88,"[5.928965, 43.472401, 9.493958, 45.379543]",4,4,3,2,11
"S1B|2019-08-04 17:22:38.627534+00:00|2019-08-04 17:23:03.625584+00:00|ascending|88|(5.475555, 44.977161, 9.207011, 46.874821)",S1B_IW_GRDH_1SDV_20190804T172238_20190804T172303_017439_020CCC_371D_COG,1,True,S1B_IW_GRDH_1SDV_20190804T172238_20190804T172303_017439_020CCC_371D_COG,1,S1B,2019-08-04 17:22:38.627534+00:00,2019-08-04 17:23:03.625584+00:00,ascending,88,"[5.475555, 44.977161, 9.207011, 46.874821]",4,4,3,2,11
"S1B|2019-08-04 17:22:38.627805+00:00|2019-08-04 17:23:03.625873+00:00|ascending|88|(5.475547, 44.977192, 9.207009, 46.874851)",S1B_IW_GRDH_1SDV_20190804T172238_20190804T172303_017439_020CCC_E57F_COG,1,True,S1B_IW_GRDH_1SDV_20190804T172238_20190804T172303_017439_020CCC_E57F_COG,1,S1B,2019-08-04 17:22:38.627805+00:00,2019-08-04 17:23:03.625873+00:00,ascending,88,"[5.475547, 44.977192, 9.207009, 46.874851]",4,4,3,2,11
"S1B|2019-08-10 05:26:23.937135+00:00|2019-08-10 05:26:48.935218+00:00|descending|168|(8.697813, 45.30592, 12.350281, 47.207344)",S1B_IW_GRDH_1SDV_20190810T052623_20190810T052648_017519_020F28_5113_COG,1,True,S1B_IW_GRDH_1SDV_20190810T052623_20190810T052648_017519_020F28_5113_COG,1,S1B,2019-08-10 05:26:23.937135+00:00,2019-08-10 05:26:48.935218+00:00,descending,168,"[8.697813, 45.30592, 12.350281, 47.207344]",4,4,3,2,11
"S1B|2019-08-10 05:26:31.775293+00:00|2019-08-10 05:26:56.773889+00:00|descending|168|(8.556122, 44.83593, 12.226476, 46.740761)",S1B_IW_GRDH_1SDV_20190810T052631_20190810T052656_017519_020F28_89D3_COG,1,True,S1B_IW_GRDH_1SDV_20190810T052631_20190810T052656_017519_020F28_89D3_COG,1,S1B,2019-08-10 05:26:31.775293+00:00,2019-08-10 05:26:56.773889+00:00,descending,168,"[8.556122, 44.83593, 12.226476, 46.740761]",4,4,3,2,11
"S1B|2019-08-10 05:26:48.936706+00:00|2019-08-10 05:27:13.936288+00:00|descending|168|(8.363245, 43.807854, 11.964361, 45.705063)",S1B_IW_GRDH_1SDV_20190810T052648_20190810T052713_017519_020F28_9CB0_COG,1,True,S1B_IW_GRDH_1SDV_20190810T052648_20190810T052713_017519_020F28_9CB0_COG,1,S1B,2019-08-10 05:26:48.936706+00:00,2019-08-10 05:27:13.936288+00:00,descending,168,"[8.363245, 43.807854, 11.964361, 45.705063]",4,4,3,2,11
"S1B|2019-08-10 05:26:56.775390+00:00|2019-08-10 05:27:21.773986+00:00|descending|168|(8.22561, 43.337364, 11.834284, 45.239281)",S1B_IW_GRDH_1SDV_20190810T052656_20190810T052721_017519_020F28_E629_COG,1,True,S1B_IW_GRDH_1SDV_20190810T052656_20190810T052721_017519_020F28_E629_COG,1,S1B,2019-08-10 05:26:56.775390+00:00,2019-08-10 05:27:21.773986+00:00,descending,168,"[8.22561, 43.337364, 11.834284, 45.239281]",4,4,3,2,11
"S1B|2019-08-11 17:14:02.507122+00:00|2019-08-11 17:14:27.505432+00:00|ascending|15|(7.911032, 43.593704, 11.566888, 45.501774)",S1B_IW_GRDH_1SDV_20190811T171402_20190811T171427_017541_020FD8_8465_COG,1,True,S1B_IW_GRDH_1SDV_20190811T171402_20190811T171427_017541_020FD8_8465_COG,1,S1B,2019-08-11 17:14:02.507122+00:00,2019-08-11 17:14:27.505432+00:00,ascending,15,"[7.911032, 43.593704, 11.566888, 45.501774]",4,4,3,2,11
"S1B|2019-08-11 17:14:02.507399+00:00|2019-08-11 17:14:27.505729+00:00|ascending|15|(7.911085, 43.593719, 11.56694, 45.501785)",S1B_IW_GRDH_1SDV_20190811T171402_20190811T171427_017541_020FD8_2C7C_COG,1,True,S1B_IW_GRDH_1SDV_20190811T171402_20190811T171427_017541_020FD8_2C7C_COG,1,S1B,2019-08-11 17:14:02.507399+00:00,2019-08-11 17:14:27.505729+00:00,ascending,15,"[7.911085, 43.593719, 11.56694, 45.501785]",4,4,3,2,11
"S1B|2019-08-11 17:14:27.506929+00:00|2019-08-11 17:14:52.506737+00:00|ascending|15|(7.516866, 45.09317, 11.24273, 47.003418)",S1B_IW_GRDH_1SDV_20190811T171427_20190811T171452_017541_020FD8_6D97_COG,1,True,S1B_IW_GRDH_1SDV_20190811T171427_20190811T171452_017541_020FD8_6D97_COG,1,S1B,2019-08-11 17:14:27.506929+00:00,2019-08-11 17:14:52.506737+00:00,ascending,15,"[7.516866, 45.09317, 11.24273, 47.003418]",4,4,3,2,11
"S1B|2019-08-11 17:14:27.507226+00:00|2019-08-11 17:14:52.505556+00:00|ascending|15|(7.516945, 45.093185, 11.24291, 47.003357)",S1B_IW_GRDH_1SDV_20190811T171427_20190811T171452_017541_020FD8_51ED_COG,1,True,S1B_IW_GRDH_1SDV_20190811T171427_20190811T171452_017541_020FD8_51ED_COG,1,S1B,2019-08-11 17:14:27.507226+00:00,2019-08-11 17:14:52.505556+00:00,ascending,15,"[7.516945, 45.093185, 11.24291, 47.003357]",4,4,3,2,11
"S1B|2019-08-15 05:34:42.906478+00:00|2019-08-15 05:35:07.905406+00:00|descending|66|(6.578234, 45.007793, 10.197303, 46.908409)",S1B_IW_GRDH_1SDV_20190815T053442_20190815T053507_017592_021179_B8FC_COG,1,True,S1B_IW_GRDH_1SDV_20190815T053442_20190815T053507_017592_021179_B8FC_COG,1,S1B,2019-08-15 05:34:42.906478+00:00,2019-08-15 05:35:07.905406+00:00,descending,66,"[6.578234, 45.007793, 10.197303, 46.908409]",4,4,3,2,11
"S1B|2019-08-15 05:34:50.638619+00:00|2019-08-15 05:35:15.636083+00:00|descending|66|(6.41713, 44.545895, 10.083747, 46.448383)",S1B_IW_GRDH_1SDV_20190815T053450_20190815T053515_017592_021179_23C5_COG,1,True,S1B_IW_GRDH_1SDV_20190815T053450_20190815T053515_017592_021179_23C5_COG,1,S1B,2019-08-15 05:34:50.638619+00:00,2019-08-15 05:35:15.636083+00:00,descending,66,"[6.41713, 44.545895, 10.083747, 46.448383]",4,4,3,2,11
"S1B|2019-08-15 05:35:07.906916+00:00|2019-08-15 05:35:32.904346+00:00|descending|66|(6.251716, 43.508617, 9.817461, 45.405594)",S1B_IW_GRDH_1SDV_20190815T053507_20190815T053532_017592_021179_5635_COG,1,True,S1B_IW_GRDH_1SDV_20190815T053507_20190815T053532_017592_021179_5635_COG,1,S1B,2019-08-15 05:35:07.906916+00:00,2019-08-15 05:35:32.904346+00:00,descending,66,"[6.251716, 43.508617, 9.817461, 45.405594]",4,4,3,2,11
"S1B|2019-08-16 17:22:14.441274+00:00|2019-08-16 17:22:39.439212+00:00|ascending|88|(5.929819, 43.472637, 9.494673, 45.3797)",S1B_IW_GRDH_1SDV_20190816T172214_20190816T172239_017614_021234_5960_COG,1,True,S1B_IW_GRDH_1SDV_20190816T172214_20190816T172239_017614_021234_5960_COG,1,S1B,2019-08-16 17:22:14.441274+00:00,2019-08-16 17:22:39.439212+00:00,ascending,88,"[5.929819, 43.472637, 9.494673, 45.3797]",4,4,3,2,11
"S1B|2019-08-16 17:22:14.441418+00:00|2019-08-16 17:22:39.439367+00:00|ascending|88|(5.929865, 43.472664, 9.494724, 45.37973)",S1B_IW_GRDH_1SDV_20190816T172214_20190816T172239_017614_021234_5F4A_COG,1,True,S1B_IW_GRDH_1SDV_20190816T172214_20190816T172239_017614_021234_5F4A_COG,1,S1B,2019-08-16 17:22:14.441418+00:00,2019-08-16 17:22:39.439367+00:00,ascending,88,"[5.929865, 43.472664, 9.494724, 45.37973]",4,4,3,2,11
"S1B|2019-08-16 17:22:39.440709+00:00|2019-08-16 17:23:04.440143+00:00|ascending|88|(5.476423, 44.977425, 9.20776, 46.875099)",S1B_IW_GRDH_1SDV_20190816T172239_20190816T172304_017614_021234_5A8D_COG,1,True,S1B_IW_GRDH_1SDV_20190816T172239_20190816T172304_017614_021234_5A8D_COG,1,S1B,2019-08-16 17:22:39.440709+00:00,2019-08-16 17:23:04.440143+00:00,ascending,88,"[5.476423, 44.977425, 9.20776, 46.875099]",4,4,3,2,11
"S1B|2019-08-16 17:22:39.440863+00:00|2019-08-16 17:23:04.438811+00:00|ascending|88|(5.476492, 44.977455, 9.207808, 46.875042)",S1B_IW_GRDH_1SDV_20190816T172239_20190816T172304_017614_021234_6899_COG,1,True,S1B_IW_GRDH_1SDV_20190816T172239_20190816T172304_017614_021234_6899_COG,1,S1B,2019-08-16 17:22:39.440863+00:00,2019-08-16 17:23:04.438811+00:00,ascending,88,"[5.476492, 44.977455, 9.207808, 46.875042]",4,4,3,2,11
"S1B|2019-08-22 05:26:24.977623+00:00|2019-08-22 05:26:49.975706+00:00|descending|168|(8.69235, 45.280388, 12.346369, 47.181656)",S1B_IW_GRDH_1SDV_20190822T052624_20190822T052649_017694_02149F_3DD6_COG,1,True,S1B_IW_GRDH_1SDV_20190822T052624_20190822T052649_017694_02149F_3DD6_COG,1,S1B,2019-08-22 05:26:24.977623+00:00,2019-08-22 05:26:49.975706+00:00,descending,168,"[8.69235, 45.280388, 12.346369, 47.181656]",4,4,3,2,11
"S1B|2019-08-22 05:26:32.390988+00:00|2019-08-22 05:26:57.389601+00:00|descending|168|(8.55598, 44.835903, 12.22646, 46.740746)",S1B_IW_GRDH_1SDV_20190822T052632_20190822T052657_017694_02149F_0592_COG,1,True,S1B_IW_GRDH_1SDV_20190822T052632_20190822T052657_017694_02149F_0592_COG,1,S1B,2019-08-22 05:26:32.390988+00:00,2019-08-22 05:26:57.389601+00:00,descending,168,"[8.55598, 44.835903, 12.22646, 46.740746]",4,4,3,2,11
"S1B|2019-08-22 05:26:49.977194+00:00|2019-08-22 05:27:14.976775+00:00|descending|168|(8.359076, 43.781986, 11.957529, 45.679558)",S1B_IW_GRDH_1SDV_20190822T052649_20190822T052714_017694_02149F_2F26_COG,1,True,S1B_IW_GRDH_1SDV_20190822T052649_20190822T052714_017694_02149F_2F26_COG,1,S1B,2019-08-22 05:26:49.977194+00:00,2019-08-22 05:27:14.976775+00:00,descending,168,"[8.359076, 43.781986, 11.957529, 45.679558]",4,4,3,2,11
"S1B|2019-08-22 05:26:57.391101+00:00|2019-08-22 05:27:22.389713+00:00|descending|168|(8.225469, 43.337337, 11.834267, 45.239262)",S1B_IW_GRDH_1SDV_20190822T052657_20190822T052722_017694_02149F_B3F9_COG,1,True,S1B_IW_GRDH_1SDV_20190822T052657_20190822T052722_017694_02149F_B3F9_COG,1,S1B,2019-08-22 05:26:57.391101+00:00,2019-08-22 05:27:22.389713+00:00,descending,168,"[8.225469, 43.337337, 11.834267, 45.239262]",4,4,3,2,11
"S1B|2019-08-27 05:34:42.806516+00:00|2019-08-27 05:35:07.805439+00:00|descending|66|(6.587578, 45.044014, 10.211782, 46.944546)",S1B_IW_GRDH_1SDV_20190827T053442_20190827T053507_017767_0216F5_E93D_COG,1,True,S1B_IW_GRDH_1SDV_20190827T053442_20190827T053507_017767_0216F5_E93D_COG,1,S1B,2019-08-27 05:34:42.806516+00:00,2019-08-27 05:35:07.805439+00:00,descending,66,"[6.587578, 45.044014, 10.211782, 46.944546]",4,4,3,2,11
"S1B|2019-08-27 05:34:51.145068+00:00|2019-08-27 05:35:16.142540+00:00|descending|66|(6.418298, 44.545803, 10.084968, 46.448357)",S1B_IW_GRDH_1SDV_20190827T053451_20190827T053516_017767_0216F5_E219_COG,1,True,S1B_IW_GRDH_1SDV_20190827T053451_20190827T053516_017767_0216F5_E219_COG,1,S1B,2019-08-27 05:34:51.145068+00:00,2019-08-27 05:35:16.142540+00:00,descending,66,"[6.418298, 44.545803, 10.084968, 46.448357]",4,4,3,2,11
"S1B|2019-08-27 05:35:07.806937+00:00|2019-08-27 05:35:32.804360+00:00|descending|66|(6.260748, 43.544891, 9.828989, 45.441902)",S1B_IW_GRDH_1SDV_20190827T053507_20190827T053532_017767_0216F5_AA84_COG,1,True,S1B_IW_GRDH_1SDV_20190827T053507_20190827T053532_017767_0216F5_AA84_COG,1,S1B,2019-08-27 05:35:07.806937+00:00,2019-08-27 05:35:32.804360+00:00,descending,66,"[6.260748, 43.544891, 9.828989, 45.441902]",4,4,3,2,11
"S1B|2019-08-28 17:22:14.873423+00:00|2019-08-28 17:22:39.871429+00:00|ascending|88|(5.929542, 43.472485, 9.49454, 45.379604)",S1B_IW_GRDH_1SDV_20190828T172214_20190828T172239_017789_0217A2_11FE_COG,1,True,S1B_IW_GRDH_1SDV_20190828T172214_20190828T172239_017789_0217A2_11FE_COG,1,S1B,2019-08-28 17:22:14.873423+00:00,2019-08-28 17:22:39.871429+00:00,ascending,88,"[5.929542, 43.472485, 9.49454, 45.379604]",4,4,3,2,11
"S1B|2019-08-28 17:22:14.873761+00:00|2019-08-28 17:22:39.871792+00:00|ascending|88|(5.929565, 43.4725, 9.494566, 45.379623)",S1B_IW_GRDH_1SDV_20190828T172214_20190828T172239_017789_0217A2_2710_COG,1,True,S1B_IW_GRDH_1SDV_20190828T172214_20190828T172239_017789_0217A2_2710_COG,1,S1B,2019-08-28 17:22:14.873761+00:00,2019-08-28 17:22:39.871792+00:00,ascending,88,"[5.929565, 43.4725, 9.494566, 45.379623]",4,4,3,2,11
"S1B|2019-08-28 17:22:39.872944+00:00|2019-08-28 17:23:04.872447+00:00|ascending|88|(5.476103, 44.977268, 9.207591, 46.875)",S1B_IW_GRDH_1SDV_20190828T172239_20190828T172304_017789_0217A2_CAE9_COG,1,True,S1B_IW_GRDH_1SDV_20190828T172239_20190828T172304_017789_0217A2_CAE9_COG,1,S1B,2019-08-28 17:22:39.872944+00:00,2019-08-28 17:23:04.872447+00:00,ascending,88,"[5.476103, 44.977268, 9.207591, 46.875]",4,4,3,2,11
"S1B|2019-08-28 17:22:39.873306+00:00|2019-08-28 17:23:04.872834+00:00|ascending|88|(5.476121, 44.977287, 9.207741, 46.875034)",S1B_IW_GRDH_1SDV_20190828T172239_20190828T172304_017789_0217A2_9BD8_COG,1,True,S1B_IW_GRDH_1SDV_20190828T172239_20190828T172304_017789_0217A2_9BD8_COG,1,S1B,2019-08-28 17:22:39.873306+00:00,2019-08-28 17:23:04.872834+00:00,ascending,88,"[5.476121, 44.977287, 9.207741, 46.875034]",4,4,3,2,11
"S1B|2019-09-03 05:26:25.928942+00:00|2019-09-03 05:26:50.926867+00:00|descending|168|(8.687095, 45.257919, 12.341696, 47.158947)",S1B_IW_GRDH_1SDV_20190903T052625_20190903T052650_017869_021A0C_CDA1_COG,1,True,S1B_IW_GRDH_1SDV_20190903T052625_20190903T052650_017869_021A0C_CDA1_COG,1,S1B,2019-09-03 05:26:25.928942+00:00,2019-09-03 05:26:50.926867+00:00,descending,168,"[8.687095, 45.257919, 12.341696, 47.158947]",4,4,3,2,11
"S1B|2019-09-03 05:26:32.967338+00:00|2019-09-03 05:26:57.965941+00:00|descending|168|(8.55591, 44.835934, 12.226377, 46.740753)",S1B_IW_GRDH_1SDV_20190903T052632_20190903T052657_017869_021A0C_C2BE_COG,1,True,S1B_IW_GRDH_1SDV_20190903T052632_20190903T052657_017869_021A0C_C2BE_COG,1,S1B,2019-09-03 05:26:32.967338+00:00,2019-09-03 05:26:57.965941+00:00,descending,168,"[8.55591, 44.835934, 12.226377, 46.740753]",4,4,3,2,11
"S1B|2019-09-03 05:26:50.928353+00:00|2019-09-03 05:27:15.927776+00:00|descending|168|(8.356053, 43.759315, 11.951324, 45.657097)",S1B_IW_GRDH_1SDV_20190903T052650_20190903T052715_017869_021A0C_CCB0_COG,1,True,S1B_IW_GRDH_1SDV_20190903T052650_20190903T052715_017869_021A0C_CCB0_COG,1,S1B,2019-09-03 05:26:50.928353+00:00,2019-09-03 05:27:15.927776+00:00,descending,168,"[8.356053, 43.759315, 11.951324, 45.657097]",4,4,3,2,11
"S1B|2019-09-03 05:26:57.967416+00:00|2019-09-03 05:27:22.966018+00:00|descending|168|(8.225419, 43.337368, 11.834204, 45.239273)",S1B_IW_GRDH_1SDV_20190903T052657_20190903T052722_017869_021A0C_92A3_COG,1,True,S1B_IW_GRDH_1SDV_20190903T052657_20190903T052722_017869_021A0C_92A3_COG,1,S1B,2019-09-03 05:26:57.967416+00:00,2019-09-03 05:27:22.966018+00:00,descending,168,"[8.225419, 43.337368, 11.834204, 45.239273]",4,4,3,2,11
"S1B|2019-09-04 17:14:03.703595+00:00|2019-09-04 17:14:28.703491+00:00|ascending|15|(7.910544, 43.593594, 11.566438, 45.501774)",S1B_IW_GRDH_1SDV_20190904T171403_20190904T171428_017891_021ABA_58EE_COG,1,True,S1B_IW_GRDH_1SDV_20190904T171403_20190904T171428_017891_021ABA_58EE_COG,1,S1B,2019-09-04 17:14:03.703595+00:00,2019-09-04 17:14:28.703491+00:00,ascending,15,"[7.910544, 43.593594, 11.566438, 45.501774]",4,4,3,2,11
"S1B|2019-09-04 17:14:03.704772+00:00|2019-09-04 17:14:28.703146+00:00|ascending|15|(7.910535, 43.593662, 11.566407, 45.501755)",S1B_IW_GRDH_1SDV_20190904T171403_20190904T171428_017891_021ABA_DE27_COG,1,True,S1B_IW_GRDH_1SDV_20190904T171403_20190904T171428_017891_021ABA_DE27_COG,1,S1B,2019-09-04 17:14:03.704772+00:00,2019-09-04 17:14:28.703146+00:00,ascending,15,"[7.910535, 43.593662, 11.566407, 45.501755]",4,4,3,2,11
"S1B|2019-09-04 17:14:28.704644+00:00|2019-09-04 17:14:53.703018+00:00|ascending|15|(7.516375, 45.093124, 11.242352, 47.003319)",S1B_IW_GRDH_1SDV_20190904T171428_20190904T171453_017891_021ABA_FC40_COG,1,True,S1B_IW_GRDH_1SDV_20190904T171428_20190904T171453_017891_021ABA_FC40_COG,1,S1B,2019-09-04 17:14:28.704644+00:00,2019-09-04 17:14:53.703018+00:00,ascending,15,"[7.516375, 45.093124, 11.242352, 47.003319]",4,4,3,2,11
"S1B|2019-09-04 17:14:28.704988+00:00|2019-09-04 17:14:53.703386+00:00|ascending|15|(7.516382, 45.093147, 11.242363, 47.003345)",S1B_IW_GRDH_1SDV_20190904T171428_20190904T171453_017891_021ABA_6A9D_COG,1,True,S1B_IW_GRDH_1SDV_20190904T171428_20190904T171453_017891_021ABA_6A9D_COG,1,S1B,2019-09-04 17:14:28.704988+00:00,2019-09-04 17:14:53.703386+00:00,ascending,15,"[7.516382, 45.093147, 11.242363, 47.003345]",4,4,3,2,11
"S1B|2019-09-08 05:34:44.101694+00:00|2019-09-08 05:35:09.099150+00:00|descending|66|(6.580172, 45.011154, 10.19972, 46.91177)",S1B_IW_GRDH_1SDV_20190908T053444_20190908T053509_017942_021C60_EB40_COG,1,True,S1B_IW_GRDH_1SDV_20190908T053444_20190908T053509_017942_021C60_EB40_COG,1,S1B,2019-09-08 05:34:44.101694+00:00,2019-09-08 05:35:09.099150+00:00,descending,66,"[6.580172, 45.011154, 10.19972, 46.91177]",4,4,3,2,11
"S1B|2019-09-08 05:34:51.889251+00:00|2019-09-08 05:35:16.888251+00:00|descending|66|(6.41805, 44.545765, 10.084895, 46.448452)",S1B_IW_GRDH_1SDV_20190908T053451_20190908T053516_017942_021C60_E3EC_COG,1,True,S1B_IW_GRDH_1SDV_20190908T053451_20190908T053516_017942_021C60_E3EC_COG,1,S1B,2019-09-08 05:34:51.889251+00:00,2019-09-08 05:35:16.888251+00:00,descending,66,"[6.41805, 44.545765, 10.084895, 46.448452]",4,4,3,2,11
"S1B|2019-09-08 05:35:09.100647+00:00|2019-09-08 05:35:34.099602+00:00|descending|66|(6.253391, 43.511902, 9.819581, 45.409073)",S1B_IW_GRDH_1SDV_20190908T053509_20190908T053534_017942_021C60_44C7_COG,1,True,S1B_IW_GRDH_1SDV_20190908T053509_20190908T053534_017942_021C60_44C7_COG,1,S1B,2019-09-08 05:35:09.100647+00:00,2019-09-08 05:35:34.099602+00:00,descending,66,"[6.253391, 43.511902, 9.819581, 45.409073]",4,4,3,2,11
"S1B|2019-09-09 17:22:15.673688+00:00|2019-09-09 17:22:40.671714+00:00|ascending|88|(5.927519, 43.472466, 9.492729, 45.379597)",S1B_IW_GRDH_1SDV_20190909T172215_20190909T172240_017964_021D21_4E56_COG,1,True,S1B_IW_GRDH_1SDV_20190909T172215_20190909T172240_017964_021D21_4E56_COG,1,S1B,2019-09-09 17:22:15.673688+00:00,2019-09-09 17:22:40.671714+00:00,ascending,88,"[5.927519, 43.472466, 9.492729, 45.379597]",4,4,3,2,11
"S1B|2019-09-09 17:22:15.673940+00:00|2019-09-09 17:22:40.671984+00:00|ascending|88|(5.927558, 43.472481, 9.492771, 45.379616)",S1B_IW_GRDH_1SDV_20190909T172215_20190909T172240_017964_021D21_8E49_COG,1,True,S1B_IW_GRDH_1SDV_20190909T172215_20190909T172240_017964_021D21_8E49_COG,1,S1B,2019-09-09 17:22:15.673940+00:00,2019-09-09 17:22:40.671984+00:00,ascending,88,"[5.927558, 43.472481, 9.492771, 45.379616]",4,4,3,2,11
"S1B|2019-09-09 17:22:40.673210+00:00|2019-09-09 17:23:05.672733+00:00|ascending|88|(5.474404, 44.977219, 9.205543, 46.875031)",S1B_IW_GRDH_1SDV_20190909T172240_20190909T172305_017964_021D21_58CD_COG,1,True,S1B_IW_GRDH_1SDV_20190909T172240_20190909T172305_017964_021D21_58CD_COG,1,S1B,2019-09-09 17:22:40.673210+00:00,2019-09-09 17:23:05.672733+00:00,ascending,88,"[5.474404, 44.977219, 9.205543, 46.875031]",4,4,3,2,11
"S1B|2019-09-09 17:22:40.673480+00:00|2019-09-09 17:23:05.671524+00:00|ascending|88|(5.474466, 44.977238, 9.205583, 46.874958)",S1B_IW_GRDH_1SDV_20190909T172240_20190909T172305_017964_021D21_CDED_COG,1,True,S1B_IW_GRDH_1SDV_20190909T172240_20190909T172305_017964_021D21_CDED_COG,1,S1B,2019-09-09 17:22:40.673480+00:00,2019-09-09 17:23:05.671524+00:00,ascending,88,"[5.474466, 44.977238, 9.205583, 46.874958]",4,4,3,2,11
"S1B|2019-09-15 05:26:25.942336+00:00|2019-09-15 05:26:50.940429+00:00|descending|168|(8.6943, 45.290981, 12.347694, 47.192268)",S1B_IW_GRDH_1SDV_20190915T052625_20190915T052650_018044_021F7F_BA2D_COG,1,True,S1B_IW_GRDH_1SDV_20190915T052625_20190915T052650_018044_021F7F_BA2D_COG,1,S1B,2019-09-15 05:26:25.942336+00:00,2019-09-15 05:26:50.940429+00:00,descending,168,"[8.6943, 45.290981, 12.347694, 47.192268]",4,4,3,2,11
"S1B|2019-09-15 05:26:33.531524+00:00|2019-09-15 05:26:58.530151+00:00|descending|168|(8.555599, 44.835941, 12.226183, 46.740757)",S1B_IW_GRDH_1SDV_20190915T052633_20190915T052658_018044_021F7F_6F34_COG,1,True,S1B_IW_GRDH_1SDV_20190915T052633_20190915T052658_018044_021F7F_6F34_COG,1,S1B,2019-09-15 05:26:33.531524+00:00,2019-09-15 05:26:58.530151+00:00,descending,168,"[8.555599, 44.835941, 12.226183, 46.740757]",4,4,3,2,11
"S1B|2019-09-15 05:26:50.941914+00:00|2019-09-15 05:27:15.941505+00:00|descending|168|(8.360484, 43.792713, 11.960052, 45.690105)",S1B_IW_GRDH_1SDV_20190915T052650_20190915T052715_018044_021F7F_A2EF_COG,1,True,S1B_IW_GRDH_1SDV_20190915T052650_20190915T052715_018044_021F7F_A2EF_COG,1,S1B,2019-09-15 05:26:50.941914+00:00,2019-09-15 05:27:15.941505+00:00,descending,168,"[8.360484, 43.792713, 11.960052, 45.690105]",4,4,3,2,11
"S1B|2019-09-15 05:26:58.531626+00:00|2019-09-15 05:27:23.530251+00:00|descending|168|(8.225247, 43.337376, 11.834023, 45.239262)",S1B_IW_GRDH_1SDV_20190915T052658_20190915T052723_018044_021F7F_1910_COG,1,True,S1B_IW_GRDH_1SDV_20190915T052658_20190915T052723_018044_021F7F_1910_COG,1,S1B,2019-09-15 05:26:58.531626+00:00,2019-09-15 05:27:23.530251+00:00,descending,168,"[8.225247, 43.337376, 11.834023, 45.239262]",4,4,3,2,11
"S1B|2019-09-16 17:14:04.181785+00:00|2019-09-16 17:14:29.181682+00:00|ascending|15|(7.911568, 43.593655, 11.567692, 45.501835)",S1B_IW_GRDH_1SDV_20190916T171404_20190916T171429_018066_02202D_D6BB_COG,1,True,S1B_IW_GRDH_1SDV_20190916T171404_20190916T171429_018066_02202D_D6BB_COG,1,S1B,2019-09-16 17:14:04.181785+00:00,2019-09-16 17:14:29.181682+00:00,ascending,15,"[7.911568, 43.593655, 11.567692, 45.501835]",4,4,3,2,11
"S1B|2019-09-16 17:14:04.182030+00:00|2019-09-16 17:14:29.180446+00:00|ascending|15|(7.911597, 43.593662, 11.567698, 45.501751)",S1B_IW_GRDH_1SDV_20190916T171404_20190916T171429_018066_02202D_DBED_COG,1,True,S1B_IW_GRDH_1SDV_20190916T171404_20190916T171429_018066_02202D_DBED_COG,1,S1B,2019-09-16 17:14:04.182030+00:00,2019-09-16 17:14:29.180446+00:00,ascending,15,"[7.911597, 43.593662, 11.567698, 45.501751]",4,4,3,2,11
"S1B|2019-09-16 17:14:29.181944+00:00|2019-09-16 17:14:54.180361+00:00|ascending|15|(7.517461, 45.093128, 11.243547, 47.003307)",S1B_IW_GRDH_1SDV_20190916T171429_20190916T171454_018066_02202D_B541_COG,1,True,S1B_IW_GRDH_1SDV_20190916T171429_20190916T171454_018066_02202D_B541_COG,1,S1B,2019-09-16 17:14:29.181944+00:00,2019-09-16 17:14:54.180361+00:00,ascending,15,"[7.517461, 45.093128, 11.243547, 47.003307]",4,4,3,2,11
"S1B|2019-09-16 17:14:29.183180+00:00|2019-09-16 17:14:54.181579+00:00|ascending|15|(7.517431, 45.093212, 11.243523, 47.003387)",S1B_IW_GRDH_1SDV_20190916T171429_20190916T171454_018066_02202D_DC75_COG,1,True,S1B_IW_GRDH_1SDV_20190916T171429_20190916T171454_018066_02202D_DC75_COG,1,S1B,2019-09-16 17:14:29.183180+00:00,2019-09-16 17:14:54.181579+00:00,ascending,15,"[7.517431, 45.093212, 11.243523, 47.003387]",4,4,3,2,11
"S1B|2019-09-20 05:34:43.877997+00:00|2019-09-20 05:35:08.877093+00:00|descending|66|(6.588006, 45.044556, 10.212538, 46.945133)",S1B_IW_GRDH_1SDV_20190920T053443_20190920T053508_018117_0221D2_3DAD_COG,1,True,S1B_IW_GRDH_1SDV_20190920T053443_20190920T053508_018117_0221D2_3DAD_COG,1,S1B,2019-09-20 05:34:43.877997+00:00,2019-09-20 05:35:08.877093+00:00,descending,66,"[6.588006, 45.044556, 10.212538, 46.945133]",4,4,3,2,11
"S1B|2019-09-20 05:34:52.224022+00:00|2019-09-20 05:35:17.221650+00:00|descending|66|(6.418596, 44.545895, 10.085276, 46.448521)",S1B_IW_GRDH_1SDV_20190920T053452_20190920T053517_018117_0221D2_472A_COG,1,True,S1B_IW_GRDH_1SDV_20190920T053452_20190920T053517_018117_0221D2_472A_COG,1,S1B,2019-09-20 05:34:52.224022+00:00,2019-09-20 05:35:17.221650+00:00,descending,66,"[6.418596, 44.545895, 10.085276, 46.448521]",4,4,3,2,11
"S1B|2019-09-20 05:35:08.878592+00:00|2019-09-20 05:35:33.876189+00:00|descending|66|(6.261162, 43.545437, 9.829698, 45.44249)",S1B_IW_GRDH_1SDV_20190920T053508_20190920T053533_018117_0221D2_0560_COG,1,True,S1B_IW_GRDH_1SDV_20190920T053508_20190920T053533_018117_0221D2_0560_COG,1,S1B,2019-09-20 05:35:08.878592+00:00,2019-09-20 05:35:33.876189+00:00,descending,66,"[6.261162, 43.545437, 9.829698, 45.44249]",4,4,3,2,11
"S1B|2019-09-21 17:22:16.021878+00:00|2019-09-21 17:22:41.021368+00:00|ascending|88|(5.927771, 43.472523, 9.49303, 45.379745)",S1B_IW_GRDH_1SDV_20190921T172216_20190921T172241_018139_02228B_AC89_COG,1,True,S1B_IW_GRDH_1SDV_20190921T172216_20190921T172241_018139_02228B_AC89_COG,1,S1B,2019-09-21 17:22:16.021878+00:00,2019-09-21 17:22:41.021368+00:00,ascending,88,"[5.927771, 43.472523, 9.49303, 45.379745]",4,4,3,2,11
"S1B|2019-09-21 17:22:16.022169+00:00|2019-09-21 17:22:41.020182+00:00|ascending|88|(5.927789, 43.472542, 9.493028, 45.379677)",S1B_IW_GRDH_1SDV_20190921T172216_20190921T172241_018139_02228B_D2AC_COG,1,True,S1B_IW_GRDH_1SDV_20190921T172216_20190921T172241_018139_02228B_D2AC_COG,1,S1B,2019-09-21 17:22:16.022169+00:00,2019-09-21 17:22:41.020182+00:00,ascending,88,"[5.927789, 43.472542, 9.493028, 45.379677]",4,4,3,2,11
"S1B|2019-09-21 17:22:41.021697+00:00|2019-09-21 17:23:06.021209+00:00|ascending|88|(5.474651, 44.977295, 9.205941, 46.875122)",S1B_IW_GRDH_1SDV_20190921T172241_20190921T172306_018139_02228B_B8EE_COG,1,True,S1B_IW_GRDH_1SDV_20190921T172241_20190921T172306_018139_02228B_B8EE_COG,1,S1B,2019-09-21 17:22:41.021697+00:00,2019-09-21 17:23:06.021209+00:00,ascending,88,"[5.474651, 44.977295, 9.205941, 46.875122]",4,4,3,2,11
"S1B|2019-09-21 17:22:41.022883+00:00|2019-09-21 17:23:06.020877+00:00|ascending|88|(5.474662, 44.977364, 9.205928, 46.875099)",S1B_IW_GRDH_1SDV_20190921T172241_20190921T172306_018139_02228B_0A61_COG,1,True,S1B_IW_GRDH_1SDV_20190921T172241_20190921T172306_018139_02228B_0A61_COG,1,S1B,2019-09-21 17:22:41.022883+00:00,2019-09-21 17:23:06.020877+00:00,ascending,88,"[5.474662, 44.977364, 9.205928, 46.875099]",4,4,3,2,11
"S1B|2019-09-27 05:26:26.924788+00:00|2019-09-27 05:26:51.923032+00:00|descending|168|(8.688865, 45.271561, 12.343679, 47.17276)",S1B_IW_GRDH_1SDV_20190927T052626_20190927T052651_018219_0224E4_54D5_COG,1,True,S1B_IW_GRDH_1SDV_20190927T052626_20190927T052651_018219_0224E4_54D5_COG,1,S1B,2019-09-27 05:26:26.924788+00:00,2019-09-27 05:26:51.923032+00:00,descending,168,"[8.688865, 45.271561, 12.343679, 47.17276]",4,4,3,2,11
"S1B|2019-09-27 05:26:34.187795+00:00|2019-09-27 05:26:59.186570+00:00|descending|168|(8.554408, 44.836102, 12.225125, 46.740929)",S1B_IW_GRDH_1SDV_20190927T052634_20190927T052659_018219_0224E4_9B5B_COG,1,True,S1B_IW_GRDH_1SDV_20190927T052634_20190927T052659_018219_0224E4_9B5B_COG,1,S1B,2019-09-27 05:26:34.187795+00:00,2019-09-27 05:26:59.186570+00:00,descending,168,"[8.554408, 44.836102, 12.225125, 46.740929]",4,4,3,2,11
"S1B|2019-09-27 05:26:51.924517+00:00|2019-09-27 05:27:16.922760+00:00|descending|168|(8.356259, 43.773129, 11.953832, 45.670712)",S1B_IW_GRDH_1SDV_20190927T052651_20190927T052716_018219_0224E4_E0DE_COG,1,True,S1B_IW_GRDH_1SDV_20190927T052651_20190927T052716_018219_0224E4_E0DE_COG,1,S1B,2019-09-27 05:26:51.924517+00:00,2019-09-27 05:27:16.922760+00:00,descending,168,"[8.356259, 43.773129, 11.953832, 45.670712]",4,4,3,2,11
"S1B|2019-09-27 05:26:59.188019+00:00|2019-09-27 05:27:24.186791+00:00|descending|168|(8.224057, 43.337536, 11.832968, 45.239433)",S1B_IW_GRDH_1SDV_20190927T052659_20190927T052724_018219_0224E4_C24A_COG,1,True,S1B_IW_GRDH_1SDV_20190927T052659_20190927T052724_018219_0224E4_C24A_COG,1,S1B,2019-09-27 05:26:59.188019+00:00,2019-09-27 05:27:24.186791+00:00,descending,168,"[8.224057, 43.337536, 11.832968, 45.239433]",4,4,3,2,11
"S1B|2019-09-28 17:14:04.789968+00:00|2019-09-28 17:14:29.788409+00:00|ascending|15|(7.911274, 43.593712, 11.567482, 45.501774)",S1B_IW_GRDH_1SDV_20190928T171404_20190928T171429_018241_022590_215F_COG,1,True,S1B_IW_GRDH_1SDV_20190928T171404_20190928T171429_018241_022590_215F_COG,1,S1B,2019-09-28 17:14:04.789968+00:00,2019-09-28 17:14:29.788409+00:00,ascending,15,"[7.911274, 43.593712, 11.567482, 45.501774]",4,4,3,2,11
"S1B|2019-09-28 17:14:04.790351+00:00|2019-09-28 17:14:29.788819+00:00|ascending|15|(7.911289, 43.593735, 11.5675, 45.501797)",S1B_IW_GRDH_1SDV_20190928T171404_20190928T171429_018241_022590_9517_COG,1,True,S1B_IW_GRDH_1SDV_20190928T171404_20190928T171429_018241_022590_9517_COG,1,S1B,2019-09-28 17:14:04.790351+00:00,2019-09-28 17:14:29.788819+00:00,ascending,15,"[7.911289, 43.593735, 11.5675, 45.501797]",4,4,3,2,11
"S1B|2019-09-28 17:14:29.789906+00:00|2019-09-28 17:14:54.788347+00:00|ascending|15|(7.517169, 45.093182, 11.243363, 47.00333)",S1B_IW_GRDH_1SDV_20190928T171429_20190928T171454_018241_022590_F0E0_COG,1,True,S1B_IW_GRDH_1SDV_20190928T171429_20190928T171454_018241_022590_F0E0_COG,1,S1B,2019-09-28 17:14:29.789906+00:00,2019-09-28 17:14:54.788347+00:00,ascending,15,"[7.517169, 45.093182, 11.243363, 47.00333]",4,4,3,2,11
"S1B|2019-09-28 17:14:29.790317+00:00|2019-09-28 17:14:54.788785+00:00|ascending|15|(7.517181, 45.093204, 11.24338, 47.003353)",S1B_IW_GRDH_1SDV_20190928T171429_20190928T171454_018241_022590_6274_COG,1,True,S1B_IW_GRDH_1SDV_20190928T171429_20190928T171454_018241_022590_6274_COG,1,S1B,2019-09-28 17:14:29.790317+00:00,2019-09-28 17:14:54.788785+00:00,ascending,15,"[7.517181, 45.093204, 11.24338, 47.003353]",4,4,3,2,11
"S1B|2020-04-06 05:26:29.092131+00:00|2020-04-06 05:26:54.091330+00:00|descending|168|(8.645122, 44.962269, 12.257976, 46.860447)",S1B_IW_GRDH_1SDV_20200406T052629_20200406T052654_021019_027DF4_4B50_COG,1,True,S1B_IW_GRDH_1SDV_20200406T052629_20200406T052654_021019_027DF4_4B50_COG,1,S1B,2020-04-06 05:26:29.092131+00:00,2020-04-06 05:26:54.091330+00:00,descending,168,"[8.645122, 44.962269, 12.257976, 46.860447]",4,4,3,2,11
"S1B|2020-04-06 05:26:29.092131+00:00|2020-04-06 05:26:54.091330+00:00|descending|168|(8.645122, 44.962269, 12.257976, 46.860451)",S1B_IW_GRDH_1SDV_20200406T052629_20200406T052654_021019_027DF4_5672_COG,1,True,S1B_IW_GRDH_1SDV_20200406T052629_20200406T052654_021019_027DF4_5672_COG,1,S1B,2020-04-06 05:26:29.092131+00:00,2020-04-06 05:26:54.091330+00:00,descending,168,"[8.645122, 44.962269, 12.257976, 46.860451]",4,4,3,2,11
"S1B|2020-04-06 05:26:54.092849+00:00|2020-04-06 05:27:19.090553+00:00|descending|168|(8.313276, 43.463734, 11.867208, 45.358662)",S1B_IW_GRDH_1SDV_20200406T052654_20200406T052719_021019_027DF4_0EF8_COG,1,True,S1B_IW_GRDH_1SDV_20200406T052654_20200406T052719_021019_027DF4_0EF8_COG,2,S1B,2020-04-06 05:26:54.092849+00:00,2020-04-06 05:27:19.090553+00:00,descending,168,"[8.313276, 43.463734, 11.867208, 45.358662]",4,4,3,2,11
"S1B|2020-04-06 05:26:54.092849+00:00|2020-04-06 05:27:19.090553+00:00|descending|168|(8.313276, 43.463734, 11.867208, 45.358662)",S1B_IW_GRDH_1SDV_20200406T052654_20200406T052719_021019_027DF4_9756_COG,2,False,S1B_IW_GRDH_1SDV_20200406T052654_20200406T052719_021019_027DF4_0EF8_COG,2,S1B,2020-04-06 05:26:54.092849+00:00,2020-04-06 05:27:19.090553+00:00,descending,168,"[8.313276, 43.463734, 11.867208, 45.358662]",4,4,3,2,11
"S1B|2020-04-07 17:14:01.819594+00:00|2020-04-07 17:14:26.818091+00:00|ascending|15|(7.911818, 43.593456, 11.567726, 45.501484)",S1B_IW_GRDH_1SDV_20200407T171401_20200407T171426_021041_027EA2_3500_COG,1,True,S1B_IW_GRDH_1SDV_20200407T171401_20200407T171426_021041_027EA2_3500_COG,1,S1B,2020-04-07 17:14:01.819594+00:00,2020-04-07 17:14:26.818091+00:00,ascending,15,"[7.911818, 43.593456, 11.567726, 45.501484]",4,4,3,2,11
"S1B|2020-04-07 17:14:01.819596+00:00|2020-04-07 17:14:26.818092+00:00|ascending|15|(7.911818, 43.593456, 11.567726, 45.501484)",S1B_IW_GRDH_1SDV_20200407T171401_20200407T171426_021041_027EA2_CDC8_COG,1,True,S1B_IW_GRDH_1SDV_20200407T171401_20200407T171426_021041_027EA2_CDC8_COG,1,S1B,2020-04-07 17:14:01.819596+00:00,2020-04-07 17:14:26.818092+00:00,ascending,15,"[7.911818, 43.593456, 11.567726, 45.501484]",4,4,3,2,11
"S1B|2020-04-07 17:14:26.819589+00:00|2020-04-07 17:14:51.818085+00:00|ascending|15|(7.517758, 45.09293, 11.243642, 47.003044)",S1B_IW_GRDH_1SDV_20200407T171426_20200407T171451_021041_027EA2_E8A2_COG,1,True,S1B_IW_GRDH_1SDV_20200407T171426_20200407T171451_021041_027EA2_E8A2_COG,1,S1B,2020-04-07 17:14:26.819589+00:00,2020-04-07 17:14:51.818085+00:00,ascending,15,"[7.517758, 45.09293, 11.243642, 47.003044]",4,4,3,2,11
"S1B|2020-04-07 17:14:26.819590+00:00|2020-04-07 17:14:51.818087+00:00|ascending|15|(7.517758, 45.09293, 11.243642, 47.003044)",S1B_IW_GRDH_1SDV_20200407T171426_20200407T171451_021041_027EA2_7D6D_COG,1,True,S1B_IW_GRDH_1SDV_20200407T171426_20200407T171451_021041_027EA2_7D6D_COG,1,S1B,2020-04-07 17:14:26.819590+00:00,2020-04-07 17:14:51.818087+00:00,ascending,15,"[7.517758, 45.09293, 11.243642, 47.003044]",4,4,3,2,11
"S1B|2020-04-11 05:34:56.426336+00:00|2020-04-11 05:35:21.424441+00:00|descending|66|(6.392594, 44.153347, 9.994405, 46.050396)",S1B_IW_GRDH_1SDV_20200411T053456_20200411T053521_021092_02804A_91CB_COG,1,True,S1B_IW_GRDH_1SDV_20200411T053456_20200411T053521_021092_02804A_91CB_COG,1,S1B,2020-04-11 05:34:56.426336+00:00,2020-04-11 05:35:21.424441+00:00,descending,66,"[6.392594, 44.153347, 9.994405, 46.050396]",4,4,3,2,11
"S1B|2020-04-11 05:34:56.426336+00:00|2020-04-11 05:35:21.424442+00:00|descending|66|(6.392595, 44.153347, 9.994406, 46.050396)",S1B_IW_GRDH_1SDV_20200411T053456_20200411T053521_021092_02804A_151A_COG,1,True,S1B_IW_GRDH_1SDV_20200411T053456_20200411T053521_021092_02804A_151A_COG,1,S1B,2020-04-11 05:34:56.426336+00:00,2020-04-11 05:35:21.424442+00:00,descending,66,"[6.392595, 44.153347, 9.994406, 46.050396]",4,4,3,2,11
"S1B|2020-04-12 17:22:13.719185+00:00|2020-04-12 17:22:38.718664+00:00|ascending|88|(5.928015, 43.472328, 9.493128, 45.379551)",S1B_IW_GRDH_1SDV_20200412T172213_20200412T172238_021114_028107_D7BA_COG,1,True,S1B_IW_GRDH_1SDV_20200412T172213_20200412T172238_021114_028107_D7BA_COG,1,S1B,2020-04-12 17:22:13.719185+00:00,2020-04-12 17:22:38.718664+00:00,ascending,88,"[5.928015, 43.472328, 9.493128, 45.379551]",4,4,3,2,11
"S1B|2020-04-12 17:22:13.719185+00:00|2020-04-12 17:22:38.718664+00:00|ascending|88|(5.928016, 43.472328, 9.493129, 45.379551)",S1B_IW_GRDH_1SDV_20200412T172213_20200412T172238_021114_028107_2FA3_COG,1,True,S1B_IW_GRDH_1SDV_20200412T172213_20200412T172238_021114_028107_2FA3_COG,1,S1B,2020-04-12 17:22:13.719185+00:00,2020-04-12 17:22:38.718664+00:00,ascending,88,"[5.928016, 43.472328, 9.493129, 45.379551]",4,4,3,2,11
"S1B|2020-04-12 17:22:38.720160+00:00|2020-04-12 17:23:03.718142+00:00|ascending|88|(5.474916, 44.977173, 9.205908, 46.874893)",S1B_IW_GRDH_1SDV_20200412T172238_20200412T172303_021114_028107_374F_COG,1,True,S1B_IW_GRDH_1SDV_20200412T172238_20200412T172303_021114_028107_374F_COG,2,S1B,2020-04-12 17:22:38.720160+00:00,2020-04-12 17:23:03.718142+00:00,ascending,88,"[5.474916, 44.977173, 9.205908, 46.874893]",4,4,3,2,11
"S1B|2020-04-12 17:22:38.720160+00:00|2020-04-12 17:23:03.718142+00:00|ascending|88|(5.474916, 44.977173, 9.205908, 46.874893)",S1B_IW_GRDH_1SDV_20200412T172238_20200412T172303_021114_028107_C267_COG,2,False,S1B_IW_GRDH_1SDV_20200412T172238_20200412T172303_021114_028107_374F_COG,2,S1B,2020-04-12 17:22:38.720160+00:00,2020-04-12 17:23:03.718142+00:00,ascending,88,"[5.474916, 44.977173, 9.205908, 46.874893]",4,4,3,2,11
"S1B|2020-04-18 05:26:35.287493+00:00|2020-04-18 05:27:00.285962+00:00|descending|168|(8.565485, 44.621006, 12.169354, 46.519176)",S1B_IW_GRDH_1SDV_20200418T052635_20200418T052700_021194_02837E_53FB_COG,1,True,S1B_IW_GRDH_1SDV_20200418T052635_20200418T052700_021194_02837E_53FB_COG,1,S1B,2020-04-18 05:26:35.287493+00:00,2020-04-18 05:27:00.285962+00:00,descending,168,"[8.565485, 44.621006, 12.169354, 46.519176]",4,4,3,2,11
"S1B|2020-04-18 05:26:35.287493+00:00|2020-04-18 05:27:00.285962+00:00|descending|168|(8.565486, 44.621006, 12.169354, 46.519176)",S1B_IW_GRDH_1SDV_20200418T052635_20200418T052700_021194_02837E_716D_COG,1,True,S1B_IW_GRDH_1SDV_20200418T052635_20200418T052700_021194_02837E_716D_COG,1,S1B,2020-04-18 05:26:35.287493+00:00,2020-04-18 05:27:00.285962+00:00,descending,168,"[8.565486, 44.621006, 12.169354, 46.519176]",4,4,3,2,11
"S1B|2020-04-18 05:27:00.287466+00:00|2020-04-18 05:27:25.285936+00:00|descending|168|(8.234394, 43.122314, 11.773886, 45.018059)",S1B_IW_GRDH_1SDV_20200418T052700_20200418T052725_021194_02837E_0B0E_COG,1,True,S1B_IW_GRDH_1SDV_20200418T052700_20200418T052725_021194_02837E_0B0E_COG,2,S1B,2020-04-18 05:27:00.287466+00:00,2020-04-18 05:27:25.285936+00:00,descending,168,"[8.234394, 43.122314, 11.773886, 45.018059]",4,4,3,2,11
"S1B|2020-04-18 05:27:00.287466+00:00|2020-04-18 05:27:25.285936+00:00|descending|168|(8.234394, 43.122314, 11.773886, 45.018059)",S1B_IW_GRDH_1SDV_20200418T052700_20200418T052725_021194_02837E_D926_COG,2,False,S1B_IW_GRDH_1SDV_20200418T052700_20200418T052725_021194_02837E_0B0E_COG,2,S1B,2020-04-18 05:27:00.287466+00:00,2020-04-18 05:27:25.285936+00:00,descending,168,"[8.234394, 43.122314, 11.773886, 45.018059]",4,4,3,2,11
"S1B|2020-04-23 05:34:56.920975+00:00|2020-04-23 05:35:21.920648+00:00|descending|66|(6.392036, 44.153294, 9.993826, 46.050419)",S1B_IW_GRDH_1SDV_20200423T053456_20200423T053521_021267_0285CF_C398_COG,1,True,S1B_IW_GRDH_1SDV_20200423T053456_20200423T053521_021267_0285CF_C398_COG,1,S1B,2020-04-23 05:34:56.920975+00:00,2020-04-23 05:35:21.920648+00:00,descending,66,"[6.392036, 44.153294, 9.993826, 46.050419]",4,4,3,2,11
"S1B|2020-04-23 05:34:56.920976+00:00|2020-04-23 05:35:21.920649+00:00|descending|66|(6.392036, 44.153294, 9.993826, 46.050419)",S1B_IW_GRDH_1SDV_20200423T053456_20200423T053521_021267_0285CF_B49E_COG,1,True,S1B_IW_GRDH_1SDV_20200423T053456_20200423T053521_021267_0285CF_B49E_COG,1,S1B,2020-04-23 05:34:56.920976+00:00,2020-04-23 05:35:21.920649+00:00,descending,66,"[6.392036, 44.153294, 9.993826, 46.050419]",4,4,3,2,11
"S1B|2020-04-24 17:22:14.230847+00:00|2020-04-24 17:22:39.228757+00:00|ascending|88|(5.92851, 43.472511, 9.49358, 45.379601)",S1B_IW_GRDH_1SDV_20200424T172214_20200424T172239_021289_02868C_173E_COG,1,True,S1B_IW_GRDH_1SDV_20200424T172214_20200424T172239_021289_02868C_173E_COG,2,S1B,2020-04-24 17:22:14.230847+00:00,2020-04-24 17:22:39.228757+00:00,ascending,88,"[5.92851, 43.472511, 9.49358, 45.379601]",4,4,3,2,11
"S1B|2020-04-24 17:22:14.230847+00:00|2020-04-24 17:22:39.228757+00:00|ascending|88|(5.92851, 43.472511, 9.49358, 45.379601)",S1B_IW_GRDH_1SDV_20200424T172214_20200424T172239_021289_02868C_7306_COG,2,False,S1B_IW_GRDH_1SDV_20200424T172214_20200424T172239_021289_02868C_173E_COG,2,S1B,2020-04-24 17:22:14.230847+00:00,2020-04-24 17:22:39.228757+00:00,ascending,88,"[5.92851, 43.472511, 9.49358, 45.379601]",4,4,3,2,11
"S1B|2020-04-24 17:22:39.230253+00:00|2020-04-24 17:23:04.229660+00:00|ascending|88|(5.475428, 44.977272, 9.206416, 46.875034)",S1B_IW_GRDH_1SDV_20200424T172239_20200424T172304_021289_02868C_5E31_COG,1,True,S1B_IW_GRDH_1SDV_20200424T172239_20200424T172304_021289_02868C_5E31_COG,1,S1B,2020-04-24 17:22:39.230253+00:00,2020-04-24 17:23:04.229660+00:00,ascending,88,"[5.475428, 44.977272, 9.206416, 46.875034]",4,4,3,2,11
"S1B|2020-04-24 17:22:39.230254+00:00|2020-04-24 17:23:04.229660+00:00|ascending|88|(5.475428, 44.977272, 9.206416, 46.875034)",S1B_IW_GRDH_1SDV_20200424T172239_20200424T172304_021289_02868C_3792_COG,1,True,S1B_IW_GRDH_1SDV_20200424T172239_20200424T172304_021289_02868C_3792_COG,1,S1B,2020-04-24 17:22:39.230254+00:00,2020-04-24 17:23:04.229660+00:00,ascending,88,"[5.475428, 44.977272, 9.206416, 46.875034]",4,4,3,2,11
"S1B|2020-04-30 05:26:35.865761+00:00|2020-04-30 05:27:00.864316+00:00|descending|168|(8.566832, 44.620975, 12.170732, 46.519199)",S1B_IW_GRDH_1SDV_20200430T052635_20200430T052700_021369_028901_9B88_COG,1,True,S1B_IW_GRDH_1SDV_20200430T052635_20200430T052700_021369_028901_9B88_COG,1,S1B,2020-04-30 05:26:35.865761+00:00,2020-04-30 05:27:00.864316+00:00,descending,168,"[8.566832, 44.620975, 12.170732, 46.519199]",4,4,3,2,11
"S1B|2020-04-30 05:26:35.865762+00:00|2020-04-30 05:27:00.864317+00:00|descending|168|(8.566832, 44.620975, 12.170732, 46.519199)",S1B_IW_GRDH_1SDV_20200430T052635_20200430T052700_021369_028901_75FF_COG,1,True,S1B_IW_GRDH_1SDV_20200430T052635_20200430T052700_021369_028901_75FF_COG,1,S1B,2020-04-30 05:26:35.865762+00:00,2020-04-30 05:27:00.864317+00:00,descending,168,"[8.566832, 44.620975, 12.170732, 46.519199]",4,4,3,2,11
"S1B|2020-04-30 05:27:00.865821+00:00|2020-04-30 05:27:25.864377+00:00|descending|168|(8.235568, 43.122288, 11.775218, 45.018101)",S1B_IW_GRDH_1SDV_20200430T052700_20200430T052725_021369_028901_A448_COG,1,True,S1B_IW_GRDH_1SDV_20200430T052700_20200430T052725_021369_028901_A448_COG,1,S1B,2020-04-30 05:27:00.865821+00:00,2020-04-30 05:27:25.864377+00:00,descending,168,"[8.235568, 43.122288, 11.775218, 45.018101]",4,4,3,2,11
"S1B|2020-04-30 05:27:00.865822+00:00|2020-04-30 05:27:25.864377+00:00|descending|168|(8.235569, 43.122288, 11.775218, 45.018101)",S1B_IW_GRDH_1SDV_20200430T052700_20200430T052725_021369_028901_30D0_COG,1,True,S1B_IW_GRDH_1SDV_20200430T052700_20200430T052725_021369_028901_30D0_COG,1,S1B,2020-04-30 05:27:00.865822+00:00,2020-04-30 05:27:25.864377+00:00,descending,168,"[8.235569, 43.122288, 11.775218, 45.018101]",4,4,3,2,11
"S1B|2020-05-01 17:14:02.980331+00:00|2020-05-01 17:14:27.978714+00:00|ascending|15|(7.910623, 43.59359, 11.566623, 45.501701)",S1B_IW_GRDH_1SDV_20200501T171402_20200501T171427_021391_0289B0_CB6F_COG,1,True,S1B_IW_GRDH_1SDV_20200501T171402_20200501T171427_021391_0289B0_CB6F_COG,1,S1B,2020-05-01 17:14:02.980331+00:00,2020-05-01 17:14:27.978714+00:00,ascending,15,"[7.910623, 43.59359, 11.566623, 45.501701]",4,4,3,2,11
"S1B|2020-05-01 17:14:02.980331+00:00|2020-05-01 17:14:27.978715+00:00|ascending|15|(7.910623, 43.59359, 11.566623, 45.501701)",S1B_IW_GRDH_1SDV_20200501T171402_20200501T171427_021391_0289B0_1ED6_COG,1,True,S1B_IW_GRDH_1SDV_20200501T171402_20200501T171427_021391_0289B0_1ED6_COG,1,S1B,2020-05-01 17:14:02.980331+00:00,2020-05-01 17:14:27.978715+00:00,ascending,15,"[7.910623, 43.59359, 11.566623, 45.501701]",4,4,3,2,11
"S1B|2020-05-01 17:14:27.980212+00:00|2020-05-01 17:14:52.978595+00:00|ascending|15|(7.516451, 45.093056, 11.242435, 47.003254)",S1B_IW_GRDH_1SDV_20200501T171427_20200501T171452_021391_0289B0_14F3_COG,1,True,S1B_IW_GRDH_1SDV_20200501T171427_20200501T171452_021391_0289B0_14F3_COG,2,S1B,2020-05-01 17:14:27.980212+00:00,2020-05-01 17:14:52.978595+00:00,ascending,15,"[7.516451, 45.093056, 11.242435, 47.003254]",4,4,3,2,11
"S1B|2020-05-01 17:14:27.980212+00:00|2020-05-01 17:14:52.978595+00:00|ascending|15|(7.516451, 45.093056, 11.242435, 47.003254)",S1B_IW_GRDH_1SDV_20200501T171427_20200501T171452_021391_0289B0_B41C_COG,2,False,S1B_IW_GRDH_1SDV_20200501T171427_20200501T171452_021391_0289B0_14F3_COG,2,S1B,2020-05-01 17:14:27.980212+00:00,2020-05-01 17:14:52.978595+00:00,ascending,15,"[7.516451, 45.093056, 11.242435, 47.003254]",4,4,3,2,11
"S1B|2020-05-05 05:34:57.575433+00:00|2020-05-05 05:35:22.573550+00:00|descending|66|(6.391453, 44.153381, 9.993246, 46.050385)",S1B_IW_GRDH_1SDV_20200505T053457_20200505T053522_021442_028B5C_032A_COG,1,True,S1B_IW_GRDH_1SDV_20200505T053457_20200505T053522_021442_028B5C_032A_COG,2,S1B,2020-05-05 05:34:57.575433+00:00,2020-05-05 05:35:22.573550+00:00,descending,66,"[6.391453, 44.153381, 9.993246, 46.050385]",4,4,3,2,11
"S1B|2020-05-05 05:34:57.575433+00:00|2020-05-05 05:35:22.573550+00:00|descending|66|(6.391453, 44.153381, 9.993246, 46.050385)",S1B_IW_GRDH_1SDV_20200505T053457_20200505T053522_021442_028B5C_6755_COG,2,False,S1B_IW_GRDH_1SDV_20200505T053457_20200505T053522_021442_028B5C_032A_COG,2,S1B,2020-05-05 05:34:57.575433+00:00,2020-05-05 05:35:22.573550+00:00,descending,66,"[6.391453, 44.153381, 9.993246, 46.050385]",4,4,3,2,11
"S1B|2020-05-06 17:22:14.775832+00:00|2020-05-06 17:22:39.773848+00:00|ascending|88|(5.929753, 43.472408, 9.494716, 45.37949)",S1B_IW_GRDH_1SDV_20200506T172214_20200506T172239_021464_028C15_1E7F_COG,1,True,S1B_IW_GRDH_1SDV_20200506T172214_20200506T172239_021464_028C15_1E7F_COG,1,S1B,2020-05-06 17:22:14.775832+00:00,2020-05-06 17:22:39.773848+00:00,ascending,88,"[5.929753, 43.472408, 9.494716, 45.37949]",4,4,3,2,11
"S1B|2020-05-06 17:22:14.775834+00:00|2020-05-06 17:22:39.773851+00:00|ascending|88|(5.929752, 43.472408, 9.494716, 45.37949)",S1B_IW_GRDH_1SDV_20200506T172214_20200506T172239_021464_028C15_A438_COG,1,True,S1B_IW_GRDH_1SDV_20200506T172214_20200506T172239_021464_028C15_A438_COG,1,S1B,2020-05-06 17:22:14.775834+00:00,2020-05-06 17:22:39.773851+00:00,ascending,88,"[5.929752, 43.472408, 9.494716, 45.37949]",4,4,3,2,11
"S1B|2020-05-06 17:22:39.775345+00:00|2020-05-06 17:23:04.774857+00:00|ascending|88|(5.476354, 44.9772, 9.207805, 46.874893)",S1B_IW_GRDH_1SDV_20200506T172239_20200506T172304_021464_028C15_31A4_COG,1,True,S1B_IW_GRDH_1SDV_20200506T172239_20200506T172304_021464_028C15_31A4_COG,1,S1B,2020-05-06 17:22:39.775345+00:00,2020-05-06 17:23:04.774857+00:00,ascending,88,"[5.476354, 44.9772, 9.207805, 46.874893]",4,4,3,2,11
"S1B|2020-05-06 17:22:39.775347+00:00|2020-05-06 17:23:04.774860+00:00|ascending|88|(5.476354, 44.977196, 9.207805, 46.874889)",S1B_IW_GRDH_1SDV_20200506T172239_20200506T172304_021464_028C15_8FA8_COG,1,True,S1B_IW_GRDH_1SDV_20200506T172239_20200506T172304_021464_028C15_8FA8_COG,1,S1B,2020-05-06 17:22:39.775347+00:00,2020-05-06 17:23:04.774860+00:00,ascending,88,"[5.476354, 44.977196, 9.207805, 46.874889]",4,4,3,2,11
"S1B|2020-05-12 05:26:36.241292+00:00|2020-05-12 05:27:01.239841+00:00|descending|168|(8.568019, 44.621029, 12.171908, 46.519238)",S1B_IW_GRDH_1SDV_20200512T052636_20200512T052701_021544_028E77_29AA_COG,1,True,S1B_IW_GRDH_1SDV_20200512T052636_20200512T052701_021544_028E77_29AA_COG,1,S1B,2020-05-12 05:26:36.241292+00:00,2020-05-12 05:27:01.239841+00:00,descending,168,"[8.568019, 44.621029, 12.171908, 46.519238]",4,4,3,2,11
"S1B|2020-05-12 05:26:36.241292+00:00|2020-05-12 05:27:01.239841+00:00|descending|168|(8.568019, 44.621033, 12.171908, 46.519238)",S1B_IW_GRDH_1SDV_20200512T052636_20200512T052701_021544_028E77_5F98_COG,1,True,S1B_IW_GRDH_1SDV_20200512T052636_20200512T052701_021544_028E77_5F98_COG,1,S1B,2020-05-12 05:26:36.241292+00:00,2020-05-12 05:27:01.239841+00:00,descending,168,"[8.568019, 44.621033, 12.171908, 46.519238]",4,4,3,2,11
"S1B|2020-05-12 05:27:01.241343+00:00|2020-05-12 05:27:26.239892+00:00|descending|168|(8.236769, 43.122341, 11.776413, 45.018139)",S1B_IW_GRDH_1SDV_20200512T052701_20200512T052726_021544_028E77_D27C_COG,1,True,S1B_IW_GRDH_1SDV_20200512T052701_20200512T052726_021544_028E77_D27C_COG,1,S1B,2020-05-12 05:27:01.241343+00:00,2020-05-12 05:27:26.239892+00:00,descending,168,"[8.236769, 43.122341, 11.776413, 45.018139]",4,4,3,2,11
"S1B|2020-05-12 05:27:01.241343+00:00|2020-05-12 05:27:26.239893+00:00|descending|168|(8.236769, 43.122341, 11.776413, 45.018139)",S1B_IW_GRDH_1SDV_20200512T052701_20200512T052726_021544_028E77_EF0B_COG,1,True,S1B_IW_GRDH_1SDV_20200512T052701_20200512T052726_021544_028E77_EF0B_COG,1,S1B,2020-05-12 05:27:01.241343+00:00,2020-05-12 05:27:26.239893+00:00,descending,168,"[8.236769, 43.122341, 11.776413, 45.018139]",4,4,3,2,11
"S1B|2020-05-13 17:14:03.408826+00:00|2020-05-13 17:14:28.407203+00:00|ascending|15|(7.911925, 43.593575, 11.567924, 45.50169)",S1B_IW_GRDH_1SDV_20200513T171403_20200513T171428_021566_028F1C_3676_COG,1,True,S1B_IW_GRDH_1SDV_20200513T171403_20200513T171428_021566_028F1C_3676_COG,2,S1B,2020-05-13 17:14:03.408826+00:00,2020-05-13 17:14:28.407203+00:00,ascending,15,"[7.911925, 43.593575, 11.567924, 45.50169]",4,4,3,2,11
"S1B|2020-05-13 17:14:03.408826+00:00|2020-05-13 17:14:28.407203+00:00|ascending|15|(7.911925, 43.593575, 11.567924, 45.50169)",S1B_IW_GRDH_1SDV_20200513T171403_20200513T171428_021566_028F1C_9CEA_COG,2,False,S1B_IW_GRDH_1SDV_20200513T171403_20200513T171428_021566_028F1C_3676_COG,2,S1B,2020-05-13 17:14:03.408826+00:00,2020-05-13 17:14:28.407203+00:00,ascending,15,"[7.911925, 43.593575, 11.567924, 45.50169]",4,4,3,2,11
"S1B|2020-05-13 17:14:28.408701+00:00|2020-05-13 17:14:53.407078+00:00|ascending|15|(7.517754, 45.09304, 11.243735, 47.003242)",S1B_IW_GRDH_1SDV_20200513T171428_20200513T171453_021566_028F1C_8C3C_COG,1,True,S1B_IW_GRDH_1SDV_20200513T171428_20200513T171453_021566_028F1C_8C3C_COG,2,S1B,2020-05-13 17:14:28.408701+00:00,2020-05-13 17:14:53.407078+00:00,ascending,15,"[7.517754, 45.09304, 11.243735, 47.003242]",4,4,3,2,11
"S1B|2020-05-13 17:14:28.408701+00:00|2020-05-13 17:14:53.407078+00:00|ascending|15|(7.517754, 45.09304, 11.243735, 47.003242)",S1B_IW_GRDH_1SDV_20200513T171428_20200513T171453_021566_028F1C_C99D_COG,2,False,S1B_IW_GRDH_1SDV_20200513T171428_20200513T171453_021566_028F1C_8C3C_COG,2,S1B,2020-05-13 17:14:28.408701+00:00,2020-05-13 17:14:53.407078+00:00,ascending,15,"[7.517754, 45.09304, 11.243735, 47.003242]",4,4,3,2,11
"S1B|2020-05-17 05:34:43.888249+00:00|2020-05-17 05:35:08.885738+00:00|descending|66|(6.58004, 45.007687, 10.199081, 46.908283)",S1B_IW_GRDH_1SDV_20200517T053443_20200517T053508_021617_02909E_D89D_COG,1,True,S1B_IW_GRDH_1SDV_20200517T053443_20200517T053508_021617_02909E_D89D_COG,1,S1B,2020-05-17 05:34:43.888249+00:00,2020-05-17 05:35:08.885738+00:00,descending,66,"[6.58004, 45.007687, 10.199081, 46.908283]",4,4,3,2,11
"S1B|2020-05-17 05:34:51.613606+00:00|2020-05-17 05:35:16.612611+00:00|descending|66|(6.418803, 44.546024, 10.085383, 46.448708)",S1B_IW_GRDH_1SDV_20200517T053451_20200517T053516_021617_02909E_5D39_COG,1,True,S1B_IW_GRDH_1SDV_20200517T053451_20200517T053516_021617_02909E_5D39_COG,1,S1B,2020-05-17 05:34:51.613606+00:00,2020-05-17 05:35:16.612611+00:00,descending,66,"[6.418803, 44.546024, 10.085383, 46.448708]",4,4,3,2,11
"S1B|2020-05-17 05:35:08.887223+00:00|2020-05-17 05:35:33.886209+00:00|descending|66|(6.253438, 43.508427, 9.819246, 45.405556)",S1B_IW_GRDH_1SDV_20200517T053508_20200517T053533_021617_02909E_1E32_COG,1,True,S1B_IW_GRDH_1SDV_20200517T053508_20200517T053533_021617_02909E_1E32_COG,1,S1B,2020-05-17 05:35:08.887223+00:00,2020-05-17 05:35:33.886209+00:00,descending,66,"[6.253438, 43.508427, 9.819246, 45.405556]",4,4,3,2,11
"S1B|2020-05-18 17:22:15.401246+00:00|2020-05-18 17:22:40.399284+00:00|ascending|88|(5.929568, 43.472385, 9.494559, 45.379505)",S1B_IW_GRDH_1SDV_20200518T172215_20200518T172240_021639_02914A_C7DD_COG,1,True,S1B_IW_GRDH_1SDV_20200518T172215_20200518T172240_021639_02914A_C7DD_COG,1,S1B,2020-05-18 17:22:15.401246+00:00,2020-05-18 17:22:40.399284+00:00,ascending,88,"[5.929568, 43.472385, 9.494559, 45.379505]",4,4,3,2,11
"S1B|2020-05-18 17:22:15.401247+00:00|2020-05-18 17:22:40.399285+00:00|ascending|88|(5.929568, 43.472382, 9.494558, 45.379505)",S1B_IW_GRDH_1SDV_20200518T172215_20200518T172240_021639_02914A_ADD6_COG,1,True,S1B_IW_GRDH_1SDV_20200518T172215_20200518T172240_021639_02914A_ADD6_COG,1,S1B,2020-05-18 17:22:15.401247+00:00,2020-05-18 17:22:40.399285+00:00,ascending,88,"[5.929568, 43.472382, 9.494558, 45.379505]",4,4,3,2,11
"S1B|2020-05-18 17:22:40.400780+00:00|2020-05-18 17:23:05.398818+00:00|ascending|88|(5.476154, 44.977169, 9.20761, 46.874813)",S1B_IW_GRDH_1SDV_20200518T172240_20200518T172305_021639_02914A_9437_COG,1,True,S1B_IW_GRDH_1SDV_20200518T172240_20200518T172305_021639_02914A_9437_COG,1,S1B,2020-05-18 17:22:40.400780+00:00,2020-05-18 17:23:05.398818+00:00,ascending,88,"[5.476154, 44.977169, 9.20761, 46.874813]",4,4,3,2,11
"S1B|2020-05-18 17:22:40.400782+00:00|2020-05-18 17:23:05.398820+00:00|ascending|88|(5.476154, 44.977169, 9.207609, 46.874813)",S1B_IW_GRDH_1SDV_20200518T172240_20200518T172305_021639_02914A_6C81_COG,1,True,S1B_IW_GRDH_1SDV_20200518T172240_20200518T172305_021639_02914A_6C81_COG,1,S1B,2020-05-18 17:22:40.400782+00:00,2020-05-18 17:23:05.398820+00:00,ascending,88,"[5.476154, 44.977169, 9.207609, 46.874813]",4,4,3,2,11
"S1B|2020-05-24 05:26:25.978960+00:00|2020-05-24 05:26:50.977062+00:00|descending|168|(8.693815, 45.28714, 12.347238, 47.1884)",S1B_IW_GRDH_1SDV_20200524T052625_20200524T052650_021719_029398_3C9E_COG,1,True,S1B_IW_GRDH_1SDV_20200524T052625_20200524T052650_021719_029398_3C9E_COG,1,S1B,2020-05-24 05:26:25.978960+00:00,2020-05-24 05:26:50.977062+00:00,descending,168,"[8.693815, 45.28714, 12.347238, 47.1884]",4,4,3,2,11
"S1B|2020-05-24 05:26:33.501491+00:00|2020-05-24 05:26:58.500091+00:00|descending|168|(8.555956, 44.836102, 12.226417, 46.740902)",S1B_IW_GRDH_1SDV_20200524T052633_20200524T052658_021719_029398_2276_COG,1,True,S1B_IW_GRDH_1SDV_20200524T052633_20200524T052658_021719_029398_2276_COG,1,S1B,2020-05-24 05:26:33.501491+00:00,2020-05-24 05:26:58.500091+00:00,descending,168,"[8.555956, 44.836102, 12.226417, 46.740902]",4,4,3,2,11
"S1B|2020-05-24 05:26:50.978561+00:00|2020-05-24 05:27:15.976663+00:00|descending|168|(8.360182, 43.788914, 11.959236, 45.686253)",S1B_IW_GRDH_1SDV_20200524T052650_20200524T052715_021719_029398_9080_COG,1,True,S1B_IW_GRDH_1SDV_20200524T052650_20200524T052715_021719_029398_9080_COG,1,S1B,2020-05-24 05:26:50.978561+00:00,2020-05-24 05:27:15.976663+00:00,descending,168,"[8.360182, 43.788914, 11.959236, 45.686253]",4,4,3,2,11
"S1B|2020-05-24 05:26:58.501592+00:00|2020-05-24 05:27:23.500192+00:00|descending|168|(8.225484, 43.337532, 11.834262, 45.239418)",S1B_IW_GRDH_1SDV_20200524T052658_20200524T052723_021719_029398_99F9_COG,1,True,S1B_IW_GRDH_1SDV_20200524T052658_20200524T052723_021719_029398_99F9_COG,1,S1B,2020-05-24 05:26:58.501592+00:00,2020-05-24 05:27:23.500192+00:00,descending,168,"[8.225484, 43.337532, 11.834262, 45.239418]",4,4,3,2,11
"S1B|2020-05-25 17:14:04.272431+00:00|2020-05-25 17:14:29.270796+00:00|ascending|15|(7.911757, 43.593586, 11.567603, 45.501652)",S1B_IW_GRDH_1SDV_20200525T171404_20200525T171429_021741_029439_203E_COG,1,True,S1B_IW_GRDH_1SDV_20200525T171404_20200525T171429_021741_029439_203E_COG,2,S1B,2020-05-25 17:14:04.272431+00:00,2020-05-25 17:14:29.270796+00:00,ascending,15,"[7.911757, 43.593586, 11.567603, 45.501652]",4,4,3,2,11
"S1B|2020-05-25 17:14:04.272431+00:00|2020-05-25 17:14:29.270796+00:00|ascending|15|(7.911757, 43.593586, 11.567603, 45.501652)",S1B_IW_GRDH_1SDV_20200525T171404_20200525T171429_021741_029439_6C02_COG,2,False,S1B_IW_GRDH_1SDV_20200525T171404_20200525T171429_021741_029439_203E_COG,2,S1B,2020-05-25 17:14:04.272431+00:00,2020-05-25 17:14:29.270796+00:00,ascending,15,"[7.911757, 43.593586, 11.567603, 45.501652]",4,4,3,2,11
"S1B|2020-05-25 17:14:29.272294+00:00|2020-05-25 17:14:54.270660+00:00|ascending|15|(7.517628, 45.093056, 11.243577, 47.003223)",S1B_IW_GRDH_1SDV_20200525T171429_20200525T171454_021741_029439_9B9D_COG,1,True,S1B_IW_GRDH_1SDV_20200525T171429_20200525T171454_021741_029439_9B9D_COG,1,S1B,2020-05-25 17:14:29.272294+00:00,2020-05-25 17:14:54.270660+00:00,ascending,15,"[7.517628, 45.093056, 11.243577, 47.003223]",4,4,3,2,11
"S1B|2020-05-25 17:14:29.272294+00:00|2020-05-25 17:14:54.270660+00:00|ascending|15|(7.517628, 45.093056, 11.243578, 47.003223)",S1B_IW_GRDH_1SDV_20200525T171429_20200525T171454_021741_029439_FBB1_COG,1,True,S1B_IW_GRDH_1SDV_20200525T171429_20200525T171454_021741_029439_FBB1_COG,1,S1B,2020-05-25 17:14:29.272294+00:00,2020-05-25 17:14:54.270660+00:00,ascending,15,"[7.517628, 45.093056, 11.243578, 47.003223]",4,4,3,2,11
"S1B|2020-05-29 05:34:45.026595+00:00|2020-05-29 05:35:10.025538+00:00|descending|66|(6.576428, 44.99366, 10.194035, 46.894596)",S1B_IW_GRDH_1SDV_20200529T053445_20200529T053510_021792_0295D0_2094_COG,1,True,S1B_IW_GRDH_1SDV_20200529T053445_20200529T053510_021792_0295D0_2094_COG,1,S1B,2020-05-29 05:34:45.026595+00:00,2020-05-29 05:35:10.025538+00:00,descending,66,"[6.576428, 44.99366, 10.194035, 46.894596]",4,4,3,2,11
"S1B|2020-05-29 05:34:52.521533+00:00|2020-05-29 05:35:17.518992+00:00|descending|66|(6.418858, 44.545971, 10.085304, 46.448578)",S1B_IW_GRDH_1SDV_20200529T053452_20200529T053517_021792_0295D0_FD31_COG,1,True,S1B_IW_GRDH_1SDV_20200529T053452_20200529T053517_021792_0295D0_FD31_COG,1,S1B,2020-05-29 05:34:52.521533+00:00,2020-05-29 05:35:17.518992+00:00,descending,66,"[6.418858, 44.545971, 10.085304, 46.448578]",4,4,3,2,11
"S1B|2020-05-29 05:35:10.027040+00:00|2020-05-29 05:35:35.024484+00:00|descending|66|(6.25034, 43.494465, 9.815183, 45.391571)",S1B_IW_GRDH_1SDV_20200529T053510_20200529T053535_021792_0295D0_1E7A_COG,1,True,S1B_IW_GRDH_1SDV_20200529T053510_20200529T053535_021792_0295D0_1E7A_COG,1,S1B,2020-05-29 05:35:10.027040+00:00,2020-05-29 05:35:35.024484+00:00,descending,66,"[6.25034, 43.494465, 9.815183, 45.391571]",4,4,3,2,11
"S1B|2020-05-30 17:22:16.335450+00:00|2020-05-30 17:22:41.333481+00:00|ascending|88|(5.927982, 43.472328, 9.493187, 45.379475)",S1B_IW_GRDH_1SDV_20200530T172216_20200530T172241_021814_029680_2413_COG,1,True,S1B_IW_GRDH_1SDV_20200530T172216_20200530T172241_021814_029680_2413_COG,1,S1B,2020-05-30 17:22:16.335450+00:00,2020-05-30 17:22:41.333481+00:00,ascending,88,"[5.927982, 43.472328, 9.493187, 45.379475]",4,4,3,2,11
"S1B|2020-05-30 17:22:16.335451+00:00|2020-05-30 17:22:41.333482+00:00|ascending|88|(5.927981, 43.472328, 9.493187, 45.379475)",S1B_IW_GRDH_1SDV_20200530T172216_20200530T172241_021814_029680_5DF4_COG,1,True,S1B_IW_GRDH_1SDV_20200530T172216_20200530T172241_021814_029680_5DF4_COG,1,S1B,2020-05-30 17:22:16.335451+00:00,2020-05-30 17:22:41.333482+00:00,ascending,88,"[5.927981, 43.472328, 9.493187, 45.379475]",4,4,3,2,11
"S1B|2020-05-30 17:22:41.334978+00:00|2020-05-30 17:23:06.334506+00:00|ascending|88|(5.474861, 44.977085, 9.205993, 46.874908)",S1B_IW_GRDH_1SDV_20200530T172241_20200530T172306_021814_029680_25FE_COG,1,True,S1B_IW_GRDH_1SDV_20200530T172241_20200530T172306_021814_029680_25FE_COG,1,S1B,2020-05-30 17:22:41.334978+00:00,2020-05-30 17:23:06.334506+00:00,ascending,88,"[5.474861, 44.977085, 9.205993, 46.874908]",4,4,3,2,11
"S1B|2020-05-30 17:22:41.334979+00:00|2020-05-30 17:23:06.334507+00:00|ascending|88|(5.474861, 44.977085, 9.205993, 46.874908)",S1B_IW_GRDH_1SDV_20200530T172241_20200530T172306_021814_029680_5AC2_COG,1,True,S1B_IW_GRDH_1SDV_20200530T172241_20200530T172306_021814_029680_5AC2_COG,1,S1B,2020-05-30 17:22:41.334979+00:00,2020-05-30 17:23:06.334507+00:00,ascending,88,"[5.474861, 44.977085, 9.205993, 46.874908]",4,4,3,2,11
"S1B|2020-06-05 05:26:34.324058+00:00|2020-06-05 05:26:59.323222+00:00|descending|168|(8.556172, 44.836731, 12.220399, 46.740719)",S1B_IW_GRDH_1SDV_20200605T052634_20200605T052659_021894_0298D7_3A24_COG,1,True,S1B_IW_GRDH_1SDV_20200605T052634_20200605T052659_021894_0298D7_3A24_COG,1,S1B,2020-06-05 05:26:34.324058+00:00,2020-06-05 05:26:59.323222+00:00,descending,168,"[8.556172, 44.836731, 12.220399, 46.740719]",4,4,3,2,11
"S1B|2020-06-05 05:26:34.324059+00:00|2020-06-05 05:26:59.323223+00:00|descending|168|(8.556172, 44.836731, 12.220399, 46.740719)",S1B_IW_GRDH_1SDV_20200605T052634_20200605T052659_021894_0298D7_B95D_COG,1,True,S1B_IW_GRDH_1SDV_20200605T052634_20200605T052659_021894_0298D7_B95D_COG,1,S1B,2020-06-05 05:26:34.324059+00:00,2020-06-05 05:26:59.323223+00:00,descending,168,"[8.556172, 44.836731, 12.220399, 46.740719]",4,4,3,2,11
"S1B|2020-06-05 05:26:59.324723+00:00|2020-06-05 05:27:24.322386+00:00|descending|168|(8.225859, 43.338207, 11.828385, 45.239185)",S1B_IW_GRDH_1SDV_20200605T052659_20200605T052724_021894_0298D7_FC65_COG,1,True,S1B_IW_GRDH_1SDV_20200605T052659_20200605T052724_021894_0298D7_FC65_COG,1,S1B,2020-06-05 05:26:59.324723+00:00,2020-06-05 05:27:24.322386+00:00,descending,168,"[8.225859, 43.338207, 11.828385, 45.239185]",4,4,3,2,11
"S1B|2020-06-05 05:26:59.324724+00:00|2020-06-05 05:27:24.322387+00:00|descending|168|(8.22586, 43.338211, 11.828385, 45.239185)",S1B_IW_GRDH_1SDV_20200605T052659_20200605T052724_021894_0298D7_EEF8_COG,1,True,S1B_IW_GRDH_1SDV_20200605T052659_20200605T052724_021894_0298D7_EEF8_COG,1,S1B,2020-06-05 05:26:59.324724+00:00,2020-06-05 05:27:24.322387+00:00,descending,168,"[8.22586, 43.338211, 11.828385, 45.239185]",4,4,3,2,11
"S1B|2020-06-06 17:14:05.064216+00:00|2020-06-06 17:14:30.064009+00:00|ascending|15|(7.912811, 43.5937, 11.568645, 45.501793)",S1B_IW_GRDH_1SDV_20200606T171405_20200606T171430_021916_02997C_BEF1_COG,1,True,S1B_IW_GRDH_1SDV_20200606T171405_20200606T171430_021916_02997C_BEF1_COG,1,S1B,2020-06-06 17:14:05.064216+00:00,2020-06-06 17:14:30.064009+00:00,ascending,15,"[7.912811, 43.5937, 11.568645, 45.501793]",4,4,3,2,11
"S1B|2020-06-06 17:14:05.064217+00:00|2020-06-06 17:14:30.064010+00:00|ascending|15|(7.912811, 43.5937, 11.568645, 45.501793)",S1B_IW_GRDH_1SDV_20200606T171405_20200606T171430_021916_02997C_11A1_COG,1,True,S1B_IW_GRDH_1SDV_20200606T171405_20200606T171430_021916_02997C_11A1_COG,1,S1B,2020-06-06 17:14:05.064217+00:00,2020-06-06 17:14:30.064010+00:00,ascending,15,"[7.912811, 43.5937, 11.568645, 45.501793]",4,4,3,2,11
"S1B|2020-06-06 17:14:30.065506+00:00|2020-06-06 17:14:55.063801+00:00|ascending|15|(7.518739, 45.093266, 11.244532, 47.003353)",S1B_IW_GRDH_1SDV_20200606T171430_20200606T171455_021916_02997C_8BAF_COG,1,True,S1B_IW_GRDH_1SDV_20200606T171430_20200606T171455_021916_02997C_8BAF_COG,1,S1B,2020-06-06 17:14:30.065506+00:00,2020-06-06 17:14:55.063801+00:00,ascending,15,"[7.518739, 45.093266, 11.244532, 47.003353]",4,4,3,2,11
"S1B|2020-06-06 17:14:30.065507+00:00|2020-06-06 17:14:55.063802+00:00|ascending|15|(7.518739, 45.093266, 11.244532, 47.003353)",S1B_IW_GRDH_1SDV_20200606T171430_20200606T171455_021916_02997C_9B3D_COG,1,True,S1B_IW_GRDH_1SDV_20200606T171430_20200606T171455_021916_02997C_9B3D_COG,1,S1B,2020-06-06 17:14:30.065507+00:00,2020-06-06 17:14:55.063802+00:00,ascending,15,"[7.518739, 45.093266, 11.244532, 47.003353]",4,4,3,2,11
"S1B|2020-06-10 05:34:45.100202+00:00|2020-06-10 05:35:10.097692+00:00|descending|66|(6.584719, 45.032288, 10.207245, 46.932758)",S1B_IW_GRDH_1SDV_20200610T053445_20200610T053510_021967_029B0E_BC93_COG,1,True,S1B_IW_GRDH_1SDV_20200610T053445_20200610T053510_021967_029B0E_BC93_COG,1,S1B,2020-06-10 05:34:45.100202+00:00,2020-06-10 05:35:10.097692+00:00,descending,66,"[6.584719, 45.032288, 10.207245, 46.932758]",4,4,3,2,11
"S1B|2020-06-10 05:34:53.237356+00:00|2020-06-10 05:35:18.236353+00:00|descending|66|(6.418122, 44.545956, 10.084806, 46.448582)",S1B_IW_GRDH_1SDV_20200610T053453_20200610T053518_021967_029B0E_BD0A_COG,1,True,S1B_IW_GRDH_1SDV_20200610T053453_20200610T053518_021967_029B0E_BD0A_COG,1,S1B,2020-06-10 05:34:53.237356+00:00,2020-06-10 05:35:18.236353+00:00,descending,66,"[6.418122, 44.545956, 10.084806, 46.448582]",4,4,3,2,11
"S1B|2020-06-10 05:35:10.099191+00:00|2020-06-10 05:35:35.098179+00:00|descending|66|(6.257973, 43.533058, 9.825422, 45.430149)",S1B_IW_GRDH_1SDV_20200610T053510_20200610T053535_021967_029B0E_E1FE_COG,1,True,S1B_IW_GRDH_1SDV_20200610T053510_20200610T053535_021967_029B0E_E1FE_COG,1,S1B,2020-06-10 05:35:10.099191+00:00,2020-06-10 05:35:35.098179+00:00,descending,66,"[6.257973, 43.533058, 9.825422, 45.430149]",4,4,3,2,11
"S1B|2020-06-17 05:26:26.627880+00:00|2020-06-17 05:26:51.625941+00:00|descending|168|(8.701255, 45.330025, 12.353512, 47.231617)",S1B_IW_GRDH_1SDV_20200617T052626_20200617T052651_022069_029E24_E519_COG,1,True,S1B_IW_GRDH_1SDV_20200617T052626_20200617T052651_022069_029E24_E519_COG,1,S1B,2020-06-17 05:26:26.627880+00:00,2020-06-17 05:26:51.625941+00:00,descending,168,"[8.701255, 45.330025, 12.353512, 47.231617]",4,4,3,2,11
"S1B|2020-06-17 05:26:34.864754+00:00|2020-06-17 05:26:59.863320+00:00|descending|168|(8.555294, 44.836067, 12.225609, 46.740826)",S1B_IW_GRDH_1SDV_20200617T052634_20200617T052659_022069_029E24_B6EA_COG,1,True,S1B_IW_GRDH_1SDV_20200617T052634_20200617T052659_022069_029E24_B6EA_COG,1,S1B,2020-06-17 05:26:34.864754+00:00,2020-06-17 05:26:59.863320+00:00,descending,168,"[8.555294, 44.836067, 12.225609, 46.740826]",4,4,3,2,11
"S1B|2020-06-17 05:26:51.627441+00:00|2020-06-17 05:27:16.627001+00:00|descending|168|(8.364777, 43.832203, 11.969698, 45.729137)",S1B_IW_GRDH_1SDV_20200617T052651_20200617T052716_022069_029E24_1BA6_COG,1,True,S1B_IW_GRDH_1SDV_20200617T052651_20200617T052716_022069_029E24_1BA6_COG,1,S1B,2020-06-17 05:26:51.627441+00:00,2020-06-17 05:27:16.627001+00:00,descending,168,"[8.364777, 43.832203, 11.969698, 45.729137]",4,4,3,2,11
"S1B|2020-06-17 05:26:59.864821+00:00|2020-06-17 05:27:24.863387+00:00|descending|168|(8.224846, 43.337494, 11.833481, 45.239338)",S1B_IW_GRDH_1SDV_20200617T052659_20200617T052724_022069_029E24_A31E_COG,1,True,S1B_IW_GRDH_1SDV_20200617T052659_20200617T052724_022069_029E24_A31E_COG,1,S1B,2020-06-17 05:26:59.864821+00:00,2020-06-17 05:27:24.863387+00:00,descending,168,"[8.224846, 43.337494, 11.833481, 45.239338]",4,4,3,2,11
"S1B|2020-06-22 05:34:46.034286+00:00|2020-06-22 05:35:11.031760+00:00|descending|66|(6.578857, 45.008801, 10.198034, 46.909336)",S1B_IW_GRDH_1SDV_20200622T053446_20200622T053511_022142_02A063_B797_COG,1,True,S1B_IW_GRDH_1SDV_20200622T053446_20200622T053511_022142_02A063_B797_COG,1,S1B,2020-06-22 05:34:46.034286+00:00,2020-06-22 05:35:11.031760+00:00,descending,66,"[6.578857, 45.008801, 10.198034, 46.909336]",4,4,3,2,11
"S1B|2020-06-22 05:34:53.778646+00:00|2020-06-22 05:35:18.777628+00:00|descending|66|(6.417519, 44.545998, 10.08418, 46.448586)",S1B_IW_GRDH_1SDV_20200622T053453_20200622T053518_022142_02A063_2A05_COG,1,True,S1B_IW_GRDH_1SDV_20200622T053453_20200622T053518_022142_02A063_2A05_COG,1,S1B,2020-06-22 05:34:53.778646+00:00,2020-06-22 05:35:18.777628+00:00,descending,66,"[6.417519, 44.545998, 10.08418, 46.448586]",4,4,3,2,11
"S1B|2020-06-22 05:35:11.033260+00:00|2020-06-22 05:35:36.032234+00:00|descending|66|(6.252303, 43.509533, 9.818144, 45.406612)",S1B_IW_GRDH_1SDV_20200622T053511_20200622T053536_022142_02A063_52FE_COG,1,True,S1B_IW_GRDH_1SDV_20200622T053511_20200622T053536_022142_02A063_52FE_COG,1,S1B,2020-06-22 05:35:11.033260+00:00,2020-06-22 05:35:36.032234+00:00,descending,66,"[6.252303, 43.509533, 9.818144, 45.406612]",4,4,3,2,11
"S1B|2020-06-29 05:26:27.996928+00:00|2020-06-29 05:26:52.994988+00:00|descending|168|(8.694386, 45.287544, 12.3478, 47.188831)",S1B_IW_GRDH_1SDV_20200629T052627_20200629T052652_022244_02A37D_4350_COG,1,True,S1B_IW_GRDH_1SDV_20200629T052627_20200629T052652_022244_02A37D_4350_COG,1,S1B,2020-06-29 05:26:27.996928+00:00,2020-06-29 05:26:52.994988+00:00,descending,168,"[8.694386, 45.287544, 12.3478, 47.188831]",4,4,3,2,11
"S1B|2020-06-29 05:26:35.528371+00:00|2020-06-29 05:27:00.526939+00:00|descending|168|(8.556531, 44.835972, 12.226882, 46.740784)",S1B_IW_GRDH_1SDV_20200629T052635_20200629T052700_022244_02A37D_9D6D_COG,1,True,S1B_IW_GRDH_1SDV_20200629T052635_20200629T052700_022244_02A37D_9D6D_COG,1,S1B,2020-06-29 05:26:35.528371+00:00,2020-06-29 05:27:00.526939+00:00,descending,168,"[8.556531, 44.835972, 12.226882, 46.740784]",4,4,3,2,11
"S1B|2020-06-29 05:26:52.996488+00:00|2020-06-29 05:27:17.996048+00:00|descending|168|(8.360686, 43.789238, 11.959825, 45.68668)",S1B_IW_GRDH_1SDV_20200629T052652_20200629T052717_022244_02A37D_C0FB_COG,1,True,S1B_IW_GRDH_1SDV_20200629T052652_20200629T052717_022244_02A37D_C0FB_COG,1,S1B,2020-06-29 05:26:52.996488+00:00,2020-06-29 05:27:17.996048+00:00,descending,168,"[8.360686, 43.789238, 11.959825, 45.68668]",4,4,3,2,11
"S1B|2020-06-29 05:27:00.528439+00:00|2020-06-29 05:27:25.527008+00:00|descending|168|(8.22603, 43.337406, 11.8347, 45.2393)",S1B_IW_GRDH_1SDV_20200629T052700_20200629T052725_022244_02A37D_5820_COG,1,True,S1B_IW_GRDH_1SDV_20200629T052700_20200629T052725_022244_02A37D_5820_COG,1,S1B,2020-06-29 05:27:00.528439+00:00,2020-06-29 05:27:25.527008+00:00,descending,168,"[8.22603, 43.337406, 11.8347, 45.2393]",4,4,3,2,11
"S1B|2020-06-30 17:14:06.199442+00:00|2020-06-30 17:14:31.197863+00:00|ascending|15|(7.912074, 43.593521, 11.568035, 45.501595)",S1B_IW_GRDH_1SDV_20200630T171406_20200630T171431_022266_02A428_AFC9_COG,1,True,S1B_IW_GRDH_1SDV_20200630T171406_20200630T171431_022266_02A428_AFC9_COG,1,S1B,2020-06-30 17:14:06.199442+00:00,2020-06-30 17:14:31.197863+00:00,ascending,15,"[7.912074, 43.593521, 11.568035, 45.501595]",4,4,3,2,11
"S1B|2020-06-30 17:14:06.199443+00:00|2020-06-30 17:14:31.197865+00:00|ascending|15|(7.912074, 43.593521, 11.568035, 45.501595)",S1B_IW_GRDH_1SDV_20200630T171406_20200630T171431_022266_02A428_2C2B_COG,1,True,S1B_IW_GRDH_1SDV_20200630T171406_20200630T171431_022266_02A428_2C2B_COG,1,S1B,2020-06-30 17:14:06.199443+00:00,2020-06-30 17:14:31.197865+00:00,ascending,15,"[7.912074, 43.593521, 11.568035, 45.501595]",4,4,3,2,11
"S1B|2020-06-30 17:14:31.199361+00:00|2020-06-30 17:14:56.197783+00:00|ascending|15|(7.517952, 45.092987, 11.243891, 47.003151)",S1B_IW_GRDH_1SDV_20200630T171431_20200630T171456_022266_02A428_0E08_COG,1,True,S1B_IW_GRDH_1SDV_20200630T171431_20200630T171456_022266_02A428_0E08_COG,1,S1B,2020-06-30 17:14:31.199361+00:00,2020-06-30 17:14:56.197783+00:00,ascending,15,"[7.517952, 45.092987, 11.243891, 47.003151]",4,4,3,2,11
"S1B|2020-06-30 17:14:31.199363+00:00|2020-06-30 17:14:56.197785+00:00|ascending|15|(7.517952, 45.092987, 11.243891, 47.003151)",S1B_IW_GRDH_1SDV_20200630T171431_20200630T171456_022266_02A428_9FA4_COG,1,True,S1B_IW_GRDH_1SDV_20200630T171431_20200630T171456_022266_02A428_9FA4_COG,1,S1B,2020-06-30 17:14:31.199363+00:00,2020-06-30 17:14:56.197785+00:00,ascending,15,"[7.517952, 45.092987, 11.243891, 47.003151]",4,4,3,2,11
"S1B|2020-07-04 05:34:45.903183+00:00|2020-07-04 05:35:10.902094+00:00|descending|66|(6.588903, 45.053829, 10.214478, 46.95425)",S1B_IW_GRDH_1SDV_20200704T053445_20200704T053510_022317_02A5BA_B9B3_COG,1,True,S1B_IW_GRDH_1SDV_20200704T053445_20200704T053510_022317_02A5BA_B9B3_COG,1,S1B,2020-07-04 05:34:45.903183+00:00,2020-07-04 05:35:10.902094+00:00,descending,66,"[6.588903, 45.053829, 10.214478, 46.95425]",4,4,3,2,11
"S1B|2020-07-04 05:34:54.401331+00:00|2020-07-04 05:35:19.400260+00:00|descending|66|(6.417516, 44.545959, 10.084169, 46.44854)",S1B_IW_GRDH_1SDV_20200704T053454_20200704T053519_022317_02A5BA_E9AF_COG,1,True,S1B_IW_GRDH_1SDV_20200704T053454_20200704T053519_022317_02A5BA_E9AF_COG,1,S1B,2020-07-04 05:34:54.401331+00:00,2020-07-04 05:35:19.400260+00:00,descending,66,"[6.417516, 44.545959, 10.084169, 46.44854]",4,4,3,2,11
"S1B|2020-07-04 05:35:10.903591+00:00|2020-07-04 05:35:35.901003+00:00|descending|66|(6.262195, 43.554714, 9.830924, 45.451641)",S1B_IW_GRDH_1SDV_20200704T053510_20200704T053535_022317_02A5BA_DF44_COG,1,True,S1B_IW_GRDH_1SDV_20200704T053510_20200704T053535_022317_02A5BA_DF44_COG,1,S1B,2020-07-04 05:35:10.903591+00:00,2020-07-04 05:35:35.901003+00:00,descending,66,"[6.262195, 43.554714, 9.830924, 45.451641]",4,4,3,2,11
"S1B|2020-07-05 17:22:29.093564+00:00|2020-07-05 17:22:54.091937+00:00|ascending|88|(5.734963, 44.128674, 9.383235, 46.02832)",S1B_IW_GRDH_1SDV_20200705T172229_20200705T172254_022339_02A669_8959_COG,1,True,S1B_IW_GRDH_1SDV_20200705T172229_20200705T172254_022339_02A669_8959_COG,1,S1B,2020-07-05 17:22:29.093564+00:00,2020-07-05 17:22:54.091937+00:00,ascending,88,"[5.734963, 44.128674, 9.383235, 46.02832]",4,4,3,2,11
"S1B|2020-07-05 17:22:29.093567+00:00|2020-07-05 17:22:54.091939+00:00|ascending|88|(5.734963, 44.128674, 9.383235, 46.02832)",S1B_IW_GRDH_1SDV_20200705T172229_20200705T172254_022339_02A669_58B0_COG,1,True,S1B_IW_GRDH_1SDV_20200705T172229_20200705T172254_022339_02A669_58B0_COG,1,S1B,2020-07-05 17:22:29.093567+00:00,2020-07-05 17:22:54.091939+00:00,ascending,88,"[5.734963, 44.128674, 9.383235, 46.02832]",4,4,3,2,11
"S1B|2020-07-11 05:26:28.913870+00:00|2020-07-11 05:26:53.913385+00:00|descending|168|(8.69204, 45.278221, 12.34602, 47.179535)",S1B_IW_GRDH_1SDV_20200711T052628_20200711T052653_022419_02A8D0_DFAF_COG,1,True,S1B_IW_GRDH_1SDV_20200711T052628_20200711T052653_022419_02A8D0_DFAF_COG,1,S1B,2020-07-11 05:26:28.913870+00:00,2020-07-11 05:26:53.913385+00:00,descending,168,"[8.69204, 45.278221, 12.34602, 47.179535]",4,4,3,2,11
"S1B|2020-07-11 05:26:36.291365+00:00|2020-07-11 05:27:01.289890+00:00|descending|168|(8.55617, 44.835979, 12.226519, 46.740784)",S1B_IW_GRDH_1SDV_20200711T052636_20200711T052701_022419_02A8D0_129B_COG,1,True,S1B_IW_GRDH_1SDV_20200711T052636_20200711T052701_022419_02A8D0_129B_COG,1,S1B,2020-07-11 05:26:36.291365+00:00,2020-07-11 05:27:01.289890+00:00,descending,168,"[8.55617, 44.835979, 12.226519, 46.740784]",4,4,3,2,11
"S1B|2020-07-11 05:26:53.914886+00:00|2020-07-11 05:27:18.912902+00:00|descending|168|(8.358887, 43.779881, 11.956982, 45.677357)",S1B_IW_GRDH_1SDV_20200711T052653_20200711T052718_022419_02A8D0_2E55_COG,1,True,S1B_IW_GRDH_1SDV_20200711T052653_20200711T052718_022419_02A8D0_2E55_COG,1,S1B,2020-07-11 05:26:53.914886+00:00,2020-07-11 05:27:18.912902+00:00,descending,168,"[8.358887, 43.779881, 11.956982, 45.677357]",4,4,3,2,11
"S1B|2020-07-11 05:27:01.291340+00:00|2020-07-11 05:27:26.289863+00:00|descending|168|(8.2258, 43.337418, 11.834342, 45.239288)",S1B_IW_GRDH_1SDV_20200711T052701_20200711T052726_022419_02A8D0_AEAF_COG,1,True,S1B_IW_GRDH_1SDV_20200711T052701_20200711T052726_022419_02A8D0_AEAF_COG,1,S1B,2020-07-11 05:27:01.291340+00:00,2020-07-11 05:27:26.289863+00:00,descending,168,"[8.2258, 43.337418, 11.834342, 45.239288]",4,4,3,2,11
"S1B|2020-07-12 17:14:07.000654+00:00|2020-07-12 17:14:31.999085+00:00|ascending|15|(7.911259, 43.593483, 11.567106, 45.501568)",S1B_IW_GRDH_1SDV_20200712T171407_20200712T171431_022441_02A977_56E1_COG,1,True,S1B_IW_GRDH_1SDV_20200712T171407_20200712T171431_022441_02A977_56E1_COG,1,S1B,2020-07-12 17:14:07.000654+00:00,2020-07-12 17:14:31.999085+00:00,ascending,15,"[7.911259, 43.593483, 11.567106, 45.501568]",4,4,3,2,11
"S1B|2020-07-12 17:14:07.000655+00:00|2020-07-12 17:14:31.999086+00:00|ascending|15|(7.911258, 43.593483, 11.567105, 45.501568)",S1B_IW_GRDH_1SDV_20200712T171407_20200712T171431_022441_02A977_2B36_COG,1,True,S1B_IW_GRDH_1SDV_20200712T171407_20200712T171431_022441_02A977_2B36_COG,1,S1B,2020-07-12 17:14:07.000655+00:00,2020-07-12 17:14:31.999086+00:00,ascending,15,"[7.911258, 43.593483, 11.567105, 45.501568]",4,4,3,2,11
"S1B|2020-07-12 17:14:32.000582+00:00|2020-07-12 17:14:56.999013+00:00|ascending|15|(7.517118, 45.092953, 11.243068, 47.003139)",S1B_IW_GRDH_1SDV_20200712T171432_20200712T171456_022441_02A977_1D82_COG,1,True,S1B_IW_GRDH_1SDV_20200712T171432_20200712T171456_022441_02A977_1D82_COG,1,S1B,2020-07-12 17:14:32.000582+00:00,2020-07-12 17:14:56.999013+00:00,ascending,15,"[7.517118, 45.092953, 11.243068, 47.003139]",4,4,3,2,11
"S1B|2020-07-12 17:14:32.000584+00:00|2020-07-12 17:14:56.999015+00:00|ascending|15|(7.517117, 45.092953, 11.243068, 47.003139)",S1B_IW_GRDH_1SDV_20200712T171432_20200712T171456_022441_02A977_675E_COG,1,True,S1B_IW_GRDH_1SDV_20200712T171432_20200712T171456_022441_02A977_675E_COG,1,S1B,2020-07-12 17:14:32.000584+00:00,2020-07-12 17:14:56.999015+00:00,ascending,15,"[7.517117, 45.092953, 11.243068, 47.003139]",4,4,3,2,11
"S1B|2020-07-16 05:34:46.988062+00:00|2020-07-16 05:35:11.985533+00:00|descending|66|(6.584558, 45.029762, 10.206748, 46.930252)",S1B_IW_GRDH_1SDV_20200716T053446_20200716T053511_022492_02AB06_1455_COG,1,True,S1B_IW_GRDH_1SDV_20200716T053446_20200716T053511_022492_02AB06_1455_COG,1,S1B,2020-07-16 05:34:46.988062+00:00,2020-07-16 05:35:11.985533+00:00,descending,66,"[6.584558, 45.029762, 10.206748, 46.930252]",4,4,3,2,11
"S1B|2020-07-16 05:34:55.084288+00:00|2020-07-16 05:35:20.083261+00:00|descending|66|(6.418511, 44.545883, 10.084945, 46.448547)",S1B_IW_GRDH_1SDV_20200716T053455_20200716T053520_022492_02AB06_34E9_COG,1,True,S1B_IW_GRDH_1SDV_20200716T053455_20200716T053520_022492_02AB06_34E9_COG,1,S1B,2020-07-16 05:34:55.084288+00:00,2020-07-16 05:35:20.083261+00:00,descending,66,"[6.418511, 44.545883, 10.084945, 46.448547]",4,4,3,2,11
"S1B|2020-07-16 05:35:11.987033+00:00|2020-07-16 05:35:36.986002+00:00|descending|66|(6.257822, 43.530529, 9.825106, 45.427635)",S1B_IW_GRDH_1SDV_20200716T053511_20200716T053536_022492_02AB06_E10B_COG,1,True,S1B_IW_GRDH_1SDV_20200716T053511_20200716T053536_022492_02AB06_E10B_COG,1,S1B,2020-07-16 05:35:11.987033+00:00,2020-07-16 05:35:36.986002+00:00,descending,66,"[6.257822, 43.530529, 9.825106, 45.427635]",4,4,3,2,11
"S1B|2020-07-17 17:22:29.773789+00:00|2020-07-17 17:22:54.773567+00:00|ascending|88|(5.734306, 44.128727, 9.382623, 46.028488)",S1B_IW_GRDH_1SDV_20200717T172229_20200717T172254_022514_02ABB6_8638_COG,1,True,S1B_IW_GRDH_1SDV_20200717T172229_20200717T172254_022514_02ABB6_8638_COG,1,S1B,2020-07-17 17:22:29.773789+00:00,2020-07-17 17:22:54.773567+00:00,ascending,88,"[5.734306, 44.128727, 9.382623, 46.028488]",4,4,3,2,11
"S1B|2020-07-17 17:22:29.773790+00:00|2020-07-17 17:22:54.773568+00:00|ascending|88|(5.734306, 44.128723, 9.382623, 46.028484)",S1B_IW_GRDH_1SDV_20200717T172229_20200717T172254_022514_02ABB6_6316_COG,1,True,S1B_IW_GRDH_1SDV_20200717T172229_20200717T172254_022514_02ABB6_6316_COG,1,S1B,2020-07-17 17:22:29.773790+00:00,2020-07-17 17:22:54.773568+00:00,ascending,88,"[5.734306, 44.128723, 9.382623, 46.028484]",4,4,3,2,11
"S1B|2020-07-23 05:26:28.953970+00:00|2020-07-23 05:26:53.952097+00:00|descending|168|(8.699097, 45.313431, 12.351013, 47.214825)",S1B_IW_GRDH_1SDV_20200723T052628_20200723T052653_022594_02AE21_7D1E_COG,1,True,S1B_IW_GRDH_1SDV_20200723T052628_20200723T052653_022594_02AE21_7D1E_COG,1,S1B,2020-07-23 05:26:28.953970+00:00,2020-07-23 05:26:53.952097+00:00,descending,168,"[8.699097, 45.313431, 12.351013, 47.214825]",4,4,3,2,11
"S1B|2020-07-23 05:26:36.915445+00:00|2020-07-23 05:27:01.914066+00:00|descending|168|(8.555777, 44.836037, 12.226199, 46.740803)",S1B_IW_GRDH_1SDV_20200723T052636_20200723T052701_022594_02AE21_E825_COG,1,True,S1B_IW_GRDH_1SDV_20200723T052636_20200723T052701_022594_02AE21_E825_COG,1,S1B,2020-07-23 05:26:36.915445+00:00,2020-07-23 05:27:01.914066+00:00,descending,168,"[8.555777, 44.836037, 12.226199, 46.740803]",4,4,3,2,11
"S1B|2020-07-23 05:26:53.953596+00:00|2020-07-23 05:27:18.951723+00:00|descending|168|(8.364021, 43.815556, 11.966062, 45.712498)",S1B_IW_GRDH_1SDV_20200723T052653_20200723T052718_022594_02AE21_77D7_COG,1,True,S1B_IW_GRDH_1SDV_20200723T052653_20200723T052718_022594_02AE21_77D7_COG,1,S1B,2020-07-23 05:26:53.953596+00:00,2020-07-23 05:27:18.951723+00:00,descending,168,"[8.364021, 43.815556, 11.966062, 45.712498]",4,4,3,2,11
"S1B|2020-07-23 05:27:01.915566+00:00|2020-07-23 05:27:26.914187+00:00|descending|168|(8.225346, 43.337467, 11.834088, 45.239315)",S1B_IW_GRDH_1SDV_20200723T052701_20200723T052726_022594_02AE21_2758_COG,1,True,S1B_IW_GRDH_1SDV_20200723T052701_20200723T052726_022594_02AE21_2758_COG,1,S1B,2020-07-23 05:27:01.915566+00:00,2020-07-23 05:27:26.914187+00:00,descending,168,"[8.225346, 43.337467, 11.834088, 45.239315]",4,4,3,2,11
"S1B|2020-07-24 17:14:07.700468+00:00|2020-07-24 17:14:32.698774+00:00|ascending|15|(7.91258, 43.593719, 11.568413, 45.501751)",S1B_IW_GRDH_1SDV_20200724T171407_20200724T171432_022616_02AEC5_3067_COG,1,True,S1B_IW_GRDH_1SDV_20200724T171407_20200724T171432_022616_02AEC5_3067_COG,1,S1B,2020-07-24 17:14:07.700468+00:00,2020-07-24 17:14:32.698774+00:00,ascending,15,"[7.91258, 43.593719, 11.568413, 45.501751]",4,4,3,2,11
"S1B|2020-07-24 17:14:07.700469+00:00|2020-07-24 17:14:32.698774+00:00|ascending|15|(7.91258, 43.593719, 11.568413, 45.501751)",S1B_IW_GRDH_1SDV_20200724T171407_20200724T171432_022616_02AEC5_A096_COG,1,True,S1B_IW_GRDH_1SDV_20200724T171407_20200724T171432_022616_02AEC5_A096_COG,1,S1B,2020-07-24 17:14:07.700469+00:00,2020-07-24 17:14:32.698774+00:00,ascending,15,"[7.91258, 43.593719, 11.568413, 45.501751]",4,4,3,2,11
"S1B|2020-07-24 17:14:32.700271+00:00|2020-07-24 17:14:57.700075+00:00|ascending|15|(7.518452, 45.093193, 11.244415, 47.003414)",S1B_IW_GRDH_1SDV_20200724T171432_20200724T171457_022616_02AEC5_75DA_COG,1,True,S1B_IW_GRDH_1SDV_20200724T171432_20200724T171457_022616_02AEC5_75DA_COG,1,S1B,2020-07-24 17:14:32.700271+00:00,2020-07-24 17:14:57.700075+00:00,ascending,15,"[7.518452, 45.093193, 11.244415, 47.003414]",4,4,3,2,11
"S1B|2020-07-24 17:14:32.700272+00:00|2020-07-24 17:14:57.700075+00:00|ascending|15|(7.518452, 45.093193, 11.244415, 47.003414)",S1B_IW_GRDH_1SDV_20200724T171432_20200724T171457_022616_02AEC5_3918_COG,1,True,S1B_IW_GRDH_1SDV_20200724T171432_20200724T171457_022616_02AEC5_3918_COG,1,S1B,2020-07-24 17:14:32.700272+00:00,2020-07-24 17:14:57.700075+00:00,ascending,15,"[7.518452, 45.093193, 11.244415, 47.003414]",4,4,3,2,11
"S1B|2020-07-28 05:34:47.782881+00:00|2020-07-28 05:35:12.780369+00:00|descending|66|(6.585371, 45.036049, 10.208452, 46.936527)",S1B_IW_GRDH_1SDV_20200728T053447_20200728T053512_022667_02B05D_E9CE_COG,1,True,S1B_IW_GRDH_1SDV_20200728T053447_20200728T053512_022667_02B05D_E9CE_COG,1,S1B,2020-07-28 05:34:47.782881+00:00,2020-07-28 05:35:12.780369+00:00,descending,66,"[6.585371, 45.036049, 10.208452, 46.936527]",4,4,3,2,11
"S1B|2020-07-28 05:34:55.985490+00:00|2020-07-28 05:35:20.984487+00:00|descending|66|(6.417763, 44.545799, 10.08458, 46.44846)",S1B_IW_GRDH_1SDV_20200728T053455_20200728T053520_022667_02B05D_50CE_COG,1,True,S1B_IW_GRDH_1SDV_20200728T053455_20200728T053520_022667_02B05D_50CE_COG,1,S1B,2020-07-28 05:34:55.985490+00:00,2020-07-28 05:35:20.984487+00:00,descending,66,"[6.417763, 44.545799, 10.08458, 46.44846]",4,4,3,2,11
"S1B|2020-07-28 05:35:12.781868+00:00|2020-07-28 05:35:37.780855+00:00|descending|66|(6.258575, 43.536827, 9.826298, 45.433937)",S1B_IW_GRDH_1SDV_20200728T053512_20200728T053537_022667_02B05D_05D2_COG,1,True,S1B_IW_GRDH_1SDV_20200728T053512_20200728T053537_022667_02B05D_05D2_COG,1,S1B,2020-07-28 05:35:12.781868+00:00,2020-07-28 05:35:37.780855+00:00,descending,66,"[6.258575, 43.536827, 9.826298, 45.433937]",4,4,3,2,11
"S1B|2020-07-29 17:22:30.672955+00:00|2020-07-29 17:22:55.671288+00:00|ascending|88|(5.732845, 44.128689, 9.381166, 46.028381)",S1B_IW_GRDH_1SDV_20200729T172230_20200729T172255_022689_02B10A_8CB5_COG,1,True,S1B_IW_GRDH_1SDV_20200729T172230_20200729T172255_022689_02B10A_8CB5_COG,1,S1B,2020-07-29 17:22:30.672955+00:00,2020-07-29 17:22:55.671288+00:00,ascending,88,"[5.732845, 44.128689, 9.381166, 46.028381]",4,4,3,2,11
"S1B|2020-07-29 17:22:30.672956+00:00|2020-07-29 17:22:55.671289+00:00|ascending|88|(5.732845, 44.128689, 9.381165, 46.028381)",S1B_IW_GRDH_1SDV_20200729T172230_20200729T172255_022689_02B10A_87CA_COG,1,True,S1B_IW_GRDH_1SDV_20200729T172230_20200729T172255_022689_02B10A_87CA_COG,1,S1B,2020-07-29 17:22:30.672956+00:00,2020-07-29 17:22:55.671289+00:00,ascending,88,"[5.732845, 44.128689, 9.381165, 46.028381]",4,4,3,2,11
"S1B|2020-08-04 05:26:29.792090+00:00|2020-08-04 05:26:54.790168+00:00|descending|168|(8.698815, 45.317196, 12.350405, 47.218601)",S1B_IW_GRDH_1SDV_20200804T052629_20200804T052654_022769_02B36C_2A7D_COG,1,True,S1B_IW_GRDH_1SDV_20200804T052629_20200804T052654_022769_02B36C_2A7D_COG,1,S1B,2020-08-04 05:26:29.792090+00:00,2020-08-04 05:26:54.790168+00:00,descending,168,"[8.698815, 45.317196, 12.350405, 47.218601]",4,4,3,2,11
"S1B|2020-08-04 05:26:37.817550+00:00|2020-08-04 05:27:02.816132+00:00|descending|168|(8.554545, 44.83596, 12.224975, 46.740726)",S1B_IW_GRDH_1SDV_20200804T052637_20200804T052702_022769_02B36C_7383_COG,1,True,S1B_IW_GRDH_1SDV_20200804T052637_20200804T052702_022769_02B36C_7383_COG,1,S1B,2020-08-04 05:26:37.817550+00:00,2020-08-04 05:27:02.816132+00:00,descending,168,"[8.554545, 44.83596, 12.224975, 46.740726]",4,4,3,2,11
"S1B|2020-08-04 05:26:54.791669+00:00|2020-08-04 05:27:19.791247+00:00|descending|168|(8.363532, 43.819275, 11.965858, 45.716248)",S1B_IW_GRDH_1SDV_20200804T052654_20200804T052719_022769_02B36C_9ABE_COG,1,True,S1B_IW_GRDH_1SDV_20200804T052654_20200804T052719_022769_02B36C_9ABE_COG,1,S1B,2020-08-04 05:26:54.791669+00:00,2020-08-04 05:27:19.791247+00:00,descending,168,"[8.363532, 43.819275, 11.965858, 45.716248]",4,4,3,2,11
"S1B|2020-08-04 05:27:02.817633+00:00|2020-08-04 05:27:27.814715+00:00|descending|168|(8.224247, 43.337479, 11.832852, 45.239227)",S1B_IW_GRDH_1SDV_20200804T052702_20200804T052727_022769_02B36C_28DE_COG,1,True,S1B_IW_GRDH_1SDV_20200804T052702_20200804T052727_022769_02B36C_28DE_COG,1,S1B,2020-08-04 05:27:02.817633+00:00,2020-08-04 05:27:27.814715+00:00,descending,168,"[8.224247, 43.337479, 11.832852, 45.239227]",4,4,3,2,11
"S1B|2020-08-05 17:14:08.501570+00:00|2020-08-05 17:14:33.499962+00:00|ascending|15|(7.911853, 43.593697, 11.567681, 45.501728)",S1B_IW_GRDH_1SDV_20200805T171408_20200805T171433_022791_02B417_442B_COG,1,True,S1B_IW_GRDH_1SDV_20200805T171408_20200805T171433_022791_02B417_442B_COG,1,S1B,2020-08-05 17:14:08.501570+00:00,2020-08-05 17:14:33.499962+00:00,ascending,15,"[7.911853, 43.593697, 11.567681, 45.501728]",4,4,3,2,11
"S1B|2020-08-05 17:14:08.501571+00:00|2020-08-05 17:14:33.499963+00:00|ascending|15|(7.911852, 43.593697, 11.56768, 45.501728)",S1B_IW_GRDH_1SDV_20200805T171408_20200805T171433_022791_02B417_5EF3_COG,1,True,S1B_IW_GRDH_1SDV_20200805T171408_20200805T171433_022791_02B417_5EF3_COG,1,S1B,2020-08-05 17:14:08.501571+00:00,2020-08-05 17:14:33.499963+00:00,ascending,15,"[7.911852, 43.593697, 11.56768, 45.501728]",4,4,3,2,11
"S1B|2020-08-05 17:14:33.501459+00:00|2020-08-05 17:14:58.499851+00:00|ascending|15|(7.517756, 45.093166, 11.243687, 47.0033)",S1B_IW_GRDH_1SDV_20200805T171433_20200805T171458_022791_02B417_3B4A_COG,1,True,S1B_IW_GRDH_1SDV_20200805T171433_20200805T171458_022791_02B417_3B4A_COG,1,S1B,2020-08-05 17:14:33.501459+00:00,2020-08-05 17:14:58.499851+00:00,ascending,15,"[7.517756, 45.093166, 11.243687, 47.0033]",4,4,3,2,11
"S1B|2020-08-05 17:14:33.501460+00:00|2020-08-05 17:14:58.499852+00:00|ascending|15|(7.517756, 45.093166, 11.243687, 47.0033)",S1B_IW_GRDH_1SDV_20200805T171433_20200805T171458_022791_02B417_5981_COG,1,True,S1B_IW_GRDH_1SDV_20200805T171433_20200805T171458_022791_02B417_5981_COG,1,S1B,2020-08-05 17:14:33.501460+00:00,2020-08-05 17:14:58.499852+00:00,ascending,15,"[7.517756, 45.093166, 11.243687, 47.0033]",4,4,3,2,11
"S1B|2020-08-09 05:34:49.020857+00:00|2020-08-09 05:35:14.018311+00:00|descending|66|(6.578396, 45.004963, 10.19708, 46.905582)",S1B_IW_GRDH_1SDV_20200809T053449_20200809T053514_022842_02B5BB_E8F0_COG,1,True,S1B_IW_GRDH_1SDV_20200809T053449_20200809T053514_022842_02B5BB_E8F0_COG,1,S1B,2020-08-09 05:34:49.020857+00:00,2020-08-09 05:35:14.018311+00:00,descending,66,"[6.578396, 45.004963, 10.19708, 46.905582]",4,4,3,2,11
"S1B|2020-08-09 05:34:56.705410+00:00|2020-08-09 05:35:21.702883+00:00|descending|66|(6.417843, 44.545834, 10.084523, 46.448399)",S1B_IW_GRDH_1SDV_20200809T053456_20200809T053521_022842_02B5BB_D36D_COG,1,True,S1B_IW_GRDH_1SDV_20200809T053456_20200809T053521_022842_02B5BB_D36D_COG,1,S1B,2020-08-09 05:34:56.705410+00:00,2020-08-09 05:35:21.702883+00:00,descending,66,"[6.417843, 44.545834, 10.084523, 46.448399]",4,4,3,2,11
"S1B|2020-08-09 05:35:14.019807+00:00|2020-08-09 05:35:39.018760+00:00|descending|66|(6.2518, 43.505699, 9.817435, 45.402843)",S1B_IW_GRDH_1SDV_20200809T053514_20200809T053539_022842_02B5BB_D535_COG,1,True,S1B_IW_GRDH_1SDV_20200809T053514_20200809T053539_022842_02B5BB_D535_COG,1,S1B,2020-08-09 05:35:14.019807+00:00,2020-08-09 05:35:39.018760+00:00,descending,66,"[6.2518, 43.505699, 9.817435, 45.402843]",4,4,3,2,11
"S1B|2020-08-10 17:22:31.362026+00:00|2020-08-10 17:22:56.360425+00:00|ascending|88|(5.731957, 44.128559, 9.38042, 46.028309)",S1B_IW_GRDH_1SDV_20200810T172231_20200810T172256_022864_02B66E_4519_COG,1,True,S1B_IW_GRDH_1SDV_20200810T172231_20200810T172256_022864_02B66E_4519_COG,1,S1B,2020-08-10 17:22:31.362026+00:00,2020-08-10 17:22:56.360425+00:00,ascending,88,"[5.731957, 44.128559, 9.38042, 46.028309]",4,4,3,2,11
"S1B|2020-08-10 17:22:31.362027+00:00|2020-08-10 17:22:56.360425+00:00|ascending|88|(5.731957, 44.128559, 9.38042, 46.028309)",S1B_IW_GRDH_1SDV_20200810T172231_20200810T172256_022864_02B66E_03E3_COG,1,True,S1B_IW_GRDH_1SDV_20200810T172231_20200810T172256_022864_02B66E_03E3_COG,1,S1B,2020-08-10 17:22:31.362027+00:00,2020-08-10 17:22:56.360425+00:00,ascending,88,"[5.731957, 44.128559, 9.38042, 46.028309]",4,4,3,2,11
"S1B|2020-08-16 05:26:30.559497+00:00|2020-08-16 05:26:55.559015+00:00|descending|168|(8.697957, 45.308571, 12.350124, 47.21006)",S1B_IW_GRDH_1SDV_20200816T052630_20200816T052655_022944_02B8D4_53D7_COG,1,True,S1B_IW_GRDH_1SDV_20200816T052630_20200816T052655_022944_02B8D4_53D7_COG,1,S1B,2020-08-16 05:26:30.559497+00:00,2020-08-16 05:26:55.559015+00:00,descending,168,"[8.697957, 45.308571, 12.350124, 47.21006]",4,4,3,2,11
"S1B|2020-08-16 05:26:38.443375+00:00|2020-08-16 05:27:03.441904+00:00|descending|168|(8.555621, 44.835922, 12.225967, 46.74073)",S1B_IW_GRDH_1SDV_20200816T052638_20200816T052703_022944_02B8D4_F8DB_COG,1,True,S1B_IW_GRDH_1SDV_20200816T052638_20200816T052703_022944_02B8D4_F8DB_COG,1,S1B,2020-08-16 05:26:38.443375+00:00,2020-08-16 05:27:03.441904+00:00,descending,168,"[8.555621, 44.835922, 12.225967, 46.74073]",4,4,3,2,11
"S1B|2020-08-16 05:26:55.560515+00:00|2020-08-16 05:27:20.558535+00:00|descending|168|(8.363121, 43.810631, 11.964524, 45.70768)",S1B_IW_GRDH_1SDV_20200816T052655_20200816T052720_022944_02B8D4_7B93_COG,1,True,S1B_IW_GRDH_1SDV_20200816T052655_20200816T052720_022944_02B8D4_7B93_COG,1,S1B,2020-08-16 05:26:55.560515+00:00,2020-08-16 05:27:20.558535+00:00,descending,168,"[8.363121, 43.810631, 11.964524, 45.70768]",4,4,3,2,11
"S1B|2020-08-16 05:27:03.443405+00:00|2020-08-16 05:27:28.441934+00:00|descending|168|(8.225124, 43.337357, 11.833789, 45.239246)",S1B_IW_GRDH_1SDV_20200816T052703_20200816T052728_022944_02B8D4_5847_COG,1,True,S1B_IW_GRDH_1SDV_20200816T052703_20200816T052728_022944_02B8D4_5847_COG,1,S1B,2020-08-16 05:27:03.443405+00:00,2020-08-16 05:27:28.441934+00:00,descending,168,"[8.225124, 43.337357, 11.833789, 45.239246]",4,4,3,2,11
"S1B|2020-08-17 17:14:11.341772+00:00|2020-08-17 17:14:36.340385+00:00|ascending|15|(7.883979, 43.728874, 11.485027, 45.629471)",S1B_IW_GRDH_1SDV_20200817T171411_20200817T171436_022966_02B980_244C_COG,1,True,S1B_IW_GRDH_1SDV_20200817T171411_20200817T171436_022966_02B980_244C_COG,1,S1B,2020-08-17 17:14:11.341772+00:00,2020-08-17 17:14:36.340385+00:00,ascending,15,"[7.883979, 43.728874, 11.485027, 45.629471]",4,4,3,2,11
"S1B|2020-08-17 17:14:11.341773+00:00|2020-08-17 17:14:36.340387+00:00|ascending|15|(7.883979, 43.728874, 11.485026, 45.629467)",S1B_IW_GRDH_1SDV_20200817T171411_20200817T171436_022966_02B980_A106_COG,1,True,S1B_IW_GRDH_1SDV_20200817T171411_20200817T171436_022966_02B980_A106_COG,1,S1B,2020-08-17 17:14:11.341773+00:00,2020-08-17 17:14:36.340387+00:00,ascending,15,"[7.883979, 43.728874, 11.485026, 45.629467]",4,4,3,2,11
"S1B|2020-08-17 17:14:36.341916+00:00|2020-08-17 17:15:01.340532+00:00|ascending|15|(7.483584, 45.22818, 11.158292, 47.130463)",S1B_IW_GRDH_1SDV_20200817T171436_20200817T171501_022966_02B980_49DD_COG,1,True,S1B_IW_GRDH_1SDV_20200817T171436_20200817T171501_022966_02B980_49DD_COG,1,S1B,2020-08-17 17:14:36.341916+00:00,2020-08-17 17:15:01.340532+00:00,ascending,15,"[7.483584, 45.22818, 11.158292, 47.130463]",4,4,3,2,11
"S1B|2020-08-17 17:14:36.341917+00:00|2020-08-17 17:15:01.340534+00:00|ascending|15|(7.483584, 45.228176, 11.158292, 47.130459)",S1B_IW_GRDH_1SDV_20200817T171436_20200817T171501_022966_02B980_5BF5_COG,1,True,S1B_IW_GRDH_1SDV_20200817T171436_20200817T171501_022966_02B980_5BF5_COG,1,S1B,2020-08-17 17:14:36.341917+00:00,2020-08-17 17:15:01.340534+00:00,ascending,15,"[7.483584, 45.228176, 11.158292, 47.130459]",4,4,3,2,11
"S1B|2020-08-21 05:34:48.979990+00:00|2020-08-21 05:35:13.978939+00:00|descending|66|(6.585965, 45.038162, 10.209291, 46.938671)",S1B_IW_GRDH_1SDV_20200821T053448_20200821T053513_023017_02BB2F_0C20_COG,1,True,S1B_IW_GRDH_1SDV_20200821T053448_20200821T053513_023017_02BB2F_0C20_COG,1,S1B,2020-08-21 05:34:48.979990+00:00,2020-08-21 05:35:13.978939+00:00,descending,66,"[6.585965, 45.038162, 10.209291, 46.938671]",4,4,3,2,11
"S1B|2020-08-21 05:34:57.219566+00:00|2020-08-21 05:35:22.217026+00:00|descending|66|(6.41803, 44.545876, 10.084662, 46.44838)",S1B_IW_GRDH_1SDV_20200821T053457_20200821T053522_023017_02BB2F_AAF7_COG,1,True,S1B_IW_GRDH_1SDV_20200821T053457_20200821T053522_023017_02BB2F_AAF7_COG,1,S1B,2020-08-21 05:34:57.219566+00:00,2020-08-21 05:35:22.217026+00:00,descending,66,"[6.41803, 44.545876, 10.084662, 46.44838]",4,4,3,2,11
"S1B|2020-08-21 05:35:13.980436+00:00|2020-08-21 05:35:38.977885+00:00|descending|66|(6.259228, 43.539024, 9.827032, 45.435997)",S1B_IW_GRDH_1SDV_20200821T053513_20200821T053538_023017_02BB2F_3F5D_COG,1,True,S1B_IW_GRDH_1SDV_20200821T053513_20200821T053538_023017_02BB2F_3F5D_COG,1,S1B,2020-08-21 05:35:13.980436+00:00,2020-08-21 05:35:38.977885+00:00,descending,66,"[6.259228, 43.539024, 9.827032, 45.435997]",4,4,3,2,11
"S1B|2020-08-22 17:22:31.953899+00:00|2020-08-22 17:22:56.952989+00:00|ascending|88|(5.733859, 44.128685, 9.385907, 46.028824)",S1B_IW_GRDH_1SDV_20200822T172231_20200822T172256_023039_02BBEC_9F3B_COG,1,True,S1B_IW_GRDH_1SDV_20200822T172231_20200822T172256_023039_02BBEC_9F3B_COG,1,S1B,2020-08-22 17:22:31.953899+00:00,2020-08-22 17:22:56.952989+00:00,ascending,88,"[5.733859, 44.128685, 9.385907, 46.028824]",4,4,3,2,11
"S1B|2020-08-22 17:22:31.953901+00:00|2020-08-22 17:22:56.952990+00:00|ascending|88|(5.733859, 44.128685, 9.385907, 46.028824)",S1B_IW_GRDH_1SDV_20200822T172231_20200822T172256_023039_02BBEC_0E6B_COG,1,True,S1B_IW_GRDH_1SDV_20200822T172231_20200822T172256_023039_02BBEC_0E6B_COG,1,S1B,2020-08-22 17:22:31.953901+00:00,2020-08-22 17:22:56.952990+00:00,ascending,88,"[5.733859, 44.128685, 9.385907, 46.028824]",4,4,3,2,11
"S1B|2020-08-28 05:26:31.805384+00:00|2020-08-28 05:26:56.803462+00:00|descending|168|(8.692389, 45.283493, 12.346234, 47.18478)",S1B_IW_GRDH_1SDV_20200828T052631_20200828T052656_023119_02BE55_C078_COG,1,True,S1B_IW_GRDH_1SDV_20200828T052631_20200828T052656_023119_02BE55_C078_COG,1,S1B,2020-08-28 05:26:31.805384+00:00,2020-08-28 05:26:56.803462+00:00,descending,168,"[8.692389, 45.283493, 12.346234, 47.18478]",4,4,3,2,11
"S1B|2020-08-28 05:26:39.271404+00:00|2020-08-28 05:27:04.269982+00:00|descending|168|(8.555486, 44.83585, 12.225837, 46.740677)",S1B_IW_GRDH_1SDV_20200828T052639_20200828T052704_023119_02BE55_2D3B_COG,1,True,S1B_IW_GRDH_1SDV_20200828T052639_20200828T052704_023119_02BE55_2D3B_COG,1,S1B,2020-08-28 05:26:39.271404+00:00,2020-08-28 05:27:04.269982+00:00,descending,168,"[8.555486, 44.83585, 12.225837, 46.740677]",4,4,3,2,11
"S1B|2020-08-28 05:26:56.804946+00:00|2020-08-28 05:27:21.804521+00:00|descending|168|(8.359052, 43.785133, 11.957731, 45.682648)",S1B_IW_GRDH_1SDV_20200828T052656_20200828T052721_023119_02BE55_5AF3_COG,1,True,S1B_IW_GRDH_1SDV_20200828T052656_20200828T052721_023119_02BE55_5AF3_COG,1,S1B,2020-08-28 05:26:56.804946+00:00,2020-08-28 05:27:21.804521+00:00,descending,168,"[8.359052, 43.785133, 11.957731, 45.682648]",4,4,3,2,11
"S1B|2020-08-28 05:27:04.271482+00:00|2020-08-28 05:27:29.270061+00:00|descending|168|(8.224973, 43.337284, 11.833643, 45.239197)",S1B_IW_GRDH_1SDV_20200828T052704_20200828T052729_023119_02BE55_F3B8_COG,1,True,S1B_IW_GRDH_1SDV_20200828T052704_20200828T052729_023119_02BE55_F3B8_COG,1,S1B,2020-08-28 05:27:04.271482+00:00,2020-08-28 05:27:29.270061+00:00,descending,168,"[8.224973, 43.337284, 11.833643, 45.239197]",4,4,3,2,11
"S1B|2020-08-29 17:14:09.948916+00:00|2020-08-29 17:14:34.947292+00:00|ascending|15|(7.910717, 43.593723, 11.566573, 45.501793)",S1B_IW_GRDH_1SDV_20200829T171409_20200829T171434_023141_02BF02_B78B_COG,1,True,S1B_IW_GRDH_1SDV_20200829T171409_20200829T171434_023141_02BF02_B78B_COG,1,S1B,2020-08-29 17:14:09.948916+00:00,2020-08-29 17:14:34.947292+00:00,ascending,15,"[7.910717, 43.593723, 11.566573, 45.501793]",4,4,3,2,11
"S1B|2020-08-29 17:14:09.948917+00:00|2020-08-29 17:14:34.947293+00:00|ascending|15|(7.910717, 43.593723, 11.566573, 45.501793)",S1B_IW_GRDH_1SDV_20200829T171409_20200829T171434_023141_02BF02_603C_COG,1,True,S1B_IW_GRDH_1SDV_20200829T171409_20200829T171434_023141_02BF02_603C_COG,1,S1B,2020-08-29 17:14:09.948917+00:00,2020-08-29 17:14:34.947293+00:00,ascending,15,"[7.910717, 43.593723, 11.566573, 45.501793]",4,4,3,2,11
"S1B|2020-08-29 17:14:34.948809+00:00|2020-08-29 17:14:59.947186+00:00|ascending|15|(7.516579, 45.093193, 11.242543, 47.003365)",S1B_IW_GRDH_1SDV_20200829T171434_20200829T171459_023141_02BF02_9109_COG,1,True,S1B_IW_GRDH_1SDV_20200829T171434_20200829T171459_023141_02BF02_9109_COG,1,S1B,2020-08-29 17:14:34.948809+00:00,2020-08-29 17:14:59.947186+00:00,ascending,15,"[7.516579, 45.093193, 11.242543, 47.003365]",4,4,3,2,11
"S1B|2020-08-29 17:14:34.948809+00:00|2020-08-29 17:14:59.947187+00:00|ascending|15|(7.516579, 45.093189, 11.242543, 47.003365)",S1B_IW_GRDH_1SDV_20200829T171434_20200829T171459_023141_02BF02_FAC5_COG,1,True,S1B_IW_GRDH_1SDV_20200829T171434_20200829T171459_023141_02BF02_FAC5_COG,1,S1B,2020-08-29 17:14:34.948809+00:00,2020-08-29 17:14:59.947187+00:00,ascending,15,"[7.516579, 45.093189, 11.242543, 47.003365]",4,4,3,2,11
"S1B|2020-09-02 05:34:50.053137+00:00|2020-09-02 05:35:15.052079+00:00|descending|66|(6.581397, 45.018295, 10.201938, 46.918907)",S1B_IW_GRDH_1SDV_20200902T053450_20200902T053515_023192_02C0A1_65BC_COG,1,True,S1B_IW_GRDH_1SDV_20200902T053450_20200902T053515_023192_02C0A1_65BC_COG,1,S1B,2020-09-02 05:34:50.053137+00:00,2020-09-02 05:35:15.052079+00:00,descending,66,"[6.581397, 45.018295, 10.201938, 46.918907]",4,4,3,2,11
"S1B|2020-09-02 05:34:57.961328+00:00|2020-09-02 05:35:22.958783+00:00|descending|66|(6.417881, 44.545856, 10.084531, 46.448383)",S1B_IW_GRDH_1SDV_20200902T053457_20200902T053522_023192_02C0A1_694F_COG,1,True,S1B_IW_GRDH_1SDV_20200902T053457_20200902T053522_023192_02C0A1_694F_COG,1,S1B,2020-09-02 05:34:57.961328+00:00,2020-09-02 05:35:22.958783+00:00,descending,66,"[6.417881, 44.545856, 10.084531, 46.448383]",4,4,3,2,11
"S1B|2020-09-02 05:35:15.053575+00:00|2020-09-02 05:35:40.051018+00:00|descending|66|(6.254773, 43.519135, 9.821254, 45.416138)",S1B_IW_GRDH_1SDV_20200902T053515_20200902T053540_023192_02C0A1_F39C_COG,1,True,S1B_IW_GRDH_1SDV_20200902T053515_20200902T053540_023192_02C0A1_F39C_COG,1,S1B,2020-09-02 05:35:15.053575+00:00,2020-09-02 05:35:40.051018+00:00,descending,66,"[6.254773, 43.519135, 9.821254, 45.416138]",4,4,3,2,11
"S1B|2020-09-03 17:22:29.831472+00:00|2020-09-03 17:22:54.829733+00:00|ascending|88|(5.781904, 43.962734, 9.414095, 45.863331)",S1B_IW_GRDH_1SDV_20200903T172229_20200903T172254_023214_02C15A_92D5_COG,1,True,S1B_IW_GRDH_1SDV_20200903T172229_20200903T172254_023214_02C15A_92D5_COG,1,S1B,2020-09-03 17:22:29.831472+00:00,2020-09-03 17:22:54.829733+00:00,ascending,88,"[5.781904, 43.962734, 9.414095, 45.863331]",4,4,3,2,11
"S1B|2020-09-03 17:22:29.831472+00:00|2020-09-03 17:22:54.829733+00:00|ascending|88|(5.781905, 43.962734, 9.414095, 45.863331)",S1B_IW_GRDH_1SDV_20200903T172229_20200903T172254_023214_02C15A_E192_COG,1,True,S1B_IW_GRDH_1SDV_20200903T172229_20200903T172254_023214_02C15A_E192_COG,1,S1B,2020-09-03 17:22:29.831472+00:00,2020-09-03 17:22:54.829733+00:00,ascending,88,"[5.781905, 43.962734, 9.414095, 45.863331]",4,4,3,2,11
"S1B|2020-09-09 05:26:31.994607+00:00|2020-09-09 05:26:56.992823+00:00|descending|168|(8.696067, 45.298477, 12.349134, 47.199879)",S1B_IW_GRDH_1SDV_20200909T052631_20200909T052656_023294_02C3D5_8DB2_COG,1,True,S1B_IW_GRDH_1SDV_20200909T052631_20200909T052656_023294_02C3D5_8DB2_COG,1,S1B,2020-09-09 05:26:31.994607+00:00,2020-09-09 05:26:56.992823+00:00,descending,168,"[8.696067, 45.298477, 12.349134, 47.199879]",4,4,3,2,11
"S1B|2020-09-09 05:26:39.708880+00:00|2020-09-09 05:27:04.707594+00:00|descending|168|(8.555868, 44.835934, 12.22648, 46.740795)",S1B_IW_GRDH_1SDV_20200909T052639_20200909T052704_023294_02C3D5_001A_COG,1,True,S1B_IW_GRDH_1SDV_20200909T052639_20200909T052704_023294_02C3D5_001A_COG,1,S1B,2020-09-09 05:26:39.708880+00:00,2020-09-09 05:27:04.707594+00:00,descending,168,"[8.555868, 44.835934, 12.22648, 46.740795]",4,4,3,2,11
"S1B|2020-09-09 05:26:56.994309+00:00|2020-09-09 05:27:21.994024+00:00|descending|168|(8.361779, 43.800316, 11.962338, 45.697659)",S1B_IW_GRDH_1SDV_20200909T052656_20200909T052721_023294_02C3D5_7033_COG,1,True,S1B_IW_GRDH_1SDV_20200909T052656_20200909T052721_023294_02C3D5_7033_COG,1,S1B,2020-09-09 05:26:56.994309+00:00,2020-09-09 05:27:21.994024+00:00,descending,168,"[8.361779, 43.800316, 11.962338, 45.697659]",4,4,3,2,11
"S1B|2020-09-09 05:27:04.709095+00:00|2020-09-09 05:27:29.707809+00:00|descending|168|(8.22535, 43.337368, 11.83428, 45.239315)",S1B_IW_GRDH_1SDV_20200909T052704_20200909T052729_023294_02C3D5_5A18_COG,1,True,S1B_IW_GRDH_1SDV_20200909T052704_20200909T052729_023294_02C3D5_5A18_COG,1,S1B,2020-09-09 05:27:04.709095+00:00,2020-09-09 05:27:29.707809+00:00,descending,168,"[8.22535, 43.337368, 11.83428, 45.239315]",4,4,3,2,11
"S1B|2020-09-10 17:14:10.401926+00:00|2020-09-10 17:14:35.400302+00:00|ascending|15|(7.910094, 43.593754, 11.566106, 45.501862)",S1B_IW_GRDH_1SDV_20200910T171410_20200910T171435_023316_02C47B_6614_COG,1,True,S1B_IW_GRDH_1SDV_20200910T171410_20200910T171435_023316_02C47B_6614_COG,2,S1B,2020-09-10 17:14:10.401926+00:00,2020-09-10 17:14:35.400302+00:00,ascending,15,"[7.910094, 43.593754, 11.566106, 45.501862]",4,4,3,2,11
"S1B|2020-09-10 17:14:10.401926+00:00|2020-09-10 17:14:35.400302+00:00|ascending|15|(7.910094, 43.593754, 11.566106, 45.501862)",S1B_IW_GRDH_1SDV_20200910T171410_20200910T171435_023316_02C47B_7534_COG,2,False,S1B_IW_GRDH_1SDV_20200910T171410_20200910T171435_023316_02C47B_6614_COG,2,S1B,2020-09-10 17:14:10.401926+00:00,2020-09-10 17:14:35.400302+00:00,ascending,15,"[7.910094, 43.593754, 11.566106, 45.501862]",4,4,3,2,11
"S1B|2020-09-10 17:14:35.401800+00:00|2020-09-10 17:15:00.400176+00:00|ascending|15|(7.515918, 45.093216, 11.242043, 47.003426)",S1B_IW_GRDH_1SDV_20200910T171435_20200910T171500_023316_02C47B_3035_COG,1,True,S1B_IW_GRDH_1SDV_20200910T171435_20200910T171500_023316_02C47B_3035_COG,2,S1B,2020-09-10 17:14:35.401800+00:00,2020-09-10 17:15:00.400176+00:00,ascending,15,"[7.515918, 45.093216, 11.242043, 47.003426]",4,4,3,2,11
"S1B|2020-09-10 17:14:35.401800+00:00|2020-09-10 17:15:00.400176+00:00|ascending|15|(7.515918, 45.093216, 11.242043, 47.003426)",S1B_IW_GRDH_1SDV_20200910T171435_20200910T171500_023316_02C47B_C97F_COG,2,False,S1B_IW_GRDH_1SDV_20200910T171435_20200910T171500_023316_02C47B_3035_COG,2,S1B,2020-09-10 17:14:35.401800+00:00,2020-09-10 17:15:00.400176+00:00,ascending,15,"[7.515918, 45.093216, 11.242043, 47.003426]",4,4,3,2,11
"S1B|2020-09-14 05:34:51.032214+00:00|2020-09-14 05:35:16.031313+00:00|descending|66|(6.57493, 44.99081, 10.192313, 46.89175)",S1B_IW_GRDH_1SDV_20200914T053451_20200914T053516_023367_02C61E_B930_COG,1,True,S1B_IW_GRDH_1SDV_20200914T053451_20200914T053516_023367_02C61E_B930_COG,1,S1B,2020-09-14 05:34:51.032214+00:00,2020-09-14 05:35:16.031313+00:00,descending,66,"[6.57493, 44.99081, 10.192313, 46.89175]",4,4,3,2,11
"S1B|2020-09-14 05:34:58.480310+00:00|2020-09-14 05:35:23.477923+00:00|descending|66|(6.417871, 44.545929, 10.084805, 46.448521)",S1B_IW_GRDH_1SDV_20200914T053458_20200914T053523_023367_02C61E_DF05_COG,1,True,S1B_IW_GRDH_1SDV_20200914T053458_20200914T053523_023367_02C61E_DF05_COG,1,S1B,2020-09-14 05:34:58.480310+00:00,2020-09-14 05:35:23.477923+00:00,descending,66,"[6.417871, 44.545929, 10.084805, 46.448521]",4,4,3,2,11
"S1B|2020-09-14 05:35:16.032810+00:00|2020-09-14 05:35:41.030410+00:00|descending|66|(6.248671, 43.491608, 9.813623, 45.388744)",S1B_IW_GRDH_1SDV_20200914T053516_20200914T053541_023367_02C61E_9970_COG,1,True,S1B_IW_GRDH_1SDV_20200914T053516_20200914T053541_023367_02C61E_9970_COG,1,S1B,2020-09-14 05:35:16.032810+00:00,2020-09-14 05:35:41.030410+00:00,descending,66,"[6.248671, 43.491608, 9.813623, 45.388744]",4,4,3,2,11
"S1B|2020-09-15 17:22:30.310247+00:00|2020-09-15 17:22:55.308615+00:00|ascending|88|(5.780615, 43.962593, 9.41297, 45.863243)",S1B_IW_GRDH_1SDV_20200915T172230_20200915T172255_023389_02C6DE_4A62_COG,1,True,S1B_IW_GRDH_1SDV_20200915T172230_20200915T172255_023389_02C6DE_4A62_COG,1,S1B,2020-09-15 17:22:30.310247+00:00,2020-09-15 17:22:55.308615+00:00,ascending,88,"[5.780615, 43.962593, 9.41297, 45.863243]",4,4,3,2,11
"S1B|2020-09-15 17:22:30.310248+00:00|2020-09-15 17:22:55.308616+00:00|ascending|88|(5.780616, 43.962593, 9.41297, 45.863243)",S1B_IW_GRDH_1SDV_20200915T172230_20200915T172255_023389_02C6DE_B67B_COG,1,True,S1B_IW_GRDH_1SDV_20200915T172230_20200915T172255_023389_02C6DE_B67B_COG,1,S1B,2020-09-15 17:22:30.310248+00:00,2020-09-15 17:22:55.308616+00:00,ascending,88,"[5.780616, 43.962593, 9.41297, 45.863243]",4,4,3,2,11
"S1B|2020-09-21 05:26:40.060016+00:00|2020-09-21 05:27:05.057266+00:00|descending|168|(8.555798, 44.83606, 12.226506, 46.740826)",S1B_IW_GRDH_1SDV_20200921T052640_20200921T052705_023469_02C94E_9718_COG,1,True,S1B_IW_GRDH_1SDV_20200921T052640_20200921T052705_023469_02C94E_9718_COG,1,S1B,2020-09-21 05:26:40.060016+00:00,2020-09-21 05:27:05.057266+00:00,descending,168,"[8.555798, 44.83606, 12.226506, 46.740826]",4,4,3,2,11
"S1B|2020-09-21 05:26:40.060017+00:00|2020-09-21 05:27:05.057267+00:00|descending|168|(8.555798, 44.83606, 12.226506, 46.740826)",S1B_IW_GRDH_1SDV_20200921T052640_20200921T052705_023469_02C94E_43C1_COG,1,True,S1B_IW_GRDH_1SDV_20200921T052640_20200921T052705_023469_02C94E_43C1_COG,1,S1B,2020-09-21 05:26:40.060017+00:00,2020-09-21 05:27:05.057267+00:00,descending,168,"[8.555798, 44.83606, 12.226506, 46.740826]",4,4,3,2,11
"S1B|2020-09-21 05:27:05.060242+00:00|2020-09-21 05:27:30.057490+00:00|descending|168|(8.225422, 43.337494, 11.834324, 45.23933)",S1B_IW_GRDH_1SDV_20200921T052705_20200921T052730_023469_02C94E_3476_COG,1,True,S1B_IW_GRDH_1SDV_20200921T052705_20200921T052730_023469_02C94E_3476_COG,1,S1B,2020-09-21 05:27:05.060242+00:00,2020-09-21 05:27:30.057490+00:00,descending,168,"[8.225422, 43.337494, 11.834324, 45.23933]",4,4,3,2,11
"S1B|2020-09-21 05:27:05.060242+00:00|2020-09-21 05:27:30.057491+00:00|descending|168|(8.225422, 43.337494, 11.834324, 45.23933)",S1B_IW_GRDH_1SDV_20200921T052705_20200921T052730_023469_02C94E_144A_COG,1,True,S1B_IW_GRDH_1SDV_20200921T052705_20200921T052730_023469_02C94E_144A_COG,1,S1B,2020-09-21 05:27:05.060242+00:00,2020-09-21 05:27:30.057491+00:00,descending,168,"[8.225422, 43.337494, 11.834324, 45.23933]",4,4,3,2,11
"S1B|2020-09-22 17:14:10.732944+00:00|2020-09-22 17:14:35.731387+00:00|ascending|15|(7.910366, 43.593655, 11.566497, 45.50177)",S1B_IW_GRDH_1SDV_20200922T171410_20200922T171435_023491_02C9F9_57F4_COG,1,True,S1B_IW_GRDH_1SDV_20200922T171410_20200922T171435_023491_02C9F9_57F4_COG,1,S1B,2020-09-22 17:14:10.732944+00:00,2020-09-22 17:14:35.731387+00:00,ascending,15,"[7.910366, 43.593655, 11.566497, 45.50177]",4,4,3,2,11
"S1B|2020-09-22 17:14:10.732944+00:00|2020-09-22 17:14:35.731388+00:00|ascending|15|(7.910366, 43.593655, 11.566497, 45.50177)",S1B_IW_GRDH_1SDV_20200922T171410_20200922T171435_023491_02C9F9_37B3_COG,1,True,S1B_IW_GRDH_1SDV_20200922T171410_20200922T171435_023491_02C9F9_37B3_COG,1,S1B,2020-09-22 17:14:10.732944+00:00,2020-09-22 17:14:35.731388+00:00,ascending,15,"[7.910366, 43.593655, 11.566497, 45.50177]",4,4,3,2,11
"S1B|2020-09-22 17:14:35.732885+00:00|2020-09-22 17:15:00.731329+00:00|ascending|15|(7.516191, 45.093117, 11.242309, 47.003326)",S1B_IW_GRDH_1SDV_20200922T171435_20200922T171500_023491_02C9F9_2F65_COG,1,True,S1B_IW_GRDH_1SDV_20200922T171435_20200922T171500_023491_02C9F9_2F65_COG,2,S1B,2020-09-22 17:14:35.732885+00:00,2020-09-22 17:15:00.731329+00:00,ascending,15,"[7.516191, 45.093117, 11.242309, 47.003326]",4,4,3,2,11
"S1B|2020-09-22 17:14:35.732885+00:00|2020-09-22 17:15:00.731329+00:00|ascending|15|(7.516191, 45.093117, 11.242309, 47.003326)",S1B_IW_GRDH_1SDV_20200922T171435_20200922T171500_023491_02C9F9_4B7A_COG,2,False,S1B_IW_GRDH_1SDV_20200922T171435_20200922T171500_023491_02C9F9_2F65_COG,2,S1B,2020-09-22 17:14:35.732885+00:00,2020-09-22 17:15:00.731329+00:00,ascending,15,"[7.516191, 45.093117, 11.242309, 47.003326]",4,4,3,2,11
"S1B|2020-09-26 05:34:50.862211+00:00|2020-09-26 05:35:15.859862+00:00|descending|66|(6.582378, 45.019569, 10.203391, 46.920181)",S1B_IW_GRDH_1SDV_20200926T053450_20200926T053515_023542_02CB9A_7C68_COG,1,True,S1B_IW_GRDH_1SDV_20200926T053450_20200926T053515_023542_02CB9A_7C68_COG,1,S1B,2020-09-26 05:34:50.862211+00:00,2020-09-26 05:35:15.859862+00:00,descending,66,"[6.582378, 45.019569, 10.203391, 46.920181]",4,4,3,2,11
"S1B|2020-09-26 05:34:58.788253+00:00|2020-09-26 05:35:23.787425+00:00|descending|66|(6.418448, 44.545891, 10.085307, 46.448639)",S1B_IW_GRDH_1SDV_20200926T053458_20200926T053523_023542_02CB9A_07E0_COG,1,True,S1B_IW_GRDH_1SDV_20200926T053458_20200926T053523_023542_02CB9A_07E0_COG,1,S1B,2020-09-26 05:34:58.788253+00:00,2020-09-26 05:35:23.787425+00:00,descending,66,"[6.418448, 44.545891, 10.085307, 46.448639]",4,4,3,2,11
"S1B|2020-09-26 05:35:15.861360+00:00|2020-09-26 05:35:40.860510+00:00|descending|66|(6.255657, 43.520329, 9.822547, 45.417515)",S1B_IW_GRDH_1SDV_20200926T053515_20200926T053540_023542_02CB9A_4485_COG,1,True,S1B_IW_GRDH_1SDV_20200926T053515_20200926T053540_023542_02CB9A_4485_COG,1,S1B,2020-09-26 05:35:15.861360+00:00,2020-09-26 05:35:40.860510+00:00,descending,66,"[6.255657, 43.520329, 9.822547, 45.417515]",4,4,3,2,11
"S1B|2020-09-27 17:22:30.601031+00:00|2020-09-27 17:22:55.599470+00:00|ascending|88|(5.779886, 43.962399, 9.411914, 45.863167)",S1B_IW_GRDH_1SDV_20200927T172230_20200927T172255_023564_02CC5D_EDD1_COG,1,True,S1B_IW_GRDH_1SDV_20200927T172230_20200927T172255_023564_02CC5D_EDD1_COG,1,S1B,2020-09-27 17:22:30.601031+00:00,2020-09-27 17:22:55.599470+00:00,ascending,88,"[5.779886, 43.962399, 9.411914, 45.863167]",4,4,3,2,11
"S1B|2020-09-27 17:22:30.601033+00:00|2020-09-27 17:22:55.599473+00:00|ascending|88|(5.779885, 43.962399, 9.411914, 45.863167)",S1B_IW_GRDH_1SDV_20200927T172230_20200927T172255_023564_02CC5D_5392_COG,1,True,S1B_IW_GRDH_1SDV_20200927T172230_20200927T172255_023564_02CC5D_5392_COG,1,S1B,2020-09-27 17:22:30.601033+00:00,2020-09-27 17:22:55.599473+00:00,ascending,88,"[5.779885, 43.962399, 9.411914, 45.863167]",4,4,3,2,11
"S1B|2021-04-01 05:26:48.794862+00:00|2021-04-01 05:27:13.792278+00:00|descending|168|(8.436882, 44.116604, 12.040944, 46.011642)",S1B_IW_GRDH_1SDV_20210401T052648_20210401T052713_026269_032297_1EA0_COG,1,True,S1B_IW_GRDH_1SDV_20210401T052648_20210401T052713_026269_032297_1EA0_COG,1,S1B,2021-04-01 05:26:48.794862+00:00,2021-04-01 05:27:13.792278+00:00,descending,168,"[8.436882, 44.116604, 12.040944, 46.011642]",4,4,3,2,11
"S1B|2021-04-02 17:14:07.495875+00:00|2021-04-02 17:14:32.494428+00:00|ascending|15|(7.911027, 43.593239, 11.56712, 45.501373)",S1B_IW_GRDH_1SDV_20210402T171407_20210402T171432_026291_032349_51FF_COG,1,True,S1B_IW_GRDH_1SDV_20210402T171407_20210402T171432_026291_032349_51FF_COG,1,S1B,2021-04-02 17:14:07.495875+00:00,2021-04-02 17:14:32.494428+00:00,ascending,15,"[7.911027, 43.593239, 11.56712, 45.501373]",4,4,3,2,11
"S1B|2021-04-02 17:14:32.495926+00:00|2021-04-02 17:14:57.494479+00:00|ascending|15|(7.51687, 45.092701, 11.243069, 47.002941)",S1B_IW_GRDH_1SDV_20210402T171432_20210402T171457_026291_032349_D8BC_COG,1,True,S1B_IW_GRDH_1SDV_20210402T171432_20210402T171457_026291_032349_D8BC_COG,1,S1B,2021-04-02 17:14:32.495926+00:00,2021-04-02 17:14:57.494479+00:00,ascending,15,"[7.51687, 45.092701, 11.243069, 47.002941]",4,4,3,2,11
"S1B|2021-04-06 05:34:56.701012+00:00|2021-04-06 05:35:21.699590+00:00|descending|66|(6.450986, 44.485897, 10.06826, 46.383114)",S1B_IW_GRDH_1SDV_20210406T053456_20210406T053521_026342_0324FC_13AA_COG,1,True,S1B_IW_GRDH_1SDV_20210406T053456_20210406T053521_026342_0324FC_13AA_COG,1,S1B,2021-04-06 05:34:56.701012+00:00,2021-04-06 05:35:21.699590+00:00,descending,66,"[6.450986, 44.485897, 10.06826, 46.383114]",4,4,3,2,11
"S1B|2021-04-07 17:22:19.122535+00:00|2021-04-07 17:22:44.120515+00:00|ascending|88|(5.938838, 43.451748, 9.542184, 45.363106)",S1B_IW_GRDH_1SDV_20210407T172219_20210407T172244_026364_0325B3_1DD7_COG,1,True,S1B_IW_GRDH_1SDV_20210407T172219_20210407T172244_026364_0325B3_1DD7_COG,1,S1B,2021-04-07 17:22:19.122535+00:00,2021-04-07 17:22:44.120515+00:00,ascending,88,"[5.938838, 43.451748, 9.542184, 45.363106]",4,4,3,2,11
"S1B|2021-04-07 17:22:44.122029+00:00|2021-04-07 17:23:09.120010+00:00|ascending|88|(5.485826, 44.956528, 9.25646, 46.858418)",S1B_IW_GRDH_1SDV_20210407T172244_20210407T172309_026364_0325B3_9FC3_COG,1,True,S1B_IW_GRDH_1SDV_20210407T172244_20210407T172309_026364_0325B3_9FC3_COG,1,S1B,2021-04-07 17:22:44.122029+00:00,2021-04-07 17:23:09.120010+00:00,ascending,88,"[5.485826, 44.956528, 9.25646, 46.858418]",4,4,3,2,11
"S1B|2021-04-13 05:26:49.285116+00:00|2021-04-13 05:27:14.282530+00:00|descending|168|(8.436021, 44.116585, 12.039565, 46.011654)",S1B_IW_GRDH_1SDV_20210413T052649_20210413T052714_026444_032830_433F_COG,1,True,S1B_IW_GRDH_1SDV_20210413T052649_20210413T052714_026444_032830_433F_COG,1,S1B,2021-04-13 05:26:49.285116+00:00,2021-04-13 05:27:14.282530+00:00,descending,168,"[8.436021, 44.116585, 12.039565, 46.011654]",4,4,3,2,11
"S1B|2021-04-14 17:14:07.875840+00:00|2021-04-14 17:14:32.874219+00:00|ascending|15|(7.911995, 43.593533, 11.567833, 45.501598)",S1B_IW_GRDH_1SDV_20210414T171407_20210414T171432_026466_0328DE_1E2F_COG,1,True,S1B_IW_GRDH_1SDV_20210414T171407_20210414T171432_026466_0328DE_1E2F_COG,1,S1B,2021-04-14 17:14:07.875840+00:00,2021-04-14 17:14:32.874219+00:00,ascending,15,"[7.911995, 43.593533, 11.567833, 45.501598]",4,4,3,2,11
"S1B|2021-04-14 17:14:32.875716+00:00|2021-04-14 17:14:57.874095+00:00|ascending|15|(7.51787, 45.093002, 11.243812, 47.003166)",S1B_IW_GRDH_1SDV_20210414T171432_20210414T171457_026466_0328DE_A38A_COG,1,True,S1B_IW_GRDH_1SDV_20210414T171432_20210414T171457_026466_0328DE_A38A_COG,1,S1B,2021-04-14 17:14:32.875716+00:00,2021-04-14 17:14:57.874095+00:00,ascending,15,"[7.51787, 45.093002, 11.243812, 47.003166]",4,4,3,2,11
"S1B|2021-04-18 05:34:57.151130+00:00|2021-04-18 05:35:22.149815+00:00|descending|66|(6.452075, 44.485882, 10.069372, 46.383133)",S1B_IW_GRDH_1SDV_20210418T053457_20210418T053522_026517_032A8E_F0E4_COG,1,True,S1B_IW_GRDH_1SDV_20210418T053457_20210418T053522_026517_032A8E_F0E4_COG,1,S1B,2021-04-18 05:34:57.151130+00:00,2021-04-18 05:35:22.149815+00:00,descending,66,"[6.452075, 44.485882, 10.069372, 46.383133]",4,4,3,2,11
"S1B|2021-04-19 17:22:19.622009+00:00|2021-04-19 17:22:44.619865+00:00|ascending|88|(5.938621, 43.451881, 9.541894, 45.36327)",S1B_IW_GRDH_1SDV_20210419T172219_20210419T172244_026539_032B51_9471_COG,1,True,S1B_IW_GRDH_1SDV_20210419T172219_20210419T172244_026539_032B51_9471_COG,1,S1B,2021-04-19 17:22:19.622009+00:00,2021-04-19 17:22:44.619865+00:00,ascending,88,"[5.938621, 43.451881, 9.541894, 45.36327]",4,4,3,2,11
"S1B|2021-04-19 17:22:44.621372+00:00|2021-04-19 17:23:09.620727+00:00|ascending|88|(5.485531, 44.956654, 9.25598, 46.858654)",S1B_IW_GRDH_1SDV_20210419T172244_20210419T172309_026539_032B51_F578_COG,1,True,S1B_IW_GRDH_1SDV_20210419T172244_20210419T172309_026539_032B51_F578_COG,1,S1B,2021-04-19 17:22:44.621372+00:00,2021-04-19 17:23:09.620727+00:00,ascending,88,"[5.485531, 44.956654, 9.25598, 46.858654]",4,4,3,2,11
"S1B|2021-04-25 05:26:49.954496+00:00|2021-04-25 05:27:14.951899+00:00|descending|168|(8.434803, 44.116653, 12.038439, 46.011642)",S1B_IW_GRDH_1SDV_20210425T052649_20210425T052714_026619_032DCD_3F7D_COG,1,True,S1B_IW_GRDH_1SDV_20210425T052649_20210425T052714_026619_032DCD_3F7D_COG,1,S1B,2021-04-25 05:26:49.954496+00:00,2021-04-25 05:27:14.951899+00:00,descending,168,"[8.434803, 44.116653, 12.038439, 46.011642]",4,4,3,2,11
"S1B|2021-04-26 17:14:08.566949+00:00|2021-04-26 17:14:33.565303+00:00|ascending|15|(7.912397, 43.593582, 11.568192, 45.501587)",S1B_IW_GRDH_1SDV_20210426T171408_20210426T171433_026641_032E79_BAD9_COG,1,True,S1B_IW_GRDH_1SDV_20210426T171408_20210426T171433_026641_032E79_BAD9_COG,1,S1B,2021-04-26 17:14:08.566949+00:00,2021-04-26 17:14:33.565303+00:00,ascending,15,"[7.912397, 43.593582, 11.568192, 45.501587]",4,4,3,2,11
"S1B|2021-04-26 17:14:33.566801+00:00|2021-04-26 17:14:58.565155+00:00|ascending|15|(7.518336, 45.093056, 11.244231, 47.003159)",S1B_IW_GRDH_1SDV_20210426T171433_20210426T171458_026641_032E79_5D66_COG,1,True,S1B_IW_GRDH_1SDV_20210426T171433_20210426T171458_026641_032E79_5D66_COG,1,S1B,2021-04-26 17:14:33.566801+00:00,2021-04-26 17:14:58.565155+00:00,ascending,15,"[7.518336, 45.093056, 11.244231, 47.003159]",4,4,3,2,11
"S1B|2021-04-30 05:34:57.604586+00:00|2021-04-30 05:35:22.601748+00:00|descending|66|(6.451172, 44.485962, 10.068396, 46.383064)",S1B_IW_GRDH_1SDV_20210430T053457_20210430T053522_026692_033029_F3B7_COG,1,True,S1B_IW_GRDH_1SDV_20210430T053457_20210430T053522_026692_033029_F3B7_COG,1,S1B,2021-04-30 05:34:57.604586+00:00,2021-04-30 05:35:22.601748+00:00,descending,66,"[6.451172, 44.485962, 10.068396, 46.383064]",4,4,3,2,11
"S1B|2021-05-01 17:22:20.045385+00:00|2021-05-01 17:22:45.043220+00:00|ascending|88|(5.940001, 43.451935, 9.543236, 45.363274)",S1B_IW_GRDH_1SDV_20210501T172220_20210501T172245_026714_0330EA_A2BE_COG,1,True,S1B_IW_GRDH_1SDV_20210501T172220_20210501T172245_026714_0330EA_A2BE_COG,1,S1B,2021-05-01 17:22:20.045385+00:00,2021-05-01 17:22:45.043220+00:00,ascending,88,"[5.940001, 43.451935, 9.543236, 45.363274]",4,4,3,2,11
"S1B|2021-05-01 17:22:45.044719+00:00|2021-05-01 17:23:10.044052+00:00|ascending|88|(5.486969, 44.956711, 9.257381, 46.858662)",S1B_IW_GRDH_1SDV_20210501T172245_20210501T172310_026714_0330EA_2838_COG,1,True,S1B_IW_GRDH_1SDV_20210501T172245_20210501T172310_026714_0330EA_2838_COG,1,S1B,2021-05-01 17:22:45.044719+00:00,2021-05-01 17:23:10.044052+00:00,ascending,88,"[5.486969, 44.956711, 9.257381, 46.858662]",4,4,3,2,11
"S1B|2021-05-07 05:26:50.438509+00:00|2021-05-07 05:27:15.437521+00:00|descending|168|(8.4364, 44.116497, 12.039948, 46.011684)",S1B_IW_GRDH_1SDV_20210507T052650_20210507T052715_026794_033365_6B15_COG,1,True,S1B_IW_GRDH_1SDV_20210507T052650_20210507T052715_026794_033365_6B15_COG,1,S1B,2021-05-07 05:26:50.438509+00:00,2021-05-07 05:27:15.437521+00:00,descending,168,"[8.4364, 44.116497, 12.039948, 46.011684]",4,4,3,2,11
"S1B|2021-05-08 17:14:09.165326+00:00|2021-05-08 17:14:34.163632+00:00|ascending|15|(7.911549, 43.593605, 11.567378, 45.501644)",S1B_IW_GRDH_1SDV_20210508T171409_20210508T171434_026816_033416_E75D_COG,1,True,S1B_IW_GRDH_1SDV_20210508T171409_20210508T171434_026816_033416_E75D_COG,1,S1B,2021-05-08 17:14:09.165326+00:00,2021-05-08 17:14:34.163632+00:00,ascending,15,"[7.911549, 43.593605, 11.567378, 45.501644]",4,4,3,2,11
"S1B|2021-05-08 17:14:34.165130+00:00|2021-05-08 17:14:59.164934+00:00|ascending|15|(7.517418, 45.093075, 11.24325, 47.003288)",S1B_IW_GRDH_1SDV_20210508T171434_20210508T171459_026816_033416_3385_COG,1,True,S1B_IW_GRDH_1SDV_20210508T171434_20210508T171459_026816_033416_3385_COG,1,S1B,2021-05-08 17:14:34.165130+00:00,2021-05-08 17:14:59.164934+00:00,ascending,15,"[7.517418, 45.093075, 11.24325, 47.003288]",4,4,3,2,11
"S1B|2021-05-12 05:34:58.380809+00:00|2021-05-12 05:35:23.379506+00:00|descending|66|(6.449481, 44.485954, 10.066804, 46.383148)",S1B_IW_GRDH_1SDV_20210512T053458_20210512T053523_026867_0335B6_7E1D_COG,1,True,S1B_IW_GRDH_1SDV_20210512T053458_20210512T053523_026867_0335B6_7E1D_COG,1,S1B,2021-05-12 05:34:58.380809+00:00,2021-05-12 05:35:23.379506+00:00,descending,66,"[6.449481, 44.485954, 10.066804, 46.383148]",4,4,3,2,11
"S1B|2021-05-13 17:22:20.815609+00:00|2021-05-13 17:22:45.813458+00:00|ascending|88|(5.93921, 43.451977, 9.542431, 45.363285)",S1B_IW_GRDH_1SDV_20210513T172220_20210513T172245_026889_033668_86EB_COG,1,True,S1B_IW_GRDH_1SDV_20210513T172220_20210513T172245_026889_033668_86EB_COG,1,S1B,2021-05-13 17:22:20.815609+00:00,2021-05-13 17:22:45.813458+00:00,ascending,88,"[5.93921, 43.451977, 9.542431, 45.363285]",4,4,3,2,11
"S1B|2021-05-13 17:22:45.814957+00:00|2021-05-13 17:23:10.814305+00:00|ascending|88|(5.486201, 44.956753, 9.256599, 46.858673)",S1B_IW_GRDH_1SDV_20210513T172245_20210513T172310_026889_033668_BD2A_COG,1,True,S1B_IW_GRDH_1SDV_20210513T172245_20210513T172310_026889_033668_BD2A_COG,1,S1B,2021-05-13 17:22:45.814957+00:00,2021-05-13 17:23:10.814305+00:00,ascending,88,"[5.486201, 44.956753, 9.256599, 46.858673]",4,4,3,2,11
"S1B|2021-05-19 05:26:51.061392+00:00|2021-05-19 05:27:16.058809+00:00|descending|168|(8.436223, 44.116547, 12.039659, 46.01162)",S1B_IW_GRDH_1SDV_20210519T052651_20210519T052716_026969_0338DC_BAD9_COG,1,True,S1B_IW_GRDH_1SDV_20210519T052651_20210519T052716_026969_0338DC_BAD9_COG,1,S1B,2021-05-19 05:26:51.061392+00:00,2021-05-19 05:27:16.058809+00:00,descending,168,"[8.436223, 44.116547, 12.039659, 46.01162]",4,4,3,2,11
"S1B|2021-05-20 17:14:09.747621+00:00|2021-05-20 17:14:34.745901+00:00|ascending|15|(7.910718, 43.593651, 11.566593, 45.501747)",S1B_IW_GRDH_1SDV_20210520T171409_20210520T171434_026991_03397F_B00F_COG,1,True,S1B_IW_GRDH_1SDV_20210520T171409_20210520T171434_026991_03397F_B00F_COG,1,S1B,2021-05-20 17:14:09.747621+00:00,2021-05-20 17:14:34.745901+00:00,ascending,15,"[7.910718, 43.593651, 11.566593, 45.501747]",4,4,3,2,11
"S1B|2021-05-20 17:14:34.747398+00:00|2021-05-20 17:14:59.745677+00:00|ascending|15|(7.516552, 45.093113, 11.242407, 47.0033)",S1B_IW_GRDH_1SDV_20210520T171434_20210520T171459_026991_03397F_F48C_COG,1,True,S1B_IW_GRDH_1SDV_20210520T171434_20210520T171459_026991_03397F_F48C_COG,1,S1B,2021-05-20 17:14:34.747398+00:00,2021-05-20 17:14:59.745677+00:00,ascending,15,"[7.516552, 45.093113, 11.242407, 47.0033]",4,4,3,2,11
"S1B|2021-05-24 05:34:57.912900+00:00|2021-05-24 05:35:22.910369+00:00|descending|66|(6.417264, 44.546089, 10.083921, 46.448605)",S1B_IW_GRDH_1SDV_20210524T053457_20210524T053522_027042_033B10_2F66_COG,1,True,S1B_IW_GRDH_1SDV_20210524T053457_20210524T053522_027042_033B10_2F66_COG,1,S1B,2021-05-24 05:34:57.912900+00:00,2021-05-24 05:35:22.910369+00:00,descending,66,"[6.417264, 44.546089, 10.083921, 46.448605]",4,4,3,2,11
"S1B|2021-05-25 17:22:21.326866+00:00|2021-05-25 17:22:46.326133+00:00|ascending|88|(5.940094, 43.452045, 9.543212, 45.363415)",S1B_IW_GRDH_1SDV_20210525T172221_20210525T172246_027064_033BC2_BC3E_COG,1,True,S1B_IW_GRDH_1SDV_20210525T172221_20210525T172246_027064_033BC2_BC3E_COG,1,S1B,2021-05-25 17:22:21.326866+00:00,2021-05-25 17:22:46.326133+00:00,ascending,88,"[5.940094, 43.452045, 9.543212, 45.363415]",4,4,3,2,11
"S1B|2021-05-25 17:22:46.327665+00:00|2021-05-25 17:23:11.325436+00:00|ascending|88|(5.487123, 44.956913, 9.257496, 46.858727)",S1B_IW_GRDH_1SDV_20210525T172246_20210525T172311_027064_033BC2_00F9_COG,1,True,S1B_IW_GRDH_1SDV_20210525T172246_20210525T172311_027064_033BC2_00F9_COG,1,S1B,2021-05-25 17:22:46.327665+00:00,2021-05-25 17:23:11.325436+00:00,ascending,88,"[5.487123, 44.956913, 9.257496, 46.858727]",4,4,3,2,11
"S1B|2021-05-31 05:26:39.757224+00:00|2021-05-31 05:27:04.755844+00:00|descending|168|(8.556047, 44.836105, 12.226522, 46.740921)",S1B_IW_GRDH_1SDV_20210531T052639_20210531T052704_027144_033E10_D6EE_COG,1,True,S1B_IW_GRDH_1SDV_20210531T052639_20210531T052704_027144_033E10_D6EE_COG,1,S1B,2021-05-31 05:26:39.757224+00:00,2021-05-31 05:27:04.755844+00:00,descending,168,"[8.556047, 44.836105, 12.226522, 46.740921]",4,4,3,2,11
"S1B|2021-05-31 05:27:04.757294+00:00|2021-05-31 05:27:29.755911+00:00|descending|168|(8.225681, 43.337543, 11.834352, 45.239429)",S1B_IW_GRDH_1SDV_20210531T052704_20210531T052729_027144_033E10_9647_COG,1,True,S1B_IW_GRDH_1SDV_20210531T052704_20210531T052729_027144_033E10_9647_COG,1,S1B,2021-05-31 05:27:04.757294+00:00,2021-05-31 05:27:29.755911+00:00,descending,168,"[8.225681, 43.337543, 11.834352, 45.239429]",4,4,3,2,11
"S1B|2021-06-01 17:14:10.491310+00:00|2021-06-01 17:14:35.489653+00:00|ascending|15|(7.911298, 43.593575, 11.567146, 45.50164)",S1B_IW_GRDH_1SDV_20210601T171410_20210601T171435_027166_033EB1_3369_COG,1,True,S1B_IW_GRDH_1SDV_20210601T171410_20210601T171435_027166_033EB1_3369_COG,1,S1B,2021-06-01 17:14:10.491310+00:00,2021-06-01 17:14:35.489653+00:00,ascending,15,"[7.911298, 43.593575, 11.567146, 45.50164]",4,4,3,2,11
"S1B|2021-06-01 17:14:35.491150+00:00|2021-06-01 17:15:00.489492+00:00|ascending|15|(7.517164, 45.09304, 11.243115, 47.003208)",S1B_IW_GRDH_1SDV_20210601T171435_20210601T171500_027166_033EB1_20B4_COG,1,True,S1B_IW_GRDH_1SDV_20210601T171435_20210601T171500_027166_033EB1_20B4_COG,1,S1B,2021-06-01 17:14:35.491150+00:00,2021-06-01 17:15:00.489492+00:00,ascending,15,"[7.517164, 45.09304, 11.243115, 47.003208]",4,4,3,2,11
"S1B|2021-06-05 05:34:58.738481+00:00|2021-06-05 05:35:23.737490+00:00|descending|66|(6.417872, 44.545956, 10.084711, 46.448627)",S1B_IW_GRDH_1SDV_20210605T053458_20210605T053523_027217_03404A_FF07_COG,1,True,S1B_IW_GRDH_1SDV_20210605T053458_20210605T053523_027217_03404A_FF07_COG,1,S1B,2021-06-05 05:34:58.738481+00:00,2021-06-05 05:35:23.737490+00:00,descending,66,"[6.417872, 44.545956, 10.084711, 46.448627]",4,4,3,2,11
"S1B|2021-06-06 17:22:22.194307+00:00|2021-06-06 17:22:47.192130+00:00|ascending|88|(5.938601, 43.451977, 9.541977, 45.363335)",S1B_IW_GRDH_1SDV_20210606T172222_20210606T172247_027239_0340F3_A2B9_COG,1,True,S1B_IW_GRDH_1SDV_20210606T172222_20210606T172247_027239_0340F3_A2B9_COG,1,S1B,2021-06-06 17:22:22.194307+00:00,2021-06-06 17:22:47.192130+00:00,ascending,88,"[5.938601, 43.451977, 9.541977, 45.363335]",4,4,3,2,11
"S1B|2021-06-06 17:22:47.193630+00:00|2021-06-06 17:23:12.192951+00:00|ascending|88|(5.485552, 44.956753, 9.256107, 46.858719)",S1B_IW_GRDH_1SDV_20210606T172247_20210606T172312_027239_0340F3_764F_COG,1,True,S1B_IW_GRDH_1SDV_20210606T172247_20210606T172312_027239_0340F3_764F_COG,1,S1B,2021-06-06 17:22:47.193630+00:00,2021-06-06 17:23:12.192951+00:00,ascending,88,"[5.485552, 44.956753, 9.256107, 46.858719]",4,4,3,2,11
"S1B|2021-06-12 05:26:40.548935+00:00|2021-06-12 05:27:05.547532+00:00|descending|168|(8.55502, 44.836182, 12.225486, 46.740967)",S1B_IW_GRDH_1SDV_20210612T052640_20210612T052705_027319_034352_7E23_COG,1,True,S1B_IW_GRDH_1SDV_20210612T052640_20210612T052705_027319_034352_7E23_COG,1,S1B,2021-06-12 05:26:40.548935+00:00,2021-06-12 05:27:05.547532+00:00,descending,168,"[8.55502, 44.836182, 12.225486, 46.740967]",4,4,3,2,11
"S1B|2021-06-12 05:27:05.548982+00:00|2021-06-12 05:27:30.547576+00:00|descending|168|(8.224674, 43.337616, 11.833335, 45.239471)",S1B_IW_GRDH_1SDV_20210612T052705_20210612T052730_027319_034352_DC48_COG,1,True,S1B_IW_GRDH_1SDV_20210612T052705_20210612T052730_027319_034352_DC48_COG,1,S1B,2021-06-12 05:27:05.548982+00:00,2021-06-12 05:27:30.547576+00:00,descending,168,"[8.224674, 43.337616, 11.833335, 45.239471]",4,4,3,2,11
"S1B|2021-06-13 17:14:11.269462+00:00|2021-06-13 17:14:36.267898+00:00|ascending|15|(7.911191, 43.593456, 11.567149, 45.501526)",S1B_IW_GRDH_1SDV_20210613T171411_20210613T171436_027341_0343F3_BA4A_COG,1,True,S1B_IW_GRDH_1SDV_20210613T171411_20210613T171436_027341_0343F3_BA4A_COG,1,S1B,2021-06-13 17:14:11.269462+00:00,2021-06-13 17:14:36.267898+00:00,ascending,15,"[7.911191, 43.593456, 11.567149, 45.501526]",4,4,3,2,11
"S1B|2021-06-13 17:14:36.269396+00:00|2021-06-13 17:15:01.267832+00:00|ascending|15|(7.517071, 45.092922, 11.243132, 47.003098)",S1B_IW_GRDH_1SDV_20210613T171436_20210613T171501_027341_0343F3_4C2C_COG,1,True,S1B_IW_GRDH_1SDV_20210613T171436_20210613T171501_027341_0343F3_4C2C_COG,1,S1B,2021-06-13 17:14:36.269396+00:00,2021-06-13 17:15:01.267832+00:00,ascending,15,"[7.517071, 45.092922, 11.243132, 47.003098]",4,4,3,2,11
"S1B|2021-06-17 05:34:59.410589+00:00|2021-06-17 05:35:24.409528+00:00|descending|66|(6.418304, 44.545902, 10.084771, 46.448586)",S1B_IW_GRDH_1SDV_20210617T053459_20210617T053524_027392_034585_050D_COG,1,True,S1B_IW_GRDH_1SDV_20210617T053459_20210617T053524_027392_034585_050D_COG,1,S1B,2021-06-17 05:34:59.410589+00:00,2021-06-17 05:35:24.409528+00:00,descending,66,"[6.418304, 44.545902, 10.084771, 46.448586]",4,4,3,2,11
"S1B|2021-06-18 17:22:22.873402+00:00|2021-06-18 17:22:47.871349+00:00|ascending|88|(5.938277, 43.451809, 9.541658, 45.363197)",S1B_IW_GRDH_1SDV_20210618T172222_20210618T172247_027414_034636_3C66_COG,1,True,S1B_IW_GRDH_1SDV_20210618T172222_20210618T172247_027414_034636_3C66_COG,1,S1B,2021-06-18 17:22:22.873402+00:00,2021-06-18 17:22:47.871349+00:00,ascending,88,"[5.938277, 43.451809, 9.541658, 45.363197]",4,4,3,2,11
"S1B|2021-06-18 17:22:47.872849+00:00|2021-06-18 17:23:12.872294+00:00|ascending|88|(5.485199, 44.956581, 9.255767, 46.858582)",S1B_IW_GRDH_1SDV_20210618T172247_20210618T172312_027414_034636_4711_COG,1,True,S1B_IW_GRDH_1SDV_20210618T172247_20210618T172312_027414_034636_4711_COG,1,S1B,2021-06-18 17:22:47.872849+00:00,2021-06-18 17:23:12.872294+00:00,ascending,88,"[5.485199, 44.956581, 9.255767, 46.858582]",4,4,3,2,11
"S1B|2021-06-24 05:26:41.131111+00:00|2021-06-24 05:27:06.129688+00:00|descending|168|(8.555326, 44.836021, 12.225622, 46.740768)",S1B_IW_GRDH_1SDV_20210624T052641_20210624T052706_027494_034848_AA84_COG,1,True,S1B_IW_GRDH_1SDV_20210624T052641_20210624T052706_027494_034848_AA84_COG,1,S1B,2021-06-24 05:26:41.131111+00:00,2021-06-24 05:27:06.129688+00:00,descending,168,"[8.555326, 44.836021, 12.225622, 46.740768]",4,4,3,2,11
"S1B|2021-06-24 05:27:06.131189+00:00|2021-06-24 05:27:31.129766+00:00|descending|168|(8.22489, 43.337448, 11.83351, 45.239281)",S1B_IW_GRDH_1SDV_20210624T052706_20210624T052731_027494_034848_C76B_COG,1,True,S1B_IW_GRDH_1SDV_20210624T052706_20210624T052731_027494_034848_C76B_COG,1,S1B,2021-06-24 05:27:06.131189+00:00,2021-06-24 05:27:31.129766+00:00,descending,168,"[8.22489, 43.337448, 11.83351, 45.239281]",4,4,3,2,11
"S1B|2021-06-25 17:14:11.894281+00:00|2021-06-25 17:14:36.892559+00:00|ascending|15|(7.912976, 43.593765, 11.568791, 45.50177)",S1B_IW_GRDH_1SDV_20210625T171411_20210625T171436_027516_0348DE_1DB3_COG,1,True,S1B_IW_GRDH_1SDV_20210625T171411_20210625T171436_027516_0348DE_1DB3_COG,1,S1B,2021-06-25 17:14:11.894281+00:00,2021-06-25 17:14:36.892559+00:00,ascending,15,"[7.912976, 43.593765, 11.568791, 45.50177]",4,4,3,2,11
"S1B|2021-06-25 17:14:36.894056+00:00|2021-06-25 17:15:01.892335+00:00|ascending|15|(7.518901, 45.093239, 11.244694, 47.003326)",S1B_IW_GRDH_1SDV_20210625T171436_20210625T171501_027516_0348DE_8CAE_COG,1,True,S1B_IW_GRDH_1SDV_20210625T171436_20210625T171501_027516_0348DE_8CAE_COG,1,S1B,2021-06-25 17:14:36.894056+00:00,2021-06-25 17:15:01.892335+00:00,ascending,15,"[7.518901, 45.093239, 11.244694, 47.003326]",4,4,3,2,11
"S1B|2021-06-29 05:35:00.105035+00:00|2021-06-29 05:35:25.104012+00:00|descending|66|(6.418454, 44.545948, 10.084897, 46.448608)",S1B_IW_GRDH_1SDV_20210629T053500_20210629T053525_027567_034A71_E3B7_COG,1,True,S1B_IW_GRDH_1SDV_20210629T053500_20210629T053525_027567_034A71_E3B7_COG,1,S1B,2021-06-29 05:35:00.105035+00:00,2021-06-29 05:35:25.104012+00:00,descending,66,"[6.418454, 44.545948, 10.084897, 46.448608]",4,4,3,2,11
"S1B|2021-07-06 05:26:41.753271+00:00|2021-07-06 05:27:06.751803+00:00|descending|168|(8.555993, 44.836048, 12.226323, 46.740822)",S1B_IW_GRDH_1SDV_20210706T052641_20210706T052706_027669_034D60_DCD0_COG,1,True,S1B_IW_GRDH_1SDV_20210706T052641_20210706T052706_027669_034D60_DCD0_COG,1,S1B,2021-07-06 05:26:41.753271+00:00,2021-07-06 05:27:06.751803+00:00,descending,168,"[8.555993, 44.836048, 12.226323, 46.740822]",4,4,3,2,11
"S1B|2021-07-06 05:27:06.753304+00:00|2021-07-06 05:27:31.751836+00:00|descending|168|(8.225524, 43.337479, 11.834174, 45.239338)",S1B_IW_GRDH_1SDV_20210706T052706_20210706T052731_027669_034D60_1D73_COG,1,True,S1B_IW_GRDH_1SDV_20210706T052706_20210706T052731_027669_034D60_1D73_COG,1,S1B,2021-07-06 05:27:06.753304+00:00,2021-07-06 05:27:31.751836+00:00,descending,168,"[8.225524, 43.337479, 11.834174, 45.239338]",4,4,3,2,11
"S1B|2021-07-07 17:14:12.384637+00:00|2021-07-07 17:14:37.383005+00:00|ascending|15|(7.913109, 43.593647, 11.568928, 45.501667)",S1B_IW_GRDH_1SDV_20210707T171412_20210707T171437_027691_034E02_649D_COG,1,True,S1B_IW_GRDH_1SDV_20210707T171412_20210707T171437_027691_034E02_649D_COG,1,S1B,2021-07-07 17:14:12.384637+00:00,2021-07-07 17:14:37.383005+00:00,ascending,15,"[7.913109, 43.593647, 11.568928, 45.501667]",4,4,3,2,11
"S1B|2021-07-07 17:14:37.384502+00:00|2021-07-07 17:15:02.382871+00:00|ascending|15|(7.519021, 45.093117, 11.244942, 47.003239)",S1B_IW_GRDH_1SDV_20210707T171437_20210707T171502_027691_034E02_FB60_COG,1,True,S1B_IW_GRDH_1SDV_20210707T171437_20210707T171502_027691_034E02_FB60_COG,1,S1B,2021-07-07 17:14:37.384502+00:00,2021-07-07 17:15:02.382871+00:00,ascending,15,"[7.519021, 45.093117, 11.244942, 47.003239]",4,4,3,2,11
"S1B|2021-07-11 05:35:00.685328+00:00|2021-07-11 05:35:25.684234+00:00|descending|66|(6.417664, 44.545937, 10.084328, 46.448521)",S1B_IW_GRDH_1SDV_20210711T053500_20210711T053525_027742_034F8F_801F_COG,1,True,S1B_IW_GRDH_1SDV_20210711T053500_20210711T053525_027742_034F8F_801F_COG,1,S1B,2021-07-11 05:35:00.685328+00:00,2021-07-11 05:35:25.684234+00:00,descending,66,"[6.417664, 44.545937, 10.084328, 46.448521]",4,4,3,2,11
"S1B|2021-07-12 17:22:24.175342+00:00|2021-07-12 17:22:49.174724+00:00|ascending|88|(5.940047, 43.451916, 9.543417, 45.363338)",S1B_IW_GRDH_1SDV_20210712T172224_20210712T172249_027764_03503E_FF0F_COG,1,True,S1B_IW_GRDH_1SDV_20210712T172224_20210712T172249_027764_03503E_FF0F_COG,1,S1B,2021-07-12 17:22:24.175342+00:00,2021-07-12 17:22:49.174724+00:00,ascending,88,"[5.940047, 43.451916, 9.543417, 45.363338]",4,4,3,2,11
"S1B|2021-07-12 17:22:49.176222+00:00|2021-07-12 17:23:14.174107+00:00|ascending|88|(5.487052, 44.956779, 9.257563, 46.858635)",S1B_IW_GRDH_1SDV_20210712T172249_20210712T172314_027764_03503E_E541_COG,1,True,S1B_IW_GRDH_1SDV_20210712T172249_20210712T172314_027764_03503E_E541_COG,1,S1B,2021-07-12 17:22:49.176222+00:00,2021-07-12 17:23:14.174107+00:00,ascending,88,"[5.487052, 44.956779, 9.257563, 46.858635]",4,4,3,2,11
"S1B|2021-07-18 05:26:42.601848+00:00|2021-07-18 05:27:07.600317+00:00|descending|168|(8.556091, 44.835884, 12.22645, 46.7407)",S1B_IW_GRDH_1SDV_20210718T052642_20210718T052707_027844_035293_C00E_COG,1,True,S1B_IW_GRDH_1SDV_20210718T052642_20210718T052707_027844_035293_C00E_COG,1,S1B,2021-07-18 05:26:42.601848+00:00,2021-07-18 05:27:07.600317+00:00,descending,168,"[8.556091, 44.835884, 12.22645, 46.7407]",4,4,3,2,11
"S1B|2021-07-18 05:27:07.601818+00:00|2021-07-18 05:27:32.600288+00:00|descending|168|(8.225576, 43.337318, 11.834252, 45.23922)",S1B_IW_GRDH_1SDV_20210718T052707_20210718T052732_027844_035293_A1AA_COG,1,True,S1B_IW_GRDH_1SDV_20210718T052707_20210718T052732_027844_035293_A1AA_COG,1,S1B,2021-07-18 05:27:07.601818+00:00,2021-07-18 05:27:32.600288+00:00,descending,168,"[8.225576, 43.337318, 11.834252, 45.23922]",4,4,3,2,11
"S1B|2021-07-19 17:14:13.305420+00:00|2021-07-19 17:14:38.303857+00:00|ascending|15|(7.910992, 43.593437, 11.566833, 45.501522)",S1B_IW_GRDH_1SDV_20210719T171413_20210719T171438_027866_035336_C014_COG,1,True,S1B_IW_GRDH_1SDV_20210719T171413_20210719T171438_027866_035336_C014_COG,1,S1B,2021-07-19 17:14:13.305420+00:00,2021-07-19 17:14:38.303857+00:00,ascending,15,"[7.910992, 43.593437, 11.566833, 45.501522]",4,4,3,2,11
"S1B|2021-07-19 17:14:38.305354+00:00|2021-07-19 17:15:03.303791+00:00|ascending|15|(7.516856, 45.092903, 11.242798, 47.00309)",S1B_IW_GRDH_1SDV_20210719T171438_20210719T171503_027866_035336_E788_COG,1,True,S1B_IW_GRDH_1SDV_20210719T171438_20210719T171503_027866_035336_E788_COG,1,S1B,2021-07-19 17:14:38.305354+00:00,2021-07-19 17:15:03.303791+00:00,ascending,15,"[7.516856, 45.092903, 11.242798, 47.00309]",4,4,3,2,11
"S1B|2021-07-23 05:35:01.485668+00:00|2021-07-23 05:35:26.484581+00:00|descending|66|(6.417852, 44.545876, 10.084519, 46.448479)",S1B_IW_GRDH_1SDV_20210723T053501_20210723T053526_027917_0354BF_A102_COG,1,True,S1B_IW_GRDH_1SDV_20210723T053501_20210723T053526_027917_0354BF_A102_COG,1,S1B,2021-07-23 05:35:01.485668+00:00,2021-07-23 05:35:26.484581+00:00,descending,66,"[6.417852, 44.545876, 10.084519, 46.448479]",4,4,3,2,11
"S1B|2021-07-24 17:22:24.988609+00:00|2021-07-24 17:22:49.987904+00:00|ascending|88|(5.940259, 43.452057, 9.543513, 45.363461)",S1B_IW_GRDH_1SDV_20210724T172224_20210724T172249_027939_03556E_851E_COG,1,True,S1B_IW_GRDH_1SDV_20210724T172224_20210724T172249_027939_03556E_851E_COG,1,S1B,2021-07-24 17:22:24.988609+00:00,2021-07-24 17:22:49.987904+00:00,ascending,88,"[5.940259, 43.452057, 9.543513, 45.363461]",4,4,3,2,11
"S1B|2021-07-24 17:22:49.989401+00:00|2021-07-24 17:23:14.987197+00:00|ascending|88|(5.487272, 44.956924, 9.257659, 46.858757)",S1B_IW_GRDH_1SDV_20210724T172249_20210724T172314_027939_03556E_3ACF_COG,1,True,S1B_IW_GRDH_1SDV_20210724T172249_20210724T172314_027939_03556E_3ACF_COG,1,S1B,2021-07-24 17:22:49.989401+00:00,2021-07-24 17:23:14.987197+00:00,ascending,88,"[5.487272, 44.956924, 9.257659, 46.858757]",4,4,3,2,11
"S1B|2021-07-30 05:26:43.377052+00:00|2021-07-30 05:27:08.375653+00:00|descending|168|(8.556253, 44.835991, 12.226717, 46.740803)",S1B_IW_GRDH_1SDV_20210730T052643_20210730T052708_028019_0357B2_37EA_COG,1,True,S1B_IW_GRDH_1SDV_20210730T052643_20210730T052708_028019_0357B2_37EA_COG,1,S1B,2021-07-30 05:26:43.377052+00:00,2021-07-30 05:27:08.375653+00:00,descending,168,"[8.556253, 44.835991, 12.226717, 46.740803]",4,4,3,2,11
"S1B|2021-07-30 05:27:08.377103+00:00|2021-07-30 05:27:33.375701+00:00|descending|168|(8.225893, 43.337429, 11.834553, 45.239311)",S1B_IW_GRDH_1SDV_20210730T052708_20210730T052733_028019_0357B2_0DB2_COG,1,True,S1B_IW_GRDH_1SDV_20210730T052708_20210730T052733_028019_0357B2_0DB2_COG,1,S1B,2021-07-30 05:27:08.377103+00:00,2021-07-30 05:27:33.375701+00:00,descending,168,"[8.225893, 43.337429, 11.834553, 45.239311]",4,4,3,2,11
"S1B|2021-07-31 17:14:14.081502+00:00|2021-07-31 17:14:39.079808+00:00|ascending|15|(7.911796, 43.593693, 11.56765, 45.501755)",S1B_IW_GRDH_1SDV_20210731T171414_20210731T171439_028041_035850_4DC1_COG,1,True,S1B_IW_GRDH_1SDV_20210731T171414_20210731T171439_028041_035850_4DC1_COG,2,S1B,2021-07-31 17:14:14.081502+00:00,2021-07-31 17:14:39.079808+00:00,ascending,15,"[7.911796, 43.593693, 11.56765, 45.501755]",4,4,3,2,11
"S1B|2021-07-31 17:14:14.081502+00:00|2021-07-31 17:14:39.079808+00:00|ascending|15|(7.911796, 43.593693, 11.56765, 45.501755)",S1B_IW_GRDH_1SDV_20210731T171414_20210731T171439_028041_035850_A42C_COG,2,False,S1B_IW_GRDH_1SDV_20210731T171414_20210731T171439_028041_035850_4DC1_COG,2,S1B,2021-07-31 17:14:14.081502+00:00,2021-07-31 17:14:39.079808+00:00,ascending,15,"[7.911796, 43.593693, 11.56765, 45.501755]",4,4,3,2,11
"S1B|2021-07-31 17:14:39.081306+00:00|2021-07-31 17:15:04.081110+00:00|ascending|15|(7.517637, 45.093159, 11.243623, 47.00341)",S1B_IW_GRDH_1SDV_20210731T171439_20210731T171504_028041_035850_1A91_COG,1,True,S1B_IW_GRDH_1SDV_20210731T171439_20210731T171504_028041_035850_1A91_COG,2,S1B,2021-07-31 17:14:39.081306+00:00,2021-07-31 17:15:04.081110+00:00,ascending,15,"[7.517637, 45.093159, 11.243623, 47.00341]",4,4,3,2,11
"S1B|2021-07-31 17:14:39.081306+00:00|2021-07-31 17:15:04.081110+00:00|ascending|15|(7.517637, 45.093159, 11.243623, 47.00341)",S1B_IW_GRDH_1SDV_20210731T171439_20210731T171504_028041_035850_F1A9_COG,2,False,S1B_IW_GRDH_1SDV_20210731T171439_20210731T171504_028041_035850_1A91_COG,2,S1B,2021-07-31 17:14:39.081306+00:00,2021-07-31 17:15:04.081110+00:00,ascending,15,"[7.517637, 45.093159, 11.243623, 47.00341]",4,4,3,2,11
"S1B|2021-08-04 05:35:02.155916+00:00|2021-08-04 05:35:27.154864+00:00|descending|66|(6.418213, 44.545788, 10.084889, 46.448406)",S1B_IW_GRDH_1SDV_20210804T053502_20210804T053527_028092_0359E9_1B7E_COG,1,True,S1B_IW_GRDH_1SDV_20210804T053502_20210804T053527_028092_0359E9_1B7E_COG,1,S1B,2021-08-04 05:35:02.155916+00:00,2021-08-04 05:35:27.154864+00:00,descending,66,"[6.418213, 44.545788, 10.084889, 46.448406]",4,4,3,2,11
"S1B|2021-08-05 17:22:25.596556+00:00|2021-08-05 17:22:50.595864+00:00|ascending|88|(5.940279, 43.452076, 9.543537, 45.36348)",S1B_IW_GRDH_1SDV_20210805T172225_20210805T172250_028114_035A9F_A705_COG,1,True,S1B_IW_GRDH_1SDV_20210805T172225_20210805T172250_028114_035A9F_A705_COG,1,S1B,2021-08-05 17:22:25.596556+00:00,2021-08-05 17:22:50.595864+00:00,ascending,88,"[5.940279, 43.452076, 9.543537, 45.36348]",4,4,3,2,11
"S1B|2021-08-05 17:22:50.595867+00:00|2021-08-05 17:23:15.595176+00:00|ascending|88|(5.487285, 44.956852, 9.257695, 46.858776)",S1B_IW_GRDH_1SDV_20210805T172250_20210805T172315_028114_035A9F_85AA_COG,1,True,S1B_IW_GRDH_1SDV_20210805T172250_20210805T172315_028114_035A9F_85AA_COG,1,S1B,2021-08-05 17:22:50.595867+00:00,2021-08-05 17:23:15.595176+00:00,ascending,88,"[5.487285, 44.956852, 9.257695, 46.858776]",4,4,3,2,11
"S1B|2021-08-11 05:26:43.983530+00:00|2021-08-11 05:27:08.982842+00:00|descending|168|(8.557272, 44.836613, 12.221406, 46.740627)",S1B_IW_GRDH_1SDV_20210811T052643_20210811T052708_028194_035D14_CDF0_COG,1,True,S1B_IW_GRDH_1SDV_20210811T052643_20210811T052708_028194_035D14_CDF0_COG,1,S1B,2021-08-11 05:26:43.983530+00:00,2021-08-11 05:27:08.982842+00:00,descending,168,"[8.557272, 44.836613, 12.221406, 46.740627]",4,4,3,2,11
"S1B|2021-08-11 05:27:08.984342+00:00|2021-08-11 05:27:33.982153+00:00|descending|168|(8.22679, 43.338081, 11.829347, 45.239098)",S1B_IW_GRDH_1SDV_20210811T052708_20210811T052733_028194_035D14_3A31_COG,1,True,S1B_IW_GRDH_1SDV_20210811T052708_20210811T052733_028194_035D14_3A31_COG,1,S1B,2021-08-11 05:27:08.984342+00:00,2021-08-11 05:27:33.982153+00:00,descending,168,"[8.22679, 43.338081, 11.829347, 45.239098]",4,4,3,2,11
"S1B|2021-08-12 17:14:14.663782+00:00|2021-08-12 17:14:39.662065+00:00|ascending|15|(7.913062, 43.593849, 11.568889, 45.501858)",S1B_IW_GRDH_1SDV_20210812T171414_20210812T171439_028216_035DB8_6A6B_COG,1,True,S1B_IW_GRDH_1SDV_20210812T171414_20210812T171439_028216_035DB8_6A6B_COG,1,S1B,2021-08-12 17:14:14.663782+00:00,2021-08-12 17:14:39.662065+00:00,ascending,15,"[7.913062, 43.593849, 11.568889, 45.501858]",4,4,3,2,11
"S1B|2021-08-12 17:14:39.663562+00:00|2021-08-12 17:15:04.661845+00:00|ascending|15|(7.518977, 45.093319, 11.244782, 47.003418)",S1B_IW_GRDH_1SDV_20210812T171439_20210812T171504_028216_035DB8_B973_COG,1,True,S1B_IW_GRDH_1SDV_20210812T171439_20210812T171504_028216_035DB8_B973_COG,1,S1B,2021-08-12 17:14:39.663562+00:00,2021-08-12 17:15:04.661845+00:00,ascending,15,"[7.518977, 45.093319, 11.244782, 47.003418]",4,4,3,2,11
"S1B|2021-08-17 17:22:26.228545+00:00|2021-08-17 17:22:51.226364+00:00|ascending|88|(5.939454, 43.452091, 9.542708, 45.36343)",S1B_IW_GRDH_1SDV_20210817T172226_20210817T172251_028289_036018_DA72_COG,1,True,S1B_IW_GRDH_1SDV_20210817T172226_20210817T172251_028289_036018_DA72_COG,1,S1B,2021-08-17 17:22:26.228545+00:00,2021-08-17 17:22:51.226364+00:00,ascending,88,"[5.939454, 43.452091, 9.542708, 45.36343]",4,4,3,2,11
"S1B|2021-08-17 17:22:51.227863+00:00|2021-08-17 17:23:16.227180+00:00|ascending|88|(5.486412, 44.956867, 9.256844, 46.858814)",S1B_IW_GRDH_1SDV_20210817T172251_20210817T172316_028289_036018_54DC_COG,1,True,S1B_IW_GRDH_1SDV_20210817T172251_20210817T172316_028289_036018_54DC_COG,1,S1B,2021-08-17 17:22:51.227863+00:00,2021-08-17 17:23:16.227180+00:00,ascending,88,"[5.486412, 44.956867, 9.256844, 46.858814]",4,4,3,2,11
"S1B|2021-08-23 05:26:44.642231+00:00|2021-08-23 05:27:09.640826+00:00|descending|168|(8.555003, 44.836056, 12.225438, 46.740822)",S1B_IW_GRDH_1SDV_20210823T052644_20210823T052709_028369_03628D_46C8_COG,1,True,S1B_IW_GRDH_1SDV_20210823T052644_20210823T052709_028369_03628D_46C8_COG,1,S1B,2021-08-23 05:26:44.642231+00:00,2021-08-23 05:27:09.640826+00:00,descending,168,"[8.555003, 44.836056, 12.225438, 46.740822]",4,4,3,2,11
"S1B|2021-08-23 05:27:09.642301+00:00|2021-08-23 05:27:34.640894+00:00|descending|168|(8.224562, 43.337486, 11.833317, 45.239338)",S1B_IW_GRDH_1SDV_20210823T052709_20210823T052734_028369_03628D_3738_COG,1,True,S1B_IW_GRDH_1SDV_20210823T052709_20210823T052734_028369_03628D_3738_COG,1,S1B,2021-08-23 05:27:09.642301+00:00,2021-08-23 05:27:34.640894+00:00,descending,168,"[8.224562, 43.337486, 11.833317, 45.239338]",4,4,3,2,11
"S1B|2021-08-24 17:14:15.365005+00:00|2021-08-24 17:14:40.363360+00:00|ascending|15|(7.912035, 43.593716, 11.567865, 45.50174)",S1B_IW_GRDH_1SDV_20210824T171415_20210824T171440_028391_036337_BB7B_COG,1,True,S1B_IW_GRDH_1SDV_20210824T171415_20210824T171440_028391_036337_BB7B_COG,1,S1B,2021-08-24 17:14:15.365005+00:00,2021-08-24 17:14:40.363360+00:00,ascending,15,"[7.912035, 43.593716, 11.567865, 45.50174]",4,4,3,2,11
"S1B|2021-08-24 17:14:40.364858+00:00|2021-08-24 17:15:05.363212+00:00|ascending|15|(7.517937, 45.093185, 11.243871, 47.003311)",S1B_IW_GRDH_1SDV_20210824T171440_20210824T171505_028391_036337_9703_COG,1,True,S1B_IW_GRDH_1SDV_20210824T171440_20210824T171505_028391_036337_9703_COG,1,S1B,2021-08-24 17:14:40.364858+00:00,2021-08-24 17:15:05.363212+00:00,ascending,15,"[7.517937, 45.093185, 11.243871, 47.003311]",4,4,3,2,11
"S1B|2021-08-28 05:35:03.501179+00:00|2021-08-28 05:35:28.500180+00:00|descending|66|(6.418085, 44.545799, 10.084924, 46.448471)",S1B_IW_GRDH_1SDV_20210828T053503_20210828T053528_028442_0364CD_5B95_COG,1,True,S1B_IW_GRDH_1SDV_20210828T053503_20210828T053528_028442_0364CD_5B95_COG,1,S1B,2021-08-28 05:35:03.501179+00:00,2021-08-28 05:35:28.500180+00:00,descending,66,"[6.418085, 44.545799, 10.084924, 46.448471]",4,4,3,2,11
"S1B|2021-08-29 17:22:26.907557+00:00|2021-08-29 17:22:51.905433+00:00|ascending|88|(5.937991, 43.452053, 9.541279, 45.363438)",S1B_IW_GRDH_1SDV_20210829T172226_20210829T172251_028464_03658B_2A2D_COG,1,True,S1B_IW_GRDH_1SDV_20210829T172226_20210829T172251_028464_03658B_2A2D_COG,1,S1B,2021-08-29 17:22:26.907557+00:00,2021-08-29 17:22:51.905433+00:00,ascending,88,"[5.937991, 43.452053, 9.541279, 45.363438]",4,4,3,2,11
"S1B|2021-08-29 17:22:51.906966+00:00|2021-08-29 17:23:16.904845+00:00|ascending|88|(5.484921, 44.956825, 9.255492, 46.858742)",S1B_IW_GRDH_1SDV_20210829T172251_20210829T172316_028464_03658B_E560_COG,1,True,S1B_IW_GRDH_1SDV_20210829T172251_20210829T172316_028464_03658B_E560_COG,1,S1B,2021-08-29 17:22:51.906966+00:00,2021-08-29 17:23:16.904845+00:00,ascending,88,"[5.484921, 44.956825, 9.255492, 46.858742]",4,4,3,2,11
"S1B|2021-09-04 05:26:45.177884+00:00|2021-09-04 05:27:10.176498+00:00|descending|168|(8.556129, 44.83593, 12.226608, 46.740757)",S1B_IW_GRDH_1SDV_20210904T052645_20210904T052710_028544_036806_FBC4_COG,1,True,S1B_IW_GRDH_1SDV_20210904T052645_20210904T052710_028544_036806_FBC4_COG,1,S1B,2021-09-04 05:26:45.177884+00:00,2021-09-04 05:27:10.176498+00:00,descending,168,"[8.556129, 44.83593, 12.226608, 46.740757]",4,4,3,2,11
"S1B|2021-09-04 05:27:10.177998+00:00|2021-09-04 05:27:35.176612+00:00|descending|168|(8.225623, 43.337364, 11.83442, 45.239277)",S1B_IW_GRDH_1SDV_20210904T052710_20210904T052735_028544_036806_6B06_COG,1,True,S1B_IW_GRDH_1SDV_20210904T052710_20210904T052735_028544_036806_6B06_COG,2,S1B,2021-09-04 05:27:10.177998+00:00,2021-09-04 05:27:35.176612+00:00,descending,168,"[8.225623, 43.337364, 11.83442, 45.239277]",4,4,3,2,11
"S1B|2021-09-04 05:27:10.177998+00:00|2021-09-04 05:27:35.176612+00:00|descending|168|(8.225623, 43.337364, 11.83442, 45.239277)",S1B_IW_GRDH_1SDV_20210904T052710_20210904T052735_028544_036806_9C14_COG,2,False,S1B_IW_GRDH_1SDV_20210904T052710_20210904T052735_028544_036806_6B06_COG,2,S1B,2021-09-04 05:27:10.177998+00:00,2021-09-04 05:27:35.176612+00:00,descending,168,"[8.225623, 43.337364, 11.83442, 45.239277]",4,4,3,2,11
"S1B|2021-09-05 17:14:15.898668+00:00|2021-09-05 17:14:40.897085+00:00|ascending|15|(7.911528, 43.593597, 11.567499, 45.501671)",S1B_IW_GRDH_1SDV_20210905T171415_20210905T171440_028566_0368AE_FBFD_COG,1,True,S1B_IW_GRDH_1SDV_20210905T171415_20210905T171440_028566_0368AE_FBFD_COG,1,S1B,2021-09-05 17:14:15.898668+00:00,2021-09-05 17:14:40.897085+00:00,ascending,15,"[7.911528, 43.593597, 11.567499, 45.501671]",4,4,3,2,11
"S1B|2021-09-05 17:14:40.898582+00:00|2021-09-05 17:15:05.896999+00:00|ascending|15|(7.5174, 45.093063, 11.243476, 47.003239)",S1B_IW_GRDH_1SDV_20210905T171440_20210905T171505_028566_0368AE_D723_COG,1,True,S1B_IW_GRDH_1SDV_20210905T171440_20210905T171505_028566_0368AE_D723_COG,1,S1B,2021-09-05 17:14:40.898582+00:00,2021-09-05 17:15:05.896999+00:00,ascending,15,"[7.5174, 45.093063, 11.243476, 47.003239]",4,4,3,2,11
"S1B|2021-09-09 05:35:03.985841+00:00|2021-09-09 05:35:28.983383+00:00|descending|66|(6.417961, 44.545929, 10.084726, 46.448452)",S1B_IW_GRDH_1SDV_20210909T053503_20210909T053528_028617_036A46_3D85_COG,1,True,S1B_IW_GRDH_1SDV_20210909T053503_20210909T053528_028617_036A46_3D85_COG,1,S1B,2021-09-09 05:35:03.985841+00:00,2021-09-09 05:35:28.983383+00:00,descending,66,"[6.417961, 44.545929, 10.084726, 46.448452]",4,4,3,2,11
"S1B|2021-09-10 17:22:27.414578+00:00|2021-09-10 17:22:52.413868+00:00|ascending|88|(5.939877, 43.452156, 9.543162, 45.363567)",S1B_IW_GRDH_1SDV_20210910T172227_20210910T172252_028639_036AFF_F9D8_COG,1,True,S1B_IW_GRDH_1SDV_20210910T172227_20210910T172252_028639_036AFF_F9D8_COG,1,S1B,2021-09-10 17:22:27.414578+00:00,2021-09-10 17:22:52.413868+00:00,ascending,88,"[5.939877, 43.452156, 9.543162, 45.363567]",4,4,3,2,11
"S1B|2021-09-10 17:22:52.415384+00:00|2021-09-10 17:23:17.413177+00:00|ascending|88|(5.486862, 44.95702, 9.257403, 46.858879)",S1B_IW_GRDH_1SDV_20210910T172252_20210910T172317_028639_036AFF_C6A9_COG,1,True,S1B_IW_GRDH_1SDV_20210910T172252_20210910T172317_028639_036AFF_C6A9_COG,1,S1B,2021-09-10 17:22:52.415384+00:00,2021-09-10 17:23:17.413177+00:00,ascending,88,"[5.486862, 44.95702, 9.257403, 46.858879]",4,4,3,2,11
"S1B|2021-09-16 05:26:45.623944+00:00|2021-09-16 05:27:10.622653+00:00|descending|168|(8.556728, 44.835964, 12.227349, 46.740829)",S1B_IW_GRDH_1SDV_20210916T052645_20210916T052710_028719_036D65_3FDB_COG,1,True,S1B_IW_GRDH_1SDV_20210916T052645_20210916T052710_028719_036D65_3FDB_COG,1,S1B,2021-09-16 05:26:45.623944+00:00,2021-09-16 05:27:10.622653+00:00,descending,168,"[8.556728, 44.835964, 12.227349, 46.740829]",4,4,3,2,11
"S1B|2021-09-16 05:27:10.624154+00:00|2021-09-16 05:27:35.622863+00:00|descending|168|(8.226203, 43.337402, 11.835142, 45.239349)",S1B_IW_GRDH_1SDV_20210916T052710_20210916T052735_028719_036D65_48C5_COG,1,True,S1B_IW_GRDH_1SDV_20210916T052710_20210916T052735_028719_036D65_48C5_COG,1,S1B,2021-09-16 05:27:10.624154+00:00,2021-09-16 05:27:35.622863+00:00,descending,168,"[8.226203, 43.337402, 11.835142, 45.239349]",4,4,3,2,11
"S1B|2021-09-17 17:14:16.345897+00:00|2021-09-17 17:14:41.344268+00:00|ascending|15|(7.911478, 43.593761, 11.567469, 45.501839)",S1B_IW_GRDH_1SDV_20210917T171416_20210917T171441_028741_036E0B_A6EB_COG,1,True,S1B_IW_GRDH_1SDV_20210917T171416_20210917T171441_028741_036E0B_A6EB_COG,1,S1B,2021-09-17 17:14:16.345897+00:00,2021-09-17 17:14:41.344268+00:00,ascending,15,"[7.911478, 43.593761, 11.567469, 45.501839]",4,4,3,2,11
"S1B|2021-09-17 17:14:41.345785+00:00|2021-09-17 17:15:06.344158+00:00|ascending|15|(7.517331, 45.093227, 11.243433, 47.003407)",S1B_IW_GRDH_1SDV_20210917T171441_20210917T171506_028741_036E0B_3410_COG,1,True,S1B_IW_GRDH_1SDV_20210917T171441_20210917T171506_028741_036E0B_3410_COG,1,S1B,2021-09-17 17:14:41.345785+00:00,2021-09-17 17:15:06.344158+00:00,ascending,15,"[7.517331, 45.093227, 11.243433, 47.003407]",4,4,3,2,11
"S1B|2021-09-21 05:35:04.456941+00:00|2021-09-21 05:35:29.454556+00:00|descending|66|(6.418149, 44.545986, 10.085066, 46.44854)",S1B_IW_GRDH_1SDV_20210921T053504_20210921T053529_028792_036FA3_3FA5_COG,1,True,S1B_IW_GRDH_1SDV_20210921T053504_20210921T053529_028792_036FA3_3FA5_COG,1,S1B,2021-09-21 05:35:04.456941+00:00,2021-09-21 05:35:29.454556+00:00,descending,66,"[6.418149, 44.545986, 10.085066, 46.44854]",4,4,3,2,11
"S1B|2021-09-22 17:22:27.849085+00:00|2021-09-22 17:22:52.846943+00:00|ascending|88|(5.939872, 43.452206, 9.543266, 45.363541)",S1B_IW_GRDH_1SDV_20210922T172227_20210922T172252_028814_037057_7DF4_COG,1,True,S1B_IW_GRDH_1SDV_20210922T172227_20210922T172252_028814_037057_7DF4_COG,1,S1B,2021-09-22 17:22:27.849085+00:00,2021-09-22 17:22:52.846943+00:00,ascending,88,"[5.939872, 43.452206, 9.543266, 45.363541]",4,4,3,2,11
"S1B|2021-09-22 17:22:52.848457+00:00|2021-09-22 17:23:17.847815+00:00|ascending|88|(5.486825, 44.956982, 9.257525, 46.85894)",S1B_IW_GRDH_1SDV_20210922T172252_20210922T172317_028814_037057_F5CD_COG,1,True,S1B_IW_GRDH_1SDV_20210922T172252_20210922T172317_028814_037057_F5CD_COG,1,S1B,2021-09-22 17:22:52.848457+00:00,2021-09-22 17:23:17.847815+00:00,ascending,88,"[5.486825, 44.956982, 9.257525, 46.85894]",4,4,3,2,11
"S1B|2021-09-28 05:26:46.010123+00:00|2021-09-28 05:27:11.008940+00:00|descending|168|(8.556421, 44.836006, 12.227312, 46.74091)",S1B_IW_GRDH_1SDV_20210928T052646_20210928T052711_028894_0372C3_9B7B_COG,1,True,S1B_IW_GRDH_1SDV_20210928T052646_20210928T052711_028894_0372C3_9B7B_COG,1,S1B,2021-09-28 05:26:46.010123+00:00,2021-09-28 05:27:11.008940+00:00,descending,168,"[8.556421, 44.836006, 12.227312, 46.74091]",4,4,3,2,11
"S1B|2021-09-28 05:27:11.010415+00:00|2021-09-28 05:27:36.007731+00:00|descending|168|(8.226024, 43.33754, 11.835086, 45.239418)",S1B_IW_GRDH_1SDV_20210928T052711_20210928T052736_028894_0372C3_E9B0_COG,1,True,S1B_IW_GRDH_1SDV_20210928T052711_20210928T052736_028894_0372C3_E9B0_COG,1,S1B,2021-09-28 05:27:11.010415+00:00,2021-09-28 05:27:36.007731+00:00,descending,168,"[8.226024, 43.33754, 11.835086, 45.239418]",4,4,3,2,11
"S1B|2021-09-29 17:14:16.624596+00:00|2021-09-29 17:14:41.623062+00:00|ascending|15|(7.910437, 43.593624, 11.566703, 45.501762)",S1B_IW_GRDH_1SDV_20210929T171416_20210929T171441_028916_03736D_88D7_COG,1,True,S1B_IW_GRDH_1SDV_20210929T171416_20210929T171441_028916_03736D_88D7_COG,1,S1B,2021-09-29 17:14:16.624596+00:00,2021-09-29 17:14:41.623062+00:00,ascending,15,"[7.910437, 43.593624, 11.566703, 45.501762]",4,4,3,2,11
"S1B|2021-09-29 17:14:41.624560+00:00|2021-09-29 17:15:06.623026+00:00|ascending|15|(7.516246, 45.093082, 11.242502, 47.003315)",S1B_IW_GRDH_1SDV_20210929T171441_20210929T171506_028916_03736D_74F7_COG,1,True,S1B_IW_GRDH_1SDV_20210929T171441_20210929T171506_028916_03736D_74F7_COG,1,S1B,2021-09-29 17:14:41.624560+00:00,2021-09-29 17:15:06.623026+00:00,ascending,15,"[7.516246, 45.093082, 11.242502, 47.003315]",4,4,3,2,11
"S1C|2025-04-04 05:26:17.200135+00:00|2025-04-04 05:26:46.501263+00:00|descending|168|(8.528831, 44.333527, 12.204085, 46.491055)",S1C_IW_GRDH_1SDV_20250404T052617_20250404T052646_001739_00308B_9DDE_COG,1,True,S1C_IW_GRDH_1SDV_20250404T052617_20250404T052646_001739_00308B_9DDE_COG,1,S1C,2025-04-04 05:26:17.200135+00:00,2025-04-04 05:26:46.501263+00:00,descending,168,"[8.528831, 44.333527, 12.204085, 46.491055]",4,4,3,2,11
"S1C|2025-04-10 17:21:57.528698+00:00|2025-04-10 17:22:22.527130+00:00|ascending|88|(5.91372, 43.604065, 9.432975, 45.502296)",S1C_IW_GRDH_1SDV_20250410T172157_20250410T172222_001834_0036A5_FC15_COG,1,True,S1C_IW_GRDH_1SDV_20250410T172157_20250410T172222_001834_0036A5_FC15_COG,1,S1C,2025-04-10 17:21:57.528698+00:00,2025-04-10 17:22:22.527130+00:00,ascending,88,"[5.91372, 43.604065, 9.432975, 45.502296]",4,4,3,2,11
"S1C|2025-04-10 17:22:22.528628+00:00|2025-04-10 17:22:35.262013+00:00|ascending|88|(5.673126, 45.107391, 9.134686, 46.26297)",S1C_IW_GRDH_1SDV_20250410T172222_20250410T172235_001834_0036A5_419D_COG,1,True,S1C_IW_GRDH_1SDV_20250410T172222_20250410T172235_001834_0036A5_419D_COG,1,S1C,2025-04-10 17:22:22.528628+00:00,2025-04-10 17:22:35.262013+00:00,ascending,88,"[5.673126, 45.107391, 9.134686, 46.26297]",4,4,3,2,11
"S1C|2025-04-16 05:26:17.251901+00:00|2025-04-16 05:26:46.548589+00:00|descending|168|(8.529788, 44.333504, 12.204954, 46.490749)",S1C_IW_GRDH_1SDV_20250416T052617_20250416T052646_001914_003B88_4B7C_COG,1,True,S1C_IW_GRDH_1SDV_20250416T052617_20250416T052646_001914_003B88_4B7C_COG,1,S1C,2025-04-16 05:26:17.251901+00:00,2025-04-16 05:26:46.548589+00:00,descending,168,"[8.529788, 44.333504, 12.204954, 46.490749]",4,4,3,2,11
"S1C|2025-04-21 05:34:47.030408+00:00|2025-04-21 05:35:16.326924+00:00|descending|66|(6.277752, 43.399216, 9.908084, 45.554893)",S1C_IW_GRDH_1SDV_20250421T053447_20250421T053516_001987_003FE6_9043_COG,1,True,S1C_IW_GRDH_1SDV_20250421T053447_20250421T053516_001987_003FE6_9043_COG,1,S1C,2025-04-21 05:34:47.030408+00:00,2025-04-21 05:35:16.326924+00:00,descending,66,"[6.277752, 43.399216, 9.908084, 45.554893]",4,4,3,2,11
"S1C|2025-04-22 17:21:43.932166+00:00|2025-04-22 17:22:13.755179+00:00|ascending|88|(6.099944, 42.758423, 9.592942, 44.939644)",S1C_IW_GRDH_1SDV_20250422T172143_20250422T172213_002009_00413B_1C86_COG,1,True,S1C_IW_GRDH_1SDV_20250422T172143_20250422T172213_002009_00413B_1C86_COG,1,S1C,2025-04-22 17:21:43.932166+00:00,2025-04-22 17:22:13.755179+00:00,ascending,88,"[6.099944, 42.758423, 9.592942, 44.939644]",4,4,3,2,11
"S1C|2025-04-28 05:26:23.635076+00:00|2025-04-28 05:26:52.931779+00:00|descending|168|(8.446998, 44.004383, 12.117448, 46.158714)",S1C_IW_GRDH_1SDV_20250428T052623_20250428T052652_002089_0045F6_945D_COG,1,True,S1C_IW_GRDH_1SDV_20250428T052623_20250428T052652_002089_0045F6_945D_COG,1,S1C,2025-04-28 05:26:23.635076+00:00,2025-04-28 05:26:52.931779+00:00,descending,168,"[8.446998, 44.004383, 12.117448, 46.158714]",4,4,3,2,11
"S1C|2025-05-03 05:34:35.983310+00:00|2025-05-03 05:35:00.981892+00:00|descending|66|(6.372843, 44.359074, 10.089025, 46.268158)",S1C_IW_GRDH_1SDV_20250503T053435_20250503T053500_002162_004973_1D2D_COG,1,True,S1C_IW_GRDH_1SDV_20250503T053435_20250503T053500_002162_004973_1D2D_COG,1,S1C,2025-05-03 05:34:35.983310+00:00,2025-05-03 05:35:00.981892+00:00,descending,66,"[6.372843, 44.359074, 10.089025, 46.268158]",4,4,3,2,11
"S1C|2025-05-04 17:21:54.264976+00:00|2025-05-04 17:22:19.263283+00:00|ascending|88|(5.974536, 43.322334, 9.504116, 45.22683)",S1C_IW_GRDH_1SDV_20250504T172154_20250504T172219_002184_004A3B_0101_COG,1,True,S1C_IW_GRDH_1SDV_20250504T172154_20250504T172219_002184_004A3B_0101_COG,1,S1C,2025-05-04 17:21:54.264976+00:00,2025-05-04 17:22:19.263283+00:00,ascending,88,"[5.974536, 43.322334, 9.504116, 45.22683]",4,4,3,2,11
"S1C|2025-05-04 17:22:19.264775+00:00|2025-05-04 17:22:44.264577+00:00|ascending|88|(5.52024, 44.827343, 9.217484, 46.722115)",S1C_IW_GRDH_1SDV_20250504T172219_20250504T172244_002184_004A3B_D436_COG,1,True,S1C_IW_GRDH_1SDV_20250504T172219_20250504T172244_002184_004A3B_D436_COG,1,S1C,2025-05-04 17:22:19.264775+00:00,2025-05-04 17:22:44.264577+00:00,ascending,88,"[5.52024, 44.827343, 9.217484, 46.722115]",4,4,3,2,11
"S1C|2025-05-10 05:26:23.496485+00:00|2025-05-10 05:26:48.495500+00:00|descending|168|(8.419035, 44.299541, 12.130157, 46.208729)",S1C_IW_GRDH_1SDV_20250510T052623_20250510T052648_002264_004CDC_8028_COG,1,True,S1C_IW_GRDH_1SDV_20250510T052623_20250510T052648_002264_004CDC_8028_COG,1,S1C,2025-05-10 05:26:23.496485+00:00,2025-05-10 05:26:48.495500+00:00,descending,168,"[8.419035, 44.299541, 12.130157, 46.208729]",4,4,3,2,11
"S1C|2025-05-11 17:13:56.855791+00:00|2025-05-11 17:14:21.853482+00:00|ascending|15|(7.74188, 44.282337, 11.438158, 46.192093)",S1C_IW_GRDH_1SDV_20250511T171356_20250511T171421_002286_004D71_2AE9_COG,1,True,S1C_IW_GRDH_1SDV_20250511T171356_20250511T171421_002286_004D71_2AE9_COG,1,S1C,2025-05-11 17:13:56.855791+00:00,2025-05-11 17:14:21.853482+00:00,ascending,15,"[7.74188, 44.282337, 11.438158, 46.192093]",4,4,3,2,11
"S1C|2025-05-15 05:34:36.546384+00:00|2025-05-15 05:35:01.544966+00:00|descending|66|(6.372266, 44.359074, 10.088423, 46.268127)",S1C_IW_GRDH_1SDV_20250515T053436_20250515T053501_002337_004EE6_613B_COG,1,True,S1C_IW_GRDH_1SDV_20250515T053436_20250515T053501_002337_004EE6_613B_COG,1,S1C,2025-05-15 05:34:36.546384+00:00,2025-05-15 05:35:01.544966+00:00,descending,66,"[6.372266, 44.359074, 10.088423, 46.268127]",4,4,3,2,11
"S1C|2025-05-16 17:21:54.801444+00:00|2025-05-16 17:22:19.799381+00:00|ascending|88|(5.975205, 43.322453, 9.58352, 45.23563)",S1C_IW_GRDH_1SDV_20250516T172154_20250516T172219_002359_004F85_6001_COG,1,True,S1C_IW_GRDH_1SDV_20250516T172154_20250516T172219_002359_004F85_6001_COG,1,S1C,2025-05-16 17:21:54.801444+00:00,2025-05-16 17:22:19.799381+00:00,ascending,88,"[5.975205, 43.322453, 9.58352, 45.23563]",4,4,3,2,11
"S1C|2025-05-16 17:22:19.800872+00:00|2025-05-16 17:22:44.800306+00:00|ascending|88|(5.520925, 44.827442, 9.299073, 46.730873)",S1C_IW_GRDH_1SDV_20250516T172219_20250516T172244_002359_004F85_E80F_COG,1,True,S1C_IW_GRDH_1SDV_20250516T172219_20250516T172244_002359_004F85_E80F_COG,1,S1C,2025-05-16 17:22:19.800872+00:00,2025-05-16 17:22:44.800306+00:00,ascending,88,"[5.520925, 44.827442, 9.299073, 46.730873]",4,4,3,2,11
"S1C|2025-05-22 05:26:24.547787+00:00|2025-05-22 05:26:49.546949+00:00|descending|168|(8.418983, 44.299545, 12.130386, 46.208839)",S1C_IW_GRDH_1SDV_20250522T052624_20250522T052649_002439_0051B0_72AD_COG,1,True,S1C_IW_GRDH_1SDV_20250522T052624_20250522T052649_002439_0051B0_72AD_COG,1,S1C,2025-05-22 05:26:24.547787+00:00,2025-05-22 05:26:49.546949+00:00,descending,168,"[8.418983, 44.299545, 12.130386, 46.208839]",4,4,3,2,11
"S1C|2025-05-23 17:13:58.378774+00:00|2025-05-23 17:14:23.376539+00:00|ascending|15|(7.737218, 44.282246, 11.433909, 46.192028)",S1C_IW_GRDH_1SDV_20250523T171358_20250523T171423_002461_00524A_5434_COG,1,True,S1C_IW_GRDH_1SDV_20250523T171358_20250523T171423_002461_00524A_5434_COG,1,S1C,2025-05-23 17:13:58.378774+00:00,2025-05-23 17:14:23.376539+00:00,ascending,15,"[7.737218, 44.282246, 11.433909, 46.192028]",4,4,3,2,11
"S1C|2025-05-27 05:34:38.341215+00:00|2025-05-27 05:35:03.339762+00:00|descending|66|(6.367639, 44.359013, 10.083646, 46.268066)",S1C_IW_GRDH_1SDV_20250527T053438_20250527T053503_002512_0053BB_4186_COG,1,True,S1C_IW_GRDH_1SDV_20250527T053438_20250527T053503_002512_0053BB_4186_COG,1,S1C,2025-05-27 05:34:38.341215+00:00,2025-05-27 05:35:03.339762+00:00,descending,66,"[6.367639, 44.359013, 10.083646, 46.268066]",4,4,3,2,11
"S1C|2025-05-28 17:21:56.668018+00:00|2025-05-28 17:22:21.667511+00:00|ascending|88|(5.970849, 43.322327, 9.579215, 45.235603)",S1C_IW_GRDH_1SDV_20250528T172156_20250528T172221_002534_00545C_F8A4_COG,1,True,S1C_IW_GRDH_1SDV_20250528T172156_20250528T172221_002534_00545C_F8A4_COG,1,S1C,2025-05-28 17:21:56.668018+00:00,2025-05-28 17:22:21.667511+00:00,ascending,88,"[5.970849, 43.322327, 9.579215, 45.235603]",4,4,3,2,11
"S1C|2025-05-28 17:22:21.669011+00:00|2025-05-28 17:22:46.667005+00:00|ascending|88|(5.516533, 44.827419, 9.294839, 46.730751)",S1C_IW_GRDH_1SDV_20250528T172221_20250528T172246_002534_00545C_6CFE_COG,1,True,S1C_IW_GRDH_1SDV_20250528T172221_20250528T172246_002534_00545C_6CFE_COG,1,S1C,2025-05-28 17:22:21.669011+00:00,2025-05-28 17:22:46.667005+00:00,ascending,88,"[5.516533, 44.827419, 9.294839, 46.730751]",4,4,3,2,11
"S1C|2025-06-03 05:26:26.019956+00:00|2025-06-03 05:26:51.018934+00:00|descending|168|(8.415425, 44.299534, 12.126905, 46.208721)",S1C_IW_GRDH_1SDV_20250603T052626_20250603T052651_002614_0056AB_AC39_COG,1,True,S1C_IW_GRDH_1SDV_20250603T052626_20250603T052651_002614_0056AB_AC39_COG,1,S1C,2025-06-03 05:26:26.019956+00:00,2025-06-03 05:26:51.018934+00:00,descending,168,"[8.415425, 44.299534, 12.126905, 46.208721]",4,4,3,2,11
"S1C|2025-06-04 17:13:59.262453+00:00|2025-06-04 17:14:24.260226+00:00|ascending|15|(7.737047, 44.282257, 11.433735, 46.192043)",S1C_IW_GRDH_1SDV_20250604T171359_20250604T171424_002636_005748_C275_COG,1,True,S1C_IW_GRDH_1SDV_20250604T171359_20250604T171424_002636_005748_C275_COG,1,S1C,2025-06-04 17:13:59.262453+00:00,2025-06-04 17:14:24.260226+00:00,ascending,15,"[7.737047, 44.282257, 11.433735, 46.192043]",4,4,3,2,11
"S1C|2025-06-08 05:34:39.029310+00:00|2025-06-08 05:35:04.027874+00:00|descending|66|(6.367905, 44.359009, 10.083921, 46.26807)",S1C_IW_GRDH_1SDV_20250608T053439_20250608T053504_002687_0058C3_7E17_COG,1,True,S1C_IW_GRDH_1SDV_20250608T053439_20250608T053504_002687_0058C3_7E17_COG,1,S1C,2025-06-08 05:34:39.029310+00:00,2025-06-08 05:35:04.027874+00:00,descending,66,"[6.367905, 44.359009, 10.083921, 46.26807]",4,4,3,2,11
"S1C|2025-06-09 17:21:57.323315+00:00|2025-06-09 17:22:22.322814+00:00|ascending|88|(5.971092, 43.322376, 9.579453, 45.235638)",S1C_IW_GRDH_1SDV_20250609T172157_20250609T172222_002709_005969_923A_COG,1,True,S1C_IW_GRDH_1SDV_20250609T172157_20250609T172222_002709_005969_923A_COG,1,S1C,2025-06-09 17:21:57.323315+00:00,2025-06-09 17:22:22.322814+00:00,ascending,88,"[5.971092, 43.322376, 9.579453, 45.235638]",4,4,3,2,11
"S1C|2025-06-09 17:22:22.324297+00:00|2025-06-09 17:22:47.322296+00:00|ascending|88|(5.516792, 44.827465, 9.295077, 46.730785)",S1C_IW_GRDH_1SDV_20250609T172222_20250609T172247_002709_005969_A038_COG,1,True,S1C_IW_GRDH_1SDV_20250609T172222_20250609T172247_002709_005969_A038_COG,1,S1C,2025-06-09 17:22:22.324297+00:00,2025-06-09 17:22:47.322296+00:00,ascending,88,"[5.516792, 44.827465, 9.295077, 46.730785]",4,4,3,2,11
"S1C|2025-06-15 05:26:26.646093+00:00|2025-06-15 05:26:51.643630+00:00|descending|168|(8.415282, 44.299603, 12.126715, 46.208672)",S1C_IW_GRDH_1SDV_20250615T052626_20250615T052651_002789_005BB9_367F_COG,1,True,S1C_IW_GRDH_1SDV_20250615T052626_20250615T052651_002789_005BB9_367F_COG,1,S1C,2025-06-15 05:26:26.646093+00:00,2025-06-15 05:26:51.643630+00:00,descending,168,"[8.415282, 44.299603, 12.126715, 46.208672]",4,4,3,2,11
"S1C|2025-06-16 17:13:59.910067+00:00|2025-06-16 17:14:24.907820+00:00|ascending|15|(7.737633, 44.282291, 11.434187, 46.192047)",S1C_IW_GRDH_1SDV_20250616T171359_20250616T171424_002811_005C59_7FCC_COG,1,True,S1C_IW_GRDH_1SDV_20250616T171359_20250616T171424_002811_005C59_7FCC_COG,1,S1C,2025-06-16 17:13:59.910067+00:00,2025-06-16 17:14:24.907820+00:00,ascending,15,"[7.737633, 44.282291, 11.434187, 46.192047]",4,4,3,2,11
"S1C|2025-06-20 05:34:39.641888+00:00|2025-06-20 05:35:04.640458+00:00|descending|66|(6.36867, 44.358913, 10.084846, 46.267998)",S1C_IW_GRDH_1SDV_20250620T053439_20250620T053504_002862_005DD3_F9AA_COG,1,True,S1C_IW_GRDH_1SDV_20250620T053439_20250620T053504_002862_005DD3_F9AA_COG,1,S1C,2025-06-20 05:34:39.641888+00:00,2025-06-20 05:35:04.640458+00:00,descending,66,"[6.36867, 44.358913, 10.084846, 46.267998]",4,4,3,2,11
"S1C|2025-06-21 17:21:57.979566+00:00|2025-06-21 17:22:22.979049+00:00|ascending|88|(5.970585, 43.322372, 9.578972, 45.235661)",S1C_IW_GRDH_1SDV_20250621T172157_20250621T172222_002884_005E73_FEFE_COG,1,True,S1C_IW_GRDH_1SDV_20250621T172157_20250621T172222_002884_005E73_FEFE_COG,1,S1C,2025-06-21 17:21:57.979566+00:00,2025-06-21 17:22:22.979049+00:00,ascending,88,"[5.970585, 43.322372, 9.578972, 45.235661]",4,4,3,2,11
"S1C|2025-06-21 17:22:22.980534+00:00|2025-06-21 17:22:47.978518+00:00|ascending|88|(5.51626, 44.827461, 9.294565, 46.730808)",S1C_IW_GRDH_1SDV_20250621T172222_20250621T172247_002884_005E73_6319_COG,1,True,S1C_IW_GRDH_1SDV_20250621T172222_20250621T172247_002884_005E73_6319_COG,1,S1C,2025-06-21 17:22:22.980534+00:00,2025-06-21 17:22:47.978518+00:00,ascending,88,"[5.51626, 44.827461, 9.294565, 46.730808]",4,4,3,2,11
"S1C|2025-06-27 05:26:27.536097+00:00|2025-06-27 05:26:52.535073+00:00|descending|168|(8.413957, 44.299572, 12.125356, 46.208706)",S1C_IW_GRDH_1SDV_20250627T052627_20250627T052652_002964_0060C9_6856_COG,1,True,S1C_IW_GRDH_1SDV_20250627T052627_20250627T052652_002964_0060C9_6856_COG,1,S1C,2025-06-27 05:26:27.536097+00:00,2025-06-27 05:26:52.535073+00:00,descending,168,"[8.413957, 44.299572, 12.125356, 46.208706]",4,4,3,2,11
"S1C|2025-06-28 17:14:00.218932+00:00|2025-06-28 17:14:25.216804+00:00|ascending|15|(7.739445, 44.282177, 11.436231, 46.191952)",S1C_IW_GRDH_1SDV_20250628T171400_20250628T171425_002986_006161_CE18_COG,1,True,S1C_IW_GRDH_1SDV_20250628T171400_20250628T171425_002986_006161_CE18_COG,1,S1C,2025-06-28 17:14:00.218932+00:00,2025-06-28 17:14:25.216804+00:00,ascending,15,"[7.739445, 44.282177, 11.436231, 46.191952]",4,4,3,2,11
"S1C|2025-07-02 05:34:40.165870+00:00|2025-07-02 05:35:05.164428+00:00|descending|66|(6.369883, 44.358978, 10.086082, 46.268074)",S1C_IW_GRDH_1SDV_20250702T053440_20250702T053505_003037_0062DC_9575_COG,1,True,S1C_IW_GRDH_1SDV_20250702T053440_20250702T053505_003037_0062DC_9575_COG,1,S1C,2025-07-02 05:34:40.165870+00:00,2025-07-02 05:35:05.164428+00:00,descending,66,"[6.369883, 44.358978, 10.086082, 46.268074]",4,4,3,2,11
"S1C|2025-07-03 17:21:58.544503+00:00|2025-07-03 17:22:23.542632+00:00|ascending|88|(5.970296, 43.322182, 9.578794, 45.235443)",S1C_IW_GRDH_1SDV_20250703T172158_20250703T172223_003059_00637F_D930_COG,1,True,S1C_IW_GRDH_1SDV_20250703T172158_20250703T172223_003059_00637F_D930_COG,1,S1C,2025-07-03 17:21:58.544503+00:00,2025-07-03 17:22:23.542632+00:00,ascending,88,"[5.970296, 43.322182, 9.578794, 45.235443]",4,4,3,2,11
"S1C|2025-07-03 17:22:23.544106+00:00|2025-07-03 17:22:48.542233+00:00|ascending|88|(5.515924, 44.827175, 9.294368, 46.730583)",S1C_IW_GRDH_1SDV_20250703T172223_20250703T172248_003059_00637F_8B3B_COG,1,True,S1C_IW_GRDH_1SDV_20250703T172223_20250703T172248_003059_00637F_8B3B_COG,1,S1C,2025-07-03 17:22:23.544106+00:00,2025-07-03 17:22:48.542233+00:00,ascending,88,"[5.515924, 44.827175, 9.294368, 46.730583]",4,4,3,2,11
"S1C|2025-07-09 05:26:28.141373+00:00|2025-07-09 05:26:53.140313+00:00|descending|168|(8.414213, 44.2995, 12.125623, 46.208645)",S1C_IW_GRDH_1SDV_20250709T052628_20250709T052653_003139_0065D1_1426_COG,1,True,S1C_IW_GRDH_1SDV_20250709T052628_20250709T052653_003139_0065D1_1426_COG,1,S1C,2025-07-09 05:26:28.141373+00:00,2025-07-09 05:26:53.140313+00:00,descending,168,"[8.414213, 44.2995, 12.125623, 46.208645]",4,4,3,2,11
"S1C|2025-07-10 17:14:01.434937+00:00|2025-07-10 17:14:26.434354+00:00|ascending|15|(7.73721, 44.282078, 11.434001, 46.191936)",S1C_IW_GRDH_1SDV_20250710T171401_20250710T171426_003161_006672_6F4E_COG,1,True,S1C_IW_GRDH_1SDV_20250710T171401_20250710T171426_003161_006672_6F4E_COG,1,S1C,2025-07-10 17:14:01.434937+00:00,2025-07-10 17:14:26.434354+00:00,ascending,15,"[7.73721, 44.282078, 11.434001, 46.191936]",4,4,3,2,11
"S1C|2025-07-14 05:34:41.165702+00:00|2025-07-14 05:35:06.164174+00:00|descending|66|(6.368329, 44.358925, 10.084509, 46.267994)",S1C_IW_GRDH_1SDV_20250714T053441_20250714T053506_003212_0067EB_EE07_COG,1,True,S1C_IW_GRDH_1SDV_20250714T053441_20250714T053506_003212_0067EB_EE07_COG,1,S1C,2025-07-14 05:34:41.165702+00:00,2025-07-14 05:35:06.164174+00:00,descending,66,"[6.368329, 44.358925, 10.084509, 46.267994]",4,4,3,2,11
"S1C|2025-07-15 17:21:59.414291+00:00|2025-07-15 17:22:24.412440+00:00|ascending|88|(5.969819, 43.322151, 9.578316, 45.235428)",S1C_IW_GRDH_1SDV_20250715T172159_20250715T172224_003234_00688E_3AEC_COG,1,True,S1C_IW_GRDH_1SDV_20250715T172159_20250715T172224_003234_00688E_3AEC_COG,1,S1C,2025-07-15 17:21:59.414291+00:00,2025-07-15 17:22:24.412440+00:00,ascending,88,"[5.969819, 43.322151, 9.578316, 45.235428]",4,4,3,2,11
"S1C|2025-07-15 17:22:24.413944+00:00|2025-07-15 17:22:49.412094+00:00|ascending|88|(5.51544, 44.827148, 9.293893, 46.730568)",S1C_IW_GRDH_1SDV_20250715T172224_20250715T172249_003234_00688E_5E71_COG,1,True,S1C_IW_GRDH_1SDV_20250715T172224_20250715T172249_003234_00688E_5E71_COG,1,S1C,2025-07-15 17:22:24.413944+00:00,2025-07-15 17:22:49.412094+00:00,ascending,88,"[5.51544, 44.827148, 9.293893, 46.730568]",4,4,3,2,11
"S1C|2025-07-21 05:26:28.836647+00:00|2025-07-21 05:26:53.835669+00:00|descending|168|(8.415888, 44.299385, 12.127347, 46.208588)",S1C_IW_GRDH_1SDV_20250721T052628_20250721T052653_003314_006AE8_C2BB_COG,1,True,S1C_IW_GRDH_1SDV_20250721T052628_20250721T052653_003314_006AE8_C2BB_COG,1,S1C,2025-07-21 05:26:28.836647+00:00,2025-07-21 05:26:53.835669+00:00,descending,168,"[8.415888, 44.299385, 12.127347, 46.208588]",4,4,3,2,11
"S1C|2025-07-22 17:14:02.119845+00:00|2025-07-22 17:14:27.117605+00:00|ascending|15|(7.737627, 44.282349, 11.434186, 46.192108)",S1C_IW_GRDH_1SDV_20250722T171402_20250722T171427_003336_006B85_AE0C_COG,1,True,S1C_IW_GRDH_1SDV_20250722T171402_20250722T171427_003336_006B85_AE0C_COG,1,S1C,2025-07-22 17:14:02.119845+00:00,2025-07-22 17:14:27.117605+00:00,ascending,15,"[7.737627, 44.282349, 11.434186, 46.192108]",4,4,3,2,11
"S1C|2025-07-26 05:34:41.966530+00:00|2025-07-26 05:35:06.965094+00:00|descending|66|(6.368016, 44.358875, 10.084153, 46.26791)",S1C_IW_GRDH_1SDV_20250726T053441_20250726T053506_003387_006D07_FDAA_COG,1,True,S1C_IW_GRDH_1SDV_20250726T053441_20250726T053506_003387_006D07_FDAA_COG,1,S1C,2025-07-26 05:34:41.966530+00:00,2025-07-26 05:35:06.965094+00:00,descending,66,"[6.368016, 44.358875, 10.084153, 46.26791]",4,4,3,2,11
"S1C|2025-07-27 17:22:00.251175+00:00|2025-07-27 17:22:25.250663+00:00|ascending|88|(5.971157, 43.322426, 9.57954, 45.235706)",S1C_IW_GRDH_1SDV_20250727T172200_20250727T172225_003409_006DAD_4079_COG,1,True,S1C_IW_GRDH_1SDV_20250727T172200_20250727T172225_003409_006DAD_4079_COG,1,S1C,2025-07-27 17:22:00.251175+00:00,2025-07-27 17:22:25.250663+00:00,ascending,88,"[5.971157, 43.322426, 9.57954, 45.235706]",4,4,3,2,11
"S1C|2025-07-27 17:22:25.252154+00:00|2025-07-27 17:22:50.250144+00:00|ascending|88|(5.516839, 44.827515, 9.295146, 46.730854)",S1C_IW_GRDH_1SDV_20250727T172225_20250727T172250_003409_006DAD_DDF0_COG,1,True,S1C_IW_GRDH_1SDV_20250727T172225_20250727T172250_003409_006DAD_DDF0_COG,1,S1C,2025-07-27 17:22:25.252154+00:00,2025-07-27 17:22:50.250144+00:00,ascending,88,"[5.516839, 44.827515, 9.295146, 46.730854]",4,4,3,2,11
"S1C|2025-08-02 05:26:29.510937+00:00|2025-08-02 05:26:54.509954+00:00|descending|168|(8.415133, 44.299366, 12.12654, 46.208542)",S1C_IW_GRDH_1SDV_20250802T052629_20250802T052654_003489_007008_0ECB_COG,1,True,S1C_IW_GRDH_1SDV_20250802T052629_20250802T052654_003489_007008_0ECB_COG,1,S1C,2025-08-02 05:26:29.510937+00:00,2025-08-02 05:26:54.509954+00:00,descending,168,"[8.415133, 44.299366, 12.12654, 46.208542]",4,4,3,2,11
"S1C|2025-08-03 17:14:02.807139+00:00|2025-08-03 17:14:27.806380+00:00|ascending|15|(7.737256, 44.282379, 11.433831, 46.192215)",S1C_IW_GRDH_1SDV_20250803T171402_20250803T171427_003511_0070A4_092A_COG,1,True,S1C_IW_GRDH_1SDV_20250803T171402_20250803T171427_003511_0070A4_092A_COG,1,S1C,2025-08-03 17:14:02.807139+00:00,2025-08-03 17:14:27.806380+00:00,ascending,15,"[7.737256, 44.282379, 11.433831, 46.192215]",4,4,3,2,11
"S1C|2025-08-08 17:22:00.792670+00:00|2025-08-08 17:22:25.790630+00:00|ascending|88|(5.971509, 43.322578, 9.579857, 45.235737)",S1C_IW_GRDH_1SDV_20250808T172200_20250808T172225_003584_0072D8_725D_COG,1,True,S1C_IW_GRDH_1SDV_20250808T172200_20250808T172225_003584_0072D8_725D_COG,1,S1C,2025-08-08 17:22:00.792670+00:00,2025-08-08 17:22:25.790630+00:00,ascending,88,"[5.971509, 43.322578, 9.579857, 45.235737]",4,4,3,2,11
"S1C|2025-08-08 17:22:25.792116+00:00|2025-08-08 17:22:50.790076+00:00|ascending|88|(5.517226, 44.827579, 9.295381, 46.730873)",S1C_IW_GRDH_1SDV_20250808T172225_20250808T172250_003584_0072D8_1E30_COG,1,True,S1C_IW_GRDH_1SDV_20250808T172225_20250808T172250_003584_0072D8_1E30_COG,1,S1C,2025-08-08 17:22:25.792116+00:00,2025-08-08 17:22:50.790076+00:00,ascending,88,"[5.517226, 44.827579, 9.295381, 46.730873]",4,4,3,2,11
"S1C|2025-08-14 05:26:30.127641+00:00|2025-08-14 05:26:55.126651+00:00|descending|168|(8.414375, 44.299393, 12.125812, 46.208538)",S1C_IW_GRDH_1SDV_20250814T052630_20250814T052655_003664_00753D_1189_COG,1,True,S1C_IW_GRDH_1SDV_20250814T052630_20250814T052655_003664_00753D_1189_COG,1,S1C,2025-08-14 05:26:30.127641+00:00,2025-08-14 05:26:55.126651+00:00,descending,168,"[8.414375, 44.299393, 12.125812, 46.208538]",4,4,3,2,11
"S1C|2025-08-15 17:14:03.320229+00:00|2025-08-15 17:14:28.319444+00:00|ascending|15|(7.737246, 44.282425, 11.433826, 46.192261)",S1C_IW_GRDH_1SDV_20250815T171403_20250815T171428_003686_0075E1_58A2_COG,1,True,S1C_IW_GRDH_1SDV_20250815T171403_20250815T171428_003686_0075E1_58A2_COG,1,S1C,2025-08-15 17:14:03.320229+00:00,2025-08-15 17:14:28.319444+00:00,ascending,15,"[7.737246, 44.282425, 11.433826, 46.192261]",4,4,3,2,11
"S1C|2025-08-19 05:34:42.898737+00:00|2025-08-19 05:35:07.897292+00:00|descending|66|(6.368356, 44.358784, 10.084379, 46.267834)",S1C_IW_GRDH_1SDV_20250819T053442_20250819T053507_003737_007770_AB0A_COG,1,True,S1C_IW_GRDH_1SDV_20250819T053442_20250819T053507_003737_007770_AB0A_COG,1,S1C,2025-08-19 05:34:42.898737+00:00,2025-08-19 05:35:07.897292+00:00,descending,66,"[6.368356, 44.358784, 10.084379, 46.267834]",4,4,3,2,11
"S1C|2025-08-20 17:22:01.176656+00:00|2025-08-20 17:22:26.174608+00:00|ascending|88|(5.971399, 43.322586, 9.579749, 45.235767)",S1C_IW_GRDH_1SDV_20250820T172201_20250820T172226_003759_007815_0BAB_COG,1,True,S1C_IW_GRDH_1SDV_20250820T172201_20250820T172226_003759_007815_0BAB_COG,1,S1C,2025-08-20 17:22:01.176656+00:00,2025-08-20 17:22:26.174608+00:00,ascending,88,"[5.971399, 43.322586, 9.579749, 45.235767]",4,4,3,2,11
"S1C|2025-08-20 17:22:26.176087+00:00|2025-08-20 17:22:51.174038+00:00|ascending|88|(5.517078, 44.827587, 9.295387, 46.730911)",S1C_IW_GRDH_1SDV_20250820T172226_20250820T172251_003759_007815_0E61_COG,1,True,S1C_IW_GRDH_1SDV_20250820T172226_20250820T172251_003759_007815_0E61_COG,1,S1C,2025-08-20 17:22:26.176087+00:00,2025-08-20 17:22:51.174038+00:00,ascending,88,"[5.517078, 44.827587, 9.295387, 46.730911]",4,4,3,2,11
"S1C|2025-08-26 05:26:30.577715+00:00|2025-08-26 05:26:55.576740+00:00|descending|168|(8.414622, 44.299343, 12.126114, 46.208496)",S1C_IW_GRDH_1SDV_20250826T052630_20250826T052655_003839_007A82_639A_COG,1,True,S1C_IW_GRDH_1SDV_20250826T052630_20250826T052655_003839_007A82_639A_COG,1,S1C,2025-08-26 05:26:30.577715+00:00,2025-08-26 05:26:55.576740+00:00,descending,168,"[8.414622, 44.299343, 12.126114, 46.208496]",4,4,3,2,11
"S1C|2025-08-27 17:14:03.805817+00:00|2025-08-27 17:14:28.805067+00:00|ascending|15|(7.736969, 44.282413, 11.433559, 46.192261)",S1C_IW_GRDH_1SDV_20250827T171403_20250827T171428_003861_007B20_409A_COG,1,True,S1C_IW_GRDH_1SDV_20250827T171403_20250827T171428_003861_007B20_409A_COG,1,S1C,2025-08-27 17:14:03.805817+00:00,2025-08-27 17:14:28.805067+00:00,ascending,15,"[7.736969, 44.282413, 11.433559, 46.192261]",4,4,3,2,11
"S1C|2025-08-31 05:34:43.371302+00:00|2025-08-31 05:35:08.369908+00:00|descending|66|(6.369254, 44.358826, 10.085584, 46.267967)",S1C_IW_GRDH_1SDV_20250831T053443_20250831T053508_003912_007CAC_02DA_COG,1,True,S1C_IW_GRDH_1SDV_20250831T053443_20250831T053508_003912_007CAC_02DA_COG,1,S1C,2025-08-31 05:34:43.371302+00:00,2025-08-31 05:35:08.369908+00:00,descending,66,"[6.369254, 44.358826, 10.085584, 46.267967]",4,4,3,2,11
"S1C|2025-09-01 17:22:01.638317+00:00|2025-09-01 17:22:26.636362+00:00|ascending|88|(5.969426, 43.322407, 9.577831, 45.235672)",S1C_IW_GRDH_1SDV_20250901T172201_20250901T172226_003934_007D5B_CE13_COG,1,True,S1C_IW_GRDH_1SDV_20250901T172201_20250901T172226_003934_007D5B_CE13_COG,1,S1C,2025-09-01 17:22:01.638317+00:00,2025-09-01 17:22:26.636362+00:00,ascending,88,"[5.969426, 43.322407, 9.577831, 45.235672]",4,4,3,2,11
"S1C|2025-09-01 17:22:26.637848+00:00|2025-09-01 17:22:51.635893+00:00|ascending|88|(5.515026, 44.8274, 9.293389, 46.730812)",S1C_IW_GRDH_1SDV_20250901T172226_20250901T172251_003934_007D5B_803F_COG,1,True,S1C_IW_GRDH_1SDV_20250901T172226_20250901T172251_003934_007D5B_803F_COG,1,S1C,2025-09-01 17:22:26.637848+00:00,2025-09-01 17:22:51.635893+00:00,ascending,88,"[5.515026, 44.8274, 9.293389, 46.730812]",4,4,3,2,11
"S1C|2025-09-07 05:26:30.951215+00:00|2025-09-07 05:26:55.950283+00:00|descending|168|(8.415707, 44.299454, 12.127325, 46.208637)",S1C_IW_GRDH_1SDV_20250907T052630_20250907T052655_004014_007FB5_534C_COG,1,True,S1C_IW_GRDH_1SDV_20250907T052630_20250907T052655_004014_007FB5_534C_COG,1,S1C,2025-09-07 05:26:30.951215+00:00,2025-09-07 05:26:55.950283+00:00,descending,168,"[8.415707, 44.299454, 12.127325, 46.208637]",4,4,3,2,11
"S1C|2025-09-08 17:14:04.377467+00:00|2025-09-08 17:14:29.375357+00:00|ascending|15|(7.736875, 44.282295, 11.433682, 46.192085)",S1C_IW_GRDH_1SDV_20250908T171404_20250908T171429_004036_008067_F938_COG,1,True,S1C_IW_GRDH_1SDV_20250908T171404_20250908T171429_004036_008067_F938_COG,1,S1C,2025-09-08 17:14:04.377467+00:00,2025-09-08 17:14:29.375357+00:00,ascending,15,"[7.736875, 44.282295, 11.433682, 46.192085]",4,4,3,2,11
"S1C|2025-09-12 05:34:43.966574+00:00|2025-09-12 05:35:08.965188+00:00|descending|66|(6.368268, 44.358925, 10.084583, 46.268024)",S1C_IW_GRDH_1SDV_20250912T053443_20250912T053508_004087_0081FD_747B_COG,1,True,S1C_IW_GRDH_1SDV_20250912T053443_20250912T053508_004087_0081FD_747B_COG,1,S1C,2025-09-12 05:34:43.966574+00:00,2025-09-12 05:35:08.965188+00:00,descending,66,"[6.368268, 44.358925, 10.084583, 46.268024]",4,4,3,2,11
"S1C|2025-09-13 17:22:02.136249+00:00|2025-09-13 17:22:27.134381+00:00|ascending|88|(5.969392, 43.322304, 9.577882, 45.235573)",S1C_IW_GRDH_1SDV_20250913T172202_20250913T172227_004109_0082AA_75EB_COG,1,True,S1C_IW_GRDH_1SDV_20250913T172202_20250913T172227_004109_0082AA_75EB_COG,1,S1C,2025-09-13 17:22:02.136249+00:00,2025-09-13 17:22:27.134381+00:00,ascending,88,"[5.969392, 43.322304, 9.577882, 45.235573]",4,4,3,2,11
"S1C|2025-09-13 17:22:27.135864+00:00|2025-09-13 17:22:52.133994+00:00|ascending|88|(5.514976, 44.827301, 9.293474, 46.730713)",S1C_IW_GRDH_1SDV_20250913T172227_20250913T172252_004109_0082AA_96E1_COG,1,True,S1C_IW_GRDH_1SDV_20250913T172227_20250913T172252_004109_0082AA_96E1_COG,1,S1C,2025-09-13 17:22:27.135864+00:00,2025-09-13 17:22:52.133994+00:00,ascending,88,"[5.514976, 44.827301, 9.293474, 46.730713]",4,4,3,2,11
"S1C|2025-09-19 05:26:31.438954+00:00|2025-09-19 05:26:56.438044+00:00|descending|168|(8.414928, 44.299461, 12.126725, 46.208656)",S1C_IW_GRDH_1SDV_20250919T052631_20250919T052656_004189_00850E_7BEE_COG,1,True,S1C_IW_GRDH_1SDV_20250919T052631_20250919T052656_004189_00850E_7BEE_COG,2,S1C,2025-09-19 05:26:31.438954+00:00,2025-09-19 05:26:56.438044+00:00,descending,168,"[8.414928, 44.299461, 12.126725, 46.208656]",4,4,3,2,11
"S1C|2025-09-19 05:26:31.438954+00:00|2025-09-19 05:26:56.438044+00:00|descending|168|(8.414928, 44.299461, 12.126725, 46.208656)",S1C_IW_GRDH_1SDV_20250919T052631_20250919T052656_004189_00850E_A4CE_COG,2,False,S1C_IW_GRDH_1SDV_20250919T052631_20250919T052656_004189_00850E_7BEE_COG,2,S1C,2025-09-19 05:26:31.438954+00:00,2025-09-19 05:26:56.438044+00:00,descending,168,"[8.414928, 44.299461, 12.126725, 46.208656]",4,4,3,2,11
"S1C|2025-09-20 17:14:04.718979+00:00|2025-09-20 17:14:29.718404+00:00|ascending|15|(7.737012, 44.2822, 11.433831, 46.192062)",S1C_IW_GRDH_1SDV_20250920T171404_20250920T171429_004211_0085B5_3F48_COG,1,True,S1C_IW_GRDH_1SDV_20250920T171404_20250920T171429_004211_0085B5_3F48_COG,2,S1C,2025-09-20 17:14:04.718979+00:00,2025-09-20 17:14:29.718404+00:00,ascending,15,"[7.737012, 44.2822, 11.433831, 46.192062]",4,4,3,2,11
"S1C|2025-09-20 17:14:04.718979+00:00|2025-09-20 17:14:29.718404+00:00|ascending|15|(7.737012, 44.2822, 11.433831, 46.192062)",S1C_IW_GRDH_1SDV_20250920T171404_20250920T171429_004211_0085B5_5AC8_COG,2,False,S1C_IW_GRDH_1SDV_20250920T171404_20250920T171429_004211_0085B5_3F48_COG,2,S1C,2025-09-20 17:14:04.718979+00:00,2025-09-20 17:14:29.718404+00:00,ascending,15,"[7.737012, 44.2822, 11.433831, 46.192062]",4,4,3,2,11
"S1C|2025-09-24 05:34:44.080318+00:00|2025-09-24 05:35:09.078951+00:00|descending|66|(6.368793, 44.358913, 10.085219, 46.268005)",S1C_IW_GRDH_1SDV_20250924T053444_20250924T053509_004262_008748_4209_COG,1,True,S1C_IW_GRDH_1SDV_20250924T053444_20250924T053509_004262_008748_4209_COG,1,S1C,2025-09-24 05:34:44.080318+00:00,2025-09-24 05:35:09.078951+00:00,descending,66,"[6.368793, 44.358913, 10.085219, 46.268005]",4,4,3,2,11
"S1C|2025-09-25 17:22:02.270948+00:00|2025-09-25 17:22:27.269097+00:00|ascending|88|(5.970708, 43.322323, 9.5793, 45.23558)",S1C_IW_GRDH_1SDV_20250925T172202_20250925T172227_004284_0087F3_C681_COG,1,True,S1C_IW_GRDH_1SDV_20250925T172202_20250925T172227_004284_0087F3_C681_COG,1,S1C,2025-09-25 17:22:02.270948+00:00,2025-09-25 17:22:27.269097+00:00,ascending,88,"[5.970708, 43.322323, 9.5793, 45.23558]",4,4,3,2,11
"S1C|2025-09-25 17:22:27.270594+00:00|2025-09-25 17:22:52.268743+00:00|ascending|88|(5.51632, 44.827324, 9.294807, 46.730705)",S1C_IW_GRDH_1SDV_20250925T172227_20250925T172252_004284_0087F3_2D77_COG,1,True,S1C_IW_GRDH_1SDV_20250925T172227_20250925T172252_004284_0087F3_2D77_COG,1,S1C,2025-09-25 17:22:27.270594+00:00,2025-09-25 17:22:52.268743+00:00,ascending,88,"[5.51632, 44.827324, 9.294807, 46.730705]",4,4,3,2,11
