scene_id,resolve_status,resolve_source,remote_attempts,platform,datetime,end_datetime,instrument_mode,polarizations,orbit_state,relative_orbit,absolute_orbit,product_type,processing_level,bbox,asset_count,stac_item_url
S1A_IW_GRDH_1SDH_20160703T171433_20160703T171502_011987_0127E7_E254_COG,OK,CACHE,0,sentinel-1a,2016-07-03T17:14:33.859745Z,2016-07-03T17:15:02.877947Z,IW,HH|HV,ascending,15,11987,,L1,"[7.769894, 44.206093, 11.346286, 46.339375]",11,https://stac.dataspace.copernicus.eu/v1/collections/sentinel-1-grd/items/S1A_IW_GRDH_1SDH_20160703T171433_20160703T171502_011987_0127E7_E254_COG
S1A_IW_GRDH_1SDH_20160820T171428_20160820T171457_012687_013EFA_F8E1_COG,OK,CACHE,0,sentinel-1a,2016-08-20T17:14:28.175429Z,2016-08-20T17:14:57.197676Z,IW,HH|HV,ascending,15,12687,,L1,"[7.875448, 43.708984, 11.450511, 45.839859]",11,https://stac.dataspace.copernicus.eu/v1/collections/sentinel-1-grd/items/S1A_IW_GRDH_1SDH_20160820T171428_20160820T171457_012687_013EFA_F8E1_COG
S1A_IW_GRDH_1SDH_20160820T171457_20160820T171522_012687_013EFA_A180_COG,OK,CACHE,0,sentinel-1a,2016-08-20T17:14:57.199173Z,2016-08-20T17:15:22.197498Z,IW,HH|HV,ascending,15,12687,,L1,"[7.456852, 45.449856, 11.071508, 47.338978]",11,https://stac.dataspace.copernicus.eu/v1/collections/sentinel-1-grd/items/S1A_IW_GRDH_1SDH_20160820T171457_20160820T171522_012687_013EFA_A180_COG
S1A_IW_GRDH_1SDV_20150403T052645_20150403T052710_005315_006BAF_A1B7_COG,OK,CACHE,0,sentinel-1a,2015-04-03T05:26:45.357265Z,2015-04-03T05:27:10.356243Z,IW,VV|VH,descending,168,5315,,L1,"[8.57012, 44.636127, 12.191187, 46.536819]",11,https://stac.dataspace.copernicus.eu/v1/collections/sentinel-1-grd/items/S1A_IW_GRDH_1SDV_20150403T052645_20150403T052710_005315_006BAF_A1B7_COG
S1A_IW_GRDH_1SDV_20150403T052710_20150403T052735_005315_006BAF_18BD_COG,OK,CACHE,0,sentinel-1a,2015-04-03T05:27:10.357732Z,2015-04-03T05:27:35.355212Z,IW,VV|VH,descending,168,5315,,L1,"[8.239372, 43.137455, 11.796596, 45.035545]",11,https://stac.dataspace.copernicus.eu/v1/collections/sentinel-1-grd/items/S1A_IW_GRDH_1SDV_20150403T052710_20150403T052735_005315_006BAF_18BD_COG
S1A_IW_GRDH_1SDV_20150404T171422_20150404T171447_005337_006C3A_D8EE_COG,OK,CACHE,0,sentinel-1a,2015-04-04T17:14:22.614157Z,2015-04-04T17:14:47.613973Z,IW,VV|VH,ascending,15,5337,,L1,"[7.779336, 44.188366, 11.398627, 46.088936]",11,https://stac.dataspace.copernicus.eu/v1/collections/sentinel-1-grd/items/S1A_IW_GRDH_1SDV_20150404T171422_20150404T171447_005337_006C3A_D8EE_COG
S1A_IW_GRDH_1SDV_20150415T052640_20150415T052705_005490_007029_3A38_COG,OK,CACHE,0,sentinel-1a,2015-04-15T05:26:40.276154Z,2015-04-15T05:27:05.275361Z,IW,VV|VH,descending,168,5490,,L1,"[8.642899, 44.966793, 12.278287, 46.86816]",11,https://stac.dataspace.copernicus.eu/v1/collections/sentinel-1-grd/items/S1A_IW_GRDH_1SDV_20150415T052640_20150415T052705_005490_007029_3A38_COG
S1A_IW_GRDH_1SDV_20150415T052705_20150415T052730_005490_007029_EBC9_COG,OK,CACHE,0,sentinel-1a,2015-04-15T05:27:05.276857Z,2015-04-15T05:27:30.274567Z,IW,VV|VH,descending,168,5490,,L1,"[8.311255, 43.468277, 11.888474, 45.366253]",11,https://stac.dataspace.copernicus.eu/v1/collections/sentinel-1-grd/items/S1A_IW_GRDH_1SDV_20150415T052705_20150415T052730_005490_007029_EBC9_COG
S1A_IW_GRDH_1SDV_20150416T171423_20150416T171448_005512_00709D_38D0_COG,OK,CACHE,0,sentinel-1a,2015-04-16T17:14:23.003399Z,2015-04-16T17:14:48.003046Z,IW,VV|VH,ascending,15,5512,,L1,"[7.779081, 44.188503, 11.39829, 46.089085]",11,https://stac.dataspace.copernicus.eu/v1/collections/sentinel-1-grd/items/S1A_IW_GRDH_1SDV_20150416T171423_20150416T171448_005512_00709D_38D0_COG
S1A_IW_GRDH_1SDV_20150421T172237_20150421T172302_005585_007258_FE7B_COG,OK,CACHE,0,sentinel-1a,2015-04-21T17:22:37.765000Z,2015-04-21T17:23:02.764236Z,IW,VV|VH,ascending,88,5585,,L1,"[5.714526, 44.246326, 9.341566, 46.142849]",11,https://stac.dataspace.copernicus.eu/v1/collections/sentinel-1-grd/items/S1A_IW_GRDH_1SDV_20150421T172237_20150421T172302_005585_007258_FE7B_COG
S1A_IW_GRDH_1SDV_20150427T052641_20150427T052706_005665_007448_066B_COG,OK,CACHE,0,sentinel-1a,2015-04-27T05:26:41.096576Z,2015-04-27T05:27:06.094430Z,IW,VV|VH,descending,168,5665,,L1,"[8.644002, 44.966694, 12.279477, 46.868069]",11,https://stac.dataspace.copernicus.eu/v1/collections/sentinel-1-grd/items/S1A_IW_GRDH_1SDV_20150427T052641_20150427T052706_005665_007448_066B_COG
S1A_IW_GRDH_1SDV_20150427T052706_20150427T052731_005665_007448_072D_COG,OK,CACHE,0,sentinel-1a,2015-04-27T05:27:06.095921Z,2015-04-27T05:27:31.095271Z,IW,VV|VH,descending,168,5665,,L1,"[8.312284, 43.468094, 11.889681, 45.366245]",11,https://stac.dataspace.copernicus.eu/v1/collections/sentinel-1-grd/items/S1A_IW_GRDH_1SDV_20150427T052706_20150427T052731_005665_007448_072D_COG
S1A_IW_GRDH_1SDV_20150428T171438_20150428T171510_005687_0074BD_CDC0_COG,OK,CACHE,0,sentinel-1a,2015-04-28T17:14:38.955298Z,2015-04-28T17:15:10.506845Z,IW,VV|VH,ascending,15,5687,,L1,"[7.379722, 45.085686, 11.157321, 47.377041]",11,https://stac.dataspace.copernicus.eu/v1/collections/sentinel-1-grd/items/S1A_IW_GRDH_1SDV_20150428T171438_20150428T171510_005687_0074BD_CDC0_COG
S1A_IW_GRDH_1SDV_20150502T053449_20150502T053518_005738_0075E4_6258_COG,OK,CACHE,0,sentinel-1a,2015-05-02T05:34:49.437232Z,2015-05-02T05:35:18.353295Z,IW,VV|VH,descending,66,5738,,L1,"[6.641566, 45.078548, 10.303509, 47.212486]",11,https://stac.dataspace.copernicus.eu/v1/collections/sentinel-1-grd/items/S1A_IW_GRDH_1SDV_20150502T053449_20150502T053518_005738_0075E4_6258_COG
S1A_IW_GRDH_1SDV_20150502T053518_20150502T053543_005738_0075E4_5FF8_COG,OK,CACHE,0,sentinel-1a,2015-05-02T05:35:18.354791Z,2015-05-02T05:35:43.353455Z,IW,VV|VH,descending,66,5738,,L1,"[6.313295, 43.579407, 9.860241, 45.474388]",11,https://stac.dataspace.copernicus.eu/v1/collections/sentinel-1-grd/items/S1A_IW_GRDH_1SDV_20150502T053518_20150502T053543_005738_0075E4_5FF8_COG
S1A_IW_GRDH_1SDV_20150509T052653_20150509T052718_005840_007841_A5F8_COG,OK,CACHE,0,sentinel-1a,2015-05-09T05:26:53.108245Z,2015-05-09T05:27:18.106872Z,IW,VV|VH,descending,168,5840,,L1,"[8.475952, 44.285446, 12.101841, 46.184986]",11,https://stac.dataspace.copernicus.eu/v1/collections/sentinel-1-grd/items/S1A_IW_GRDH_1SDV_20150509T052653_20150509T052718_005840_007841_A5F8_COG
S1A_IW_GRDH_1SDV_20150514T053449_20150514T053518_005913_0079E8_64A1_COG,OK,CACHE,0,sentinel-1a,2015-05-14T05:34:49.450442Z,2015-05-14T05:35:18.352281Z,IW,VV|VH,descending,66,5913,,L1,"[6.638903, 45.074821, 10.337654, 47.211933]",11,https://stac.dataspace.copernicus.eu/v1/collections/sentinel-1-grd/items/S1A_IW_GRDH_1SDV_20150514T053449_20150514T053518_005913_0079E8_64A1_COG
S1A_IW_GRDH_1SDV_20150514T053518_20150514T053543_005913_0079E8_0FAE_COG,OK,CACHE,0,sentinel-1a,2015-05-14T05:35:18.353775Z,2015-05-14T05:35:43.352342Z,IW,VV|VH,descending,66,5913,,L1,"[6.310565, 43.575729, 9.890305, 45.475071]",11,https://stac.dataspace.copernicus.eu/v1/collections/sentinel-1-grd/items/S1A_IW_GRDH_1SDV_20150514T053518_20150514T053543_005913_0079E8_0FAE_COG
S1A_IW_GRDH_1SDV_20150515T172239_20150515T172304_005935_007A51_F1D6_COG,OK,CACHE,0,sentinel-1a,2015-05-15T17:22:39.122452Z,2015-05-15T17:23:04.121368Z,IW,VV|VH,ascending,88,5935,,L1,"[5.714616, 44.24662, 9.358736, 46.14497]",11,https://stac.dataspace.copernicus.eu/v1/collections/sentinel-1-grd/items/S1A_IW_GRDH_1SDV_20150515T172239_20150515T172304_005935_007A51_F1D6_COG
S1A_IW_GRDH_1SDV_20150521T052640_20150521T052709_006015_007C1A_4BDE_COG,OK,CACHE,0,sentinel-1a,2015-05-21T05:26:40.276274Z,2015-05-21T05:27:09.178709Z,IW,VV|VH,descending,168,6015,,L1,"[8.644677, 44.850018, 12.337975, 46.986782]",11,https://stac.dataspace.copernicus.eu/v1/collections/sentinel-1-grd/items/S1A_IW_GRDH_1SDV_20150521T052640_20150521T052709_006015_007C1A_4BDE_COG
S1A_IW_GRDH_1SDV_20150521T052709_20150521T052734_006015_007C1A_DA90_COG,OK,CACHE,0,sentinel-1a,2015-05-21T05:27:09.180202Z,2015-05-21T05:27:34.178194Z,IW,VV|VH,descending,168,6015,,L1,"[8.312232, 43.351528, 11.885357, 45.2505]",11,https://stac.dataspace.copernicus.eu/v1/collections/sentinel-1-grd/items/S1A_IW_GRDH_1SDV_20150521T052709_20150521T052734_006015_007C1A_DA90_COG
S1A_IW_GRDH_1SDV_20150522T171425_20150522T171450_006037_007CBA_4DE2_COG,OK,CACHE,0,sentinel-1a,2015-05-22T17:14:25.193808Z,2015-05-22T17:14:50.192030Z,IW,VV|VH,ascending,15,6037,,L1,"[7.778301, 44.188496, 11.439551, 46.093578]",11,https://stac.dataspace.copernicus.eu/v1/collections/sentinel-1-grd/items/S1A_IW_GRDH_1SDV_20150522T171425_20150522T171450_006037_007CBA_4DE2_COG
S1A_IW_GRDH_1SDV_20150603T171426_20150603T171451_006212_0081AF_101C_COG,OK,CACHE,0,sentinel-1a,2015-06-03T17:14:26.012646Z,2015-06-03T17:14:51.011312Z,IW,VV|VH,ascending,15,6212,,L1,"[7.778862, 44.188496, 11.354915, 46.084263]",11,https://stac.dataspace.copernicus.eu/v1/collections/sentinel-1-grd/items/S1A_IW_GRDH_1SDV_20150603T171426_20150603T171451_006212_0081AF_101C_COG
S1A_IW_GRDH_1SDV_20150607T053451_20150607T053520_006263_008344_BC7D_COG,OK,CACHE,0,sentinel-1a,2015-06-07T05:34:51.580930Z,2015-06-07T05:35:20.495678Z,IW,VV|VH,descending,66,6263,,L1,"[6.643266, 45.078396, 10.304836, 47.212372]",11,https://stac.dataspace.copernicus.eu/v1/collections/sentinel-1-grd/items/S1A_IW_GRDH_1SDV_20150607T053451_20150607T053520_006263_008344_BC7D_COG
S1A_IW_GRDH_1SDV_20150607T053520_20150607T053545_006263_008344_2741_COG,OK,CACHE,0,sentinel-1a,2015-06-07T05:35:20.497174Z,2015-06-07T05:35:45.495994Z,IW,VV|VH,descending,66,6263,,L1,"[6.314812, 43.579262, 9.862043, 45.474327]",11,https://stac.dataspace.copernicus.eu/v1/collections/sentinel-1-grd/items/S1A_IW_GRDH_1SDV_20150607T053520_20150607T053545_006263_008344_2741_COG
S1A_IW_GRDH_1SDV_20150614T052642_20150614T052710_006365_00862F_7CF0_COG,OK,CACHE,0,sentinel-1a,2015-06-14T05:26:42.013974Z,2015-06-14T05:27:10.917763Z,IW,VV|VH,descending,168,6365,,L1,"[8.6502, 44.853794, 12.306503, 46.986313]",11,https://stac.dataspace.copernicus.eu/v1/collections/sentinel-1-grd/items/S1A_IW_GRDH_1SDV_20150614T052642_20150614T052710_006365_00862F_7CF0_COG
S1A_IW_GRDH_1SDV_20150615T171426_20150615T171451_006387_0086C9_677D_COG,OK,CACHE,0,sentinel-1a,2015-06-15T17:14:26.780736Z,2015-06-15T17:14:51.778781Z,IW,VV|VH,ascending,15,6387,,L1,"[7.778911, 44.188503, 11.354346, 46.084152]",11,https://stac.dataspace.copernicus.eu/v1/collections/sentinel-1-grd/items/S1A_IW_GRDH_1SDV_20150615T171426_20150615T171451_006387_0086C9_677D_COG
S1A_IW_GRDH_1SDV_20150619T053452_20150619T053521_006438_008841_0C7C_COG,OK,CACHE,0,sentinel-1a,2015-06-19T05:34:52.148436Z,2015-06-19T05:35:21.058478Z,IW,VV|VH,descending,66,6438,,L1,"[6.642821, 45.078499, 10.3046, 47.212063]",11,https://stac.dataspace.copernicus.eu/v1/collections/sentinel-1-grd/items/S1A_IW_GRDH_1SDV_20150619T053452_20150619T053521_006438_008841_0C7C_COG
S1A_IW_GRDH_1SDV_20150626T052642_20150626T052711_006540_008B28_6BB4_COG,OK,CACHE,0,sentinel-1a,2015-06-26T05:26:42.760543Z,2015-06-26T05:27:11.667196Z,IW,VV|VH,descending,168,6540,,L1,"[8.650721, 44.853729, 12.306854, 46.986435]",11,https://stac.dataspace.copernicus.eu/v1/collections/sentinel-1-grd/items/S1A_IW_GRDH_1SDV_20150626T052642_20150626T052711_006540_008B28_6BB4_COG
S1A_IW_GRDH_1SDV_20150627T171427_20150627T171452_006562_008BB6_62AA_COG,OK,CACHE,0,sentinel-1a,2015-06-27T17:14:27.639146Z,2015-06-27T17:14:52.637568Z,IW,VV|VH,ascending,15,6562,,L1,"[7.777289, 44.188499, 11.353368, 46.084286]",11,https://stac.dataspace.copernicus.eu/v1/collections/sentinel-1-grd/items/S1A_IW_GRDH_1SDV_20150627T171427_20150627T171452_006562_008BB6_62AA_COG
S1A_IW_GRDH_1SDV_20150701T053452_20150701T053521_006613_008D1C_BA62_COG,OK,CACHE,0,sentinel-1a,2015-07-01T05:34:52.121898Z,2015-07-01T05:35:21.021392Z,IW,VV|VH,descending,66,6613,,L1,"[6.641052, 45.078526, 10.302719, 47.211437]",11,https://stac.dataspace.copernicus.eu/v1/collections/sentinel-1-grd/items/S1A_IW_GRDH_1SDV_20150701T053452_20150701T053521_006613_008D1C_BA62_COG
S1A_IW_GRDH_1SDV_20150701T053521_20150701T053546_006613_008D1C_4F50_COG,OK,CACHE,0,sentinel-1a,2015-07-01T05:35:21.022888Z,2015-07-01T05:35:46.021451Z,IW,VV|VH,descending,66,6613,,L1,"[6.312795, 43.579384, 9.859603, 45.474335]",11,https://stac.dataspace.copernicus.eu/v1/collections/sentinel-1-grd/items/S1A_IW_GRDH_1SDV_20150701T053521_20150701T053546_006613_008D1C_4F50_COG
S1A_IW_GRDH_1SDV_20150702T172241_20150702T172306_006635_008DA4_BB6D_COG,OK,CACHE,0,sentinel-1a,2015-07-02T17:22:41.530066Z,2015-07-02T17:23:06.529162Z,IW,VV|VH,ascending,88,6635,,L1,"[5.713297, 44.24649, 9.357375, 46.144814]",11,https://stac.dataspace.copernicus.eu/v1/collections/sentinel-1-grd/items/S1A_IW_GRDH_1SDV_20150702T172241_20150702T172306_006635_008DA4_BB6D_COG
S1A_IW_GRDH_1SDV_20150708T052642_20150708T052717_006715_008FD3_506E_COG,OK,CACHE,0,sentinel-1a,2015-07-08T05:26:42.069908Z,2015-07-08T05:27:17.391779Z,IW,VV|VH,descending,168,6715,,L1,"[8.577674, 44.47506, 12.264106, 46.98481]",11,https://stac.dataspace.copernicus.eu/v1/collections/sentinel-1-grd/items/S1A_IW_GRDH_1SDV_20150708T052642_20150708T052717_006715_008FD3_506E_COG
S1A_IW_GRDH_1SDV_20150709T171426_20150709T171451_006737_009069_C5EF_COG,OK,CACHE,0,sentinel-1a,2015-07-09T17:14:26.849183Z,2015-07-09T17:14:51.847249Z,IW,VV|VH,ascending,15,6737,,L1,"[7.778789, 44.188457, 11.354259, 46.084194]",11,https://stac.dataspace.copernicus.eu/v1/collections/sentinel-1-grd/items/S1A_IW_GRDH_1SDV_20150709T171426_20150709T171451_006737_009069_C5EF_COG
S1A_IW_GRDH_1SDV_20150713T053452_20150713T053521_006788_0091FF_470D_COG,OK,CACHE,0,sentinel-1a,2015-07-13T05:34:52.544109Z,2015-07-13T05:35:21.453953Z,IW,VV|VH,descending,66,6788,,L1,"[6.643077, 45.078487, 10.304767, 47.212044]",11,https://stac.dataspace.copernicus.eu/v1/collections/sentinel-1-grd/items/S1A_IW_GRDH_1SDV_20150713T053452_20150713T053521_006788_0091FF_470D_COG
S1A_IW_GRDH_1SDV_20150713T053521_20150713T053546_006788_0091FF_45DD_COG,OK,CACHE,0,sentinel-1a,2015-07-13T05:35:21.455448Z,2015-07-13T05:35:46.453907Z,IW,VV|VH,descending,66,6788,,L1,"[6.314782, 43.579346, 9.861492, 45.474312]",11,https://stac.dataspace.copernicus.eu/v1/collections/sentinel-1-grd/items/S1A_IW_GRDH_1SDV_20150713T053521_20150713T053546_006788_0091FF_45DD_COG
S1A_IW_GRDH_1SDV_20150714T172242_20150714T172307_006810_0092A3_18D0_COG,OK,CACHE,0,sentinel-1a,2015-07-14T17:22:42.014693Z,2015-07-14T17:23:07.013872Z,IW,VV|VH,ascending,88,6810,,L1,"[5.714118, 44.246357, 9.35831, 46.144722]",11,https://stac.dataspace.copernicus.eu/v1/collections/sentinel-1-grd/items/S1A_IW_GRDH_1SDV_20150714T172242_20150714T172307_006810_0092A3_18D0_COG
S1A_IW_GRDH_1SDV_20150720T052637_20150720T052706_006890_0094E5_8481_COG,OK,CACHE,0,sentinel-1a,2015-07-20T05:26:37.604910Z,2015-07-20T05:27:06.521685Z,IW,VV|VH,descending,168,6890,,L1,"[8.729129, 45.186913, 12.370461, 47.318352]",11,https://stac.dataspace.copernicus.eu/v1/collections/sentinel-1-grd/items/S1A_IW_GRDH_1SDV_20150720T052637_20150720T052706_006890_0094E5_8481_COG
S1A_IW_GRDH_1SDV_20150720T052706_20150720T052731_006890_0094E5_47E5_COG,OK,CACHE,0,sentinel-1a,2015-07-20T05:27:06.523183Z,2015-07-20T05:27:31.522135Z,IW,VV|VH,descending,168,6890,,L1,"[8.396688, 43.688293, 11.931108, 45.579823]",11,https://stac.dataspace.copernicus.eu/v1/collections/sentinel-1-grd/items/S1A_IW_GRDH_1SDV_20150720T052706_20150720T052731_006890_0094E5_47E5_COG
S1A_IW_GRDH_1SDV_20150721T171427_20150721T171452_006912_00957B_A420_COG,OK,CACHE,0,sentinel-1a,2015-07-21T17:14:27.968370Z,2015-07-21T17:14:52.966295Z,IW,VV|VH,ascending,15,6912,,L1,"[7.778223, 44.188671, 11.353434, 46.084339]",11,https://stac.dataspace.copernicus.eu/v1/collections/sentinel-1-grd/items/S1A_IW_GRDH_1SDV_20150721T171427_20150721T171452_006912_00957B_A420_COG
S1A_IW_GRDH_1SDV_20150725T053453_20150725T053522_006963_009700_FC29_COG,OK,CACHE,0,sentinel-1a,2015-07-25T05:34:53.439584Z,2015-07-25T05:35:22.351159Z,IW,VV|VH,descending,66,6963,,L1,"[6.643322, 45.07835, 10.304628, 47.21212]",11,https://stac.dataspace.copernicus.eu/v1/collections/sentinel-1-grd/items/S1A_IW_GRDH_1SDV_20150725T053453_20150725T053522_006963_009700_FC29_COG
S1A_IW_GRDH_1SDV_20150725T053522_20150725T053547_006963_009700_911F_COG,OK,CACHE,0,sentinel-1a,2015-07-25T05:35:22.352655Z,2015-07-25T05:35:47.351318Z,IW,VV|VH,descending,66,6963,,L1,"[6.314868, 43.579208, 9.861843, 45.474258]",11,https://stac.dataspace.copernicus.eu/v1/collections/sentinel-1-grd/items/S1A_IW_GRDH_1SDV_20150725T053522_20150725T053547_006963_009700_911F_COG
S1A_IW_GRDH_1SDV_20150726T172242_20150726T172307_006985_009792_1DD8_COG,OK,CACHE,0,sentinel-1a,2015-07-26T17:22:42.900890Z,2015-07-26T17:23:07.899814Z,IW,VV|VH,ascending,88,6985,,L1,"[5.712722, 44.246632, 9.356726, 46.144993]",11,https://stac.dataspace.copernicus.eu/v1/collections/sentinel-1-grd/items/S1A_IW_GRDH_1SDV_20150726T172242_20150726T172307_006985_009792_1DD8_COG
S1A_IW_GRDH_1SDV_20150801T052643_20150801T052712_007065_0099D0_71BA_COG,OK,CACHE,0,sentinel-1a,2015-08-01T05:26:43.858049Z,2015-08-01T05:27:12.760687Z,IW,VV|VH,descending,168,7065,,L1,"[8.655071, 44.856121, 12.288724, 46.985481]",11,https://stac.dataspace.copernicus.eu/v1/collections/sentinel-1-grd/items/S1A_IW_GRDH_1SDV_20150801T052643_20150801T052712_007065_0099D0_71BA_COG
S1A_IW_GRDH_1SDV_20150802T171443_20150802T171509_007087_009A61_BC34_COG,OK,CACHE,0,sentinel-1a,2015-08-02T17:14:43.710038Z,2015-08-02T17:15:09.742258Z,IW,VV|VH,ascending,15,7087,,L1,"[7.484028, 45.086056, 11.158179, 47.047123]",11,https://stac.dataspace.copernicus.eu/v1/collections/sentinel-1-grd/items/S1A_IW_GRDH_1SDV_20150802T171443_20150802T171509_007087_009A61_BC34_COG
S1A_IW_GRDH_1SDV_20150806T053448_20150806T053517_007138_009BD3_9AB9_COG,OK,CACHE,0,sentinel-1a,2015-08-06T05:34:48.534463Z,2015-08-06T05:35:17.457480Z,IW,VV|VH,descending,66,7138,,L1,"[6.721645, 45.411552, 10.409116, 47.540073]",11,https://stac.dataspace.copernicus.eu/v1/collections/sentinel-1-grd/items/S1A_IW_GRDH_1SDV_20150806T053448_20150806T053517_007138_009BD3_9AB9_COG
S1A_IW_GRDH_1SDV_20150806T053517_20150806T053542_007138_009BD3_F254_COG,OK,CACHE,0,sentinel-1a,2015-08-06T05:35:17.458976Z,2015-08-06T05:35:42.458148Z,IW,VV|VH,descending,66,7138,,L1,"[6.392298, 43.912518, 9.935987, 45.804443]",11,https://stac.dataspace.copernicus.eu/v1/collections/sentinel-1-grd/items/S1A_IW_GRDH_1SDV_20150806T053517_20150806T053542_007138_009BD3_F254_COG
S1A_IW_GRDH_1SDV_20150807T172245_20150807T172310_007160_009C69_1064_COG,OK,CACHE,0,sentinel-1a,2015-08-07T17:22:45.377747Z,2015-08-07T17:23:10.376220Z,IW,VV|VH,ascending,88,7160,,L1,"[5.698075, 44.36171, 9.327896, 46.256733]",11,https://stac.dataspace.copernicus.eu/v1/collections/sentinel-1-grd/items/S1A_IW_GRDH_1SDV_20150807T172245_20150807T172310_007160_009C69_1064_COG
S1A_IW_GRDH_1SDV_20150813T052644_20150813T052713_007240_009E8F_0E9C_COG,OK,CACHE,0,sentinel-1a,2015-08-13T05:26:44.452681Z,2015-08-13T05:27:13.364761Z,IW,VV|VH,descending,168,7240,,L1,"[8.655644, 44.856186, 12.289193, 46.986103]",11,https://stac.dataspace.copernicus.eu/v1/collections/sentinel-1-grd/items/S1A_IW_GRDH_1SDV_20150813T052644_20150813T052713_007240_009E8F_0E9C_COG
S1A_IW_GRDH_1SDV_20150813T052713_20150813T052738_007240_009E8F_2926_COG,OK,CACHE,0,sentinel-1a,2015-08-13T05:27:13.366255Z,2015-08-13T05:27:38.365228Z,IW,VV|VH,descending,168,7240,,L1,"[8.32316, 43.357548, 11.839166, 45.249069]",11,https://stac.dataspace.copernicus.eu/v1/collections/sentinel-1-grd/items/S1A_IW_GRDH_1SDV_20150813T052713_20150813T052738_007240_009E8F_2926_COG
S1A_IW_GRDH_1SDV_20150814T171429_20150814T171454_007262_009F26_14CE_COG,OK,CACHE,0,sentinel-1a,2015-08-14T17:14:29.313543Z,2015-08-14T17:14:54.311587Z,IW,VV|VH,ascending,15,7262,,L1,"[7.779164, 44.188522, 11.354367, 46.084183]",11,https://stac.dataspace.copernicus.eu/v1/collections/sentinel-1-grd/items/S1A_IW_GRDH_1SDV_20150814T171429_20150814T171454_007262_009F26_14CE_COG
S1A_IW_GRDH_1SDV_20150818T053449_20150818T053518_007313_00A098_4D22_COG,OK,CACHE,0,sentinel-1a,2015-08-18T05:34:49.206993Z,2015-08-18T05:35:18.122250Z,IW,VV|VH,descending,66,7313,,L1,"[6.720493, 45.411686, 10.407636, 47.539684]",11,https://stac.dataspace.copernicus.eu/v1/collections/sentinel-1-grd/items/S1A_IW_GRDH_1SDV_20150818T053449_20150818T053518_007313_00A098_4D22_COG
S1A_IW_GRDH_1SDV_20150818T053518_20150818T053543_007313_00A098_2B61_COG,OK,CACHE,0,sentinel-1a,2015-08-18T05:35:18.123746Z,2015-08-18T05:35:43.122678Z,IW,VV|VH,descending,66,7313,,L1,"[6.391319, 43.912647, 9.934729, 45.804485]",11,https://stac.dataspace.copernicus.eu/v1/collections/sentinel-1-grd/items/S1A_IW_GRDH_1SDV_20150818T053518_20150818T053543_007313_00A098_2B61_COG
S1A_IW_GRDH_1SDV_20150819T172246_20150819T172311_007335_00A12A_2900_COG,OK,CACHE,0,sentinel-1a,2015-08-19T17:22:46.022427Z,2015-08-19T17:23:11.021144Z,IW,VV|VH,ascending,88,7335,,L1,"[5.698642, 44.361664, 9.32834, 46.256748]",11,https://stac.dataspace.copernicus.eu/v1/collections/sentinel-1-grd/items/S1A_IW_GRDH_1SDV_20150819T172246_20150819T172311_007335_00A12A_2900_COG
S1A_IW_GRDH_1SDV_20150825T052645_20150825T052714_007415_00A34E_2F41_COG,OK,CACHE,0,sentinel-1a,2015-08-25T05:26:45.112455Z,2015-08-25T05:27:14.027518Z,IW,VV|VH,descending,168,7415,,L1,"[8.655357, 44.856098, 12.288967, 46.986225]",11,https://stac.dataspace.copernicus.eu/v1/collections/sentinel-1-grd/items/S1A_IW_GRDH_1SDV_20150825T052645_20150825T052714_007415_00A34E_2F41_COG
S1A_IW_GRDH_1SDV_20150826T171429_20150826T171454_007437_00A3E8_5198_COG,OK,CACHE,0,sentinel-1a,2015-08-26T17:14:29.880612Z,2015-08-26T17:14:54.880067Z,IW,VV|VH,ascending,15,7437,,L1,"[7.778686, 44.188583, 11.353879, 46.084316]",11,https://stac.dataspace.copernicus.eu/v1/collections/sentinel-1-grd/items/S1A_IW_GRDH_1SDV_20150826T171429_20150826T171454_007437_00A3E8_5198_COG
S1A_IW_GRDH_1SDV_20150830T053449_20150830T053518_007488_00A55C_50E8_COG,OK,CACHE,0,sentinel-1a,2015-08-30T05:34:49.710472Z,2015-08-30T05:35:18.634770Z,IW,VV|VH,descending,66,7488,,L1,"[6.719585, 45.411697, 10.406863, 47.540188]",11,https://stac.dataspace.copernicus.eu/v1/collections/sentinel-1-grd/items/S1A_IW_GRDH_1SDV_20150830T053449_20150830T053518_007488_00A55C_50E8_COG
S1A_IW_GRDH_1SDV_20150830T053518_20150830T053543_007488_00A55C_E5D2_COG,OK,CACHE,0,sentinel-1a,2015-08-30T05:35:18.636268Z,2015-08-30T05:35:43.635256Z,IW,VV|VH,descending,66,7488,,L1,"[6.390315, 43.912659, 9.933832, 45.804462]",11,https://stac.dataspace.copernicus.eu/v1/collections/sentinel-1-grd/items/S1A_IW_GRDH_1SDV_20150830T053518_20150830T053543_007488_00A55C_E5D2_COG
S1A_IW_GRDH_1SDV_20150831T172246_20150831T172311_007510_00A5F7_FAD4_COG,OK,CACHE,0,sentinel-1a,2015-08-31T17:22:46.511122Z,2015-08-31T17:23:11.509767Z,IW,VV|VH,ascending,88,7510,,L1,"[5.699825, 44.361809, 9.329595, 46.256779]",11,https://stac.dataspace.copernicus.eu/v1/collections/sentinel-1-grd/items/S1A_IW_GRDH_1SDV_20150831T172246_20150831T172311_007510_00A5F7_FAD4_COG
S1A_IW_GRDH_1SDV_20150906T052645_20150906T052714_007590_00A81D_5CB3_COG,OK,CACHE,0,sentinel-1a,2015-09-06T05:26:45.524925Z,2015-09-06T05:27:14.436939Z,IW,VV|VH,descending,168,7590,,L1,"[8.656322, 44.856106, 12.289796, 46.986073]",11,https://stac.dataspace.copernicus.eu/v1/collections/sentinel-1-grd/items/S1A_IW_GRDH_1SDV_20150906T052645_20150906T052714_007590_00A81D_5CB3_COG
S1A_IW_GRDH_1SDV_20150907T171430_20150907T171455_007612_00A8B1_49BA_COG,OK,CACHE,0,sentinel-1a,2015-09-07T17:14:30.352340Z,2015-09-07T17:14:55.351665Z,IW,VV|VH,ascending,15,7612,,L1,"[7.777628, 44.188568, 11.352854, 46.084343]",11,https://stac.dataspace.copernicus.eu/v1/collections/sentinel-1-grd/items/S1A_IW_GRDH_1SDV_20150907T171430_20150907T171455_007612_00A8B1_49BA_COG
S1A_IW_GRDH_1SDV_20150911T053450_20150911T053519_007663_00AA27_A71D_COG,OK,CACHE,0,sentinel-1a,2015-09-11T05:34:50.177525Z,2015-09-11T05:35:19.083870Z,IW,VV|VH,descending,66,7663,,L1,"[6.72042, 45.411633, 10.407352, 47.539089]",11,https://stac.dataspace.copernicus.eu/v1/collections/sentinel-1-grd/items/S1A_IW_GRDH_1SDV_20150911T053450_20150911T053519_007663_00AA27_A71D_COG
S1A_IW_GRDH_1SDV_20150911T053519_20150911T053544_007663_00AA27_574A_COG,OK,CACHE,0,sentinel-1a,2015-09-11T05:35:19.085366Z,2015-09-11T05:35:44.084356Z,IW,VV|VH,descending,66,7663,,L1,"[6.391136, 43.91259, 9.934654, 45.804436]",11,https://stac.dataspace.copernicus.eu/v1/collections/sentinel-1-grd/items/S1A_IW_GRDH_1SDV_20150911T053519_20150911T053544_007663_00AA27_574A_COG
S1A_IW_GRDH_1SDV_20150912T172246_20150912T172311_007685_00AAB1_02BD_COG,OK,CACHE,0,sentinel-1a,2015-09-12T17:22:46.979786Z,2015-09-12T17:23:11.978448Z,IW,VV|VH,ascending,88,7685,,L1,"[5.699822, 44.361736, 9.329392, 46.256748]",11,https://stac.dataspace.copernicus.eu/v1/collections/sentinel-1-grd/items/S1A_IW_GRDH_1SDV_20150912T172246_20150912T172311_007685_00AAB1_02BD_COG
S1A_IW_GRDH_1SDV_20150918T052645_20150918T052714_007765_00ACC0_513F_COG,OK,CACHE,0,sentinel-1a,2015-09-18T05:26:45.810589Z,2015-09-18T05:27:14.716620Z,IW,VV|VH,descending,168,7765,,L1,"[8.6562, 44.856083, 12.289569, 46.985653]",11,https://stac.dataspace.copernicus.eu/v1/collections/sentinel-1-grd/items/S1A_IW_GRDH_1SDV_20150918T052645_20150918T052714_007765_00ACC0_513F_COG
S1A_IW_GRDH_1SDV_20150919T171430_20150919T171455_007787_00AD57_3475_COG,OK,CACHE,0,sentinel-1a,2015-09-19T17:14:30.636045Z,2015-09-19T17:14:55.633969Z,IW,VV|VH,ascending,15,7787,,L1,"[7.778267, 44.188652, 11.353468, 46.084332]",11,https://stac.dataspace.copernicus.eu/v1/collections/sentinel-1-grd/items/S1A_IW_GRDH_1SDV_20150919T171430_20150919T171455_007787_00AD57_3475_COG
S1A_IW_GRDH_1SDV_20150923T053450_20150923T053519_007838_00AEBF_C1A1_COG,OK,CACHE,0,sentinel-1a,2015-09-23T05:34:50.453872Z,2015-09-23T05:35:19.361749Z,IW,VV|VH,descending,66,7838,,L1,"[6.721196, 45.411503, 10.408309, 47.539112]",11,https://stac.dataspace.copernicus.eu/v1/collections/sentinel-1-grd/items/S1A_IW_GRDH_1SDV_20150923T053450_20150923T053519_007838_00AEBF_C1A1_COG
S1A_IW_GRDH_1SDV_20150923T053519_20150923T053544_007838_00AEBF_4476_COG,OK,CACHE,0,sentinel-1a,2015-09-23T05:35:19.363246Z,2015-09-23T05:35:44.362268Z,IW,VV|VH,descending,66,7838,,L1,"[6.391998, 43.912464, 9.935539, 45.804359]",11,https://stac.dataspace.copernicus.eu/v1/collections/sentinel-1-grd/items/S1A_IW_GRDH_1SDV_20150923T053519_20150923T053544_007838_00AEBF_4476_COG
S1A_IW_GRDH_1SDV_20150924T172247_20150924T172312_007860_00AF57_E989_COG,OK,CACHE,0,sentinel-1a,2015-09-24T17:22:47.265578Z,2015-09-24T17:23:12.264211Z,IW,VV|VH,ascending,88,7860,,L1,"[5.699269, 44.361759, 9.328921, 46.25679]",11,https://stac.dataspace.copernicus.eu/v1/collections/sentinel-1-grd/items/S1A_IW_GRDH_1SDV_20150924T172247_20150924T172312_007860_00AF57_E989_COG
S1A_IW_GRDH_1SDV_20150930T052646_20150930T052715_007940_00B17D_D429_COG,OK,CACHE,0,sentinel-1a,2015-09-30T05:26:46.091760Z,2015-09-30T05:27:15.006845Z,IW,VV|VH,descending,168,7940,,L1,"[8.655999, 44.856113, 12.289435, 46.986206]",11,https://stac.dataspace.copernicus.eu/v1/collections/sentinel-1-grd/items/S1A_IW_GRDH_1SDV_20150930T052646_20150930T052715_007940_00B17D_D429_COG
S1A_IW_GRDH_1SDV_20160402T053507_20160402T053532_010638_00FD7A_79D1_COG,OK,CACHE,0,sentinel-1a,2016-04-02T05:35:07.257277Z,2016-04-02T05:35:32.255841Z,IW,VV|VH,descending,66,10638,,L1,"[6.477502, 44.525257, 10.0959, 46.423733]",11,https://stac.dataspace.copernicus.eu/v1/collections/sentinel-1-grd/items/S1A_IW_GRDH_1SDV_20160402T053507_20160402T053532_010638_00FD7A_79D1_COG
S1A_IW_GRDH_1SDV_20160403T172232_20160403T172257_010660_00FE19_AAB5_COG,OK,CACHE,0,sentinel-1a,2016-04-03T17:22:32.596132Z,2016-04-03T17:22:57.594778Z,IW,VV|VH,ascending,88,10660,,L1,"[5.912522, 43.588673, 9.478262, 45.492058]",11,https://stac.dataspace.copernicus.eu/v1/collections/sentinel-1-grd/items/S1A_IW_GRDH_1SDV_20160403T172232_20160403T172257_010660_00FE19_AAB5_COG
S1A_IW_GRDH_1SDV_20160403T172257_20160403T172322_010660_00FE19_37E9_COG,OK,CACHE,0,sentinel-1a,2016-04-03T17:22:57.596268Z,2016-04-03T17:23:22.593416Z,IW,VV|VH,ascending,88,10660,,L1,"[5.459365, 45.091957, 9.180699, 46.98737]",11,https://stac.dataspace.copernicus.eu/v1/collections/sentinel-1-grd/items/S1A_IW_GRDH_1SDV_20160403T172257_20160403T172322_010660_00FE19_37E9_COG
S1A_IW_GRDH_1SDV_20160409T052643_20160409T052708_010740_01007E_0970_COG,OK,CACHE,0,sentinel-1a,2016-04-09T05:26:43.539123Z,2016-04-09T05:27:08.538085Z,IW,VV|VH,descending,168,10740,,L1,"[8.685734, 45.135654, 12.32355, 47.036652]",11,https://stac.dataspace.copernicus.eu/v1/collections/sentinel-1-grd/items/S1A_IW_GRDH_1SDV_20160409T052643_20160409T052708_010740_01007E_0970_COG
S1A_IW_GRDH_1SDV_20160409T052708_20160409T052733_010740_01007E_8152_COG,OK,CACHE,0,sentinel-1a,2016-04-09T05:27:08.539575Z,2016-04-09T05:27:33.538536Z,IW,VV|VH,descending,168,10740,,L1,"[8.35404, 43.63707, 11.935093, 45.534496]",11,https://stac.dataspace.copernicus.eu/v1/collections/sentinel-1-grd/items/S1A_IW_GRDH_1SDV_20160409T052708_20160409T052733_010740_01007E_8152_COG
S1A_IW_GRDH_1SDV_20160410T171423_20160410T171448_010762_010122_E46B_COG,OK,CACHE,0,sentinel-1a,2016-04-10T17:14:23.763563Z,2016-04-10T17:14:48.762673Z,IW,VV|VH,ascending,15,10762,,L1,"[7.857731, 43.864048, 11.502853, 45.768456]",11,https://stac.dataspace.copernicus.eu/v1/collections/sentinel-1-grd/items/S1A_IW_GRDH_1SDV_20160410T171423_20160410T171448_010762_010122_E46B_COG
S1A_IW_GRDH_1SDV_20160410T171448_20160410T171513_010762_010122_3076_COG,OK,CACHE,0,sentinel-1a,2016-04-10T17:14:48.764170Z,2016-04-10T17:15:13.761781Z,IW,VV|VH,ascending,15,10762,,L1,"[7.444015, 45.363434, 11.177946, 47.26804]",11,https://stac.dataspace.copernicus.eu/v1/collections/sentinel-1-grd/items/S1A_IW_GRDH_1SDV_20160410T171448_20160410T171513_010762_010122_3076_COG
S1A_IW_GRDH_1SDV_20160414T053453_20160414T053518_010813_0102C0_C84E_COG,OK,CACHE,0,sentinel-1a,2016-04-14T05:34:53.762998Z,2016-04-14T05:35:18.762303Z,IW,VV|VH,descending,66,10813,,L1,"[6.677999, 45.360367, 10.333602, 47.261002]",11,https://stac.dataspace.copernicus.eu/v1/collections/sentinel-1-grd/items/S1A_IW_GRDH_1SDV_20160414T053453_20160414T053518_010813_0102C0_C84E_COG
S1A_IW_GRDH_1SDV_20160414T053518_20160414T053543_010813_0102C0_9560_COG,OK,CACHE,0,sentinel-1a,2016-04-14T05:35:18.763806Z,2016-04-14T05:35:43.761615Z,IW,VV|VH,descending,66,10813,,L1,"[6.35003, 43.86134, 9.940337, 45.759247]",11,https://stac.dataspace.copernicus.eu/v1/collections/sentinel-1-grd/items/S1A_IW_GRDH_1SDV_20160414T053518_20160414T053543_010813_0102C0_9560_COG
S1A_IW_GRDH_1SDV_20160415T172240_20160415T172305_010835_01035A_BB9E_COG,OK,CACHE,0,sentinel-1a,2016-04-15T17:22:40.490339Z,2016-04-15T17:23:05.488746Z,IW,VV|VH,ascending,88,10835,,L1,"[5.794407, 44.037998, 9.390521, 45.932507]",11,https://stac.dataspace.copernicus.eu/v1/collections/sentinel-1-grd/items/S1A_IW_GRDH_1SDV_20160415T172240_20160415T172305_010835_01035A_BB9E_COG
S1A_IW_GRDH_1SDV_20160421T052655_20160421T052720_010915_0105CD_B13F_COG,OK,CACHE,0,sentinel-1a,2016-04-21T05:26:55.317885Z,2016-04-21T05:27:20.317216Z,IW,VV|VH,descending,168,10915,,L1,"[8.523037, 44.453445, 12.146241, 46.353767]",11,https://stac.dataspace.copernicus.eu/v1/collections/sentinel-1-grd/items/S1A_IW_GRDH_1SDV_20160421T052655_20160421T052720_010915_0105CD_B13F_COG
S1A_IW_GRDH_1SDV_20160422T171424_20160422T171449_010937_010677_D047_COG,OK,CACHE,0,sentinel-1a,2016-04-22T17:14:24.172023Z,2016-04-22T17:14:49.169944Z,IW,VV|VH,ascending,15,10937,,L1,"[7.859225, 43.864143, 11.463011, 45.763901]",11,https://stac.dataspace.copernicus.eu/v1/collections/sentinel-1-grd/items/S1A_IW_GRDH_1SDV_20160422T171424_20160422T171449_010937_010677_D047_COG
S1A_IW_GRDH_1SDV_20160422T171449_20160422T171514_010937_010677_E291_COG,OK,CACHE,0,sentinel-1a,2016-04-22T17:14:49.171451Z,2016-04-22T17:15:14.169374Z,IW,VV|VH,ascending,15,10937,,L1,"[7.445545, 45.363472, 11.137143, 47.263542]",11,https://stac.dataspace.copernicus.eu/v1/collections/sentinel-1-grd/items/S1A_IW_GRDH_1SDV_20160422T171449_20160422T171514_010937_010677_E291_COG
S1A_IW_GRDH_1SDV_20160426T053508_20160426T053533_010988_01081D_1942_COG,OK,CACHE,0,sentinel-1a,2016-04-26T05:35:08.159752Z,2016-04-26T05:35:33.158429Z,IW,VV|VH,descending,66,10988,,L1,"[6.477623, 44.525223, 10.095981, 46.423683]",11,https://stac.dataspace.copernicus.eu/v1/collections/sentinel-1-grd/items/S1A_IW_GRDH_1SDV_20160426T053508_20160426T053533_010988_01081D_1942_COG
S1A_IW_GRDH_1SDV_20160427T172233_20160427T172258_011010_0108C8_1108_COG,OK,CACHE,0,sentinel-1a,2016-04-27T17:22:33.492012Z,2016-04-27T17:22:58.490573Z,IW,VV|VH,ascending,88,11010,,L1,"[5.913664, 43.588734, 9.478848, 45.492153]",11,https://stac.dataspace.copernicus.eu/v1/collections/sentinel-1-grd/items/S1A_IW_GRDH_1SDV_20160427T172233_20160427T172258_011010_0108C8_1108_COG
S1A_IW_GRDH_1SDV_20160427T172258_20160427T172323_011010_0108C8_3D48_COG,OK,CACHE,0,sentinel-1a,2016-04-27T17:22:58.492075Z,2016-04-27T17:23:23.490636Z,IW,VV|VH,ascending,88,11010,,L1,"[5.460016, 45.092079, 9.181809, 46.987522]",11,https://stac.dataspace.copernicus.eu/v1/collections/sentinel-1-grd/items/S1A_IW_GRDH_1SDV_20160427T172258_20160427T172323_011010_0108C8_3D48_COG
S1A_IW_GRDH_1SDV_20160503T052644_20160503T052709_011090_010B55_AD58_COG,OK,CACHE,0,sentinel-1a,2016-05-03T05:26:44.538991Z,2016-05-03T05:27:09.537912Z,IW,VV|VH,descending,168,11090,,L1,"[8.685684, 45.135696, 12.323384, 47.036655]",11,https://stac.dataspace.copernicus.eu/v1/collections/sentinel-1-grd/items/S1A_IW_GRDH_1SDV_20160503T052644_20160503T052709_011090_010B55_AD58_COG
S1A_IW_GRDH_1SDV_20160503T052709_20160503T052734_011090_010B55_61F5_COG,OK,CACHE,0,sentinel-1a,2016-05-03T05:27:09.539402Z,2016-05-03T05:27:34.538323Z,IW,VV|VH,descending,168,11090,,L1,"[8.353882, 43.637108, 11.934922, 45.534515]",11,https://stac.dataspace.copernicus.eu/v1/collections/sentinel-1-grd/items/S1A_IW_GRDH_1SDV_20160503T052709_20160503T052734_011090_010B55_61F5_COG
S1A_IW_GRDH_1SDV_20160504T171424_20160504T171449_011112_010BED_AE0D_COG,OK,CACHE,0,sentinel-1a,2016-05-04T17:14:24.666655Z,2016-05-04T17:14:49.664354Z,IW,VV|VH,ascending,15,11112,,L1,"[7.859368, 43.864048, 11.504478, 45.768318]",11,https://stac.dataspace.copernicus.eu/v1/collections/sentinel-1-grd/items/S1A_IW_GRDH_1SDV_20160504T171424_20160504T171449_011112_010BED_AE0D_COG
S1A_IW_GRDH_1SDV_20160504T171449_20160504T171514_011112_010BED_9188_COG,OK,CACHE,0,sentinel-1a,2016-05-04T17:14:49.665854Z,2016-05-04T17:15:14.665052Z,IW,VV|VH,ascending,15,11112,,L1,"[7.445693, 45.363361, 11.17972, 47.267998]",11,https://stac.dataspace.copernicus.eu/v1/collections/sentinel-1-grd/items/S1A_IW_GRDH_1SDV_20160504T171449_20160504T171514_011112_010BED_9188_COG
S1A_IW_GRDH_1SDV_20160508T053454_20160508T053519_011163_010DA8_361C_COG,OK,CACHE,0,sentinel-1a,2016-05-08T05:34:54.859777Z,2016-05-08T05:35:19.859096Z,IW,VV|VH,descending,66,11163,,L1,"[6.676657, 45.36034, 10.33178, 47.260963]",11,https://stac.dataspace.copernicus.eu/v1/collections/sentinel-1-grd/items/S1A_IW_GRDH_1SDV_20160508T053454_20160508T053519_011163_010DA8_361C_COG
S1A_IW_GRDH_1SDV_20160508T053519_20160508T053544_011163_010DA8_A041_COG,OK,CACHE,0,sentinel-1a,2016-05-08T05:35:19.860593Z,2016-05-08T05:35:44.858415Z,IW,VV|VH,descending,66,11163,,L1,"[6.348753, 43.861309, 9.939008, 45.759155]",11,https://stac.dataspace.copernicus.eu/v1/collections/sentinel-1-grd/items/S1A_IW_GRDH_1SDV_20160508T053519_20160508T053544_011163_010DA8_A041_COG
S1A_IW_GRDH_1SDV_20160509T172241_20160509T172306_011185_010E48_BF9B_COG,OK,CACHE,0,sentinel-1a,2016-05-09T17:22:41.642452Z,2016-05-09T17:23:06.640851Z,IW,VV|VH,ascending,88,11185,,L1,"[5.794819, 44.038063, 9.390908, 45.932545]",11,https://stac.dataspace.copernicus.eu/v1/collections/sentinel-1-grd/items/S1A_IW_GRDH_1SDV_20160509T172241_20160509T172306_011185_010E48_BF9B_COG
S1A_IW_GRDH_1SDV_20160515T052653_20160515T052718_011265_0110E3_0EB6_COG,OK,CACHE,0,sentinel-1a,2016-05-15T05:26:53.935093Z,2016-05-15T05:27:18.934407Z,IW,VV|VH,descending,168,11265,,L1,"[8.560905, 44.61858, 12.187897, 46.519821]",11,https://stac.dataspace.copernicus.eu/v1/collections/sentinel-1-grd/items/S1A_IW_GRDH_1SDV_20160515T052653_20160515T052718_011265_0110E3_0EB6_COG
S1A_IW_GRDH_1SDV_20160515T052718_20160515T052743_011265_0110E3_1A44_COG,OK,CACHE,0,sentinel-1a,2016-05-15T05:27:18.935906Z,2016-05-15T05:27:43.933724Z,IW,VV|VH,descending,168,11265,,L1,"[8.229893, 43.119946, 11.792006, 45.018654]",11,https://stac.dataspace.copernicus.eu/v1/collections/sentinel-1-grd/items/S1A_IW_GRDH_1SDV_20160515T052718_20160515T052743_011265_0110E3_1A44_COG
S1A_IW_GRDH_1SDV_20160516T171425_20160516T171450_011287_011198_16E0_COG,OK,CACHE,0,sentinel-1a,2016-05-16T17:14:25.454249Z,2016-05-16T17:14:50.452494Z,IW,VV|VH,ascending,15,11287,,L1,"[7.858207, 43.86404, 11.466857, 45.7644]",11,https://stac.dataspace.copernicus.eu/v1/collections/sentinel-1-grd/items/S1A_IW_GRDH_1SDV_20160516T171425_20160516T171450_011287_011198_16E0_COG
S1A_IW_GRDH_1SDV_20160516T171450_20160516T171515_011287_011198_BC51_COG,OK,CACHE,0,sentinel-1a,2016-05-16T17:14:50.454000Z,2016-05-16T17:15:15.452246Z,IW,VV|VH,ascending,15,11287,,L1,"[7.444498, 45.36338, 11.141057, 47.264053]",11,https://stac.dataspace.copernicus.eu/v1/collections/sentinel-1-grd/items/S1A_IW_GRDH_1SDV_20160516T171450_20160516T171515_011287_011198_BC51_COG
S1A_IW_GRDH_1SDV_20160520T053512_20160520T053537_011338_01134D_5A10_COG,OK,CACHE,0,sentinel-1a,2016-05-20T05:35:12.099340Z,2016-05-20T05:35:37.097231Z,IW,VV|VH,descending,66,11338,,L1,"[6.443183, 44.359806, 10.057528, 46.257195]",11,https://stac.dataspace.copernicus.eu/v1/collections/sentinel-1-grd/items/S1A_IW_GRDH_1SDV_20160520T053512_20160520T053537_011338_01134D_5A10_COG
S1A_IW_GRDH_1SDV_20160521T172237_20160521T172302_011360_011401_7483_COG,OK,CACHE,0,sentinel-1a,2016-05-21T17:22:37.508773Z,2016-05-21T17:23:02.507611Z,IW,VV|VH,ascending,88,11360,,L1,"[5.865003, 43.755192, 9.454802, 45.657368]",11,https://stac.dataspace.copernicus.eu/v1/collections/sentinel-1-grd/items/S1A_IW_GRDH_1SDV_20160521T172237_20160521T172302_011360_011401_7483_COG
S1A_IW_GRDH_1SDV_20160521T172302_20160521T172327_011360_011401_3DBF_COG,OK,CACHE,0,sentinel-1a,2016-05-21T17:23:02.509056Z,2016-05-21T17:23:27.507888Z,IW,VV|VH,ascending,88,11360,,L1,"[5.412595, 45.256874, 9.145999, 47.152969]",11,https://stac.dataspace.copernicus.eu/v1/collections/sentinel-1-grd/items/S1A_IW_GRDH_1SDV_20160521T172302_20160521T172327_011360_011401_3DBF_COG
S1A_IW_GRDH_1SDV_20160527T052648_20160527T052713_011440_0116A9_EC4B_COG,OK,CACHE,0,sentinel-1a,2016-05-27T05:26:48.625322Z,2016-05-27T05:27:13.623553Z,IW,VV|VH,descending,168,11440,,L1,"[8.651037, 44.970303, 12.280965, 46.87077]",11,https://stac.dataspace.copernicus.eu/v1/collections/sentinel-1-grd/items/S1A_IW_GRDH_1SDV_20160527T052648_20160527T052713_011440_0116A9_EC4B_COG
S1A_IW_GRDH_1SDV_20160527T052713_20160527T052738_011440_0116A9_60F9_COG,OK,CACHE,0,sentinel-1a,2016-05-27T05:27:13.625049Z,2016-05-27T05:27:38.624776Z,IW,VV|VH,descending,168,11440,,L1,"[8.318771, 43.471706, 11.889856, 45.369049]",11,https://stac.dataspace.copernicus.eu/v1/collections/sentinel-1-grd/items/S1A_IW_GRDH_1SDV_20160527T052713_20160527T052738_011440_0116A9_60F9_COG
S1A_IW_GRDH_1SDV_20160528T171423_20160528T171448_011462_011752_45F5_COG,OK,CACHE,0,sentinel-1a,2016-05-28T17:14:23.353008Z,2016-05-28T17:14:48.351437Z,IW,VV|VH,ascending,15,11462,,L1,"[7.903231, 43.698589, 11.538971, 45.602962]",11,https://stac.dataspace.copernicus.eu/v1/collections/sentinel-1-grd/items/S1A_IW_GRDH_1SDV_20160528T171423_20160528T171448_011462_011752_45F5_COG
S1A_IW_GRDH_1SDV_20160528T171448_20160528T171513_011462_011752_D223_COG,OK,CACHE,0,sentinel-1a,2016-05-28T17:14:48.352935Z,2016-05-28T17:15:13.351364Z,IW,VV|VH,ascending,15,11462,,L1,"[7.503487, 45.19791, 11.213616, 47.103916]",11,https://stac.dataspace.copernicus.eu/v1/collections/sentinel-1-grd/items/S1A_IW_GRDH_1SDV_20160528T171448_20160528T171513_011462_011752_D223_COG
S1A_IW_GRDH_1SDV_20160601T053455_20160601T053520_011513_011906_6FE6_COG,OK,CACHE,0,sentinel-1a,2016-06-01T05:34:55.823681Z,2016-06-01T05:35:20.822651Z,IW,VV|VH,descending,66,11513,,L1,"[6.607321, 45.379128, 10.333299, 47.286774]",11,https://stac.dataspace.copernicus.eu/v1/collections/sentinel-1-grd/items/S1A_IW_GRDH_1SDV_20160601T053455_20160601T053520_011513_011906_6FE6_COG
S1A_IW_GRDH_1SDV_20160601T053520_20160601T053545_011513_011906_48A5_COG,OK,CACHE,0,sentinel-1a,2016-06-01T05:35:20.824177Z,2016-06-01T05:35:45.821649Z,IW,VV|VH,descending,66,11513,,L1,"[6.281111, 43.880138, 9.93956, 45.78516]",11,https://stac.dataspace.copernicus.eu/v1/collections/sentinel-1-grd/items/S1A_IW_GRDH_1SDV_20160601T053520_20160601T053545_011513_011906_48A5_COG
S1A_IW_GRDH_1SDV_20160602T172240_20160602T172305_011535_0119AA_EEC9_COG,OK,CACHE,0,sentinel-1a,2016-06-02T17:22:40.971492Z,2016-06-02T17:23:05.970219Z,IW,VV|VH,ascending,88,11535,,L1,"[5.806962, 43.921967, 9.426888, 45.821712]",11,https://stac.dataspace.copernicus.eu/v1/collections/sentinel-1-grd/items/S1A_IW_GRDH_1SDV_20160602T172240_20160602T172305_011535_0119AA_EEC9_COG
S1A_IW_GRDH_1SDV_20160602T172305_20160602T172330_011535_0119AA_75D4_COG,OK,CACHE,0,sentinel-1a,2016-06-02T17:23:05.971725Z,2016-06-02T17:23:30.970453Z,IW,VV|VH,ascending,88,11535,,L1,"[5.359616, 45.420818, 9.098012, 47.317951]",11,https://stac.dataspace.copernicus.eu/v1/collections/sentinel-1-grd/items/S1A_IW_GRDH_1SDV_20160602T172305_20160602T172330_011535_0119AA_75D4_COG
S1A_IW_GRDH_1SDV_20160608T052703_20160608T052728_011615_011C21_D117_COG,OK,CACHE,0,sentinel-1a,2016-06-08T05:27:03.013475Z,2016-06-08T05:27:28.011235Z,IW,VV|VH,descending,168,11615,,L1,"[8.379436, 44.152836, 12.072223, 46.057831]",11,https://stac.dataspace.copernicus.eu/v1/collections/sentinel-1-grd/items/S1A_IW_GRDH_1SDV_20160608T052703_20160608T052728_011615_011C21_D117_COG
S1A_IW_GRDH_1SDV_20160609T171424_20160609T171449_011637_011CD1_1065_COG,OK,CACHE,0,sentinel-1a,2016-06-09T17:14:24.055412Z,2016-06-09T17:14:49.053819Z,IW,VV|VH,ascending,15,11637,,L1,"[7.903533, 43.698578, 11.539144, 45.602928]",11,https://stac.dataspace.copernicus.eu/v1/collections/sentinel-1-grd/items/S1A_IW_GRDH_1SDV_20160609T171424_20160609T171449_011637_011CD1_1065_COG
S1A_IW_GRDH_1SDV_20160609T171449_20160609T171514_011637_011CD1_EE7D_COG,OK,CACHE,0,sentinel-1a,2016-06-09T17:14:49.055317Z,2016-06-09T17:15:14.053724Z,IW,VV|VH,ascending,15,11637,,L1,"[7.503852, 45.197899, 11.21392, 47.103901]",11,https://stac.dataspace.copernicus.eu/v1/collections/sentinel-1-grd/items/S1A_IW_GRDH_1SDV_20160609T171449_20160609T171514_011637_011CD1_EE7D_COG
S1A_IW_GRDH_1SDV_20160613T053516_20160613T053546_011688_011E7E_4770_COG,OK,CACHE,0,sentinel-1a,2016-06-13T05:35:16.999686Z,2016-06-13T05:35:46.036469Z,IW,VV|VH,descending,66,11688,,L1,"[6.392022, 43.914238, 10.012745, 46.05069]",11,https://stac.dataspace.copernicus.eu/v1/collections/sentinel-1-grd/items/S1A_IW_GRDH_1SDV_20160613T053516_20160613T053546_011688_011E7E_4770_COG
S1A_IW_GRDH_1SDV_20160614T172241_20160614T172306_011710_011F26_C679_COG,OK,CACHE,0,sentinel-1a,2016-06-14T17:22:41.752688Z,2016-06-14T17:23:06.750004Z,IW,VV|VH,ascending,88,11710,,L1,"[5.805999, 43.92189, 9.426041, 45.821594]",11,https://stac.dataspace.copernicus.eu/v1/collections/sentinel-1-grd/items/S1A_IW_GRDH_1SDV_20160614T172241_20160614T172306_011710_011F26_C679_COG
S1A_IW_GRDH_1SDV_20160614T172306_20160614T172331_011710_011F26_0FB0_COG,OK,CACHE,0,sentinel-1a,2016-06-14T17:23:06.751522Z,2016-06-14T17:23:31.750337Z,IW,VV|VH,ascending,88,11710,,L1,"[5.358613, 45.42065, 9.09703, 47.317818]",11,https://stac.dataspace.copernicus.eu/v1/collections/sentinel-1-grd/items/S1A_IW_GRDH_1SDV_20160614T172306_20160614T172331_011710_011F26_0FB0_COG
S1A_IW_GRDH_1SDV_20160707T053457_20160707T053522_012038_0129AA_ADAE_COG,OK,CACHE,0,sentinel-1a,2016-07-07T05:34:57.991889Z,2016-07-07T05:35:22.990936Z,IW,VV|VH,descending,66,12038,,L1,"[6.607355, 45.379082, 10.333384, 47.286751]",11,https://stac.dataspace.copernicus.eu/v1/collections/sentinel-1-grd/items/S1A_IW_GRDH_1SDV_20160707T053457_20160707T053522_012038_0129AA_ADAE_COG
S1A_IW_GRDH_1SDV_20160707T053522_20160707T053547_012038_0129AA_6543_COG,OK,CACHE,0,sentinel-1a,2016-07-07T05:35:22.992436Z,2016-07-07T05:35:47.989984Z,IW,VV|VH,descending,66,12038,,L1,"[6.28127, 43.880093, 9.939717, 45.785114]",11,https://stac.dataspace.copernicus.eu/v1/collections/sentinel-1-grd/items/S1A_IW_GRDH_1SDV_20160707T053522_20160707T053547_012038_0129AA_6543_COG
S1A_IW_GRDH_1SDV_20160708T172243_20160708T172308_012060_012A5B_614E_COG,OK,CACHE,0,sentinel-1a,2016-07-08T17:22:43.126513Z,2016-07-08T17:23:08.125531Z,IW,VV|VH,ascending,88,12060,,L1,"[5.806397, 43.921955, 9.391042, 45.817867]",11,https://stac.dataspace.copernicus.eu/v1/collections/sentinel-1-grd/items/S1A_IW_GRDH_1SDV_20160708T172243_20160708T172308_012060_012A5B_614E_COG
S1A_IW_GRDH_1SDV_20160708T172308_20160708T172333_012060_012A5B_B97B_COG,OK,CACHE,0,sentinel-1a,2016-07-08T17:23:08.127027Z,2016-07-08T17:23:33.126046Z,IW,VV|VH,ascending,88,12060,,L1,"[5.359011, 45.420818, 9.061069, 47.314117]",11,https://stac.dataspace.copernicus.eu/v1/collections/sentinel-1-grd/items/S1A_IW_GRDH_1SDV_20160708T172308_20160708T172333_012060_012A5B_B97B_COG
S1A_IW_GRDH_1SDV_20160714T052704_20160714T052729_012140_012CF8_C92F_COG,OK,CACHE,0,sentinel-1a,2016-07-14T05:27:04.891180Z,2016-07-14T05:27:29.889022Z,IW,VV|VH,descending,168,12140,,L1,"[8.380897, 44.15274, 12.073821, 46.057766]",11,https://stac.dataspace.copernicus.eu/v1/collections/sentinel-1-grd/items/S1A_IW_GRDH_1SDV_20160714T052704_20160714T052729_012140_012CF8_C92F_COG
S1A_IW_GRDH_1SDV_20160715T171425_20160715T171450_012162_012DA2_DDCF_COG,OK,CACHE,0,sentinel-1a,2016-07-15T17:14:25.989736Z,2016-07-15T17:14:50.989563Z,IW,VV|VH,ascending,15,12162,,L1,"[7.904108, 43.698711, 11.539747, 45.603142]",11,https://stac.dataspace.copernicus.eu/v1/collections/sentinel-1-grd/items/S1A_IW_GRDH_1SDV_20160715T171425_20160715T171450_012162_012DA2_DDCF_COG
S1A_IW_GRDH_1SDV_20160715T171450_20160715T171515_012162_012DA2_E64B_COG,OK,CACHE,0,sentinel-1a,2016-07-15T17:14:50.991060Z,2016-07-15T17:15:15.989389Z,IW,VV|VH,ascending,15,12162,,L1,"[7.504155, 45.198124, 11.214384, 47.104073]",11,https://stac.dataspace.copernicus.eu/v1/collections/sentinel-1-grd/items/S1A_IW_GRDH_1SDV_20160715T171450_20160715T171515_012162_012DA2_E64B_COG
S1A_IW_GRDH_1SDV_20160719T053458_20160719T053523_012213_012F5D_2EA9_COG,OK,CACHE,0,sentinel-1a,2016-07-19T05:34:58.530411Z,2016-07-19T05:35:23.529500Z,IW,VV|VH,descending,66,12213,,L1,"[6.607868, 45.379051, 10.333934, 47.286713]",11,https://stac.dataspace.copernicus.eu/v1/collections/sentinel-1-grd/items/S1A_IW_GRDH_1SDV_20160719T053458_20160719T053523_012213_012F5D_2EA9_COG
S1A_IW_GRDH_1SDV_20160719T053523_20160719T053548_012213_012F5D_34D3_COG,OK,CACHE,0,sentinel-1a,2016-07-19T05:35:23.530996Z,2016-07-19T05:35:48.530084Z,IW,VV|VH,descending,66,12213,,L1,"[6.281778, 43.879971, 9.940232, 45.78508]",11,https://stac.dataspace.copernicus.eu/v1/collections/sentinel-1-grd/items/S1A_IW_GRDH_1SDV_20160719T053523_20160719T053548_012213_012F5D_34D3_COG
S1A_IW_GRDH_1SDV_20160720T172243_20160720T172308_012235_013003_A2C7_COG,OK,CACHE,0,sentinel-1a,2016-07-20T17:22:43.673751Z,2016-07-20T17:23:08.672432Z,IW,VV|VH,ascending,88,12235,,L1,"[5.807866, 43.922028, 9.427791, 45.821762]",11,https://stac.dataspace.copernicus.eu/v1/collections/sentinel-1-grd/items/S1A_IW_GRDH_1SDV_20160720T172243_20160720T172308_012235_013003_A2C7_COG
S1A_IW_GRDH_1SDV_20160720T172308_20160720T172333_012235_013003_368E_COG,OK,CACHE,0,sentinel-1a,2016-07-20T17:23:08.673918Z,2016-07-20T17:23:33.672599Z,IW,VV|VH,ascending,88,12235,,L1,"[5.360687, 45.420879, 9.098795, 47.318005]",11,https://stac.dataspace.copernicus.eu/v1/collections/sentinel-1-grd/items/S1A_IW_GRDH_1SDV_20160720T172308_20160720T172333_012235_013003_368E_COG
S1A_IW_GRDH_1SDV_20160726T052705_20160726T052730_012315_0132A1_5F97_COG,OK,CACHE,0,sentinel-1a,2016-07-26T05:27:05.687285Z,2016-07-26T05:27:30.685128Z,IW,VV|VH,descending,168,12315,,L1,"[8.380382, 44.152706, 12.073429, 46.057751]",11,https://stac.dataspace.copernicus.eu/v1/collections/sentinel-1-grd/items/S1A_IW_GRDH_1SDV_20160726T052705_20160726T052730_012315_0132A1_5F97_COG
S1A_IW_GRDH_1SDV_20160727T171426_20160727T171451_012337_013359_BCD8_COG,OK,CACHE,0,sentinel-1a,2016-07-27T17:14:26.697452Z,2016-07-27T17:14:51.695861Z,IW,VV|VH,ascending,15,12337,,L1,"[7.903309, 43.69865, 11.538935, 45.603024]",11,https://stac.dataspace.copernicus.eu/v1/collections/sentinel-1-grd/items/S1A_IW_GRDH_1SDV_20160727T171426_20160727T171451_012337_013359_BCD8_COG
S1A_IW_GRDH_1SDV_20160727T171451_20160727T171516_012337_013359_5189_COG,OK,CACHE,0,sentinel-1a,2016-07-27T17:14:51.697360Z,2016-07-27T17:15:16.695768Z,IW,VV|VH,ascending,15,12337,,L1,"[7.503435, 45.197975, 11.213694, 47.103977]",11,https://stac.dataspace.copernicus.eu/v1/collections/sentinel-1-grd/items/S1A_IW_GRDH_1SDV_20160727T171451_20160727T171516_012337_013359_5189_COG
S1A_IW_GRDH_1SDV_20160731T053508_20160731T053537_012388_013519_3993_COG,OK,CACHE,0,sentinel-1a,2016-07-31T05:35:08.678759Z,2016-07-31T05:35:37.699525Z,IW,VV|VH,descending,66,12388,,L1,"[6.519599, 44.577717, 10.14907, 46.716644]",11,https://stac.dataspace.copernicus.eu/v1/collections/sentinel-1-grd/items/S1A_IW_GRDH_1SDV_20160731T053508_20160731T053537_012388_013519_3993_COG
S1A_IW_GRDH_1SDV_20160801T172244_20160801T172309_012410_0135D4_01F7_COG,OK,CACHE,0,sentinel-1a,2016-08-01T17:22:44.545468Z,2016-08-01T17:23:09.544343Z,IW,VV|VH,ascending,88,12410,,L1,"[5.806397, 43.921871, 9.42657, 45.821651]",11,https://stac.dataspace.copernicus.eu/v1/collections/sentinel-1-grd/items/S1A_IW_GRDH_1SDV_20160801T172244_20160801T172309_012410_0135D4_01F7_COG
S1A_IW_GRDH_1SDV_20160801T172309_20160801T172334_012410_0135D4_D960_COG,OK,CACHE,0,sentinel-1a,2016-08-01T17:23:09.545819Z,2016-08-01T17:23:34.544692Z,IW,VV|VH,ascending,88,12410,,L1,"[5.359034, 45.420719, 9.097568, 47.317867]",11,https://stac.dataspace.copernicus.eu/v1/collections/sentinel-1-grd/items/S1A_IW_GRDH_1SDV_20160801T172309_20160801T172334_012410_0135D4_D960_COG
S1A_IW_GRDH_1SDV_20160807T052650_20160807T052719_012490_013884_E979_COG,OK,CACHE,0,sentinel-1a,2016-08-07T05:26:50.853993Z,2016-08-07T05:27:19.880102Z,IW,VV|VH,descending,168,12490,,L1,"[8.647758, 44.846252, 12.307011, 46.987068]",11,https://stac.dataspace.copernicus.eu/v1/collections/sentinel-1-grd/items/S1A_IW_GRDH_1SDV_20160807T052650_20160807T052719_012490_013884_E979_COG
S1A_IW_GRDH_1SDV_20160807T052719_20160807T052744_012490_013884_8578_COG,OK,CACHE,0,sentinel-1a,2016-08-07T05:27:19.881597Z,2016-08-07T05:27:44.880538Z,IW,VV|VH,descending,168,12490,,L1,"[8.314549, 43.347755, 11.858525, 45.242794]",11,https://stac.dataspace.copernicus.eu/v1/collections/sentinel-1-grd/items/S1A_IW_GRDH_1SDV_20160807T052719_20160807T052744_012490_013884_8578_COG
S1A_IW_GRDH_1SDV_20160808T171427_20160808T171452_012512_01392E_C14A_COG,OK,CACHE,0,sentinel-1a,2016-08-08T17:14:27.420136Z,2016-08-08T17:14:52.418570Z,IW,VV|VH,ascending,15,12512,,L1,"[7.903324, 43.698715, 11.538943, 45.603069]",11,https://stac.dataspace.copernicus.eu/v1/collections/sentinel-1-grd/items/S1A_IW_GRDH_1SDV_20160808T171427_20160808T171452_012512_01392E_C14A_COG
S1A_IW_GRDH_1SDV_20160808T171452_20160808T171517_012512_01392E_EBF8_COG,OK,CACHE,0,sentinel-1a,2016-08-08T17:14:52.420068Z,2016-08-08T17:15:17.418502Z,IW,VV|VH,ascending,15,12512,,L1,"[7.503615, 45.198036, 11.213717, 47.104042]",11,https://stac.dataspace.copernicus.eu/v1/collections/sentinel-1-grd/items/S1A_IW_GRDH_1SDV_20160808T171452_20160808T171517_012512_01392E_EBF8_COG
S1A_IW_GRDH_1SDV_20160812T053459_20160812T053524_012563_013AED_7222_COG,OK,CACHE,0,sentinel-1a,2016-08-12T05:34:59.786131Z,2016-08-12T05:35:24.785227Z,IW,VV|VH,descending,66,12563,,L1,"[6.609103, 45.378971, 10.334622, 47.286751]",11,https://stac.dataspace.copernicus.eu/v1/collections/sentinel-1-grd/items/S1A_IW_GRDH_1SDV_20160812T053459_20160812T053524_012563_013AED_7222_COG
S1A_IW_GRDH_1SDV_20160812T053524_20160812T053549_012563_013AED_4FC5_COG,OK,CACHE,0,sentinel-1a,2016-08-12T05:35:24.786724Z,2016-08-12T05:35:49.785820Z,IW,VV|VH,descending,66,12563,,L1,"[6.282951, 43.879898, 9.941447, 45.785069]",11,https://stac.dataspace.copernicus.eu/v1/collections/sentinel-1-grd/items/S1A_IW_GRDH_1SDV_20160812T053524_20160812T053549_012563_013AED_4FC5_COG
S1A_IW_GRDH_1SDV_20160813T172245_20160813T172310_012585_013B95_2D55_COG,OK,CACHE,0,sentinel-1a,2016-08-13T17:22:45.004262Z,2016-08-13T17:23:10.002941Z,IW,VV|VH,ascending,88,12585,,L1,"[5.806531, 43.922035, 9.426368, 45.8218]",11,https://stac.dataspace.copernicus.eu/v1/collections/sentinel-1-grd/items/S1A_IW_GRDH_1SDV_20160813T172245_20160813T172310_012585_013B95_2D55_COG
S1A_IW_GRDH_1SDV_20160813T172310_20160813T172335_012585_013B95_5BA5_COG,OK,CACHE,0,sentinel-1a,2016-08-13T17:23:10.004478Z,2016-08-13T17:23:35.003162Z,IW,VV|VH,ascending,88,12585,,L1,"[5.359135, 45.420887, 9.097449, 47.318035]",11,https://stac.dataspace.copernicus.eu/v1/collections/sentinel-1-grd/items/S1A_IW_GRDH_1SDV_20160813T172310_20160813T172335_012585_013B95_5BA5_COG
S1A_IW_GRDH_1SDV_20160819T052707_20160819T052732_012665_013E40_BCA9_COG,OK,CACHE,0,sentinel-1a,2016-08-19T05:27:07.062194Z,2016-08-19T05:27:32.060032Z,IW,VV|VH,descending,168,12665,,L1,"[8.378512, 44.152729, 12.071756, 46.057629]",11,https://stac.dataspace.copernicus.eu/v1/collections/sentinel-1-grd/items/S1A_IW_GRDH_1SDV_20160819T052707_20160819T052732_012665_013E40_BCA9_COG
S1A_IW_GRDH_1SDV_20160824T053500_20160824T053525_012738_0140C6_B897_COG,OK,CACHE,0,sentinel-1a,2016-08-24T05:35:00.523711Z,2016-08-24T05:35:25.522830Z,IW,VV|VH,descending,66,12738,,L1,"[6.608676, 45.378975, 10.334214, 47.286762]",11,https://stac.dataspace.copernicus.eu/v1/collections/sentinel-1-grd/items/S1A_IW_GRDH_1SDV_20160824T053500_20160824T053525_012738_0140C6_B897_COG
S1A_IW_GRDH_1SDV_20160824T053525_20160824T053550_012738_0140C6_4728_COG,OK,CACHE,0,sentinel-1a,2016-08-24T05:35:25.524330Z,2016-08-24T05:35:50.521949Z,IW,VV|VH,descending,66,12738,,L1,"[6.282529, 43.879993, 9.941017, 45.78508]",11,https://stac.dataspace.copernicus.eu/v1/collections/sentinel-1-grd/items/S1A_IW_GRDH_1SDV_20160824T053525_20160824T053550_012738_0140C6_4728_COG
S1A_IW_GRDH_1SDV_20160825T172246_20160825T172311_012760_014184_1231_COG,OK,CACHE,0,sentinel-1a,2016-08-25T17:22:46.509789Z,2016-08-25T17:23:11.507972Z,IW,VV|VH,ascending,88,12760,,L1,"[5.773376, 43.972736, 9.382661, 45.870857]",11,https://stac.dataspace.copernicus.eu/v1/collections/sentinel-1-grd/items/S1A_IW_GRDH_1SDV_20160825T172246_20160825T172311_012760_014184_1231_COG
S1A_IW_GRDH_1SDV_20160831T052707_20160831T052732_012840_014434_DF80_COG,OK,CACHE,0,sentinel-1a,2016-08-31T05:27:07.362446Z,2016-08-31T05:27:32.360301Z,IW,VV|VH,descending,168,12840,,L1,"[8.380493, 44.152702, 12.073546, 46.057697]",11,https://stac.dataspace.copernicus.eu/v1/collections/sentinel-1-grd/items/S1A_IW_GRDH_1SDV_20160831T052707_20160831T052732_012840_014434_DF80_COG
S1A_IW_GRDH_1SDV_20160901T171428_20160901T171453_012862_0144E3_B4E0_COG,OK,CACHE,0,sentinel-1a,2016-09-01T17:14:28.362049Z,2016-09-01T17:14:53.360433Z,IW,VV|VH,ascending,15,12862,,L1,"[7.905885, 43.698868, 11.541469, 45.603153]",11,https://stac.dataspace.copernicus.eu/v1/collections/sentinel-1-grd/items/S1A_IW_GRDH_1SDV_20160901T171428_20160901T171453_012862_0144E3_B4E0_COG
S1A_IW_GRDH_1SDV_20160901T171453_20160901T171518_012862_0144E3_0F54_COG,OK,CACHE,0,sentinel-1a,2016-09-01T17:14:53.361931Z,2016-09-01T17:15:18.360315Z,IW,VV|VH,ascending,15,12862,,L1,"[7.505866, 45.198196, 11.216304, 47.104088]",11,https://stac.dataspace.copernicus.eu/v1/collections/sentinel-1-grd/items/S1A_IW_GRDH_1SDV_20160901T171453_20160901T171518_012862_0144E3_0F54_COG
S1A_IW_GRDH_1SDV_20160905T053500_20160905T053525_012913_01469F_A2B8_COG,OK,CACHE,0,sentinel-1a,2016-09-05T05:35:00.868528Z,2016-09-05T05:35:25.866160Z,IW,VV|VH,descending,66,12913,,L1,"[6.608654, 45.379154, 10.334123, 47.286804]",11,https://stac.dataspace.copernicus.eu/v1/collections/sentinel-1-grd/items/S1A_IW_GRDH_1SDV_20160905T053500_20160905T053525_012913_01469F_A2B8_COG
S1A_IW_GRDH_1SDV_20160905T053525_20160905T053550_012913_01469F_304E_COG,OK,CACHE,0,sentinel-1a,2016-09-05T05:35:25.869155Z,2016-09-05T05:35:50.866788Z,IW,VV|VH,descending,66,12913,,L1,"[6.282408, 43.880081, 9.940995, 45.785133]",11,https://stac.dataspace.copernicus.eu/v1/collections/sentinel-1-grd/items/S1A_IW_GRDH_1SDV_20160905T053525_20160905T053550_012913_01469F_304E_COG
S1A_IW_GRDH_1SDV_20160906T172245_20160906T172310_012935_014746_75AB_COG,OK,CACHE,0,sentinel-1a,2016-09-06T17:22:45.997131Z,2016-09-06T17:23:10.995628Z,IW,VV|VH,ascending,88,12935,,L1,"[5.806805, 43.922054, 9.422677, 45.821369]",11,https://stac.dataspace.copernicus.eu/v1/collections/sentinel-1-grd/items/S1A_IW_GRDH_1SDV_20160906T172245_20160906T172310_012935_014746_75AB_COG
S1A_IW_GRDH_1SDV_20160906T172310_20160906T172335_012935_014746_4725_COG,OK,CACHE,0,sentinel-1a,2016-09-06T17:23:10.997123Z,2016-09-06T17:23:35.995620Z,IW,VV|VH,ascending,88,12935,,L1,"[5.359401, 45.420883, 9.093527, 47.31757]",11,https://stac.dataspace.copernicus.eu/v1/collections/sentinel-1-grd/items/S1A_IW_GRDH_1SDV_20160906T172310_20160906T172335_012935_014746_4725_COG
S1A_IW_GRDH_1SDV_20160912T052707_20160912T052732_013015_0149CC_33A3_COG,OK,CACHE,0,sentinel-1a,2016-09-12T05:27:07.970936Z,2016-09-12T05:27:32.970332Z,IW,VV|VH,descending,168,13015,,L1,"[8.380024, 44.152611, 12.073313, 46.057747]",11,https://stac.dataspace.copernicus.eu/v1/collections/sentinel-1-grd/items/S1A_IW_GRDH_1SDV_20160912T052707_20160912T052732_013015_0149CC_33A3_COG
S1A_IW_GRDH_1SDV_20160913T171428_20160913T171453_013037_014A80_5613_COG,OK,CACHE,0,sentinel-1a,2016-09-13T17:14:28.969112Z,2016-09-13T17:14:53.967585Z,IW,VV|VH,ascending,15,13037,,L1,"[7.903643, 43.698734, 11.539383, 45.603092]",11,https://stac.dataspace.copernicus.eu/v1/collections/sentinel-1-grd/items/S1A_IW_GRDH_1SDV_20160913T171428_20160913T171453_013037_014A80_5613_COG
S1A_IW_GRDH_1SDV_20160913T171453_20160913T171518_013037_014A80_0780_COG,OK,CACHE,0,sentinel-1a,2016-09-13T17:14:53.969083Z,2016-09-13T17:15:18.967556Z,IW,VV|VH,ascending,15,13037,,L1,"[7.503578, 45.198059, 11.214167, 47.104027]",11,https://stac.dataspace.copernicus.eu/v1/collections/sentinel-1-grd/items/S1A_IW_GRDH_1SDV_20160913T171453_20160913T171518_013037_014A80_0780_COG
S1A_IW_GRDH_1SDV_20160917T053501_20160917T053526_013088_014C43_0909_COG,OK,CACHE,0,sentinel-1a,2016-09-17T05:35:01.393562Z,2016-09-17T05:35:26.391223Z,IW,VV|VH,descending,66,13088,,L1,"[6.60792, 45.379105, 10.33404, 47.286697]",11,https://stac.dataspace.copernicus.eu/v1/collections/sentinel-1-grd/items/S1A_IW_GRDH_1SDV_20160917T053501_20160917T053526_013088_014C43_0909_COG
S1A_IW_GRDH_1SDV_20160917T053526_20160917T053551_013088_014C43_2FDD_COG,OK,CACHE,0,sentinel-1a,2016-09-17T05:35:26.392717Z,2016-09-17T05:35:51.391877Z,IW,VV|VH,descending,66,13088,,L1,"[6.28182, 43.880028, 9.940415, 45.785152]",11,https://stac.dataspace.copernicus.eu/v1/collections/sentinel-1-grd/items/S1A_IW_GRDH_1SDV_20160917T053526_20160917T053551_013088_014C43_2FDD_COG
S1A_IW_GRDH_1SDV_20160918T172246_20160918T172311_013110_014CF7_4B9B_COG,OK,CACHE,0,sentinel-1a,2016-09-18T17:22:46.518560Z,2016-09-18T17:23:11.517063Z,IW,VV|VH,ascending,88,13110,,L1,"[5.807076, 43.922112, 9.422935, 45.821396]",11,https://stac.dataspace.copernicus.eu/v1/collections/sentinel-1-grd/items/S1A_IW_GRDH_1SDV_20160918T172246_20160918T172311_013110_014CF7_4B9B_COG
S1A_IW_GRDH_1SDV_20160918T172311_20160918T172336_013110_014CF7_4BD1_COG,OK,CACHE,0,sentinel-1a,2016-09-18T17:23:11.517076Z,2016-09-18T17:23:36.515580Z,IW,VV|VH,ascending,88,13110,,L1,"[5.359726, 45.420853, 9.093955, 47.317524]",11,https://stac.dataspace.copernicus.eu/v1/collections/sentinel-1-grd/items/S1A_IW_GRDH_1SDV_20160918T172311_20160918T172336_013110_014CF7_4BD1_COG
S1A_IW_GRDH_1SDV_20160924T052708_20160924T052733_013190_014FA5_2701_COG,OK,CACHE,0,sentinel-1a,2016-09-24T05:27:08.407596Z,2016-09-24T05:27:33.405604Z,IW,VV|VH,descending,168,13190,,L1,"[8.379929, 44.152744, 12.07329, 46.057819]",11,https://stac.dataspace.copernicus.eu/v1/collections/sentinel-1-grd/items/S1A_IW_GRDH_1SDV_20160924T052708_20160924T052733_013190_014FA5_2701_COG
S1A_IW_GRDH_1SDV_20160925T171429_20160925T171454_013212_015050_3F58_COG,OK,CACHE,0,sentinel-1a,2016-09-25T17:14:29.404337Z,2016-09-25T17:14:54.402819Z,IW,VV|VH,ascending,15,13212,,L1,"[7.902881, 43.698788, 11.538639, 45.603153]",11,https://stac.dataspace.copernicus.eu/v1/collections/sentinel-1-grd/items/S1A_IW_GRDH_1SDV_20160925T171429_20160925T171454_013212_015050_3F58_COG
S1A_IW_GRDH_1SDV_20160925T171454_20160925T171519_013212_015050_B72E_COG,OK,CACHE,0,sentinel-1a,2016-09-25T17:14:54.404318Z,2016-09-25T17:15:19.402800Z,IW,VV|VH,ascending,15,13212,,L1,"[7.50299, 45.198109, 11.213404, 47.104107]",11,https://stac.dataspace.copernicus.eu/v1/collections/sentinel-1-grd/items/S1A_IW_GRDH_1SDV_20160925T171454_20160925T171519_013212_015050_B72E_COG
S1A_IW_GRDH_1SDV_20160929T053501_20160929T053526_013263_0151F9_9BCB_COG,OK,CACHE,0,sentinel-1a,2016-09-29T05:35:01.775501Z,2016-09-29T05:35:26.774776Z,IW,VV|VH,descending,66,13263,,L1,"[6.607472, 45.379192, 10.333729, 47.286896]",11,https://stac.dataspace.copernicus.eu/v1/collections/sentinel-1-grd/items/S1A_IW_GRDH_1SDV_20160929T053501_20160929T053526_013263_0151F9_9BCB_COG
S1A_IW_GRDH_1SDV_20160929T053526_20160929T053551_013263_0151F9_A618_COG,OK,CACHE,0,sentinel-1a,2016-09-29T05:35:26.776277Z,2016-09-29T05:35:51.774052Z,IW,VV|VH,descending,66,13263,,L1,"[6.281377, 43.880207, 9.940094, 45.785255]",11,https://stac.dataspace.copernicus.eu/v1/collections/sentinel-1-grd/items/S1A_IW_GRDH_1SDV_20160929T053526_20160929T053551_013263_0151F9_A618_COG
S1A_IW_GRDH_1SDV_20160930T172246_20160930T172311_013285_01529D_6CBD_COG,OK,CACHE,0,sentinel-1a,2016-09-30T17:22:46.837045Z,2016-09-30T17:23:11.835647Z,IW,VV|VH,ascending,88,13285,,L1,"[5.807078, 43.922039, 9.423045, 45.821312]",11,https://stac.dataspace.copernicus.eu/v1/collections/sentinel-1-grd/items/S1A_IW_GRDH_1SDV_20160930T172246_20160930T172311_013285_01529D_6CBD_COG
S1A_IW_GRDH_1SDV_20160930T172311_20160930T172336_013285_01529D_E5CC_COG,OK,CACHE,0,sentinel-1a,2016-09-30T17:23:11.837144Z,2016-09-30T17:23:36.835746Z,IW,VV|VH,ascending,88,13285,,L1,"[5.359721, 45.420872, 9.094193, 47.317543]",11,https://stac.dataspace.copernicus.eu/v1/collections/sentinel-1-grd/items/S1A_IW_GRDH_1SDV_20160930T172311_20160930T172336_013285_01529D_E5CC_COG
S1A_IW_GRDH_1SDV_20170404T052705_20170404T052730_015990_01A5FE_EE02_COG,OK,CACHE,0,sentinel-1a,2017-04-04T05:27:05.272770Z,2017-04-04T05:27:30.270481Z,IW,VV|VH,descending,168,15990,,L1,"[8.379664, 44.152805, 12.072676, 46.057816]",11,https://stac.dataspace.copernicus.eu/v1/collections/sentinel-1-grd/items/S1A_IW_GRDH_1SDV_20170404T052705_20170404T052730_015990_01A5FE_EE02_COG
S1A_IW_GRDH_1SDV_20170405T171426_20170405T171451_016012_01A6A3_C219_COG,OK,CACHE,0,sentinel-1a,2017-04-05T17:14:26.259861Z,2017-04-05T17:14:51.258406Z,IW,VV|VH,ascending,15,16012,,L1,"[7.902824, 43.698414, 11.538546, 45.602791]",11,https://stac.dataspace.copernicus.eu/v1/collections/sentinel-1-grd/items/S1A_IW_GRDH_1SDV_20170405T171426_20170405T171451_016012_01A6A3_C219_COG
S1A_IW_GRDH_1SDV_20170405T171451_20170405T171516_016012_01A6A3_A645_COG,OK,CACHE,0,sentinel-1a,2017-04-05T17:14:51.259928Z,2017-04-05T17:15:16.258475Z,IW,VV|VH,ascending,15,16012,,L1,"[7.50306, 45.197739, 11.213324, 47.10376]",11,https://stac.dataspace.copernicus.eu/v1/collections/sentinel-1-grd/items/S1A_IW_GRDH_1SDV_20170405T171451_20170405T171516_016012_01A6A3_A645_COG
S1A_IW_GRDH_1SDV_20170409T053458_20170409T053523_016063_01A842_AF95_COG,OK,CACHE,0,sentinel-1a,2017-04-09T05:34:58.725017Z,2017-04-09T05:35:23.724025Z,IW,VV|VH,descending,66,16063,,L1,"[6.607357, 45.379211, 10.333306, 47.286877]",11,https://stac.dataspace.copernicus.eu/v1/collections/sentinel-1-grd/items/S1A_IW_GRDH_1SDV_20170409T053458_20170409T053523_016063_01A842_AF95_COG
S1A_IW_GRDH_1SDV_20170409T053523_20170409T053548_016063_01A842_18BF_COG,OK,CACHE,0,sentinel-1a,2017-04-09T05:35:23.725518Z,2017-04-09T05:35:48.724525Z,IW,VV|VH,descending,66,16063,,L1,"[6.28124, 43.880131, 9.939601, 45.785244]",11,https://stac.dataspace.copernicus.eu/v1/collections/sentinel-1-grd/items/S1A_IW_GRDH_1SDV_20170409T053523_20170409T053548_016063_01A842_18BF_COG
S1A_IW_GRDH_1SDV_20170410T172243_20170410T172308_016085_01A8EA_12F5_COG,OK,CACHE,0,sentinel-1a,2017-04-10T17:22:43.851302Z,2017-04-10T17:23:08.849749Z,IW,VV|VH,ascending,88,16085,,L1,"[5.806483, 43.92197, 9.422193, 45.821239]",11,https://stac.dataspace.copernicus.eu/v1/collections/sentinel-1-grd/items/S1A_IW_GRDH_1SDV_20170410T172243_20170410T172308_016085_01A8EA_12F5_COG
S1A_IW_GRDH_1SDV_20170410T172308_20170410T172333_016085_01A8EA_8A04_COG,OK,CACHE,0,sentinel-1a,2017-04-10T17:23:08.851246Z,2017-04-10T17:23:33.849693Z,IW,VV|VH,ascending,88,16085,,L1,"[5.35913, 45.420803, 9.093207, 47.317459]",11,https://stac.dataspace.copernicus.eu/v1/collections/sentinel-1-grd/items/S1A_IW_GRDH_1SDV_20170410T172308_20170410T172333_016085_01A8EA_8A04_COG
S1A_IW_GRDH_1SDV_20170416T052705_20170416T052730_016165_01AB5A_642F_COG,OK,CACHE,0,sentinel-1a,2017-04-16T05:27:05.824738Z,2017-04-16T05:27:30.824041Z,IW,VV|VH,descending,168,16165,,L1,"[8.379889, 44.152779, 12.072841, 46.057899]",11,https://stac.dataspace.copernicus.eu/v1/collections/sentinel-1-grd/items/S1A_IW_GRDH_1SDV_20170416T052705_20170416T052730_016165_01AB5A_642F_COG
S1A_IW_GRDH_1SDV_20170417T171426_20170417T171451_016187_01AC02_5E5C_COG,OK,CACHE,0,sentinel-1a,2017-04-17T17:14:26.870147Z,2017-04-17T17:14:51.868532Z,IW,VV|VH,ascending,15,16187,,L1,"[7.902506, 43.698551, 11.538135, 45.602932]",11,https://stac.dataspace.copernicus.eu/v1/collections/sentinel-1-grd/items/S1A_IW_GRDH_1SDV_20170417T171426_20170417T171451_016187_01AC02_5E5C_COG
S1A_IW_GRDH_1SDV_20170417T171451_20170417T171516_016187_01AC02_B893_COG,OK,CACHE,0,sentinel-1a,2017-04-17T17:14:51.870030Z,2017-04-17T17:15:16.868416Z,IW,VV|VH,ascending,15,16187,,L1,"[7.5027, 45.197868, 11.212882, 47.103893]",11,https://stac.dataspace.copernicus.eu/v1/collections/sentinel-1-grd/items/S1A_IW_GRDH_1SDV_20170417T171451_20170417T171516_016187_01AC02_B893_COG
S1A_IW_GRDH_1SDV_20170421T053459_20170421T053524_016238_01AD9E_B801_COG,OK,CACHE,0,sentinel-1a,2017-04-21T05:34:59.329607Z,2017-04-21T05:35:24.328642Z,IW,VV|VH,descending,66,16238,,L1,"[6.608181, 45.379139, 10.334167, 47.286842]",11,https://stac.dataspace.copernicus.eu/v1/collections/sentinel-1-grd/items/S1A_IW_GRDH_1SDV_20170421T053459_20170421T053524_016238_01AD9E_B801_COG
S1A_IW_GRDH_1SDV_20170421T053524_20170421T053549_016238_01AD9E_82CF_COG,OK,CACHE,0,sentinel-1a,2017-04-21T05:35:24.330134Z,2017-04-21T05:35:49.327670Z,IW,VV|VH,descending,66,16238,,L1,"[6.282047, 43.880154, 9.940413, 45.785213]",11,https://stac.dataspace.copernicus.eu/v1/collections/sentinel-1-grd/items/S1A_IW_GRDH_1SDV_20170421T053524_20170421T053549_016238_01AD9E_82CF_COG
S1A_IW_GRDH_1SDV_20170422T172244_20170422T172309_016260_01AE45_949B_COG,OK,CACHE,0,sentinel-1a,2017-04-22T17:22:44.434164Z,2017-04-22T17:23:09.432653Z,IW,VV|VH,ascending,88,16260,,L1,"[5.806194, 43.921917, 9.422042, 45.82122]",11,https://stac.dataspace.copernicus.eu/v1/collections/sentinel-1-grd/items/S1A_IW_GRDH_1SDV_20170422T172244_20170422T172309_016260_01AE45_949B_COG
S1A_IW_GRDH_1SDV_20170422T172309_20170422T172334_016260_01AE45_5A07_COG,OK,CACHE,0,sentinel-1a,2017-04-22T17:23:09.434149Z,2017-04-22T17:23:34.432638Z,IW,VV|VH,ascending,88,16260,,L1,"[5.358817, 45.42075, 9.093038, 47.31744]",11,https://stac.dataspace.copernicus.eu/v1/collections/sentinel-1-grd/items/S1A_IW_GRDH_1SDV_20170422T172309_20170422T172334_016260_01AE45_5A07_COG
S1A_IW_GRDH_1SDV_20170428T052706_20170428T052731_016340_01B0AA_8A67_COG,OK,CACHE,0,sentinel-1a,2017-04-28T05:27:06.189214Z,2017-04-28T05:27:31.186988Z,IW,VV|VH,descending,168,16340,,L1,"[8.379391, 44.152912, 12.072254, 46.057877]",11,https://stac.dataspace.copernicus.eu/v1/collections/sentinel-1-grd/items/S1A_IW_GRDH_1SDV_20170428T052706_20170428T052731_016340_01B0AA_8A67_COG
S1A_IW_GRDH_1SDV_20170429T171427_20170429T171452_016362_01B152_D610_COG,OK,CACHE,0,sentinel-1a,2017-04-29T17:14:27.308099Z,2017-04-29T17:14:52.306525Z,IW,VV|VH,ascending,15,16362,,L1,"[7.903835, 43.698639, 11.53943, 45.60297]",11,https://stac.dataspace.copernicus.eu/v1/collections/sentinel-1-grd/items/S1A_IW_GRDH_1SDV_20170429T171427_20170429T171452_016362_01B152_D610_COG
S1A_IW_GRDH_1SDV_20170429T171452_20170429T171517_016362_01B152_412C_COG,OK,CACHE,0,sentinel-1a,2017-04-29T17:14:52.308024Z,2017-04-29T17:15:17.306450Z,IW,VV|VH,ascending,15,16362,,L1,"[7.503885, 45.19796, 11.214228, 47.103912]",11,https://stac.dataspace.copernicus.eu/v1/collections/sentinel-1-grd/items/S1A_IW_GRDH_1SDV_20170429T171452_20170429T171517_016362_01B152_412C_COG
S1A_IW_GRDH_1SDV_20170503T053459_20170503T053524_016413_01B2EC_BF21_COG,OK,CACHE,0,sentinel-1a,2017-05-03T05:34:59.956695Z,2017-05-03T05:35:24.954195Z,IW,VV|VH,descending,66,16413,,L1,"[6.607702, 45.379215, 10.333649, 47.286812]",11,https://stac.dataspace.copernicus.eu/v1/collections/sentinel-1-grd/items/S1A_IW_GRDH_1SDV_20170503T053459_20170503T053524_016413_01B2EC_BF21_COG
S1A_IW_GRDH_1SDV_20170503T053524_20170503T053549_016413_01B2EC_B859_COG,OK,CACHE,0,sentinel-1a,2017-05-03T05:35:24.955725Z,2017-05-03T05:35:49.954726Z,IW,VV|VH,descending,66,16413,,L1,"[6.281431, 43.880138, 9.939935, 45.785286]",11,https://stac.dataspace.copernicus.eu/v1/collections/sentinel-1-grd/items/S1A_IW_GRDH_1SDV_20170503T053524_20170503T053549_016413_01B2EC_B859_COG
S1A_IW_GRDH_1SDV_20170504T172245_20170504T172310_016435_01B38C_3B7B_COG,OK,CACHE,0,sentinel-1a,2017-05-04T17:22:45.127705Z,2017-05-04T17:23:10.126096Z,IW,VV|VH,ascending,88,16435,,L1,"[5.805312, 43.921959, 9.421068, 45.821285]",11,https://stac.dataspace.copernicus.eu/v1/collections/sentinel-1-grd/items/S1A_IW_GRDH_1SDV_20170504T172245_20170504T172310_016435_01B38C_3B7B_COG
S1A_IW_GRDH_1SDV_20170504T172310_20170504T172335_016435_01B38C_2B43_COG,OK,CACHE,0,sentinel-1a,2017-05-04T17:23:10.127593Z,2017-05-04T17:23:35.125983Z,IW,VV|VH,ascending,88,16435,,L1,"[5.357899, 45.420788, 9.092022, 47.317501]",11,https://stac.dataspace.copernicus.eu/v1/collections/sentinel-1-grd/items/S1A_IW_GRDH_1SDV_20170504T172310_20170504T172335_016435_01B38C_2B43_COG
S1A_IW_GRDH_1SDV_20170510T052707_20170510T052732_016515_01B5F9_48CE_COG,OK,CACHE,0,sentinel-1a,2017-05-10T05:27:07.026003Z,2017-05-10T05:27:32.025294Z,IW,VV|VH,descending,168,16515,,L1,"[8.378233, 44.152885, 12.071392, 46.057903]",11,https://stac.dataspace.copernicus.eu/v1/collections/sentinel-1-grd/items/S1A_IW_GRDH_1SDV_20170510T052707_20170510T052732_016515_01B5F9_48CE_COG
S1A_IW_GRDH_1SDV_20170511T171428_20170511T171453_016537_01B699_32D2_COG,OK,CACHE,0,sentinel-1a,2017-05-11T17:14:28.044503Z,2017-05-11T17:14:53.042842Z,IW,VV|VH,ascending,15,16537,,L1,"[7.903954, 43.698727, 11.539414, 45.60302]",11,https://stac.dataspace.copernicus.eu/v1/collections/sentinel-1-grd/items/S1A_IW_GRDH_1SDV_20170511T171428_20170511T171453_016537_01B699_32D2_COG
S1A_IW_GRDH_1SDV_20170511T171453_20170511T171518_016537_01B699_1F74_COG,OK,CACHE,0,sentinel-1a,2017-05-11T17:14:53.044340Z,2017-05-11T17:15:18.044177Z,IW,VV|VH,ascending,15,16537,,L1,"[7.503989, 45.198055, 11.214232, 47.104053]",11,https://stac.dataspace.copernicus.eu/v1/collections/sentinel-1-grd/items/S1A_IW_GRDH_1SDV_20170511T171453_20170511T171518_016537_01B699_1F74_COG
S1A_IW_GRDH_1SDV_20170515T053500_20170515T053525_016588_01B83E_EF18_COG,OK,CACHE,0,sentinel-1a,2017-05-15T05:35:00.570052Z,2017-05-15T05:35:25.567635Z,IW,VV|VH,descending,66,16588,,L1,"[6.607776, 45.379288, 10.333885, 47.286892]",11,https://stac.dataspace.copernicus.eu/v1/collections/sentinel-1-grd/items/S1A_IW_GRDH_1SDV_20170515T053500_20170515T053525_016588_01B83E_EF18_COG
S1A_IW_GRDH_1SDV_20170515T053525_20170515T053550_016588_01B83E_8B46_COG,OK,CACHE,0,sentinel-1a,2017-05-15T05:35:25.569134Z,2017-05-15T05:35:50.568217Z,IW,VV|VH,descending,66,16588,,L1,"[6.281647, 43.880215, 9.940145, 45.785358]",11,https://stac.dataspace.copernicus.eu/v1/collections/sentinel-1-grd/items/S1A_IW_GRDH_1SDV_20170515T053525_20170515T053550_016588_01B83E_8B46_COG
S1A_IW_GRDH_1SDV_20170516T172245_20170516T172310_016610_01B8E6_D526_COG,OK,CACHE,0,sentinel-1a,2017-05-16T17:22:45.723838Z,2017-05-16T17:23:10.722312Z,IW,VV|VH,ascending,88,16610,,L1,"[5.805822, 43.921898, 9.421686, 45.82122]",11,https://stac.dataspace.copernicus.eu/v1/collections/sentinel-1-grd/items/S1A_IW_GRDH_1SDV_20170516T172245_20170516T172310_016610_01B8E6_D526_COG
S1A_IW_GRDH_1SDV_20170516T172310_20170516T172335_016610_01B8E6_54C7_COG,OK,CACHE,0,sentinel-1a,2017-05-16T17:23:10.723784Z,2017-05-16T17:23:35.722255Z,IW,VV|VH,ascending,88,16610,,L1,"[5.35843, 45.420727, 9.09266, 47.317436]",11,https://stac.dataspace.copernicus.eu/v1/collections/sentinel-1-grd/items/S1A_IW_GRDH_1SDV_20170516T172310_20170516T172335_016610_01B8E6_54C7_COG
S1A_IW_GRDH_1SDV_20170522T052707_20170522T052732_016690_01BB5A_1CE6_COG,OK,CACHE,0,sentinel-1a,2017-05-22T05:27:07.564044Z,2017-05-22T05:27:32.561811Z,IW,VV|VH,descending,168,16690,,L1,"[8.378797, 44.152916, 12.071948, 46.057854]",11,https://stac.dataspace.copernicus.eu/v1/collections/sentinel-1-grd/items/S1A_IW_GRDH_1SDV_20170522T052707_20170522T052732_016690_01BB5A_1CE6_COG
S1A_IW_GRDH_1SDV_20170523T171422_20170523T171447_016712_01BC02_B420_COG,OK,CACHE,0,sentinel-1a,2017-05-23T17:14:22.988840Z,2017-05-23T17:14:47.987076Z,IW,VV|VH,ascending,15,16712,,L1,"[7.996974, 43.367805, 11.577081, 45.26844]",11,https://stac.dataspace.copernicus.eu/v1/collections/sentinel-1-grd/items/S1A_IW_GRDH_1SDV_20170523T171422_20170523T171447_016712_01BC02_B420_COG
S1A_IW_GRDH_1SDV_20170523T171447_20170523T171512_016712_01BC02_6490_COG,OK,CACHE,0,sentinel-1a,2017-05-23T17:14:47.988570Z,2017-05-23T17:15:12.986805Z,IW,VV|VH,ascending,15,16712,,L1,"[7.619898, 44.867355, 11.252313, 46.77166]",11,https://stac.dataspace.copernicus.eu/v1/collections/sentinel-1-grd/items/S1A_IW_GRDH_1SDV_20170523T171447_20170523T171512_016712_01BC02_6490_COG
S1A_IW_GRDH_1SDV_20170527T053517_20170527T053542_016763_01BD9F_F801_COG,OK,CACHE,0,sentinel-1a,2017-05-27T05:35:17.715137Z,2017-05-27T05:35:42.714670Z,IW,VV|VH,descending,66,16763,,L1,"[6.377536, 44.377979, 10.06441, 46.283115]",11,https://stac.dataspace.copernicus.eu/v1/collections/sentinel-1-grd/items/S1A_IW_GRDH_1SDV_20170527T053517_20170527T053542_016763_01BD9F_F801_COG
S1A_IW_GRDH_1SDV_20170528T172246_20170528T172311_016785_01BE48_4A7A_COG,OK,CACHE,0,sentinel-1a,2017-05-28T17:22:46.203400Z,2017-05-28T17:23:11.201800Z,IW,VV|VH,ascending,88,16785,,L1,"[5.807216, 43.921974, 9.422948, 45.821266]",11,https://stac.dataspace.copernicus.eu/v1/collections/sentinel-1-grd/items/S1A_IW_GRDH_1SDV_20170528T172246_20170528T172311_016785_01BE48_4A7A_COG
S1A_IW_GRDH_1SDV_20170528T172311_20170528T172336_016785_01BE48_4B69_COG,OK,CACHE,0,sentinel-1a,2017-05-28T17:23:11.203297Z,2017-05-28T17:23:36.201697Z,IW,VV|VH,ascending,88,16785,,L1,"[5.359838, 45.420803, 9.093935, 47.317486]",11,https://stac.dataspace.copernicus.eu/v1/collections/sentinel-1-grd/items/S1A_IW_GRDH_1SDV_20170528T172311_20170528T172336_016785_01BE48_4B69_COG
S1A_IW_GRDH_1SDV_20170603T052654_20170603T052719_016865_01C0C1_3A72_COG,OK,CACHE,0,sentinel-1a,2017-06-03T05:26:54.551905Z,2017-06-03T05:27:19.549733Z,IW,VV|VH,descending,168,16865,,L1,"[8.576657, 44.978569, 12.279629, 46.886642]",11,https://stac.dataspace.copernicus.eu/v1/collections/sentinel-1-grd/items/S1A_IW_GRDH_1SDV_20170603T052654_20170603T052719_016865_01C0C1_3A72_COG
S1A_IW_GRDH_1SDV_20170603T052719_20170603T052744_016865_01C0C1_E6DA_COG,OK,CACHE,0,sentinel-1a,2017-06-03T05:27:19.551204Z,2017-06-03T05:27:44.550530Z,IW,VV|VH,descending,168,16865,,L1,"[8.246667, 43.479954, 11.888406, 45.385044]",11,https://stac.dataspace.copernicus.eu/v1/collections/sentinel-1-grd/items/S1A_IW_GRDH_1SDV_20170603T052719_20170603T052744_016865_01C0C1_E6DA_COG
S1A_IW_GRDH_1SDV_20170604T171423_20170604T171448_016887_01C16E_6974_COG,OK,CACHE,0,sentinel-1a,2017-06-04T17:14:23.913040Z,2017-06-04T17:14:48.911215Z,IW,VV|VH,ascending,15,16887,,L1,"[7.995756, 43.367771, 11.575902, 45.268456]",11,https://stac.dataspace.copernicus.eu/v1/collections/sentinel-1-grd/items/S1A_IW_GRDH_1SDV_20170604T171423_20170604T171448_016887_01C16E_6974_COG
S1A_IW_GRDH_1SDV_20170604T171448_20170604T171513_016887_01C16E_0343_COG,OK,CACHE,0,sentinel-1a,2017-06-04T17:14:48.912684Z,2017-06-04T17:15:13.912353Z,IW,VV|VH,ascending,15,16887,,L1,"[7.618557, 44.867313, 11.250957, 46.77174]",11,https://stac.dataspace.copernicus.eu/v1/collections/sentinel-1-grd/items/S1A_IW_GRDH_1SDV_20170604T171448_20170604T171513_016887_01C16E_0343_COG
S1A_IW_GRDH_1SDV_20170608T053507_20170608T053532_016938_01C30F_D65A_COG,OK,CACHE,0,sentinel-1a,2017-06-08T05:35:07.661615Z,2017-06-08T05:35:32.659398Z,IW,VV|VH,descending,66,16938,,L1,"[6.529149, 45.037899, 10.226952, 46.946838]",11,https://stac.dataspace.copernicus.eu/v1/collections/sentinel-1-grd/items/S1A_IW_GRDH_1SDV_20170608T053507_20170608T053532_016938_01C30F_D65A_COG
S1A_IW_GRDH_1SDV_20170608T053532_20170608T053557_016938_01C30F_40E4_COG,OK,CACHE,0,sentinel-1a,2017-06-08T05:35:32.660897Z,2017-06-08T05:35:57.660179Z,IW,VV|VH,descending,66,16938,,L1,"[6.203772, 43.538654, 9.844593, 45.44429]",11,https://stac.dataspace.copernicus.eu/v1/collections/sentinel-1-grd/items/S1A_IW_GRDH_1SDV_20170608T053532_20170608T053557_016938_01C30F_40E4_COG
S1A_IW_GRDH_1SDV_20170609T172247_20170609T172312_016960_01C3B4_EE86_COG,OK,CACHE,0,sentinel-1a,2017-06-09T17:22:47.117376Z,2017-06-09T17:23:12.115859Z,IW,VV|VH,ascending,88,16960,,L1,"[5.807015, 43.921986, 9.422838, 45.821251]",11,https://stac.dataspace.copernicus.eu/v1/collections/sentinel-1-grd/items/S1A_IW_GRDH_1SDV_20170609T172247_20170609T172312_016960_01C3B4_EE86_COG
S1A_IW_GRDH_1SDV_20170609T172312_20170609T172337_016960_01C3B4_9244_COG,OK,CACHE,0,sentinel-1a,2017-06-09T17:23:12.117356Z,2017-06-09T17:23:37.115839Z,IW,VV|VH,ascending,88,16960,,L1,"[5.359684, 45.420822, 9.093872, 47.317474]",11,https://stac.dataspace.copernicus.eu/v1/collections/sentinel-1-grd/items/S1A_IW_GRDH_1SDV_20170609T172312_20170609T172337_016960_01C3B4_9244_COG
S1A_IW_GRDH_1SDV_20170615T052655_20170615T052720_017040_01C629_4D25_COG,OK,CACHE,0,sentinel-1a,2017-06-15T05:26:55.182055Z,2017-06-15T05:27:20.181369Z,IW,VV|VH,descending,168,17040,,L1,"[8.57653, 44.9785, 12.279522, 46.886646]",11,https://stac.dataspace.copernicus.eu/v1/collections/sentinel-1-grd/items/S1A_IW_GRDH_1SDV_20170615T052655_20170615T052720_017040_01C629_4D25_COG
S1A_IW_GRDH_1SDV_20170615T052720_20170615T052745_017040_01C629_A0CB_COG,OK,CACHE,0,sentinel-1a,2017-06-15T05:27:20.182840Z,2017-06-15T05:27:45.180653Z,IW,VV|VH,descending,168,17040,,L1,"[8.246695, 43.479973, 11.888279, 45.384945]",11,https://stac.dataspace.copernicus.eu/v1/collections/sentinel-1-grd/items/S1A_IW_GRDH_1SDV_20170615T052720_20170615T052745_017040_01C629_A0CB_COG
S1A_IW_GRDH_1SDV_20170616T171424_20170616T171449_017062_01C6D3_A910_COG,OK,CACHE,0,sentinel-1a,2017-06-16T17:14:24.539411Z,2017-06-16T17:14:49.537641Z,IW,VV|VH,ascending,15,17062,,L1,"[7.99558, 43.367702, 11.575737, 45.26841]",11,https://stac.dataspace.copernicus.eu/v1/collections/sentinel-1-grd/items/S1A_IW_GRDH_1SDV_20170616T171424_20170616T171449_017062_01C6D3_A910_COG
S1A_IW_GRDH_1SDV_20170616T171449_20170616T171514_017062_01C6D3_005B_COG,OK,CACHE,0,sentinel-1a,2017-06-16T17:14:49.539120Z,2017-06-16T17:15:14.537348Z,IW,VV|VH,ascending,15,17062,,L1,"[7.618445, 44.867241, 11.250898, 46.771622]",11,https://stac.dataspace.copernicus.eu/v1/collections/sentinel-1-grd/items/S1A_IW_GRDH_1SDV_20170616T171449_20170616T171514_017062_01C6D3_005B_COG
S1A_IW_GRDH_1SDV_20170620T053508_20170620T053533_017113_01C876_5C77_COG,OK,CACHE,0,sentinel-1a,2017-06-20T05:35:08.290951Z,2017-06-20T05:35:33.290179Z,IW,VV|VH,descending,66,17113,,L1,"[6.529852, 45.037846, 10.227531, 46.946892]",11,https://stac.dataspace.copernicus.eu/v1/collections/sentinel-1-grd/items/S1A_IW_GRDH_1SDV_20170620T053508_20170620T053533_017113_01C876_5C77_COG
S1A_IW_GRDH_1SDV_20170620T053533_20170620T053558_017113_01C876_468E_COG,OK,CACHE,0,sentinel-1a,2017-06-20T05:35:33.291679Z,2017-06-20T05:35:58.289408Z,IW,VV|VH,descending,66,17113,,L1,"[6.20444, 43.538696, 9.845164, 45.444248]",11,https://stac.dataspace.copernicus.eu/v1/collections/sentinel-1-grd/items/S1A_IW_GRDH_1SDV_20170620T053533_20170620T053558_017113_01C876_468E_COG
S1A_IW_GRDH_1SDV_20170627T052655_20170627T052720_017215_01CB7E_BD30_COG,OK,CACHE,0,sentinel-1a,2017-06-27T05:26:55.986690Z,2017-06-27T05:27:20.985988Z,IW,VV|VH,descending,168,17215,,L1,"[8.575557, 44.978439, 12.278291, 46.88657]",11,https://stac.dataspace.copernicus.eu/v1/collections/sentinel-1-grd/items/S1A_IW_GRDH_1SDV_20170627T052655_20170627T052720_017215_01CB7E_BD30_COG
S1A_IW_GRDH_1SDV_20170627T052720_20170627T052745_017215_01CB7E_FC83_COG,OK,CACHE,0,sentinel-1a,2017-06-27T05:27:20.987459Z,2017-06-27T05:27:45.985256Z,IW,VV|VH,descending,168,17215,,L1,"[8.245768, 43.479912, 11.887311, 45.384846]",11,https://stac.dataspace.copernicus.eu/v1/collections/sentinel-1-grd/items/S1A_IW_GRDH_1SDV_20170627T052720_20170627T052745_017215_01CB7E_FC83_COG
S1A_IW_GRDH_1SDV_20170628T171425_20170628T171450_017237_01CC21_A383_COG,OK,CACHE,0,sentinel-1a,2017-06-28T17:14:25.286866Z,2017-06-28T17:14:50.286522Z,IW,VV|VH,ascending,15,17237,,L1,"[7.996183, 43.36779, 11.576226, 45.268547]",11,https://stac.dataspace.copernicus.eu/v1/collections/sentinel-1-grd/items/S1A_IW_GRDH_1SDV_20170628T171425_20170628T171450_017237_01CC21_A383_COG
S1A_IW_GRDH_1SDV_20170628T171450_20170628T171515_017237_01CC21_F709_COG,OK,CACHE,0,sentinel-1a,2017-06-28T17:14:50.288007Z,2017-06-28T17:15:15.286165Z,IW,VV|VH,ascending,15,17237,,L1,"[7.619069, 44.867424, 11.251389, 46.771763]",11,https://stac.dataspace.copernicus.eu/v1/collections/sentinel-1-grd/items/S1A_IW_GRDH_1SDV_20170628T171450_20170628T171515_017237_01CC21_F709_COG
S1A_IW_GRDH_1SDV_20170702T053508_20170702T053533_017288_01CDBA_958C_COG,OK,CACHE,0,sentinel-1a,2017-07-02T05:35:08.916660Z,2017-07-02T05:35:33.914426Z,IW,VV|VH,descending,66,17288,,L1,"[6.530877, 45.037899, 10.228571, 46.946877]",11,https://stac.dataspace.copernicus.eu/v1/collections/sentinel-1-grd/items/S1A_IW_GRDH_1SDV_20170702T053508_20170702T053533_017288_01CDBA_958C_COG
S1A_IW_GRDH_1SDV_20170702T053533_20170702T053558_017288_01CDBA_38D5_COG,OK,CACHE,0,sentinel-1a,2017-07-02T05:35:33.915925Z,2017-07-02T05:35:58.915190Z,IW,VV|VH,descending,66,17288,,L1,"[6.205423, 43.538662, 9.846187, 45.444332]",11,https://stac.dataspace.copernicus.eu/v1/collections/sentinel-1-grd/items/S1A_IW_GRDH_1SDV_20170702T053533_20170702T053558_017288_01CDBA_38D5_COG
S1A_IW_GRDH_1SDV_20170703T172248_20170703T172313_017310_01CE63_DB7D_COG,OK,CACHE,0,sentinel-1a,2017-07-03T17:22:48.325310Z,2017-07-03T17:23:13.323828Z,IW,VV|VH,ascending,88,17310,,L1,"[5.806938, 43.92189, 9.422787, 45.821201]",11,https://stac.dataspace.copernicus.eu/v1/collections/sentinel-1-grd/items/S1A_IW_GRDH_1SDV_20170703T172248_20170703T172313_017310_01CE63_DB7D_COG
S1A_IW_GRDH_1SDV_20170703T172313_20170703T172338_017310_01CE63_BE8B_COG,OK,CACHE,0,sentinel-1a,2017-07-03T17:23:13.325324Z,2017-07-03T17:23:38.323842Z,IW,VV|VH,ascending,88,17310,,L1,"[5.359564, 45.420727, 9.093906, 47.317436]",11,https://stac.dataspace.copernicus.eu/v1/collections/sentinel-1-grd/items/S1A_IW_GRDH_1SDV_20170703T172313_20170703T172338_017310_01CE63_BE8B_COG
S1A_IW_GRDH_1SDV_20170709T052656_20170709T052721_017390_01D0C1_D986_COG,OK,CACHE,0,sentinel-1a,2017-07-09T05:26:56.525529Z,2017-07-09T05:27:21.524771Z,IW,VV|VH,descending,168,17390,,L1,"[8.575253, 44.978447, 12.277668, 46.88657]",11,https://stac.dataspace.copernicus.eu/v1/collections/sentinel-1-grd/items/S1A_IW_GRDH_1SDV_20170709T052656_20170709T052721_017390_01D0C1_D986_COG
S1A_IW_GRDH_1SDV_20170709T052721_20170709T052746_017390_01D0C1_06E9_COG,OK,CACHE,0,sentinel-1a,2017-07-09T05:27:21.526271Z,2017-07-09T05:27:46.524014Z,IW,VV|VH,descending,168,17390,,L1,"[8.245483, 43.479912, 11.887013, 45.384815]",11,https://stac.dataspace.copernicus.eu/v1/collections/sentinel-1-grd/items/S1A_IW_GRDH_1SDV_20170709T052721_20170709T052746_017390_01D0C1_06E9_COG
S1A_IW_GRDH_1SDV_20170710T171425_20170710T171450_017412_01D169_8174_COG,OK,CACHE,0,sentinel-1a,2017-07-10T17:14:25.868285Z,2017-07-10T17:14:50.866496Z,IW,VV|VH,ascending,15,17412,,L1,"[7.99709, 43.367821, 11.577202, 45.268467]",11,https://stac.dataspace.copernicus.eu/v1/collections/sentinel-1-grd/items/S1A_IW_GRDH_1SDV_20170710T171425_20170710T171450_017412_01D169_8174_COG
S1A_IW_GRDH_1SDV_20170710T171450_20170710T171515_017412_01D169_2BEE_COG,OK,CACHE,0,sentinel-1a,2017-07-10T17:14:50.867971Z,2017-07-10T17:15:15.866179Z,IW,VV|VH,ascending,15,17412,,L1,"[7.620043, 44.867371, 11.252305, 46.771671]",11,https://stac.dataspace.copernicus.eu/v1/collections/sentinel-1-grd/items/S1A_IW_GRDH_1SDV_20170710T171450_20170710T171515_017412_01D169_2BEE_COG
S1A_IW_GRDH_1SDV_20170714T053509_20170714T053534_017463_01D304_E812_COG,OK,CACHE,0,sentinel-1a,2017-07-14T05:35:09.595761Z,2017-07-14T05:35:34.594992Z,IW,VV|VH,descending,66,17463,,L1,"[6.530563, 45.037754, 10.228251, 46.946815]",11,https://stac.dataspace.copernicus.eu/v1/collections/sentinel-1-grd/items/S1A_IW_GRDH_1SDV_20170714T053509_20170714T053534_017463_01D304_E812_COG
S1A_IW_GRDH_1SDV_20170714T053534_20170714T053559_017463_01D304_05F6_COG,OK,CACHE,0,sentinel-1a,2017-07-14T05:35:34.596491Z,2017-07-14T05:35:59.594223Z,IW,VV|VH,descending,66,17463,,L1,"[6.205139, 43.538605, 9.845866, 45.444176]",11,https://stac.dataspace.copernicus.eu/v1/collections/sentinel-1-grd/items/S1A_IW_GRDH_1SDV_20170714T053534_20170714T053559_017463_01D304_05F6_COG
S1A_IW_GRDH_1SDV_20170715T172249_20170715T172314_017485_01D3AA_CDA4_COG,OK,CACHE,0,sentinel-1a,2017-07-15T17:22:49.055818Z,2017-07-15T17:23:14.054344Z,IW,VV|VH,ascending,88,17485,,L1,"[5.80612, 43.921818, 9.42198, 45.821156]",11,https://stac.dataspace.copernicus.eu/v1/collections/sentinel-1-grd/items/S1A_IW_GRDH_1SDV_20170715T172249_20170715T172314_017485_01D3AA_CDA4_COG
S1A_IW_GRDH_1SDV_20170715T172314_20170715T172339_017485_01D3AA_513D_COG,OK,CACHE,0,sentinel-1a,2017-07-15T17:23:14.055867Z,2017-07-15T17:23:39.054395Z,IW,VV|VH,ascending,88,17485,,L1,"[5.35872, 45.42065, 9.093077, 47.317387]",11,https://stac.dataspace.copernicus.eu/v1/collections/sentinel-1-grd/items/S1A_IW_GRDH_1SDV_20170715T172314_20170715T172339_017485_01D3AA_513D_COG
S1A_IW_GRDH_1SDV_20170721T052657_20170721T052722_017565_01D614_E037_COG,OK,CACHE,0,sentinel-1a,2017-07-21T05:26:57.197979Z,2017-07-21T05:27:22.197281Z,IW,VV|VH,descending,168,17565,,L1,"[8.576176, 44.978455, 12.279142, 46.88657]",11,https://stac.dataspace.copernicus.eu/v1/collections/sentinel-1-grd/items/S1A_IW_GRDH_1SDV_20170721T052657_20170721T052722_017565_01D614_E037_COG
S1A_IW_GRDH_1SDV_20170721T052722_20170721T052747_017565_01D614_CDDB_COG,OK,CACHE,0,sentinel-1a,2017-07-21T05:27:22.198781Z,2017-07-21T05:27:47.196583Z,IW,VV|VH,descending,168,17565,,L1,"[8.246371, 43.479923, 11.887929, 45.384865]",11,https://stac.dataspace.copernicus.eu/v1/collections/sentinel-1-grd/items/S1A_IW_GRDH_1SDV_20170721T052722_20170721T052747_017565_01D614_CDDB_COG
S1A_IW_GRDH_1SDV_20170722T171426_20170722T171451_017587_01D6BC_62A4_COG,OK,CACHE,0,sentinel-1a,2017-07-22T17:14:26.578019Z,2017-07-22T17:14:51.576198Z,IW,VV|VH,ascending,15,17587,,L1,"[7.997204, 43.367867, 11.577203, 45.268497]",11,https://stac.dataspace.copernicus.eu/v1/collections/sentinel-1-grd/items/S1A_IW_GRDH_1SDV_20170722T171426_20170722T171451_017587_01D6BC_62A4_COG
S1A_IW_GRDH_1SDV_20170722T171451_20170722T171516_017587_01D6BC_3C6D_COG,OK,CACHE,0,sentinel-1a,2017-07-22T17:14:51.577675Z,2017-07-22T17:15:16.577349Z,IW,VV|VH,ascending,15,17587,,L1,"[7.620131, 44.867416, 11.252421, 46.771809]",11,https://stac.dataspace.copernicus.eu/v1/collections/sentinel-1-grd/items/S1A_IW_GRDH_1SDV_20170722T171451_20170722T171516_017587_01D6BC_3C6D_COG
S1A_IW_GRDH_1SDV_20170726T053510_20170726T053535_017638_01D85F_046F_COG,OK,CACHE,0,sentinel-1a,2017-07-26T05:35:10.382884Z,2017-07-26T05:35:35.380637Z,IW,VV|VH,descending,66,17638,,L1,"[6.530573, 45.037792, 10.228229, 46.946751]",11,https://stac.dataspace.copernicus.eu/v1/collections/sentinel-1-grd/items/S1A_IW_GRDH_1SDV_20170726T053510_20170726T053535_017638_01D85F_046F_COG
S1A_IW_GRDH_1SDV_20170726T053535_20170726T053600_017638_01D85F_E31B_COG,OK,CACHE,0,sentinel-1a,2017-07-26T05:35:35.382109Z,2017-07-26T05:36:00.381360Z,IW,VV|VH,descending,66,17638,,L1,"[6.205141, 43.538551, 9.84588, 45.444202]",11,https://stac.dataspace.copernicus.eu/v1/collections/sentinel-1-grd/items/S1A_IW_GRDH_1SDV_20170726T053535_20170726T053600_017638_01D85F_E31B_COG
S1A_IW_GRDH_1SDV_20170727T172249_20170727T172314_017660_01D903_3D7D_COG,OK,CACHE,0,sentinel-1a,2017-07-27T17:22:49.885920Z,2017-07-27T17:23:14.884327Z,IW,VV|VH,ascending,88,17660,,L1,"[5.807275, 43.922096, 9.422993, 45.821362]",11,https://stac.dataspace.copernicus.eu/v1/collections/sentinel-1-grd/items/S1A_IW_GRDH_1SDV_20170727T172249_20170727T172314_017660_01D903_3D7D_COG
S1A_IW_GRDH_1SDV_20170727T172314_20170727T172339_017660_01D903_9CA5_COG,OK,CACHE,0,sentinel-1a,2017-07-27T17:23:14.885824Z,2017-07-27T17:23:39.884230Z,IW,VV|VH,ascending,88,17660,,L1,"[5.359926, 45.420933, 9.094008, 47.317581]",11,https://stac.dataspace.copernicus.eu/v1/collections/sentinel-1-grd/items/S1A_IW_GRDH_1SDV_20170727T172314_20170727T172339_017660_01D903_9CA5_COG
S1A_IW_GRDH_1SDV_20170802T052658_20170802T052723_017740_01DB70_61FC_COG,OK,CACHE,0,sentinel-1a,2017-08-02T05:26:58.022570Z,2017-08-02T05:27:23.021863Z,IW,VV|VH,descending,168,17740,,L1,"[8.575615, 44.978359, 12.278349, 46.886509]",11,https://stac.dataspace.copernicus.eu/v1/collections/sentinel-1-grd/items/S1A_IW_GRDH_1SDV_20170802T052658_20170802T052723_017740_01DB70_61FC_COG
S1A_IW_GRDH_1SDV_20170802T052723_20170802T052748_017740_01DB70_E9BB_COG,OK,CACHE,0,sentinel-1a,2017-08-02T05:27:23.023362Z,2017-08-02T05:27:48.021155Z,IW,VV|VH,descending,168,17740,,L1,"[8.245811, 43.479828, 11.88736, 45.384785]",11,https://stac.dataspace.copernicus.eu/v1/collections/sentinel-1-grd/items/S1A_IW_GRDH_1SDV_20170802T052723_20170802T052748_017740_01DB70_E9BB_COG
S1A_IW_GRDH_1SDV_20170803T171427_20170803T171452_017762_01DC14_7495_COG,OK,CACHE,0,sentinel-1a,2017-08-03T17:14:27.318421Z,2017-08-03T17:14:52.316601Z,IW,VV|VH,ascending,15,17762,,L1,"[7.996258, 43.367832, 11.576389, 45.26849]",11,https://stac.dataspace.copernicus.eu/v1/collections/sentinel-1-grd/items/S1A_IW_GRDH_1SDV_20170803T171427_20170803T171452_017762_01DC14_7495_COG
S1A_IW_GRDH_1SDV_20170803T171452_20170803T171517_017762_01DC14_02FE_COG,OK,CACHE,0,sentinel-1a,2017-08-03T17:14:52.318084Z,2017-08-03T17:15:17.317759Z,IW,VV|VH,ascending,15,17762,,L1,"[7.619173, 44.867374, 11.251469, 46.771786]",11,https://stac.dataspace.copernicus.eu/v1/collections/sentinel-1-grd/items/S1A_IW_GRDH_1SDV_20170803T171452_20170803T171517_017762_01DC14_02FE_COG
S1A_IW_GRDH_1SDV_20170807T053511_20170807T053536_017813_01DDB3_889A_COG,OK,CACHE,0,sentinel-1a,2017-08-07T05:35:11.009888Z,2017-08-07T05:35:36.007647Z,IW,VV|VH,descending,66,17813,,L1,"[6.529217, 45.037849, 10.226885, 46.946754]",11,https://stac.dataspace.copernicus.eu/v1/collections/sentinel-1-grd/items/S1A_IW_GRDH_1SDV_20170807T053511_20170807T053536_017813_01DDB3_889A_COG
S1A_IW_GRDH_1SDV_20170807T053536_20170807T053601_017813_01DDB3_F8F8_COG,OK,CACHE,0,sentinel-1a,2017-08-07T05:35:36.009147Z,2017-08-07T05:36:01.008405Z,IW,VV|VH,descending,66,17813,,L1,"[6.203852, 43.538601, 9.844537, 45.44421]",11,https://stac.dataspace.copernicus.eu/v1/collections/sentinel-1-grd/items/S1A_IW_GRDH_1SDV_20170807T053536_20170807T053601_017813_01DDB3_F8F8_COG
S1A_IW_GRDH_1SDV_20170808T172250_20170808T172315_017835_01DE5F_4AA6_COG,OK,CACHE,0,sentinel-1a,2017-08-08T17:22:50.444403Z,2017-08-08T17:23:15.442880Z,IW,VV|VH,ascending,88,17835,,L1,"[5.807489, 43.92207, 9.423185, 45.821312]",11,https://stac.dataspace.copernicus.eu/v1/collections/sentinel-1-grd/items/S1A_IW_GRDH_1SDV_20170808T172250_20170808T172315_017835_01DE5F_4AA6_COG
S1A_IW_GRDH_1SDV_20170808T172315_20170808T172340_017835_01DE5F_5D03_COG,OK,CACHE,0,sentinel-1a,2017-08-08T17:23:15.444377Z,2017-08-08T17:23:40.442854Z,IW,VV|VH,ascending,88,17835,,L1,"[5.36033, 45.420906, 9.094353, 47.31757]",11,https://stac.dataspace.copernicus.eu/v1/collections/sentinel-1-grd/items/S1A_IW_GRDH_1SDV_20170808T172315_20170808T172340_017835_01DE5F_5D03_COG
S1A_IW_GRDH_1SDV_20170814T052658_20170814T052723_017915_01E0C1_5C23_COG,OK,CACHE,0,sentinel-1a,2017-08-14T05:26:58.627199Z,2017-08-14T05:27:23.624987Z,IW,VV|VH,descending,168,17915,,L1,"[8.5762, 44.978359, 12.279211, 46.886429]",11,https://stac.dataspace.copernicus.eu/v1/collections/sentinel-1-grd/items/S1A_IW_GRDH_1SDV_20170814T052658_20170814T052723_017915_01E0C1_5C23_COG
S1A_IW_GRDH_1SDV_20170814T052723_20170814T052748_017915_01E0C1_6CF2_COG,OK,CACHE,0,sentinel-1a,2017-08-14T05:27:23.626486Z,2017-08-14T05:27:48.624273Z,IW,VV|VH,descending,168,17915,,L1,"[8.246338, 43.479832, 11.887935, 45.384823]",11,https://stac.dataspace.copernicus.eu/v1/collections/sentinel-1-grd/items/S1A_IW_GRDH_1SDV_20170814T052723_20170814T052748_017915_01E0C1_6CF2_COG
S1A_IW_GRDH_1SDV_20170815T171427_20170815T171452_017937_01E169_6C8B_COG,OK,CACHE,0,sentinel-1a,2017-08-15T17:14:27.926439Z,2017-08-15T17:14:52.924474Z,IW,VV|VH,ascending,15,17937,,L1,"[7.994862, 43.36776, 11.575031, 45.268471]",11,https://stac.dataspace.copernicus.eu/v1/collections/sentinel-1-grd/items/S1A_IW_GRDH_1SDV_20170815T171427_20170815T171452_017937_01E169_6C8B_COG
S1A_IW_GRDH_1SDV_20170815T171452_20170815T171517_017937_01E169_63E3_COG,OK,CACHE,0,sentinel-1a,2017-08-15T17:14:52.925950Z,2017-08-15T17:15:17.925479Z,IW,VV|VH,ascending,15,17937,,L1,"[7.617714, 44.867287, 11.250179, 46.771763]",11,https://stac.dataspace.copernicus.eu/v1/collections/sentinel-1-grd/items/S1A_IW_GRDH_1SDV_20170815T171452_20170815T171517_017937_01E169_63E3_COG
S1A_IW_GRDH_1SDV_20170819T053511_20170819T053536_017988_01E302_41EC_COG,OK,CACHE,0,sentinel-1a,2017-08-19T05:35:11.617972Z,2017-08-19T05:35:36.617208Z,IW,VV|VH,descending,66,17988,,L1,"[6.530161, 45.037693, 10.227809, 46.946747]",11,https://stac.dataspace.copernicus.eu/v1/collections/sentinel-1-grd/items/S1A_IW_GRDH_1SDV_20170819T053511_20170819T053536_017988_01E302_41EC_COG
S1A_IW_GRDH_1SDV_20170819T053536_20170819T053601_017988_01E302_4282_COG,OK,CACHE,0,sentinel-1a,2017-08-19T05:35:36.618708Z,2017-08-19T05:36:01.616445Z,IW,VV|VH,descending,66,17988,,L1,"[6.204748, 43.538544, 9.845462, 45.444103]",11,https://stac.dataspace.copernicus.eu/v1/collections/sentinel-1-grd/items/S1A_IW_GRDH_1SDV_20170819T053536_20170819T053601_017988_01E302_4282_COG
S1A_IW_GRDH_1SDV_20170820T172251_20170820T172316_018010_01E3AA_B273_COG,OK,CACHE,0,sentinel-1a,2017-08-20T17:22:51.061600Z,2017-08-20T17:23:16.060138Z,IW,VV|VH,ascending,88,18010,,L1,"[5.807008, 43.921947, 9.422843, 45.821239]",11,https://stac.dataspace.copernicus.eu/v1/collections/sentinel-1-grd/items/S1A_IW_GRDH_1SDV_20170820T172251_20170820T172316_018010_01E3AA_B273_COG
S1A_IW_GRDH_1SDV_20170820T172316_20170820T172341_018010_01E3AA_3FDA_COG,OK,CACHE,0,sentinel-1a,2017-08-20T17:23:16.061634Z,2017-08-20T17:23:41.060172Z,IW,VV|VH,ascending,88,18010,,L1,"[5.359649, 45.420784, 9.093856, 47.317459]",11,https://stac.dataspace.copernicus.eu/v1/collections/sentinel-1-grd/items/S1A_IW_GRDH_1SDV_20170820T172316_20170820T172341_018010_01E3AA_3FDA_COG
S1A_IW_GRDH_1SDV_20170826T052659_20170826T052724_018090_01E60E_746B_COG,OK,CACHE,0,sentinel-1a,2017-08-26T05:26:59.237597Z,2017-08-26T05:27:24.236967Z,IW,VV|VH,descending,168,18090,,L1,"[8.575953, 44.978413, 12.278746, 46.886555]",11,https://stac.dataspace.copernicus.eu/v1/collections/sentinel-1-grd/items/S1A_IW_GRDH_1SDV_20170826T052659_20170826T052724_018090_01E60E_746B_COG
S1A_IW_GRDH_1SDV_20170826T052724_20170826T052749_018090_01E60E_BF32_COG,OK,CACHE,0,sentinel-1a,2017-08-26T05:27:24.238467Z,2017-08-26T05:27:49.236338Z,IW,VV|VH,descending,168,18090,,L1,"[8.246016, 43.479885, 11.887701, 45.384846]",11,https://stac.dataspace.copernicus.eu/v1/collections/sentinel-1-grd/items/S1A_IW_GRDH_1SDV_20170826T052724_20170826T052749_018090_01E60E_BF32_COG
S1A_IW_GRDH_1SDV_20170827T171428_20170827T171453_018112_01E6B4_D554_COG,OK,CACHE,0,sentinel-1a,2017-08-27T17:14:28.522320Z,2017-08-27T17:14:53.520445Z,IW,VV|VH,ascending,15,18112,,L1,"[7.996046, 43.367977, 11.576083, 45.268642]",11,https://stac.dataspace.copernicus.eu/v1/collections/sentinel-1-grd/items/S1A_IW_GRDH_1SDV_20170827T171428_20170827T171453_018112_01E6B4_D554_COG
S1A_IW_GRDH_1SDV_20170827T171453_20170827T171518_018112_01E6B4_43B2_COG,OK,CACHE,0,sentinel-1a,2017-08-27T17:14:53.521924Z,2017-08-27T17:15:18.520047Z,IW,VV|VH,ascending,15,18112,,L1,"[7.618893, 44.867519, 11.25126, 46.771851]",11,https://stac.dataspace.copernicus.eu/v1/collections/sentinel-1-grd/items/S1A_IW_GRDH_1SDV_20170827T171453_20170827T171518_018112_01E6B4_43B2_COG
S1A_IW_GRDH_1SDV_20170831T053512_20170831T053537_018163_01E845_5E8A_COG,OK,CACHE,0,sentinel-1a,2017-08-31T05:35:12.125217Z,2017-08-31T05:35:37.123081Z,IW,VV|VH,descending,66,18163,,L1,"[6.530859, 45.037823, 10.228631, 46.946831]",11,https://stac.dataspace.copernicus.eu/v1/collections/sentinel-1-grd/items/S1A_IW_GRDH_1SDV_20170831T053512_20170831T053537_018163_01E845_5E8A_COG
S1A_IW_GRDH_1SDV_20170831T053537_20170831T053602_018163_01E845_68C0_COG,OK,CACHE,0,sentinel-1a,2017-08-31T05:35:37.124581Z,2017-08-31T05:36:02.122445Z,IW,VV|VH,descending,66,18163,,L1,"[6.205423, 43.538673, 9.846288, 45.444279]",11,https://stac.dataspace.copernicus.eu/v1/collections/sentinel-1-grd/items/S1A_IW_GRDH_1SDV_20170831T053537_20170831T053602_018163_01E845_68C0_COG
S1A_IW_GRDH_1SDV_20170901T172251_20170901T172316_018185_01E8EE_13BB_COG,OK,CACHE,0,sentinel-1a,2017-09-01T17:22:51.575471Z,2017-09-01T17:23:16.573944Z,IW,VV|VH,ascending,88,18185,,L1,"[5.806537, 43.922081, 9.422404, 45.821384]",11,https://stac.dataspace.copernicus.eu/v1/collections/sentinel-1-grd/items/S1A_IW_GRDH_1SDV_20170901T172251_20170901T172316_018185_01E8EE_13BB_COG
S1A_IW_GRDH_1SDV_20170901T172316_20170901T172341_018185_01E8EE_3872_COG,OK,CACHE,0,sentinel-1a,2017-09-01T17:23:16.575442Z,2017-09-01T17:23:41.573915Z,IW,VV|VH,ascending,88,18185,,L1,"[5.359151, 45.42091, 9.09339, 47.3176]",11,https://stac.dataspace.copernicus.eu/v1/collections/sentinel-1-grd/items/S1A_IW_GRDH_1SDV_20170901T172316_20170901T172341_018185_01E8EE_3872_COG
S1A_IW_GRDH_1SDV_20170907T052659_20170907T052724_018265_01EB5E_C84A_COG,OK,CACHE,0,sentinel-1a,2017-09-07T05:26:59.565581Z,2017-09-07T05:27:24.563491Z,IW,VV|VH,descending,168,18265,,L1,"[8.575773, 44.978512, 12.27866, 46.886536]",11,https://stac.dataspace.copernicus.eu/v1/collections/sentinel-1-grd/items/S1A_IW_GRDH_1SDV_20170907T052659_20170907T052724_018265_01EB5E_C84A_COG
S1A_IW_GRDH_1SDV_20170907T052724_20170907T052749_018265_01EB5E_E60C_COG,OK,CACHE,0,sentinel-1a,2017-09-07T05:27:24.564990Z,2017-09-07T05:27:49.564400Z,IW,VV|VH,descending,168,18265,,L1,"[8.245847, 43.479889, 11.887662, 45.384914]",11,https://stac.dataspace.copernicus.eu/v1/collections/sentinel-1-grd/items/S1A_IW_GRDH_1SDV_20170907T052724_20170907T052749_018265_01EB5E_E60C_COG
S1A_IW_GRDH_1SDV_20170908T171428_20170908T171453_018287_01EC0B_17D6_COG,OK,CACHE,0,sentinel-1a,2017-09-08T17:14:28.893775Z,2017-09-08T17:14:53.891999Z,IW,VV|VH,ascending,15,18287,,L1,"[7.997057, 43.367973, 11.577194, 45.268616]",11,https://stac.dataspace.copernicus.eu/v1/collections/sentinel-1-grd/items/S1A_IW_GRDH_1SDV_20170908T171428_20170908T171453_018287_01EC0B_17D6_COG
S1A_IW_GRDH_1SDV_20170908T171453_20170908T171518_018287_01EC0B_A1AF_COG,OK,CACHE,0,sentinel-1a,2017-09-08T17:14:53.893493Z,2017-09-08T17:15:18.891717Z,IW,VV|VH,ascending,15,18287,,L1,"[7.620068, 44.867519, 11.252404, 46.771843]",11,https://stac.dataspace.copernicus.eu/v1/collections/sentinel-1-grd/items/S1A_IW_GRDH_1SDV_20170908T171453_20170908T171518_018287_01EC0B_A1AF_COG
S1A_IW_GRDH_1SDV_20170912T053512_20170912T053537_018338_01EDBF_2E39_COG,OK,CACHE,0,sentinel-1a,2017-09-12T05:35:12.562509Z,2017-09-12T05:35:37.560454Z,IW,VV|VH,descending,66,18338,,L1,"[6.530875, 45.037846, 10.228755, 46.946884]",11,https://stac.dataspace.copernicus.eu/v1/collections/sentinel-1-grd/items/S1A_IW_GRDH_1SDV_20170912T053512_20170912T053537_018338_01EDBF_2E39_COG
S1A_IW_GRDH_1SDV_20170912T053537_20170912T053602_018338_01EDBF_BF65_COG,OK,CACHE,0,sentinel-1a,2017-09-12T05:35:37.561953Z,2017-09-12T05:36:02.559898Z,IW,VV|VH,descending,66,18338,,L1,"[6.205423, 43.5387, 9.846428, 45.444332]",11,https://stac.dataspace.copernicus.eu/v1/collections/sentinel-1-grd/items/S1A_IW_GRDH_1SDV_20170912T053537_20170912T053602_018338_01EDBF_BF65_COG
S1A_IW_GRDH_1SDV_20170913T172251_20170913T172316_018360_01EE65_B413_COG,OK,CACHE,0,sentinel-1a,2017-09-13T17:22:51.987583Z,2017-09-13T17:23:16.986131Z,IW,VV|VH,ascending,88,18360,,L1,"[5.805451, 43.92194, 9.421468, 45.821297]",11,https://stac.dataspace.copernicus.eu/v1/collections/sentinel-1-grd/items/S1A_IW_GRDH_1SDV_20170913T172251_20170913T172316_018360_01EE65_B413_COG
S1A_IW_GRDH_1SDV_20170913T172316_20170913T172341_018360_01EE65_BA31_COG,OK,CACHE,0,sentinel-1a,2017-09-13T17:23:16.987628Z,2017-09-13T17:23:41.986176Z,IW,VV|VH,ascending,88,18360,,L1,"[5.358019, 45.420765, 9.092413, 47.317509]",11,https://stac.dataspace.copernicus.eu/v1/collections/sentinel-1-grd/items/S1A_IW_GRDH_1SDV_20170913T172316_20170913T172341_018360_01EE65_BA31_COG
S1A_IW_GRDH_1SDV_20170919T052700_20170919T052725_018440_01F0C7_C809_COG,OK,CACHE,0,sentinel-1a,2017-09-19T05:27:00.124913Z,2017-09-19T05:27:25.124364Z,IW,VV|VH,descending,168,18440,,L1,"[8.575346, 44.978542, 12.278439, 46.886692]",11,https://stac.dataspace.copernicus.eu/v1/collections/sentinel-1-grd/items/S1A_IW_GRDH_1SDV_20170919T052700_20170919T052725_018440_01F0C7_C809_COG
S1A_IW_GRDH_1SDV_20170919T052725_20170919T052750_018440_01F0C7_A52E_COG,OK,CACHE,0,sentinel-1a,2017-09-19T05:27:25.125863Z,2017-09-19T05:27:50.123814Z,IW,VV|VH,descending,168,18440,,L1,"[8.245536, 43.480015, 11.887358, 45.384975]",11,https://stac.dataspace.copernicus.eu/v1/collections/sentinel-1-grd/items/S1A_IW_GRDH_1SDV_20170919T052725_20170919T052750_018440_01F0C7_A52E_COG
S1A_IW_GRDH_1SDV_20170920T171429_20170920T171454_018462_01F16D_8152_COG,OK,CACHE,0,sentinel-1a,2017-09-20T17:14:29.368402Z,2017-09-20T17:14:54.368221Z,IW,VV|VH,ascending,15,18462,,L1,"[7.996331, 43.367851, 11.576614, 45.268608]",11,https://stac.dataspace.copernicus.eu/v1/collections/sentinel-1-grd/items/S1A_IW_GRDH_1SDV_20170920T171429_20170920T171454_018462_01F16D_8152_COG
S1A_IW_GRDH_1SDV_20170920T171454_20170920T171519_018462_01F16D_D91C_COG,OK,CACHE,0,sentinel-1a,2017-09-20T17:14:54.369721Z,2017-09-20T17:15:19.368044Z,IW,VV|VH,ascending,15,18462,,L1,"[7.619238, 44.867489, 11.251799, 46.771824]",11,https://stac.dataspace.copernicus.eu/v1/collections/sentinel-1-grd/items/S1A_IW_GRDH_1SDV_20170920T171454_20170920T171519_018462_01F16D_D91C_COG
S1A_IW_GRDH_1SDV_20170924T053512_20170924T053537_018513_01F31D_D313_COG,OK,CACHE,0,sentinel-1a,2017-09-24T05:35:12.869368Z,2017-09-24T05:35:37.867304Z,IW,VV|VH,descending,66,18513,,L1,"[6.53062, 45.037823, 10.228603, 46.946854]",11,https://stac.dataspace.copernicus.eu/v1/collections/sentinel-1-grd/items/S1A_IW_GRDH_1SDV_20170924T053512_20170924T053537_018513_01F31D_D313_COG
S1A_IW_GRDH_1SDV_20170924T053537_20170924T053602_018513_01F31D_2461_COG,OK,CACHE,0,sentinel-1a,2017-09-24T05:35:37.868804Z,2017-09-24T05:36:02.866741Z,IW,VV|VH,descending,66,18513,,L1,"[6.205311, 43.538673, 9.846304, 45.444283]",11,https://stac.dataspace.copernicus.eu/v1/collections/sentinel-1-grd/items/S1A_IW_GRDH_1SDV_20170924T053537_20170924T053602_018513_01F31D_2461_COG
S1A_IW_GRDH_1SDV_20170925T172252_20170925T172317_018535_01F3C8_FE45_COG,OK,CACHE,0,sentinel-1a,2017-09-25T17:22:52.302583Z,2017-09-25T17:23:17.301199Z,IW,VV|VH,ascending,88,18535,,L1,"[5.805558, 43.921909, 9.421571, 45.821262]",11,https://stac.dataspace.copernicus.eu/v1/collections/sentinel-1-grd/items/S1A_IW_GRDH_1SDV_20170925T172252_20170925T172317_018535_01F3C8_FE45_COG
S1A_IW_GRDH_1SDV_20170925T172317_20170925T172342_018535_01F3C8_1AEB_COG,OK,CACHE,0,sentinel-1a,2017-09-25T17:23:17.302708Z,2017-09-25T17:23:42.301326Z,IW,VV|VH,ascending,88,18535,,L1,"[5.358122, 45.420738, 9.092519, 47.317478]",11,https://stac.dataspace.copernicus.eu/v1/collections/sentinel-1-grd/items/S1A_IW_GRDH_1SDV_20170925T172317_20170925T172342_018535_01F3C8_1AEB_COG
S1A_IW_GRDH_1SDV_20180404T053510_20180404T053535_021313_024ACD_C5AD_COG,OK,CACHE,0,sentinel-1a,2018-04-04T05:35:10.521761Z,2018-04-04T05:35:35.519470Z,IW,VV|VH,descending,66,21313,,L1,"[6.530585, 45.037952, 10.228227, 46.946911]",11,https://stac.dataspace.copernicus.eu/v1/collections/sentinel-1-grd/items/S1A_IW_GRDH_1SDV_20180404T053510_20180404T053535_021313_024ACD_C5AD_COG
S1A_IW_GRDH_1SDV_20180404T053535_20180404T053600_021313_024ACD_D649_COG,OK,CACHE,0,sentinel-1a,2018-04-04T05:35:35.520969Z,2018-04-04T05:36:00.520177Z,IW,VV|VH,descending,66,21313,,L1,"[6.205145, 43.538712, 9.845902, 45.444355]",11,https://stac.dataspace.copernicus.eu/v1/collections/sentinel-1-grd/items/S1A_IW_GRDH_1SDV_20180404T053535_20180404T053600_021313_024ACD_D649_COG
S1A_IW_GRDH_1SDV_20180405T172249_20180405T172314_021335_024B73_6B79_COG,OK,CACHE,0,sentinel-1a,2018-04-05T17:22:49.951511Z,2018-04-05T17:23:14.949755Z,IW,VV|VH,ascending,88,21335,,L1,"[5.806501, 43.921703, 9.421851, 45.820961]",11,https://stac.dataspace.copernicus.eu/v1/collections/sentinel-1-grd/items/S1A_IW_GRDH_1SDV_20180405T172249_20180405T172314_021335_024B73_6B79_COG
S1A_IW_GRDH_1SDV_20180405T172314_20180405T172339_021335_024B73_8FE1_COG,OK,CACHE,0,sentinel-1a,2018-04-05T17:23:14.951251Z,2018-04-05T17:23:39.949495Z,IW,VV|VH,ascending,88,21335,,L1,"[5.359106, 45.420509, 9.092814, 47.317154]",11,https://stac.dataspace.copernicus.eu/v1/collections/sentinel-1-grd/items/S1A_IW_GRDH_1SDV_20180405T172314_20180405T172339_021335_024B73_8FE1_COG
S1A_IW_GRDH_1SDV_20180411T052658_20180411T052723_021415_024DEE_7135_COG,OK,CACHE,0,sentinel-1a,2018-04-11T05:26:58.138772Z,2018-04-11T05:27:23.137931Z,IW,VV|VH,descending,168,21415,,L1,"[8.575455, 44.978481, 12.278158, 46.886593]",11,https://stac.dataspace.copernicus.eu/v1/collections/sentinel-1-grd/items/S1A_IW_GRDH_1SDV_20180411T052658_20180411T052723_021415_024DEE_7135_COG
S1A_IW_GRDH_1SDV_20180411T052723_20180411T052748_021415_024DEE_ACD7_COG,OK,CACHE,0,sentinel-1a,2018-04-11T05:27:23.139431Z,2018-04-11T05:27:48.137090Z,IW,VV|VH,descending,168,21415,,L1,"[8.245636, 43.47995, 11.887084, 45.384876]",11,https://stac.dataspace.copernicus.eu/v1/collections/sentinel-1-grd/items/S1A_IW_GRDH_1SDV_20180411T052723_20180411T052748_021415_024DEE_ACD7_COG
S1A_IW_GRDH_1SDV_20180412T171443_20180412T171508_021437_024E95_AD2F_COG,OK,CACHE,0,sentinel-1a,2018-04-12T17:14:43.984327Z,2018-04-12T17:15:08.982359Z,IW,VV|VH,ascending,15,21437,,L1,"[7.743744, 44.361828, 11.366642, 46.262722]",11,https://stac.dataspace.copernicus.eu/v1/collections/sentinel-1-grd/items/S1A_IW_GRDH_1SDV_20180412T171443_20180412T171508_021437_024E95_AD2F_COG
S1A_IW_GRDH_1SDV_20180416T053511_20180416T053536_021488_025042_F14F_COG,OK,CACHE,0,sentinel-1a,2018-04-16T05:35:11.004471Z,2018-04-16T05:35:36.002228Z,IW,VV|VH,descending,66,21488,,L1,"[6.529952, 45.038033, 10.227554, 46.946976]",11,https://stac.dataspace.copernicus.eu/v1/collections/sentinel-1-grd/items/S1A_IW_GRDH_1SDV_20180416T053511_20180416T053536_021488_025042_F14F_COG
S1A_IW_GRDH_1SDV_20180416T053536_20180416T053601_021488_025042_97DD_COG,OK,CACHE,0,sentinel-1a,2018-04-16T05:35:36.003728Z,2018-04-16T05:36:01.002985Z,IW,VV|VH,descending,66,21488,,L1,"[6.204666, 43.538788, 9.845278, 45.444405]",11,https://stac.dataspace.copernicus.eu/v1/collections/sentinel-1-grd/items/S1A_IW_GRDH_1SDV_20180416T053536_20180416T053601_021488_025042_97DD_COG
S1A_IW_GRDH_1SDV_20180417T172250_20180417T172315_021510_0250F2_B972_COG,OK,CACHE,0,sentinel-1a,2018-04-17T17:22:50.392286Z,2018-04-17T17:23:15.390366Z,IW,VV|VH,ascending,88,21510,,L1,"[5.807331, 43.921883, 9.422416, 45.821072]",11,https://stac.dataspace.copernicus.eu/v1/collections/sentinel-1-grd/items/S1A_IW_GRDH_1SDV_20180417T172250_20180417T172315_021510_0250F2_B972_COG
S1A_IW_GRDH_1SDV_20180417T172315_20180417T172340_021510_0250F2_F48E_COG,OK,CACHE,0,sentinel-1a,2018-04-17T17:23:15.391862Z,2018-04-17T17:23:40.391438Z,IW,VV|VH,ascending,88,21510,,L1,"[5.36015, 45.420696, 9.09341, 47.317379]",11,https://stac.dataspace.copernicus.eu/v1/collections/sentinel-1-grd/items/S1A_IW_GRDH_1SDV_20180417T172315_20180417T172340_021510_0250F2_F48E_COG
S1A_IW_GRDH_1SDV_20180423T052658_20180423T052723_021590_025363_3FC8_COG,OK,CACHE,0,sentinel-1a,2018-04-23T05:26:58.632448Z,2018-04-23T05:27:23.630218Z,IW,VV|VH,descending,168,21590,,L1,"[8.577148, 44.978508, 12.280184, 46.886581]",11,https://stac.dataspace.copernicus.eu/v1/collections/sentinel-1-grd/items/S1A_IW_GRDH_1SDV_20180423T052658_20180423T052723_021590_025363_3FC8_COG
S1A_IW_GRDH_1SDV_20180423T052723_20180423T052748_021590_025363_DB6B_COG,OK,CACHE,0,sentinel-1a,2018-04-23T05:27:23.631647Z,2018-04-23T05:27:48.630913Z,IW,VV|VH,descending,168,21590,,L1,"[8.247259, 43.479897, 11.888893, 45.384979]",11,https://stac.dataspace.copernicus.eu/v1/collections/sentinel-1-grd/items/S1A_IW_GRDH_1SDV_20180423T052723_20180423T052748_021590_025363_DB6B_COG
S1A_IW_GRDH_1SDV_20180424T171444_20180424T171509_021612_02540A_864B_COG,OK,CACHE,0,sentinel-1a,2018-04-24T17:14:44.503576Z,2018-04-24T17:15:09.501676Z,IW,VV|VH,ascending,15,21612,,L1,"[7.743771, 44.361816, 11.366829, 46.262745]",11,https://stac.dataspace.copernicus.eu/v1/collections/sentinel-1-grd/items/S1A_IW_GRDH_1SDV_20180424T171444_20180424T171509_021612_02540A_864B_COG
S1A_IW_GRDH_1SDV_20180428T053511_20180428T053536_021663_0255BA_4B75_COG,OK,CACHE,0,sentinel-1a,2018-04-28T05:35:11.614336Z,2018-04-28T05:35:36.613555Z,IW,VV|VH,descending,66,21663,,L1,"[6.529366, 45.037933, 10.227017, 46.946941]",11,https://stac.dataspace.copernicus.eu/v1/collections/sentinel-1-grd/items/S1A_IW_GRDH_1SDV_20180428T053511_20180428T053536_021663_0255BA_4B75_COG
S1A_IW_GRDH_1SDV_20180428T053536_20180428T053601_021663_0255BA_5E7E_COG,OK,CACHE,0,sentinel-1a,2018-04-28T05:35:36.615055Z,2018-04-28T05:36:01.612774Z,IW,VV|VH,descending,66,21663,,L1,"[6.204142, 43.538776, 9.844688, 45.444283]",11,https://stac.dataspace.copernicus.eu/v1/collections/sentinel-1-grd/items/S1A_IW_GRDH_1SDV_20180428T053536_20180428T053601_021663_0255BA_5E7E_COG
S1A_IW_GRDH_1SDV_20180429T172251_20180429T172316_021685_02566A_A25F_COG,OK,CACHE,0,sentinel-1a,2018-04-29T17:22:51.036543Z,2018-04-29T17:23:16.034629Z,IW,VV|VH,ascending,88,21685,,L1,"[5.807707, 43.921928, 9.422761, 45.821075]",11,https://stac.dataspace.copernicus.eu/v1/collections/sentinel-1-grd/items/S1A_IW_GRDH_1SDV_20180429T172251_20180429T172316_021685_02566A_A25F_COG
S1A_IW_GRDH_1SDV_20180429T172316_20180429T172341_021685_02566A_CDFB_COG,OK,CACHE,0,sentinel-1a,2018-04-29T17:23:16.036127Z,2018-04-29T17:23:41.035710Z,IW,VV|VH,ascending,88,21685,,L1,"[5.360539, 45.420742, 9.093799, 47.317387]",11,https://stac.dataspace.copernicus.eu/v1/collections/sentinel-1-grd/items/S1A_IW_GRDH_1SDV_20180429T172316_20180429T172341_021685_02566A_CDFB_COG
S1A_IW_GRDH_1SDV_20180505T052659_20180505T052724_021765_0258EB_1451_COG,OK,CACHE,0,sentinel-1a,2018-05-05T05:26:59.148127Z,2018-05-05T05:27:24.147372Z,IW,VV|VH,descending,168,21765,,L1,"[8.576056, 44.97847, 12.279078, 46.886585]",11,https://stac.dataspace.copernicus.eu/v1/collections/sentinel-1-grd/items/S1A_IW_GRDH_1SDV_20180505T052659_20180505T052724_021765_0258EB_1451_COG
S1A_IW_GRDH_1SDV_20180505T052724_20180505T052749_021765_0258EB_B7F7_COG,OK,CACHE,0,sentinel-1a,2018-05-05T05:27:24.148871Z,2018-05-05T05:27:49.146616Z,IW,VV|VH,descending,168,21765,,L1,"[8.246234, 43.479939, 11.887807, 45.384888]",11,https://stac.dataspace.copernicus.eu/v1/collections/sentinel-1-grd/items/S1A_IW_GRDH_1SDV_20180505T052724_20180505T052749_021765_0258EB_B7F7_COG
S1A_IW_GRDH_1SDV_20180506T171445_20180506T171510_021787_025996_9068_COG,OK,CACHE,0,sentinel-1a,2018-05-06T17:14:45.026882Z,2018-05-06T17:15:10.024976Z,IW,VV|VH,ascending,15,21787,,L1,"[7.74394, 44.361797, 11.366979, 46.262707]",11,https://stac.dataspace.copernicus.eu/v1/collections/sentinel-1-grd/items/S1A_IW_GRDH_1SDV_20180506T171445_20180506T171510_021787_025996_9068_COG
S1A_IW_GRDH_1SDV_20180510T053512_20180510T053537_021838_025B48_6934_COG,OK,CACHE,0,sentinel-1a,2018-05-10T05:35:12.194922Z,2018-05-10T05:35:37.192711Z,IW,VV|VH,descending,66,21838,,L1,"[6.530802, 45.037853, 10.228459, 46.946857]",11,https://stac.dataspace.copernicus.eu/v1/collections/sentinel-1-grd/items/S1A_IW_GRDH_1SDV_20180510T053512_20180510T053537_021838_025B48_6934_COG
S1A_IW_GRDH_1SDV_20180510T053537_20180510T053602_021838_025B48_254C_COG,OK,CACHE,0,sentinel-1a,2018-05-10T05:35:37.194210Z,2018-05-10T05:36:02.191999Z,IW,VV|VH,descending,66,21838,,L1,"[6.205357, 43.538708, 9.846102, 45.444309]",11,https://stac.dataspace.copernicus.eu/v1/collections/sentinel-1-grd/items/S1A_IW_GRDH_1SDV_20180510T053537_20180510T053602_021838_025B48_254C_COG
S1A_IW_GRDH_1SDV_20180511T172251_20180511T172316_021860_025BFF_57CF_COG,OK,CACHE,0,sentinel-1a,2018-05-11T17:22:51.678549Z,2018-05-11T17:23:16.678080Z,IW,VV|VH,ascending,88,21860,,L1,"[5.806108, 43.921921, 9.421236, 45.821217]",11,https://stac.dataspace.copernicus.eu/v1/collections/sentinel-1-grd/items/S1A_IW_GRDH_1SDV_20180511T172251_20180511T172316_021860_025BFF_57CF_COG
S1A_IW_GRDH_1SDV_20180511T172316_20180511T172341_021860_025BFF_46EF_COG,OK,CACHE,0,sentinel-1a,2018-05-11T17:23:16.679575Z,2018-05-11T17:23:41.677609Z,IW,VV|VH,ascending,88,21860,,L1,"[5.358736, 45.420818, 9.092192, 47.31741]",11,https://stac.dataspace.copernicus.eu/v1/collections/sentinel-1-grd/items/S1A_IW_GRDH_1SDV_20180511T172316_20180511T172341_021860_025BFF_46EF_COG
S1A_IW_GRDH_1SDV_20180517T052659_20180517T052724_021940_025E79_23B5_COG,OK,CACHE,0,sentinel-1a,2018-05-17T05:26:59.788375Z,2018-05-17T05:27:24.786153Z,IW,VV|VH,descending,168,21940,,L1,"[8.575423, 44.978584, 12.278218, 46.886608]",11,https://stac.dataspace.copernicus.eu/v1/collections/sentinel-1-grd/items/S1A_IW_GRDH_1SDV_20180517T052659_20180517T052724_021940_025E79_23B5_COG
S1A_IW_GRDH_1SDV_20180517T052724_20180517T052749_021940_025E79_6666_COG,OK,CACHE,0,sentinel-1a,2018-05-17T05:27:24.787652Z,2018-05-17T05:27:49.786929Z,IW,VV|VH,descending,168,21940,,L1,"[8.245605, 43.479961, 11.887187, 45.384979]",11,https://stac.dataspace.copernicus.eu/v1/collections/sentinel-1-grd/items/S1A_IW_GRDH_1SDV_20180517T052724_20180517T052749_021940_025E79_6666_COG
S1A_IW_GRDH_1SDV_20180518T171445_20180518T171510_021962_025F27_8E56_COG,OK,CACHE,0,sentinel-1a,2018-05-18T17:14:45.679168Z,2018-05-18T17:15:10.677279Z,IW,VV|VH,ascending,15,21962,,L1,"[7.743956, 44.361839, 11.366986, 46.262745]",11,https://stac.dataspace.copernicus.eu/v1/collections/sentinel-1-grd/items/S1A_IW_GRDH_1SDV_20180518T171445_20180518T171510_021962_025F27_8E56_COG
S1A_IW_GRDH_1SDV_20180522T053512_20180522T053537_022013_0260DD_FE4A_COG,OK,CACHE,0,sentinel-1a,2018-05-22T05:35:12.867436Z,2018-05-22T05:35:37.866679Z,IW,VV|VH,descending,66,22013,,L1,"[6.530619, 45.03788, 10.228305, 46.946957]",11,https://stac.dataspace.copernicus.eu/v1/collections/sentinel-1-grd/items/S1A_IW_GRDH_1SDV_20180522T053512_20180522T053537_022013_0260DD_FE4A_COG
S1A_IW_GRDH_1SDV_20180522T053537_20180522T053602_022013_0260DD_124A_COG,OK,CACHE,0,sentinel-1a,2018-05-22T05:35:37.868179Z,2018-05-22T05:36:02.865923Z,IW,VV|VH,descending,66,22013,,L1,"[6.20518, 43.538731, 9.845924, 45.444317]",11,https://stac.dataspace.copernicus.eu/v1/collections/sentinel-1-grd/items/S1A_IW_GRDH_1SDV_20180522T053537_20180522T053602_022013_0260DD_124A_COG
S1A_IW_GRDH_1SDV_20180523T172252_20180523T172317_022035_02618D_37EB_COG,OK,CACHE,0,sentinel-1a,2018-05-23T17:22:52.325285Z,2018-05-23T17:23:17.323432Z,IW,VV|VH,ascending,88,22035,,L1,"[5.80613, 43.92186, 9.421354, 45.821087]",11,https://stac.dataspace.copernicus.eu/v1/collections/sentinel-1-grd/items/S1A_IW_GRDH_1SDV_20180523T172252_20180523T172317_022035_02618D_37EB_COG
S1A_IW_GRDH_1SDV_20180523T172317_20180523T172342_022035_02618D_8305_COG,OK,CACHE,0,sentinel-1a,2018-05-23T17:23:17.324927Z,2018-05-23T17:23:42.323074Z,IW,VV|VH,ascending,88,22035,,L1,"[5.358752, 45.42067, 9.09233, 47.31728]",11,https://stac.dataspace.copernicus.eu/v1/collections/sentinel-1-grd/items/S1A_IW_GRDH_1SDV_20180523T172317_20180523T172342_022035_02618D_8305_COG
S1A_IW_GRDH_1SDV_20180529T052700_20180529T052725_022115_026419_45E0_COG,OK,CACHE,0,sentinel-1a,2018-05-29T05:27:00.454968Z,2018-05-29T05:27:25.454261Z,IW,VV|VH,descending,168,22115,,L1,"[8.575866, 44.978523, 12.278628, 46.886654]",11,https://stac.dataspace.copernicus.eu/v1/collections/sentinel-1-grd/items/S1A_IW_GRDH_1SDV_20180529T052700_20180529T052725_022115_026419_45E0_COG
S1A_IW_GRDH_1SDV_20180529T052725_20180529T052750_022115_026419_9D5E_COG,OK,CACHE,0,sentinel-1a,2018-05-29T05:27:25.455733Z,2018-05-29T05:27:50.453525Z,IW,VV|VH,descending,168,22115,,L1,"[8.246064, 43.479996, 11.887624, 45.384933]",11,https://stac.dataspace.copernicus.eu/v1/collections/sentinel-1-grd/items/S1A_IW_GRDH_1SDV_20180529T052725_20180529T052750_022115_026419_9D5E_COG
S1A_IW_GRDH_1SDV_20180530T171446_20180530T171511_022137_0264C8_0D61_COG,OK,CACHE,0,sentinel-1a,2018-05-30T17:14:46.253848Z,2018-05-30T17:15:11.251872Z,IW,VV|VH,ascending,15,22137,,L1,"[7.744947, 44.361904, 11.367881, 46.262772]",11,https://stac.dataspace.copernicus.eu/v1/collections/sentinel-1-grd/items/S1A_IW_GRDH_1SDV_20180530T171446_20180530T171511_022137_0264C8_0D61_COG
S1A_IW_GRDH_1SDV_20180603T053513_20180603T053538_022188_026669_27DD_COG,OK,CACHE,0,sentinel-1a,2018-06-03T05:35:13.479593Z,2018-06-03T05:35:38.478908Z,IW,VV|VH,descending,66,22188,,L1,"[6.53149, 45.037849, 10.229317, 46.946945]",11,https://stac.dataspace.copernicus.eu/v1/collections/sentinel-1-grd/items/S1A_IW_GRDH_1SDV_20180603T053513_20180603T053538_022188_026669_27DD_COG
S1A_IW_GRDH_1SDV_20180603T053538_20180603T053603_022188_026669_A675_COG,OK,CACHE,0,sentinel-1a,2018-06-03T05:35:38.480407Z,2018-06-03T05:36:03.478223Z,IW,VV|VH,descending,66,22188,,L1,"[6.206052, 43.5387, 9.846919, 45.444305]",11,https://stac.dataspace.copernicus.eu/v1/collections/sentinel-1-grd/items/S1A_IW_GRDH_1SDV_20180603T053538_20180603T053603_022188_026669_A675_COG
S1A_IW_GRDH_1SDV_20180604T172252_20180604T172317_022210_026718_BDEC_COG,OK,CACHE,0,sentinel-1a,2018-06-04T17:22:52.963422Z,2018-06-04T17:23:17.961503Z,IW,VV|VH,ascending,88,22210,,L1,"[5.806594, 43.921852, 9.421718, 45.821087]",11,https://stac.dataspace.copernicus.eu/v1/collections/sentinel-1-grd/items/S1A_IW_GRDH_1SDV_20180604T172252_20180604T172317_022210_026718_BDEC_COG
S1A_IW_GRDH_1SDV_20180604T172317_20180604T172342_022210_026718_C1DF_COG,OK,CACHE,0,sentinel-1a,2018-06-04T17:23:17.962999Z,2018-06-04T17:23:42.962577Z,IW,VV|VH,ascending,88,22210,,L1,"[5.359166, 45.420658, 9.092661, 47.317371]",11,https://stac.dataspace.copernicus.eu/v1/collections/sentinel-1-grd/items/S1A_IW_GRDH_1SDV_20180604T172317_20180604T172342_022210_026718_C1DF_COG
S1A_IW_GRDH_1SDV_20180610T052701_20180610T052726_022290_026990_C1DC_COG,OK,CACHE,0,sentinel-1a,2018-06-10T05:27:01.312614Z,2018-06-10T05:27:26.310395Z,IW,VV|VH,descending,168,22290,,L1,"[8.575768, 44.978497, 12.278507, 46.886555]",11,https://stac.dataspace.copernicus.eu/v1/collections/sentinel-1-grd/items/S1A_IW_GRDH_1SDV_20180610T052701_20180610T052726_022290_026990_C1DC_COG
S1A_IW_GRDH_1SDV_20180610T052726_20180610T052751_022290_026990_60FA_COG,OK,CACHE,0,sentinel-1a,2018-06-10T05:27:26.311894Z,2018-06-10T05:27:51.311174Z,IW,VV|VH,descending,168,22290,,L1,"[8.245935, 43.479877, 11.88752, 45.384922]",11,https://stac.dataspace.copernicus.eu/v1/collections/sentinel-1-grd/items/S1A_IW_GRDH_1SDV_20180610T052726_20180610T052751_022290_026990_60FA_COG
S1A_IW_GRDH_1SDV_20180611T171447_20180611T171512_022312_026A3D_70E4_COG,OK,CACHE,0,sentinel-1a,2018-06-11T17:14:47.210077Z,2018-06-11T17:15:12.208183Z,IW,VV|VH,ascending,15,22312,,L1,"[7.744004, 44.361851, 11.367053, 46.26273]",11,https://stac.dataspace.copernicus.eu/v1/collections/sentinel-1-grd/items/S1A_IW_GRDH_1SDV_20180611T171447_20180611T171512_022312_026A3D_70E4_COG
S1A_IW_GRDH_1SDV_20180615T053514_20180615T053539_022363_026BD7_69F3_COG,OK,CACHE,0,sentinel-1a,2018-06-15T05:35:14.393212Z,2018-06-15T05:35:39.392441Z,IW,VV|VH,descending,66,22363,,L1,"[6.529515, 45.037907, 10.227227, 46.946915]",11,https://stac.dataspace.copernicus.eu/v1/collections/sentinel-1-grd/items/S1A_IW_GRDH_1SDV_20180615T053514_20180615T053539_022363_026BD7_69F3_COG
S1A_IW_GRDH_1SDV_20180615T053539_20180615T053604_022363_026BD7_6763_COG,OK,CACHE,0,sentinel-1a,2018-06-15T05:35:39.393968Z,2018-06-15T05:36:04.391698Z,IW,VV|VH,descending,66,22363,,L1,"[6.204154, 43.53875, 9.844834, 45.444275]",11,https://stac.dataspace.copernicus.eu/v1/collections/sentinel-1-grd/items/S1A_IW_GRDH_1SDV_20180615T053539_20180615T053604_022363_026BD7_6763_COG
S1A_IW_GRDH_1SDV_20180616T172253_20180616T172318_022385_026C7D_4BD4_COG,OK,CACHE,0,sentinel-1a,2018-06-16T17:22:53.851100Z,2018-06-16T17:23:18.848717Z,IW,VV|VH,ascending,88,22385,,L1,"[5.806848, 43.921856, 9.417338, 45.820515]",11,https://stac.dataspace.copernicus.eu/v1/collections/sentinel-1-grd/items/S1A_IW_GRDH_1SDV_20180616T172253_20180616T172318_022385_026C7D_4BD4_COG
S1A_IW_GRDH_1SDV_20180616T172318_20180616T172343_022385_026C7D_F327_COG,OK,CACHE,0,sentinel-1a,2018-06-16T17:23:18.850213Z,2018-06-16T17:23:43.849327Z,IW,VV|VH,ascending,88,22385,,L1,"[5.359478, 45.420631, 9.088089, 47.316757]",11,https://stac.dataspace.copernicus.eu/v1/collections/sentinel-1-grd/items/S1A_IW_GRDH_1SDV_20180616T172318_20180616T172343_022385_026C7D_F327_COG
S1A_IW_GRDH_1SDV_20180622T052702_20180622T052727_022465_026ED9_BB55_COG,OK,CACHE,0,sentinel-1a,2018-06-22T05:27:02.015619Z,2018-06-22T05:27:27.014940Z,IW,VV|VH,descending,168,22465,,L1,"[8.576496, 44.978416, 12.279505, 46.886562]",11,https://stac.dataspace.copernicus.eu/v1/collections/sentinel-1-grd/items/S1A_IW_GRDH_1SDV_20180622T052702_20180622T052727_022465_026ED9_BB55_COG
S1A_IW_GRDH_1SDV_20180622T052727_20180622T052752_022465_026ED9_AD48_COG,OK,CACHE,0,sentinel-1a,2018-06-22T05:27:27.016439Z,2018-06-22T05:27:52.014261Z,IW,VV|VH,descending,168,22465,,L1,"[8.246663, 43.479889, 11.88824, 45.384861]",11,https://stac.dataspace.copernicus.eu/v1/collections/sentinel-1-grd/items/S1A_IW_GRDH_1SDV_20180622T052727_20180622T052752_022465_026ED9_AD48_COG
S1A_IW_GRDH_1SDV_20180623T171447_20180623T171512_022487_026F7C_87DB_COG,OK,CACHE,0,sentinel-1a,2018-06-23T17:14:47.908086Z,2018-06-23T17:15:12.906097Z,IW,VV|VH,ascending,15,22487,,L1,"[7.744244, 44.361942, 11.36719, 46.262814]",11,https://stac.dataspace.copernicus.eu/v1/collections/sentinel-1-grd/items/S1A_IW_GRDH_1SDV_20180623T171447_20180623T171512_022487_026F7C_87DB_COG
S1A_IW_GRDH_1SDV_20180627T053515_20180627T053540_022538_0270FA_9041_COG,OK,CACHE,0,sentinel-1a,2018-06-27T05:35:15.057085Z,2018-06-27T05:35:40.054864Z,IW,VV|VH,descending,66,22538,,L1,"[6.529557, 45.03793, 10.227197, 46.946842]",11,https://stac.dataspace.copernicus.eu/v1/collections/sentinel-1-grd/items/S1A_IW_GRDH_1SDV_20180627T053515_20180627T053540_022538_0270FA_9041_COG
S1A_IW_GRDH_1SDV_20180627T053540_20180627T053605_022538_0270FA_356C_COG,OK,CACHE,0,sentinel-1a,2018-06-27T05:35:40.056363Z,2018-06-27T05:36:05.055642Z,IW,VV|VH,descending,66,22538,,L1,"[6.204195, 43.538685, 9.84488, 45.444294]",11,https://stac.dataspace.copernicus.eu/v1/collections/sentinel-1-grd/items/S1A_IW_GRDH_1SDV_20180627T053540_20180627T053605_022538_0270FA_356C_COG
S1A_IW_GRDH_1SDV_20180628T172254_20180628T172319_022560_02719A_2DAB_COG,OK,CACHE,0,sentinel-1a,2018-06-28T17:22:54.493173Z,2018-06-28T17:23:19.490652Z,IW,VV|VH,ascending,88,22560,,L1,"[5.807962, 43.92207, 9.418313, 45.820667]",11,https://stac.dataspace.copernicus.eu/v1/collections/sentinel-1-grd/items/S1A_IW_GRDH_1SDV_20180628T172254_20180628T172319_022560_02719A_2DAB_COG
S1A_IW_GRDH_1SDV_20180628T172319_20180628T172344_022560_02719A_E991_COG,OK,CACHE,0,sentinel-1a,2018-06-28T17:23:19.492174Z,2018-06-28T17:23:44.491152Z,IW,VV|VH,ascending,88,22560,,L1,"[5.3608, 45.420853, 9.089228, 47.316944]",11,https://stac.dataspace.copernicus.eu/v1/collections/sentinel-1-grd/items/S1A_IW_GRDH_1SDV_20180628T172319_20180628T172344_022560_02719A_E991_COG
S1A_IW_GRDH_1SDV_20180704T052702_20180704T052727_022640_0273F3_77E9_COG,OK,CACHE,0,sentinel-1a,2018-07-04T05:27:02.472272Z,2018-07-04T05:27:27.470048Z,IW,VV|VH,descending,168,22640,,L1,"[8.577087, 44.978485, 12.280046, 46.886532]",11,https://stac.dataspace.copernicus.eu/v1/collections/sentinel-1-grd/items/S1A_IW_GRDH_1SDV_20180704T052702_20180704T052727_022640_0273F3_77E9_COG
S1A_IW_GRDH_1SDV_20180704T052727_20180704T052752_022640_0273F3_2E8F_COG,OK,CACHE,0,sentinel-1a,2018-07-04T05:27:27.471547Z,2018-07-04T05:27:52.470822Z,IW,VV|VH,descending,168,22640,,L1,"[8.247242, 43.479866, 11.888837, 45.384918]",11,https://stac.dataspace.copernicus.eu/v1/collections/sentinel-1-grd/items/S1A_IW_GRDH_1SDV_20180704T052727_20180704T052752_022640_0273F3_2E8F_COG
S1A_IW_GRDH_1SDV_20180705T171448_20180705T171513_022662_027499_4308_COG,OK,CACHE,0,sentinel-1a,2018-07-05T17:14:48.331922Z,2018-07-05T17:15:13.330005Z,IW,VV|VH,ascending,15,22662,,L1,"[7.744481, 44.361843, 11.367431, 46.262753]",11,https://stac.dataspace.copernicus.eu/v1/collections/sentinel-1-grd/items/S1A_IW_GRDH_1SDV_20180705T171448_20180705T171513_022662_027499_4308_COG
S1A_IW_GRDH_1SDV_20180709T053515_20180709T053540_022713_027617_31C5_COG,OK,CACHE,0,sentinel-1a,2018-07-09T05:35:15.594286Z,2018-07-09T05:35:40.592038Z,IW,VV|VH,descending,66,22713,,L1,"[6.530622, 45.037846, 10.228274, 46.946804]",11,https://stac.dataspace.copernicus.eu/v1/collections/sentinel-1-grd/items/S1A_IW_GRDH_1SDV_20180709T053515_20180709T053540_022713_027617_31C5_COG
S1A_IW_GRDH_1SDV_20180709T053540_20180709T053605_022713_027617_9906_COG,OK,CACHE,0,sentinel-1a,2018-07-09T05:35:40.595009Z,2018-07-09T05:36:05.592760Z,IW,VV|VH,descending,66,22713,,L1,"[6.205192, 43.538609, 9.845909, 45.444164]",11,https://stac.dataspace.copernicus.eu/v1/collections/sentinel-1-grd/items/S1A_IW_GRDH_1SDV_20180709T053540_20180709T053605_022713_027617_9906_COG
S1A_IW_GRDH_1SDV_20180710T172255_20180710T172320_022735_0276C4_CAC2_COG,OK,CACHE,0,sentinel-1a,2018-07-10T17:22:55.079719Z,2018-07-10T17:23:20.078758Z,IW,VV|VH,ascending,88,22735,,L1,"[5.807464, 43.921951, 9.417849, 45.820663]",11,https://stac.dataspace.copernicus.eu/v1/collections/sentinel-1-grd/items/S1A_IW_GRDH_1SDV_20180710T172255_20180710T172320_022735_0276C4_CAC2_COG
S1A_IW_GRDH_1SDV_20180710T172320_20180710T172345_022735_0276C4_788E_COG,OK,CACHE,0,sentinel-1a,2018-07-10T17:23:20.080279Z,2018-07-10T17:23:45.079321Z,IW,VV|VH,ascending,88,22735,,L1,"[5.360278, 45.420818, 9.088849, 47.316952]",11,https://stac.dataspace.copernicus.eu/v1/collections/sentinel-1-grd/items/S1A_IW_GRDH_1SDV_20180710T172320_20180710T172345_022735_0276C4_788E_COG
S1A_IW_GRDH_1SDV_20180716T052703_20180716T052728_022815_02793C_3B3C_COG,OK,CACHE,0,sentinel-1a,2018-07-16T05:27:03.413168Z,2018-07-16T05:27:28.410936Z,IW,VV|VH,descending,168,22815,,L1,"[8.576013, 44.978466, 12.278963, 46.886494]",11,https://stac.dataspace.copernicus.eu/v1/collections/sentinel-1-grd/items/S1A_IW_GRDH_1SDV_20180716T052703_20180716T052728_022815_02793C_3B3C_COG
S1A_IW_GRDH_1SDV_20180716T052728_20180716T052753_022815_02793C_B4AF_COG,OK,CACHE,0,sentinel-1a,2018-07-16T05:27:28.412435Z,2018-07-16T05:27:53.411702Z,IW,VV|VH,descending,168,22815,,L1,"[8.246187, 43.479847, 11.887765, 45.38488]",11,https://stac.dataspace.copernicus.eu/v1/collections/sentinel-1-grd/items/S1A_IW_GRDH_1SDV_20180716T052728_20180716T052753_022815_02793C_B4AF_COG
S1A_IW_GRDH_1SDV_20180717T171449_20180717T171514_022837_0279EC_D162_COG,OK,CACHE,0,sentinel-1a,2018-07-17T17:14:49.308010Z,2018-07-17T17:15:14.306047Z,IW,VV|VH,ascending,15,22837,,L1,"[7.743857, 44.361927, 11.366783, 46.262829]",11,https://stac.dataspace.copernicus.eu/v1/collections/sentinel-1-grd/items/S1A_IW_GRDH_1SDV_20180717T171449_20180717T171514_022837_0279EC_D162_COG
S1A_IW_GRDH_1SDV_20180721T053516_20180721T053541_022888_027B77_3E78_COG,OK,CACHE,0,sentinel-1a,2018-07-21T05:35:16.496137Z,2018-07-21T05:35:41.495385Z,IW,VV|VH,descending,66,22888,,L1,"[6.530748, 45.037689, 10.228412, 46.946777]",11,https://stac.dataspace.copernicus.eu/v1/collections/sentinel-1-grd/items/S1A_IW_GRDH_1SDV_20180721T053516_20180721T053541_022888_027B77_3E78_COG
S1A_IW_GRDH_1SDV_20180721T053541_20180721T053606_022888_027B77_1894_COG,OK,CACHE,0,sentinel-1a,2018-07-21T05:35:41.496884Z,2018-07-21T05:36:06.494633Z,IW,VV|VH,descending,66,22888,,L1,"[6.205431, 43.538544, 9.846042, 45.444122]",11,https://stac.dataspace.copernicus.eu/v1/collections/sentinel-1-grd/items/S1A_IW_GRDH_1SDV_20180721T053541_20180721T053606_022888_027B77_1894_COG
S1A_IW_GRDH_1SDV_20180722T172255_20180722T172320_022910_027C34_2B37_COG,OK,CACHE,0,sentinel-1a,2018-07-22T17:22:55.954236Z,2018-07-22T17:23:20.953271Z,IW,VV|VH,ascending,88,22910,,L1,"[5.806236, 43.921871, 9.416649, 45.820629]",11,https://stac.dataspace.copernicus.eu/v1/collections/sentinel-1-grd/items/S1A_IW_GRDH_1SDV_20180722T172255_20180722T172320_022910_027C34_2B37_COG
S1A_IW_GRDH_1SDV_20180722T172320_20180722T172345_022910_027C34_7AE6_COG,OK,CACHE,0,sentinel-1a,2018-07-22T17:23:20.954768Z,2018-07-22T17:23:45.953802Z,IW,VV|VH,ascending,88,22910,,L1,"[5.358839, 45.420738, 9.08748, 47.316883]",11,https://stac.dataspace.copernicus.eu/v1/collections/sentinel-1-grd/items/S1A_IW_GRDH_1SDV_20180722T172320_20180722T172345_022910_027C34_7AE6_COG
S1A_IW_GRDH_1SDV_20180728T052704_20180728T052729_022990_027EC5_27E6_COG,OK,CACHE,0,sentinel-1a,2018-07-28T05:27:04.091672Z,2018-07-28T05:27:29.090891Z,IW,VV|VH,descending,168,22990,,L1,"[8.575747, 44.978321, 12.278378, 46.886421]",11,https://stac.dataspace.copernicus.eu/v1/collections/sentinel-1-grd/items/S1A_IW_GRDH_1SDV_20180728T052704_20180728T052729_022990_027EC5_27E6_COG
S1A_IW_GRDH_1SDV_20180728T052729_20180728T052754_022990_027EC5_19E2_COG,OK,CACHE,0,sentinel-1a,2018-07-28T05:27:29.092390Z,2018-07-28T05:27:54.090110Z,IW,VV|VH,descending,168,22990,,L1,"[8.245836, 43.47979, 11.887369, 45.384712]",11,https://stac.dataspace.copernicus.eu/v1/collections/sentinel-1-grd/items/S1A_IW_GRDH_1SDV_20180728T052729_20180728T052754_022990_027EC5_19E2_COG
S1A_IW_GRDH_1SDV_20180729T171449_20180729T171514_023012_027F72_B087_COG,OK,CACHE,0,sentinel-1a,2018-07-29T17:14:49.943772Z,2018-07-29T17:15:14.941841Z,IW,VV|VH,ascending,15,23012,,L1,"[7.744812, 44.3619, 11.36771, 46.262772]",11,https://stac.dataspace.copernicus.eu/v1/collections/sentinel-1-grd/items/S1A_IW_GRDH_1SDV_20180729T171449_20180729T171514_023012_027F72_B087_COG
S1A_IW_GRDH_1SDV_20180802T053511_20180802T053536_023063_0280FC_D8A2_COG,OK,CACHE,0,sentinel-1a,2018-08-02T05:35:11.083169Z,2018-08-02T05:35:36.081757Z,IW,VV|VH,descending,66,23063,,L1,"[6.656783, 45.393826, 10.340392, 47.296555]",11,https://stac.dataspace.copernicus.eu/v1/collections/sentinel-1-grd/items/S1A_IW_GRDH_1SDV_20180802T053511_20180802T053536_023063_0280FC_D8A2_COG
S1A_IW_GRDH_1SDV_20180802T053517_20180802T053542_023063_0280FC_4255_COG,OK,CACHE,0,sentinel-1a,2018-08-02T05:35:17.020741Z,2018-08-02T05:35:42.020053Z,IW,VV|VH,descending,66,23063,,L1,"[6.531086, 45.037769, 10.228848, 46.946831]",11,https://stac.dataspace.copernicus.eu/v1/collections/sentinel-1-grd/items/S1A_IW_GRDH_1SDV_20180802T053517_20180802T053542_023063_0280FC_4255_COG
S1A_IW_GRDH_1SDV_20180802T053536_20180802T053601_023063_0280FC_E192_COG,OK,CACHE,0,sentinel-1a,2018-08-02T05:35:36.083240Z,2018-08-02T05:36:01.081827Z,IW,VV|VH,descending,66,23063,,L1,"[6.329634, 43.894772, 9.945092, 45.795074]",11,https://stac.dataspace.copernicus.eu/v1/collections/sentinel-1-grd/items/S1A_IW_GRDH_1SDV_20180802T053536_20180802T053601_023063_0280FC_E192_COG
S1A_IW_GRDH_1SDV_20180802T053542_20180802T053607_023063_0280FC_BB6C_COG,OK,CACHE,0,sentinel-1a,2018-08-02T05:35:42.021552Z,2018-08-02T05:36:07.019365Z,IW,VV|VH,descending,66,23063,,L1,"[6.205812, 43.538616, 9.846519, 45.444172]",11,https://stac.dataspace.copernicus.eu/v1/collections/sentinel-1-grd/items/S1A_IW_GRDH_1SDV_20180802T053542_20180802T053607_023063_0280FC_BB6C_COG
S1A_IW_GRDH_1SDV_20180803T172256_20180803T172321_023085_0281B1_420D_COG,OK,CACHE,0,sentinel-1a,2018-08-03T17:22:56.520291Z,2018-08-03T17:23:21.519240Z,IW,VV|VH,ascending,88,23085,,L1,"[5.807279, 43.922092, 9.4177, 45.820831]",11,https://stac.dataspace.copernicus.eu/v1/collections/sentinel-1-grd/items/S1A_IW_GRDH_1SDV_20180803T172256_20180803T172321_023085_0281B1_420D_COG
S1A_IW_GRDH_1SDV_20180803T172256_20180803T172321_023085_0281B1_A2C4_COG,OK,CACHE,0,sentinel-1a,2018-08-03T17:22:56.520298Z,2018-08-03T17:23:21.519249Z,IW,VV|VH,ascending,88,23085,,L1,"[5.807276, 43.922092, 9.417694, 45.820831]",11,https://stac.dataspace.copernicus.eu/v1/collections/sentinel-1-grd/items/S1A_IW_GRDH_1SDV_20180803T172256_20180803T172321_023085_0281B1_A2C4_COG
S1A_IW_GRDH_1SDV_20180803T172321_20180803T172346_023085_0281B1_7046_COG,OK,CACHE,0,sentinel-1a,2018-08-03T17:23:21.520745Z,2018-08-03T17:23:46.518200Z,IW,VV|VH,ascending,88,23085,,L1,"[5.360115, 45.420956, 9.088408, 47.316998]",11,https://stac.dataspace.copernicus.eu/v1/collections/sentinel-1-grd/items/S1A_IW_GRDH_1SDV_20180803T172321_20180803T172346_023085_0281B1_7046_COG
S1A_IW_GRDH_1SDV_20180803T172321_20180803T172346_023085_0281B1_9614_COG,OK,CACHE,0,sentinel-1a,2018-08-03T17:23:21.520737Z,2018-08-03T17:23:46.518190Z,IW,VV|VH,ascending,88,23085,,L1,"[5.360115, 45.420956, 9.088412, 47.317001]",11,https://stac.dataspace.copernicus.eu/v1/collections/sentinel-1-grd/items/S1A_IW_GRDH_1SDV_20180803T172321_20180803T172346_023085_0281B1_9614_COG
S1A_IW_GRDH_1SDV_20180809T052704_20180809T052729_023165_02843F_0EB8_COG,OK,CACHE,0,sentinel-1a,2018-08-09T05:27:04.742127Z,2018-08-09T05:27:29.741427Z,IW,VV|VH,descending,168,23165,,L1,"[8.575672, 44.978401, 12.278454, 46.886517]",11,https://stac.dataspace.copernicus.eu/v1/collections/sentinel-1-grd/items/S1A_IW_GRDH_1SDV_20180809T052704_20180809T052729_023165_02843F_0EB8_COG
S1A_IW_GRDH_1SDV_20180809T052718_20180809T052743_023165_02843F_9E22_COG,OK,CACHE,0,sentinel-1a,2018-08-09T05:27:18.025097Z,2018-08-09T05:27:43.022547Z,IW,VV|VH,descending,168,23165,,L1,"[8.434849, 44.183952, 12.071619, 46.083538]",11,https://stac.dataspace.copernicus.eu/v1/collections/sentinel-1-grd/items/S1A_IW_GRDH_1SDV_20180809T052718_20180809T052743_023165_02843F_9E22_COG
S1A_IW_GRDH_1SDV_20180809T052729_20180809T052754_023165_02843F_BE9A_COG,OK,CACHE,0,sentinel-1a,2018-08-09T05:27:29.742926Z,2018-08-09T05:27:54.740726Z,IW,VV|VH,descending,168,23165,,L1,"[8.245885, 43.47987, 11.887425, 45.384796]",11,https://stac.dataspace.copernicus.eu/v1/collections/sentinel-1-grd/items/S1A_IW_GRDH_1SDV_20180809T052729_20180809T052754_023165_02843F_BE9A_COG
S1A_IW_GRDH_1SDV_20180810T171450_20180810T171515_023187_0284ED_E250_COG,OK,CACHE,0,sentinel-1a,2018-08-10T17:14:50.640005Z,2018-08-10T17:15:15.638076Z,IW,VV|VH,ascending,15,23187,,L1,"[7.745203, 44.362007, 11.368079, 46.262844]",11,https://stac.dataspace.copernicus.eu/v1/collections/sentinel-1-grd/items/S1A_IW_GRDH_1SDV_20180810T171450_20180810T171515_023187_0284ED_E250_COG
S1A_IW_GRDH_1SDV_20180810T171450_20180810T171515_023187_0284ED_EFEB_COG,OK,CACHE,0,sentinel-1a,2018-08-10T17:14:50.639827Z,2018-08-10T17:15:15.637875Z,IW,VV|VH,ascending,15,23187,,L1,"[7.745245, 44.362, 11.368124, 46.262836]",11,https://stac.dataspace.copernicus.eu/v1/collections/sentinel-1-grd/items/S1A_IW_GRDH_1SDV_20180810T171450_20180810T171515_023187_0284ED_EFEB_COG
S1A_IW_GRDH_1SDV_20180814T053510_20180814T053535_023238_02869A_8A46_COG,OK,CACHE,0,sentinel-1a,2018-08-14T05:35:10.746728Z,2018-08-14T05:35:35.744831Z,IW,VV|VH,descending,66,23238,,L1,"[6.670308, 45.462734, 10.360554, 47.36528]",11,https://stac.dataspace.copernicus.eu/v1/collections/sentinel-1-grd/items/S1A_IW_GRDH_1SDV_20180814T053510_20180814T053535_023238_02869A_8A46_COG
S1A_IW_GRDH_1SDV_20180814T053517_20180814T053542_023238_02869A_A9F7_COG,OK,CACHE,0,sentinel-1a,2018-08-14T05:35:17.833220Z,2018-08-14T05:35:42.832467Z,IW,VV|VH,descending,66,23238,,L1,"[6.53027, 45.03772, 10.227904, 46.946758]",11,https://stac.dataspace.copernicus.eu/v1/collections/sentinel-1-grd/items/S1A_IW_GRDH_1SDV_20180814T053517_20180814T053542_023238_02869A_A9F7_COG
S1A_IW_GRDH_1SDV_20180814T053535_20180814T053600_023238_02869A_6BB8_COG,OK,CACHE,0,sentinel-1a,2018-08-14T05:35:35.746333Z,2018-08-14T05:36:00.744436Z,IW,VV|VH,descending,66,23238,,L1,"[6.343051, 43.963715, 9.963225, 45.864044]",11,https://stac.dataspace.copernicus.eu/v1/collections/sentinel-1-grd/items/S1A_IW_GRDH_1SDV_20180814T053535_20180814T053600_023238_02869A_6BB8_COG
S1A_IW_GRDH_1SDV_20180814T053542_20180814T053607_023238_02869A_507E_COG,OK,CACHE,0,sentinel-1a,2018-08-14T05:35:42.833967Z,2018-08-14T05:36:07.831714Z,IW,VV|VH,descending,66,23238,,L1,"[6.204871, 43.538567, 9.845574, 45.444115]",11,https://stac.dataspace.copernicus.eu/v1/collections/sentinel-1-grd/items/S1A_IW_GRDH_1SDV_20180814T053542_20180814T053607_023238_02869A_507E_COG
S1A_IW_GRDH_1SDV_20180815T172257_20180815T172322_023260_028751_1314_COG,OK,CACHE,0,sentinel-1a,2018-08-15T17:22:57.306186Z,2018-08-15T17:23:22.305224Z,IW,VV|VH,ascending,88,23260,,L1,"[5.80642, 43.921947, 9.416837, 45.820702]",11,https://stac.dataspace.copernicus.eu/v1/collections/sentinel-1-grd/items/S1A_IW_GRDH_1SDV_20180815T172257_20180815T172322_023260_028751_1314_COG
S1A_IW_GRDH_1SDV_20180815T172257_20180815T172322_023260_028751_7ADB_COG,OK,CACHE,0,sentinel-1a,2018-08-15T17:22:57.306137Z,2018-08-15T17:23:22.305169Z,IW,VV|VH,ascending,88,23260,,L1,"[5.806425, 43.921955, 9.41684, 45.820705]",11,https://stac.dataspace.copernicus.eu/v1/collections/sentinel-1-grd/items/S1A_IW_GRDH_1SDV_20180815T172257_20180815T172322_023260_028751_7ADB_COG
S1A_IW_GRDH_1SDV_20180815T172322_20180815T172347_023260_028751_0A67_COG,OK,CACHE,0,sentinel-1a,2018-08-15T17:23:22.306665Z,2018-08-15T17:23:47.305697Z,IW,VV|VH,ascending,88,23260,,L1,"[5.359029, 45.420815, 9.087673, 47.316956]",11,https://stac.dataspace.copernicus.eu/v1/collections/sentinel-1-grd/items/S1A_IW_GRDH_1SDV_20180815T172322_20180815T172347_023260_028751_0A67_COG
S1A_IW_GRDH_1SDV_20180815T172322_20180815T172347_023260_028751_D627_COG,OK,CACHE,0,sentinel-1a,2018-08-15T17:23:22.306720Z,2018-08-15T17:23:47.305757Z,IW,VV|VH,ascending,88,23260,,L1,"[5.359021, 45.420811, 9.087667, 47.316956]",11,https://stac.dataspace.copernicus.eu/v1/collections/sentinel-1-grd/items/S1A_IW_GRDH_1SDV_20180815T172322_20180815T172347_023260_028751_D627_COG
S1A_IW_GRDH_1SDV_20180821T052705_20180821T052730_023340_0289E6_A7E9_COG,OK,CACHE,0,sentinel-1a,2018-08-21T05:27:05.448298Z,2018-08-21T05:27:30.447521Z,IW,VV|VH,descending,168,23340,,L1,"[8.576529, 44.978264, 12.27945, 46.886398]",11,https://stac.dataspace.copernicus.eu/v1/collections/sentinel-1-grd/items/S1A_IW_GRDH_1SDV_20180821T052705_20180821T052730_023340_0289E6_A7E9_COG
S1A_IW_GRDH_1SDV_20180821T052717_20180821T052742_023340_0289E6_C0B6_COG,OK,CACHE,0,sentinel-1a,2018-08-21T05:27:17.932791Z,2018-08-21T05:27:42.929935Z,IW,VV|VH,descending,168,23340,,L1,"[8.445845, 44.231697, 12.087331, 46.131226]",11,https://stac.dataspace.copernicus.eu/v1/collections/sentinel-1-grd/items/S1A_IW_GRDH_1SDV_20180821T052717_20180821T052742_023340_0289E6_C0B6_COG
S1A_IW_GRDH_1SDV_20180821T052730_20180821T052755_023340_0289E6_59DB_COG,OK,CACHE,0,sentinel-1a,2018-08-21T05:27:30.449020Z,2018-08-21T05:27:55.446743Z,IW,VV|VH,descending,168,23340,,L1,"[8.246546, 43.479736, 11.888134, 45.384716]",11,https://stac.dataspace.copernicus.eu/v1/collections/sentinel-1-grd/items/S1A_IW_GRDH_1SDV_20180821T052730_20180821T052755_023340_0289E6_59DB_COG
S1A_IW_GRDH_1SDV_20180822T171451_20180822T171516_023362_028A95_A638_COG,OK,CACHE,0,sentinel-1a,2018-08-22T17:14:51.262412Z,2018-08-22T17:15:16.262045Z,IW,VV|VH,ascending,15,23362,,L1,"[7.743914, 44.361862, 11.366981, 46.262871]",11,https://stac.dataspace.copernicus.eu/v1/collections/sentinel-1-grd/items/S1A_IW_GRDH_1SDV_20180822T171451_20180822T171516_023362_028A95_A638_COG
S1A_IW_GRDH_1SDV_20180822T171451_20180822T171516_023362_028A95_F810_COG,OK,CACHE,0,sentinel-1a,2018-08-22T17:14:51.263670Z,2018-08-22T17:15:16.261776Z,IW,VV|VH,ascending,15,23362,,L1,"[7.743966, 44.361931, 11.367015, 46.262848]",11,https://stac.dataspace.copernicus.eu/v1/collections/sentinel-1-grd/items/S1A_IW_GRDH_1SDV_20180822T171451_20180822T171516_023362_028A95_F810_COG
S1A_IW_GRDH_1SDV_20180826T053510_20180826T053535_023413_028C38_06C0_COG,OK,CACHE,0,sentinel-1a,2018-08-26T05:35:10.789067Z,2018-08-26T05:35:35.787330Z,IW,VV|VH,descending,66,23413,,L1,"[6.678027, 45.502304, 10.37544, 47.40432]",11,https://stac.dataspace.copernicus.eu/v1/collections/sentinel-1-grd/items/S1A_IW_GRDH_1SDV_20180826T053510_20180826T053535_023413_028C38_06C0_COG
S1A_IW_GRDH_1SDV_20180826T053518_20180826T053543_023413_028C38_BAD4_COG,OK,CACHE,0,sentinel-1a,2018-08-26T05:35:18.534632Z,2018-08-26T05:35:43.533857Z,IW,VV|VH,descending,66,23413,,L1,"[6.530135, 45.037674, 10.227757, 46.946716]",11,https://stac.dataspace.copernicus.eu/v1/collections/sentinel-1-grd/items/S1A_IW_GRDH_1SDV_20180826T053518_20180826T053543_023413_028C38_BAD4_COG
S1A_IW_GRDH_1SDV_20180826T053535_20180826T053600_023413_028C38_F7BB_COG,OK,CACHE,0,sentinel-1a,2018-08-26T05:35:35.788821Z,2018-08-26T05:36:00.787082Z,IW,VV|VH,descending,66,23413,,L1,"[6.351366, 44.003204, 9.973368, 45.903603]",11,https://stac.dataspace.copernicus.eu/v1/collections/sentinel-1-grd/items/S1A_IW_GRDH_1SDV_20180826T053535_20180826T053600_023413_028C38_F7BB_COG
S1A_IW_GRDH_1SDV_20180826T053543_20180826T053608_023413_028C38_2249_COG,OK,CACHE,0,sentinel-1a,2018-08-26T05:35:43.535357Z,2018-08-26T05:36:08.533083Z,IW,VV|VH,descending,66,23413,,L1,"[6.204861, 43.538525, 9.845437, 45.444057]",11,https://stac.dataspace.copernicus.eu/v1/collections/sentinel-1-grd/items/S1A_IW_GRDH_1SDV_20180826T053543_20180826T053608_023413_028C38_2249_COG
S1A_IW_GRDH_1SDV_20180827T172258_20180827T172323_023435_028CF1_0373_COG,OK,CACHE,0,sentinel-1a,2018-08-27T17:22:58.033775Z,2018-08-27T17:23:23.032798Z,IW,VV|VH,ascending,88,23435,,L1,"[5.806756, 43.921944, 9.417153, 45.820675]",11,https://stac.dataspace.copernicus.eu/v1/collections/sentinel-1-grd/items/S1A_IW_GRDH_1SDV_20180827T172258_20180827T172323_023435_028CF1_0373_COG
S1A_IW_GRDH_1SDV_20180827T172258_20180827T172323_023435_028CF1_8D0B_COG,OK,CACHE,0,sentinel-1a,2018-08-27T17:22:58.033875Z,2018-08-27T17:23:23.032909Z,IW,VV|VH,ascending,88,23435,,L1,"[5.806779, 43.921951, 9.417177, 45.820683]",11,https://stac.dataspace.copernicus.eu/v1/collections/sentinel-1-grd/items/S1A_IW_GRDH_1SDV_20180827T172258_20180827T172323_023435_028CF1_8D0B_COG
S1A_IW_GRDH_1SDV_20180827T172323_20180827T172348_023435_028CF1_2FF4_COG,OK,CACHE,0,sentinel-1a,2018-08-27T17:23:23.034405Z,2018-08-27T17:23:48.033439Z,IW,VV|VH,ascending,88,23435,,L1,"[5.359402, 45.420815, 9.088032, 47.316936]",11,https://stac.dataspace.copernicus.eu/v1/collections/sentinel-1-grd/items/S1A_IW_GRDH_1SDV_20180827T172323_20180827T172348_023435_028CF1_2FF4_COG
S1A_IW_GRDH_1SDV_20180827T172323_20180827T172348_023435_028CF1_C710_COG,OK,CACHE,0,sentinel-1a,2018-08-27T17:23:23.034294Z,2018-08-27T17:23:48.033317Z,IW,VV|VH,ascending,88,23435,,L1,"[5.35938, 45.420811, 9.088009, 47.316929]",11,https://stac.dataspace.copernicus.eu/v1/collections/sentinel-1-grd/items/S1A_IW_GRDH_1SDV_20180827T172323_20180827T172348_023435_028CF1_C710_COG
S1A_IW_GRDH_1SDV_20180902T052706_20180902T052731_023515_028F75_FD0E_COG,OK,CACHE,0,sentinel-1a,2018-09-02T05:27:06.245077Z,2018-09-02T05:27:31.244326Z,IW,VV|VH,descending,168,23515,,L1,"[8.57555, 44.978249, 12.27839, 46.88641]",11,https://stac.dataspace.copernicus.eu/v1/collections/sentinel-1-grd/items/S1A_IW_GRDH_1SDV_20180902T052706_20180902T052731_023515_028F75_FD0E_COG
S1A_IW_GRDH_1SDV_20180902T052717_20180902T052742_023515_028F75_871A_COG,OK,CACHE,0,sentinel-1a,2018-09-02T05:27:17.941714Z,2018-09-02T05:27:42.939307Z,IW,VV|VH,descending,168,23515,,L1,"[8.457826, 44.278393, 12.095944, 46.178963]",11,https://stac.dataspace.copernicus.eu/v1/collections/sentinel-1-grd/items/S1A_IW_GRDH_1SDV_20180902T052717_20180902T052742_023515_028F75_871A_COG
S1A_IW_GRDH_1SDV_20180902T052731_20180902T052756_023515_028F75_403F_COG,OK,CACHE,0,sentinel-1a,2018-09-02T05:27:31.245826Z,2018-09-02T05:27:56.243576Z,IW,VV|VH,descending,168,23515,,L1,"[8.245705, 43.479721, 11.887283, 45.384693]",11,https://stac.dataspace.copernicus.eu/v1/collections/sentinel-1-grd/items/S1A_IW_GRDH_1SDV_20180902T052731_20180902T052756_023515_028F75_403F_COG
S1A_IW_GRDH_1SDV_20180903T171452_20180903T171517_023537_029025_47AE_COG,OK,CACHE,0,sentinel-1a,2018-09-03T17:14:52.097497Z,2018-09-03T17:15:17.095619Z,IW,VV|VH,ascending,15,23537,,L1,"[7.742513, 44.361961, 11.365567, 46.262897]",11,https://stac.dataspace.copernicus.eu/v1/collections/sentinel-1-grd/items/S1A_IW_GRDH_1SDV_20180903T171452_20180903T171517_023537_029025_47AE_COG
S1A_IW_GRDH_1SDV_20180903T171452_20180903T171517_023537_029025_A764_COG,OK,CACHE,0,sentinel-1a,2018-09-03T17:14:52.097283Z,2018-09-03T17:15:17.095377Z,IW,VV|VH,ascending,15,23537,,L1,"[7.74252, 44.361931, 11.365572, 46.262867]",11,https://stac.dataspace.copernicus.eu/v1/collections/sentinel-1-grd/items/S1A_IW_GRDH_1SDV_20180903T171452_20180903T171517_023537_029025_A764_COG
S1A_IW_GRDH_1SDV_20180907T053510_20180907T053535_023588_0291CF_D966_COG,OK,CACHE,0,sentinel-1a,2018-09-07T05:35:10.938260Z,2018-09-07T05:35:35.936530Z,IW,VV|VH,descending,66,23588,,L1,"[6.683724, 45.532574, 10.386315, 47.434334]",11,https://stac.dataspace.copernicus.eu/v1/collections/sentinel-1-grd/items/S1A_IW_GRDH_1SDV_20180907T053510_20180907T053535_023588_0291CF_D966_COG
S1A_IW_GRDH_1SDV_20180907T053519_20180907T053544_023588_0291CF_89E3_COG,OK,CACHE,0,sentinel-1a,2018-09-07T05:35:19.188146Z,2018-09-07T05:35:44.187378Z,IW,VV|VH,descending,66,23588,,L1,"[6.529541, 45.037697, 10.227187, 46.946735]",11,https://stac.dataspace.copernicus.eu/v1/collections/sentinel-1-grd/items/S1A_IW_GRDH_1SDV_20180907T053519_20180907T053544_023588_0291CF_89E3_COG
S1A_IW_GRDH_1SDV_20180907T053535_20180907T053600_023588_0291CF_64AD_COG,OK,CACHE,0,sentinel-1a,2018-09-07T05:35:35.938027Z,2018-09-07T05:36:00.936296Z,IW,VV|VH,descending,66,23588,,L1,"[6.357191, 44.033436, 9.980576, 45.933826]",11,https://stac.dataspace.copernicus.eu/v1/collections/sentinel-1-grd/items/S1A_IW_GRDH_1SDV_20180907T053535_20180907T053600_023588_0291CF_64AD_COG
S1A_IW_GRDH_1SDV_20180907T053544_20180907T053609_023588_0291CF_B6D5_COG,OK,CACHE,0,sentinel-1a,2018-09-07T05:35:44.188878Z,2018-09-07T05:36:09.186610Z,IW,VV|VH,descending,66,23588,,L1,"[6.204287, 43.538544, 9.844843, 45.44408]",11,https://stac.dataspace.copernicus.eu/v1/collections/sentinel-1-grd/items/S1A_IW_GRDH_1SDV_20180907T053544_20180907T053609_023588_0291CF_B6D5_COG
S1A_IW_GRDH_1SDV_20180908T172258_20180908T172323_023610_02928B_5FC8_COG,OK,CACHE,0,sentinel-1a,2018-09-08T17:22:58.599622Z,2018-09-08T17:23:23.598679Z,IW,VV|VH,ascending,88,23610,,L1,"[5.807014, 43.922016, 9.4174, 45.820724]",11,https://stac.dataspace.copernicus.eu/v1/collections/sentinel-1-grd/items/S1A_IW_GRDH_1SDV_20180908T172258_20180908T172323_023610_02928B_5FC8_COG
S1A_IW_GRDH_1SDV_20180908T172258_20180908T172323_023610_02928B_726B_COG,OK,CACHE,0,sentinel-1a,2018-09-08T17:22:58.599603Z,2018-09-08T17:23:23.598658Z,IW,VV|VH,ascending,88,23610,,L1,"[5.806963, 43.922016, 9.417349, 45.820724]",11,https://stac.dataspace.copernicus.eu/v1/collections/sentinel-1-grd/items/S1A_IW_GRDH_1SDV_20180908T172258_20180908T172323_023610_02928B_726B_COG
S1A_IW_GRDH_1SDV_20180908T172323_20180908T172348_023610_02928B_27E0_COG,OK,CACHE,0,sentinel-1a,2018-09-08T17:23:23.600155Z,2018-09-08T17:23:48.597713Z,IW,VV|VH,ascending,88,23610,,L1,"[5.359636, 45.420883, 9.088225, 47.316887]",11,https://stac.dataspace.copernicus.eu/v1/collections/sentinel-1-grd/items/S1A_IW_GRDH_1SDV_20180908T172323_20180908T172348_023610_02928B_27E0_COG
S1A_IW_GRDH_1SDV_20180908T172323_20180908T172348_023610_02928B_6025_COG,OK,CACHE,0,sentinel-1a,2018-09-08T17:23:23.600175Z,2018-09-08T17:23:48.597736Z,IW,VV|VH,ascending,88,23610,,L1,"[5.359686, 45.420883, 9.088276, 47.316891]",11,https://stac.dataspace.copernicus.eu/v1/collections/sentinel-1-grd/items/S1A_IW_GRDH_1SDV_20180908T172323_20180908T172348_023610_02928B_6025_COG
S1A_IW_GRDH_1SDV_20180914T052706_20180914T052731_023690_029512_673D_COG,OK,CACHE,0,sentinel-1a,2018-09-14T05:27:06.568336Z,2018-09-14T05:27:31.567630Z,IW,VV|VH,descending,168,23690,,L1,"[8.576051, 44.978313, 12.279073, 46.886436]",11,https://stac.dataspace.copernicus.eu/v1/collections/sentinel-1-grd/items/S1A_IW_GRDH_1SDV_20180914T052706_20180914T052731_023690_029512_673D_COG
S1A_IW_GRDH_1SDV_20180914T052717_20180914T052742_023690_029512_B6FD_COG,OK,CACHE,0,sentinel-1a,2018-09-14T05:27:17.908482Z,2018-09-14T05:27:42.907624Z,IW,VV|VH,descending,168,23690,,L1,"[8.463552, 44.299583, 12.100589, 46.200512]",11,https://stac.dataspace.copernicus.eu/v1/collections/sentinel-1-grd/items/S1A_IW_GRDH_1SDV_20180914T052717_20180914T052742_023690_029512_B6FD_COG
S1A_IW_GRDH_1SDV_20180914T052731_20180914T052756_023690_029512_B9DA_COG,OK,CACHE,0,sentinel-1a,2018-09-14T05:27:31.569129Z,2018-09-14T05:27:56.566924Z,IW,VV|VH,descending,168,23690,,L1,"[8.246225, 43.479786, 11.887793, 45.384739]",11,https://stac.dataspace.copernicus.eu/v1/collections/sentinel-1-grd/items/S1A_IW_GRDH_1SDV_20180914T052731_20180914T052756_023690_029512_B9DA_COG
S1A_IW_GRDH_1SDV_20180915T171452_20180915T171517_023712_0295C0_0034_COG,OK,CACHE,0,sentinel-1a,2018-09-15T17:14:52.413002Z,2018-09-15T17:15:17.411100Z,IW,VV|VH,ascending,15,23712,,L1,"[7.743536, 44.361973, 11.366462, 46.262878]",11,https://stac.dataspace.copernicus.eu/v1/collections/sentinel-1-grd/items/S1A_IW_GRDH_1SDV_20180915T171452_20180915T171517_023712_0295C0_0034_COG
S1A_IW_GRDH_1SDV_20180915T171452_20180915T171517_023712_0295C0_92ED_COG,OK,CACHE,0,sentinel-1a,2018-09-15T17:14:52.412747Z,2018-09-15T17:15:17.410813Z,IW,VV|VH,ascending,15,23712,,L1,"[7.74353, 44.361961, 11.366458, 46.262867]",11,https://stac.dataspace.copernicus.eu/v1/collections/sentinel-1-grd/items/S1A_IW_GRDH_1SDV_20180915T171452_20180915T171517_023712_0295C0_92ED_COG
S1A_IW_GRDH_1SDV_20180919T053510_20180919T053535_023763_029771_0A42_COG,OK,CACHE,0,sentinel-1a,2018-09-19T05:35:10.888504Z,2018-09-19T05:35:35.886167Z,IW,VV|VH,descending,66,23763,,L1,"[6.689652, 45.554241, 10.395274, 47.455708]",11,https://stac.dataspace.copernicus.eu/v1/collections/sentinel-1-grd/items/S1A_IW_GRDH_1SDV_20180919T053510_20180919T053535_023763_029771_0A42_COG
S1A_IW_GRDH_1SDV_20180919T053519_20180919T053544_023763_029771_1278_COG,OK,CACHE,0,sentinel-1a,2018-09-19T05:35:19.498984Z,2018-09-19T05:35:44.496814Z,IW,VV|VH,descending,66,23763,,L1,"[6.530597, 45.037743, 10.228337, 46.946751]",11,https://stac.dataspace.copernicus.eu/v1/collections/sentinel-1-grd/items/S1A_IW_GRDH_1SDV_20180919T053519_20180919T053544_023763_029771_1278_COG
S1A_IW_GRDH_1SDV_20180919T053535_20180919T053600_023763_029771_8D7A_COG,OK,CACHE,0,sentinel-1a,2018-09-19T05:35:35.887656Z,2018-09-19T05:36:00.886816Z,IW,VV|VH,descending,66,23763,,L1,"[6.36332, 44.055046, 9.987434, 45.955494]",11,https://stac.dataspace.copernicus.eu/v1/collections/sentinel-1-grd/items/S1A_IW_GRDH_1SDV_20180919T053535_20180919T053600_023763_029771_8D7A_COG
S1A_IW_GRDH_1SDV_20180919T053544_20180919T053609_023763_029771_7567_COG,OK,CACHE,0,sentinel-1a,2018-09-19T05:35:44.498314Z,2018-09-19T05:36:09.497644Z,IW,VV|VH,descending,66,23763,,L1,"[6.205265, 43.538506, 9.846022, 45.444187]",11,https://stac.dataspace.copernicus.eu/v1/collections/sentinel-1-grd/items/S1A_IW_GRDH_1SDV_20180919T053544_20180919T053609_023763_029771_7567_COG
S1A_IW_GRDH_1SDV_20180920T172258_20180920T172323_023785_029829_238E_COG,OK,CACHE,0,sentinel-1a,2018-09-20T17:22:58.913791Z,2018-09-20T17:23:23.912826Z,IW,VV|VH,ascending,88,23785,,L1,"[5.806415, 43.92205, 9.416961, 45.820805]",11,https://stac.dataspace.copernicus.eu/v1/collections/sentinel-1-grd/items/S1A_IW_GRDH_1SDV_20180920T172258_20180920T172323_023785_029829_238E_COG
S1A_IW_GRDH_1SDV_20180920T172258_20180920T172323_023785_029829_97FE_COG,OK,CACHE,0,sentinel-1a,2018-09-20T17:22:58.913848Z,2018-09-20T17:23:23.912890Z,IW,VV|VH,ascending,88,23785,,L1,"[5.806448, 43.922062, 9.416995, 45.820816]",11,https://stac.dataspace.copernicus.eu/v1/collections/sentinel-1-grd/items/S1A_IW_GRDH_1SDV_20180920T172258_20180920T172323_023785_029829_97FE_COG
S1A_IW_GRDH_1SDV_20180920T172323_20180920T172348_023785_029829_9494_COG,OK,CACHE,0,sentinel-1a,2018-09-20T17:23:23.914323Z,2018-09-20T17:23:48.913359Z,IW,VV|VH,ascending,88,23785,,L1,"[5.359016, 45.420914, 9.087671, 47.317039]",11,https://stac.dataspace.copernicus.eu/v1/collections/sentinel-1-grd/items/S1A_IW_GRDH_1SDV_20180920T172323_20180920T172348_023785_029829_9494_COG
S1A_IW_GRDH_1SDV_20180920T172323_20180920T172348_023785_029829_A013_COG,OK,CACHE,0,sentinel-1a,2018-09-20T17:23:23.914386Z,2018-09-20T17:23:48.913428Z,IW,VV|VH,ascending,88,23785,,L1,"[5.359048, 45.420925, 9.087706, 47.317055]",11,https://stac.dataspace.copernicus.eu/v1/collections/sentinel-1-grd/items/S1A_IW_GRDH_1SDV_20180920T172323_20180920T172348_023785_029829_A013_COG
S1A_IW_GRDH_1SDV_20180926T052706_20180926T052731_023865_029AC2_EE67_COG,OK,CACHE,0,sentinel-1a,2018-09-26T05:27:06.935194Z,2018-09-26T05:27:31.933063Z,IW,VV|VH,descending,168,23865,,L1,"[8.575416, 44.978432, 12.278295, 46.886471]",11,https://stac.dataspace.copernicus.eu/v1/collections/sentinel-1-grd/items/S1A_IW_GRDH_1SDV_20180926T052706_20180926T052731_023865_029AC2_EE67_COG
S1A_IW_GRDH_1SDV_20180926T052717_20180926T052742_023865_029AC2_74D9_COG,OK,CACHE,0,sentinel-1a,2018-09-26T05:27:17.958857Z,2018-09-26T05:27:42.958136Z,IW,VV|VH,descending,168,23865,,L1,"[8.467674, 44.318409, 12.104128, 46.219505]",11,https://stac.dataspace.copernicus.eu/v1/collections/sentinel-1-grd/items/S1A_IW_GRDH_1SDV_20180926T052717_20180926T052742_023865_029AC2_74D9_COG
S1A_IW_GRDH_1SDV_20180926T052731_20180926T052756_023865_029AC2_EF9B_COG,OK,CACHE,0,sentinel-1a,2018-09-26T05:27:31.934590Z,2018-09-26T05:27:56.932459Z,IW,VV|VH,descending,168,23865,,L1,"[8.245506, 43.479897, 11.887298, 45.38485]",11,https://stac.dataspace.copernicus.eu/v1/collections/sentinel-1-grd/items/S1A_IW_GRDH_1SDV_20180926T052731_20180926T052756_023865_029AC2_EF9B_COG
S1A_IW_GRDH_1SDV_20180927T171452_20180927T171517_023887_029B6B_1C2B_COG,OK,CACHE,0,sentinel-1a,2018-09-27T17:14:52.704398Z,2018-09-27T17:15:17.702504Z,IW,VV|VH,ascending,15,23887,,L1,"[7.744459, 44.362049, 11.367488, 46.262932]",11,https://stac.dataspace.copernicus.eu/v1/collections/sentinel-1-grd/items/S1A_IW_GRDH_1SDV_20180927T171452_20180927T171517_023887_029B6B_1C2B_COG
S1A_IW_GRDH_1SDV_20180927T171452_20180927T171517_023887_029B6B_5164_COG,OK,CACHE,0,sentinel-1a,2018-09-27T17:14:52.704367Z,2018-09-27T17:15:17.702469Z,IW,VV|VH,ascending,15,23887,,L1,"[7.74446, 44.362057, 11.36749, 46.262936]",11,https://stac.dataspace.copernicus.eu/v1/collections/sentinel-1-grd/items/S1A_IW_GRDH_1SDV_20180927T171452_20180927T171517_023887_029B6B_5164_COG
S1A_IW_GRDH_1SDV_20190406T052702_20190406T052727_026665_02FE08_616D_COG,OK,CACHE,0,sentinel-1a,2019-04-06T05:27:02.890671Z,2019-04-06T05:27:27.890347Z,IW,VV|VH,descending,168,26665,,L1,"[8.639253, 45.064541, 12.295523, 46.968288]",11,https://stac.dataspace.copernicus.eu/v1/collections/sentinel-1-grd/items/S1A_IW_GRDH_1SDV_20190406T052702_20190406T052727_026665_02FE08_616D_COG
S1A_IW_GRDH_1SDV_20190406T052704_20190406T052729_026665_02FE08_6CDF_COG,OK,CACHE,0,sentinel-1a,2019-04-06T05:27:04.325971Z,2019-04-06T05:27:29.325129Z,IW,VV|VH,descending,168,26665,,L1,"[8.573891, 44.978527, 12.276144, 46.886669]",11,https://stac.dataspace.copernicus.eu/v1/collections/sentinel-1-grd/items/S1A_IW_GRDH_1SDV_20190406T052704_20190406T052729_026665_02FE08_6CDF_COG
S1A_IW_GRDH_1SDV_20190406T052727_20190406T052752_026665_02FE08_99ED_COG,OK,CACHE,0,sentinel-1a,2019-04-06T05:27:27.891832Z,2019-04-06T05:27:52.890009Z,IW,VV|VH,descending,168,26665,,L1,"[8.30837, 43.56596, 11.909588, 45.465923]",11,https://stac.dataspace.copernicus.eu/v1/collections/sentinel-1-grd/items/S1A_IW_GRDH_1SDV_20190406T052727_20190406T052752_026665_02FE08_99ED_COG
S1A_IW_GRDH_1SDV_20190406T052729_20190406T052754_026665_02FE08_76A1_COG,OK,CACHE,0,sentinel-1a,2019-04-06T05:27:29.326628Z,2019-04-06T05:27:54.324287Z,IW,VV|VH,descending,168,26665,,L1,"[8.244109, 43.479992, 11.885658, 45.384892]",11,https://stac.dataspace.copernicus.eu/v1/collections/sentinel-1-grd/items/S1A_IW_GRDH_1SDV_20190406T052729_20190406T052754_026665_02FE08_76A1_COG
S1A_IW_GRDH_1SDV_20190407T171450_20190407T171515_026687_02FECA_0CB0_COG,OK,CACHE,0,sentinel-1a,2019-04-07T17:14:50.097054Z,2019-04-07T17:15:15.095314Z,IW,VV|VH,ascending,15,26687,,L1,"[7.743492, 44.361664, 11.36661, 46.262573]",11,https://stac.dataspace.copernicus.eu/v1/collections/sentinel-1-grd/items/S1A_IW_GRDH_1SDV_20190407T171450_20190407T171515_026687_02FECA_0CB0_COG
S1A_IW_GRDH_1SDV_20190407T171450_20190407T171515_026687_02FECA_F0CA_COG,OK,CACHE,0,sentinel-1a,2019-04-07T17:14:50.097252Z,2019-04-07T17:15:15.095537Z,IW,VV|VH,ascending,15,26687,,L1,"[7.743486, 44.361679, 11.366603, 46.262589]",11,https://stac.dataspace.copernicus.eu/v1/collections/sentinel-1-grd/items/S1A_IW_GRDH_1SDV_20190407T171450_20190407T171515_026687_02FECA_F0CA_COG
S1A_IW_GRDH_1SDV_20190411T053517_20190411T053542_026738_0300AB_08CA_COG,OK,CACHE,0,sentinel-1a,2019-04-11T05:35:17.055386Z,2019-04-11T05:35:42.053169Z,IW,VV|VH,descending,66,26738,,L1,"[6.531267, 45.037903, 10.228911, 46.946896]",11,https://stac.dataspace.copernicus.eu/v1/collections/sentinel-1-grd/items/S1A_IW_GRDH_1SDV_20190411T053517_20190411T053542_026738_0300AB_08CA_COG
S1A_IW_GRDH_1SDV_20190411T053520_20190411T053545_026738_0300AB_7F1A_COG,OK,CACHE,0,sentinel-1a,2019-04-11T05:35:20.878480Z,2019-04-11T05:35:45.876143Z,IW,VV|VH,descending,66,26738,,L1,"[6.525841, 44.80941, 10.16046, 46.712681]",11,https://stac.dataspace.copernicus.eu/v1/collections/sentinel-1-grd/items/S1A_IW_GRDH_1SDV_20190411T053520_20190411T053545_026738_0300AB_7F1A_COG
S1A_IW_GRDH_1SDV_20190411T053542_20190411T053607_026738_0300AB_7C6C_COG,OK,CACHE,0,sentinel-1a,2019-04-11T05:35:42.054640Z,2019-04-11T05:36:07.053921Z,IW,VV|VH,descending,66,26738,,L1,"[6.205938, 43.53867, 9.846575, 45.444332]",11,https://stac.dataspace.copernicus.eu/v1/collections/sentinel-1-grd/items/S1A_IW_GRDH_1SDV_20190411T053542_20190411T053607_026738_0300AB_7C6C_COG
S1A_IW_GRDH_1SDV_20190411T053545_20190411T053610_026738_0300AB_7F4C_COG,OK,CACHE,0,sentinel-1a,2019-04-11T05:35:45.877695Z,2019-04-11T05:36:10.876860Z,IW,VV|VH,descending,66,26738,,L1,"[6.205031, 43.309319, 9.777674, 45.210262]",11,https://stac.dataspace.copernicus.eu/v1/collections/sentinel-1-grd/items/S1A_IW_GRDH_1SDV_20190411T053545_20190411T053610_026738_0300AB_7F4C_COG
S1A_IW_GRDH_1SDV_20190412T172256_20190412T172321_026760_030177_9D83_COG,OK,CACHE,0,sentinel-1a,2019-04-12T17:22:56.532127Z,2019-04-12T17:23:21.529607Z,IW,VV|VH,ascending,88,26760,,L1,"[5.806585, 43.921917, 9.416981, 45.820583]",11,https://stac.dataspace.copernicus.eu/v1/collections/sentinel-1-grd/items/S1A_IW_GRDH_1SDV_20190412T172256_20190412T172321_026760_030177_9D83_COG
S1A_IW_GRDH_1SDV_20190412T172256_20190412T172321_026760_030177_C2AD_COG,OK,CACHE,0,sentinel-1a,2019-04-12T17:22:56.532187Z,2019-04-12T17:23:21.529674Z,IW,VV|VH,ascending,88,26760,,L1,"[5.806627, 43.921932, 9.417024, 45.820602]",11,https://stac.dataspace.copernicus.eu/v1/collections/sentinel-1-grd/items/S1A_IW_GRDH_1SDV_20190412T172256_20190412T172321_026760_030177_C2AD_COG
S1A_IW_GRDH_1SDV_20190412T172321_20190412T172346_026760_030177_2A8B_COG,OK,CACHE,0,sentinel-1a,2019-04-12T17:23:21.531170Z,2019-04-12T17:23:46.530153Z,IW,VV|VH,ascending,88,26760,,L1,"[5.359223, 45.420708, 9.08774, 47.316841]",11,https://stac.dataspace.copernicus.eu/v1/collections/sentinel-1-grd/items/S1A_IW_GRDH_1SDV_20190412T172321_20190412T172346_026760_030177_2A8B_COG
S1A_IW_GRDH_1SDV_20190412T172321_20190412T172346_026760_030177_C2EC_COG,OK,CACHE,0,sentinel-1a,2019-04-12T17:23:21.531104Z,2019-04-12T17:23:46.530080Z,IW,VV|VH,ascending,88,26760,,L1,"[5.359182, 45.420689, 9.087697, 47.316818]",11,https://stac.dataspace.copernicus.eu/v1/collections/sentinel-1-grd/items/S1A_IW_GRDH_1SDV_20190412T172321_20190412T172346_026760_030177_C2EC_COG
S1A_IW_GRDH_1SDV_20190419T171450_20190419T171515_026862_030523_1B32_COG,OK,CACHE,0,sentinel-1a,2019-04-19T17:14:50.570935Z,2019-04-19T17:15:15.568962Z,IW,VV|VH,ascending,15,26862,,L1,"[7.743605, 44.361916, 11.366523, 46.262775]",11,https://stac.dataspace.copernicus.eu/v1/collections/sentinel-1-grd/items/S1A_IW_GRDH_1SDV_20190419T171450_20190419T171515_026862_030523_1B32_COG
S1A_IW_GRDH_1SDV_20190419T171450_20190419T171515_026862_030523_5699_COG,OK,CACHE,0,sentinel-1a,2019-04-19T17:14:50.570762Z,2019-04-19T17:15:15.568768Z,IW,VV|VH,ascending,15,26862,,L1,"[7.743633, 44.361908, 11.366552, 46.262768]",11,https://stac.dataspace.copernicus.eu/v1/collections/sentinel-1-grd/items/S1A_IW_GRDH_1SDV_20190419T171450_20190419T171515_026862_030523_5699_COG
S1A_IW_GRDH_1SDV_20190423T053517_20190423T053542_026913_030702_16F4_COG,OK,CACHE,0,sentinel-1a,2019-04-23T05:35:17.794007Z,2019-04-23T05:35:42.791846Z,IW,VV|VH,descending,66,26913,,L1,"[6.529958, 45.037998, 10.22776, 46.947002]",11,https://stac.dataspace.copernicus.eu/v1/collections/sentinel-1-grd/items/S1A_IW_GRDH_1SDV_20190423T053517_20190423T053542_026913_030702_16F4_COG
S1A_IW_GRDH_1SDV_20190423T053520_20190423T053545_026913_030702_D81A_COG,OK,CACHE,0,sentinel-1a,2019-04-23T05:35:20.948528Z,2019-04-23T05:35:45.947034Z,IW,VV|VH,descending,66,26913,,L1,"[6.535573, 44.849243, 10.166808, 46.753269]",11,https://stac.dataspace.copernicus.eu/v1/collections/sentinel-1-grd/items/S1A_IW_GRDH_1SDV_20190423T053520_20190423T053545_026913_030702_D81A_COG
S1A_IW_GRDH_1SDV_20190423T053542_20190423T053607_026913_030702_3B91_COG,OK,CACHE,0,sentinel-1a,2019-04-23T05:35:42.793345Z,2019-04-23T05:36:07.792683Z,IW,VV|VH,descending,66,26913,,L1,"[6.204503, 43.538761, 9.845397, 45.444454]",11,https://stac.dataspace.copernicus.eu/v1/collections/sentinel-1-grd/items/S1A_IW_GRDH_1SDV_20190423T053542_20190423T053607_026913_030702_3B91_COG
S1A_IW_GRDH_1SDV_20190423T053545_20190423T053610_026913_030702_2144_COG,OK,CACHE,0,sentinel-1a,2019-04-23T05:35:45.948524Z,2019-04-23T05:36:10.947029Z,IW,VV|VH,descending,66,26913,,L1,"[6.212437, 43.349525, 9.789715, 45.250164]",11,https://stac.dataspace.copernicus.eu/v1/collections/sentinel-1-grd/items/S1A_IW_GRDH_1SDV_20190423T053545_20190423T053610_026913_030702_2144_COG
S1A_IW_GRDH_1SDV_20190424T172257_20190424T172322_026935_0307CD_0F0D_COG,OK,CACHE,0,sentinel-1a,2019-04-24T17:22:57.279789Z,2019-04-24T17:23:22.278793Z,IW,VV|VH,ascending,88,26935,,L1,"[5.805126, 43.921829, 9.415556, 45.820602]",11,https://stac.dataspace.copernicus.eu/v1/collections/sentinel-1-grd/items/S1A_IW_GRDH_1SDV_20190424T172257_20190424T172322_026935_0307CD_0F0D_COG
S1A_IW_GRDH_1SDV_20190424T172257_20190424T172322_026935_0307CD_2C57_COG,OK,CACHE,0,sentinel-1a,2019-04-24T17:22:57.281270Z,2019-04-24T17:23:22.278775Z,IW,VV|VH,ascending,88,26935,,L1,"[5.805104, 43.921921, 9.415512, 45.820599]",11,https://stac.dataspace.copernicus.eu/v1/collections/sentinel-1-grd/items/S1A_IW_GRDH_1SDV_20190424T172257_20190424T172322_026935_0307CD_2C57_COG
S1A_IW_GRDH_1SDV_20190424T172322_20190424T172347_026935_0307CD_727B_COG,OK,CACHE,0,sentinel-1a,2019-04-24T17:23:22.280289Z,2019-04-24T17:23:47.279292Z,IW,VV|VH,ascending,88,26935,,L1,"[5.357706, 45.420692, 9.086363, 47.316853]",11,https://stac.dataspace.copernicus.eu/v1/collections/sentinel-1-grd/items/S1A_IW_GRDH_1SDV_20190424T172322_20190424T172347_026935_0307CD_727B_COG
S1A_IW_GRDH_1SDV_20190424T172322_20190424T172347_026935_0307CD_D508_COG,OK,CACHE,0,sentinel-1a,2019-04-24T17:23:22.280272Z,2019-04-24T17:23:47.279273Z,IW,VV|VH,ascending,88,26935,,L1,"[5.357687, 45.420689, 9.08634, 47.316849]",11,https://stac.dataspace.copernicus.eu/v1/collections/sentinel-1-grd/items/S1A_IW_GRDH_1SDV_20190424T172322_20190424T172347_026935_0307CD_D508_COG
S1A_IW_GRDH_1SDV_20190430T052702_20190430T052727_027015_030ABC_B671_COG,OK,CACHE,0,sentinel-1a,2019-04-30T05:27:02.891654Z,2019-04-30T05:27:27.890210Z,IW,VV|VH,descending,168,27015,,L1,"[8.65388, 45.127838, 12.315775, 47.031467]",11,https://stac.dataspace.copernicus.eu/v1/collections/sentinel-1-grd/items/S1A_IW_GRDH_1SDV_20190430T052702_20190430T052727_027015_030ABC_B671_COG
S1A_IW_GRDH_1SDV_20190430T052705_20190430T052730_027015_030ABC_4D0B_COG,OK,CACHE,0,sentinel-1a,2019-04-30T05:27:05.381201Z,2019-04-30T05:27:30.380494Z,IW,VV|VH,descending,168,27015,,L1,"[8.574917, 44.97855, 12.277291, 46.886738]",11,https://stac.dataspace.copernicus.eu/v1/collections/sentinel-1-grd/items/S1A_IW_GRDH_1SDV_20190430T052705_20190430T052730_027015_030ABC_4D0B_COG
S1A_IW_GRDH_1SDV_20190430T052727_20190430T052752_027015_030ABC_75E7_COG,OK,CACHE,0,sentinel-1a,2019-04-30T05:27:27.891708Z,2019-04-30T05:27:52.890264Z,IW,VV|VH,descending,168,27015,,L1,"[8.322929, 43.629261, 11.928246, 45.52932]",11,https://stac.dataspace.copernicus.eu/v1/collections/sentinel-1-grd/items/S1A_IW_GRDH_1SDV_20190430T052727_20190430T052752_027015_030ABC_75E7_COG
S1A_IW_GRDH_1SDV_20190430T052730_20190430T052755_027015_030ABC_30E8_COG,OK,CACHE,0,sentinel-1a,2019-04-30T05:27:30.381994Z,2019-04-30T05:27:55.379788Z,IW,VV|VH,descending,168,27015,,L1,"[8.245106, 43.480019, 11.886672, 45.384975]",11,https://stac.dataspace.copernicus.eu/v1/collections/sentinel-1-grd/items/S1A_IW_GRDH_1SDV_20190430T052730_20190430T052755_027015_030ABC_30E8_COG
S1A_IW_GRDH_1SDV_20190501T171451_20190501T171516_027037_030B82_A471_COG,OK,CACHE,0,sentinel-1a,2019-05-01T17:14:51.179086Z,2019-05-01T17:15:16.177173Z,IW,VV|VH,ascending,15,27037,,L1,"[7.743389, 44.361828, 11.366431, 46.262703]",11,https://stac.dataspace.copernicus.eu/v1/collections/sentinel-1-grd/items/S1A_IW_GRDH_1SDV_20190501T171451_20190501T171516_027037_030B82_A471_COG
S1A_IW_GRDH_1SDV_20190501T171451_20190501T171516_027037_030B82_DA74_COG,OK,CACHE,0,sentinel-1a,2019-05-01T17:14:51.179308Z,2019-05-01T17:15:16.177423Z,IW,VV|VH,ascending,15,27037,,L1,"[7.74334, 44.361839, 11.366383, 46.262718]",11,https://stac.dataspace.copernicus.eu/v1/collections/sentinel-1-grd/items/S1A_IW_GRDH_1SDV_20190501T171451_20190501T171516_027037_030B82_DA74_COG
S1A_IW_GRDH_1SDV_20190505T053518_20190505T053543_027088_030D62_F48E_COG,OK,CACHE,0,sentinel-1a,2019-05-05T05:35:18.135372Z,2019-05-05T05:35:43.134546Z,IW,VV|VH,descending,66,27088,,L1,"[6.528707, 45.038025, 10.226535, 46.947021]",11,https://stac.dataspace.copernicus.eu/v1/collections/sentinel-1-grd/items/S1A_IW_GRDH_1SDV_20190505T053518_20190505T053543_027088_030D62_F48E_COG
S1A_IW_GRDH_1SDV_20190505T053520_20190505T053545_027088_030D62_E2C1_COG,OK,CACHE,0,sentinel-1a,2019-05-05T05:35:20.967478Z,2019-05-05T05:35:45.965880Z,IW,VV|VH,descending,66,27088,,L1,"[6.539358, 44.868572, 10.171417, 46.772583]",11,https://stac.dataspace.copernicus.eu/v1/collections/sentinel-1-grd/items/S1A_IW_GRDH_1SDV_20190505T053520_20190505T053545_027088_030D62_E2C1_COG
S1A_IW_GRDH_1SDV_20190505T053543_20190505T053608_027088_030D62_9CFE_COG,OK,CACHE,0,sentinel-1a,2019-05-05T05:35:43.136046Z,2019-05-05T05:36:08.133721Z,IW,VV|VH,descending,66,27088,,L1,"[6.203486, 43.538872, 9.844164, 45.444378]",11,https://stac.dataspace.copernicus.eu/v1/collections/sentinel-1-grd/items/S1A_IW_GRDH_1SDV_20190505T053543_20190505T053608_027088_030D62_9CFE_COG
S1A_IW_GRDH_1SDV_20190505T053545_20190505T053610_027088_030D62_1578_COG,OK,CACHE,0,sentinel-1a,2019-05-05T05:35:45.967433Z,2019-05-05T05:36:10.965841Z,IW,VV|VH,descending,66,27088,,L1,"[6.215601, 43.368973, 9.794765, 45.269455]",11,https://stac.dataspace.copernicus.eu/v1/collections/sentinel-1-grd/items/S1A_IW_GRDH_1SDV_20190505T053545_20190505T053610_027088_030D62_1578_COG
S1A_IW_GRDH_1SDV_20190506T172257_20190506T172322_027110_030E30_1397_COG,OK,CACHE,0,sentinel-1a,2019-05-06T17:22:57.490824Z,2019-05-06T17:23:22.488436Z,IW,VV|VH,ascending,88,27110,,L1,"[5.807299, 43.921841, 9.417768, 45.820469]",11,https://stac.dataspace.copernicus.eu/v1/collections/sentinel-1-grd/items/S1A_IW_GRDH_1SDV_20190506T172257_20190506T172322_027110_030E30_1397_COG
S1A_IW_GRDH_1SDV_20190506T172257_20190506T172322_027110_030E30_6E25_COG,OK,CACHE,0,sentinel-1a,2019-05-06T17:22:57.490905Z,2019-05-06T17:23:22.488527Z,IW,VV|VH,ascending,88,27110,,L1,"[5.807334, 43.921856, 9.417805, 45.820484]",11,https://stac.dataspace.copernicus.eu/v1/collections/sentinel-1-grd/items/S1A_IW_GRDH_1SDV_20190506T172257_20190506T172322_027110_030E30_6E25_COG
S1A_IW_GRDH_1SDV_20190506T172322_20190506T172347_027110_030E30_0A4E_COG,OK,CACHE,0,sentinel-1a,2019-05-06T17:23:22.490023Z,2019-05-06T17:23:47.489141Z,IW,VV|VH,ascending,88,27110,,L1,"[5.360188, 45.420635, 9.088584, 47.31675]",11,https://stac.dataspace.copernicus.eu/v1/collections/sentinel-1-grd/items/S1A_IW_GRDH_1SDV_20190506T172322_20190506T172347_027110_030E30_0A4E_COG
S1A_IW_GRDH_1SDV_20190506T172322_20190506T172347_027110_030E30_2381_COG,OK,CACHE,0,sentinel-1a,2019-05-06T17:23:22.489933Z,2019-05-06T17:23:47.489042Z,IW,VV|VH,ascending,88,27110,,L1,"[5.360155, 45.42062, 9.088675, 47.316742]",11,https://stac.dataspace.copernicus.eu/v1/collections/sentinel-1-grd/items/S1A_IW_GRDH_1SDV_20190506T172322_20190506T172347_027110_030E30_2381_COG
S1A_IW_GRDH_1SDV_20190512T052702_20190512T052727_027190_0310B1_D790_COG,OK,CACHE,0,sentinel-1a,2019-05-12T05:27:02.988116Z,2019-05-12T05:27:27.986794Z,IW,VV|VH,descending,168,27190,,L1,"[8.658798, 45.139427, 12.322204, 47.043087]",11,https://stac.dataspace.copernicus.eu/v1/collections/sentinel-1-grd/items/S1A_IW_GRDH_1SDV_20190512T052702_20190512T052727_027190_0310B1_D790_COG
S1A_IW_GRDH_1SDV_20190512T052705_20190512T052730_027190_0310B1_5B72_COG,OK,CACHE,0,sentinel-1a,2019-05-12T05:27:05.671586Z,2019-05-12T05:27:30.669528Z,IW,VV|VH,descending,168,27190,,L1,"[8.577237, 44.978619, 12.280471, 46.886745]",11,https://stac.dataspace.copernicus.eu/v1/collections/sentinel-1-grd/items/S1A_IW_GRDH_1SDV_20190512T052705_20190512T052730_027190_0310B1_5B72_COG
S1A_IW_GRDH_1SDV_20190512T052727_20190512T052752_027190_0310B1_F3A5_COG,OK,CACHE,0,sentinel-1a,2019-05-12T05:27:27.988291Z,2019-05-12T05:27:52.986970Z,IW,VV|VH,descending,168,27190,,L1,"[8.32782, 43.64085, 11.93395, 45.540985]",11,https://stac.dataspace.copernicus.eu/v1/collections/sentinel-1-grd/items/S1A_IW_GRDH_1SDV_20190512T052727_20190512T052752_027190_0310B1_F3A5_COG
S1A_IW_GRDH_1SDV_20190512T052730_20190512T052755_027190_0310B1_E472_COG,OK,CACHE,0,sentinel-1a,2019-05-12T05:27:30.671027Z,2019-05-12T05:27:55.668969Z,IW,VV|VH,descending,168,27190,,L1,"[8.247369, 43.480095, 11.889236, 45.385132]",11,https://stac.dataspace.copernicus.eu/v1/collections/sentinel-1-grd/items/S1A_IW_GRDH_1SDV_20190512T052730_20190512T052755_027190_0310B1_E472_COG
S1A_IW_GRDH_1SDV_20190513T171451_20190513T171516_027212_031159_5ED7_COG,OK,CACHE,0,sentinel-1a,2019-05-13T17:14:51.556028Z,2019-05-13T17:15:16.554226Z,IW,VV|VH,ascending,15,27212,,L1,"[7.743138, 44.361732, 11.366363, 46.26268]",11,https://stac.dataspace.copernicus.eu/v1/collections/sentinel-1-grd/items/S1A_IW_GRDH_1SDV_20190513T171451_20190513T171516_027212_031159_5ED7_COG
S1A_IW_GRDH_1SDV_20190513T171451_20190513T171516_027212_031159_5EE3_COG,OK,CACHE,0,sentinel-1a,2019-05-13T17:14:51.555855Z,2019-05-13T17:15:16.554031Z,IW,VV|VH,ascending,15,27212,,L1,"[7.743174, 44.361725, 11.366398, 46.262669]",11,https://stac.dataspace.copernicus.eu/v1/collections/sentinel-1-grd/items/S1A_IW_GRDH_1SDV_20190513T171451_20190513T171516_027212_031159_5EE3_COG
S1A_IW_GRDH_1SDV_20190517T053518_20190517T053543_027263_0312F1_84F0_COG,OK,CACHE,0,sentinel-1a,2019-05-17T05:35:18.752729Z,2019-05-17T05:35:43.750580Z,IW,VV|VH,descending,66,27263,,L1,"[6.529206, 45.038139, 10.227152, 46.947086]",11,https://stac.dataspace.copernicus.eu/v1/collections/sentinel-1-grd/items/S1A_IW_GRDH_1SDV_20190517T053518_20190517T053543_027263_0312F1_84F0_COG
S1A_IW_GRDH_1SDV_20190517T053521_20190517T053546_027263_0312F1_FB36_COG,OK,CACHE,0,sentinel-1a,2019-05-17T05:35:21.031580Z,2019-05-17T05:35:46.030933Z,IW,VV|VH,descending,66,27263,,L1,"[6.548258, 44.901611, 10.181897, 46.805756]",11,https://stac.dataspace.copernicus.eu/v1/collections/sentinel-1-grd/items/S1A_IW_GRDH_1SDV_20190517T053521_20190517T053546_027263_0312F1_FB36_COG
S1A_IW_GRDH_1SDV_20190517T053543_20190517T053608_027263_0312F1_BBCC_COG,OK,CACHE,0,sentinel-1a,2019-05-17T05:35:43.752107Z,2019-05-17T05:36:08.751459Z,IW,VV|VH,descending,66,27263,,L1,"[6.203822, 43.538891, 9.844791, 45.444538]",11,https://stac.dataspace.copernicus.eu/v1/collections/sentinel-1-grd/items/S1A_IW_GRDH_1SDV_20190517T053543_20190517T053608_027263_0312F1_BBCC_COG
S1A_IW_GRDH_1SDV_20190517T053546_20190517T053611_027263_0312F1_C302_COG,OK,CACHE,0,sentinel-1a,2019-05-17T05:35:46.032491Z,2019-05-17T05:36:11.030353Z,IW,VV|VH,descending,66,27263,,L1,"[6.223375, 43.402184, 9.805434, 45.302528]",11,https://stac.dataspace.copernicus.eu/v1/collections/sentinel-1-grd/items/S1A_IW_GRDH_1SDV_20190517T053546_20190517T053611_027263_0312F1_C302_COG
S1A_IW_GRDH_1SDV_20190518T172258_20190518T172323_027285_0313A8_071B_COG,OK,CACHE,0,sentinel-1a,2019-05-18T17:22:58.227161Z,2019-05-18T17:23:23.224814Z,IW,VV|VH,ascending,88,27285,,L1,"[5.806894, 43.921856, 9.417491, 45.820492]",11,https://stac.dataspace.copernicus.eu/v1/collections/sentinel-1-grd/items/S1A_IW_GRDH_1SDV_20190518T172258_20190518T172323_027285_0313A8_071B_COG
S1A_IW_GRDH_1SDV_20190518T172258_20190518T172323_027285_0313A8_AED9_COG,OK,CACHE,0,sentinel-1a,2019-05-18T17:22:58.227097Z,2019-05-18T17:23:23.224742Z,IW,VV|VH,ascending,88,27285,,L1,"[5.806862, 43.92186, 9.417459, 45.820496]",11,https://stac.dataspace.copernicus.eu/v1/collections/sentinel-1-grd/items/S1A_IW_GRDH_1SDV_20190518T172258_20190518T172323_027285_0313A8_AED9_COG
S1A_IW_GRDH_1SDV_20190518T172323_20190518T172348_027285_0313A8_1C26_COG,OK,CACHE,0,sentinel-1a,2019-05-18T17:23:23.226335Z,2019-05-18T17:23:48.225487Z,IW,VV|VH,ascending,88,27285,,L1,"[5.359548, 45.420635, 9.088398, 47.31675]",11,https://stac.dataspace.copernicus.eu/v1/collections/sentinel-1-grd/items/S1A_IW_GRDH_1SDV_20190518T172323_20190518T172348_027285_0313A8_1C26_COG
S1A_IW_GRDH_1SDV_20190518T172323_20190518T172348_027285_0313A8_5620_COG,OK,CACHE,0,sentinel-1a,2019-05-18T17:23:23.226264Z,2019-05-18T17:23:48.225408Z,IW,VV|VH,ascending,88,27285,,L1,"[5.359517, 45.420639, 9.088367, 47.31675]",11,https://stac.dataspace.copernicus.eu/v1/collections/sentinel-1-grd/items/S1A_IW_GRDH_1SDV_20190518T172323_20190518T172348_027285_0313A8_5620_COG
S1A_IW_GRDH_1SDV_20190524T052703_20190524T052728_027365_03162B_C259_COG,OK,CACHE,0,sentinel-1a,2019-05-24T05:27:03.064746Z,2019-05-24T05:27:28.063148Z,IW,VV|VH,descending,168,27365,,L1,"[8.665299, 45.178448, 12.332432, 47.081894]",11,https://stac.dataspace.copernicus.eu/v1/collections/sentinel-1-grd/items/S1A_IW_GRDH_1SDV_20190524T052703_20190524T052728_027365_03162B_C259_COG
S1A_IW_GRDH_1SDV_20190524T052706_20190524T052731_027365_03162B_A2AD_COG,OK,CACHE,0,sentinel-1a,2019-05-24T05:27:06.397691Z,2019-05-24T05:27:31.396989Z,IW,VV|VH,descending,168,27365,,L1,"[8.575469, 44.978569, 12.27839, 46.886726]",11,https://stac.dataspace.copernicus.eu/v1/collections/sentinel-1-grd/items/S1A_IW_GRDH_1SDV_20190524T052706_20190524T052731_027365_03162B_A2AD_COG
S1A_IW_GRDH_1SDV_20190524T052728_20190524T052753_027365_03162B_B2E2_COG,OK,CACHE,0,sentinel-1a,2019-05-24T05:27:28.064591Z,2019-05-24T05:27:53.062987Z,IW,VV|VH,descending,168,27365,,L1,"[8.33452, 43.679882, 11.942851, 45.579941]",11,https://stac.dataspace.copernicus.eu/v1/collections/sentinel-1-grd/items/S1A_IW_GRDH_1SDV_20190524T052728_20190524T052753_027365_03162B_B2E2_COG
S1A_IW_GRDH_1SDV_20190524T052731_20190524T052756_027365_03162B_C369_COG,OK,CACHE,0,sentinel-1a,2019-05-24T05:27:31.398461Z,2019-05-24T05:27:56.396258Z,IW,VV|VH,descending,168,27365,,L1,"[8.245648, 43.480042, 11.887353, 45.385006]",11,https://stac.dataspace.copernicus.eu/v1/collections/sentinel-1-grd/items/S1A_IW_GRDH_1SDV_20190524T052731_20190524T052756_027365_03162B_C369_COG
S1A_IW_GRDH_1SDV_20190525T171452_20190525T171517_027387_0316D0_5286_COG,OK,CACHE,0,sentinel-1a,2019-05-25T17:14:52.220267Z,2019-05-25T17:15:17.218534Z,IW,VV|VH,ascending,15,27387,,L1,"[7.743147, 44.361687, 11.366333, 46.262623]",11,https://stac.dataspace.copernicus.eu/v1/collections/sentinel-1-grd/items/S1A_IW_GRDH_1SDV_20190525T171452_20190525T171517_027387_0316D0_5286_COG
S1A_IW_GRDH_1SDV_20190525T171452_20190525T171517_027387_0316D0_C329_COG,OK,CACHE,0,sentinel-1a,2019-05-25T17:14:52.220267Z,2019-05-25T17:15:17.218535Z,IW,VV|VH,ascending,15,27387,,L1,"[7.74315, 44.361698, 11.366337, 46.262634]",11,https://stac.dataspace.copernicus.eu/v1/collections/sentinel-1-grd/items/S1A_IW_GRDH_1SDV_20190525T171452_20190525T171517_027387_0316D0_C329_COG
S1A_IW_GRDH_1SDV_20190529T053519_20190529T053544_027438_031868_E82C_COG,OK,CACHE,0,sentinel-1a,2019-05-29T05:35:19.260792Z,2019-05-29T05:35:44.258490Z,IW,VV|VH,descending,66,27438,,L1,"[6.529391, 45.037949, 10.227075, 46.946877]",11,https://stac.dataspace.copernicus.eu/v1/collections/sentinel-1-grd/items/S1A_IW_GRDH_1SDV_20190529T053519_20190529T053544_027438_031868_E82C_COG
S1A_IW_GRDH_1SDV_20190529T053520_20190529T053545_027438_031868_5020_COG,OK,CACHE,0,sentinel-1a,2019-05-29T05:35:20.725461Z,2019-05-29T05:35:45.724151Z,IW,VV|VH,descending,66,27438,,L1,"[6.559473, 44.950306, 10.196239, 46.854313]",11,https://stac.dataspace.copernicus.eu/v1/collections/sentinel-1-grd/items/S1A_IW_GRDH_1SDV_20190529T053520_20190529T053545_027438_031868_5020_COG
S1A_IW_GRDH_1SDV_20190529T053544_20190529T053609_027438_031868_2D24_COG,OK,CACHE,0,sentinel-1a,2019-05-29T05:35:44.259989Z,2019-05-29T05:36:09.259186Z,IW,VV|VH,descending,66,27438,,L1,"[6.203994, 43.538704, 9.844712, 45.444328]",11,https://stac.dataspace.copernicus.eu/v1/collections/sentinel-1-grd/items/S1A_IW_GRDH_1SDV_20190529T053544_20190529T053609_027438_031868_2D24_COG
S1A_IW_GRDH_1SDV_20190529T053545_20190529T053610_027438_031868_F667_COG,OK,CACHE,0,sentinel-1a,2019-05-29T05:35:45.725648Z,2019-05-29T05:36:10.724338Z,IW,VV|VH,descending,66,27438,,L1,"[6.234188, 43.450874, 9.819128, 45.351181]",11,https://stac.dataspace.copernicus.eu/v1/collections/sentinel-1-grd/items/S1A_IW_GRDH_1SDV_20190529T053545_20190529T053610_027438_031868_F667_COG
S1A_IW_GRDH_1SDV_20190530T172258_20190530T172323_027460_03191D_46A7_COG,OK,CACHE,0,sentinel-1a,2019-05-30T17:22:58.733322Z,2019-05-30T17:23:23.732347Z,IW,VV|VH,ascending,88,27460,,L1,"[5.806331, 43.921894, 9.416736, 45.820637]",11,https://stac.dataspace.copernicus.eu/v1/collections/sentinel-1-grd/items/S1A_IW_GRDH_1SDV_20190530T172258_20190530T172323_027460_03191D_46A7_COG
S1A_IW_GRDH_1SDV_20190530T172258_20190530T172323_027460_03191D_C7F0_COG,OK,CACHE,0,sentinel-1a,2019-05-30T17:22:58.733154Z,2019-05-30T17:23:23.732160Z,IW,VV|VH,ascending,88,27460,,L1,"[5.806298, 43.921886, 9.416702, 45.820625]",11,https://stac.dataspace.copernicus.eu/v1/collections/sentinel-1-grd/items/S1A_IW_GRDH_1SDV_20190530T172258_20190530T172323_027460_03191D_C7F0_COG
S1A_IW_GRDH_1SDV_20190530T172323_20190530T172348_027460_03191D_8714_COG,OK,CACHE,0,sentinel-1a,2019-05-30T17:23:23.733656Z,2019-05-30T17:23:48.732662Z,IW,VV|VH,ascending,88,27460,,L1,"[5.358917, 45.42075, 9.087545, 47.316879]",11,https://stac.dataspace.copernicus.eu/v1/collections/sentinel-1-grd/items/S1A_IW_GRDH_1SDV_20190530T172323_20190530T172348_027460_03191D_8714_COG
S1A_IW_GRDH_1SDV_20190530T172323_20190530T172348_027460_03191D_D756_COG,OK,CACHE,0,sentinel-1a,2019-05-30T17:23:23.733843Z,2019-05-30T17:23:48.732868Z,IW,VV|VH,ascending,88,27460,,L1,"[5.358947, 45.420761, 9.087579, 47.316891]",11,https://stac.dataspace.copernicus.eu/v1/collections/sentinel-1-grd/items/S1A_IW_GRDH_1SDV_20190530T172323_20190530T172348_027460_03191D_D756_COG
S1A_IW_GRDH_1SDV_20190605T052701_20190605T052726_027540_031B94_31F7_COG,OK,CACHE,0,sentinel-1a,2019-06-05T05:27:01.892938Z,2019-06-05T05:27:26.892159Z,IW,VV|VH,descending,168,27540,,L1,"[8.687621, 45.280857, 12.359517, 47.184452]",11,https://stac.dataspace.copernicus.eu/v1/collections/sentinel-1-grd/items/S1A_IW_GRDH_1SDV_20190605T052701_20190605T052726_027540_031B94_31F7_COG
S1A_IW_GRDH_1SDV_20190605T052706_20190605T052731_027540_031B94_C74F_COG,OK,CACHE,0,sentinel-1a,2019-06-05T05:27:06.935851Z,2019-06-05T05:27:31.935084Z,IW,VV|VH,descending,168,27540,,L1,"[8.575167, 44.97847, 12.277551, 46.88662]",11,https://stac.dataspace.copernicus.eu/v1/collections/sentinel-1-grd/items/S1A_IW_GRDH_1SDV_20190605T052706_20190605T052731_027540_031B94_C74F_COG
S1A_IW_GRDH_1SDV_20190605T052726_20190605T052751_027540_031B94_2F81_COG,OK,CACHE,0,sentinel-1a,2019-06-05T05:27:26.893696Z,2019-06-05T05:27:51.891423Z,IW,VV|VH,descending,168,27540,,L1,"[8.354426, 43.782589, 11.970638, 45.682262]",11,https://stac.dataspace.copernicus.eu/v1/collections/sentinel-1-grd/items/S1A_IW_GRDH_1SDV_20190605T052726_20190605T052751_027540_031B94_2F81_COG
S1A_IW_GRDH_1SDV_20190605T052731_20190605T052756_027540_031B94_F64C_COG,OK,CACHE,0,sentinel-1a,2019-06-05T05:27:31.936584Z,2019-06-05T05:27:56.934318Z,IW,VV|VH,descending,168,27540,,L1,"[8.245256, 43.479935, 11.886926, 45.384872]",11,https://stac.dataspace.copernicus.eu/v1/collections/sentinel-1-grd/items/S1A_IW_GRDH_1SDV_20190605T052731_20190605T052756_027540_031B94_F64C_COG
S1A_IW_GRDH_1SDV_20190606T171452_20190606T171517_027562_031C3A_044B_COG,OK,CACHE,0,sentinel-1a,2019-06-06T17:14:52.766669Z,2019-06-06T17:15:17.766324Z,IW,VV|VH,ascending,15,27562,,L1,"[7.744091, 44.361782, 11.367149, 46.262772]",11,https://stac.dataspace.copernicus.eu/v1/collections/sentinel-1-grd/items/S1A_IW_GRDH_1SDV_20190606T171452_20190606T171517_027562_031C3A_044B_COG
S1A_IW_GRDH_1SDV_20190606T171452_20190606T171517_027562_031C3A_EE42_COG,OK,CACHE,0,sentinel-1a,2019-06-06T17:14:52.766490Z,2019-06-06T17:15:17.766123Z,IW,VV|VH,ascending,15,27562,,L1,"[7.74409, 44.361755, 11.367148, 46.262749]",11,https://stac.dataspace.copernicus.eu/v1/collections/sentinel-1-grd/items/S1A_IW_GRDH_1SDV_20190606T171452_20190606T171517_027562_031C3A_EE42_COG
S1A_IW_GRDH_1SDV_20190610T053519_20190610T053544_027613_031DC6_9840_COG,OK,CACHE,0,sentinel-1a,2019-06-10T05:35:19.824397Z,2019-06-10T05:35:44.822077Z,IW,VV|VH,descending,66,27613,,L1,"[6.531132, 45.037842, 10.228823, 46.946819]",11,https://stac.dataspace.copernicus.eu/v1/collections/sentinel-1-grd/items/S1A_IW_GRDH_1SDV_20190610T053519_20190610T053544_027613_031DC6_9840_COG
S1A_IW_GRDH_1SDV_20190610T053520_20190610T053545_027613_031DC6_316F_COG,OK,CACHE,0,sentinel-1a,2019-06-10T05:35:20.006188Z,2019-06-10T05:35:45.005246Z,IW,VV|VH,descending,66,27613,,L1,"[6.579216, 45.026905, 10.225441, 46.930634]",11,https://stac.dataspace.copernicus.eu/v1/collections/sentinel-1-grd/items/S1A_IW_GRDH_1SDV_20190610T053520_20190610T053545_027613_031DC6_316F_COG
S1A_IW_GRDH_1SDV_20190610T053544_20190610T053609_027613_031DC6_D958_COG,OK,CACHE,0,sentinel-1a,2019-06-10T05:35:44.823604Z,2019-06-10T05:36:09.822785Z,IW,VV|VH,descending,66,27613,,L1,"[6.205675, 43.538601, 9.846437, 45.444267]",11,https://stac.dataspace.copernicus.eu/v1/collections/sentinel-1-grd/items/S1A_IW_GRDH_1SDV_20190610T053544_20190610T053609_027613_031DC6_D958_COG
S1A_IW_GRDH_1SDV_20190610T053545_20190610T053610_027613_031DC6_AD94_COG,OK,CACHE,0,sentinel-1a,2019-06-10T05:35:45.006861Z,2019-06-10T05:36:10.004433Z,IW,VV|VH,descending,66,27613,,L1,"[6.252601, 43.52776, 9.84348, 45.427891]",11,https://stac.dataspace.copernicus.eu/v1/collections/sentinel-1-grd/items/S1A_IW_GRDH_1SDV_20190610T053545_20190610T053610_027613_031DC6_AD94_COG
S1A_IW_GRDH_1SDV_20190611T172259_20190611T172324_027635_031E78_5EF8_COG,OK,CACHE,0,sentinel-1a,2019-06-11T17:22:59.225312Z,2019-06-11T17:23:24.222942Z,IW,VV|VH,ascending,88,27635,,L1,"[5.807072, 43.921833, 9.417576, 45.820518]",11,https://stac.dataspace.copernicus.eu/v1/collections/sentinel-1-grd/items/S1A_IW_GRDH_1SDV_20190611T172259_20190611T172324_027635_031E78_5EF8_COG
S1A_IW_GRDH_1SDV_20190611T172259_20190611T172324_027635_031E78_7D7D_COG,OK,CACHE,0,sentinel-1a,2019-06-11T17:22:59.225134Z,2019-06-11T17:23:24.222745Z,IW,VV|VH,ascending,88,27635,,L1,"[5.807044, 43.921822, 9.417545, 45.820503]",11,https://stac.dataspace.copernicus.eu/v1/collections/sentinel-1-grd/items/S1A_IW_GRDH_1SDV_20190611T172259_20190611T172324_027635_031E78_7D7D_COG
S1A_IW_GRDH_1SDV_20190611T172324_20190611T172349_027635_031E78_293F_COG,OK,CACHE,0,sentinel-1a,2019-06-11T17:23:24.224439Z,2019-06-11T17:23:49.223565Z,IW,VV|VH,ascending,88,27635,,L1,"[5.359686, 45.420612, 9.088308, 47.316757]",11,https://stac.dataspace.copernicus.eu/v1/collections/sentinel-1-grd/items/S1A_IW_GRDH_1SDV_20190611T172324_20190611T172349_027635_031E78_293F_COG
S1A_IW_GRDH_1SDV_20190611T172324_20190611T172349_027635_031E78_74BA_COG,OK,CACHE,0,sentinel-1a,2019-06-11T17:23:24.224241Z,2019-06-11T17:23:49.223348Z,IW,VV|VH,ascending,88,27635,,L1,"[5.359661, 45.420597, 9.088279, 47.316742]",11,https://stac.dataspace.copernicus.eu/v1/collections/sentinel-1-grd/items/S1A_IW_GRDH_1SDV_20190611T172324_20190611T172349_027635_031E78_74BA_COG
S1A_IW_GRDH_1SDV_20190617T052703_20190617T052728_027715_0320DB_9C1D_COG,OK,CACHE,0,sentinel-1a,2019-06-17T05:27:03.015247Z,2019-06-17T05:27:28.013877Z,IW,VV|VH,descending,168,27715,,L1,"[8.680825, 45.249043, 12.352883, 47.152378]",11,https://stac.dataspace.copernicus.eu/v1/collections/sentinel-1-grd/items/S1A_IW_GRDH_1SDV_20190617T052703_20190617T052728_027715_0320DB_9C1D_COG
S1A_IW_GRDH_1SDV_20190617T052707_20190617T052732_027715_0320DB_155C_COG,OK,CACHE,0,sentinel-1a,2019-06-17T05:27:07.527633Z,2019-06-17T05:27:32.526877Z,IW,VV|VH,descending,168,27715,,L1,"[8.575667, 44.978436, 12.278275, 46.886528]",11,https://stac.dataspace.copernicus.eu/v1/collections/sentinel-1-grd/items/S1A_IW_GRDH_1SDV_20190617T052707_20190617T052732_027715_0320DB_155C_COG
S1A_IW_GRDH_1SDV_20190617T052728_20190617T052753_027715_0320DB_1415_COG,OK,CACHE,0,sentinel-1a,2019-06-17T05:27:28.015362Z,2019-06-17T05:27:53.013991Z,IW,VV|VH,descending,168,27715,,L1,"[8.349987, 43.750477, 11.962337, 45.650471]",11,https://stac.dataspace.copernicus.eu/v1/collections/sentinel-1-grd/items/S1A_IW_GRDH_1SDV_20190617T052728_20190617T052753_027715_0320DB_1415_COG
S1A_IW_GRDH_1SDV_20190617T052732_20190617T052757_027715_0320DB_AAA2_COG,OK,CACHE,0,sentinel-1a,2019-06-17T05:27:32.528349Z,2019-06-17T05:27:57.526092Z,IW,VV|VH,descending,168,27715,,L1,"[8.245772, 43.4799, 11.8873, 45.384815]",11,https://stac.dataspace.copernicus.eu/v1/collections/sentinel-1-grd/items/S1A_IW_GRDH_1SDV_20190617T052732_20190617T052757_027715_0320DB_AAA2_COG
S1A_IW_GRDH_1SDV_20190618T171453_20190618T171518_027737_032180_23B2_COG,OK,CACHE,0,sentinel-1a,2019-06-18T17:14:53.428423Z,2019-06-18T17:15:18.426482Z,IW,VV|VH,ascending,15,27737,,L1,"[7.74503, 44.361908, 11.36794, 46.26276]",11,https://stac.dataspace.copernicus.eu/v1/collections/sentinel-1-grd/items/S1A_IW_GRDH_1SDV_20190618T171453_20190618T171518_027737_032180_23B2_COG
S1A_IW_GRDH_1SDV_20190618T171453_20190618T171518_027737_032180_5AED_COG,OK,CACHE,0,sentinel-1a,2019-06-18T17:14:53.428632Z,2019-06-18T17:15:18.426717Z,IW,VV|VH,ascending,15,27737,,L1,"[7.74501, 44.361931, 11.367919, 46.262783]",11,https://stac.dataspace.copernicus.eu/v1/collections/sentinel-1-grd/items/S1A_IW_GRDH_1SDV_20190618T171453_20190618T171518_027737_032180_5AED_COG
S1A_IW_GRDH_1SDV_20190622T053520_20190622T053545_027788_032303_6BD5_COG,OK,CACHE,0,sentinel-1a,2019-06-22T05:35:20.628854Z,2019-06-22T05:35:45.628157Z,IW,VV|VH,descending,66,27788,,L1,"[6.531152, 45.037838, 10.228865, 46.946903]",11,https://stac.dataspace.copernicus.eu/v1/collections/sentinel-1-grd/items/S1A_IW_GRDH_1SDV_20190622T053520_20190622T053545_027788_032303_6BD5_COG
S1A_IW_GRDH_1SDV_20190622T053521_20190622T053546_027788_032303_6F2B_COG,OK,CACHE,0,sentinel-1a,2019-06-22T05:35:21.029046Z,2019-06-22T05:35:46.028443Z,IW,VV|VH,descending,66,27788,,L1,"[6.576119, 45.013836, 10.220614, 46.917641]",11,https://stac.dataspace.copernicus.eu/v1/collections/sentinel-1-grd/items/S1A_IW_GRDH_1SDV_20190622T053521_20190622T053546_027788_032303_6F2B_COG
S1A_IW_GRDH_1SDV_20190622T053545_20190622T053610_027788_032303_D751_COG,OK,CACHE,0,sentinel-1a,2019-06-22T05:35:45.629684Z,2019-06-22T05:36:10.627490Z,IW,VV|VH,descending,66,27788,,L1,"[6.205727, 43.538689, 9.846457, 45.444267]",11,https://stac.dataspace.copernicus.eu/v1/collections/sentinel-1-grd/items/S1A_IW_GRDH_1SDV_20190622T053545_20190622T053610_027788_032303_D751_COG
S1A_IW_GRDH_1SDV_20190622T053546_20190622T053611_027788_032303_D3A3_COG,OK,CACHE,0,sentinel-1a,2019-06-22T05:35:46.028548Z,2019-06-22T05:36:11.027955Z,IW,VV|VH,descending,66,27788,,L1,"[6.249606, 43.514656, 9.839736, 45.414913]",11,https://stac.dataspace.copernicus.eu/v1/collections/sentinel-1-grd/items/S1A_IW_GRDH_1SDV_20190622T053546_20190622T053611_027788_032303_D3A3_COG
S1A_IW_GRDH_1SDV_20190623T172300_20190623T172325_027810_0323B0_9E25_COG,OK,CACHE,0,sentinel-1a,2019-06-23T17:23:00.099375Z,2019-06-23T17:23:25.096843Z,IW,VV|VH,ascending,88,27810,,L1,"[5.806824, 43.922024, 9.417226, 45.82069]",11,https://stac.dataspace.copernicus.eu/v1/collections/sentinel-1-grd/items/S1A_IW_GRDH_1SDV_20190623T172300_20190623T172325_027810_0323B0_9E25_COG
S1A_IW_GRDH_1SDV_20190623T172300_20190623T172325_027810_0323B0_C6AE_COG,OK,CACHE,0,sentinel-1a,2019-06-23T17:23:00.099453Z,2019-06-23T17:23:25.096930Z,IW,VV|VH,ascending,88,27810,,L1,"[5.806809, 43.922039, 9.417212, 45.820705]",11,https://stac.dataspace.copernicus.eu/v1/collections/sentinel-1-grd/items/S1A_IW_GRDH_1SDV_20190623T172300_20190623T172325_027810_0323B0_C6AE_COG
S1A_IW_GRDH_1SDV_20190623T172325_20190623T172350_027810_0323B0_1DB0_COG,OK,CACHE,0,sentinel-1a,2019-06-23T17:23:25.098426Z,2019-06-23T17:23:50.097399Z,IW,VV|VH,ascending,88,27810,,L1,"[5.35941, 45.420811, 9.088056, 47.316956]",11,https://stac.dataspace.copernicus.eu/v1/collections/sentinel-1-grd/items/S1A_IW_GRDH_1SDV_20190623T172325_20190623T172350_027810_0323B0_1DB0_COG
S1A_IW_GRDH_1SDV_20190623T172325_20190623T172350_027810_0323B0_4052_COG,OK,CACHE,0,sentinel-1a,2019-06-23T17:23:25.098340Z,2019-06-23T17:23:50.097304Z,IW,VV|VH,ascending,88,27810,,L1,"[5.359424, 45.420795, 9.08807, 47.31694]",11,https://stac.dataspace.copernicus.eu/v1/collections/sentinel-1-grd/items/S1A_IW_GRDH_1SDV_20190623T172325_20190623T172350_027810_0323B0_4052_COG
S1A_IW_GRDH_1SDV_20190629T052702_20190629T052727_027890_032617_F1E9_COG,OK,CACHE,0,sentinel-1a,2019-06-29T05:27:02.883689Z,2019-06-29T05:27:27.881477Z,IW,VV|VH,descending,168,27890,,L1,"[8.693349, 45.305809, 12.363841, 47.209499]",11,https://stac.dataspace.copernicus.eu/v1/collections/sentinel-1-grd/items/S1A_IW_GRDH_1SDV_20190629T052702_20190629T052727_027890_032617_F1E9_COG
S1A_IW_GRDH_1SDV_20190629T052708_20190629T052733_027890_032617_BC30_COG,OK,CACHE,0,sentinel-1a,2019-06-29T05:27:08.342246Z,2019-06-29T05:27:33.339944Z,IW,VV|VH,descending,168,27890,,L1,"[8.575707, 44.978508, 12.278434, 46.886551]",11,https://stac.dataspace.copernicus.eu/v1/collections/sentinel-1-grd/items/S1A_IW_GRDH_1SDV_20190629T052708_20190629T052733_027890_032617_BC30_COG
S1A_IW_GRDH_1SDV_20190629T052727_20190629T052752_027890_032617_D7BC_COG,OK,CACHE,0,sentinel-1a,2019-06-29T05:27:27.882933Z,2019-06-29T05:27:52.882215Z,IW,VV|VH,descending,168,27890,,L1,"[8.358814, 43.807793, 11.977829, 45.707226]",11,https://stac.dataspace.copernicus.eu/v1/collections/sentinel-1-grd/items/S1A_IW_GRDH_1SDV_20190629T052727_20190629T052752_027890_032617_D7BC_COG
S1A_IW_GRDH_1SDV_20190629T052733_20190629T052758_027890_032617_E24A_COG,OK,CACHE,0,sentinel-1a,2019-06-29T05:27:33.341443Z,2019-06-29T05:27:58.340641Z,IW,VV|VH,descending,168,27890,,L1,"[8.245893, 43.479889, 11.887463, 45.384922]",11,https://stac.dataspace.copernicus.eu/v1/collections/sentinel-1-grd/items/S1A_IW_GRDH_1SDV_20190629T052733_20190629T052758_027890_032617_E24A_COG
S1A_IW_GRDH_1SDV_20190630T171454_20190630T171519_027912_0326BA_2DF9_COG,OK,CACHE,0,sentinel-1a,2019-06-30T17:14:54.236727Z,2019-06-30T17:15:19.235864Z,IW,VV|VH,ascending,15,27912,,L1,"[7.744449, 44.361893, 11.367373, 46.26281]",11,https://stac.dataspace.copernicus.eu/v1/collections/sentinel-1-grd/items/S1A_IW_GRDH_1SDV_20190630T171454_20190630T171519_027912_0326BA_2DF9_COG
S1A_IW_GRDH_1SDV_20190630T171454_20190630T171519_027912_0326BA_C7EF_COG,OK,CACHE,0,sentinel-1a,2019-06-30T17:14:54.236526Z,2019-06-30T17:15:19.235638Z,IW,VV|VH,ascending,15,27912,,L1,"[7.744407, 44.361889, 11.367334, 46.262806]",11,https://stac.dataspace.copernicus.eu/v1/collections/sentinel-1-grd/items/S1A_IW_GRDH_1SDV_20190630T171454_20190630T171519_027912_0326BA_C7EF_COG
S1A_IW_GRDH_1SDV_20190704T053521_20190704T053546_027963_03284A_9066_COG,OK,CACHE,0,sentinel-1a,2019-07-04T05:35:21.880948Z,2019-07-04T05:35:46.878438Z,IW,VV|VH,descending,66,27963,,L1,"[6.573868, 45.009972, 10.217592, 46.913616]",11,https://stac.dataspace.copernicus.eu/v1/collections/sentinel-1-grd/items/S1A_IW_GRDH_1SDV_20190704T053521_20190704T053546_027963_03284A_9066_COG
S1A_IW_GRDH_1SDV_20190704T053521_20190704T053546_027963_03284A_BD71_COG,OK,CACHE,0,sentinel-1a,2019-07-04T05:35:21.413735Z,2019-07-04T05:35:46.412718Z,IW,VV|VH,descending,66,27963,,L1,"[6.529658, 45.037899, 10.227341, 46.946888]",11,https://stac.dataspace.copernicus.eu/v1/collections/sentinel-1-grd/items/S1A_IW_GRDH_1SDV_20190704T053521_20190704T053546_027963_03284A_BD71_COG
S1A_IW_GRDH_1SDV_20190704T053546_20190704T053611_027963_03284A_29D5_COG,OK,CACHE,0,sentinel-1a,2019-07-04T05:35:46.880072Z,2019-07-04T05:36:11.879074Z,IW,VV|VH,descending,66,27963,,L1,"[6.24741, 43.510708, 9.837111, 45.410881]",11,https://stac.dataspace.copernicus.eu/v1/collections/sentinel-1-grd/items/S1A_IW_GRDH_1SDV_20190704T053546_20190704T053611_027963_03284A_29D5_COG
S1A_IW_GRDH_1SDV_20190704T053546_20190704T053611_027963_03284A_A315_COG,OK,CACHE,0,sentinel-1a,2019-07-04T05:35:46.414218Z,2019-07-04T05:36:11.413201Z,IW,VV|VH,descending,66,27963,,L1,"[6.204287, 43.538666, 9.844979, 45.444263]",11,https://stac.dataspace.copernicus.eu/v1/collections/sentinel-1-grd/items/S1A_IW_GRDH_1SDV_20190704T053546_20190704T053611_027963_03284A_A315_COG
S1A_IW_GRDH_1SDV_20190705T172300_20190705T172325_027985_0328F9_70FE_COG,OK,CACHE,0,sentinel-1a,2019-07-05T17:23:00.870876Z,2019-07-05T17:23:25.870227Z,IW,VV|VH,ascending,88,27985,,L1,"[5.807128, 43.921879, 9.417646, 45.820637]",11,https://stac.dataspace.copernicus.eu/v1/collections/sentinel-1-grd/items/S1A_IW_GRDH_1SDV_20190705T172300_20190705T172325_027985_0328F9_70FE_COG
S1A_IW_GRDH_1SDV_20190705T172300_20190705T172325_027985_0328F9_E730_COG,OK,CACHE,0,sentinel-1a,2019-07-05T17:23:00.872147Z,2019-07-05T17:23:25.869975Z,IW,VV|VH,ascending,88,27985,,L1,"[5.807116, 43.921951, 9.417612, 45.820618]",11,https://stac.dataspace.copernicus.eu/v1/collections/sentinel-1-grd/items/S1A_IW_GRDH_1SDV_20190705T172300_20190705T172325_027985_0328F9_E730_COG
S1A_IW_GRDH_1SDV_20190705T172325_20190705T172350_027985_0328F9_7D3B_COG,OK,CACHE,0,sentinel-1a,2019-07-05T17:23:25.871724Z,2019-07-05T17:23:50.869578Z,IW,VV|VH,ascending,88,27985,,L1,"[5.359787, 45.420765, 9.08838, 47.316807]",11,https://stac.dataspace.copernicus.eu/v1/collections/sentinel-1-grd/items/S1A_IW_GRDH_1SDV_20190705T172325_20190705T172350_027985_0328F9_7D3B_COG
S1A_IW_GRDH_1SDV_20190705T172325_20190705T172350_027985_0328F9_F980_COG,OK,CACHE,0,sentinel-1a,2019-07-05T17:23:25.871473Z,2019-07-05T17:23:50.869301Z,IW,VV|VH,ascending,88,27985,,L1,"[5.359777, 45.420742, 9.088366, 47.316784]",11,https://stac.dataspace.copernicus.eu/v1/collections/sentinel-1-grd/items/S1A_IW_GRDH_1SDV_20190705T172325_20190705T172350_027985_0328F9_F980_COG
S1A_IW_GRDH_1SDV_20190711T052703_20190711T052728_028065_032B64_62BD_COG,OK,CACHE,0,sentinel-1a,2019-07-11T05:27:03.925758Z,2019-07-11T05:27:28.923568Z,IW,VV|VH,descending,168,28065,,L1,"[8.689565, 45.282112, 12.361495, 47.185699]",11,https://stac.dataspace.copernicus.eu/v1/collections/sentinel-1-grd/items/S1A_IW_GRDH_1SDV_20190711T052703_20190711T052728_028065_032B64_62BD_COG
S1A_IW_GRDH_1SDV_20190711T052708_20190711T052733_028065_032B64_6C61_COG,OK,CACHE,0,sentinel-1a,2019-07-11T05:27:08.990295Z,2019-07-11T05:27:33.989511Z,IW,VV|VH,descending,168,28065,,L1,"[8.576911, 44.978378, 12.279882, 46.886528]",11,https://stac.dataspace.copernicus.eu/v1/collections/sentinel-1-grd/items/S1A_IW_GRDH_1SDV_20190711T052708_20190711T052733_028065_032B64_6C61_COG
S1A_IW_GRDH_1SDV_20190711T052728_20190711T052753_028065_032B64_58A3_COG,OK,CACHE,0,sentinel-1a,2019-07-11T05:27:28.925035Z,2019-07-11T05:27:53.924340Z,IW,VV|VH,descending,168,28065,,L1,"[8.35632, 43.783787, 11.972759, 45.683582]",11,https://stac.dataspace.copernicus.eu/v1/collections/sentinel-1-grd/items/S1A_IW_GRDH_1SDV_20190711T052728_20190711T052753_028065_032B64_58A3_COG
S1A_IW_GRDH_1SDV_20190711T052733_20190711T052758_028065_032B64_9CDA_COG,OK,CACHE,0,sentinel-1a,2019-07-11T05:27:33.991011Z,2019-07-11T05:27:58.988727Z,IW,VV|VH,descending,168,28065,,L1,"[8.24708, 43.479858, 11.888651, 45.38483]",11,https://stac.dataspace.copernicus.eu/v1/collections/sentinel-1-grd/items/S1A_IW_GRDH_1SDV_20190711T052733_20190711T052758_028065_032B64_9CDA_COG
S1A_IW_GRDH_1SDV_20190712T171454_20190712T171519_028087_032C08_2061_COG,OK,CACHE,0,sentinel-1a,2019-07-12T17:14:54.924087Z,2019-07-12T17:15:19.923178Z,IW,VV|VH,ascending,15,28087,,L1,"[7.744294, 44.361904, 11.367239, 46.262848]",11,https://stac.dataspace.copernicus.eu/v1/collections/sentinel-1-grd/items/S1A_IW_GRDH_1SDV_20190712T171454_20190712T171519_028087_032C08_2061_COG
S1A_IW_GRDH_1SDV_20190712T171454_20190712T171519_028087_032C08_E558_COG,OK,CACHE,0,sentinel-1a,2019-07-12T17:14:54.923875Z,2019-07-12T17:15:19.922939Z,IW,VV|VH,ascending,15,28087,,L1,"[7.744267, 44.361893, 11.367213, 46.26284]",11,https://stac.dataspace.copernicus.eu/v1/collections/sentinel-1-grd/items/S1A_IW_GRDH_1SDV_20190712T171454_20190712T171519_028087_032C08_E558_COG
S1A_IW_GRDH_1SDV_20190716T053521_20190716T053546_028138_032D98_D0BB_COG,OK,CACHE,0,sentinel-1a,2019-07-16T05:35:21.897434Z,2019-07-16T05:35:46.895682Z,IW,VV|VH,descending,66,28138,,L1,"[6.583919, 45.055149, 10.23385, 46.958687]",11,https://stac.dataspace.copernicus.eu/v1/collections/sentinel-1-grd/items/S1A_IW_GRDH_1SDV_20190716T053521_20190716T053546_028138_032D98_D0BB_COG
S1A_IW_GRDH_1SDV_20190716T053522_20190716T053547_028138_032D98_0CF4_COG,OK,CACHE,0,sentinel-1a,2019-07-16T05:35:22.186308Z,2019-07-16T05:35:47.183834Z,IW,VV|VH,descending,66,28138,,L1,"[6.52973, 45.037907, 10.227386, 46.946815]",11,https://stac.dataspace.copernicus.eu/v1/collections/sentinel-1-grd/items/S1A_IW_GRDH_1SDV_20190716T053522_20190716T053547_028138_032D98_0CF4_COG
S1A_IW_GRDH_1SDV_20190716T053546_20190716T053611_028138_032D98_3384_COG,OK,CACHE,0,sentinel-1a,2019-07-16T05:35:46.897172Z,2019-07-16T05:36:11.895419Z,IW,VV|VH,descending,66,28138,,L1,"[6.257182, 43.556004, 9.850032, 45.456116]",11,https://stac.dataspace.copernicus.eu/v1/collections/sentinel-1-grd/items/S1A_IW_GRDH_1SDV_20190716T053546_20190716T053611_028138_032D98_3384_COG
S1A_IW_GRDH_1SDV_20190716T053547_20190716T053612_028138_032D98_EF04_COG,OK,CACHE,0,sentinel-1a,2019-07-16T05:35:47.185362Z,2019-07-16T05:36:12.184389Z,IW,VV|VH,descending,66,28138,,L1,"[6.204358, 43.538673, 9.845048, 45.444279]",11,https://stac.dataspace.copernicus.eu/v1/collections/sentinel-1-grd/items/S1A_IW_GRDH_1SDV_20190716T053547_20190716T053612_028138_032D98_EF04_COG
S1A_IW_GRDH_1SDV_20190717T172301_20190717T172326_028160_032E46_3D86_COG,OK,CACHE,0,sentinel-1a,2019-07-17T17:23:01.678952Z,2019-07-17T17:23:26.678191Z,IW,VV|VH,ascending,88,28160,,L1,"[5.807347, 43.922031, 9.417737, 45.820747]",11,https://stac.dataspace.copernicus.eu/v1/collections/sentinel-1-grd/items/S1A_IW_GRDH_1SDV_20190717T172301_20190717T172326_028160_032E46_3D86_COG
S1A_IW_GRDH_1SDV_20190717T172301_20190717T172326_028160_032E46_CD0F_COG,OK,CACHE,0,sentinel-1a,2019-07-17T17:23:01.679125Z,2019-07-17T17:23:26.676886Z,IW,VV|VH,ascending,88,28160,,L1,"[5.807393, 43.922039, 9.417758, 45.820667]",11,https://stac.dataspace.copernicus.eu/v1/collections/sentinel-1-grd/items/S1A_IW_GRDH_1SDV_20190717T172301_20190717T172326_028160_032E46_CD0F_COG
S1A_IW_GRDH_1SDV_20190717T172326_20190717T172351_028160_032E46_7FAE_COG,OK,CACHE,0,sentinel-1a,2019-07-17T17:23:26.679688Z,2019-07-17T17:23:51.677430Z,IW,VV|VH,ascending,88,28160,,L1,"[5.360221, 45.420918, 9.088487, 47.316936]",11,https://stac.dataspace.copernicus.eu/v1/collections/sentinel-1-grd/items/S1A_IW_GRDH_1SDV_20190717T172326_20190717T172351_028160_032E46_7FAE_COG
S1A_IW_GRDH_1SDV_20190717T172326_20190717T172351_028160_032E46_A467_COG,OK,CACHE,0,sentinel-1a,2019-07-17T17:23:26.678384Z,2019-07-17T17:23:51.677642Z,IW,VV|VH,ascending,88,28160,,L1,"[5.36024, 45.420834, 9.088528, 47.316948]",11,https://stac.dataspace.copernicus.eu/v1/collections/sentinel-1-grd/items/S1A_IW_GRDH_1SDV_20190717T172326_20190717T172351_028160_032E46_A467_COG
S1A_IW_GRDH_1SDV_20190723T052704_20190723T052729_028240_0330AD_269F_COG,OK,CACHE,0,sentinel-1a,2019-07-23T05:27:04.858656Z,2019-07-23T05:27:29.856449Z,IW,VV|VH,descending,168,28240,,L1,"[8.688583, 45.279991, 12.360649, 47.183575]",11,https://stac.dataspace.copernicus.eu/v1/collections/sentinel-1-grd/items/S1A_IW_GRDH_1SDV_20190723T052704_20190723T052729_028240_0330AD_269F_COG
S1A_IW_GRDH_1SDV_20190723T052709_20190723T052734_028240_0330AD_948F_COG,OK,CACHE,0,sentinel-1a,2019-07-23T05:27:09.888709Z,2019-07-23T05:27:34.886409Z,IW,VV|VH,descending,168,28240,,L1,"[8.576388, 44.978416, 12.279356, 46.886482]",11,https://stac.dataspace.copernicus.eu/v1/collections/sentinel-1-grd/items/S1A_IW_GRDH_1SDV_20190723T052709_20190723T052734_028240_0330AD_948F_COG
S1A_IW_GRDH_1SDV_20190723T052729_20190723T052754_028240_0330AD_5DB6_COG,OK,CACHE,0,sentinel-1a,2019-07-23T05:27:29.857923Z,2019-07-23T05:27:54.857212Z,IW,VV|VH,descending,168,28240,,L1,"[8.355443, 43.781639, 11.971663, 45.681473]",11,https://stac.dataspace.copernicus.eu/v1/collections/sentinel-1-grd/items/S1A_IW_GRDH_1SDV_20190723T052729_20190723T052754_028240_0330AD_5DB6_COG
S1A_IW_GRDH_1SDV_20190723T052734_20190723T052759_028240_0330AD_F813_COG,OK,CACHE,0,sentinel-1a,2019-07-23T05:27:34.887909Z,2019-07-23T05:27:59.887110Z,IW,VV|VH,descending,168,28240,,L1,"[8.246524, 43.479805, 11.888128, 45.384876]",11,https://stac.dataspace.copernicus.eu/v1/collections/sentinel-1-grd/items/S1A_IW_GRDH_1SDV_20190723T052734_20190723T052759_028240_0330AD_F813_COG
S1A_IW_GRDH_1SDV_20190724T171455_20190724T171520_028262_033151_ACEB_COG,OK,CACHE,0,sentinel-1a,2019-07-24T17:14:55.731664Z,2019-07-24T17:15:20.730821Z,IW,VV|VH,ascending,15,28262,,L1,"[7.742948, 44.36187, 11.365933, 46.262863]",11,https://stac.dataspace.copernicus.eu/v1/collections/sentinel-1-grd/items/S1A_IW_GRDH_1SDV_20190724T171455_20190724T171520_028262_033151_ACEB_COG
S1A_IW_GRDH_1SDV_20190724T171455_20190724T171520_028262_033151_AF57_COG,OK,CACHE,0,sentinel-1a,2019-07-24T17:14:55.731383Z,2019-07-24T17:15:20.730504Z,IW,VV|VH,ascending,15,28262,,L1,"[7.742949, 44.361855, 11.365933, 46.262844]",11,https://stac.dataspace.copernicus.eu/v1/collections/sentinel-1-grd/items/S1A_IW_GRDH_1SDV_20190724T171455_20190724T171520_028262_033151_AF57_COG
S1A_IW_GRDH_1SDV_20190728T053522_20190728T053547_028313_0332EF_5D96_COG,OK,CACHE,0,sentinel-1a,2019-07-28T05:35:22.900385Z,2019-07-28T05:35:47.899378Z,IW,VV|VH,descending,66,28313,,L1,"[6.530577, 45.037712, 10.228286, 46.94677]",11,https://stac.dataspace.copernicus.eu/v1/collections/sentinel-1-grd/items/S1A_IW_GRDH_1SDV_20190728T053522_20190728T053547_028313_0332EF_5D96_COG
S1A_IW_GRDH_1SDV_20190728T053522_20190728T053547_028313_0332EF_65BF_COG,OK,CACHE,0,sentinel-1a,2019-07-28T05:35:22.846594Z,2019-07-28T05:35:47.844081Z,IW,VV|VH,descending,66,28313,,L1,"[6.581785, 45.041, 10.22999, 46.94458]",11,https://stac.dataspace.copernicus.eu/v1/collections/sentinel-1-grd/items/S1A_IW_GRDH_1SDV_20190728T053522_20190728T053547_028313_0332EF_65BF_COG
S1A_IW_GRDH_1SDV_20190728T053547_20190728T053612_028313_0332EF_6100_COG,OK,CACHE,0,sentinel-1a,2019-07-28T05:35:47.845681Z,2019-07-28T05:36:12.844677Z,IW,VV|VH,descending,66,28313,,L1,"[6.255055, 43.54179, 9.84691, 45.442001]",11,https://stac.dataspace.copernicus.eu/v1/collections/sentinel-1-grd/items/S1A_IW_GRDH_1SDV_20190728T053547_20190728T053612_028313_0332EF_6100_COG
S1A_IW_GRDH_1SDV_20190728T053547_20190728T053612_028313_0332EF_94EA_COG,OK,CACHE,0,sentinel-1a,2019-07-28T05:35:47.900878Z,2019-07-28T05:36:12.899871Z,IW,VV|VH,descending,66,28313,,L1,"[6.205124, 43.53849, 9.845874, 45.444149]",11,https://stac.dataspace.copernicus.eu/v1/collections/sentinel-1-grd/items/S1A_IW_GRDH_1SDV_20190728T053547_20190728T053612_028313_0332EF_94EA_COG
S1A_IW_GRDH_1SDV_20190729T172302_20190729T172327_028335_03339E_22F6_COG,OK,CACHE,0,sentinel-1a,2019-07-29T17:23:02.354093Z,2019-07-29T17:23:27.351912Z,IW,VV|VH,ascending,88,28335,,L1,"[5.8066, 43.922009, 9.416989, 45.820675]",11,https://stac.dataspace.copernicus.eu/v1/collections/sentinel-1-grd/items/S1A_IW_GRDH_1SDV_20190729T172302_20190729T172327_028335_03339E_22F6_COG
S1A_IW_GRDH_1SDV_20190729T172302_20190729T172327_028335_03339E_8816_COG,OK,CACHE,0,sentinel-1a,2019-07-29T17:23:02.352809Z,2019-07-29T17:23:27.352149Z,IW,VV|VH,ascending,88,28335,,L1,"[5.806654, 43.92194, 9.417065, 45.820698]",11,https://stac.dataspace.copernicus.eu/v1/collections/sentinel-1-grd/items/S1A_IW_GRDH_1SDV_20190729T172302_20190729T172327_028335_03339E_8816_COG
S1A_IW_GRDH_1SDV_20190729T172327_20190729T172352_028335_03339E_6368_COG,OK,CACHE,0,sentinel-1a,2019-07-29T17:23:27.353409Z,2019-07-29T17:23:52.352725Z,IW,VV|VH,ascending,88,28335,,L1,"[5.359215, 45.420799, 9.087851, 47.316944]",11,https://stac.dataspace.copernicus.eu/v1/collections/sentinel-1-grd/items/S1A_IW_GRDH_1SDV_20190729T172327_20190729T172352_028335_03339E_6368_COG
S1A_IW_GRDH_1SDV_20190729T172327_20190729T172352_028335_03339E_E799_COG,OK,CACHE,0,sentinel-1a,2019-07-29T17:23:27.353646Z,2019-07-29T17:23:52.351488Z,IW,VV|VH,ascending,88,28335,,L1,"[5.359294, 45.420822, 9.087906, 47.316879]",11,https://stac.dataspace.copernicus.eu/v1/collections/sentinel-1-grd/items/S1A_IW_GRDH_1SDV_20190729T172327_20190729T172352_028335_03339E_E799_COG
S1A_IW_GRDH_1SDV_20190804T052705_20190804T052730_028415_033604_E291_COG,OK,CACHE,0,sentinel-1a,2019-08-04T05:27:05.961354Z,2019-08-04T05:27:30.960567Z,IW,VV|VH,descending,168,28415,,L1,"[8.683977, 45.260021, 12.356361, 47.163391]",11,https://stac.dataspace.copernicus.eu/v1/collections/sentinel-1-grd/items/S1A_IW_GRDH_1SDV_20190804T052705_20190804T052730_028415_033604_E291_COG
S1A_IW_GRDH_1SDV_20190804T052710_20190804T052735_028415_033604_00D9_COG,OK,CACHE,0,sentinel-1a,2019-08-04T05:27:10.659629Z,2019-08-04T05:27:35.658769Z,IW,VV|VH,descending,168,28415,,L1,"[8.575811, 44.978355, 12.278568, 46.886486]",11,https://stac.dataspace.copernicus.eu/v1/collections/sentinel-1-grd/items/S1A_IW_GRDH_1SDV_20190804T052710_20190804T052735_028415_033604_00D9_COG
S1A_IW_GRDH_1SDV_20190804T052730_20190804T052755_028415_033604_F117_COG,OK,CACHE,0,sentinel-1a,2019-08-04T05:27:30.962068Z,2019-08-04T05:27:55.959783Z,IW,VV|VH,descending,168,28415,,L1,"[8.352773, 43.761543, 11.965712, 45.661453]",11,https://stac.dataspace.copernicus.eu/v1/collections/sentinel-1-grd/items/S1A_IW_GRDH_1SDV_20190804T052730_20190804T052755_028415_033604_F117_COG
S1A_IW_GRDH_1SDV_20190804T052735_20190804T052800_028415_033604_E778_COG,OK,CACHE,0,sentinel-1a,2019-08-04T05:27:35.660213Z,2019-08-04T05:28:00.659350Z,IW,VV|VH,descending,168,28415,,L1,"[8.246114, 43.479744, 11.887559, 45.384758]",11,https://stac.dataspace.copernicus.eu/v1/collections/sentinel-1-grd/items/S1A_IW_GRDH_1SDV_20190804T052735_20190804T052800_028415_033604_E778_COG
S1A_IW_GRDH_1SDV_20190805T171456_20190805T171521_028437_0336AC_541E_COG,OK,CACHE,0,sentinel-1a,2019-08-05T17:14:56.583823Z,2019-08-05T17:15:21.581511Z,IW,VV|VH,ascending,15,28437,,L1,"[7.743244, 44.361858, 11.366306, 46.26276]",11,https://stac.dataspace.copernicus.eu/v1/collections/sentinel-1-grd/items/S1A_IW_GRDH_1SDV_20190805T171456_20190805T171521_028437_0336AC_541E_COG
S1A_IW_GRDH_1SDV_20190805T171456_20190805T171521_028437_0336AC_7DC1_COG,OK,CACHE,0,sentinel-1a,2019-08-05T17:14:56.583583Z,2019-08-05T17:15:21.582739Z,IW,VV|VH,ascending,15,28437,,L1,"[7.743226, 44.361835, 11.366303, 46.262825]",11,https://stac.dataspace.copernicus.eu/v1/collections/sentinel-1-grd/items/S1A_IW_GRDH_1SDV_20190805T171456_20190805T171521_028437_0336AC_7DC1_COG
S1A_IW_GRDH_1SDV_20190809T053523_20190809T053548_028488_033855_2405_COG,OK,CACHE,0,sentinel-1a,2019-08-09T05:35:23.850835Z,2019-08-09T05:35:48.848375Z,IW,VV|VH,descending,66,28488,,L1,"[6.530645, 45.037743, 10.228319, 46.946739]",11,https://stac.dataspace.copernicus.eu/v1/collections/sentinel-1-grd/items/S1A_IW_GRDH_1SDV_20190809T053523_20190809T053548_028488_033855_2405_COG
S1A_IW_GRDH_1SDV_20190809T053523_20190809T053548_028488_033855_FF4C_COG,OK,CACHE,0,sentinel-1a,2019-08-09T05:35:23.799541Z,2019-08-09T05:35:48.798610Z,IW,VV|VH,descending,66,28488,,L1,"[6.58171, 45.04071, 10.230029, 46.944424]",11,https://stac.dataspace.copernicus.eu/v1/collections/sentinel-1-grd/items/S1A_IW_GRDH_1SDV_20190809T053523_20190809T053548_028488_033855_FF4C_COG
S1A_IW_GRDH_1SDV_20190809T053548_20190809T053613_028488_033855_108E_COG,OK,CACHE,0,sentinel-1a,2019-08-09T05:35:48.849875Z,2019-08-09T05:36:13.848915Z,IW,VV|VH,descending,66,28488,,L1,"[6.205174, 43.538525, 9.845937, 45.444206]",11,https://stac.dataspace.copernicus.eu/v1/collections/sentinel-1-grd/items/S1A_IW_GRDH_1SDV_20190809T053548_20190809T053613_028488_033855_108E_COG
S1A_IW_GRDH_1SDV_20190809T053548_20190809T053613_028488_033855_F8D7_COG,OK,CACHE,0,sentinel-1a,2019-08-09T05:35:48.800234Z,2019-08-09T05:36:13.797818Z,IW,VV|VH,descending,66,28488,,L1,"[6.254986, 43.541588, 9.846939, 45.441753]",11,https://stac.dataspace.copernicus.eu/v1/collections/sentinel-1-grd/items/S1A_IW_GRDH_1SDV_20190809T053548_20190809T053613_028488_033855_F8D7_COG
S1A_IW_GRDH_1SDV_20190810T172303_20190810T172328_028510_033918_6B55_COG,OK,CACHE,0,sentinel-1a,2019-08-10T17:23:03.344650Z,2019-08-10T17:23:28.343890Z,IW,VV|VH,ascending,88,28510,,L1,"[5.805501, 43.92202, 9.415938, 45.820797]",11,https://stac.dataspace.copernicus.eu/v1/collections/sentinel-1-grd/items/S1A_IW_GRDH_1SDV_20190810T172303_20190810T172328_028510_033918_6B55_COG
S1A_IW_GRDH_1SDV_20190810T172303_20190810T172328_028510_033918_CE76_COG,OK,CACHE,0,sentinel-1a,2019-08-10T17:23:03.344830Z,2019-08-10T17:23:28.342592Z,IW,VV|VH,ascending,88,28510,,L1,"[5.805541, 43.922009, 9.415952, 45.820698]",11,https://stac.dataspace.copernicus.eu/v1/collections/sentinel-1-grd/items/S1A_IW_GRDH_1SDV_20190810T172303_20190810T172328_028510_033918_CE76_COG
S1A_IW_GRDH_1SDV_20190810T172328_20190810T172353_028510_033918_3015_COG,OK,CACHE,0,sentinel-1a,2019-08-10T17:23:28.345388Z,2019-08-10T17:23:53.343130Z,IW,VV|VH,ascending,88,28510,,L1,"[5.358118, 45.420895, 9.086625, 47.316959]",11,https://stac.dataspace.copernicus.eu/v1/collections/sentinel-1-grd/items/S1A_IW_GRDH_1SDV_20190810T172328_20190810T172353_028510_033918_3015_COG
S1A_IW_GRDH_1SDV_20190810T172328_20190810T172353_028510_033918_8271_COG,OK,CACHE,0,sentinel-1a,2019-08-10T17:23:28.344089Z,2019-08-10T17:23:53.343349Z,IW,VV|VH,ascending,88,28510,,L1,"[5.358132, 45.420795, 9.086658, 47.316952]",11,https://stac.dataspace.copernicus.eu/v1/collections/sentinel-1-grd/items/S1A_IW_GRDH_1SDV_20190810T172328_20190810T172353_028510_033918_8271_COG
S1A_IW_GRDH_1SDV_20190816T052706_20190816T052731_028590_033BDA_7773_COG,OK,CACHE,0,sentinel-1a,2019-08-16T05:27:06.888925Z,2019-08-16T05:27:31.887638Z,IW,VV|VH,descending,168,28590,,L1,"[8.681551, 45.256859, 12.354267, 47.160202]",11,https://stac.dataspace.copernicus.eu/v1/collections/sentinel-1-grd/items/S1A_IW_GRDH_1SDV_20190816T052706_20190816T052731_028590_033BDA_7773_COG
S1A_IW_GRDH_1SDV_20190816T052711_20190816T052736_028590_033BDA_2334_COG,OK,CACHE,0,sentinel-1a,2019-08-16T05:27:11.533853Z,2019-08-16T05:27:36.531550Z,IW,VV|VH,descending,168,28590,,L1,"[8.574697, 44.978436, 12.276864, 46.886494]",11,https://stac.dataspace.copernicus.eu/v1/collections/sentinel-1-grd/items/S1A_IW_GRDH_1SDV_20190816T052711_20190816T052736_028590_033BDA_2334_COG
S1A_IW_GRDH_1SDV_20190816T052731_20190816T052756_028590_033BDA_D458_COG,OK,CACHE,0,sentinel-1a,2019-08-16T05:27:31.889123Z,2019-08-16T05:27:56.887836Z,IW,VV|VH,descending,168,28590,,L1,"[8.350658, 43.758305, 11.963658, 45.658295]",11,https://stac.dataspace.copernicus.eu/v1/collections/sentinel-1-grd/items/S1A_IW_GRDH_1SDV_20190816T052731_20190816T052756_028590_033BDA_D458_COG
S1A_IW_GRDH_1SDV_20190816T052736_20190816T052801_028590_033BDA_A8C8_COG,OK,CACHE,0,sentinel-1a,2019-08-16T05:27:36.533050Z,2019-08-16T05:28:01.532248Z,IW,VV|VH,descending,168,28590,,L1,"[8.244918, 43.479813, 11.886456, 45.384808]",11,https://stac.dataspace.copernicus.eu/v1/collections/sentinel-1-grd/items/S1A_IW_GRDH_1SDV_20190816T052736_20190816T052801_028590_033BDA_A8C8_COG
S1A_IW_GRDH_1SDV_20190817T171457_20190817T171522_028612_033C97_0EB0_COG,OK,CACHE,0,sentinel-1a,2019-08-17T17:14:57.390184Z,2019-08-17T17:15:22.389272Z,IW,VV|VH,ascending,15,28612,,L1,"[7.744321, 44.361984, 11.367244, 46.262894]",11,https://stac.dataspace.copernicus.eu/v1/collections/sentinel-1-grd/items/S1A_IW_GRDH_1SDV_20190817T171457_20190817T171522_028612_033C97_0EB0_COG
S1A_IW_GRDH_1SDV_20190817T171457_20190817T171522_028612_033C97_0F7C_COG,OK,CACHE,0,sentinel-1a,2019-08-17T17:14:57.390377Z,2019-08-17T17:15:22.389489Z,IW,VV|VH,ascending,15,28612,,L1,"[7.744312, 44.361988, 11.367234, 46.262901]",11,https://stac.dataspace.copernicus.eu/v1/collections/sentinel-1-grd/items/S1A_IW_GRDH_1SDV_20190817T171457_20190817T171522_028612_033C97_0F7C_COG
S1A_IW_GRDH_1SDV_20190821T053524_20190821T053549_028663_033E6E_0F91_COG,OK,CACHE,0,sentinel-1a,2019-08-21T05:35:24.510062Z,2019-08-21T05:35:49.507608Z,IW,VV|VH,descending,66,28663,,L1,"[6.530046, 45.037769, 10.227807, 46.946754]",11,https://stac.dataspace.copernicus.eu/v1/collections/sentinel-1-grd/items/S1A_IW_GRDH_1SDV_20190821T053524_20190821T053549_028663_033E6E_0F91_COG
S1A_IW_GRDH_1SDV_20190821T053524_20190821T053549_028663_033E6E_C640_COG,OK,CACHE,0,sentinel-1a,2019-08-21T05:35:24.902788Z,2019-08-21T05:35:49.901837Z,IW,VV|VH,descending,66,28663,,L1,"[6.575238, 45.014137, 10.21974, 46.917931]",11,https://stac.dataspace.copernicus.eu/v1/collections/sentinel-1-grd/items/S1A_IW_GRDH_1SDV_20190821T053524_20190821T053549_028663_033E6E_C640_COG
S1A_IW_GRDH_1SDV_20190821T053549_20190821T053614_028663_033E6E_5068_COG,OK,CACHE,0,sentinel-1a,2019-08-21T05:35:49.903428Z,2019-08-21T05:36:14.900988Z,IW,VV|VH,descending,66,28663,,L1,"[6.24884, 43.514977, 9.838847, 45.415119]",11,https://stac.dataspace.copernicus.eu/v1/collections/sentinel-1-grd/items/S1A_IW_GRDH_1SDV_20190821T053549_20190821T053614_028663_033E6E_5068_COG
S1A_IW_GRDH_1SDV_20190821T053549_20190821T053614_028663_033E6E_A6DB_COG,OK,CACHE,0,sentinel-1a,2019-08-21T05:35:49.509108Z,2019-08-21T05:36:14.508155Z,IW,VV|VH,descending,66,28663,,L1,"[6.204722, 43.538548, 9.845471, 45.444206]",11,https://stac.dataspace.copernicus.eu/v1/collections/sentinel-1-grd/items/S1A_IW_GRDH_1SDV_20190821T053549_20190821T053614_028663_033E6E_A6DB_COG
S1A_IW_GRDH_1SDV_20190822T172303_20190822T172328_028685_033F24_2CB9_COG,OK,CACHE,0,sentinel-1a,2019-08-22T17:23:03.949544Z,2019-08-22T17:23:28.947342Z,IW,VV|VH,ascending,88,28685,,L1,"[5.805307, 43.92197, 9.415723, 45.820667]",11,https://stac.dataspace.copernicus.eu/v1/collections/sentinel-1-grd/items/S1A_IW_GRDH_1SDV_20190822T172303_20190822T172328_028685_033F24_2CB9_COG
S1A_IW_GRDH_1SDV_20190822T172303_20190822T172328_028685_033F24_6163_COG,OK,CACHE,0,sentinel-1a,2019-08-22T17:23:03.949750Z,2019-08-22T17:23:28.947571Z,IW,VV|VH,ascending,88,28685,,L1,"[5.805315, 43.921978, 9.415732, 45.820679]",11,https://stac.dataspace.copernicus.eu/v1/collections/sentinel-1-grd/items/S1A_IW_GRDH_1SDV_20190822T172303_20190822T172328_028685_033F24_6163_COG
S1A_IW_GRDH_1SDV_20190822T172328_20190822T172353_028685_033F24_0730_COG,OK,CACHE,0,sentinel-1a,2019-08-22T17:23:28.949094Z,2019-08-22T17:23:53.946918Z,IW,VV|VH,ascending,88,28685,,L1,"[5.357915, 45.420769, 9.086682, 47.316872]",11,https://stac.dataspace.copernicus.eu/v1/collections/sentinel-1-grd/items/S1A_IW_GRDH_1SDV_20190822T172328_20190822T172353_028685_033F24_0730_COG
S1A_IW_GRDH_1SDV_20190822T172328_20190822T172353_028685_033F24_EC86_COG,OK,CACHE,0,sentinel-1a,2019-08-22T17:23:28.948865Z,2019-08-22T17:23:53.948164Z,IW,VV|VH,ascending,88,28685,,L1,"[5.357882, 45.420761, 9.086547, 47.316936]",11,https://stac.dataspace.copernicus.eu/v1/collections/sentinel-1-grd/items/S1A_IW_GRDH_1SDV_20190822T172328_20190822T172353_028685_033F24_EC86_COG
S1A_IW_GRDH_1SDV_20190828T052706_20190828T052731_028765_0341F8_97A7_COG,OK,CACHE,0,sentinel-1a,2019-08-28T05:27:06.997735Z,2019-08-28T05:27:31.995499Z,IW,VV|VH,descending,168,28765,,L1,"[8.687658, 45.277126, 12.359817, 47.180637]",11,https://stac.dataspace.copernicus.eu/v1/collections/sentinel-1-grd/items/S1A_IW_GRDH_1SDV_20190828T052706_20190828T052731_028765_0341F8_97A7_COG
S1A_IW_GRDH_1SDV_20190828T052711_20190828T052736_028765_0341F8_C01D_COG,OK,CACHE,0,sentinel-1a,2019-08-28T05:27:11.980299Z,2019-08-28T05:27:36.977988Z,IW,VV|VH,descending,168,28765,,L1,"[8.575957, 44.978394, 12.278941, 46.886421]",11,https://stac.dataspace.copernicus.eu/v1/collections/sentinel-1-grd/items/S1A_IW_GRDH_1SDV_20190828T052711_20190828T052736_028765_0341F8_C01D_COG
S1A_IW_GRDH_1SDV_20190828T052731_20190828T052756_028765_0341F8_18A7_COG,OK,CACHE,0,sentinel-1a,2019-08-28T05:27:31.997007Z,2019-08-28T05:27:56.996270Z,IW,VV|VH,descending,168,28765,,L1,"[8.354638, 43.778721, 11.970466, 45.67857]",11,https://stac.dataspace.copernicus.eu/v1/collections/sentinel-1-grd/items/S1A_IW_GRDH_1SDV_20190828T052731_20190828T052756_028765_0341F8_18A7_COG
S1A_IW_GRDH_1SDV_20190828T052736_20190828T052801_028765_0341F8_0B2C_COG,OK,CACHE,0,sentinel-1a,2019-08-28T05:27:36.979488Z,2019-08-28T05:28:01.978676Z,IW,VV|VH,descending,168,28765,,L1,"[8.246114, 43.479778, 11.887704, 45.384815]",11,https://stac.dataspace.copernicus.eu/v1/collections/sentinel-1-grd/items/S1A_IW_GRDH_1SDV_20190828T052736_20190828T052801_028765_0341F8_0B2C_COG
S1A_IW_GRDH_1SDV_20190829T171457_20190829T171522_028787_0342BB_93C6_COG,OK,CACHE,0,sentinel-1a,2019-08-29T17:14:57.821437Z,2019-08-29T17:15:22.820572Z,IW,VV|VH,ascending,15,28787,,L1,"[7.745233, 44.361996, 11.368281, 46.262909]",11,https://stac.dataspace.copernicus.eu/v1/collections/sentinel-1-grd/items/S1A_IW_GRDH_1SDV_20190829T171457_20190829T171522_028787_0342BB_93C6_COG
S1A_IW_GRDH_1SDV_20190829T171457_20190829T171522_028787_0342BB_FB02_COG,OK,CACHE,0,sentinel-1a,2019-08-29T17:14:57.821355Z,2019-08-29T17:15:22.820480Z,IW,VV|VH,ascending,15,28787,,L1,"[7.745169, 44.361988, 11.368219, 46.262901]",11,https://stac.dataspace.copernicus.eu/v1/collections/sentinel-1-grd/items/S1A_IW_GRDH_1SDV_20190829T171457_20190829T171522_028787_0342BB_FB02_COG
S1A_IW_GRDH_1SDV_20190902T053524_20190902T053549_028838_034486_4A0D_COG,OK,CACHE,0,sentinel-1a,2019-09-02T05:35:24.999886Z,2019-09-02T05:35:49.997418Z,IW,VV|VH,descending,66,28838,,L1,"[6.530152, 45.037781, 10.227887, 46.946732]",11,https://stac.dataspace.copernicus.eu/v1/collections/sentinel-1-grd/items/S1A_IW_GRDH_1SDV_20190902T053524_20190902T053549_028838_034486_4A0D_COG
S1A_IW_GRDH_1SDV_20190902T053525_20190902T053550_028838_034486_C16C_COG,OK,CACHE,0,sentinel-1a,2019-09-02T05:35:25.061461Z,2019-09-02T05:35:50.060501Z,IW,VV|VH,descending,66,28838,,L1,"[6.579766, 45.033985, 10.227055, 46.937664]",11,https://stac.dataspace.copernicus.eu/v1/collections/sentinel-1-grd/items/S1A_IW_GRDH_1SDV_20190902T053525_20190902T053550_028838_034486_C16C_COG
S1A_IW_GRDH_1SDV_20190902T053549_20190902T053614_028838_034486_A3F5_COG,OK,CACHE,0,sentinel-1a,2019-09-02T05:35:49.998890Z,2019-09-02T05:36:14.997921Z,IW,VV|VH,descending,66,28838,,L1,"[6.20486, 43.538555, 9.845587, 45.44418]",11,https://stac.dataspace.copernicus.eu/v1/collections/sentinel-1-grd/items/S1A_IW_GRDH_1SDV_20190902T053549_20190902T053614_028838_034486_A3F5_COG
S1A_IW_GRDH_1SDV_20190902T053550_20190902T053615_028838_034486_3527_COG,OK,CACHE,0,sentinel-1a,2019-09-02T05:35:50.062127Z,2019-09-02T05:36:15.059681Z,IW,VV|VH,descending,66,28838,,L1,"[6.253143, 43.534847, 9.844597, 45.434956]",11,https://stac.dataspace.copernicus.eu/v1/collections/sentinel-1-grd/items/S1A_IW_GRDH_1SDV_20190902T053550_20190902T053615_028838_034486_3527_COG
S1A_IW_GRDH_1SDV_20190903T172304_20190903T172329_028860_034540_2D6C_COG,OK,CACHE,0,sentinel-1a,2019-09-03T17:23:04.462704Z,2019-09-03T17:23:29.460523Z,IW,VV|VH,ascending,88,28860,,L1,"[5.806201, 43.92205, 9.416607, 45.820732]",11,https://stac.dataspace.copernicus.eu/v1/collections/sentinel-1-grd/items/S1A_IW_GRDH_1SDV_20190903T172304_20190903T172329_028860_034540_2D6C_COG
S1A_IW_GRDH_1SDV_20190903T172304_20190903T172329_028860_034540_8FF3_COG,OK,CACHE,0,sentinel-1a,2019-09-03T17:23:04.462446Z,2019-09-03T17:23:29.460236Z,IW,VV|VH,ascending,88,28860,,L1,"[5.806206, 43.922028, 9.416611, 45.820705]",11,https://stac.dataspace.copernicus.eu/v1/collections/sentinel-1-grd/items/S1A_IW_GRDH_1SDV_20190903T172304_20190903T172329_028860_034540_8FF3_COG
S1A_IW_GRDH_1SDV_20190903T172329_20190903T172354_028860_034540_D7C4_COG,OK,CACHE,0,sentinel-1a,2019-09-03T17:23:29.462045Z,2019-09-03T17:23:54.461364Z,IW,VV|VH,ascending,88,28860,,L1,"[5.358795, 45.420841, 9.087449, 47.317001]",11,https://stac.dataspace.copernicus.eu/v1/collections/sentinel-1-grd/items/S1A_IW_GRDH_1SDV_20190903T172329_20190903T172354_028860_034540_D7C4_COG
S1A_IW_GRDH_1SDV_20190903T172329_20190903T172354_028860_034540_E0B9_COG,OK,CACHE,0,sentinel-1a,2019-09-03T17:23:29.461759Z,2019-09-03T17:23:54.461049Z,IW,VV|VH,ascending,88,28860,,L1,"[5.358802, 45.420818, 9.087453, 47.316975]",11,https://stac.dataspace.copernicus.eu/v1/collections/sentinel-1-grd/items/S1A_IW_GRDH_1SDV_20190903T172329_20190903T172354_028860_034540_E0B9_COG
S1A_IW_GRDH_1SDV_20190909T052707_20190909T052732_028940_03480E_5401_COG,OK,CACHE,0,sentinel-1a,2019-09-09T05:27:07.919069Z,2019-09-09T05:27:32.917802Z,IW,VV|VH,descending,168,28940,,L1,"[8.683621, 45.25824, 12.356502, 47.161667]",11,https://stac.dataspace.copernicus.eu/v1/collections/sentinel-1-grd/items/S1A_IW_GRDH_1SDV_20190909T052707_20190909T052732_028940_03480E_5401_COG
S1A_IW_GRDH_1SDV_20190909T052712_20190909T052737_028940_03480E_7DC9_COG,OK,CACHE,0,sentinel-1a,2019-09-09T05:27:12.587454Z,2019-09-09T05:27:37.586669Z,IW,VV|VH,descending,168,28940,,L1,"[8.57636, 44.978325, 12.279375, 46.886478]",11,https://stac.dataspace.copernicus.eu/v1/collections/sentinel-1-grd/items/S1A_IW_GRDH_1SDV_20190909T052712_20190909T052737_028940_03480E_7DC9_COG
S1A_IW_GRDH_1SDV_20190909T052732_20190909T052757_028940_03480E_230A_COG,OK,CACHE,0,sentinel-1a,2019-09-09T05:27:32.919287Z,2019-09-09T05:27:57.918019Z,IW,VV|VH,descending,168,28940,,L1,"[8.352634, 43.759697, 11.965793, 45.659763]",11,https://stac.dataspace.copernicus.eu/v1/collections/sentinel-1-grd/items/S1A_IW_GRDH_1SDV_20190909T052732_20190909T052757_028940_03480E_230A_COG
S1A_IW_GRDH_1SDV_20190909T052737_20190909T052802_028940_03480E_475A_COG,OK,CACHE,0,sentinel-1a,2019-09-09T05:27:37.588169Z,2019-09-09T05:28:02.587383Z,IW,VV|VH,descending,168,28940,,L1,"[8.246363, 43.479713, 11.888094, 45.3848]",11,https://stac.dataspace.copernicus.eu/v1/collections/sentinel-1-grd/items/S1A_IW_GRDH_1SDV_20190909T052737_20190909T052802_028940_03480E_475A_COG
S1A_IW_GRDH_1SDV_20190910T171458_20190910T171523_028962_0348D4_8A77_COG,OK,CACHE,0,sentinel-1a,2019-09-10T17:14:58.398441Z,2019-09-10T17:15:23.397599Z,IW,VV|VH,ascending,15,28962,,L1,"[7.74366, 44.361916, 11.36673, 46.262897]",11,https://stac.dataspace.copernicus.eu/v1/collections/sentinel-1-grd/items/S1A_IW_GRDH_1SDV_20190910T171458_20190910T171523_028962_0348D4_8A77_COG
S1A_IW_GRDH_1SDV_20190910T171458_20190910T171523_028962_0348D4_B042_COG,OK,CACHE,0,sentinel-1a,2019-09-10T17:14:58.398643Z,2019-09-10T17:15:23.396329Z,IW,VV|VH,ascending,15,28962,,L1,"[7.743729, 44.361938, 11.366782, 46.262829]",11,https://stac.dataspace.copernicus.eu/v1/collections/sentinel-1-grd/items/S1A_IW_GRDH_1SDV_20190910T171458_20190910T171523_028962_0348D4_B042_COG
S1A_IW_GRDH_1SDV_20190915T172304_20190915T172329_029035_034B57_16B1_COG,OK,CACHE,0,sentinel-1a,2019-09-15T17:23:04.902787Z,2019-09-15T17:23:29.900599Z,IW,VV|VH,ascending,88,29035,,L1,"[5.80721, 43.92205, 9.417726, 45.820721]",11,https://stac.dataspace.copernicus.eu/v1/collections/sentinel-1-grd/items/S1A_IW_GRDH_1SDV_20190915T172304_20190915T172329_029035_034B57_16B1_COG
S1A_IW_GRDH_1SDV_20190915T172304_20190915T172329_029035_034B57_406F_COG,OK,CACHE,0,sentinel-1a,2019-09-15T17:23:04.902999Z,2019-09-15T17:23:29.900834Z,IW,VV|VH,ascending,88,29035,,L1,"[5.807227, 43.92207, 9.417746, 45.820744]",11,https://stac.dataspace.copernicus.eu/v1/collections/sentinel-1-grd/items/S1A_IW_GRDH_1SDV_20190915T172304_20190915T172329_029035_034B57_406F_COG
S1A_IW_GRDH_1SDV_20190915T172329_20190915T172354_029035_034B57_3E97_COG,OK,CACHE,0,sentinel-1a,2019-09-15T17:23:29.902307Z,2019-09-15T17:23:54.900140Z,IW,VV|VH,ascending,88,29035,,L1,"[5.360062, 45.42086, 9.088483, 47.316933]",11,https://stac.dataspace.copernicus.eu/v1/collections/sentinel-1-grd/items/S1A_IW_GRDH_1SDV_20190915T172329_20190915T172354_029035_034B57_3E97_COG
S1A_IW_GRDH_1SDV_20190915T172329_20190915T172354_029035_034B57_8EFA_COG,OK,CACHE,0,sentinel-1a,2019-09-15T17:23:29.902071Z,2019-09-15T17:23:54.901378Z,IW,VV|VH,ascending,88,29035,,L1,"[5.360022, 45.420837, 9.088465, 47.316998]",11,https://stac.dataspace.copernicus.eu/v1/collections/sentinel-1-grd/items/S1A_IW_GRDH_1SDV_20190915T172329_20190915T172354_029035_034B57_8EFA_COG
S1A_IW_GRDH_1SDV_20190921T052707_20190921T052732_029115_034E0E_4B25_COG,OK,CACHE,0,sentinel-1a,2019-09-21T05:27:07.880137Z,2019-09-21T05:27:32.878085Z,IW,VV|VH,descending,168,29115,,L1,"[8.690524, 45.288452, 12.362375, 47.192123]",11,https://stac.dataspace.copernicus.eu/v1/collections/sentinel-1-grd/items/S1A_IW_GRDH_1SDV_20190921T052707_20190921T052732_029115_034E0E_4B25_COG
S1A_IW_GRDH_1SDV_20190921T052713_20190921T052738_029115_034E0E_3753_COG,OK,CACHE,0,sentinel-1a,2019-09-21T05:27:13.049537Z,2019-09-21T05:27:38.048906Z,IW,VV|VH,descending,168,29115,,L1,"[8.576517, 44.978416, 12.279789, 46.886612]",11,https://stac.dataspace.copernicus.eu/v1/collections/sentinel-1-grd/items/S1A_IW_GRDH_1SDV_20190921T052713_20190921T052738_029115_034E0E_3753_COG
S1A_IW_GRDH_1SDV_20190921T052732_20190921T052757_029115_034E0E_8210_COG,OK,CACHE,0,sentinel-1a,2019-09-21T05:27:32.879534Z,2019-09-21T05:27:57.878975Z,IW,VV|VH,descending,168,29115,,L1,"[8.356913, 43.790215, 11.974308, 45.689972]",11,https://stac.dataspace.copernicus.eu/v1/collections/sentinel-1-grd/items/S1A_IW_GRDH_1SDV_20190921T052732_20190921T052757_029115_034E0E_8210_COG
S1A_IW_GRDH_1SDV_20190921T052738_20190921T052803_029115_034E0E_4ACF_COG,OK,CACHE,0,sentinel-1a,2019-09-21T05:27:38.050406Z,2019-09-21T05:28:03.048275Z,IW,VV|VH,descending,168,29115,,L1,"[8.246659, 43.479897, 11.888506, 45.384918]",11,https://stac.dataspace.copernicus.eu/v1/collections/sentinel-1-grd/items/S1A_IW_GRDH_1SDV_20190921T052738_20190921T052803_029115_034E0E_4ACF_COG
S1A_IW_GRDH_1SDV_20190922T171458_20190922T171523_029137_034EC9_217B_COG,OK,CACHE,0,sentinel-1a,2019-09-22T17:14:58.928012Z,2019-09-22T17:15:23.925701Z,IW,VV|VH,ascending,15,29137,,L1,"[7.742582, 44.361942, 11.365669, 46.262852]",11,https://stac.dataspace.copernicus.eu/v1/collections/sentinel-1-grd/items/S1A_IW_GRDH_1SDV_20190922T171458_20190922T171523_029137_034EC9_217B_COG
S1A_IW_GRDH_1SDV_20190922T171458_20190922T171523_029137_034EC9_3A40_COG,OK,CACHE,0,sentinel-1a,2019-09-22T17:14:58.927695Z,2019-09-22T17:15:23.926843Z,IW,VV|VH,ascending,15,29137,,L1,"[7.742577, 44.361927, 11.36568, 46.262928]",11,https://stac.dataspace.copernicus.eu/v1/collections/sentinel-1-grd/items/S1A_IW_GRDH_1SDV_20190922T171458_20190922T171523_029137_034EC9_3A40_COG
S1A_IW_GRDH_1SDV_20190926T053525_20190926T053550_029188_03508B_BC12_COG,OK,CACHE,0,sentinel-1a,2019-09-26T05:35:25.926268Z,2019-09-26T05:35:50.924684Z,IW,VV|VH,descending,66,29188,,L1,"[6.582696, 45.048271, 10.231939, 46.951912]",11,https://stac.dataspace.copernicus.eu/v1/collections/sentinel-1-grd/items/S1A_IW_GRDH_1SDV_20190926T053525_20190926T053550_029188_03508B_BC12_COG
S1A_IW_GRDH_1SDV_20190926T053526_20190926T053551_029188_03508B_A3F0_COG,OK,CACHE,0,sentinel-1a,2019-09-26T05:35:26.099175Z,2019-09-26T05:35:51.098405Z,IW,VV|VH,descending,66,29188,,L1,"[6.529866, 45.037872, 10.227942, 46.94696]",11,https://stac.dataspace.copernicus.eu/v1/collections/sentinel-1-grd/items/S1A_IW_GRDH_1SDV_20190926T053526_20190926T053551_029188_03508B_A3F0_COG
S1A_IW_GRDH_1SDV_20190926T053550_20190926T053615_029188_03508B_6D89_COG,OK,CACHE,0,sentinel-1a,2019-09-26T05:35:50.926162Z,2019-09-26T05:36:15.924577Z,IW,VV|VH,descending,66,29188,,L1,"[6.255953, 43.549122, 9.848631, 45.44931]",11,https://stac.dataspace.copernicus.eu/v1/collections/sentinel-1-grd/items/S1A_IW_GRDH_1SDV_20190926T053550_20190926T053615_029188_03508B_6D89_COG
S1A_IW_GRDH_1SDV_20190926T053551_20190926T053616_029188_03508B_2D97_COG,OK,CACHE,0,sentinel-1a,2019-09-26T05:35:51.099905Z,2019-09-26T05:36:16.097634Z,IW,VV|VH,descending,66,29188,,L1,"[6.204445, 43.538738, 9.845553, 45.44434]",11,https://stac.dataspace.copernicus.eu/v1/collections/sentinel-1-grd/items/S1A_IW_GRDH_1SDV_20190926T053551_20190926T053616_029188_03508B_2D97_COG
S1A_IW_GRDH_1SDV_20190927T172305_20190927T172330_029210_03514C_1A44_COG,OK,CACHE,0,sentinel-1a,2019-09-27T17:23:05.536252Z,2019-09-27T17:23:30.535600Z,IW,VV|VH,ascending,88,29210,,L1,"[5.80636, 43.922001, 9.417021, 45.820755]",11,https://stac.dataspace.copernicus.eu/v1/collections/sentinel-1-grd/items/S1A_IW_GRDH_1SDV_20190927T172305_20190927T172330_029210_03514C_1A44_COG
S1A_IW_GRDH_1SDV_20190927T172305_20190927T172330_029210_03514C_617F_COG,OK,CACHE,0,sentinel-1a,2019-09-27T17:23:05.536588Z,2019-09-27T17:23:30.535974Z,IW,VV|VH,ascending,88,29210,,L1,"[5.806389, 43.922031, 9.417054, 45.820786]",11,https://stac.dataspace.copernicus.eu/v1/collections/sentinel-1-grd/items/S1A_IW_GRDH_1SDV_20190927T172305_20190927T172330_029210_03514C_617F_COG
S1A_IW_GRDH_1SDV_20190927T172330_20190927T172355_029210_03514C_6CF2_COG,OK,CACHE,0,sentinel-1a,2019-09-27T17:23:30.537098Z,2019-09-27T17:23:55.534949Z,IW,VV|VH,ascending,88,29210,,L1,"[5.359003, 45.420879, 9.087749, 47.316917]",11,https://stac.dataspace.copernicus.eu/v1/collections/sentinel-1-grd/items/S1A_IW_GRDH_1SDV_20190927T172330_20190927T172355_029210_03514C_6CF2_COG
S1A_IW_GRDH_1SDV_20190927T172330_20190927T172355_029210_03514C_EEE8_COG,OK,CACHE,0,sentinel-1a,2019-09-27T17:23:30.537472Z,2019-09-27T17:23:55.535360Z,IW,VV|VH,ascending,88,29210,,L1,"[5.35903, 45.420914, 9.08778, 47.316952]",11,https://stac.dataspace.copernicus.eu/v1/collections/sentinel-1-grd/items/S1A_IW_GRDH_1SDV_20190927T172330_20190927T172355_029210_03514C_EEE8_COG
S1A_IW_GRDH_1SDV_20200401T171456_20200401T171521_031937_03B004_78AE_COG,OK,CACHE,0,sentinel-1a,2020-04-01T17:14:56.306131Z,2020-04-01T17:15:21.303989Z,IW,VV|VH,ascending,15,31937,,L1,"[7.742575, 44.361591, 11.365737, 46.262535]",11,https://stac.dataspace.copernicus.eu/v1/collections/sentinel-1-grd/items/S1A_IW_GRDH_1SDV_20200401T171456_20200401T171521_031937_03B004_78AE_COG
S1A_IW_GRDH_1SDV_20200401T171456_20200401T171521_031937_03B004_B4E2_COG,OK,CACHE,0,sentinel-1a,2020-04-01T17:14:56.306131Z,2020-04-01T17:15:21.303989Z,IW,VV|VH,ascending,15,31937,,L1,"[7.742575, 44.361591, 11.365738, 46.262535]",11,https://stac.dataspace.copernicus.eu/v1/collections/sentinel-1-grd/items/S1A_IW_GRDH_1SDV_20200401T171456_20200401T171521_031937_03B004_B4E2_COG
S1A_IW_GRDH_1SDV_20200405T053523_20200405T053548_031988_03B1D4_0F7D_COG,OK,CACHE,0,sentinel-1a,2020-04-05T05:35:23.317062Z,2020-04-05T05:35:48.314451Z,IW,VV|VH,descending,66,31988,,L1,"[6.529012, 45.03796, 10.226661, 46.946869]",11,https://stac.dataspace.copernicus.eu/v1/collections/sentinel-1-grd/items/S1A_IW_GRDH_1SDV_20200405T053523_20200405T053548_031988_03B1D4_0F7D_COG
S1A_IW_GRDH_1SDV_20200405T053523_20200405T053548_031988_03B1D4_A818_COG,OK,CACHE,0,sentinel-1a,2020-04-05T05:35:23.949631Z,2020-04-05T05:35:48.948525Z,IW,VV|VH,descending,66,31988,,L1,"[6.571167, 44.999962, 10.213361, 46.903736]",11,https://stac.dataspace.copernicus.eu/v1/collections/sentinel-1-grd/items/S1A_IW_GRDH_1SDV_20200405T053523_20200405T053548_031988_03B1D4_A818_COG
S1A_IW_GRDH_1SDV_20200405T053548_20200405T053613_031988_03B1D4_24FE_COG,OK,CACHE,0,sentinel-1a,2020-04-05T05:35:48.950127Z,2020-04-05T05:36:13.949032Z,IW,VV|VH,descending,66,31988,,L1,"[6.244759, 43.50069, 9.833672, 45.400864]",11,https://stac.dataspace.copernicus.eu/v1/collections/sentinel-1-grd/items/S1A_IW_GRDH_1SDV_20200405T053548_20200405T053613_031988_03B1D4_24FE_COG
S1A_IW_GRDH_1SDV_20200405T053548_20200405T053613_031988_03B1D4_E0FB_COG,OK,CACHE,0,sentinel-1a,2020-04-05T05:35:48.315951Z,2020-04-05T05:36:13.314840Z,IW,VV|VH,descending,66,31988,,L1,"[6.203749, 43.538731, 9.844335, 45.444321]",11,https://stac.dataspace.copernicus.eu/v1/collections/sentinel-1-grd/items/S1A_IW_GRDH_1SDV_20200405T053548_20200405T053613_031988_03B1D4_E0FB_COG
S1A_IW_GRDH_1SDV_20200406T172302_20200406T172327_032010_03B29A_8C42_COG,OK,CACHE,0,sentinel-1a,2020-04-06T17:23:02.684745Z,2020-04-06T17:23:27.682704Z,IW,VV|VH,ascending,88,32010,,L1,"[5.806856, 43.921795, 9.417316, 45.820438]",11,https://stac.dataspace.copernicus.eu/v1/collections/sentinel-1-grd/items/S1A_IW_GRDH_1SDV_20200406T172302_20200406T172327_032010_03B29A_8C42_COG
S1A_IW_GRDH_1SDV_20200406T172302_20200406T172327_032010_03B29A_CB07_COG,OK,CACHE,0,sentinel-1a,2020-04-06T17:23:02.684744Z,2020-04-06T17:23:27.682703Z,IW,VV|VH,ascending,88,32010,,L1,"[5.806856, 43.921795, 9.417316, 45.820438]",11,https://stac.dataspace.copernicus.eu/v1/collections/sentinel-1-grd/items/S1A_IW_GRDH_1SDV_20200406T172302_20200406T172327_032010_03B29A_CB07_COG
S1A_IW_GRDH_1SDV_20200406T172327_20200406T172352_032010_03B29A_BC2C_COG,OK,CACHE,0,sentinel-1a,2020-04-06T17:23:27.684201Z,2020-04-06T17:23:52.682159Z,IW,VV|VH,ascending,88,32010,,L1,"[5.359544, 45.420593, 9.088231, 47.316624]",11,https://stac.dataspace.copernicus.eu/v1/collections/sentinel-1-grd/items/S1A_IW_GRDH_1SDV_20200406T172327_20200406T172352_032010_03B29A_BC2C_COG
S1A_IW_GRDH_1SDV_20200406T172327_20200406T172352_032010_03B29A_F3AB_COG,OK,CACHE,0,sentinel-1a,2020-04-06T17:23:27.684201Z,2020-04-06T17:23:52.682160Z,IW,VV|VH,ascending,88,32010,,L1,"[5.359544, 45.420593, 9.088231, 47.316624]",11,https://stac.dataspace.copernicus.eu/v1/collections/sentinel-1-grd/items/S1A_IW_GRDH_1SDV_20200406T172327_20200406T172352_032010_03B29A_F3AB_COG
S1A_IW_GRDH_1SDV_20200412T052705_20200412T052730_032090_03B56C_D975_COG,OK,CACHE,0,sentinel-1a,2020-04-12T05:27:05.943601Z,2020-04-12T05:27:30.942939Z,IW,VV|VH,descending,168,32090,,L1,"[8.686555, 45.268661, 12.359282, 47.172253]",11,https://stac.dataspace.copernicus.eu/v1/collections/sentinel-1-grd/items/S1A_IW_GRDH_1SDV_20200412T052705_20200412T052730_032090_03B56C_D975_COG
S1A_IW_GRDH_1SDV_20200412T052710_20200412T052735_032090_03B56C_CFEF_COG,OK,CACHE,0,sentinel-1a,2020-04-12T05:27:10.782918Z,2020-04-12T05:27:35.782144Z,IW,VV|VH,descending,168,32090,,L1,"[8.576671, 44.978531, 12.279707, 46.886684]",11,https://stac.dataspace.copernicus.eu/v1/collections/sentinel-1-grd/items/S1A_IW_GRDH_1SDV_20200412T052710_20200412T052735_032090_03B56C_CFEF_COG
S1A_IW_GRDH_1SDV_20200412T052730_20200412T052755_032090_03B56C_BFA4_COG,OK,CACHE,0,sentinel-1a,2020-04-12T05:27:30.944457Z,2020-04-12T05:27:55.942299Z,IW,VV|VH,descending,168,32090,,L1,"[8.354003, 43.770233, 11.968899, 45.670155]",11,https://stac.dataspace.copernicus.eu/v1/collections/sentinel-1-grd/items/S1A_IW_GRDH_1SDV_20200412T052730_20200412T052755_032090_03B56C_BFA4_COG
S1A_IW_GRDH_1SDV_20200412T052735_20200412T052800_032090_03B56C_3202_COG,OK,CACHE,0,sentinel-1a,2020-04-12T05:27:35.783644Z,2020-04-12T05:28:00.781370Z,IW,VV|VH,descending,168,32090,,L1,"[8.246813, 43.480011, 11.888416, 45.384991]",11,https://stac.dataspace.copernicus.eu/v1/collections/sentinel-1-grd/items/S1A_IW_GRDH_1SDV_20200412T052735_20200412T052800_032090_03B56C_3202_COG
S1A_IW_GRDH_1SDV_20200413T171456_20200413T171521_032112_03B62E_6CB9_COG,OK,CACHE,0,sentinel-1a,2020-04-13T17:14:56.653231Z,2020-04-13T17:15:21.652374Z,IW,VV|VH,ascending,15,32112,,L1,"[7.743179, 44.361774, 11.366138, 46.262768]",11,https://stac.dataspace.copernicus.eu/v1/collections/sentinel-1-grd/items/S1A_IW_GRDH_1SDV_20200413T171456_20200413T171521_032112_03B62E_6CB9_COG
S1A_IW_GRDH_1SDV_20200413T171456_20200413T171521_032112_03B62E_FFDD_COG,OK,CACHE,0,sentinel-1a,2020-04-13T17:14:56.653231Z,2020-04-13T17:15:21.652374Z,IW,VV|VH,ascending,15,32112,,L1,"[7.743179, 44.361774, 11.366138, 46.262768]",11,https://stac.dataspace.copernicus.eu/v1/collections/sentinel-1-grd/items/S1A_IW_GRDH_1SDV_20200413T171456_20200413T171521_032112_03B62E_FFDD_COG
S1A_IW_GRDH_1SDV_20200417T053523_20200417T053548_032163_03B803_505E_COG,OK,CACHE,0,sentinel-1a,2020-04-17T05:35:23.978277Z,2020-04-17T05:35:48.977332Z,IW,VV|VH,descending,66,32163,,L1,"[6.578462, 45.026413, 10.224541, 46.930149]",11,https://stac.dataspace.copernicus.eu/v1/collections/sentinel-1-grd/items/S1A_IW_GRDH_1SDV_20200417T053523_20200417T053548_032163_03B803_505E_COG
S1A_IW_GRDH_1SDV_20200417T053523_20200417T053548_032163_03B803_ED97_COG,OK,CACHE,0,sentinel-1a,2020-04-17T05:35:23.786270Z,2020-04-17T05:35:48.783796Z,IW,VV|VH,descending,66,32163,,L1,"[6.530443, 45.038021, 10.228203, 46.947006]",11,https://stac.dataspace.copernicus.eu/v1/collections/sentinel-1-grd/items/S1A_IW_GRDH_1SDV_20200417T053523_20200417T053548_032163_03B803_ED97_COG
S1A_IW_GRDH_1SDV_20200417T053548_20200417T053613_032163_03B803_2470_COG,OK,CACHE,0,sentinel-1a,2020-04-17T05:35:48.785296Z,2020-04-17T05:36:13.784323Z,IW,VV|VH,descending,66,32163,,L1,"[6.205121, 43.538799, 9.845885, 45.444454]",11,https://stac.dataspace.copernicus.eu/v1/collections/sentinel-1-grd/items/S1A_IW_GRDH_1SDV_20200417T053548_20200417T053613_032163_03B803_2470_COG
S1A_IW_GRDH_1SDV_20200417T053548_20200417T053613_032163_03B803_58C6_COG,OK,CACHE,0,sentinel-1a,2020-04-17T05:35:48.978952Z,2020-04-17T05:36:13.976521Z,IW,VV|VH,descending,66,32163,,L1,"[6.251856, 43.527271, 9.842694, 45.427402]",11,https://stac.dataspace.copernicus.eu/v1/collections/sentinel-1-grd/items/S1A_IW_GRDH_1SDV_20200417T053548_20200417T053613_032163_03B803_58C6_COG
S1A_IW_GRDH_1SDV_20200418T172303_20200418T172328_032185_03B8C6_619A_COG,OK,CACHE,0,sentinel-1a,2020-04-18T17:23:03.219019Z,2020-04-18T17:23:28.216837Z,IW,VV|VH,ascending,88,32185,,L1,"[5.80642, 43.921906, 9.416801, 45.820568]",11,https://stac.dataspace.copernicus.eu/v1/collections/sentinel-1-grd/items/S1A_IW_GRDH_1SDV_20200418T172303_20200418T172328_032185_03B8C6_619A_COG
S1A_IW_GRDH_1SDV_20200418T172303_20200418T172328_032185_03B8C6_73F8_COG,OK,CACHE,0,sentinel-1a,2020-04-18T17:23:03.219018Z,2020-04-18T17:23:28.216836Z,IW,VV|VH,ascending,88,32185,,L1,"[5.80642, 43.921906, 9.416801, 45.820568]",11,https://stac.dataspace.copernicus.eu/v1/collections/sentinel-1-grd/items/S1A_IW_GRDH_1SDV_20200418T172303_20200418T172328_032185_03B8C6_73F8_COG
S1A_IW_GRDH_1SDV_20200418T172328_20200418T172353_032185_03B8C6_4811_COG,OK,CACHE,0,sentinel-1a,2020-04-18T17:23:28.218335Z,2020-04-18T17:23:53.217651Z,IW,VV|VH,ascending,88,32185,,L1,"[5.359036, 45.4207, 9.087666, 47.316837]",11,https://stac.dataspace.copernicus.eu/v1/collections/sentinel-1-grd/items/S1A_IW_GRDH_1SDV_20200418T172328_20200418T172353_032185_03B8C6_4811_COG
S1A_IW_GRDH_1SDV_20200418T172328_20200418T172353_032185_03B8C6_8478_COG,OK,CACHE,0,sentinel-1a,2020-04-18T17:23:28.218333Z,2020-04-18T17:23:53.217649Z,IW,VV|VH,ascending,88,32185,,L1,"[5.359036, 45.4207, 9.087666, 47.316837]",11,https://stac.dataspace.copernicus.eu/v1/collections/sentinel-1-grd/items/S1A_IW_GRDH_1SDV_20200418T172328_20200418T172353_032185_03B8C6_8478_COG
S1A_IW_GRDH_1SDV_20200424T052705_20200424T052730_032265_03BB90_C075_COG,OK,CACHE,0,sentinel-1a,2020-04-24T05:27:05.904143Z,2020-04-24T05:27:30.902086Z,IW,VV|VH,descending,168,32265,,L1,"[8.692502, 45.301399, 12.363463, 47.205097]",11,https://stac.dataspace.copernicus.eu/v1/collections/sentinel-1-grd/items/S1A_IW_GRDH_1SDV_20200424T052705_20200424T052730_032265_03BB90_C075_COG
S1A_IW_GRDH_1SDV_20200424T052711_20200424T052736_032265_03BB90_50C9_COG,OK,CACHE,0,sentinel-1a,2020-04-24T05:27:11.285700Z,2020-04-24T05:27:36.285023Z,IW,VV|VH,descending,168,32265,,L1,"[8.575816, 44.978619, 12.278734, 46.886784]",11,https://stac.dataspace.copernicus.eu/v1/collections/sentinel-1-grd/items/S1A_IW_GRDH_1SDV_20200424T052711_20200424T052736_032265_03BB90_50C9_COG
S1A_IW_GRDH_1SDV_20200424T052730_20200424T052755_032265_03BB90_8D0D_COG,OK,CACHE,0,sentinel-1a,2020-04-24T05:27:30.903614Z,2020-04-24T05:27:55.903058Z,IW,VV|VH,descending,168,32265,,L1,"[8.358272, 43.80331, 11.976871, 45.70285]",11,https://stac.dataspace.copernicus.eu/v1/collections/sentinel-1-grd/items/S1A_IW_GRDH_1SDV_20200424T052730_20200424T052755_032265_03BB90_8D0D_COG
S1A_IW_GRDH_1SDV_20200424T052736_20200424T052801_032265_03BB90_22BA_COG,OK,CACHE,0,sentinel-1a,2020-04-24T05:27:36.286495Z,2020-04-24T05:28:01.284317Z,IW,VV|VH,descending,168,32265,,L1,"[8.245991, 43.480099, 11.8877, 45.385071]",11,https://stac.dataspace.copernicus.eu/v1/collections/sentinel-1-grd/items/S1A_IW_GRDH_1SDV_20200424T052736_20200424T052801_032265_03BB90_22BA_COG
S1A_IW_GRDH_1SDV_20200425T171457_20200425T171522_032287_03BC53_0985_COG,OK,CACHE,0,sentinel-1a,2020-04-25T17:14:57.161093Z,2020-04-25T17:15:22.160190Z,IW,VV|VH,ascending,15,32287,,L1,"[7.743576, 44.361855, 11.366513, 46.262814]",11,https://stac.dataspace.copernicus.eu/v1/collections/sentinel-1-grd/items/S1A_IW_GRDH_1SDV_20200425T171457_20200425T171522_032287_03BC53_0985_COG
S1A_IW_GRDH_1SDV_20200425T171457_20200425T171522_032287_03BC53_1726_COG,OK,CACHE,0,sentinel-1a,2020-04-25T17:14:57.161093Z,2020-04-25T17:15:22.160191Z,IW,VV|VH,ascending,15,32287,,L1,"[7.743576, 44.361855, 11.366513, 46.262814]",11,https://stac.dataspace.copernicus.eu/v1/collections/sentinel-1-grd/items/S1A_IW_GRDH_1SDV_20200425T171457_20200425T171522_032287_03BC53_1726_COG
S1A_IW_GRDH_1SDV_20200429T053524_20200429T053549_032338_03BE26_A282_COG,OK,CACHE,0,sentinel-1a,2020-04-29T05:35:24.934627Z,2020-04-29T05:35:49.933803Z,IW,VV|VH,descending,66,32338,,L1,"[6.573843, 45.001118, 10.216497, 46.90501]",11,https://stac.dataspace.copernicus.eu/v1/collections/sentinel-1-grd/items/S1A_IW_GRDH_1SDV_20200429T053524_20200429T053549_032338_03BE26_A282_COG
S1A_IW_GRDH_1SDV_20200429T053524_20200429T053549_032338_03BE26_F7C8_COG,OK,CACHE,0,sentinel-1a,2020-04-29T05:35:24.319279Z,2020-04-29T05:35:49.318423Z,IW,VV|VH,descending,66,32338,,L1,"[6.531463, 45.037991, 10.229421, 46.947121]",11,https://stac.dataspace.copernicus.eu/v1/collections/sentinel-1-grd/items/S1A_IW_GRDH_1SDV_20200429T053524_20200429T053549_032338_03BE26_F7C8_COG
S1A_IW_GRDH_1SDV_20200429T053549_20200429T053614_032338_03BE26_BF60_COG,OK,CACHE,0,sentinel-1a,2020-04-29T05:35:49.319923Z,2020-04-29T05:36:14.317566Z,IW,VV|VH,descending,66,32338,,L1,"[6.206122, 43.53886, 9.847019, 45.444481]",11,https://stac.dataspace.copernicus.eu/v1/collections/sentinel-1-grd/items/S1A_IW_GRDH_1SDV_20200429T053549_20200429T053614_032338_03BE26_BF60_COG
S1A_IW_GRDH_1SDV_20200429T053549_20200429T053614_032338_03BE26_E28F_COG,OK,CACHE,0,sentinel-1a,2020-04-29T05:35:49.935444Z,2020-04-29T05:36:14.933136Z,IW,VV|VH,descending,66,32338,,L1,"[6.247371, 43.501942, 9.836647, 45.402145]",11,https://stac.dataspace.copernicus.eu/v1/collections/sentinel-1-grd/items/S1A_IW_GRDH_1SDV_20200429T053549_20200429T053614_032338_03BE26_E28F_COG
S1A_IW_GRDH_1SDV_20200430T172303_20200430T172328_032360_03BEE8_53E4_COG,OK,CACHE,0,sentinel-1a,2020-04-30T17:23:03.768633Z,2020-04-30T17:23:28.766460Z,IW,VV|VH,ascending,88,32360,,L1,"[5.805733, 43.921886, 9.416287, 45.820614]",11,https://stac.dataspace.copernicus.eu/v1/collections/sentinel-1-grd/items/S1A_IW_GRDH_1SDV_20200430T172303_20200430T172328_032360_03BEE8_53E4_COG
S1A_IW_GRDH_1SDV_20200430T172303_20200430T172328_032360_03BEE8_C558_COG,OK,CACHE,0,sentinel-1a,2020-04-30T17:23:03.768633Z,2020-04-30T17:23:28.766460Z,IW,VV|VH,ascending,88,32360,,L1,"[5.805732, 43.921886, 9.416287, 45.820614]",11,https://stac.dataspace.copernicus.eu/v1/collections/sentinel-1-grd/items/S1A_IW_GRDH_1SDV_20200430T172303_20200430T172328_032360_03BEE8_C558_COG
S1A_IW_GRDH_1SDV_20200430T172328_20200430T172353_032360_03BEE8_7FD4_COG,OK,CACHE,0,sentinel-1a,2020-04-30T17:23:28.767983Z,2020-04-30T17:23:53.765812Z,IW,VV|VH,ascending,88,32360,,L1,"[5.35831, 45.420673, 9.08709, 47.316792]",11,https://stac.dataspace.copernicus.eu/v1/collections/sentinel-1-grd/items/S1A_IW_GRDH_1SDV_20200430T172328_20200430T172353_032360_03BEE8_7FD4_COG
S1A_IW_GRDH_1SDV_20200430T172328_20200430T172353_032360_03BEE8_9503_COG,OK,CACHE,0,sentinel-1a,2020-04-30T17:23:28.767983Z,2020-04-30T17:23:53.765813Z,IW,VV|VH,ascending,88,32360,,L1,"[5.35831, 45.420673, 9.08709, 47.316792]",11,https://stac.dataspace.copernicus.eu/v1/collections/sentinel-1-grd/items/S1A_IW_GRDH_1SDV_20200430T172328_20200430T172353_032360_03BEE8_9503_COG
S1A_IW_GRDH_1SDV_20200506T052706_20200506T052731_032440_03C1BA_DB84_COG,OK,CACHE,0,sentinel-1a,2020-05-06T05:27:06.893861Z,2020-05-06T05:27:31.893210Z,IW,VV|VH,descending,168,32440,,L1,"[8.685771, 45.271389, 12.358404, 47.174934]",11,https://stac.dataspace.copernicus.eu/v1/collections/sentinel-1-grd/items/S1A_IW_GRDH_1SDV_20200506T052706_20200506T052731_032440_03C1BA_DB84_COG
S1A_IW_GRDH_1SDV_20200506T052711_20200506T052736_032440_03C1BA_B73B_COG,OK,CACHE,0,sentinel-1a,2020-05-06T05:27:11.776943Z,2020-05-06T05:27:36.774693Z,IW,VV|VH,descending,168,32440,,L1,"[8.575357, 44.978718, 12.278243, 46.886742]",11,https://stac.dataspace.copernicus.eu/v1/collections/sentinel-1-grd/items/S1A_IW_GRDH_1SDV_20200506T052711_20200506T052736_032440_03C1BA_B73B_COG
S1A_IW_GRDH_1SDV_20200506T052731_20200506T052756_032440_03C1BA_F6E8_COG,OK,CACHE,0,sentinel-1a,2020-05-06T05:27:31.894735Z,2020-05-06T05:27:56.892589Z,IW,VV|VH,descending,168,32440,,L1,"[8.353135, 43.772991, 11.968408, 45.67281]",11,https://stac.dataspace.copernicus.eu/v1/collections/sentinel-1-grd/items/S1A_IW_GRDH_1SDV_20200506T052731_20200506T052756_032440_03C1BA_F6E8_COG
S1A_IW_GRDH_1SDV_20200506T052736_20200506T052801_032440_03C1BA_804C_COG,OK,CACHE,0,sentinel-1a,2020-05-06T05:27:36.776194Z,2020-05-06T05:28:01.775444Z,IW,VV|VH,descending,168,32440,,L1,"[8.245434, 43.480103, 11.887259, 45.385124]",11,https://stac.dataspace.copernicus.eu/v1/collections/sentinel-1-grd/items/S1A_IW_GRDH_1SDV_20200506T052736_20200506T052801_032440_03C1BA_804C_COG
S1A_IW_GRDH_1SDV_20200507T171457_20200507T171522_032462_03C261_7257_COG,OK,CACHE,0,sentinel-1a,2020-05-07T17:14:57.605465Z,2020-05-07T17:15:22.604537Z,IW,VV|VH,ascending,15,32462,,L1,"[7.744988, 44.361881, 11.367916, 46.26281]",11,https://stac.dataspace.copernicus.eu/v1/collections/sentinel-1-grd/items/S1A_IW_GRDH_1SDV_20200507T171457_20200507T171522_032462_03C261_7257_COG
S1A_IW_GRDH_1SDV_20200507T171457_20200507T171522_032462_03C261_9C71_COG,OK,CACHE,0,sentinel-1a,2020-05-07T17:14:57.605466Z,2020-05-07T17:15:22.604538Z,IW,VV|VH,ascending,15,32462,,L1,"[7.744988, 44.361877, 11.367916, 46.26281]",11,https://stac.dataspace.copernicus.eu/v1/collections/sentinel-1-grd/items/S1A_IW_GRDH_1SDV_20200507T171457_20200507T171522_032462_03C261_9C71_COG
S1A_IW_GRDH_1SDV_20200511T053524_20200511T053549_032513_03C3F4_735A_COG,OK,CACHE,0,sentinel-1a,2020-05-11T05:35:24.927067Z,2020-05-11T05:35:49.924717Z,IW,VV|VH,descending,66,32513,,L1,"[6.58141, 45.034626, 10.228846, 46.938259]",11,https://stac.dataspace.copernicus.eu/v1/collections/sentinel-1-grd/items/S1A_IW_GRDH_1SDV_20200511T053524_20200511T053549_032513_03C3F4_735A_COG
S1A_IW_GRDH_1SDV_20200511T053524_20200511T053549_032513_03C3F4_AB1F_COG,OK,CACHE,0,sentinel-1a,2020-05-11T05:35:24.870493Z,2020-05-11T05:35:49.869592Z,IW,VV|VH,descending,66,32513,,L1,"[6.531671, 45.037941, 10.229559, 46.947021]",11,https://stac.dataspace.copernicus.eu/v1/collections/sentinel-1-grd/items/S1A_IW_GRDH_1SDV_20200511T053524_20200511T053549_032513_03C3F4_AB1F_COG
S1A_IW_GRDH_1SDV_20200511T053549_20200511T053614_032513_03C3F4_0EF9_COG,OK,CACHE,0,sentinel-1a,2020-05-11T05:35:49.871092Z,2020-05-11T05:36:14.868691Z,IW,VV|VH,descending,66,32513,,L1,"[6.206351, 43.538811, 9.847104, 45.444389]",11,https://stac.dataspace.copernicus.eu/v1/collections/sentinel-1-grd/items/S1A_IW_GRDH_1SDV_20200511T053549_20200511T053614_032513_03C3F4_0EF9_COG
S1A_IW_GRDH_1SDV_20200511T053549_20200511T053614_032513_03C3F4_F3CB_COG,OK,CACHE,0,sentinel-1a,2020-05-11T05:35:49.926320Z,2020-05-11T05:36:14.925478Z,IW,VV|VH,descending,66,32513,,L1,"[6.254718, 43.535404, 9.846269, 45.43565]",11,https://stac.dataspace.copernicus.eu/v1/collections/sentinel-1-grd/items/S1A_IW_GRDH_1SDV_20200511T053549_20200511T053614_032513_03C3F4_F3CB_COG
S1A_IW_GRDH_1SDV_20200512T172304_20200512T172329_032535_03C4A6_0DD0_COG,OK,CACHE,0,sentinel-1a,2020-05-12T17:23:04.373563Z,2020-05-12T17:23:29.371356Z,IW,VV|VH,ascending,88,32535,,L1,"[5.806556, 43.921894, 9.416974, 45.820599]",11,https://stac.dataspace.copernicus.eu/v1/collections/sentinel-1-grd/items/S1A_IW_GRDH_1SDV_20200512T172304_20200512T172329_032535_03C4A6_0DD0_COG
S1A_IW_GRDH_1SDV_20200512T172304_20200512T172329_032535_03C4A6_333C_COG,OK,CACHE,0,sentinel-1a,2020-05-12T17:23:04.373562Z,2020-05-12T17:23:29.371355Z,IW,VV|VH,ascending,88,32535,,L1,"[5.806557, 43.921898, 9.416974, 45.820599]",11,https://stac.dataspace.copernicus.eu/v1/collections/sentinel-1-grd/items/S1A_IW_GRDH_1SDV_20200512T172304_20200512T172329_032535_03C4A6_333C_COG
S1A_IW_GRDH_1SDV_20200512T172329_20200512T172354_032535_03C4A6_1C23_COG,OK,CACHE,0,sentinel-1a,2020-05-12T17:23:29.372852Z,2020-05-12T17:23:54.372142Z,IW,VV|VH,ascending,88,32535,,L1,"[5.359133, 45.420685, 9.087791, 47.316868]",11,https://stac.dataspace.copernicus.eu/v1/collections/sentinel-1-grd/items/S1A_IW_GRDH_1SDV_20200512T172329_20200512T172354_032535_03C4A6_1C23_COG
S1A_IW_GRDH_1SDV_20200512T172329_20200512T172354_032535_03C4A6_DD58_COG,OK,CACHE,0,sentinel-1a,2020-05-12T17:23:29.372854Z,2020-05-12T17:23:54.372144Z,IW,VV|VH,ascending,88,32535,,L1,"[5.359132, 45.420685, 9.087791, 47.316868]",11,https://stac.dataspace.copernicus.eu/v1/collections/sentinel-1-grd/items/S1A_IW_GRDH_1SDV_20200512T172329_20200512T172354_032535_03C4A6_DD58_COG
S1A_IW_GRDH_1SDV_20200518T052707_20200518T052732_032615_03C710_3BE6_COG,OK,CACHE,0,sentinel-1a,2020-05-18T05:27:07.895823Z,2020-05-18T05:27:32.893627Z,IW,VV|VH,descending,168,32615,,L1,"[8.684176, 45.260513, 12.35658, 47.163799]",11,https://stac.dataspace.copernicus.eu/v1/collections/sentinel-1-grd/items/S1A_IW_GRDH_1SDV_20200518T052707_20200518T052732_032615_03C710_3BE6_COG
S1A_IW_GRDH_1SDV_20200518T052712_20200518T052737_032615_03C710_C1C2_COG,OK,CACHE,0,sentinel-1a,2020-05-18T05:27:12.597430Z,2020-05-18T05:27:37.596649Z,IW,VV|VH,descending,168,32615,,L1,"[8.575927, 44.97855, 12.278859, 46.886673]",11,https://stac.dataspace.copernicus.eu/v1/collections/sentinel-1-grd/items/S1A_IW_GRDH_1SDV_20200518T052712_20200518T052737_032615_03C710_C1C2_COG
S1A_IW_GRDH_1SDV_20200518T052732_20200518T052757_032615_03C710_E157_COG,OK,CACHE,0,sentinel-1a,2020-05-18T05:27:32.895159Z,2020-05-18T05:27:57.894465Z,IW,VV|VH,descending,168,32615,,L1,"[8.352943, 43.761944, 11.965938, 45.661949]",11,https://stac.dataspace.copernicus.eu/v1/collections/sentinel-1-grd/items/S1A_IW_GRDH_1SDV_20200518T052732_20200518T052757_032615_03C710_E157_COG
S1A_IW_GRDH_1SDV_20200518T052737_20200518T052802_032615_03C710_344A_COG,OK,CACHE,0,sentinel-1a,2020-05-18T05:27:37.598149Z,2020-05-18T05:28:02.595868Z,IW,VV|VH,descending,168,32615,,L1,"[8.245996, 43.480026, 11.887684, 45.384983]",11,https://stac.dataspace.copernicus.eu/v1/collections/sentinel-1-grd/items/S1A_IW_GRDH_1SDV_20200518T052737_20200518T052802_032615_03C710_344A_COG
S1A_IW_GRDH_1SDV_20200519T171458_20200519T171523_032637_03C7B2_41DB_COG,OK,CACHE,0,sentinel-1a,2020-05-19T17:14:58.426583Z,2020-05-19T17:15:23.424280Z,IW,VV|VH,ascending,15,32637,,L1,"[7.744369, 44.361828, 11.367418, 46.262676]",11,https://stac.dataspace.copernicus.eu/v1/collections/sentinel-1-grd/items/S1A_IW_GRDH_1SDV_20200519T171458_20200519T171523_032637_03C7B2_41DB_COG
S1A_IW_GRDH_1SDV_20200519T171458_20200519T171523_032637_03C7B2_C062_COG,OK,CACHE,0,sentinel-1a,2020-05-19T17:14:58.426582Z,2020-05-19T17:15:23.424279Z,IW,VV|VH,ascending,15,32637,,L1,"[7.744369, 44.361828, 11.367418, 46.262676]",11,https://stac.dataspace.copernicus.eu/v1/collections/sentinel-1-grd/items/S1A_IW_GRDH_1SDV_20200519T171458_20200519T171523_032637_03C7B2_C062_COG
S1A_IW_GRDH_1SDV_20200523T053525_20200523T053550_032688_03C942_6DD6_COG,OK,CACHE,0,sentinel-1a,2020-05-23T05:35:25.963214Z,2020-05-23T05:35:50.960827Z,IW,VV|VH,descending,66,32688,,L1,"[6.576597, 45.019207, 10.221677, 46.922852]",11,https://stac.dataspace.copernicus.eu/v1/collections/sentinel-1-grd/items/S1A_IW_GRDH_1SDV_20200523T053525_20200523T053550_032688_03C942_6DD6_COG
S1A_IW_GRDH_1SDV_20200523T053525_20200523T053550_032688_03C942_71CA_COG,OK,CACHE,0,sentinel-1a,2020-05-23T05:35:25.649267Z,2020-05-23T05:35:50.648326Z,IW,VV|VH,descending,66,32688,,L1,"[6.530169, 45.037937, 10.228005, 46.94698]",11,https://stac.dataspace.copernicus.eu/v1/collections/sentinel-1-grd/items/S1A_IW_GRDH_1SDV_20200523T053525_20200523T053550_032688_03C942_71CA_COG
S1A_IW_GRDH_1SDV_20200523T053550_20200523T053615_032688_03C942_1C54_COG,OK,CACHE,0,sentinel-1a,2020-05-23T05:35:50.962447Z,2020-05-23T05:36:15.961570Z,IW,VV|VH,descending,66,32688,,L1,"[6.250047, 43.519958, 9.840395, 45.420162]",11,https://stac.dataspace.copernicus.eu/v1/collections/sentinel-1-grd/items/S1A_IW_GRDH_1SDV_20200523T053550_20200523T053615_032688_03C942_1C54_COG
S1A_IW_GRDH_1SDV_20200523T053550_20200523T053615_032688_03C942_CDBC_COG,OK,CACHE,0,sentinel-1a,2020-05-23T05:35:50.649826Z,2020-05-23T05:36:15.648886Z,IW,VV|VH,descending,66,32688,,L1,"[6.204872, 43.538712, 9.845612, 45.444344]",11,https://stac.dataspace.copernicus.eu/v1/collections/sentinel-1-grd/items/S1A_IW_GRDH_1SDV_20200523T053550_20200523T053615_032688_03C942_CDBC_COG
S1A_IW_GRDH_1SDV_20200524T172305_20200524T172330_032710_03C9F5_5ED2_COG,OK,CACHE,0,sentinel-1a,2020-05-24T17:23:05.142174Z,2020-05-24T17:23:30.139937Z,IW,VV|VH,ascending,88,32710,,L1,"[5.806849, 43.921947, 9.417234, 45.820606]",11,https://stac.dataspace.copernicus.eu/v1/collections/sentinel-1-grd/items/S1A_IW_GRDH_1SDV_20200524T172305_20200524T172330_032710_03C9F5_5ED2_COG
S1A_IW_GRDH_1SDV_20200524T172305_20200524T172330_032710_03C9F5_947D_COG,OK,CACHE,0,sentinel-1a,2020-05-24T17:23:05.142173Z,2020-05-24T17:23:30.139937Z,IW,VV|VH,ascending,88,32710,,L1,"[5.806849, 43.921947, 9.417233, 45.820606]",11,https://stac.dataspace.copernicus.eu/v1/collections/sentinel-1-grd/items/S1A_IW_GRDH_1SDV_20200524T172305_20200524T172330_032710_03C9F5_947D_COG
S1A_IW_GRDH_1SDV_20200524T172330_20200524T172355_032710_03C9F5_8AE4_COG,OK,CACHE,0,sentinel-1a,2020-05-24T17:23:30.141434Z,2020-05-24T17:23:55.140695Z,IW,VV|VH,ascending,88,32710,,L1,"[5.359471, 45.420738, 9.08797, 47.316864]",11,https://stac.dataspace.copernicus.eu/v1/collections/sentinel-1-grd/items/S1A_IW_GRDH_1SDV_20200524T172330_20200524T172355_032710_03C9F5_8AE4_COG
S1A_IW_GRDH_1SDV_20200524T172330_20200524T172355_032710_03C9F5_C202_COG,OK,CACHE,0,sentinel-1a,2020-05-24T17:23:30.141435Z,2020-05-24T17:23:55.140695Z,IW,VV|VH,ascending,88,32710,,L1,"[5.359471, 45.420738, 9.08797, 47.316864]",11,https://stac.dataspace.copernicus.eu/v1/collections/sentinel-1-grd/items/S1A_IW_GRDH_1SDV_20200524T172330_20200524T172355_032710_03C9F5_C202_COG
S1A_IW_GRDH_1SDV_20200530T052708_20200530T052733_032790_03CC56_262D_COG,OK,CACHE,0,sentinel-1a,2020-05-30T05:27:08.019344Z,2020-05-30T05:27:33.017144Z,IW,VV|VH,descending,168,32790,,L1,"[8.693089, 45.29768, 12.36397, 47.201366]",11,https://stac.dataspace.copernicus.eu/v1/collections/sentinel-1-grd/items/S1A_IW_GRDH_1SDV_20200530T052708_20200530T052733_032790_03CC56_262D_COG
S1A_IW_GRDH_1SDV_20200530T052713_20200530T052738_032790_03CC56_834D_COG,OK,CACHE,0,sentinel-1a,2020-05-30T05:27:13.341542Z,2020-05-30T05:27:38.339248Z,IW,VV|VH,descending,168,32790,,L1,"[8.577052, 44.97855, 12.280022, 46.886627]",11,https://stac.dataspace.copernicus.eu/v1/collections/sentinel-1-grd/items/S1A_IW_GRDH_1SDV_20200530T052713_20200530T052738_032790_03CC56_834D_COG
S1A_IW_GRDH_1SDV_20200530T052733_20200530T052758_032790_03CC56_BFBE_COG,OK,CACHE,0,sentinel-1a,2020-05-30T05:27:33.018671Z,2020-05-30T05:27:58.017972Z,IW,VV|VH,descending,168,32790,,L1,"[8.358839, 43.799557, 11.976995, 45.699154]",11,https://stac.dataspace.copernicus.eu/v1/collections/sentinel-1-grd/items/S1A_IW_GRDH_1SDV_20200530T052733_20200530T052758_032790_03CC56_BFBE_COG
S1A_IW_GRDH_1SDV_20200530T052738_20200530T052803_032790_03CC56_5E38_COG,OK,CACHE,0,sentinel-1a,2020-05-30T05:27:38.340748Z,2020-05-30T05:28:03.339955Z,IW,VV|VH,descending,168,32790,,L1,"[8.247176, 43.479942, 11.888798, 45.385021]",11,https://stac.dataspace.copernicus.eu/v1/collections/sentinel-1-grd/items/S1A_IW_GRDH_1SDV_20200530T052738_20200530T052803_032790_03CC56_5E38_COG
S1A_IW_GRDH_1SDV_20200531T171459_20200531T171524_032812_03CCF9_1F54_COG,OK,CACHE,0,sentinel-1a,2020-05-31T17:14:59.172334Z,2020-05-31T17:15:24.170007Z,IW,VV|VH,ascending,15,32812,,L1,"[7.743735, 44.361794, 11.366829, 46.262695]",11,https://stac.dataspace.copernicus.eu/v1/collections/sentinel-1-grd/items/S1A_IW_GRDH_1SDV_20200531T171459_20200531T171524_032812_03CCF9_1F54_COG
S1A_IW_GRDH_1SDV_20200531T171459_20200531T171524_032812_03CCF9_4EA1_COG,OK,CACHE,0,sentinel-1a,2020-05-31T17:14:59.172334Z,2020-05-31T17:15:24.170008Z,IW,VV|VH,ascending,15,32812,,L1,"[7.743735, 44.361797, 11.366828, 46.262695]",11,https://stac.dataspace.copernicus.eu/v1/collections/sentinel-1-grd/items/S1A_IW_GRDH_1SDV_20200531T171459_20200531T171524_032812_03CCF9_4EA1_COG
S1A_IW_GRDH_1SDV_20200604T053526_20200604T053551_032863_03CE73_21C8_COG,OK,CACHE,0,sentinel-1a,2020-06-04T05:35:26.208946Z,2020-06-04T05:35:51.206483Z,IW,VV|VH,descending,66,32863,,L1,"[6.530621, 45.037964, 10.228292, 46.946869]",11,https://stac.dataspace.copernicus.eu/v1/collections/sentinel-1-grd/items/S1A_IW_GRDH_1SDV_20200604T053526_20200604T053551_032863_03CE73_21C8_COG
S1A_IW_GRDH_1SDV_20200604T053526_20200604T053551_032863_03CE73_3390_COG,OK,CACHE,0,sentinel-1a,2020-06-04T05:35:26.003942Z,2020-06-04T05:35:51.002214Z,IW,VV|VH,descending,66,32863,,L1,"[6.583824, 45.05019, 10.232943, 46.953732]",11,https://stac.dataspace.copernicus.eu/v1/collections/sentinel-1-grd/items/S1A_IW_GRDH_1SDV_20200604T053526_20200604T053551_032863_03CE73_3390_COG
S1A_IW_GRDH_1SDV_20200604T053551_20200604T053616_032863_03CE73_3A18_COG,OK,CACHE,0,sentinel-1a,2020-06-04T05:35:51.207983Z,2020-06-04T05:36:16.207020Z,IW,VV|VH,descending,66,32863,,L1,"[6.205228, 43.538738, 9.845945, 45.444336]",11,https://stac.dataspace.copernicus.eu/v1/collections/sentinel-1-grd/items/S1A_IW_GRDH_1SDV_20200604T053551_20200604T053616_032863_03CE73_3A18_COG
S1A_IW_GRDH_1SDV_20200604T053551_20200604T053616_032863_03CE73_5899_COG,OK,CACHE,0,sentinel-1a,2020-06-04T05:35:51.003693Z,2020-06-04T05:36:16.001963Z,IW,VV|VH,descending,66,32863,,L1,"[6.257121, 43.551037, 9.849507, 45.451138]",11,https://stac.dataspace.copernicus.eu/v1/collections/sentinel-1-grd/items/S1A_IW_GRDH_1SDV_20200604T053551_20200604T053616_032863_03CE73_5899_COG
S1A_IW_GRDH_1SDV_20200605T172305_20200605T172330_032885_03CF21_031B_COG,OK,CACHE,0,sentinel-1a,2020-06-05T17:23:05.742596Z,2020-06-05T17:23:30.741823Z,IW,VV|VH,ascending,88,32885,,L1,"[5.808527, 43.922047, 9.418903, 45.820747]",11,https://stac.dataspace.copernicus.eu/v1/collections/sentinel-1-grd/items/S1A_IW_GRDH_1SDV_20200605T172305_20200605T172330_032885_03CF21_031B_COG
S1A_IW_GRDH_1SDV_20200605T172305_20200605T172330_032885_03CF21_325C_COG,OK,CACHE,0,sentinel-1a,2020-06-05T17:23:05.742597Z,2020-06-05T17:23:30.741825Z,IW,VV|VH,ascending,88,32885,,L1,"[5.808526, 43.922047, 9.418903, 45.820744]",11,https://stac.dataspace.copernicus.eu/v1/collections/sentinel-1-grd/items/S1A_IW_GRDH_1SDV_20200605T172305_20200605T172330_032885_03CF21_325C_COG
S1A_IW_GRDH_1SDV_20200605T172330_20200605T172355_032885_03CF21_1861_COG,OK,CACHE,0,sentinel-1a,2020-06-05T17:23:30.743321Z,2020-06-05T17:23:55.741050Z,IW,VV|VH,ascending,88,32885,,L1,"[5.361388, 45.420933, 9.089671, 47.316936]",11,https://stac.dataspace.copernicus.eu/v1/collections/sentinel-1-grd/items/S1A_IW_GRDH_1SDV_20200605T172330_20200605T172355_032885_03CF21_1861_COG
S1A_IW_GRDH_1SDV_20200605T172330_20200605T172355_032885_03CF21_5AFF_COG,OK,CACHE,0,sentinel-1a,2020-06-05T17:23:30.743322Z,2020-06-05T17:23:55.741052Z,IW,VV|VH,ascending,88,32885,,L1,"[5.361388, 45.420933, 9.089671, 47.316936]",11,https://stac.dataspace.copernicus.eu/v1/collections/sentinel-1-grd/items/S1A_IW_GRDH_1SDV_20200605T172330_20200605T172355_032885_03CF21_5AFF_COG
S1A_IW_GRDH_1SDV_20200611T052708_20200611T052733_032965_03D183_3D6A_COG,OK,CACHE,0,sentinel-1a,2020-06-11T05:27:08.910364Z,2020-06-11T05:27:33.908184Z,IW,VV|VH,descending,168,32965,,L1,"[8.690523, 45.288776, 12.361865, 47.192375]",11,https://stac.dataspace.copernicus.eu/v1/collections/sentinel-1-grd/items/S1A_IW_GRDH_1SDV_20200611T052708_20200611T052733_032965_03D183_3D6A_COG
S1A_IW_GRDH_1SDV_20200611T052714_20200611T052739_032965_03D183_2835_COG,OK,CACHE,0,sentinel-1a,2020-06-11T05:27:14.083835Z,2020-06-11T05:27:39.083061Z,IW,VV|VH,descending,168,32965,,L1,"[8.576376, 44.978485, 12.279317, 46.88662]",11,https://stac.dataspace.copernicus.eu/v1/collections/sentinel-1-grd/items/S1A_IW_GRDH_1SDV_20200611T052714_20200611T052739_032965_03D183_2835_COG
S1A_IW_GRDH_1SDV_20200611T052733_20200611T052758_032965_03D183_2C16_COG,OK,CACHE,0,sentinel-1a,2020-06-11T05:27:33.909722Z,2020-06-11T05:27:58.907547Z,IW,VV|VH,descending,168,32965,,L1,"[8.356799, 43.790627, 11.973958, 45.690216]",11,https://stac.dataspace.copernicus.eu/v1/collections/sentinel-1-grd/items/S1A_IW_GRDH_1SDV_20200611T052733_20200611T052758_032965_03D183_2C16_COG
S1A_IW_GRDH_1SDV_20200611T052739_20200611T052804_032965_03D183_7B00_COG,OK,CACHE,0,sentinel-1a,2020-06-11T05:27:39.084561Z,2020-06-11T05:28:04.082287Z,IW,VV|VH,descending,168,32965,,L1,"[8.246562, 43.479961, 11.888126, 45.384918]",11,https://stac.dataspace.copernicus.eu/v1/collections/sentinel-1-grd/items/S1A_IW_GRDH_1SDV_20200611T052739_20200611T052804_032965_03D183_7B00_COG
S1A_IW_GRDH_1SDV_20200612T171459_20200612T171524_032987_03D225_97C7_COG,OK,CACHE,0,sentinel-1a,2020-06-12T17:14:59.958967Z,2020-06-12T17:15:24.958095Z,IW,VV|VH,ascending,15,32987,,L1,"[7.743879, 44.361874, 11.366859, 46.262829]",11,https://stac.dataspace.copernicus.eu/v1/collections/sentinel-1-grd/items/S1A_IW_GRDH_1SDV_20200612T171459_20200612T171524_032987_03D225_97C7_COG
S1A_IW_GRDH_1SDV_20200612T171459_20200612T171524_032987_03D225_AA71_COG,OK,CACHE,0,sentinel-1a,2020-06-12T17:14:59.958967Z,2020-06-12T17:15:24.958096Z,IW,VV|VH,ascending,15,32987,,L1,"[7.743878, 44.361874, 11.366858, 46.262829]",11,https://stac.dataspace.copernicus.eu/v1/collections/sentinel-1-grd/items/S1A_IW_GRDH_1SDV_20200612T171459_20200612T171524_032987_03D225_AA71_COG
S1A_IW_GRDH_1SDV_20200616T053526_20200616T053551_033038_03D3B4_1090_COG,OK,CACHE,0,sentinel-1a,2020-06-16T05:35:26.880020Z,2020-06-16T05:35:51.879073Z,IW,VV|VH,descending,66,33038,,L1,"[6.58315, 45.050705, 10.232759, 46.954288]",11,https://stac.dataspace.copernicus.eu/v1/collections/sentinel-1-grd/items/S1A_IW_GRDH_1SDV_20200616T053526_20200616T053551_033038_03D3B4_1090_COG
S1A_IW_GRDH_1SDV_20200616T053527_20200616T053552_033038_03D3B4_9201_COG,OK,CACHE,0,sentinel-1a,2020-06-16T05:35:27.094905Z,2020-06-16T05:35:52.093916Z,IW,VV|VH,descending,66,33038,,L1,"[6.529801, 45.037849, 10.227518, 46.946861]",11,https://stac.dataspace.copernicus.eu/v1/collections/sentinel-1-grd/items/S1A_IW_GRDH_1SDV_20200616T053527_20200616T053552_033038_03D3B4_9201_COG
S1A_IW_GRDH_1SDV_20200616T053551_20200616T053616_033038_03D3B4_D456_COG,OK,CACHE,0,sentinel-1a,2020-06-16T05:35:51.880680Z,2020-06-16T05:36:16.878246Z,IW,VV|VH,descending,66,33038,,L1,"[6.256413, 43.55159, 9.848879, 45.451664]",11,https://stac.dataspace.copernicus.eu/v1/collections/sentinel-1-grd/items/S1A_IW_GRDH_1SDV_20200616T053551_20200616T053616_033038_03D3B4_D456_COG
S1A_IW_GRDH_1SDV_20200616T053552_20200616T053617_033038_03D3B4_84EA_COG,OK,CACHE,0,sentinel-1a,2020-06-16T05:35:52.095417Z,2020-06-16T05:36:17.092928Z,IW,VV|VH,descending,66,33038,,L1,"[6.204403, 43.538712, 9.845115, 45.444241]",11,https://stac.dataspace.copernicus.eu/v1/collections/sentinel-1-grd/items/S1A_IW_GRDH_1SDV_20200616T053552_20200616T053617_033038_03D3B4_84EA_COG
S1A_IW_GRDH_1SDV_20200617T172306_20200617T172331_033060_03D465_6F64_COG,OK,CACHE,0,sentinel-1a,2020-06-17T17:23:06.528537Z,2020-06-17T17:23:31.526364Z,IW,VV|VH,ascending,88,33060,,L1,"[5.807214, 43.922001, 9.417574, 45.820629]",11,https://stac.dataspace.copernicus.eu/v1/collections/sentinel-1-grd/items/S1A_IW_GRDH_1SDV_20200617T172306_20200617T172331_033060_03D465_6F64_COG
S1A_IW_GRDH_1SDV_20200617T172306_20200617T172331_033060_03D465_BD2F_COG,OK,CACHE,0,sentinel-1a,2020-06-17T17:23:06.528537Z,2020-06-17T17:23:31.526364Z,IW,VV|VH,ascending,88,33060,,L1,"[5.807213, 43.922001, 9.417574, 45.820629]",11,https://stac.dataspace.copernicus.eu/v1/collections/sentinel-1-grd/items/S1A_IW_GRDH_1SDV_20200617T172306_20200617T172331_033060_03D465_BD2F_COG
S1A_IW_GRDH_1SDV_20200617T172331_20200617T172356_033060_03D465_16C1_COG,OK,CACHE,0,sentinel-1a,2020-06-17T17:23:31.527862Z,2020-06-17T17:23:56.525689Z,IW,VV|VH,ascending,88,33060,,L1,"[5.3599, 45.420795, 9.088473, 47.316814]",11,https://stac.dataspace.copernicus.eu/v1/collections/sentinel-1-grd/items/S1A_IW_GRDH_1SDV_20200617T172331_20200617T172356_033060_03D465_16C1_COG
S1A_IW_GRDH_1SDV_20200617T172331_20200617T172356_033060_03D465_3DD7_COG,OK,CACHE,0,sentinel-1a,2020-06-17T17:23:31.527862Z,2020-06-17T17:23:56.525689Z,IW,VV|VH,ascending,88,33060,,L1,"[5.3599, 45.420799, 9.088473, 47.316814]",11,https://stac.dataspace.copernicus.eu/v1/collections/sentinel-1-grd/items/S1A_IW_GRDH_1SDV_20200617T172331_20200617T172356_033060_03D465_3DD7_COG
S1A_IW_GRDH_1SDV_20200623T052709_20200623T052734_033140_03D6D5_8DFE_COG,OK,CACHE,0,sentinel-1a,2020-06-23T05:27:09.967108Z,2020-06-23T05:27:34.964904Z,IW,VV|VH,descending,168,33140,,L1,"[8.684675, 45.26635, 12.357342, 47.169785]",11,https://stac.dataspace.copernicus.eu/v1/collections/sentinel-1-grd/items/S1A_IW_GRDH_1SDV_20200623T052709_20200623T052734_033140_03D6D5_8DFE_COG
S1A_IW_GRDH_1SDV_20200623T052714_20200623T052739_033140_03D6D5_79B2_COG,OK,CACHE,0,sentinel-1a,2020-06-23T05:27:14.768482Z,2020-06-23T05:27:39.766184Z,IW,VV|VH,descending,168,33140,,L1,"[8.575295, 44.978493, 12.277587, 46.886555]",11,https://stac.dataspace.copernicus.eu/v1/collections/sentinel-1-grd/items/S1A_IW_GRDH_1SDV_20200623T052714_20200623T052739_033140_03D6D5_79B2_COG
S1A_IW_GRDH_1SDV_20200623T052734_20200623T052759_033140_03D6D5_C9BA_COG,OK,CACHE,0,sentinel-1a,2020-06-23T05:27:34.966412Z,2020-06-23T05:27:59.965707Z,IW,VV|VH,descending,168,33140,,L1,"[8.352203, 43.767811, 11.966909, 45.667774]",11,https://stac.dataspace.copernicus.eu/v1/collections/sentinel-1-grd/items/S1A_IW_GRDH_1SDV_20200623T052734_20200623T052759_033140_03D6D5_C9BA_COG
S1A_IW_GRDH_1SDV_20200623T052739_20200623T052804_033140_03D6D5_A92E_COG,OK,CACHE,0,sentinel-1a,2020-06-23T05:27:39.767684Z,2020-06-23T05:28:04.766887Z,IW,VV|VH,descending,168,33140,,L1,"[8.245502, 43.479874, 11.887054, 45.384884]",11,https://stac.dataspace.copernicus.eu/v1/collections/sentinel-1-grd/items/S1A_IW_GRDH_1SDV_20200623T052739_20200623T052804_033140_03D6D5_A92E_COG
S1A_IW_GRDH_1SDV_20200624T171500_20200624T171525_033162_03D77A_4CC4_COG,OK,CACHE,0,sentinel-1a,2020-06-24T17:15:00.611760Z,2020-06-24T17:15:25.610899Z,IW,VV|VH,ascending,15,33162,,L1,"[7.744204, 44.361893, 11.367162, 46.262833]",11,https://stac.dataspace.copernicus.eu/v1/collections/sentinel-1-grd/items/S1A_IW_GRDH_1SDV_20200624T171500_20200624T171525_033162_03D77A_4CC4_COG
S1A_IW_GRDH_1SDV_20200624T171500_20200624T171525_033162_03D77A_7B97_COG,OK,CACHE,0,sentinel-1a,2020-06-24T17:15:00.611760Z,2020-06-24T17:15:25.610900Z,IW,VV|VH,ascending,15,33162,,L1,"[7.744204, 44.361897, 11.367162, 46.262836]",11,https://stac.dataspace.copernicus.eu/v1/collections/sentinel-1-grd/items/S1A_IW_GRDH_1SDV_20200624T171500_20200624T171525_033162_03D77A_7B97_COG
S1A_IW_GRDH_1SDV_20200628T053527_20200628T053552_033213_03D905_D3E4_COG,OK,CACHE,0,sentinel-1a,2020-06-28T05:35:27.695821Z,2020-06-28T05:35:52.694826Z,IW,VV|VH,descending,66,33213,,L1,"[6.531122, 45.037815, 10.228868, 46.946873]",11,https://stac.dataspace.copernicus.eu/v1/collections/sentinel-1-grd/items/S1A_IW_GRDH_1SDV_20200628T053527_20200628T053552_033213_03D905_D3E4_COG
S1A_IW_GRDH_1SDV_20200628T053528_20200628T053553_033213_03D905_6DEE_COG,OK,CACHE,0,sentinel-1a,2020-06-28T05:35:28.036224Z,2020-06-28T05:35:53.035267Z,IW,VV|VH,descending,66,33213,,L1,"[6.57705, 45.01741, 10.221967, 46.921181]",11,https://stac.dataspace.copernicus.eu/v1/collections/sentinel-1-grd/items/S1A_IW_GRDH_1SDV_20200628T053528_20200628T053553_033213_03D905_6DEE_COG
S1A_IW_GRDH_1SDV_20200628T053552_20200628T053617_033213_03D905_D6DB_COG,OK,CACHE,0,sentinel-1a,2020-06-28T05:35:52.696327Z,2020-06-28T05:36:17.693832Z,IW,VV|VH,descending,66,33213,,L1,"[6.205681, 43.538685, 9.846425, 45.444256]",11,https://stac.dataspace.copernicus.eu/v1/collections/sentinel-1-grd/items/S1A_IW_GRDH_1SDV_20200628T053552_20200628T053617_033213_03D905_D6DB_COG
S1A_IW_GRDH_1SDV_20200628T053553_20200628T053618_033213_03D905_4DDF_COG,OK,CACHE,0,sentinel-1a,2020-06-28T05:35:53.036906Z,2020-06-28T05:36:18.034464Z,IW,VV|VH,descending,66,33213,,L1,"[6.250493, 43.518253, 9.840733, 45.4184]",11,https://stac.dataspace.copernicus.eu/v1/collections/sentinel-1-grd/items/S1A_IW_GRDH_1SDV_20200628T053553_20200628T053618_033213_03D905_4DDF_COG
S1A_IW_GRDH_1SDV_20200629T172307_20200629T172332_033235_03D9B6_6B1E_COG,OK,CACHE,0,sentinel-1a,2020-06-29T17:23:07.112610Z,2020-06-29T17:23:32.111960Z,IW,VV|VH,ascending,88,33235,,L1,"[5.806714, 43.921883, 9.417258, 45.820671]",11,https://stac.dataspace.copernicus.eu/v1/collections/sentinel-1-grd/items/S1A_IW_GRDH_1SDV_20200629T172307_20200629T172332_033235_03D9B6_6B1E_COG
S1A_IW_GRDH_1SDV_20200629T172307_20200629T172332_033235_03D9B6_F68E_COG,OK,CACHE,0,sentinel-1a,2020-06-29T17:23:07.112610Z,2020-06-29T17:23:32.111960Z,IW,VV|VH,ascending,88,33235,,L1,"[5.806715, 43.921879, 9.417259, 45.820667]",11,https://stac.dataspace.copernicus.eu/v1/collections/sentinel-1-grd/items/S1A_IW_GRDH_1SDV_20200629T172307_20200629T172332_033235_03D9B6_F68E_COG
S1A_IW_GRDH_1SDV_20200629T172332_20200629T172357_033235_03D9B6_0287_COG,OK,CACHE,0,sentinel-1a,2020-06-29T17:23:32.113457Z,2020-06-29T17:23:57.111310Z,IW,VV|VH,ascending,88,33235,,L1,"[5.35934, 45.420761, 9.087958, 47.316833]",11,https://stac.dataspace.copernicus.eu/v1/collections/sentinel-1-grd/items/S1A_IW_GRDH_1SDV_20200629T172332_20200629T172357_033235_03D9B6_0287_COG
S1A_IW_GRDH_1SDV_20200629T172332_20200629T172357_033235_03D9B6_6F6F_COG,OK,CACHE,0,sentinel-1a,2020-06-29T17:23:32.113457Z,2020-06-29T17:23:57.111309Z,IW,VV|VH,ascending,88,33235,,L1,"[5.35934, 45.420761, 9.087958, 47.316837]",11,https://stac.dataspace.copernicus.eu/v1/collections/sentinel-1-grd/items/S1A_IW_GRDH_1SDV_20200629T172332_20200629T172357_033235_03D9B6_6F6F_COG
S1A_IW_GRDH_1SDV_20200705T052710_20200705T052735_033315_03DC22_AA93_COG,OK,CACHE,0,sentinel-1a,2020-07-05T05:27:10.043497Z,2020-07-05T05:27:35.042729Z,IW,VV|VH,descending,168,33315,,L1,"[8.690862, 45.294697, 12.361827, 47.19836]",11,https://stac.dataspace.copernicus.eu/v1/collections/sentinel-1-grd/items/S1A_IW_GRDH_1SDV_20200705T052710_20200705T052735_033315_03DC22_AA93_COG
S1A_IW_GRDH_1SDV_20200705T052715_20200705T052740_033315_03DC22_8B5D_COG,OK,CACHE,0,sentinel-1a,2020-07-05T05:27:15.317625Z,2020-07-05T05:27:40.316771Z,IW,VV|VH,descending,168,33315,,L1,"[8.575454, 44.978451, 12.278135, 46.886543]",11,https://stac.dataspace.copernicus.eu/v1/collections/sentinel-1-grd/items/S1A_IW_GRDH_1SDV_20200705T052715_20200705T052740_033315_03DC22_8B5D_COG
S1A_IW_GRDH_1SDV_20200705T052735_20200705T052800_033315_03DC22_29F5_COG,OK,CACHE,0,sentinel-1a,2020-07-05T05:27:35.044227Z,2020-07-05T05:28:00.041961Z,IW,VV|VH,descending,168,33315,,L1,"[8.356848, 43.796623, 11.974627, 45.696072]",11,https://stac.dataspace.copernicus.eu/v1/collections/sentinel-1-grd/items/S1A_IW_GRDH_1SDV_20200705T052735_20200705T052800_033315_03DC22_29F5_COG
S1A_IW_GRDH_1SDV_20200705T052740_20200705T052805_033315_03DC22_8E7F_COG,OK,CACHE,0,sentinel-1a,2020-07-05T05:27:40.318215Z,2020-07-05T05:28:05.315858Z,IW,VV|VH,descending,168,33315,,L1,"[8.245826, 43.479923, 11.887217, 45.384808]",11,https://stac.dataspace.copernicus.eu/v1/collections/sentinel-1-grd/items/S1A_IW_GRDH_1SDV_20200705T052740_20200705T052805_033315_03DC22_8E7F_COG
S1A_IW_GRDH_1SDV_20200706T171501_20200706T171526_033337_03DCC6_90BB_COG,OK,CACHE,0,sentinel-1a,2020-07-06T17:15:01.203535Z,2020-07-06T17:15:26.201212Z,IW,VV|VH,ascending,15,33337,,L1,"[7.745255, 44.361877, 11.36829, 46.262714]",11,https://stac.dataspace.copernicus.eu/v1/collections/sentinel-1-grd/items/S1A_IW_GRDH_1SDV_20200706T171501_20200706T171526_033337_03DCC6_90BB_COG
S1A_IW_GRDH_1SDV_20200706T171501_20200706T171526_033337_03DCC6_C104_COG,OK,CACHE,0,sentinel-1a,2020-07-06T17:15:01.203536Z,2020-07-06T17:15:26.201213Z,IW,VV|VH,ascending,15,33337,,L1,"[7.745255, 44.361877, 11.36829, 46.262711]",11,https://stac.dataspace.copernicus.eu/v1/collections/sentinel-1-grd/items/S1A_IW_GRDH_1SDV_20200706T171501_20200706T171526_033337_03DCC6_C104_COG
S1A_IW_GRDH_1SDV_20200710T053526_20200710T053551_033388_03DE53_D763_COG,OK,CACHE,0,sentinel-1a,2020-07-10T05:35:26.856917Z,2020-07-10T05:35:51.855000Z,IW,VV|VH,descending,66,33388,,L1,"[6.599043, 45.129341, 10.257945, 47.03286]",11,https://stac.dataspace.copernicus.eu/v1/collections/sentinel-1-grd/items/S1A_IW_GRDH_1SDV_20200710T053526_20200710T053551_033388_03DE53_D763_COG
S1A_IW_GRDH_1SDV_20200710T053528_20200710T053553_033388_03DE53_134F_COG,OK,CACHE,0,sentinel-1a,2020-07-10T05:35:28.384962Z,2020-07-10T05:35:53.382426Z,IW,VV|VH,descending,66,33388,,L1,"[6.530845, 45.037804, 10.228535, 46.946747]",11,https://stac.dataspace.copernicus.eu/v1/collections/sentinel-1-grd/items/S1A_IW_GRDH_1SDV_20200710T053528_20200710T053553_033388_03DE53_134F_COG
S1A_IW_GRDH_1SDV_20200710T053551_20200710T053616_033388_03DE53_92FF_COG,OK,CACHE,0,sentinel-1a,2020-07-10T05:35:51.856517Z,2020-07-10T05:36:16.856100Z,IW,VV|VH,descending,66,33388,,L1,"[6.271924, 43.630154, 9.871827, 45.530617]",11,https://stac.dataspace.copernicus.eu/v1/collections/sentinel-1-grd/items/S1A_IW_GRDH_1SDV_20200710T053551_20200710T053616_033388_03DE53_92FF_COG
S1A_IW_GRDH_1SDV_20200710T053553_20200710T053618_033388_03DE53_3E6C_COG,OK,CACHE,0,sentinel-1a,2020-07-10T05:35:53.383926Z,2020-07-10T05:36:18.382890Z,IW,VV|VH,descending,66,33388,,L1,"[6.205529, 43.538582, 9.846153, 45.444206]",11,https://stac.dataspace.copernicus.eu/v1/collections/sentinel-1-grd/items/S1A_IW_GRDH_1SDV_20200710T053553_20200710T053618_033388_03DE53_3E6C_COG
S1A_IW_GRDH_1SDV_20200711T172307_20200711T172332_033410_03DF06_3058_COG,OK,CACHE,0,sentinel-1a,2020-07-11T17:23:07.845684Z,2020-07-11T17:23:32.845048Z,IW,VV|VH,ascending,88,33410,,L1,"[5.806615, 43.921833, 9.417156, 45.820629]",11,https://stac.dataspace.copernicus.eu/v1/collections/sentinel-1-grd/items/S1A_IW_GRDH_1SDV_20200711T172307_20200711T172332_033410_03DF06_3058_COG
S1A_IW_GRDH_1SDV_20200711T172307_20200711T172332_033410_03DF06_6663_COG,OK,CACHE,0,sentinel-1a,2020-07-11T17:23:07.845683Z,2020-07-11T17:23:32.845046Z,IW,VV|VH,ascending,88,33410,,L1,"[5.806616, 43.921833, 9.417157, 45.820629]",11,https://stac.dataspace.copernicus.eu/v1/collections/sentinel-1-grd/items/S1A_IW_GRDH_1SDV_20200711T172307_20200711T172332_033410_03DF06_6663_COG
S1A_IW_GRDH_1SDV_20200711T172332_20200711T172357_033410_03DF06_12E6_COG,OK,CACHE,0,sentinel-1a,2020-07-11T17:23:32.846545Z,2020-07-11T17:23:57.844411Z,IW,VV|VH,ascending,88,33410,,L1,"[5.359241, 45.420715, 9.087855, 47.316795]",11,https://stac.dataspace.copernicus.eu/v1/collections/sentinel-1-grd/items/S1A_IW_GRDH_1SDV_20200711T172332_20200711T172357_033410_03DF06_12E6_COG
S1A_IW_GRDH_1SDV_20200711T172332_20200711T172357_033410_03DF06_F831_COG,OK,CACHE,0,sentinel-1a,2020-07-11T17:23:32.846544Z,2020-07-11T17:23:57.844409Z,IW,VV|VH,ascending,88,33410,,L1,"[5.359241, 45.420715, 9.087856, 47.316795]",11,https://stac.dataspace.copernicus.eu/v1/collections/sentinel-1-grd/items/S1A_IW_GRDH_1SDV_20200711T172332_20200711T172357_033410_03DF06_F831_COG
S1A_IW_GRDH_1SDV_20200717T052710_20200717T052735_033490_03E17A_CBAD_COG,OK,CACHE,0,sentinel-1a,2020-07-17T05:27:10.980645Z,2020-07-17T05:27:35.978462Z,IW,VV|VH,descending,168,33490,,L1,"[8.688963, 45.282635, 12.360673, 47.186184]",11,https://stac.dataspace.copernicus.eu/v1/collections/sentinel-1-grd/items/S1A_IW_GRDH_1SDV_20200717T052710_20200717T052735_033490_03E17A_CBAD_COG
S1A_IW_GRDH_1SDV_20200717T052716_20200717T052741_033490_03E17A_E443_COG,OK,CACHE,0,sentinel-1a,2020-07-17T05:27:16.053320Z,2020-07-17T05:27:41.052532Z,IW,VV|VH,descending,168,33490,,L1,"[8.576102, 44.978397, 12.279025, 46.886517]",11,https://stac.dataspace.copernicus.eu/v1/collections/sentinel-1-grd/items/S1A_IW_GRDH_1SDV_20200717T052716_20200717T052741_033490_03E17A_E443_COG
S1A_IW_GRDH_1SDV_20200717T052735_20200717T052800_033490_03E17A_A7DC_COG,OK,CACHE,0,sentinel-1a,2020-07-17T05:27:35.979967Z,2020-07-17T05:28:00.979283Z,IW,VV|VH,descending,168,33490,,L1,"[8.355575, 43.784309, 11.972067, 45.684071]",11,https://stac.dataspace.copernicus.eu/v1/collections/sentinel-1-grd/items/S1A_IW_GRDH_1SDV_20200717T052735_20200717T052800_033490_03E17A_A7DC_COG
S1A_IW_GRDH_1SDV_20200717T052741_20200717T052806_033490_03E17A_0A22_COG,OK,CACHE,0,sentinel-1a,2020-07-17T05:27:41.054032Z,2020-07-17T05:28:06.053245Z,IW,VV|VH,descending,168,33490,,L1,"[8.246283, 43.479778, 11.88785, 45.384815]",11,https://stac.dataspace.copernicus.eu/v1/collections/sentinel-1-grd/items/S1A_IW_GRDH_1SDV_20200717T052741_20200717T052806_033490_03E17A_0A22_COG
S1A_IW_GRDH_1SDV_20200718T171501_20200718T171526_033512_03E220_15E5_COG,OK,CACHE,0,sentinel-1a,2020-07-18T17:15:01.986881Z,2020-07-18T17:15:26.985984Z,IW,VV|VH,ascending,15,33512,,L1,"[7.744483, 44.361935, 11.367443, 46.262856]",11,https://stac.dataspace.copernicus.eu/v1/collections/sentinel-1-grd/items/S1A_IW_GRDH_1SDV_20200718T171501_20200718T171526_033512_03E220_15E5_COG
S1A_IW_GRDH_1SDV_20200718T171501_20200718T171526_033512_03E220_FDAC_COG,OK,CACHE,0,sentinel-1a,2020-07-18T17:15:01.986879Z,2020-07-18T17:15:26.985982Z,IW,VV|VH,ascending,15,33512,,L1,"[7.744483, 44.361935, 11.367444, 46.262856]",11,https://stac.dataspace.copernicus.eu/v1/collections/sentinel-1-grd/items/S1A_IW_GRDH_1SDV_20200718T171501_20200718T171526_033512_03E220_FDAC_COG
S1A_IW_GRDH_1SDV_20200722T053529_20200722T053554_033563_03E3B0_B022_COG,OK,CACHE,0,sentinel-1a,2020-07-22T05:35:29.256650Z,2020-07-22T05:35:54.255657Z,IW,VV|VH,descending,66,33563,,L1,"[6.529801, 45.037811, 10.227506, 46.946819]",11,https://stac.dataspace.copernicus.eu/v1/collections/sentinel-1-grd/items/S1A_IW_GRDH_1SDV_20200722T053529_20200722T053554_033563_03E3B0_B022_COG
S1A_IW_GRDH_1SDV_20200722T053529_20200722T053554_033563_03E3B0_E743_COG,OK,CACHE,0,sentinel-1a,2020-07-22T05:35:29.857498Z,2020-07-22T05:35:54.856547Z,IW,VV|VH,descending,66,33563,,L1,"[6.572251, 45.001808, 10.214909, 46.90559]",11,https://stac.dataspace.copernicus.eu/v1/collections/sentinel-1-grd/items/S1A_IW_GRDH_1SDV_20200722T053529_20200722T053554_033563_03E3B0_E743_COG
S1A_IW_GRDH_1SDV_20200722T053554_20200722T053619_033563_03E3B0_6A2C_COG,OK,CACHE,0,sentinel-1a,2020-07-22T05:35:54.257157Z,2020-07-22T05:36:19.254663Z,IW,VV|VH,descending,66,33563,,L1,"[6.204412, 43.538677, 9.845115, 45.444199]",11,https://stac.dataspace.copernicus.eu/v1/collections/sentinel-1-grd/items/S1A_IW_GRDH_1SDV_20200722T053554_20200722T053619_033563_03E3B0_6A2C_COG
S1A_IW_GRDH_1SDV_20200722T053554_20200722T053619_033563_03E3B0_F71F_COG,OK,CACHE,0,sentinel-1a,2020-07-22T05:35:54.858187Z,2020-07-22T05:36:19.855752Z,IW,VV|VH,descending,66,33563,,L1,"[6.24585, 43.502625, 9.834991, 45.402733]",11,https://stac.dataspace.copernicus.eu/v1/collections/sentinel-1-grd/items/S1A_IW_GRDH_1SDV_20200722T053554_20200722T053619_033563_03E3B0_F71F_COG
S1A_IW_GRDH_1SDV_20200723T172308_20200723T172333_033585_03E467_29C2_COG,OK,CACHE,0,sentinel-1a,2020-07-23T17:23:08.735497Z,2020-07-23T17:23:33.734735Z,IW,VV|VH,ascending,88,33585,,L1,"[5.807509, 43.922066, 9.417897, 45.820778]",11,https://stac.dataspace.copernicus.eu/v1/collections/sentinel-1-grd/items/S1A_IW_GRDH_1SDV_20200723T172308_20200723T172333_033585_03E467_29C2_COG
S1A_IW_GRDH_1SDV_20200723T172308_20200723T172333_033585_03E467_815B_COG,OK,CACHE,0,sentinel-1a,2020-07-23T17:23:08.735498Z,2020-07-23T17:23:33.734735Z,IW,VV|VH,ascending,88,33585,,L1,"[5.807509, 43.922066, 9.417896, 45.820778]",11,https://stac.dataspace.copernicus.eu/v1/collections/sentinel-1-grd/items/S1A_IW_GRDH_1SDV_20200723T172308_20200723T172333_033585_03E467_815B_COG
S1A_IW_GRDH_1SDV_20200723T172333_20200723T172358_033585_03E467_877E_COG,OK,CACHE,0,sentinel-1a,2020-07-23T17:23:33.736233Z,2020-07-23T17:23:58.733973Z,IW,VV|VH,ascending,88,33585,,L1,"[5.360357, 45.420952, 9.088652, 47.316967]",11,https://stac.dataspace.copernicus.eu/v1/collections/sentinel-1-grd/items/S1A_IW_GRDH_1SDV_20200723T172333_20200723T172358_033585_03E467_877E_COG
S1A_IW_GRDH_1SDV_20200723T172333_20200723T172358_033585_03E467_BA85_COG,OK,CACHE,0,sentinel-1a,2020-07-23T17:23:33.736232Z,2020-07-23T17:23:58.733972Z,IW,VV|VH,ascending,88,33585,,L1,"[5.360358, 45.420952, 9.088653, 47.316967]",11,https://stac.dataspace.copernicus.eu/v1/collections/sentinel-1-grd/items/S1A_IW_GRDH_1SDV_20200723T172333_20200723T172358_033585_03E467_BA85_COG
S1A_IW_GRDH_1SDV_20200729T052711_20200729T052736_033665_03E6D8_062E_COG,OK,CACHE,0,sentinel-1a,2020-07-29T05:27:11.929311Z,2020-07-29T05:27:36.927123Z,IW,VV|VH,descending,168,33665,,L1,"[8.687938, 45.282482, 12.359876, 47.186054]",11,https://stac.dataspace.copernicus.eu/v1/collections/sentinel-1-grd/items/S1A_IW_GRDH_1SDV_20200729T052711_20200729T052736_033665_03E6D8_062E_COG
S1A_IW_GRDH_1SDV_20200729T052717_20200729T052741_033665_03E6D8_FDB1_COG,OK,CACHE,0,sentinel-1a,2020-07-29T05:27:17.000646Z,2020-07-29T05:27:41.998353Z,IW,VV|VH,descending,168,33665,,L1,"[8.575223, 44.978416, 12.277611, 46.886513]",11,https://stac.dataspace.copernicus.eu/v1/collections/sentinel-1-grd/items/S1A_IW_GRDH_1SDV_20200729T052717_20200729T052741_033665_03E6D8_FDB1_COG
S1A_IW_GRDH_1SDV_20200729T052736_20200729T052801_033665_03E6D8_7407_COG,OK,CACHE,0,sentinel-1a,2020-07-29T05:27:36.928666Z,2020-07-29T05:28:01.927981Z,IW,VV|VH,descending,168,33665,,L1,"[8.354736, 43.784145, 11.97116, 45.683933]",11,https://stac.dataspace.copernicus.eu/v1/collections/sentinel-1-grd/items/S1A_IW_GRDH_1SDV_20200729T052736_20200729T052801_033665_03E6D8_7407_COG
S1A_IW_GRDH_1SDV_20200729T052741_20200729T052806_033665_03E6D8_549F_COG,OK,CACHE,0,sentinel-1a,2020-07-29T05:27:41.999825Z,2020-07-29T05:28:06.999031Z,IW,VV|VH,descending,168,33665,,L1,"[8.245379, 43.479805, 11.88697, 45.384853]",11,https://stac.dataspace.copernicus.eu/v1/collections/sentinel-1-grd/items/S1A_IW_GRDH_1SDV_20200729T052741_20200729T052806_033665_03E6D8_549F_COG
S1A_IW_GRDH_1SDV_20200730T171502_20200730T171527_033687_03E77E_0835_COG,OK,CACHE,0,sentinel-1a,2020-07-30T17:15:02.850641Z,2020-07-30T17:15:27.849794Z,IW,VV|VH,ascending,15,33687,,L1,"[7.743274, 44.361904, 11.366337, 46.262859]",11,https://stac.dataspace.copernicus.eu/v1/collections/sentinel-1-grd/items/S1A_IW_GRDH_1SDV_20200730T171502_20200730T171527_033687_03E77E_0835_COG
S1A_IW_GRDH_1SDV_20200730T171502_20200730T171527_033687_03E77E_DB38_COG,OK,CACHE,0,sentinel-1a,2020-07-30T17:15:02.850642Z,2020-07-30T17:15:27.849795Z,IW,VV|VH,ascending,15,33687,,L1,"[7.743274, 44.361904, 11.366337, 46.262859]",11,https://stac.dataspace.copernicus.eu/v1/collections/sentinel-1-grd/items/S1A_IW_GRDH_1SDV_20200730T171502_20200730T171527_033687_03E77E_DB38_COG
S1A_IW_GRDH_1SDV_20200803T053529_20200803T053554_033738_03E909_12B4_COG,OK,CACHE,0,sentinel-1a,2020-08-03T05:35:29.926887Z,2020-08-03T05:35:54.925886Z,IW,VV|VH,descending,66,33738,,L1,"[6.5292, 45.037827, 10.226856, 46.946815]",11,https://stac.dataspace.copernicus.eu/v1/collections/sentinel-1-grd/items/S1A_IW_GRDH_1SDV_20200803T053529_20200803T053554_033738_03E909_12B4_COG
S1A_IW_GRDH_1SDV_20200803T053529_20200803T053554_033738_03E909_EBAB_COG,OK,CACHE,0,sentinel-1a,2020-08-03T05:35:29.959404Z,2020-08-03T05:35:54.958435Z,IW,VV|VH,descending,66,33738,,L1,"[6.579267, 45.035858, 10.226684, 46.939487]",11,https://stac.dataspace.copernicus.eu/v1/collections/sentinel-1-grd/items/S1A_IW_GRDH_1SDV_20200803T053529_20200803T053554_033738_03E909_EBAB_COG
S1A_IW_GRDH_1SDV_20200803T053554_20200803T053619_033738_03E909_9DF8_COG,OK,CACHE,0,sentinel-1a,2020-08-03T05:35:54.927386Z,2020-08-03T05:36:19.926384Z,IW,VV|VH,descending,66,33738,,L1,"[6.203835, 43.538593, 9.844517, 45.444191]",11,https://stac.dataspace.copernicus.eu/v1/collections/sentinel-1-grd/items/S1A_IW_GRDH_1SDV_20200803T053554_20200803T053619_033738_03E909_9DF8_COG
S1A_IW_GRDH_1SDV_20200803T053554_20200803T053619_033738_03E909_D52D_COG,OK,CACHE,0,sentinel-1a,2020-08-03T05:35:54.960065Z,2020-08-03T05:36:19.959109Z,IW,VV|VH,descending,66,33738,,L1,"[6.252515, 43.536633, 9.844092, 45.436798]",11,https://stac.dataspace.copernicus.eu/v1/collections/sentinel-1-grd/items/S1A_IW_GRDH_1SDV_20200803T053554_20200803T053619_033738_03E909_D52D_COG
S1A_IW_GRDH_1SDV_20200804T172309_20200804T172334_033760_03E9BC_1557_COG,OK,CACHE,0,sentinel-1a,2020-08-04T17:23:09.336828Z,2020-08-04T17:23:34.334648Z,IW,VV|VH,ascending,88,33760,,L1,"[5.807424, 43.92205, 9.417788, 45.820679]",11,https://stac.dataspace.copernicus.eu/v1/collections/sentinel-1-grd/items/S1A_IW_GRDH_1SDV_20200804T172309_20200804T172334_033760_03E9BC_1557_COG
S1A_IW_GRDH_1SDV_20200804T172309_20200804T172334_033760_03E9BC_63F2_COG,OK,CACHE,0,sentinel-1a,2020-08-04T17:23:09.336828Z,2020-08-04T17:23:34.334647Z,IW,VV|VH,ascending,88,33760,,L1,"[5.807424, 43.92205, 9.417788, 45.820679]",11,https://stac.dataspace.copernicus.eu/v1/collections/sentinel-1-grd/items/S1A_IW_GRDH_1SDV_20200804T172309_20200804T172334_033760_03E9BC_63F2_COG
S1A_IW_GRDH_1SDV_20200804T172334_20200804T172359_033760_03E9BC_396D_COG,OK,CACHE,0,sentinel-1a,2020-08-04T17:23:34.336145Z,2020-08-04T17:23:59.335462Z,IW,VV|VH,ascending,88,33760,,L1,"[5.360244, 45.420845, 9.088686, 47.316971]",11,https://stac.dataspace.copernicus.eu/v1/collections/sentinel-1-grd/items/S1A_IW_GRDH_1SDV_20200804T172334_20200804T172359_033760_03E9BC_396D_COG
S1A_IW_GRDH_1SDV_20200804T172334_20200804T172359_033760_03E9BC_7D80_COG,OK,CACHE,0,sentinel-1a,2020-08-04T17:23:34.336145Z,2020-08-04T17:23:59.335462Z,IW,VV|VH,ascending,88,33760,,L1,"[5.360244, 45.420845, 9.088687, 47.316971]",11,https://stac.dataspace.copernicus.eu/v1/collections/sentinel-1-grd/items/S1A_IW_GRDH_1SDV_20200804T172334_20200804T172359_033760_03E9BC_7D80_COG
S1A_IW_GRDH_1SDV_20200810T052712_20200810T052737_033840_03EC7E_D41C_COG,OK,CACHE,0,sentinel-1a,2020-08-10T05:27:12.971515Z,2020-08-10T05:27:37.970221Z,IW,VV|VH,descending,168,33840,,L1,"[8.682536, 45.25399, 12.355, 47.157406]",11,https://stac.dataspace.copernicus.eu/v1/collections/sentinel-1-grd/items/S1A_IW_GRDH_1SDV_20200810T052712_20200810T052737_033840_03EC7E_D41C_COG
S1A_IW_GRDH_1SDV_20200810T052717_20200810T052742_033840_03EC7E_670A_COG,OK,CACHE,0,sentinel-1a,2020-08-10T05:27:17.569921Z,2020-08-10T05:27:42.569095Z,IW,VV|VH,descending,168,33840,,L1,"[8.57611, 44.978268, 12.27914, 46.886417]",11,https://stac.dataspace.copernicus.eu/v1/collections/sentinel-1-grd/items/S1A_IW_GRDH_1SDV_20200810T052717_20200810T052742_033840_03EC7E_670A_COG
S1A_IW_GRDH_1SDV_20200810T052737_20200810T052802_033840_03EC7E_3123_COG,OK,CACHE,0,sentinel-1a,2020-08-10T05:27:37.971732Z,2020-08-10T05:28:02.970440Z,IW,VV|VH,descending,168,33840,,L1,"[8.351458, 43.755436, 11.964326, 45.655514]",11,https://stac.dataspace.copernicus.eu/v1/collections/sentinel-1-grd/items/S1A_IW_GRDH_1SDV_20200810T052737_20200810T052802_033840_03EC7E_3123_COG
S1A_IW_GRDH_1SDV_20200810T052742_20200810T052807_033840_03EC7E_A363_COG,OK,CACHE,0,sentinel-1a,2020-08-10T05:27:42.570595Z,2020-08-10T05:28:07.568268Z,IW,VV|VH,descending,168,33840,,L1,"[8.246253, 43.479744, 11.88784, 45.384727]",11,https://stac.dataspace.copernicus.eu/v1/collections/sentinel-1-grd/items/S1A_IW_GRDH_1SDV_20200810T052742_20200810T052807_033840_03EC7E_A363_COG
S1A_IW_GRDH_1SDV_20200811T171503_20200811T171528_033862_03ED41_7BC1_COG,OK,CACHE,0,sentinel-1a,2020-08-11T17:15:03.441611Z,2020-08-11T17:15:28.439310Z,IW,VV|VH,ascending,15,33862,,L1,"[7.742462, 44.361839, 11.365529, 46.262764]",11,https://stac.dataspace.copernicus.eu/v1/collections/sentinel-1-grd/items/S1A_IW_GRDH_1SDV_20200811T171503_20200811T171528_033862_03ED41_7BC1_COG
S1A_IW_GRDH_1SDV_20200811T171503_20200811T171528_033862_03ED41_DDB7_COG,OK,CACHE,0,sentinel-1a,2020-08-11T17:15:03.441611Z,2020-08-11T17:15:28.439310Z,IW,VV|VH,ascending,15,33862,,L1,"[7.742462, 44.361839, 11.365529, 46.262764]",11,https://stac.dataspace.copernicus.eu/v1/collections/sentinel-1-grd/items/S1A_IW_GRDH_1SDV_20200811T171503_20200811T171528_033862_03ED41_DDB7_COG
S1A_IW_GRDH_1SDV_20200815T053530_20200815T053555_033913_03EF0C_5113_COG,OK,CACHE,0,sentinel-1a,2020-08-15T05:35:30.588231Z,2020-08-15T05:35:55.585688Z,IW,VV|VH,descending,66,33913,,L1,"[6.530297, 45.03772, 10.227922, 46.946693]",11,https://stac.dataspace.copernicus.eu/v1/collections/sentinel-1-grd/items/S1A_IW_GRDH_1SDV_20200815T053530_20200815T053555_033913_03EF0C_5113_COG
S1A_IW_GRDH_1SDV_20200815T053530_20200815T053555_033913_03EF0C_655B_COG,OK,CACHE,0,sentinel-1a,2020-08-15T05:35:30.888342Z,2020-08-15T05:35:55.885824Z,IW,VV|VH,descending,66,33913,,L1,"[6.57689, 45.019726, 10.221897, 46.923389]",11,https://stac.dataspace.copernicus.eu/v1/collections/sentinel-1-grd/items/S1A_IW_GRDH_1SDV_20200815T053530_20200815T053555_033913_03EF0C_655B_COG
S1A_IW_GRDH_1SDV_20200815T053555_20200815T053620_033913_03EF0C_AD44_COG,OK,CACHE,0,sentinel-1a,2020-08-15T05:35:55.587188Z,2020-08-15T05:36:20.586146Z,IW,VV|VH,descending,66,33913,,L1,"[6.204967, 43.538494, 9.845594, 45.444141]",11,https://stac.dataspace.copernicus.eu/v1/collections/sentinel-1-grd/items/S1A_IW_GRDH_1SDV_20200815T053555_20200815T053620_033913_03EF0C_AD44_COG
S1A_IW_GRDH_1SDV_20200815T053555_20200815T053620_033913_03EF0C_F272_COG,OK,CACHE,0,sentinel-1a,2020-08-15T05:35:55.887442Z,2020-08-15T05:36:20.886434Z,IW,VV|VH,descending,66,33913,,L1,"[6.250302, 43.520485, 9.840589, 45.4207]",11,https://stac.dataspace.copernicus.eu/v1/collections/sentinel-1-grd/items/S1A_IW_GRDH_1SDV_20200815T053555_20200815T053620_033913_03EF0C_F272_COG
S1A_IW_GRDH_1SDV_20200816T172310_20200816T172335_033935_03EFD4_8AC8_COG,OK,CACHE,0,sentinel-1a,2020-08-16T17:23:10.026974Z,2020-08-16T17:23:35.026339Z,IW,VV|VH,ascending,88,33935,,L1,"[5.806284, 43.921894, 9.41682, 45.820675]",11,https://stac.dataspace.copernicus.eu/v1/collections/sentinel-1-grd/items/S1A_IW_GRDH_1SDV_20200816T172310_20200816T172335_033935_03EFD4_8AC8_COG
S1A_IW_GRDH_1SDV_20200816T172310_20200816T172335_033935_03EFD4_9EA3_COG,OK,CACHE,0,sentinel-1a,2020-08-16T17:23:10.026975Z,2020-08-16T17:23:35.026340Z,IW,VV|VH,ascending,88,33935,,L1,"[5.806284, 43.921894, 9.41682, 45.820675]",11,https://stac.dataspace.copernicus.eu/v1/collections/sentinel-1-grd/items/S1A_IW_GRDH_1SDV_20200816T172310_20200816T172335_033935_03EFD4_9EA3_COG
S1A_IW_GRDH_1SDV_20200816T172335_20200816T172400_033935_03EFD4_48DF_COG,OK,CACHE,0,sentinel-1a,2020-08-16T17:23:35.027837Z,2020-08-16T17:24:00.025705Z,IW,VV|VH,ascending,88,33935,,L1,"[5.358915, 45.420776, 9.087531, 47.316841]",11,https://stac.dataspace.copernicus.eu/v1/collections/sentinel-1-grd/items/S1A_IW_GRDH_1SDV_20200816T172335_20200816T172400_033935_03EFD4_48DF_COG
S1A_IW_GRDH_1SDV_20200816T172335_20200816T172400_033935_03EFD4_56C9_COG,OK,CACHE,0,sentinel-1a,2020-08-16T17:23:35.027837Z,2020-08-16T17:24:00.025705Z,IW,VV|VH,ascending,88,33935,,L1,"[5.358915, 45.420776, 9.087531, 47.316841]",11,https://stac.dataspace.copernicus.eu/v1/collections/sentinel-1-grd/items/S1A_IW_GRDH_1SDV_20200816T172335_20200816T172400_033935_03EFD4_56C9_COG
S1A_IW_GRDH_1SDV_20200822T052712_20200822T052737_034015_03F2A9_B52A_COG,OK,CACHE,0,sentinel-1a,2020-08-22T05:27:12.841709Z,2020-08-22T05:27:37.839488Z,IW,VV|VH,descending,168,34015,,L1,"[8.69264, 45.301231, 12.363359, 47.204868]",11,https://stac.dataspace.copernicus.eu/v1/collections/sentinel-1-grd/items/S1A_IW_GRDH_1SDV_20200822T052712_20200822T052737_034015_03F2A9_B52A_COG
S1A_IW_GRDH_1SDV_20200822T052718_20200822T052743_034015_03F2A9_ABDB_COG,OK,CACHE,0,sentinel-1a,2020-08-22T05:27:18.224584Z,2020-08-22T05:27:43.223746Z,IW,VV|VH,descending,168,34015,,L1,"[8.575804, 44.978371, 12.278601, 46.88649]",11,https://stac.dataspace.copernicus.eu/v1/collections/sentinel-1-grd/items/S1A_IW_GRDH_1SDV_20200822T052718_20200822T052743_034015_03F2A9_ABDB_COG
S1A_IW_GRDH_1SDV_20200822T052737_20200822T052802_034015_03F2A9_E236_COG,OK,CACHE,0,sentinel-1a,2020-08-22T05:27:37.840965Z,2020-08-22T05:28:02.840240Z,IW,VV|VH,descending,168,34015,,L1,"[8.358305, 43.803143, 11.976748, 45.702644]",11,https://stac.dataspace.copernicus.eu/v1/collections/sentinel-1-grd/items/S1A_IW_GRDH_1SDV_20200822T052737_20200822T052802_034015_03F2A9_E236_COG
S1A_IW_GRDH_1SDV_20200822T052743_20200822T052808_034015_03F2A9_A502_COG,OK,CACHE,0,sentinel-1a,2020-08-22T05:27:43.225246Z,2020-08-22T05:28:08.222909Z,IW,VV|VH,descending,168,34015,,L1,"[8.246004, 43.479843, 11.887552, 45.384777]",11,https://stac.dataspace.copernicus.eu/v1/collections/sentinel-1-grd/items/S1A_IW_GRDH_1SDV_20200822T052743_20200822T052808_034015_03F2A9_A502_COG
S1A_IW_GRDH_1SDV_20200823T171504_20200823T171529_034037_03F36B_1B4D_COG,OK,CACHE,0,sentinel-1a,2020-08-23T17:15:04.146732Z,2020-08-23T17:15:29.145868Z,IW,VV|VH,ascending,15,34037,,L1,"[7.743465, 44.361919, 11.366407, 46.262886]",11,https://stac.dataspace.copernicus.eu/v1/collections/sentinel-1-grd/items/S1A_IW_GRDH_1SDV_20200823T171504_20200823T171529_034037_03F36B_1B4D_COG
S1A_IW_GRDH_1SDV_20200823T171504_20200823T171529_034037_03F36B_92F9_COG,OK,CACHE,0,sentinel-1a,2020-08-23T17:15:04.146734Z,2020-08-23T17:15:29.145870Z,IW,VV|VH,ascending,15,34037,,L1,"[7.743464, 44.361919, 11.366407, 46.262886]",11,https://stac.dataspace.copernicus.eu/v1/collections/sentinel-1-grd/items/S1A_IW_GRDH_1SDV_20200823T171504_20200823T171529_034037_03F36B_92F9_COG
S1A_IW_GRDH_1SDV_20200827T053531_20200827T053556_034088_03F535_BD85_COG,OK,CACHE,0,sentinel-1a,2020-08-27T05:35:31.861998Z,2020-08-27T05:35:56.861013Z,IW,VV|VH,descending,66,34088,,L1,"[6.574614, 45.010174, 10.218311, 46.913979]",11,https://stac.dataspace.copernicus.eu/v1/collections/sentinel-1-grd/items/S1A_IW_GRDH_1SDV_20200827T053531_20200827T053556_034088_03F535_BD85_COG
S1A_IW_GRDH_1SDV_20200827T053531_20200827T053556_034088_03F535_CC16_COG,OK,CACHE,0,sentinel-1a,2020-08-27T05:35:31.403642Z,2020-08-27T05:35:56.402626Z,IW,VV|VH,descending,66,34088,,L1,"[6.530136, 45.037643, 10.227799, 46.94672]",11,https://stac.dataspace.copernicus.eu/v1/collections/sentinel-1-grd/items/S1A_IW_GRDH_1SDV_20200827T053531_20200827T053556_034088_03F535_CC16_COG
S1A_IW_GRDH_1SDV_20200827T053556_20200827T053621_034088_03F535_2C57_COG,OK,CACHE,0,sentinel-1a,2020-08-27T05:35:56.404126Z,2020-08-27T05:36:21.403111Z,IW,VV|VH,descending,66,34088,,L1,"[6.204794, 43.538422, 9.845424, 45.444084]",11,https://stac.dataspace.copernicus.eu/v1/collections/sentinel-1-grd/items/S1A_IW_GRDH_1SDV_20200827T053556_20200827T053621_034088_03F535_2C57_COG
S1A_IW_GRDH_1SDV_20200827T053556_20200827T053621_034088_03F535_9500_COG,OK,CACHE,0,sentinel-1a,2020-08-27T05:35:56.862617Z,2020-08-27T05:36:21.861643Z,IW,VV|VH,descending,66,34088,,L1,"[6.247954, 43.510918, 9.837724, 45.411175]",11,https://stac.dataspace.copernicus.eu/v1/collections/sentinel-1-grd/items/S1A_IW_GRDH_1SDV_20200827T053556_20200827T053621_034088_03F535_9500_COG
S1A_IW_GRDH_1SDV_20200828T172310_20200828T172335_034110_03F5FE_4BEF_COG,OK,CACHE,0,sentinel-1a,2020-08-28T17:23:10.847480Z,2020-08-28T17:23:35.845286Z,IW,VV|VH,ascending,88,34110,,L1,"[5.805448, 43.922043, 9.415856, 45.820736]",11,https://stac.dataspace.copernicus.eu/v1/collections/sentinel-1-grd/items/S1A_IW_GRDH_1SDV_20200828T172310_20200828T172335_034110_03F5FE_4BEF_COG
S1A_IW_GRDH_1SDV_20200828T172310_20200828T172335_034110_03F5FE_4F7B_COG,OK,CACHE,0,sentinel-1a,2020-08-28T17:23:10.847479Z,2020-08-28T17:23:35.845284Z,IW,VV|VH,ascending,88,34110,,L1,"[5.805448, 43.922043, 9.415857, 45.820736]",11,https://stac.dataspace.copernicus.eu/v1/collections/sentinel-1-grd/items/S1A_IW_GRDH_1SDV_20200828T172310_20200828T172335_034110_03F5FE_4F7B_COG
S1A_IW_GRDH_1SDV_20200828T172335_20200828T172400_034110_03F5FE_463F_COG,OK,CACHE,0,sentinel-1a,2020-08-28T17:23:35.846783Z,2020-08-28T17:24:00.846087Z,IW,VV|VH,ascending,88,34110,,L1,"[5.358035, 45.420834, 9.086568, 47.31699]",11,https://stac.dataspace.copernicus.eu/v1/collections/sentinel-1-grd/items/S1A_IW_GRDH_1SDV_20200828T172335_20200828T172400_034110_03F5FE_463F_COG
S1A_IW_GRDH_1SDV_20200828T172335_20200828T172400_034110_03F5FE_861B_COG,OK,CACHE,0,sentinel-1a,2020-08-28T17:23:35.846782Z,2020-08-28T17:24:00.846085Z,IW,VV|VH,ascending,88,34110,,L1,"[5.358035, 45.420834, 9.086568, 47.31699]",11,https://stac.dataspace.copernicus.eu/v1/collections/sentinel-1-grd/items/S1A_IW_GRDH_1SDV_20200828T172335_20200828T172400_034110_03F5FE_861B_COG
S1A_IW_GRDH_1SDV_20200903T052713_20200903T052738_034190_03F8CD_6DF6_COG,OK,CACHE,0,sentinel-1a,2020-09-03T05:27:13.879823Z,2020-09-03T05:27:38.879213Z,IW,VV|VH,descending,168,34190,,L1,"[8.686749, 45.274685, 12.35919, 47.178246]",11,https://stac.dataspace.copernicus.eu/v1/collections/sentinel-1-grd/items/S1A_IW_GRDH_1SDV_20200903T052713_20200903T052738_034190_03F8CD_6DF6_COG
S1A_IW_GRDH_1SDV_20200903T052718_20200903T052743_034190_03F8CD_0E68_COG,OK,CACHE,0,sentinel-1a,2020-09-03T05:27:18.821982Z,2020-09-03T05:27:43.819743Z,IW,VV|VH,descending,168,34190,,L1,"[8.575706, 44.97847, 12.278471, 46.886475]",11,https://stac.dataspace.copernicus.eu/v1/collections/sentinel-1-grd/items/S1A_IW_GRDH_1SDV_20200903T052718_20200903T052743_034190_03F8CD_0E68_COG
S1A_IW_GRDH_1SDV_20200903T052738_20200903T052803_034190_03F8CD_7291_COG,OK,CACHE,0,sentinel-1a,2020-09-03T05:27:38.880712Z,2020-09-03T05:28:03.878605Z,IW,VV|VH,descending,168,34190,,L1,"[8.353956, 43.776333, 11.969561, 45.676105]",11,https://stac.dataspace.copernicus.eu/v1/collections/sentinel-1-grd/items/S1A_IW_GRDH_1SDV_20200903T052738_20200903T052803_034190_03F8CD_7291_COG
S1A_IW_GRDH_1SDV_20200903T052743_20200903T052808_034190_03F8CD_5B52_COG,OK,CACHE,0,sentinel-1a,2020-09-03T05:27:43.821243Z,2020-09-03T05:28:08.820505Z,IW,VV|VH,descending,168,34190,,L1,"[8.245789, 43.479855, 11.887467, 45.384861]",11,https://stac.dataspace.copernicus.eu/v1/collections/sentinel-1-grd/items/S1A_IW_GRDH_1SDV_20200903T052743_20200903T052808_034190_03F8CD_5B52_COG
S1A_IW_GRDH_1SDV_20200904T171504_20200904T171529_034212_03F991_6A93_COG,OK,CACHE,0,sentinel-1a,2020-09-04T17:15:04.687892Z,2020-09-04T17:15:29.685454Z,IW,VV|VH,ascending,15,34212,,L1,"[7.745119, 44.362144, 11.368015, 46.262962]",11,https://stac.dataspace.copernicus.eu/v1/collections/sentinel-1-grd/items/S1A_IW_GRDH_1SDV_20200904T171504_20200904T171529_034212_03F991_6A93_COG
S1A_IW_GRDH_1SDV_20200904T171504_20200904T171529_034212_03F991_7D8B_COG,OK,CACHE,0,sentinel-1a,2020-09-04T17:15:04.687891Z,2020-09-04T17:15:29.685454Z,IW,VV|VH,ascending,15,34212,,L1,"[7.745119, 44.362144, 11.368015, 46.262962]",11,https://stac.dataspace.copernicus.eu/v1/collections/sentinel-1-grd/items/S1A_IW_GRDH_1SDV_20200904T171504_20200904T171529_034212_03F991_7D8B_COG
S1A_IW_GRDH_1SDV_20200908T053531_20200908T053556_034263_03FB5F_3F12_COG,OK,CACHE,0,sentinel-1a,2020-09-08T05:35:31.822243Z,2020-09-08T05:35:56.821396Z,IW,VV|VH,descending,66,34263,,L1,"[6.530541, 45.037792, 10.228445, 46.946892]",11,https://stac.dataspace.copernicus.eu/v1/collections/sentinel-1-grd/items/S1A_IW_GRDH_1SDV_20200908T053531_20200908T053556_034263_03FB5F_3F12_COG
S1A_IW_GRDH_1SDV_20200908T053531_20200908T053556_034263_03FB5F_D07E_COG,OK,CACHE,0,sentinel-1a,2020-09-08T05:35:31.951864Z,2020-09-08T05:35:56.951055Z,IW,VV|VH,descending,66,34263,,L1,"[6.579413, 45.03001, 10.226144, 46.933758]",11,https://stac.dataspace.copernicus.eu/v1/collections/sentinel-1-grd/items/S1A_IW_GRDH_1SDV_20200908T053531_20200908T053556_034263_03FB5F_D07E_COG
S1A_IW_GRDH_1SDV_20200908T053556_20200908T053621_034263_03FB5F_77BE_COG,OK,CACHE,0,sentinel-1a,2020-09-08T05:35:56.952663Z,2020-09-08T05:36:21.950367Z,IW,VV|VH,descending,66,34263,,L1,"[6.252778, 43.530872, 9.843989, 45.43103]",11,https://stac.dataspace.copernicus.eu/v1/collections/sentinel-1-grd/items/S1A_IW_GRDH_1SDV_20200908T053556_20200908T053621_034263_03FB5F_77BE_COG
S1A_IW_GRDH_1SDV_20200908T053556_20200908T053621_034263_03FB5F_FF61_COG,OK,CACHE,0,sentinel-1a,2020-09-08T05:35:56.822897Z,2020-09-08T05:36:21.820550Z,IW,VV|VH,descending,66,34263,,L1,"[6.205234, 43.538658, 9.846093, 45.444252]",11,https://stac.dataspace.copernicus.eu/v1/collections/sentinel-1-grd/items/S1A_IW_GRDH_1SDV_20200908T053556_20200908T053621_034263_03FB5F_FF61_COG
S1A_IW_GRDH_1SDV_20200909T172311_20200909T172336_034285_03FC20_087C_COG,OK,CACHE,0,sentinel-1a,2020-09-09T17:23:11.269522Z,2020-09-09T17:23:36.267303Z,IW,VV|VH,ascending,88,34285,,L1,"[5.805559, 43.922073, 9.415989, 45.820766]",11,https://stac.dataspace.copernicus.eu/v1/collections/sentinel-1-grd/items/S1A_IW_GRDH_1SDV_20200909T172311_20200909T172336_034285_03FC20_087C_COG
S1A_IW_GRDH_1SDV_20200909T172311_20200909T172336_034285_03FC20_224C_COG,OK,CACHE,0,sentinel-1a,2020-09-09T17:23:11.269523Z,2020-09-09T17:23:36.267304Z,IW,VV|VH,ascending,88,34285,,L1,"[5.805559, 43.922073, 9.415988, 45.820766]",11,https://stac.dataspace.copernicus.eu/v1/collections/sentinel-1-grd/items/S1A_IW_GRDH_1SDV_20200909T172311_20200909T172336_034285_03FC20_224C_COG
S1A_IW_GRDH_1SDV_20200909T172336_20200909T172401_034285_03FC20_5AAC_COG,OK,CACHE,0,sentinel-1a,2020-09-09T17:23:36.268802Z,2020-09-09T17:24:01.268080Z,IW,VV|VH,ascending,88,34285,,L1,"[5.358125, 45.42086, 9.086806, 47.317032]",11,https://stac.dataspace.copernicus.eu/v1/collections/sentinel-1-grd/items/S1A_IW_GRDH_1SDV_20200909T172336_20200909T172401_034285_03FC20_5AAC_COG
S1A_IW_GRDH_1SDV_20200909T172336_20200909T172401_034285_03FC20_9FF3_COG,OK,CACHE,0,sentinel-1a,2020-09-09T17:23:36.268800Z,2020-09-09T17:24:01.268078Z,IW,VV|VH,ascending,88,34285,,L1,"[5.358125, 45.42086, 9.086806, 47.317036]",11,https://stac.dataspace.copernicus.eu/v1/collections/sentinel-1-grd/items/S1A_IW_GRDH_1SDV_20200909T172336_20200909T172401_034285_03FC20_9FF3_COG
S1A_IW_GRDH_1SDV_20200915T052713_20200915T052738_034365_03FEFD_CE7B_COG,OK,CACHE,0,sentinel-1a,2020-09-15T05:27:13.931157Z,2020-09-15T05:27:38.929131Z,IW,VV|VH,descending,168,34365,,L1,"[8.692938, 45.301842, 12.363904, 47.205536]",11,https://stac.dataspace.copernicus.eu/v1/collections/sentinel-1-grd/items/S1A_IW_GRDH_1SDV_20200915T052713_20200915T052738_034365_03FEFD_CE7B_COG
S1A_IW_GRDH_1SDV_20200915T052719_20200915T052744_034365_03FEFD_818E_COG,OK,CACHE,0,sentinel-1a,2020-09-15T05:27:19.324134Z,2020-09-15T05:27:44.321992Z,IW,VV|VH,descending,168,34365,,L1,"[8.575993, 44.97847, 12.279252, 46.886532]",11,https://stac.dataspace.copernicus.eu/v1/collections/sentinel-1-grd/items/S1A_IW_GRDH_1SDV_20200915T052719_20200915T052744_034365_03FEFD_818E_COG
S1A_IW_GRDH_1SDV_20200915T052738_20200915T052803_034365_03FEFD_C9E3_COG,OK,CACHE,0,sentinel-1a,2020-09-15T05:27:38.930638Z,2020-09-15T05:28:03.928613Z,IW,VV|VH,descending,168,34365,,L1,"[8.358581, 43.803852, 11.977328, 45.703308]",11,https://stac.dataspace.copernicus.eu/v1/collections/sentinel-1-grd/items/S1A_IW_GRDH_1SDV_20200915T052738_20200915T052803_034365_03FEFD_C9E3_COG
S1A_IW_GRDH_1SDV_20200915T052744_20200915T052809_034365_03FEFD_909E_COG,OK,CACHE,0,sentinel-1a,2020-09-15T05:27:44.323492Z,2020-09-15T05:28:09.321351Z,IW,VV|VH,descending,168,34365,,L1,"[8.246161, 43.479946, 11.887994, 45.38493]",11,https://stac.dataspace.copernicus.eu/v1/collections/sentinel-1-grd/items/S1A_IW_GRDH_1SDV_20200915T052744_20200915T052809_034365_03FEFD_909E_COG
S1A_IW_GRDH_1SDV_20200916T171505_20200916T171530_034387_03FFB9_7C7B_COG,OK,CACHE,0,sentinel-1a,2020-09-16T17:15:05.104931Z,2020-09-16T17:15:30.102622Z,IW,VV|VH,ascending,15,34387,,L1,"[7.744618, 44.362011, 11.367657, 46.262863]",11,https://stac.dataspace.copernicus.eu/v1/collections/sentinel-1-grd/items/S1A_IW_GRDH_1SDV_20200916T171505_20200916T171530_034387_03FFB9_7C7B_COG
S1A_IW_GRDH_1SDV_20200916T171505_20200916T171530_034387_03FFB9_BF28_COG,OK,CACHE,0,sentinel-1a,2020-09-16T17:15:05.104932Z,2020-09-16T17:15:30.102622Z,IW,VV|VH,ascending,15,34387,,L1,"[7.744618, 44.362011, 11.367657, 46.262863]",11,https://stac.dataspace.copernicus.eu/v1/collections/sentinel-1-grd/items/S1A_IW_GRDH_1SDV_20200916T171505_20200916T171530_034387_03FFB9_BF28_COG
S1A_IW_GRDH_1SDV_20200920T053532_20200920T053557_034438_04019B_5BA8_COG,OK,CACHE,0,sentinel-1a,2020-09-20T05:35:32.218427Z,2020-09-20T05:35:57.216132Z,IW,VV|VH,descending,66,34438,,L1,"[6.530223, 45.037888, 10.228241, 46.946877]",11,https://stac.dataspace.copernicus.eu/v1/collections/sentinel-1-grd/items/S1A_IW_GRDH_1SDV_20200920T053532_20200920T053557_034438_04019B_5BA8_COG
S1A_IW_GRDH_1SDV_20200920T053532_20200920T053557_034438_04019B_C23A_COG,OK,CACHE,0,sentinel-1a,2020-09-20T05:35:32.920635Z,2020-09-20T05:35:57.919871Z,IW,VV|VH,descending,66,34438,,L1,"[6.571299, 44.995724, 10.213428, 46.899605]",11,https://stac.dataspace.copernicus.eu/v1/collections/sentinel-1-grd/items/S1A_IW_GRDH_1SDV_20200920T053532_20200920T053557_034438_04019B_C23A_COG
S1A_IW_GRDH_1SDV_20200920T053557_20200920T053622_034438_04019B_AAF8_COG,OK,CACHE,0,sentinel-1a,2020-09-20T05:35:57.217632Z,2020-09-20T05:36:22.216838Z,IW,VV|VH,descending,66,34438,,L1,"[6.204796, 43.538666, 9.845915, 45.444344]",11,https://stac.dataspace.copernicus.eu/v1/collections/sentinel-1-grd/items/S1A_IW_GRDH_1SDV_20200920T053557_20200920T053622_034438_04019B_AAF8_COG
S1A_IW_GRDH_1SDV_20200920T053557_20200920T053622_034438_04019B_B857_COG,OK,CACHE,0,sentinel-1a,2020-09-20T05:35:57.921500Z,2020-09-20T05:36:22.919251Z,IW,VV|VH,descending,66,34438,,L1,"[6.244922, 43.496536, 9.83404, 45.396713]",11,https://stac.dataspace.copernicus.eu/v1/collections/sentinel-1-grd/items/S1A_IW_GRDH_1SDV_20200920T053557_20200920T053622_034438_04019B_B857_COG
S1A_IW_GRDH_1SDV_20200921T172311_20200921T172336_034460_040263_E196_COG,OK,CACHE,0,sentinel-1a,2020-09-21T17:23:11.651266Z,2020-09-21T17:23:36.650624Z,IW,VV|VH,ascending,88,34460,,L1,"[5.805889, 43.921944, 9.416453, 45.820728]",11,https://stac.dataspace.copernicus.eu/v1/collections/sentinel-1-grd/items/S1A_IW_GRDH_1SDV_20200921T172311_20200921T172336_034460_040263_E196_COG
S1A_IW_GRDH_1SDV_20200921T172311_20200921T172336_034460_040263_F353_COG,OK,CACHE,0,sentinel-1a,2020-09-21T17:23:11.651266Z,2020-09-21T17:23:36.650624Z,IW,VV|VH,ascending,88,34460,,L1,"[5.805888, 43.921944, 9.416453, 45.820728]",11,https://stac.dataspace.copernicus.eu/v1/collections/sentinel-1-grd/items/S1A_IW_GRDH_1SDV_20200921T172311_20200921T172336_034460_040263_F353_COG
S1A_IW_GRDH_1SDV_20200921T172336_20200921T172401_034460_040263_38CD_COG,OK,CACHE,0,sentinel-1a,2020-09-21T17:23:36.652122Z,2020-09-21T17:24:01.649982Z,IW,VV|VH,ascending,88,34460,,L1,"[5.358491, 45.420822, 9.087263, 47.316906]",11,https://stac.dataspace.copernicus.eu/v1/collections/sentinel-1-grd/items/S1A_IW_GRDH_1SDV_20200921T172336_20200921T172401_034460_040263_38CD_COG
S1A_IW_GRDH_1SDV_20200921T172336_20200921T172401_034460_040263_91DC_COG,OK,CACHE,0,sentinel-1a,2020-09-21T17:23:36.652122Z,2020-09-21T17:24:01.649982Z,IW,VV|VH,ascending,88,34460,,L1,"[5.358491, 45.420822, 9.087263, 47.316906]",11,https://stac.dataspace.copernicus.eu/v1/collections/sentinel-1-grd/items/S1A_IW_GRDH_1SDV_20200921T172336_20200921T172401_034460_040263_91DC_COG
S1A_IW_GRDH_1SDV_20200927T052714_20200927T052739_034540_040528_C06A_COG,OK,CACHE,0,sentinel-1a,2020-09-27T05:27:14.938736Z,2020-09-27T05:27:39.938248Z,IW,VV|VH,descending,168,34540,,L1,"[8.685353, 45.264278, 12.358479, 47.16774]",11,https://stac.dataspace.copernicus.eu/v1/collections/sentinel-1-grd/items/S1A_IW_GRDH_1SDV_20200927T052714_20200927T052739_034540_040528_C06A_COG
S1A_IW_GRDH_1SDV_20200927T052719_20200927T052744_034540_040528_B763_COG,OK,CACHE,0,sentinel-1a,2020-09-27T05:27:19.706402Z,2020-09-27T05:27:44.704326Z,IW,VV|VH,descending,168,34540,,L1,"[8.576271, 44.978542, 12.279648, 46.886658]",11,https://stac.dataspace.copernicus.eu/v1/collections/sentinel-1-grd/items/S1A_IW_GRDH_1SDV_20200927T052719_20200927T052744_034540_040528_B763_COG
S1A_IW_GRDH_1SDV_20200927T052739_20200927T052804_034540_040528_8B14_COG,OK,CACHE,0,sentinel-1a,2020-09-27T05:27:39.939724Z,2020-09-27T05:28:04.937736Z,IW,VV|VH,descending,168,34540,,L1,"[8.354077, 43.765812, 11.967699, 45.66581]",11,https://stac.dataspace.copernicus.eu/v1/collections/sentinel-1-grd/items/S1A_IW_GRDH_1SDV_20200927T052739_20200927T052804_034540_040528_8B14_COG
S1A_IW_GRDH_1SDV_20200927T052744_20200927T052809_034540_040528_CA9F_COG,OK,CACHE,0,sentinel-1a,2020-09-27T05:27:44.705826Z,2020-09-27T05:28:09.705250Z,IW,VV|VH,descending,168,34540,,L1,"[8.246392, 43.479931, 11.888394, 45.385052]",11,https://stac.dataspace.copernicus.eu/v1/collections/sentinel-1-grd/items/S1A_IW_GRDH_1SDV_20200927T052744_20200927T052809_034540_040528_CA9F_COG
S1A_IW_GRDH_1SDV_20200928T171505_20200928T171530_034562_0405EA_3DC7_COG,OK,CACHE,0,sentinel-1a,2020-09-28T17:15:05.480181Z,2020-09-28T17:15:30.479450Z,IW,VV|VH,ascending,15,34562,,L1,"[7.743491, 44.361881, 11.366707, 46.262867]",11,https://stac.dataspace.copernicus.eu/v1/collections/sentinel-1-grd/items/S1A_IW_GRDH_1SDV_20200928T171505_20200928T171530_034562_0405EA_3DC7_COG
S1A_IW_GRDH_1SDV_20200928T171505_20200928T171530_034562_0405EA_BB09_COG,OK,CACHE,0,sentinel-1a,2020-09-28T17:15:05.480182Z,2020-09-28T17:15:30.479452Z,IW,VV|VH,ascending,15,34562,,L1,"[7.74349, 44.361881, 11.366706, 46.262867]",11,https://stac.dataspace.copernicus.eu/v1/collections/sentinel-1-grd/items/S1A_IW_GRDH_1SDV_20200928T171505_20200928T171530_034562_0405EA_BB09_COG
S1A_IW_GRDH_1SDV_20210401T172308_20210401T172333_037260_04639A_8B6C_COG,OK,CACHE,0,sentinel-1a,2021-04-01T17:23:08.386920Z,2021-04-01T17:23:33.385818Z,IW,VV|VH,ascending,88,37260,,L1,"[5.806321, 43.921616, 9.453021, 45.824345]",11,https://stac.dataspace.copernicus.eu/v1/collections/sentinel-1-grd/items/S1A_IW_GRDH_1SDV_20210401T172308_20210401T172333_037260_04639A_8B6C_COG
S1A_IW_GRDH_1SDV_20210401T172333_20210401T172358_037260_04639A_002D_COG,OK,CACHE,0,sentinel-1a,2021-04-01T17:23:33.387343Z,2021-04-01T17:23:58.386243Z,IW,VV|VH,ascending,88,37260,,L1,"[5.358913, 45.42046, 9.124807, 47.32056]",11,https://stac.dataspace.copernicus.eu/v1/collections/sentinel-1-grd/items/S1A_IW_GRDH_1SDV_20210401T172333_20210401T172358_037260_04639A_002D_COG
S1A_IW_GRDH_1SDV_20210407T052716_20210407T052741_037340_04665D_832E_COG,OK,CACHE,0,sentinel-1a,2021-04-07T05:27:16.587312Z,2021-04-07T05:27:41.584848Z,IW,VV|VH,descending,168,37340,,L1,"[8.575393, 44.978535, 12.278017, 46.886555]",11,https://stac.dataspace.copernicus.eu/v1/collections/sentinel-1-grd/items/S1A_IW_GRDH_1SDV_20210407T052716_20210407T052741_037340_04665D_832E_COG
S1A_IW_GRDH_1SDV_20210407T052741_20210407T052806_037340_04665D_82C9_COG,OK,CACHE,0,sentinel-1a,2021-04-07T05:27:41.586348Z,2021-04-07T05:28:06.585384Z,IW,VV|VH,descending,168,37340,,L1,"[8.245562, 43.479919, 11.887026, 45.384926]",11,https://stac.dataspace.copernicus.eu/v1/collections/sentinel-1-grd/items/S1A_IW_GRDH_1SDV_20210407T052741_20210407T052806_037340_04665D_82C9_COG
S1A_IW_GRDH_1SDV_20210408T171502_20210408T171527_037362_046716_5E02_COG,OK,CACHE,0,sentinel-1a,2021-04-08T17:15:02.442509Z,2021-04-08T17:15:27.441113Z,IW,VV|VH,ascending,15,37362,,L1,"[7.743284, 44.361797, 11.401696, 46.266575]",11,https://stac.dataspace.copernicus.eu/v1/collections/sentinel-1-grd/items/S1A_IW_GRDH_1SDV_20210408T171502_20210408T171527_037362_046716_5E02_COG
S1A_IW_GRDH_1SDV_20210412T053529_20210412T053554_037413_0468E0_A8F2_COG,OK,CACHE,0,sentinel-1a,2021-04-12T05:35:29.503874Z,2021-04-12T05:35:54.501346Z,IW,VV|VH,descending,66,37413,,L1,"[6.529798, 45.037983, 10.227464, 46.946915]",11,https://stac.dataspace.copernicus.eu/v1/collections/sentinel-1-grd/items/S1A_IW_GRDH_1SDV_20210412T053529_20210412T053554_037413_0468E0_A8F2_COG
S1A_IW_GRDH_1SDV_20210412T053554_20210412T053619_037413_0468E0_1C19_COG,OK,CACHE,0,sentinel-1a,2021-04-12T05:35:54.502846Z,2021-04-12T05:36:19.501819Z,IW,VV|VH,descending,66,37413,,L1,"[6.204373, 43.538761, 9.845118, 45.444382]",11,https://stac.dataspace.copernicus.eu/v1/collections/sentinel-1-grd/items/S1A_IW_GRDH_1SDV_20210412T053554_20210412T053619_037413_0468E0_1C19_COG
S1A_IW_GRDH_1SDV_20210413T172308_20210413T172333_037435_0469A9_A648_COG,OK,CACHE,0,sentinel-1a,2021-04-13T17:23:08.910118Z,2021-04-13T17:23:33.908824Z,IW,VV|VH,ascending,88,37435,,L1,"[5.806655, 43.921871, 9.453099, 45.824535]",11,https://stac.dataspace.copernicus.eu/v1/collections/sentinel-1-grd/items/S1A_IW_GRDH_1SDV_20210413T172308_20210413T172333_037435_0469A9_A648_COG
S1A_IW_GRDH_1SDV_20210413T172333_20210413T172358_037435_0469A9_64A6_COG,OK,CACHE,0,sentinel-1a,2021-04-13T17:23:33.910323Z,2021-04-13T17:23:58.909030Z,IW,VV|VH,ascending,88,37435,,L1,"[5.359287, 45.420719, 9.124786, 47.320736]",11,https://stac.dataspace.copernicus.eu/v1/collections/sentinel-1-grd/items/S1A_IW_GRDH_1SDV_20210413T172333_20210413T172358_037435_0469A9_64A6_COG
S1A_IW_GRDH_1SDV_20210419T052717_20210419T052742_037515_046C67_DFED_COG,OK,CACHE,0,sentinel-1a,2021-04-19T05:27:17.122705Z,2021-04-19T05:27:42.121857Z,IW,VV|VH,descending,168,37515,,L1,"[8.576874, 44.97847, 12.279878, 46.886639]",11,https://stac.dataspace.copernicus.eu/v1/collections/sentinel-1-grd/items/S1A_IW_GRDH_1SDV_20210419T052717_20210419T052742_037515_046C67_DFED_COG
S1A_IW_GRDH_1SDV_20210419T052742_20210419T052807_037515_046C67_1A56_COG,OK,CACHE,0,sentinel-1a,2021-04-19T05:27:42.123357Z,2021-04-19T05:28:07.121009Z,IW,VV|VH,descending,168,37515,,L1,"[8.24701, 43.47995, 11.888614, 45.384941]",11,https://stac.dataspace.copernicus.eu/v1/collections/sentinel-1-grd/items/S1A_IW_GRDH_1SDV_20210419T052742_20210419T052807_037515_046C67_1A56_COG
S1A_IW_GRDH_1SDV_20210420T171502_20210420T171527_037537_046D28_BEF6_COG,OK,CACHE,0,sentinel-1a,2021-04-20T17:15:02.976418Z,2021-04-20T17:15:27.975051Z,IW,VV|VH,ascending,15,37537,,L1,"[7.743228, 44.361755, 11.401629, 46.266563]",11,https://stac.dataspace.copernicus.eu/v1/collections/sentinel-1-grd/items/S1A_IW_GRDH_1SDV_20210420T171502_20210420T171527_037537_046D28_BEF6_COG
S1A_IW_GRDH_1SDV_20210424T053530_20210424T053555_037588_046EE9_5C54_COG,OK,CACHE,0,sentinel-1a,2021-04-24T05:35:30.039789Z,2021-04-24T05:35:55.038738Z,IW,VV|VH,descending,66,37588,,L1,"[6.529808, 45.037914, 10.227509, 46.946926]",11,https://stac.dataspace.copernicus.eu/v1/collections/sentinel-1-grd/items/S1A_IW_GRDH_1SDV_20210424T053530_20210424T053555_037588_046EE9_5C54_COG
S1A_IW_GRDH_1SDV_20210424T053555_20210424T053620_037588_046EE9_D452_COG,OK,CACHE,0,sentinel-1a,2021-04-24T05:35:55.040239Z,2021-04-24T05:36:20.037688Z,IW,VV|VH,descending,66,37588,,L1,"[6.204532, 43.53878, 9.845127, 45.444294]",11,https://stac.dataspace.copernicus.eu/v1/collections/sentinel-1-grd/items/S1A_IW_GRDH_1SDV_20210424T053555_20210424T053620_037588_046EE9_D452_COG
S1A_IW_GRDH_1SDV_20210425T172309_20210425T172334_037610_046FB2_646A_COG,OK,CACHE,0,sentinel-1a,2021-04-25T17:23:09.430687Z,2021-04-25T17:23:34.429386Z,IW,VV|VH,ascending,88,37610,,L1,"[5.807533, 43.921894, 9.453945, 45.824516]",11,https://stac.dataspace.copernicus.eu/v1/collections/sentinel-1-grd/items/S1A_IW_GRDH_1SDV_20210425T172309_20210425T172334_037610_046FB2_646A_COG
S1A_IW_GRDH_1SDV_20210425T172334_20210425T172359_037610_046FB2_C07F_COG,OK,CACHE,0,sentinel-1a,2021-04-25T17:23:34.430884Z,2021-04-25T17:23:59.429582Z,IW,VV|VH,ascending,88,37610,,L1,"[5.360373, 45.420746, 9.125675, 47.320744]",11,https://stac.dataspace.copernicus.eu/v1/collections/sentinel-1-grd/items/S1A_IW_GRDH_1SDV_20210425T172334_20210425T172359_037610_046FB2_C07F_COG
S1A_IW_GRDH_1SDV_20210501T052717_20210501T052742_037690_04727A_3608_COG,OK,CACHE,0,sentinel-1a,2021-05-01T05:27:17.440326Z,2021-05-01T05:27:42.439478Z,IW,VV|VH,descending,168,37690,,L1,"[8.576747, 44.978531, 12.27967, 46.886646]",11,https://stac.dataspace.copernicus.eu/v1/collections/sentinel-1-grd/items/S1A_IW_GRDH_1SDV_20210501T052717_20210501T052742_037690_04727A_3608_COG
S1A_IW_GRDH_1SDV_20210501T052742_20210501T052807_037690_04727A_42A5_COG,OK,CACHE,0,sentinel-1a,2021-05-01T05:27:42.440979Z,2021-05-01T05:28:07.438631Z,IW,VV|VH,descending,168,37690,,L1,"[8.246946, 43.480003, 11.888503, 45.384941]",11,https://stac.dataspace.copernicus.eu/v1/collections/sentinel-1-grd/items/S1A_IW_GRDH_1SDV_20210501T052742_20210501T052807_037690_04727A_42A5_COG
S1A_IW_GRDH_1SDV_20210502T171503_20210502T171528_037712_04733D_738F_COG,OK,CACHE,0,sentinel-1a,2021-05-02T17:15:03.315842Z,2021-05-02T17:15:28.314462Z,IW,VV|VH,ascending,15,37712,,L1,"[7.744732, 44.361778, 11.403137, 46.266544]",11,https://stac.dataspace.copernicus.eu/v1/collections/sentinel-1-grd/items/S1A_IW_GRDH_1SDV_20210502T171503_20210502T171528_037712_04733D_738F_COG
S1A_IW_GRDH_1SDV_20210506T053530_20210506T053555_037763_0474F3_64F0_COG,OK,CACHE,0,sentinel-1a,2021-05-06T05:35:30.481844Z,2021-05-06T05:35:55.479370Z,IW,VV|VH,descending,66,37763,,L1,"[6.531339, 45.03793, 10.229051, 46.946899]",11,https://stac.dataspace.copernicus.eu/v1/collections/sentinel-1-grd/items/S1A_IW_GRDH_1SDV_20210506T053530_20210506T053555_037763_0474F3_64F0_COG
S1A_IW_GRDH_1SDV_20210506T053555_20210506T053620_037763_0474F3_1EF3_COG,OK,CACHE,0,sentinel-1a,2021-05-06T05:35:55.480871Z,2021-05-06T05:36:20.479897Z,IW,VV|VH,descending,66,37763,,L1,"[6.20588, 43.538712, 9.846647, 45.444374]",11,https://stac.dataspace.copernicus.eu/v1/collections/sentinel-1-grd/items/S1A_IW_GRDH_1SDV_20210506T053555_20210506T053620_037763_0474F3_1EF3_COG
S1A_IW_GRDH_1SDV_20210507T172309_20210507T172334_037785_0475A6_BFCE_COG,OK,CACHE,0,sentinel-1a,2021-05-07T17:23:09.988215Z,2021-05-07T17:23:34.986856Z,IW,VV|VH,ascending,88,37785,,L1,"[5.80683, 43.922001, 9.45316, 45.824646]",11,https://stac.dataspace.copernicus.eu/v1/collections/sentinel-1-grd/items/S1A_IW_GRDH_1SDV_20210507T172309_20210507T172334_037785_0475A6_BFCE_COG
S1A_IW_GRDH_1SDV_20210507T172334_20210507T172359_037785_0475A6_B9B9_COG,OK,CACHE,0,sentinel-1a,2021-05-07T17:23:34.988354Z,2021-05-07T17:23:59.985496Z,IW,VV|VH,ascending,88,37785,,L1,"[5.359489, 45.420845, 9.124969, 47.320774]",11,https://stac.dataspace.copernicus.eu/v1/collections/sentinel-1-grd/items/S1A_IW_GRDH_1SDV_20210507T172334_20210507T172359_037785_0475A6_B9B9_COG
S1A_IW_GRDH_1SDV_20210513T052718_20210513T052743_037865_047810_B936_COG,OK,CACHE,0,sentinel-1a,2021-05-13T05:27:18.184204Z,2021-05-13T05:27:43.181881Z,IW,VV|VH,descending,168,37865,,L1,"[8.574976, 44.978653, 12.277271, 46.886707]",11,https://stac.dataspace.copernicus.eu/v1/collections/sentinel-1-grd/items/S1A_IW_GRDH_1SDV_20210513T052718_20210513T052743_037865_047810_B936_COG
S1A_IW_GRDH_1SDV_20210513T052743_20210513T052808_037865_047810_E27B_COG,OK,CACHE,0,sentinel-1a,2021-05-13T05:27:43.183381Z,2021-05-13T05:28:08.182558Z,IW,VV|VH,descending,168,37865,,L1,"[8.245185, 43.480038, 11.886747, 45.385036]",11,https://stac.dataspace.copernicus.eu/v1/collections/sentinel-1-grd/items/S1A_IW_GRDH_1SDV_20210513T052743_20210513T052808_037865_047810_E27B_COG
S1A_IW_GRDH_1SDV_20210514T171504_20210514T171529_037887_0478B1_3F10_COG,OK,CACHE,0,sentinel-1a,2021-05-14T17:15:04.007100Z,2021-05-14T17:15:29.005749Z,IW,VV|VH,ascending,15,37887,,L1,"[7.744325, 44.361851, 11.40271, 46.26659]",11,https://stac.dataspace.copernicus.eu/v1/collections/sentinel-1-grd/items/S1A_IW_GRDH_1SDV_20210514T171504_20210514T171529_037887_0478B1_3F10_COG
S1A_IW_GRDH_1SDV_20210518T053531_20210518T053556_037938_047A3A_EA44_COG,OK,CACHE,0,sentinel-1a,2021-05-18T05:35:31.023206Z,2021-05-18T05:35:56.020661Z,IW,VV|VH,descending,66,37938,,L1,"[6.530953, 45.037945, 10.228662, 46.946888]",11,https://stac.dataspace.copernicus.eu/v1/collections/sentinel-1-grd/items/S1A_IW_GRDH_1SDV_20210518T053531_20210518T053556_037938_047A3A_EA44_COG
S1A_IW_GRDH_1SDV_20210518T053556_20210518T053621_037938_047A3A_F6A7_COG,OK,CACHE,0,sentinel-1a,2021-05-18T05:35:56.022161Z,2021-05-18T05:36:21.021116Z,IW,VV|VH,descending,66,37938,,L1,"[6.205632, 43.538723, 9.846269, 45.444344]",11,https://stac.dataspace.copernicus.eu/v1/collections/sentinel-1-grd/items/S1A_IW_GRDH_1SDV_20210518T053556_20210518T053621_037938_047A3A_F6A7_COG
S1A_IW_GRDH_1SDV_20210519T172310_20210519T172335_037960_047AF4_CFD8_COG,OK,CACHE,0,sentinel-1a,2021-05-19T17:23:10.402040Z,2021-05-19T17:23:35.400795Z,IW,VV|VH,ascending,88,37960,,L1,"[5.807219, 43.921799, 9.453667, 45.824474]",11,https://stac.dataspace.copernicus.eu/v1/collections/sentinel-1-grd/items/S1A_IW_GRDH_1SDV_20210519T172310_20210519T172335_037960_047AF4_CFD8_COG
S1A_IW_GRDH_1SDV_20210519T172335_20210519T172400_037960_047AF4_F752_COG,OK,CACHE,0,sentinel-1a,2021-05-19T17:23:35.402294Z,2021-05-19T17:24:00.401049Z,IW,VV|VH,ascending,88,37960,,L1,"[5.360032, 45.420643, 9.125468, 47.320713]",11,https://stac.dataspace.copernicus.eu/v1/collections/sentinel-1-grd/items/S1A_IW_GRDH_1SDV_20210519T172335_20210519T172400_037960_047AF4_F752_COG
S1A_IW_GRDH_1SDV_20210525T052718_20210525T052743_038040_047D59_175B_COG,OK,CACHE,0,sentinel-1a,2021-05-25T05:27:18.837095Z,2021-05-25T05:27:43.834804Z,IW,VV|VH,descending,168,38040,,L1,"[8.575044, 44.97858, 12.277351, 46.886639]",11,https://stac.dataspace.copernicus.eu/v1/collections/sentinel-1-grd/items/S1A_IW_GRDH_1SDV_20210525T052718_20210525T052743_038040_047D59_175B_COG
S1A_IW_GRDH_1SDV_20210525T052743_20210525T052808_038040_047D59_A90E_COG,OK,CACHE,0,sentinel-1a,2021-05-25T05:27:43.836304Z,2021-05-25T05:28:08.835514Z,IW,VV|VH,descending,168,38040,,L1,"[8.245253, 43.479965, 11.886808, 45.384968]",11,https://stac.dataspace.copernicus.eu/v1/collections/sentinel-1-grd/items/S1A_IW_GRDH_1SDV_20210525T052743_20210525T052808_038040_047D59_A90E_COG
S1A_IW_GRDH_1SDV_20210526T171504_20210526T171529_038062_047DFC_3FF5_COG,OK,CACHE,0,sentinel-1a,2021-05-26T17:15:04.714632Z,2021-05-26T17:15:29.713197Z,IW,VV|VH,ascending,15,38062,,L1,"[7.744675, 44.361912, 11.402936, 46.266609]",11,https://stac.dataspace.copernicus.eu/v1/collections/sentinel-1-grd/items/S1A_IW_GRDH_1SDV_20210526T171504_20210526T171529_038062_047DFC_3FF5_COG
S1A_IW_GRDH_1SDV_20210530T053531_20210530T053556_038113_047F7E_9090_COG,OK,CACHE,0,sentinel-1a,2021-05-30T05:35:31.855592Z,2021-05-30T05:35:56.853133Z,IW,VV|VH,descending,66,38113,,L1,"[6.530588, 45.037971, 10.228406, 46.946922]",11,https://stac.dataspace.copernicus.eu/v1/collections/sentinel-1-grd/items/S1A_IW_GRDH_1SDV_20210530T053531_20210530T053556_038113_047F7E_9090_COG
S1A_IW_GRDH_1SDV_20210530T053556_20210530T053621_038113_047F7E_11B4_COG,OK,CACHE,0,sentinel-1a,2021-05-30T05:35:56.854633Z,2021-05-30T05:36:21.853674Z,IW,VV|VH,descending,66,38113,,L1,"[6.20528, 43.53875, 9.846032, 45.444382]",11,https://stac.dataspace.copernicus.eu/v1/collections/sentinel-1-grd/items/S1A_IW_GRDH_1SDV_20210530T053556_20210530T053621_038113_047F7E_11B4_COG
S1A_IW_GRDH_1SDV_20210531T172311_20210531T172336_038135_048035_CB89_COG,OK,CACHE,0,sentinel-1a,2021-05-31T17:23:11.295557Z,2021-05-31T17:23:36.294260Z,IW,VV|VH,ascending,88,38135,,L1,"[5.80687, 43.921864, 9.453328, 45.824539]",11,https://stac.dataspace.copernicus.eu/v1/collections/sentinel-1-grd/items/S1A_IW_GRDH_1SDV_20210531T172311_20210531T172336_038135_048035_CB89_COG
S1A_IW_GRDH_1SDV_20210531T172336_20210531T172401_038135_048035_E3EB_COG,OK,CACHE,0,sentinel-1a,2021-05-31T17:23:36.295758Z,2021-05-31T17:24:01.294461Z,IW,VV|VH,ascending,88,38135,,L1,"[5.359488, 45.420712, 9.124998, 47.320744]",11,https://stac.dataspace.copernicus.eu/v1/collections/sentinel-1-grd/items/S1A_IW_GRDH_1SDV_20210531T172336_20210531T172401_038135_048035_E3EB_COG
S1A_IW_GRDH_1SDV_20210606T052719_20210606T052744_038215_04828D_9E38_COG,OK,CACHE,0,sentinel-1a,2021-06-06T05:27:19.537612Z,2021-06-06T05:27:44.536858Z,IW,VV|VH,descending,168,38215,,L1,"[8.576264, 44.978481, 12.27922, 46.886623]",11,https://stac.dataspace.copernicus.eu/v1/collections/sentinel-1-grd/items/S1A_IW_GRDH_1SDV_20210606T052719_20210606T052744_038215_04828D_9E38_COG
S1A_IW_GRDH_1SDV_20210606T052744_20210606T052809_038215_04828D_E69D_COG,OK,CACHE,0,sentinel-1a,2021-06-06T05:27:44.538359Z,2021-06-06T05:28:09.536105Z,IW,VV|VH,descending,168,38215,,L1,"[8.246311, 43.479961, 11.888012, 45.384937]",11,https://stac.dataspace.copernicus.eu/v1/collections/sentinel-1-grd/items/S1A_IW_GRDH_1SDV_20210606T052744_20210606T052809_038215_04828D_E69D_COG
S1A_IW_GRDH_1SDV_20210607T171505_20210607T171530_038237_04832F_631B_COG,OK,CACHE,0,sentinel-1a,2021-06-07T17:15:05.421667Z,2021-06-07T17:15:30.420286Z,IW,VV|VH,ascending,15,38237,,L1,"[7.743903, 44.361866, 11.402323, 46.266617]",11,https://stac.dataspace.copernicus.eu/v1/collections/sentinel-1-grd/items/S1A_IW_GRDH_1SDV_20210607T171505_20210607T171530_038237_04832F_631B_COG
S1A_IW_GRDH_1SDV_20210611T053532_20210611T053557_038288_0484AB_4D5C_COG,OK,CACHE,0,sentinel-1a,2021-06-11T05:35:32.634029Z,2021-06-11T05:35:57.633081Z,IW,VV|VH,descending,66,38288,,L1,"[6.529763, 45.038021, 10.227603, 46.947041]",11,https://stac.dataspace.copernicus.eu/v1/collections/sentinel-1-grd/items/S1A_IW_GRDH_1SDV_20210611T053532_20210611T053557_038288_0484AB_4D5C_COG
S1A_IW_GRDH_1SDV_20210611T053557_20210611T053622_038288_0484AB_624E_COG,OK,CACHE,0,sentinel-1a,2021-06-11T05:35:57.634581Z,2021-06-11T05:36:22.633634Z,IW,VV|VH,descending,66,38288,,L1,"[6.204471, 43.538795, 9.845215, 45.444408]",11,https://stac.dataspace.copernicus.eu/v1/collections/sentinel-1-grd/items/S1A_IW_GRDH_1SDV_20210611T053557_20210611T053622_038288_0484AB_624E_COG
S1A_IW_GRDH_1SDV_20210612T172312_20210612T172337_038310_048562_7428_COG,OK,CACHE,0,sentinel-1a,2021-06-12T17:23:12.146296Z,2021-06-12T17:23:37.145060Z,IW,VV|VH,ascending,88,38310,,L1,"[5.806517, 43.921867, 9.453084, 45.824539]",11,https://stac.dataspace.copernicus.eu/v1/collections/sentinel-1-grd/items/S1A_IW_GRDH_1SDV_20210612T172312_20210612T172337_038310_048562_7428_COG
S1A_IW_GRDH_1SDV_20210612T172337_20210612T172402_038310_048562_8E7B_COG,OK,CACHE,0,sentinel-1a,2021-06-12T17:23:37.146559Z,2021-06-12T17:24:02.145323Z,IW,VV|VH,ascending,88,38310,,L1,"[5.359154, 45.420715, 9.124777, 47.32074]",11,https://stac.dataspace.copernicus.eu/v1/collections/sentinel-1-grd/items/S1A_IW_GRDH_1SDV_20210612T172337_20210612T172402_038310_048562_8E7B_COG
S1A_IW_GRDH_1SDV_20210618T052720_20210618T052745_038390_0487C0_4962_COG,OK,CACHE,0,sentinel-1a,2021-06-18T05:27:20.392713Z,2021-06-18T05:27:45.391875Z,IW,VV|VH,descending,168,38390,,L1,"[8.575983, 44.978436, 12.278943, 46.886589]",11,https://stac.dataspace.copernicus.eu/v1/collections/sentinel-1-grd/items/S1A_IW_GRDH_1SDV_20210618T052720_20210618T052745_038390_0487C0_4962_COG
S1A_IW_GRDH_1SDV_20210618T052745_20210618T052810_038390_0487C0_01F6_COG,OK,CACHE,0,sentinel-1a,2021-06-18T05:27:45.393375Z,2021-06-18T05:28:10.391037Z,IW,VV|VH,descending,168,38390,,L1,"[8.246139, 43.479916, 11.887726, 45.384888]",11,https://stac.dataspace.copernicus.eu/v1/collections/sentinel-1-grd/items/S1A_IW_GRDH_1SDV_20210618T052745_20210618T052810_038390_0487C0_01F6_COG
S1A_IW_GRDH_1SDV_20210619T171506_20210619T171531_038412_048863_29D1_COG,OK,CACHE,0,sentinel-1a,2021-06-19T17:15:06.223451Z,2021-06-19T17:15:31.222174Z,IW,VV|VH,ascending,15,38412,,L1,"[7.742892, 44.361675, 11.401439, 46.266476]",11,https://stac.dataspace.copernicus.eu/v1/collections/sentinel-1-grd/items/S1A_IW_GRDH_1SDV_20210619T171506_20210619T171531_038412_048863_29D1_COG
S1A_IW_GRDH_1SDV_20210623T053533_20210623T053558_038463_0489E1_452C_COG,OK,CACHE,0,sentinel-1a,2021-06-23T05:35:33.252786Z,2021-06-23T05:35:58.251702Z,IW,VV|VH,descending,66,38463,,L1,"[6.52951, 45.037903, 10.227249, 46.946877]",11,https://stac.dataspace.copernicus.eu/v1/collections/sentinel-1-grd/items/S1A_IW_GRDH_1SDV_20210623T053533_20210623T053558_038463_0489E1_452C_COG
S1A_IW_GRDH_1SDV_20210623T053558_20210623T053623_038463_0489E1_C842_COG,OK,CACHE,0,sentinel-1a,2021-06-23T05:35:58.253202Z,2021-06-23T05:36:23.252118Z,IW,VV|VH,descending,66,38463,,L1,"[6.204258, 43.53867, 9.844834, 45.444244]",11,https://stac.dataspace.copernicus.eu/v1/collections/sentinel-1-grd/items/S1A_IW_GRDH_1SDV_20210623T053558_20210623T053623_038463_0489E1_C842_COG
S1A_IW_GRDH_1SDV_20210624T172312_20210624T172337_038485_048A9C_2FDB_COG,OK,CACHE,0,sentinel-1a,2021-06-24T17:23:12.723427Z,2021-06-24T17:23:37.722072Z,IW,VV|VH,ascending,88,38485,,L1,"[5.80828, 43.922073, 9.45458, 45.824669]",11,https://stac.dataspace.copernicus.eu/v1/collections/sentinel-1-grd/items/S1A_IW_GRDH_1SDV_20210624T172312_20210624T172337_038485_048A9C_2FDB_COG
S1A_IW_GRDH_1SDV_20210624T172337_20210624T172402_038485_048A9C_62B2_COG,OK,CACHE,0,sentinel-1a,2021-06-24T17:23:37.723570Z,2021-06-24T17:24:02.720717Z,IW,VV|VH,ascending,88,38485,,L1,"[5.361148, 45.420925, 9.126435, 47.320816]",11,https://stac.dataspace.copernicus.eu/v1/collections/sentinel-1-grd/items/S1A_IW_GRDH_1SDV_20210624T172337_20210624T172402_038485_048A9C_62B2_COG
S1A_IW_GRDH_1SDV_20210630T052721_20210630T052746_038565_048CFD_B393_COG,OK,CACHE,0,sentinel-1a,2021-06-30T05:27:21.066281Z,2021-06-30T05:27:46.063983Z,IW,VV|VH,descending,168,38565,,L1,"[8.576369, 44.978474, 12.279277, 46.886524]",11,https://stac.dataspace.copernicus.eu/v1/collections/sentinel-1-grd/items/S1A_IW_GRDH_1SDV_20210630T052721_20210630T052746_038565_048CFD_B393_COG
S1A_IW_GRDH_1SDV_20210630T052746_20210630T052811_038565_048CFD_E5D4_COG,OK,CACHE,0,sentinel-1a,2021-06-30T05:27:46.065427Z,2021-06-30T05:28:11.064626Z,IW,VV|VH,descending,168,38565,,L1,"[8.24653, 43.479866, 11.888118, 45.384914]",11,https://stac.dataspace.copernicus.eu/v1/collections/sentinel-1-grd/items/S1A_IW_GRDH_1SDV_20210630T052746_20210630T052811_038565_048CFD_E5D4_COG
S1A_IW_GRDH_1SDV_20210701T171506_20210701T171531_038587_048D9E_EF15_COG,OK,CACHE,0,sentinel-1a,2021-07-01T17:15:06.933510Z,2021-07-01T17:15:31.932113Z,IW,VV|VH,ascending,15,38587,,L1,"[7.743578, 44.361835, 11.402009, 46.266613]",11,https://stac.dataspace.copernicus.eu/v1/collections/sentinel-1-grd/items/S1A_IW_GRDH_1SDV_20210701T171506_20210701T171531_038587_048D9E_EF15_COG
S1A_IW_GRDH_1SDV_20210705T053534_20210705T053559_038638_048F2B_CC2D_COG,OK,CACHE,0,sentinel-1a,2021-07-05T05:35:34.033431Z,2021-07-05T05:35:59.032407Z,IW,VV|VH,descending,66,38638,,L1,"[6.530125, 45.037872, 10.227998, 46.946907]",11,https://stac.dataspace.copernicus.eu/v1/collections/sentinel-1-grd/items/S1A_IW_GRDH_1SDV_20210705T053534_20210705T053559_038638_048F2B_CC2D_COG
S1A_IW_GRDH_1SDV_20210705T053559_20210705T053624_038638_048F2B_CD93_COG,OK,CACHE,0,sentinel-1a,2021-07-05T05:35:59.033908Z,2021-07-05T05:36:24.032884Z,IW,VV|VH,descending,66,38638,,L1,"[6.204817, 43.538651, 9.845565, 45.444279]",11,https://stac.dataspace.copernicus.eu/v1/collections/sentinel-1-grd/items/S1A_IW_GRDH_1SDV_20210705T053559_20210705T053624_038638_048F2B_CD93_COG
S1A_IW_GRDH_1SDV_20210706T172313_20210706T172338_038660_048FE2_29B0_COG,OK,CACHE,0,sentinel-1a,2021-07-06T17:23:13.446567Z,2021-07-06T17:23:38.445285Z,IW,VV|VH,ascending,88,38660,,L1,"[5.807275, 43.921928, 9.45371, 45.824574]",11,https://stac.dataspace.copernicus.eu/v1/collections/sentinel-1-grd/items/S1A_IW_GRDH_1SDV_20210706T172313_20210706T172338_038660_048FE2_29B0_COG
S1A_IW_GRDH_1SDV_20210706T172338_20210706T172403_038660_048FE2_7FC9_COG,OK,CACHE,0,sentinel-1a,2021-07-06T17:23:38.446783Z,2021-07-06T17:24:03.445501Z,IW,VV|VH,ascending,88,38660,,L1,"[5.360117, 45.42078, 9.125414, 47.320801]",11,https://stac.dataspace.copernicus.eu/v1/collections/sentinel-1-grd/items/S1A_IW_GRDH_1SDV_20210706T172338_20210706T172403_038660_048FE2_7FC9_COG
S1A_IW_GRDH_1SDV_20210712T052721_20210712T052746_038740_049246_EC03_COG,OK,CACHE,0,sentinel-1a,2021-07-12T05:27:21.746052Z,2021-07-12T05:27:46.743677Z,IW,VV|VH,descending,168,38740,,L1,"[8.575096, 44.978458, 12.277379, 46.886513]",11,https://stac.dataspace.copernicus.eu/v1/collections/sentinel-1-grd/items/S1A_IW_GRDH_1SDV_20210712T052721_20210712T052746_038740_049246_EC03_COG
S1A_IW_GRDH_1SDV_20210712T052746_20210712T052811_038740_049246_4240_COG,OK,CACHE,0,sentinel-1a,2021-07-12T05:27:46.745177Z,2021-07-12T05:28:11.744301Z,IW,VV|VH,descending,168,38740,,L1,"[8.245304, 43.479839, 11.886855, 45.384838]",11,https://stac.dataspace.copernicus.eu/v1/collections/sentinel-1-grd/items/S1A_IW_GRDH_1SDV_20210712T052746_20210712T052811_038740_049246_4240_COG
S1A_IW_GRDH_1SDV_20210713T171507_20210713T171532_038762_0492ED_BA18_COG,OK,CACHE,0,sentinel-1a,2021-07-13T17:15:07.633208Z,2021-07-13T17:15:32.630381Z,IW,VV|VH,ascending,15,38762,,L1,"[7.743818, 44.361843, 11.40221, 46.26651]",11,https://stac.dataspace.copernicus.eu/v1/collections/sentinel-1-grd/items/S1A_IW_GRDH_1SDV_20210713T171507_20210713T171532_038762_0492ED_BA18_COG
S1A_IW_GRDH_1SDV_20210717T053534_20210717T053559_038813_049468_7870_COG,OK,CACHE,0,sentinel-1a,2021-07-17T05:35:34.813047Z,2021-07-17T05:35:59.811959Z,IW,VV|VH,descending,66,38813,,L1,"[6.530349, 45.037693, 10.228089, 46.946747]",11,https://stac.dataspace.copernicus.eu/v1/collections/sentinel-1-grd/items/S1A_IW_GRDH_1SDV_20210717T053534_20210717T053559_038813_049468_7870_COG
S1A_IW_GRDH_1SDV_20210717T053559_20210717T053624_038813_049468_4DA5_COG,OK,CACHE,0,sentinel-1a,2021-07-17T05:35:59.813459Z,2021-07-17T05:36:24.812372Z,IW,VV|VH,descending,66,38813,,L1,"[6.205008, 43.538471, 9.845645, 45.444118]",11,https://stac.dataspace.copernicus.eu/v1/collections/sentinel-1-grd/items/S1A_IW_GRDH_1SDV_20210717T053559_20210717T053624_038813_049468_4DA5_COG
S1A_IW_GRDH_1SDV_20210718T172314_20210718T172339_038835_049522_2695_COG,OK,CACHE,0,sentinel-1a,2021-07-18T17:23:14.268314Z,2021-07-18T17:23:39.267097Z,IW,VV|VH,ascending,88,38835,,L1,"[5.805567, 43.921814, 9.452029, 45.824516]",11,https://stac.dataspace.copernicus.eu/v1/collections/sentinel-1-grd/items/S1A_IW_GRDH_1SDV_20210718T172314_20210718T172339_038835_049522_2695_COG
S1A_IW_GRDH_1SDV_20210718T172339_20210718T172404_038835_049522_DB41_COG,OK,CACHE,0,sentinel-1a,2021-07-18T17:23:39.268595Z,2021-07-18T17:24:04.265878Z,IW,VV|VH,ascending,88,38835,,L1,"[5.358194, 45.420658, 9.123812, 47.320641]",11,https://stac.dataspace.copernicus.eu/v1/collections/sentinel-1-grd/items/S1A_IW_GRDH_1SDV_20210718T172339_20210718T172404_038835_049522_DB41_COG
S1A_IW_GRDH_1SDV_20210724T052722_20210724T052747_038915_049781_DF3F_COG,OK,CACHE,0,sentinel-1a,2021-07-24T05:27:22.456773Z,2021-07-24T05:27:47.455942Z,IW,VV|VH,descending,168,38915,,L1,"[8.575728, 44.978386, 12.278456, 46.886497]",11,https://stac.dataspace.copernicus.eu/v1/collections/sentinel-1-grd/items/S1A_IW_GRDH_1SDV_20210724T052722_20210724T052747_038915_049781_DF3F_COG
S1A_IW_GRDH_1SDV_20210724T052747_20210724T052812_038915_049781_2DF6_COG,OK,CACHE,0,sentinel-1a,2021-07-24T05:27:47.457442Z,2021-07-24T05:28:12.455110Z,IW,VV|VH,descending,168,38915,,L1,"[8.245948, 43.479858, 11.887481, 45.384777]",11,https://stac.dataspace.copernicus.eu/v1/collections/sentinel-1-grd/items/S1A_IW_GRDH_1SDV_20210724T052747_20210724T052812_038915_049781_2DF6_COG
S1A_IW_GRDH_1SDV_20210725T171508_20210725T171533_038937_049829_F55E_COG,OK,CACHE,0,sentinel-1a,2021-07-25T17:15:08.181052Z,2021-07-25T17:15:33.179612Z,IW,VV|VH,ascending,15,38937,,L1,"[7.745413, 44.361919, 11.40382, 46.266659]",11,https://stac.dataspace.copernicus.eu/v1/collections/sentinel-1-grd/items/S1A_IW_GRDH_1SDV_20210725T171508_20210725T171533_038937_049829_F55E_COG
S1A_IW_GRDH_1SDV_20210729T053535_20210729T053600_038988_04999A_F8F6_COG,OK,CACHE,0,sentinel-1a,2021-07-29T05:35:35.367442Z,2021-07-29T05:36:00.364993Z,IW,VV|VH,descending,66,38988,,L1,"[6.531409, 45.037853, 10.229207, 46.946808]",11,https://stac.dataspace.copernicus.eu/v1/collections/sentinel-1-grd/items/S1A_IW_GRDH_1SDV_20210729T053535_20210729T053600_038988_04999A_F8F6_COG
S1A_IW_GRDH_1SDV_20210729T053600_20210729T053625_038988_04999A_6E34_COG,OK,CACHE,0,sentinel-1a,2021-07-29T05:36:00.366521Z,2021-07-29T05:36:25.365574Z,IW,VV|VH,descending,66,38988,,L1,"[6.205987, 43.538631, 9.846846, 45.444275]",11,https://stac.dataspace.copernicus.eu/v1/collections/sentinel-1-grd/items/S1A_IW_GRDH_1SDV_20210729T053600_20210729T053625_038988_04999A_6E34_COG
S1A_IW_GRDH_1SDV_20210730T172314_20210730T172339_039010_049A54_52BE_COG,OK,CACHE,0,sentinel-1a,2021-07-30T17:23:14.900326Z,2021-07-30T17:23:39.898934Z,IW,VV|VH,ascending,88,39010,,L1,"[5.807389, 43.92207, 9.453728, 45.824718]",11,https://stac.dataspace.copernicus.eu/v1/collections/sentinel-1-grd/items/S1A_IW_GRDH_1SDV_20210730T172314_20210730T172339_039010_049A54_52BE_COG
S1A_IW_GRDH_1SDV_20210730T172339_20210730T172404_039010_049A54_101D_COG,OK,CACHE,0,sentinel-1a,2021-07-30T17:23:39.900433Z,2021-07-30T17:24:04.899041Z,IW,VV|VH,ascending,88,39010,,L1,"[5.360207, 45.420918, 9.125531, 47.320957]",11,https://stac.dataspace.copernicus.eu/v1/collections/sentinel-1-grd/items/S1A_IW_GRDH_1SDV_20210730T172339_20210730T172404_039010_049A54_101D_COG
S1A_IW_GRDH_1SDV_20210805T052723_20210805T052748_039090_049CCC_EECE_COG,OK,CACHE,0,sentinel-1a,2021-08-05T05:27:23.206105Z,2021-08-05T05:27:48.203800Z,IW,VV|VH,descending,168,39090,,L1,"[8.57548, 44.978416, 12.278198, 46.886452]",11,https://stac.dataspace.copernicus.eu/v1/collections/sentinel-1-grd/items/S1A_IW_GRDH_1SDV_20210805T052723_20210805T052748_039090_049CCC_EECE_COG
S1A_IW_GRDH_1SDV_20210805T052748_20210805T052813_039090_049CCC_1EFB_COG,OK,CACHE,0,sentinel-1a,2021-08-05T05:27:48.205300Z,2021-08-05T05:28:13.204494Z,IW,VV|VH,descending,168,39090,,L1,"[8.245665, 43.479801, 11.887232, 45.384823]",11,https://stac.dataspace.copernicus.eu/v1/collections/sentinel-1-grd/items/S1A_IW_GRDH_1SDV_20210805T052748_20210805T052813_039090_049CCC_1EFB_COG
S1A_IW_GRDH_1SDV_20210806T171509_20210806T171534_039112_049D8B_2302_COG,OK,CACHE,0,sentinel-1a,2021-08-06T17:15:09.058189Z,2021-08-06T17:15:34.056787Z,IW,VV|VH,ascending,15,39112,,L1,"[7.744483, 44.361965, 11.402886, 46.266689]",11,https://stac.dataspace.copernicus.eu/v1/collections/sentinel-1-grd/items/S1A_IW_GRDH_1SDV_20210806T171509_20210806T171534_039112_049D8B_2302_COG
S1A_IW_GRDH_1SDV_20210810T053536_20210810T053601_039163_049F52_A12A_COG,OK,CACHE,0,sentinel-1a,2021-08-10T05:35:36.132291Z,2021-08-10T05:36:01.131274Z,IW,VV|VH,descending,66,39163,,L1,"[6.530214, 45.037792, 10.227883, 46.946793]",11,https://stac.dataspace.copernicus.eu/v1/collections/sentinel-1-grd/items/S1A_IW_GRDH_1SDV_20210810T053536_20210810T053601_039163_049F52_A12A_COG
S1A_IW_GRDH_1SDV_20210810T053601_20210810T053626_039163_049F52_A047_COG,OK,CACHE,0,sentinel-1a,2021-08-10T05:36:01.132775Z,2021-08-10T05:36:26.131758Z,IW,VV|VH,descending,66,39163,,L1,"[6.204807, 43.538567, 9.845528, 45.444172]",11,https://stac.dataspace.copernicus.eu/v1/collections/sentinel-1-grd/items/S1A_IW_GRDH_1SDV_20210810T053601_20210810T053626_039163_049F52_A047_COG
S1A_IW_GRDH_1SDV_20210811T172315_20210811T172340_039185_04A00C_3715_COG,OK,CACHE,0,sentinel-1a,2021-08-11T17:23:15.542610Z,2021-08-11T17:23:40.541332Z,IW,VV|VH,ascending,88,39185,,L1,"[5.807371, 43.921932, 9.453816, 45.824593]",11,https://stac.dataspace.copernicus.eu/v1/collections/sentinel-1-grd/items/S1A_IW_GRDH_1SDV_20210811T172315_20210811T172340_039185_04A00C_3715_COG
S1A_IW_GRDH_1SDV_20210811T172340_20210811T172405_039185_04A00C_36C8_COG,OK,CACHE,0,sentinel-1a,2021-08-11T17:23:40.542830Z,2021-08-11T17:24:05.541552Z,IW,VV|VH,ascending,88,39185,,L1,"[5.360167, 45.420776, 9.125632, 47.320827]",11,https://stac.dataspace.copernicus.eu/v1/collections/sentinel-1-grd/items/S1A_IW_GRDH_1SDV_20210811T172340_20210811T172405_039185_04A00C_36C8_COG
S1A_IW_GRDH_1SDV_20210817T052723_20210817T052748_039265_04A2DC_3EB7_COG,OK,CACHE,0,sentinel-1a,2021-08-17T05:27:23.740039Z,2021-08-17T05:27:48.739252Z,IW,VV|VH,descending,168,39265,,L1,"[8.575969, 44.978352, 12.278946, 46.886478]",11,https://stac.dataspace.copernicus.eu/v1/collections/sentinel-1-grd/items/S1A_IW_GRDH_1SDV_20210817T052723_20210817T052748_039265_04A2DC_3EB7_COG
S1A_IW_GRDH_1SDV_20210817T052748_20210817T052813_039265_04A2DC_00C1_COG,OK,CACHE,0,sentinel-1a,2021-08-17T05:27:48.740724Z,2021-08-17T05:28:13.739936Z,IW,VV|VH,descending,168,39265,,L1,"[8.246122, 43.47974, 11.887711, 45.384785]",11,https://stac.dataspace.copernicus.eu/v1/collections/sentinel-1-grd/items/S1A_IW_GRDH_1SDV_20210817T052748_20210817T052813_039265_04A2DC_00C1_COG
S1A_IW_GRDH_1SDV_20210818T171509_20210818T171534_039287_04A39F_CB04_COG,OK,CACHE,0,sentinel-1a,2021-08-18T17:15:09.585334Z,2021-08-18T17:15:34.583959Z,IW,VV|VH,ascending,15,39287,,L1,"[7.74398, 44.361946, 11.402393, 46.266697]",11,https://stac.dataspace.copernicus.eu/v1/collections/sentinel-1-grd/items/S1A_IW_GRDH_1SDV_20210818T171509_20210818T171534_039287_04A39F_CB04_COG
S1A_IW_GRDH_1SDV_20210822T053536_20210822T053601_039338_04A555_D44D_COG,OK,CACHE,0,sentinel-1a,2021-08-22T05:35:36.782697Z,2021-08-22T05:36:01.780227Z,IW,VV|VH,descending,66,39338,,L1,"[6.529434, 45.037891, 10.227219, 46.9468]",11,https://stac.dataspace.copernicus.eu/v1/collections/sentinel-1-grd/items/S1A_IW_GRDH_1SDV_20210822T053536_20210822T053601_039338_04A555_D44D_COG
S1A_IW_GRDH_1SDV_20210822T053601_20210822T053626_039338_04A555_BFEE_COG,OK,CACHE,0,sentinel-1a,2021-08-22T05:36:01.781727Z,2021-08-22T05:36:26.780757Z,IW,VV|VH,descending,66,39338,,L1,"[6.204067, 43.538662, 9.84488, 45.444271]",11,https://stac.dataspace.copernicus.eu/v1/collections/sentinel-1-grd/items/S1A_IW_GRDH_1SDV_20210822T053601_20210822T053626_039338_04A555_BFEE_COG
S1A_IW_GRDH_1SDV_20210823T172316_20210823T172341_039360_04A618_E621_COG,OK,CACHE,0,sentinel-1a,2021-08-23T17:23:16.245337Z,2021-08-23T17:23:41.244037Z,IW,VV|VH,ascending,88,39360,,L1,"[5.807382, 43.922012, 9.453813, 45.824638]",11,https://stac.dataspace.copernicus.eu/v1/collections/sentinel-1-grd/items/S1A_IW_GRDH_1SDV_20210823T172316_20210823T172341_039360_04A618_E621_COG
S1A_IW_GRDH_1SDV_20210823T172341_20210823T172406_039360_04A618_C26A_COG,OK,CACHE,0,sentinel-1a,2021-08-23T17:23:41.245535Z,2021-08-23T17:24:06.244235Z,IW,VV|VH,ascending,88,39360,,L1,"[5.360209, 45.420864, 9.125657, 47.320877]",11,https://stac.dataspace.copernicus.eu/v1/collections/sentinel-1-grd/items/S1A_IW_GRDH_1SDV_20210823T172341_20210823T172406_039360_04A618_C26A_COG
S1A_IW_GRDH_1SDV_20210829T052724_20210829T052749_039440_04A8CE_51E5_COG,OK,CACHE,0,sentinel-1a,2021-08-29T05:27:24.340292Z,2021-08-29T05:27:49.339510Z,IW,VV|VH,descending,168,39440,,L1,"[8.576529, 44.978336, 12.279547, 46.886501]",11,https://stac.dataspace.copernicus.eu/v1/collections/sentinel-1-grd/items/S1A_IW_GRDH_1SDV_20210829T052724_20210829T052749_039440_04A8CE_51E5_COG
S1A_IW_GRDH_1SDV_20210829T052749_20210829T052814_039440_04A8CE_E0CD_COG,OK,CACHE,0,sentinel-1a,2021-08-29T05:27:49.341010Z,2021-08-29T05:28:14.338728Z,IW,VV|VH,descending,168,39440,,L1,"[8.246537, 43.479816, 11.888262, 45.384819]",11,https://stac.dataspace.copernicus.eu/v1/collections/sentinel-1-grd/items/S1A_IW_GRDH_1SDV_20210829T052749_20210829T052814_039440_04A8CE_E0CD_COG
S1A_IW_GRDH_1SDV_20210830T171510_20210830T171535_039462_04A98E_8E29_COG,OK,CACHE,0,sentinel-1a,2021-08-30T17:15:10.136028Z,2021-08-30T17:15:35.133202Z,IW,VV|VH,ascending,15,39462,,L1,"[7.742716, 44.361866, 11.401154, 46.266586]",11,https://stac.dataspace.copernicus.eu/v1/collections/sentinel-1-grd/items/S1A_IW_GRDH_1SDV_20210830T171510_20210830T171535_039462_04A98E_8E29_COG
S1A_IW_GRDH_1SDV_20210903T053537_20210903T053602_039513_04AB58_73A5_COG,OK,CACHE,0,sentinel-1a,2021-09-03T05:35:37.232692Z,2021-09-03T05:36:02.231748Z,IW,VV|VH,descending,66,39513,,L1,"[6.5312, 45.037754, 10.229015, 46.946838]",11,https://stac.dataspace.copernicus.eu/v1/collections/sentinel-1-grd/items/S1A_IW_GRDH_1SDV_20210903T053537_20210903T053602_039513_04AB58_73A5_COG
S1A_IW_GRDH_1SDV_20210903T053602_20210903T053627_039513_04AB58_BAF3_COG,OK,CACHE,0,sentinel-1a,2021-09-03T05:36:02.233248Z,2021-09-03T05:36:27.232304Z,IW,VV|VH,descending,66,39513,,L1,"[6.205857, 43.538532, 9.846622, 45.444202]",11,https://stac.dataspace.copernicus.eu/v1/collections/sentinel-1-grd/items/S1A_IW_GRDH_1SDV_20210903T053602_20210903T053627_039513_04AB58_BAF3_COG
S1A_IW_GRDH_1SDV_20210904T172316_20210904T172341_039535_04AC1B_A261_COG,OK,CACHE,0,sentinel-1a,2021-09-04T17:23:16.746404Z,2021-09-04T17:23:41.745166Z,IW,VV|VH,ascending,88,39535,,L1,"[5.806417, 43.921963, 9.45301, 45.824657]",11,https://stac.dataspace.copernicus.eu/v1/collections/sentinel-1-grd/items/S1A_IW_GRDH_1SDV_20210904T172316_20210904T172341_039535_04AC1B_A261_COG
S1A_IW_GRDH_1SDV_20210904T172341_20210904T172406_039535_04AC1B_1DCF_COG,OK,CACHE,0,sentinel-1a,2021-09-04T17:23:41.746664Z,2021-09-04T17:24:06.745427Z,IW,VV|VH,ascending,88,39535,,L1,"[5.359023, 45.420807, 9.124677, 47.320858]",11,https://stac.dataspace.copernicus.eu/v1/collections/sentinel-1-grd/items/S1A_IW_GRDH_1SDV_20210904T172341_20210904T172406_039535_04AC1B_1DCF_COG
S1A_IW_GRDH_1SDV_20210910T052724_20210910T052749_039615_04AEE1_CA8F_COG,OK,CACHE,0,sentinel-1a,2021-09-10T05:27:24.936610Z,2021-09-10T05:27:49.934392Z,IW,VV|VH,descending,168,39615,,L1,"[8.575916, 44.978394, 12.278985, 46.886429]",11,https://stac.dataspace.copernicus.eu/v1/collections/sentinel-1-grd/items/S1A_IW_GRDH_1SDV_20210910T052724_20210910T052749_039615_04AEE1_CA8F_COG
S1A_IW_GRDH_1SDV_20210910T052749_20210910T052814_039615_04AEE1_668E_COG,OK,CACHE,0,sentinel-1a,2021-09-10T05:27:49.935891Z,2021-09-10T05:28:14.935173Z,IW,VV|VH,descending,168,39615,,L1,"[8.246093, 43.479778, 11.887791, 45.384823]",11,https://stac.dataspace.copernicus.eu/v1/collections/sentinel-1-grd/items/S1A_IW_GRDH_1SDV_20210910T052749_20210910T052814_039615_04AEE1_668E_COG
S1A_IW_GRDH_1SDV_20210911T171510_20210911T171535_039637_04AFA1_0CEC_COG,OK,CACHE,0,sentinel-1a,2021-09-11T17:15:10.762840Z,2021-09-11T17:15:35.761429Z,IW,VV|VH,ascending,15,39637,,L1,"[7.743701, 44.362, 11.402128, 46.266769]",11,https://stac.dataspace.copernicus.eu/v1/collections/sentinel-1-grd/items/S1A_IW_GRDH_1SDV_20210911T171510_20210911T171535_039637_04AFA1_0CEC_COG
S1A_IW_GRDH_1SDV_20210915T053537_20210915T053602_039688_04B16E_A695_COG,OK,CACHE,0,sentinel-1a,2021-09-15T05:35:37.798959Z,2021-09-15T05:36:02.798103Z,IW,VV|VH,descending,66,39688,,L1,"[6.531275, 45.037773, 10.229176, 46.946899]",11,https://stac.dataspace.copernicus.eu/v1/collections/sentinel-1-grd/items/S1A_IW_GRDH_1SDV_20210915T053537_20210915T053602_039688_04B16E_A695_COG
S1A_IW_GRDH_1SDV_20210915T053602_20210915T053627_039688_04B16E_0B51_COG,OK,CACHE,0,sentinel-1a,2021-09-15T05:36:02.799603Z,2021-09-15T05:36:27.797247Z,IW,VV|VH,descending,66,39688,,L1,"[6.205941, 43.538647, 9.84682, 45.44426]",11,https://stac.dataspace.copernicus.eu/v1/collections/sentinel-1-grd/items/S1A_IW_GRDH_1SDV_20210915T053602_20210915T053627_039688_04B16E_0B51_COG
S1A_IW_GRDH_1SDV_20210916T172317_20210916T172342_039710_04B214_2912_COG,OK,CACHE,0,sentinel-1a,2021-09-16T17:23:17.233422Z,2021-09-16T17:23:42.232144Z,IW,VV|VH,ascending,88,39710,,L1,"[5.806211, 43.922016, 9.452823, 45.824718]",11,https://stac.dataspace.copernicus.eu/v1/collections/sentinel-1-grd/items/S1A_IW_GRDH_1SDV_20210916T172317_20210916T172342_039710_04B214_2912_COG
S1A_IW_GRDH_1SDV_20210916T172342_20210916T172407_039710_04B214_F1CA_COG,OK,CACHE,0,sentinel-1a,2021-09-16T17:23:42.233643Z,2021-09-16T17:24:07.232365Z,IW,VV|VH,ascending,88,39710,,L1,"[5.35879, 45.42086, 9.124471, 47.320919]",11,https://stac.dataspace.copernicus.eu/v1/collections/sentinel-1-grd/items/S1A_IW_GRDH_1SDV_20210916T172342_20210916T172407_039710_04B214_F1CA_COG
S1A_IW_GRDH_1SDV_20210922T052725_20210922T052750_039790_04B4CC_C9E8_COG,OK,CACHE,0,sentinel-1a,2021-09-22T05:27:25.323403Z,2021-09-22T05:27:50.321258Z,IW,VV|VH,descending,168,39790,,L1,"[8.576312, 44.978497, 12.279513, 46.886551]",11,https://stac.dataspace.copernicus.eu/v1/collections/sentinel-1-grd/items/S1A_IW_GRDH_1SDV_20210922T052725_20210922T052750_039790_04B4CC_C9E8_COG
S1A_IW_GRDH_1SDV_20210922T052750_20210922T052815_039790_04B4CC_BDB4_COG,OK,CACHE,0,sentinel-1a,2021-09-22T05:27:50.322758Z,2021-09-22T05:28:15.322113Z,IW,VV|VH,descending,168,39790,,L1,"[8.246479, 43.479881, 11.888317, 45.384945]",11,https://stac.dataspace.copernicus.eu/v1/collections/sentinel-1-grd/items/S1A_IW_GRDH_1SDV_20210922T052750_20210922T052815_039790_04B4CC_BDB4_COG
S1A_IW_GRDH_1SDV_20210923T171511_20210923T171536_039812_04B582_6DBA_COG,OK,CACHE,0,sentinel-1a,2021-09-23T17:15:11.148544Z,2021-09-23T17:15:36.145713Z,IW,VV|VH,ascending,15,39812,,L1,"[7.74454, 44.362041, 11.403048, 46.266701]",11,https://stac.dataspace.copernicus.eu/v1/collections/sentinel-1-grd/items/S1A_IW_GRDH_1SDV_20210923T171511_20210923T171536_039812_04B582_6DBA_COG
S1A_IW_GRDH_1SDV_20210927T053538_20210927T053603_039863_04B74D_3AFF_COG,OK,CACHE,0,sentinel-1a,2021-09-27T05:35:38.233743Z,2021-09-27T05:36:03.231507Z,IW,VV|VH,descending,66,39863,,L1,"[6.530843, 45.037968, 10.22894, 46.947002]",11,https://stac.dataspace.copernicus.eu/v1/collections/sentinel-1-grd/items/S1A_IW_GRDH_1SDV_20210927T053538_20210927T053603_039863_04B74D_3AFF_COG
S1A_IW_GRDH_1SDV_20210927T053603_20210927T053628_039863_04B74D_6282_COG,OK,CACHE,0,sentinel-1a,2021-09-27T05:36:03.233007Z,2021-09-27T05:36:28.232272Z,IW,VV|VH,descending,66,39863,,L1,"[6.205361, 43.53875, 9.846527, 45.444473]",11,https://stac.dataspace.copernicus.eu/v1/collections/sentinel-1-grd/items/S1A_IW_GRDH_1SDV_20210927T053603_20210927T053628_039863_04B74D_6282_COG
S1A_IW_GRDH_1SDV_20210928T172317_20210928T172342_039885_04B817_1239_COG,OK,CACHE,0,sentinel-1a,2021-09-28T17:23:17.634698Z,2021-09-28T17:23:42.632025Z,IW,VV|VH,ascending,88,39885,,L1,"[5.805171, 43.922009, 9.451905, 45.824654]",11,https://stac.dataspace.copernicus.eu/v1/collections/sentinel-1-grd/items/S1A_IW_GRDH_1SDV_20210928T172317_20210928T172342_039885_04B817_1239_COG
S1A_IW_GRDH_1SDV_20210928T172342_20210928T172407_039885_04B817_42D6_COG,OK,CACHE,0,sentinel-1a,2021-09-28T17:23:42.633524Z,2021-09-28T17:24:07.632349Z,IW,VV|VH,ascending,88,39885,,L1,"[5.357724, 45.420761, 9.123547, 47.32085]",11,https://stac.dataspace.copernicus.eu/v1/collections/sentinel-1-grd/items/S1A_IW_GRDH_1SDV_20210928T172342_20210928T172407_039885_04B817_42D6_COG
S1A_IW_GRDH_1SDV_20220402T052722_20220402T052747_042590_0514A4_6F1A_COG,OK,CACHE,0,sentinel-1a,2022-04-02T05:27:22.132619Z,2022-04-02T05:27:47.130566Z,IW,VV|VH,descending,168,42590,,L1,"[8.571779, 44.977512, 12.28452, 46.886959]",11,https://stac.dataspace.copernicus.eu/v1/collections/sentinel-1-grd/items/S1A_IW_GRDH_1SDV_20220402T052722_20220402T052747_042590_0514A4_6F1A_COG
S1A_IW_GRDH_1SDV_20220402T052747_20220402T052812_042590_0514A4_6AB9_COG,OK,CACHE,0,sentinel-1a,2022-04-02T05:27:47.132010Z,2022-04-02T05:28:12.129953Z,IW,VV|VH,descending,168,42590,,L1,"[8.242032, 43.478977, 11.89391, 45.385258]",11,https://stac.dataspace.copernicus.eu/v1/collections/sentinel-1-grd/items/S1A_IW_GRDH_1SDV_20220402T052747_20220402T052812_042590_0514A4_6AB9_COG
S1A_IW_GRDH_1SDV_20220403T171507_20220403T171532_042612_051565_A3CA_COG,OK,CACHE,0,sentinel-1a,2022-04-03T17:15:07.939034Z,2022-04-03T17:15:32.937810Z,IW,VV|VH,ascending,15,42612,,L1,"[7.743061, 44.361687, 11.401566, 46.26646]",11,https://stac.dataspace.copernicus.eu/v1/collections/sentinel-1-grd/items/S1A_IW_GRDH_1SDV_20220403T171507_20220403T171532_042612_051565_A3CA_COG
S1A_IW_GRDH_1SDV_20220407T053534_20220407T053559_042663_051713_92B8_COG,OK,CACHE,0,sentinel-1a,2022-04-07T05:35:34.762425Z,2022-04-07T05:35:59.762195Z,IW,VV|VH,descending,66,42663,,L1,"[6.528852, 45.036797, 10.237121, 46.947262]",11,https://stac.dataspace.copernicus.eu/v1/collections/sentinel-1-grd/items/S1A_IW_GRDH_1SDV_20220407T053534_20220407T053559_042663_051713_92B8_COG
S1A_IW_GRDH_1SDV_20220407T053559_20220407T053624_042663_051713_45F5_COG,OK,CACHE,0,sentinel-1a,2022-04-07T05:35:59.763695Z,2022-04-07T05:36:24.761966Z,IW,VV|VH,descending,66,42663,,L1,"[6.203456, 43.537621, 9.854533, 45.444592]",11,https://stac.dataspace.copernicus.eu/v1/collections/sentinel-1-grd/items/S1A_IW_GRDH_1SDV_20220407T053559_20220407T053624_042663_051713_45F5_COG
S1A_IW_GRDH_1SDV_20220408T172314_20220408T172339_042685_0517D6_6363_COG,OK,CACHE,0,sentinel-1a,2022-04-08T17:23:14.254965Z,2022-04-08T17:23:39.252278Z,IW,VV|VH,ascending,88,42685,,L1,"[5.806319, 43.921791, 9.452754, 45.824402]",11,https://stac.dataspace.copernicus.eu/v1/collections/sentinel-1-grd/items/S1A_IW_GRDH_1SDV_20220408T172314_20220408T172339_042685_0517D6_6363_COG
S1A_IW_GRDH_1SDV_20220408T172339_20220408T172404_042685_0517D6_6D13_COG,OK,CACHE,0,sentinel-1a,2022-04-08T17:23:39.253777Z,2022-04-08T17:24:04.252589Z,IW,VV|VH,ascending,88,42685,,L1,"[5.358914, 45.420547, 9.124557, 47.320618]",11,https://stac.dataspace.copernicus.eu/v1/collections/sentinel-1-grd/items/S1A_IW_GRDH_1SDV_20220408T172339_20220408T172404_042685_0517D6_6D13_COG
S1A_IW_GRDH_1SDV_20220415T171508_20220415T171533_042787_051B4B_0534_COG,OK,CACHE,0,sentinel-1a,2022-04-15T17:15:08.085772Z,2022-04-15T17:15:33.084397Z,IW,VV|VH,ascending,15,42787,,L1,"[7.744182, 44.361874, 11.402571, 46.266621]",11,https://stac.dataspace.copernicus.eu/v1/collections/sentinel-1-grd/items/S1A_IW_GRDH_1SDV_20220415T171508_20220415T171533_042787_051B4B_0534_COG
S1A_IW_GRDH_1SDV_20220419T053535_20220419T053600_042838_051CF1_AC33_COG,OK,CACHE,0,sentinel-1a,2022-04-19T05:35:35.324280Z,2022-04-19T05:36:00.322612Z,IW,VV|VH,descending,66,42838,,L1,"[6.528005, 45.036846, 10.236221, 46.947212]",11,https://stac.dataspace.copernicus.eu/v1/collections/sentinel-1-grd/items/S1A_IW_GRDH_1SDV_20220419T053535_20220419T053600_042838_051CF1_AC33_COG
S1A_IW_GRDH_1SDV_20220419T053600_20220419T053625_042838_051CF1_660C_COG,OK,CACHE,0,sentinel-1a,2022-04-19T05:36:00.324112Z,2022-04-19T05:36:25.322445Z,IW,VV|VH,descending,66,42838,,L1,"[6.20263, 43.53767, 9.853693, 45.444626]",11,https://stac.dataspace.copernicus.eu/v1/collections/sentinel-1-grd/items/S1A_IW_GRDH_1SDV_20220419T053600_20220419T053625_042838_051CF1_660C_COG
S1A_IW_GRDH_1SDV_20220420T172314_20220420T172339_042860_051DB3_E4C1_COG,OK,CACHE,0,sentinel-1a,2022-04-20T17:23:14.757118Z,2022-04-20T17:23:39.755828Z,IW,VV|VH,ascending,88,42860,,L1,"[5.806437, 43.921856, 9.452902, 45.824551]",11,https://stac.dataspace.copernicus.eu/v1/collections/sentinel-1-grd/items/S1A_IW_GRDH_1SDV_20220420T172314_20220420T172339_042860_051DB3_E4C1_COG
S1A_IW_GRDH_1SDV_20220420T172339_20220420T172404_042860_051DB3_9253_COG,OK,CACHE,0,sentinel-1a,2022-04-20T17:23:39.757353Z,2022-04-20T17:24:04.756066Z,IW,VV|VH,ascending,88,42860,,L1,"[5.359038, 45.420704, 9.124687, 47.320766]",11,https://stac.dataspace.copernicus.eu/v1/collections/sentinel-1-grd/items/S1A_IW_GRDH_1SDV_20220420T172339_20220420T172404_042860_051DB3_9253_COG
S1A_IW_GRDH_1SDV_20220426T052723_20220426T052748_042940_05204A_86FC_COG,OK,CACHE,0,sentinel-1a,2022-04-26T05:27:23.033673Z,2022-04-26T05:27:48.033143Z,IW,VV|VH,descending,168,42940,,L1,"[8.572799, 44.977413, 12.285661, 46.886974]",11,https://stac.dataspace.copernicus.eu/v1/collections/sentinel-1-grd/items/S1A_IW_GRDH_1SDV_20220426T052723_20220426T052748_042940_05204A_86FC_COG
S1A_IW_GRDH_1SDV_20220426T052748_20220426T052813_042940_05204A_187B_COG,OK,CACHE,0,sentinel-1a,2022-04-26T05:27:48.034642Z,2022-04-26T05:28:13.032611Z,IW,VV|VH,descending,168,42940,,L1,"[8.243166, 43.478874, 11.894917, 45.385178]",11,https://stac.dataspace.copernicus.eu/v1/collections/sentinel-1-grd/items/S1A_IW_GRDH_1SDV_20220426T052748_20220426T052813_042940_05204A_187B_COG
S1A_IW_GRDH_1SDV_20220427T171508_20220427T171533_042962_052109_A880_COG,OK,CACHE,0,sentinel-1a,2022-04-27T17:15:08.765450Z,2022-04-27T17:15:33.763817Z,IW,VV|VH,ascending,15,42962,,L1,"[7.744262, 44.361847, 11.40227, 46.266521]",11,https://stac.dataspace.copernicus.eu/v1/collections/sentinel-1-grd/items/S1A_IW_GRDH_1SDV_20220427T171508_20220427T171533_042962_052109_A880_COG
S1A_IW_GRDH_1SDV_20220501T053535_20220501T053600_043013_0522BA_D634_COG,OK,CACHE,0,sentinel-1a,2022-05-01T05:35:35.841987Z,2022-05-01T05:36:00.840308Z,IW,VV|VH,descending,66,43013,,L1,"[6.527864, 45.036839, 10.236083, 46.947182]",11,https://stac.dataspace.copernicus.eu/v1/collections/sentinel-1-grd/items/S1A_IW_GRDH_1SDV_20220501T053535_20220501T053600_043013_0522BA_D634_COG
S1A_IW_GRDH_1SDV_20220501T053600_20220501T053625_043013_0522BA_2D08_COG,OK,CACHE,0,sentinel-1a,2022-05-01T05:36:00.841808Z,2022-05-01T05:36:25.840130Z,IW,VV|VH,descending,66,43013,,L1,"[6.202629, 43.537659, 9.853556, 45.444584]",11,https://stac.dataspace.copernicus.eu/v1/collections/sentinel-1-grd/items/S1A_IW_GRDH_1SDV_20220501T053600_20220501T053625_043013_0522BA_2D08_COG
S1A_IW_GRDH_1SDV_20220502T172315_20220502T172340_043035_052376_9E59_COG,OK,CACHE,0,sentinel-1a,2022-05-02T17:23:15.163387Z,2022-05-02T17:23:40.162064Z,IW,VV|VH,ascending,88,43035,,L1,"[5.807715, 43.921925, 9.454036, 45.82457]",11,https://stac.dataspace.copernicus.eu/v1/collections/sentinel-1-grd/items/S1A_IW_GRDH_1SDV_20220502T172315_20220502T172340_043035_052376_9E59_COG
S1A_IW_GRDH_1SDV_20220502T172340_20220502T172405_043035_052376_238C_COG,OK,CACHE,0,sentinel-1a,2022-05-02T17:23:40.163562Z,2022-05-02T17:24:05.162238Z,IW,VV|VH,ascending,88,43035,,L1,"[5.360515, 45.420773, 9.12585, 47.320805]",11,https://stac.dataspace.copernicus.eu/v1/collections/sentinel-1-grd/items/S1A_IW_GRDH_1SDV_20220502T172340_20220502T172405_043035_052376_238C_COG
S1A_IW_GRDH_1SDV_20220508T052723_20220508T052748_043115_052620_A7E5_COG,OK,CACHE,0,sentinel-1a,2022-05-08T05:27:23.405881Z,2022-05-08T05:27:48.403954Z,IW,VV|VH,descending,168,43115,,L1,"[8.575365, 44.977478, 12.288968, 46.886955]",11,https://stac.dataspace.copernicus.eu/v1/collections/sentinel-1-grd/items/S1A_IW_GRDH_1SDV_20220508T052723_20220508T052748_043115_052620_A7E5_COG
S1A_IW_GRDH_1SDV_20220508T052748_20220508T052813_043115_052620_3497_COG,OK,CACHE,0,sentinel-1a,2022-05-08T05:27:48.405453Z,2022-05-08T05:28:13.403527Z,IW,VV|VH,descending,168,43115,,L1,"[8.245678, 43.478947, 11.8976, 45.385311]",11,https://stac.dataspace.copernicus.eu/v1/collections/sentinel-1-grd/items/S1A_IW_GRDH_1SDV_20220508T052748_20220508T052813_043115_052620_3497_COG
S1A_IW_GRDH_1SDV_20220509T171509_20220509T171534_043137_0526DF_1E7F_COG,OK,CACHE,0,sentinel-1a,2022-05-09T17:15:09.351145Z,2022-05-09T17:15:34.349801Z,IW,VV|VH,ascending,15,43137,,L1,"[7.743842, 44.361813, 11.402222, 46.266609]",11,https://stac.dataspace.copernicus.eu/v1/collections/sentinel-1-grd/items/S1A_IW_GRDH_1SDV_20220509T171509_20220509T171534_043137_0526DF_1E7F_COG
S1A_IW_GRDH_1SDV_20220513T053536_20220513T053601_043188_052869_0F3F_COG,OK,CACHE,0,sentinel-1a,2022-05-13T05:35:36.655570Z,2022-05-13T05:36:01.653921Z,IW,VV|VH,descending,66,43188,,L1,"[6.528117, 45.036839, 10.236374, 46.94722]",11,https://stac.dataspace.copernicus.eu/v1/collections/sentinel-1-grd/items/S1A_IW_GRDH_1SDV_20220513T053536_20220513T053601_043188_052869_0F3F_COG
S1A_IW_GRDH_1SDV_20220513T053601_20220513T053626_043188_052869_445D_COG,OK,CACHE,0,sentinel-1a,2022-05-13T05:36:01.655421Z,2022-05-13T05:36:26.655271Z,IW,VV|VH,descending,66,43188,,L1,"[6.202829, 43.537575, 9.853799, 45.444626]",11,https://stac.dataspace.copernicus.eu/v1/collections/sentinel-1-grd/items/S1A_IW_GRDH_1SDV_20220513T053601_20220513T053626_043188_052869_445D_COG
S1A_IW_GRDH_1SDV_20220514T172316_20220514T172341_043210_05291B_BBBF_COG,OK,CACHE,0,sentinel-1a,2022-05-14T17:23:16.165990Z,2022-05-14T17:23:41.163144Z,IW,VV|VH,ascending,88,43210,,L1,"[5.806426, 43.921989, 9.452724, 45.824543]",11,https://stac.dataspace.copernicus.eu/v1/collections/sentinel-1-grd/items/S1A_IW_GRDH_1SDV_20220514T172316_20220514T172341_043210_05291B_BBBF_COG
S1A_IW_GRDH_1SDV_20220514T172341_20220514T172406_043210_05291B_DAF9_COG,OK,CACHE,0,sentinel-1a,2022-05-14T17:23:41.164642Z,2022-05-14T17:24:06.163294Z,IW,VV|VH,ascending,88,43210,,L1,"[5.359065, 45.42075, 9.12456, 47.320763]",11,https://stac.dataspace.copernicus.eu/v1/collections/sentinel-1-grd/items/S1A_IW_GRDH_1SDV_20220514T172341_20220514T172406_043210_05291B_DAF9_COG
S1A_IW_GRDH_1SDV_20220520T052724_20220520T052749_043290_052B73_B57F_COG,OK,CACHE,0,sentinel-1a,2022-05-20T05:27:24.208418Z,2022-05-20T05:27:49.206442Z,IW,VV|VH,descending,168,43290,,L1,"[8.575272, 44.977413, 12.288747, 46.886864]",11,https://stac.dataspace.copernicus.eu/v1/collections/sentinel-1-grd/items/S1A_IW_GRDH_1SDV_20220520T052724_20220520T052749_043290_052B73_B57F_COG
S1A_IW_GRDH_1SDV_20220520T052749_20220520T052814_043290_052B73_12C7_COG,OK,CACHE,0,sentinel-1a,2022-05-20T05:27:49.207941Z,2022-05-20T05:28:14.205965Z,IW,VV|VH,descending,168,43290,,L1,"[8.245473, 43.478882, 11.89738, 45.385231]",11,https://stac.dataspace.copernicus.eu/v1/collections/sentinel-1-grd/items/S1A_IW_GRDH_1SDV_20220520T052749_20220520T052814_043290_052B73_12C7_COG
S1A_IW_GRDH_1SDV_20220521T171510_20220521T171535_043312_052C17_05BC_COG,OK,CACHE,0,sentinel-1a,2022-05-21T17:15:10.153278Z,2022-05-21T17:15:35.151887Z,IW,VV|VH,ascending,15,43312,,L1,"[7.74403, 44.361813, 11.40233, 46.266598]",11,https://stac.dataspace.copernicus.eu/v1/collections/sentinel-1-grd/items/S1A_IW_GRDH_1SDV_20220521T171510_20220521T171535_043312_052C17_05BC_COG
S1A_IW_GRDH_1SDV_20220525T053537_20220525T053602_043363_052DA0_52DC_COG,OK,CACHE,0,sentinel-1a,2022-05-25T05:35:37.164160Z,2022-05-25T05:36:02.162446Z,IW,VV|VH,descending,66,43363,,L1,"[6.52905, 45.036781, 10.23727, 46.94714]",11,https://stac.dataspace.copernicus.eu/v1/collections/sentinel-1-grd/items/S1A_IW_GRDH_1SDV_20220525T053537_20220525T053602_043363_052DA0_52DC_COG
S1A_IW_GRDH_1SDV_20220525T053602_20220525T053627_043363_052DA0_B671_COG,OK,CACHE,0,sentinel-1a,2022-05-25T05:36:02.163890Z,2022-05-25T05:36:27.163673Z,IW,VV|VH,descending,66,43363,,L1,"[6.203783, 43.537518, 9.854736, 45.444546]",11,https://stac.dataspace.copernicus.eu/v1/collections/sentinel-1-grd/items/S1A_IW_GRDH_1SDV_20220525T053602_20220525T053627_043363_052DA0_B671_COG
S1A_IW_GRDH_1SDV_20220526T172316_20220526T172341_043385_052E4C_2B15_COG,OK,CACHE,0,sentinel-1a,2022-05-26T17:23:16.697457Z,2022-05-26T17:23:41.696157Z,IW,VV|VH,ascending,88,43385,,L1,"[5.806931, 43.921883, 9.453405, 45.824577]",11,https://stac.dataspace.copernicus.eu/v1/collections/sentinel-1-grd/items/S1A_IW_GRDH_1SDV_20220526T172316_20220526T172341_043385_052E4C_2B15_COG
S1A_IW_GRDH_1SDV_20220526T172341_20220526T172406_043385_052E4C_274D_COG,OK,CACHE,0,sentinel-1a,2022-05-26T17:23:41.697655Z,2022-05-26T17:24:06.696355Z,IW,VV|VH,ascending,88,43385,,L1,"[5.359526, 45.420727, 9.125054, 47.320778]",11,https://stac.dataspace.copernicus.eu/v1/collections/sentinel-1-grd/items/S1A_IW_GRDH_1SDV_20220526T172341_20220526T172406_043385_052E4C_274D_COG
S1A_IW_GRDH_1SDV_20220601T052725_20220601T052750_043465_0530A1_60B9_COG,OK,CACHE,0,sentinel-1a,2022-06-01T05:27:25.339924Z,2022-06-01T05:27:50.339457Z,IW,VV|VH,descending,168,43465,,L1,"[8.573009, 44.977413, 12.286472, 46.886951]",11,https://stac.dataspace.copernicus.eu/v1/collections/sentinel-1-grd/items/S1A_IW_GRDH_1SDV_20220601T052725_20220601T052750_043465_0530A1_60B9_COG
S1A_IW_GRDH_1SDV_20220601T052750_20220601T052815_043465_0530A1_D7A9_COG,OK,CACHE,0,sentinel-1a,2022-06-01T05:27:50.340957Z,2022-06-01T05:28:15.338991Z,IW,VV|VH,descending,168,43465,,L1,"[8.243352, 43.478882, 11.89525, 45.385201]",11,https://stac.dataspace.copernicus.eu/v1/collections/sentinel-1-grd/items/S1A_IW_GRDH_1SDV_20220601T052750_20220601T052815_043465_0530A1_D7A9_COG
S1A_IW_GRDH_1SDV_20220602T171511_20220602T171536_043487_05313E_11DC_COG,OK,CACHE,0,sentinel-1a,2022-06-02T17:15:11.272763Z,2022-06-02T17:15:36.271459Z,IW,VV|VH,ascending,15,43487,,L1,"[7.742894, 44.361713, 11.401277, 46.266499]",11,https://stac.dataspace.copernicus.eu/v1/collections/sentinel-1-grd/items/S1A_IW_GRDH_1SDV_20220602T171511_20220602T171536_043487_05313E_11DC_COG
S1A_IW_GRDH_1SDV_20220606T053538_20220606T053603_043538_0532CD_B884_COG,OK,CACHE,0,sentinel-1a,2022-06-06T05:35:38.591888Z,2022-06-06T05:36:03.590221Z,IW,VV|VH,descending,66,43538,,L1,"[6.527586, 45.036762, 10.235913, 46.947182]",11,https://stac.dataspace.copernicus.eu/v1/collections/sentinel-1-grd/items/S1A_IW_GRDH_1SDV_20220606T053538_20220606T053603_043538_0532CD_B884_COG
S1A_IW_GRDH_1SDV_20220606T053603_20220606T053628_043538_0532CD_4BE8_COG,OK,CACHE,0,sentinel-1a,2022-06-06T05:36:03.591720Z,2022-06-06T05:36:28.590053Z,IW,VV|VH,descending,66,43538,,L1,"[6.202297, 43.53759, 9.853387, 45.44458]",11,https://stac.dataspace.copernicus.eu/v1/collections/sentinel-1-grd/items/S1A_IW_GRDH_1SDV_20220606T053603_20220606T053628_043538_0532CD_4BE8_COG
S1A_IW_GRDH_1SDV_20220607T172318_20220607T172343_043560_05337D_C456_COG,OK,CACHE,0,sentinel-1a,2022-06-07T17:23:18.074334Z,2022-06-07T17:23:43.071657Z,IW,VV|VH,ascending,88,43560,,L1,"[5.804373, 43.921814, 9.450952, 45.824459]",11,https://stac.dataspace.copernicus.eu/v1/collections/sentinel-1-grd/items/S1A_IW_GRDH_1SDV_20220607T172318_20220607T172343_043560_05337D_C456_COG
S1A_IW_GRDH_1SDV_20220607T172343_20220607T172408_043560_05337D_6C1B_COG,OK,CACHE,0,sentinel-1a,2022-06-07T17:23:43.073155Z,2022-06-07T17:24:08.071976Z,IW,VV|VH,ascending,88,43560,,L1,"[5.356946, 45.420567, 9.122608, 47.320656]",11,https://stac.dataspace.copernicus.eu/v1/collections/sentinel-1-grd/items/S1A_IW_GRDH_1SDV_20220607T172343_20220607T172408_043560_05337D_6C1B_COG
S1A_IW_GRDH_1SDV_20220613T052726_20220613T052751_043640_0535D2_913C_COG,OK,CACHE,0,sentinel-1a,2022-06-13T05:27:26.113538Z,2022-06-13T05:27:51.113087Z,IW,VV|VH,descending,168,43640,,L1,"[8.572577, 44.977428, 12.285505, 46.886955]",11,https://stac.dataspace.copernicus.eu/v1/collections/sentinel-1-grd/items/S1A_IW_GRDH_1SDV_20220613T052726_20220613T052751_043640_0535D2_913C_COG
S1A_IW_GRDH_1SDV_20220613T052751_20220613T052816_043640_0535D2_8CB5_COG,OK,CACHE,0,sentinel-1a,2022-06-13T05:27:51.114587Z,2022-06-13T05:28:16.112636Z,IW,VV|VH,descending,168,43640,,L1,"[8.24283, 43.478893, 11.894701, 45.385181]",11,https://stac.dataspace.copernicus.eu/v1/collections/sentinel-1-grd/items/S1A_IW_GRDH_1SDV_20220613T052751_20220613T052816_043640_0535D2_8CB5_COG
S1A_IW_GRDH_1SDV_20220614T171511_20220614T171536_043662_053678_4E76_COG,OK,CACHE,0,sentinel-1a,2022-06-14T17:15:11.855798Z,2022-06-14T17:15:36.854421Z,IW,VV|VH,ascending,15,43662,,L1,"[7.745141, 44.36195, 11.403486, 46.26667]",11,https://stac.dataspace.copernicus.eu/v1/collections/sentinel-1-grd/items/S1A_IW_GRDH_1SDV_20220614T171511_20220614T171536_043662_053678_4E76_COG
S1A_IW_GRDH_1SDV_20220618T053539_20220618T053604_043713_053801_D5CC_COG,OK,CACHE,0,sentinel-1a,2022-06-18T05:35:39.096166Z,2022-06-18T05:36:04.094564Z,IW,VV|VH,descending,66,43713,,L1,"[6.528578, 45.036781, 10.23688, 46.947166]",11,https://stac.dataspace.copernicus.eu/v1/collections/sentinel-1-grd/items/S1A_IW_GRDH_1SDV_20220618T053539_20220618T053604_043713_053801_D5CC_COG
S1A_IW_GRDH_1SDV_20220618T053604_20220618T053629_043713_053801_1E88_COG,OK,CACHE,0,sentinel-1a,2022-06-18T05:36:04.096064Z,2022-06-18T05:36:29.094463Z,IW,VV|VH,descending,66,43713,,L1,"[6.203206, 43.537605, 9.854387, 45.44458]",11,https://stac.dataspace.copernicus.eu/v1/collections/sentinel-1-grd/items/S1A_IW_GRDH_1SDV_20220618T053604_20220618T053629_043713_053801_1E88_COG
S1A_IW_GRDH_1SDV_20220619T172318_20220619T172343_043735_0538B0_B485_COG,OK,CACHE,0,sentinel-1a,2022-06-19T17:23:18.648801Z,2022-06-19T17:23:43.647520Z,IW,VV|VH,ascending,88,43735,,L1,"[5.806318, 43.921925, 9.452785, 45.824608]",11,https://stac.dataspace.copernicus.eu/v1/collections/sentinel-1-grd/items/S1A_IW_GRDH_1SDV_20220619T172318_20220619T172343_043735_0538B0_B485_COG
S1A_IW_GRDH_1SDV_20220619T172343_20220619T172408_043735_0538B0_3D34_COG,OK,CACHE,0,sentinel-1a,2022-06-19T17:23:43.649019Z,2022-06-19T17:24:08.647737Z,IW,VV|VH,ascending,88,43735,,L1,"[5.358918, 45.420769, 9.124447, 47.320812]",11,https://stac.dataspace.copernicus.eu/v1/collections/sentinel-1-grd/items/S1A_IW_GRDH_1SDV_20220619T172343_20220619T172408_043735_0538B0_3D34_COG
S1A_IW_GRDH_1SDV_20220625T052726_20220625T052751_043815_053B13_D325_COG,OK,CACHE,0,sentinel-1a,2022-06-25T05:27:26.951806Z,2022-06-25T05:27:51.949810Z,IW,VV|VH,descending,168,43815,,L1,"[8.572426, 44.97739, 12.28517, 46.886856]",11,https://stac.dataspace.copernicus.eu/v1/collections/sentinel-1-grd/items/S1A_IW_GRDH_1SDV_20220625T052726_20220625T052751_043815_053B13_D325_COG
S1A_IW_GRDH_1SDV_20220625T052751_20220625T052816_043815_053B13_CC5C_COG,OK,CACHE,0,sentinel-1a,2022-06-25T05:27:51.951254Z,2022-06-25T05:28:16.949255Z,IW,VV|VH,descending,168,43815,,L1,"[8.242674, 43.478859, 11.894546, 45.385159]",11,https://stac.dataspace.copernicus.eu/v1/collections/sentinel-1-grd/items/S1A_IW_GRDH_1SDV_20220625T052751_20220625T052816_043815_053B13_CC5C_COG
S1A_IW_GRDH_1SDV_20220626T171512_20220626T171537_043837_053BBA_4B7A_COG,OK,CACHE,0,sentinel-1a,2022-06-26T17:15:12.815766Z,2022-06-26T17:15:37.814431Z,IW,VV|VH,ascending,15,43837,,L1,"[7.743728, 44.361889, 11.402117, 46.266617]",11,https://stac.dataspace.copernicus.eu/v1/collections/sentinel-1-grd/items/S1A_IW_GRDH_1SDV_20220626T171512_20220626T171537_043837_053BBA_4B7A_COG
S1A_IW_GRDH_1SDV_20220630T053539_20220630T053604_043888_053D3F_B3C0_COG,OK,CACHE,0,sentinel-1a,2022-06-30T05:35:39.864940Z,2022-06-30T05:36:04.863243Z,IW,VV|VH,descending,66,43888,,L1,"[6.526738, 45.036758, 10.235104, 46.947075]",11,https://stac.dataspace.copernicus.eu/v1/collections/sentinel-1-grd/items/S1A_IW_GRDH_1SDV_20220630T053539_20220630T053604_043888_053D3F_B3C0_COG
S1A_IW_GRDH_1SDV_20220630T053604_20220630T053629_043888_053D3F_F13D_COG,OK,CACHE,0,sentinel-1a,2022-06-30T05:36:04.864743Z,2022-06-30T05:36:29.863045Z,IW,VV|VH,descending,66,43888,,L1,"[6.201679, 43.537575, 9.852557, 45.444466]",11,https://stac.dataspace.copernicus.eu/v1/collections/sentinel-1-grd/items/S1A_IW_GRDH_1SDV_20220630T053604_20220630T053629_043888_053D3F_F13D_COG
S1A_IW_GRDH_1SDV_20220701T172319_20220701T172344_043910_053DEB_9CCC_COG,OK,CACHE,0,sentinel-1a,2022-07-01T17:23:19.360047Z,2022-07-01T17:23:44.358827Z,IW,VV|VH,ascending,88,43910,,L1,"[5.806789, 43.921886, 9.453213, 45.824528]",11,https://stac.dataspace.copernicus.eu/v1/collections/sentinel-1-grd/items/S1A_IW_GRDH_1SDV_20220701T172319_20220701T172344_043910_053DEB_9CCC_COG
S1A_IW_GRDH_1SDV_20220701T172344_20220701T172409_043910_053DEB_E94B_COG,OK,CACHE,0,sentinel-1a,2022-07-01T17:23:44.360326Z,2022-07-01T17:24:09.357607Z,IW,VV|VH,ascending,88,43910,,L1,"[5.359476, 45.420734, 9.125053, 47.320656]",11,https://stac.dataspace.copernicus.eu/v1/collections/sentinel-1-grd/items/S1A_IW_GRDH_1SDV_20220701T172344_20220701T172409_043910_053DEB_E94B_COG
S1A_IW_GRDH_1SDV_20220707T052727_20220707T052752_043990_054042_25B0_COG,OK,CACHE,0,sentinel-1a,2022-07-07T05:27:27.466181Z,2022-07-07T05:27:52.464202Z,IW,VV|VH,descending,168,43990,,L1,"[8.573931, 44.977291, 12.287396, 46.88673]",11,https://stac.dataspace.copernicus.eu/v1/collections/sentinel-1-grd/items/S1A_IW_GRDH_1SDV_20220707T052727_20220707T052752_043990_054042_25B0_COG
S1A_IW_GRDH_1SDV_20220707T052752_20220707T052817_043990_054042_474E_COG,OK,CACHE,0,sentinel-1a,2022-07-07T05:27:52.465701Z,2022-07-07T05:28:17.463722Z,IW,VV|VH,descending,168,43990,,L1,"[8.244142, 43.478756, 11.896033, 45.385101]",11,https://stac.dataspace.copernicus.eu/v1/collections/sentinel-1-grd/items/S1A_IW_GRDH_1SDV_20220707T052752_20220707T052817_043990_054042_474E_COG
S1A_IW_GRDH_1SDV_20220708T171513_20220708T171538_044012_0540E8_E6D9_COG,OK,CACHE,0,sentinel-1a,2022-07-08T17:15:13.402827Z,2022-07-08T17:15:38.401170Z,IW,VV|VH,ascending,15,44012,,L1,"[7.743196, 44.361839, 11.401231, 46.266556]",11,https://stac.dataspace.copernicus.eu/v1/collections/sentinel-1-grd/items/S1A_IW_GRDH_1SDV_20220708T171513_20220708T171538_044012_0540E8_E6D9_COG
S1A_IW_GRDH_1SDV_20220712T053540_20220712T053605_044063_054275_4AF7_COG,OK,CACHE,0,sentinel-1a,2022-07-12T05:35:40.556822Z,2022-07-12T05:36:05.555140Z,IW,VV|VH,descending,66,44063,,L1,"[6.527008, 45.036751, 10.235224, 46.947071]",11,https://stac.dataspace.copernicus.eu/v1/collections/sentinel-1-grd/items/S1A_IW_GRDH_1SDV_20220712T053540_20220712T053605_044063_054275_4AF7_COG
S1A_IW_GRDH_1SDV_20220712T053605_20220712T053630_044063_054275_76DA_COG,OK,CACHE,0,sentinel-1a,2022-07-12T05:36:05.556640Z,2022-07-12T05:36:30.554958Z,IW,VV|VH,descending,66,44063,,L1,"[6.201817, 43.537567, 9.852697, 45.444473]",11,https://stac.dataspace.copernicus.eu/v1/collections/sentinel-1-grd/items/S1A_IW_GRDH_1SDV_20220712T053605_20220712T053630_044063_054275_76DA_COG
S1A_IW_GRDH_1SDV_20220713T172319_20220713T172344_044085_054323_C4AD_COG,OK,CACHE,0,sentinel-1a,2022-07-13T17:23:19.937756Z,2022-07-13T17:23:44.936443Z,IW,VV|VH,ascending,88,44085,,L1,"[5.807887, 43.921978, 9.454182, 45.824585]",11,https://stac.dataspace.copernicus.eu/v1/collections/sentinel-1-grd/items/S1A_IW_GRDH_1SDV_20220713T172319_20220713T172344_044085_054323_C4AD_COG
S1A_IW_GRDH_1SDV_20220713T172344_20220713T172409_044085_054323_6B70_COG,OK,CACHE,0,sentinel-1a,2022-07-13T17:23:44.937941Z,2022-07-13T17:24:09.936628Z,IW,VV|VH,ascending,88,44085,,L1,"[5.360724, 45.42083, 9.126034, 47.320824]",11,https://stac.dataspace.copernicus.eu/v1/collections/sentinel-1-grd/items/S1A_IW_GRDH_1SDV_20220713T172344_20220713T172409_044085_054323_6B70_COG
S1A_IW_GRDH_1SDV_20220719T052728_20220719T052753_044165_054588_3810_COG,OK,CACHE,0,sentinel-1a,2022-07-19T05:27:28.343282Z,2022-07-19T05:27:53.341303Z,IW,VV|VH,descending,168,44165,,L1,"[8.57399, 44.977261, 12.287452, 46.886715]",11,https://stac.dataspace.copernicus.eu/v1/collections/sentinel-1-grd/items/S1A_IW_GRDH_1SDV_20220719T052728_20220719T052753_044165_054588_3810_COG
S1A_IW_GRDH_1SDV_20220719T052753_20220719T052818_044165_054588_E288_COG,OK,CACHE,0,sentinel-1a,2022-07-19T05:27:53.342803Z,2022-07-19T05:28:18.340824Z,IW,VV|VH,descending,168,44165,,L1,"[8.244187, 43.478729, 11.896089, 45.385086]",11,https://stac.dataspace.copernicus.eu/v1/collections/sentinel-1-grd/items/S1A_IW_GRDH_1SDV_20220719T052753_20220719T052818_044165_054588_E288_COG
S1A_IW_GRDH_1SDV_20220720T171514_20220720T171539_044187_05462D_3619_COG,OK,CACHE,0,sentinel-1a,2022-07-20T17:15:14.151881Z,2022-07-20T17:15:39.150515Z,IW,VV|VH,ascending,15,44187,,L1,"[7.742997, 44.361843, 11.401443, 46.266647]",11,https://stac.dataspace.copernicus.eu/v1/collections/sentinel-1-grd/items/S1A_IW_GRDH_1SDV_20220720T171514_20220720T171539_044187_05462D_3619_COG
S1A_IW_GRDH_1SDV_20220724T053541_20220724T053606_044238_0547AF_2361_COG,OK,CACHE,0,sentinel-1a,2022-07-24T05:35:41.378636Z,2022-07-24T05:36:06.376964Z,IW,VV|VH,descending,66,44238,,L1,"[6.528132, 45.036621, 10.236354, 46.947002]",11,https://stac.dataspace.copernicus.eu/v1/collections/sentinel-1-grd/items/S1A_IW_GRDH_1SDV_20220724T053541_20220724T053606_044238_0547AF_2361_COG
S1A_IW_GRDH_1SDV_20220724T053606_20220724T053631_044238_0547AF_42C0_COG,OK,CACHE,0,sentinel-1a,2022-07-24T05:36:06.378464Z,2022-07-24T05:36:31.376793Z,IW,VV|VH,descending,66,44238,,L1,"[6.202862, 43.537449, 9.853803, 45.444408]",11,https://stac.dataspace.copernicus.eu/v1/collections/sentinel-1-grd/items/S1A_IW_GRDH_1SDV_20220724T053606_20220724T053631_044238_0547AF_42C0_COG
S1A_IW_GRDH_1SDV_20220725T172320_20220725T172345_044260_054858_BEB9_COG,OK,CACHE,0,sentinel-1a,2022-07-25T17:23:20.824752Z,2022-07-25T17:23:45.823474Z,IW,VV|VH,ascending,88,44260,,L1,"[5.806403, 43.921928, 9.452858, 45.824604]",11,https://stac.dataspace.copernicus.eu/v1/collections/sentinel-1-grd/items/S1A_IW_GRDH_1SDV_20220725T172320_20220725T172345_044260_054858_BEB9_COG
S1A_IW_GRDH_1SDV_20220725T172345_20220725T172410_044260_054858_FE92_COG,OK,CACHE,0,sentinel-1a,2022-07-25T17:23:45.824972Z,2022-07-25T17:24:10.823695Z,IW,VV|VH,ascending,88,44260,,L1,"[5.359025, 45.420776, 9.124535, 47.320808]",11,https://stac.dataspace.copernicus.eu/v1/collections/sentinel-1-grd/items/S1A_IW_GRDH_1SDV_20220725T172345_20220725T172410_044260_054858_FE92_COG
S1A_IW_GRDH_1SDV_20220731T052729_20220731T052754_044340_054AAA_4422_COG,OK,CACHE,0,sentinel-1a,2022-07-31T05:27:29.071198Z,2022-07-31T05:27:54.069203Z,IW,VV|VH,descending,168,44340,,L1,"[8.572947, 44.977303, 12.285782, 46.886745]",11,https://stac.dataspace.copernicus.eu/v1/collections/sentinel-1-grd/items/S1A_IW_GRDH_1SDV_20220731T052729_20220731T052754_044340_054AAA_4422_COG
S1A_IW_GRDH_1SDV_20220731T052754_20220731T052819_044340_054AAA_C7C0_COG,OK,CACHE,0,sentinel-1a,2022-07-31T05:27:54.070703Z,2022-07-31T05:28:19.068708Z,IW,VV|VH,descending,168,44340,,L1,"[8.243213, 43.478764, 11.895063, 45.385056]",11,https://stac.dataspace.copernicus.eu/v1/collections/sentinel-1-grd/items/S1A_IW_GRDH_1SDV_20220731T052754_20220731T052819_044340_054AAA_C7C0_COG
S1A_IW_GRDH_1SDV_20220801T171514_20220801T171539_044362_054B51_F084_COG,OK,CACHE,0,sentinel-1a,2022-08-01T17:15:14.975556Z,2022-08-01T17:15:39.974174Z,IW,VV|VH,ascending,15,44362,,L1,"[7.743839, 44.361893, 11.402236, 46.266644]",11,https://stac.dataspace.copernicus.eu/v1/collections/sentinel-1-grd/items/S1A_IW_GRDH_1SDV_20220801T171514_20220801T171539_044362_054B51_F084_COG
S1A_IW_GRDH_1SDV_20220805T053542_20220805T053607_044413_054CD3_E591_COG,OK,CACHE,0,sentinel-1a,2022-08-05T05:35:42.197219Z,2022-08-05T05:36:07.195542Z,IW,VV|VH,descending,66,44413,,L1,"[6.527902, 45.036613, 10.236119, 46.947014]",11,https://stac.dataspace.copernicus.eu/v1/collections/sentinel-1-grd/items/S1A_IW_GRDH_1SDV_20220805T053542_20220805T053607_044413_054CD3_E591_COG
S1A_IW_GRDH_1SDV_20220805T053607_20220805T053632_044413_054CD3_601C_COG,OK,CACHE,0,sentinel-1a,2022-08-05T05:36:07.197041Z,2022-08-05T05:36:32.195364Z,IW,VV|VH,descending,66,44413,,L1,"[6.202494, 43.537441, 9.853567, 45.444431]",11,https://stac.dataspace.copernicus.eu/v1/collections/sentinel-1-grd/items/S1A_IW_GRDH_1SDV_20220805T053607_20220805T053632_044413_054CD3_601C_COG
S1A_IW_GRDH_1SDV_20220806T172321_20220806T172346_044435_054D76_4BE7_COG,OK,CACHE,0,sentinel-1a,2022-08-06T17:23:21.685391Z,2022-08-06T17:23:46.684142Z,IW,VV|VH,ascending,88,44435,,L1,"[5.804855, 43.921902, 9.451334, 45.824612]",11,https://stac.dataspace.copernicus.eu/v1/collections/sentinel-1-grd/items/S1A_IW_GRDH_1SDV_20220806T172321_20220806T172346_044435_054D76_4BE7_COG
S1A_IW_GRDH_1SDV_20220806T172346_20220806T172411_044435_054D76_7B18_COG,OK,CACHE,0,sentinel-1a,2022-08-06T17:23:46.685640Z,2022-08-06T17:24:11.684392Z,IW,VV|VH,ascending,88,44435,,L1,"[5.357444, 45.420746, 9.122977, 47.320812]",11,https://stac.dataspace.copernicus.eu/v1/collections/sentinel-1-grd/items/S1A_IW_GRDH_1SDV_20220806T172346_20220806T172411_044435_054D76_7B18_COG
S1A_IW_GRDH_1SDV_20220812T052729_20220812T052754_044515_054FF1_C38D_COG,OK,CACHE,0,sentinel-1a,2022-08-12T05:27:29.791644Z,2022-08-12T05:27:54.789656Z,IW,VV|VH,descending,168,44515,,L1,"[8.572853, 44.977318, 12.285681, 46.886742]",11,https://stac.dataspace.copernicus.eu/v1/collections/sentinel-1-grd/items/S1A_IW_GRDH_1SDV_20220812T052729_20220812T052754_044515_054FF1_C38D_COG
S1A_IW_GRDH_1SDV_20220812T052754_20220812T052819_044515_054FF1_7A80_COG,OK,CACHE,0,sentinel-1a,2022-08-12T05:27:54.791156Z,2022-08-12T05:28:19.789168Z,IW,VV|VH,descending,168,44515,,L1,"[8.243132, 43.478775, 11.894974, 45.385052]",11,https://stac.dataspace.copernicus.eu/v1/collections/sentinel-1-grd/items/S1A_IW_GRDH_1SDV_20220812T052754_20220812T052819_044515_054FF1_7A80_COG
S1A_IW_GRDH_1SDV_20220813T171515_20220813T171540_044537_0550B5_0E15_COG,OK,CACHE,0,sentinel-1a,2022-08-13T17:15:15.708172Z,2022-08-13T17:15:40.706803Z,IW,VV|VH,ascending,15,44537,,L1,"[7.744542, 44.361977, 11.402924, 46.266701]",11,https://stac.dataspace.copernicus.eu/v1/collections/sentinel-1-grd/items/S1A_IW_GRDH_1SDV_20220813T171515_20220813T171540_044537_0550B5_0E15_COG
S1A_IW_GRDH_1SDV_20220817T053542_20220817T053607_044588_05526F_5EA4_COG,OK,CACHE,0,sentinel-1a,2022-08-17T05:35:42.874067Z,2022-08-17T05:36:07.872425Z,IW,VV|VH,descending,66,44588,,L1,"[6.52819, 45.036663, 10.236547, 46.947067]",11,https://stac.dataspace.copernicus.eu/v1/collections/sentinel-1-grd/items/S1A_IW_GRDH_1SDV_20220817T053542_20220817T053607_044588_05526F_5EA4_COG
S1A_IW_GRDH_1SDV_20220817T053607_20220817T053632_044588_05526F_6FE9_COG,OK,CACHE,0,sentinel-1a,2022-08-17T05:36:07.873925Z,2022-08-17T05:36:32.872282Z,IW,VV|VH,descending,66,44588,,L1,"[6.20291, 43.537487, 9.853987, 45.444469]",11,https://stac.dataspace.copernicus.eu/v1/collections/sentinel-1-grd/items/S1A_IW_GRDH_1SDV_20220817T053607_20220817T053632_044588_05526F_6FE9_COG
S1A_IW_GRDH_1SDV_20220818T172322_20220818T172347_044610_05532E_E290_COG,OK,CACHE,0,sentinel-1a,2022-08-18T17:23:22.335008Z,2022-08-18T17:23:47.333642Z,IW,VV|VH,ascending,88,44610,,L1,"[5.806416, 43.922112, 9.452751, 45.824753]",11,https://stac.dataspace.copernicus.eu/v1/collections/sentinel-1-grd/items/S1A_IW_GRDH_1SDV_20220818T172322_20220818T172347_044610_05532E_E290_COG
S1A_IW_GRDH_1SDV_20220818T172347_20220818T172412_044610_05532E_ACFE_COG,OK,CACHE,0,sentinel-1a,2022-08-18T17:23:47.335141Z,2022-08-18T17:24:12.333775Z,IW,VV|VH,ascending,88,44610,,L1,"[5.359051, 45.420959, 9.124563, 47.320969]",11,https://stac.dataspace.copernicus.eu/v1/collections/sentinel-1-grd/items/S1A_IW_GRDH_1SDV_20220818T172347_20220818T172412_044610_05532E_ACFE_COG
S1A_IW_GRDH_1SDV_20220825T171516_20220825T171541_044712_05569A_9B3F_COG,OK,CACHE,0,sentinel-1a,2022-08-25T17:15:16.097015Z,2022-08-25T17:15:41.095607Z,IW,VV|VH,ascending,15,44712,,L1,"[7.745077, 44.362003, 11.403464, 46.26672]",11,https://stac.dataspace.copernicus.eu/v1/collections/sentinel-1-grd/items/S1A_IW_GRDH_1SDV_20220825T171516_20220825T171541_044712_05569A_9B3F_COG
S1A_IW_GRDH_1SDV_20220829T053543_20220829T053608_044763_05585A_9AF2_COG,OK,CACHE,0,sentinel-1a,2022-08-29T05:35:43.281436Z,2022-08-29T05:36:08.281279Z,IW,VV|VH,descending,66,44763,,L1,"[6.527277, 45.036613, 10.235605, 46.947044]",11,https://stac.dataspace.copernicus.eu/v1/collections/sentinel-1-grd/items/S1A_IW_GRDH_1SDV_20220829T053543_20220829T053608_044763_05585A_9AF2_COG
S1A_IW_GRDH_1SDV_20220829T053608_20220829T053633_044763_05585A_28FD_COG,OK,CACHE,0,sentinel-1a,2022-08-29T05:36:08.282779Z,2022-08-29T05:36:33.281123Z,IW,VV|VH,descending,66,44763,,L1,"[6.202088, 43.53743, 9.853083, 45.444355]",11,https://stac.dataspace.copernicus.eu/v1/collections/sentinel-1-grd/items/S1A_IW_GRDH_1SDV_20220829T053608_20220829T053633_044763_05585A_28FD_COG
S1A_IW_GRDH_1SDV_20220830T172322_20220830T172347_044785_05591F_8175_COG,OK,CACHE,0,sentinel-1a,2022-08-30T17:23:22.719922Z,2022-08-30T17:23:47.718622Z,IW,VV|VH,ascending,88,44785,,L1,"[5.806861, 43.922001, 9.453306, 45.824654]",11,https://stac.dataspace.copernicus.eu/v1/collections/sentinel-1-grd/items/S1A_IW_GRDH_1SDV_20220830T172322_20220830T172347_044785_05591F_8175_COG
S1A_IW_GRDH_1SDV_20220830T172347_20220830T172412_044785_05591F_CE51_COG,OK,CACHE,0,sentinel-1a,2022-08-30T17:23:47.720121Z,2022-08-30T17:24:12.718821Z,IW,VV|VH,ascending,88,44785,,L1,"[5.359504, 45.420849, 9.125002, 47.320858]",11,https://stac.dataspace.copernicus.eu/v1/collections/sentinel-1-grd/items/S1A_IW_GRDH_1SDV_20220830T172347_20220830T172412_044785_05591F_CE51_COG
S1A_IW_GRDH_1SDV_20220905T052731_20220905T052756_044865_055BC8_2FE4_COG,OK,CACHE,0,sentinel-1a,2022-09-05T05:27:31.248049Z,2022-09-05T05:27:56.246035Z,IW,VV|VH,descending,168,44865,,L1,"[8.572262, 44.977158, 12.285014, 46.8867]",11,https://stac.dataspace.copernicus.eu/v1/collections/sentinel-1-grd/items/S1A_IW_GRDH_1SDV_20220905T052731_20220905T052756_044865_055BC8_2FE4_COG
S1A_IW_GRDH_1SDV_20220905T052756_20220905T052821_044865_055BC8_C650_COG,OK,CACHE,0,sentinel-1a,2022-09-05T05:27:56.247535Z,2022-09-05T05:28:21.247021Z,IW,VV|VH,descending,168,44865,,L1,"[8.242425, 43.478539, 11.894352, 45.384998]",11,https://stac.dataspace.copernicus.eu/v1/collections/sentinel-1-grd/items/S1A_IW_GRDH_1SDV_20220905T052756_20220905T052821_044865_055BC8_C650_COG
S1A_IW_GRDH_1SDV_20220906T171517_20220906T171542_044887_055C8B_2219_COG,OK,CACHE,0,sentinel-1a,2022-09-06T17:15:17.058429Z,2022-09-06T17:15:42.057076Z,IW,VV|VH,ascending,15,44887,,L1,"[7.741408, 44.361916, 11.399866, 46.266705]",11,https://stac.dataspace.copernicus.eu/v1/collections/sentinel-1-grd/items/S1A_IW_GRDH_1SDV_20220906T171517_20220906T171542_044887_055C8B_2219_COG
S1A_IW_GRDH_1SDV_20220910T053544_20220910T053609_044938_055E31_B8CA_COG,OK,CACHE,0,sentinel-1a,2022-09-10T05:35:44.133686Z,2022-09-10T05:36:09.132380Z,IW,VV|VH,descending,66,44938,,L1,"[6.526062, 45.036701, 10.234388, 46.947048]",11,https://stac.dataspace.copernicus.eu/v1/collections/sentinel-1-grd/items/S1A_IW_GRDH_1SDV_20220910T053544_20220910T053609_044938_055E31_B8CA_COG
S1A_IW_GRDH_1SDV_20220910T053609_20220910T053634_044938_055E31_551C_COG,OK,CACHE,0,sentinel-1a,2022-09-10T05:36:09.133936Z,2022-09-10T05:36:34.132633Z,IW,VV|VH,descending,66,44938,,L1,"[6.200753, 43.537498, 9.851874, 45.444443]",11,https://stac.dataspace.copernicus.eu/v1/collections/sentinel-1-grd/items/S1A_IW_GRDH_1SDV_20220910T053609_20220910T053634_044938_055E31_551C_COG
S1A_IW_GRDH_1SDV_20220911T172323_20220911T172348_044960_055EF9_80E4_COG,OK,CACHE,0,sentinel-1a,2022-09-11T17:23:23.551452Z,2022-09-11T17:23:48.550132Z,IW,VV|VH,ascending,88,44960,,L1,"[5.80641, 43.922104, 9.452846, 45.824722]",11,https://stac.dataspace.copernicus.eu/v1/collections/sentinel-1-grd/items/S1A_IW_GRDH_1SDV_20220911T172323_20220911T172348_044960_055EF9_80E4_COG
S1A_IW_GRDH_1SDV_20220911T172348_20220911T172413_044960_055EF9_9549_COG,OK,CACHE,0,sentinel-1a,2022-09-11T17:23:48.551630Z,2022-09-11T17:24:13.550311Z,IW,VV|VH,ascending,88,44960,,L1,"[5.359075, 45.420956, 9.124566, 47.320927]",11,https://stac.dataspace.copernicus.eu/v1/collections/sentinel-1-grd/items/S1A_IW_GRDH_1SDV_20220911T172348_20220911T172413_044960_055EF9_9549_COG
S1A_IW_GRDH_1SDV_20220917T052731_20220917T052756_045040_0561A9_DDFD_COG,OK,CACHE,0,sentinel-1a,2022-09-17T05:27:31.164551Z,2022-09-17T05:27:56.162688Z,IW,VV|VH,descending,168,45040,,L1,"[8.57451, 44.977322, 12.288162, 46.886799]",11,https://stac.dataspace.copernicus.eu/v1/collections/sentinel-1-grd/items/S1A_IW_GRDH_1SDV_20220917T052731_20220917T052756_045040_0561A9_DDFD_COG
S1A_IW_GRDH_1SDV_20220917T052756_20220917T052821_045040_0561A9_0988_COG,OK,CACHE,0,sentinel-1a,2022-09-17T05:27:56.164187Z,2022-09-17T05:28:21.163825Z,IW,VV|VH,descending,168,45040,,L1,"[8.244663, 43.478703, 11.896734, 45.385174]",11,https://stac.dataspace.copernicus.eu/v1/collections/sentinel-1-grd/items/S1A_IW_GRDH_1SDV_20220917T052756_20220917T052821_045040_0561A9_0988_COG
S1A_IW_GRDH_1SDV_20220918T171516_20220918T171541_045062_056267_DAEC_COG,OK,CACHE,0,sentinel-1a,2022-09-18T17:15:16.758803Z,2022-09-18T17:15:41.755981Z,IW,VV|VH,ascending,15,45062,,L1,"[7.744062, 44.361961, 11.402486, 46.26667]",11,https://stac.dataspace.copernicus.eu/v1/collections/sentinel-1-grd/items/S1A_IW_GRDH_1SDV_20220918T171516_20220918T171541_045062_056267_DAEC_COG
S1A_IW_GRDH_1SDV_20220922T053543_20220922T053608_045113_056419_0BEA_COG,OK,CACHE,0,sentinel-1a,2022-09-22T05:35:43.244084Z,2022-09-22T05:36:08.242636Z,IW,VV|VH,descending,66,45113,,L1,"[6.532424, 45.036751, 10.241042, 46.947189]",11,https://stac.dataspace.copernicus.eu/v1/collections/sentinel-1-grd/items/S1A_IW_GRDH_1SDV_20220922T053543_20220922T053608_045113_056419_0BEA_COG
S1A_IW_GRDH_1SDV_20220922T053608_20220922T053633_045113_056419_6005_COG,OK,CACHE,0,sentinel-1a,2022-09-22T05:36:08.244136Z,2022-09-22T05:36:33.242688Z,IW,VV|VH,descending,66,45113,,L1,"[6.207143, 43.537579, 9.858478, 45.444595]",11,https://stac.dataspace.copernicus.eu/v1/collections/sentinel-1-grd/items/S1A_IW_GRDH_1SDV_20220922T053608_20220922T053633_045113_056419_6005_COG
S1A_IW_GRDH_1SDV_20220923T172322_20220923T172347_045135_0564DD_14AC_COG,OK,CACHE,0,sentinel-1a,2022-09-23T17:23:22.943763Z,2022-09-23T17:23:47.942612Z,IW,VV|VH,ascending,88,45135,,L1,"[5.809053, 43.921913, 9.455735, 45.824615]",11,https://stac.dataspace.copernicus.eu/v1/collections/sentinel-1-grd/items/S1A_IW_GRDH_1SDV_20220923T172322_20220923T172347_045135_0564DD_14AC_COG
S1A_IW_GRDH_1SDV_20220923T172347_20220923T172412_045135_0564DD_794A_COG,OK,CACHE,0,sentinel-1a,2022-09-23T17:23:47.944111Z,2022-09-23T17:24:12.942961Z,IW,VV|VH,ascending,88,45135,,L1,"[5.361897, 45.420765, 9.127439, 47.320843]",11,https://stac.dataspace.copernicus.eu/v1/collections/sentinel-1-grd/items/S1A_IW_GRDH_1SDV_20220923T172347_20220923T172412_045135_0564DD_794A_COG
S1A_IW_GRDH_1SDV_20220929T052731_20220929T052756_045215_05677E_604C_COG,OK,CACHE,0,sentinel-1a,2022-09-29T05:27:31.631958Z,2022-09-29T05:27:56.630179Z,IW,VV|VH,descending,168,45215,,L1,"[8.573482, 44.977432, 12.287347, 46.886906]",11,https://stac.dataspace.copernicus.eu/v1/collections/sentinel-1-grd/items/S1A_IW_GRDH_1SDV_20220929T052731_20220929T052756_045215_05677E_604C_COG
S1A_IW_GRDH_1SDV_20220929T052756_20220929T052821_045215_05677E_A634_COG,OK,CACHE,0,sentinel-1a,2022-09-29T05:27:56.631679Z,2022-09-29T05:28:21.629900Z,IW,VV|VH,descending,168,45215,,L1,"[8.243689, 43.478901, 11.895973, 45.385273]",11,https://stac.dataspace.copernicus.eu/v1/collections/sentinel-1-grd/items/S1A_IW_GRDH_1SDV_20220929T052756_20220929T052821_045215_05677E_A634_COG
S1A_IW_GRDH_1SDV_20220930T171517_20220930T171542_045237_056843_F6AF_COG,OK,CACHE,0,sentinel-1a,2022-09-30T17:15:17.450260Z,2022-09-30T17:15:42.449043Z,IW,VV|VH,ascending,15,45237,,L1,"[7.742523, 44.361847, 11.401202, 46.266663]",11,https://stac.dataspace.copernicus.eu/v1/collections/sentinel-1-grd/items/S1A_IW_GRDH_1SDV_20220930T171517_20220930T171542_045237_056843_F6AF_COG
S1A_IW_GRDH_1SDV_20230402T053540_20230402T053605_047913_05C1EB_5BBC_COG,OK,CACHE,0,sentinel-1a,2023-04-02T05:35:40.641338Z,2023-04-02T05:36:05.639629Z,IW,VV|VH,descending,66,47913,,L1,"[6.526765, 45.037006, 10.235086, 46.947361]",11,https://stac.dataspace.copernicus.eu/v1/collections/sentinel-1-grd/items/S1A_IW_GRDH_1SDV_20230402T053540_20230402T053605_047913_05C1EB_5BBC_COG
S1A_IW_GRDH_1SDV_20230402T053605_20230402T053630_047913_05C1EB_0D6D_COG,OK,CACHE,0,sentinel-1a,2023-04-02T05:36:05.641129Z,2023-04-02T05:36:30.639420Z,IW,VV|VH,descending,66,47913,,L1,"[6.201548, 43.537823, 9.852592, 45.444756]",11,https://stac.dataspace.copernicus.eu/v1/collections/sentinel-1-grd/items/S1A_IW_GRDH_1SDV_20230402T053605_20230402T053630_047913_05C1EB_0D6D_COG
S1A_IW_GRDH_1SDV_20230403T172319_20230403T172344_047935_05C2B3_443F_COG,OK,CACHE,0,sentinel-1a,2023-04-03T17:23:19.981870Z,2023-04-03T17:23:44.980757Z,IW,VV|VH,ascending,88,47935,,L1,"[5.806356, 43.921757, 9.452897, 45.824413]",11,https://stac.dataspace.copernicus.eu/v1/collections/sentinel-1-grd/items/S1A_IW_GRDH_1SDV_20230403T172319_20230403T172344_047935_05C2B3_443F_COG
S1A_IW_GRDH_1SDV_20230403T172344_20230403T172409_047935_05C2B3_25D4_COG,OK,CACHE,0,sentinel-1a,2023-04-03T17:23:44.982255Z,2023-04-03T17:24:09.981143Z,IW,VV|VH,ascending,88,47935,,L1,"[5.359005, 45.420605, 9.12474, 47.320633]",11,https://stac.dataspace.copernicus.eu/v1/collections/sentinel-1-grd/items/S1A_IW_GRDH_1SDV_20230403T172344_20230403T172409_047935_05C2B3_25D4_COG
S1A_IW_GRDH_1SDV_20230409T052728_20230409T052753_048015_05C56B_0221_COG,OK,CACHE,0,sentinel-1a,2023-04-09T05:27:28.139475Z,2023-04-09T05:27:53.137396Z,IW,VV|VH,descending,168,48015,,L1,"[8.571783, 44.977558, 12.284518, 46.887012]",11,https://stac.dataspace.copernicus.eu/v1/collections/sentinel-1-grd/items/S1A_IW_GRDH_1SDV_20230409T052728_20230409T052753_048015_05C56B_0221_COG
S1A_IW_GRDH_1SDV_20230409T052753_20230409T052818_048015_05C56B_1A3A_COG,OK,CACHE,0,sentinel-1a,2023-04-09T05:27:53.138896Z,2023-04-09T05:28:18.138316Z,IW,VV|VH,descending,168,48015,,L1,"[8.242011, 43.478931, 11.893915, 45.385307]",11,https://stac.dataspace.copernicus.eu/v1/collections/sentinel-1-grd/items/S1A_IW_GRDH_1SDV_20230409T052753_20230409T052818_048015_05C56B_1A3A_COG
S1A_IW_GRDH_1SDV_20230410T171514_20230410T171539_048037_05C630_0167_COG,OK,CACHE,0,sentinel-1a,2023-04-10T17:15:14.009409Z,2023-04-10T17:15:39.008319Z,IW,VV|VH,ascending,15,48037,,L1,"[7.742453, 44.361607, 11.41894, 46.268345]",11,https://stac.dataspace.copernicus.eu/v1/collections/sentinel-1-grd/items/S1A_IW_GRDH_1SDV_20230410T171514_20230410T171539_048037_05C630_0167_COG
S1A_IW_GRDH_1SDV_20230414T053541_20230414T053606_048088_05C7DA_D738_COG,OK,CACHE,0,sentinel-1a,2023-04-14T05:35:41.078499Z,2023-04-14T05:36:06.076678Z,IW,VV|VH,descending,66,48088,,L1,"[6.527227, 45.036713, 10.235482, 46.947094]",11,https://stac.dataspace.copernicus.eu/v1/collections/sentinel-1-grd/items/S1A_IW_GRDH_1SDV_20230414T053541_20230414T053606_048088_05C7DA_D738_COG
S1A_IW_GRDH_1SDV_20230414T053606_20230414T053631_048088_05C7DA_82B5_COG,OK,CACHE,0,sentinel-1a,2023-04-14T05:36:06.078178Z,2023-04-14T05:36:31.076356Z,IW,VV|VH,descending,66,48088,,L1,"[6.201966, 43.537533, 9.8529, 45.4445]",11,https://stac.dataspace.copernicus.eu/v1/collections/sentinel-1-grd/items/S1A_IW_GRDH_1SDV_20230414T053606_20230414T053631_048088_05C7DA_82B5_COG
S1A_IW_GRDH_1SDV_20230415T172320_20230415T172345_048110_05C89F_F574_COG,OK,CACHE,0,sentinel-1a,2023-04-15T17:23:20.481120Z,2023-04-15T17:23:45.479642Z,IW,VV|VH,ascending,88,48110,,L1,"[5.80513, 43.921669, 9.451313, 45.824314]",11,https://stac.dataspace.copernicus.eu/v1/collections/sentinel-1-grd/items/S1A_IW_GRDH_1SDV_20230415T172320_20230415T172345_048110_05C89F_F574_COG
S1A_IW_GRDH_1SDV_20230415T172345_20230415T172410_048110_05C89F_0785_COG,OK,CACHE,0,sentinel-1a,2023-04-15T17:23:45.481140Z,2023-04-15T17:24:10.479662Z,IW,VV|VH,ascending,88,48110,,L1,"[5.357756, 45.420498, 9.122987, 47.320499]",11,https://stac.dataspace.copernicus.eu/v1/collections/sentinel-1-grd/items/S1A_IW_GRDH_1SDV_20230415T172345_20230415T172410_048110_05C89F_0785_COG
S1A_IW_GRDH_1SDV_20230421T052727_20230421T052752_048190_05CB44_C818_COG,OK,CACHE,0,sentinel-1a,2023-04-21T05:27:27.993746Z,2023-04-21T05:27:52.993285Z,IW,VV|VH,descending,168,48190,,L1,"[8.574096, 44.977482, 12.287692, 46.886963]",11,https://stac.dataspace.copernicus.eu/v1/collections/sentinel-1-grd/items/S1A_IW_GRDH_1SDV_20230421T052727_20230421T052752_048190_05CB44_C818_COG
S1A_IW_GRDH_1SDV_20230421T052752_20230421T052817_048190_05CB44_FE73_COG,OK,CACHE,0,sentinel-1a,2023-04-21T05:27:52.994784Z,2023-04-21T05:28:17.992823Z,IW,VV|VH,descending,168,48190,,L1,"[8.244486, 43.478943, 11.89635, 45.385227]",11,https://stac.dataspace.copernicus.eu/v1/collections/sentinel-1-grd/items/S1A_IW_GRDH_1SDV_20230421T052752_20230421T052817_048190_05CB44_FE73_COG
S1A_IW_GRDH_1SDV_20230422T171514_20230422T171539_048212_05CC09_746A_COG,OK,CACHE,0,sentinel-1a,2023-04-22T17:15:14.094054Z,2023-04-22T17:15:39.092701Z,IW,VV|VH,ascending,15,48212,,L1,"[7.744719, 44.36187, 11.403096, 46.266602]",11,https://stac.dataspace.copernicus.eu/v1/collections/sentinel-1-grd/items/S1A_IW_GRDH_1SDV_20230422T171514_20230422T171539_048212_05CC09_746A_COG
S1A_IW_GRDH_1SDV_20230426T053541_20230426T053606_048263_05CDBA_C521_COG,OK,CACHE,0,sentinel-1a,2023-04-26T05:35:41.288410Z,2023-04-26T05:36:06.286702Z,IW,VV|VH,descending,66,48263,,L1,"[6.528036, 45.036873, 10.236283, 46.947227]",11,https://stac.dataspace.copernicus.eu/v1/collections/sentinel-1-grd/items/S1A_IW_GRDH_1SDV_20230426T053541_20230426T053606_048263_05CDBA_C521_COG
S1A_IW_GRDH_1SDV_20230426T053606_20230426T053631_048263_05CDBA_349C_COG,OK,CACHE,0,sentinel-1a,2023-04-26T05:36:06.288202Z,2023-04-26T05:36:31.286493Z,IW,VV|VH,descending,66,48263,,L1,"[6.202784, 43.537697, 9.853725, 45.44463]",11,https://stac.dataspace.copernicus.eu/v1/collections/sentinel-1-grd/items/S1A_IW_GRDH_1SDV_20230426T053606_20230426T053631_048263_05CDBA_349C_COG
S1A_IW_GRDH_1SDV_20230427T172320_20230427T172345_048285_05CE7B_3679_COG,OK,CACHE,0,sentinel-1a,2023-04-27T17:23:20.792995Z,2023-04-27T17:23:45.791664Z,IW,VV|VH,ascending,88,48285,,L1,"[5.805799, 43.921867, 9.452155, 45.824566]",11,https://stac.dataspace.copernicus.eu/v1/collections/sentinel-1-grd/items/S1A_IW_GRDH_1SDV_20230427T172320_20230427T172345_048285_05CE7B_3679_COG
S1A_IW_GRDH_1SDV_20230427T172345_20230427T172410_048285_05CE7B_F558_COG,OK,CACHE,0,sentinel-1a,2023-04-27T17:23:45.793163Z,2023-04-27T17:24:10.791832Z,IW,VV|VH,ascending,88,48285,,L1,"[5.35837, 45.420712, 9.123919, 47.320778]",11,https://stac.dataspace.copernicus.eu/v1/collections/sentinel-1-grd/items/S1A_IW_GRDH_1SDV_20230427T172345_20230427T172410_048285_05CE7B_F558_COG
S1A_IW_GRDH_1SDV_20230503T052728_20230503T052753_048365_05D12D_8091_COG,OK,CACHE,0,sentinel-1a,2023-05-03T05:27:28.885457Z,2023-05-03T05:27:53.884931Z,IW,VV|VH,descending,168,48365,,L1,"[8.572492, 44.977432, 12.28525, 46.886974]",11,https://stac.dataspace.copernicus.eu/v1/collections/sentinel-1-grd/items/S1A_IW_GRDH_1SDV_20230503T052728_20230503T052753_048365_05D12D_8091_COG
S1A_IW_GRDH_1SDV_20230503T052753_20230503T052818_048365_05D12D_299F_COG,OK,CACHE,0,sentinel-1a,2023-05-03T05:27:53.886430Z,2023-05-03T05:28:18.884404Z,IW,VV|VH,descending,168,48365,,L1,"[8.242887, 43.478889, 11.894616, 45.385166]",11,https://stac.dataspace.copernicus.eu/v1/collections/sentinel-1-grd/items/S1A_IW_GRDH_1SDV_20230503T052753_20230503T052818_048365_05D12D_299F_COG
S1A_IW_GRDH_1SDV_20230504T171514_20230504T171539_048387_05D1E8_FDB6_COG,OK,CACHE,0,sentinel-1a,2023-05-04T17:15:14.756647Z,2023-05-04T17:15:39.755356Z,IW,VV|VH,ascending,15,48387,,L1,"[7.744405, 44.361904, 11.41328, 46.267757]",11,https://stac.dataspace.copernicus.eu/v1/collections/sentinel-1-grd/items/S1A_IW_GRDH_1SDV_20230504T171514_20230504T171539_048387_05D1E8_FDB6_COG
S1A_IW_GRDH_1SDV_20230508T053542_20230508T053607_048438_05D396_EB4C_COG,OK,CACHE,0,sentinel-1a,2023-05-08T05:35:42.034346Z,2023-05-08T05:36:07.032704Z,IW,VV|VH,descending,66,48438,,L1,"[6.526593, 45.036907, 10.234987, 46.947239]",11,https://stac.dataspace.copernicus.eu/v1/collections/sentinel-1-grd/items/S1A_IW_GRDH_1SDV_20230508T053542_20230508T053607_048438_05D396_EB4C_COG
S1A_IW_GRDH_1SDV_20230508T053607_20230508T053632_048438_05D396_8B0D_COG,OK,CACHE,0,sentinel-1a,2023-05-08T05:36:07.034204Z,2023-05-08T05:36:32.032561Z,IW,VV|VH,descending,66,48438,,L1,"[6.201522, 43.537724, 9.852417, 45.444633]",11,https://stac.dataspace.copernicus.eu/v1/collections/sentinel-1-grd/items/S1A_IW_GRDH_1SDV_20230508T053607_20230508T053632_048438_05D396_8B0D_COG
S1A_IW_GRDH_1SDV_20230509T172321_20230509T172346_048460_05D44B_3E56_COG,OK,CACHE,0,sentinel-1a,2023-05-09T17:23:21.384841Z,2023-05-09T17:23:46.383491Z,IW,VV|VH,ascending,88,48460,,L1,"[5.806877, 43.922024, 9.426439, 45.821728]",11,https://stac.dataspace.copernicus.eu/v1/collections/sentinel-1-grd/items/S1A_IW_GRDH_1SDV_20230509T172321_20230509T172346_048460_05D44B_3E56_COG
S1A_IW_GRDH_1SDV_20230509T172346_20230509T172411_048460_05D44B_D4EF_COG,OK,CACHE,0,sentinel-1a,2023-05-09T17:23:46.384989Z,2023-05-09T17:24:11.382142Z,IW,VV|VH,ascending,88,48460,,L1,"[5.35955, 45.420868, 9.097548, 47.317867]",11,https://stac.dataspace.copernicus.eu/v1/collections/sentinel-1-grd/items/S1A_IW_GRDH_1SDV_20230509T172346_20230509T172411_048460_05D44B_D4EF_COG
S1A_IW_GRDH_1SDV_20230515T052729_20230515T052754_048540_05D6AC_308B_COG,OK,CACHE,0,sentinel-1a,2023-05-15T05:27:29.769854Z,2023-05-15T05:27:54.769396Z,IW,VV|VH,descending,168,48540,,L1,"[8.572619, 44.977413, 12.285513, 46.886986]",11,https://stac.dataspace.copernicus.eu/v1/collections/sentinel-1-grd/items/S1A_IW_GRDH_1SDV_20230515T052729_20230515T052754_048540_05D6AC_308B_COG
S1A_IW_GRDH_1SDV_20230515T052754_20230515T052819_048540_05D6AC_5EB7_COG,OK,CACHE,0,sentinel-1a,2023-05-15T05:27:54.770896Z,2023-05-15T05:28:19.768938Z,IW,VV|VH,descending,168,48540,,L1,"[8.242844, 43.478878, 11.894732, 45.385208]",11,https://stac.dataspace.copernicus.eu/v1/collections/sentinel-1-grd/items/S1A_IW_GRDH_1SDV_20230515T052754_20230515T052819_048540_05D6AC_5EB7_COG
S1A_IW_GRDH_1SDV_20230516T171515_20230516T171540_048562_05D752_36A1_COG,OK,CACHE,0,sentinel-1a,2023-05-16T17:15:15.590999Z,2023-05-16T17:15:40.589732Z,IW,VV|VH,ascending,15,48562,,L1,"[7.743231, 44.361847, 11.419483, 46.268524]",11,https://stac.dataspace.copernicus.eu/v1/collections/sentinel-1-grd/items/S1A_IW_GRDH_1SDV_20230516T171515_20230516T171540_048562_05D752_36A1_COG
S1A_IW_GRDH_1SDV_20230520T053542_20230520T053607_048613_05D8C9_5C0E_COG,OK,CACHE,0,sentinel-1a,2023-05-20T05:35:42.758075Z,2023-05-20T05:36:07.757921Z,IW,VV|VH,descending,66,48613,,L1,"[6.525885, 45.036858, 10.234273, 46.947262]",11,https://stac.dataspace.copernicus.eu/v1/collections/sentinel-1-grd/items/S1A_IW_GRDH_1SDV_20230520T053542_20230520T053607_048613_05D8C9_5C0E_COG
S1A_IW_GRDH_1SDV_20230520T053607_20230520T053632_048613_05D8C9_9AB5_COG,OK,CACHE,0,sentinel-1a,2023-05-20T05:36:07.759421Z,2023-05-20T05:36:32.757767Z,IW,VV|VH,descending,66,48613,,L1,"[6.200706, 43.537674, 9.851709, 45.444576]",11,https://stac.dataspace.copernicus.eu/v1/collections/sentinel-1-grd/items/S1A_IW_GRDH_1SDV_20230520T053607_20230520T053632_048613_05D8C9_9AB5_COG
S1A_IW_GRDH_1SDV_20230521T172322_20230521T172347_048635_05D979_8CEC_COG,OK,CACHE,0,sentinel-1a,2023-05-21T17:23:22.164664Z,2023-05-21T17:23:47.163407Z,IW,VV|VH,ascending,88,48635,,L1,"[5.806634, 43.92194, 9.453056, 45.824566]",11,https://stac.dataspace.copernicus.eu/v1/collections/sentinel-1-grd/items/S1A_IW_GRDH_1SDV_20230521T172322_20230521T172347_048635_05D979_8CEC_COG
S1A_IW_GRDH_1SDV_20230521T172347_20230521T172412_048635_05D979_B67A_COG,OK,CACHE,0,sentinel-1a,2023-05-21T17:23:47.164906Z,2023-05-21T17:24:12.163649Z,IW,VV|VH,ascending,88,48635,,L1,"[5.359303, 45.420792, 9.124905, 47.320786]",11,https://stac.dataspace.copernicus.eu/v1/collections/sentinel-1-grd/items/S1A_IW_GRDH_1SDV_20230521T172347_20230521T172412_048635_05D979_B67A_COG
S1A_IW_GRDH_1SDV_20230527T052730_20230527T052755_048715_05DBDD_94D2_COG,OK,CACHE,0,sentinel-1a,2023-05-27T05:27:30.190029Z,2023-05-27T05:27:55.188045Z,IW,VV|VH,descending,168,48715,,L1,"[8.573269, 44.977455, 12.286521, 46.88689]",11,https://stac.dataspace.copernicus.eu/v1/collections/sentinel-1-grd/items/S1A_IW_GRDH_1SDV_20230527T052730_20230527T052755_048715_05DBDD_94D2_COG
S1A_IW_GRDH_1SDV_20230527T052755_20230527T052820_048715_05DBDD_4E6A_COG,OK,CACHE,0,sentinel-1a,2023-05-27T05:27:55.189545Z,2023-05-27T05:28:20.187560Z,IW,VV|VH,descending,168,48715,,L1,"[8.243503, 43.47892, 11.895388, 45.385239]",11,https://stac.dataspace.copernicus.eu/v1/collections/sentinel-1-grd/items/S1A_IW_GRDH_1SDV_20230527T052755_20230527T052820_048715_05DBDD_4E6A_COG
S1A_IW_GRDH_1SDV_20230528T171516_20230528T171541_048737_05DC83_54B7_COG,OK,CACHE,0,sentinel-1a,2023-05-28T17:15:16.131534Z,2023-05-28T17:15:41.128705Z,IW,VV|VH,ascending,15,48737,,L1,"[7.743196, 44.361893, 11.401572, 46.266556]",11,https://stac.dataspace.copernicus.eu/v1/collections/sentinel-1-grd/items/S1A_IW_GRDH_1SDV_20230528T171516_20230528T171541_048737_05DC83_54B7_COG
S1A_IW_GRDH_1SDV_20230601T053543_20230601T053608_048788_05DE01_E61D_COG,OK,CACHE,0,sentinel-1a,2023-06-01T05:35:43.164572Z,2023-06-01T05:36:08.164421Z,IW,VV|VH,descending,66,48788,,L1,"[6.526925, 45.0368, 10.235316, 46.947247]",11,https://stac.dataspace.copernicus.eu/v1/collections/sentinel-1-grd/items/S1A_IW_GRDH_1SDV_20230601T053543_20230601T053608_048788_05DE01_E61D_COG
S1A_IW_GRDH_1SDV_20230601T053608_20230601T053633_048788_05DE01_1BF4_COG,OK,CACHE,0,sentinel-1a,2023-06-01T05:36:08.165921Z,2023-06-01T05:36:33.164270Z,IW,VV|VH,descending,66,48788,,L1,"[6.201839, 43.537621, 9.852737, 45.44455]",11,https://stac.dataspace.copernicus.eu/v1/collections/sentinel-1-grd/items/S1A_IW_GRDH_1SDV_20230601T053608_20230601T053633_048788_05DE01_1BF4_COG
S1A_IW_GRDH_1SDV_20230602T172322_20230602T172347_048810_05DEAA_1584_COG,OK,CACHE,0,sentinel-1a,2023-06-02T17:23:22.636814Z,2023-06-02T17:23:47.635482Z,IW,VV|VH,ascending,88,48810,,L1,"[5.806711, 43.921989, 9.453014, 45.824604]",11,https://stac.dataspace.copernicus.eu/v1/collections/sentinel-1-grd/items/S1A_IW_GRDH_1SDV_20230602T172322_20230602T172347_048810_05DEAA_1584_COG
S1A_IW_GRDH_1SDV_20230602T172322_20230602T172347_048810_05DEAA_DEE6_COG,OK,CACHE,0,sentinel-1a,2023-06-02T17:23:22.637974Z,2023-06-02T17:23:47.636606Z,IW,VV|VH,ascending,88,48810,,L1,"[5.806692, 43.922062, 9.42624, 45.821747]",11,https://stac.dataspace.copernicus.eu/v1/collections/sentinel-1-grd/items/S1A_IW_GRDH_1SDV_20230602T172322_20230602T172347_048810_05DEAA_DEE6_COG
S1A_IW_GRDH_1SDV_20230602T172347_20230602T172412_048810_05DEAA_7BCD_COG,OK,CACHE,0,sentinel-1a,2023-06-02T17:23:47.638104Z,2023-06-02T17:24:12.636736Z,IW,VV|VH,ascending,88,48810,,L1,"[5.359361, 45.42091, 9.09737, 47.317978]",11,https://stac.dataspace.copernicus.eu/v1/collections/sentinel-1-grd/items/S1A_IW_GRDH_1SDV_20230602T172347_20230602T172412_048810_05DEAA_7BCD_COG
S1A_IW_GRDH_1SDV_20230608T052730_20230608T052755_048890_05E11C_A09A_COG,OK,CACHE,0,sentinel-1a,2023-06-08T05:27:30.315688Z,2023-06-08T05:27:55.313753Z,IW,VV|VH,descending,168,48890,,L1,"[8.575751, 44.977451, 12.28933, 46.886887]",11,https://stac.dataspace.copernicus.eu/v1/collections/sentinel-1-grd/items/S1A_IW_GRDH_1SDV_20230608T052730_20230608T052755_048890_05E11C_A09A_COG
S1A_IW_GRDH_1SDV_20230608T052755_20230608T052820_048890_05E11C_0FE8_COG,OK,CACHE,0,sentinel-1a,2023-06-08T05:27:55.315253Z,2023-06-08T05:28:20.314818Z,IW,VV|VH,descending,168,48890,,L1,"[8.245954, 43.478825, 11.897993, 45.385254]",11,https://stac.dataspace.copernicus.eu/v1/collections/sentinel-1-grd/items/S1A_IW_GRDH_1SDV_20230608T052755_20230608T052820_048890_05E11C_0FE8_COG
S1A_IW_GRDH_1SDV_20230609T171516_20230609T171541_048912_05E1C6_EFF7_COG,OK,CACHE,0,sentinel-1a,2023-06-09T17:15:16.414956Z,2023-06-09T17:15:41.413666Z,IW,VV|VH,ascending,15,48912,,L1,"[7.744308, 44.361732, 11.402877, 46.266529]",11,https://stac.dataspace.copernicus.eu/v1/collections/sentinel-1-grd/items/S1A_IW_GRDH_1SDV_20230609T171516_20230609T171541_048912_05E1C6_EFF7_COG
S1A_IW_GRDH_1SDV_20230613T053543_20230613T053608_048963_05E354_367E_COG,OK,CACHE,0,sentinel-1a,2023-06-13T05:35:43.821874Z,2023-06-13T05:36:08.820178Z,IW,VV|VH,descending,66,48963,,L1,"[6.527207, 45.0368, 10.235597, 46.947151]",11,https://stac.dataspace.copernicus.eu/v1/collections/sentinel-1-grd/items/S1A_IW_GRDH_1SDV_20230613T053543_20230613T053608_048963_05E354_367E_COG
S1A_IW_GRDH_1SDV_20230613T053608_20230613T053633_048963_05E354_34D1_COG,OK,CACHE,0,sentinel-1a,2023-06-13T05:36:08.821678Z,2023-06-13T05:36:33.819981Z,IW,VV|VH,descending,66,48963,,L1,"[6.202113, 43.537617, 9.85302, 45.444542]",11,https://stac.dataspace.copernicus.eu/v1/collections/sentinel-1-grd/items/S1A_IW_GRDH_1SDV_20230613T053608_20230613T053633_048963_05E354_34D1_COG
S1A_IW_GRDH_1SDV_20230614T172323_20230614T172348_048985_05E406_1519_COG,OK,CACHE,0,sentinel-1a,2023-06-14T17:23:23.252993Z,2023-06-14T17:23:48.251790Z,IW,VV|VH,ascending,88,48985,,L1,"[5.806797, 43.921902, 9.453222, 45.824543]",11,https://stac.dataspace.copernicus.eu/v1/collections/sentinel-1-grd/items/S1A_IW_GRDH_1SDV_20230614T172323_20230614T172348_048985_05E406_1519_COG
S1A_IW_GRDH_1SDV_20230614T172348_20230614T172413_048985_05E406_C03E_COG,OK,CACHE,0,sentinel-1a,2023-06-14T17:23:48.253315Z,2023-06-14T17:24:13.250617Z,IW,VV|VH,ascending,88,48985,,L1,"[5.359478, 45.420757, 9.12519, 47.32069]",11,https://stac.dataspace.copernicus.eu/v1/collections/sentinel-1-grd/items/S1A_IW_GRDH_1SDV_20230614T172348_20230614T172413_048985_05E406_C03E_COG
S1A_IW_GRDH_1SDV_20230620T052731_20230620T052756_049065_05E675_7EDD_COG,OK,CACHE,0,sentinel-1a,2023-06-20T05:27:31.349013Z,2023-06-20T05:27:56.346929Z,IW,VV|VH,descending,168,49065,,L1,"[8.573002, 44.977371, 12.28574, 46.886776]",11,https://stac.dataspace.copernicus.eu/v1/collections/sentinel-1-grd/items/S1A_IW_GRDH_1SDV_20230620T052731_20230620T052756_049065_05E675_7EDD_COG
S1A_IW_GRDH_1SDV_20230620T052756_20230620T052821_049065_05E675_A55D_COG,OK,CACHE,0,sentinel-1a,2023-06-20T05:27:56.348428Z,2023-06-20T05:28:21.347844Z,IW,VV|VH,descending,168,49065,,L1,"[8.243253, 43.478741, 11.895, 45.38509]",11,https://stac.dataspace.copernicus.eu/v1/collections/sentinel-1-grd/items/S1A_IW_GRDH_1SDV_20230620T052756_20230620T052821_049065_05E675_A55D_COG
S1A_IW_GRDH_1SDV_20230621T171516_20230621T171541_049087_05E71D_920B_COG,OK,CACHE,0,sentinel-1a,2023-06-21T17:15:16.980428Z,2023-06-21T17:15:41.977612Z,IW,VV|VH,ascending,15,49087,,L1,"[7.745681, 44.361893, 11.404034, 46.266548]",11,https://stac.dataspace.copernicus.eu/v1/collections/sentinel-1-grd/items/S1A_IW_GRDH_1SDV_20230621T171516_20230621T171541_049087_05E71D_920B_COG
S1A_IW_GRDH_1SDV_20230625T053544_20230625T053609_049138_05E8A7_0B0D_COG,OK,CACHE,0,sentinel-1a,2023-06-25T05:35:44.645667Z,2023-06-25T05:36:09.643950Z,IW,VV|VH,descending,66,49138,,L1,"[6.527186, 45.036766, 10.235421, 46.947132]",11,https://stac.dataspace.copernicus.eu/v1/collections/sentinel-1-grd/items/S1A_IW_GRDH_1SDV_20230625T053544_20230625T053609_049138_05E8A7_0B0D_COG
S1A_IW_GRDH_1SDV_20230625T053609_20230625T053634_049138_05E8A7_16B7_COG,OK,CACHE,0,sentinel-1a,2023-06-25T05:36:09.645450Z,2023-06-25T05:36:34.645233Z,IW,VV|VH,descending,66,49138,,L1,"[6.201811, 43.537498, 9.852867, 45.44455]",11,https://stac.dataspace.copernicus.eu/v1/collections/sentinel-1-grd/items/S1A_IW_GRDH_1SDV_20230625T053609_20230625T053634_049138_05E8A7_16B7_COG
S1A_IW_GRDH_1SDV_20230626T172323_20230626T172348_049160_05E954_9F8C_COG,OK,CACHE,0,sentinel-1a,2023-06-26T17:23:23.465174Z,2023-06-26T17:23:48.463896Z,IW,VV|VH,ascending,88,49160,,L1,"[5.808083, 43.921921, 9.454542, 45.824604]",11,https://stac.dataspace.copernicus.eu/v1/collections/sentinel-1-grd/items/S1A_IW_GRDH_1SDV_20230626T172323_20230626T172348_049160_05E954_9F8C_COG
S1A_IW_GRDH_1SDV_20230626T172348_20230626T172413_049160_05E954_5ABC_COG,OK,CACHE,0,sentinel-1a,2023-06-26T17:23:48.465395Z,2023-06-26T17:24:13.464117Z,IW,VV|VH,ascending,88,49160,,L1,"[5.360861, 45.420769, 9.12634, 47.320839]",11,https://stac.dataspace.copernicus.eu/v1/collections/sentinel-1-grd/items/S1A_IW_GRDH_1SDV_20230626T172348_20230626T172413_049160_05E954_5ABC_COG
S1A_IW_GRDH_1SDV_20230702T052732_20230702T052757_049240_05EBC4_293B_COG,OK,CACHE,0,sentinel-1a,2023-07-02T05:27:32.033388Z,2023-07-02T05:27:57.031387Z,IW,VV|VH,descending,168,49240,,L1,"[8.572847, 44.977375, 12.285714, 46.886799]",11,https://stac.dataspace.copernicus.eu/v1/collections/sentinel-1-grd/items/S1A_IW_GRDH_1SDV_20230702T052732_20230702T052757_049240_05EBC4_293B_COG
S1A_IW_GRDH_1SDV_20230702T052757_20230702T052822_049240_05EBC4_9FC3_COG,OK,CACHE,0,sentinel-1a,2023-07-02T05:27:57.032832Z,2023-07-02T05:28:22.032328Z,IW,VV|VH,descending,168,49240,,L1,"[8.243103, 43.478748, 11.894973, 45.385113]",11,https://stac.dataspace.copernicus.eu/v1/collections/sentinel-1-grd/items/S1A_IW_GRDH_1SDV_20230702T052757_20230702T052822_049240_05EBC4_9FC3_COG
S1A_IW_GRDH_1SDV_20230703T171517_20230703T171542_049262_05EC71_98B2_COG,OK,CACHE,0,sentinel-1a,2023-07-03T17:15:17.996194Z,2023-07-03T17:15:42.994809Z,IW,VV|VH,ascending,15,49262,,L1,"[7.744898, 44.361946, 11.403238, 46.266659]",11,https://stac.dataspace.copernicus.eu/v1/collections/sentinel-1-grd/items/S1A_IW_GRDH_1SDV_20230703T171517_20230703T171542_049262_05EC71_98B2_COG
S1A_IW_GRDH_1SDV_20230707T053545_20230707T053610_049313_05EE09_6E74_COG,OK,CACHE,0,sentinel-1a,2023-07-07T05:35:45.318018Z,2023-07-07T05:36:10.316382Z,IW,VV|VH,descending,66,49313,,L1,"[6.527556, 45.036751, 10.235859, 46.947128]",11,https://stac.dataspace.copernicus.eu/v1/collections/sentinel-1-grd/items/S1A_IW_GRDH_1SDV_20230707T053545_20230707T053610_049313_05EE09_6E74_COG
S1A_IW_GRDH_1SDV_20230707T053610_20230707T053635_049313_05EE09_ED01_COG,OK,CACHE,0,sentinel-1a,2023-07-07T05:36:10.317882Z,2023-07-07T05:36:35.316247Z,IW,VV|VH,descending,66,49313,,L1,"[6.202315, 43.537575, 9.853366, 45.444527]",11,https://stac.dataspace.copernicus.eu/v1/collections/sentinel-1-grd/items/S1A_IW_GRDH_1SDV_20230707T053610_20230707T053635_049313_05EE09_ED01_COG
S1A_IW_GRDH_1SDV_20230708T172324_20230708T172349_049335_05EEBC_E684_COG,OK,CACHE,0,sentinel-1a,2023-07-08T17:23:24.873149Z,2023-07-08T17:23:49.871558Z,IW,VV|VH,ascending,88,49335,,L1,"[5.805421, 43.921959, 9.451636, 45.8246]",11,https://stac.dataspace.copernicus.eu/v1/collections/sentinel-1-grd/items/S1A_IW_GRDH_1SDV_20230708T172324_20230708T172349_049335_05EEBC_E684_COG
S1A_IW_GRDH_1SDV_20230708T172349_20230708T172414_049335_05EEBC_0023_COG,OK,CACHE,0,sentinel-1a,2023-07-08T17:23:49.873030Z,2023-07-08T17:24:14.871437Z,IW,VV|VH,ascending,88,49335,,L1,"[5.35803, 45.420784, 9.123297, 47.320782]",11,https://stac.dataspace.copernicus.eu/v1/collections/sentinel-1-grd/items/S1A_IW_GRDH_1SDV_20230708T172349_20230708T172414_049335_05EEBC_0023_COG
S1A_IW_GRDH_1SDV_20230714T052733_20230714T052758_049415_05F130_8B7A_COG,OK,CACHE,0,sentinel-1a,2023-07-14T05:27:33.070566Z,2023-07-14T05:27:58.068853Z,IW,VV|VH,descending,168,49415,,L1,"[8.572565, 44.977356, 12.285475, 46.886837]",11,https://stac.dataspace.copernicus.eu/v1/collections/sentinel-1-grd/items/S1A_IW_GRDH_1SDV_20230714T052733_20230714T052758_049415_05F130_8B7A_COG
S1A_IW_GRDH_1SDV_20230714T052758_20230714T052823_049415_05F130_0DBB_COG,OK,CACHE,0,sentinel-1a,2023-07-14T05:27:58.070297Z,2023-07-14T05:28:23.070081Z,IW,VV|VH,descending,168,49415,,L1,"[8.242774, 43.478718, 11.894679, 45.385139]",11,https://stac.dataspace.copernicus.eu/v1/collections/sentinel-1-grd/items/S1A_IW_GRDH_1SDV_20230714T052758_20230714T052823_049415_05F130_0DBB_COG
S1A_IW_GRDH_1SDV_20230715T171518_20230715T171543_049437_05F1DD_DB0F_COG,OK,CACHE,0,sentinel-1a,2023-07-15T17:15:18.980641Z,2023-07-15T17:15:43.979275Z,IW,VV|VH,ascending,15,49437,,L1,"[7.743258, 44.361935, 11.401624, 46.266678]",11,https://stac.dataspace.copernicus.eu/v1/collections/sentinel-1-grd/items/S1A_IW_GRDH_1SDV_20230715T171518_20230715T171543_049437_05F1DD_DB0F_COG
S1A_IW_GRDH_1SDV_20230719T053545_20230719T053610_049488_05F366_E26D_COG,OK,CACHE,0,sentinel-1a,2023-07-19T05:35:45.903887Z,2023-07-19T05:36:10.902148Z,IW,VV|VH,descending,66,49488,,L1,"[6.527562, 45.036674, 10.235725, 46.947002]",11,https://stac.dataspace.copernicus.eu/v1/collections/sentinel-1-grd/items/S1A_IW_GRDH_1SDV_20230719T053545_20230719T053610_049488_05F366_E26D_COG
S1A_IW_GRDH_1SDV_20230719T053610_20230719T053635_049488_05F366_9F2C_COG,OK,CACHE,0,sentinel-1a,2023-07-19T05:36:10.903648Z,2023-07-19T05:36:35.901909Z,IW,VV|VH,descending,66,49488,,L1,"[6.202339, 43.537495, 9.853247, 45.444401]",11,https://stac.dataspace.copernicus.eu/v1/collections/sentinel-1-grd/items/S1A_IW_GRDH_1SDV_20230719T053610_20230719T053635_049488_05F366_9F2C_COG
S1A_IW_GRDH_1SDV_20230720T172325_20230720T172350_049510_05F40F_6113_COG,OK,CACHE,0,sentinel-1a,2023-07-20T17:23:25.374299Z,2023-07-20T17:23:50.373037Z,IW,VV|VH,ascending,88,49510,,L1,"[5.80756, 43.921974, 9.45411, 45.824615]",11,https://stac.dataspace.copernicus.eu/v1/collections/sentinel-1-grd/items/S1A_IW_GRDH_1SDV_20230720T172325_20230720T172350_049510_05F40F_6113_COG
S1A_IW_GRDH_1SDV_20230720T172350_20230720T172415_049510_05F40F_3B3B_COG,OK,CACHE,0,sentinel-1a,2023-07-20T17:23:50.374509Z,2023-07-20T17:24:15.373244Z,IW,VV|VH,ascending,88,49510,,L1,"[5.360389, 45.420822, 9.125834, 47.320839]",11,https://stac.dataspace.copernicus.eu/v1/collections/sentinel-1-grd/items/S1A_IW_GRDH_1SDV_20230720T172350_20230720T172415_049510_05F40F_3B3B_COG
S1A_IW_GRDH_1SDV_20230726T052733_20230726T052758_049590_05F68C_57CA_COG,OK,CACHE,0,sentinel-1a,2023-07-26T05:27:33.701852Z,2023-07-26T05:27:58.701314Z,IW,VV|VH,descending,168,49590,,L1,"[8.572796, 44.977238, 12.285745, 46.88681]",11,https://stac.dataspace.copernicus.eu/v1/collections/sentinel-1-grd/items/S1A_IW_GRDH_1SDV_20230726T052733_20230726T052758_049590_05F68C_57CA_COG
S1A_IW_GRDH_1SDV_20230726T052758_20230726T052823_049590_05F68C_0A7F_COG,OK,CACHE,0,sentinel-1a,2023-07-26T05:27:58.702758Z,2023-07-26T05:28:23.700717Z,IW,VV|VH,descending,168,49590,,L1,"[8.243006, 43.478706, 11.894899, 45.38504]",11,https://stac.dataspace.copernicus.eu/v1/collections/sentinel-1-grd/items/S1A_IW_GRDH_1SDV_20230726T052758_20230726T052823_049590_05F68C_0A7F_COG
S1A_IW_GRDH_1SDV_20230727T171519_20230727T171544_049612_05F73D_E53B_COG,OK,CACHE,0,sentinel-1a,2023-07-27T17:15:19.483481Z,2023-07-27T17:15:44.480653Z,IW,VV|VH,ascending,15,49612,,L1,"[7.742897, 44.361851, 11.401261, 46.266544]",11,https://stac.dataspace.copernicus.eu/v1/collections/sentinel-1-grd/items/S1A_IW_GRDH_1SDV_20230727T171519_20230727T171544_049612_05F73D_E53B_COG
S1A_IW_GRDH_1SDV_20230731T053546_20230731T053611_049663_05F8D1_FEE8_COG,OK,CACHE,0,sentinel-1a,2023-07-31T05:35:46.627555Z,2023-07-31T05:36:11.625785Z,IW,VV|VH,descending,66,49663,,L1,"[6.526856, 45.03664, 10.235023, 46.946964]",11,https://stac.dataspace.copernicus.eu/v1/collections/sentinel-1-grd/items/S1A_IW_GRDH_1SDV_20230731T053546_20230731T053611_049663_05F8D1_FEE8_COG
S1A_IW_GRDH_1SDV_20230731T053611_20230731T053636_049663_05F8D1_9C76_COG,OK,CACHE,0,sentinel-1a,2023-07-31T05:36:11.627229Z,2023-07-31T05:36:36.625457Z,IW,VV|VH,descending,66,49663,,L1,"[6.201789, 43.53746, 9.85254, 45.444351]",11,https://stac.dataspace.copernicus.eu/v1/collections/sentinel-1-grd/items/S1A_IW_GRDH_1SDV_20230731T053611_20230731T053636_049663_05F8D1_9C76_COG
S1A_IW_GRDH_1SDV_20230801T172325_20230801T172350_049685_05F97B_89F3_COG,OK,CACHE,0,sentinel-1a,2023-08-01T17:23:25.934993Z,2023-08-01T17:23:50.933718Z,IW,VV|VH,ascending,88,49685,,L1,"[5.807916, 43.921993, 9.454215, 45.824615]",11,https://stac.dataspace.copernicus.eu/v1/collections/sentinel-1-grd/items/S1A_IW_GRDH_1SDV_20230801T172325_20230801T172350_049685_05F97B_89F3_COG
S1A_IW_GRDH_1SDV_20230801T172350_20230801T172415_049685_05F97B_22DC_COG,OK,CACHE,0,sentinel-1a,2023-08-01T17:23:50.935217Z,2023-08-01T17:24:15.933942Z,IW,VV|VH,ascending,88,49685,,L1,"[5.360747, 45.420845, 9.12606, 47.320854]",11,https://stac.dataspace.copernicus.eu/v1/collections/sentinel-1-grd/items/S1A_IW_GRDH_1SDV_20230801T172350_20230801T172415_049685_05F97B_22DC_COG
S1A_IW_GRDH_1SDV_20230807T052734_20230807T052759_049765_05FBF2_C425_COG,OK,CACHE,0,sentinel-1a,2023-08-07T05:27:34.288012Z,2023-08-07T05:27:59.287472Z,IW,VV|VH,descending,168,49765,,L1,"[8.573729, 44.977215, 12.287294, 46.886734]",11,https://stac.dataspace.copernicus.eu/v1/collections/sentinel-1-grd/items/S1A_IW_GRDH_1SDV_20230807T052734_20230807T052759_049765_05FBF2_C425_COG
S1A_IW_GRDH_1SDV_20230807T052759_20230807T052824_049765_05FBF2_0D1C_COG,OK,CACHE,0,sentinel-1a,2023-08-07T05:27:59.288971Z,2023-08-07T05:28:24.286931Z,IW,VV|VH,descending,168,49765,,L1,"[8.244039, 43.478683, 11.895827, 45.385006]",11,https://stac.dataspace.copernicus.eu/v1/collections/sentinel-1-grd/items/S1A_IW_GRDH_1SDV_20230807T052759_20230807T052824_049765_05FBF2_0D1C_COG
S1A_IW_GRDH_1SDV_20230808T171519_20230808T171544_049787_05FCB4_96B7_COG,OK,CACHE,0,sentinel-1a,2023-08-08T17:15:19.712246Z,2023-08-08T17:15:44.710955Z,IW,VV|VH,ascending,15,49787,,L1,"[7.744782, 44.361847, 11.403183, 46.266655]",11,https://stac.dataspace.copernicus.eu/v1/collections/sentinel-1-grd/items/S1A_IW_GRDH_1SDV_20230808T171519_20230808T171544_049787_05FCB4_96B7_COG
S1A_IW_GRDH_1SDV_20230812T053546_20230812T053611_049838_05FE67_3C38_COG,OK,CACHE,0,sentinel-1a,2023-08-12T05:35:46.901322Z,2023-08-12T05:36:11.899731Z,IW,VV|VH,descending,66,49838,,L1,"[6.530336, 45.036667, 10.238621, 46.947079]",11,https://stac.dataspace.copernicus.eu/v1/collections/sentinel-1-grd/items/S1A_IW_GRDH_1SDV_20230812T053546_20230812T053611_049838_05FE67_3C38_COG
S1A_IW_GRDH_1SDV_20230812T053611_20230812T053636_049838_05FE67_82FF_COG,OK,CACHE,0,sentinel-1a,2023-08-12T05:36:11.901231Z,2023-08-12T05:36:36.899639Z,IW,VV|VH,descending,66,49838,,L1,"[6.205066, 43.537495, 9.856133, 45.444477]",11,https://stac.dataspace.copernicus.eu/v1/collections/sentinel-1-grd/items/S1A_IW_GRDH_1SDV_20230812T053611_20230812T053636_049838_05FE67_82FF_COG
S1A_IW_GRDH_1SDV_20230813T172326_20230813T172351_049860_05FF2F_7B34_COG,OK,CACHE,0,sentinel-1a,2023-08-13T17:23:26.571688Z,2023-08-13T17:23:51.570450Z,IW,VV|VH,ascending,88,49860,,L1,"[5.807294, 43.921959, 9.453883, 45.82465]",11,https://stac.dataspace.copernicus.eu/v1/collections/sentinel-1-grd/items/S1A_IW_GRDH_1SDV_20230813T172326_20230813T172351_049860_05FF2F_7B34_COG
S1A_IW_GRDH_1SDV_20230813T172351_20230813T172416_049860_05FF2F_B7B5_COG,OK,CACHE,0,sentinel-1a,2023-08-13T17:23:51.571949Z,2023-08-13T17:24:16.570711Z,IW,VV|VH,ascending,88,49860,,L1,"[5.360097, 45.420803, 9.125553, 47.320877]",11,https://stac.dataspace.copernicus.eu/v1/collections/sentinel-1-grd/items/S1A_IW_GRDH_1SDV_20230813T172351_20230813T172416_049860_05FF2F_B7B5_COG
S1A_IW_GRDH_1SDV_20230819T052735_20230819T052800_049940_0601E9_D7DC_COG,OK,CACHE,0,sentinel-1a,2023-08-19T05:27:35.131370Z,2023-08-19T05:28:00.130896Z,IW,VV|VH,descending,168,49940,,L1,"[8.572685, 44.977253, 12.285619, 46.88678]",11,https://stac.dataspace.copernicus.eu/v1/collections/sentinel-1-grd/items/S1A_IW_GRDH_1SDV_20230819T052735_20230819T052800_049940_0601E9_D7DC_COG
S1A_IW_GRDH_1SDV_20230819T052800_20230819T052825_049940_0601E9_A746_COG,OK,CACHE,0,sentinel-1a,2023-08-19T05:28:00.132396Z,2023-08-19T05:28:25.130423Z,IW,VV|VH,descending,168,49940,,L1,"[8.242933, 43.478714, 11.894798, 45.385006]",11,https://stac.dataspace.copernicus.eu/v1/collections/sentinel-1-grd/items/S1A_IW_GRDH_1SDV_20230819T052800_20230819T052825_049940_0601E9_A746_COG
S1A_IW_GRDH_1SDV_20230820T171520_20230820T171545_049962_0602B3_7073_COG,OK,CACHE,0,sentinel-1a,2023-08-20T17:15:20.980367Z,2023-08-20T17:15:45.978715Z,IW,VV|VH,ascending,15,49962,,L1,"[7.744703, 44.36227, 11.402581, 46.266937]",11,https://stac.dataspace.copernicus.eu/v1/collections/sentinel-1-grd/items/S1A_IW_GRDH_1SDV_20230820T171520_20230820T171545_049962_0602B3_7073_COG
S1A_IW_GRDH_1SDV_20230824T053547_20230824T053612_050013_060459_7532_COG,OK,CACHE,0,sentinel-1a,2023-08-24T05:35:47.915002Z,2023-08-24T05:36:12.913372Z,IW,VV|VH,descending,66,50013,,L1,"[6.528719, 45.036594, 10.237039, 46.947018]",11,https://stac.dataspace.copernicus.eu/v1/collections/sentinel-1-grd/items/S1A_IW_GRDH_1SDV_20230824T053547_20230824T053612_050013_060459_7532_COG
S1A_IW_GRDH_1SDV_20230824T053612_20230824T053637_050013_060459_2D0E_COG,OK,CACHE,0,sentinel-1a,2023-08-24T05:36:12.914927Z,2023-08-24T05:36:37.913300Z,IW,VV|VH,descending,66,50013,,L1,"[6.203304, 43.537418, 9.854507, 45.444427]",11,https://stac.dataspace.copernicus.eu/v1/collections/sentinel-1-grd/items/S1A_IW_GRDH_1SDV_20230824T053612_20230824T053637_050013_060459_2D0E_COG
S1A_IW_GRDH_1SDV_20230825T172327_20230825T172352_050035_060521_AF1F_COG,OK,CACHE,0,sentinel-1a,2023-08-25T17:23:27.520391Z,2023-08-25T17:23:52.517723Z,IW,VV|VH,ascending,88,50035,,L1,"[5.804714, 43.921894, 9.451302, 45.824535]",11,https://stac.dataspace.copernicus.eu/v1/collections/sentinel-1-grd/items/S1A_IW_GRDH_1SDV_20230825T172327_20230825T172352_050035_060521_AF1F_COG
S1A_IW_GRDH_1SDV_20230825T172352_20230825T172417_050035_060521_48BF_COG,OK,CACHE,0,sentinel-1a,2023-08-25T17:23:52.519221Z,2023-08-25T17:24:17.518051Z,IW,VV|VH,ascending,88,50035,,L1,"[5.35728, 45.420647, 9.122954, 47.320736]",11,https://stac.dataspace.copernicus.eu/v1/collections/sentinel-1-grd/items/S1A_IW_GRDH_1SDV_20230825T172352_20230825T172417_050035_060521_48BF_COG
S1A_IW_GRDH_1SDV_20230831T052735_20230831T052800_050115_0607E8_D572_COG,OK,CACHE,0,sentinel-1a,2023-08-31T05:27:35.604045Z,2023-08-31T05:28:00.602379Z,IW,VV|VH,descending,168,50115,,L1,"[8.573089, 44.977283, 12.286454, 46.886703]",11,https://stac.dataspace.copernicus.eu/v1/collections/sentinel-1-grd/items/S1A_IW_GRDH_1SDV_20230831T052735_20230831T052800_050115_0607E8_D572_COG
S1A_IW_GRDH_1SDV_20230831T052800_20230831T052825_050115_0607E8_DF58_COG,OK,CACHE,0,sentinel-1a,2023-08-31T05:28:00.603879Z,2023-08-31T05:28:25.602214Z,IW,VV|VH,descending,168,50115,,L1,"[8.243356, 43.478725, 11.895333, 45.385036]",11,https://stac.dataspace.copernicus.eu/v1/collections/sentinel-1-grd/items/S1A_IW_GRDH_1SDV_20230831T052800_20230831T052825_050115_0607E8_DF58_COG
S1A_IW_GRDH_1SDV_20230901T171521_20230901T171546_050137_0608B3_6EFD_COG,OK,CACHE,0,sentinel-1a,2023-09-01T17:15:21.589916Z,2023-09-01T17:15:46.588623Z,IW,VV|VH,ascending,15,50137,,L1,"[7.743995, 44.361881, 11.402545, 46.266624]",11,https://stac.dataspace.copernicus.eu/v1/collections/sentinel-1-grd/items/S1A_IW_GRDH_1SDV_20230901T171521_20230901T171546_050137_0608B3_6EFD_COG
S1A_IW_GRDH_1SDV_20230905T053548_20230905T053613_050188_060A63_F19D_COG,OK,CACHE,0,sentinel-1a,2023-09-05T05:35:48.737948Z,2023-09-05T05:36:13.736332Z,IW,VV|VH,descending,66,50188,,L1,"[6.52774, 45.036652, 10.236132, 46.947056]",11,https://stac.dataspace.copernicus.eu/v1/collections/sentinel-1-grd/items/S1A_IW_GRDH_1SDV_20230905T053548_20230905T053613_050188_060A63_F19D_COG
S1A_IW_GRDH_1SDV_20230905T053613_20230905T053638_050188_060A63_61F1_COG,OK,CACHE,0,sentinel-1a,2023-09-05T05:36:13.737832Z,2023-09-05T05:36:38.736215Z,IW,VV|VH,descending,66,50188,,L1,"[6.202449, 43.537479, 9.853535, 45.444462]",11,https://stac.dataspace.copernicus.eu/v1/collections/sentinel-1-grd/items/S1A_IW_GRDH_1SDV_20230905T053613_20230905T053638_050188_060A63_61F1_COG
S1A_IW_GRDH_1SDV_20230906T172328_20230906T172353_050210_060B1F_E3E2_COG,OK,CACHE,0,sentinel-1a,2023-09-06T17:23:28.079956Z,2023-09-06T17:23:53.077287Z,IW,VV|VH,ascending,88,50210,,L1,"[5.804924, 43.921925, 9.451518, 45.82457]",11,https://stac.dataspace.copernicus.eu/v1/collections/sentinel-1-grd/items/S1A_IW_GRDH_1SDV_20230906T172328_20230906T172353_050210_060B1F_E3E2_COG
S1A_IW_GRDH_1SDV_20230906T172353_20230906T172418_050210_060B1F_5193_COG,OK,CACHE,0,sentinel-1a,2023-09-06T17:23:53.078785Z,2023-09-06T17:24:18.077615Z,IW,VV|VH,ascending,88,50210,,L1,"[5.357493, 45.420677, 9.123165, 47.32077]",11,https://stac.dataspace.copernicus.eu/v1/collections/sentinel-1-grd/items/S1A_IW_GRDH_1SDV_20230906T172353_20230906T172418_050210_060B1F_5193_COG
S1A_IW_GRDH_1SDV_20230912T052736_20230912T052801_050290_060DE1_F323_COG,OK,CACHE,0,sentinel-1a,2023-09-12T05:27:36.238835Z,2023-09-12T05:28:01.236900Z,IW,VV|VH,descending,168,50290,,L1,"[8.573683, 44.977219, 12.286908, 46.886681]",11,https://stac.dataspace.copernicus.eu/v1/collections/sentinel-1-grd/items/S1A_IW_GRDH_1SDV_20230912T052736_20230912T052801_050290_060DE1_F323_COG
S1A_IW_GRDH_1SDV_20230912T052801_20230912T052826_050290_060DE1_551D_COG,OK,CACHE,0,sentinel-1a,2023-09-12T05:28:01.238372Z,2023-09-12T05:28:26.237936Z,IW,VV|VH,descending,168,50290,,L1,"[8.243882, 43.478596, 11.895783, 45.385029]",11,https://stac.dataspace.copernicus.eu/v1/collections/sentinel-1-grd/items/S1A_IW_GRDH_1SDV_20230912T052801_20230912T052826_050290_060DE1_551D_COG
S1A_IW_GRDH_1SDV_20230913T171521_20230913T171546_050312_060EAC_688F_COG,OK,CACHE,0,sentinel-1a,2023-09-13T17:15:21.892756Z,2023-09-13T17:15:46.889937Z,IW,VV|VH,ascending,15,50312,,L1,"[7.744759, 44.362099, 11.421041, 46.268696]",11,https://stac.dataspace.copernicus.eu/v1/collections/sentinel-1-grd/items/S1A_IW_GRDH_1SDV_20230913T171521_20230913T171546_050312_060EAC_688F_COG
S1A_IW_GRDH_1SDV_20230917T053549_20230917T053614_050363_06104F_F244_COG,OK,CACHE,0,sentinel-1a,2023-09-17T05:35:49.206510Z,2023-09-17T05:36:14.205009Z,IW,VV|VH,descending,66,50363,,L1,"[6.527053, 45.036705, 10.235549, 46.947063]",11,https://stac.dataspace.copernicus.eu/v1/collections/sentinel-1-grd/items/S1A_IW_GRDH_1SDV_20230917T053549_20230917T053614_050363_06104F_F244_COG
S1A_IW_GRDH_1SDV_20230917T053614_20230917T053639_050363_06104F_CB4B_COG,OK,CACHE,0,sentinel-1a,2023-09-17T05:36:14.206509Z,2023-09-17T05:36:39.205008Z,IW,VV|VH,descending,66,50363,,L1,"[6.20185, 43.537521, 9.852988, 45.444469]",11,https://stac.dataspace.copernicus.eu/v1/collections/sentinel-1-grd/items/S1A_IW_GRDH_1SDV_20230917T053614_20230917T053639_050363_06104F_CB4B_COG
S1A_IW_GRDH_1SDV_20230918T172328_20230918T172353_050385_061114_A80E_COG,OK,CACHE,0,sentinel-1a,2023-09-18T17:23:28.614955Z,2023-09-18T17:23:53.613357Z,IW,VV|VH,ascending,88,50385,,L1,"[5.806212, 43.922092, 9.452421, 45.824696]",11,https://stac.dataspace.copernicus.eu/v1/collections/sentinel-1-grd/items/S1A_IW_GRDH_1SDV_20230918T172328_20230918T172353_050385_061114_A80E_COG
S1A_IW_GRDH_1SDV_20230918T172353_20230918T172418_050385_061114_1937_COG,OK,CACHE,0,sentinel-1a,2023-09-18T17:23:53.614855Z,2023-09-18T17:24:18.613257Z,IW,VV|VH,ascending,88,50385,,L1,"[5.35885, 45.420921, 9.124104, 47.320881]",11,https://stac.dataspace.copernicus.eu/v1/collections/sentinel-1-grd/items/S1A_IW_GRDH_1SDV_20230918T172353_20230918T172418_050385_061114_1937_COG
S1A_IW_GRDH_1SDV_20230924T052736_20230924T052801_050465_0613D4_E680_COG,OK,CACHE,0,sentinel-1a,2023-09-24T05:27:36.709123Z,2023-09-24T05:28:01.707301Z,IW,VV|VH,descending,168,50465,,L1,"[8.573059, 44.977249, 12.286564, 46.886772]",11,https://stac.dataspace.copernicus.eu/v1/collections/sentinel-1-grd/items/S1A_IW_GRDH_1SDV_20230924T052736_20230924T052801_050465_0613D4_E680_COG
S1A_IW_GRDH_1SDV_20230924T052801_20230924T052826_050465_0613D4_7B21_COG,OK,CACHE,0,sentinel-1a,2023-09-24T05:28:01.708800Z,2023-09-24T05:28:26.706978Z,IW,VV|VH,descending,168,50465,,L1,"[8.243251, 43.478718, 11.895405, 45.38512]",11,https://stac.dataspace.copernicus.eu/v1/collections/sentinel-1-grd/items/S1A_IW_GRDH_1SDV_20230924T052801_20230924T052826_050465_0613D4_7B21_COG
S1A_IW_GRDH_1SDV_20230925T171522_20230925T171547_050487_06149F_4F9E_COG,OK,CACHE,0,sentinel-1a,2023-09-25T17:15:22.504287Z,2023-09-25T17:15:47.503113Z,IW,VV|VH,ascending,15,50487,,L1,"[7.7421, 44.361969, 11.418667, 46.268715]",11,https://stac.dataspace.copernicus.eu/v1/collections/sentinel-1-grd/items/S1A_IW_GRDH_1SDV_20230925T171522_20230925T171547_050487_06149F_4F9E_COG
S1A_IW_GRDH_1SDV_20230929T053549_20230929T053614_050538_06164A_0394_COG,OK,CACHE,0,sentinel-1a,2023-09-29T05:35:49.417114Z,2023-09-29T05:36:14.415676Z,IW,VV|VH,descending,66,50538,,L1,"[6.527603, 45.036751, 10.236218, 46.94714]",11,https://stac.dataspace.copernicus.eu/v1/collections/sentinel-1-grd/items/S1A_IW_GRDH_1SDV_20230929T053549_20230929T053614_050538_06164A_0394_COG
S1A_IW_GRDH_1SDV_20230929T053614_20230929T053639_050538_06164A_88AF_COG,OK,CACHE,0,sentinel-1a,2023-09-29T05:36:14.417176Z,2023-09-29T05:36:39.415738Z,IW,VV|VH,descending,66,50538,,L1,"[6.202359, 43.537575, 9.853667, 45.444542]",11,https://stac.dataspace.copernicus.eu/v1/collections/sentinel-1-grd/items/S1A_IW_GRDH_1SDV_20230929T053614_20230929T053639_050538_06164A_88AF_COG
S1A_IW_GRDH_1SDV_20230930T172328_20230930T172353_050560_06170F_C647_COG,OK,CACHE,0,sentinel-1a,2023-09-30T17:23:28.898546Z,2023-09-30T17:23:53.897396Z,IW,VV|VH,ascending,88,50560,,L1,"[5.806109, 43.921982, 9.452817, 45.824657]",11,https://stac.dataspace.copernicus.eu/v1/collections/sentinel-1-grd/items/S1A_IW_GRDH_1SDV_20230930T172328_20230930T172353_050560_06170F_C647_COG
S1A_IW_GRDH_1SDV_20230930T172353_20230930T172418_050560_06170F_0E57_COG,OK,CACHE,0,sentinel-1a,2023-09-30T17:23:53.898895Z,2023-09-30T17:24:18.897746Z,IW,VV|VH,ascending,88,50560,,L1,"[5.358734, 45.42083, 9.124504, 47.320862]",11,https://stac.dataspace.copernicus.eu/v1/collections/sentinel-1-grd/items/S1A_IW_GRDH_1SDV_20230930T172353_20230930T172418_050560_06170F_0E57_COG
S1A_IW_GRDH_1SDV_20240403T052733_20240403T052758_053265_0674B9_1451_COG,OK,CACHE,0,sentinel-1a,2024-04-03T05:27:33.387583Z,2024-04-03T05:27:58.385577Z,IW,VV|VH,descending,168,53265,,L1,"[8.573662, 44.97739, 12.286893, 46.886845]",11,https://stac.dataspace.copernicus.eu/v1/collections/sentinel-1-grd/items/S1A_IW_GRDH_1SDV_20240403T052733_20240403T052758_053265_0674B9_1451_COG
S1A_IW_GRDH_1SDV_20240403T052758_20240403T052823_053265_0674B9_7A9E_COG,OK,CACHE,0,sentinel-1a,2024-04-03T05:27:58.387076Z,2024-04-03T05:28:23.386570Z,IW,VV|VH,descending,168,53265,,L1,"[8.243831, 43.478771, 11.895641, 45.385201]",11,https://stac.dataspace.copernicus.eu/v1/collections/sentinel-1-grd/items/S1A_IW_GRDH_1SDV_20240403T052758_20240403T052823_053265_0674B9_7A9E_COG
S1A_IW_GRDH_1SDV_20240404T171519_20240404T171544_053287_067596_3F31_COG,OK,CACHE,0,sentinel-1a,2024-04-04T17:15:19.138113Z,2024-04-04T17:15:44.136771Z,IW,VV|VH,ascending,15,53287,,L1,"[7.743601, 44.361958, 11.419699, 46.268646]",11,https://stac.dataspace.copernicus.eu/v1/collections/sentinel-1-grd/items/S1A_IW_GRDH_1SDV_20240404T171519_20240404T171544_053287_067596_3F31_COG
S1A_IW_GRDH_1SDV_20240408T053546_20240408T053611_053338_0677A4_780B_COG,OK,CACHE,0,sentinel-1a,2024-04-08T05:35:46.147080Z,2024-04-08T05:36:11.145706Z,IW,VV|VH,descending,66,53338,,L1,"[6.526403, 45.0369, 10.234675, 46.947247]",11,https://stac.dataspace.copernicus.eu/v1/collections/sentinel-1-grd/items/S1A_IW_GRDH_1SDV_20240408T053546_20240408T053611_053338_0677A4_780B_COG
S1A_IW_GRDH_1SDV_20240408T053611_20240408T053636_053338_0677A4_76BF_COG,OK,CACHE,0,sentinel-1a,2024-04-08T05:36:11.147206Z,2024-04-08T05:36:36.145832Z,IW,VV|VH,descending,66,53338,,L1,"[6.201351, 43.537701, 9.852229, 45.444611]",11,https://stac.dataspace.copernicus.eu/v1/collections/sentinel-1-grd/items/S1A_IW_GRDH_1SDV_20240408T053611_20240408T053636_053338_0677A4_76BF_COG
S1A_IW_GRDH_1SDV_20240409T172324_20240409T172349_053360_067883_5F89_COG,OK,CACHE,0,sentinel-1a,2024-04-09T17:23:24.902412Z,2024-04-09T17:23:49.899727Z,IW,VV|VH,ascending,88,53360,,L1,"[5.81034, 43.922001, 9.456293, 45.824482]",11,https://stac.dataspace.copernicus.eu/v1/collections/sentinel-1-grd/items/S1A_IW_GRDH_1SDV_20240409T172324_20240409T172349_053360_067883_5F89_COG
S1A_IW_GRDH_1SDV_20240409T172349_20240409T172414_053360_067883_2F8C_COG,OK,CACHE,0,sentinel-1a,2024-04-09T17:23:49.901226Z,2024-04-09T17:24:14.900040Z,IW,VV|VH,ascending,88,53360,,L1,"[5.363301, 45.420773, 9.128107, 47.320721]",11,https://stac.dataspace.copernicus.eu/v1/collections/sentinel-1-grd/items/S1A_IW_GRDH_1SDV_20240409T172349_20240409T172414_053360_067883_2F8C_COG
S1A_IW_GRDH_1SDV_20240415T052732_20240415T052757_053440_067BAC_7146_COG,OK,CACHE,0,sentinel-1a,2024-04-15T05:27:32.964882Z,2024-04-15T05:27:57.964490Z,IW,VV|VH,descending,168,53440,,L1,"[8.576859, 44.977482, 12.290564, 46.887016]",11,https://stac.dataspace.copernicus.eu/v1/collections/sentinel-1-grd/items/S1A_IW_GRDH_1SDV_20240415T052732_20240415T052757_053440_067BAC_7146_COG
S1A_IW_GRDH_1SDV_20240415T052757_20240415T052822_053440_067BAC_D743_COG,OK,CACHE,0,sentinel-1a,2024-04-15T05:27:57.965990Z,2024-04-15T05:28:22.964098Z,IW,VV|VH,descending,168,53440,,L1,"[8.247053, 43.478951, 11.8991, 45.385303]",11,https://stac.dataspace.copernicus.eu/v1/collections/sentinel-1-grd/items/S1A_IW_GRDH_1SDV_20240415T052757_20240415T052822_053440_067BAC_D743_COG
S1A_IW_GRDH_1SDV_20240416T171519_20240416T171544_053462_067C88_A2F7_COG,OK,CACHE,0,sentinel-1a,2024-04-16T17:15:19.230852Z,2024-04-16T17:15:44.229613Z,IW,VV|VH,ascending,15,53462,,L1,"[7.74475, 44.361847, 11.421093, 46.268559]",11,https://stac.dataspace.copernicus.eu/v1/collections/sentinel-1-grd/items/S1A_IW_GRDH_1SDV_20240416T171519_20240416T171544_053462_067C88_A2F7_COG
S1A_IW_GRDH_1SDV_20240420T053546_20240420T053611_053513_067E8C_A50C_COG,OK,CACHE,0,sentinel-1a,2024-04-20T05:35:46.423596Z,2024-04-20T05:36:11.421946Z,IW,VV|VH,descending,66,53513,,L1,"[6.526893, 45.036957, 10.235035, 46.947266]",11,https://stac.dataspace.copernicus.eu/v1/collections/sentinel-1-grd/items/S1A_IW_GRDH_1SDV_20240420T053546_20240420T053611_053513_067E8C_A50C_COG
S1A_IW_GRDH_1SDV_20240420T053611_20240420T053636_053513_067E8C_B170_COG,OK,CACHE,0,sentinel-1a,2024-04-20T05:36:11.423446Z,2024-04-20T05:36:36.423297Z,IW,VV|VH,descending,66,53513,,L1,"[6.201707, 43.537682, 9.852597, 45.444664]",11,https://stac.dataspace.copernicus.eu/v1/collections/sentinel-1-grd/items/S1A_IW_GRDH_1SDV_20240420T053611_20240420T053636_053513_067E8C_B170_COG
S1A_IW_GRDH_1SDV_20240421T172325_20240421T172350_053535_067F68_0B43_COG,OK,CACHE,0,sentinel-1a,2024-04-21T17:23:25.825302Z,2024-04-21T17:23:50.823907Z,IW,VV|VH,ascending,88,53535,,L1,"[5.808137, 43.922138, 9.454413, 45.824707]",11,https://stac.dataspace.copernicus.eu/v1/collections/sentinel-1-grd/items/S1A_IW_GRDH_1SDV_20240421T172325_20240421T172350_053535_067F68_0B43_COG
S1A_IW_GRDH_1SDV_20240421T172350_20240421T172415_053535_067F68_87FE_COG,OK,CACHE,0,sentinel-1a,2024-04-21T17:23:50.825405Z,2024-04-21T17:24:15.824011Z,IW,VV|VH,ascending,88,53535,,L1,"[5.361016, 45.420998, 9.126178, 47.320934]",11,https://stac.dataspace.copernicus.eu/v1/collections/sentinel-1-grd/items/S1A_IW_GRDH_1SDV_20240421T172350_20240421T172415_053535_067F68_87FE_COG
S1A_IW_GRDH_1SDV_20240427T052733_20240427T052758_053615_06828C_F2C2_COG,OK,CACHE,0,sentinel-1a,2024-04-27T05:27:33.892117Z,2024-04-27T05:27:58.891643Z,IW,VV|VH,descending,168,53615,,L1,"[8.572001, 44.977486, 12.284662, 46.887001]",11,https://stac.dataspace.copernicus.eu/v1/collections/sentinel-1-grd/items/S1A_IW_GRDH_1SDV_20240427T052733_20240427T052758_053615_06828C_F2C2_COG
S1A_IW_GRDH_1SDV_20240427T052758_20240427T052823_053615_06828C_2081_COG,OK,CACHE,0,sentinel-1a,2024-04-27T05:27:58.893142Z,2024-04-27T05:28:23.891169Z,IW,VV|VH,descending,168,53615,,L1,"[8.242305, 43.478939, 11.894135, 45.385201]",11,https://stac.dataspace.copernicus.eu/v1/collections/sentinel-1-grd/items/S1A_IW_GRDH_1SDV_20240427T052758_20240427T052823_053615_06828C_2081_COG
S1A_IW_GRDH_1SDV_20240428T171519_20240428T171544_053637_068367_B8B0_COG,OK,CACHE,0,sentinel-1a,2024-04-28T17:15:19.765877Z,2024-04-28T17:15:44.764581Z,IW,VV|VH,ascending,15,53637,,L1,"[7.744438, 44.361916, 11.420677, 46.268555]",11,https://stac.dataspace.copernicus.eu/v1/collections/sentinel-1-grd/items/S1A_IW_GRDH_1SDV_20240428T171519_20240428T171544_053637_068367_B8B0_COG
S1A_IW_GRDH_1SDV_20240502T053546_20240502T053611_053688_06856B_A89D_COG,OK,CACHE,0,sentinel-1a,2024-05-02T05:35:46.745748Z,2024-05-02T05:36:11.744073Z,IW,VV|VH,descending,66,53688,,L1,"[6.5265, 45.036854, 10.234753, 46.947151]",11,https://stac.dataspace.copernicus.eu/v1/collections/sentinel-1-grd/items/S1A_IW_GRDH_1SDV_20240502T053546_20240502T053611_053688_06856B_A89D_COG
S1A_IW_GRDH_1SDV_20240502T053611_20240502T053636_053688_06856B_4FA7_COG,OK,CACHE,0,sentinel-1a,2024-05-02T05:36:11.745573Z,2024-05-02T05:36:36.743899Z,IW,VV|VH,descending,66,53688,,L1,"[6.201324, 43.537666, 9.852199, 45.444557]",11,https://stac.dataspace.copernicus.eu/v1/collections/sentinel-1-grd/items/S1A_IW_GRDH_1SDV_20240502T053611_20240502T053636_053688_06856B_4FA7_COG
S1A_IW_GRDH_1SDV_20240503T172326_20240503T172351_053710_06864B_8823_COG,OK,CACHE,0,sentinel-1a,2024-05-03T17:23:26.119961Z,2024-05-03T17:23:51.118605Z,IW,VV|VH,ascending,88,53710,,L1,"[5.807731, 43.9221, 9.454005, 45.824669]",11,https://stac.dataspace.copernicus.eu/v1/collections/sentinel-1-grd/items/S1A_IW_GRDH_1SDV_20240503T172326_20240503T172351_053710_06864B_8823_COG
S1A_IW_GRDH_1SDV_20240503T172351_20240503T172416_053710_06864B_8C1A_COG,OK,CACHE,0,sentinel-1a,2024-05-03T17:23:51.120103Z,2024-05-03T17:24:16.117249Z,IW,VV|VH,ascending,88,53710,,L1,"[5.360633, 45.420956, 9.125895, 47.32082]",11,https://stac.dataspace.copernicus.eu/v1/collections/sentinel-1-grd/items/S1A_IW_GRDH_1SDV_20240503T172351_20240503T172416_053710_06864B_8C1A_COG
S1A_IW_GRDH_1SDV_20240509T052734_20240509T052759_053790_06895D_4345_COG,OK,CACHE,0,sentinel-1a,2024-05-09T05:27:34.157363Z,2024-05-09T05:27:59.156827Z,IW,VV|VH,descending,168,53790,,L1,"[8.56973, 44.977524, 12.28217, 46.886948]",11,https://stac.dataspace.copernicus.eu/v1/collections/sentinel-1-grd/items/S1A_IW_GRDH_1SDV_20240509T052734_20240509T052759_053790_06895D_4345_COG
S1A_IW_GRDH_1SDV_20240509T052759_20240509T052824_053790_06895D_0204_COG,OK,CACHE,0,sentinel-1a,2024-05-09T05:27:59.158327Z,2024-05-09T05:28:24.156291Z,IW,VV|VH,descending,168,53790,,L1,"[8.240115, 43.478973, 11.89176, 45.385139]",11,https://stac.dataspace.copernicus.eu/v1/collections/sentinel-1-grd/items/S1A_IW_GRDH_1SDV_20240509T052759_20240509T052824_053790_06895D_0204_COG
S1A_IW_GRDH_1SDV_20240510T171519_20240510T171544_053812_068A1A_2E16_COG,OK,CACHE,0,sentinel-1a,2024-05-10T17:15:19.870941Z,2024-05-10T17:15:44.869604Z,IW,VV|VH,ascending,15,53812,,L1,"[7.745897, 44.362129, 11.421968, 46.268673]",11,https://stac.dataspace.copernicus.eu/v1/collections/sentinel-1-grd/items/S1A_IW_GRDH_1SDV_20240510T171519_20240510T171544_053812_068A1A_2E16_COG
S1A_IW_GRDH_1SDV_20240514T053546_20240514T053611_053863_068BDF_0E81_COG,OK,CACHE,0,sentinel-1a,2024-05-14T05:35:46.211098Z,2024-05-14T05:36:11.210866Z,IW,VV|VH,descending,66,53863,,L1,"[6.52781, 45.036854, 10.235796, 46.947182]",11,https://stac.dataspace.copernicus.eu/v1/collections/sentinel-1-grd/items/S1A_IW_GRDH_1SDV_20240514T053546_20240514T053611_053863_068BDF_0E81_COG
S1A_IW_GRDH_1SDV_20240514T053611_20240514T053636_053863_068BDF_800A_COG,OK,CACHE,0,sentinel-1a,2024-05-14T05:36:11.212366Z,2024-05-14T05:36:36.210635Z,IW,VV|VH,descending,66,53863,,L1,"[6.202667, 43.537666, 9.853397, 45.444481]",11,https://stac.dataspace.copernicus.eu/v1/collections/sentinel-1-grd/items/S1A_IW_GRDH_1SDV_20240514T053611_20240514T053636_053863_068BDF_800A_COG
S1A_IW_GRDH_1SDV_20240515T172325_20240515T172350_053885_068C95_DD90_COG,OK,CACHE,0,sentinel-1a,2024-05-15T17:23:25.656006Z,2024-05-15T17:23:50.654803Z,IW,VV|VH,ascending,88,53885,,L1,"[5.809668, 43.921993, 9.456146, 45.824589]",11,https://stac.dataspace.copernicus.eu/v1/collections/sentinel-1-grd/items/S1A_IW_GRDH_1SDV_20240515T172325_20240515T172350_053885_068C95_DD90_COG
S1A_IW_GRDH_1SDV_20240515T172350_20240515T172415_053885_068C95_C20D_COG,OK,CACHE,0,sentinel-1a,2024-05-15T17:23:50.656301Z,2024-05-15T17:24:15.653600Z,IW,VV|VH,ascending,88,53885,,L1,"[5.362649, 45.420856, 9.128082, 47.320747]",11,https://stac.dataspace.copernicus.eu/v1/collections/sentinel-1-grd/items/S1A_IW_GRDH_1SDV_20240515T172350_20240515T172415_053885_068C95_C20D_COG
S1A_IW_GRDH_1SDV_20240521T052733_20240521T052758_053965_068F5D_9B3C_COG,OK,CACHE,0,sentinel-1a,2024-05-21T05:27:33.472797Z,2024-05-21T05:27:58.470663Z,IW,VV|VH,descending,168,53965,,L1,"[8.570625, 44.977573, 12.283151, 46.886848]",11,https://stac.dataspace.copernicus.eu/v1/collections/sentinel-1-grd/items/S1A_IW_GRDH_1SDV_20240521T052733_20240521T052758_053965_068F5D_9B3C_COG
S1A_IW_GRDH_1SDV_20240521T052758_20240521T052823_053965_068F5D_49E0_COG,OK,CACHE,0,sentinel-1a,2024-05-21T05:27:58.472163Z,2024-05-21T05:28:23.470029Z,IW,VV|VH,descending,168,53965,,L1,"[8.241147, 43.479019, 11.892669, 45.385124]",11,https://stac.dataspace.copernicus.eu/v1/collections/sentinel-1-grd/items/S1A_IW_GRDH_1SDV_20240521T052758_20240521T052823_053965_068F5D_49E0_COG
S1A_IW_GRDH_1SDV_20240522T171519_20240522T171544_053987_06901E_D96E_COG,OK,CACHE,0,sentinel-1a,2024-05-22T17:15:19.226672Z,2024-05-22T17:15:44.225335Z,IW,VV|VH,ascending,15,53987,,L1,"[7.74887, 44.362068, 11.406626, 46.266731]",11,https://stac.dataspace.copernicus.eu/v1/collections/sentinel-1-grd/items/S1A_IW_GRDH_1SDV_20240522T171519_20240522T171544_053987_06901E_D96E_COG
S1A_IW_GRDH_1SDV_20240526T053546_20240526T053611_054038_0691E7_E856_COG,OK,CACHE,0,sentinel-1a,2024-05-26T05:35:46.629105Z,2024-05-26T05:36:11.627414Z,IW,VV|VH,descending,66,54038,,L1,"[6.523648, 45.036999, 10.231739, 46.947178]",11,https://stac.dataspace.copernicus.eu/v1/collections/sentinel-1-grd/items/S1A_IW_GRDH_1SDV_20240526T053546_20240526T053611_054038_0691E7_E856_COG
S1A_IW_GRDH_1SDV_20240526T053611_20240526T053636_054038_0691E7_AA9D_COG,OK,CACHE,0,sentinel-1a,2024-05-26T05:36:11.628914Z,2024-05-26T05:36:36.627222Z,IW,VV|VH,descending,66,54038,,L1,"[6.198476, 43.537804, 9.849385, 45.444584]",11,https://stac.dataspace.copernicus.eu/v1/collections/sentinel-1-grd/items/S1A_IW_GRDH_1SDV_20240526T053611_20240526T053636_054038_0691E7_AA9D_COG
S1A_IW_GRDH_1SDV_20240527T172325_20240527T172350_054060_0692AB_7937_COG,OK,CACHE,0,sentinel-1a,2024-05-27T17:23:25.942436Z,2024-05-27T17:23:50.941061Z,IW,VV|VH,ascending,88,54060,,L1,"[5.809145, 43.922249, 9.455335, 45.824745]",11,https://stac.dataspace.copernicus.eu/v1/collections/sentinel-1-grd/items/S1A_IW_GRDH_1SDV_20240527T172325_20240527T172350_054060_0692AB_7937_COG
S1A_IW_GRDH_1SDV_20240527T172350_20240527T172415_054060_0692AB_B945_COG,OK,CACHE,0,sentinel-1a,2024-05-27T17:23:50.942559Z,2024-05-27T17:24:15.941184Z,IW,VV|VH,ascending,88,54060,,L1,"[5.362179, 45.42112, 9.127211, 47.320988]",11,https://stac.dataspace.copernicus.eu/v1/collections/sentinel-1-grd/items/S1A_IW_GRDH_1SDV_20240527T172350_20240527T172415_054060_0692AB_B945_COG
S1A_IW_GRDH_1SDV_20240602T052733_20240602T052758_054140_06956E_111A_COG,OK,CACHE,0,sentinel-1a,2024-06-02T05:27:33.518229Z,2024-06-02T05:27:58.516236Z,IW,VV|VH,descending,168,54140,,L1,"[8.569845, 44.9776, 12.28249, 46.886909]",11,https://stac.dataspace.copernicus.eu/v1/collections/sentinel-1-grd/items/S1A_IW_GRDH_1SDV_20240602T052733_20240602T052758_054140_06956E_111A_COG
S1A_IW_GRDH_1SDV_20240602T052758_20240602T052823_054140_06956E_2560_COG,OK,CACHE,0,sentinel-1a,2024-06-02T05:27:58.517735Z,2024-06-02T05:28:23.515741Z,IW,VV|VH,descending,168,54140,,L1,"[8.240241, 43.47905, 11.892012, 45.385201]",11,https://stac.dataspace.copernicus.eu/v1/collections/sentinel-1-grd/items/S1A_IW_GRDH_1SDV_20240602T052758_20240602T052823_054140_06956E_2560_COG
S1A_IW_GRDH_1SDV_20240603T171519_20240603T171544_054162_06962D_73C4_COG,OK,CACHE,0,sentinel-1a,2024-06-03T17:15:19.217952Z,2024-06-03T17:15:44.216519Z,IW,VV|VH,ascending,15,54162,,L1,"[7.748216, 44.362171, 11.405736, 46.266781]",11,https://stac.dataspace.copernicus.eu/v1/collections/sentinel-1-grd/items/S1A_IW_GRDH_1SDV_20240603T171519_20240603T171544_054162_06962D_73C4_COG
S1A_IW_GRDH_1SDV_20240607T053545_20240607T053610_054213_0697F4_42DC_COG,OK,CACHE,0,sentinel-1a,2024-06-07T05:35:45.915804Z,2024-06-07T05:36:10.915576Z,IW,VV|VH,descending,66,54213,,L1,"[6.523944, 45.03701, 10.232022, 46.94722]",11,https://stac.dataspace.copernicus.eu/v1/collections/sentinel-1-grd/items/S1A_IW_GRDH_1SDV_20240607T053545_20240607T053610_054213_0697F4_42DC_COG
S1A_IW_GRDH_1SDV_20240607T053610_20240607T053635_054213_0697F4_5E0C_COG,OK,CACHE,0,sentinel-1a,2024-06-07T05:36:10.917076Z,2024-06-07T05:36:35.915348Z,IW,VV|VH,descending,66,54213,,L1,"[6.198946, 43.537807, 9.849694, 45.444519]",11,https://stac.dataspace.copernicus.eu/v1/collections/sentinel-1-grd/items/S1A_IW_GRDH_1SDV_20240607T053610_20240607T053635_054213_0697F4_5E0C_COG
S1A_IW_GRDH_1SDV_20240608T172325_20240608T172350_054235_0698B9_F9A0_COG,OK,CACHE,0,sentinel-1a,2024-06-08T17:23:25.269268Z,2024-06-08T17:23:50.267900Z,IW,VV|VH,ascending,88,54235,,L1,"[5.811393, 43.922318, 9.45767, 45.824772]",11,https://stac.dataspace.copernicus.eu/v1/collections/sentinel-1-grd/items/S1A_IW_GRDH_1SDV_20240608T172325_20240608T172350_054235_0698B9_F9A0_COG
S1A_IW_GRDH_1SDV_20240608T172350_20240608T172415_054235_0698B9_3C63_COG,OK,CACHE,0,sentinel-1a,2024-06-08T17:23:50.269372Z,2024-06-08T17:24:15.268001Z,IW,VV|VH,ascending,88,54235,,L1,"[5.364483, 45.421192, 9.129604, 47.321018]",11,https://stac.dataspace.copernicus.eu/v1/collections/sentinel-1-grd/items/S1A_IW_GRDH_1SDV_20240608T172350_20240608T172415_054235_0698B9_3C63_COG
S1A_IW_GRDH_1SDV_20240614T052733_20240614T052758_054315_069B7A_0DB6_COG,OK,CACHE,0,sentinel-1a,2024-06-14T05:27:33.041065Z,2024-06-14T05:27:58.039047Z,IW,VV|VH,descending,168,54315,,L1,"[8.57007, 44.977573, 12.282688, 46.886883]",11,https://stac.dataspace.copernicus.eu/v1/collections/sentinel-1-grd/items/S1A_IW_GRDH_1SDV_20240614T052733_20240614T052758_054315_069B7A_0DB6_COG
S1A_IW_GRDH_1SDV_20240614T052758_20240614T052823_054315_069B7A_9DEE_COG,OK,CACHE,0,sentinel-1a,2024-06-14T05:27:58.040546Z,2024-06-14T05:28:23.040028Z,IW,VV|VH,descending,168,54315,,L1,"[8.24045, 43.478931, 11.892236, 45.38517]",11,https://stac.dataspace.copernicus.eu/v1/collections/sentinel-1-grd/items/S1A_IW_GRDH_1SDV_20240614T052758_20240614T052823_054315_069B7A_9DEE_COG
S1A_IW_GRDH_1SDV_20240615T171518_20240615T171543_054337_069C3A_850C_COG,OK,CACHE,0,sentinel-1a,2024-06-15T17:15:18.809901Z,2024-06-15T17:15:43.808459Z,IW,VV|VH,ascending,15,54337,,L1,"[7.747566, 44.362175, 11.405132, 46.266804]",11,https://stac.dataspace.copernicus.eu/v1/collections/sentinel-1-grd/items/S1A_IW_GRDH_1SDV_20240615T171518_20240615T171543_054337_069C3A_850C_COG
S1A_IW_GRDH_1SDV_20240619T053545_20240619T053610_054388_069E03_2262_COG,OK,CACHE,0,sentinel-1a,2024-06-19T05:35:45.479735Z,2024-06-19T05:36:10.478024Z,IW,VV|VH,descending,66,54388,,L1,"[6.52362, 45.036976, 10.231684, 46.947102]",11,https://stac.dataspace.copernicus.eu/v1/collections/sentinel-1-grd/items/S1A_IW_GRDH_1SDV_20240619T053545_20240619T053610_054388_069E03_2262_COG
S1A_IW_GRDH_1SDV_20240619T053610_20240619T053635_054388_069E03_C9D3_COG,OK,CACHE,0,sentinel-1a,2024-06-19T05:36:10.479579Z,2024-06-19T05:36:35.477870Z,IW,VV|VH,descending,66,54388,,L1,"[6.198618, 43.537769, 9.849364, 45.444492]",11,https://stac.dataspace.copernicus.eu/v1/collections/sentinel-1-grd/items/S1A_IW_GRDH_1SDV_20240619T053610_20240619T053635_054388_069E03_C9D3_COG
S1A_IW_GRDH_1SDV_20240620T172324_20240620T172349_054410_069EC7_A712_COG,OK,CACHE,0,sentinel-1a,2024-06-20T17:23:24.848003Z,2024-06-20T17:23:49.846603Z,IW,VV|VH,ascending,88,54410,,L1,"[5.811152, 43.922344, 9.457286, 45.824757]",11,https://stac.dataspace.copernicus.eu/v1/collections/sentinel-1-grd/items/S1A_IW_GRDH_1SDV_20240620T172324_20240620T172349_054410_069EC7_A712_COG
S1A_IW_GRDH_1SDV_20240620T172349_20240620T172414_054410_069EC7_98F1_COG,OK,CACHE,0,sentinel-1a,2024-06-20T17:23:49.848101Z,2024-06-20T17:24:14.846700Z,IW,VV|VH,ascending,88,54410,,L1,"[5.364268, 45.421219, 9.129242, 47.321007]",11,https://stac.dataspace.copernicus.eu/v1/collections/sentinel-1-grd/items/S1A_IW_GRDH_1SDV_20240620T172349_20240620T172414_054410_069EC7_98F1_COG
S1A_IW_GRDH_1SDV_20240626T052732_20240626T052757_054490_06A192_C956_COG,OK,CACHE,0,sentinel-1a,2024-06-26T05:27:32.306129Z,2024-06-26T05:27:57.303356Z,IW,VV|VH,descending,168,54490,,L1,"[8.572894, 44.978699, 12.274918, 46.886581]",11,https://stac.dataspace.copernicus.eu/v1/collections/sentinel-1-grd/items/S1A_IW_GRDH_1SDV_20240626T052732_20240626T052757_054490_06A192_C956_COG
S1A_IW_GRDH_1SDV_20240626T052757_20240626T052822_054490_06A192_D06F_COG,OK,CACHE,0,sentinel-1a,2024-06-26T05:27:57.306302Z,2024-06-26T05:28:22.303526Z,IW,VV|VH,descending,168,54490,,L1,"[8.243394, 43.480095, 11.884681, 45.384811]",11,https://stac.dataspace.copernicus.eu/v1/collections/sentinel-1-grd/items/S1A_IW_GRDH_1SDV_20240626T052757_20240626T052822_054490_06A192_D06F_COG
S1A_IW_GRDH_1SDV_20240627T171518_20240627T171543_054512_06A24B_E07B_COG,OK,CACHE,0,sentinel-1a,2024-06-27T17:15:18.052570Z,2024-06-27T17:15:43.050653Z,IW,VV|VH,ascending,15,54512,,L1,"[7.748472, 44.362167, 11.370971, 46.26297]",11,https://stac.dataspace.copernicus.eu/v1/collections/sentinel-1-grd/items/S1A_IW_GRDH_1SDV_20240627T171518_20240627T171543_054512_06A24B_E07B_COG
S1A_IW_GRDH_1SDV_20240701T053544_20240701T053609_054563_06A41B_46DC_COG,OK,CACHE,0,sentinel-1a,2024-07-01T05:35:44.816205Z,2024-07-01T05:36:09.814731Z,IW,VV|VH,descending,66,54563,,L1,"[6.524738, 45.036942, 10.232886, 46.947109]",11,https://stac.dataspace.copernicus.eu/v1/collections/sentinel-1-grd/items/S1A_IW_GRDH_1SDV_20240701T053544_20240701T053609_054563_06A41B_46DC_COG
S1A_IW_GRDH_1SDV_20240701T053609_20240701T053634_054563_06A41B_ADEC_COG,OK,CACHE,0,sentinel-1a,2024-07-01T05:36:09.816231Z,2024-07-01T05:36:34.814758Z,IW,VV|VH,descending,66,54563,,L1,"[6.199682, 43.537727, 9.850475, 45.444492]",11,https://stac.dataspace.copernicus.eu/v1/collections/sentinel-1-grd/items/S1A_IW_GRDH_1SDV_20240701T053609_20240701T053634_054563_06A41B_ADEC_COG
S1A_IW_GRDH_1SDV_20240702T172323_20240702T172348_054585_06A4DE_1578_COG,OK,CACHE,0,sentinel-1a,2024-07-02T17:23:23.978081Z,2024-07-02T17:23:48.976568Z,IW,VV|VH,ascending,88,54585,,L1,"[5.811545, 43.922188, 9.457573, 45.824615]",11,https://stac.dataspace.copernicus.eu/v1/collections/sentinel-1-grd/items/S1A_IW_GRDH_1SDV_20240702T172323_20240702T172348_054585_06A4DE_1578_COG
S1A_IW_GRDH_1SDV_20240702T172348_20240702T172413_054585_06A4DE_08C8_COG,OK,CACHE,0,sentinel-1a,2024-07-02T17:23:48.978067Z,2024-07-02T17:24:13.976554Z,IW,VV|VH,ascending,88,54585,,L1,"[5.364621, 45.42104, 9.129486, 47.320843]",11,https://stac.dataspace.copernicus.eu/v1/collections/sentinel-1-grd/items/S1A_IW_GRDH_1SDV_20240702T172348_20240702T172413_054585_06A4DE_08C8_COG
S1A_IW_GRDH_1SDV_20240708T052732_20240708T052757_054665_06A7A7_C3C5_COG,OK,CACHE,0,sentinel-1a,2024-07-08T05:27:32.029857Z,2024-07-08T05:27:57.028932Z,IW,VV|VH,descending,168,54665,,L1,"[8.571231, 44.978645, 12.27331, 46.886604]",11,https://stac.dataspace.copernicus.eu/v1/collections/sentinel-1-grd/items/S1A_IW_GRDH_1SDV_20240708T052732_20240708T052757_054665_06A7A7_C3C5_COG
S1A_IW_GRDH_1SDV_20240708T052757_20240708T052822_054665_06A7A7_50CB_COG,OK,CACHE,0,sentinel-1a,2024-07-08T05:27:57.030404Z,2024-07-08T05:28:22.027978Z,IW,VV|VH,descending,168,54665,,L1,"[8.241629, 43.480099, 11.883046, 45.384823]",11,https://stac.dataspace.copernicus.eu/v1/collections/sentinel-1-grd/items/S1A_IW_GRDH_1SDV_20240708T052757_20240708T052822_054665_06A7A7_50CB_COG
S1A_IW_GRDH_1SDV_20240709T171517_20240709T171542_054687_06A864_73E0_COG,OK,CACHE,0,sentinel-1a,2024-07-09T17:15:17.655866Z,2024-07-09T17:15:42.654617Z,IW,VV|VH,ascending,15,54687,,L1,"[7.748229, 44.362007, 11.405869, 46.266655]",11,https://stac.dataspace.copernicus.eu/v1/collections/sentinel-1-grd/items/S1A_IW_GRDH_1SDV_20240709T171517_20240709T171542_054687_06A864_73E0_COG
S1A_IW_GRDH_1SDV_20240713T053544_20240713T053609_054738_06AA2C_9D54_COG,OK,CACHE,0,sentinel-1a,2024-07-13T05:35:44.459390Z,2024-07-13T05:36:09.457617Z,IW,VV|VH,descending,66,54738,,L1,"[6.524879, 45.036896, 10.232996, 46.947083]",11,https://stac.dataspace.copernicus.eu/v1/collections/sentinel-1-grd/items/S1A_IW_GRDH_1SDV_20240713T053544_20240713T053609_054738_06AA2C_9D54_COG
S1A_IW_GRDH_1SDV_20240713T053609_20240713T053634_054738_06AA2C_DC30_COG,OK,CACHE,0,sentinel-1a,2024-07-13T05:36:09.459117Z,2024-07-13T05:36:34.457344Z,IW,VV|VH,descending,66,54738,,L1,"[6.199679, 43.537701, 9.850607, 45.444492]",11,https://stac.dataspace.copernicus.eu/v1/collections/sentinel-1-grd/items/S1A_IW_GRDH_1SDV_20240713T053609_20240713T053634_054738_06AA2C_DC30_COG
S1A_IW_GRDH_1SDV_20240714T172323_20240714T172348_054760_06AAEB_6165_COG,OK,CACHE,0,sentinel-1a,2024-07-14T17:23:23.854039Z,2024-07-14T17:23:48.851363Z,IW,VV|VH,ascending,88,54760,,L1,"[5.808927, 43.922035, 9.455336, 45.824493]",11,https://stac.dataspace.copernicus.eu/v1/collections/sentinel-1-grd/items/S1A_IW_GRDH_1SDV_20240714T172323_20240714T172348_054760_06AAEB_6165_COG
S1A_IW_GRDH_1SDV_20240714T172348_20240714T172413_054760_06AAEB_4FFD_COG,OK,CACHE,0,sentinel-1a,2024-07-14T17:23:48.852862Z,2024-07-14T17:24:13.851685Z,IW,VV|VH,ascending,88,54760,,L1,"[5.361944, 45.420815, 9.12735, 47.320751]",11,https://stac.dataspace.copernicus.eu/v1/collections/sentinel-1-grd/items/S1A_IW_GRDH_1SDV_20240714T172348_20240714T172413_054760_06AAEB_4FFD_COG
S1A_IW_GRDH_1SDV_20240720T052731_20240720T052756_054840_06ADB3_B4CD_COG,OK,CACHE,0,sentinel-1a,2024-07-20T05:27:31.291842Z,2024-07-20T05:27:56.291064Z,IW,VV|VH,descending,168,54840,,L1,"[8.572933, 44.978619, 12.275028, 46.886612]",11,https://stac.dataspace.copernicus.eu/v1/collections/sentinel-1-grd/items/S1A_IW_GRDH_1SDV_20240720T052731_20240720T052756_054840_06ADB3_B4CD_COG
S1A_IW_GRDH_1SDV_20240720T052756_20240720T052821_054840_06ADB3_FBA2_COG,OK,CACHE,0,sentinel-1a,2024-07-20T05:27:56.292535Z,2024-07-20T05:28:21.290256Z,IW,VV|VH,descending,168,54840,,L1,"[8.243315, 43.480068, 11.884741, 45.384827]",11,https://stac.dataspace.copernicus.eu/v1/collections/sentinel-1-grd/items/S1A_IW_GRDH_1SDV_20240720T052756_20240720T052821_054840_06ADB3_FBA2_COG
S1A_IW_GRDH_1SDV_20240721T171517_20240721T171542_054862_06AE72_9406_COG,OK,CACHE,0,sentinel-1a,2024-07-21T17:15:17.234090Z,2024-07-21T17:15:42.232534Z,IW,VV|VH,ascending,15,54862,,L1,"[7.748397, 44.362087, 11.405798, 46.266685]",11,https://stac.dataspace.copernicus.eu/v1/collections/sentinel-1-grd/items/S1A_IW_GRDH_1SDV_20240721T171517_20240721T171542_054862_06AE72_9406_COG
S1A_IW_GRDH_1SDV_20240725T053543_20240725T053608_054913_06B046_D4FA_COG,OK,CACHE,0,sentinel-1a,2024-07-25T05:35:43.989889Z,2024-07-25T05:36:08.988051Z,IW,VV|VH,descending,66,54913,,L1,"[6.525651, 45.036774, 10.233629, 46.946945]",11,https://stac.dataspace.copernicus.eu/v1/collections/sentinel-1-grd/items/S1A_IW_GRDH_1SDV_20240725T053543_20240725T053608_054913_06B046_D4FA_COG
S1A_IW_GRDH_1SDV_20240725T053608_20240725T053633_054913_06B046_4D37_COG,OK,CACHE,0,sentinel-1a,2024-07-25T05:36:08.989551Z,2024-07-25T05:36:33.987713Z,IW,VV|VH,descending,66,54913,,L1,"[6.200449, 43.537575, 9.851246, 45.444355]",11,https://stac.dataspace.copernicus.eu/v1/collections/sentinel-1-grd/items/S1A_IW_GRDH_1SDV_20240725T053608_20240725T053633_054913_06B046_4D37_COG
S1A_IW_GRDH_1SDV_20240726T172323_20240726T172348_054935_06B102_66F4_COG,OK,CACHE,0,sentinel-1a,2024-07-26T17:23:23.079571Z,2024-07-26T17:23:48.078356Z,IW,VV|VH,ascending,88,54935,,L1,"[5.810741, 43.922066, 9.457069, 45.824627]",11,https://stac.dataspace.copernicus.eu/v1/collections/sentinel-1-grd/items/S1A_IW_GRDH_1SDV_20240726T172323_20240726T172348_054935_06B102_66F4_COG
S1A_IW_GRDH_1SDV_20240726T172348_20240726T172413_054935_06B102_0FFA_COG,OK,CACHE,0,sentinel-1a,2024-07-26T17:23:48.079828Z,2024-07-26T17:24:13.077112Z,IW,VV|VH,ascending,88,54935,,L1,"[5.363761, 45.420929, 9.128911, 47.320774]",11,https://stac.dataspace.copernicus.eu/v1/collections/sentinel-1-grd/items/S1A_IW_GRDH_1SDV_20240726T172348_20240726T172413_054935_06B102_0FFA_COG
S1A_IW_GRDH_1SDV_20240801T052731_20240801T052756_055015_06B3CE_13D1_COG,OK,CACHE,0,sentinel-1a,2024-08-01T05:27:31.470336Z,2024-08-01T05:27:56.468764Z,IW,VV|VH,descending,168,55015,,L1,"[8.573979, 44.979191, 12.270548, 46.886482]",11,https://stac.dataspace.copernicus.eu/v1/collections/sentinel-1-grd/items/S1A_IW_GRDH_1SDV_20240801T052731_20240801T052756_055015_06B3CE_13D1_COG
S1A_IW_GRDH_1SDV_20240801T052756_20240801T052821_055015_06B3CE_4C55_COG,OK,CACHE,0,sentinel-1a,2024-08-01T05:27:56.470236Z,2024-08-01T05:28:21.470163Z,IW,VV|VH,descending,168,55015,,L1,"[8.244237, 43.480515, 11.880277, 45.384754]",11,https://stac.dataspace.copernicus.eu/v1/collections/sentinel-1-grd/items/S1A_IW_GRDH_1SDV_20240801T052756_20240801T052821_055015_06B3CE_4C55_COG
S1A_IW_GRDH_1SDV_20240802T171517_20240802T171542_055037_06B48C_76CA_COG,OK,CACHE,0,sentinel-1a,2024-08-02T17:15:17.304580Z,2024-08-02T17:15:42.303040Z,IW,VV|VH,ascending,15,55037,,L1,"[7.745681, 44.362019, 11.403718, 46.266605]",11,https://stac.dataspace.copernicus.eu/v1/collections/sentinel-1-grd/items/S1A_IW_GRDH_1SDV_20240802T171517_20240802T171542_055037_06B48C_76CA_COG
S1A_IW_GRDH_1SDV_20240806T053544_20240806T053609_055088_06B64D_E50A_COG,OK,CACHE,0,sentinel-1a,2024-08-06T05:35:44.126386Z,2024-08-06T05:36:09.124601Z,IW,VV|VH,descending,66,55088,,L1,"[6.524848, 45.036808, 10.232955, 46.94701]",11,https://stac.dataspace.copernicus.eu/v1/collections/sentinel-1-grd/items/S1A_IW_GRDH_1SDV_20240806T053544_20240806T053609_055088_06B64D_E50A_COG
S1A_IW_GRDH_1SDV_20240806T053609_20240806T053634_055088_06B64D_A0E4_COG,OK,CACHE,0,sentinel-1a,2024-08-06T05:36:09.126101Z,2024-08-06T05:36:34.125815Z,IW,VV|VH,descending,66,55088,,L1,"[6.199739, 43.537525, 9.850567, 45.444405]",11,https://stac.dataspace.copernicus.eu/v1/collections/sentinel-1-grd/items/S1A_IW_GRDH_1SDV_20240806T053609_20240806T053634_055088_06B64D_A0E4_COG
S1A_IW_GRDH_1SDV_20240807T172323_20240807T172348_055110_06B719_29AB_COG,OK,CACHE,0,sentinel-1a,2024-08-07T17:23:23.421576Z,2024-08-07T17:23:48.418906Z,IW,VV|VH,ascending,88,55110,,L1,"[5.808791, 43.922077, 9.45523, 45.824566]",11,https://stac.dataspace.copernicus.eu/v1/collections/sentinel-1-grd/items/S1A_IW_GRDH_1SDV_20240807T172323_20240807T172348_055110_06B719_29AB_COG
S1A_IW_GRDH_1SDV_20240807T172323_20240807T172348_055110_06B719_4222_COG,OK,CACHE,0,sentinel-1a,2024-08-07T17:23:23.421576Z,2024-08-07T17:23:48.418906Z,IW,VV|VH,ascending,88,55110,,L1,"[5.808791, 43.922077, 9.45523, 45.824566]",11,https://stac.dataspace.copernicus.eu/v1/collections/sentinel-1-grd/items/S1A_IW_GRDH_1SDV_20240807T172323_20240807T172348_055110_06B719_4222_COG
S1A_IW_GRDH_1SDV_20240807T172348_20240807T172413_055110_06B719_64DB_COG,OK,CACHE,0,sentinel-1a,2024-08-07T17:23:48.420404Z,2024-08-07T17:24:13.419233Z,IW,VV|VH,ascending,88,55110,,L1,"[5.361771, 45.420849, 9.127081, 47.320805]",11,https://stac.dataspace.copernicus.eu/v1/collections/sentinel-1-grd/items/S1A_IW_GRDH_1SDV_20240807T172348_20240807T172413_055110_06B719_64DB_COG
S1A_IW_GRDH_1SDV_20240807T172348_20240807T172413_055110_06B719_E47A_COG,OK,CACHE,0,sentinel-1a,2024-08-07T17:23:48.420404Z,2024-08-07T17:24:13.419233Z,IW,VV|VH,ascending,88,55110,,L1,"[5.361771, 45.420849, 9.127081, 47.320805]",11,https://stac.dataspace.copernicus.eu/v1/collections/sentinel-1-grd/items/S1A_IW_GRDH_1SDV_20240807T172348_20240807T172413_055110_06B719_E47A_COG
S1A_IW_GRDH_1SDV_20240813T052731_20240813T052756_055190_06BA07_12F1_COG,OK,CACHE,0,sentinel-1a,2024-08-13T05:27:31.098435Z,2024-08-13T05:27:56.096966Z,IW,VV|VH,descending,168,55190,,L1,"[8.574745, 44.978291, 12.276697, 46.886349]",11,https://stac.dataspace.copernicus.eu/v1/collections/sentinel-1-grd/items/S1A_IW_GRDH_1SDV_20240813T052731_20240813T052756_055190_06BA07_12F1_COG
S1A_IW_GRDH_1SDV_20240813T052731_20240813T052756_055190_06BA07_290C_COG,OK,CACHE,0,sentinel-1a,2024-08-13T05:27:31.098435Z,2024-08-13T05:27:56.096966Z,IW,VV|VH,descending,168,55190,,L1,"[8.574745, 44.978291, 12.276697, 46.886349]",11,https://stac.dataspace.copernicus.eu/v1/collections/sentinel-1-grd/items/S1A_IW_GRDH_1SDV_20240813T052731_20240813T052756_055190_06BA07_290C_COG
S1A_IW_GRDH_1SDV_20240813T052756_20240813T052821_055190_06BA07_85C0_COG,OK,CACHE,0,sentinel-1a,2024-08-13T05:27:56.098467Z,2024-08-13T05:28:21.096998Z,IW,VV|VH,descending,168,55190,,L1,"[8.24498, 43.479694, 11.886252, 45.384602]",11,https://stac.dataspace.copernicus.eu/v1/collections/sentinel-1-grd/items/S1A_IW_GRDH_1SDV_20240813T052756_20240813T052821_055190_06BA07_85C0_COG
S1A_IW_GRDH_1SDV_20240813T052756_20240813T052821_055190_06BA07_D03D_COG,OK,CACHE,0,sentinel-1a,2024-08-13T05:27:56.098467Z,2024-08-13T05:28:21.096998Z,IW,VV|VH,descending,168,55190,,L1,"[8.24498, 43.479694, 11.886252, 45.384602]",11,https://stac.dataspace.copernicus.eu/v1/collections/sentinel-1-grd/items/S1A_IW_GRDH_1SDV_20240813T052756_20240813T052821_055190_06BA07_D03D_COG
S1A_IW_GRDH_1SDV_20240814T171516_20240814T171541_055212_06BAD3_8701_COG,OK,CACHE,0,sentinel-1a,2024-08-14T17:15:16.816098Z,2024-08-14T17:15:41.814870Z,IW,VV|VH,ascending,15,55212,,L1,"[7.745388, 44.361851, 11.403856, 46.26659]",11,https://stac.dataspace.copernicus.eu/v1/collections/sentinel-1-grd/items/S1A_IW_GRDH_1SDV_20240814T171516_20240814T171541_055212_06BAD3_8701_COG
S1A_IW_GRDH_1SDV_20240814T171516_20240814T171541_055212_06BAD3_AAA7_COG,OK,CACHE,0,sentinel-1a,2024-08-14T17:15:16.816098Z,2024-08-14T17:15:41.814870Z,IW,VV|VH,ascending,15,55212,,L1,"[7.745388, 44.361851, 11.403856, 46.26659]",11,https://stac.dataspace.copernicus.eu/v1/collections/sentinel-1-grd/items/S1A_IW_GRDH_1SDV_20240814T171516_20240814T171541_055212_06BAD3_AAA7_COG
S1A_IW_GRDH_1SDV_20240818T053544_20240818T053609_055263_06BCAB_82E4_COG,OK,CACHE,0,sentinel-1a,2024-08-18T05:35:44.299394Z,2024-08-18T05:36:09.299083Z,IW,VV|VH,descending,66,55263,,L1,"[6.524986, 45.036644, 10.233142, 46.94698]",11,https://stac.dataspace.copernicus.eu/v1/collections/sentinel-1-grd/items/S1A_IW_GRDH_1SDV_20240818T053544_20240818T053609_055263_06BCAB_82E4_COG
S1A_IW_GRDH_1SDV_20240818T053544_20240818T053609_055263_06BCAB_83A9_COG,OK,CACHE,0,sentinel-1a,2024-08-18T05:35:44.299394Z,2024-08-18T05:36:09.299083Z,IW,VV|VH,descending,66,55263,,L1,"[6.524986, 45.036644, 10.233142, 46.94698]",11,https://stac.dataspace.copernicus.eu/v1/collections/sentinel-1-grd/items/S1A_IW_GRDH_1SDV_20240818T053544_20240818T053609_055263_06BCAB_83A9_COG
S1A_IW_GRDH_1SDV_20240818T053609_20240818T053634_055263_06BCAB_197F_COG,OK,CACHE,0,sentinel-1a,2024-08-18T05:36:09.300527Z,2024-08-18T05:36:34.298713Z,IW,VV|VH,descending,66,55263,,L1,"[6.199856, 43.537457, 9.850686, 45.44429]",11,https://stac.dataspace.copernicus.eu/v1/collections/sentinel-1-grd/items/S1A_IW_GRDH_1SDV_20240818T053609_20240818T053634_055263_06BCAB_197F_COG
S1A_IW_GRDH_1SDV_20240818T053609_20240818T053634_055263_06BCAB_C24A_COG,OK,CACHE,0,sentinel-1a,2024-08-18T05:36:09.300527Z,2024-08-18T05:36:34.298713Z,IW,VV|VH,descending,66,55263,,L1,"[6.199856, 43.537457, 9.850686, 45.44429]",11,https://stac.dataspace.copernicus.eu/v1/collections/sentinel-1-grd/items/S1A_IW_GRDH_1SDV_20240818T053609_20240818T053634_055263_06BCAB_C24A_COG
S1A_IW_GRDH_1SDV_20240819T172323_20240819T172348_055285_06BD78_51DC_COG,OK,CACHE,0,sentinel-1a,2024-08-19T17:23:23.726601Z,2024-08-19T17:23:48.723935Z,IW,VV|VH,ascending,88,55285,,L1,"[5.807589, 43.922009, 9.453938, 45.824497]",11,https://stac.dataspace.copernicus.eu/v1/collections/sentinel-1-grd/items/S1A_IW_GRDH_1SDV_20240819T172323_20240819T172348_055285_06BD78_51DC_COG
S1A_IW_GRDH_1SDV_20240819T172323_20240819T172348_055285_06BD78_5E13_COG,OK,CACHE,0,sentinel-1a,2024-08-19T17:23:23.726601Z,2024-08-19T17:23:48.723935Z,IW,VV|VH,ascending,88,55285,,L1,"[5.807589, 43.922009, 9.453938, 45.824497]",11,https://stac.dataspace.copernicus.eu/v1/collections/sentinel-1-grd/items/S1A_IW_GRDH_1SDV_20240819T172323_20240819T172348_055285_06BD78_5E13_COG
S1A_IW_GRDH_1SDV_20240819T172348_20240819T172413_055285_06BD78_BDD3_COG,OK,CACHE,0,sentinel-1a,2024-08-19T17:23:48.725433Z,2024-08-19T17:24:13.724266Z,IW,VV|VH,ascending,88,55285,,L1,"[5.360485, 45.420776, 9.125871, 47.320744]",11,https://stac.dataspace.copernicus.eu/v1/collections/sentinel-1-grd/items/S1A_IW_GRDH_1SDV_20240819T172348_20240819T172413_055285_06BD78_BDD3_COG
S1A_IW_GRDH_1SDV_20240819T172348_20240819T172413_055285_06BD78_C88B_COG,OK,CACHE,0,sentinel-1a,2024-08-19T17:23:48.725433Z,2024-08-19T17:24:13.724266Z,IW,VV|VH,ascending,88,55285,,L1,"[5.360485, 45.420776, 9.125871, 47.320744]",11,https://stac.dataspace.copernicus.eu/v1/collections/sentinel-1-grd/items/S1A_IW_GRDH_1SDV_20240819T172348_20240819T172413_055285_06BD78_C88B_COG
S1A_IW_GRDH_1SDV_20240825T052731_20240825T052756_055365_06C085_A750_COG,OK,CACHE,0,sentinel-1a,2024-08-25T05:27:31.619560Z,2024-08-25T05:27:56.617913Z,IW,VV|VH,descending,168,55365,,L1,"[8.575896, 44.979004, 12.272635, 46.886398]",11,https://stac.dataspace.copernicus.eu/v1/collections/sentinel-1-grd/items/S1A_IW_GRDH_1SDV_20240825T052731_20240825T052756_055365_06C085_A750_COG
S1A_IW_GRDH_1SDV_20240825T052756_20240825T052821_055365_06C085_5670_COG,OK,CACHE,0,sentinel-1a,2024-08-25T05:27:56.619385Z,2024-08-25T05:28:21.619237Z,IW,VV|VH,descending,168,55365,,L1,"[8.246037, 43.480339, 11.882157, 45.384686]",11,https://stac.dataspace.copernicus.eu/v1/collections/sentinel-1-grd/items/S1A_IW_GRDH_1SDV_20240825T052756_20240825T052821_055365_06C085_5670_COG
S1A_IW_GRDH_1SDV_20240826T171517_20240826T171542_055387_06C154_0DEF_COG,OK,CACHE,0,sentinel-1a,2024-08-26T17:15:17.488203Z,2024-08-26T17:15:42.487135Z,IW,VV|VH,ascending,15,55387,,L1,"[7.742362, 44.361736, 11.418712, 46.268475]",11,https://stac.dataspace.copernicus.eu/v1/collections/sentinel-1-grd/items/S1A_IW_GRDH_1SDV_20240826T171517_20240826T171542_055387_06C154_0DEF_COG
S1A_IW_GRDH_1SDV_20240830T053544_20240830T053609_055438_06C324_A0C9_COG,OK,CACHE,0,sentinel-1a,2024-08-30T05:35:44.366733Z,2024-08-30T05:36:09.364894Z,IW,VV|VH,descending,66,55438,,L1,"[6.527098, 45.036537, 10.235141, 46.946846]",11,https://stac.dataspace.copernicus.eu/v1/collections/sentinel-1-grd/items/S1A_IW_GRDH_1SDV_20240830T053544_20240830T053609_055438_06C324_A0C9_COG
S1A_IW_GRDH_1SDV_20240830T053609_20240830T053634_055438_06C324_F125_COG,OK,CACHE,0,sentinel-1a,2024-08-30T05:36:09.366338Z,2024-08-30T05:36:34.364496Z,IW,VV|VH,descending,66,55438,,L1,"[6.201895, 43.537357, 9.85265, 45.444248]",11,https://stac.dataspace.copernicus.eu/v1/collections/sentinel-1-grd/items/S1A_IW_GRDH_1SDV_20240830T053609_20240830T053634_055438_06C324_F125_COG
S1A_IW_GRDH_1SDV_20240831T172323_20240831T172348_055460_06C3E8_706A_COG,OK,CACHE,0,sentinel-1a,2024-08-31T17:23:23.734083Z,2024-08-31T17:23:48.733094Z,IW,VV|VH,ascending,88,55460,,L1,"[5.806809, 43.921726, 9.453605, 45.824429]",11,https://stac.dataspace.copernicus.eu/v1/collections/sentinel-1-grd/items/S1A_IW_GRDH_1SDV_20240831T172323_20240831T172348_055460_06C3E8_706A_COG
S1A_IW_GRDH_1SDV_20240831T172348_20240831T172413_055460_06C3E8_24D6_COG,OK,CACHE,0,sentinel-1a,2024-08-31T17:23:48.734593Z,2024-08-31T17:24:13.733604Z,IW,VV|VH,ascending,88,55460,,L1,"[5.359444, 45.420574, 9.125314, 47.320633]",11,https://stac.dataspace.copernicus.eu/v1/collections/sentinel-1-grd/items/S1A_IW_GRDH_1SDV_20240831T172348_20240831T172413_055460_06C3E8_24D6_COG
S1A_IW_GRDH_1SDV_20240906T052731_20240906T052756_055540_06C715_D823_COG,OK,CACHE,0,sentinel-1a,2024-09-06T05:27:31.819199Z,2024-09-06T05:27:56.817100Z,IW,VV|VH,descending,168,55540,,L1,"[8.572934, 44.977325, 12.285901, 46.886753]",11,https://stac.dataspace.copernicus.eu/v1/collections/sentinel-1-grd/items/S1A_IW_GRDH_1SDV_20240906T052731_20240906T052756_055540_06C715_D823_COG
S1A_IW_GRDH_1SDV_20240906T052756_20240906T052821_055540_06C715_CC8E_COG,OK,CACHE,0,sentinel-1a,2024-09-06T05:27:56.818598Z,2024-09-06T05:28:21.817999Z,IW,VV|VH,descending,168,55540,,L1,"[8.24315, 43.478699, 11.895053, 45.385075]",11,https://stac.dataspace.copernicus.eu/v1/collections/sentinel-1-grd/items/S1A_IW_GRDH_1SDV_20240906T052756_20240906T052821_055540_06C715_CC8E_COG
S1A_IW_GRDH_1SDV_20240907T171517_20240907T171542_055562_06C7F5_C516_COG,OK,CACHE,0,sentinel-1a,2024-09-07T17:15:17.690906Z,2024-09-07T17:15:42.689820Z,IW,VV|VH,ascending,15,55562,,L1,"[7.743238, 44.361794, 11.419723, 46.268539]",11,https://stac.dataspace.copernicus.eu/v1/collections/sentinel-1-grd/items/S1A_IW_GRDH_1SDV_20240907T171517_20240907T171542_055562_06C7F5_C516_COG
S1A_IW_GRDH_1SDV_20240911T053544_20240911T053609_055613_06C9F9_31C2_COG,OK,CACHE,0,sentinel-1a,2024-09-11T05:35:44.495342Z,2024-09-11T05:36:09.493723Z,IW,VV|VH,descending,66,55613,,L1,"[6.52955, 45.036575, 10.237967, 46.947021]",11,https://stac.dataspace.copernicus.eu/v1/collections/sentinel-1-grd/items/S1A_IW_GRDH_1SDV_20240911T053544_20240911T053609_055613_06C9F9_31C2_COG
S1A_IW_GRDH_1SDV_20240911T053609_20240911T053634_055613_06C9F9_52CA_COG,OK,CACHE,0,sentinel-1a,2024-09-11T05:36:09.495223Z,2024-09-11T05:36:34.493605Z,IW,VV|VH,descending,66,55613,,L1,"[6.204385, 43.537403, 9.855463, 45.444405]",11,https://stac.dataspace.copernicus.eu/v1/collections/sentinel-1-grd/items/S1A_IW_GRDH_1SDV_20240911T053609_20240911T053634_055613_06C9F9_52CA_COG
S1A_IW_GRDH_1SDV_20240912T172349_20240912T172414_055635_06CAD5_7E54_COG,OK,CACHE,0,sentinel-1a,2024-09-12T17:23:49.255713Z,2024-09-12T17:24:14.254524Z,IW,VV|VH,ascending,88,55635,,L1,"[5.357487, 45.420731, 9.123161, 47.32082]",11,https://stac.dataspace.copernicus.eu/v1/collections/sentinel-1-grd/items/S1A_IW_GRDH_1SDV_20240912T172349_20240912T172414_055635_06CAD5_7E54_COG
S1A_IW_GRDH_1SDV_20240918T052732_20240918T052757_055715_06CE01_7706_COG,OK,CACHE,0,sentinel-1a,2024-09-18T05:27:32.438375Z,2024-09-18T05:27:57.436395Z,IW,VV|VH,descending,168,55715,,L1,"[8.57268, 44.977211, 12.285747, 46.886665]",11,https://stac.dataspace.copernicus.eu/v1/collections/sentinel-1-grd/items/S1A_IW_GRDH_1SDV_20240918T052732_20240918T052757_055715_06CE01_7706_COG
S1A_IW_GRDH_1SDV_20240918T052757_20240918T052822_055715_06CE01_B005_COG,OK,CACHE,0,sentinel-1a,2024-09-18T05:27:57.437895Z,2024-09-18T05:28:22.435915Z,IW,VV|VH,descending,168,55715,,L1,"[8.24304, 43.478672, 11.894914, 45.384972]",11,https://stac.dataspace.copernicus.eu/v1/collections/sentinel-1-grd/items/S1A_IW_GRDH_1SDV_20240918T052757_20240918T052822_055715_06CE01_B005_COG
S1A_IW_GRDH_1SDV_20240919T171518_20240919T171543_055737_06CEDD_544B_COG,OK,CACHE,0,sentinel-1a,2024-09-19T17:15:18.168885Z,2024-09-19T17:15:43.167698Z,IW,VV|VH,ascending,15,55737,,L1,"[7.743912, 44.362003, 11.420409, 46.268726]",11,https://stac.dataspace.copernicus.eu/v1/collections/sentinel-1-grd/items/S1A_IW_GRDH_1SDV_20240919T171518_20240919T171543_055737_06CEDD_544B_COG
S1A_IW_GRDH_1SDV_20240923T053545_20240923T053610_055788_06D0E4_13C7_COG,OK,CACHE,0,sentinel-1a,2024-09-23T05:35:45.158019Z,2024-09-23T05:36:10.156574Z,IW,VV|VH,descending,66,55788,,L1,"[6.528534, 45.036491, 10.236779, 46.946915]",11,https://stac.dataspace.copernicus.eu/v1/collections/sentinel-1-grd/items/S1A_IW_GRDH_1SDV_20240923T053545_20240923T053610_055788_06D0E4_13C7_COG
S1A_IW_GRDH_1SDV_20240923T053610_20240923T053635_055788_06D0E4_B0CF_COG,OK,CACHE,0,sentinel-1a,2024-09-23T05:36:10.158073Z,2024-09-23T05:36:35.156628Z,IW,VV|VH,descending,66,55788,,L1,"[6.203227, 43.5373, 9.854191, 45.444302]",11,https://stac.dataspace.copernicus.eu/v1/collections/sentinel-1-grd/items/S1A_IW_GRDH_1SDV_20240923T053610_20240923T053635_055788_06D0E4_B0CF_COG
S1A_IW_GRDH_1SDV_20240924T172324_20240924T172349_055810_06D1C0_19FC_COG,OK,CACHE,0,sentinel-1a,2024-09-24T17:23:24.465132Z,2024-09-24T17:23:49.462446Z,IW,VV|VH,ascending,88,55810,,L1,"[5.805374, 43.921967, 9.451853, 45.824615]",11,https://stac.dataspace.copernicus.eu/v1/collections/sentinel-1-grd/items/S1A_IW_GRDH_1SDV_20240924T172324_20240924T172349_055810_06D1C0_19FC_COG
S1A_IW_GRDH_1SDV_20240924T172349_20240924T172414_055810_06D1C0_33A5_COG,OK,CACHE,0,sentinel-1a,2024-09-24T17:23:49.463945Z,2024-09-24T17:24:14.462758Z,IW,VV|VH,ascending,88,55810,,L1,"[5.357929, 45.420719, 9.123614, 47.320831]",11,https://stac.dataspace.copernicus.eu/v1/collections/sentinel-1-grd/items/S1A_IW_GRDH_1SDV_20240924T172349_20240924T172414_055810_06D1C0_33A5_COG
S1A_IW_GRDH_1SDV_20240930T052732_20240930T052757_055890_06D4F1_9CC4_COG,OK,CACHE,0,sentinel-1a,2024-09-30T05:27:32.620738Z,2024-09-30T05:27:57.618740Z,IW,VV|VH,descending,168,55890,,L1,"[8.574245, 44.977169, 12.287736, 46.8866]",11,https://stac.dataspace.copernicus.eu/v1/collections/sentinel-1-grd/items/S1A_IW_GRDH_1SDV_20240930T052732_20240930T052757_055890_06D4F1_9CC4_COG
S1A_IW_GRDH_1SDV_20240930T052757_20240930T052822_055890_06D4F1_0EA8_COG,OK,CACHE,0,sentinel-1a,2024-09-30T05:27:57.620239Z,2024-09-30T05:28:22.618241Z,IW,VV|VH,descending,168,55890,,L1,"[8.24445, 43.478634, 11.896342, 45.384972]",11,https://stac.dataspace.copernicus.eu/v1/collections/sentinel-1-grd/items/S1A_IW_GRDH_1SDV_20240930T052757_20240930T052822_055890_06D4F1_0EA8_COG
S1A_IW_GRDH_1SDV_20250403T053539_20250403T053604_058588_074066_7614_COG,OK,CACHE,0,sentinel-1a,2025-04-03T05:35:39.107644Z,2025-04-03T05:36:04.105937Z,IW,VV|VH,descending,66,58588,,L1,"[6.526343, 45.036907, 10.234688, 46.947277]",11,https://stac.dataspace.copernicus.eu/v1/collections/sentinel-1-grd/items/S1A_IW_GRDH_1SDV_20250403T053539_20250403T053604_058588_074066_7614_COG
S1A_IW_GRDH_1SDV_20250403T053604_20250403T053629_058588_074066_4EB1_COG,OK,CACHE,0,sentinel-1a,2025-04-03T05:36:04.107437Z,2025-04-03T05:36:29.105730Z,IW,VV|VH,descending,66,58588,,L1,"[6.201104, 43.537727, 9.85216, 45.444675]",11,https://stac.dataspace.copernicus.eu/v1/collections/sentinel-1-grd/items/S1A_IW_GRDH_1SDV_20250403T053604_20250403T053629_058588_074066_4EB1_COG
S1A_IW_GRDH_1SDV_20250404T172318_20250404T172343_058610_07414D_A112_COG,OK,CACHE,0,sentinel-1a,2025-04-04T17:23:18.376399Z,2025-04-04T17:23:43.373858Z,IW,VV|VH,ascending,88,58610,,L1,"[5.805259, 43.92168, 9.451929, 45.82431]",11,https://stac.dataspace.copernicus.eu/v1/collections/sentinel-1-grd/items/S1A_IW_GRDH_1SDV_20250404T172318_20250404T172343_058610_07414D_A112_COG
S1A_IW_GRDH_1SDV_20250404T172343_20250404T172408_058610_07414D_7367_COG,OK,CACHE,0,sentinel-1a,2025-04-04T17:23:43.375356Z,2025-04-04T17:24:08.374313Z,IW,VV|VH,ascending,88,58610,,L1,"[5.357863, 45.420437, 9.123621, 47.320511]",11,https://stac.dataspace.copernicus.eu/v1/collections/sentinel-1-grd/items/S1A_IW_GRDH_1SDV_20250404T172343_20250404T172408_058610_07414D_7367_COG
S1A_IW_GRDH_1SDV_20250410T052726_20250410T052751_058690_074497_7F71_COG,OK,CACHE,0,sentinel-1a,2025-04-10T05:27:26.004640Z,2025-04-10T05:27:51.004012Z,IW,VV|VH,descending,168,58690,,L1,"[8.572057, 44.977509, 12.284693, 46.886986]",11,https://stac.dataspace.copernicus.eu/v1/collections/sentinel-1-grd/items/S1A_IW_GRDH_1SDV_20250410T052726_20250410T052751_058690_074497_7F71_COG
S1A_IW_GRDH_1SDV_20250410T052751_20250410T052816_058690_074497_0AB7_COG,OK,CACHE,0,sentinel-1a,2025-04-10T05:27:51.005512Z,2025-04-10T05:28:16.003385Z,IW,VV|VH,descending,168,58690,,L1,"[8.24234, 43.478966, 11.894071, 45.385193]",11,https://stac.dataspace.copernicus.eu/v1/collections/sentinel-1-grd/items/S1A_IW_GRDH_1SDV_20250410T052751_20250410T052816_058690_074497_0AB7_COG
S1A_IW_GRDH_1SDV_20250411T171511_20250411T171536_058712_07457B_9301_COG,OK,CACHE,0,sentinel-1a,2025-04-11T17:15:11.631241Z,2025-04-11T17:15:36.628579Z,IW,VV|VH,ascending,15,58712,,L1,"[7.746109, 44.361794, 11.422371, 46.268341]",11,https://stac.dataspace.copernicus.eu/v1/collections/sentinel-1-grd/items/S1A_IW_GRDH_1SDV_20250411T171511_20250411T171536_058712_07457B_9301_COG
S1A_IW_GRDH_1SDV_20250415T053538_20250415T053603_058763_074791_A6AC_COG,OK,CACHE,0,sentinel-1a,2025-04-15T05:35:38.672817Z,2025-04-15T05:36:03.670990Z,IW,VV|VH,descending,66,58763,,L1,"[6.52669, 45.036873, 10.234832, 46.947136]",11,https://stac.dataspace.copernicus.eu/v1/collections/sentinel-1-grd/items/S1A_IW_GRDH_1SDV_20250415T053538_20250415T053603_058763_074791_A6AC_COG
S1A_IW_GRDH_1SDV_20250415T053603_20250415T053628_058763_074791_65F2_COG,OK,CACHE,0,sentinel-1a,2025-04-15T05:36:03.672490Z,2025-04-15T05:36:28.670663Z,IW,VV|VH,descending,66,58763,,L1,"[6.201668, 43.537682, 9.852399, 45.444519]",11,https://stac.dataspace.copernicus.eu/v1/collections/sentinel-1-grd/items/S1A_IW_GRDH_1SDV_20250415T053603_20250415T053628_058763_074791_65F2_COG
S1A_IW_GRDH_1SDV_20250416T172318_20250416T172343_058785_074873_39DB_COG,OK,CACHE,0,sentinel-1a,2025-04-16T17:23:18.117734Z,2025-04-16T17:23:43.116599Z,IW,VV|VH,ascending,88,58785,,L1,"[5.808066, 43.921745, 9.454582, 45.824379]",11,https://stac.dataspace.copernicus.eu/v1/collections/sentinel-1-grd/items/S1A_IW_GRDH_1SDV_20250416T172318_20250416T172343_058785_074873_39DB_COG
S1A_IW_GRDH_1SDV_20250416T172343_20250416T172408_058785_074873_465C_COG,OK,CACHE,0,sentinel-1a,2025-04-16T17:23:43.118096Z,2025-04-16T17:24:08.116961Z,IW,VV|VH,ascending,88,58785,,L1,"[5.360918, 45.420601, 9.126455, 47.320621]",11,https://stac.dataspace.copernicus.eu/v1/collections/sentinel-1-grd/items/S1A_IW_GRDH_1SDV_20250416T172343_20250416T172408_058785_074873_465C_COG
S1A_IW_GRDH_1SDV_20250422T052726_20250422T052751_058865_074BC1_6CEE_COG,OK,CACHE,0,sentinel-1a,2025-04-22T05:27:26.226931Z,2025-04-22T05:27:51.224934Z,IW,VV|VH,descending,168,58865,,L1,"[8.57261, 44.977478, 12.285509, 46.88689]",11,https://stac.dataspace.copernicus.eu/v1/collections/sentinel-1-grd/items/S1A_IW_GRDH_1SDV_20250422T052726_20250422T052751_058865_074BC1_6CEE_COG
S1A_IW_GRDH_1SDV_20250422T052751_20250422T052816_058865_074BC1_8213_COG,OK,CACHE,0,sentinel-1a,2025-04-22T05:27:51.226433Z,2025-04-22T05:28:16.224437Z,IW,VV|VH,descending,168,58865,,L1,"[8.24301, 43.478935, 11.894741, 45.385193]",11,https://stac.dataspace.copernicus.eu/v1/collections/sentinel-1-grd/items/S1A_IW_GRDH_1SDV_20250422T052751_20250422T052816_058865_074BC1_8213_COG
S1A_IW_GRDH_1SDV_20250423T171511_20250423T171536_058887_074CA5_01F8_COG,OK,CACHE,0,sentinel-1a,2025-04-23T17:15:11.976814Z,2025-04-23T17:15:36.973999Z,IW,VV|VH,ascending,15,58887,,L1,"[7.745609, 44.361996, 11.421781, 46.26852]",11,https://stac.dataspace.copernicus.eu/v1/collections/sentinel-1-grd/items/S1A_IW_GRDH_1SDV_20250423T171511_20250423T171536_058887_074CA5_01F8_COG
S1A_IW_GRDH_1SDV_20250427T053539_20250427T053604_058938_074EBB_88BA_COG,OK,CACHE,0,sentinel-1a,2025-04-27T05:35:39.423741Z,2025-04-27T05:36:04.421977Z,IW,VV|VH,descending,66,58938,,L1,"[6.5228, 45.036945, 10.230926, 46.947147]",11,https://stac.dataspace.copernicus.eu/v1/collections/sentinel-1-grd/items/S1A_IW_GRDH_1SDV_20250427T053539_20250427T053604_058938_074EBB_88BA_COG
S1A_IW_GRDH_1SDV_20250427T053604_20250427T053629_058938_074EBB_5B07_COG,OK,CACHE,0,sentinel-1a,2025-04-27T05:36:04.423477Z,2025-04-27T05:36:29.421713Z,IW,VV|VH,descending,66,58938,,L1,"[6.197593, 43.53775, 9.848527, 45.444557]",11,https://stac.dataspace.copernicus.eu/v1/collections/sentinel-1-grd/items/S1A_IW_GRDH_1SDV_20250427T053604_20250427T053629_058938_074EBB_5B07_COG
S1A_IW_GRDH_1SDV_20250428T172318_20250428T172343_058960_074FA0_3A4D_COG,OK,CACHE,0,sentinel-1a,2025-04-28T17:23:18.728716Z,2025-04-28T17:23:43.727488Z,IW,VV|VH,ascending,88,58960,,L1,"[5.80749, 43.921993, 9.453835, 45.824524]",11,https://stac.dataspace.copernicus.eu/v1/collections/sentinel-1-grd/items/S1A_IW_GRDH_1SDV_20250428T172318_20250428T172343_058960_074FA0_3A4D_COG
S1A_IW_GRDH_1SDV_20250428T172343_20250428T172408_058960_074FA0_DE79_COG,OK,CACHE,0,sentinel-1a,2025-04-28T17:23:43.728986Z,2025-04-28T17:24:08.727758Z,IW,VV|VH,ascending,88,58960,,L1,"[5.360428, 45.420853, 9.125788, 47.32077]",11,https://stac.dataspace.copernicus.eu/v1/collections/sentinel-1-grd/items/S1A_IW_GRDH_1SDV_20250428T172343_20250428T172408_058960_074FA0_DE79_COG
S1A_IW_GRDH_1SDV_20250504T052726_20250504T052751_059040_0752C4_FCA5_COG,OK,CACHE,0,sentinel-1a,2025-05-04T05:27:26.293262Z,2025-05-04T05:27:51.291172Z,IW,VV|VH,descending,168,59040,,L1,"[8.571445, 44.977547, 12.28401, 46.886913]",11,https://stac.dataspace.copernicus.eu/v1/collections/sentinel-1-grd/items/S1A_IW_GRDH_1SDV_20250504T052726_20250504T052751_059040_0752C4_FCA5_COG
S1A_IW_GRDH_1SDV_20250504T052751_20250504T052816_059040_0752C4_0202_COG,OK,CACHE,0,sentinel-1a,2025-05-04T05:27:51.292616Z,2025-05-04T05:28:16.292023Z,IW,VV|VH,descending,168,59040,,L1,"[8.241743, 43.478916, 11.893468, 45.385208]",11,https://stac.dataspace.copernicus.eu/v1/collections/sentinel-1-grd/items/S1A_IW_GRDH_1SDV_20250504T052751_20250504T052816_059040_0752C4_0202_COG
S1A_IW_GRDH_1SDV_20250505T171512_20250505T171537_059062_07539E_EDD2_COG,OK,CACHE,0,sentinel-1a,2025-05-05T17:15:12.037860Z,2025-05-05T17:15:37.036625Z,IW,VV|VH,ascending,15,59062,,L1,"[7.745687, 44.361897, 11.421858, 46.268494]",11,https://stac.dataspace.copernicus.eu/v1/collections/sentinel-1-grd/items/S1A_IW_GRDH_1SDV_20250505T171512_20250505T171537_059062_07539E_EDD2_COG
S1A_IW_GRDH_1SDV_20250509T053538_20250509T053603_059113_07558F_0943_COG,OK,CACHE,0,sentinel-1a,2025-05-09T05:35:38.873574Z,2025-05-09T05:36:03.871796Z,IW,VV|VH,descending,66,59113,,L1,"[6.524315, 45.036983, 10.232426, 46.947166]",11,https://stac.dataspace.copernicus.eu/v1/collections/sentinel-1-grd/items/S1A_IW_GRDH_1SDV_20250509T053538_20250509T053603_059113_07558F_0943_COG
S1A_IW_GRDH_1SDV_20250509T053603_20250509T053628_059113_07558F_0CCE_COG,OK,CACHE,0,sentinel-1a,2025-05-09T05:36:03.873296Z,2025-05-09T05:36:28.871517Z,IW,VV|VH,descending,66,59113,,L1,"[6.199247, 43.537788, 9.850048, 45.444561]",11,https://stac.dataspace.copernicus.eu/v1/collections/sentinel-1-grd/items/S1A_IW_GRDH_1SDV_20250509T053603_20250509T053628_059113_07558F_0CCE_COG
S1A_IW_GRDH_1SDV_20250510T172318_20250510T172343_059135_07564A_4DE6_COG,OK,CACHE,0,sentinel-1a,2025-05-10T17:23:18.410114Z,2025-05-10T17:23:43.407278Z,IW,VV|VH,ascending,88,59135,,L1,"[5.809112, 43.922153, 9.455253, 45.824539]",11,https://stac.dataspace.copernicus.eu/v1/collections/sentinel-1-grd/items/S1A_IW_GRDH_1SDV_20250510T172318_20250510T172343_059135_07564A_4DE6_COG
S1A_IW_GRDH_1SDV_20250510T172343_20250510T172408_059135_07564A_B200_COG,OK,CACHE,0,sentinel-1a,2025-05-10T17:23:43.408777Z,2025-05-10T17:24:08.407440Z,IW,VV|VH,ascending,88,59135,,L1,"[5.362171, 45.420933, 9.127298, 47.320797]",11,https://stac.dataspace.copernicus.eu/v1/collections/sentinel-1-grd/items/S1A_IW_GRDH_1SDV_20250510T172343_20250510T172408_059135_07564A_B200_COG
S1A_IW_GRDH_1SDV_20250516T052725_20250516T052750_059215_075912_F0FF_COG,OK,CACHE,0,sentinel-1a,2025-05-16T05:27:25.977808Z,2025-05-16T05:27:50.975733Z,IW,VV|VH,descending,168,59215,,L1,"[8.570111, 44.977592, 12.282659, 46.886879]",11,https://stac.dataspace.copernicus.eu/v1/collections/sentinel-1-grd/items/S1A_IW_GRDH_1SDV_20250516T052725_20250516T052750_059215_075912_F0FF_COG
S1A_IW_GRDH_1SDV_20250516T052750_20250516T052815_059215_075912_A408_COG,OK,CACHE,0,sentinel-1a,2025-05-16T05:27:50.977232Z,2025-05-16T05:28:15.976656Z,IW,VV|VH,descending,168,59215,,L1,"[8.240481, 43.478951, 11.892152, 45.385174]",11,https://stac.dataspace.copernicus.eu/v1/collections/sentinel-1-grd/items/S1A_IW_GRDH_1SDV_20250516T052750_20250516T052815_059215_075912_A408_COG
S1A_IW_GRDH_1SDV_20250517T171511_20250517T171536_059237_0759CE_DB5C_COG,OK,CACHE,0,sentinel-1a,2025-05-17T17:15:11.685819Z,2025-05-17T17:15:36.684507Z,IW,VV|VH,ascending,15,59237,,L1,"[7.747691, 44.361984, 11.423233, 46.268589]",11,https://stac.dataspace.copernicus.eu/v1/collections/sentinel-1-grd/items/S1A_IW_GRDH_1SDV_20250517T171511_20250517T171536_059237_0759CE_DB5C_COG
S1A_IW_GRDH_1SDV_20250521T053538_20250521T053603_059288_075B98_8170_COG,OK,CACHE,0,sentinel-1a,2025-05-21T05:35:38.401613Z,2025-05-21T05:36:03.399908Z,IW,VV|VH,descending,66,59288,,L1,"[6.525517, 45.036995, 10.233607, 46.947197]",11,https://stac.dataspace.copernicus.eu/v1/collections/sentinel-1-grd/items/S1A_IW_GRDH_1SDV_20250521T053538_20250521T053603_059288_075B98_8170_COG
S1A_IW_GRDH_1SDV_20250521T053603_20250521T053628_059288_075B98_55AD_COG,OK,CACHE,0,sentinel-1a,2025-05-21T05:36:03.401408Z,2025-05-21T05:36:28.399703Z,IW,VV|VH,descending,66,59288,,L1,"[6.200443, 43.5378, 9.851248, 45.444588]",11,https://stac.dataspace.copernicus.eu/v1/collections/sentinel-1-grd/items/S1A_IW_GRDH_1SDV_20250521T053603_20250521T053628_059288_075B98_55AD_COG
S1A_IW_GRDH_1SDV_20250522T172317_20250522T172342_059310_075C59_C233_COG,OK,CACHE,0,sentinel-1a,2025-05-22T17:23:17.805099Z,2025-05-22T17:23:42.803767Z,IW,VV|VH,ascending,88,59310,,L1,"[5.810023, 43.922081, 9.456192, 45.824566]",11,https://stac.dataspace.copernicus.eu/v1/collections/sentinel-1-grd/items/S1A_IW_GRDH_1SDV_20250522T172317_20250522T172342_059310_075C59_C233_COG
S1A_IW_GRDH_1SDV_20250522T172342_20250522T172407_059310_075C59_DA94_COG,OK,CACHE,0,sentinel-1a,2025-05-22T17:23:42.805265Z,2025-05-22T17:24:07.803934Z,IW,VV|VH,ascending,88,59310,,L1,"[5.36307, 45.420952, 9.128208, 47.320824]",11,https://stac.dataspace.copernicus.eu/v1/collections/sentinel-1-grd/items/S1A_IW_GRDH_1SDV_20250522T172342_20250522T172407_059310_075C59_DA94_COG
S1A_IW_GRDH_1SDV_20250528T052725_20250528T052750_059390_075F2B_40D7_COG,OK,CACHE,0,sentinel-1a,2025-05-28T05:27:25.541113Z,2025-05-28T05:27:50.539048Z,IW,VV|VH,descending,168,59390,,L1,"[8.568958, 44.977692, 12.281524, 46.886936]",11,https://stac.dataspace.copernicus.eu/v1/collections/sentinel-1-grd/items/S1A_IW_GRDH_1SDV_20250528T052725_20250528T052750_059390_075F2B_40D7_COG
S1A_IW_GRDH_1SDV_20250528T052750_20250528T052815_059390_075F2B_22A2_COG,OK,CACHE,0,sentinel-1a,2025-05-28T05:27:50.540548Z,2025-05-28T05:28:15.538483Z,IW,VV|VH,descending,168,59390,,L1,"[8.239541, 43.479134, 11.891146, 45.385208]",11,https://stac.dataspace.copernicus.eu/v1/collections/sentinel-1-grd/items/S1A_IW_GRDH_1SDV_20250528T052750_20250528T052815_059390_075F2B_22A2_COG
S1A_IW_GRDH_1SDV_20250529T171511_20250529T171536_059412_075FE5_2C8D_COG,OK,CACHE,0,sentinel-1a,2025-05-29T17:15:11.299919Z,2025-05-29T17:15:36.298545Z,IW,VV|VH,ascending,15,59412,,L1,"[7.748642, 44.362099, 11.406292, 46.266712]",11,https://stac.dataspace.copernicus.eu/v1/collections/sentinel-1-grd/items/S1A_IW_GRDH_1SDV_20250529T171511_20250529T171536_059412_075FE5_2C8D_COG
S1A_IW_GRDH_1SDV_20250602T053538_20250602T053603_059463_0761AE_48FF_COG,OK,CACHE,0,sentinel-1a,2025-06-02T05:35:38.090017Z,2025-06-02T05:36:03.088256Z,IW,VV|VH,descending,66,59463,,L1,"[6.524131, 45.037006, 10.232234, 46.947166]",11,https://stac.dataspace.copernicus.eu/v1/collections/sentinel-1-grd/items/S1A_IW_GRDH_1SDV_20250602T053538_20250602T053603_059463_0761AE_48FF_COG
S1A_IW_GRDH_1SDV_20250602T053603_20250602T053628_059463_0761AE_B424_COG,OK,CACHE,0,sentinel-1a,2025-06-02T05:36:03.089755Z,2025-06-02T05:36:28.087994Z,IW,VV|VH,descending,66,59463,,L1,"[6.199086, 43.537807, 9.849872, 45.444557]",11,https://stac.dataspace.copernicus.eu/v1/collections/sentinel-1-grd/items/S1A_IW_GRDH_1SDV_20250602T053603_20250602T053628_059463_0761AE_B424_COG
S1A_IW_GRDH_1SDV_20250603T172317_20250603T172342_059485_07626B_CD3A_COG,OK,CACHE,0,sentinel-1a,2025-06-03T17:23:17.283856Z,2025-06-03T17:23:42.282590Z,IW,VV|VH,ascending,88,59485,,L1,"[5.810457, 43.922089, 9.456741, 45.824577]",11,https://stac.dataspace.copernicus.eu/v1/collections/sentinel-1-grd/items/S1A_IW_GRDH_1SDV_20250603T172317_20250603T172342_059485_07626B_CD3A_COG
S1A_IW_GRDH_1SDV_20250603T172342_20250603T172407_059485_07626B_4991_COG,OK,CACHE,0,sentinel-1a,2025-06-03T17:23:42.284088Z,2025-06-03T17:24:07.282822Z,IW,VV|VH,ascending,88,59485,,L1,"[5.363517, 45.420959, 9.128645, 47.320824]",11,https://stac.dataspace.copernicus.eu/v1/collections/sentinel-1-grd/items/S1A_IW_GRDH_1SDV_20250603T172342_20250603T172407_059485_07626B_4991_COG
S1A_IW_GRDH_1SDV_20250609T052724_20250609T052749_059565_076523_9688_COG,OK,CACHE,0,sentinel-1a,2025-06-09T05:27:24.929679Z,2025-06-09T05:27:49.927587Z,IW,VV|VH,descending,168,59565,,L1,"[8.568482, 44.977703, 12.280905, 46.886917]",11,https://stac.dataspace.copernicus.eu/v1/collections/sentinel-1-grd/items/S1A_IW_GRDH_1SDV_20250609T052724_20250609T052749_059565_076523_9688_COG
S1A_IW_GRDH_1SDV_20250609T052749_20250609T052814_059565_076523_E7C3_COG,OK,CACHE,0,sentinel-1a,2025-06-09T05:27:49.929087Z,2025-06-09T05:28:14.928495Z,IW,VV|VH,descending,168,59565,,L1,"[8.238931, 43.479053, 11.890549, 45.385197]",11,https://stac.dataspace.copernicus.eu/v1/collections/sentinel-1-grd/items/S1A_IW_GRDH_1SDV_20250609T052749_20250609T052814_059565_076523_E7C3_COG
S1A_IW_GRDH_1SDV_20250610T171510_20250610T171535_059587_0765DA_FBB3_COG,OK,CACHE,0,sentinel-1a,2025-06-10T17:15:10.601631Z,2025-06-10T17:15:35.600268Z,IW,VV|VH,ascending,15,59587,,L1,"[7.749372, 44.362118, 11.406984, 46.266693]",11,https://stac.dataspace.copernicus.eu/v1/collections/sentinel-1-grd/items/S1A_IW_GRDH_1SDV_20250610T171510_20250610T171535_059587_0765DA_FBB3_COG
S1A_IW_GRDH_1SDV_20250614T053537_20250614T053602_059638_0767A3_DB37_COG,OK,CACHE,0,sentinel-1a,2025-06-14T05:35:37.341929Z,2025-06-14T05:36:02.340457Z,IW,VV|VH,descending,66,59638,,L1,"[6.523464, 45.037045, 10.231524, 46.947163]",11,https://stac.dataspace.copernicus.eu/v1/collections/sentinel-1-grd/items/S1A_IW_GRDH_1SDV_20250614T053537_20250614T053602_059638_0767A3_DB37_COG
S1A_IW_GRDH_1SDV_20250614T053602_20250614T053627_059638_0767A3_ED4D_COG,OK,CACHE,0,sentinel-1a,2025-06-14T05:36:02.341957Z,2025-06-14T05:36:27.340484Z,IW,VV|VH,descending,66,59638,,L1,"[6.198348, 43.537827, 9.849219, 45.444553]",11,https://stac.dataspace.copernicus.eu/v1/collections/sentinel-1-grd/items/S1A_IW_GRDH_1SDV_20250614T053602_20250614T053627_059638_0767A3_ED4D_COG
S1A_IW_GRDH_1SDV_20250615T172316_20250615T172341_059660_07685E_E2A2_COG,OK,CACHE,0,sentinel-1a,2025-06-15T17:23:16.622003Z,2025-06-15T17:23:41.620734Z,IW,VV|VH,ascending,88,59660,,L1,"[5.811084, 43.922127, 9.457347, 45.824585]",11,https://stac.dataspace.copernicus.eu/v1/collections/sentinel-1-grd/items/S1A_IW_GRDH_1SDV_20250615T172316_20250615T172341_059660_07685E_E2A2_COG
S1A_IW_GRDH_1SDV_20250615T172341_20250615T172406_059660_07685E_3E21_COG,OK,CACHE,0,sentinel-1a,2025-06-15T17:23:41.622233Z,2025-06-15T17:24:06.620965Z,IW,VV|VH,ascending,88,59660,,L1,"[5.364174, 45.421001, 9.129282, 47.320831]",11,https://stac.dataspace.copernicus.eu/v1/collections/sentinel-1-grd/items/S1A_IW_GRDH_1SDV_20250615T172341_20250615T172406_059660_07685E_3E21_COG
S1A_IW_GRDH_1SDV_20250621T052724_20250621T052749_059740_076B2D_983C_COG,OK,CACHE,0,sentinel-1a,2025-06-21T05:27:24.192381Z,2025-06-21T05:27:49.190298Z,IW,VV|VH,descending,168,59740,,L1,"[8.569255, 44.977619, 12.281834, 46.886883]",11,https://stac.dataspace.copernicus.eu/v1/collections/sentinel-1-grd/items/S1A_IW_GRDH_1SDV_20250621T052724_20250621T052749_059740_076B2D_983C_COG
S1A_IW_GRDH_1SDV_20250621T052749_20250621T052814_059740_076B2D_84DA_COG,OK,CACHE,0,sentinel-1a,2025-06-21T05:27:49.191798Z,2025-06-21T05:28:14.191215Z,IW,VV|VH,descending,168,59740,,L1,"[8.2398, 43.478973, 11.891434, 45.385155]",11,https://stac.dataspace.copernicus.eu/v1/collections/sentinel-1-grd/items/S1A_IW_GRDH_1SDV_20250621T052749_20250621T052814_059740_076B2D_84DA_COG
S1A_IW_GRDH_1SDV_20250622T171509_20250622T171534_059762_076BE4_5031_COG,OK,CACHE,0,sentinel-1a,2025-06-22T17:15:09.974778Z,2025-06-22T17:15:34.973426Z,IW,VV|VH,ascending,15,59762,,L1,"[7.748699, 44.362103, 11.40632, 46.266697]",11,https://stac.dataspace.copernicus.eu/v1/collections/sentinel-1-grd/items/S1A_IW_GRDH_1SDV_20250622T171509_20250622T171534_059762_076BE4_5031_COG
S1A_IW_GRDH_1SDV_20250626T053536_20250626T053601_059813_076DB6_F2CA_COG,OK,CACHE,0,sentinel-1a,2025-06-26T05:35:36.818225Z,2025-06-26T05:36:01.817916Z,IW,VV|VH,descending,66,59813,,L1,"[6.522343, 45.036942, 10.230429, 46.947105]",11,https://stac.dataspace.copernicus.eu/v1/collections/sentinel-1-grd/items/S1A_IW_GRDH_1SDV_20250626T053536_20250626T053601_059813_076DB6_F2CA_COG
S1A_IW_GRDH_1SDV_20250626T053601_20250626T053626_059813_076DB6_B913_COG,OK,CACHE,0,sentinel-1a,2025-06-26T05:36:01.819416Z,2025-06-26T05:36:26.817608Z,IW,VV|VH,descending,66,59813,,L1,"[6.197376, 43.537735, 9.848099, 45.444405]",11,https://stac.dataspace.copernicus.eu/v1/collections/sentinel-1-grd/items/S1A_IW_GRDH_1SDV_20250626T053601_20250626T053626_059813_076DB6_B913_COG
S1A_IW_GRDH_1SDV_20250627T172316_20250627T172341_059835_076E75_F1F6_COG,OK,CACHE,0,sentinel-1a,2025-06-27T17:23:16.112449Z,2025-06-27T17:23:41.111213Z,IW,VV|VH,ascending,88,59835,,L1,"[5.811013, 43.922131, 9.457253, 45.82457]",11,https://stac.dataspace.copernicus.eu/v1/collections/sentinel-1-grd/items/S1A_IW_GRDH_1SDV_20250627T172316_20250627T172341_059835_076E75_F1F6_COG
S1A_IW_GRDH_1SDV_20250627T172341_20250627T172406_059835_076E75_B3C1_COG,OK,CACHE,0,sentinel-1a,2025-06-27T17:23:41.112711Z,2025-06-27T17:24:06.111475Z,IW,VV|VH,ascending,88,59835,,L1,"[5.364133, 45.421009, 9.129216, 47.320816]",11,https://stac.dataspace.copernicus.eu/v1/collections/sentinel-1-grd/items/S1A_IW_GRDH_1SDV_20250627T172341_20250627T172406_059835_076E75_B3C1_COG
S1A_IW_GRDH_1SDV_20250703T052723_20250703T052748_059915_077146_C603_COG,OK,CACHE,0,sentinel-1a,2025-07-03T05:27:23.618767Z,2025-07-03T05:27:48.618075Z,IW,VV|VH,descending,168,59915,,L1,"[8.569339, 44.977448, 12.28185, 46.886799]",11,https://stac.dataspace.copernicus.eu/v1/collections/sentinel-1-grd/items/S1A_IW_GRDH_1SDV_20250703T052723_20250703T052748_059915_077146_C603_COG
S1A_IW_GRDH_1SDV_20250703T052748_20250703T052813_059915_077146_DD90_COG,OK,CACHE,0,sentinel-1a,2025-07-03T05:27:48.619519Z,2025-07-03T05:28:13.617324Z,IW,VV|VH,descending,168,59915,,L1,"[8.239879, 43.478897, 11.891379, 45.384987]",11,https://stac.dataspace.copernicus.eu/v1/collections/sentinel-1-grd/items/S1A_IW_GRDH_1SDV_20250703T052748_20250703T052813_059915_077146_DD90_COG
S1A_IW_GRDH_1SDV_20250704T171509_20250704T171534_059937_077200_5B61_COG,OK,CACHE,0,sentinel-1a,2025-07-04T17:15:09.257577Z,2025-07-04T17:15:34.256278Z,IW,VV|VH,ascending,15,59937,,L1,"[7.748099, 44.361946, 11.405745, 46.26659]",11,https://stac.dataspace.copernicus.eu/v1/collections/sentinel-1-grd/items/S1A_IW_GRDH_1SDV_20250704T171509_20250704T171534_059937_077200_5B61_COG
S1A_IW_GRDH_1SDV_20250708T053536_20250708T053601_059988_0773C3_7009_COG,OK,CACHE,0,sentinel-1a,2025-07-08T05:35:36.136952Z,2025-07-08T05:36:01.135087Z,IW,VV|VH,descending,66,59988,,L1,"[6.522782, 45.036934, 10.230694, 46.947025]",11,https://stac.dataspace.copernicus.eu/v1/collections/sentinel-1-grd/items/S1A_IW_GRDH_1SDV_20250708T053536_20250708T053601_059988_0773C3_7009_COG
S1A_IW_GRDH_1SDV_20250708T053601_20250708T053626_059988_0773C3_3313_COG,OK,CACHE,0,sentinel-1a,2025-07-08T05:36:01.136587Z,2025-07-08T05:36:26.136223Z,IW,VV|VH,descending,66,59988,,L1,"[6.197641, 43.53764, 9.848405, 45.444427]",11,https://stac.dataspace.copernicus.eu/v1/collections/sentinel-1-grd/items/S1A_IW_GRDH_1SDV_20250708T053601_20250708T053626_059988_0773C3_3313_COG
S1A_IW_GRDH_1SDV_20250709T172315_20250709T172340_060010_077485_EC7E_COG,OK,CACHE,0,sentinel-1a,2025-07-09T17:23:15.407909Z,2025-07-09T17:23:40.406511Z,IW,VV|VH,ascending,88,60010,,L1,"[5.811363, 43.922337, 9.4575, 45.824753]",11,https://stac.dataspace.copernicus.eu/v1/collections/sentinel-1-grd/items/S1A_IW_GRDH_1SDV_20250709T172315_20250709T172340_060010_077485_EC7E_COG
S1A_IW_GRDH_1SDV_20250709T172340_20250709T172405_060010_077485_370F_COG,OK,CACHE,0,sentinel-1a,2025-07-09T17:23:40.408010Z,2025-07-09T17:24:05.406611Z,IW,VV|VH,ascending,88,60010,,L1,"[5.364478, 45.421211, 9.129454, 47.320999]",11,https://stac.dataspace.copernicus.eu/v1/collections/sentinel-1-grd/items/S1A_IW_GRDH_1SDV_20250709T172340_20250709T172405_060010_077485_370F_COG
S1A_IW_GRDH_1SDV_20250715T052723_20250715T052748_060090_077749_C0FF_COG,OK,CACHE,0,sentinel-1a,2025-07-15T05:27:23.007607Z,2025-07-15T05:27:48.007075Z,IW,VV|VH,descending,168,60090,,L1,"[8.570151, 44.977486, 12.282768, 46.886871]",11,https://stac.dataspace.copernicus.eu/v1/collections/sentinel-1-grd/items/S1A_IW_GRDH_1SDV_20250715T052723_20250715T052748_060090_077749_C0FF_COG
S1A_IW_GRDH_1SDV_20250715T052748_20250715T052813_060090_077749_0520_COG,OK,CACHE,0,sentinel-1a,2025-07-15T05:27:48.008575Z,2025-07-15T05:28:13.006543Z,IW,VV|VH,descending,168,60090,,L1,"[8.240688, 43.478931, 11.892316, 45.385052]",11,https://stac.dataspace.copernicus.eu/v1/collections/sentinel-1-grd/items/S1A_IW_GRDH_1SDV_20250715T052748_20250715T052813_060090_077749_0520_COG
S1A_IW_GRDH_1SDV_20250716T171508_20250716T171533_060112_077801_0775_COG,OK,CACHE,0,sentinel-1a,2025-07-16T17:15:08.687127Z,2025-07-16T17:15:33.685682Z,IW,VV|VH,ascending,15,60112,,L1,"[7.748167, 44.362148, 11.405728, 46.266796]",11,https://stac.dataspace.copernicus.eu/v1/collections/sentinel-1-grd/items/S1A_IW_GRDH_1SDV_20250716T171508_20250716T171533_060112_077801_0775_COG
S1A_IW_GRDH_1SDV_20250720T053535_20250720T053600_060163_0779C8_7E83_COG,OK,CACHE,0,sentinel-1a,2025-07-20T05:35:35.508084Z,2025-07-20T05:36:00.506364Z,IW,VV|VH,descending,66,60163,,L1,"[6.52503, 45.036884, 10.233145, 46.947075]",11,https://stac.dataspace.copernicus.eu/v1/collections/sentinel-1-grd/items/S1A_IW_GRDH_1SDV_20250720T053535_20250720T053600_060163_0779C8_7E83_COG
S1A_IW_GRDH_1SDV_20250720T053600_20250720T053625_060163_0779C8_AD23_COG,OK,CACHE,0,sentinel-1a,2025-07-20T05:36:00.507919Z,2025-07-20T05:36:25.507702Z,IW,VV|VH,descending,66,60163,,L1,"[6.199944, 43.537598, 9.850755, 45.444469]",11,https://stac.dataspace.copernicus.eu/v1/collections/sentinel-1-grd/items/S1A_IW_GRDH_1SDV_20250720T053600_20250720T053625_060163_0779C8_AD23_COG
S1A_IW_GRDH_1SDV_20250721T172314_20250721T172339_060185_077A86_2EA1_COG,OK,CACHE,0,sentinel-1a,2025-07-21T17:23:14.831042Z,2025-07-21T17:23:39.829683Z,IW,VV|VH,ascending,88,60185,,L1,"[5.810467, 43.922268, 9.456643, 45.824745]",11,https://stac.dataspace.copernicus.eu/v1/collections/sentinel-1-grd/items/S1A_IW_GRDH_1SDV_20250721T172314_20250721T172339_060185_077A86_2EA1_COG
S1A_IW_GRDH_1SDV_20250721T172339_20250721T172404_060185_077A86_C761_COG,OK,CACHE,0,sentinel-1a,2025-07-21T17:23:39.831182Z,2025-07-21T17:24:04.828324Z,IW,VV|VH,ascending,88,60185,,L1,"[5.363546, 45.421135, 9.128538, 47.320896]",11,https://stac.dataspace.copernicus.eu/v1/collections/sentinel-1-grd/items/S1A_IW_GRDH_1SDV_20250721T172339_20250721T172404_060185_077A86_C761_COG
S1A_IW_GRDH_1SDV_20250727T052722_20250727T052747_060265_077D4D_552A_COG,OK,CACHE,0,sentinel-1a,2025-07-27T05:27:22.654801Z,2025-07-27T05:27:47.654257Z,IW,VV|VH,descending,168,60265,,L1,"[8.57044, 44.97744, 12.283084, 46.886833]",11,https://stac.dataspace.copernicus.eu/v1/collections/sentinel-1-grd/items/S1A_IW_GRDH_1SDV_20250727T052722_20250727T052747_060265_077D4D_552A_COG
S1A_IW_GRDH_1SDV_20250727T052747_20250727T052812_060265_077D4D_2560_COG,OK,CACHE,0,sentinel-1a,2025-07-27T05:27:47.655701Z,2025-07-27T05:28:12.653655Z,IW,VV|VH,descending,168,60265,,L1,"[8.240967, 43.478889, 11.892601, 45.385021]",11,https://stac.dataspace.copernicus.eu/v1/collections/sentinel-1-grd/items/S1A_IW_GRDH_1SDV_20250727T052747_20250727T052812_060265_077D4D_2560_COG
S1A_IW_GRDH_1SDV_20250728T171508_20250728T171533_060287_077E07_4C7A_COG,OK,CACHE,0,sentinel-1a,2025-07-28T17:15:08.417230Z,2025-07-28T17:15:33.415825Z,IW,VV|VH,ascending,15,60287,,L1,"[7.747767, 44.362118, 11.405317, 46.266781]",11,https://stac.dataspace.copernicus.eu/v1/collections/sentinel-1-grd/items/S1A_IW_GRDH_1SDV_20250728T171508_20250728T171533_060287_077E07_4C7A_COG
S1A_IW_GRDH_1SDV_20250801T053535_20250801T053600_060338_077FCB_C5C7_COG,OK,CACHE,0,sentinel-1a,2025-08-01T05:35:35.253694Z,2025-08-01T05:36:00.253463Z,IW,VV|VH,descending,66,60338,,L1,"[6.525814, 45.036713, 10.233968, 46.947044]",11,https://stac.dataspace.copernicus.eu/v1/collections/sentinel-1-grd/items/S1A_IW_GRDH_1SDV_20250801T053535_20250801T053600_060338_077FCB_C5C7_COG
S1A_IW_GRDH_1SDV_20250801T053600_20250801T053625_060338_077FCB_46B5_COG,OK,CACHE,0,sentinel-1a,2025-08-01T05:36:00.254963Z,2025-08-01T05:36:25.253232Z,IW,VV|VH,descending,66,60338,,L1,"[6.200696, 43.537521, 9.851518, 45.444351]",11,https://stac.dataspace.copernicus.eu/v1/collections/sentinel-1-grd/items/S1A_IW_GRDH_1SDV_20250801T053600_20250801T053625_060338_077FCB_46B5_COG
S1A_IW_GRDH_1SDV_20250802T172314_20250802T172339_060360_07808C_6261_COG,OK,CACHE,0,sentinel-1a,2025-08-02T17:23:14.620765Z,2025-08-02T17:23:39.619162Z,IW,VV|VH,ascending,88,60360,,L1,"[5.808553, 43.922096, 9.45456, 45.824604]",11,https://stac.dataspace.copernicus.eu/v1/collections/sentinel-1-grd/items/S1A_IW_GRDH_1SDV_20250802T172314_20250802T172339_060360_07808C_6261_COG
S1A_IW_GRDH_1SDV_20250802T172339_20250802T172404_060360_07808C_9BD3_COG,OK,CACHE,0,sentinel-1a,2025-08-02T17:23:39.620661Z,2025-08-02T17:24:04.619058Z,IW,VV|VH,ascending,88,60360,,L1,"[5.361454, 45.420937, 9.126466, 47.320831]",11,https://stac.dataspace.copernicus.eu/v1/collections/sentinel-1-grd/items/S1A_IW_GRDH_1SDV_20250802T172339_20250802T172404_060360_07808C_9BD3_COG
S1A_IW_GRDH_1SDV_20250808T052722_20250808T052747_060440_078378_286F_COG,OK,CACHE,0,sentinel-1a,2025-08-08T05:27:22.524330Z,2025-08-08T05:27:47.523782Z,IW,VV|VH,descending,168,60440,,L1,"[8.570549, 44.977402, 12.283239, 46.886822]",11,https://stac.dataspace.copernicus.eu/v1/collections/sentinel-1-grd/items/S1A_IW_GRDH_1SDV_20250808T052722_20250808T052747_060440_078378_286F_COG
S1A_IW_GRDH_1SDV_20250808T052747_20250808T052812_060440_078378_AB1B_COG,OK,CACHE,0,sentinel-1a,2025-08-08T05:27:47.525281Z,2025-08-08T05:28:12.523234Z,IW,VV|VH,descending,168,60440,,L1,"[8.240916, 43.478855, 11.892699, 45.385025]",11,https://stac.dataspace.copernicus.eu/v1/collections/sentinel-1-grd/items/S1A_IW_GRDH_1SDV_20250808T052747_20250808T052812_060440_078378_AB1B_COG
S1A_IW_GRDH_1SDV_20250809T171508_20250809T171533_060462_078450_FBFC_COG,OK,CACHE,0,sentinel-1a,2025-08-09T17:15:08.324542Z,2025-08-09T17:15:33.323164Z,IW,VV|VH,ascending,15,60462,,L1,"[7.747299, 44.362125, 11.40496, 46.266811]",11,https://stac.dataspace.copernicus.eu/v1/collections/sentinel-1-grd/items/S1A_IW_GRDH_1SDV_20250809T171508_20250809T171533_060462_078450_FBFC_COG
S1A_IW_GRDH_1SDV_20250813T053535_20250813T053600_060513_078654_CFFF_COG,OK,CACHE,0,sentinel-1a,2025-08-13T05:35:35.185287Z,2025-08-13T05:36:00.183606Z,IW,VV|VH,descending,66,60513,,L1,"[6.526288, 45.036777, 10.234607, 46.947048]",11,https://stac.dataspace.copernicus.eu/v1/collections/sentinel-1-grd/items/S1A_IW_GRDH_1SDV_20250813T053535_20250813T053600_060513_078654_CFFF_COG
S1A_IW_GRDH_1SDV_20250813T053600_20250813T053625_060513_078654_43D0_COG,OK,CACHE,0,sentinel-1a,2025-08-13T05:36:00.185105Z,2025-08-13T05:36:25.183424Z,IW,VV|VH,descending,66,60513,,L1,"[6.201275, 43.53759, 9.852118, 45.444435]",11,https://stac.dataspace.copernicus.eu/v1/collections/sentinel-1-grd/items/S1A_IW_GRDH_1SDV_20250813T053600_20250813T053625_060513_078654_43D0_COG
S1A_IW_GRDH_1SDV_20250814T172314_20250814T172339_060535_07872E_1488_COG,OK,CACHE,0,sentinel-1a,2025-08-14T17:23:14.580449Z,2025-08-14T17:23:39.579186Z,IW,VV|VH,ascending,88,60535,,L1,"[5.807759, 43.922066, 9.454173, 45.824673]",11,https://stac.dataspace.copernicus.eu/v1/collections/sentinel-1-grd/items/S1A_IW_GRDH_1SDV_20250814T172314_20250814T172339_060535_07872E_1488_COG
S1A_IW_GRDH_1SDV_20250814T172339_20250814T172404_060535_07872E_7090_COG,OK,CACHE,0,sentinel-1a,2025-08-14T17:23:39.580685Z,2025-08-14T17:24:04.579421Z,IW,VV|VH,ascending,88,60535,,L1,"[5.360611, 45.420918, 9.125916, 47.3209]",11,https://stac.dataspace.copernicus.eu/v1/collections/sentinel-1-grd/items/S1A_IW_GRDH_1SDV_20250814T172339_20250814T172404_060535_07872E_7090_COG
S1A_IW_GRDH_1SDV_20250820T052722_20250820T052747_060615_078A5B_8532_COG,OK,CACHE,0,sentinel-1a,2025-08-20T05:27:22.417379Z,2025-08-20T05:27:47.415384Z,IW,VV|VH,descending,168,60615,,L1,"[8.572685, 44.977341, 12.285537, 46.886742]",11,https://stac.dataspace.copernicus.eu/v1/collections/sentinel-1-grd/items/S1A_IW_GRDH_1SDV_20250820T052722_20250820T052747_060615_078A5B_8532_COG
S1A_IW_GRDH_1SDV_20250820T052747_20250820T052812_060615_078A5B_4BC1_COG,OK,CACHE,0,sentinel-1a,2025-08-20T05:27:47.416828Z,2025-08-20T05:28:12.414829Z,IW,VV|VH,descending,168,60615,,L1,"[8.242979, 43.478802, 11.894814, 45.385056]",11,https://stac.dataspace.copernicus.eu/v1/collections/sentinel-1-grd/items/S1A_IW_GRDH_1SDV_20250820T052747_20250820T052812_060615_078A5B_4BC1_COG
S1A_IW_GRDH_1SDV_20250821T171508_20250821T171533_060637_078B34_9328_COG,OK,CACHE,0,sentinel-1a,2025-08-21T17:15:08.331773Z,2025-08-21T17:15:33.330528Z,IW,VV|VH,ascending,15,60637,,L1,"[7.74559, 44.362011, 11.421923, 46.268635]",11,https://stac.dataspace.copernicus.eu/v1/collections/sentinel-1-grd/items/S1A_IW_GRDH_1SDV_20250821T171508_20250821T171533_060637_078B34_9328_COG
S1A_IW_GRDH_1SDV_20250825T053535_20250825T053600_060688_078D39_F4AB_COG,OK,CACHE,0,sentinel-1a,2025-08-25T05:35:35.418410Z,2025-08-25T05:36:00.416692Z,IW,VV|VH,descending,66,60688,,L1,"[6.52621, 45.036705, 10.234374, 46.946972]",11,https://stac.dataspace.copernicus.eu/v1/collections/sentinel-1-grd/items/S1A_IW_GRDH_1SDV_20250825T053535_20250825T053600_060688_078D39_F4AB_COG
S1A_IW_GRDH_1SDV_20250825T053600_20250825T053625_060688_078D39_F085_COG,OK,CACHE,0,sentinel-1a,2025-08-25T05:36:00.418136Z,2025-08-25T05:36:25.417915Z,IW,VV|VH,descending,66,60688,,L1,"[6.201044, 43.53743, 9.851909, 45.444378]",11,https://stac.dataspace.copernicus.eu/v1/collections/sentinel-1-grd/items/S1A_IW_GRDH_1SDV_20250825T053600_20250825T053625_060688_078D39_F085_COG
S1A_IW_GRDH_1SDV_20250826T172314_20250826T172339_060710_078E13_CF79_COG,OK,CACHE,0,sentinel-1a,2025-08-26T17:23:14.763260Z,2025-08-26T17:23:39.762002Z,IW,VV|VH,ascending,88,60710,,L1,"[5.807712, 43.92207, 9.454125, 45.82468]",11,https://stac.dataspace.copernicus.eu/v1/collections/sentinel-1-grd/items/S1A_IW_GRDH_1SDV_20250826T172314_20250826T172339_060710_078E13_CF79_COG
S1A_IW_GRDH_1SDV_20250826T172339_20250826T172404_060710_078E13_B308_COG,OK,CACHE,0,sentinel-1a,2025-08-26T17:23:39.763500Z,2025-08-26T17:24:04.762242Z,IW,VV|VH,ascending,88,60710,,L1,"[5.360564, 45.420925, 9.125868, 47.320908]",11,https://stac.dataspace.copernicus.eu/v1/collections/sentinel-1-grd/items/S1A_IW_GRDH_1SDV_20250826T172339_20250826T172404_060710_078E13_B308_COG
S1A_IW_GRDH_1SDV_20250901T052722_20250901T052747_060790_07913E_7AED_COG,OK,CACHE,0,sentinel-1a,2025-09-01T05:27:22.689556Z,2025-09-01T05:27:47.687845Z,IW,VV|VH,descending,168,60790,,L1,"[8.573365, 44.977264, 12.286671, 46.886715]",11,https://stac.dataspace.copernicus.eu/v1/collections/sentinel-1-grd/items/S1A_IW_GRDH_1SDV_20250901T052722_20250901T052747_060790_07913E_7AED_COG
S1A_IW_GRDH_1SDV_20250901T052747_20250901T052812_060790_07913E_28B5_COG,OK,CACHE,0,sentinel-1a,2025-09-01T05:27:47.689345Z,2025-09-01T05:28:12.687633Z,IW,VV|VH,descending,168,60790,,L1,"[8.243579, 43.47871, 11.895472, 45.385052]",11,https://stac.dataspace.copernicus.eu/v1/collections/sentinel-1-grd/items/S1A_IW_GRDH_1SDV_20250901T052747_20250901T052812_060790_07913E_28B5_COG
S1A_IW_GRDH_1SDV_20250902T171508_20250902T171533_060812_07921D_08D0_COG,OK,CACHE,0,sentinel-1a,2025-09-02T17:15:08.421746Z,2025-09-02T17:15:33.418929Z,IW,VV|VH,ascending,15,60812,,L1,"[7.743996, 44.362003, 11.4024, 46.266674]",11,https://stac.dataspace.copernicus.eu/v1/collections/sentinel-1-grd/items/S1A_IW_GRDH_1SDV_20250902T171508_20250902T171533_060812_07921D_08D0_COG
S1A_IW_GRDH_1SDV_20250906T053535_20250906T053600_060863_079427_7E1D_COG,OK,CACHE,0,sentinel-1a,2025-09-06T05:35:35.448980Z,2025-09-06T05:36:00.448904Z,IW,VV|VH,descending,66,60863,,L1,"[6.527933, 45.036713, 10.236373, 46.947155]",11,https://stac.dataspace.copernicus.eu/v1/collections/sentinel-1-grd/items/S1A_IW_GRDH_1SDV_20250906T053535_20250906T053600_060863_079427_7E1D_COG
S1A_IW_GRDH_1SDV_20250906T053600_20250906T053625_060863_079427_0677_COG,OK,CACHE,0,sentinel-1a,2025-09-06T05:36:00.450349Z,2025-09-06T05:36:25.448771Z,IW,VV|VH,descending,66,60863,,L1,"[6.202722, 43.537533, 9.853874, 45.444466]",11,https://stac.dataspace.copernicus.eu/v1/collections/sentinel-1-grd/items/S1A_IW_GRDH_1SDV_20250906T053600_20250906T053625_060863_079427_0677_COG
S1A_IW_GRDH_1SDV_20250907T172315_20250907T172340_060885_079505_303A_COG,OK,CACHE,0,sentinel-1a,2025-09-07T17:23:15.030808Z,2025-09-07T17:23:40.029585Z,IW,VV|VH,ascending,88,60885,,L1,"[5.807526, 43.922092, 9.454081, 45.824722]",11,https://stac.dataspace.copernicus.eu/v1/collections/sentinel-1-grd/items/S1A_IW_GRDH_1SDV_20250907T172315_20250907T172340_060885_079505_303A_COG
S1A_IW_GRDH_1SDV_20250907T172340_20250907T172405_060885_079505_EAC6_COG,OK,CACHE,0,sentinel-1a,2025-09-07T17:23:40.031083Z,2025-09-07T17:24:05.028362Z,IW,VV|VH,ascending,88,60885,,L1,"[5.360384, 45.420944, 9.125808, 47.320858]",11,https://stac.dataspace.copernicus.eu/v1/collections/sentinel-1-grd/items/S1A_IW_GRDH_1SDV_20250907T172340_20250907T172405_060885_079505_EAC6_COG
S1A_IW_GRDH_1SDV_20250913T052723_20250913T052748_060965_07983E_D7A2_COG,OK,CACHE,0,sentinel-1a,2025-09-13T05:27:23.153749Z,2025-09-13T05:27:48.151835Z,IW,VV|VH,descending,168,60965,,L1,"[8.573159, 44.977268, 12.286592, 46.886753]",11,https://stac.dataspace.copernicus.eu/v1/collections/sentinel-1-grd/items/S1A_IW_GRDH_1SDV_20250913T052723_20250913T052748_060965_07983E_D7A2_COG
S1A_IW_GRDH_1SDV_20250913T052748_20250913T052813_060965_07983E_A1A5_COG,OK,CACHE,0,sentinel-1a,2025-09-13T05:27:48.153335Z,2025-09-13T05:28:13.151420Z,IW,VV|VH,descending,168,60965,,L1,"[8.243346, 43.478737, 11.895385, 45.385105]",11,https://stac.dataspace.copernicus.eu/v1/collections/sentinel-1-grd/items/S1A_IW_GRDH_1SDV_20250913T052748_20250913T052813_060965_07983E_A1A5_COG
S1A_IW_GRDH_1SDV_20250914T171508_20250914T171533_060987_079920_CA9C_COG,OK,CACHE,0,sentinel-1a,2025-09-14T17:15:08.879615Z,2025-09-14T17:15:33.878363Z,IW,VV|VH,ascending,15,60987,,L1,"[7.742129, 44.36187, 11.400725, 46.266689]",11,https://stac.dataspace.copernicus.eu/v1/collections/sentinel-1-grd/items/S1A_IW_GRDH_1SDV_20250914T171508_20250914T171533_060987_079920_CA9C_COG
S1A_IW_GRDH_1SDV_20250918T053535_20250918T053600_061038_079B2F_4BBA_COG,OK,CACHE,0,sentinel-1a,2025-09-18T05:35:35.825131Z,2025-09-18T05:36:00.823569Z,IW,VV|VH,descending,66,61038,,L1,"[6.528504, 45.036697, 10.236961, 46.947109]",11,https://stac.dataspace.copernicus.eu/v1/collections/sentinel-1-grd/items/S1A_IW_GRDH_1SDV_20250918T053535_20250918T053600_061038_079B2F_4BBA_COG
S1A_IW_GRDH_1SDV_20250918T053600_20250918T053625_061038_079B2F_933C_COG,OK,CACHE,0,sentinel-1a,2025-09-18T05:36:00.825069Z,2025-09-18T05:36:25.823508Z,IW,VV|VH,descending,66,61038,,L1,"[6.203108, 43.537521, 9.854432, 45.444523]",11,https://stac.dataspace.copernicus.eu/v1/collections/sentinel-1-grd/items/S1A_IW_GRDH_1SDV_20250918T053600_20250918T053625_061038_079B2F_933C_COG
S1A_IW_GRDH_1SDV_20250919T172315_20250919T172340_061060_079C09_E83C_COG,OK,CACHE,0,sentinel-1a,2025-09-19T17:23:15.338379Z,2025-09-19T17:23:40.337260Z,IW,VV|VH,ascending,88,61060,,L1,"[5.806347, 43.921917, 9.453177, 45.824627]",11,https://stac.dataspace.copernicus.eu/v1/collections/sentinel-1-grd/items/S1A_IW_GRDH_1SDV_20250919T172315_20250919T172340_061060_079C09_E83C_COG
S1A_IW_GRDH_1SDV_20250919T172340_20250919T172405_061060_079C09_4DCF_COG,OK,CACHE,0,sentinel-1a,2025-09-19T17:23:40.338732Z,2025-09-19T17:24:05.337611Z,IW,VV|VH,ascending,88,61060,,L1,"[5.358959, 45.420761, 9.124733, 47.320812]",11,https://stac.dataspace.copernicus.eu/v1/collections/sentinel-1-grd/items/S1A_IW_GRDH_1SDV_20250919T172340_20250919T172405_061060_079C09_4DCF_COG
S1A_IW_GRDH_1SDV_20250925T052723_20250925T052748_061140_079F46_29B0_COG,OK,CACHE,0,sentinel-1a,2025-09-25T05:27:23.173877Z,2025-09-25T05:27:48.171968Z,IW,VV|VH,descending,168,61140,,L1,"[8.57387, 44.977303, 12.287612, 46.886749]",11,https://stac.dataspace.copernicus.eu/v1/collections/sentinel-1-grd/items/S1A_IW_GRDH_1SDV_20250925T052723_20250925T052748_061140_079F46_29B0_COG
S1A_IW_GRDH_1SDV_20250925T052748_20250925T052813_061140_079F46_4257_COG,OK,CACHE,0,sentinel-1a,2025-09-25T05:27:48.173467Z,2025-09-25T05:28:13.171558Z,IW,VV|VH,descending,168,61140,,L1,"[8.244207, 43.478771, 11.89623, 45.385105]",11,https://stac.dataspace.copernicus.eu/v1/collections/sentinel-1-grd/items/S1A_IW_GRDH_1SDV_20250925T052748_20250925T052813_061140_079F46_4257_COG
S1A_IW_GRDH_1SDV_20250926T171504_20250926T171536_061162_07A027_38A5_COG,OK,CACHE,0,sentinel-1a,2025-09-26T17:15:04.386371Z,2025-09-26T17:15:36.836522Z,IW,VV|VH,ascending,15,61162,,L1,"[7.741314, 44.097477, 11.359644, 46.435089]",11,https://stac.dataspace.copernicus.eu/v1/collections/sentinel-1-grd/items/S1A_IW_GRDH_1SDV_20250926T171504_20250926T171536_061162_07A027_38A5_COG
S1A_IW_GRDH_1SDV_20250926T171508_20250926T171533_061162_07A027_FF91_COG,OK,CACHE,0,sentinel-1a,2025-09-26T17:15:08.869330Z,2025-09-26T17:15:33.868116Z,IW,VV|VH,ascending,15,61162,,L1,"[7.743872, 44.361877, 11.402405, 46.266682]",11,https://stac.dataspace.copernicus.eu/v1/collections/sentinel-1-grd/items/S1A_IW_GRDH_1SDV_20250926T171508_20250926T171533_061162_07A027_FF91_COG
S1A_IW_GRDH_1SDV_20250926T171529_20250926T171601_061162_07A027_EFED_COG,OK,CACHE,0,sentinel-1a,2025-09-26T17:15:29.208455Z,2025-09-26T17:16:01.653178Z,IW,VV|VH,ascending,15,61162,,L1,"[7.291328, 45.588005, 11.044007, 47.919518]",11,https://stac.dataspace.copernicus.eu/v1/collections/sentinel-1-grd/items/S1A_IW_GRDH_1SDV_20250926T171529_20250926T171601_061162_07A027_EFED_COG
S1A_IW_GRDH_1SDV_20250930T053535_20250930T053600_061213_07A23B_A441_COG,OK,CACHE,0,sentinel-1a,2025-09-30T05:35:35.921921Z,2025-09-30T05:36:00.920324Z,IW,VV|VH,descending,66,61213,,L1,"[6.529156, 45.036602, 10.237647, 46.947044]",11,https://stac.dataspace.copernicus.eu/v1/collections/sentinel-1-grd/items/S1A_IW_GRDH_1SDV_20250930T053535_20250930T053600_061213_07A23B_A441_COG
S1A_IW_GRDH_1SDV_20250930T053600_20250930T053625_061213_07A23B_FB72_COG,OK,CACHE,0,sentinel-1a,2025-09-30T05:36:00.921824Z,2025-09-30T05:36:25.920226Z,IW,VV|VH,descending,66,61213,,L1,"[6.203845, 43.53743, 9.855069, 45.444447]",11,https://stac.dataspace.copernicus.eu/v1/collections/sentinel-1-grd/items/S1A_IW_GRDH_1SDV_20250930T053600_20250930T053625_061213_07A23B_FB72_COG
S1B_IW_GRDH_1SDV_20160930T052629_20160930T052654_002294_003E0C_0CCA_COG,OK,CACHE,0,sentinel-1b,2016-09-30T05:26:29.229591Z,2016-09-30T05:26:54.227418Z,IW,VV|VH,descending,168,2294,,L1,"[8.351551, 43.99036, 12.009457, 45.89135]",11,https://stac.dataspace.copernicus.eu/v1/collections/sentinel-1-grd/items/S1B_IW_GRDH_1SDV_20160930T052629_20160930T052654_002294_003E0C_0CCA_COG
S1B_IW_GRDH_1SDV_20170403T053425_20170403T053450_004992_008BB2_167E_COG,OK,CACHE,0,sentinel-1b,2017-04-03T05:34:25.975795Z,2017-04-03T05:34:50.974592Z,IW,VV|VH,descending,66,4992,,L1,"[6.530524, 44.814861, 10.146677, 46.715935]",11,https://stac.dataspace.copernicus.eu/v1/collections/sentinel-1-grd/items/S1B_IW_GRDH_1SDV_20170403T053425_20170403T053450_004992_008BB2_167E_COG
S1B_IW_GRDH_1SDV_20170403T053450_20170403T053515_004992_008BB2_4958_COG,OK,CACHE,0,sentinel-1b,2017-04-03T05:34:50.976117Z,2017-04-03T05:35:15.973419Z,IW,VV|VH,descending,66,4992,,L1,"[6.209477, 43.314903, 9.764807, 45.213409]",11,https://stac.dataspace.copernicus.eu/v1/collections/sentinel-1-grd/items/S1B_IW_GRDH_1SDV_20170403T053450_20170403T053515_004992_008BB2_4958_COG
S1B_IW_GRDH_1SDV_20170404T172157_20170404T172222_005014_008C4A_D122_COG,OK,CACHE,0,sentinel-1b,2017-04-04T17:21:57.013281Z,2017-04-04T17:22:22.011127Z,IW,VV|VH,ascending,88,5014,,L1,"[5.882033, 43.639542, 9.473387, 45.544945]",11,https://stac.dataspace.copernicus.eu/v1/collections/sentinel-1-grd/items/S1B_IW_GRDH_1SDV_20170404T172157_20170404T172222_005014_008C4A_D122_COG
S1B_IW_GRDH_1SDV_20170404T172222_20170404T172247_005014_008C4A_F7B2_COG,OK,CACHE,0,sentinel-1b,2017-04-04T17:22:22.012641Z,2017-04-04T17:22:47.011983Z,IW,VV|VH,ascending,88,5014,,L1,"[5.42703, 45.142288, 9.172361, 47.040272]",11,https://stac.dataspace.copernicus.eu/v1/collections/sentinel-1-grd/items/S1B_IW_GRDH_1SDV_20170404T172222_20170404T172247_005014_008C4A_F7B2_COG
S1B_IW_GRDH_1SDV_20170410T052621_20170410T052646_005094_008E9F_4080_COG,OK,CACHE,0,sentinel-1b,2017-04-10T05:26:21.217174Z,2017-04-10T05:26:46.216301Z,IW,VV|VH,descending,168,5094,,L1,"[8.486456, 44.291286, 12.082762, 46.187508]",11,https://stac.dataspace.copernicus.eu/v1/collections/sentinel-1-grd/items/S1B_IW_GRDH_1SDV_20170410T052621_20170410T052646_005094_008E9F_4080_COG
S1B_IW_GRDH_1SDV_20170411T171342_20170411T171407_005116_008F3A_019E_COG,OK,CACHE,0,sentinel-1b,2017-04-11T17:13:42.761515Z,2017-04-11T17:14:07.759621Z,IW,VV|VH,ascending,15,5116,,L1,"[7.911784, 43.593567, 11.568089, 45.501644]",11,https://stac.dataspace.copernicus.eu/v1/collections/sentinel-1-grd/items/S1B_IW_GRDH_1SDV_20170411T171342_20170411T171407_005116_008F3A_019E_COG
S1B_IW_GRDH_1SDV_20170411T171407_20170411T171432_005116_008F3A_2301_COG,OK,CACHE,0,sentinel-1b,2017-04-11T17:14:07.761122Z,2017-04-11T17:14:32.760725Z,IW,VV|VH,ascending,15,5116,,L1,"[7.517663, 45.093021, 11.243987, 47.003277]",11,https://stac.dataspace.copernicus.eu/v1/collections/sentinel-1-grd/items/S1B_IW_GRDH_1SDV_20170411T171407_20170411T171432_005116_008F3A_2301_COG
S1B_IW_GRDH_1SDV_20170415T053426_20170415T053451_005167_0090B0_C727_COG,OK,CACHE,0,sentinel-1b,2017-04-15T05:34:26.417352Z,2017-04-15T05:34:51.416227Z,IW,VV|VH,descending,66,5167,,L1,"[6.53018, 44.814877, 10.146525, 46.715973]",11,https://stac.dataspace.copernicus.eu/v1/collections/sentinel-1-grd/items/S1B_IW_GRDH_1SDV_20170415T053426_20170415T053451_005167_0090B0_C727_COG
S1B_IW_GRDH_1SDV_20170415T053451_20170415T053516_005167_0090B0_66A4_COG,OK,CACHE,0,sentinel-1b,2017-04-15T05:34:51.417728Z,2017-04-15T05:35:16.416603Z,IW,VV|VH,descending,66,5167,,L1,"[6.209264, 43.314827, 9.764748, 45.213425]",11,https://stac.dataspace.copernicus.eu/v1/collections/sentinel-1-grd/items/S1B_IW_GRDH_1SDV_20170415T053451_20170415T053516_005167_0090B0_66A4_COG
S1B_IW_GRDH_1SDV_20170416T172157_20170416T172222_005189_00914B_08FE_COG,OK,CACHE,0,sentinel-1b,2017-04-16T17:21:57.517994Z,2017-04-16T17:22:22.517157Z,IW,VV|VH,ascending,88,5189,,L1,"[5.882317, 43.639706, 9.473475, 45.545162]",11,https://stac.dataspace.copernicus.eu/v1/collections/sentinel-1-grd/items/S1B_IW_GRDH_1SDV_20170416T172157_20170416T172222_005189_00914B_08FE_COG
S1B_IW_GRDH_1SDV_20170416T172222_20170416T172247_005189_00914B_819D_COG,OK,CACHE,0,sentinel-1b,2017-04-16T17:22:22.518653Z,2017-04-16T17:22:47.516319Z,IW,VV|VH,ascending,88,5189,,L1,"[5.427343, 45.14254, 9.172409, 47.040394]",11,https://stac.dataspace.copernicus.eu/v1/collections/sentinel-1-grd/items/S1B_IW_GRDH_1SDV_20170416T172222_20170416T172247_005189_00914B_819D_COG
S1B_IW_GRDH_1SDV_20170422T052621_20170422T052646_005269_0093AC_9D35_COG,OK,CACHE,0,sentinel-1b,2017-04-22T05:26:21.869235Z,2017-04-22T05:26:46.868375Z,IW,VV|VH,descending,168,5269,,L1,"[8.486796, 44.291245, 12.083116, 46.187492]",11,https://stac.dataspace.copernicus.eu/v1/collections/sentinel-1-grd/items/S1B_IW_GRDH_1SDV_20170422T052621_20170422T052646_005269_0093AC_9D35_COG
S1B_IW_GRDH_1SDV_20170423T171343_20170423T171408_005291_00944C_2F57_COG,OK,CACHE,0,sentinel-1b,2017-04-23T17:13:43.424758Z,2017-04-23T17:14:08.422880Z,IW,VV|VH,ascending,15,5291,,L1,"[7.911365, 43.593571, 11.567673, 45.501648]",11,https://stac.dataspace.copernicus.eu/v1/collections/sentinel-1-grd/items/S1B_IW_GRDH_1SDV_20170423T171343_20170423T171408_005291_00944C_2F57_COG
S1B_IW_GRDH_1SDV_20170423T171408_20170423T171433_005291_00944C_7342_COG,OK,CACHE,0,sentinel-1b,2017-04-23T17:14:08.424400Z,2017-04-23T17:14:33.424021Z,IW,VV|VH,ascending,15,5291,,L1,"[7.517243, 45.093029, 11.243695, 47.003296]",11,https://stac.dataspace.copernicus.eu/v1/collections/sentinel-1-grd/items/S1B_IW_GRDH_1SDV_20170423T171408_20170423T171433_005291_00944C_7342_COG
S1B_IW_GRDH_1SDV_20170427T053426_20170427T053451_005342_0095D4_CD42_COG,OK,CACHE,0,sentinel-1b,2017-04-27T05:34:26.868064Z,2017-04-27T05:34:51.866925Z,IW,VV|VH,descending,66,5342,,L1,"[6.529325, 44.814968, 10.145379, 46.715996]",11,https://stac.dataspace.copernicus.eu/v1/collections/sentinel-1-grd/items/S1B_IW_GRDH_1SDV_20170427T053426_20170427T053451_005342_0095D4_CD42_COG
S1B_IW_GRDH_1SDV_20170427T053451_20170427T053516_005342_0095D4_A3D6_COG,OK,CACHE,0,sentinel-1b,2017-04-27T05:34:51.868451Z,2017-04-27T05:35:16.867315Z,IW,VV|VH,descending,66,5342,,L1,"[6.208317, 43.314915, 9.763774, 45.213448]",11,https://stac.dataspace.copernicus.eu/v1/collections/sentinel-1-grd/items/S1B_IW_GRDH_1SDV_20170427T053451_20170427T053516_005342_0095D4_A3D6_COG
S1B_IW_GRDH_1SDV_20170428T172157_20170428T172222_005364_00966C_CBE5_COG,OK,CACHE,0,sentinel-1b,2017-04-28T17:21:57.998675Z,2017-04-28T17:22:22.997875Z,IW,VV|VH,ascending,88,5364,,L1,"[5.883558, 43.639782, 9.474791, 45.545193]",11,https://stac.dataspace.copernicus.eu/v1/collections/sentinel-1-grd/items/S1B_IW_GRDH_1SDV_20170428T172157_20170428T172222_005364_00966C_CBE5_COG
S1B_IW_GRDH_1SDV_20170428T172222_20170428T172247_005364_00966C_474D_COG,OK,CACHE,0,sentinel-1b,2017-04-28T17:22:22.999388Z,2017-04-28T17:22:47.997094Z,IW,VV|VH,ascending,88,5364,,L1,"[5.429095, 45.142624, 9.173795, 47.040478]",11,https://stac.dataspace.copernicus.eu/v1/collections/sentinel-1-grd/items/S1B_IW_GRDH_1SDV_20170428T172222_20170428T172247_005364_00966C_474D_COG
S1B_IW_GRDH_1SDV_20170504T052622_20170504T052647_005444_0098B2_C2E5_COG,OK,CACHE,0,sentinel-1b,2017-05-04T05:26:22.466687Z,2017-05-04T05:26:47.466010Z,IW,VV|VH,descending,168,5444,,L1,"[8.487611, 44.291199, 12.08404, 46.187519]",11,https://stac.dataspace.copernicus.eu/v1/collections/sentinel-1-grd/items/S1B_IW_GRDH_1SDV_20170504T052622_20170504T052647_005444_0098B2_C2E5_COG
S1B_IW_GRDH_1SDV_20170505T171344_20170505T171409_005466_009944_58FE_COG,OK,CACHE,0,sentinel-1b,2017-05-05T17:13:44.064755Z,2017-05-05T17:14:09.062764Z,IW,VV|VH,ascending,15,5466,,L1,"[7.910609, 43.593662, 11.566835, 45.501766]",11,https://stac.dataspace.copernicus.eu/v1/collections/sentinel-1-grd/items/S1B_IW_GRDH_1SDV_20170505T171344_20170505T171409_005466_009944_58FE_COG
S1B_IW_GRDH_1SDV_20170505T171409_20170505T171434_005466_009944_51E6_COG,OK,CACHE,0,sentinel-1b,2017-05-05T17:14:09.064264Z,2017-05-05T17:14:34.063770Z,IW,VV|VH,ascending,15,5466,,L1,"[7.51644, 45.093113, 11.242808, 47.003407]",11,https://stac.dataspace.copernicus.eu/v1/collections/sentinel-1-grd/items/S1B_IW_GRDH_1SDV_20170505T171409_20170505T171434_005466_009944_51E6_COG
S1B_IW_GRDH_1SDV_20170509T053432_20170509T053457_005517_009AA9_34B8_COG,OK,CACHE,0,sentinel-1b,2017-05-09T05:34:32.118035Z,2017-05-09T05:34:57.116338Z,IW,VV|VH,descending,66,5517,,L1,"[6.416989, 44.546028, 10.083649, 46.448589]",11,https://stac.dataspace.copernicus.eu/v1/collections/sentinel-1-grd/items/S1B_IW_GRDH_1SDV_20170509T053432_20170509T053457_005517_009AA9_34B8_COG
S1B_IW_GRDH_1SDV_20170510T172158_20170510T172223_005539_009B3B_113E_COG,OK,CACHE,0,sentinel-1b,2017-05-10T17:21:58.604162Z,2017-05-10T17:22:23.603247Z,IW,VV|VH,ascending,88,5539,,L1,"[5.883881, 43.639977, 9.474847, 45.545349]",11,https://stac.dataspace.copernicus.eu/v1/collections/sentinel-1-grd/items/S1B_IW_GRDH_1SDV_20170510T172158_20170510T172223_005539_009B3B_113E_COG
S1B_IW_GRDH_1SDV_20170510T172223_20170510T172248_005539_009B3B_2197_COG,OK,CACHE,0,sentinel-1b,2017-05-10T17:22:23.604742Z,2017-05-10T17:22:48.602331Z,IW,VV|VH,ascending,88,5539,,L1,"[5.429432, 45.142818, 9.17388, 47.04063]",11,https://stac.dataspace.copernicus.eu/v1/collections/sentinel-1-grd/items/S1B_IW_GRDH_1SDV_20170510T172223_20170510T172248_005539_009B3B_2197_COG
S1B_IW_GRDH_1SDV_20170516T052628_20170516T052653_005619_009D73_3DD8_COG,OK,CACHE,0,sentinel-1b,2017-05-16T05:26:28.073490Z,2017-05-16T05:26:53.071106Z,IW,VV|VH,descending,168,5619,,L1,"[8.351909, 43.990269, 12.009613, 45.891273]",11,https://stac.dataspace.copernicus.eu/v1/collections/sentinel-1-grd/items/S1B_IW_GRDH_1SDV_20170516T052628_20170516T052653_005619_009D73_3DD8_COG
S1B_IW_GRDH_1SDV_20170517T171344_20170517T171409_005641_009E0D_072D_COG,OK,CACHE,0,sentinel-1b,2017-05-17T17:13:44.650331Z,2017-05-17T17:14:09.649909Z,IW,VV|VH,ascending,15,5641,,L1,"[7.910715, 43.593544, 11.567087, 45.501755]",11,https://stac.dataspace.copernicus.eu/v1/collections/sentinel-1-grd/items/S1B_IW_GRDH_1SDV_20170517T171344_20170517T171409_005641_009E0D_072D_COG
S1B_IW_GRDH_1SDV_20170517T171409_20170517T171434_005641_009E0D_7CE7_COG,OK,CACHE,0,sentinel-1b,2017-05-17T17:14:09.651408Z,2017-05-17T17:14:34.649489Z,IW,VV|VH,ascending,15,5641,,L1,"[7.516567, 45.093082, 11.243038, 47.003307]",11,https://stac.dataspace.copernicus.eu/v1/collections/sentinel-1-grd/items/S1B_IW_GRDH_1SDV_20170517T171409_20170517T171434_005641_009E0D_7CE7_COG
S1B_IW_GRDH_1SDV_20170521T053432_20170521T053457_005692_009F8E_DC16_COG,OK,CACHE,0,sentinel-1b,2017-05-21T05:34:32.763879Z,2017-05-21T05:34:57.762021Z,IW,VV|VH,descending,66,5692,,L1,"[6.417467, 44.546005, 10.084151, 46.448586]",11,https://stac.dataspace.copernicus.eu/v1/collections/sentinel-1-grd/items/S1B_IW_GRDH_1SDV_20170521T053432_20170521T053457_005692_009F8E_DC16_COG
S1B_IW_GRDH_1SDV_20170522T172159_20170522T172224_005714_00A028_E5B1_COG,OK,CACHE,0,sentinel-1b,2017-05-22T17:21:59.259445Z,2017-05-22T17:22:24.258639Z,IW,VV|VH,ascending,88,5714,,L1,"[5.883367, 43.639812, 9.474434, 45.545216]",11,https://stac.dataspace.copernicus.eu/v1/collections/sentinel-1-grd/items/S1B_IW_GRDH_1SDV_20170522T172159_20170522T172224_005714_00A028_E5B1_COG
S1B_IW_GRDH_1SDV_20170522T172224_20170522T172249_005714_00A028_C64B_COG,OK,CACHE,0,sentinel-1b,2017-05-22T17:22:24.260153Z,2017-05-22T17:22:49.257852Z,IW,VV|VH,ascending,88,5714,,L1,"[5.428904, 45.142662, 9.173606, 47.040512]",11,https://stac.dataspace.copernicus.eu/v1/collections/sentinel-1-grd/items/S1B_IW_GRDH_1SDV_20170522T172224_20170522T172249_005714_00A028_C64B_COG
S1B_IW_GRDH_1SDV_20170528T052628_20170528T052653_005794_00A285_2A35_COG,OK,CACHE,0,sentinel-1b,2017-05-28T05:26:28.529143Z,2017-05-28T05:26:53.528241Z,IW,VV|VH,descending,168,5794,,L1,"[8.35279, 43.990158, 12.010359, 45.891228]",11,https://stac.dataspace.copernicus.eu/v1/collections/sentinel-1-grd/items/S1B_IW_GRDH_1SDV_20170528T052628_20170528T052653_005794_00A285_2A35_COG
S1B_IW_GRDH_1SDV_20170529T171345_20170529T171410_005816_00A31A_3F31_COG,OK,CACHE,0,sentinel-1b,2017-05-29T17:13:45.096146Z,2017-05-29T17:14:10.094164Z,IW,VV|VH,ascending,15,5816,,L1,"[7.91214, 43.593681, 11.568367, 45.501781]",11,https://stac.dataspace.copernicus.eu/v1/collections/sentinel-1-grd/items/S1B_IW_GRDH_1SDV_20170529T171345_20170529T171410_005816_00A31A_3F31_COG
S1B_IW_GRDH_1SDV_20170529T171410_20170529T171435_005816_00A31A_B61D_COG,OK,CACHE,0,sentinel-1b,2017-05-29T17:14:10.095664Z,2017-05-29T17:14:35.095178Z,IW,VV|VH,ascending,15,5816,,L1,"[7.517968, 45.093128, 11.24434, 47.003426]",11,https://stac.dataspace.copernicus.eu/v1/collections/sentinel-1-grd/items/S1B_IW_GRDH_1SDV_20170529T171410_20170529T171435_005816_00A31A_B61D_COG
S1B_IW_GRDH_1SDV_20170602T053433_20170602T053458_005867_00A499_1EF1_COG,OK,CACHE,0,sentinel-1b,2017-06-02T05:34:33.297392Z,2017-06-02T05:34:58.296103Z,IW,VV|VH,descending,66,5867,,L1,"[6.419544, 44.54591, 10.086129, 46.448608]",11,https://stac.dataspace.copernicus.eu/v1/collections/sentinel-1-grd/items/S1B_IW_GRDH_1SDV_20170602T053433_20170602T053458_005867_00A499_1EF1_COG
S1B_IW_GRDH_1SDV_20170603T172157_20170603T172222_005889_00A538_8526_COG,OK,CACHE,0,sentinel-1b,2017-06-03T17:21:57.183245Z,2017-06-03T17:22:22.182246Z,IW,VV|VH,ascending,88,5889,,L1,"[5.928804, 43.472469, 9.49373, 45.379669]",11,https://stac.dataspace.copernicus.eu/v1/collections/sentinel-1-grd/items/S1B_IW_GRDH_1SDV_20170603T172157_20170603T172222_005889_00A538_8526_COG
S1B_IW_GRDH_1SDV_20170603T172222_20170603T172247_005889_00A538_D9D1_COG,OK,CACHE,0,sentinel-1b,2017-06-03T17:22:22.183741Z,2017-06-03T17:22:47.181246Z,IW,VV|VH,ascending,88,5889,,L1,"[5.475531, 44.977314, 9.206726, 46.874962]",11,https://stac.dataspace.copernicus.eu/v1/collections/sentinel-1-grd/items/S1B_IW_GRDH_1SDV_20170603T172222_20170603T172247_005889_00A538_D9D1_COG
S1B_IW_GRDH_1SDV_20170609T052621_20170609T052646_005969_00A798_CEA0_COG,OK,CACHE,0,sentinel-1b,2017-06-09T05:26:21.216069Z,2017-06-09T05:26:46.215058Z,IW,VV|VH,descending,168,5969,,L1,"[8.470417, 44.484596, 12.13554, 46.388771]",11,https://stac.dataspace.copernicus.eu/v1/collections/sentinel-1-grd/items/S1B_IW_GRDH_1SDV_20170609T052621_20170609T052646_005969_00A798_CEA0_COG
S1B_IW_GRDH_1SDV_20170610T171346_20170610T171411_005991_00A834_FC7B_COG,OK,CACHE,0,sentinel-1b,2017-06-10T17:13:46.072255Z,2017-06-10T17:14:11.071836Z,IW,VV|VH,ascending,15,5991,,L1,"[7.91186, 43.593601, 11.568191, 45.501751]",11,https://stac.dataspace.copernicus.eu/v1/collections/sentinel-1-grd/items/S1B_IW_GRDH_1SDV_20170610T171346_20170610T171411_005991_00A834_FC7B_COG
S1B_IW_GRDH_1SDV_20170610T171411_20170610T171436_005991_00A834_972E_COG,OK,CACHE,0,sentinel-1b,2017-06-10T17:14:11.073338Z,2017-06-10T17:14:36.071422Z,IW,VV|VH,ascending,15,5991,,L1,"[7.517775, 45.093143, 11.2442, 47.003307]",11,https://stac.dataspace.copernicus.eu/v1/collections/sentinel-1-grd/items/S1B_IW_GRDH_1SDV_20170610T171411_20170610T171436_005991_00A834_972E_COG
S1B_IW_GRDH_1SDV_20170614T053434_20170614T053459_006042_00A9BE_335F_COG,OK,CACHE,0,sentinel-1b,2017-06-14T05:34:34.204396Z,2017-06-14T05:34:59.203316Z,IW,VV|VH,descending,66,6042,,L1,"[6.417951, 44.545986, 10.084649, 46.448616]",11,https://stac.dataspace.copernicus.eu/v1/collections/sentinel-1-grd/items/S1B_IW_GRDH_1SDV_20170614T053434_20170614T053459_006042_00A9BE_335F_COG
S1B_IW_GRDH_1SDV_20170615T172157_20170615T172222_006064_00AA60_78AE_COG,OK,CACHE,0,sentinel-1b,2017-06-15T17:21:57.983274Z,2017-06-15T17:22:22.982335Z,IW,VV|VH,ascending,88,6064,,L1,"[5.928114, 43.472359, 9.493339, 45.379555]",11,https://stac.dataspace.copernicus.eu/v1/collections/sentinel-1-grd/items/S1B_IW_GRDH_1SDV_20170615T172157_20170615T172222_006064_00AA60_78AE_COG
S1B_IW_GRDH_1SDV_20170615T172222_20170615T172247_006064_00AA60_4B0A_COG,OK,CACHE,0,sentinel-1b,2017-06-15T17:22:22.983848Z,2017-06-15T17:22:47.982911Z,IW,VV|VH,ascending,88,6064,,L1,"[5.475007, 44.977177, 9.206261, 46.874973]",11,https://stac.dataspace.copernicus.eu/v1/collections/sentinel-1-grd/items/S1B_IW_GRDH_1SDV_20170615T172222_20170615T172247_006064_00AA60_4B0A_COG
S1B_IW_GRDH_1SDV_20170621T052621_20170621T052646_006144_00ACB6_489B_COG,OK,CACHE,0,sentinel-1b,2017-06-21T05:26:21.724939Z,2017-06-21T05:26:46.723859Z,IW,VV|VH,descending,168,6144,,L1,"[8.471226, 44.484531, 12.136232, 46.388699]",11,https://stac.dataspace.copernicus.eu/v1/collections/sentinel-1-grd/items/S1B_IW_GRDH_1SDV_20170621T052621_20170621T052646_006144_00ACB6_489B_COG
S1B_IW_GRDH_1SDV_20170622T171346_20170622T171411_006166_00AD50_472E_COG,OK,CACHE,0,sentinel-1b,2017-06-22T17:13:46.563233Z,2017-06-22T17:14:11.561245Z,IW,VV|VH,ascending,15,6166,,L1,"[7.913159, 43.593761, 11.569463, 45.501804]",11,https://stac.dataspace.copernicus.eu/v1/collections/sentinel-1-grd/items/S1B_IW_GRDH_1SDV_20170622T171346_20170622T171411_006166_00AD50_472E_COG
S1B_IW_GRDH_1SDV_20170622T171411_20170622T171436_006166_00AD50_5078_COG,OK,CACHE,0,sentinel-1b,2017-06-22T17:14:11.562745Z,2017-06-22T17:14:36.562254Z,IW,VV|VH,ascending,15,6166,,L1,"[7.519059, 45.093216, 11.245381, 47.003437]",11,https://stac.dataspace.copernicus.eu/v1/collections/sentinel-1-grd/items/S1B_IW_GRDH_1SDV_20170622T171411_20170622T171436_006166_00AD50_5078_COG
S1B_IW_GRDH_1SDV_20170626T053434_20170626T053459_006217_00AED5_473E_COG,OK,CACHE,0,sentinel-1b,2017-06-26T05:34:34.796860Z,2017-06-26T05:34:59.795543Z,IW,VV|VH,descending,66,6217,,L1,"[6.417919, 44.545918, 10.084577, 46.448498]",11,https://stac.dataspace.copernicus.eu/v1/collections/sentinel-1-grd/items/S1B_IW_GRDH_1SDV_20170626T053434_20170626T053459_006217_00AED5_473E_COG
S1B_IW_GRDH_1SDV_20170627T172158_20170627T172223_006239_00AF72_6D1F_COG,OK,CACHE,0,sentinel-1b,2017-06-27T17:21:58.606943Z,2017-06-27T17:22:23.605933Z,IW,VV|VH,ascending,88,6239,,L1,"[5.929602, 43.4725, 9.494495, 45.379669]",11,https://stac.dataspace.copernicus.eu/v1/collections/sentinel-1-grd/items/S1B_IW_GRDH_1SDV_20170627T172158_20170627T172223_006239_00AF72_6D1F_COG
S1B_IW_GRDH_1SDV_20170627T172223_20170627T172248_006239_00AF72_47E4_COG,OK,CACHE,0,sentinel-1b,2017-06-27T17:22:23.607447Z,2017-06-27T17:22:48.604943Z,IW,VV|VH,ascending,88,6239,,L1,"[5.476196, 44.977348, 9.207656, 46.874966]",11,https://stac.dataspace.copernicus.eu/v1/collections/sentinel-1-grd/items/S1B_IW_GRDH_1SDV_20170627T172223_20170627T172248_006239_00AF72_47E4_COG
S1B_IW_GRDH_1SDV_20170703T052622_20170703T052647_006319_00B1C7_AB08_COG,OK,CACHE,0,sentinel-1b,2017-07-03T05:26:22.422822Z,2017-07-03T05:26:47.421772Z,IW,VV|VH,descending,168,6319,,L1,"[8.472028, 44.484463, 12.137228, 46.388676]",11,https://stac.dataspace.copernicus.eu/v1/collections/sentinel-1-grd/items/S1B_IW_GRDH_1SDV_20170703T052622_20170703T052647_006319_00B1C7_AB08_COG
S1B_IW_GRDH_1SDV_20170704T171347_20170704T171412_006341_00B255_C228_COG,OK,CACHE,0,sentinel-1b,2017-07-04T17:13:47.221122Z,2017-07-04T17:14:12.219232Z,IW,VV|VH,ascending,15,6341,,L1,"[7.912343, 43.593559, 11.568664, 45.501648]",11,https://stac.dataspace.copernicus.eu/v1/collections/sentinel-1-grd/items/S1B_IW_GRDH_1SDV_20170704T171347_20170704T171412_006341_00B255_C228_COG
S1B_IW_GRDH_1SDV_20170704T171412_20170704T171437_006341_00B255_AE26_COG,OK,CACHE,0,sentinel-1b,2017-07-04T17:14:12.220733Z,2017-07-04T17:14:37.220341Z,IW,VV|VH,ascending,15,6341,,L1,"[7.518207, 45.09301, 11.244668, 47.003292]",11,https://stac.dataspace.copernicus.eu/v1/collections/sentinel-1-grd/items/S1B_IW_GRDH_1SDV_20170704T171412_20170704T171437_006341_00B255_AE26_COG
S1B_IW_GRDH_1SDV_20170709T172159_20170709T172224_006414_00B466_4F71_COG,OK,CACHE,0,sentinel-1b,2017-07-09T17:21:59.310834Z,2017-07-09T17:22:24.309877Z,IW,VV|VH,ascending,88,6414,,L1,"[5.929819, 43.472431, 9.494806, 45.379585]",11,https://stac.dataspace.copernicus.eu/v1/collections/sentinel-1-grd/items/S1B_IW_GRDH_1SDV_20170709T172159_20170709T172224_006414_00B466_4F71_COG
S1B_IW_GRDH_1SDV_20170709T172224_20170709T172249_006414_00B466_30B3_COG,OK,CACHE,0,sentinel-1b,2017-07-09T17:22:24.311373Z,2017-07-09T17:22:49.310416Z,IW,VV|VH,ascending,88,6414,,L1,"[5.47642, 44.977283, 9.207878, 46.874954]",11,https://stac.dataspace.copernicus.eu/v1/collections/sentinel-1-grd/items/S1B_IW_GRDH_1SDV_20170709T172224_20170709T172249_006414_00B466_30B3_COG
S1B_IW_GRDH_1SDV_20170715T052623_20170715T052648_006494_00B6B9_CFC8_COG,OK,CACHE,0,sentinel-1b,2017-07-15T05:26:23.305172Z,2017-07-15T05:26:48.304097Z,IW,VV|VH,descending,168,6494,,L1,"[8.471531, 44.484421, 12.136595, 46.388634]",11,https://stac.dataspace.copernicus.eu/v1/collections/sentinel-1-grd/items/S1B_IW_GRDH_1SDV_20170715T052623_20170715T052648_006494_00B6B9_CFC8_COG
S1B_IW_GRDH_1SDV_20170716T171348_20170716T171413_006516_00B74F_351D_COG,OK,CACHE,0,sentinel-1b,2017-07-16T17:13:48.164415Z,2017-07-16T17:14:13.162567Z,IW,VV|VH,ascending,15,6516,,L1,"[7.910305, 43.593563, 11.566658, 45.501701]",11,https://stac.dataspace.copernicus.eu/v1/collections/sentinel-1-grd/items/S1B_IW_GRDH_1SDV_20170716T171348_20170716T171413_006516_00B74F_351D_COG
S1B_IW_GRDH_1SDV_20170716T171413_20170716T171438_006516_00B74F_467D_COG,OK,CACHE,0,sentinel-1b,2017-07-16T17:14:13.164066Z,2017-07-16T17:14:38.162218Z,IW,VV|VH,ascending,15,6516,,L1,"[7.516152, 45.093014, 11.24262, 47.003254]",11,https://stac.dataspace.copernicus.eu/v1/collections/sentinel-1-grd/items/S1B_IW_GRDH_1SDV_20170716T171413_20170716T171438_006516_00B74F_467D_COG
S1B_IW_GRDH_1SDV_20170720T053436_20170720T053501_006567_00B8C9_F721_COG,OK,CACHE,0,sentinel-1b,2017-07-20T05:34:36.290778Z,2017-07-20T05:35:01.289472Z,IW,VV|VH,descending,66,6567,,L1,"[6.417862, 44.545807, 10.084534, 46.448425]",11,https://stac.dataspace.copernicus.eu/v1/collections/sentinel-1-grd/items/S1B_IW_GRDH_1SDV_20170720T053436_20170720T053501_006567_00B8C9_F721_COG
S1B_IW_GRDH_1SDV_20170721T172200_20170721T172225_006589_00B965_8AED_COG,OK,CACHE,0,sentinel-1b,2017-07-21T17:22:00.114270Z,2017-07-21T17:22:25.113239Z,IW,VV|VH,ascending,88,6589,,L1,"[5.929281, 43.472542, 9.494166, 45.379692]",11,https://stac.dataspace.copernicus.eu/v1/collections/sentinel-1-grd/items/S1B_IW_GRDH_1SDV_20170721T172200_20170721T172225_006589_00B965_8AED_COG
S1B_IW_GRDH_1SDV_20170721T172225_20170721T172250_006589_00B965_DF71_COG,OK,CACHE,0,sentinel-1b,2017-07-21T17:22:25.114735Z,2017-07-21T17:22:50.113705Z,IW,VV|VH,ascending,88,6589,,L1,"[5.475866, 44.97739, 9.207212, 46.875065]",11,https://stac.dataspace.copernicus.eu/v1/collections/sentinel-1-grd/items/S1B_IW_GRDH_1SDV_20170721T172225_20170721T172250_006589_00B965_DF71_COG
S1B_IW_GRDH_1SDV_20170727T052623_20170727T052648_006669_00BBB5_3E29_COG,OK,CACHE,0,sentinel-1b,2017-07-27T05:26:23.968231Z,2017-07-27T05:26:48.967207Z,IW,VV|VH,descending,168,6669,,L1,"[8.471462, 44.48444, 12.136446, 46.388607]",11,https://stac.dataspace.copernicus.eu/v1/collections/sentinel-1-grd/items/S1B_IW_GRDH_1SDV_20170727T052623_20170727T052648_006669_00BBB5_3E29_COG
S1B_IW_GRDH_1SDV_20170728T171348_20170728T171413_006691_00BC4A_B8C1_COG,OK,CACHE,0,sentinel-1b,2017-07-28T17:13:48.816758Z,2017-07-28T17:14:13.814787Z,IW,VV|VH,ascending,15,6691,,L1,"[7.912055, 43.593723, 11.568262, 45.501793]",11,https://stac.dataspace.copernicus.eu/v1/collections/sentinel-1-grd/items/S1B_IW_GRDH_1SDV_20170728T171348_20170728T171413_006691_00BC4A_B8C1_COG
S1B_IW_GRDH_1SDV_20170728T171413_20170728T171438_006691_00BC4A_EFCD_COG,OK,CACHE,0,sentinel-1b,2017-07-28T17:14:13.816287Z,2017-07-28T17:14:38.815813Z,IW,VV|VH,ascending,15,6691,,L1,"[7.517917, 45.093174, 11.244266, 47.003437]",11,https://stac.dataspace.copernicus.eu/v1/collections/sentinel-1-grd/items/S1B_IW_GRDH_1SDV_20170728T171413_20170728T171438_006691_00BC4A_EFCD_COG
S1B_IW_GRDH_1SDV_20170801T053436_20170801T053501_006742_00BDCE_D0CB_COG,OK,CACHE,0,sentinel-1b,2017-08-01T05:34:36.933455Z,2017-08-01T05:35:01.932135Z,IW,VV|VH,descending,66,6742,,L1,"[6.418093, 44.545834, 10.084774, 46.448452]",11,https://stac.dataspace.copernicus.eu/v1/collections/sentinel-1-grd/items/S1B_IW_GRDH_1SDV_20170801T053436_20170801T053501_006742_00BDCE_D0CB_COG
S1B_IW_GRDH_1SDV_20170808T052624_20170808T052649_006844_00C0C1_3857_COG,OK,CACHE,0,sentinel-1b,2017-08-08T05:26:24.585071Z,2017-08-08T05:26:49.584013Z,IW,VV|VH,descending,168,6844,,L1,"[8.470529, 44.484398, 12.135529, 46.388538]",11,https://stac.dataspace.copernicus.eu/v1/collections/sentinel-1-grd/items/S1B_IW_GRDH_1SDV_20170808T052624_20170808T052649_006844_00C0C1_3857_COG
S1B_IW_GRDH_1SDV_20170809T171349_20170809T171414_006866_00C15B_2911_COG,OK,CACHE,0,sentinel-1b,2017-08-09T17:13:49.410999Z,2017-08-09T17:14:14.409104Z,IW,VV|VH,ascending,15,6866,,L1,"[7.912316, 43.593643, 11.568619, 45.501701]",11,https://stac.dataspace.copernicus.eu/v1/collections/sentinel-1-grd/items/S1B_IW_GRDH_1SDV_20170809T171349_20170809T171414_006866_00C15B_2911_COG
S1B_IW_GRDH_1SDV_20170809T171414_20170809T171439_006866_00C15B_1345_COG,OK,CACHE,0,sentinel-1b,2017-08-09T17:14:14.410604Z,2017-08-09T17:14:39.410205Z,IW,VV|VH,ascending,15,6866,,L1,"[7.518209, 45.093098, 11.244654, 47.003349]",11,https://stac.dataspace.copernicus.eu/v1/collections/sentinel-1-grd/items/S1B_IW_GRDH_1SDV_20170809T171414_20170809T171439_006866_00C15B_1345_COG
S1B_IW_GRDH_1SDV_20170813T053437_20170813T053502_006917_00C2E7_ED72_COG,OK,CACHE,0,sentinel-1b,2017-08-13T05:34:37.492213Z,2017-08-13T05:35:02.489369Z,IW,VV|VH,descending,66,6917,,L1,"[6.418436, 44.545841, 10.084855, 46.448414]",11,https://stac.dataspace.copernicus.eu/v1/collections/sentinel-1-grd/items/S1B_IW_GRDH_1SDV_20170813T053437_20170813T053502_006917_00C2E7_ED72_COG
S1B_IW_GRDH_1SDV_20170814T172201_20170814T172226_006939_00C38A_09EB_COG,OK,CACHE,0,sentinel-1b,2017-08-14T17:22:01.238345Z,2017-08-14T17:22:26.237408Z,IW,VV|VH,ascending,88,6939,,L1,"[5.928048, 43.472385, 9.493279, 45.379601]",11,https://stac.dataspace.copernicus.eu/v1/collections/sentinel-1-grd/items/S1B_IW_GRDH_1SDV_20170814T172201_20170814T172226_006939_00C38A_09EB_COG
S1B_IW_GRDH_1SDV_20170814T172226_20170814T172251_006939_00C38A_47FE_COG,OK,CACHE,0,sentinel-1b,2017-08-14T17:22:26.238903Z,2017-08-14T17:22:51.237965Z,IW,VV|VH,ascending,88,6939,,L1,"[5.474928, 44.977207, 9.206066, 46.875004]",11,https://stac.dataspace.copernicus.eu/v1/collections/sentinel-1-grd/items/S1B_IW_GRDH_1SDV_20170814T172226_20170814T172251_006939_00C38A_47FE_COG
S1B_IW_GRDH_1SDV_20170820T052625_20170820T052650_007019_00C5DD_0BEE_COG,OK,CACHE,0,sentinel-1b,2017-08-20T05:26:25.116288Z,2017-08-20T05:26:50.115218Z,IW,VV|VH,descending,168,7019,,L1,"[8.471692, 44.484421, 12.136699, 46.388599]",11,https://stac.dataspace.copernicus.eu/v1/collections/sentinel-1-grd/items/S1B_IW_GRDH_1SDV_20170820T052625_20170820T052650_007019_00C5DD_0BEE_COG
S1B_IW_GRDH_1SDV_20170821T171349_20170821T171414_007041_00C672_392E_COG,OK,CACHE,0,sentinel-1b,2017-08-21T17:13:49.977650Z,2017-08-21T17:14:14.975809Z,IW,VV|VH,ascending,15,7041,,L1,"[7.912385, 43.593647, 11.568702, 45.501728]",11,https://stac.dataspace.copernicus.eu/v1/collections/sentinel-1-grd/items/S1B_IW_GRDH_1SDV_20170821T171349_20170821T171414_007041_00C672_392E_COG
S1B_IW_GRDH_1SDV_20170821T171414_20170821T171439_007041_00C672_9E1D_COG,OK,CACHE,0,sentinel-1b,2017-08-21T17:14:14.977307Z,2017-08-21T17:14:39.975466Z,IW,VV|VH,ascending,15,7041,,L1,"[7.518291, 45.093102, 11.24472, 47.003284]",11,https://stac.dataspace.copernicus.eu/v1/collections/sentinel-1-grd/items/S1B_IW_GRDH_1SDV_20170821T171414_20170821T171439_007041_00C672_9E1D_COG
S1B_IW_GRDH_1SDV_20170825T053438_20170825T053503_007092_00C7F7_31B6_COG,OK,CACHE,0,sentinel-1b,2017-08-25T05:34:38.145692Z,2017-08-25T05:35:03.144370Z,IW,VV|VH,descending,66,7092,,L1,"[6.417819, 44.54583, 10.084468, 46.448414]",11,https://stac.dataspace.copernicus.eu/v1/collections/sentinel-1-grd/items/S1B_IW_GRDH_1SDV_20170825T053438_20170825T053503_007092_00C7F7_31B6_COG
S1B_IW_GRDH_1SDV_20170826T172201_20170826T172226_007114_00C898_C8B1_COG,OK,CACHE,0,sentinel-1b,2017-08-26T17:22:01.922573Z,2017-08-26T17:22:26.921528Z,IW,VV|VH,ascending,88,7114,,L1,"[5.929372, 43.472614, 9.494273, 45.37978]",11,https://stac.dataspace.copernicus.eu/v1/collections/sentinel-1-grd/items/S1B_IW_GRDH_1SDV_20170826T172201_20170826T172226_007114_00C898_C8B1_COG
S1B_IW_GRDH_1SDV_20170826T172226_20170826T172251_007114_00C898_797A_COG,OK,CACHE,0,sentinel-1b,2017-08-26T17:22:26.923041Z,2017-08-26T17:22:51.921997Z,IW,VV|VH,ascending,88,7114,,L1,"[5.475941, 44.977463, 9.207432, 46.875164]",11,https://stac.dataspace.copernicus.eu/v1/collections/sentinel-1-grd/items/S1B_IW_GRDH_1SDV_20170826T172226_20170826T172251_007114_00C898_797A_COG
S1B_IW_GRDH_1SDV_20170901T052625_20170901T052650_007194_00CAE9_DE05_COG,OK,CACHE,0,sentinel-1b,2017-09-01T05:26:25.659376Z,2017-09-01T05:26:50.658373Z,IW,VV|VH,descending,168,7194,,L1,"[8.471824, 44.48439, 12.13703, 46.388607]",11,https://stac.dataspace.copernicus.eu/v1/collections/sentinel-1-grd/items/S1B_IW_GRDH_1SDV_20170901T052625_20170901T052650_007194_00CAE9_DE05_COG
S1B_IW_GRDH_1SDV_20170902T171350_20170902T171415_007216_00CB83_7FAA_COG,OK,CACHE,0,sentinel-1b,2017-09-02T17:13:50.477176Z,2017-09-02T17:14:15.475239Z,IW,VV|VH,ascending,15,7216,,L1,"[7.91211, 43.593777, 11.568566, 45.501869]",11,https://stac.dataspace.copernicus.eu/v1/collections/sentinel-1-grd/items/S1B_IW_GRDH_1SDV_20170902T171350_20170902T171415_007216_00CB83_7FAA_COG
S1B_IW_GRDH_1SDV_20170902T171415_20170902T171440_007216_00CB83_4090_COG,OK,CACHE,0,sentinel-1b,2017-09-02T17:14:15.476718Z,2017-09-02T17:14:40.474781Z,IW,VV|VH,ascending,15,7216,,L1,"[7.518, 45.093227, 11.244452, 47.003407]",11,https://stac.dataspace.copernicus.eu/v1/collections/sentinel-1-grd/items/S1B_IW_GRDH_1SDV_20170902T171415_20170902T171440_007216_00CB83_4090_COG
S1B_IW_GRDH_1SDV_20170906T053438_20170906T053503_007267_00CD0C_DE81_COG,OK,CACHE,0,sentinel-1b,2017-09-06T05:34:38.481296Z,2017-09-06T05:35:03.479995Z,IW,VV|VH,descending,66,7267,,L1,"[6.418075, 44.545807, 10.084718, 46.44838]",11,https://stac.dataspace.copernicus.eu/v1/collections/sentinel-1-grd/items/S1B_IW_GRDH_1SDV_20170906T053438_20170906T053503_007267_00CD0C_DE81_COG
S1B_IW_GRDH_1SDV_20170907T172202_20170907T172227_007289_00CDAE_4BF3_COG,OK,CACHE,0,sentinel-1b,2017-09-07T17:22:02.254299Z,2017-09-07T17:22:27.253284Z,IW,VV|VH,ascending,88,7289,,L1,"[5.93068, 43.472652, 9.495684, 45.379784]",11,https://stac.dataspace.copernicus.eu/v1/collections/sentinel-1-grd/items/S1B_IW_GRDH_1SDV_20170907T172202_20170907T172227_007289_00CDAE_4BF3_COG
S1B_IW_GRDH_1SDV_20170907T172227_20170907T172252_007289_00CDAE_2F63_COG,OK,CACHE,0,sentinel-1b,2017-09-07T17:22:27.254779Z,2017-09-07T17:22:52.252269Z,IW,VV|VH,ascending,88,7289,,L1,"[5.477307, 44.977501, 9.208755, 46.875065]",11,https://stac.dataspace.copernicus.eu/v1/collections/sentinel-1-grd/items/S1B_IW_GRDH_1SDV_20170907T172227_20170907T172252_007289_00CDAE_2F63_COG
S1B_IW_GRDH_1SDV_20170913T052626_20170913T052651_007369_00D00E_361E_COG,OK,CACHE,0,sentinel-1b,2017-09-13T05:26:26.090812Z,2017-09-13T05:26:51.089909Z,IW,VV|VH,descending,168,7369,,L1,"[8.472161, 44.484402, 12.137557, 46.38866]",11,https://stac.dataspace.copernicus.eu/v1/collections/sentinel-1-grd/items/S1B_IW_GRDH_1SDV_20170913T052626_20170913T052651_007369_00D00E_361E_COG
S1B_IW_GRDH_1SDV_20170914T171351_20170914T171416_007391_00D0A7_186C_COG,OK,CACHE,0,sentinel-1b,2017-09-14T17:13:51.089495Z,2017-09-14T17:14:16.087616Z,IW,VV|VH,ascending,15,7391,,L1,"[7.910068, 43.593666, 11.56656, 45.501804]",11,https://stac.dataspace.copernicus.eu/v1/collections/sentinel-1-grd/items/S1B_IW_GRDH_1SDV_20170914T171351_20170914T171416_007391_00D0A7_186C_COG
S1B_IW_GRDH_1SDV_20170914T171416_20170914T171441_007391_00D0A7_068B_COG,OK,CACHE,0,sentinel-1b,2017-09-14T17:14:16.089114Z,2017-09-14T17:14:41.088733Z,IW,VV|VH,ascending,15,7391,,L1,"[7.515875, 45.093113, 11.242392, 47.003433]",11,https://stac.dataspace.copernicus.eu/v1/collections/sentinel-1-grd/items/S1B_IW_GRDH_1SDV_20170914T171416_20170914T171441_007391_00D0A7_068B_COG
S1B_IW_GRDH_1SDV_20170918T053439_20170918T053504_007442_00D231_7084_COG,OK,CACHE,0,sentinel-1b,2017-09-18T05:34:39.135652Z,2017-09-18T05:35:04.134284Z,IW,VV|VH,descending,66,7442,,L1,"[6.417414, 44.545975, 10.084352, 46.448593]",11,https://stac.dataspace.copernicus.eu/v1/collections/sentinel-1-grd/items/S1B_IW_GRDH_1SDV_20170918T053439_20170918T053504_007442_00D231_7084_COG
S1B_IW_GRDH_1SDV_20170919T172202_20170919T172227_007464_00D2CF_1010_COG,OK,CACHE,0,sentinel-1b,2017-09-19T17:22:02.840558Z,2017-09-19T17:22:27.839629Z,IW,VV|VH,ascending,88,7464,,L1,"[5.929228, 43.472534, 9.494371, 45.379704]",11,https://stac.dataspace.copernicus.eu/v1/collections/sentinel-1-grd/items/S1B_IW_GRDH_1SDV_20170919T172202_20170919T172227_007464_00D2CF_1010_COG
S1B_IW_GRDH_1SDV_20170919T172227_20170919T172252_007464_00D2CF_7623_COG,OK,CACHE,0,sentinel-1b,2017-09-19T17:22:27.841125Z,2017-09-19T17:22:52.838701Z,IW,VV|VH,ascending,88,7464,,L1,"[5.475819, 44.977383, 9.207416, 46.874985]",11,https://stac.dataspace.copernicus.eu/v1/collections/sentinel-1-grd/items/S1B_IW_GRDH_1SDV_20170919T172227_20170919T172252_007464_00D2CF_7623_COG
S1B_IW_GRDH_1SDV_20170925T052626_20170925T052651_007544_00D51A_0876_COG,OK,CACHE,0,sentinel-1b,2017-09-25T05:26:26.568919Z,2017-09-25T05:26:51.568076Z,IW,VV|VH,descending,168,7544,,L1,"[8.471503, 44.484512, 12.137013, 46.388779]",11,https://stac.dataspace.copernicus.eu/v1/collections/sentinel-1-grd/items/S1B_IW_GRDH_1SDV_20170925T052626_20170925T052651_007544_00D51A_0876_COG
S1B_IW_GRDH_1SDV_20170926T171351_20170926T171416_007566_00D5B3_7836_COG,OK,CACHE,0,sentinel-1b,2017-09-26T17:13:51.365599Z,2017-09-26T17:14:16.365295Z,IW,VV|VH,ascending,15,7566,,L1,"[7.909811, 43.593575, 11.566459, 45.501831]",11,https://stac.dataspace.copernicus.eu/v1/collections/sentinel-1-grd/items/S1B_IW_GRDH_1SDV_20170926T171351_20170926T171416_007566_00D5B3_7836_COG
S1B_IW_GRDH_1SDV_20170926T171416_20170926T171441_007566_00D5B3_00C1_COG,OK,CACHE,0,sentinel-1b,2017-09-26T17:14:16.366796Z,2017-09-26T17:14:41.364995Z,IW,VV|VH,ascending,15,7566,,L1,"[7.515627, 45.093109, 11.242382, 47.00338]",11,https://stac.dataspace.copernicus.eu/v1/collections/sentinel-1-grd/items/S1B_IW_GRDH_1SDV_20170926T171416_20170926T171441_007566_00D5B3_00C1_COG
S1B_IW_GRDH_1SDV_20170930T053439_20170930T053504_007617_00D737_5037_COG,OK,CACHE,0,sentinel-1b,2017-09-30T05:34:39.437110Z,2017-09-30T05:35:04.436012Z,IW,VV|VH,descending,66,7617,,L1,"[6.41833, 44.545979, 10.085196, 46.448719]",11,https://stac.dataspace.copernicus.eu/v1/collections/sentinel-1-grd/items/S1B_IW_GRDH_1SDV_20170930T053439_20170930T053504_007617_00D737_5037_COG
S1B_IW_GRDH_1SDV_20180405T052627_20180405T052652_010344_012D43_55F6_COG,OK,CACHE,0,sentinel-1b,2018-04-05T05:26:27.651868Z,2018-04-05T05:26:52.650106Z,IW,VV|VH,descending,168,10344,,L1,"[8.486983, 44.291298, 12.083282, 46.187496]",11,https://stac.dataspace.copernicus.eu/v1/collections/sentinel-1-grd/items/S1B_IW_GRDH_1SDV_20180405T052627_20180405T052652_010344_012D43_55F6_COG
S1B_IW_GRDH_1SDV_20180406T171349_20180406T171414_010366_012DF5_4405_COG,OK,CACHE,0,sentinel-1b,2018-04-06T17:13:49.227705Z,2018-04-06T17:14:14.225213Z,IW,VV|VH,ascending,15,10366,,L1,"[7.910295, 43.593281, 11.531, 45.49744]",11,https://stac.dataspace.copernicus.eu/v1/collections/sentinel-1-grd/items/S1B_IW_GRDH_1SDV_20180406T171349_20180406T171414_010366_012DF5_4405_COG
S1B_IW_GRDH_1SDV_20180406T171414_20180406T171439_010366_012DF5_C61C_COG,OK,CACHE,0,sentinel-1b,2018-04-06T17:14:14.226709Z,2018-04-06T17:14:39.225713Z,IW,VV|VH,ascending,15,10366,,L1,"[7.516136, 45.092682, 11.205913, 46.999062]",11,https://stac.dataspace.copernicus.eu/v1/collections/sentinel-1-grd/items/S1B_IW_GRDH_1SDV_20180406T171414_20180406T171439_010366_012DF5_C61C_COG
S1B_IW_GRDH_1SDV_20180410T053432_20180410T053457_010417_012F98_2CFD_COG,OK,CACHE,0,sentinel-1b,2018-04-10T05:34:32.778082Z,2018-04-10T05:34:57.777094Z,IW,VV|VH,descending,66,10417,,L1,"[6.530889, 44.815559, 10.140838, 46.715839]",11,https://stac.dataspace.copernicus.eu/v1/collections/sentinel-1-grd/items/S1B_IW_GRDH_1SDV_20180410T053432_20180410T053457_010417_012F98_2CFD_COG
S1B_IW_GRDH_1SDV_20180410T053457_20180410T053522_010417_012F98_80DB_COG,OK,CACHE,0,sentinel-1b,2018-04-10T05:34:57.778592Z,2018-04-10T05:35:22.777604Z,IW,VV|VH,descending,66,10417,,L1,"[6.209918, 43.315495, 9.759207, 45.213272]",11,https://stac.dataspace.copernicus.eu/v1/collections/sentinel-1-grd/items/S1B_IW_GRDH_1SDV_20180410T053457_20180410T053522_010417_012F98_80DB_COG
S1B_IW_GRDH_1SDV_20180411T172201_20180411T172226_010439_01304B_3CF3_COG,OK,CACHE,0,sentinel-1b,2018-04-11T17:22:01.011290Z,2018-04-11T17:22:26.010456Z,IW,VV|VH,ascending,88,10439,,L1,"[5.92823, 43.472202, 9.49353, 45.379387]",11,https://stac.dataspace.copernicus.eu/v1/collections/sentinel-1-grd/items/S1B_IW_GRDH_1SDV_20180411T172201_20180411T172226_010439_01304B_3CF3_COG
S1B_IW_GRDH_1SDV_20180411T172226_20180411T172251_010439_01304B_5B06_COG,OK,CACHE,0,sentinel-1b,2018-04-11T17:22:26.011952Z,2018-04-11T17:22:51.009623Z,IW,VV|VH,ascending,88,10439,,L1,"[5.475189, 44.977024, 9.206374, 46.874706]",11,https://stac.dataspace.copernicus.eu/v1/collections/sentinel-1-grd/items/S1B_IW_GRDH_1SDV_20180411T172226_20180411T172251_010439_01304B_5B06_COG
S1B_IW_GRDH_1SDV_20180417T052627_20180417T052652_010519_0132DA_56C5_COG,OK,CACHE,0,sentinel-1b,2018-04-17T05:26:27.834194Z,2018-04-17T05:26:52.833970Z,IW,VV|VH,descending,168,10519,,L1,"[8.48733, 44.291306, 12.083631, 46.187572]",11,https://stac.dataspace.copernicus.eu/v1/collections/sentinel-1-grd/items/S1B_IW_GRDH_1SDV_20180417T052627_20180417T052652_010519_0132DA_56C5_COG
S1B_IW_GRDH_1SDV_20180422T053433_20180422T053458_010592_01352D_E111_COG,OK,CACHE,0,sentinel-1b,2018-04-22T05:34:33.049603Z,2018-04-22T05:34:58.047214Z,IW,VV|VH,descending,66,10592,,L1,"[6.533216, 44.815571, 10.143169, 46.715805]",11,https://stac.dataspace.copernicus.eu/v1/collections/sentinel-1-grd/items/S1B_IW_GRDH_1SDV_20180422T053433_20180422T053458_010592_01352D_E111_COG
S1B_IW_GRDH_1SDV_20180422T053458_20180422T053523_010592_01352D_21B4_COG,OK,CACHE,0,sentinel-1b,2018-04-22T05:34:58.048725Z,2018-04-22T05:35:23.047836Z,IW,VV|VH,descending,66,10592,,L1,"[6.21209, 43.315506, 9.761554, 45.213345]",11,https://stac.dataspace.copernicus.eu/v1/collections/sentinel-1-grd/items/S1B_IW_GRDH_1SDV_20180422T053458_20180422T053523_010592_01352D_21B4_COG
S1B_IW_GRDH_1SDV_20180423T172201_20180423T172226_010614_0135E1_1758_COG,OK,CACHE,0,sentinel-1b,2018-04-23T17:22:01.365453Z,2018-04-23T17:22:26.364506Z,IW,VV|VH,ascending,88,10614,,L1,"[5.928919, 43.472321, 9.493955, 45.379555]",11,https://stac.dataspace.copernicus.eu/v1/collections/sentinel-1-grd/items/S1B_IW_GRDH_1SDV_20180423T172201_20180423T172226_010614_0135E1_1758_COG
S1B_IW_GRDH_1SDV_20180423T172226_20180423T172251_010614_0135E1_3CA5_COG,OK,CACHE,0,sentinel-1b,2018-04-23T17:22:26.366002Z,2018-04-23T17:22:51.365055Z,IW,VV|VH,ascending,88,10614,,L1,"[5.475445, 44.977169, 9.20695, 46.87492]",11,https://stac.dataspace.copernicus.eu/v1/collections/sentinel-1-grd/items/S1B_IW_GRDH_1SDV_20180423T172226_20180423T172251_010614_0135E1_3CA5_COG
S1B_IW_GRDH_1SDV_20180429T052628_20180429T052653_010694_013876_0B1A_COG,OK,CACHE,0,sentinel-1b,2018-04-29T05:26:28.501647Z,2018-04-29T05:26:53.499375Z,IW,VV|VH,descending,168,10694,,L1,"[8.486332, 44.291367, 12.082529, 46.187481]",11,https://stac.dataspace.copernicus.eu/v1/collections/sentinel-1-grd/items/S1B_IW_GRDH_1SDV_20180429T052628_20180429T052653_010694_013876_0B1A_COG
S1B_IW_GRDH_1SDV_20180430T171350_20180430T171415_010716_013926_C687_COG,OK,CACHE,0,sentinel-1b,2018-04-30T17:13:50.114455Z,2018-04-30T17:14:15.114035Z,IW,VV|VH,ascending,15,10716,,L1,"[7.912404, 43.593575, 11.568716, 45.501713]",11,https://stac.dataspace.copernicus.eu/v1/collections/sentinel-1-grd/items/S1B_IW_GRDH_1SDV_20180430T171350_20180430T171415_010716_013926_C687_COG
S1B_IW_GRDH_1SDV_20180430T171415_20180430T171440_010716_013926_F7CB_COG,OK,CACHE,0,sentinel-1b,2018-04-30T17:14:15.115534Z,2018-04-30T17:14:40.113617Z,IW,VV|VH,ascending,15,10716,,L1,"[7.518341, 45.093121, 11.24462, 47.003254]",11,https://stac.dataspace.copernicus.eu/v1/collections/sentinel-1-grd/items/S1B_IW_GRDH_1SDV_20180430T171415_20180430T171440_010716_013926_F7CB_COG
S1B_IW_GRDH_1SDV_20180504T053433_20180504T053458_010767_013AD2_7718_COG,OK,CACHE,0,sentinel-1b,2018-05-04T05:34:33.734045Z,2018-05-04T05:34:58.733145Z,IW,VV|VH,descending,66,10767,,L1,"[6.531122, 44.815498, 10.141056, 46.715763]",11,https://stac.dataspace.copernicus.eu/v1/collections/sentinel-1-grd/items/S1B_IW_GRDH_1SDV_20180504T053433_20180504T053458_010767_013AD2_7718_COG
S1B_IW_GRDH_1SDV_20180504T053458_20180504T053523_010767_013AD2_D678_COG,OK,CACHE,0,sentinel-1b,2018-05-04T05:34:58.734647Z,2018-05-04T05:35:23.732250Z,IW,VV|VH,descending,66,10767,,L1,"[6.210077, 43.315517, 9.759448, 45.213207]",11,https://stac.dataspace.copernicus.eu/v1/collections/sentinel-1-grd/items/S1B_IW_GRDH_1SDV_20180504T053458_20180504T053523_010767_013AD2_D678_COG
S1B_IW_GRDH_1SDV_20180505T172202_20180505T172227_010789_013B81_654F_COG,OK,CACHE,0,sentinel-1b,2018-05-05T17:22:02.013815Z,2018-05-05T17:22:27.012866Z,IW,VV|VH,ascending,88,10789,,L1,"[5.928915, 43.472282, 9.493918, 45.379482]",11,https://stac.dataspace.copernicus.eu/v1/collections/sentinel-1-grd/items/S1B_IW_GRDH_1SDV_20180505T172202_20180505T172227_010789_013B81_654F_COG
S1B_IW_GRDH_1SDV_20180505T172227_20180505T172252_010789_013B81_77B2_COG,OK,CACHE,0,sentinel-1b,2018-05-05T17:22:27.014362Z,2018-05-05T17:22:52.013413Z,IW,VV|VH,ascending,88,10789,,L1,"[5.47548, 44.977135, 9.206953, 46.874851]",11,https://stac.dataspace.copernicus.eu/v1/collections/sentinel-1-grd/items/S1B_IW_GRDH_1SDV_20180505T172227_20180505T172252_010789_013B81_77B2_COG
S1B_IW_GRDH_1SDV_20180511T052629_20180511T052654_010869_013E1D_CD8C_COG,OK,CACHE,0,sentinel-1b,2018-05-11T05:26:29.009171Z,2018-05-11T05:26:54.007537Z,IW,VV|VH,descending,168,10869,,L1,"[8.487785, 44.29126, 12.084163, 46.1875]",11,https://stac.dataspace.copernicus.eu/v1/collections/sentinel-1-grd/items/S1B_IW_GRDH_1SDV_20180511T052629_20180511T052654_010869_013E1D_CD8C_COG
S1B_IW_GRDH_1SDV_20180512T171350_20180512T171415_010891_013ECE_70D5_COG,OK,CACHE,0,sentinel-1b,2018-05-12T17:13:50.625263Z,2018-05-12T17:14:15.623307Z,IW,VV|VH,ascending,15,10891,,L1,"[7.91173, 43.593647, 11.567933, 45.50172]",11,https://stac.dataspace.copernicus.eu/v1/collections/sentinel-1-grd/items/S1B_IW_GRDH_1SDV_20180512T171350_20180512T171415_010891_013ECE_70D5_COG
S1B_IW_GRDH_1SDV_20180512T171415_20180512T171440_010891_013ECE_7067_COG,OK,CACHE,0,sentinel-1b,2018-05-12T17:14:15.624807Z,2018-05-12T17:14:40.622852Z,IW,VV|VH,ascending,15,10891,,L1,"[7.517618, 45.093102, 11.243935, 47.003277]",11,https://stac.dataspace.copernicus.eu/v1/collections/sentinel-1-grd/items/S1B_IW_GRDH_1SDV_20180512T171415_20180512T171440_010891_013ECE_7067_COG
S1B_IW_GRDH_1SDV_20180516T053438_20180516T053503_010942_014076_A397_COG,OK,CACHE,0,sentinel-1b,2018-05-16T05:34:38.716503Z,2018-05-16T05:35:03.715165Z,IW,VV|VH,descending,66,10942,,L1,"[6.417639, 44.546009, 10.084308, 46.448589]",11,https://stac.dataspace.copernicus.eu/v1/collections/sentinel-1-grd/items/S1B_IW_GRDH_1SDV_20180516T053438_20180516T053503_010942_014076_A397_COG
S1B_IW_GRDH_1SDV_20180517T172202_20180517T172227_010964_014123_1A94_COG,OK,CACHE,0,sentinel-1b,2018-05-17T17:22:02.527615Z,2018-05-17T17:22:27.525154Z,IW,VV|VH,ascending,88,10964,,L1,"[5.929574, 43.472446, 9.494555, 45.379536]",11,https://stac.dataspace.copernicus.eu/v1/collections/sentinel-1-grd/items/S1B_IW_GRDH_1SDV_20180517T172202_20180517T172227_010964_014123_1A94_COG
S1B_IW_GRDH_1SDV_20180517T172227_20180517T172252_010964_014123_44A4_COG,OK,CACHE,0,sentinel-1b,2018-05-17T17:22:27.526649Z,2018-05-17T17:22:52.525683Z,IW,VV|VH,ascending,88,10964,,L1,"[5.476149, 44.977203, 9.207618, 46.874908]",11,https://stac.dataspace.copernicus.eu/v1/collections/sentinel-1-grd/items/S1B_IW_GRDH_1SDV_20180517T172227_20180517T172252_010964_014123_44A4_COG
S1B_IW_GRDH_1SDV_20180523T052629_20180523T052654_011044_0143CC_1A78_COG,OK,CACHE,0,sentinel-1b,2018-05-23T05:26:29.791180Z,2018-05-23T05:26:54.789494Z,IW,VV|VH,descending,168,11044,,L1,"[8.487629, 44.291317, 12.083868, 46.187538]",11,https://stac.dataspace.copernicus.eu/v1/collections/sentinel-1-grd/items/S1B_IW_GRDH_1SDV_20180523T052629_20180523T052654_011044_0143CC_1A78_COG
S1B_IW_GRDH_1SDV_20180524T171351_20180524T171416_011066_01447C_372D_COG,OK,CACHE,0,sentinel-1b,2018-05-24T17:13:51.426249Z,2018-05-24T17:14:16.423672Z,IW,VV|VH,ascending,15,11066,,L1,"[7.910823, 43.593662, 11.566683, 45.501701]",11,https://stac.dataspace.copernicus.eu/v1/collections/sentinel-1-grd/items/S1B_IW_GRDH_1SDV_20180524T171351_20180524T171416_011066_01447C_372D_COG
S1B_IW_GRDH_1SDV_20180524T171416_20180524T171441_011066_01447C_1AFC_COG,OK,CACHE,0,sentinel-1b,2018-05-24T17:14:16.425168Z,2018-05-24T17:14:41.424088Z,IW,VV|VH,ascending,15,11066,,L1,"[7.516645, 45.093075, 11.24251, 47.003292]",11,https://stac.dataspace.copernicus.eu/v1/collections/sentinel-1-grd/items/S1B_IW_GRDH_1SDV_20180524T171416_20180524T171441_011066_01447C_1AFC_COG
S1B_IW_GRDH_1SDV_20180528T053439_20180528T053504_011117_01462B_A8F8_COG,OK,CACHE,0,sentinel-1b,2018-05-28T05:34:39.494087Z,2018-05-28T05:35:04.492783Z,IW,VV|VH,descending,66,11117,,L1,"[6.418123, 44.545925, 10.084795, 46.448528]",11,https://stac.dataspace.copernicus.eu/v1/collections/sentinel-1-grd/items/S1B_IW_GRDH_1SDV_20180528T053439_20180528T053504_011117_01462B_A8F8_COG
S1B_IW_GRDH_1SDV_20180529T172203_20180529T172228_011139_0146DD_C28B_COG,OK,CACHE,0,sentinel-1b,2018-05-29T17:22:03.227081Z,2018-05-29T17:22:28.226037Z,IW,VV|VH,ascending,88,11139,,L1,"[5.930072, 43.472496, 9.494959, 45.37965]",11,https://stac.dataspace.copernicus.eu/v1/collections/sentinel-1-grd/items/S1B_IW_GRDH_1SDV_20180529T172203_20180529T172228_011139_0146DD_C28B_COG
S1B_IW_GRDH_1SDV_20180529T172228_20180529T172253_011139_0146DD_247E_COG,OK,CACHE,0,sentinel-1b,2018-05-29T17:22:28.227533Z,2018-05-29T17:22:53.226488Z,IW,VV|VH,ascending,88,11139,,L1,"[5.476653, 44.977345, 9.207999, 46.875023]",11,https://stac.dataspace.copernicus.eu/v1/collections/sentinel-1-grd/items/S1B_IW_GRDH_1SDV_20180529T172228_20180529T172253_011139_0146DD_247E_COG
S1B_IW_GRDH_1SDV_20180604T052627_20180604T052652_011219_014975_C84A_COG,OK,CACHE,0,sentinel-1b,2018-06-04T05:26:27.160579Z,2018-06-04T05:26:52.159585Z,IW,VV|VH,descending,168,11219,,L1,"[8.473155, 44.484531, 12.138351, 46.388779]",11,https://stac.dataspace.copernicus.eu/v1/collections/sentinel-1-grd/items/S1B_IW_GRDH_1SDV_20180604T052627_20180604T052652_011219_014975_C84A_COG
S1B_IW_GRDH_1SDV_20180605T171352_20180605T171417_011241_014A1A_A634_COG,OK,CACHE,0,sentinel-1b,2018-06-05T17:13:52.029161Z,2018-06-05T17:14:17.028145Z,IW,VV|VH,ascending,15,11241,,L1,"[7.911615, 43.593597, 11.567502, 45.501736]",11,https://stac.dataspace.copernicus.eu/v1/collections/sentinel-1-grd/items/S1B_IW_GRDH_1SDV_20180605T171352_20180605T171417_011241_014A1A_A634_COG
S1B_IW_GRDH_1SDV_20180605T171417_20180605T171442_011241_014A1A_00D1_COG,OK,CACHE,0,sentinel-1b,2018-06-05T17:14:17.029641Z,2018-06-05T17:14:42.027127Z,IW,VV|VH,ascending,15,11241,,L1,"[7.517459, 45.093098, 11.243428, 47.00325]",11,https://stac.dataspace.copernicus.eu/v1/collections/sentinel-1-grd/items/S1B_IW_GRDH_1SDV_20180605T171417_20180605T171442_011241_014A1A_00D1_COG
S1B_IW_GRDH_1SDV_20180609T053440_20180609T053505_011292_014BAF_3429_COG,OK,CACHE,0,sentinel-1b,2018-06-09T05:34:40.313345Z,2018-06-09T05:35:05.312035Z,IW,VV|VH,descending,66,11292,,L1,"[6.418654, 44.545948, 10.085103, 46.448608]",11,https://stac.dataspace.copernicus.eu/v1/collections/sentinel-1-grd/items/S1B_IW_GRDH_1SDV_20180609T053440_20180609T053505_011292_014BAF_3429_COG
S1B_IW_GRDH_1SDV_20180616T052628_20180616T052653_011394_014ECE_1E59_COG,OK,CACHE,0,sentinel-1b,2018-06-16T05:26:28.096597Z,2018-06-16T05:26:53.095515Z,IW,VV|VH,descending,168,11394,,L1,"[8.471339, 44.484501, 12.136374, 46.388668]",11,https://stac.dataspace.copernicus.eu/v1/collections/sentinel-1-grd/items/S1B_IW_GRDH_1SDV_20180616T052628_20180616T052653_011394_014ECE_1E59_COG
S1B_IW_GRDH_1SDV_20180617T171352_20180617T171417_011416_014F7D_217E_COG,OK,CACHE,0,sentinel-1b,2018-06-17T17:13:52.934755Z,2018-06-17T17:14:17.933834Z,IW,VV|VH,ascending,15,11416,,L1,"[7.911661, 43.593449, 11.567632, 45.501572]",11,https://stac.dataspace.copernicus.eu/v1/collections/sentinel-1-grd/items/S1B_IW_GRDH_1SDV_20180617T171352_20180617T171417_011416_014F7D_217E_COG
S1B_IW_GRDH_1SDV_20180617T171417_20180617T171442_011416_014F7D_DDF7_COG,OK,CACHE,0,sentinel-1b,2018-06-17T17:14:17.935330Z,2018-06-17T17:14:42.932913Z,IW,VV|VH,ascending,15,11416,,L1,"[7.517547, 45.092953, 11.243473, 47.003078]",11,https://stac.dataspace.copernicus.eu/v1/collections/sentinel-1-grd/items/S1B_IW_GRDH_1SDV_20180617T171417_20180617T171442_011416_014F7D_DDF7_COG
S1B_IW_GRDH_1SDV_20180621T053441_20180621T053506_011467_015113_DC0C_COG,OK,CACHE,0,sentinel-1b,2018-06-21T05:34:41.014129Z,2018-06-21T05:35:06.012809Z,IW,VV|VH,descending,66,11467,,L1,"[6.419284, 44.545929, 10.085732, 46.448597]",11,https://stac.dataspace.copernicus.eu/v1/collections/sentinel-1-grd/items/S1B_IW_GRDH_1SDV_20180621T053441_20180621T053506_011467_015113_DC0C_COG
S1B_IW_GRDH_1SDV_20180622T172204_20180622T172228_011489_0151C9_5837_COG,OK,CACHE,0,sentinel-1b,2018-06-22T17:22:04.853130Z,2018-06-22T17:22:28.167233Z,IW,VV|VH,ascending,88,11489,,L1,"[5.925499, 43.4725, 9.453812, 45.270977]",11,https://stac.dataspace.copernicus.eu/v1/collections/sentinel-1-grd/items/S1B_IW_GRDH_1SDV_20180622T172204_20180622T172228_011489_0151C9_5837_COG
S1B_IW_GRDH_1SDV_20180628T052628_20180628T052653_011569_01543E_FED9_COG,OK,CACHE,0,sentinel-1b,2018-06-28T05:26:28.713583Z,2018-06-28T05:26:53.711053Z,IW,VV|VH,descending,168,11569,,L1,"[8.47132, 44.484585, 12.136289, 46.388645]",11,https://stac.dataspace.copernicus.eu/v1/collections/sentinel-1-grd/items/S1B_IW_GRDH_1SDV_20180628T052628_20180628T052653_011569_01543E_FED9_COG
S1B_IW_GRDH_1SDV_20180703T053441_20180703T053506_011642_01568A_4100_COG,OK,CACHE,0,sentinel-1b,2018-07-03T05:34:41.948236Z,2018-07-03T05:35:06.946942Z,IW,VV|VH,descending,66,11642,,L1,"[6.417639, 44.545849, 10.084321, 46.448463]",11,https://stac.dataspace.copernicus.eu/v1/collections/sentinel-1-grd/items/S1B_IW_GRDH_1SDV_20180703T053441_20180703T053506_011642_01568A_4100_COG
S1B_IW_GRDH_1SDV_20180704T172205_20180704T172229_011664_01573E_AD95_COG,OK,CACHE,0,sentinel-1b,2018-07-04T17:22:05.720480Z,2018-07-04T17:22:29.036124Z,IW,VV|VH,ascending,88,11664,,L1,"[5.924316, 43.472416, 9.452678, 45.270996]",11,https://stac.dataspace.copernicus.eu/v1/collections/sentinel-1-grd/items/S1B_IW_GRDH_1SDV_20180704T172205_20180704T172229_011664_01573E_AD95_COG
S1B_IW_GRDH_1SDV_20180710T052620_20180710T052645_011744_0159AE_7ABF_COG,OK,CACHE,0,sentinel-1b,2018-07-10T05:26:20.769820Z,2018-07-10T05:26:45.768084Z,IW,VV|VH,descending,168,11744,,L1,"[8.593227, 45.002022, 12.263821, 46.906395]",11,https://stac.dataspace.copernicus.eu/v1/collections/sentinel-1-grd/items/S1B_IW_GRDH_1SDV_20180710T052620_20180710T052645_011744_0159AE_7ABF_COG
S1B_IW_GRDH_1SDV_20180710T052645_20180710T052710_011744_0159AE_84E7_COG,OK,CACHE,0,sentinel-1b,2018-07-10T05:26:45.769507Z,2018-07-10T05:27:10.769267Z,IW,VV|VH,descending,168,11744,,L1,"[8.263394, 43.503342, 11.875025, 45.404503]",11,https://stac.dataspace.copernicus.eu/v1/collections/sentinel-1-grd/items/S1B_IW_GRDH_1SDV_20180710T052645_20180710T052710_011744_0159AE_84E7_COG
S1B_IW_GRDH_1SDV_20180711T171354_20180711T171419_011766_015A5C_0BEB_COG,OK,CACHE,0,sentinel-1b,2018-07-11T17:13:54.154528Z,2018-07-11T17:14:19.152062Z,IW,VV|VH,ascending,15,11766,,L1,"[7.913076, 43.593666, 11.568875, 45.501637]",11,https://stac.dataspace.copernicus.eu/v1/collections/sentinel-1-grd/items/S1B_IW_GRDH_1SDV_20180711T171354_20180711T171419_011766_015A5C_0BEB_COG
S1B_IW_GRDH_1SDV_20180711T171419_20180711T171444_011766_015A5C_6B85_COG,OK,CACHE,0,sentinel-1b,2018-07-11T17:14:19.153558Z,2018-07-11T17:14:44.152589Z,IW,VV|VH,ascending,15,11766,,L1,"[7.518984, 45.093086, 11.244908, 47.003246]",11,https://stac.dataspace.copernicus.eu/v1/collections/sentinel-1-grd/items/S1B_IW_GRDH_1SDV_20180711T171419_20180711T171444_011766_015A5C_6B85_COG
S1B_IW_GRDH_1SDV_20180715T053442_20180715T053507_011817_015BEE_205E_COG,OK,CACHE,0,sentinel-1b,2018-07-15T05:34:42.404834Z,2018-07-15T05:35:07.403441Z,IW,VV|VH,descending,66,11817,,L1,"[6.418103, 44.545891, 10.084766, 46.448471]",11,https://stac.dataspace.copernicus.eu/v1/collections/sentinel-1-grd/items/S1B_IW_GRDH_1SDV_20180715T053442_20180715T053507_011817_015BEE_205E_COG
S1B_IW_GRDH_1SDV_20180716T172208_20180716T172233_011839_015CA0_2145_COG,OK,CACHE,0,sentinel-1b,2018-07-16T17:22:08.638345Z,2018-07-16T17:22:33.637515Z,IW,VV|VH,ascending,88,11839,,L1,"[5.894891, 43.619381, 9.466459, 45.522659]",11,https://stac.dataspace.copernicus.eu/v1/collections/sentinel-1-grd/items/S1B_IW_GRDH_1SDV_20180716T172208_20180716T172233_011839_015CA0_2145_COG
S1B_IW_GRDH_1SDV_20180716T172233_20180716T172258_011839_015CA0_9DC8_COG,OK,CACHE,0,sentinel-1b,2018-07-16T17:22:33.639011Z,2018-07-16T17:22:58.636686Z,IW,VV|VH,ascending,88,11839,,L1,"[5.440888, 45.122227, 9.165118, 47.017967]",11,https://stac.dataspace.copernicus.eu/v1/collections/sentinel-1-grd/items/S1B_IW_GRDH_1SDV_20180716T172233_20180716T172258_011839_015CA0_9DC8_COG
S1B_IW_GRDH_1SDV_20180722T052621_20180722T052646_011919_015F08_F3F0_COG,OK,CACHE,0,sentinel-1b,2018-07-22T05:26:21.804968Z,2018-07-22T05:26:46.803140Z,IW,VV|VH,descending,168,11919,,L1,"[8.592828, 45.001907, 12.263322, 46.9063]",11,https://stac.dataspace.copernicus.eu/v1/collections/sentinel-1-grd/items/S1B_IW_GRDH_1SDV_20180722T052621_20180722T052646_011919_015F08_F3F0_COG
S1B_IW_GRDH_1SDV_20180722T052646_20180722T052711_011919_015F08_1ADF_COG,OK,CACHE,0,sentinel-1b,2018-07-22T05:26:46.804639Z,2018-07-22T05:27:11.804310Z,IW,VV|VH,descending,168,11919,,L1,"[8.26271, 43.503223, 11.874483, 45.40443]",11,https://stac.dataspace.copernicus.eu/v1/collections/sentinel-1-grd/items/S1B_IW_GRDH_1SDV_20180722T052646_20180722T052711_011919_015F08_1ADF_COG
S1B_IW_GRDH_1SDV_20180723T171355_20180723T171420_011941_015FAE_6238_COG,OK,CACHE,0,sentinel-1b,2018-07-23T17:13:55.217238Z,2018-07-23T17:14:20.216321Z,IW,VV|VH,ascending,15,11941,,L1,"[7.910899, 43.59346, 11.566738, 45.501568]",11,https://stac.dataspace.copernicus.eu/v1/collections/sentinel-1-grd/items/S1B_IW_GRDH_1SDV_20180723T171355_20180723T171420_011941_015FAE_6238_COG
S1B_IW_GRDH_1SDV_20180723T171420_20180723T171445_011941_015FAE_5EDD_COG,OK,CACHE,0,sentinel-1b,2018-07-23T17:14:20.217817Z,2018-07-23T17:14:45.215403Z,IW,VV|VH,ascending,15,11941,,L1,"[7.516792, 45.092968, 11.242712, 47.00309]",11,https://stac.dataspace.copernicus.eu/v1/collections/sentinel-1-grd/items/S1B_IW_GRDH_1SDV_20180723T171420_20180723T171445_011941_015FAE_5EDD_COG
S1B_IW_GRDH_1SDV_20180727T053443_20180727T053508_011992_016138_ACCC_COG,OK,CACHE,0,sentinel-1b,2018-07-27T05:34:43.282683Z,2018-07-27T05:35:08.281345Z,IW,VV|VH,descending,66,11992,,L1,"[6.417822, 44.545914, 10.084482, 46.448505]",11,https://stac.dataspace.copernicus.eu/v1/collections/sentinel-1-grd/items/S1B_IW_GRDH_1SDV_20180727T053443_20180727T053508_011992_016138_ACCC_COG
S1B_IW_GRDH_1SDV_20180728T172209_20180728T172234_012014_0161E3_90B3_COG,OK,CACHE,0,sentinel-1b,2018-07-28T17:22:09.499661Z,2018-07-28T17:22:34.498548Z,IW,VV|VH,ascending,88,12014,,L1,"[5.895239, 43.619595, 9.455571, 45.521595]",11,https://stac.dataspace.copernicus.eu/v1/collections/sentinel-1-grd/items/S1B_IW_GRDH_1SDV_20180728T172209_20180728T172234_012014_0161E3_90B3_COG
S1B_IW_GRDH_1SDV_20180728T172234_20180728T172259_012014_0161E3_5D29_COG,OK,CACHE,0,sentinel-1b,2018-07-28T17:22:34.500043Z,2018-07-28T17:22:59.498931Z,IW,VV|VH,ascending,88,12014,,L1,"[5.441241, 45.122437, 9.153975, 47.016991]",11,https://stac.dataspace.copernicus.eu/v1/collections/sentinel-1-grd/items/S1B_IW_GRDH_1SDV_20180728T172234_20180728T172259_012014_0161E3_5D29_COG
S1B_IW_GRDH_1SDV_20180803T052622_20180803T052647_012094_01644D_3837_COG,OK,CACHE,0,sentinel-1b,2018-08-03T05:26:22.312476Z,2018-08-03T05:26:47.310788Z,IW,VV|VH,descending,168,12094,,L1,"[8.593788, 45.001919, 12.26438, 46.906315]",11,https://stac.dataspace.copernicus.eu/v1/collections/sentinel-1-grd/items/S1B_IW_GRDH_1SDV_20180803T052622_20180803T052647_012094_01644D_3837_COG
S1B_IW_GRDH_1SDV_20180803T052633_20180803T052658_012094_01644D_7BDD_COG,OK,CACHE,0,sentinel-1b,2018-08-03T05:26:33.076965Z,2018-08-03T05:26:58.076089Z,IW,VV|VH,descending,168,12094,,L1,"[8.485699, 44.357227, 12.096488, 46.255466]",11,https://stac.dataspace.copernicus.eu/v1/collections/sentinel-1-grd/items/S1B_IW_GRDH_1SDV_20180803T052633_20180803T052658_012094_01644D_7BDD_COG
S1B_IW_GRDH_1SDV_20180803T052647_20180803T052712_012094_01644D_81BE_COG,OK,CACHE,0,sentinel-1b,2018-08-03T05:26:47.312287Z,2018-08-03T05:27:12.310598Z,IW,VV|VH,descending,168,12094,,L1,"[8.263712, 43.503326, 11.875573, 45.404446]",11,https://stac.dataspace.copernicus.eu/v1/collections/sentinel-1-grd/items/S1B_IW_GRDH_1SDV_20180803T052647_20180803T052712_012094_01644D_81BE_COG
S1B_IW_GRDH_1SDV_20180804T171355_20180804T171420_012116_0164F7_6552_COG,OK,CACHE,0,sentinel-1b,2018-08-04T17:13:55.812335Z,2018-08-04T17:14:20.811316Z,IW,VV|VH,ascending,15,12116,,L1,"[7.911556, 43.593697, 11.567419, 45.501797]",11,https://stac.dataspace.copernicus.eu/v1/collections/sentinel-1-grd/items/S1B_IW_GRDH_1SDV_20180804T171355_20180804T171420_012116_0164F7_6552_COG
S1B_IW_GRDH_1SDV_20180804T171355_20180804T171420_012116_0164F7_E1C5_COG,OK,CACHE,0,sentinel-1b,2018-08-04T17:13:55.812002Z,2018-08-04T17:14:20.810958Z,IW,VV|VH,ascending,15,12116,,L1,"[7.911568, 43.593658, 11.567429, 45.501759]",11,https://stac.dataspace.copernicus.eu/v1/collections/sentinel-1-grd/items/S1B_IW_GRDH_1SDV_20180804T171355_20180804T171420_012116_0164F7_E1C5_COG
S1B_IW_GRDH_1SDV_20180804T171420_20180804T171445_012116_0164F7_4979_COG,OK,CACHE,0,sentinel-1b,2018-08-04T17:14:20.812812Z,2018-08-04T17:14:45.810296Z,IW,VV|VH,ascending,15,12116,,L1,"[7.51744, 45.093201, 11.243258, 47.003304]",11,https://stac.dataspace.copernicus.eu/v1/collections/sentinel-1-grd/items/S1B_IW_GRDH_1SDV_20180804T171420_20180804T171445_012116_0164F7_4979_COG
S1B_IW_GRDH_1SDV_20180804T171420_20180804T171445_012116_0164F7_5713_COG,OK,CACHE,0,sentinel-1b,2018-08-04T17:14:20.812455Z,2018-08-04T17:14:45.811411Z,IW,VV|VH,ascending,15,12116,,L1,"[7.517425, 45.093163, 11.243394, 47.003368]",11,https://stac.dataspace.copernicus.eu/v1/collections/sentinel-1-grd/items/S1B_IW_GRDH_1SDV_20180804T171420_20180804T171445_012116_0164F7_5713_COG
S1B_IW_GRDH_1SDV_20180808T053425_20180808T053450_012167_01668A_407C_COG,OK,CACHE,0,sentinel-1b,2018-08-08T05:34:25.960204Z,2018-08-08T05:34:50.958561Z,IW,VV|VH,descending,66,12167,,L1,"[6.705343, 45.606758, 10.390547, 47.505291]",11,https://stac.dataspace.copernicus.eu/v1/collections/sentinel-1-grd/items/S1B_IW_GRDH_1SDV_20180808T053425_20180808T053450_012167_01668A_407C_COG
S1B_IW_GRDH_1SDV_20180808T053443_20180808T053508_012167_01668A_0513_COG,OK,CACHE,0,sentinel-1b,2018-08-08T05:34:43.679003Z,2018-08-08T05:35:08.676233Z,IW,VV|VH,descending,66,12167,,L1,"[6.418778, 44.545891, 10.085289, 46.448441]",11,https://stac.dataspace.copernicus.eu/v1/collections/sentinel-1-grd/items/S1B_IW_GRDH_1SDV_20180808T053443_20180808T053508_012167_01668A_0513_COG
S1B_IW_GRDH_1SDV_20180808T053450_20180808T053515_012167_01668A_9B1E_COG,OK,CACHE,0,sentinel-1b,2018-08-08T05:34:50.960086Z,2018-08-08T05:35:15.959943Z,IW,VV|VH,descending,66,12167,,L1,"[6.379275, 44.107525, 9.983708, 46.005028]",11,https://stac.dataspace.copernicus.eu/v1/collections/sentinel-1-grd/items/S1B_IW_GRDH_1SDV_20180808T053450_20180808T053515_012167_01668A_9B1E_COG
S1B_IW_GRDH_1SDV_20180809T172207_20180809T172232_012189_01673F_0727_COG,OK,CACHE,0,sentinel-1b,2018-08-09T17:22:07.354888Z,2018-08-09T17:22:32.352337Z,IW,VV|VH,ascending,88,12189,,L1,"[5.935719, 43.462296, 9.495822, 45.368809]",11,https://stac.dataspace.copernicus.eu/v1/collections/sentinel-1-grd/items/S1B_IW_GRDH_1SDV_20180809T172207_20180809T172232_012189_01673F_0727_COG
S1B_IW_GRDH_1SDV_20180809T172207_20180809T172232_012189_01673F_7CB7_COG,OK,CACHE,0,sentinel-1b,2018-08-09T17:22:07.354864Z,2018-08-09T17:22:32.352312Z,IW,VV|VH,ascending,88,12189,,L1,"[5.935778, 43.462307, 9.495883, 45.368816]",11,https://stac.dataspace.copernicus.eu/v1/collections/sentinel-1-grd/items/S1B_IW_GRDH_1SDV_20180809T172207_20180809T172232_012189_01673F_7CB7_COG
S1B_IW_GRDH_1SDV_20180809T172232_20180809T172257_012189_01673F_08F9_COG,OK,CACHE,0,sentinel-1b,2018-08-09T17:22:32.353807Z,2018-08-09T17:22:57.352750Z,IW,VV|VH,ascending,88,12189,,L1,"[5.482594, 44.967056, 9.208842, 46.864201]",11,https://stac.dataspace.copernicus.eu/v1/collections/sentinel-1-grd/items/S1B_IW_GRDH_1SDV_20180809T172232_20180809T172257_012189_01673F_08F9_COG
S1B_IW_GRDH_1SDV_20180809T172232_20180809T172257_012189_01673F_43E5_COG,OK,CACHE,0,sentinel-1b,2018-08-09T17:22:32.353833Z,2018-08-09T17:22:57.352778Z,IW,VV|VH,ascending,88,12189,,L1,"[5.482537, 44.967045, 9.208782, 46.864185]",11,https://stac.dataspace.copernicus.eu/v1/collections/sentinel-1-grd/items/S1B_IW_GRDH_1SDV_20180809T172232_20180809T172257_012189_01673F_43E5_COG
S1B_IW_GRDH_1SDV_20180815T052622_20180815T052647_012269_0169B5_B1ED_COG,OK,CACHE,0,sentinel-1b,2018-08-15T05:26:22.959597Z,2018-08-15T05:26:47.957890Z,IW,VV|VH,descending,168,12269,,L1,"[8.593794, 45.00198, 12.264403, 46.906376]",11,https://stac.dataspace.copernicus.eu/v1/collections/sentinel-1-grd/items/S1B_IW_GRDH_1SDV_20180815T052622_20180815T052647_012269_0169B5_B1ED_COG
S1B_IW_GRDH_1SDV_20180815T052632_20180815T052657_012269_0169B5_FFBA_COG,OK,CACHE,0,sentinel-1b,2018-08-15T05:26:32.830990Z,2018-08-15T05:26:57.829974Z,IW,VV|VH,descending,168,12269,,L1,"[8.49784, 44.410736, 12.111767, 46.308998]",11,https://stac.dataspace.copernicus.eu/v1/collections/sentinel-1-grd/items/S1B_IW_GRDH_1SDV_20180815T052632_20180815T052657_012269_0169B5_FFBA_COG
S1B_IW_GRDH_1SDV_20180815T052647_20180815T052712_012269_0169B5_4034_COG,OK,CACHE,0,sentinel-1b,2018-08-15T05:26:47.959390Z,2018-08-15T05:27:12.957682Z,IW,VV|VH,descending,168,12269,,L1,"[8.26371, 43.503384, 11.875582, 45.404507]",11,https://stac.dataspace.copernicus.eu/v1/collections/sentinel-1-grd/items/S1B_IW_GRDH_1SDV_20180815T052647_20180815T052712_012269_0169B5_4034_COG
S1B_IW_GRDH_1SDV_20180816T171356_20180816T171421_012291_016A61_0471_COG,OK,CACHE,0,sentinel-1b,2018-08-16T17:13:56.469744Z,2018-08-16T17:14:21.467277Z,IW,VV|VH,ascending,15,12291,,L1,"[7.911011, 43.593643, 11.566861, 45.501682]",11,https://stac.dataspace.copernicus.eu/v1/collections/sentinel-1-grd/items/S1B_IW_GRDH_1SDV_20180816T171356_20180816T171421_012291_016A61_0471_COG
S1B_IW_GRDH_1SDV_20180816T171356_20180816T171421_012291_016A61_D8C1_COG,OK,CACHE,0,sentinel-1b,2018-08-16T17:13:56.468660Z,2018-08-16T17:14:21.467719Z,IW,VV|VH,ascending,15,12291,,L1,"[7.911002, 43.593594, 11.566873, 45.50172]",11,https://stac.dataspace.copernicus.eu/v1/collections/sentinel-1-grd/items/S1B_IW_GRDH_1SDV_20180816T171356_20180816T171421_012291_016A61_D8C1_COG
S1B_IW_GRDH_1SDV_20180816T171421_20180816T171446_012291_016A61_8905_COG,OK,CACHE,0,sentinel-1b,2018-08-16T17:14:21.468773Z,2018-08-16T17:14:46.467802Z,IW,VV|VH,ascending,15,12291,,L1,"[7.516848, 45.09306, 11.242826, 47.003288]",11,https://stac.dataspace.copernicus.eu/v1/collections/sentinel-1-grd/items/S1B_IW_GRDH_1SDV_20180816T171421_20180816T171446_012291_016A61_8905_COG
S1B_IW_GRDH_1SDV_20180816T171421_20180816T171446_012291_016A61_A11B_COG,OK,CACHE,0,sentinel-1b,2018-08-16T17:14:21.469216Z,2018-08-16T17:14:46.468274Z,IW,VV|VH,ascending,15,12291,,L1,"[7.51684, 45.093098, 11.242819, 47.003326]",11,https://stac.dataspace.copernicus.eu/v1/collections/sentinel-1-grd/items/S1B_IW_GRDH_1SDV_20180816T171421_20180816T171446_012291_016A61_A11B_COG
S1B_IW_GRDH_1SDV_20180820T053444_20180820T053509_012342_016C01_0DA4_COG,OK,CACHE,0,sentinel-1b,2018-08-20T05:34:44.679145Z,2018-08-20T05:35:09.677793Z,IW,VV|VH,descending,66,12342,,L1,"[6.418221, 44.545742, 10.084926, 46.448387]",11,https://stac.dataspace.copernicus.eu/v1/collections/sentinel-1-grd/items/S1B_IW_GRDH_1SDV_20180820T053444_20180820T053509_012342_016C01_0DA4_COG
S1B_IW_GRDH_1SDV_20180820T053450_20180820T053515_012342_016C01_7D8D_COG,OK,CACHE,0,sentinel-1b,2018-08-20T05:34:50.917222Z,2018-08-20T05:35:15.915643Z,IW,VV|VH,descending,66,12342,,L1,"[6.390905, 44.170246, 9.996741, 46.067986]",11,https://stac.dataspace.copernicus.eu/v1/collections/sentinel-1-grd/items/S1B_IW_GRDH_1SDV_20180820T053450_20180820T053515_012342_016C01_7D8D_COG
S1B_IW_GRDH_1SDV_20180821T172208_20180821T172233_012364_016CB3_00D6_COG,OK,CACHE,0,sentinel-1b,2018-08-21T17:22:08.471938Z,2018-08-21T17:22:33.471837Z,IW,VV|VH,ascending,88,12364,,L1,"[5.927794, 43.472359, 9.491176, 45.379402]",11,https://stac.dataspace.copernicus.eu/v1/collections/sentinel-1-grd/items/S1B_IW_GRDH_1SDV_20180821T172208_20180821T172233_012364_016CB3_00D6_COG
S1B_IW_GRDH_1SDV_20180821T172208_20180821T172233_012364_016CB3_3DB8_COG,OK,CACHE,0,sentinel-1b,2018-08-21T17:22:08.473271Z,2018-08-21T17:22:33.471663Z,IW,VV|VH,ascending,88,12364,,L1,"[5.927833, 43.472435, 9.491199, 45.379387]",11,https://stac.dataspace.copernicus.eu/v1/collections/sentinel-1-grd/items/S1B_IW_GRDH_1SDV_20180821T172208_20180821T172233_012364_016CB3_3DB8_COG
S1B_IW_GRDH_1SDV_20180821T172233_20180821T172258_012364_016CB3_BD89_COG,OK,CACHE,0,sentinel-1b,2018-08-21T17:22:33.473158Z,2018-08-21T17:22:58.471550Z,IW,VV|VH,ascending,88,12364,,L1,"[5.47474, 44.977215, 9.203961, 46.874756]",11,https://stac.dataspace.copernicus.eu/v1/collections/sentinel-1-grd/items/S1B_IW_GRDH_1SDV_20180821T172233_20180821T172258_012364_016CB3_BD89_COG
S1B_IW_GRDH_1SDV_20180821T172233_20180821T172258_012364_016CB3_D004_COG,OK,CACHE,0,sentinel-1b,2018-08-21T17:22:33.473333Z,2018-08-21T17:22:58.471736Z,IW,VV|VH,ascending,88,12364,,L1,"[5.474704, 44.977226, 9.203923, 46.874763]",11,https://stac.dataspace.copernicus.eu/v1/collections/sentinel-1-grd/items/S1B_IW_GRDH_1SDV_20180821T172233_20180821T172258_012364_016CB3_D004_COG
S1B_IW_GRDH_1SDV_20180827T052623_20180827T052648_012444_016F26_ADF8_COG,OK,CACHE,0,sentinel-1b,2018-08-27T05:26:23.595157Z,2018-08-27T05:26:48.594897Z,IW,VV|VH,descending,168,12444,,L1,"[8.593411, 45.001823, 12.264018, 46.906288]",11,https://stac.dataspace.copernicus.eu/v1/collections/sentinel-1-grd/items/S1B_IW_GRDH_1SDV_20180827T052623_20180827T052648_012444_016F26_ADF8_COG
S1B_IW_GRDH_1SDV_20180827T052632_20180827T052657_012444_016F26_A5AB_COG,OK,CACHE,0,sentinel-1b,2018-08-27T05:26:32.889708Z,2018-08-27T05:26:57.888845Z,IW,VV|VH,descending,168,12444,,L1,"[8.506057, 44.445011, 12.121193, 46.343742]",11,https://stac.dataspace.copernicus.eu/v1/collections/sentinel-1-grd/items/S1B_IW_GRDH_1SDV_20180827T052632_20180827T052657_012444_016F26_A5AB_COG
S1B_IW_GRDH_1SDV_20180827T052648_20180827T052713_012444_016F26_AACA_COG,OK,CACHE,0,sentinel-1b,2018-08-27T05:26:48.596369Z,2018-08-27T05:27:13.594607Z,IW,VV|VH,descending,168,12444,,L1,"[8.263473, 43.503227, 11.875196, 45.404316]",11,https://stac.dataspace.copernicus.eu/v1/collections/sentinel-1-grd/items/S1B_IW_GRDH_1SDV_20180827T052648_20180827T052713_012444_016F26_AACA_COG
S1B_IW_GRDH_1SDV_20180828T171356_20180828T171421_012466_016FD2_9EB9_COG,OK,CACHE,0,sentinel-1b,2018-08-28T17:13:56.999558Z,2018-08-28T17:14:21.998607Z,IW,VV|VH,ascending,15,12466,,L1,"[7.912272, 43.593628, 11.568121, 45.501728]",11,https://stac.dataspace.copernicus.eu/v1/collections/sentinel-1-grd/items/S1B_IW_GRDH_1SDV_20180828T171356_20180828T171421_012466_016FD2_9EB9_COG
S1B_IW_GRDH_1SDV_20180828T171356_20180828T171421_012466_016FD2_DD55_COG,OK,CACHE,0,sentinel-1b,2018-08-28T17:13:56.999613Z,2018-08-28T17:14:21.998666Z,IW,VV|VH,ascending,15,12466,,L1,"[7.912251, 43.593636, 11.568098, 45.501732]",11,https://stac.dataspace.copernicus.eu/v1/collections/sentinel-1-grd/items/S1B_IW_GRDH_1SDV_20180828T171356_20180828T171421_012466_016FD2_DD55_COG
S1B_IW_GRDH_1SDV_20180828T171422_20180828T171446_012466_016FD2_5B2E_COG,OK,CACHE,0,sentinel-1b,2018-08-28T17:14:22.000103Z,2018-08-28T17:14:46.999152Z,IW,VV|VH,ascending,15,12466,,L1,"[7.518139, 45.093136, 11.244098, 47.003338]",11,https://stac.dataspace.copernicus.eu/v1/collections/sentinel-1-grd/items/S1B_IW_GRDH_1SDV_20180828T171422_20180828T171446_012466_016FD2_5B2E_COG
S1B_IW_GRDH_1SDV_20180828T171422_20180828T171446_012466_016FD2_D416_COG,OK,CACHE,0,sentinel-1b,2018-08-28T17:14:22.000162Z,2018-08-28T17:14:46.999215Z,IW,VV|VH,ascending,15,12466,,L1,"[7.518121, 45.09314, 11.244077, 47.003342]",11,https://stac.dataspace.copernicus.eu/v1/collections/sentinel-1-grd/items/S1B_IW_GRDH_1SDV_20180828T171422_20180828T171446_012466_016FD2_D416_COG
S1B_IW_GRDH_1SDV_20180901T053445_20180901T053510_012517_017168_0AB9_COG,OK,CACHE,0,sentinel-1b,2018-09-01T05:34:45.123411Z,2018-09-01T05:35:10.120564Z,IW,VV|VH,descending,66,12517,,L1,"[6.418358, 44.545845, 10.084762, 46.448399]",11,https://stac.dataspace.copernicus.eu/v1/collections/sentinel-1-grd/items/S1B_IW_GRDH_1SDV_20180901T053445_20180901T053510_012517_017168_0AB9_COG
S1B_IW_GRDH_1SDV_20180901T053450_20180901T053515_012517_017168_1D99_COG,OK,CACHE,0,sentinel-1b,2018-09-01T05:34:50.999728Z,2018-09-01T05:35:15.998150Z,IW,VV|VH,descending,66,12517,,L1,"[6.395061, 44.192097, 10.000843, 46.08976]",11,https://stac.dataspace.copernicus.eu/v1/collections/sentinel-1-grd/items/S1B_IW_GRDH_1SDV_20180901T053450_20180901T053515_012517_017168_1D99_COG
S1B_IW_GRDH_1SDV_20180902T172208_20180902T172233_012539_01721C_5341_COG,OK,CACHE,0,sentinel-1b,2018-09-02T17:22:08.939923Z,2018-09-02T17:22:33.938317Z,IW,VV|VH,ascending,88,12539,,L1,"[5.928215, 43.472496, 9.491588, 45.379448]",11,https://stac.dataspace.copernicus.eu/v1/collections/sentinel-1-grd/items/S1B_IW_GRDH_1SDV_20180902T172208_20180902T172233_012539_01721C_5341_COG
S1B_IW_GRDH_1SDV_20180902T172208_20180902T172233_012539_01721C_9731_COG,OK,CACHE,0,sentinel-1b,2018-09-02T17:22:08.939495Z,2018-09-02T17:22:33.938071Z,IW,VV|VH,ascending,88,12539,,L1,"[5.928232, 43.472481, 9.491602, 45.37944]",11,https://stac.dataspace.copernicus.eu/v1/collections/sentinel-1-grd/items/S1B_IW_GRDH_1SDV_20180902T172208_20180902T172233_012539_01721C_9731_COG
S1B_IW_GRDH_1SDV_20180902T172233_20180902T172258_012539_01721C_56BD_COG,OK,CACHE,0,sentinel-1b,2018-09-02T17:22:33.939584Z,2018-09-02T17:22:58.938162Z,IW,VV|VH,ascending,88,12539,,L1,"[5.475141, 44.977272, 9.20449, 46.874828]",11,https://stac.dataspace.copernicus.eu/v1/collections/sentinel-1-grd/items/S1B_IW_GRDH_1SDV_20180902T172233_20180902T172258_012539_01721C_56BD_COG
S1B_IW_GRDH_1SDV_20180902T172233_20180902T172258_012539_01721C_8880_COG,OK,CACHE,0,sentinel-1b,2018-09-02T17:22:33.939830Z,2018-09-02T17:22:58.938225Z,IW,VV|VH,ascending,88,12539,,L1,"[5.475121, 44.977276, 9.204473, 46.874828]",11,https://stac.dataspace.copernicus.eu/v1/collections/sentinel-1-grd/items/S1B_IW_GRDH_1SDV_20180902T172233_20180902T172258_012539_01721C_8880_COG
S1B_IW_GRDH_1SDV_20180908T052624_20180908T052649_012619_01748C_2F02_COG,OK,CACHE,0,sentinel-1b,2018-09-08T05:26:24.169552Z,2018-09-08T05:26:49.167731Z,IW,VV|VH,descending,168,12619,,L1,"[8.592743, 45.001911, 12.263309, 46.906269]",11,https://stac.dataspace.copernicus.eu/v1/collections/sentinel-1-grd/items/S1B_IW_GRDH_1SDV_20180908T052624_20180908T052649_012619_01748C_2F02_COG
S1B_IW_GRDH_1SDV_20180908T052632_20180908T052657_012619_01748C_593B_COG,OK,CACHE,0,sentinel-1b,2018-09-08T05:26:32.900680Z,2018-09-08T05:26:57.898377Z,IW,VV|VH,descending,168,12619,,L1,"[8.51333, 44.478664, 12.128657, 46.377502]",11,https://stac.dataspace.copernicus.eu/v1/collections/sentinel-1-grd/items/S1B_IW_GRDH_1SDV_20180908T052632_20180908T052657_012619_01748C_593B_COG
S1B_IW_GRDH_1SDV_20180908T052649_20180908T052714_012619_01748C_7271_COG,OK,CACHE,0,sentinel-1b,2018-09-08T05:26:49.169227Z,2018-09-08T05:27:14.168906Z,IW,VV|VH,descending,168,12619,,L1,"[8.262677, 43.503231, 11.874537, 45.4044]",11,https://stac.dataspace.copernicus.eu/v1/collections/sentinel-1-grd/items/S1B_IW_GRDH_1SDV_20180908T052649_20180908T052714_012619_01748C_7271_COG
S1B_IW_GRDH_1SDV_20180909T171357_20180909T171422_012641_017538_36A6_COG,OK,CACHE,0,sentinel-1b,2018-09-09T17:13:57.602576Z,2018-09-09T17:14:22.601629Z,IW,VV|VH,ascending,15,12641,,L1,"[7.912476, 43.593639, 11.56842, 45.501713]",11,https://stac.dataspace.copernicus.eu/v1/collections/sentinel-1-grd/items/S1B_IW_GRDH_1SDV_20180909T171357_20180909T171422_012641_017538_36A6_COG
S1B_IW_GRDH_1SDV_20180909T171357_20180909T171422_012641_017538_B30B_COG,OK,CACHE,0,sentinel-1b,2018-09-09T17:13:57.603096Z,2018-09-09T17:14:22.602186Z,IW,VV|VH,ascending,15,12641,,L1,"[7.91243, 43.593693, 11.568377, 45.501766]",11,https://stac.dataspace.copernicus.eu/v1/collections/sentinel-1-grd/items/S1B_IW_GRDH_1SDV_20180909T171357_20180909T171422_012641_017538_B30B_COG
S1B_IW_GRDH_1SDV_20180909T171422_20180909T171447_012641_017538_A20D_COG,OK,CACHE,0,sentinel-1b,2018-09-09T17:14:22.603125Z,2018-09-09T17:14:47.602178Z,IW,VV|VH,ascending,15,12641,,L1,"[7.518383, 45.093151, 11.244312, 47.003307]",11,https://stac.dataspace.copernicus.eu/v1/collections/sentinel-1-grd/items/S1B_IW_GRDH_1SDV_20180909T171422_20180909T171447_012641_017538_A20D_COG
S1B_IW_GRDH_1SDV_20180909T171422_20180909T171447_012641_017538_EA51_COG,OK,CACHE,0,sentinel-1b,2018-09-09T17:14:22.603682Z,2018-09-09T17:14:47.601275Z,IW,VV|VH,ascending,15,12641,,L1,"[7.518362, 45.093201, 11.244268, 47.003273]",11,https://stac.dataspace.copernicus.eu/v1/collections/sentinel-1-grd/items/S1B_IW_GRDH_1SDV_20180909T171422_20180909T171447_012641_017538_EA51_COG
S1B_IW_GRDH_1SDV_20180913T053445_20180913T053510_012692_0176C0_0603_COG,OK,CACHE,0,sentinel-1b,2018-09-13T05:34:45.641032Z,2018-09-13T05:35:10.639713Z,IW,VV|VH,descending,66,12692,,L1,"[6.417889, 44.545845, 10.084558, 46.448437]",11,https://stac.dataspace.copernicus.eu/v1/collections/sentinel-1-grd/items/S1B_IW_GRDH_1SDV_20180913T053445_20180913T053510_012692_0176C0_0603_COG
S1B_IW_GRDH_1SDV_20180913T053451_20180913T053516_012692_0176C0_0789_COG,OK,CACHE,0,sentinel-1b,2018-09-13T05:34:51.037984Z,2018-09-13T05:35:16.035134Z,IW,VV|VH,descending,66,12692,,L1,"[6.399956, 44.22118, 10.006235, 46.118721]",11,https://stac.dataspace.copernicus.eu/v1/collections/sentinel-1-grd/items/S1B_IW_GRDH_1SDV_20180913T053451_20180913T053516_012692_0176C0_0789_COG
S1B_IW_GRDH_1SDV_20180914T172209_20180914T172234_012714_017772_C14B_COG,OK,CACHE,0,sentinel-1b,2018-09-14T17:22:09.416455Z,2018-09-14T17:22:34.414803Z,IW,VV|VH,ascending,88,12714,,L1,"[5.928827, 43.472485, 9.492002, 45.379436]",11,https://stac.dataspace.copernicus.eu/v1/collections/sentinel-1-grd/items/S1B_IW_GRDH_1SDV_20180914T172209_20180914T172234_012714_017772_C14B_COG
S1B_IW_GRDH_1SDV_20180914T172209_20180914T172234_012714_017772_C553_COG,OK,CACHE,0,sentinel-1b,2018-09-14T17:22:09.416521Z,2018-09-14T17:22:34.414874Z,IW,VV|VH,ascending,88,12714,,L1,"[5.928826, 43.472488, 9.491996, 45.379436]",11,https://stac.dataspace.copernicus.eu/v1/collections/sentinel-1-grd/items/S1B_IW_GRDH_1SDV_20180914T172209_20180914T172234_012714_017772_C553_COG
S1B_IW_GRDH_1SDV_20180914T172234_20180914T172259_012714_017772_1F5C_COG,OK,CACHE,0,sentinel-1b,2018-09-14T17:22:34.416316Z,2018-09-14T17:22:59.414665Z,IW,VV|VH,ascending,88,12714,,L1,"[5.475565, 44.977291, 9.205107, 46.874794]",11,https://stac.dataspace.copernicus.eu/v1/collections/sentinel-1-grd/items/S1B_IW_GRDH_1SDV_20180914T172234_20180914T172259_012714_017772_1F5C_COG
S1B_IW_GRDH_1SDV_20180914T172234_20180914T172259_012714_017772_E26D_COG,OK,CACHE,0,sentinel-1b,2018-09-14T17:22:34.416387Z,2018-09-14T17:22:59.414741Z,IW,VV|VH,ascending,88,12714,,L1,"[5.47557, 44.977291, 9.205106, 46.874794]",11,https://stac.dataspace.copernicus.eu/v1/collections/sentinel-1-grd/items/S1B_IW_GRDH_1SDV_20180914T172234_20180914T172259_012714_017772_E26D_COG
S1B_IW_GRDH_1SDV_20180920T052624_20180920T052649_012794_0179E4_AF98_COG,OK,CACHE,0,sentinel-1b,2018-09-20T05:26:24.515748Z,2018-09-20T05:26:49.514097Z,IW,VV|VH,descending,168,12794,,L1,"[8.593607, 45.001911, 12.264336, 46.906338]",11,https://stac.dataspace.copernicus.eu/v1/collections/sentinel-1-grd/items/S1B_IW_GRDH_1SDV_20180920T052624_20180920T052649_012794_0179E4_AF98_COG
S1B_IW_GRDH_1SDV_20180920T052633_20180920T052658_012794_0179E4_7E8F_COG,OK,CACHE,0,sentinel-1b,2018-09-20T05:26:33.006126Z,2018-09-20T05:26:58.005693Z,IW,VV|VH,descending,168,12794,,L1,"[8.516406, 44.493019, 12.133981, 46.392166]",11,https://stac.dataspace.copernicus.eu/v1/collections/sentinel-1-grd/items/S1B_IW_GRDH_1SDV_20180920T052633_20180920T052658_012794_0179E4_7E8F_COG
S1B_IW_GRDH_1SDV_20180920T052649_20180920T052714_012794_0179E4_59BE_COG,OK,CACHE,0,sentinel-1b,2018-09-20T05:26:49.515595Z,2018-09-20T05:27:14.513944Z,IW,VV|VH,descending,168,12794,,L1,"[8.263638, 43.503319, 11.875515, 45.404453]",11,https://stac.dataspace.copernicus.eu/v1/collections/sentinel-1-grd/items/S1B_IW_GRDH_1SDV_20180920T052649_20180920T052714_012794_0179E4_59BE_COG
S1B_IW_GRDH_1SDV_20180921T171357_20180921T171422_012816_017A90_B3CA_COG,OK,CACHE,0,sentinel-1b,2018-09-21T17:13:57.921502Z,2018-09-21T17:14:22.920547Z,IW,VV|VH,ascending,15,12816,,L1,"[7.911883, 43.5937, 11.567862, 45.501801]",11,https://stac.dataspace.copernicus.eu/v1/collections/sentinel-1-grd/items/S1B_IW_GRDH_1SDV_20180921T171357_20180921T171422_012816_017A90_B3CA_COG
S1B_IW_GRDH_1SDV_20180921T171357_20180921T171422_012816_017A90_F8C6_COG,OK,CACHE,0,sentinel-1b,2018-09-21T17:13:57.922702Z,2018-09-21T17:14:22.920230Z,IW,VV|VH,ascending,15,12816,,L1,"[7.911925, 43.593773, 11.567883, 45.501778]",11,https://stac.dataspace.copernicus.eu/v1/collections/sentinel-1-grd/items/S1B_IW_GRDH_1SDV_20180921T171357_20180921T171422_012816_017A90_F8C6_COG
S1B_IW_GRDH_1SDV_20180921T171422_20180921T171447_012816_017A90_7473_COG,OK,CACHE,0,sentinel-1b,2018-09-21T17:14:22.921726Z,2018-09-21T17:14:47.920750Z,IW,VV|VH,ascending,15,12816,,L1,"[7.517793, 45.093185, 11.243756, 47.003376]",11,https://stac.dataspace.copernicus.eu/v1/collections/sentinel-1-grd/items/S1B_IW_GRDH_1SDV_20180921T171422_20180921T171447_012816_017A90_7473_COG
S1B_IW_GRDH_1SDV_20180921T171422_20180921T171447_012816_017A90_B760_COG,OK,CACHE,0,sentinel-1b,2018-09-21T17:14:22.922044Z,2018-09-21T17:14:47.921089Z,IW,VV|VH,ascending,15,12816,,L1,"[7.517752, 45.093204, 11.243715, 47.003395]",11,https://stac.dataspace.copernicus.eu/v1/collections/sentinel-1-grd/items/S1B_IW_GRDH_1SDV_20180921T171422_20180921T171447_012816_017A90_B760_COG
S1B_IW_GRDH_1SDV_20180925T053445_20180925T053510_012867_017C25_202E_COG,OK,CACHE,0,sentinel-1b,2018-09-25T05:34:45.878269Z,2018-09-25T05:35:10.877014Z,IW,VV|VH,descending,66,12867,,L1,"[6.418017, 44.545944, 10.084806, 46.448532]",11,https://stac.dataspace.copernicus.eu/v1/collections/sentinel-1-grd/items/S1B_IW_GRDH_1SDV_20180925T053445_20180925T053510_012867_017C25_202E_COG
S1B_IW_GRDH_1SDV_20180925T053450_20180925T053515_012867_017C25_1ADC_COG,OK,CACHE,0,sentinel-1b,2018-09-25T05:34:50.745823Z,2018-09-25T05:35:15.744535Z,IW,VV|VH,descending,66,12867,,L1,"[6.406341, 44.25296, 10.015283, 46.150684]",11,https://stac.dataspace.copernicus.eu/v1/collections/sentinel-1-grd/items/S1B_IW_GRDH_1SDV_20180925T053450_20180925T053515_012867_017C25_1ADC_COG
S1B_IW_GRDH_1SDV_20180926T172209_20180926T172234_012889_017CD5_9B9A_COG,OK,CACHE,0,sentinel-1b,2018-09-26T17:22:09.562937Z,2018-09-26T17:22:34.561257Z,IW,VV|VH,ascending,88,12889,,L1,"[5.930396, 43.472622, 9.493551, 45.379528]",11,https://stac.dataspace.copernicus.eu/v1/collections/sentinel-1-grd/items/S1B_IW_GRDH_1SDV_20180926T172209_20180926T172234_012889_017CD5_9B9A_COG
S1B_IW_GRDH_1SDV_20180926T172209_20180926T172234_012889_017CD5_F605_COG,OK,CACHE,0,sentinel-1b,2018-09-26T17:22:09.562972Z,2018-09-26T17:22:34.561295Z,IW,VV|VH,ascending,88,12889,,L1,"[5.930402, 43.472637, 9.493564, 45.379547]",11,https://stac.dataspace.copernicus.eu/v1/collections/sentinel-1-grd/items/S1B_IW_GRDH_1SDV_20180926T172209_20180926T172234_012889_017CD5_F605_COG
S1B_IW_GRDH_1SDV_20180926T172234_20180926T172259_012889_017CD5_3288_COG,OK,CACHE,0,sentinel-1b,2018-09-26T17:22:34.562771Z,2018-09-26T17:22:59.561092Z,IW,VV|VH,ascending,88,12889,,L1,"[5.476993, 44.977428, 9.206693, 46.87487]",11,https://stac.dataspace.copernicus.eu/v1/collections/sentinel-1-grd/items/S1B_IW_GRDH_1SDV_20180926T172234_20180926T172259_012889_017CD5_3288_COG
S1B_IW_GRDH_1SDV_20180926T172234_20180926T172259_012889_017CD5_FC37_COG,OK,CACHE,0,sentinel-1b,2018-09-26T17:22:34.562809Z,2018-09-26T17:22:59.561133Z,IW,VV|VH,ascending,88,12889,,L1,"[5.476993, 44.977448, 9.206699, 46.874893]",11,https://stac.dataspace.copernicus.eu/v1/collections/sentinel-1-grd/items/S1B_IW_GRDH_1SDV_20180926T172234_20180926T172259_012889_017CD5_FC37_COG
S1B_IW_GRDH_1SDV_20190401T171355_20190401T171420_015616_01D477_14DD_COG,OK,CACHE,0,sentinel-1b,2019-04-01T17:13:55.534988Z,2019-04-01T17:14:20.534245Z,IW,VV|VH,ascending,15,15616,,L1,"[7.910827, 43.593262, 11.566901, 45.501392]",11,https://stac.dataspace.copernicus.eu/v1/collections/sentinel-1-grd/items/S1B_IW_GRDH_1SDV_20190401T171355_20190401T171420_015616_01D477_14DD_COG
S1B_IW_GRDH_1SDV_20190401T171355_20190401T171420_015616_01D477_95FF_COG,OK,CACHE,0,sentinel-1b,2019-04-01T17:13:55.535882Z,2019-04-01T17:14:20.533598Z,IW,VV|VH,ascending,15,15616,,L1,"[7.910867, 43.5933, 11.566918, 45.501339]",11,https://stac.dataspace.copernicus.eu/v1/collections/sentinel-1-grd/items/S1B_IW_GRDH_1SDV_20190401T171355_20190401T171420_015616_01D477_95FF_COG
S1B_IW_GRDH_1SDV_20190401T171420_20190401T171445_015616_01D477_2D05_COG,OK,CACHE,0,sentinel-1b,2019-04-01T17:14:20.535741Z,2019-04-01T17:14:45.533500Z,IW,VV|VH,ascending,15,15616,,L1,"[7.516726, 45.09277, 11.242883, 47.002911]",11,https://stac.dataspace.copernicus.eu/v1/collections/sentinel-1-grd/items/S1B_IW_GRDH_1SDV_20190401T171420_20190401T171445_015616_01D477_2D05_COG
S1B_IW_GRDH_1SDV_20190401T171420_20190401T171445_015616_01D477_74D8_COG,OK,CACHE,0,sentinel-1b,2019-04-01T17:14:20.535095Z,2019-04-01T17:14:45.534308Z,IW,VV|VH,ascending,15,15616,,L1,"[7.516741, 45.092716, 11.24292, 47.002949]",11,https://stac.dataspace.copernicus.eu/v1/collections/sentinel-1-grd/items/S1B_IW_GRDH_1SDV_20190401T171420_20190401T171445_015616_01D477_74D8_COG
S1B_IW_GRDH_1SDV_20190405T053439_20190405T053504_015667_01D631_835A_COG,OK,CACHE,0,sentinel-1b,2019-04-05T05:34:39.079567Z,2019-04-05T05:35:04.078635Z,IW,VV|VH,descending,66,15667,,L1,"[6.529687, 44.815609, 10.139636, 46.715836]",11,https://stac.dataspace.copernicus.eu/v1/collections/sentinel-1-grd/items/S1B_IW_GRDH_1SDV_20190405T053439_20190405T053504_015667_01D631_835A_COG
S1B_IW_GRDH_1SDV_20190405T053439_20190405T053504_015667_01D631_FDE8_COG,OK,CACHE,0,sentinel-1b,2019-04-05T05:34:39.079767Z,2019-04-05T05:35:04.078857Z,IW,VV|VH,descending,66,15667,,L1,"[6.529688, 44.815594, 10.139638, 46.71582]",11,https://stac.dataspace.copernicus.eu/v1/collections/sentinel-1-grd/items/S1B_IW_GRDH_1SDV_20190405T053439_20190405T053504_015667_01D631_FDE8_COG
S1B_IW_GRDH_1SDV_20190405T053504_20190405T053529_015667_01D631_3B5F_COG,OK,CACHE,0,sentinel-1b,2019-04-05T05:35:04.080140Z,2019-04-05T05:35:29.077711Z,IW,VV|VH,descending,66,15667,,L1,"[6.208661, 43.315628, 9.758035, 45.213284]",11,https://stac.dataspace.copernicus.eu/v1/collections/sentinel-1-grd/items/S1B_IW_GRDH_1SDV_20190405T053504_20190405T053529_015667_01D631_3B5F_COG
S1B_IW_GRDH_1SDV_20190405T053504_20190405T053529_015667_01D631_9F91_COG,OK,CACHE,0,sentinel-1b,2019-04-05T05:35:04.080362Z,2019-04-05T05:35:29.077956Z,IW,VV|VH,descending,66,15667,,L1,"[6.208663, 43.315613, 9.758035, 45.213268]",11,https://stac.dataspace.copernicus.eu/v1/collections/sentinel-1-grd/items/S1B_IW_GRDH_1SDV_20190405T053504_20190405T053529_015667_01D631_9F91_COG
S1B_IW_GRDH_1SDV_20190406T172207_20190406T172232_015689_01D6F7_A6A0_COG,OK,CACHE,0,sentinel-1b,2019-04-06T17:22:07.337771Z,2019-04-06T17:22:32.335506Z,IW,VV|VH,ascending,88,15689,,L1,"[5.928109, 43.472137, 9.493368, 45.379215]",11,https://stac.dataspace.copernicus.eu/v1/collections/sentinel-1-grd/items/S1B_IW_GRDH_1SDV_20190406T172207_20190406T172232_015689_01D6F7_A6A0_COG
S1B_IW_GRDH_1SDV_20190406T172207_20190406T172232_015689_01D6F7_FF91_COG,OK,CACHE,0,sentinel-1b,2019-04-06T17:22:07.337708Z,2019-04-06T17:22:32.335439Z,IW,VV|VH,ascending,88,15689,,L1,"[5.928081, 43.472122, 9.493336, 45.379196]",11,https://stac.dataspace.copernicus.eu/v1/collections/sentinel-1-grd/items/S1B_IW_GRDH_1SDV_20190406T172207_20190406T172232_015689_01D6F7_FF91_COG
S1B_IW_GRDH_1SDV_20190406T172232_20190406T172257_015689_01D6F7_86B5_COG,OK,CACHE,0,sentinel-1b,2019-04-06T17:22:32.336952Z,2019-04-06T17:22:57.336179Z,IW,VV|VH,ascending,88,15689,,L1,"[5.475032, 44.976856, 9.206345, 46.874619]",11,https://stac.dataspace.copernicus.eu/v1/collections/sentinel-1-grd/items/S1B_IW_GRDH_1SDV_20190406T172232_20190406T172257_015689_01D6F7_86B5_COG
S1B_IW_GRDH_1SDV_20190406T172232_20190406T172257_015689_01D6F7_929E_COG,OK,CACHE,0,sentinel-1b,2019-04-06T17:22:32.337019Z,2019-04-06T17:22:57.336251Z,IW,VV|VH,ascending,88,15689,,L1,"[5.475055, 44.976875, 9.206373, 46.874638]",11,https://stac.dataspace.copernicus.eu/v1/collections/sentinel-1-grd/items/S1B_IW_GRDH_1SDV_20190406T172232_20190406T172257_015689_01D6F7_929E_COG
S1B_IW_GRDH_1SDV_20190412T052634_20190412T052659_015769_01D98F_60EE_COG,OK,CACHE,0,sentinel-1b,2019-04-12T05:26:34.268574Z,2019-04-12T05:26:59.266983Z,IW,VV|VH,descending,168,15769,,L1,"[8.487844, 44.291275, 12.084221, 46.187523]",11,https://stac.dataspace.copernicus.eu/v1/collections/sentinel-1-grd/items/S1B_IW_GRDH_1SDV_20190412T052634_20190412T052659_015769_01D98F_60EE_COG
S1B_IW_GRDH_1SDV_20190412T052634_20190412T052659_015769_01D98F_CDFA_COG,OK,CACHE,0,sentinel-1b,2019-04-12T05:26:34.268490Z,2019-04-12T05:26:59.266885Z,IW,VV|VH,descending,168,15769,,L1,"[8.487836, 44.291294, 12.084216, 46.187542]",11,https://stac.dataspace.copernicus.eu/v1/collections/sentinel-1-grd/items/S1B_IW_GRDH_1SDV_20190412T052634_20190412T052659_015769_01D98F_CDFA_COG
S1B_IW_GRDH_1SDV_20190413T171355_20190413T171420_015791_01DA48_7354_COG,OK,CACHE,0,sentinel-1b,2019-04-13T17:13:55.840804Z,2019-04-13T17:14:20.839757Z,IW,VV|VH,ascending,15,15791,,L1,"[7.911348, 43.593624, 11.567211, 45.501732]",11,https://stac.dataspace.copernicus.eu/v1/collections/sentinel-1-grd/items/S1B_IW_GRDH_1SDV_20190413T171355_20190413T171420_015791_01DA48_7354_COG
S1B_IW_GRDH_1SDV_20190413T171355_20190413T171420_015791_01DA48_D21E_COG,OK,CACHE,0,sentinel-1b,2019-04-13T17:13:55.841274Z,2019-04-13T17:14:20.840260Z,IW,VV|VH,ascending,15,15791,,L1,"[7.911293, 43.593655, 11.567158, 45.501762]",11,https://stac.dataspace.copernicus.eu/v1/collections/sentinel-1-grd/items/S1B_IW_GRDH_1SDV_20190413T171355_20190413T171420_015791_01DA48_D21E_COG
S1B_IW_GRDH_1SDV_20190413T171420_20190413T171445_015791_01DA48_0FA3_COG,OK,CACHE,0,sentinel-1b,2019-04-13T17:14:20.841757Z,2019-04-13T17:14:45.839246Z,IW,VV|VH,ascending,15,15791,,L1,"[7.517167, 45.093159, 11.24299, 47.003265]",11,https://stac.dataspace.copernicus.eu/v1/collections/sentinel-1-grd/items/S1B_IW_GRDH_1SDV_20190413T171420_20190413T171445_015791_01DA48_0FA3_COG
S1B_IW_GRDH_1SDV_20190413T171420_20190413T171445_015791_01DA48_806E_COG,OK,CACHE,0,sentinel-1b,2019-04-13T17:14:20.841253Z,2019-04-13T17:14:45.840206Z,IW,VV|VH,ascending,15,15791,,L1,"[7.517198, 45.093132, 11.243171, 47.003338]",11,https://stac.dataspace.copernicus.eu/v1/collections/sentinel-1-grd/items/S1B_IW_GRDH_1SDV_20190413T171420_20190413T171445_015791_01DA48_806E_COG
S1B_IW_GRDH_1SDV_20190417T053439_20190417T053504_015842_01DC01_4D36_COG,OK,CACHE,0,sentinel-1b,2019-04-17T05:34:39.334232Z,2019-04-17T05:35:04.331895Z,IW,VV|VH,descending,66,15842,,L1,"[6.530163, 44.815624, 10.140225, 46.715775]",11,https://stac.dataspace.copernicus.eu/v1/collections/sentinel-1-grd/items/S1B_IW_GRDH_1SDV_20190417T053439_20190417T053504_015842_01DC01_4D36_COG
S1B_IW_GRDH_1SDV_20190417T053439_20190417T053504_015842_01DC01_80ED_COG,OK,CACHE,0,sentinel-1b,2019-04-17T05:34:39.334005Z,2019-04-17T05:35:04.331643Z,IW,VV|VH,descending,66,15842,,L1,"[6.530135, 44.815639, 10.140195, 46.71579]",11,https://stac.dataspace.copernicus.eu/v1/collections/sentinel-1-grd/items/S1B_IW_GRDH_1SDV_20190417T053439_20190417T053504_015842_01DC01_80ED_COG
S1B_IW_GRDH_1SDV_20190417T053504_20190417T053529_015842_01DC01_23AE_COG,OK,CACHE,0,sentinel-1b,2019-04-17T05:35:04.333161Z,2019-04-17T05:35:29.332299Z,IW,VV|VH,descending,66,15842,,L1,"[6.209243, 43.315567, 9.758641, 45.213306]",11,https://stac.dataspace.copernicus.eu/v1/collections/sentinel-1-grd/items/S1B_IW_GRDH_1SDV_20190417T053504_20190417T053529_015842_01DC01_23AE_COG
S1B_IW_GRDH_1SDV_20190417T053504_20190417T053529_015842_01DC01_B61B_COG,OK,CACHE,0,sentinel-1b,2019-04-17T05:35:04.333413Z,2019-04-17T05:35:29.332576Z,IW,VV|VH,descending,66,15842,,L1,"[6.20927, 43.315552, 9.758668, 45.213295]",11,https://stac.dataspace.copernicus.eu/v1/collections/sentinel-1-grd/items/S1B_IW_GRDH_1SDV_20190417T053504_20190417T053529_015842_01DC01_B61B_COG
S1B_IW_GRDH_1SDV_20190418T172207_20190418T172232_015864_01DCBF_4525_COG,OK,CACHE,0,sentinel-1b,2019-04-18T17:22:07.647579Z,2019-04-18T17:22:32.646544Z,IW,VV|VH,ascending,88,15864,,L1,"[5.928789, 43.472488, 9.493676, 45.379642]",11,https://stac.dataspace.copernicus.eu/v1/collections/sentinel-1-grd/items/S1B_IW_GRDH_1SDV_20190418T172207_20190418T172232_015864_01DCBF_4525_COG
S1B_IW_GRDH_1SDV_20190418T172207_20190418T172232_015864_01DCBF_C67A_COG,OK,CACHE,0,sentinel-1b,2019-04-18T17:22:07.647587Z,2019-04-18T17:22:32.646553Z,IW,VV|VH,ascending,88,15864,,L1,"[5.928835, 43.472504, 9.493727, 45.379658]",11,https://stac.dataspace.copernicus.eu/v1/collections/sentinel-1-grd/items/S1B_IW_GRDH_1SDV_20190418T172207_20190418T172232_015864_01DCBF_C67A_COG
S1B_IW_GRDH_1SDV_20190418T172232_20190418T172257_015864_01DCBF_3BFB_COG,OK,CACHE,0,sentinel-1b,2019-04-18T17:22:32.648040Z,2019-04-18T17:22:57.647006Z,IW,VV|VH,ascending,88,15864,,L1,"[5.475545, 44.977333, 9.206719, 46.875027]",11,https://stac.dataspace.copernicus.eu/v1/collections/sentinel-1-grd/items/S1B_IW_GRDH_1SDV_20190418T172232_20190418T172257_015864_01DCBF_3BFB_COG
S1B_IW_GRDH_1SDV_20190418T172232_20190418T172257_015864_01DCBF_7CD5_COG,OK,CACHE,0,sentinel-1b,2019-04-18T17:22:32.648048Z,2019-04-18T17:22:57.647014Z,IW,VV|VH,ascending,88,15864,,L1,"[5.475587, 44.977352, 9.206767, 46.875046]",11,https://stac.dataspace.copernicus.eu/v1/collections/sentinel-1-grd/items/S1B_IW_GRDH_1SDV_20190418T172232_20190418T172257_015864_01DCBF_7CD5_COG
S1B_IW_GRDH_1SDV_20190424T052634_20190424T052659_015944_01DF5C_5F30_COG,OK,CACHE,0,sentinel-1b,2019-04-24T05:26:34.866005Z,2019-04-24T05:26:59.864468Z,IW,VV|VH,descending,168,15944,,L1,"[8.487615, 44.29126, 12.084163, 46.187531]",11,https://stac.dataspace.copernicus.eu/v1/collections/sentinel-1-grd/items/S1B_IW_GRDH_1SDV_20190424T052634_20190424T052659_015944_01DF5C_5F30_COG
S1B_IW_GRDH_1SDV_20190424T052634_20190424T052659_015944_01DF5C_8AF9_COG,OK,CACHE,0,sentinel-1b,2019-04-24T05:26:34.866005Z,2019-04-24T05:26:59.864468Z,IW,VV|VH,descending,168,15944,,L1,"[8.487615, 44.29126, 12.084163, 46.187531]",11,https://stac.dataspace.copernicus.eu/v1/collections/sentinel-1-grd/items/S1B_IW_GRDH_1SDV_20190424T052634_20190424T052659_015944_01DF5C_8AF9_COG
S1B_IW_GRDH_1SDV_20190429T053440_20190429T053505_016017_01E1D1_5652_COG,OK,CACHE,0,sentinel-1b,2019-04-29T05:34:40.135701Z,2019-04-29T05:35:05.133862Z,IW,VV|VH,descending,66,16017,,L1,"[6.529788, 44.814846, 10.146036, 46.715916]",11,https://stac.dataspace.copernicus.eu/v1/collections/sentinel-1-grd/items/S1B_IW_GRDH_1SDV_20190429T053440_20190429T053505_016017_01E1D1_5652_COG
S1B_IW_GRDH_1SDV_20190429T053440_20190429T053505_016017_01E1D1_7F9F_COG,OK,CACHE,0,sentinel-1b,2019-04-29T05:34:40.135709Z,2019-04-29T05:35:05.133871Z,IW,VV|VH,descending,66,16017,,L1,"[6.529803, 44.814842, 10.146051, 46.715912]",11,https://stac.dataspace.copernicus.eu/v1/collections/sentinel-1-grd/items/S1B_IW_GRDH_1SDV_20190429T053440_20190429T053505_016017_01E1D1_7F9F_COG
S1B_IW_GRDH_1SDV_20190429T053505_20190429T053530_016017_01E1D1_58A3_COG,OK,CACHE,0,sentinel-1b,2019-04-29T05:35:05.135386Z,2019-04-29T05:35:30.133550Z,IW,VV|VH,descending,66,16017,,L1,"[6.208725, 43.31485, 9.764317, 45.213421]",11,https://stac.dataspace.copernicus.eu/v1/collections/sentinel-1-grd/items/S1B_IW_GRDH_1SDV_20190429T053505_20190429T053530_016017_01E1D1_58A3_COG
S1B_IW_GRDH_1SDV_20190429T053505_20190429T053530_016017_01E1D1_6402_COG,OK,CACHE,0,sentinel-1b,2019-04-29T05:35:05.135395Z,2019-04-29T05:35:30.133560Z,IW,VV|VH,descending,66,16017,,L1,"[6.208738, 43.314846, 9.76433, 45.213417]",11,https://stac.dataspace.copernicus.eu/v1/collections/sentinel-1-grd/items/S1B_IW_GRDH_1SDV_20190429T053505_20190429T053530_016017_01E1D1_6402_COG
S1B_IW_GRDH_1SDV_20190430T172208_20190430T172233_016039_01E299_215F_COG,OK,CACHE,0,sentinel-1b,2019-04-30T17:22:08.411488Z,2019-04-30T17:22:33.410556Z,IW,VV|VH,ascending,88,16039,,L1,"[5.927705, 43.472363, 9.492901, 45.379532]",11,https://stac.dataspace.copernicus.eu/v1/collections/sentinel-1-grd/items/S1B_IW_GRDH_1SDV_20190430T172208_20190430T172233_016039_01E299_215F_COG
S1B_IW_GRDH_1SDV_20190430T172208_20190430T172233_016039_01E299_445D_COG,OK,CACHE,0,sentinel-1b,2019-04-30T17:22:08.411414Z,2019-04-30T17:22:33.410477Z,IW,VV|VH,ascending,88,16039,,L1,"[5.927653, 43.472351, 9.492846, 45.37952]",11,https://stac.dataspace.copernicus.eu/v1/collections/sentinel-1-grd/items/S1B_IW_GRDH_1SDV_20190430T172208_20190430T172233_016039_01E299_445D_COG
S1B_IW_GRDH_1SDV_20190430T172233_20190430T172258_016039_01E299_154E_COG,OK,CACHE,0,sentinel-1b,2019-04-30T17:22:33.412052Z,2019-04-30T17:22:58.409625Z,IW,VV|VH,ascending,88,16039,,L1,"[5.47465, 44.97718, 9.205731, 46.874847]",11,https://stac.dataspace.copernicus.eu/v1/collections/sentinel-1-grd/items/S1B_IW_GRDH_1SDV_20190430T172233_20190430T172258_016039_01E299_154E_COG
S1B_IW_GRDH_1SDV_20190430T172233_20190430T172258_016039_01E299_2843_COG,OK,CACHE,0,sentinel-1b,2019-04-30T17:22:33.411973Z,2019-04-30T17:22:58.411036Z,IW,VV|VH,ascending,88,16039,,L1,"[5.474576, 44.977169, 9.205679, 46.874924]",11,https://stac.dataspace.copernicus.eu/v1/collections/sentinel-1-grd/items/S1B_IW_GRDH_1SDV_20190430T172233_20190430T172258_016039_01E299_2843_COG
S1B_IW_GRDH_1SDV_20190506T052635_20190506T052700_016119_01E53A_121C_COG,OK,CACHE,0,sentinel-1b,2019-05-06T05:26:35.294531Z,2019-05-06T05:27:00.292853Z,IW,VV|VH,descending,168,16119,,L1,"[8.486088, 44.291389, 12.08243, 46.187561]",11,https://stac.dataspace.copernicus.eu/v1/collections/sentinel-1-grd/items/S1B_IW_GRDH_1SDV_20190506T052635_20190506T052700_016119_01E53A_121C_COG
S1B_IW_GRDH_1SDV_20190506T052635_20190506T052700_016119_01E53A_DDFE_COG,OK,CACHE,0,sentinel-1b,2019-05-06T05:26:35.294356Z,2019-05-06T05:27:00.292648Z,IW,VV|VH,descending,168,16119,,L1,"[8.486122, 44.291393, 12.082463, 46.187565]",11,https://stac.dataspace.copernicus.eu/v1/collections/sentinel-1-grd/items/S1B_IW_GRDH_1SDV_20190506T052635_20190506T052700_016119_01E53A_DDFE_COG
S1B_IW_GRDH_1SDV_20190507T171356_20190507T171421_016141_01E5E8_DA33_COG,OK,CACHE,0,sentinel-1b,2019-05-07T17:13:56.809905Z,2019-05-07T17:14:21.807540Z,IW,VV|VH,ascending,15,16141,,L1,"[7.911835, 43.593407, 11.56776, 45.501411]",11,https://stac.dataspace.copernicus.eu/v1/collections/sentinel-1-grd/items/S1B_IW_GRDH_1SDV_20190507T171356_20190507T171421_016141_01E5E8_DA33_COG
S1B_IW_GRDH_1SDV_20190507T171356_20190507T171421_016141_01E5E8_DBA1_COG,OK,CACHE,0,sentinel-1b,2019-05-07T17:13:56.808832Z,2019-05-07T17:14:21.807995Z,IW,VV|VH,ascending,15,16141,,L1,"[7.911789, 43.593346, 11.567734, 45.501442]",11,https://stac.dataspace.copernicus.eu/v1/collections/sentinel-1-grd/items/S1B_IW_GRDH_1SDV_20190507T171356_20190507T171421_016141_01E5E8_DBA1_COG
S1B_IW_GRDH_1SDV_20190507T171421_20190507T171446_016141_01E5E8_41CB_COG,OK,CACHE,0,sentinel-1b,2019-05-07T17:14:21.809037Z,2019-05-07T17:14:46.808169Z,IW,VV|VH,ascending,15,16141,,L1,"[7.517723, 45.092823, 11.243773, 47.003025]",11,https://stac.dataspace.copernicus.eu/v1/collections/sentinel-1-grd/items/S1B_IW_GRDH_1SDV_20190507T171421_20190507T171446_016141_01E5E8_41CB_COG
S1B_IW_GRDH_1SDV_20190507T171421_20190507T171446_016141_01E5E8_EA91_COG,OK,CACHE,0,sentinel-1b,2019-05-07T17:14:21.809492Z,2019-05-07T17:14:46.807158Z,IW,VV|VH,ascending,15,16141,,L1,"[7.517704, 45.092854, 11.243728, 47.002964]",11,https://stac.dataspace.copernicus.eu/v1/collections/sentinel-1-grd/items/S1B_IW_GRDH_1SDV_20190507T171421_20190507T171446_016141_01E5E8_EA91_COG
S1B_IW_GRDH_1SDV_20190511T053440_20190511T053505_016192_01E786_0DAD_COG,OK,CACHE,0,sentinel-1b,2019-05-11T05:34:40.346319Z,2019-05-11T05:35:05.344483Z,IW,VV|VH,descending,66,16192,,L1,"[6.53198, 44.814842, 10.148259, 46.715935]",11,https://stac.dataspace.copernicus.eu/v1/collections/sentinel-1-grd/items/S1B_IW_GRDH_1SDV_20190511T053440_20190511T053505_016192_01E786_0DAD_COG
S1B_IW_GRDH_1SDV_20190511T053440_20190511T053505_016192_01E786_B238_COG,OK,CACHE,0,sentinel-1b,2019-05-11T05:34:40.345139Z,2019-05-11T05:35:05.344835Z,IW,VV|VH,descending,66,16192,,L1,"[6.531973, 44.814812, 10.148266, 46.716]",11,https://stac.dataspace.copernicus.eu/v1/collections/sentinel-1-grd/items/S1B_IW_GRDH_1SDV_20190511T053440_20190511T053505_016192_01E786_B238_COG
S1B_IW_GRDH_1SDV_20190511T053505_20190511T053530_016192_01E786_4692_COG,OK,CACHE,0,sentinel-1b,2019-05-11T05:35:05.346362Z,2019-05-11T05:35:30.344563Z,IW,VV|VH,descending,66,16192,,L1,"[6.210885, 43.314816, 9.766508, 45.213417]",11,https://stac.dataspace.copernicus.eu/v1/collections/sentinel-1-grd/items/S1B_IW_GRDH_1SDV_20190511T053505_20190511T053530_016192_01E786_4692_COG
S1B_IW_GRDH_1SDV_20190511T053505_20190511T053530_016192_01E786_EB45_COG,OK,CACHE,0,sentinel-1b,2019-05-11T05:35:05.346009Z,2019-05-11T05:35:30.344175Z,IW,VV|VH,descending,66,16192,,L1,"[6.210892, 43.314846, 9.766518, 45.213444]",11,https://stac.dataspace.copernicus.eu/v1/collections/sentinel-1-grd/items/S1B_IW_GRDH_1SDV_20190511T053505_20190511T053530_016192_01E786_EB45_COG
S1B_IW_GRDH_1SDV_20190512T172208_20190512T172233_016214_01E83D_CF2E_COG,OK,CACHE,0,sentinel-1b,2019-05-12T17:22:08.701017Z,2019-05-12T17:22:33.700108Z,IW,VV|VH,ascending,88,16214,,L1,"[5.928258, 43.472305, 9.493487, 45.379524]",11,https://stac.dataspace.copernicus.eu/v1/collections/sentinel-1-grd/items/S1B_IW_GRDH_1SDV_20190512T172208_20190512T172233_016214_01E83D_CF2E_COG
S1B_IW_GRDH_1SDV_20190512T172208_20190512T172233_016214_01E83D_F814_COG,OK,CACHE,0,sentinel-1b,2019-05-12T17:22:08.700911Z,2019-05-12T17:22:33.699995Z,IW,VV|VH,ascending,88,16214,,L1,"[5.928225, 43.472294, 9.493449, 45.379509]",11,https://stac.dataspace.copernicus.eu/v1/collections/sentinel-1-grd/items/S1B_IW_GRDH_1SDV_20190512T172208_20190512T172233_016214_01E83D_F814_COG
S1B_IW_GRDH_1SDV_20190512T172233_20190512T172258_016214_01E83D_AEAB_COG,OK,CACHE,0,sentinel-1b,2019-05-12T17:22:33.701490Z,2019-05-12T17:22:58.699078Z,IW,VV|VH,ascending,88,16214,,L1,"[5.475127, 44.977112, 9.206236, 46.874817]",11,https://stac.dataspace.copernicus.eu/v1/collections/sentinel-1-grd/items/S1B_IW_GRDH_1SDV_20190512T172233_20190512T172258_016214_01E83D_AEAB_COG
S1B_IW_GRDH_1SDV_20190512T172233_20190512T172258_016214_01E83D_F077_COG,OK,CACHE,0,sentinel-1b,2019-05-12T17:22:33.701604Z,2019-05-12T17:22:58.699199Z,IW,VV|VH,ascending,88,16214,,L1,"[5.475157, 44.977127, 9.20627, 46.874836]",11,https://stac.dataspace.copernicus.eu/v1/collections/sentinel-1-grd/items/S1B_IW_GRDH_1SDV_20190512T172233_20190512T172258_016214_01E83D_F077_COG
S1B_IW_GRDH_1SDV_20190518T052635_20190518T052700_016294_01EAAB_4F4B_COG,OK,CACHE,0,sentinel-1b,2019-05-18T05:26:35.906393Z,2019-05-18T05:27:00.904721Z,IW,VV|VH,descending,168,16294,,L1,"[8.486139, 44.291386, 12.082487, 46.18755]",11,https://stac.dataspace.copernicus.eu/v1/collections/sentinel-1-grd/items/S1B_IW_GRDH_1SDV_20190518T052635_20190518T052700_016294_01EAAB_4F4B_COG
S1B_IW_GRDH_1SDV_20190518T052635_20190518T052700_016294_01EAAB_73A2_COG,OK,CACHE,0,sentinel-1b,2019-05-18T05:26:35.906298Z,2019-05-18T05:27:00.904611Z,IW,VV|VH,descending,168,16294,,L1,"[8.486145, 44.291382, 12.082491, 46.187546]",11,https://stac.dataspace.copernicus.eu/v1/collections/sentinel-1-grd/items/S1B_IW_GRDH_1SDV_20190518T052635_20190518T052700_016294_01EAAB_73A2_COG
S1B_IW_GRDH_1SDV_20190519T171357_20190519T171422_016316_01EB50_0994_COG,OK,CACHE,0,sentinel-1b,2019-05-19T17:13:57.529061Z,2019-05-19T17:14:22.528141Z,IW,VV|VH,ascending,15,16316,,L1,"[7.911997, 43.593517, 11.567935, 45.501583]",11,https://stac.dataspace.copernicus.eu/v1/collections/sentinel-1-grd/items/S1B_IW_GRDH_1SDV_20190519T171357_20190519T171422_016316_01EB50_0994_COG
S1B_IW_GRDH_1SDV_20190519T171357_20190519T171422_016316_01EB50_37E5_COG,OK,CACHE,0,sentinel-1b,2019-05-19T17:13:57.529467Z,2019-05-19T17:14:22.527079Z,IW,VV|VH,ascending,15,16316,,L1,"[7.911965, 43.593544, 11.56788, 45.501522]",11,https://stac.dataspace.copernicus.eu/v1/collections/sentinel-1-grd/items/S1B_IW_GRDH_1SDV_20190519T171357_20190519T171422_016316_01EB50_37E5_COG
S1B_IW_GRDH_1SDV_20190519T171422_20190519T171447_016316_01EB50_3CFA_COG,OK,CACHE,0,sentinel-1b,2019-05-19T17:14:22.528575Z,2019-05-19T17:14:47.527684Z,IW,VV|VH,ascending,15,16316,,L1,"[7.517879, 45.092964, 11.243917, 47.003132]",11,https://stac.dataspace.copernicus.eu/v1/collections/sentinel-1-grd/items/S1B_IW_GRDH_1SDV_20190519T171422_20190519T171447_016316_01EB50_3CFA_COG
S1B_IW_GRDH_1SDV_20190519T171422_20190519T171447_016316_01EB50_7F25_COG,OK,CACHE,0,sentinel-1b,2019-05-19T17:14:22.529638Z,2019-05-19T17:14:47.527221Z,IW,VV|VH,ascending,15,16316,,L1,"[7.517935, 45.093029, 11.243953, 47.003105]",11,https://stac.dataspace.copernicus.eu/v1/collections/sentinel-1-grd/items/S1B_IW_GRDH_1SDV_20190519T171422_20190519T171447_016316_01EB50_7F25_COG
S1B_IW_GRDH_1SDV_20190523T053441_20190523T053506_016367_01ECEF_2491_COG,OK,CACHE,0,sentinel-1b,2019-05-23T05:34:41.189343Z,2019-05-23T05:35:06.187410Z,IW,VV|VH,descending,66,16367,,L1,"[6.529718, 44.814941, 10.145794, 46.715958]",11,https://stac.dataspace.copernicus.eu/v1/collections/sentinel-1-grd/items/S1B_IW_GRDH_1SDV_20190523T053441_20190523T053506_016367_01ECEF_2491_COG
S1B_IW_GRDH_1SDV_20190523T053441_20190523T053506_016367_01ECEF_B750_COG,OK,CACHE,0,sentinel-1b,2019-05-23T05:34:41.189590Z,2019-05-23T05:35:06.187684Z,IW,VV|VH,descending,66,16367,,L1,"[6.529685, 44.814915, 10.145761, 46.715931]",11,https://stac.dataspace.copernicus.eu/v1/collections/sentinel-1-grd/items/S1B_IW_GRDH_1SDV_20190523T053441_20190523T053506_016367_01ECEF_B750_COG
S1B_IW_GRDH_1SDV_20190523T053506_20190523T053531_016367_01ECEF_6D64_COG,OK,CACHE,0,sentinel-1b,2019-05-23T05:35:06.188909Z,2019-05-23T05:35:31.188475Z,IW,VV|VH,descending,66,16367,,L1,"[6.208781, 43.31485, 9.764151, 45.213448]",11,https://stac.dataspace.copernicus.eu/v1/collections/sentinel-1-grd/items/S1B_IW_GRDH_1SDV_20190523T053506_20190523T053531_016367_01ECEF_6D64_COG
S1B_IW_GRDH_1SDV_20190523T053506_20190523T053531_016367_01ECEF_9566_COG,OK,CACHE,0,sentinel-1b,2019-05-23T05:35:06.189183Z,2019-05-23T05:35:31.187278Z,IW,VV|VH,descending,66,16367,,L1,"[6.208768, 43.314915, 9.764116, 45.213421]",11,https://stac.dataspace.copernicus.eu/v1/collections/sentinel-1-grd/items/S1B_IW_GRDH_1SDV_20190523T053506_20190523T053531_016367_01ECEF_9566_COG
S1B_IW_GRDH_1SDV_20190524T172209_20190524T172234_016389_01EDA6_1B97_COG,OK,CACHE,0,sentinel-1b,2019-05-24T17:22:09.479948Z,2019-05-24T17:22:34.477594Z,IW,VV|VH,ascending,88,16389,,L1,"[5.928146, 43.472328, 9.493443, 45.379436]",11,https://stac.dataspace.copernicus.eu/v1/collections/sentinel-1-grd/items/S1B_IW_GRDH_1SDV_20190524T172209_20190524T172234_016389_01EDA6_1B97_COG
S1B_IW_GRDH_1SDV_20190524T172209_20190524T172234_016389_01EDA6_D0B1_COG,OK,CACHE,0,sentinel-1b,2019-05-24T17:22:09.479824Z,2019-05-24T17:22:34.477462Z,IW,VV|VH,ascending,88,16389,,L1,"[5.928141, 43.472324, 9.493433, 45.379429]",11,https://stac.dataspace.copernicus.eu/v1/collections/sentinel-1-grd/items/S1B_IW_GRDH_1SDV_20190524T172209_20190524T172234_016389_01EDA6_D0B1_COG
S1B_IW_GRDH_1SDV_20190524T172234_20190524T172259_016389_01EDA6_A8CA_COG,OK,CACHE,0,sentinel-1b,2019-05-24T17:22:34.478958Z,2019-05-24T17:22:59.478091Z,IW,VV|VH,ascending,88,16389,,L1,"[5.47506, 44.977055, 9.206284, 46.874832]",11,https://stac.dataspace.copernicus.eu/v1/collections/sentinel-1-grd/items/S1B_IW_GRDH_1SDV_20190524T172234_20190524T172259_016389_01EDA6_A8CA_COG
S1B_IW_GRDH_1SDV_20190524T172234_20190524T172259_016389_01EDA6_FD00_COG,OK,CACHE,0,sentinel-1b,2019-05-24T17:22:34.479090Z,2019-05-24T17:22:59.478232Z,IW,VV|VH,ascending,88,16389,,L1,"[5.47506, 44.977062, 9.206288, 46.874844]",11,https://stac.dataspace.copernicus.eu/v1/collections/sentinel-1-grd/items/S1B_IW_GRDH_1SDV_20190524T172234_20190524T172259_016389_01EDA6_FD00_COG
S1B_IW_GRDH_1SDV_20190530T052620_20190530T052645_016469_01F003_565C_COG,OK,CACHE,0,sentinel-1b,2019-05-30T05:26:20.956617Z,2019-05-30T05:26:45.955688Z,IW,VV|VH,descending,168,16469,,L1,"[8.678372, 45.218086, 12.330146, 47.119186]",11,https://stac.dataspace.copernicus.eu/v1/collections/sentinel-1-grd/items/S1B_IW_GRDH_1SDV_20190530T052620_20190530T052645_016469_01F003_565C_COG
S1B_IW_GRDH_1SDV_20190530T052627_20190530T052652_016469_01F003_446C_COG,OK,CACHE,0,sentinel-1b,2019-05-30T05:26:27.329524Z,2019-05-30T05:26:52.327194Z,IW,VV|VH,descending,168,16469,,L1,"[8.556018, 44.836136, 12.226354, 46.740898]",11,https://stac.dataspace.copernicus.eu/v1/collections/sentinel-1-grd/items/S1B_IW_GRDH_1SDV_20190530T052627_20190530T052652_016469_01F003_446C_COG
S1B_IW_GRDH_1SDV_20190530T052645_20190530T052710_016469_01F003_2CB3_COG,OK,CACHE,0,sentinel-1b,2019-05-30T05:26:45.957186Z,2019-05-30T05:27:10.954759Z,IW,VV|VH,descending,168,16469,,L1,"[8.347533, 43.719532, 11.940103, 45.617264]",11,https://stac.dataspace.copernicus.eu/v1/collections/sentinel-1-grd/items/S1B_IW_GRDH_1SDV_20190530T052645_20190530T052710_016469_01F003_2CB3_COG
S1B_IW_GRDH_1SDV_20190530T052652_20190530T052717_016469_01F003_2741_COG,OK,CACHE,0,sentinel-1b,2019-05-30T05:26:52.328694Z,2019-05-30T05:27:17.327864Z,IW,VV|VH,descending,168,16469,,L1,"[8.225516, 43.337536, 11.834195, 45.239468]",11,https://stac.dataspace.copernicus.eu/v1/collections/sentinel-1-grd/items/S1B_IW_GRDH_1SDV_20190530T052652_20190530T052717_016469_01F003_2741_COG
S1B_IW_GRDH_1SDV_20190531T171358_20190531T171423_016491_01F0A2_218E_COG,OK,CACHE,0,sentinel-1b,2019-05-31T17:13:58.077317Z,2019-05-31T17:14:23.076258Z,IW,VV|VH,ascending,15,16491,,L1,"[7.911561, 43.593662, 11.567408, 45.501743]",11,https://stac.dataspace.copernicus.eu/v1/collections/sentinel-1-grd/items/S1B_IW_GRDH_1SDV_20190531T171358_20190531T171423_016491_01F0A2_218E_COG
S1B_IW_GRDH_1SDV_20190531T171358_20190531T171423_016491_01F0A2_653A_COG,OK,CACHE,0,sentinel-1b,2019-05-31T17:13:58.077666Z,2019-05-31T17:14:23.076632Z,IW,VV|VH,ascending,15,16491,,L1,"[7.911513, 43.5937, 11.567363, 45.501781]",11,https://stac.dataspace.copernicus.eu/v1/collections/sentinel-1-grd/items/S1B_IW_GRDH_1SDV_20190531T171358_20190531T171423_016491_01F0A2_653A_COG
S1B_IW_GRDH_1SDV_20190531T171423_20190531T171448_016491_01F0A2_0C48_COG,OK,CACHE,0,sentinel-1b,2019-05-31T17:14:23.077754Z,2019-05-31T17:14:48.076695Z,IW,VV|VH,ascending,15,16491,,L1,"[7.517437, 45.093166, 11.243266, 47.003338]",11,https://stac.dataspace.copernicus.eu/v1/collections/sentinel-1-grd/items/S1B_IW_GRDH_1SDV_20190531T171423_20190531T171448_016491_01F0A2_0C48_COG
S1B_IW_GRDH_1SDV_20190531T171423_20190531T171448_016491_01F0A2_8E1F_COG,OK,CACHE,0,sentinel-1b,2019-05-31T17:14:23.078129Z,2019-05-31T17:14:48.077094Z,IW,VV|VH,ascending,15,16491,,L1,"[7.517388, 45.093208, 11.243219, 47.003376]",11,https://stac.dataspace.copernicus.eu/v1/collections/sentinel-1-grd/items/S1B_IW_GRDH_1SDV_20190531T171423_20190531T171448_016491_01F0A2_8E1F_COG
S1B_IW_GRDH_1SDV_20190604T053441_20190604T053506_016542_01F23F_3463_COG,OK,CACHE,0,sentinel-1b,2019-06-04T05:34:41.735222Z,2019-06-04T05:35:06.733305Z,IW,VV|VH,descending,66,16542,,L1,"[6.529549, 44.814869, 10.145585, 46.715874]",11,https://stac.dataspace.copernicus.eu/v1/collections/sentinel-1-grd/items/S1B_IW_GRDH_1SDV_20190604T053441_20190604T053506_016542_01F23F_3463_COG
S1B_IW_GRDH_1SDV_20190604T053441_20190604T053506_016542_01F23F_47D1_COG,OK,CACHE,0,sentinel-1b,2019-06-04T05:34:41.735539Z,2019-06-04T05:35:06.733657Z,IW,VV|VH,descending,66,16542,,L1,"[6.529535, 44.81485, 10.145573, 46.715851]",11,https://stac.dataspace.copernicus.eu/v1/collections/sentinel-1-grd/items/S1B_IW_GRDH_1SDV_20190604T053441_20190604T053506_016542_01F23F_47D1_COG
S1B_IW_GRDH_1SDV_20190604T053506_20190604T053531_016542_01F23F_85D9_COG,OK,CACHE,0,sentinel-1b,2019-06-04T05:35:06.735184Z,2019-06-04T05:35:31.733306Z,IW,VV|VH,descending,66,16542,,L1,"[6.208517, 43.314846, 9.763973, 45.213348]",11,https://stac.dataspace.copernicus.eu/v1/collections/sentinel-1-grd/items/S1B_IW_GRDH_1SDV_20190604T053506_20190604T053531_016542_01F23F_85D9_COG
S1B_IW_GRDH_1SDV_20190604T053506_20190604T053531_016542_01F23F_C05E_COG,OK,CACHE,0,sentinel-1b,2019-06-04T05:35:06.734832Z,2019-06-04T05:35:31.734417Z,IW,VV|VH,descending,66,16542,,L1,"[6.208511, 43.314777, 9.763988, 45.213371]",11,https://stac.dataspace.copernicus.eu/v1/collections/sentinel-1-grd/items/S1B_IW_GRDH_1SDV_20190604T053506_20190604T053531_016542_01F23F_C05E_COG
S1B_IW_GRDH_1SDV_20190605T172210_20190605T172235_016564_01F2EB_6F7D_COG,OK,CACHE,0,sentinel-1b,2019-06-05T17:22:10.026681Z,2019-06-05T17:22:35.024224Z,IW,VV|VH,ascending,88,16564,,L1,"[5.929277, 43.472488, 9.494262, 45.379581]",11,https://stac.dataspace.copernicus.eu/v1/collections/sentinel-1-grd/items/S1B_IW_GRDH_1SDV_20190605T172210_20190605T172235_016564_01F2EB_6F7D_COG
S1B_IW_GRDH_1SDV_20190605T172210_20190605T172235_016564_01F2EB_D6DD_COG,OK,CACHE,0,sentinel-1b,2019-06-05T17:22:10.026559Z,2019-06-05T17:22:35.024093Z,IW,VV|VH,ascending,88,16564,,L1,"[5.929265, 43.472488, 9.494245, 45.379574]",11,https://stac.dataspace.copernicus.eu/v1/collections/sentinel-1-grd/items/S1B_IW_GRDH_1SDV_20190605T172210_20190605T172235_016564_01F2EB_D6DD_COG
S1B_IW_GRDH_1SDV_20190605T172235_20190605T172300_016564_01F2EB_174D_COG,OK,CACHE,0,sentinel-1b,2019-06-05T17:22:35.025588Z,2019-06-05T17:23:00.024618Z,IW,VV|VH,ascending,88,16564,,L1,"[5.475849, 44.977245, 9.207188, 46.874928]",11,https://stac.dataspace.copernicus.eu/v1/collections/sentinel-1-grd/items/S1B_IW_GRDH_1SDV_20190605T172235_20190605T172300_016564_01F2EB_174D_COG
S1B_IW_GRDH_1SDV_20190605T172235_20190605T172300_016564_01F2EB_E09C_COG,OK,CACHE,0,sentinel-1b,2019-06-05T17:22:35.025720Z,2019-06-05T17:23:00.024758Z,IW,VV|VH,ascending,88,16564,,L1,"[5.475855, 44.977249, 9.207326, 46.87495]",11,https://stac.dataspace.copernicus.eu/v1/collections/sentinel-1-grd/items/S1B_IW_GRDH_1SDV_20190605T172235_20190605T172300_016564_01F2EB_E09C_COG
S1B_IW_GRDH_1SDV_20190611T052626_20190611T052655_016644_01F53A_4F7A_COG,OK,CACHE,0,sentinel-1b,2019-06-11T05:26:26.519391Z,2019-06-11T05:26:55.555666Z,IW,VV|VH,descending,168,16644,,L1,"[8.618423, 44.683949, 12.253979, 46.820305]",11,https://stac.dataspace.copernicus.eu/v1/collections/sentinel-1-grd/items/S1B_IW_GRDH_1SDV_20190611T052626_20190611T052655_016644_01F53A_4F7A_COG
S1B_IW_GRDH_1SDV_20190611T052626_20190611T052655_016644_01F53A_614C_COG,OK,CACHE,0,sentinel-1b,2019-06-11T05:26:26.519387Z,2019-06-11T05:26:55.555692Z,IW,VV|VH,descending,168,16644,,L1,"[8.618432, 44.683926, 12.25398, 46.820282]",11,https://stac.dataspace.copernicus.eu/v1/collections/sentinel-1-grd/items/S1B_IW_GRDH_1SDV_20190611T052626_20190611T052655_016644_01F53A_614C_COG
S1B_IW_GRDH_1SDV_20190611T052655_20190611T052720_016644_01F53A_EE1B_COG,OK,CACHE,0,sentinel-1b,2019-06-11T05:26:55.557163Z,2019-06-11T05:27:20.556134Z,IW,VV|VH,descending,168,16644,,L1,"[8.286477, 43.1852, 11.792281, 45.076881]",11,https://stac.dataspace.copernicus.eu/v1/collections/sentinel-1-grd/items/S1B_IW_GRDH_1SDV_20190611T052655_20190611T052720_016644_01F53A_EE1B_COG
S1B_IW_GRDH_1SDV_20190611T052655_20190611T052720_016644_01F53A_F98B_COG,OK,CACHE,0,sentinel-1b,2019-06-11T05:26:55.557189Z,2019-06-11T05:27:20.556185Z,IW,VV|VH,descending,168,16644,,L1,"[8.286489, 43.185177, 11.792288, 45.076862]",11,https://stac.dataspace.copernicus.eu/v1/collections/sentinel-1-grd/items/S1B_IW_GRDH_1SDV_20190611T052655_20190611T052720_016644_01F53A_F98B_COG
S1B_IW_GRDH_1SDV_20190612T171358_20190612T171423_016666_01F5DC_07F7_COG,OK,CACHE,0,sentinel-1b,2019-06-12T17:13:58.712953Z,2019-06-12T17:14:23.712050Z,IW,VV|VH,ascending,15,16666,,L1,"[7.911662, 43.59351, 11.567508, 45.501614]",11,https://stac.dataspace.copernicus.eu/v1/collections/sentinel-1-grd/items/S1B_IW_GRDH_1SDV_20190612T171358_20190612T171423_016666_01F5DC_07F7_COG
S1B_IW_GRDH_1SDV_20190612T171358_20190612T171423_016666_01F5DC_4ED5_COG,OK,CACHE,0,sentinel-1b,2019-06-12T17:13:58.712634Z,2019-06-12T17:14:23.711708Z,IW,VV|VH,ascending,15,16666,,L1,"[7.911721, 43.593487, 11.567688, 45.501602]",11,https://stac.dataspace.copernicus.eu/v1/collections/sentinel-1-grd/items/S1B_IW_GRDH_1SDV_20190612T171358_20190612T171423_016666_01F5DC_4ED5_COG
S1B_IW_GRDH_1SDV_20190612T171423_20190612T171448_016666_01F5DC_F438_COG,OK,CACHE,0,sentinel-1b,2019-06-12T17:14:23.713205Z,2019-06-12T17:14:48.710781Z,IW,VV|VH,ascending,15,16666,,L1,"[7.517613, 45.092995, 11.243537, 47.003109]",11,https://stac.dataspace.copernicus.eu/v1/collections/sentinel-1-grd/items/S1B_IW_GRDH_1SDV_20190612T171423_20190612T171448_016666_01F5DC_F438_COG
S1B_IW_GRDH_1SDV_20190612T171423_20190612T171448_016666_01F5DC_F4D0_COG,OK,CACHE,0,sentinel-1b,2019-06-12T17:14:23.713547Z,2019-06-12T17:14:48.711146Z,IW,VV|VH,ascending,15,16666,,L1,"[7.517554, 45.093018, 11.24348, 47.003136]",11,https://stac.dataspace.copernicus.eu/v1/collections/sentinel-1-grd/items/S1B_IW_GRDH_1SDV_20190612T171423_20190612T171448_016666_01F5DC_F4D0_COG
S1B_IW_GRDH_1SDV_20190616T053442_20190616T053507_016717_01F76E_0B65_COG,OK,CACHE,0,sentinel-1b,2019-06-16T05:34:42.458959Z,2019-06-16T05:35:07.458495Z,IW,VV|VH,descending,66,16717,,L1,"[6.529033, 44.81485, 10.144975, 46.7159]",11,https://stac.dataspace.copernicus.eu/v1/collections/sentinel-1-grd/items/S1B_IW_GRDH_1SDV_20190616T053442_20190616T053507_016717_01F76E_0B65_COG
S1B_IW_GRDH_1SDV_20190616T053442_20190616T053507_016717_01F76E_B12E_COG,OK,CACHE,0,sentinel-1b,2019-06-16T05:34:42.458729Z,2019-06-16T05:35:07.458239Z,IW,VV|VH,descending,66,16717,,L1,"[6.529023, 44.814865, 10.144963, 46.715912]",11,https://stac.dataspace.copernicus.eu/v1/collections/sentinel-1-grd/items/S1B_IW_GRDH_1SDV_20190616T053442_20190616T053507_016717_01F76E_B12E_COG
S1B_IW_GRDH_1SDV_20190616T053507_20190616T053532_016717_01F76E_CB0A_COG,OK,CACHE,0,sentinel-1b,2019-06-16T05:35:07.459762Z,2019-06-16T05:35:32.457776Z,IW,VV|VH,descending,66,16717,,L1,"[6.208033, 43.314861, 9.763309, 45.213326]",11,https://stac.dataspace.copernicus.eu/v1/collections/sentinel-1-grd/items/S1B_IW_GRDH_1SDV_20190616T053507_20190616T053532_016717_01F76E_CB0A_COG
S1B_IW_GRDH_1SDV_20190616T053507_20190616T053532_016717_01F76E_EE43_COG,OK,CACHE,0,sentinel-1b,2019-06-16T05:35:07.460018Z,2019-06-16T05:35:32.458058Z,IW,VV|VH,descending,66,16717,,L1,"[6.208042, 43.314846, 9.763318, 45.213314]",11,https://stac.dataspace.copernicus.eu/v1/collections/sentinel-1-grd/items/S1B_IW_GRDH_1SDV_20190616T053507_20190616T053532_016717_01F76E_EE43_COG
S1B_IW_GRDH_1SDV_20190617T172210_20190617T172235_016739_01F81D_AE39_COG,OK,CACHE,0,sentinel-1b,2019-06-17T17:22:10.787535Z,2019-06-17T17:22:35.786602Z,IW,VV|VH,ascending,88,16739,,L1,"[5.929656, 43.472397, 9.494625, 45.379539]",11,https://stac.dataspace.copernicus.eu/v1/collections/sentinel-1-grd/items/S1B_IW_GRDH_1SDV_20190617T172210_20190617T172235_016739_01F81D_AE39_COG
S1B_IW_GRDH_1SDV_20190617T172210_20190617T172235_016739_01F81D_C3C8_COG,OK,CACHE,0,sentinel-1b,2019-06-17T17:22:10.787547Z,2019-06-17T17:22:35.786615Z,IW,VV|VH,ascending,88,16739,,L1,"[5.929623, 43.472401, 9.494589, 45.379543]",11,https://stac.dataspace.copernicus.eu/v1/collections/sentinel-1-grd/items/S1B_IW_GRDH_1SDV_20190617T172210_20190617T172235_016739_01F81D_C3C8_COG
S1B_IW_GRDH_1SDV_20190617T172235_20190617T172300_016739_01F81D_9795_COG,OK,CACHE,0,sentinel-1b,2019-06-17T17:22:35.788110Z,2019-06-17T17:23:00.785683Z,IW,VV|VH,ascending,88,16739,,L1,"[5.47627, 44.977253, 9.20768, 46.874825]",11,https://stac.dataspace.copernicus.eu/v1/collections/sentinel-1-grd/items/S1B_IW_GRDH_1SDV_20190617T172235_20190617T172300_016739_01F81D_9795_COG
S1B_IW_GRDH_1SDV_20190617T172235_20190617T172300_016739_01F81D_B2C9_COG,OK,CACHE,0,sentinel-1b,2019-06-17T17:22:35.788098Z,2019-06-17T17:23:00.785669Z,IW,VV|VH,ascending,88,16739,,L1,"[5.476299, 44.977253, 9.207713, 46.874825]",11,https://stac.dataspace.copernicus.eu/v1/collections/sentinel-1-grd/items/S1B_IW_GRDH_1SDV_20190617T172235_20190617T172300_016739_01F81D_B2C9_COG
S1B_IW_GRDH_1SDV_20190623T052620_20190623T052645_016819_01FA6A_EBA4_COG,OK,CACHE,0,sentinel-1b,2019-06-23T05:26:20.932317Z,2019-06-23T05:26:45.929976Z,IW,VV|VH,descending,168,16819,,L1,"[8.697508, 45.304699, 12.349904, 47.206055]",11,https://stac.dataspace.copernicus.eu/v1/collections/sentinel-1-grd/items/S1B_IW_GRDH_1SDV_20190623T052620_20190623T052645_016819_01FA6A_EBA4_COG
S1B_IW_GRDH_1SDV_20190623T052628_20190623T052653_016819_01FA6A_48CA_COG,OK,CACHE,0,sentinel-1b,2019-06-23T05:26:28.748792Z,2019-06-23T05:26:53.746390Z,IW,VV|VH,descending,168,16819,,L1,"[8.556045, 44.836075, 12.226381, 46.740826]",11,https://stac.dataspace.copernicus.eu/v1/collections/sentinel-1-grd/items/S1B_IW_GRDH_1SDV_20190623T052628_20190623T052653_016819_01FA6A_48CA_COG
S1B_IW_GRDH_1SDV_20190623T052645_20190623T052710_016819_01FA6A_C859_COG,OK,CACHE,0,sentinel-1b,2019-06-23T05:26:45.931474Z,2019-06-23T05:27:10.930631Z,IW,VV|VH,descending,168,16819,,L1,"[8.362878, 43.806641, 11.963867, 45.703815]",11,https://stac.dataspace.copernicus.eu/v1/collections/sentinel-1-grd/items/S1B_IW_GRDH_1SDV_20190623T052645_20190623T052710_016819_01FA6A_C859_COG
S1B_IW_GRDH_1SDV_20190623T052653_20190623T052718_016819_01FA6A_0570_COG,OK,CACHE,0,sentinel-1b,2019-06-23T05:26:53.747890Z,2019-06-23T05:27:18.746988Z,IW,VV|VH,descending,168,16819,,L1,"[8.225544, 43.337475, 11.834221, 45.239395]",11,https://stac.dataspace.copernicus.eu/v1/collections/sentinel-1-grd/items/S1B_IW_GRDH_1SDV_20190623T052653_20190623T052718_016819_01FA6A_0570_COG
S1B_IW_GRDH_1SDV_20190628T053443_20190628T053508_016892_01FC97_36A7_COG,OK,CACHE,0,sentinel-1b,2019-06-28T05:34:43.077209Z,2019-06-28T05:35:08.075832Z,IW,VV|VH,descending,66,16892,,L1,"[6.530403, 44.814735, 10.146434, 46.715805]",11,https://stac.dataspace.copernicus.eu/v1/collections/sentinel-1-grd/items/S1B_IW_GRDH_1SDV_20190628T053443_20190628T053508_016892_01FC97_36A7_COG
S1B_IW_GRDH_1SDV_20190628T053443_20190628T053508_016892_01FC97_3932_COG,OK,CACHE,0,sentinel-1b,2019-06-28T05:34:43.076785Z,2019-06-28T05:35:08.075362Z,IW,VV|VH,descending,66,16892,,L1,"[6.53043, 44.814762, 10.146462, 46.715832]",11,https://stac.dataspace.copernicus.eu/v1/collections/sentinel-1-grd/items/S1B_IW_GRDH_1SDV_20190628T053443_20190628T053508_016892_01FC97_3932_COG
S1B_IW_GRDH_1SDV_20190628T053508_20190628T053533_016892_01FC97_2C54_COG,OK,CACHE,0,sentinel-1b,2019-06-28T05:35:08.077333Z,2019-06-28T05:35:33.075957Z,IW,VV|VH,descending,66,16892,,L1,"[6.209468, 43.314709, 9.76482, 45.213261]",11,https://stac.dataspace.copernicus.eu/v1/collections/sentinel-1-grd/items/S1B_IW_GRDH_1SDV_20190628T053508_20190628T053533_016892_01FC97_2C54_COG
S1B_IW_GRDH_1SDV_20190628T053508_20190628T053533_016892_01FC97_6DA3_COG,OK,CACHE,0,sentinel-1b,2019-06-28T05:35:08.076863Z,2019-06-28T05:35:33.075439Z,IW,VV|VH,descending,66,16892,,L1,"[6.209368, 43.314735, 9.764849, 45.213303]",11,https://stac.dataspace.copernicus.eu/v1/collections/sentinel-1-grd/items/S1B_IW_GRDH_1SDV_20190628T053508_20190628T053533_016892_01FC97_6DA3_COG
S1B_IW_GRDH_1SDV_20190629T172211_20190629T172236_016914_01FD4C_134D_COG,OK,CACHE,0,sentinel-1b,2019-06-29T17:22:11.452138Z,2019-06-29T17:22:36.450081Z,IW,VV|VH,ascending,88,16914,,L1,"[5.929159, 43.472588, 9.493909, 45.379665]",11,https://stac.dataspace.copernicus.eu/v1/collections/sentinel-1-grd/items/S1B_IW_GRDH_1SDV_20190629T172211_20190629T172236_016914_01FD4C_134D_COG
S1B_IW_GRDH_1SDV_20190629T172211_20190629T172236_016914_01FD4C_250B_COG,OK,CACHE,0,sentinel-1b,2019-06-29T17:22:11.451776Z,2019-06-29T17:22:36.449693Z,IW,VV|VH,ascending,88,16914,,L1,"[5.929112, 43.472553, 9.493857, 45.379631]",11,https://stac.dataspace.copernicus.eu/v1/collections/sentinel-1-grd/items/S1B_IW_GRDH_1SDV_20190629T172211_20190629T172236_016914_01FD4C_250B_COG
S1B_IW_GRDH_1SDV_20190629T172236_20190629T172301_016914_01FD4C_8ACA_COG,OK,CACHE,0,sentinel-1b,2019-06-29T17:22:36.451244Z,2019-06-29T17:23:01.450661Z,IW,VV|VH,ascending,88,16914,,L1,"[5.475691, 44.977345, 9.20717, 46.875057]",11,https://stac.dataspace.copernicus.eu/v1/collections/sentinel-1-grd/items/S1B_IW_GRDH_1SDV_20190629T172236_20190629T172301_016914_01FD4C_8ACA_COG
S1B_IW_GRDH_1SDV_20190629T172236_20190629T172301_016914_01FD4C_94CC_COG,OK,CACHE,0,sentinel-1b,2019-06-29T17:22:36.451632Z,2019-06-29T17:23:01.449579Z,IW,VV|VH,ascending,88,16914,,L1,"[5.47576, 44.977379, 9.207218, 46.875004]",11,https://stac.dataspace.copernicus.eu/v1/collections/sentinel-1-grd/items/S1B_IW_GRDH_1SDV_20190629T172236_20190629T172301_016914_01FD4C_94CC_COG
S1B_IW_GRDH_1SDV_20190705T052621_20190705T052646_016994_01FF99_C37C_COG,OK,CACHE,0,sentinel-1b,2019-07-05T05:26:21.864339Z,2019-07-05T05:26:46.863868Z,IW,VV|VH,descending,168,16994,,L1,"[8.694875, 45.29752, 12.347688, 47.198906]",11,https://stac.dataspace.copernicus.eu/v1/collections/sentinel-1-grd/items/S1B_IW_GRDH_1SDV_20190705T052621_20190705T052646_016994_01FF99_C37C_COG
S1B_IW_GRDH_1SDV_20190705T052629_20190705T052654_016994_01FF99_EAE0_COG,OK,CACHE,0,sentinel-1b,2019-07-05T05:26:29.562514Z,2019-07-05T05:26:54.561067Z,IW,VV|VH,descending,168,16994,,L1,"[8.554988, 44.836044, 12.225307, 46.74081]",11,https://stac.dataspace.copernicus.eu/v1/collections/sentinel-1-grd/items/S1B_IW_GRDH_1SDV_20190705T052629_20190705T052654_016994_01FF99_EAE0_COG
S1B_IW_GRDH_1SDV_20190705T052646_20190705T052711_016994_01FF99_E5A3_COG,OK,CACHE,0,sentinel-1b,2019-07-05T05:26:46.865368Z,2019-07-05T05:27:11.863398Z,IW,VV|VH,descending,168,16994,,L1,"[8.360697, 43.799431, 11.960858, 45.696598]",11,https://stac.dataspace.copernicus.eu/v1/collections/sentinel-1-grd/items/S1B_IW_GRDH_1SDV_20190705T052646_20190705T052711_016994_01FF99_E5A3_COG
S1B_IW_GRDH_1SDV_20190705T052654_20190705T052719_016994_01FF99_3ACE_COG,OK,CACHE,0,sentinel-1b,2019-07-05T05:26:54.562517Z,2019-07-05T05:27:19.561068Z,IW,VV|VH,descending,168,16994,,L1,"[8.224654, 43.337479, 11.833172, 45.239315]",11,https://stac.dataspace.copernicus.eu/v1/collections/sentinel-1-grd/items/S1B_IW_GRDH_1SDV_20190705T052654_20190705T052719_016994_01FF99_3ACE_COG
S1B_IW_GRDH_1SDV_20190706T171400_20190706T171425_017016_020035_2F0D_COG,OK,CACHE,0,sentinel-1b,2019-07-06T17:14:00.285715Z,2019-07-06T17:14:25.284117Z,IW,VV|VH,ascending,15,17016,,L1,"[7.911284, 43.593529, 11.567119, 45.501591]",11,https://stac.dataspace.copernicus.eu/v1/collections/sentinel-1-grd/items/S1B_IW_GRDH_1SDV_20190706T171400_20190706T171425_017016_020035_2F0D_COG
S1B_IW_GRDH_1SDV_20190706T171400_20190706T171425_017016_020035_742E_COG,OK,CACHE,0,sentinel-1b,2019-07-06T17:14:00.286914Z,2019-07-06T17:14:25.285295Z,IW,VV|VH,ascending,15,17016,,L1,"[7.911242, 43.593605, 11.56708, 45.501667]",11,https://stac.dataspace.copernicus.eu/v1/collections/sentinel-1-grd/items/S1B_IW_GRDH_1SDV_20190706T171400_20190706T171425_017016_020035_742E_COG
S1B_IW_GRDH_1SDV_20190706T171425_20190706T171450_017016_020035_430E_COG,OK,CACHE,0,sentinel-1b,2019-07-06T17:14:25.286792Z,2019-07-06T17:14:50.285173Z,IW,VV|VH,ascending,15,17016,,L1,"[7.517121, 45.093075, 11.243064, 47.003235]",11,https://stac.dataspace.copernicus.eu/v1/collections/sentinel-1-grd/items/S1B_IW_GRDH_1SDV_20190706T171425_20190706T171450_017016_020035_430E_COG
S1B_IW_GRDH_1SDV_20190706T171425_20190706T171450_017016_020035_A78C_COG,OK,CACHE,0,sentinel-1b,2019-07-06T17:14:25.285615Z,2019-07-06T17:14:50.285515Z,IW,VV|VH,ascending,15,17016,,L1,"[7.517137, 45.092999, 11.243101, 47.00325]",11,https://stac.dataspace.copernicus.eu/v1/collections/sentinel-1-grd/items/S1B_IW_GRDH_1SDV_20190706T171425_20190706T171450_017016_020035_A78C_COG
S1B_IW_GRDH_1SDV_20190710T053439_20190710T053504_017067_0201C6_D16C_COG,OK,CACHE,0,sentinel-1b,2019-07-10T05:34:39.919978Z,2019-07-10T05:35:04.919216Z,IW,VV|VH,descending,66,17067,,L1,"[6.589972, 45.055954, 10.215537, 46.956482]",11,https://stac.dataspace.copernicus.eu/v1/collections/sentinel-1-grd/items/S1B_IW_GRDH_1SDV_20190710T053439_20190710T053504_017067_0201C6_D16C_COG
S1B_IW_GRDH_1SDV_20190710T053448_20190710T053513_017067_0201C6_9761_COG,OK,CACHE,0,sentinel-1b,2019-07-10T05:34:48.455244Z,2019-07-10T05:35:13.454242Z,IW,VV|VH,descending,66,17067,,L1,"[6.418056, 44.545895, 10.084765, 46.448551]",11,https://stac.dataspace.copernicus.eu/v1/collections/sentinel-1-grd/items/S1B_IW_GRDH_1SDV_20190710T053448_20190710T053513_017067_0201C6_9761_COG
S1B_IW_GRDH_1SDV_20190710T053504_20190710T053529_017067_0201C6_7137_COG,OK,CACHE,0,sentinel-1b,2019-07-10T05:35:04.920723Z,2019-07-10T05:35:29.918463Z,IW,VV|VH,descending,66,17067,,L1,"[6.262937, 43.556828, 9.832087, 45.453873]",11,https://stac.dataspace.copernicus.eu/v1/collections/sentinel-1-grd/items/S1B_IW_GRDH_1SDV_20190710T053504_20190710T053529_017067_0201C6_7137_COG
S1B_IW_GRDH_1SDV_20190711T172212_20190711T172237_017089_020272_5C9E_COG,OK,CACHE,0,sentinel-1b,2019-07-11T17:22:12.168651Z,2019-07-11T17:22:37.166597Z,IW,VV|VH,ascending,88,17089,,L1,"[5.928421, 43.472519, 9.4935, 45.37962]",11,https://stac.dataspace.copernicus.eu/v1/collections/sentinel-1-grd/items/S1B_IW_GRDH_1SDV_20190711T172212_20190711T172237_017089_020272_5C9E_COG
S1B_IW_GRDH_1SDV_20190711T172212_20190711T172237_017089_020272_DFEA_COG,OK,CACHE,0,sentinel-1b,2019-07-11T17:22:12.167516Z,2019-07-11T17:22:37.166984Z,IW,VV|VH,ascending,88,17089,,L1,"[5.92864, 43.472466, 9.493555, 45.379681]",11,https://stac.dataspace.copernicus.eu/v1/collections/sentinel-1-grd/items/S1B_IW_GRDH_1SDV_20190711T172212_20190711T172237_017089_020272_DFEA_COG
S1B_IW_GRDH_1SDV_20190711T172237_20190711T172302_017089_020272_62A8_COG,OK,CACHE,0,sentinel-1b,2019-07-11T17:22:37.168093Z,2019-07-11T17:23:02.166039Z,IW,VV|VH,ascending,88,17089,,L1,"[5.475353, 44.977276, 9.206325, 46.874962]",11,https://stac.dataspace.copernicus.eu/v1/collections/sentinel-1-grd/items/S1B_IW_GRDH_1SDV_20190711T172237_20190711T172302_017089_020272_62A8_COG
S1B_IW_GRDH_1SDV_20190711T172237_20190711T172302_017089_020272_815B_COG,OK,CACHE,0,sentinel-1b,2019-07-11T17:22:37.168481Z,2019-07-11T17:23:02.166452Z,IW,VV|VH,ascending,88,17089,,L1,"[5.475382, 44.977341, 9.20656, 46.875004]",11,https://stac.dataspace.copernicus.eu/v1/collections/sentinel-1-grd/items/S1B_IW_GRDH_1SDV_20190711T172237_20190711T172302_017089_020272_815B_COG
S1B_IW_GRDH_1SDV_20190717T052630_20190717T052655_017169_0204BF_A739_COG,OK,CACHE,0,sentinel-1b,2019-07-17T05:26:30.153807Z,2019-07-17T05:26:55.152397Z,IW,VV|VH,descending,168,17169,,L1,"[8.555205, 44.836124, 12.225646, 46.740894]",11,https://stac.dataspace.copernicus.eu/v1/collections/sentinel-1-grd/items/S1B_IW_GRDH_1SDV_20190717T052630_20190717T052655_017169_0204BF_A739_COG
S1B_IW_GRDH_1SDV_20190717T052630_20190717T052655_017169_0204BF_F6F3_COG,OK,CACHE,0,sentinel-1b,2019-07-17T05:26:30.154912Z,2019-07-17T05:26:55.153479Z,IW,VV|VH,descending,168,17169,,L1,"[8.555261, 44.83606, 12.225574, 46.740814]",11,https://stac.dataspace.copernicus.eu/v1/collections/sentinel-1-grd/items/S1B_IW_GRDH_1SDV_20190717T052630_20190717T052655_017169_0204BF_F6F3_COG
S1B_IW_GRDH_1SDV_20190717T052655_20190717T052720_017169_0204BF_BD44_COG,OK,CACHE,0,sentinel-1b,2019-07-17T05:26:55.154979Z,2019-07-17T05:27:20.153546Z,IW,VV|VH,descending,168,17169,,L1,"[8.224812, 43.33749, 11.833447, 45.239326]",11,https://stac.dataspace.copernicus.eu/v1/collections/sentinel-1-grd/items/S1B_IW_GRDH_1SDV_20190717T052655_20190717T052720_017169_0204BF_BD44_COG
S1B_IW_GRDH_1SDV_20190717T052655_20190717T052720_017169_0204BF_F9A9_COG,OK,CACHE,0,sentinel-1b,2019-07-17T05:26:55.153897Z,2019-07-17T05:27:20.152487Z,IW,VV|VH,descending,168,17169,,L1,"[8.224762, 43.337551, 11.833521, 45.239407]",11,https://stac.dataspace.copernicus.eu/v1/collections/sentinel-1-grd/items/S1B_IW_GRDH_1SDV_20190717T052655_20190717T052720_017169_0204BF_F9A9_COG
S1B_IW_GRDH_1SDV_20190718T171400_20190718T171425_017191_020553_77D7_COG,OK,CACHE,0,sentinel-1b,2019-07-18T17:14:00.879221Z,2019-07-18T17:14:25.877569Z,IW,VV|VH,ascending,15,17191,,L1,"[7.91233, 43.593681, 11.568155, 45.501709]",11,https://stac.dataspace.copernicus.eu/v1/collections/sentinel-1-grd/items/S1B_IW_GRDH_1SDV_20190718T171400_20190718T171425_017191_020553_77D7_COG
S1B_IW_GRDH_1SDV_20190718T171400_20190718T171425_017191_020553_E825_COG,OK,CACHE,0,sentinel-1b,2019-07-18T17:14:00.879546Z,2019-07-18T17:14:25.877917Z,IW,VV|VH,ascending,15,17191,,L1,"[7.91235, 43.5937, 11.568177, 45.501728]",11,https://stac.dataspace.copernicus.eu/v1/collections/sentinel-1-grd/items/S1B_IW_GRDH_1SDV_20190718T171400_20190718T171425_017191_020553_E825_COG
S1B_IW_GRDH_1SDV_20190718T171425_20190718T171450_017191_020553_16A2_COG,OK,CACHE,0,sentinel-1b,2019-07-18T17:14:25.879415Z,2019-07-18T17:14:50.877786Z,IW,VV|VH,ascending,15,17191,,L1,"[7.518254, 45.09317, 11.244185, 47.0033]",11,https://stac.dataspace.copernicus.eu/v1/collections/sentinel-1-grd/items/S1B_IW_GRDH_1SDV_20190718T171425_20190718T171450_017191_020553_16A2_COG
S1B_IW_GRDH_1SDV_20190718T171425_20190718T171450_017191_020553_FEB8_COG,OK,CACHE,0,sentinel-1b,2019-07-18T17:14:25.879067Z,2019-07-18T17:14:50.877415Z,IW,VV|VH,ascending,15,17191,,L1,"[7.518236, 45.093151, 11.244164, 47.003281]",11,https://stac.dataspace.copernicus.eu/v1/collections/sentinel-1-grd/items/S1B_IW_GRDH_1SDV_20190718T171425_20190718T171450_017191_020553_FEB8_COG
S1B_IW_GRDH_1SDV_20190722T053440_20190722T053505_017242_0206DD_1E92_COG,OK,CACHE,0,sentinel-1b,2019-07-22T05:34:40.769962Z,2019-07-22T05:35:05.768903Z,IW,VV|VH,descending,66,17242,,L1,"[6.587455, 45.043919, 10.211676, 46.94445]",11,https://stac.dataspace.copernicus.eu/v1/collections/sentinel-1-grd/items/S1B_IW_GRDH_1SDV_20190722T053440_20190722T053505_017242_0206DD_1E92_COG
S1B_IW_GRDH_1SDV_20190722T053449_20190722T053514_017242_0206DD_5DE8_COG,OK,CACHE,0,sentinel-1b,2019-07-22T05:34:49.104254Z,2019-07-22T05:35:14.103235Z,IW,VV|VH,descending,66,17242,,L1,"[6.418124, 44.545879, 10.084953, 46.44854]",11,https://stac.dataspace.copernicus.eu/v1/collections/sentinel-1-grd/items/S1B_IW_GRDH_1SDV_20190722T053449_20190722T053514_017242_0206DD_5DE8_COG
S1B_IW_GRDH_1SDV_20190722T053505_20190722T053530_017242_0206DD_170A_COG,OK,CACHE,0,sentinel-1b,2019-07-22T05:35:05.770401Z,2019-07-22T05:35:30.767843Z,IW,VV|VH,descending,66,17242,,L1,"[6.260623, 43.544796, 9.82886, 45.441811]",11,https://stac.dataspace.copernicus.eu/v1/collections/sentinel-1-grd/items/S1B_IW_GRDH_1SDV_20190722T053505_20190722T053530_017242_0206DD_170A_COG
S1B_IW_GRDH_1SDV_20190723T172212_20190723T172237_017264_020789_3628_COG,OK,CACHE,0,sentinel-1b,2019-07-23T17:22:12.913389Z,2019-07-23T17:22:37.911427Z,IW,VV|VH,ascending,88,17264,,L1,"[5.927766, 43.472412, 9.492974, 45.379555]",11,https://stac.dataspace.copernicus.eu/v1/collections/sentinel-1-grd/items/S1B_IW_GRDH_1SDV_20190723T172212_20190723T172237_017264_020789_3628_COG
S1B_IW_GRDH_1SDV_20190723T172212_20190723T172237_017264_020789_A008_COG,OK,CACHE,0,sentinel-1b,2019-07-23T17:22:12.913020Z,2019-07-23T17:22:37.911031Z,IW,VV|VH,ascending,88,17264,,L1,"[5.927779, 43.472389, 9.492982, 45.379532]",11,https://stac.dataspace.copernicus.eu/v1/collections/sentinel-1-grd/items/S1B_IW_GRDH_1SDV_20190723T172212_20190723T172237_017264_020789_A008_COG
S1B_IW_GRDH_1SDV_20190723T172237_20190723T172302_017264_020789_471C_COG,OK,CACHE,0,sentinel-1b,2019-07-23T17:22:37.912528Z,2019-07-23T17:23:02.912036Z,IW,VV|VH,ascending,88,17264,,L1,"[5.474664, 44.977146, 9.205795, 46.874962]",11,https://stac.dataspace.copernicus.eu/v1/collections/sentinel-1-grd/items/S1B_IW_GRDH_1SDV_20190723T172237_20190723T172302_017264_020789_471C_COG
S1B_IW_GRDH_1SDV_20190723T172237_20190723T172302_017264_020789_C06C_COG,OK,CACHE,0,sentinel-1b,2019-07-23T17:22:37.912924Z,2019-07-23T17:23:02.910961Z,IW,VV|VH,ascending,88,17264,,L1,"[5.47467, 44.977169, 9.205783, 46.874901]",11,https://stac.dataspace.copernicus.eu/v1/collections/sentinel-1-grd/items/S1B_IW_GRDH_1SDV_20190723T172237_20190723T172302_017264_020789_C06C_COG
S1B_IW_GRDH_1SDV_20190729T052622_20190729T052647_017344_0209DE_92E3_COG,OK,CACHE,0,sentinel-1b,2019-07-29T05:26:22.994421Z,2019-07-29T05:26:47.992420Z,IW,VV|VH,descending,168,17344,,L1,"[8.698063, 45.308487, 12.35024, 47.209873]",11,https://stac.dataspace.copernicus.eu/v1/collections/sentinel-1-grd/items/S1B_IW_GRDH_1SDV_20190729T052622_20190729T052647_017344_0209DE_92E3_COG
S1B_IW_GRDH_1SDV_20190729T052630_20190729T052655_017344_0209DE_B520_COG,OK,CACHE,0,sentinel-1b,2019-07-29T05:26:30.874932Z,2019-07-29T05:26:55.873463Z,IW,VV|VH,descending,168,17344,,L1,"[8.555738, 44.835957, 12.226078, 46.740749]",11,https://stac.dataspace.copernicus.eu/v1/collections/sentinel-1-grd/items/S1B_IW_GRDH_1SDV_20190729T052630_20190729T052655_017344_0209DE_B520_COG
S1B_IW_GRDH_1SDV_20190729T052647_20190729T052712_017344_0209DE_8236_COG,OK,CACHE,0,sentinel-1b,2019-07-29T05:26:47.993905Z,2019-07-29T05:27:12.991903Z,IW,VV|VH,descending,168,17344,,L1,"[8.36324, 43.810547, 11.964626, 45.707588]",11,https://stac.dataspace.copernicus.eu/v1/collections/sentinel-1-grd/items/S1B_IW_GRDH_1SDV_20190729T052647_20190729T052712_017344_0209DE_8236_COG
S1B_IW_GRDH_1SDV_20190729T052655_20190729T052720_017344_0209DE_7E9B_COG,OK,CACHE,0,sentinel-1b,2019-07-29T05:26:55.874912Z,2019-07-29T05:27:20.873440Z,IW,VV|VH,descending,168,17344,,L1,"[8.225375, 43.337391, 11.83391, 45.239254]",11,https://stac.dataspace.copernicus.eu/v1/collections/sentinel-1-grd/items/S1B_IW_GRDH_1SDV_20190729T052655_20190729T052720_017344_0209DE_7E9B_COG
S1B_IW_GRDH_1SDV_20190730T171401_20190730T171426_017366_020A7C_A2AF_COG,OK,CACHE,0,sentinel-1b,2019-07-30T17:14:01.546821Z,2019-07-30T17:14:26.545244Z,IW,VV|VH,ascending,15,17366,,L1,"[7.912054, 43.593502, 11.568001, 45.501564]",11,https://stac.dataspace.copernicus.eu/v1/collections/sentinel-1-grd/items/S1B_IW_GRDH_1SDV_20190730T171401_20190730T171426_017366_020A7C_A2AF_COG
S1B_IW_GRDH_1SDV_20190730T171401_20190730T171426_017366_020A7C_F4D5_COG,OK,CACHE,0,sentinel-1b,2019-07-30T17:14:01.547168Z,2019-07-30T17:14:26.545616Z,IW,VV|VH,ascending,15,17366,,L1,"[7.912116, 43.593525, 11.568064, 45.501591]",11,https://stac.dataspace.copernicus.eu/v1/collections/sentinel-1-grd/items/S1B_IW_GRDH_1SDV_20190730T171401_20190730T171426_017366_020A7C_F4D5_COG
S1B_IW_GRDH_1SDV_20190730T171426_20190730T171451_017366_020A7C_ADC7_COG,OK,CACHE,0,sentinel-1b,2019-07-30T17:14:26.546741Z,2019-07-30T17:14:51.545164Z,IW,VV|VH,ascending,15,17366,,L1,"[7.517949, 45.092972, 11.243873, 47.003124]",11,https://stac.dataspace.copernicus.eu/v1/collections/sentinel-1-grd/items/S1B_IW_GRDH_1SDV_20190730T171426_20190730T171451_017366_020A7C_ADC7_COG
S1B_IW_GRDH_1SDV_20190730T171426_20190730T171451_017366_020A7C_E096_COG,OK,CACHE,0,sentinel-1b,2019-07-30T17:14:26.547114Z,2019-07-30T17:14:51.545562Z,IW,VV|VH,ascending,15,17366,,L1,"[7.518011, 45.092995, 11.243937, 47.003147]",11,https://stac.dataspace.copernicus.eu/v1/collections/sentinel-1-grd/items/S1B_IW_GRDH_1SDV_20190730T171426_20190730T171451_017366_020A7C_E096_COG
S1B_IW_GRDH_1SDV_20190803T053441_20190803T053506_017417_020C1C_FE7D_COG,OK,CACHE,0,sentinel-1b,2019-08-03T05:34:41.988717Z,2019-08-03T05:35:06.987577Z,IW,VV|VH,descending,66,17417,,L1,"[6.579688, 45.010487, 10.199007, 46.911095]",11,https://stac.dataspace.copernicus.eu/v1/collections/sentinel-1-grd/items/S1B_IW_GRDH_1SDV_20190803T053441_20190803T053506_017417_020C1C_FE7D_COG
S1B_IW_GRDH_1SDV_20190803T053449_20190803T053514_017417_020C1C_3A22_COG,OK,CACHE,0,sentinel-1b,2019-08-03T05:34:49.765204Z,2019-08-03T05:35:14.764114Z,IW,VV|VH,descending,66,17417,,L1,"[6.417844, 44.545845, 10.08451, 46.448441]",11,https://stac.dataspace.copernicus.eu/v1/collections/sentinel-1-grd/items/S1B_IW_GRDH_1SDV_20190803T053449_20190803T053514_017417_020C1C_3A22_COG
S1B_IW_GRDH_1SDV_20190803T053506_20190803T053531_017417_020C1C_4484_COG,OK,CACHE,0,sentinel-1b,2019-08-03T05:35:06.989073Z,2019-08-03T05:35:31.987932Z,IW,VV|VH,descending,66,17417,,L1,"[6.252985, 43.511223, 9.818949, 45.408306]",11,https://stac.dataspace.copernicus.eu/v1/collections/sentinel-1-grd/items/S1B_IW_GRDH_1SDV_20190803T053506_20190803T053531_017417_020C1C_4484_COG
S1B_IW_GRDH_1SDV_20190804T172213_20190804T172238_017439_020CCC_27C8_COG,OK,CACHE,0,sentinel-1b,2019-08-04T17:22:13.628240Z,2019-08-04T17:22:38.626308Z,IW,VV|VH,ascending,88,17439,,L1,"[5.928965, 43.472401, 9.493958, 45.379543]",11,https://stac.dataspace.copernicus.eu/v1/collections/sentinel-1-grd/items/S1B_IW_GRDH_1SDV_20190804T172213_20190804T172238_017439_020CCC_27C8_COG
S1B_IW_GRDH_1SDV_20190804T172213_20190804T172238_017439_020CCC_81C8_COG,OK,CACHE,0,sentinel-1b,2019-08-04T17:22:13.627988Z,2019-08-04T17:22:38.626038Z,IW,VV|VH,ascending,88,17439,,L1,"[5.928968, 43.472378, 9.493956, 45.379513]",11,https://stac.dataspace.copernicus.eu/v1/collections/sentinel-1-grd/items/S1B_IW_GRDH_1SDV_20190804T172213_20190804T172238_017439_020CCC_81C8_COG
S1B_IW_GRDH_1SDV_20190804T172238_20190804T172303_017439_020CCC_371D_COG,OK,CACHE,0,sentinel-1b,2019-08-04T17:22:38.627534Z,2019-08-04T17:23:03.625584Z,IW,VV|VH,ascending,88,17439,,L1,"[5.475555, 44.977161, 9.207011, 46.874821]",11,https://stac.dataspace.copernicus.eu/v1/collections/sentinel-1-grd/items/S1B_IW_GRDH_1SDV_20190804T172238_20190804T172303_017439_020CCC_371D_COG
S1B_IW_GRDH_1SDV_20190804T172238_20190804T172303_017439_020CCC_E57F_COG,OK,CACHE,0,sentinel-1b,2019-08-04T17:22:38.627805Z,2019-08-04T17:23:03.625873Z,IW,VV|VH,ascending,88,17439,,L1,"[5.475547, 44.977192, 9.207009, 46.874851]",11,https://stac.dataspace.copernicus.eu/v1/collections/sentinel-1-grd/items/S1B_IW_GRDH_1SDV_20190804T172238_20190804T172303_017439_020CCC_E57F_COG
S1B_IW_GRDH_1SDV_20190810T052623_20190810T052648_017519_020F28_5113_COG,OK,CACHE,0,sentinel-1b,2019-08-10T05:26:23.937135Z,2019-08-10T05:26:48.935218Z,IW,VV|VH,descending,168,17519,,L1,"[8.697813, 45.30592, 12.350281, 47.207344]",11,https://stac.dataspace.copernicus.eu/v1/collections/sentinel-1-grd/items/S1B_IW_GRDH_1SDV_20190810T052623_20190810T052648_017519_020F28_5113_COG
S1B_IW_GRDH_1SDV_20190810T052631_20190810T052656_017519_020F28_89D3_COG,OK,CACHE,0,sentinel-1b,2019-08-10T05:26:31.775293Z,2019-08-10T05:26:56.773889Z,IW,VV|VH,descending,168,17519,,L1,"[8.556122, 44.83593, 12.226476, 46.740761]",11,https://stac.dataspace.copernicus.eu/v1/collections/sentinel-1-grd/items/S1B_IW_GRDH_1SDV_20190810T052631_20190810T052656_017519_020F28_89D3_COG
S1B_IW_GRDH_1SDV_20190810T052648_20190810T052713_017519_020F28_9CB0_COG,OK,CACHE,0,sentinel-1b,2019-08-10T05:26:48.936706Z,2019-08-10T05:27:13.936288Z,IW,VV|VH,descending,168,17519,,L1,"[8.363245, 43.807854, 11.964361, 45.705063]",11,https://stac.dataspace.copernicus.eu/v1/collections/sentinel-1-grd/items/S1B_IW_GRDH_1SDV_20190810T052648_20190810T052713_017519_020F28_9CB0_COG
S1B_IW_GRDH_1SDV_20190810T052656_20190810T052721_017519_020F28_E629_COG,OK,CACHE,0,sentinel-1b,2019-08-10T05:26:56.775390Z,2019-08-10T05:27:21.773986Z,IW,VV|VH,descending,168,17519,,L1,"[8.22561, 43.337364, 11.834284, 45.239281]",11,https://stac.dataspace.copernicus.eu/v1/collections/sentinel-1-grd/items/S1B_IW_GRDH_1SDV_20190810T052656_20190810T052721_017519_020F28_E629_COG
S1B_IW_GRDH_1SDV_20190811T171402_20190811T171427_017541_020FD8_2C7C_COG,OK,CACHE,0,sentinel-1b,2019-08-11T17:14:02.507399Z,2019-08-11T17:14:27.505729Z,IW,VV|VH,ascending,15,17541,,L1,"[7.911085, 43.593719, 11.56694, 45.501785]",11,https://stac.dataspace.copernicus.eu/v1/collections/sentinel-1-grd/items/S1B_IW_GRDH_1SDV_20190811T171402_20190811T171427_017541_020FD8_2C7C_COG
S1B_IW_GRDH_1SDV_20190811T171402_20190811T171427_017541_020FD8_8465_COG,OK,CACHE,0,sentinel-1b,2019-08-11T17:14:02.507122Z,2019-08-11T17:14:27.505432Z,IW,VV|VH,ascending,15,17541,,L1,"[7.911032, 43.593704, 11.566888, 45.501774]",11,https://stac.dataspace.copernicus.eu/v1/collections/sentinel-1-grd/items/S1B_IW_GRDH_1SDV_20190811T171402_20190811T171427_017541_020FD8_8465_COG
S1B_IW_GRDH_1SDV_20190811T171427_20190811T171452_017541_020FD8_51ED_COG,OK,CACHE,0,sentinel-1b,2019-08-11T17:14:27.507226Z,2019-08-11T17:14:52.505556Z,IW,VV|VH,ascending,15,17541,,L1,"[7.516945, 45.093185, 11.24291, 47.003357]",11,https://stac.dataspace.copernicus.eu/v1/collections/sentinel-1-grd/items/S1B_IW_GRDH_1SDV_20190811T171427_20190811T171452_017541_020FD8_51ED_COG
S1B_IW_GRDH_1SDV_20190811T171427_20190811T171452_017541_020FD8_6D97_COG,OK,CACHE,0,sentinel-1b,2019-08-11T17:14:27.506929Z,2019-08-11T17:14:52.506737Z,IW,VV|VH,ascending,15,17541,,L1,"[7.516866, 45.09317, 11.24273, 47.003418]",11,https://stac.dataspace.copernicus.eu/v1/collections/sentinel-1-grd/items/S1B_IW_GRDH_1SDV_20190811T171427_20190811T171452_017541_020FD8_6D97_COG
S1B_IW_GRDH_1SDV_20190815T053442_20190815T053507_017592_021179_B8FC_COG,OK,CACHE,0,sentinel-1b,2019-08-15T05:34:42.906478Z,2019-08-15T05:35:07.905406Z,IW,VV|VH,descending,66,17592,,L1,"[6.578234, 45.007793, 10.197303, 46.908409]",11,https://stac.dataspace.copernicus.eu/v1/collections/sentinel-1-grd/items/S1B_IW_GRDH_1SDV_20190815T053442_20190815T053507_017592_021179_B8FC_COG
S1B_IW_GRDH_1SDV_20190815T053450_20190815T053515_017592_021179_23C5_COG,OK,CACHE,0,sentinel-1b,2019-08-15T05:34:50.638619Z,2019-08-15T05:35:15.636083Z,IW,VV|VH,descending,66,17592,,L1,"[6.41713, 44.545895, 10.083747, 46.448383]",11,https://stac.dataspace.copernicus.eu/v1/collections/sentinel-1-grd/items/S1B_IW_GRDH_1SDV_20190815T053450_20190815T053515_017592_021179_23C5_COG
S1B_IW_GRDH_1SDV_20190815T053507_20190815T053532_017592_021179_5635_COG,OK,CACHE,0,sentinel-1b,2019-08-15T05:35:07.906916Z,2019-08-15T05:35:32.904346Z,IW,VV|VH,descending,66,17592,,L1,"[6.251716, 43.508617, 9.817461, 45.405594]",11,https://stac.dataspace.copernicus.eu/v1/collections/sentinel-1-grd/items/S1B_IW_GRDH_1SDV_20190815T053507_20190815T053532_017592_021179_5635_COG
S1B_IW_GRDH_1SDV_20190816T172214_20190816T172239_017614_021234_5960_COG,OK,CACHE,0,sentinel-1b,2019-08-16T17:22:14.441274Z,2019-08-16T17:22:39.439212Z,IW,VV|VH,ascending,88,17614,,L1,"[5.929819, 43.472637, 9.494673, 45.3797]",11,https://stac.dataspace.copernicus.eu/v1/collections/sentinel-1-grd/items/S1B_IW_GRDH_1SDV_20190816T172214_20190816T172239_017614_021234_5960_COG
S1B_IW_GRDH_1SDV_20190816T172214_20190816T172239_017614_021234_5F4A_COG,OK,CACHE,0,sentinel-1b,2019-08-16T17:22:14.441418Z,2019-08-16T17:22:39.439367Z,IW,VV|VH,ascending,88,17614,,L1,"[5.929865, 43.472664, 9.494724, 45.37973]",11,https://stac.dataspace.copernicus.eu/v1/collections/sentinel-1-grd/items/S1B_IW_GRDH_1SDV_20190816T172214_20190816T172239_017614_021234_5F4A_COG
S1B_IW_GRDH_1SDV_20190816T172239_20190816T172304_017614_021234_5A8D_COG,OK,CACHE,0,sentinel-1b,2019-08-16T17:22:39.440709Z,2019-08-16T17:23:04.440143Z,IW,VV|VH,ascending,88,17614,,L1,"[5.476423, 44.977425, 9.20776, 46.875099]",11,https://stac.dataspace.copernicus.eu/v1/collections/sentinel-1-grd/items/S1B_IW_GRDH_1SDV_20190816T172239_20190816T172304_017614_021234_5A8D_COG
S1B_IW_GRDH_1SDV_20190816T172239_20190816T172304_017614_021234_6899_COG,OK,CACHE,0,sentinel-1b,2019-08-16T17:22:39.440863Z,2019-08-16T17:23:04.438811Z,IW,VV|VH,ascending,88,17614,,L1,"[5.476492, 44.977455, 9.207808, 46.875042]",11,https://stac.dataspace.copernicus.eu/v1/collections/sentinel-1-grd/items/S1B_IW_GRDH_1SDV_20190816T172239_20190816T172304_017614_021234_6899_COG
S1B_IW_GRDH_1SDV_20190822T052624_20190822T052649_017694_02149F_3DD6_COG,OK,CACHE,0,sentinel-1b,2019-08-22T05:26:24.977623Z,2019-08-22T05:26:49.975706Z,IW,VV|VH,descending,168,17694,,L1,"[8.69235, 45.280388, 12.346369, 47.181656]",11,https://stac.dataspace.copernicus.eu/v1/collections/sentinel-1-grd/items/S1B_IW_GRDH_1SDV_20190822T052624_20190822T052649_017694_02149F_3DD6_COG
S1B_IW_GRDH_1SDV_20190822T052632_20190822T052657_017694_02149F_0592_COG,OK,CACHE,0,sentinel-1b,2019-08-22T05:26:32.390988Z,2019-08-22T05:26:57.389601Z,IW,VV|VH,descending,168,17694,,L1,"[8.55598, 44.835903, 12.22646, 46.740746]",11,https://stac.dataspace.copernicus.eu/v1/collections/sentinel-1-grd/items/S1B_IW_GRDH_1SDV_20190822T052632_20190822T052657_017694_02149F_0592_COG
S1B_IW_GRDH_1SDV_20190822T052649_20190822T052714_017694_02149F_2F26_COG,OK,CACHE,0,sentinel-1b,2019-08-22T05:26:49.977194Z,2019-08-22T05:27:14.976775Z,IW,VV|VH,descending,168,17694,,L1,"[8.359076, 43.781986, 11.957529, 45.679558]",11,https://stac.dataspace.copernicus.eu/v1/collections/sentinel-1-grd/items/S1B_IW_GRDH_1SDV_20190822T052649_20190822T052714_017694_02149F_2F26_COG
S1B_IW_GRDH_1SDV_20190822T052657_20190822T052722_017694_02149F_B3F9_COG,OK,CACHE,0,sentinel-1b,2019-08-22T05:26:57.391101Z,2019-08-22T05:27:22.389713Z,IW,VV|VH,descending,168,17694,,L1,"[8.225469, 43.337337, 11.834267, 45.239262]",11,https://stac.dataspace.copernicus.eu/v1/collections/sentinel-1-grd/items/S1B_IW_GRDH_1SDV_20190822T052657_20190822T052722_017694_02149F_B3F9_COG
S1B_IW_GRDH_1SDV_20190827T053442_20190827T053507_017767_0216F5_E93D_COG,OK,CACHE,0,sentinel-1b,2019-08-27T05:34:42.806516Z,2019-08-27T05:35:07.805439Z,IW,VV|VH,descending,66,17767,,L1,"[6.587578, 45.044014, 10.211782, 46.944546]",11,https://stac.dataspace.copernicus.eu/v1/collections/sentinel-1-grd/items/S1B_IW_GRDH_1SDV_20190827T053442_20190827T053507_017767_0216F5_E93D_COG
S1B_IW_GRDH_1SDV_20190827T053451_20190827T053516_017767_0216F5_E219_COG,OK,CACHE,0,sentinel-1b,2019-08-27T05:34:51.145068Z,2019-08-27T05:35:16.142540Z,IW,VV|VH,descending,66,17767,,L1,"[6.418298, 44.545803, 10.084968, 46.448357]",11,https://stac.dataspace.copernicus.eu/v1/collections/sentinel-1-grd/items/S1B_IW_GRDH_1SDV_20190827T053451_20190827T053516_017767_0216F5_E219_COG
S1B_IW_GRDH_1SDV_20190827T053507_20190827T053532_017767_0216F5_AA84_COG,OK,CACHE,0,sentinel-1b,2019-08-27T05:35:07.806937Z,2019-08-27T05:35:32.804360Z,IW,VV|VH,descending,66,17767,,L1,"[6.260748, 43.544891, 9.828989, 45.441902]",11,https://stac.dataspace.copernicus.eu/v1/collections/sentinel-1-grd/items/S1B_IW_GRDH_1SDV_20190827T053507_20190827T053532_017767_0216F5_AA84_COG
S1B_IW_GRDH_1SDV_20190828T172214_20190828T172239_017789_0217A2_11FE_COG,OK,CACHE,0,sentinel-1b,2019-08-28T17:22:14.873423Z,2019-08-28T17:22:39.871429Z,IW,VV|VH,ascending,88,17789,,L1,"[5.929542, 43.472485, 9.49454, 45.379604]",11,https://stac.dataspace.copernicus.eu/v1/collections/sentinel-1-grd/items/S1B_IW_GRDH_1SDV_20190828T172214_20190828T172239_017789_0217A2_11FE_COG
S1B_IW_GRDH_1SDV_20190828T172214_20190828T172239_017789_0217A2_2710_COG,OK,CACHE,0,sentinel-1b,2019-08-28T17:22:14.873761Z,2019-08-28T17:22:39.871792Z,IW,VV|VH,ascending,88,17789,,L1,"[5.929565, 43.4725, 9.494566, 45.379623]",11,https://stac.dataspace.copernicus.eu/v1/collections/sentinel-1-grd/items/S1B_IW_GRDH_1SDV_20190828T172214_20190828T172239_017789_0217A2_2710_COG
S1B_IW_GRDH_1SDV_20190828T172239_20190828T172304_017789_0217A2_9BD8_COG,OK,CACHE,0,sentinel-1b,2019-08-28T17:22:39.873306Z,2019-08-28T17:23:04.872834Z,IW,VV|VH,ascending,88,17789,,L1,"[5.476121, 44.977287, 9.207741, 46.875034]",11,https://stac.dataspace.copernicus.eu/v1/collections/sentinel-1-grd/items/S1B_IW_GRDH_1SDV_20190828T172239_20190828T172304_017789_0217A2_9BD8_COG
S1B_IW_GRDH_1SDV_20190828T172239_20190828T172304_017789_0217A2_CAE9_COG,OK,CACHE,0,sentinel-1b,2019-08-28T17:22:39.872944Z,2019-08-28T17:23:04.872447Z,IW,VV|VH,ascending,88,17789,,L1,"[5.476103, 44.977268, 9.207591, 46.875]",11,https://stac.dataspace.copernicus.eu/v1/collections/sentinel-1-grd/items/S1B_IW_GRDH_1SDV_20190828T172239_20190828T172304_017789_0217A2_CAE9_COG
S1B_IW_GRDH_1SDV_20190903T052625_20190903T052650_017869_021A0C_CDA1_COG,OK,CACHE,0,sentinel-1b,2019-09-03T05:26:25.928942Z,2019-09-03T05:26:50.926867Z,IW,VV|VH,descending,168,17869,,L1,"[8.687095, 45.257919, 12.341696, 47.158947]",11,https://stac.dataspace.copernicus.eu/v1/collections/sentinel-1-grd/items/S1B_IW_GRDH_1SDV_20190903T052625_20190903T052650_017869_021A0C_CDA1_COG
S1B_IW_GRDH_1SDV_20190903T052632_20190903T052657_017869_021A0C_C2BE_COG,OK,CACHE,0,sentinel-1b,2019-09-03T05:26:32.967338Z,2019-09-03T05:26:57.965941Z,IW,VV|VH,descending,168,17869,,L1,"[8.55591, 44.835934, 12.226377, 46.740753]",11,https://stac.dataspace.copernicus.eu/v1/collections/sentinel-1-grd/items/S1B_IW_GRDH_1SDV_20190903T052632_20190903T052657_017869_021A0C_C2BE_COG
S1B_IW_GRDH_1SDV_20190903T052650_20190903T052715_017869_021A0C_CCB0_COG,OK,CACHE,0,sentinel-1b,2019-09-03T05:26:50.928353Z,2019-09-03T05:27:15.927776Z,IW,VV|VH,descending,168,17869,,L1,"[8.356053, 43.759315, 11.951324, 45.657097]",11,https://stac.dataspace.copernicus.eu/v1/collections/sentinel-1-grd/items/S1B_IW_GRDH_1SDV_20190903T052650_20190903T052715_017869_021A0C_CCB0_COG
S1B_IW_GRDH_1SDV_20190903T052657_20190903T052722_017869_021A0C_92A3_COG,OK,CACHE,0,sentinel-1b,2019-09-03T05:26:57.967416Z,2019-09-03T05:27:22.966018Z,IW,VV|VH,descending,168,17869,,L1,"[8.225419, 43.337368, 11.834204, 45.239273]",11,https://stac.dataspace.copernicus.eu/v1/collections/sentinel-1-grd/items/S1B_IW_GRDH_1SDV_20190903T052657_20190903T052722_017869_021A0C_92A3_COG
S1B_IW_GRDH_1SDV_20190904T171403_20190904T171428_017891_021ABA_58EE_COG,OK,CACHE,0,sentinel-1b,2019-09-04T17:14:03.703595Z,2019-09-04T17:14:28.703491Z,IW,VV|VH,ascending,15,17891,,L1,"[7.910544, 43.593594, 11.566438, 45.501774]",11,https://stac.dataspace.copernicus.eu/v1/collections/sentinel-1-grd/items/S1B_IW_GRDH_1SDV_20190904T171403_20190904T171428_017891_021ABA_58EE_COG
S1B_IW_GRDH_1SDV_20190904T171403_20190904T171428_017891_021ABA_DE27_COG,OK,CACHE,0,sentinel-1b,2019-09-04T17:14:03.704772Z,2019-09-04T17:14:28.703146Z,IW,VV|VH,ascending,15,17891,,L1,"[7.910535, 43.593662, 11.566407, 45.501755]",11,https://stac.dataspace.copernicus.eu/v1/collections/sentinel-1-grd/items/S1B_IW_GRDH_1SDV_20190904T171403_20190904T171428_017891_021ABA_DE27_COG
S1B_IW_GRDH_1SDV_20190904T171428_20190904T171453_017891_021ABA_6A9D_COG,OK,CACHE,0,sentinel-1b,2019-09-04T17:14:28.704988Z,2019-09-04T17:14:53.703386Z,IW,VV|VH,ascending,15,17891,,L1,"[7.516382, 45.093147, 11.242363, 47.003345]",11,https://stac.dataspace.copernicus.eu/v1/collections/sentinel-1-grd/items/S1B_IW_GRDH_1SDV_20190904T171428_20190904T171453_017891_021ABA_6A9D_COG
S1B_IW_GRDH_1SDV_20190904T171428_20190904T171453_017891_021ABA_FC40_COG,OK,CACHE,0,sentinel-1b,2019-09-04T17:14:28.704644Z,2019-09-04T17:14:53.703018Z,IW,VV|VH,ascending,15,17891,,L1,"[7.516375, 45.093124, 11.242352, 47.003319]",11,https://stac.dataspace.copernicus.eu/v1/collections/sentinel-1-grd/items/S1B_IW_GRDH_1SDV_20190904T171428_20190904T171453_017891_021ABA_FC40_COG
S1B_IW_GRDH_1SDV_20190908T053444_20190908T053509_017942_021C60_EB40_COG,OK,CACHE,0,sentinel-1b,2019-09-08T05:34:44.101694Z,2019-09-08T05:35:09.099150Z,IW,VV|VH,descending,66,17942,,L1,"[6.580172, 45.011154, 10.19972, 46.91177]",11,https://stac.dataspace.copernicus.eu/v1/collections/sentinel-1-grd/items/S1B_IW_GRDH_1SDV_20190908T053444_20190908T053509_017942_021C60_EB40_COG
S1B_IW_GRDH_1SDV_20190908T053451_20190908T053516_017942_021C60_E3EC_COG,OK,CACHE,0,sentinel-1b,2019-09-08T05:34:51.889251Z,2019-09-08T05:35:16.888251Z,IW,VV|VH,descending,66,17942,,L1,"[6.41805, 44.545765, 10.084895, 46.448452]",11,https://stac.dataspace.copernicus.eu/v1/collections/sentinel-1-grd/items/S1B_IW_GRDH_1SDV_20190908T053451_20190908T053516_017942_021C60_E3EC_COG
S1B_IW_GRDH_1SDV_20190908T053509_20190908T053534_017942_021C60_44C7_COG,OK,CACHE,0,sentinel-1b,2019-09-08T05:35:09.100647Z,2019-09-08T05:35:34.099602Z,IW,VV|VH,descending,66,17942,,L1,"[6.253391, 43.511902, 9.819581, 45.409073]",11,https://stac.dataspace.copernicus.eu/v1/collections/sentinel-1-grd/items/S1B_IW_GRDH_1SDV_20190908T053509_20190908T053534_017942_021C60_44C7_COG
S1B_IW_GRDH_1SDV_20190909T172215_20190909T172240_017964_021D21_4E56_COG,OK,CACHE,0,sentinel-1b,2019-09-09T17:22:15.673688Z,2019-09-09T17:22:40.671714Z,IW,VV|VH,ascending,88,17964,,L1,"[5.927519, 43.472466, 9.492729, 45.379597]",11,https://stac.dataspace.copernicus.eu/v1/collections/sentinel-1-grd/items/S1B_IW_GRDH_1SDV_20190909T172215_20190909T172240_017964_021D21_4E56_COG
S1B_IW_GRDH_1SDV_20190909T172215_20190909T172240_017964_021D21_8E49_COG,OK,CACHE,0,sentinel-1b,2019-09-09T17:22:15.673940Z,2019-09-09T17:22:40.671984Z,IW,VV|VH,ascending,88,17964,,L1,"[5.927558, 43.472481, 9.492771, 45.379616]",11,https://stac.dataspace.copernicus.eu/v1/collections/sentinel-1-grd/items/S1B_IW_GRDH_1SDV_20190909T172215_20190909T172240_017964_021D21_8E49_COG
S1B_IW_GRDH_1SDV_20190909T172240_20190909T172305_017964_021D21_58CD_COG,OK,CACHE,0,sentinel-1b,2019-09-09T17:22:40.673210Z,2019-09-09T17:23:05.672733Z,IW,VV|VH,ascending,88,17964,,L1,"[5.474404, 44.977219, 9.205543, 46.875031]",11,https://stac.dataspace.copernicus.eu/v1/collections/sentinel-1-grd/items/S1B_IW_GRDH_1SDV_20190909T172240_20190909T172305_017964_021D21_58CD_COG
S1B_IW_GRDH_1SDV_20190909T172240_20190909T172305_017964_021D21_CDED_COG,OK,CACHE,0,sentinel-1b,2019-09-09T17:22:40.673480Z,2019-09-09T17:23:05.671524Z,IW,VV|VH,ascending,88,17964,,L1,"[5.474466, 44.977238, 9.205583, 46.874958]",11,https://stac.dataspace.copernicus.eu/v1/collections/sentinel-1-grd/items/S1B_IW_GRDH_1SDV_20190909T172240_20190909T172305_017964_021D21_CDED_COG
S1B_IW_GRDH_1SDV_20190915T052625_20190915T052650_018044_021F7F_BA2D_COG,OK,CACHE,0,sentinel-1b,2019-09-15T05:26:25.942336Z,2019-09-15T05:26:50.940429Z,IW,VV|VH,descending,168,18044,,L1,"[8.6943, 45.290981, 12.347694, 47.192268]",11,https://stac.dataspace.copernicus.eu/v1/collections/sentinel-1-grd/items/S1B_IW_GRDH_1SDV_20190915T052625_20190915T052650_018044_021F7F_BA2D_COG
S1B_IW_GRDH_1SDV_20190915T052633_20190915T052658_018044_021F7F_6F34_COG,OK,CACHE,0,sentinel-1b,2019-09-15T05:26:33.531524Z,2019-09-15T05:26:58.530151Z,IW,VV|VH,descending,168,18044,,L1,"[8.555599, 44.835941, 12.226183, 46.740757]",11,https://stac.dataspace.copernicus.eu/v1/collections/sentinel-1-grd/items/S1B_IW_GRDH_1SDV_20190915T052633_20190915T052658_018044_021F7F_6F34_COG
S1B_IW_GRDH_1SDV_20190915T052650_20190915T052715_018044_021F7F_A2EF_COG,OK,CACHE,0,sentinel-1b,2019-09-15T05:26:50.941914Z,2019-09-15T05:27:15.941505Z,IW,VV|VH,descending,168,18044,,L1,"[8.360484, 43.792713, 11.960052, 45.690105]",11,https://stac.dataspace.copernicus.eu/v1/collections/sentinel-1-grd/items/S1B_IW_GRDH_1SDV_20190915T052650_20190915T052715_018044_021F7F_A2EF_COG
S1B_IW_GRDH_1SDV_20190915T052658_20190915T052723_018044_021F7F_1910_COG,OK,CACHE,0,sentinel-1b,2019-09-15T05:26:58.531626Z,2019-09-15T05:27:23.530251Z,IW,VV|VH,descending,168,18044,,L1,"[8.225247, 43.337376, 11.834023, 45.239262]",11,https://stac.dataspace.copernicus.eu/v1/collections/sentinel-1-grd/items/S1B_IW_GRDH_1SDV_20190915T052658_20190915T052723_018044_021F7F_1910_COG
S1B_IW_GRDH_1SDV_20190916T171404_20190916T171429_018066_02202D_D6BB_COG,OK,CACHE,0,sentinel-1b,2019-09-16T17:14:04.181785Z,2019-09-16T17:14:29.181682Z,IW,VV|VH,ascending,15,18066,,L1,"[7.911568, 43.593655, 11.567692, 45.501835]",11,https://stac.dataspace.copernicus.eu/v1/collections/sentinel-1-grd/items/S1B_IW_GRDH_1SDV_20190916T171404_20190916T171429_018066_02202D_D6BB_COG
S1B_IW_GRDH_1SDV_20190916T171404_20190916T171429_018066_02202D_DBED_COG,OK,CACHE,0,sentinel-1b,2019-09-16T17:14:04.182030Z,2019-09-16T17:14:29.180446Z,IW,VV|VH,ascending,15,18066,,L1,"[7.911597, 43.593662, 11.567698, 45.501751]",11,https://stac.dataspace.copernicus.eu/v1/collections/sentinel-1-grd/items/S1B_IW_GRDH_1SDV_20190916T171404_20190916T171429_018066_02202D_DBED_COG
S1B_IW_GRDH_1SDV_20190916T171429_20190916T171454_018066_02202D_B541_COG,OK,CACHE,0,sentinel-1b,2019-09-16T17:14:29.181944Z,2019-09-16T17:14:54.180361Z,IW,VV|VH,ascending,15,18066,,L1,"[7.517461, 45.093128, 11.243547, 47.003307]",11,https://stac.dataspace.copernicus.eu/v1/collections/sentinel-1-grd/items/S1B_IW_GRDH_1SDV_20190916T171429_20190916T171454_018066_02202D_B541_COG
S1B_IW_GRDH_1SDV_20190916T171429_20190916T171454_018066_02202D_DC75_COG,OK,CACHE,0,sentinel-1b,2019-09-16T17:14:29.183180Z,2019-09-16T17:14:54.181579Z,IW,VV|VH,ascending,15,18066,,L1,"[7.517431, 45.093212, 11.243523, 47.003387]",11,https://stac.dataspace.copernicus.eu/v1/collections/sentinel-1-grd/items/S1B_IW_GRDH_1SDV_20190916T171429_20190916T171454_018066_02202D_DC75_COG
S1B_IW_GRDH_1SDV_20190920T053443_20190920T053508_018117_0221D2_3DAD_COG,OK,CACHE,0,sentinel-1b,2019-09-20T05:34:43.877997Z,2019-09-20T05:35:08.877093Z,IW,VV|VH,descending,66,18117,,L1,"[6.588006, 45.044556, 10.212538, 46.945133]",11,https://stac.dataspace.copernicus.eu/v1/collections/sentinel-1-grd/items/S1B_IW_GRDH_1SDV_20190920T053443_20190920T053508_018117_0221D2_3DAD_COG
S1B_IW_GRDH_1SDV_20190920T053452_20190920T053517_018117_0221D2_472A_COG,OK,CACHE,0,sentinel-1b,2019-09-20T05:34:52.224022Z,2019-09-20T05:35:17.221650Z,IW,VV|VH,descending,66,18117,,L1,"[6.418596, 44.545895, 10.085276, 46.448521]",11,https://stac.dataspace.copernicus.eu/v1/collections/sentinel-1-grd/items/S1B_IW_GRDH_1SDV_20190920T053452_20190920T053517_018117_0221D2_472A_COG
S1B_IW_GRDH_1SDV_20190920T053508_20190920T053533_018117_0221D2_0560_COG,OK,CACHE,0,sentinel-1b,2019-09-20T05:35:08.878592Z,2019-09-20T05:35:33.876189Z,IW,VV|VH,descending,66,18117,,L1,"[6.261162, 43.545437, 9.829698, 45.44249]",11,https://stac.dataspace.copernicus.eu/v1/collections/sentinel-1-grd/items/S1B_IW_GRDH_1SDV_20190920T053508_20190920T053533_018117_0221D2_0560_COG
S1B_IW_GRDH_1SDV_20190921T172216_20190921T172241_018139_02228B_AC89_COG,OK,CACHE,0,sentinel-1b,2019-09-21T17:22:16.021878Z,2019-09-21T17:22:41.021368Z,IW,VV|VH,ascending,88,18139,,L1,"[5.927771, 43.472523, 9.49303, 45.379745]",11,https://stac.dataspace.copernicus.eu/v1/collections/sentinel-1-grd/items/S1B_IW_GRDH_1SDV_20190921T172216_20190921T172241_018139_02228B_AC89_COG
S1B_IW_GRDH_1SDV_20190921T172216_20190921T172241_018139_02228B_D2AC_COG,OK,CACHE,0,sentinel-1b,2019-09-21T17:22:16.022169Z,2019-09-21T17:22:41.020182Z,IW,VV|VH,ascending,88,18139,,L1,"[5.927789, 43.472542, 9.493028, 45.379677]",11,https://stac.dataspace.copernicus.eu/v1/collections/sentinel-1-grd/items/S1B_IW_GRDH_1SDV_20190921T172216_20190921T172241_018139_02228B_D2AC_COG
S1B_IW_GRDH_1SDV_20190921T172241_20190921T172306_018139_02228B_0A61_COG,OK,CACHE,0,sentinel-1b,2019-09-21T17:22:41.022883Z,2019-09-21T17:23:06.020877Z,IW,VV|VH,ascending,88,18139,,L1,"[5.474662, 44.977364, 9.205928, 46.875099]",11,https://stac.dataspace.copernicus.eu/v1/collections/sentinel-1-grd/items/S1B_IW_GRDH_1SDV_20190921T172241_20190921T172306_018139_02228B_0A61_COG
S1B_IW_GRDH_1SDV_20190921T172241_20190921T172306_018139_02228B_B8EE_COG,OK,CACHE,0,sentinel-1b,2019-09-21T17:22:41.021697Z,2019-09-21T17:23:06.021209Z,IW,VV|VH,ascending,88,18139,,L1,"[5.474651, 44.977295, 9.205941, 46.875122]",11,https://stac.dataspace.copernicus.eu/v1/collections/sentinel-1-grd/items/S1B_IW_GRDH_1SDV_20190921T172241_20190921T172306_018139_02228B_B8EE_COG
S1B_IW_GRDH_1SDV_20190927T052626_20190927T052651_018219_0224E4_54D5_COG,OK,CACHE,0,sentinel-1b,2019-09-27T05:26:26.924788Z,2019-09-27T05:26:51.923032Z,IW,VV|VH,descending,168,18219,,L1,"[8.688865, 45.271561, 12.343679, 47.17276]",11,https://stac.dataspace.copernicus.eu/v1/collections/sentinel-1-grd/items/S1B_IW_GRDH_1SDV_20190927T052626_20190927T052651_018219_0224E4_54D5_COG
S1B_IW_GRDH_1SDV_20190927T052634_20190927T052659_018219_0224E4_9B5B_COG,OK,CACHE,0,sentinel-1b,2019-09-27T05:26:34.187795Z,2019-09-27T05:26:59.186570Z,IW,VV|VH,descending,168,18219,,L1,"[8.554408, 44.836102, 12.225125, 46.740929]",11,https://stac.dataspace.copernicus.eu/v1/collections/sentinel-1-grd/items/S1B_IW_GRDH_1SDV_20190927T052634_20190927T052659_018219_0224E4_9B5B_COG
S1B_IW_GRDH_1SDV_20190927T052651_20190927T052716_018219_0224E4_E0DE_COG,OK,CACHE,0,sentinel-1b,2019-09-27T05:26:51.924517Z,2019-09-27T05:27:16.922760Z,IW,VV|VH,descending,168,18219,,L1,"[8.356259, 43.773129, 11.953832, 45.670712]",11,https://stac.dataspace.copernicus.eu/v1/collections/sentinel-1-grd/items/S1B_IW_GRDH_1SDV_20190927T052651_20190927T052716_018219_0224E4_E0DE_COG
S1B_IW_GRDH_1SDV_20190927T052659_20190927T052724_018219_0224E4_C24A_COG,OK,CACHE,0,sentinel-1b,2019-09-27T05:26:59.188019Z,2019-09-27T05:27:24.186791Z,IW,VV|VH,descending,168,18219,,L1,"[8.224057, 43.337536, 11.832968, 45.239433]",11,https://stac.dataspace.copernicus.eu/v1/collections/sentinel-1-grd/items/S1B_IW_GRDH_1SDV_20190927T052659_20190927T052724_018219_0224E4_C24A_COG
S1B_IW_GRDH_1SDV_20190928T171404_20190928T171429_018241_022590_215F_COG,OK,CACHE,0,sentinel-1b,2019-09-28T17:14:04.789968Z,2019-09-28T17:14:29.788409Z,IW,VV|VH,ascending,15,18241,,L1,"[7.911274, 43.593712, 11.567482, 45.501774]",11,https://stac.dataspace.copernicus.eu/v1/collections/sentinel-1-grd/items/S1B_IW_GRDH_1SDV_20190928T171404_20190928T171429_018241_022590_215F_COG
S1B_IW_GRDH_1SDV_20190928T171404_20190928T171429_018241_022590_9517_COG,OK,CACHE,0,sentinel-1b,2019-09-28T17:14:04.790351Z,2019-09-28T17:14:29.788819Z,IW,VV|VH,ascending,15,18241,,L1,"[7.911289, 43.593735, 11.5675, 45.501797]",11,https://stac.dataspace.copernicus.eu/v1/collections/sentinel-1-grd/items/S1B_IW_GRDH_1SDV_20190928T171404_20190928T171429_018241_022590_9517_COG
S1B_IW_GRDH_1SDV_20190928T171429_20190928T171454_018241_022590_6274_COG,OK,CACHE,0,sentinel-1b,2019-09-28T17:14:29.790317Z,2019-09-28T17:14:54.788785Z,IW,VV|VH,ascending,15,18241,,L1,"[7.517181, 45.093204, 11.24338, 47.003353]",11,https://stac.dataspace.copernicus.eu/v1/collections/sentinel-1-grd/items/S1B_IW_GRDH_1SDV_20190928T171429_20190928T171454_018241_022590_6274_COG
S1B_IW_GRDH_1SDV_20190928T171429_20190928T171454_018241_022590_F0E0_COG,OK,CACHE,0,sentinel-1b,2019-09-28T17:14:29.789906Z,2019-09-28T17:14:54.788347Z,IW,VV|VH,ascending,15,18241,,L1,"[7.517169, 45.093182, 11.243363, 47.00333]",11,https://stac.dataspace.copernicus.eu/v1/collections/sentinel-1-grd/items/S1B_IW_GRDH_1SDV_20190928T171429_20190928T171454_018241_022590_F0E0_COG
S1B_IW_GRDH_1SDV_20200406T052629_20200406T052654_021019_027DF4_4B50_COG,OK,CACHE,0,sentinel-1b,2020-04-06T05:26:29.092131Z,2020-04-06T05:26:54.091330Z,IW,VV|VH,descending,168,21019,,L1,"[8.645122, 44.962269, 12.257976, 46.860447]",11,https://stac.dataspace.copernicus.eu/v1/collections/sentinel-1-grd/items/S1B_IW_GRDH_1SDV_20200406T052629_20200406T052654_021019_027DF4_4B50_COG
S1B_IW_GRDH_1SDV_20200406T052629_20200406T052654_021019_027DF4_5672_COG,OK,CACHE,0,sentinel-1b,2020-04-06T05:26:29.092131Z,2020-04-06T05:26:54.091330Z,IW,VV|VH,descending,168,21019,,L1,"[8.645122, 44.962269, 12.257976, 46.860451]",11,https://stac.dataspace.copernicus.eu/v1/collections/sentinel-1-grd/items/S1B_IW_GRDH_1SDV_20200406T052629_20200406T052654_021019_027DF4_5672_COG
S1B_IW_GRDH_1SDV_20200406T052654_20200406T052719_021019_027DF4_0EF8_COG,OK,CACHE,0,sentinel-1b,2020-04-06T05:26:54.092849Z,2020-04-06T05:27:19.090553Z,IW,VV|VH,descending,168,21019,,L1,"[8.313276, 43.463734, 11.867208, 45.358662]",11,https://stac.dataspace.copernicus.eu/v1/collections/sentinel-1-grd/items/S1B_IW_GRDH_1SDV_20200406T052654_20200406T052719_021019_027DF4_0EF8_COG
S1B_IW_GRDH_1SDV_20200406T052654_20200406T052719_021019_027DF4_9756_COG,OK,CACHE,0,sentinel-1b,2020-04-06T05:26:54.092849Z,2020-04-06T05:27:19.090553Z,IW,VV|VH,descending,168,21019,,L1,"[8.313276, 43.463734, 11.867208, 45.358662]",11,https://stac.dataspace.copernicus.eu/v1/collections/sentinel-1-grd/items/S1B_IW_GRDH_1SDV_20200406T052654_20200406T052719_021019_027DF4_9756_COG
S1B_IW_GRDH_1SDV_20200407T171401_20200407T171426_021041_027EA2_3500_COG,OK,CACHE,0,sentinel-1b,2020-04-07T17:14:01.819594Z,2020-04-07T17:14:26.818091Z,IW,VV|VH,ascending,15,21041,,L1,"[7.911818, 43.593456, 11.567726, 45.501484]",11,https://stac.dataspace.copernicus.eu/v1/collections/sentinel-1-grd/items/S1B_IW_GRDH_1SDV_20200407T171401_20200407T171426_021041_027EA2_3500_COG
S1B_IW_GRDH_1SDV_20200407T171401_20200407T171426_021041_027EA2_CDC8_COG,OK,CACHE,0,sentinel-1b,2020-04-07T17:14:01.819596Z,2020-04-07T17:14:26.818092Z,IW,VV|VH,ascending,15,21041,,L1,"[7.911818, 43.593456, 11.567726, 45.501484]",11,https://stac.dataspace.copernicus.eu/v1/collections/sentinel-1-grd/items/S1B_IW_GRDH_1SDV_20200407T171401_20200407T171426_021041_027EA2_CDC8_COG
S1B_IW_GRDH_1SDV_20200407T171426_20200407T171451_021041_027EA2_7D6D_COG,OK,CACHE,0,sentinel-1b,2020-04-07T17:14:26.819590Z,2020-04-07T17:14:51.818087Z,IW,VV|VH,ascending,15,21041,,L1,"[7.517758, 45.09293, 11.243642, 47.003044]",11,https://stac.dataspace.copernicus.eu/v1/collections/sentinel-1-grd/items/S1B_IW_GRDH_1SDV_20200407T171426_20200407T171451_021041_027EA2_7D6D_COG
S1B_IW_GRDH_1SDV_20200407T171426_20200407T171451_021041_027EA2_E8A2_COG,OK,CACHE,0,sentinel-1b,2020-04-07T17:14:26.819589Z,2020-04-07T17:14:51.818085Z,IW,VV|VH,ascending,15,21041,,L1,"[7.517758, 45.09293, 11.243642, 47.003044]",11,https://stac.dataspace.copernicus.eu/v1/collections/sentinel-1-grd/items/S1B_IW_GRDH_1SDV_20200407T171426_20200407T171451_021041_027EA2_E8A2_COG
S1B_IW_GRDH_1SDV_20200411T053456_20200411T053521_021092_02804A_151A_COG,OK,CACHE,0,sentinel-1b,2020-04-11T05:34:56.426336Z,2020-04-11T05:35:21.424442Z,IW,VV|VH,descending,66,21092,,L1,"[6.392595, 44.153347, 9.994406, 46.050396]",11,https://stac.dataspace.copernicus.eu/v1/collections/sentinel-1-grd/items/S1B_IW_GRDH_1SDV_20200411T053456_20200411T053521_021092_02804A_151A_COG
S1B_IW_GRDH_1SDV_20200411T053456_20200411T053521_021092_02804A_91CB_COG,OK,CACHE,0,sentinel-1b,2020-04-11T05:34:56.426336Z,2020-04-11T05:35:21.424441Z,IW,VV|VH,descending,66,21092,,L1,"[6.392594, 44.153347, 9.994405, 46.050396]",11,https://stac.dataspace.copernicus.eu/v1/collections/sentinel-1-grd/items/S1B_IW_GRDH_1SDV_20200411T053456_20200411T053521_021092_02804A_91CB_COG
S1B_IW_GRDH_1SDV_20200412T172213_20200412T172238_021114_028107_2FA3_COG,OK,CACHE,0,sentinel-1b,2020-04-12T17:22:13.719185Z,2020-04-12T17:22:38.718664Z,IW,VV|VH,ascending,88,21114,,L1,"[5.928016, 43.472328, 9.493129, 45.379551]",11,https://stac.dataspace.copernicus.eu/v1/collections/sentinel-1-grd/items/S1B_IW_GRDH_1SDV_20200412T172213_20200412T172238_021114_028107_2FA3_COG
S1B_IW_GRDH_1SDV_20200412T172213_20200412T172238_021114_028107_D7BA_COG,OK,CACHE,0,sentinel-1b,2020-04-12T17:22:13.719185Z,2020-04-12T17:22:38.718664Z,IW,VV|VH,ascending,88,21114,,L1,"[5.928015, 43.472328, 9.493128, 45.379551]",11,https://stac.dataspace.copernicus.eu/v1/collections/sentinel-1-grd/items/S1B_IW_GRDH_1SDV_20200412T172213_20200412T172238_021114_028107_D7BA_COG
S1B_IW_GRDH_1SDV_20200412T172238_20200412T172303_021114_028107_374F_COG,OK,CACHE,0,sentinel-1b,2020-04-12T17:22:38.720160Z,2020-04-12T17:23:03.718142Z,IW,VV|VH,ascending,88,21114,,L1,"[5.474916, 44.977173, 9.205908, 46.874893]",11,https://stac.dataspace.copernicus.eu/v1/collections/sentinel-1-grd/items/S1B_IW_GRDH_1SDV_20200412T172238_20200412T172303_021114_028107_374F_COG
S1B_IW_GRDH_1SDV_20200412T172238_20200412T172303_021114_028107_C267_COG,OK,CACHE,0,sentinel-1b,2020-04-12T17:22:38.720160Z,2020-04-12T17:23:03.718142Z,IW,VV|VH,ascending,88,21114,,L1,"[5.474916, 44.977173, 9.205908, 46.874893]",11,https://stac.dataspace.copernicus.eu/v1/collections/sentinel-1-grd/items/S1B_IW_GRDH_1SDV_20200412T172238_20200412T172303_021114_028107_C267_COG
S1B_IW_GRDH_1SDV_20200418T052635_20200418T052700_021194_02837E_53FB_COG,OK,CACHE,0,sentinel-1b,2020-04-18T05:26:35.287493Z,2020-04-18T05:27:00.285962Z,IW,VV|VH,descending,168,21194,,L1,"[8.565485, 44.621006, 12.169354, 46.519176]",11,https://stac.dataspace.copernicus.eu/v1/collections/sentinel-1-grd/items/S1B_IW_GRDH_1SDV_20200418T052635_20200418T052700_021194_02837E_53FB_COG
S1B_IW_GRDH_1SDV_20200418T052635_20200418T052700_021194_02837E_716D_COG,OK,CACHE,0,sentinel-1b,2020-04-18T05:26:35.287493Z,2020-04-18T05:27:00.285962Z,IW,VV|VH,descending,168,21194,,L1,"[8.565486, 44.621006, 12.169354, 46.519176]",11,https://stac.dataspace.copernicus.eu/v1/collections/sentinel-1-grd/items/S1B_IW_GRDH_1SDV_20200418T052635_20200418T052700_021194_02837E_716D_COG
S1B_IW_GRDH_1SDV_20200418T052700_20200418T052725_021194_02837E_0B0E_COG,OK,CACHE,0,sentinel-1b,2020-04-18T05:27:00.287466Z,2020-04-18T05:27:25.285936Z,IW,VV|VH,descending,168,21194,,L1,"[8.234394, 43.122314, 11.773886, 45.018059]",11,https://stac.dataspace.copernicus.eu/v1/collections/sentinel-1-grd/items/S1B_IW_GRDH_1SDV_20200418T052700_20200418T052725_021194_02837E_0B0E_COG
S1B_IW_GRDH_1SDV_20200418T052700_20200418T052725_021194_02837E_D926_COG,OK,CACHE,0,sentinel-1b,2020-04-18T05:27:00.287466Z,2020-04-18T05:27:25.285936Z,IW,VV|VH,descending,168,21194,,L1,"[8.234394, 43.122314, 11.773886, 45.018059]",11,https://stac.dataspace.copernicus.eu/v1/collections/sentinel-1-grd/items/S1B_IW_GRDH_1SDV_20200418T052700_20200418T052725_021194_02837E_D926_COG
S1B_IW_GRDH_1SDV_20200423T053456_20200423T053521_021267_0285CF_B49E_COG,OK,CACHE,0,sentinel-1b,2020-04-23T05:34:56.920976Z,2020-04-23T05:35:21.920649Z,IW,VV|VH,descending,66,21267,,L1,"[6.392036, 44.153294, 9.993826, 46.050419]",11,https://stac.dataspace.copernicus.eu/v1/collections/sentinel-1-grd/items/S1B_IW_GRDH_1SDV_20200423T053456_20200423T053521_021267_0285CF_B49E_COG
S1B_IW_GRDH_1SDV_20200423T053456_20200423T053521_021267_0285CF_C398_COG,OK,CACHE,0,sentinel-1b,2020-04-23T05:34:56.920975Z,2020-04-23T05:35:21.920648Z,IW,VV|VH,descending,66,21267,,L1,"[6.392036, 44.153294, 9.993826, 46.050419]",11,https://stac.dataspace.copernicus.eu/v1/collections/sentinel-1-grd/items/S1B_IW_GRDH_1SDV_20200423T053456_20200423T053521_021267_0285CF_C398_COG
S1B_IW_GRDH_1SDV_20200424T172214_20200424T172239_021289_02868C_173E_COG,OK,CACHE,0,sentinel-1b,2020-04-24T17:22:14.230847Z,2020-04-24T17:22:39.228757Z,IW,VV|VH,ascending,88,21289,,L1,"[5.92851, 43.472511, 9.49358, 45.379601]",11,https://stac.dataspace.copernicus.eu/v1/collections/sentinel-1-grd/items/S1B_IW_GRDH_1SDV_20200424T172214_20200424T172239_021289_02868C_173E_COG
S1B_IW_GRDH_1SDV_20200424T172214_20200424T172239_021289_02868C_7306_COG,OK,CACHE,0,sentinel-1b,2020-04-24T17:22:14.230847Z,2020-04-24T17:22:39.228757Z,IW,VV|VH,ascending,88,21289,,L1,"[5.92851, 43.472511, 9.49358, 45.379601]",11,https://stac.dataspace.copernicus.eu/v1/collections/sentinel-1-grd/items/S1B_IW_GRDH_1SDV_20200424T172214_20200424T172239_021289_02868C_7306_COG
S1B_IW_GRDH_1SDV_20200424T172239_20200424T172304_021289_02868C_3792_COG,OK,CACHE,0,sentinel-1b,2020-04-24T17:22:39.230254Z,2020-04-24T17:23:04.229660Z,IW,VV|VH,ascending,88,21289,,L1,"[5.475428, 44.977272, 9.206416, 46.875034]",11,https://stac.dataspace.copernicus.eu/v1/collections/sentinel-1-grd/items/S1B_IW_GRDH_1SDV_20200424T172239_20200424T172304_021289_02868C_3792_COG
S1B_IW_GRDH_1SDV_20200424T172239_20200424T172304_021289_02868C_5E31_COG,OK,CACHE,0,sentinel-1b,2020-04-24T17:22:39.230253Z,2020-04-24T17:23:04.229660Z,IW,VV|VH,ascending,88,21289,,L1,"[5.475428, 44.977272, 9.206416, 46.875034]",11,https://stac.dataspace.copernicus.eu/v1/collections/sentinel-1-grd/items/S1B_IW_GRDH_1SDV_20200424T172239_20200424T172304_021289_02868C_5E31_COG
S1B_IW_GRDH_1SDV_20200430T052635_20200430T052700_021369_028901_75FF_COG,OK,CACHE,0,sentinel-1b,2020-04-30T05:26:35.865762Z,2020-04-30T05:27:00.864317Z,IW,VV|VH,descending,168,21369,,L1,"[8.566832, 44.620975, 12.170732, 46.519199]",11,https://stac.dataspace.copernicus.eu/v1/collections/sentinel-1-grd/items/S1B_IW_GRDH_1SDV_20200430T052635_20200430T052700_021369_028901_75FF_COG
S1B_IW_GRDH_1SDV_20200430T052635_20200430T052700_021369_028901_9B88_COG,OK,CACHE,0,sentinel-1b,2020-04-30T05:26:35.865761Z,2020-04-30T05:27:00.864316Z,IW,VV|VH,descending,168,21369,,L1,"[8.566832, 44.620975, 12.170732, 46.519199]",11,https://stac.dataspace.copernicus.eu/v1/collections/sentinel-1-grd/items/S1B_IW_GRDH_1SDV_20200430T052635_20200430T052700_021369_028901_9B88_COG
S1B_IW_GRDH_1SDV_20200430T052700_20200430T052725_021369_028901_30D0_COG,OK,CACHE,0,sentinel-1b,2020-04-30T05:27:00.865822Z,2020-04-30T05:27:25.864377Z,IW,VV|VH,descending,168,21369,,L1,"[8.235569, 43.122288, 11.775218, 45.018101]",11,https://stac.dataspace.copernicus.eu/v1/collections/sentinel-1-grd/items/S1B_IW_GRDH_1SDV_20200430T052700_20200430T052725_021369_028901_30D0_COG
S1B_IW_GRDH_1SDV_20200430T052700_20200430T052725_021369_028901_A448_COG,OK,CACHE,0,sentinel-1b,2020-04-30T05:27:00.865821Z,2020-04-30T05:27:25.864377Z,IW,VV|VH,descending,168,21369,,L1,"[8.235568, 43.122288, 11.775218, 45.018101]",11,https://stac.dataspace.copernicus.eu/v1/collections/sentinel-1-grd/items/S1B_IW_GRDH_1SDV_20200430T052700_20200430T052725_021369_028901_A448_COG
S1B_IW_GRDH_1SDV_20200501T171402_20200501T171427_021391_0289B0_1ED6_COG,OK,CACHE,0,sentinel-1b,2020-05-01T17:14:02.980331Z,2020-05-01T17:14:27.978715Z,IW,VV|VH,ascending,15,21391,,L1,"[7.910623, 43.59359, 11.566623, 45.501701]",11,https://stac.dataspace.copernicus.eu/v1/collections/sentinel-1-grd/items/S1B_IW_GRDH_1SDV_20200501T171402_20200501T171427_021391_0289B0_1ED6_COG
S1B_IW_GRDH_1SDV_20200501T171402_20200501T171427_021391_0289B0_CB6F_COG,OK,CACHE,0,sentinel-1b,2020-05-01T17:14:02.980331Z,2020-05-01T17:14:27.978714Z,IW,VV|VH,ascending,15,21391,,L1,"[7.910623, 43.59359, 11.566623, 45.501701]",11,https://stac.dataspace.copernicus.eu/v1/collections/sentinel-1-grd/items/S1B_IW_GRDH_1SDV_20200501T171402_20200501T171427_021391_0289B0_CB6F_COG
S1B_IW_GRDH_1SDV_20200501T171427_20200501T171452_021391_0289B0_14F3_COG,OK,CACHE,0,sentinel-1b,2020-05-01T17:14:27.980212Z,2020-05-01T17:14:52.978595Z,IW,VV|VH,ascending,15,21391,,L1,"[7.516451, 45.093056, 11.242435, 47.003254]",11,https://stac.dataspace.copernicus.eu/v1/collections/sentinel-1-grd/items/S1B_IW_GRDH_1SDV_20200501T171427_20200501T171452_021391_0289B0_14F3_COG
S1B_IW_GRDH_1SDV_20200501T171427_20200501T171452_021391_0289B0_B41C_COG,OK,CACHE,0,sentinel-1b,2020-05-01T17:14:27.980212Z,2020-05-01T17:14:52.978595Z,IW,VV|VH,ascending,15,21391,,L1,"[7.516451, 45.093056, 11.242435, 47.003254]",11,https://stac.dataspace.copernicus.eu/v1/collections/sentinel-1-grd/items/S1B_IW_GRDH_1SDV_20200501T171427_20200501T171452_021391_0289B0_B41C_COG
S1B_IW_GRDH_1SDV_20200505T053457_20200505T053522_021442_028B5C_032A_COG,OK,CACHE,0,sentinel-1b,2020-05-05T05:34:57.575433Z,2020-05-05T05:35:22.573550Z,IW,VV|VH,descending,66,21442,,L1,"[6.391453, 44.153381, 9.993246, 46.050385]",11,https://stac.dataspace.copernicus.eu/v1/collections/sentinel-1-grd/items/S1B_IW_GRDH_1SDV_20200505T053457_20200505T053522_021442_028B5C_032A_COG
S1B_IW_GRDH_1SDV_20200505T053457_20200505T053522_021442_028B5C_6755_COG,OK,CACHE,0,sentinel-1b,2020-05-05T05:34:57.575433Z,2020-05-05T05:35:22.573550Z,IW,VV|VH,descending,66,21442,,L1,"[6.391453, 44.153381, 9.993246, 46.050385]",11,https://stac.dataspace.copernicus.eu/v1/collections/sentinel-1-grd/items/S1B_IW_GRDH_1SDV_20200505T053457_20200505T053522_021442_028B5C_6755_COG
S1B_IW_GRDH_1SDV_20200506T172214_20200506T172239_021464_028C15_1E7F_COG,OK,CACHE,0,sentinel-1b,2020-05-06T17:22:14.775832Z,2020-05-06T17:22:39.773848Z,IW,VV|VH,ascending,88,21464,,L1,"[5.929753, 43.472408, 9.494716, 45.37949]",11,https://stac.dataspace.copernicus.eu/v1/collections/sentinel-1-grd/items/S1B_IW_GRDH_1SDV_20200506T172214_20200506T172239_021464_028C15_1E7F_COG
S1B_IW_GRDH_1SDV_20200506T172214_20200506T172239_021464_028C15_A438_COG,OK,CACHE,0,sentinel-1b,2020-05-06T17:22:14.775834Z,2020-05-06T17:22:39.773851Z,IW,VV|VH,ascending,88,21464,,L1,"[5.929752, 43.472408, 9.494716, 45.37949]",11,https://stac.dataspace.copernicus.eu/v1/collections/sentinel-1-grd/items/S1B_IW_GRDH_1SDV_20200506T172214_20200506T172239_021464_028C15_A438_COG
S1B_IW_GRDH_1SDV_20200506T172239_20200506T172304_021464_028C15_31A4_COG,OK,CACHE,0,sentinel-1b,2020-05-06T17:22:39.775345Z,2020-05-06T17:23:04.774857Z,IW,VV|VH,ascending,88,21464,,L1,"[5.476354, 44.9772, 9.207805, 46.874893]",11,https://stac.dataspace.copernicus.eu/v1/collections/sentinel-1-grd/items/S1B_IW_GRDH_1SDV_20200506T172239_20200506T172304_021464_028C15_31A4_COG
S1B_IW_GRDH_1SDV_20200506T172239_20200506T172304_021464_028C15_8FA8_COG,OK,CACHE,0,sentinel-1b,2020-05-06T17:22:39.775347Z,2020-05-06T17:23:04.774860Z,IW,VV|VH,ascending,88,21464,,L1,"[5.476354, 44.977196, 9.207805, 46.874889]",11,https://stac.dataspace.copernicus.eu/v1/collections/sentinel-1-grd/items/S1B_IW_GRDH_1SDV_20200506T172239_20200506T172304_021464_028C15_8FA8_COG
S1B_IW_GRDH_1SDV_20200512T052636_20200512T052701_021544_028E77_29AA_COG,OK,CACHE,0,sentinel-1b,2020-05-12T05:26:36.241292Z,2020-05-12T05:27:01.239841Z,IW,VV|VH,descending,168,21544,,L1,"[8.568019, 44.621029, 12.171908, 46.519238]",11,https://stac.dataspace.copernicus.eu/v1/collections/sentinel-1-grd/items/S1B_IW_GRDH_1SDV_20200512T052636_20200512T052701_021544_028E77_29AA_COG
S1B_IW_GRDH_1SDV_20200512T052636_20200512T052701_021544_028E77_5F98_COG,OK,CACHE,0,sentinel-1b,2020-05-12T05:26:36.241292Z,2020-05-12T05:27:01.239841Z,IW,VV|VH,descending,168,21544,,L1,"[8.568019, 44.621033, 12.171908, 46.519238]",11,https://stac.dataspace.copernicus.eu/v1/collections/sentinel-1-grd/items/S1B_IW_GRDH_1SDV_20200512T052636_20200512T052701_021544_028E77_5F98_COG
S1B_IW_GRDH_1SDV_20200512T052701_20200512T052726_021544_028E77_D27C_COG,OK,CACHE,0,sentinel-1b,2020-05-12T05:27:01.241343Z,2020-05-12T05:27:26.239892Z,IW,VV|VH,descending,168,21544,,L1,"[8.236769, 43.122341, 11.776413, 45.018139]",11,https://stac.dataspace.copernicus.eu/v1/collections/sentinel-1-grd/items/S1B_IW_GRDH_1SDV_20200512T052701_20200512T052726_021544_028E77_D27C_COG
S1B_IW_GRDH_1SDV_20200512T052701_20200512T052726_021544_028E77_EF0B_COG,OK,CACHE,0,sentinel-1b,2020-05-12T05:27:01.241343Z,2020-05-12T05:27:26.239893Z,IW,VV|VH,descending,168,21544,,L1,"[8.236769, 43.122341, 11.776413, 45.018139]",11,https://stac.dataspace.copernicus.eu/v1/collections/sentinel-1-grd/items/S1B_IW_GRDH_1SDV_20200512T052701_20200512T052726_021544_028E77_EF0B_COG
S1B_IW_GRDH_1SDV_20200513T171403_20200513T171428_021566_028F1C_3676_COG,OK,CACHE,0,sentinel-1b,2020-05-13T17:14:03.408826Z,2020-05-13T17:14:28.407203Z,IW,VV|VH,ascending,15,21566,,L1,"[7.911925, 43.593575, 11.567924, 45.50169]",11,https://stac.dataspace.copernicus.eu/v1/collections/sentinel-1-grd/items/S1B_IW_GRDH_1SDV_20200513T171403_20200513T171428_021566_028F1C_3676_COG
S1B_IW_GRDH_1SDV_20200513T171403_20200513T171428_021566_028F1C_9CEA_COG,OK,CACHE,0,sentinel-1b,2020-05-13T17:14:03.408826Z,2020-05-13T17:14:28.407203Z,IW,VV|VH,ascending,15,21566,,L1,"[7.911925, 43.593575, 11.567924, 45.50169]",11,https://stac.dataspace.copernicus.eu/v1/collections/sentinel-1-grd/items/S1B_IW_GRDH_1SDV_20200513T171403_20200513T171428_021566_028F1C_9CEA_COG
S1B_IW_GRDH_1SDV_20200513T171428_20200513T171453_021566_028F1C_8C3C_COG,OK,CACHE,0,sentinel-1b,2020-05-13T17:14:28.408701Z,2020-05-13T17:14:53.407078Z,IW,VV|VH,ascending,15,21566,,L1,"[7.517754, 45.09304, 11.243735, 47.003242]",11,https://stac.dataspace.copernicus.eu/v1/collections/sentinel-1-grd/items/S1B_IW_GRDH_1SDV_20200513T171428_20200513T171453_021566_028F1C_8C3C_COG
S1B_IW_GRDH_1SDV_20200513T171428_20200513T171453_021566_028F1C_C99D_COG,OK,CACHE,0,sentinel-1b,2020-05-13T17:14:28.408701Z,2020-05-13T17:14:53.407078Z,IW,VV|VH,ascending,15,21566,,L1,"[7.517754, 45.09304, 11.243735, 47.003242]",11,https://stac.dataspace.copernicus.eu/v1/collections/sentinel-1-grd/items/S1B_IW_GRDH_1SDV_20200513T171428_20200513T171453_021566_028F1C_C99D_COG
S1B_IW_GRDH_1SDV_20200517T053443_20200517T053508_021617_02909E_D89D_COG,OK,CACHE,0,sentinel-1b,2020-05-17T05:34:43.888249Z,2020-05-17T05:35:08.885738Z,IW,VV|VH,descending,66,21617,,L1,"[6.58004, 45.007687, 10.199081, 46.908283]",11,https://stac.dataspace.copernicus.eu/v1/collections/sentinel-1-grd/items/S1B_IW_GRDH_1SDV_20200517T053443_20200517T053508_021617_02909E_D89D_COG
S1B_IW_GRDH_1SDV_20200517T053451_20200517T053516_021617_02909E_5D39_COG,OK,CACHE,0,sentinel-1b,2020-05-17T05:34:51.613606Z,2020-05-17T05:35:16.612611Z,IW,VV|VH,descending,66,21617,,L1,"[6.418803, 44.546024, 10.085383, 46.448708]",11,https://stac.dataspace.copernicus.eu/v1/collections/sentinel-1-grd/items/S1B_IW_GRDH_1SDV_20200517T053451_20200517T053516_021617_02909E_5D39_COG
S1B_IW_GRDH_1SDV_20200517T053508_20200517T053533_021617_02909E_1E32_COG,OK,CACHE,0,sentinel-1b,2020-05-17T05:35:08.887223Z,2020-05-17T05:35:33.886209Z,IW,VV|VH,descending,66,21617,,L1,"[6.253438, 43.508427, 9.819246, 45.405556]",11,https://stac.dataspace.copernicus.eu/v1/collections/sentinel-1-grd/items/S1B_IW_GRDH_1SDV_20200517T053508_20200517T053533_021617_02909E_1E32_COG
S1B_IW_GRDH_1SDV_20200518T172215_20200518T172240_021639_02914A_ADD6_COG,OK,CACHE,0,sentinel-1b,2020-05-18T17:22:15.401247Z,2020-05-18T17:22:40.399285Z,IW,VV|VH,ascending,88,21639,,L1,"[5.929568, 43.472382, 9.494558, 45.379505]",11,https://stac.dataspace.copernicus.eu/v1/collections/sentinel-1-grd/items/S1B_IW_GRDH_1SDV_20200518T172215_20200518T172240_021639_02914A_ADD6_COG
S1B_IW_GRDH_1SDV_20200518T172215_20200518T172240_021639_02914A_C7DD_COG,OK,CACHE,0,sentinel-1b,2020-05-18T17:22:15.401246Z,2020-05-18T17:22:40.399284Z,IW,VV|VH,ascending,88,21639,,L1,"[5.929568, 43.472385, 9.494559, 45.379505]",11,https://stac.dataspace.copernicus.eu/v1/collections/sentinel-1-grd/items/S1B_IW_GRDH_1SDV_20200518T172215_20200518T172240_021639_02914A_C7DD_COG
S1B_IW_GRDH_1SDV_20200518T172240_20200518T172305_021639_02914A_6C81_COG,OK,CACHE,0,sentinel-1b,2020-05-18T17:22:40.400782Z,2020-05-18T17:23:05.398820Z,IW,VV|VH,ascending,88,21639,,L1,"[5.476154, 44.977169, 9.207609, 46.874813]",11,https://stac.dataspace.copernicus.eu/v1/collections/sentinel-1-grd/items/S1B_IW_GRDH_1SDV_20200518T172240_20200518T172305_021639_02914A_6C81_COG
S1B_IW_GRDH_1SDV_20200518T172240_20200518T172305_021639_02914A_9437_COG,OK,CACHE,0,sentinel-1b,2020-05-18T17:22:40.400780Z,2020-05-18T17:23:05.398818Z,IW,VV|VH,ascending,88,21639,,L1,"[5.476154, 44.977169, 9.20761, 46.874813]",11,https://stac.dataspace.copernicus.eu/v1/collections/sentinel-1-grd/items/S1B_IW_GRDH_1SDV_20200518T172240_20200518T172305_021639_02914A_9437_COG
S1B_IW_GRDH_1SDV_20200524T052625_20200524T052650_021719_029398_3C9E_COG,OK,CACHE,0,sentinel-1b,2020-05-24T05:26:25.978960Z,2020-05-24T05:26:50.977062Z,IW,VV|VH,descending,168,21719,,L1,"[8.693815, 45.28714, 12.347238, 47.1884]",11,https://stac.dataspace.copernicus.eu/v1/collections/sentinel-1-grd/items/S1B_IW_GRDH_1SDV_20200524T052625_20200524T052650_021719_029398_3C9E_COG
S1B_IW_GRDH_1SDV_20200524T052633_20200524T052658_021719_029398_2276_COG,OK,CACHE,0,sentinel-1b,2020-05-24T05:26:33.501491Z,2020-05-24T05:26:58.500091Z,IW,VV|VH,descending,168,21719,,L1,"[8.555956, 44.836102, 12.226417, 46.740902]",11,https://stac.dataspace.copernicus.eu/v1/collections/sentinel-1-grd/items/S1B_IW_GRDH_1SDV_20200524T052633_20200524T052658_021719_029398_2276_COG
S1B_IW_GRDH_1SDV_20200524T052650_20200524T052715_021719_029398_9080_COG,OK,CACHE,0,sentinel-1b,2020-05-24T05:26:50.978561Z,2020-05-24T05:27:15.976663Z,IW,VV|VH,descending,168,21719,,L1,"[8.360182, 43.788914, 11.959236, 45.686253]",11,https://stac.dataspace.copernicus.eu/v1/collections/sentinel-1-grd/items/S1B_IW_GRDH_1SDV_20200524T052650_20200524T052715_021719_029398_9080_COG
S1B_IW_GRDH_1SDV_20200524T052658_20200524T052723_021719_029398_99F9_COG,OK,CACHE,0,sentinel-1b,2020-05-24T05:26:58.501592Z,2020-05-24T05:27:23.500192Z,IW,VV|VH,descending,168,21719,,L1,"[8.225484, 43.337532, 11.834262, 45.239418]",11,https://stac.dataspace.copernicus.eu/v1/collections/sentinel-1-grd/items/S1B_IW_GRDH_1SDV_20200524T052658_20200524T052723_021719_029398_99F9_COG
S1B_IW_GRDH_1SDV_20200525T171404_20200525T171429_021741_029439_203E_COG,OK,CACHE,0,sentinel-1b,2020-05-25T17:14:04.272431Z,2020-05-25T17:14:29.270796Z,IW,VV|VH,ascending,15,21741,,L1,"[7.911757, 43.593586, 11.567603, 45.501652]",11,https://stac.dataspace.copernicus.eu/v1/collections/sentinel-1-grd/items/S1B_IW_GRDH_1SDV_20200525T171404_20200525T171429_021741_029439_203E_COG
S1B_IW_GRDH_1SDV_20200525T171404_20200525T171429_021741_029439_6C02_COG,OK,CACHE,0,sentinel-1b,2020-05-25T17:14:04.272431Z,2020-05-25T17:14:29.270796Z,IW,VV|VH,ascending,15,21741,,L1,"[7.911757, 43.593586, 11.567603, 45.501652]",11,https://stac.dataspace.copernicus.eu/v1/collections/sentinel-1-grd/items/S1B_IW_GRDH_1SDV_20200525T171404_20200525T171429_021741_029439_6C02_COG
S1B_IW_GRDH_1SDV_20200525T171429_20200525T171454_021741_029439_9B9D_COG,OK,CACHE,0,sentinel-1b,2020-05-25T17:14:29.272294Z,2020-05-25T17:14:54.270660Z,IW,VV|VH,ascending,15,21741,,L1,"[7.517628, 45.093056, 11.243577, 47.003223]",11,https://stac.dataspace.copernicus.eu/v1/collections/sentinel-1-grd/items/S1B_IW_GRDH_1SDV_20200525T171429_20200525T171454_021741_029439_9B9D_COG
S1B_IW_GRDH_1SDV_20200525T171429_20200525T171454_021741_029439_FBB1_COG,OK,CACHE,0,sentinel-1b,2020-05-25T17:14:29.272294Z,2020-05-25T17:14:54.270660Z,IW,VV|VH,ascending,15,21741,,L1,"[7.517628, 45.093056, 11.243578, 47.003223]",11,https://stac.dataspace.copernicus.eu/v1/collections/sentinel-1-grd/items/S1B_IW_GRDH_1SDV_20200525T171429_20200525T171454_021741_029439_FBB1_COG
S1B_IW_GRDH_1SDV_20200529T053445_20200529T053510_021792_0295D0_2094_COG,OK,CACHE,0,sentinel-1b,2020-05-29T05:34:45.026595Z,2020-05-29T05:35:10.025538Z,IW,VV|VH,descending,66,21792,,L1,"[6.576428, 44.99366, 10.194035, 46.894596]",11,https://stac.dataspace.copernicus.eu/v1/collections/sentinel-1-grd/items/S1B_IW_GRDH_1SDV_20200529T053445_20200529T053510_021792_0295D0_2094_COG
S1B_IW_GRDH_1SDV_20200529T053452_20200529T053517_021792_0295D0_FD31_COG,OK,CACHE,0,sentinel-1b,2020-05-29T05:34:52.521533Z,2020-05-29T05:35:17.518992Z,IW,VV|VH,descending,66,21792,,L1,"[6.418858, 44.545971, 10.085304, 46.448578]",11,https://stac.dataspace.copernicus.eu/v1/collections/sentinel-1-grd/items/S1B_IW_GRDH_1SDV_20200529T053452_20200529T053517_021792_0295D0_FD31_COG
S1B_IW_GRDH_1SDV_20200529T053510_20200529T053535_021792_0295D0_1E7A_COG,OK,CACHE,0,sentinel-1b,2020-05-29T05:35:10.027040Z,2020-05-29T05:35:35.024484Z,IW,VV|VH,descending,66,21792,,L1,"[6.25034, 43.494465, 9.815183, 45.391571]",11,https://stac.dataspace.copernicus.eu/v1/collections/sentinel-1-grd/items/S1B_IW_GRDH_1SDV_20200529T053510_20200529T053535_021792_0295D0_1E7A_COG
S1B_IW_GRDH_1SDV_20200530T172216_20200530T172241_021814_029680_2413_COG,OK,CACHE,0,sentinel-1b,2020-05-30T17:22:16.335450Z,2020-05-30T17:22:41.333481Z,IW,VV|VH,ascending,88,21814,,L1,"[5.927982, 43.472328, 9.493187, 45.379475]",11,https://stac.dataspace.copernicus.eu/v1/collections/sentinel-1-grd/items/S1B_IW_GRDH_1SDV_20200530T172216_20200530T172241_021814_029680_2413_COG
S1B_IW_GRDH_1SDV_20200530T172216_20200530T172241_021814_029680_5DF4_COG,OK,CACHE,0,sentinel-1b,2020-05-30T17:22:16.335451Z,2020-05-30T17:22:41.333482Z,IW,VV|VH,ascending,88,21814,,L1,"[5.927981, 43.472328, 9.493187, 45.379475]",11,https://stac.dataspace.copernicus.eu/v1/collections/sentinel-1-grd/items/S1B_IW_GRDH_1SDV_20200530T172216_20200530T172241_021814_029680_5DF4_COG
S1B_IW_GRDH_1SDV_20200530T172241_20200530T172306_021814_029680_25FE_COG,OK,CACHE,0,sentinel-1b,2020-05-30T17:22:41.334978Z,2020-05-30T17:23:06.334506Z,IW,VV|VH,ascending,88,21814,,L1,"[5.474861, 44.977085, 9.205993, 46.874908]",11,https://stac.dataspace.copernicus.eu/v1/collections/sentinel-1-grd/items/S1B_IW_GRDH_1SDV_20200530T172241_20200530T172306_021814_029680_25FE_COG
S1B_IW_GRDH_1SDV_20200530T172241_20200530T172306_021814_029680_5AC2_COG,OK,CACHE,0,sentinel-1b,2020-05-30T17:22:41.334979Z,2020-05-30T17:23:06.334507Z,IW,VV|VH,ascending,88,21814,,L1,"[5.474861, 44.977085, 9.205993, 46.874908]",11,https://stac.dataspace.copernicus.eu/v1/collections/sentinel-1-grd/items/S1B_IW_GRDH_1SDV_20200530T172241_20200530T172306_021814_029680_5AC2_COG
S1B_IW_GRDH_1SDV_20200605T052634_20200605T052659_021894_0298D7_3A24_COG,OK,CACHE,0,sentinel-1b,2020-06-05T05:26:34.324058Z,2020-06-05T05:26:59.323222Z,IW,VV|VH,descending,168,21894,,L1,"[8.556172, 44.836731, 12.220399, 46.740719]",11,https://stac.dataspace.copernicus.eu/v1/collections/sentinel-1-grd/items/S1B_IW_GRDH_1SDV_20200605T052634_20200605T052659_021894_0298D7_3A24_COG
S1B_IW_GRDH_1SDV_20200605T052634_20200605T052659_021894_0298D7_B95D_COG,OK,CACHE,0,sentinel-1b,2020-06-05T05:26:34.324059Z,2020-06-05T05:26:59.323223Z,IW,VV|VH,descending,168,21894,,L1,"[8.556172, 44.836731, 12.220399, 46.740719]",11,https://stac.dataspace.copernicus.eu/v1/collections/sentinel-1-grd/items/S1B_IW_GRDH_1SDV_20200605T052634_20200605T052659_021894_0298D7_B95D_COG
S1B_IW_GRDH_1SDV_20200605T052659_20200605T052724_021894_0298D7_EEF8_COG,OK,CACHE,0,sentinel-1b,2020-06-05T05:26:59.324724Z,2020-06-05T05:27:24.322387Z,IW,VV|VH,descending,168,21894,,L1,"[8.22586, 43.338211, 11.828385, 45.239185]",11,https://stac.dataspace.copernicus.eu/v1/collections/sentinel-1-grd/items/S1B_IW_GRDH_1SDV_20200605T052659_20200605T052724_021894_0298D7_EEF8_COG
S1B_IW_GRDH_1SDV_20200605T052659_20200605T052724_021894_0298D7_FC65_COG,OK,CACHE,0,sentinel-1b,2020-06-05T05:26:59.324723Z,2020-06-05T05:27:24.322386Z,IW,VV|VH,descending,168,21894,,L1,"[8.225859, 43.338207, 11.828385, 45.239185]",11,https://stac.dataspace.copernicus.eu/v1/collections/sentinel-1-grd/items/S1B_IW_GRDH_1SDV_20200605T052659_20200605T052724_021894_0298D7_FC65_COG
S1B_IW_GRDH_1SDV_20200606T171405_20200606T171430_021916_02997C_11A1_COG,OK,CACHE,0,sentinel-1b,2020-06-06T17:14:05.064217Z,2020-06-06T17:14:30.064010Z,IW,VV|VH,ascending,15,21916,,L1,"[7.912811, 43.5937, 11.568645, 45.501793]",11,https://stac.dataspace.copernicus.eu/v1/collections/sentinel-1-grd/items/S1B_IW_GRDH_1SDV_20200606T171405_20200606T171430_021916_02997C_11A1_COG
S1B_IW_GRDH_1SDV_20200606T171405_20200606T171430_021916_02997C_BEF1_COG,OK,CACHE,0,sentinel-1b,2020-06-06T17:14:05.064216Z,2020-06-06T17:14:30.064009Z,IW,VV|VH,ascending,15,21916,,L1,"[7.912811, 43.5937, 11.568645, 45.501793]",11,https://stac.dataspace.copernicus.eu/v1/collections/sentinel-1-grd/items/S1B_IW_GRDH_1SDV_20200606T171405_20200606T171430_021916_02997C_BEF1_COG
S1B_IW_GRDH_1SDV_20200606T171430_20200606T171455_021916_02997C_8BAF_COG,OK,CACHE,0,sentinel-1b,2020-06-06T17:14:30.065506Z,2020-06-06T17:14:55.063801Z,IW,VV|VH,ascending,15,21916,,L1,"[7.518739, 45.093266, 11.244532, 47.003353]",11,https://stac.dataspace.copernicus.eu/v1/collections/sentinel-1-grd/items/S1B_IW_GRDH_1SDV_20200606T171430_20200606T171455_021916_02997C_8BAF_COG
S1B_IW_GRDH_1SDV_20200606T171430_20200606T171455_021916_02997C_9B3D_COG,OK,CACHE,0,sentinel-1b,2020-06-06T17:14:30.065507Z,2020-06-06T17:14:55.063802Z,IW,VV|VH,ascending,15,21916,,L1,"[7.518739, 45.093266, 11.244532, 47.003353]",11,https://stac.dataspace.copernicus.eu/v1/collections/sentinel-1-grd/items/S1B_IW_GRDH_1SDV_20200606T171430_20200606T171455_021916_02997C_9B3D_COG
S1B_IW_GRDH_1SDV_20200610T053445_20200610T053510_021967_029B0E_BC93_COG,OK,CACHE,0,sentinel-1b,2020-06-10T05:34:45.100202Z,2020-06-10T05:35:10.097692Z,IW,VV|VH,descending,66,21967,,L1,"[6.584719, 45.032288, 10.207245, 46.932758]",11,https://stac.dataspace.copernicus.eu/v1/collections/sentinel-1-grd/items/S1B_IW_GRDH_1SDV_20200610T053445_20200610T053510_021967_029B0E_BC93_COG
S1B_IW_GRDH_1SDV_20200610T053453_20200610T053518_021967_029B0E_BD0A_COG,OK,CACHE,0,sentinel-1b,2020-06-10T05:34:53.237356Z,2020-06-10T05:35:18.236353Z,IW,VV|VH,descending,66,21967,,L1,"[6.418122, 44.545956, 10.084806, 46.448582]",11,https://stac.dataspace.copernicus.eu/v1/collections/sentinel-1-grd/items/S1B_IW_GRDH_1SDV_20200610T053453_20200610T053518_021967_029B0E_BD0A_COG
S1B_IW_GRDH_1SDV_20200610T053510_20200610T053535_021967_029B0E_E1FE_COG,OK,CACHE,0,sentinel-1b,2020-06-10T05:35:10.099191Z,2020-06-10T05:35:35.098179Z,IW,VV|VH,descending,66,21967,,L1,"[6.257973, 43.533058, 9.825422, 45.430149]",11,https://stac.dataspace.copernicus.eu/v1/collections/sentinel-1-grd/items/S1B_IW_GRDH_1SDV_20200610T053510_20200610T053535_021967_029B0E_E1FE_COG
S1B_IW_GRDH_1SDV_20200617T052626_20200617T052651_022069_029E24_E519_COG,OK,CACHE,0,sentinel-1b,2020-06-17T05:26:26.627880Z,2020-06-17T05:26:51.625941Z,IW,VV|VH,descending,168,22069,,L1,"[8.701255, 45.330025, 12.353512, 47.231617]",11,https://stac.dataspace.copernicus.eu/v1/collections/sentinel-1-grd/items/S1B_IW_GRDH_1SDV_20200617T052626_20200617T052651_022069_029E24_E519_COG
S1B_IW_GRDH_1SDV_20200617T052634_20200617T052659_022069_029E24_B6EA_COG,OK,CACHE,0,sentinel-1b,2020-06-17T05:26:34.864754Z,2020-06-17T05:26:59.863320Z,IW,VV|VH,descending,168,22069,,L1,"[8.555294, 44.836067, 12.225609, 46.740826]",11,https://stac.dataspace.copernicus.eu/v1/collections/sentinel-1-grd/items/S1B_IW_GRDH_1SDV_20200617T052634_20200617T052659_022069_029E24_B6EA_COG
S1B_IW_GRDH_1SDV_20200617T052651_20200617T052716_022069_029E24_1BA6_COG,OK,CACHE,0,sentinel-1b,2020-06-17T05:26:51.627441Z,2020-06-17T05:27:16.627001Z,IW,VV|VH,descending,168,22069,,L1,"[8.364777, 43.832203, 11.969698, 45.729137]",11,https://stac.dataspace.copernicus.eu/v1/collections/sentinel-1-grd/items/S1B_IW_GRDH_1SDV_20200617T052651_20200617T052716_022069_029E24_1BA6_COG
S1B_IW_GRDH_1SDV_20200617T052659_20200617T052724_022069_029E24_A31E_COG,OK,CACHE,0,sentinel-1b,2020-06-17T05:26:59.864821Z,2020-06-17T05:27:24.863387Z,IW,VV|VH,descending,168,22069,,L1,"[8.224846, 43.337494, 11.833481, 45.239338]",11,https://stac.dataspace.copernicus.eu/v1/collections/sentinel-1-grd/items/S1B_IW_GRDH_1SDV_20200617T052659_20200617T052724_022069_029E24_A31E_COG
S1B_IW_GRDH_1SDV_20200622T053446_20200622T053511_022142_02A063_B797_COG,OK,CACHE,0,sentinel-1b,2020-06-22T05:34:46.034286Z,2020-06-22T05:35:11.031760Z,IW,VV|VH,descending,66,22142,,L1,"[6.578857, 45.008801, 10.198034, 46.909336]",11,https://stac.dataspace.copernicus.eu/v1/collections/sentinel-1-grd/items/S1B_IW_GRDH_1SDV_20200622T053446_20200622T053511_022142_02A063_B797_COG
S1B_IW_GRDH_1SDV_20200622T053453_20200622T053518_022142_02A063_2A05_COG,OK,CACHE,0,sentinel-1b,2020-06-22T05:34:53.778646Z,2020-06-22T05:35:18.777628Z,IW,VV|VH,descending,66,22142,,L1,"[6.417519, 44.545998, 10.08418, 46.448586]",11,https://stac.dataspace.copernicus.eu/v1/collections/sentinel-1-grd/items/S1B_IW_GRDH_1SDV_20200622T053453_20200622T053518_022142_02A063_2A05_COG
S1B_IW_GRDH_1SDV_20200622T053511_20200622T053536_022142_02A063_52FE_COG,OK,CACHE,0,sentinel-1b,2020-06-22T05:35:11.033260Z,2020-06-22T05:35:36.032234Z,IW,VV|VH,descending,66,22142,,L1,"[6.252303, 43.509533, 9.818144, 45.406612]",11,https://stac.dataspace.copernicus.eu/v1/collections/sentinel-1-grd/items/S1B_IW_GRDH_1SDV_20200622T053511_20200622T053536_022142_02A063_52FE_COG
S1B_IW_GRDH_1SDV_20200629T052627_20200629T052652_022244_02A37D_4350_COG,OK,CACHE,0,sentinel-1b,2020-06-29T05:26:27.996928Z,2020-06-29T05:26:52.994988Z,IW,VV|VH,descending,168,22244,,L1,"[8.694386, 45.287544, 12.3478, 47.188831]",11,https://stac.dataspace.copernicus.eu/v1/collections/sentinel-1-grd/items/S1B_IW_GRDH_1SDV_20200629T052627_20200629T052652_022244_02A37D_4350_COG
S1B_IW_GRDH_1SDV_20200629T052635_20200629T052700_022244_02A37D_9D6D_COG,OK,CACHE,0,sentinel-1b,2020-06-29T05:26:35.528371Z,2020-06-29T05:27:00.526939Z,IW,VV|VH,descending,168,22244,,L1,"[8.556531, 44.835972, 12.226882, 46.740784]",11,https://stac.dataspace.copernicus.eu/v1/collections/sentinel-1-grd/items/S1B_IW_GRDH_1SDV_20200629T052635_20200629T052700_022244_02A37D_9D6D_COG
S1B_IW_GRDH_1SDV_20200629T052652_20200629T052717_022244_02A37D_C0FB_COG,OK,CACHE,0,sentinel-1b,2020-06-29T05:26:52.996488Z,2020-06-29T05:27:17.996048Z,IW,VV|VH,descending,168,22244,,L1,"[8.360686, 43.789238, 11.959825, 45.68668]",11,https://stac.dataspace.copernicus.eu/v1/collections/sentinel-1-grd/items/S1B_IW_GRDH_1SDV_20200629T052652_20200629T052717_022244_02A37D_C0FB_COG
S1B_IW_GRDH_1SDV_20200629T052700_20200629T052725_022244_02A37D_5820_COG,OK,CACHE,0,sentinel-1b,2020-06-29T05:27:00.528439Z,2020-06-29T05:27:25.527008Z,IW,VV|VH,descending,168,22244,,L1,"[8.22603, 43.337406, 11.8347, 45.2393]",11,https://stac.dataspace.copernicus.eu/v1/collections/sentinel-1-grd/items/S1B_IW_GRDH_1SDV_20200629T052700_20200629T052725_022244_02A37D_5820_COG
S1B_IW_GRDH_1SDV_20200630T171406_20200630T171431_022266_02A428_2C2B_COG,OK,CACHE,0,sentinel-1b,2020-06-30T17:14:06.199443Z,2020-06-30T17:14:31.197865Z,IW,VV|VH,ascending,15,22266,,L1,"[7.912074, 43.593521, 11.568035, 45.501595]",11,https://stac.dataspace.copernicus.eu/v1/collections/sentinel-1-grd/items/S1B_IW_GRDH_1SDV_20200630T171406_20200630T171431_022266_02A428_2C2B_COG
S1B_IW_GRDH_1SDV_20200630T171406_20200630T171431_022266_02A428_AFC9_COG,OK,CACHE,0,sentinel-1b,2020-06-30T17:14:06.199442Z,2020-06-30T17:14:31.197863Z,IW,VV|VH,ascending,15,22266,,L1,"[7.912074, 43.593521, 11.568035, 45.501595]",11,https://stac.dataspace.copernicus.eu/v1/collections/sentinel-1-grd/items/S1B_IW_GRDH_1SDV_20200630T171406_20200630T171431_022266_02A428_AFC9_COG
S1B_IW_GRDH_1SDV_20200630T171431_20200630T171456_022266_02A428_0E08_COG,OK,CACHE,0,sentinel-1b,2020-06-30T17:14:31.199361Z,2020-06-30T17:14:56.197783Z,IW,VV|VH,ascending,15,22266,,L1,"[7.517952, 45.092987, 11.243891, 47.003151]",11,https://stac.dataspace.copernicus.eu/v1/collections/sentinel-1-grd/items/S1B_IW_GRDH_1SDV_20200630T171431_20200630T171456_022266_02A428_0E08_COG
S1B_IW_GRDH_1SDV_20200630T171431_20200630T171456_022266_02A428_9FA4_COG,OK,CACHE,0,sentinel-1b,2020-06-30T17:14:31.199363Z,2020-06-30T17:14:56.197785Z,IW,VV|VH,ascending,15,22266,,L1,"[7.517952, 45.092987, 11.243891, 47.003151]",11,https://stac.dataspace.copernicus.eu/v1/collections/sentinel-1-grd/items/S1B_IW_GRDH_1SDV_20200630T171431_20200630T171456_022266_02A428_9FA4_COG
S1B_IW_GRDH_1SDV_20200704T053445_20200704T053510_022317_02A5BA_B9B3_COG,OK,CACHE,0,sentinel-1b,2020-07-04T05:34:45.903183Z,2020-07-04T05:35:10.902094Z,IW,VV|VH,descending,66,22317,,L1,"[6.588903, 45.053829, 10.214478, 46.95425]",11,https://stac.dataspace.copernicus.eu/v1/collections/sentinel-1-grd/items/S1B_IW_GRDH_1SDV_20200704T053445_20200704T053510_022317_02A5BA_B9B3_COG
S1B_IW_GRDH_1SDV_20200704T053454_20200704T053519_022317_02A5BA_E9AF_COG,OK,CACHE,0,sentinel-1b,2020-07-04T05:34:54.401331Z,2020-07-04T05:35:19.400260Z,IW,VV|VH,descending,66,22317,,L1,"[6.417516, 44.545959, 10.084169, 46.44854]",11,https://stac.dataspace.copernicus.eu/v1/collections/sentinel-1-grd/items/S1B_IW_GRDH_1SDV_20200704T053454_20200704T053519_022317_02A5BA_E9AF_COG
S1B_IW_GRDH_1SDV_20200704T053510_20200704T053535_022317_02A5BA_DF44_COG,OK,CACHE,0,sentinel-1b,2020-07-04T05:35:10.903591Z,2020-07-04T05:35:35.901003Z,IW,VV|VH,descending,66,22317,,L1,"[6.262195, 43.554714, 9.830924, 45.451641]",11,https://stac.dataspace.copernicus.eu/v1/collections/sentinel-1-grd/items/S1B_IW_GRDH_1SDV_20200704T053510_20200704T053535_022317_02A5BA_DF44_COG
S1B_IW_GRDH_1SDV_20200705T172229_20200705T172254_022339_02A669_58B0_COG,OK,CACHE,0,sentinel-1b,2020-07-05T17:22:29.093567Z,2020-07-05T17:22:54.091939Z,IW,VV|VH,ascending,88,22339,,L1,"[5.734963, 44.128674, 9.383235, 46.02832]",11,https://stac.dataspace.copernicus.eu/v1/collections/sentinel-1-grd/items/S1B_IW_GRDH_1SDV_20200705T172229_20200705T172254_022339_02A669_58B0_COG
S1B_IW_GRDH_1SDV_20200705T172229_20200705T172254_022339_02A669_8959_COG,OK,CACHE,0,sentinel-1b,2020-07-05T17:22:29.093564Z,2020-07-05T17:22:54.091937Z,IW,VV|VH,ascending,88,22339,,L1,"[5.734963, 44.128674, 9.383235, 46.02832]",11,https://stac.dataspace.copernicus.eu/v1/collections/sentinel-1-grd/items/S1B_IW_GRDH_1SDV_20200705T172229_20200705T172254_022339_02A669_8959_COG
S1B_IW_GRDH_1SDV_20200711T052628_20200711T052653_022419_02A8D0_DFAF_COG,OK,CACHE,0,sentinel-1b,2020-07-11T05:26:28.913870Z,2020-07-11T05:26:53.913385Z,IW,VV|VH,descending,168,22419,,L1,"[8.69204, 45.278221, 12.34602, 47.179535]",11,https://stac.dataspace.copernicus.eu/v1/collections/sentinel-1-grd/items/S1B_IW_GRDH_1SDV_20200711T052628_20200711T052653_022419_02A8D0_DFAF_COG
S1B_IW_GRDH_1SDV_20200711T052636_20200711T052701_022419_02A8D0_129B_COG,OK,CACHE,0,sentinel-1b,2020-07-11T05:26:36.291365Z,2020-07-11T05:27:01.289890Z,IW,VV|VH,descending,168,22419,,L1,"[8.55617, 44.835979, 12.226519, 46.740784]",11,https://stac.dataspace.copernicus.eu/v1/collections/sentinel-1-grd/items/S1B_IW_GRDH_1SDV_20200711T052636_20200711T052701_022419_02A8D0_129B_COG
S1B_IW_GRDH_1SDV_20200711T052653_20200711T052718_022419_02A8D0_2E55_COG,OK,CACHE,0,sentinel-1b,2020-07-11T05:26:53.914886Z,2020-07-11T05:27:18.912902Z,IW,VV|VH,descending,168,22419,,L1,"[8.358887, 43.779881, 11.956982, 45.677357]",11,https://stac.dataspace.copernicus.eu/v1/collections/sentinel-1-grd/items/S1B_IW_GRDH_1SDV_20200711T052653_20200711T052718_022419_02A8D0_2E55_COG
S1B_IW_GRDH_1SDV_20200711T052701_20200711T052726_022419_02A8D0_AEAF_COG,OK,CACHE,0,sentinel-1b,2020-07-11T05:27:01.291340Z,2020-07-11T05:27:26.289863Z,IW,VV|VH,descending,168,22419,,L1,"[8.2258, 43.337418, 11.834342, 45.239288]",11,https://stac.dataspace.copernicus.eu/v1/collections/sentinel-1-grd/items/S1B_IW_GRDH_1SDV_20200711T052701_20200711T052726_022419_02A8D0_AEAF_COG
S1B_IW_GRDH_1SDV_20200712T171407_20200712T171431_022441_02A977_2B36_COG,OK,CACHE,0,sentinel-1b,2020-07-12T17:14:07.000655Z,2020-07-12T17:14:31.999086Z,IW,VV|VH,ascending,15,22441,,L1,"[7.911258, 43.593483, 11.567105, 45.501568]",11,https://stac.dataspace.copernicus.eu/v1/collections/sentinel-1-grd/items/S1B_IW_GRDH_1SDV_20200712T171407_20200712T171431_022441_02A977_2B36_COG
S1B_IW_GRDH_1SDV_20200712T171407_20200712T171431_022441_02A977_56E1_COG,OK,CACHE,0,sentinel-1b,2020-07-12T17:14:07.000654Z,2020-07-12T17:14:31.999085Z,IW,VV|VH,ascending,15,22441,,L1,"[7.911259, 43.593483, 11.567106, 45.501568]",11,https://stac.dataspace.copernicus.eu/v1/collections/sentinel-1-grd/items/S1B_IW_GRDH_1SDV_20200712T171407_20200712T171431_022441_02A977_56E1_COG
S1B_IW_GRDH_1SDV_20200712T171432_20200712T171456_022441_02A977_1D82_COG,OK,CACHE,0,sentinel-1b,2020-07-12T17:14:32.000582Z,2020-07-12T17:14:56.999013Z,IW,VV|VH,ascending,15,22441,,L1,"[7.517118, 45.092953, 11.243068, 47.003139]",11,https://stac.dataspace.copernicus.eu/v1/collections/sentinel-1-grd/items/S1B_IW_GRDH_1SDV_20200712T171432_20200712T171456_022441_02A977_1D82_COG
S1B_IW_GRDH_1SDV_20200712T171432_20200712T171456_022441_02A977_675E_COG,OK,CACHE,0,sentinel-1b,2020-07-12T17:14:32.000584Z,2020-07-12T17:14:56.999015Z,IW,VV|VH,ascending,15,22441,,L1,"[7.517117, 45.092953, 11.243068, 47.003139]",11,https://stac.dataspace.copernicus.eu/v1/collections/sentinel-1-grd/items/S1B_IW_GRDH_1SDV_20200712T171432_20200712T171456_022441_02A977_675E_COG
S1B_IW_GRDH_1SDV_20200716T053446_20200716T053511_022492_02AB06_1455_COG,OK,CACHE,0,sentinel-1b,2020-07-16T05:34:46.988062Z,2020-07-16T05:35:11.985533Z,IW,VV|VH,descending,66,22492,,L1,"[6.584558, 45.029762, 10.206748, 46.930252]",11,https://stac.dataspace.copernicus.eu/v1/collections/sentinel-1-grd/items/S1B_IW_GRDH_1SDV_20200716T053446_20200716T053511_022492_02AB06_1455_COG
S1B_IW_GRDH_1SDV_20200716T053455_20200716T053520_022492_02AB06_34E9_COG,OK,CACHE,0,sentinel-1b,2020-07-16T05:34:55.084288Z,2020-07-16T05:35:20.083261Z,IW,VV|VH,descending,66,22492,,L1,"[6.418511, 44.545883, 10.084945, 46.448547]",11,https://stac.dataspace.copernicus.eu/v1/collections/sentinel-1-grd/items/S1B_IW_GRDH_1SDV_20200716T053455_20200716T053520_022492_02AB06_34E9_COG
S1B_IW_GRDH_1SDV_20200716T053511_20200716T053536_022492_02AB06_E10B_COG,OK,CACHE,0,sentinel-1b,2020-07-16T05:35:11.987033Z,2020-07-16T05:35:36.986002Z,IW,VV|VH,descending,66,22492,,L1,"[6.257822, 43.530529, 9.825106, 45.427635]",11,https://stac.dataspace.copernicus.eu/v1/collections/sentinel-1-grd/items/S1B_IW_GRDH_1SDV_20200716T053511_20200716T053536_022492_02AB06_E10B_COG
S1B_IW_GRDH_1SDV_20200717T172229_20200717T172254_022514_02ABB6_6316_COG,OK,CACHE,0,sentinel-1b,2020-07-17T17:22:29.773790Z,2020-07-17T17:22:54.773568Z,IW,VV|VH,ascending,88,22514,,L1,"[5.734306, 44.128723, 9.382623, 46.028484]",11,https://stac.dataspace.copernicus.eu/v1/collections/sentinel-1-grd/items/S1B_IW_GRDH_1SDV_20200717T172229_20200717T172254_022514_02ABB6_6316_COG
S1B_IW_GRDH_1SDV_20200717T172229_20200717T172254_022514_02ABB6_8638_COG,OK,CACHE,0,sentinel-1b,2020-07-17T17:22:29.773789Z,2020-07-17T17:22:54.773567Z,IW,VV|VH,ascending,88,22514,,L1,"[5.734306, 44.128727, 9.382623, 46.028488]",11,https://stac.dataspace.copernicus.eu/v1/collections/sentinel-1-grd/items/S1B_IW_GRDH_1SDV_20200717T172229_20200717T172254_022514_02ABB6_8638_COG
S1B_IW_GRDH_1SDV_20200723T052628_20200723T052653_022594_02AE21_7D1E_COG,OK,CACHE,0,sentinel-1b,2020-07-23T05:26:28.953970Z,2020-07-23T05:26:53.952097Z,IW,VV|VH,descending,168,22594,,L1,"[8.699097, 45.313431, 12.351013, 47.214825]",11,https://stac.dataspace.copernicus.eu/v1/collections/sentinel-1-grd/items/S1B_IW_GRDH_1SDV_20200723T052628_20200723T052653_022594_02AE21_7D1E_COG
S1B_IW_GRDH_1SDV_20200723T052636_20200723T052701_022594_02AE21_E825_COG,OK,CACHE,0,sentinel-1b,2020-07-23T05:26:36.915445Z,2020-07-23T05:27:01.914066Z,IW,VV|VH,descending,168,22594,,L1,"[8.555777, 44.836037, 12.226199, 46.740803]",11,https://stac.dataspace.copernicus.eu/v1/collections/sentinel-1-grd/items/S1B_IW_GRDH_1SDV_20200723T052636_20200723T052701_022594_02AE21_E825_COG
S1B_IW_GRDH_1SDV_20200723T052653_20200723T052718_022594_02AE21_77D7_COG,OK,CACHE,0,sentinel-1b,2020-07-23T05:26:53.953596Z,2020-07-23T05:27:18.951723Z,IW,VV|VH,descending,168,22594,,L1,"[8.364021, 43.815556, 11.966062, 45.712498]",11,https://stac.dataspace.copernicus.eu/v1/collections/sentinel-1-grd/items/S1B_IW_GRDH_1SDV_20200723T052653_20200723T052718_022594_02AE21_77D7_COG
S1B_IW_GRDH_1SDV_20200723T052701_20200723T052726_022594_02AE21_2758_COG,OK,CACHE,0,sentinel-1b,2020-07-23T05:27:01.915566Z,2020-07-23T05:27:26.914187Z,IW,VV|VH,descending,168,22594,,L1,"[8.225346, 43.337467, 11.834088, 45.239315]",11,https://stac.dataspace.copernicus.eu/v1/collections/sentinel-1-grd/items/S1B_IW_GRDH_1SDV_20200723T052701_20200723T052726_022594_02AE21_2758_COG
S1B_IW_GRDH_1SDV_20200724T171407_20200724T171432_022616_02AEC5_3067_COG,OK,CACHE,0,sentinel-1b,2020-07-24T17:14:07.700468Z,2020-07-24T17:14:32.698774Z,IW,VV|VH,ascending,15,22616,,L1,"[7.91258, 43.593719, 11.568413, 45.501751]",11,https://stac.dataspace.copernicus.eu/v1/collections/sentinel-1-grd/items/S1B_IW_GRDH_1SDV_20200724T171407_20200724T171432_022616_02AEC5_3067_COG
S1B_IW_GRDH_1SDV_20200724T171407_20200724T171432_022616_02AEC5_A096_COG,OK,CACHE,0,sentinel-1b,2020-07-24T17:14:07.700469Z,2020-07-24T17:14:32.698774Z,IW,VV|VH,ascending,15,22616,,L1,"[7.91258, 43.593719, 11.568413, 45.501751]",11,https://stac.dataspace.copernicus.eu/v1/collections/sentinel-1-grd/items/S1B_IW_GRDH_1SDV_20200724T171407_20200724T171432_022616_02AEC5_A096_COG
S1B_IW_GRDH_1SDV_20200724T171432_20200724T171457_022616_02AEC5_3918_COG,OK,CACHE,0,sentinel-1b,2020-07-24T17:14:32.700272Z,2020-07-24T17:14:57.700075Z,IW,VV|VH,ascending,15,22616,,L1,"[7.518452, 45.093193, 11.244415, 47.003414]",11,https://stac.dataspace.copernicus.eu/v1/collections/sentinel-1-grd/items/S1B_IW_GRDH_1SDV_20200724T171432_20200724T171457_022616_02AEC5_3918_COG
S1B_IW_GRDH_1SDV_20200724T171432_20200724T171457_022616_02AEC5_75DA_COG,OK,CACHE,0,sentinel-1b,2020-07-24T17:14:32.700271Z,2020-07-24T17:14:57.700075Z,IW,VV|VH,ascending,15,22616,,L1,"[7.518452, 45.093193, 11.244415, 47.003414]",11,https://stac.dataspace.copernicus.eu/v1/collections/sentinel-1-grd/items/S1B_IW_GRDH_1SDV_20200724T171432_20200724T171457_022616_02AEC5_75DA_COG
S1B_IW_GRDH_1SDV_20200728T053447_20200728T053512_022667_02B05D_E9CE_COG,OK,CACHE,0,sentinel-1b,2020-07-28T05:34:47.782881Z,2020-07-28T05:35:12.780369Z,IW,VV|VH,descending,66,22667,,L1,"[6.585371, 45.036049, 10.208452, 46.936527]",11,https://stac.dataspace.copernicus.eu/v1/collections/sentinel-1-grd/items/S1B_IW_GRDH_1SDV_20200728T053447_20200728T053512_022667_02B05D_E9CE_COG
S1B_IW_GRDH_1SDV_20200728T053455_20200728T053520_022667_02B05D_50CE_COG,OK,CACHE,0,sentinel-1b,2020-07-28T05:34:55.985490Z,2020-07-28T05:35:20.984487Z,IW,VV|VH,descending,66,22667,,L1,"[6.417763, 44.545799, 10.08458, 46.44846]",11,https://stac.dataspace.copernicus.eu/v1/collections/sentinel-1-grd/items/S1B_IW_GRDH_1SDV_20200728T053455_20200728T053520_022667_02B05D_50CE_COG
S1B_IW_GRDH_1SDV_20200728T053512_20200728T053537_022667_02B05D_05D2_COG,OK,CACHE,0,sentinel-1b,2020-07-28T05:35:12.781868Z,2020-07-28T05:35:37.780855Z,IW,VV|VH,descending,66,22667,,L1,"[6.258575, 43.536827, 9.826298, 45.433937]",11,https://stac.dataspace.copernicus.eu/v1/collections/sentinel-1-grd/items/S1B_IW_GRDH_1SDV_20200728T053512_20200728T053537_022667_02B05D_05D2_COG
S1B_IW_GRDH_1SDV_20200729T172230_20200729T172255_022689_02B10A_87CA_COG,OK,CACHE,0,sentinel-1b,2020-07-29T17:22:30.672956Z,2020-07-29T17:22:55.671289Z,IW,VV|VH,ascending,88,22689,,L1,"[5.732845, 44.128689, 9.381165, 46.028381]",11,https://stac.dataspace.copernicus.eu/v1/collections/sentinel-1-grd/items/S1B_IW_GRDH_1SDV_20200729T172230_20200729T172255_022689_02B10A_87CA_COG
S1B_IW_GRDH_1SDV_20200729T172230_20200729T172255_022689_02B10A_8CB5_COG,OK,CACHE,0,sentinel-1b,2020-07-29T17:22:30.672955Z,2020-07-29T17:22:55.671288Z,IW,VV|VH,ascending,88,22689,,L1,"[5.732845, 44.128689, 9.381166, 46.028381]",11,https://stac.dataspace.copernicus.eu/v1/collections/sentinel-1-grd/items/S1B_IW_GRDH_1SDV_20200729T172230_20200729T172255_022689_02B10A_8CB5_COG
S1B_IW_GRDH_1SDV_20200804T052629_20200804T052654_022769_02B36C_2A7D_COG,OK,CACHE,0,sentinel-1b,2020-08-04T05:26:29.792090Z,2020-08-04T05:26:54.790168Z,IW,VV|VH,descending,168,22769,,L1,"[8.698815, 45.317196, 12.350405, 47.218601]",11,https://stac.dataspace.copernicus.eu/v1/collections/sentinel-1-grd/items/S1B_IW_GRDH_1SDV_20200804T052629_20200804T052654_022769_02B36C_2A7D_COG
S1B_IW_GRDH_1SDV_20200804T052637_20200804T052702_022769_02B36C_7383_COG,OK,CACHE,0,sentinel-1b,2020-08-04T05:26:37.817550Z,2020-08-04T05:27:02.816132Z,IW,VV|VH,descending,168,22769,,L1,"[8.554545, 44.83596, 12.224975, 46.740726]",11,https://stac.dataspace.copernicus.eu/v1/collections/sentinel-1-grd/items/S1B_IW_GRDH_1SDV_20200804T052637_20200804T052702_022769_02B36C_7383_COG
S1B_IW_GRDH_1SDV_20200804T052654_20200804T052719_022769_02B36C_9ABE_COG,OK,CACHE,0,sentinel-1b,2020-08-04T05:26:54.791669Z,2020-08-04T05:27:19.791247Z,IW,VV|VH,descending,168,22769,,L1,"[8.363532, 43.819275, 11.965858, 45.716248]",11,https://stac.dataspace.copernicus.eu/v1/collections/sentinel-1-grd/items/S1B_IW_GRDH_1SDV_20200804T052654_20200804T052719_022769_02B36C_9ABE_COG
S1B_IW_GRDH_1SDV_20200804T052702_20200804T052727_022769_02B36C_28DE_COG,OK,CACHE,0,sentinel-1b,2020-08-04T05:27:02.817633Z,2020-08-04T05:27:27.814715Z,IW,VV|VH,descending,168,22769,,L1,"[8.224247, 43.337479, 11.832852, 45.239227]",11,https://stac.dataspace.copernicus.eu/v1/collections/sentinel-1-grd/items/S1B_IW_GRDH_1SDV_20200804T052702_20200804T052727_022769_02B36C_28DE_COG
S1B_IW_GRDH_1SDV_20200805T171408_20200805T171433_022791_02B417_442B_COG,OK,CACHE,0,sentinel-1b,2020-08-05T17:14:08.501570Z,2020-08-05T17:14:33.499962Z,IW,VV|VH,ascending,15,22791,,L1,"[7.911853, 43.593697, 11.567681, 45.501728]",11,https://stac.dataspace.copernicus.eu/v1/collections/sentinel-1-grd/items/S1B_IW_GRDH_1SDV_20200805T171408_20200805T171433_022791_02B417_442B_COG
S1B_IW_GRDH_1SDV_20200805T171408_20200805T171433_022791_02B417_5EF3_COG,OK,CACHE,0,sentinel-1b,2020-08-05T17:14:08.501571Z,2020-08-05T17:14:33.499963Z,IW,VV|VH,ascending,15,22791,,L1,"[7.911852, 43.593697, 11.56768, 45.501728]",11,https://stac.dataspace.copernicus.eu/v1/collections/sentinel-1-grd/items/S1B_IW_GRDH_1SDV_20200805T171408_20200805T171433_022791_02B417_5EF3_COG
S1B_IW_GRDH_1SDV_20200805T171433_20200805T171458_022791_02B417_3B4A_COG,OK,CACHE,0,sentinel-1b,2020-08-05T17:14:33.501459Z,2020-08-05T17:14:58.499851Z,IW,VV|VH,ascending,15,22791,,L1,"[7.517756, 45.093166, 11.243687, 47.0033]",11,https://stac.dataspace.copernicus.eu/v1/collections/sentinel-1-grd/items/S1B_IW_GRDH_1SDV_20200805T171433_20200805T171458_022791_02B417_3B4A_COG
S1B_IW_GRDH_1SDV_20200805T171433_20200805T171458_022791_02B417_5981_COG,OK,CACHE,0,sentinel-1b,2020-08-05T17:14:33.501460Z,2020-08-05T17:14:58.499852Z,IW,VV|VH,ascending,15,22791,,L1,"[7.517756, 45.093166, 11.243687, 47.0033]",11,https://stac.dataspace.copernicus.eu/v1/collections/sentinel-1-grd/items/S1B_IW_GRDH_1SDV_20200805T171433_20200805T171458_022791_02B417_5981_COG
S1B_IW_GRDH_1SDV_20200809T053449_20200809T053514_022842_02B5BB_E8F0_COG,OK,CACHE,0,sentinel-1b,2020-08-09T05:34:49.020857Z,2020-08-09T05:35:14.018311Z,IW,VV|VH,descending,66,22842,,L1,"[6.578396, 45.004963, 10.19708, 46.905582]",11,https://stac.dataspace.copernicus.eu/v1/collections/sentinel-1-grd/items/S1B_IW_GRDH_1SDV_20200809T053449_20200809T053514_022842_02B5BB_E8F0_COG
S1B_IW_GRDH_1SDV_20200809T053456_20200809T053521_022842_02B5BB_D36D_COG,OK,CACHE,0,sentinel-1b,2020-08-09T05:34:56.705410Z,2020-08-09T05:35:21.702883Z,IW,VV|VH,descending,66,22842,,L1,"[6.417843, 44.545834, 10.084523, 46.448399]",11,https://stac.dataspace.copernicus.eu/v1/collections/sentinel-1-grd/items/S1B_IW_GRDH_1SDV_20200809T053456_20200809T053521_022842_02B5BB_D36D_COG
S1B_IW_GRDH_1SDV_20200809T053514_20200809T053539_022842_02B5BB_D535_COG,OK,CACHE,0,sentinel-1b,2020-08-09T05:35:14.019807Z,2020-08-09T05:35:39.018760Z,IW,VV|VH,descending,66,22842,,L1,"[6.2518, 43.505699, 9.817435, 45.402843]",11,https://stac.dataspace.copernicus.eu/v1/collections/sentinel-1-grd/items/S1B_IW_GRDH_1SDV_20200809T053514_20200809T053539_022842_02B5BB_D535_COG
S1B_IW_GRDH_1SDV_20200810T172231_20200810T172256_022864_02B66E_03E3_COG,OK,CACHE,0,sentinel-1b,2020-08-10T17:22:31.362027Z,2020-08-10T17:22:56.360425Z,IW,VV|VH,ascending,88,22864,,L1,"[5.731957, 44.128559, 9.38042, 46.028309]",11,https://stac.dataspace.copernicus.eu/v1/collections/sentinel-1-grd/items/S1B_IW_GRDH_1SDV_20200810T172231_20200810T172256_022864_02B66E_03E3_COG
S1B_IW_GRDH_1SDV_20200810T172231_20200810T172256_022864_02B66E_4519_COG,OK,CACHE,0,sentinel-1b,2020-08-10T17:22:31.362026Z,2020-08-10T17:22:56.360425Z,IW,VV|VH,ascending,88,22864,,L1,"[5.731957, 44.128559, 9.38042, 46.028309]",11,https://stac.dataspace.copernicus.eu/v1/collections/sentinel-1-grd/items/S1B_IW_GRDH_1SDV_20200810T172231_20200810T172256_022864_02B66E_4519_COG
S1B_IW_GRDH_1SDV_20200816T052630_20200816T052655_022944_02B8D4_53D7_COG,OK,CACHE,0,sentinel-1b,2020-08-16T05:26:30.559497Z,2020-08-16T05:26:55.559015Z,IW,VV|VH,descending,168,22944,,L1,"[8.697957, 45.308571, 12.350124, 47.21006]",11,https://stac.dataspace.copernicus.eu/v1/collections/sentinel-1-grd/items/S1B_IW_GRDH_1SDV_20200816T052630_20200816T052655_022944_02B8D4_53D7_COG
S1B_IW_GRDH_1SDV_20200816T052638_20200816T052703_022944_02B8D4_F8DB_COG,OK,CACHE,0,sentinel-1b,2020-08-16T05:26:38.443375Z,2020-08-16T05:27:03.441904Z,IW,VV|VH,descending,168,22944,,L1,"[8.555621, 44.835922, 12.225967, 46.74073]",11,https://stac.dataspace.copernicus.eu/v1/collections/sentinel-1-grd/items/S1B_IW_GRDH_1SDV_20200816T052638_20200816T052703_022944_02B8D4_F8DB_COG
S1B_IW_GRDH_1SDV_20200816T052655_20200816T052720_022944_02B8D4_7B93_COG,OK,CACHE,0,sentinel-1b,2020-08-16T05:26:55.560515Z,2020-08-16T05:27:20.558535Z,IW,VV|VH,descending,168,22944,,L1,"[8.363121, 43.810631, 11.964524, 45.70768]",11,https://stac.dataspace.copernicus.eu/v1/collections/sentinel-1-grd/items/S1B_IW_GRDH_1SDV_20200816T052655_20200816T052720_022944_02B8D4_7B93_COG
S1B_IW_GRDH_1SDV_20200816T052703_20200816T052728_022944_02B8D4_5847_COG,OK,CACHE,0,sentinel-1b,2020-08-16T05:27:03.443405Z,2020-08-16T05:27:28.441934Z,IW,VV|VH,descending,168,22944,,L1,"[8.225124, 43.337357, 11.833789, 45.239246]",11,https://stac.dataspace.copernicus.eu/v1/collections/sentinel-1-grd/items/S1B_IW_GRDH_1SDV_20200816T052703_20200816T052728_022944_02B8D4_5847_COG
S1B_IW_GRDH_1SDV_20200817T171411_20200817T171436_022966_02B980_244C_COG,OK,CACHE,0,sentinel-1b,2020-08-17T17:14:11.341772Z,2020-08-17T17:14:36.340385Z,IW,VV|VH,ascending,15,22966,,L1,"[7.883979, 43.728874, 11.485027, 45.629471]",11,https://stac.dataspace.copernicus.eu/v1/collections/sentinel-1-grd/items/S1B_IW_GRDH_1SDV_20200817T171411_20200817T171436_022966_02B980_244C_COG
S1B_IW_GRDH_1SDV_20200817T171411_20200817T171436_022966_02B980_A106_COG,OK,CACHE,0,sentinel-1b,2020-08-17T17:14:11.341773Z,2020-08-17T17:14:36.340387Z,IW,VV|VH,ascending,15,22966,,L1,"[7.883979, 43.728874, 11.485026, 45.629467]",11,https://stac.dataspace.copernicus.eu/v1/collections/sentinel-1-grd/items/S1B_IW_GRDH_1SDV_20200817T171411_20200817T171436_022966_02B980_A106_COG
S1B_IW_GRDH_1SDV_20200817T171436_20200817T171501_022966_02B980_49DD_COG,OK,CACHE,0,sentinel-1b,2020-08-17T17:14:36.341916Z,2020-08-17T17:15:01.340532Z,IW,VV|VH,ascending,15,22966,,L1,"[7.483584, 45.22818, 11.158292, 47.130463]",11,https://stac.dataspace.copernicus.eu/v1/collections/sentinel-1-grd/items/S1B_IW_GRDH_1SDV_20200817T171436_20200817T171501_022966_02B980_49DD_COG
S1B_IW_GRDH_1SDV_20200817T171436_20200817T171501_022966_02B980_5BF5_COG,OK,CACHE,0,sentinel-1b,2020-08-17T17:14:36.341917Z,2020-08-17T17:15:01.340534Z,IW,VV|VH,ascending,15,22966,,L1,"[7.483584, 45.228176, 11.158292, 47.130459]",11,https://stac.dataspace.copernicus.eu/v1/collections/sentinel-1-grd/items/S1B_IW_GRDH_1SDV_20200817T171436_20200817T171501_022966_02B980_5BF5_COG
S1B_IW_GRDH_1SDV_20200821T053448_20200821T053513_023017_02BB2F_0C20_COG,OK,CACHE,0,sentinel-1b,2020-08-21T05:34:48.979990Z,2020-08-21T05:35:13.978939Z,IW,VV|VH,descending,66,23017,,L1,"[6.585965, 45.038162, 10.209291, 46.938671]",11,https://stac.dataspace.copernicus.eu/v1/collections/sentinel-1-grd/items/S1B_IW_GRDH_1SDV_20200821T053448_20200821T053513_023017_02BB2F_0C20_COG
S1B_IW_GRDH_1SDV_20200821T053457_20200821T053522_023017_02BB2F_AAF7_COG,OK,CACHE,0,sentinel-1b,2020-08-21T05:34:57.219566Z,2020-08-21T05:35:22.217026Z,IW,VV|VH,descending,66,23017,,L1,"[6.41803, 44.545876, 10.084662, 46.44838]",11,https://stac.dataspace.copernicus.eu/v1/collections/sentinel-1-grd/items/S1B_IW_GRDH_1SDV_20200821T053457_20200821T053522_023017_02BB2F_AAF7_COG
S1B_IW_GRDH_1SDV_20200821T053513_20200821T053538_023017_02BB2F_3F5D_COG,OK,CACHE,0,sentinel-1b,2020-08-21T05:35:13.980436Z,2020-08-21T05:35:38.977885Z,IW,VV|VH,descending,66,23017,,L1,"[6.259228, 43.539024, 9.827032, 45.435997]",11,https://stac.dataspace.copernicus.eu/v1/collections/sentinel-1-grd/items/S1B_IW_GRDH_1SDV_20200821T053513_20200821T053538_023017_02BB2F_3F5D_COG
S1B_IW_GRDH_1SDV_20200822T172231_20200822T172256_023039_02BBEC_0E6B_COG,OK,CACHE,0,sentinel-1b,2020-08-22T17:22:31.953901Z,2020-08-22T17:22:56.952990Z,IW,VV|VH,ascending,88,23039,,L1,"[5.733859, 44.128685, 9.385907, 46.028824]",11,https://stac.dataspace.copernicus.eu/v1/collections/sentinel-1-grd/items/S1B_IW_GRDH_1SDV_20200822T172231_20200822T172256_023039_02BBEC_0E6B_COG
S1B_IW_GRDH_1SDV_20200822T172231_20200822T172256_023039_02BBEC_9F3B_COG,OK,CACHE,0,sentinel-1b,2020-08-22T17:22:31.953899Z,2020-08-22T17:22:56.952989Z,IW,VV|VH,ascending,88,23039,,L1,"[5.733859, 44.128685, 9.385907, 46.028824]",11,https://stac.dataspace.copernicus.eu/v1/collections/sentinel-1-grd/items/S1B_IW_GRDH_1SDV_20200822T172231_20200822T172256_023039_02BBEC_9F3B_COG
S1B_IW_GRDH_1SDV_20200828T052631_20200828T052656_023119_02BE55_C078_COG,OK,CACHE,0,sentinel-1b,2020-08-28T05:26:31.805384Z,2020-08-28T05:26:56.803462Z,IW,VV|VH,descending,168,23119,,L1,"[8.692389, 45.283493, 12.346234, 47.18478]",11,https://stac.dataspace.copernicus.eu/v1/collections/sentinel-1-grd/items/S1B_IW_GRDH_1SDV_20200828T052631_20200828T052656_023119_02BE55_C078_COG
S1B_IW_GRDH_1SDV_20200828T052639_20200828T052704_023119_02BE55_2D3B_COG,OK,CACHE,0,sentinel-1b,2020-08-28T05:26:39.271404Z,2020-08-28T05:27:04.269982Z,IW,VV|VH,descending,168,23119,,L1,"[8.555486, 44.83585, 12.225837, 46.740677]",11,https://stac.dataspace.copernicus.eu/v1/collections/sentinel-1-grd/items/S1B_IW_GRDH_1SDV_20200828T052639_20200828T052704_023119_02BE55_2D3B_COG
S1B_IW_GRDH_1SDV_20200828T052656_20200828T052721_023119_02BE55_5AF3_COG,OK,CACHE,0,sentinel-1b,2020-08-28T05:26:56.804946Z,2020-08-28T05:27:21.804521Z,IW,VV|VH,descending,168,23119,,L1,"[8.359052, 43.785133, 11.957731, 45.682648]",11,https://stac.dataspace.copernicus.eu/v1/collections/sentinel-1-grd/items/S1B_IW_GRDH_1SDV_20200828T052656_20200828T052721_023119_02BE55_5AF3_COG
S1B_IW_GRDH_1SDV_20200828T052704_20200828T052729_023119_02BE55_F3B8_COG,OK,CACHE,0,sentinel-1b,2020-08-28T05:27:04.271482Z,2020-08-28T05:27:29.270061Z,IW,VV|VH,descending,168,23119,,L1,"[8.224973, 43.337284, 11.833643, 45.239197]",11,https://stac.dataspace.copernicus.eu/v1/collections/sentinel-1-grd/items/S1B_IW_GRDH_1SDV_20200828T052704_20200828T052729_023119_02BE55_F3B8_COG
S1B_IW_GRDH_1SDV_20200829T171409_20200829T171434_023141_02BF02_603C_COG,OK,CACHE,0,sentinel-1b,2020-08-29T17:14:09.948917Z,2020-08-29T17:14:34.947293Z,IW,VV|VH,ascending,15,23141,,L1,"[7.910717, 43.593723, 11.566573, 45.501793]",11,https://stac.dataspace.copernicus.eu/v1/collections/sentinel-1-grd/items/S1B_IW_GRDH_1SDV_20200829T171409_20200829T171434_023141_02BF02_603C_COG
S1B_IW_GRDH_1SDV_20200829T171409_20200829T171434_023141_02BF02_B78B_COG,OK,CACHE,0,sentinel-1b,2020-08-29T17:14:09.948916Z,2020-08-29T17:14:34.947292Z,IW,VV|VH,ascending,15,23141,,L1,"[7.910717, 43.593723, 11.566573, 45.501793]",11,https://stac.dataspace.copernicus.eu/v1/collections/sentinel-1-grd/items/S1B_IW_GRDH_1SDV_20200829T171409_20200829T171434_023141_02BF02_B78B_COG
S1B_IW_GRDH_1SDV_20200829T171434_20200829T171459_023141_02BF02_9109_COG,OK,CACHE,0,sentinel-1b,2020-08-29T17:14:34.948809Z,2020-08-29T17:14:59.947186Z,IW,VV|VH,ascending,15,23141,,L1,"[7.516579, 45.093193, 11.242543, 47.003365]",11,https://stac.dataspace.copernicus.eu/v1/collections/sentinel-1-grd/items/S1B_IW_GRDH_1SDV_20200829T171434_20200829T171459_023141_02BF02_9109_COG
S1B_IW_GRDH_1SDV_20200829T171434_20200829T171459_023141_02BF02_FAC5_COG,OK,CACHE,0,sentinel-1b,2020-08-29T17:14:34.948809Z,2020-08-29T17:14:59.947187Z,IW,VV|VH,ascending,15,23141,,L1,"[7.516579, 45.093189, 11.242543, 47.003365]",11,https://stac.dataspace.copernicus.eu/v1/collections/sentinel-1-grd/items/S1B_IW_GRDH_1SDV_20200829T171434_20200829T171459_023141_02BF02_FAC5_COG
S1B_IW_GRDH_1SDV_20200902T053450_20200902T053515_023192_02C0A1_65BC_COG,OK,CACHE,0,sentinel-1b,2020-09-02T05:34:50.053137Z,2020-09-02T05:35:15.052079Z,IW,VV|VH,descending,66,23192,,L1,"[6.581397, 45.018295, 10.201938, 46.918907]",11,https://stac.dataspace.copernicus.eu/v1/collections/sentinel-1-grd/items/S1B_IW_GRDH_1SDV_20200902T053450_20200902T053515_023192_02C0A1_65BC_COG
S1B_IW_GRDH_1SDV_20200902T053457_20200902T053522_023192_02C0A1_694F_COG,OK,CACHE,0,sentinel-1b,2020-09-02T05:34:57.961328Z,2020-09-02T05:35:22.958783Z,IW,VV|VH,descending,66,23192,,L1,"[6.417881, 44.545856, 10.084531, 46.448383]",11,https://stac.dataspace.copernicus.eu/v1/collections/sentinel-1-grd/items/S1B_IW_GRDH_1SDV_20200902T053457_20200902T053522_023192_02C0A1_694F_COG
S1B_IW_GRDH_1SDV_20200902T053515_20200902T053540_023192_02C0A1_F39C_COG,OK,CACHE,0,sentinel-1b,2020-09-02T05:35:15.053575Z,2020-09-02T05:35:40.051018Z,IW,VV|VH,descending,66,23192,,L1,"[6.254773, 43.519135, 9.821254, 45.416138]",11,https://stac.dataspace.copernicus.eu/v1/collections/sentinel-1-grd/items/S1B_IW_GRDH_1SDV_20200902T053515_20200902T053540_023192_02C0A1_F39C_COG
S1B_IW_GRDH_1SDV_20200903T172229_20200903T172254_023214_02C15A_92D5_COG,OK,CACHE,0,sentinel-1b,2020-09-03T17:22:29.831472Z,2020-09-03T17:22:54.829733Z,IW,VV|VH,ascending,88,23214,,L1,"[5.781904, 43.962734, 9.414095, 45.863331]",11,https://stac.dataspace.copernicus.eu/v1/collections/sentinel-1-grd/items/S1B_IW_GRDH_1SDV_20200903T172229_20200903T172254_023214_02C15A_92D5_COG
S1B_IW_GRDH_1SDV_20200903T172229_20200903T172254_023214_02C15A_E192_COG,OK,CACHE,0,sentinel-1b,2020-09-03T17:22:29.831472Z,2020-09-03T17:22:54.829733Z,IW,VV|VH,ascending,88,23214,,L1,"[5.781905, 43.962734, 9.414095, 45.863331]",11,https://stac.dataspace.copernicus.eu/v1/collections/sentinel-1-grd/items/S1B_IW_GRDH_1SDV_20200903T172229_20200903T172254_023214_02C15A_E192_COG
S1B_IW_GRDH_1SDV_20200909T052631_20200909T052656_023294_02C3D5_8DB2_COG,OK,CACHE,0,sentinel-1b,2020-09-09T05:26:31.994607Z,2020-09-09T05:26:56.992823Z,IW,VV|VH,descending,168,23294,,L1,"[8.696067, 45.298477, 12.349134, 47.199879]",11,https://stac.dataspace.copernicus.eu/v1/collections/sentinel-1-grd/items/S1B_IW_GRDH_1SDV_20200909T052631_20200909T052656_023294_02C3D5_8DB2_COG
S1B_IW_GRDH_1SDV_20200909T052639_20200909T052704_023294_02C3D5_001A_COG,OK,CACHE,0,sentinel-1b,2020-09-09T05:26:39.708880Z,2020-09-09T05:27:04.707594Z,IW,VV|VH,descending,168,23294,,L1,"[8.555868, 44.835934, 12.22648, 46.740795]",11,https://stac.dataspace.copernicus.eu/v1/collections/sentinel-1-grd/items/S1B_IW_GRDH_1SDV_20200909T052639_20200909T052704_023294_02C3D5_001A_COG
S1B_IW_GRDH_1SDV_20200909T052656_20200909T052721_023294_02C3D5_7033_COG,OK,CACHE,0,sentinel-1b,2020-09-09T05:26:56.994309Z,2020-09-09T05:27:21.994024Z,IW,VV|VH,descending,168,23294,,L1,"[8.361779, 43.800316, 11.962338, 45.697659]",11,https://stac.dataspace.copernicus.eu/v1/collections/sentinel-1-grd/items/S1B_IW_GRDH_1SDV_20200909T052656_20200909T052721_023294_02C3D5_7033_COG
S1B_IW_GRDH_1SDV_20200909T052704_20200909T052729_023294_02C3D5_5A18_COG,OK,CACHE,0,sentinel-1b,2020-09-09T05:27:04.709095Z,2020-09-09T05:27:29.707809Z,IW,VV|VH,descending,168,23294,,L1,"[8.22535, 43.337368, 11.83428, 45.239315]",11,https://stac.dataspace.copernicus.eu/v1/collections/sentinel-1-grd/items/S1B_IW_GRDH_1SDV_20200909T052704_20200909T052729_023294_02C3D5_5A18_COG
S1B_IW_GRDH_1SDV_20200910T171410_20200910T171435_023316_02C47B_6614_COG,OK,CACHE,0,sentinel-1b,2020-09-10T17:14:10.401926Z,2020-09-10T17:14:35.400302Z,IW,VV|VH,ascending,15,23316,,L1,"[7.910094, 43.593754, 11.566106, 45.501862]",11,https://stac.dataspace.copernicus.eu/v1/collections/sentinel-1-grd/items/S1B_IW_GRDH_1SDV_20200910T171410_20200910T171435_023316_02C47B_6614_COG
S1B_IW_GRDH_1SDV_20200910T171410_20200910T171435_023316_02C47B_7534_COG,OK,CACHE,0,sentinel-1b,2020-09-10T17:14:10.401926Z,2020-09-10T17:14:35.400302Z,IW,VV|VH,ascending,15,23316,,L1,"[7.910094, 43.593754, 11.566106, 45.501862]",11,https://stac.dataspace.copernicus.eu/v1/collections/sentinel-1-grd/items/S1B_IW_GRDH_1SDV_20200910T171410_20200910T171435_023316_02C47B_7534_COG
S1B_IW_GRDH_1SDV_20200910T171435_20200910T171500_023316_02C47B_3035_COG,OK,CACHE,0,sentinel-1b,2020-09-10T17:14:35.401800Z,2020-09-10T17:15:00.400176Z,IW,VV|VH,ascending,15,23316,,L1,"[7.515918, 45.093216, 11.242043, 47.003426]",11,https://stac.dataspace.copernicus.eu/v1/collections/sentinel-1-grd/items/S1B_IW_GRDH_1SDV_20200910T171435_20200910T171500_023316_02C47B_3035_COG
S1B_IW_GRDH_1SDV_20200910T171435_20200910T171500_023316_02C47B_C97F_COG,OK,CACHE,0,sentinel-1b,2020-09-10T17:14:35.401800Z,2020-09-10T17:15:00.400176Z,IW,VV|VH,ascending,15,23316,,L1,"[7.515918, 45.093216, 11.242043, 47.003426]",11,https://stac.dataspace.copernicus.eu/v1/collections/sentinel-1-grd/items/S1B_IW_GRDH_1SDV_20200910T171435_20200910T171500_023316_02C47B_C97F_COG
S1B_IW_GRDH_1SDV_20200914T053451_20200914T053516_023367_02C61E_B930_COG,OK,CACHE,0,sentinel-1b,2020-09-14T05:34:51.032214Z,2020-09-14T05:35:16.031313Z,IW,VV|VH,descending,66,23367,,L1,"[6.57493, 44.99081, 10.192313, 46.89175]",11,https://stac.dataspace.copernicus.eu/v1/collections/sentinel-1-grd/items/S1B_IW_GRDH_1SDV_20200914T053451_20200914T053516_023367_02C61E_B930_COG
S1B_IW_GRDH_1SDV_20200914T053458_20200914T053523_023367_02C61E_DF05_COG,OK,CACHE,0,sentinel-1b,2020-09-14T05:34:58.480310Z,2020-09-14T05:35:23.477923Z,IW,VV|VH,descending,66,23367,,L1,"[6.417871, 44.545929, 10.084805, 46.448521]",11,https://stac.dataspace.copernicus.eu/v1/collections/sentinel-1-grd/items/S1B_IW_GRDH_1SDV_20200914T053458_20200914T053523_023367_02C61E_DF05_COG
S1B_IW_GRDH_1SDV_20200914T053516_20200914T053541_023367_02C61E_9970_COG,OK,CACHE,0,sentinel-1b,2020-09-14T05:35:16.032810Z,2020-09-14T05:35:41.030410Z,IW,VV|VH,descending,66,23367,,L1,"[6.248671, 43.491608, 9.813623, 45.388744]",11,https://stac.dataspace.copernicus.eu/v1/collections/sentinel-1-grd/items/S1B_IW_GRDH_1SDV_20200914T053516_20200914T053541_023367_02C61E_9970_COG
S1B_IW_GRDH_1SDV_20200915T172230_20200915T172255_023389_02C6DE_4A62_COG,OK,CACHE,0,sentinel-1b,2020-09-15T17:22:30.310247Z,2020-09-15T17:22:55.308615Z,IW,VV|VH,ascending,88,23389,,L1,"[5.780615, 43.962593, 9.41297, 45.863243]",11,https://stac.dataspace.copernicus.eu/v1/collections/sentinel-1-grd/items/S1B_IW_GRDH_1SDV_20200915T172230_20200915T172255_023389_02C6DE_4A62_COG
S1B_IW_GRDH_1SDV_20200915T172230_20200915T172255_023389_02C6DE_B67B_COG,OK,CACHE,0,sentinel-1b,2020-09-15T17:22:30.310248Z,2020-09-15T17:22:55.308616Z,IW,VV|VH,ascending,88,23389,,L1,"[5.780616, 43.962593, 9.41297, 45.863243]",11,https://stac.dataspace.copernicus.eu/v1/collections/sentinel-1-grd/items/S1B_IW_GRDH_1SDV_20200915T172230_20200915T172255_023389_02C6DE_B67B_COG
S1B_IW_GRDH_1SDV_20200921T052640_20200921T052705_023469_02C94E_43C1_COG,OK,CACHE,0,sentinel-1b,2020-09-21T05:26:40.060017Z,2020-09-21T05:27:05.057267Z,IW,VV|VH,descending,168,23469,,L1,"[8.555798, 44.83606, 12.226506, 46.740826]",11,https://stac.dataspace.copernicus.eu/v1/collections/sentinel-1-grd/items/S1B_IW_GRDH_1SDV_20200921T052640_20200921T052705_023469_02C94E_43C1_COG
S1B_IW_GRDH_1SDV_20200921T052640_20200921T052705_023469_02C94E_9718_COG,OK,CACHE,0,sentinel-1b,2020-09-21T05:26:40.060016Z,2020-09-21T05:27:05.057266Z,IW,VV|VH,descending,168,23469,,L1,"[8.555798, 44.83606, 12.226506, 46.740826]",11,https://stac.dataspace.copernicus.eu/v1/collections/sentinel-1-grd/items/S1B_IW_GRDH_1SDV_20200921T052640_20200921T052705_023469_02C94E_9718_COG
S1B_IW_GRDH_1SDV_20200921T052705_20200921T052730_023469_02C94E_144A_COG,OK,CACHE,0,sentinel-1b,2020-09-21T05:27:05.060242Z,2020-09-21T05:27:30.057491Z,IW,VV|VH,descending,168,23469,,L1,"[8.225422, 43.337494, 11.834324, 45.23933]",11,https://stac.dataspace.copernicus.eu/v1/collections/sentinel-1-grd/items/S1B_IW_GRDH_1SDV_20200921T052705_20200921T052730_023469_02C94E_144A_COG
S1B_IW_GRDH_1SDV_20200921T052705_20200921T052730_023469_02C94E_3476_COG,OK,CACHE,0,sentinel-1b,2020-09-21T05:27:05.060242Z,2020-09-21T05:27:30.057490Z,IW,VV|VH,descending,168,23469,,L1,"[8.225422, 43.337494, 11.834324, 45.23933]",11,https://stac.dataspace.copernicus.eu/v1/collections/sentinel-1-grd/items/S1B_IW_GRDH_1SDV_20200921T052705_20200921T052730_023469_02C94E_3476_COG
S1B_IW_GRDH_1SDV_20200922T171410_20200922T171435_023491_02C9F9_37B3_COG,OK,CACHE,0,sentinel-1b,2020-09-22T17:14:10.732944Z,2020-09-22T17:14:35.731388Z,IW,VV|VH,ascending,15,23491,,L1,"[7.910366, 43.593655, 11.566497, 45.50177]",11,https://stac.dataspace.copernicus.eu/v1/collections/sentinel-1-grd/items/S1B_IW_GRDH_1SDV_20200922T171410_20200922T171435_023491_02C9F9_37B3_COG
S1B_IW_GRDH_1SDV_20200922T171410_20200922T171435_023491_02C9F9_57F4_COG,OK,CACHE,0,sentinel-1b,2020-09-22T17:14:10.732944Z,2020-09-22T17:14:35.731387Z,IW,VV|VH,ascending,15,23491,,L1,"[7.910366, 43.593655, 11.566497, 45.50177]",11,https://stac.dataspace.copernicus.eu/v1/collections/sentinel-1-grd/items/S1B_IW_GRDH_1SDV_20200922T171410_20200922T171435_023491_02C9F9_57F4_COG
S1B_IW_GRDH_1SDV_20200922T171435_20200922T171500_023491_02C9F9_2F65_COG,OK,CACHE,0,sentinel-1b,2020-09-22T17:14:35.732885Z,2020-09-22T17:15:00.731329Z,IW,VV|VH,ascending,15,23491,,L1,"[7.516191, 45.093117, 11.242309, 47.003326]",11,https://stac.dataspace.copernicus.eu/v1/collections/sentinel-1-grd/items/S1B_IW_GRDH_1SDV_20200922T171435_20200922T171500_023491_02C9F9_2F65_COG
S1B_IW_GRDH_1SDV_20200922T171435_20200922T171500_023491_02C9F9_4B7A_COG,OK,CACHE,0,sentinel-1b,2020-09-22T17:14:35.732885Z,2020-09-22T17:15:00.731329Z,IW,VV|VH,ascending,15,23491,,L1,"[7.516191, 45.093117, 11.242309, 47.003326]",11,https://stac.dataspace.copernicus.eu/v1/collections/sentinel-1-grd/items/S1B_IW_GRDH_1SDV_20200922T171435_20200922T171500_023491_02C9F9_4B7A_COG
S1B_IW_GRDH_1SDV_20200926T053450_20200926T053515_023542_02CB9A_7C68_COG,OK,CACHE,0,sentinel-1b,2020-09-26T05:34:50.862211Z,2020-09-26T05:35:15.859862Z,IW,VV|VH,descending,66,23542,,L1,"[6.582378, 45.019569, 10.203391, 46.920181]",11,https://stac.dataspace.copernicus.eu/v1/collections/sentinel-1-grd/items/S1B_IW_GRDH_1SDV_20200926T053450_20200926T053515_023542_02CB9A_7C68_COG
S1B_IW_GRDH_1SDV_20200926T053458_20200926T053523_023542_02CB9A_07E0_COG,OK,CACHE,0,sentinel-1b,2020-09-26T05:34:58.788253Z,2020-09-26T05:35:23.787425Z,IW,VV|VH,descending,66,23542,,L1,"[6.418448, 44.545891, 10.085307, 46.448639]",11,https://stac.dataspace.copernicus.eu/v1/collections/sentinel-1-grd/items/S1B_IW_GRDH_1SDV_20200926T053458_20200926T053523_023542_02CB9A_07E0_COG
S1B_IW_GRDH_1SDV_20200926T053515_20200926T053540_023542_02CB9A_4485_COG,OK,CACHE,0,sentinel-1b,2020-09-26T05:35:15.861360Z,2020-09-26T05:35:40.860510Z,IW,VV|VH,descending,66,23542,,L1,"[6.255657, 43.520329, 9.822547, 45.417515]",11,https://stac.dataspace.copernicus.eu/v1/collections/sentinel-1-grd/items/S1B_IW_GRDH_1SDV_20200926T053515_20200926T053540_023542_02CB9A_4485_COG
S1B_IW_GRDH_1SDV_20200927T172230_20200927T172255_023564_02CC5D_5392_COG,OK,CACHE,0,sentinel-1b,2020-09-27T17:22:30.601033Z,2020-09-27T17:22:55.599473Z,IW,VV|VH,ascending,88,23564,,L1,"[5.779885, 43.962399, 9.411914, 45.863167]",11,https://stac.dataspace.copernicus.eu/v1/collections/sentinel-1-grd/items/S1B_IW_GRDH_1SDV_20200927T172230_20200927T172255_023564_02CC5D_5392_COG
S1B_IW_GRDH_1SDV_20200927T172230_20200927T172255_023564_02CC5D_EDD1_COG,OK,CACHE,0,sentinel-1b,2020-09-27T17:22:30.601031Z,2020-09-27T17:22:55.599470Z,IW,VV|VH,ascending,88,23564,,L1,"[5.779886, 43.962399, 9.411914, 45.863167]",11,https://stac.dataspace.copernicus.eu/v1/collections/sentinel-1-grd/items/S1B_IW_GRDH_1SDV_20200927T172230_20200927T172255_023564_02CC5D_EDD1_COG
S1B_IW_GRDH_1SDV_20210401T052648_20210401T052713_026269_032297_1EA0_COG,OK,CACHE,0,sentinel-1b,2021-04-01T05:26:48.794862Z,2021-04-01T05:27:13.792278Z,IW,VV|VH,descending,168,26269,,L1,"[8.436882, 44.116604, 12.040944, 46.011642]",11,https://stac.dataspace.copernicus.eu/v1/collections/sentinel-1-grd/items/S1B_IW_GRDH_1SDV_20210401T052648_20210401T052713_026269_032297_1EA0_COG
S1B_IW_GRDH_1SDV_20210402T171407_20210402T171432_026291_032349_51FF_COG,OK,CACHE,0,sentinel-1b,2021-04-02T17:14:07.495875Z,2021-04-02T17:14:32.494428Z,IW,VV|VH,ascending,15,26291,,L1,"[7.911027, 43.593239, 11.56712, 45.501373]",11,https://stac.dataspace.copernicus.eu/v1/collections/sentinel-1-grd/items/S1B_IW_GRDH_1SDV_20210402T171407_20210402T171432_026291_032349_51FF_COG
S1B_IW_GRDH_1SDV_20210402T171432_20210402T171457_026291_032349_D8BC_COG,OK,CACHE,0,sentinel-1b,2021-04-02T17:14:32.495926Z,2021-04-02T17:14:57.494479Z,IW,VV|VH,ascending,15,26291,,L1,"[7.51687, 45.092701, 11.243069, 47.002941]",11,https://stac.dataspace.copernicus.eu/v1/collections/sentinel-1-grd/items/S1B_IW_GRDH_1SDV_20210402T171432_20210402T171457_026291_032349_D8BC_COG
S1B_IW_GRDH_1SDV_20210406T053456_20210406T053521_026342_0324FC_13AA_COG,OK,CACHE,0,sentinel-1b,2021-04-06T05:34:56.701012Z,2021-04-06T05:35:21.699590Z,IW,VV|VH,descending,66,26342,,L1,"[6.450986, 44.485897, 10.06826, 46.383114]",11,https://stac.dataspace.copernicus.eu/v1/collections/sentinel-1-grd/items/S1B_IW_GRDH_1SDV_20210406T053456_20210406T053521_026342_0324FC_13AA_COG
S1B_IW_GRDH_1SDV_20210407T172219_20210407T172244_026364_0325B3_1DD7_COG,OK,CACHE,0,sentinel-1b,2021-04-07T17:22:19.122535Z,2021-04-07T17:22:44.120515Z,IW,VV|VH,ascending,88,26364,,L1,"[5.938838, 43.451748, 9.542184, 45.363106]",11,https://stac.dataspace.copernicus.eu/v1/collections/sentinel-1-grd/items/S1B_IW_GRDH_1SDV_20210407T172219_20210407T172244_026364_0325B3_1DD7_COG
S1B_IW_GRDH_1SDV_20210407T172244_20210407T172309_026364_0325B3_9FC3_COG,OK,CACHE,0,sentinel-1b,2021-04-07T17:22:44.122029Z,2021-04-07T17:23:09.120010Z,IW,VV|VH,ascending,88,26364,,L1,"[5.485826, 44.956528, 9.25646, 46.858418]",11,https://stac.dataspace.copernicus.eu/v1/collections/sentinel-1-grd/items/S1B_IW_GRDH_1SDV_20210407T172244_20210407T172309_026364_0325B3_9FC3_COG
S1B_IW_GRDH_1SDV_20210413T052649_20210413T052714_026444_032830_433F_COG,OK,CACHE,0,sentinel-1b,2021-04-13T05:26:49.285116Z,2021-04-13T05:27:14.282530Z,IW,VV|VH,descending,168,26444,,L1,"[8.436021, 44.116585, 12.039565, 46.011654]",11,https://stac.dataspace.copernicus.eu/v1/collections/sentinel-1-grd/items/S1B_IW_GRDH_1SDV_20210413T052649_20210413T052714_026444_032830_433F_COG
S1B_IW_GRDH_1SDV_20210414T171407_20210414T171432_026466_0328DE_1E2F_COG,OK,CACHE,0,sentinel-1b,2021-04-14T17:14:07.875840Z,2021-04-14T17:14:32.874219Z,IW,VV|VH,ascending,15,26466,,L1,"[7.911995, 43.593533, 11.567833, 45.501598]",11,https://stac.dataspace.copernicus.eu/v1/collections/sentinel-1-grd/items/S1B_IW_GRDH_1SDV_20210414T171407_20210414T171432_026466_0328DE_1E2F_COG
S1B_IW_GRDH_1SDV_20210414T171432_20210414T171457_026466_0328DE_A38A_COG,OK,CACHE,0,sentinel-1b,2021-04-14T17:14:32.875716Z,2021-04-14T17:14:57.874095Z,IW,VV|VH,ascending,15,26466,,L1,"[7.51787, 45.093002, 11.243812, 47.003166]",11,https://stac.dataspace.copernicus.eu/v1/collections/sentinel-1-grd/items/S1B_IW_GRDH_1SDV_20210414T171432_20210414T171457_026466_0328DE_A38A_COG
S1B_IW_GRDH_1SDV_20210418T053457_20210418T053522_026517_032A8E_F0E4_COG,OK,CACHE,0,sentinel-1b,2021-04-18T05:34:57.151130Z,2021-04-18T05:35:22.149815Z,IW,VV|VH,descending,66,26517,,L1,"[6.452075, 44.485882, 10.069372, 46.383133]",11,https://stac.dataspace.copernicus.eu/v1/collections/sentinel-1-grd/items/S1B_IW_GRDH_1SDV_20210418T053457_20210418T053522_026517_032A8E_F0E4_COG
S1B_IW_GRDH_1SDV_20210419T172219_20210419T172244_026539_032B51_9471_COG,OK,CACHE,0,sentinel-1b,2021-04-19T17:22:19.622009Z,2021-04-19T17:22:44.619865Z,IW,VV|VH,ascending,88,26539,,L1,"[5.938621, 43.451881, 9.541894, 45.36327]",11,https://stac.dataspace.copernicus.eu/v1/collections/sentinel-1-grd/items/S1B_IW_GRDH_1SDV_20210419T172219_20210419T172244_026539_032B51_9471_COG
S1B_IW_GRDH_1SDV_20210419T172244_20210419T172309_026539_032B51_F578_COG,OK,CACHE,0,sentinel-1b,2021-04-19T17:22:44.621372Z,2021-04-19T17:23:09.620727Z,IW,VV|VH,ascending,88,26539,,L1,"[5.485531, 44.956654, 9.25598, 46.858654]",11,https://stac.dataspace.copernicus.eu/v1/collections/sentinel-1-grd/items/S1B_IW_GRDH_1SDV_20210419T172244_20210419T172309_026539_032B51_F578_COG
S1B_IW_GRDH_1SDV_20210425T052649_20210425T052714_026619_032DCD_3F7D_COG,OK,CACHE,0,sentinel-1b,2021-04-25T05:26:49.954496Z,2021-04-25T05:27:14.951899Z,IW,VV|VH,descending,168,26619,,L1,"[8.434803, 44.116653, 12.038439, 46.011642]",11,https://stac.dataspace.copernicus.eu/v1/collections/sentinel-1-grd/items/S1B_IW_GRDH_1SDV_20210425T052649_20210425T052714_026619_032DCD_3F7D_COG
S1B_IW_GRDH_1SDV_20210426T171408_20210426T171433_026641_032E79_BAD9_COG,OK,CACHE,0,sentinel-1b,2021-04-26T17:14:08.566949Z,2021-04-26T17:14:33.565303Z,IW,VV|VH,ascending,15,26641,,L1,"[7.912397, 43.593582, 11.568192, 45.501587]",11,https://stac.dataspace.copernicus.eu/v1/collections/sentinel-1-grd/items/S1B_IW_GRDH_1SDV_20210426T171408_20210426T171433_026641_032E79_BAD9_COG
S1B_IW_GRDH_1SDV_20210426T171433_20210426T171458_026641_032E79_5D66_COG,OK,CACHE,0,sentinel-1b,2021-04-26T17:14:33.566801Z,2021-04-26T17:14:58.565155Z,IW,VV|VH,ascending,15,26641,,L1,"[7.518336, 45.093056, 11.244231, 47.003159]",11,https://stac.dataspace.copernicus.eu/v1/collections/sentinel-1-grd/items/S1B_IW_GRDH_1SDV_20210426T171433_20210426T171458_026641_032E79_5D66_COG
S1B_IW_GRDH_1SDV_20210430T053457_20210430T053522_026692_033029_F3B7_COG,OK,CACHE,0,sentinel-1b,2021-04-30T05:34:57.604586Z,2021-04-30T05:35:22.601748Z,IW,VV|VH,descending,66,26692,,L1,"[6.451172, 44.485962, 10.068396, 46.383064]",11,https://stac.dataspace.copernicus.eu/v1/collections/sentinel-1-grd/items/S1B_IW_GRDH_1SDV_20210430T053457_20210430T053522_026692_033029_F3B7_COG
S1B_IW_GRDH_1SDV_20210501T172220_20210501T172245_026714_0330EA_A2BE_COG,OK,CACHE,0,sentinel-1b,2021-05-01T17:22:20.045385Z,2021-05-01T17:22:45.043220Z,IW,VV|VH,ascending,88,26714,,L1,"[5.940001, 43.451935, 9.543236, 45.363274]",11,https://stac.dataspace.copernicus.eu/v1/collections/sentinel-1-grd/items/S1B_IW_GRDH_1SDV_20210501T172220_20210501T172245_026714_0330EA_A2BE_COG
S1B_IW_GRDH_1SDV_20210501T172245_20210501T172310_026714_0330EA_2838_COG,OK,CACHE,0,sentinel-1b,2021-05-01T17:22:45.044719Z,2021-05-01T17:23:10.044052Z,IW,VV|VH,ascending,88,26714,,L1,"[5.486969, 44.956711, 9.257381, 46.858662]",11,https://stac.dataspace.copernicus.eu/v1/collections/sentinel-1-grd/items/S1B_IW_GRDH_1SDV_20210501T172245_20210501T172310_026714_0330EA_2838_COG
S1B_IW_GRDH_1SDV_20210507T052650_20210507T052715_026794_033365_6B15_COG,OK,CACHE,0,sentinel-1b,2021-05-07T05:26:50.438509Z,2021-05-07T05:27:15.437521Z,IW,VV|VH,descending,168,26794,,L1,"[8.4364, 44.116497, 12.039948, 46.011684]",11,https://stac.dataspace.copernicus.eu/v1/collections/sentinel-1-grd/items/S1B_IW_GRDH_1SDV_20210507T052650_20210507T052715_026794_033365_6B15_COG
S1B_IW_GRDH_1SDV_20210508T171409_20210508T171434_026816_033416_E75D_COG,OK,CACHE,0,sentinel-1b,2021-05-08T17:14:09.165326Z,2021-05-08T17:14:34.163632Z,IW,VV|VH,ascending,15,26816,,L1,"[7.911549, 43.593605, 11.567378, 45.501644]",11,https://stac.dataspace.copernicus.eu/v1/collections/sentinel-1-grd/items/S1B_IW_GRDH_1SDV_20210508T171409_20210508T171434_026816_033416_E75D_COG
S1B_IW_GRDH_1SDV_20210508T171434_20210508T171459_026816_033416_3385_COG,OK,CACHE,0,sentinel-1b,2021-05-08T17:14:34.165130Z,2021-05-08T17:14:59.164934Z,IW,VV|VH,ascending,15,26816,,L1,"[7.517418, 45.093075, 11.24325, 47.003288]",11,https://stac.dataspace.copernicus.eu/v1/collections/sentinel-1-grd/items/S1B_IW_GRDH_1SDV_20210508T171434_20210508T171459_026816_033416_3385_COG
S1B_IW_GRDH_1SDV_20210512T053458_20210512T053523_026867_0335B6_7E1D_COG,OK,CACHE,0,sentinel-1b,2021-05-12T05:34:58.380809Z,2021-05-12T05:35:23.379506Z,IW,VV|VH,descending,66,26867,,L1,"[6.449481, 44.485954, 10.066804, 46.383148]",11,https://stac.dataspace.copernicus.eu/v1/collections/sentinel-1-grd/items/S1B_IW_GRDH_1SDV_20210512T053458_20210512T053523_026867_0335B6_7E1D_COG
S1B_IW_GRDH_1SDV_20210513T172220_20210513T172245_026889_033668_86EB_COG,OK,CACHE,0,sentinel-1b,2021-05-13T17:22:20.815609Z,2021-05-13T17:22:45.813458Z,IW,VV|VH,ascending,88,26889,,L1,"[5.93921, 43.451977, 9.542431, 45.363285]",11,https://stac.dataspace.copernicus.eu/v1/collections/sentinel-1-grd/items/S1B_IW_GRDH_1SDV_20210513T172220_20210513T172245_026889_033668_86EB_COG
S1B_IW_GRDH_1SDV_20210513T172245_20210513T172310_026889_033668_BD2A_COG,OK,CACHE,0,sentinel-1b,2021-05-13T17:22:45.814957Z,2021-05-13T17:23:10.814305Z,IW,VV|VH,ascending,88,26889,,L1,"[5.486201, 44.956753, 9.256599, 46.858673]",11,https://stac.dataspace.copernicus.eu/v1/collections/sentinel-1-grd/items/S1B_IW_GRDH_1SDV_20210513T172245_20210513T172310_026889_033668_BD2A_COG
S1B_IW_GRDH_1SDV_20210519T052651_20210519T052716_026969_0338DC_BAD9_COG,OK,CACHE,0,sentinel-1b,2021-05-19T05:26:51.061392Z,2021-05-19T05:27:16.058809Z,IW,VV|VH,descending,168,26969,,L1,"[8.436223, 44.116547, 12.039659, 46.01162]",11,https://stac.dataspace.copernicus.eu/v1/collections/sentinel-1-grd/items/S1B_IW_GRDH_1SDV_20210519T052651_20210519T052716_026969_0338DC_BAD9_COG
S1B_IW_GRDH_1SDV_20210520T171409_20210520T171434_026991_03397F_B00F_COG,OK,CACHE,0,sentinel-1b,2021-05-20T17:14:09.747621Z,2021-05-20T17:14:34.745901Z,IW,VV|VH,ascending,15,26991,,L1,"[7.910718, 43.593651, 11.566593, 45.501747]",11,https://stac.dataspace.copernicus.eu/v1/collections/sentinel-1-grd/items/S1B_IW_GRDH_1SDV_20210520T171409_20210520T171434_026991_03397F_B00F_COG
S1B_IW_GRDH_1SDV_20210520T171434_20210520T171459_026991_03397F_F48C_COG,OK,CACHE,0,sentinel-1b,2021-05-20T17:14:34.747398Z,2021-05-20T17:14:59.745677Z,IW,VV|VH,ascending,15,26991,,L1,"[7.516552, 45.093113, 11.242407, 47.0033]",11,https://stac.dataspace.copernicus.eu/v1/collections/sentinel-1-grd/items/S1B_IW_GRDH_1SDV_20210520T171434_20210520T171459_026991_03397F_F48C_COG
S1B_IW_GRDH_1SDV_20210524T053457_20210524T053522_027042_033B10_2F66_COG,OK,CACHE,0,sentinel-1b,2021-05-24T05:34:57.912900Z,2021-05-24T05:35:22.910369Z,IW,VV|VH,descending,66,27042,,L1,"[6.417264, 44.546089, 10.083921, 46.448605]",11,https://stac.dataspace.copernicus.eu/v1/collections/sentinel-1-grd/items/S1B_IW_GRDH_1SDV_20210524T053457_20210524T053522_027042_033B10_2F66_COG
S1B_IW_GRDH_1SDV_20210525T172221_20210525T172246_027064_033BC2_BC3E_COG,OK,CACHE,0,sentinel-1b,2021-05-25T17:22:21.326866Z,2021-05-25T17:22:46.326133Z,IW,VV|VH,ascending,88,27064,,L1,"[5.940094, 43.452045, 9.543212, 45.363415]",11,https://stac.dataspace.copernicus.eu/v1/collections/sentinel-1-grd/items/S1B_IW_GRDH_1SDV_20210525T172221_20210525T172246_027064_033BC2_BC3E_COG
S1B_IW_GRDH_1SDV_20210525T172246_20210525T172311_027064_033BC2_00F9_COG,OK,CACHE,0,sentinel-1b,2021-05-25T17:22:46.327665Z,2021-05-25T17:23:11.325436Z,IW,VV|VH,ascending,88,27064,,L1,"[5.487123, 44.956913, 9.257496, 46.858727]",11,https://stac.dataspace.copernicus.eu/v1/collections/sentinel-1-grd/items/S1B_IW_GRDH_1SDV_20210525T172246_20210525T172311_027064_033BC2_00F9_COG
S1B_IW_GRDH_1SDV_20210531T052639_20210531T052704_027144_033E10_D6EE_COG,OK,CACHE,0,sentinel-1b,2021-05-31T05:26:39.757224Z,2021-05-31T05:27:04.755844Z,IW,VV|VH,descending,168,27144,,L1,"[8.556047, 44.836105, 12.226522, 46.740921]",11,https://stac.dataspace.copernicus.eu/v1/collections/sentinel-1-grd/items/S1B_IW_GRDH_1SDV_20210531T052639_20210531T052704_027144_033E10_D6EE_COG
S1B_IW_GRDH_1SDV_20210531T052704_20210531T052729_027144_033E10_9647_COG,OK,CACHE,0,sentinel-1b,2021-05-31T05:27:04.757294Z,2021-05-31T05:27:29.755911Z,IW,VV|VH,descending,168,27144,,L1,"[8.225681, 43.337543, 11.834352, 45.239429]",11,https://stac.dataspace.copernicus.eu/v1/collections/sentinel-1-grd/items/S1B_IW_GRDH_1SDV_20210531T052704_20210531T052729_027144_033E10_9647_COG
S1B_IW_GRDH_1SDV_20210601T171410_20210601T171435_027166_033EB1_3369_COG,OK,CACHE,0,sentinel-1b,2021-06-01T17:14:10.491310Z,2021-06-01T17:14:35.489653Z,IW,VV|VH,ascending,15,27166,,L1,"[7.911298, 43.593575, 11.567146, 45.50164]",11,https://stac.dataspace.copernicus.eu/v1/collections/sentinel-1-grd/items/S1B_IW_GRDH_1SDV_20210601T171410_20210601T171435_027166_033EB1_3369_COG
S1B_IW_GRDH_1SDV_20210601T171435_20210601T171500_027166_033EB1_20B4_COG,OK,CACHE,0,sentinel-1b,2021-06-01T17:14:35.491150Z,2021-06-01T17:15:00.489492Z,IW,VV|VH,ascending,15,27166,,L1,"[7.517164, 45.09304, 11.243115, 47.003208]",11,https://stac.dataspace.copernicus.eu/v1/collections/sentinel-1-grd/items/S1B_IW_GRDH_1SDV_20210601T171435_20210601T171500_027166_033EB1_20B4_COG
S1B_IW_GRDH_1SDV_20210605T053458_20210605T053523_027217_03404A_FF07_COG,OK,CACHE,0,sentinel-1b,2021-06-05T05:34:58.738481Z,2021-06-05T05:35:23.737490Z,IW,VV|VH,descending,66,27217,,L1,"[6.417872, 44.545956, 10.084711, 46.448627]",11,https://stac.dataspace.copernicus.eu/v1/collections/sentinel-1-grd/items/S1B_IW_GRDH_1SDV_20210605T053458_20210605T053523_027217_03404A_FF07_COG
S1B_IW_GRDH_1SDV_20210606T172222_20210606T172247_027239_0340F3_A2B9_COG,OK,CACHE,0,sentinel-1b,2021-06-06T17:22:22.194307Z,2021-06-06T17:22:47.192130Z,IW,VV|VH,ascending,88,27239,,L1,"[5.938601, 43.451977, 9.541977, 45.363335]",11,https://stac.dataspace.copernicus.eu/v1/collections/sentinel-1-grd/items/S1B_IW_GRDH_1SDV_20210606T172222_20210606T172247_027239_0340F3_A2B9_COG
S1B_IW_GRDH_1SDV_20210606T172247_20210606T172312_027239_0340F3_764F_COG,OK,CACHE,0,sentinel-1b,2021-06-06T17:22:47.193630Z,2021-06-06T17:23:12.192951Z,IW,VV|VH,ascending,88,27239,,L1,"[5.485552, 44.956753, 9.256107, 46.858719]",11,https://stac.dataspace.copernicus.eu/v1/collections/sentinel-1-grd/items/S1B_IW_GRDH_1SDV_20210606T172247_20210606T172312_027239_0340F3_764F_COG
S1B_IW_GRDH_1SDV_20210612T052640_20210612T052705_027319_034352_7E23_COG,OK,CACHE,0,sentinel-1b,2021-06-12T05:26:40.548935Z,2021-06-12T05:27:05.547532Z,IW,VV|VH,descending,168,27319,,L1,"[8.55502, 44.836182, 12.225486, 46.740967]",11,https://stac.dataspace.copernicus.eu/v1/collections/sentinel-1-grd/items/S1B_IW_GRDH_1SDV_20210612T052640_20210612T052705_027319_034352_7E23_COG
S1B_IW_GRDH_1SDV_20210612T052705_20210612T052730_027319_034352_DC48_COG,OK,CACHE,0,sentinel-1b,2021-06-12T05:27:05.548982Z,2021-06-12T05:27:30.547576Z,IW,VV|VH,descending,168,27319,,L1,"[8.224674, 43.337616, 11.833335, 45.239471]",11,https://stac.dataspace.copernicus.eu/v1/collections/sentinel-1-grd/items/S1B_IW_GRDH_1SDV_20210612T052705_20210612T052730_027319_034352_DC48_COG
S1B_IW_GRDH_1SDV_20210613T171411_20210613T171436_027341_0343F3_BA4A_COG,OK,CACHE,0,sentinel-1b,2021-06-13T17:14:11.269462Z,2021-06-13T17:14:36.267898Z,IW,VV|VH,ascending,15,27341,,L1,"[7.911191, 43.593456, 11.567149, 45.501526]",11,https://stac.dataspace.copernicus.eu/v1/collections/sentinel-1-grd/items/S1B_IW_GRDH_1SDV_20210613T171411_20210613T171436_027341_0343F3_BA4A_COG
S1B_IW_GRDH_1SDV_20210613T171436_20210613T171501_027341_0343F3_4C2C_COG,OK,CACHE,0,sentinel-1b,2021-06-13T17:14:36.269396Z,2021-06-13T17:15:01.267832Z,IW,VV|VH,ascending,15,27341,,L1,"[7.517071, 45.092922, 11.243132, 47.003098]",11,https://stac.dataspace.copernicus.eu/v1/collections/sentinel-1-grd/items/S1B_IW_GRDH_1SDV_20210613T171436_20210613T171501_027341_0343F3_4C2C_COG
S1B_IW_GRDH_1SDV_20210617T053459_20210617T053524_027392_034585_050D_COG,OK,CACHE,0,sentinel-1b,2021-06-17T05:34:59.410589Z,2021-06-17T05:35:24.409528Z,IW,VV|VH,descending,66,27392,,L1,"[6.418304, 44.545902, 10.084771, 46.448586]",11,https://stac.dataspace.copernicus.eu/v1/collections/sentinel-1-grd/items/S1B_IW_GRDH_1SDV_20210617T053459_20210617T053524_027392_034585_050D_COG
S1B_IW_GRDH_1SDV_20210618T172222_20210618T172247_027414_034636_3C66_COG,OK,CACHE,0,sentinel-1b,2021-06-18T17:22:22.873402Z,2021-06-18T17:22:47.871349Z,IW,VV|VH,ascending,88,27414,,L1,"[5.938277, 43.451809, 9.541658, 45.363197]",11,https://stac.dataspace.copernicus.eu/v1/collections/sentinel-1-grd/items/S1B_IW_GRDH_1SDV_20210618T172222_20210618T172247_027414_034636_3C66_COG
S1B_IW_GRDH_1SDV_20210618T172247_20210618T172312_027414_034636_4711_COG,OK,CACHE,0,sentinel-1b,2021-06-18T17:22:47.872849Z,2021-06-18T17:23:12.872294Z,IW,VV|VH,ascending,88,27414,,L1,"[5.485199, 44.956581, 9.255767, 46.858582]",11,https://stac.dataspace.copernicus.eu/v1/collections/sentinel-1-grd/items/S1B_IW_GRDH_1SDV_20210618T172247_20210618T172312_027414_034636_4711_COG
S1B_IW_GRDH_1SDV_20210624T052641_20210624T052706_027494_034848_AA84_COG,OK,CACHE,0,sentinel-1b,2021-06-24T05:26:41.131111Z,2021-06-24T05:27:06.129688Z,IW,VV|VH,descending,168,27494,,L1,"[8.555326, 44.836021, 12.225622, 46.740768]",11,https://stac.dataspace.copernicus.eu/v1/collections/sentinel-1-grd/items/S1B_IW_GRDH_1SDV_20210624T052641_20210624T052706_027494_034848_AA84_COG
S1B_IW_GRDH_1SDV_20210624T052706_20210624T052731_027494_034848_C76B_COG,OK,CACHE,0,sentinel-1b,2021-06-24T05:27:06.131189Z,2021-06-24T05:27:31.129766Z,IW,VV|VH,descending,168,27494,,L1,"[8.22489, 43.337448, 11.83351, 45.239281]",11,https://stac.dataspace.copernicus.eu/v1/collections/sentinel-1-grd/items/S1B_IW_GRDH_1SDV_20210624T052706_20210624T052731_027494_034848_C76B_COG
S1B_IW_GRDH_1SDV_20210625T171411_20210625T171436_027516_0348DE_1DB3_COG,OK,CACHE,0,sentinel-1b,2021-06-25T17:14:11.894281Z,2021-06-25T17:14:36.892559Z,IW,VV|VH,ascending,15,27516,,L1,"[7.912976, 43.593765, 11.568791, 45.50177]",11,https://stac.dataspace.copernicus.eu/v1/collections/sentinel-1-grd/items/S1B_IW_GRDH_1SDV_20210625T171411_20210625T171436_027516_0348DE_1DB3_COG
S1B_IW_GRDH_1SDV_20210625T171436_20210625T171501_027516_0348DE_8CAE_COG,OK,CACHE,0,sentinel-1b,2021-06-25T17:14:36.894056Z,2021-06-25T17:15:01.892335Z,IW,VV|VH,ascending,15,27516,,L1,"[7.518901, 45.093239, 11.244694, 47.003326]",11,https://stac.dataspace.copernicus.eu/v1/collections/sentinel-1-grd/items/S1B_IW_GRDH_1SDV_20210625T171436_20210625T171501_027516_0348DE_8CAE_COG
S1B_IW_GRDH_1SDV_20210629T053500_20210629T053525_027567_034A71_E3B7_COG,OK,CACHE,0,sentinel-1b,2021-06-29T05:35:00.105035Z,2021-06-29T05:35:25.104012Z,IW,VV|VH,descending,66,27567,,L1,"[6.418454, 44.545948, 10.084897, 46.448608]",11,https://stac.dataspace.copernicus.eu/v1/collections/sentinel-1-grd/items/S1B_IW_GRDH_1SDV_20210629T053500_20210629T053525_027567_034A71_E3B7_COG
S1B_IW_GRDH_1SDV_20210706T052641_20210706T052706_027669_034D60_DCD0_COG,OK,CACHE,0,sentinel-1b,2021-07-06T05:26:41.753271Z,2021-07-06T05:27:06.751803Z,IW,VV|VH,descending,168,27669,,L1,"[8.555993, 44.836048, 12.226323, 46.740822]",11,https://stac.dataspace.copernicus.eu/v1/collections/sentinel-1-grd/items/S1B_IW_GRDH_1SDV_20210706T052641_20210706T052706_027669_034D60_DCD0_COG
S1B_IW_GRDH_1SDV_20210706T052706_20210706T052731_027669_034D60_1D73_COG,OK,CACHE,0,sentinel-1b,2021-07-06T05:27:06.753304Z,2021-07-06T05:27:31.751836Z,IW,VV|VH,descending,168,27669,,L1,"[8.225524, 43.337479, 11.834174, 45.239338]",11,https://stac.dataspace.copernicus.eu/v1/collections/sentinel-1-grd/items/S1B_IW_GRDH_1SDV_20210706T052706_20210706T052731_027669_034D60_1D73_COG
S1B_IW_GRDH_1SDV_20210707T171412_20210707T171437_027691_034E02_649D_COG,OK,CACHE,0,sentinel-1b,2021-07-07T17:14:12.384637Z,2021-07-07T17:14:37.383005Z,IW,VV|VH,ascending,15,27691,,L1,"[7.913109, 43.593647, 11.568928, 45.501667]",11,https://stac.dataspace.copernicus.eu/v1/collections/sentinel-1-grd/items/S1B_IW_GRDH_1SDV_20210707T171412_20210707T171437_027691_034E02_649D_COG
S1B_IW_GRDH_1SDV_20210707T171437_20210707T171502_027691_034E02_FB60_COG,OK,CACHE,0,sentinel-1b,2021-07-07T17:14:37.384502Z,2021-07-07T17:15:02.382871Z,IW,VV|VH,ascending,15,27691,,L1,"[7.519021, 45.093117, 11.244942, 47.003239]",11,https://stac.dataspace.copernicus.eu/v1/collections/sentinel-1-grd/items/S1B_IW_GRDH_1SDV_20210707T171437_20210707T171502_027691_034E02_FB60_COG
S1B_IW_GRDH_1SDV_20210711T053500_20210711T053525_027742_034F8F_801F_COG,OK,CACHE,0,sentinel-1b,2021-07-11T05:35:00.685328Z,2021-07-11T05:35:25.684234Z,IW,VV|VH,descending,66,27742,,L1,"[6.417664, 44.545937, 10.084328, 46.448521]",11,https://stac.dataspace.copernicus.eu/v1/collections/sentinel-1-grd/items/S1B_IW_GRDH_1SDV_20210711T053500_20210711T053525_027742_034F8F_801F_COG
S1B_IW_GRDH_1SDV_20210712T172224_20210712T172249_027764_03503E_FF0F_COG,OK,CACHE,0,sentinel-1b,2021-07-12T17:22:24.175342Z,2021-07-12T17:22:49.174724Z,IW,VV|VH,ascending,88,27764,,L1,"[5.940047, 43.451916, 9.543417, 45.363338]",11,https://stac.dataspace.copernicus.eu/v1/collections/sentinel-1-grd/items/S1B_IW_GRDH_1SDV_20210712T172224_20210712T172249_027764_03503E_FF0F_COG
S1B_IW_GRDH_1SDV_20210712T172249_20210712T172314_027764_03503E_E541_COG,OK,CACHE,0,sentinel-1b,2021-07-12T17:22:49.176222Z,2021-07-12T17:23:14.174107Z,IW,VV|VH,ascending,88,27764,,L1,"[5.487052, 44.956779, 9.257563, 46.858635]",11,https://stac.dataspace.copernicus.eu/v1/collections/sentinel-1-grd/items/S1B_IW_GRDH_1SDV_20210712T172249_20210712T172314_027764_03503E_E541_COG
S1B_IW_GRDH_1SDV_20210718T052642_20210718T052707_027844_035293_C00E_COG,OK,CACHE,0,sentinel-1b,2021-07-18T05:26:42.601848Z,2021-07-18T05:27:07.600317Z,IW,VV|VH,descending,168,27844,,L1,"[8.556091, 44.835884, 12.22645, 46.7407]",11,https://stac.dataspace.copernicus.eu/v1/collections/sentinel-1-grd/items/S1B_IW_GRDH_1SDV_20210718T052642_20210718T052707_027844_035293_C00E_COG
S1B_IW_GRDH_1SDV_20210718T052707_20210718T052732_027844_035293_A1AA_COG,OK,CACHE,0,sentinel-1b,2021-07-18T05:27:07.601818Z,2021-07-18T05:27:32.600288Z,IW,VV|VH,descending,168,27844,,L1,"[8.225576, 43.337318, 11.834252, 45.23922]",11,https://stac.dataspace.copernicus.eu/v1/collections/sentinel-1-grd/items/S1B_IW_GRDH_1SDV_20210718T052707_20210718T052732_027844_035293_A1AA_COG
S1B_IW_GRDH_1SDV_20210719T171413_20210719T171438_027866_035336_C014_COG,OK,CACHE,0,sentinel-1b,2021-07-19T17:14:13.305420Z,2021-07-19T17:14:38.303857Z,IW,VV|VH,ascending,15,27866,,L1,"[7.910992, 43.593437, 11.566833, 45.501522]",11,https://stac.dataspace.copernicus.eu/v1/collections/sentinel-1-grd/items/S1B_IW_GRDH_1SDV_20210719T171413_20210719T171438_027866_035336_C014_COG
S1B_IW_GRDH_1SDV_20210719T171438_20210719T171503_027866_035336_E788_COG,OK,CACHE,0,sentinel-1b,2021-07-19T17:14:38.305354Z,2021-07-19T17:15:03.303791Z,IW,VV|VH,ascending,15,27866,,L1,"[7.516856, 45.092903, 11.242798, 47.00309]",11,https://stac.dataspace.copernicus.eu/v1/collections/sentinel-1-grd/items/S1B_IW_GRDH_1SDV_20210719T171438_20210719T171503_027866_035336_E788_COG
S1B_IW_GRDH_1SDV_20210723T053501_20210723T053526_027917_0354BF_A102_COG,OK,CACHE,0,sentinel-1b,2021-07-23T05:35:01.485668Z,2021-07-23T05:35:26.484581Z,IW,VV|VH,descending,66,27917,,L1,"[6.417852, 44.545876, 10.084519, 46.448479]",11,https://stac.dataspace.copernicus.eu/v1/collections/sentinel-1-grd/items/S1B_IW_GRDH_1SDV_20210723T053501_20210723T053526_027917_0354BF_A102_COG
S1B_IW_GRDH_1SDV_20210724T172224_20210724T172249_027939_03556E_851E_COG,OK,CACHE,0,sentinel-1b,2021-07-24T17:22:24.988609Z,2021-07-24T17:22:49.987904Z,IW,VV|VH,ascending,88,27939,,L1,"[5.940259, 43.452057, 9.543513, 45.363461]",11,https://stac.dataspace.copernicus.eu/v1/collections/sentinel-1-grd/items/S1B_IW_GRDH_1SDV_20210724T172224_20210724T172249_027939_03556E_851E_COG
S1B_IW_GRDH_1SDV_20210724T172249_20210724T172314_027939_03556E_3ACF_COG,OK,CACHE,0,sentinel-1b,2021-07-24T17:22:49.989401Z,2021-07-24T17:23:14.987197Z,IW,VV|VH,ascending,88,27939,,L1,"[5.487272, 44.956924, 9.257659, 46.858757]",11,https://stac.dataspace.copernicus.eu/v1/collections/sentinel-1-grd/items/S1B_IW_GRDH_1SDV_20210724T172249_20210724T172314_027939_03556E_3ACF_COG
S1B_IW_GRDH_1SDV_20210730T052643_20210730T052708_028019_0357B2_37EA_COG,OK,CACHE,0,sentinel-1b,2021-07-30T05:26:43.377052Z,2021-07-30T05:27:08.375653Z,IW,VV|VH,descending,168,28019,,L1,"[8.556253, 44.835991, 12.226717, 46.740803]",11,https://stac.dataspace.copernicus.eu/v1/collections/sentinel-1-grd/items/S1B_IW_GRDH_1SDV_20210730T052643_20210730T052708_028019_0357B2_37EA_COG
S1B_IW_GRDH_1SDV_20210730T052708_20210730T052733_028019_0357B2_0DB2_COG,OK,CACHE,0,sentinel-1b,2021-07-30T05:27:08.377103Z,2021-07-30T05:27:33.375701Z,IW,VV|VH,descending,168,28019,,L1,"[8.225893, 43.337429, 11.834553, 45.239311]",11,https://stac.dataspace.copernicus.eu/v1/collections/sentinel-1-grd/items/S1B_IW_GRDH_1SDV_20210730T052708_20210730T052733_028019_0357B2_0DB2_COG
S1B_IW_GRDH_1SDV_20210731T171414_20210731T171439_028041_035850_4DC1_COG,OK,CACHE,0,sentinel-1b,2021-07-31T17:14:14.081502Z,2021-07-31T17:14:39.079808Z,IW,VV|VH,ascending,15,28041,,L1,"[7.911796, 43.593693, 11.56765, 45.501755]",11,https://stac.dataspace.copernicus.eu/v1/collections/sentinel-1-grd/items/S1B_IW_GRDH_1SDV_20210731T171414_20210731T171439_028041_035850_4DC1_COG
S1B_IW_GRDH_1SDV_20210731T171414_20210731T171439_028041_035850_A42C_COG,OK,CACHE,0,sentinel-1b,2021-07-31T17:14:14.081502Z,2021-07-31T17:14:39.079808Z,IW,VV|VH,ascending,15,28041,,L1,"[7.911796, 43.593693, 11.56765, 45.501755]",11,https://stac.dataspace.copernicus.eu/v1/collections/sentinel-1-grd/items/S1B_IW_GRDH_1SDV_20210731T171414_20210731T171439_028041_035850_A42C_COG
S1B_IW_GRDH_1SDV_20210731T171439_20210731T171504_028041_035850_1A91_COG,OK,CACHE,0,sentinel-1b,2021-07-31T17:14:39.081306Z,2021-07-31T17:15:04.081110Z,IW,VV|VH,ascending,15,28041,,L1,"[7.517637, 45.093159, 11.243623, 47.00341]",11,https://stac.dataspace.copernicus.eu/v1/collections/sentinel-1-grd/items/S1B_IW_GRDH_1SDV_20210731T171439_20210731T171504_028041_035850_1A91_COG
S1B_IW_GRDH_1SDV_20210731T171439_20210731T171504_028041_035850_F1A9_COG,OK,CACHE,0,sentinel-1b,2021-07-31T17:14:39.081306Z,2021-07-31T17:15:04.081110Z,IW,VV|VH,ascending,15,28041,,L1,"[7.517637, 45.093159, 11.243623, 47.00341]",11,https://stac.dataspace.copernicus.eu/v1/collections/sentinel-1-grd/items/S1B_IW_GRDH_1SDV_20210731T171439_20210731T171504_028041_035850_F1A9_COG
S1B_IW_GRDH_1SDV_20210804T053502_20210804T053527_028092_0359E9_1B7E_COG,OK,CACHE,0,sentinel-1b,2021-08-04T05:35:02.155916Z,2021-08-04T05:35:27.154864Z,IW,VV|VH,descending,66,28092,,L1,"[6.418213, 44.545788, 10.084889, 46.448406]",11,https://stac.dataspace.copernicus.eu/v1/collections/sentinel-1-grd/items/S1B_IW_GRDH_1SDV_20210804T053502_20210804T053527_028092_0359E9_1B7E_COG
S1B_IW_GRDH_1SDV_20210805T172225_20210805T172250_028114_035A9F_A705_COG,OK,CACHE,0,sentinel-1b,2021-08-05T17:22:25.596556Z,2021-08-05T17:22:50.595864Z,IW,VV|VH,ascending,88,28114,,L1,"[5.940279, 43.452076, 9.543537, 45.36348]",11,https://stac.dataspace.copernicus.eu/v1/collections/sentinel-1-grd/items/S1B_IW_GRDH_1SDV_20210805T172225_20210805T172250_028114_035A9F_A705_COG
S1B_IW_GRDH_1SDV_20210805T172250_20210805T172315_028114_035A9F_85AA_COG,OK,CACHE,0,sentinel-1b,2021-08-05T17:22:50.595867Z,2021-08-05T17:23:15.595176Z,IW,VV|VH,ascending,88,28114,,L1,"[5.487285, 44.956852, 9.257695, 46.858776]",11,https://stac.dataspace.copernicus.eu/v1/collections/sentinel-1-grd/items/S1B_IW_GRDH_1SDV_20210805T172250_20210805T172315_028114_035A9F_85AA_COG
S1B_IW_GRDH_1SDV_20210811T052643_20210811T052708_028194_035D14_CDF0_COG,OK,CACHE,0,sentinel-1b,2021-08-11T05:26:43.983530Z,2021-08-11T05:27:08.982842Z,IW,VV|VH,descending,168,28194,,L1,"[8.557272, 44.836613, 12.221406, 46.740627]",11,https://stac.dataspace.copernicus.eu/v1/collections/sentinel-1-grd/items/S1B_IW_GRDH_1SDV_20210811T052643_20210811T052708_028194_035D14_CDF0_COG
S1B_IW_GRDH_1SDV_20210811T052708_20210811T052733_028194_035D14_3A31_COG,OK,CACHE,0,sentinel-1b,2021-08-11T05:27:08.984342Z,2021-08-11T05:27:33.982153Z,IW,VV|VH,descending,168,28194,,L1,"[8.22679, 43.338081, 11.829347, 45.239098]",11,https://stac.dataspace.copernicus.eu/v1/collections/sentinel-1-grd/items/S1B_IW_GRDH_1SDV_20210811T052708_20210811T052733_028194_035D14_3A31_COG
S1B_IW_GRDH_1SDV_20210812T171414_20210812T171439_028216_035DB8_6A6B_COG,OK,CACHE,0,sentinel-1b,2021-08-12T17:14:14.663782Z,2021-08-12T17:14:39.662065Z,IW,VV|VH,ascending,15,28216,,L1,"[7.913062, 43.593849, 11.568889, 45.501858]",11,https://stac.dataspace.copernicus.eu/v1/collections/sentinel-1-grd/items/S1B_IW_GRDH_1SDV_20210812T171414_20210812T171439_028216_035DB8_6A6B_COG
S1B_IW_GRDH_1SDV_20210812T171439_20210812T171504_028216_035DB8_B973_COG,OK,CACHE,0,sentinel-1b,2021-08-12T17:14:39.663562Z,2021-08-12T17:15:04.661845Z,IW,VV|VH,ascending,15,28216,,L1,"[7.518977, 45.093319, 11.244782, 47.003418]",11,https://stac.dataspace.copernicus.eu/v1/collections/sentinel-1-grd/items/S1B_IW_GRDH_1SDV_20210812T171439_20210812T171504_028216_035DB8_B973_COG
S1B_IW_GRDH_1SDV_20210817T172226_20210817T172251_028289_036018_DA72_COG,OK,CACHE,0,sentinel-1b,2021-08-17T17:22:26.228545Z,2021-08-17T17:22:51.226364Z,IW,VV|VH,ascending,88,28289,,L1,"[5.939454, 43.452091, 9.542708, 45.36343]",11,https://stac.dataspace.copernicus.eu/v1/collections/sentinel-1-grd/items/S1B_IW_GRDH_1SDV_20210817T172226_20210817T172251_028289_036018_DA72_COG
S1B_IW_GRDH_1SDV_20210817T172251_20210817T172316_028289_036018_54DC_COG,OK,CACHE,0,sentinel-1b,2021-08-17T17:22:51.227863Z,2021-08-17T17:23:16.227180Z,IW,VV|VH,ascending,88,28289,,L1,"[5.486412, 44.956867, 9.256844, 46.858814]",11,https://stac.dataspace.copernicus.eu/v1/collections/sentinel-1-grd/items/S1B_IW_GRDH_1SDV_20210817T172251_20210817T172316_028289_036018_54DC_COG
S1B_IW_GRDH_1SDV_20210823T052644_20210823T052709_028369_03628D_46C8_COG,OK,CACHE,0,sentinel-1b,2021-08-23T05:26:44.642231Z,2021-08-23T05:27:09.640826Z,IW,VV|VH,descending,168,28369,,L1,"[8.555003, 44.836056, 12.225438, 46.740822]",11,https://stac.dataspace.copernicus.eu/v1/collections/sentinel-1-grd/items/S1B_IW_GRDH_1SDV_20210823T052644_20210823T052709_028369_03628D_46C8_COG
S1B_IW_GRDH_1SDV_20210823T052709_20210823T052734_028369_03628D_3738_COG,OK,CACHE,0,sentinel-1b,2021-08-23T05:27:09.642301Z,2021-08-23T05:27:34.640894Z,IW,VV|VH,descending,168,28369,,L1,"[8.224562, 43.337486, 11.833317, 45.239338]",11,https://stac.dataspace.copernicus.eu/v1/collections/sentinel-1-grd/items/S1B_IW_GRDH_1SDV_20210823T052709_20210823T052734_028369_03628D_3738_COG
S1B_IW_GRDH_1SDV_20210824T171415_20210824T171440_028391_036337_BB7B_COG,OK,CACHE,0,sentinel-1b,2021-08-24T17:14:15.365005Z,2021-08-24T17:14:40.363360Z,IW,VV|VH,ascending,15,28391,,L1,"[7.912035, 43.593716, 11.567865, 45.50174]",11,https://stac.dataspace.copernicus.eu/v1/collections/sentinel-1-grd/items/S1B_IW_GRDH_1SDV_20210824T171415_20210824T171440_028391_036337_BB7B_COG
S1B_IW_GRDH_1SDV_20210824T171440_20210824T171505_028391_036337_9703_COG,OK,CACHE,0,sentinel-1b,2021-08-24T17:14:40.364858Z,2021-08-24T17:15:05.363212Z,IW,VV|VH,ascending,15,28391,,L1,"[7.517937, 45.093185, 11.243871, 47.003311]",11,https://stac.dataspace.copernicus.eu/v1/collections/sentinel-1-grd/items/S1B_IW_GRDH_1SDV_20210824T171440_20210824T171505_028391_036337_9703_COG
S1B_IW_GRDH_1SDV_20210828T053503_20210828T053528_028442_0364CD_5B95_COG,OK,CACHE,0,sentinel-1b,2021-08-28T05:35:03.501179Z,2021-08-28T05:35:28.500180Z,IW,VV|VH,descending,66,28442,,L1,"[6.418085, 44.545799, 10.084924, 46.448471]",11,https://stac.dataspace.copernicus.eu/v1/collections/sentinel-1-grd/items/S1B_IW_GRDH_1SDV_20210828T053503_20210828T053528_028442_0364CD_5B95_COG
S1B_IW_GRDH_1SDV_20210829T172226_20210829T172251_028464_03658B_2A2D_COG,OK,CACHE,0,sentinel-1b,2021-08-29T17:22:26.907557Z,2021-08-29T17:22:51.905433Z,IW,VV|VH,ascending,88,28464,,L1,"[5.937991, 43.452053, 9.541279, 45.363438]",11,https://stac.dataspace.copernicus.eu/v1/collections/sentinel-1-grd/items/S1B_IW_GRDH_1SDV_20210829T172226_20210829T172251_028464_03658B_2A2D_COG
S1B_IW_GRDH_1SDV_20210829T172251_20210829T172316_028464_03658B_E560_COG,OK,CACHE,0,sentinel-1b,2021-08-29T17:22:51.906966Z,2021-08-29T17:23:16.904845Z,IW,VV|VH,ascending,88,28464,,L1,"[5.484921, 44.956825, 9.255492, 46.858742]",11,https://stac.dataspace.copernicus.eu/v1/collections/sentinel-1-grd/items/S1B_IW_GRDH_1SDV_20210829T172251_20210829T172316_028464_03658B_E560_COG
S1B_IW_GRDH_1SDV_20210904T052645_20210904T052710_028544_036806_FBC4_COG,OK,CACHE,0,sentinel-1b,2021-09-04T05:26:45.177884Z,2021-09-04T05:27:10.176498Z,IW,VV|VH,descending,168,28544,,L1,"[8.556129, 44.83593, 12.226608, 46.740757]",11,https://stac.dataspace.copernicus.eu/v1/collections/sentinel-1-grd/items/S1B_IW_GRDH_1SDV_20210904T052645_20210904T052710_028544_036806_FBC4_COG
S1B_IW_GRDH_1SDV_20210904T052710_20210904T052735_028544_036806_6B06_COG,OK,CACHE,0,sentinel-1b,2021-09-04T05:27:10.177998Z,2021-09-04T05:27:35.176612Z,IW,VV|VH,descending,168,28544,,L1,"[8.225623, 43.337364, 11.83442, 45.239277]",11,https://stac.dataspace.copernicus.eu/v1/collections/sentinel-1-grd/items/S1B_IW_GRDH_1SDV_20210904T052710_20210904T052735_028544_036806_6B06_COG
S1B_IW_GRDH_1SDV_20210904T052710_20210904T052735_028544_036806_9C14_COG,OK,CACHE,0,sentinel-1b,2021-09-04T05:27:10.177998Z,2021-09-04T05:27:35.176612Z,IW,VV|VH,descending,168,28544,,L1,"[8.225623, 43.337364, 11.83442, 45.239277]",11,https://stac.dataspace.copernicus.eu/v1/collections/sentinel-1-grd/items/S1B_IW_GRDH_1SDV_20210904T052710_20210904T052735_028544_036806_9C14_COG
S1B_IW_GRDH_1SDV_20210905T171415_20210905T171440_028566_0368AE_FBFD_COG,OK,CACHE,0,sentinel-1b,2021-09-05T17:14:15.898668Z,2021-09-05T17:14:40.897085Z,IW,VV|VH,ascending,15,28566,,L1,"[7.911528, 43.593597, 11.567499, 45.501671]",11,https://stac.dataspace.copernicus.eu/v1/collections/sentinel-1-grd/items/S1B_IW_GRDH_1SDV_20210905T171415_20210905T171440_028566_0368AE_FBFD_COG
S1B_IW_GRDH_1SDV_20210905T171440_20210905T171505_028566_0368AE_D723_COG,OK,CACHE,0,sentinel-1b,2021-09-05T17:14:40.898582Z,2021-09-05T17:15:05.896999Z,IW,VV|VH,ascending,15,28566,,L1,"[7.5174, 45.093063, 11.243476, 47.003239]",11,https://stac.dataspace.copernicus.eu/v1/collections/sentinel-1-grd/items/S1B_IW_GRDH_1SDV_20210905T171440_20210905T171505_028566_0368AE_D723_COG
S1B_IW_GRDH_1SDV_20210909T053503_20210909T053528_028617_036A46_3D85_COG,OK,CACHE,0,sentinel-1b,2021-09-09T05:35:03.985841Z,2021-09-09T05:35:28.983383Z,IW,VV|VH,descending,66,28617,,L1,"[6.417961, 44.545929, 10.084726, 46.448452]",11,https://stac.dataspace.copernicus.eu/v1/collections/sentinel-1-grd/items/S1B_IW_GRDH_1SDV_20210909T053503_20210909T053528_028617_036A46_3D85_COG
S1B_IW_GRDH_1SDV_20210910T172227_20210910T172252_028639_036AFF_F9D8_COG,OK,CACHE,0,sentinel-1b,2021-09-10T17:22:27.414578Z,2021-09-10T17:22:52.413868Z,IW,VV|VH,ascending,88,28639,,L1,"[5.939877, 43.452156, 9.543162, 45.363567]",11,https://stac.dataspace.copernicus.eu/v1/collections/sentinel-1-grd/items/S1B_IW_GRDH_1SDV_20210910T172227_20210910T172252_028639_036AFF_F9D8_COG
S1B_IW_GRDH_1SDV_20210910T172252_20210910T172317_028639_036AFF_C6A9_COG,OK,CACHE,0,sentinel-1b,2021-09-10T17:22:52.415384Z,2021-09-10T17:23:17.413177Z,IW,VV|VH,ascending,88,28639,,L1,"[5.486862, 44.95702, 9.257403, 46.858879]",11,https://stac.dataspace.copernicus.eu/v1/collections/sentinel-1-grd/items/S1B_IW_GRDH_1SDV_20210910T172252_20210910T172317_028639_036AFF_C6A9_COG
S1B_IW_GRDH_1SDV_20210916T052645_20210916T052710_028719_036D65_3FDB_COG,OK,CACHE,0,sentinel-1b,2021-09-16T05:26:45.623944Z,2021-09-16T05:27:10.622653Z,IW,VV|VH,descending,168,28719,,L1,"[8.556728, 44.835964, 12.227349, 46.740829]",11,https://stac.dataspace.copernicus.eu/v1/collections/sentinel-1-grd/items/S1B_IW_GRDH_1SDV_20210916T052645_20210916T052710_028719_036D65_3FDB_COG
S1B_IW_GRDH_1SDV_20210916T052710_20210916T052735_028719_036D65_48C5_COG,OK,CACHE,0,sentinel-1b,2021-09-16T05:27:10.624154Z,2021-09-16T05:27:35.622863Z,IW,VV|VH,descending,168,28719,,L1,"[8.226203, 43.337402, 11.835142, 45.239349]",11,https://stac.dataspace.copernicus.eu/v1/collections/sentinel-1-grd/items/S1B_IW_GRDH_1SDV_20210916T052710_20210916T052735_028719_036D65_48C5_COG
S1B_IW_GRDH_1SDV_20210917T171416_20210917T171441_028741_036E0B_A6EB_COG,OK,CACHE,0,sentinel-1b,2021-09-17T17:14:16.345897Z,2021-09-17T17:14:41.344268Z,IW,VV|VH,ascending,15,28741,,L1,"[7.911478, 43.593761, 11.567469, 45.501839]",11,https://stac.dataspace.copernicus.eu/v1/collections/sentinel-1-grd/items/S1B_IW_GRDH_1SDV_20210917T171416_20210917T171441_028741_036E0B_A6EB_COG
S1B_IW_GRDH_1SDV_20210917T171441_20210917T171506_028741_036E0B_3410_COG,OK,CACHE,0,sentinel-1b,2021-09-17T17:14:41.345785Z,2021-09-17T17:15:06.344158Z,IW,VV|VH,ascending,15,28741,,L1,"[7.517331, 45.093227, 11.243433, 47.003407]",11,https://stac.dataspace.copernicus.eu/v1/collections/sentinel-1-grd/items/S1B_IW_GRDH_1SDV_20210917T171441_20210917T171506_028741_036E0B_3410_COG
S1B_IW_GRDH_1SDV_20210921T053504_20210921T053529_028792_036FA3_3FA5_COG,OK,CACHE,0,sentinel-1b,2021-09-21T05:35:04.456941Z,2021-09-21T05:35:29.454556Z,IW,VV|VH,descending,66,28792,,L1,"[6.418149, 44.545986, 10.085066, 46.44854]",11,https://stac.dataspace.copernicus.eu/v1/collections/sentinel-1-grd/items/S1B_IW_GRDH_1SDV_20210921T053504_20210921T053529_028792_036FA3_3FA5_COG
S1B_IW_GRDH_1SDV_20210922T172227_20210922T172252_028814_037057_7DF4_COG,OK,CACHE,0,sentinel-1b,2021-09-22T17:22:27.849085Z,2021-09-22T17:22:52.846943Z,IW,VV|VH,ascending,88,28814,,L1,"[5.939872, 43.452206, 9.543266, 45.363541]",11,https://stac.dataspace.copernicus.eu/v1/collections/sentinel-1-grd/items/S1B_IW_GRDH_1SDV_20210922T172227_20210922T172252_028814_037057_7DF4_COG
S1B_IW_GRDH_1SDV_20210922T172252_20210922T172317_028814_037057_F5CD_COG,OK,CACHE,0,sentinel-1b,2021-09-22T17:22:52.848457Z,2021-09-22T17:23:17.847815Z,IW,VV|VH,ascending,88,28814,,L1,"[5.486825, 44.956982, 9.257525, 46.85894]",11,https://stac.dataspace.copernicus.eu/v1/collections/sentinel-1-grd/items/S1B_IW_GRDH_1SDV_20210922T172252_20210922T172317_028814_037057_F5CD_COG
S1B_IW_GRDH_1SDV_20210928T052646_20210928T052711_028894_0372C3_9B7B_COG,OK,CACHE,0,sentinel-1b,2021-09-28T05:26:46.010123Z,2021-09-28T05:27:11.008940Z,IW,VV|VH,descending,168,28894,,L1,"[8.556421, 44.836006, 12.227312, 46.74091]",11,https://stac.dataspace.copernicus.eu/v1/collections/sentinel-1-grd/items/S1B_IW_GRDH_1SDV_20210928T052646_20210928T052711_028894_0372C3_9B7B_COG
S1B_IW_GRDH_1SDV_20210928T052711_20210928T052736_028894_0372C3_E9B0_COG,OK,CACHE,0,sentinel-1b,2021-09-28T05:27:11.010415Z,2021-09-28T05:27:36.007731Z,IW,VV|VH,descending,168,28894,,L1,"[8.226024, 43.33754, 11.835086, 45.239418]",11,https://stac.dataspace.copernicus.eu/v1/collections/sentinel-1-grd/items/S1B_IW_GRDH_1SDV_20210928T052711_20210928T052736_028894_0372C3_E9B0_COG
S1B_IW_GRDH_1SDV_20210929T171416_20210929T171441_028916_03736D_88D7_COG,OK,CACHE,0,sentinel-1b,2021-09-29T17:14:16.624596Z,2021-09-29T17:14:41.623062Z,IW,VV|VH,ascending,15,28916,,L1,"[7.910437, 43.593624, 11.566703, 45.501762]",11,https://stac.dataspace.copernicus.eu/v1/collections/sentinel-1-grd/items/S1B_IW_GRDH_1SDV_20210929T171416_20210929T171441_028916_03736D_88D7_COG
S1B_IW_GRDH_1SDV_20210929T171441_20210929T171506_028916_03736D_74F7_COG,OK,CACHE,0,sentinel-1b,2021-09-29T17:14:41.624560Z,2021-09-29T17:15:06.623026Z,IW,VV|VH,ascending,15,28916,,L1,"[7.516246, 45.093082, 11.242502, 47.003315]",11,https://stac.dataspace.copernicus.eu/v1/collections/sentinel-1-grd/items/S1B_IW_GRDH_1SDV_20210929T171441_20210929T171506_028916_03736D_74F7_COG
S1C_EW_GRDM_1SDH_20250421T053343_20250421T053440_001987_003FE5_411A_COG,OK,CACHE,0,sentinel-1c,2025-04-21T05:33:43.283753Z,2025-04-21T05:34:40.665235Z,EW,HH|HV,descending,66,1987,,L1,"[6.510913, 45.284695, 12.861603, 49.39959]",11,https://stac.dataspace.copernicus.eu/v1/collections/sentinel-1-grd/items/S1C_EW_GRDM_1SDH_20250421T053343_20250421T053440_001987_003FE5_411A_COG
S1C_EW_GRDM_1SDH_20250421T053343_20250421T053440_001987_003FE5_6601_COG,OK,CACHE,0,sentinel-1c,2025-04-21T05:33:43.283753Z,2025-04-21T05:34:40.665235Z,EW,HH|HV,descending,66,1987,,L1,"[6.510913, 45.284695, 12.861603, 49.39959]",11,https://stac.dataspace.copernicus.eu/v1/collections/sentinel-1-grd/items/S1C_EW_GRDM_1SDH_20250421T053343_20250421T053440_001987_003FE5_6601_COG
S1C_IW_GRDH_1SDV_20250404T052617_20250404T052646_001739_00308B_9DDE_COG,OK,CACHE,0,sentinel-1c,2025-04-04T05:26:17.200135Z,2025-04-04T05:26:46.501263Z,IW,VV|VH,descending,168,1739,,L1,"[8.528831, 44.333527, 12.204085, 46.491055]",11,https://stac.dataspace.copernicus.eu/v1/collections/sentinel-1-grd/items/S1C_IW_GRDH_1SDV_20250404T052617_20250404T052646_001739_00308B_9DDE_COG
S1C_IW_GRDH_1SDV_20250410T172157_20250410T172222_001834_0036A5_FC15_COG,OK,CACHE,0,sentinel-1c,2025-04-10T17:21:57.528698Z,2025-04-10T17:22:22.527130Z,IW,VV|VH,ascending,88,1834,,L1,"[5.91372, 43.604065, 9.432975, 45.502296]",11,https://stac.dataspace.copernicus.eu/v1/collections/sentinel-1-grd/items/S1C_IW_GRDH_1SDV_20250410T172157_20250410T172222_001834_0036A5_FC15_COG
S1C_IW_GRDH_1SDV_20250410T172222_20250410T172235_001834_0036A5_419D_COG,OK,CACHE,0,sentinel-1c,2025-04-10T17:22:22.528628Z,2025-04-10T17:22:35.262013Z,IW,VV|VH,ascending,88,1834,,L1,"[5.673126, 45.107391, 9.134686, 46.26297]",11,https://stac.dataspace.copernicus.eu/v1/collections/sentinel-1-grd/items/S1C_IW_GRDH_1SDV_20250410T172222_20250410T172235_001834_0036A5_419D_COG
S1C_IW_GRDH_1SDV_20250416T052617_20250416T052646_001914_003B88_4B7C_COG,OK,CACHE,0,sentinel-1c,2025-04-16T05:26:17.251901Z,2025-04-16T05:26:46.548589Z,IW,VV|VH,descending,168,1914,,L1,"[8.529788, 44.333504, 12.204954, 46.490749]",11,https://stac.dataspace.copernicus.eu/v1/collections/sentinel-1-grd/items/S1C_IW_GRDH_1SDV_20250416T052617_20250416T052646_001914_003B88_4B7C_COG
S1C_IW_GRDH_1SDV_20250421T053447_20250421T053516_001987_003FE6_9043_COG,OK,CACHE,0,sentinel-1c,2025-04-21T05:34:47.030408Z,2025-04-21T05:35:16.326924Z,IW,VV|VH,descending,66,1987,,L1,"[6.277752, 43.399216, 9.908084, 45.554893]",11,https://stac.dataspace.copernicus.eu/v1/collections/sentinel-1-grd/items/S1C_IW_GRDH_1SDV_20250421T053447_20250421T053516_001987_003FE6_9043_COG
S1C_IW_GRDH_1SDV_20250422T172143_20250422T172213_002009_00413B_1C86_COG,OK,CACHE,0,sentinel-1c,2025-04-22T17:21:43.932166Z,2025-04-22T17:22:13.755179Z,IW,VV|VH,ascending,88,2009,,L1,"[6.099944, 42.758423, 9.592942, 44.939644]",11,https://stac.dataspace.copernicus.eu/v1/collections/sentinel-1-grd/items/S1C_IW_GRDH_1SDV_20250422T172143_20250422T172213_002009_00413B_1C86_COG
S1C_IW_GRDH_1SDV_20250428T052623_20250428T052652_002089_0045F6_945D_COG,OK,CACHE,0,sentinel-1c,2025-04-28T05:26:23.635076Z,2025-04-28T05:26:52.931779Z,IW,VV|VH,descending,168,2089,,L1,"[8.446998, 44.004383, 12.117448, 46.158714]",11,https://stac.dataspace.copernicus.eu/v1/collections/sentinel-1-grd/items/S1C_IW_GRDH_1SDV_20250428T052623_20250428T052652_002089_0045F6_945D_COG
S1C_IW_GRDH_1SDV_20250503T053435_20250503T053500_002162_004973_1D2D_COG,OK,CACHE,0,sentinel-1c,2025-05-03T05:34:35.983310Z,2025-05-03T05:35:00.981892Z,IW,VV|VH,descending,66,2162,,L1,"[6.372843, 44.359074, 10.089025, 46.268158]",11,https://stac.dataspace.copernicus.eu/v1/collections/sentinel-1-grd/items/S1C_IW_GRDH_1SDV_20250503T053435_20250503T053500_002162_004973_1D2D_COG
S1C_IW_GRDH_1SDV_20250504T172154_20250504T172219_002184_004A3B_0101_COG,OK,CACHE,0,sentinel-1c,2025-05-04T17:21:54.264976Z,2025-05-04T17:22:19.263283Z,IW,VV|VH,ascending,88,2184,,L1,"[5.974536, 43.322334, 9.504116, 45.22683]",11,https://stac.dataspace.copernicus.eu/v1/collections/sentinel-1-grd/items/S1C_IW_GRDH_1SDV_20250504T172154_20250504T172219_002184_004A3B_0101_COG
S1C_IW_GRDH_1SDV_20250504T172219_20250504T172244_002184_004A3B_D436_COG,OK,CACHE,0,sentinel-1c,2025-05-04T17:22:19.264775Z,2025-05-04T17:22:44.264577Z,IW,VV|VH,ascending,88,2184,,L1,"[5.52024, 44.827343, 9.217484, 46.722115]",11,https://stac.dataspace.copernicus.eu/v1/collections/sentinel-1-grd/items/S1C_IW_GRDH_1SDV_20250504T172219_20250504T172244_002184_004A3B_D436_COG
S1C_IW_GRDH_1SDV_20250510T052623_20250510T052648_002264_004CDC_8028_COG,OK,CACHE,0,sentinel-1c,2025-05-10T05:26:23.496485Z,2025-05-10T05:26:48.495500Z,IW,VV|VH,descending,168,2264,,L1,"[8.419035, 44.299541, 12.130157, 46.208729]",11,https://stac.dataspace.copernicus.eu/v1/collections/sentinel-1-grd/items/S1C_IW_GRDH_1SDV_20250510T052623_20250510T052648_002264_004CDC_8028_COG
S1C_IW_GRDH_1SDV_20250511T171356_20250511T171421_002286_004D71_2AE9_COG,OK,CACHE,0,sentinel-1c,2025-05-11T17:13:56.855791Z,2025-05-11T17:14:21.853482Z,IW,VV|VH,ascending,15,2286,,L1,"[7.74188, 44.282337, 11.438158, 46.192093]",11,https://stac.dataspace.copernicus.eu/v1/collections/sentinel-1-grd/items/S1C_IW_GRDH_1SDV_20250511T171356_20250511T171421_002286_004D71_2AE9_COG
S1C_IW_GRDH_1SDV_20250515T053436_20250515T053501_002337_004EE6_613B_COG,OK,CACHE,0,sentinel-1c,2025-05-15T05:34:36.546384Z,2025-05-15T05:35:01.544966Z,IW,VV|VH,descending,66,2337,,L1,"[6.372266, 44.359074, 10.088423, 46.268127]",11,https://stac.dataspace.copernicus.eu/v1/collections/sentinel-1-grd/items/S1C_IW_GRDH_1SDV_20250515T053436_20250515T053501_002337_004EE6_613B_COG
S1C_IW_GRDH_1SDV_20250516T172154_20250516T172219_002359_004F85_6001_COG,OK,CACHE,0,sentinel-1c,2025-05-16T17:21:54.801444Z,2025-05-16T17:22:19.799381Z,IW,VV|VH,ascending,88,2359,,L1,"[5.975205, 43.322453, 9.58352, 45.23563]",11,https://stac.dataspace.copernicus.eu/v1/collections/sentinel-1-grd/items/S1C_IW_GRDH_1SDV_20250516T172154_20250516T172219_002359_004F85_6001_COG
S1C_IW_GRDH_1SDV_20250516T172219_20250516T172244_002359_004F85_E80F_COG,OK,CACHE,0,sentinel-1c,2025-05-16T17:22:19.800872Z,2025-05-16T17:22:44.800306Z,IW,VV|VH,ascending,88,2359,,L1,"[5.520925, 44.827442, 9.299073, 46.730873]",11,https://stac.dataspace.copernicus.eu/v1/collections/sentinel-1-grd/items/S1C_IW_GRDH_1SDV_20250516T172219_20250516T172244_002359_004F85_E80F_COG
S1C_IW_GRDH_1SDV_20250522T052624_20250522T052649_002439_0051B0_72AD_COG,OK,CACHE,0,sentinel-1c,2025-05-22T05:26:24.547787Z,2025-05-22T05:26:49.546949Z,IW,VV|VH,descending,168,2439,,L1,"[8.418983, 44.299545, 12.130386, 46.208839]",11,https://stac.dataspace.copernicus.eu/v1/collections/sentinel-1-grd/items/S1C_IW_GRDH_1SDV_20250522T052624_20250522T052649_002439_0051B0_72AD_COG
S1C_IW_GRDH_1SDV_20250523T171358_20250523T171423_002461_00524A_5434_COG,OK,CACHE,0,sentinel-1c,2025-05-23T17:13:58.378774Z,2025-05-23T17:14:23.376539Z,IW,VV|VH,ascending,15,2461,,L1,"[7.737218, 44.282246, 11.433909, 46.192028]",11,https://stac.dataspace.copernicus.eu/v1/collections/sentinel-1-grd/items/S1C_IW_GRDH_1SDV_20250523T171358_20250523T171423_002461_00524A_5434_COG
S1C_IW_GRDH_1SDV_20250527T053438_20250527T053503_002512_0053BB_4186_COG,OK,CACHE,0,sentinel-1c,2025-05-27T05:34:38.341215Z,2025-05-27T05:35:03.339762Z,IW,VV|VH,descending,66,2512,,L1,"[6.367639, 44.359013, 10.083646, 46.268066]",11,https://stac.dataspace.copernicus.eu/v1/collections/sentinel-1-grd/items/S1C_IW_GRDH_1SDV_20250527T053438_20250527T053503_002512_0053BB_4186_COG
S1C_IW_GRDH_1SDV_20250528T172156_20250528T172221_002534_00545C_F8A4_COG,OK,CACHE,0,sentinel-1c,2025-05-28T17:21:56.668018Z,2025-05-28T17:22:21.667511Z,IW,VV|VH,ascending,88,2534,,L1,"[5.970849, 43.322327, 9.579215, 45.235603]",11,https://stac.dataspace.copernicus.eu/v1/collections/sentinel-1-grd/items/S1C_IW_GRDH_1SDV_20250528T172156_20250528T172221_002534_00545C_F8A4_COG
S1C_IW_GRDH_1SDV_20250528T172221_20250528T172246_002534_00545C_6CFE_COG,OK,CACHE,0,sentinel-1c,2025-05-28T17:22:21.669011Z,2025-05-28T17:22:46.667005Z,IW,VV|VH,ascending,88,2534,,L1,"[5.516533, 44.827419, 9.294839, 46.730751]",11,https://stac.dataspace.copernicus.eu/v1/collections/sentinel-1-grd/items/S1C_IW_GRDH_1SDV_20250528T172221_20250528T172246_002534_00545C_6CFE_COG
S1C_IW_GRDH_1SDV_20250603T052626_20250603T052651_002614_0056AB_AC39_COG,OK,CACHE,0,sentinel-1c,2025-06-03T05:26:26.019956Z,2025-06-03T05:26:51.018934Z,IW,VV|VH,descending,168,2614,,L1,"[8.415425, 44.299534, 12.126905, 46.208721]",11,https://stac.dataspace.copernicus.eu/v1/collections/sentinel-1-grd/items/S1C_IW_GRDH_1SDV_20250603T052626_20250603T052651_002614_0056AB_AC39_COG
S1C_IW_GRDH_1SDV_20250604T171359_20250604T171424_002636_005748_C275_COG,OK,CACHE,0,sentinel-1c,2025-06-04T17:13:59.262453Z,2025-06-04T17:14:24.260226Z,IW,VV|VH,ascending,15,2636,,L1,"[7.737047, 44.282257, 11.433735, 46.192043]",11,https://stac.dataspace.copernicus.eu/v1/collections/sentinel-1-grd/items/S1C_IW_GRDH_1SDV_20250604T171359_20250604T171424_002636_005748_C275_COG
S1C_IW_GRDH_1SDV_20250608T053439_20250608T053504_002687_0058C3_7E17_COG,OK,CACHE,0,sentinel-1c,2025-06-08T05:34:39.029310Z,2025-06-08T05:35:04.027874Z,IW,VV|VH,descending,66,2687,,L1,"[6.367905, 44.359009, 10.083921, 46.26807]",11,https://stac.dataspace.copernicus.eu/v1/collections/sentinel-1-grd/items/S1C_IW_GRDH_1SDV_20250608T053439_20250608T053504_002687_0058C3_7E17_COG
S1C_IW_GRDH_1SDV_20250609T172157_20250609T172222_002709_005969_923A_COG,OK,CACHE,0,sentinel-1c,2025-06-09T17:21:57.323315Z,2025-06-09T17:22:22.322814Z,IW,VV|VH,ascending,88,2709,,L1,"[5.971092, 43.322376, 9.579453, 45.235638]",11,https://stac.dataspace.copernicus.eu/v1/collections/sentinel-1-grd/items/S1C_IW_GRDH_1SDV_20250609T172157_20250609T172222_002709_005969_923A_COG
S1C_IW_GRDH_1SDV_20250609T172222_20250609T172247_002709_005969_A038_COG,OK,CACHE,0,sentinel-1c,2025-06-09T17:22:22.324297Z,2025-06-09T17:22:47.322296Z,IW,VV|VH,ascending,88,2709,,L1,"[5.516792, 44.827465, 9.295077, 46.730785]",11,https://stac.dataspace.copernicus.eu/v1/collections/sentinel-1-grd/items/S1C_IW_GRDH_1SDV_20250609T172222_20250609T172247_002709_005969_A038_COG
S1C_IW_GRDH_1SDV_20250615T052626_20250615T052651_002789_005BB9_367F_COG,OK,CACHE,0,sentinel-1c,2025-06-15T05:26:26.646093Z,2025-06-15T05:26:51.643630Z,IW,VV|VH,descending,168,2789,,L1,"[8.415282, 44.299603, 12.126715, 46.208672]",11,https://stac.dataspace.copernicus.eu/v1/collections/sentinel-1-grd/items/S1C_IW_GRDH_1SDV_20250615T052626_20250615T052651_002789_005BB9_367F_COG
S1C_IW_GRDH_1SDV_20250616T171359_20250616T171424_002811_005C59_7FCC_COG,OK,CACHE,0,sentinel-1c,2025-06-16T17:13:59.910067Z,2025-06-16T17:14:24.907820Z,IW,VV|VH,ascending,15,2811,,L1,"[7.737633, 44.282291, 11.434187, 46.192047]",11,https://stac.dataspace.copernicus.eu/v1/collections/sentinel-1-grd/items/S1C_IW_GRDH_1SDV_20250616T171359_20250616T171424_002811_005C59_7FCC_COG
S1C_IW_GRDH_1SDV_20250620T053439_20250620T053504_002862_005DD3_F9AA_COG,OK,CACHE,0,sentinel-1c,2025-06-20T05:34:39.641888Z,2025-06-20T05:35:04.640458Z,IW,VV|VH,descending,66,2862,,L1,"[6.36867, 44.358913, 10.084846, 46.267998]",11,https://stac.dataspace.copernicus.eu/v1/collections/sentinel-1-grd/items/S1C_IW_GRDH_1SDV_20250620T053439_20250620T053504_002862_005DD3_F9AA_COG
S1C_IW_GRDH_1SDV_20250621T172157_20250621T172222_002884_005E73_FEFE_COG,OK,CACHE,0,sentinel-1c,2025-06-21T17:21:57.979566Z,2025-06-21T17:22:22.979049Z,IW,VV|VH,ascending,88,2884,,L1,"[5.970585, 43.322372, 9.578972, 45.235661]",11,https://stac.dataspace.copernicus.eu/v1/collections/sentinel-1-grd/items/S1C_IW_GRDH_1SDV_20250621T172157_20250621T172222_002884_005E73_FEFE_COG
S1C_IW_GRDH_1SDV_20250621T172222_20250621T172247_002884_005E73_6319_COG,OK,CACHE,0,sentinel-1c,2025-06-21T17:22:22.980534Z,2025-06-21T17:22:47.978518Z,IW,VV|VH,ascending,88,2884,,L1,"[5.51626, 44.827461, 9.294565, 46.730808]",11,https://stac.dataspace.copernicus.eu/v1/collections/sentinel-1-grd/items/S1C_IW_GRDH_1SDV_20250621T172222_20250621T172247_002884_005E73_6319_COG
S1C_IW_GRDH_1SDV_20250627T052627_20250627T052652_002964_0060C9_6856_COG,OK,CACHE,0,sentinel-1c,2025-06-27T05:26:27.536097Z,2025-06-27T05:26:52.535073Z,IW,VV|VH,descending,168,2964,,L1,"[8.413957, 44.299572, 12.125356, 46.208706]",11,https://stac.dataspace.copernicus.eu/v1/collections/sentinel-1-grd/items/S1C_IW_GRDH_1SDV_20250627T052627_20250627T052652_002964_0060C9_6856_COG
S1C_IW_GRDH_1SDV_20250628T171400_20250628T171425_002986_006161_CE18_COG,OK,CACHE,0,sentinel-1c,2025-06-28T17:14:00.218932Z,2025-06-28T17:14:25.216804Z,IW,VV|VH,ascending,15,2986,,L1,"[7.739445, 44.282177, 11.436231, 46.191952]",11,https://stac.dataspace.copernicus.eu/v1/collections/sentinel-1-grd/items/S1C_IW_GRDH_1SDV_20250628T171400_20250628T171425_002986_006161_CE18_COG
S1C_IW_GRDH_1SDV_20250702T053440_20250702T053505_003037_0062DC_9575_COG,OK,CACHE,0,sentinel-1c,2025-07-02T05:34:40.165870Z,2025-07-02T05:35:05.164428Z,IW,VV|VH,descending,66,3037,,L1,"[6.369883, 44.358978, 10.086082, 46.268074]",11,https://stac.dataspace.copernicus.eu/v1/collections/sentinel-1-grd/items/S1C_IW_GRDH_1SDV_20250702T053440_20250702T053505_003037_0062DC_9575_COG
S1C_IW_GRDH_1SDV_20250703T172158_20250703T172223_003059_00637F_D930_COG,OK,CACHE,0,sentinel-1c,2025-07-03T17:21:58.544503Z,2025-07-03T17:22:23.542632Z,IW,VV|VH,ascending,88,3059,,L1,"[5.970296, 43.322182, 9.578794, 45.235443]",11,https://stac.dataspace.copernicus.eu/v1/collections/sentinel-1-grd/items/S1C_IW_GRDH_1SDV_20250703T172158_20250703T172223_003059_00637F_D930_COG
S1C_IW_GRDH_1SDV_20250703T172223_20250703T172248_003059_00637F_8B3B_COG,OK,CACHE,0,sentinel-1c,2025-07-03T17:22:23.544106Z,2025-07-03T17:22:48.542233Z,IW,VV|VH,ascending,88,3059,,L1,"[5.515924, 44.827175, 9.294368, 46.730583]",11,https://stac.dataspace.copernicus.eu/v1/collections/sentinel-1-grd/items/S1C_IW_GRDH_1SDV_20250703T172223_20250703T172248_003059_00637F_8B3B_COG
S1C_IW_GRDH_1SDV_20250709T052628_20250709T052653_003139_0065D1_1426_COG,OK,CACHE,0,sentinel-1c,2025-07-09T05:26:28.141373Z,2025-07-09T05:26:53.140313Z,IW,VV|VH,descending,168,3139,,L1,"[8.414213, 44.2995, 12.125623, 46.208645]",11,https://stac.dataspace.copernicus.eu/v1/collections/sentinel-1-grd/items/S1C_IW_GRDH_1SDV_20250709T052628_20250709T052653_003139_0065D1_1426_COG
S1C_IW_GRDH_1SDV_20250710T171401_20250710T171426_003161_006672_6F4E_COG,OK,CACHE,0,sentinel-1c,2025-07-10T17:14:01.434937Z,2025-07-10T17:14:26.434354Z,IW,VV|VH,ascending,15,3161,,L1,"[7.73721, 44.282078, 11.434001, 46.191936]",11,https://stac.dataspace.copernicus.eu/v1/collections/sentinel-1-grd/items/S1C_IW_GRDH_1SDV_20250710T171401_20250710T171426_003161_006672_6F4E_COG
S1C_IW_GRDH_1SDV_20250714T053441_20250714T053506_003212_0067EB_EE07_COG,OK,CACHE,0,sentinel-1c,2025-07-14T05:34:41.165702Z,2025-07-14T05:35:06.164174Z,IW,VV|VH,descending,66,3212,,L1,"[6.368329, 44.358925, 10.084509, 46.267994]",11,https://stac.dataspace.copernicus.eu/v1/collections/sentinel-1-grd/items/S1C_IW_GRDH_1SDV_20250714T053441_20250714T053506_003212_0067EB_EE07_COG
S1C_IW_GRDH_1SDV_20250715T172159_20250715T172224_003234_00688E_3AEC_COG,OK,CACHE,0,sentinel-1c,2025-07-15T17:21:59.414291Z,2025-07-15T17:22:24.412440Z,IW,VV|VH,ascending,88,3234,,L1,"[5.969819, 43.322151, 9.578316, 45.235428]",11,https://stac.dataspace.copernicus.eu/v1/collections/sentinel-1-grd/items/S1C_IW_GRDH_1SDV_20250715T172159_20250715T172224_003234_00688E_3AEC_COG
S1C_IW_GRDH_1SDV_20250715T172224_20250715T172249_003234_00688E_5E71_COG,OK,CACHE,0,sentinel-1c,2025-07-15T17:22:24.413944Z,2025-07-15T17:22:49.412094Z,IW,VV|VH,ascending,88,3234,,L1,"[5.51544, 44.827148, 9.293893, 46.730568]",11,https://stac.dataspace.copernicus.eu/v1/collections/sentinel-1-grd/items/S1C_IW_GRDH_1SDV_20250715T172224_20250715T172249_003234_00688E_5E71_COG
S1C_IW_GRDH_1SDV_20250721T052628_20250721T052653_003314_006AE8_C2BB_COG,OK,CACHE,0,sentinel-1c,2025-07-21T05:26:28.836647Z,2025-07-21T05:26:53.835669Z,IW,VV|VH,descending,168,3314,,L1,"[8.415888, 44.299385, 12.127347, 46.208588]",11,https://stac.dataspace.copernicus.eu/v1/collections/sentinel-1-grd/items/S1C_IW_GRDH_1SDV_20250721T052628_20250721T052653_003314_006AE8_C2BB_COG
S1C_IW_GRDH_1SDV_20250722T171402_20250722T171427_003336_006B85_AE0C_COG,OK,CACHE,0,sentinel-1c,2025-07-22T17:14:02.119845Z,2025-07-22T17:14:27.117605Z,IW,VV|VH,ascending,15,3336,,L1,"[7.737627, 44.282349, 11.434186, 46.192108]",11,https://stac.dataspace.copernicus.eu/v1/collections/sentinel-1-grd/items/S1C_IW_GRDH_1SDV_20250722T171402_20250722T171427_003336_006B85_AE0C_COG
S1C_IW_GRDH_1SDV_20250726T053441_20250726T053506_003387_006D07_FDAA_COG,OK,CACHE,0,sentinel-1c,2025-07-26T05:34:41.966530Z,2025-07-26T05:35:06.965094Z,IW,VV|VH,descending,66,3387,,L1,"[6.368016, 44.358875, 10.084153, 46.26791]",11,https://stac.dataspace.copernicus.eu/v1/collections/sentinel-1-grd/items/S1C_IW_GRDH_1SDV_20250726T053441_20250726T053506_003387_006D07_FDAA_COG
S1C_IW_GRDH_1SDV_20250727T172200_20250727T172225_003409_006DAD_4079_COG,OK,CACHE,0,sentinel-1c,2025-07-27T17:22:00.251175Z,2025-07-27T17:22:25.250663Z,IW,VV|VH,ascending,88,3409,,L1,"[5.971157, 43.322426, 9.57954, 45.235706]",11,https://stac.dataspace.copernicus.eu/v1/collections/sentinel-1-grd/items/S1C_IW_GRDH_1SDV_20250727T172200_20250727T172225_003409_006DAD_4079_COG
S1C_IW_GRDH_1SDV_20250727T172225_20250727T172250_003409_006DAD_DDF0_COG,OK,CACHE,0,sentinel-1c,2025-07-27T17:22:25.252154Z,2025-07-27T17:22:50.250144Z,IW,VV|VH,ascending,88,3409,,L1,"[5.516839, 44.827515, 9.295146, 46.730854]",11,https://stac.dataspace.copernicus.eu/v1/collections/sentinel-1-grd/items/S1C_IW_GRDH_1SDV_20250727T172225_20250727T172250_003409_006DAD_DDF0_COG
S1C_IW_GRDH_1SDV_20250802T052629_20250802T052654_003489_007008_0ECB_COG,OK,CACHE,0,sentinel-1c,2025-08-02T05:26:29.510937Z,2025-08-02T05:26:54.509954Z,IW,VV|VH,descending,168,3489,,L1,"[8.415133, 44.299366, 12.12654, 46.208542]",11,https://stac.dataspace.copernicus.eu/v1/collections/sentinel-1-grd/items/S1C_IW_GRDH_1SDV_20250802T052629_20250802T052654_003489_007008_0ECB_COG
S1C_IW_GRDH_1SDV_20250803T171402_20250803T171427_003511_0070A4_092A_COG,OK,CACHE,0,sentinel-1c,2025-08-03T17:14:02.807139Z,2025-08-03T17:14:27.806380Z,IW,VV|VH,ascending,15,3511,,L1,"[7.737256, 44.282379, 11.433831, 46.192215]",11,https://stac.dataspace.copernicus.eu/v1/collections/sentinel-1-grd/items/S1C_IW_GRDH_1SDV_20250803T171402_20250803T171427_003511_0070A4_092A_COG
S1C_IW_GRDH_1SDV_20250808T172200_20250808T172225_003584_0072D8_725D_COG,OK,CACHE,0,sentinel-1c,2025-08-08T17:22:00.792670Z,2025-08-08T17:22:25.790630Z,IW,VV|VH,ascending,88,3584,,L1,"[5.971509, 43.322578, 9.579857, 45.235737]",11,https://stac.dataspace.copernicus.eu/v1/collections/sentinel-1-grd/items/S1C_IW_GRDH_1SDV_20250808T172200_20250808T172225_003584_0072D8_725D_COG
S1C_IW_GRDH_1SDV_20250808T172225_20250808T172250_003584_0072D8_1E30_COG,OK,CACHE,0,sentinel-1c,2025-08-08T17:22:25.792116Z,2025-08-08T17:22:50.790076Z,IW,VV|VH,ascending,88,3584,,L1,"[5.517226, 44.827579, 9.295381, 46.730873]",11,https://stac.dataspace.copernicus.eu/v1/collections/sentinel-1-grd/items/S1C_IW_GRDH_1SDV_20250808T172225_20250808T172250_003584_0072D8_1E30_COG
S1C_IW_GRDH_1SDV_20250814T052630_20250814T052655_003664_00753D_1189_COG,OK,CACHE,0,sentinel-1c,2025-08-14T05:26:30.127641Z,2025-08-14T05:26:55.126651Z,IW,VV|VH,descending,168,3664,,L1,"[8.414375, 44.299393, 12.125812, 46.208538]",11,https://stac.dataspace.copernicus.eu/v1/collections/sentinel-1-grd/items/S1C_IW_GRDH_1SDV_20250814T052630_20250814T052655_003664_00753D_1189_COG
S1C_IW_GRDH_1SDV_20250815T171403_20250815T171428_003686_0075E1_58A2_COG,OK,CACHE,0,sentinel-1c,2025-08-15T17:14:03.320229Z,2025-08-15T17:14:28.319444Z,IW,VV|VH,ascending,15,3686,,L1,"[7.737246, 44.282425, 11.433826, 46.192261]",11,https://stac.dataspace.copernicus.eu/v1/collections/sentinel-1-grd/items/S1C_IW_GRDH_1SDV_20250815T171403_20250815T171428_003686_0075E1_58A2_COG
S1C_IW_GRDH_1SDV_20250819T053442_20250819T053507_003737_007770_AB0A_COG,OK,CACHE,0,sentinel-1c,2025-08-19T05:34:42.898737Z,2025-08-19T05:35:07.897292Z,IW,VV|VH,descending,66,3737,,L1,"[6.368356, 44.358784, 10.084379, 46.267834]",11,https://stac.dataspace.copernicus.eu/v1/collections/sentinel-1-grd/items/S1C_IW_GRDH_1SDV_20250819T053442_20250819T053507_003737_007770_AB0A_COG
S1C_IW_GRDH_1SDV_20250820T172201_20250820T172226_003759_007815_0BAB_COG,OK,CACHE,0,sentinel-1c,2025-08-20T17:22:01.176656Z,2025-08-20T17:22:26.174608Z,IW,VV|VH,ascending,88,3759,,L1,"[5.971399, 43.322586, 9.579749, 45.235767]",11,https://stac.dataspace.copernicus.eu/v1/collections/sentinel-1-grd/items/S1C_IW_GRDH_1SDV_20250820T172201_20250820T172226_003759_007815_0BAB_COG
S1C_IW_GRDH_1SDV_20250820T172226_20250820T172251_003759_007815_0E61_COG,OK,CACHE,0,sentinel-1c,2025-08-20T17:22:26.176087Z,2025-08-20T17:22:51.174038Z,IW,VV|VH,ascending,88,3759,,L1,"[5.517078, 44.827587, 9.295387, 46.730911]",11,https://stac.dataspace.copernicus.eu/v1/collections/sentinel-1-grd/items/S1C_IW_GRDH_1SDV_20250820T172226_20250820T172251_003759_007815_0E61_COG
S1C_IW_GRDH_1SDV_20250826T052630_20250826T052655_003839_007A82_639A_COG,OK,CACHE,0,sentinel-1c,2025-08-26T05:26:30.577715Z,2025-08-26T05:26:55.576740Z,IW,VV|VH,descending,168,3839,,L1,"[8.414622, 44.299343, 12.126114, 46.208496]",11,https://stac.dataspace.copernicus.eu/v1/collections/sentinel-1-grd/items/S1C_IW_GRDH_1SDV_20250826T052630_20250826T052655_003839_007A82_639A_COG
S1C_IW_GRDH_1SDV_20250827T171403_20250827T171428_003861_007B20_409A_COG,OK,CACHE,0,sentinel-1c,2025-08-27T17:14:03.805817Z,2025-08-27T17:14:28.805067Z,IW,VV|VH,ascending,15,3861,,L1,"[7.736969, 44.282413, 11.433559, 46.192261]",11,https://stac.dataspace.copernicus.eu/v1/collections/sentinel-1-grd/items/S1C_IW_GRDH_1SDV_20250827T171403_20250827T171428_003861_007B20_409A_COG
S1C_IW_GRDH_1SDV_20250831T053443_20250831T053508_003912_007CAC_02DA_COG,OK,CACHE,0,sentinel-1c,2025-08-31T05:34:43.371302Z,2025-08-31T05:35:08.369908Z,IW,VV|VH,descending,66,3912,,L1,"[6.369254, 44.358826, 10.085584, 46.267967]",11,https://stac.dataspace.copernicus.eu/v1/collections/sentinel-1-grd/items/S1C_IW_GRDH_1SDV_20250831T053443_20250831T053508_003912_007CAC_02DA_COG
S1C_IW_GRDH_1SDV_20250901T172201_20250901T172226_003934_007D5B_CE13_COG,OK,CACHE,0,sentinel-1c,2025-09-01T17:22:01.638317Z,2025-09-01T17:22:26.636362Z,IW,VV|VH,ascending,88,3934,,L1,"[5.969426, 43.322407, 9.577831, 45.235672]",11,https://stac.dataspace.copernicus.eu/v1/collections/sentinel-1-grd/items/S1C_IW_GRDH_1SDV_20250901T172201_20250901T172226_003934_007D5B_CE13_COG
S1C_IW_GRDH_1SDV_20250901T172226_20250901T172251_003934_007D5B_803F_COG,OK,CACHE,0,sentinel-1c,2025-09-01T17:22:26.637848Z,2025-09-01T17:22:51.635893Z,IW,VV|VH,ascending,88,3934,,L1,"[5.515026, 44.8274, 9.293389, 46.730812]",11,https://stac.dataspace.copernicus.eu/v1/collections/sentinel-1-grd/items/S1C_IW_GRDH_1SDV_20250901T172226_20250901T172251_003934_007D5B_803F_COG
S1C_IW_GRDH_1SDV_20250907T052630_20250907T052655_004014_007FB5_534C_COG,OK,CACHE,0,sentinel-1c,2025-09-07T05:26:30.951215Z,2025-09-07T05:26:55.950283Z,IW,VV|VH,descending,168,4014,,L1,"[8.415707, 44.299454, 12.127325, 46.208637]",11,https://stac.dataspace.copernicus.eu/v1/collections/sentinel-1-grd/items/S1C_IW_GRDH_1SDV_20250907T052630_20250907T052655_004014_007FB5_534C_COG
S1C_IW_GRDH_1SDV_20250908T171404_20250908T171429_004036_008067_F938_COG,OK,CACHE,0,sentinel-1c,2025-09-08T17:14:04.377467Z,2025-09-08T17:14:29.375357Z,IW,VV|VH,ascending,15,4036,,L1,"[7.736875, 44.282295, 11.433682, 46.192085]",11,https://stac.dataspace.copernicus.eu/v1/collections/sentinel-1-grd/items/S1C_IW_GRDH_1SDV_20250908T171404_20250908T171429_004036_008067_F938_COG
S1C_IW_GRDH_1SDV_20250912T053443_20250912T053508_004087_0081FD_747B_COG,OK,CACHE,0,sentinel-1c,2025-09-12T05:34:43.966574Z,2025-09-12T05:35:08.965188Z,IW,VV|VH,descending,66,4087,,L1,"[6.368268, 44.358925, 10.084583, 46.268024]",11,https://stac.dataspace.copernicus.eu/v1/collections/sentinel-1-grd/items/S1C_IW_GRDH_1SDV_20250912T053443_20250912T053508_004087_0081FD_747B_COG
S1C_IW_GRDH_1SDV_20250913T172202_20250913T172227_004109_0082AA_75EB_COG,OK,CACHE,0,sentinel-1c,2025-09-13T17:22:02.136249Z,2025-09-13T17:22:27.134381Z,IW,VV|VH,ascending,88,4109,,L1,"[5.969392, 43.322304, 9.577882, 45.235573]",11,https://stac.dataspace.copernicus.eu/v1/collections/sentinel-1-grd/items/S1C_IW_GRDH_1SDV_20250913T172202_20250913T172227_004109_0082AA_75EB_COG
S1C_IW_GRDH_1SDV_20250913T172227_20250913T172252_004109_0082AA_96E1_COG,OK,CACHE,0,sentinel-1c,2025-09-13T17:22:27.135864Z,2025-09-13T17:22:52.133994Z,IW,VV|VH,ascending,88,4109,,L1,"[5.514976, 44.827301, 9.293474, 46.730713]",11,https://stac.dataspace.copernicus.eu/v1/collections/sentinel-1-grd/items/S1C_IW_GRDH_1SDV_20250913T172227_20250913T172252_004109_0082AA_96E1_COG
S1C_IW_GRDH_1SDV_20250919T052631_20250919T052656_004189_00850E_7BEE_COG,OK,CACHE,0,sentinel-1c,2025-09-19T05:26:31.438954Z,2025-09-19T05:26:56.438044Z,IW,VV|VH,descending,168,4189,,L1,"[8.414928, 44.299461, 12.126725, 46.208656]",11,https://stac.dataspace.copernicus.eu/v1/collections/sentinel-1-grd/items/S1C_IW_GRDH_1SDV_20250919T052631_20250919T052656_004189_00850E_7BEE_COG
S1C_IW_GRDH_1SDV_20250919T052631_20250919T052656_004189_00850E_A4CE_COG,OK,CACHE,0,sentinel-1c,2025-09-19T05:26:31.438954Z,2025-09-19T05:26:56.438044Z,IW,VV|VH,descending,168,4189,,L1,"[8.414928, 44.299461, 12.126725, 46.208656]",11,https://stac.dataspace.copernicus.eu/v1/collections/sentinel-1-grd/items/S1C_IW_GRDH_1SDV_20250919T052631_20250919T052656_004189_00850E_A4CE_COG
S1C_IW_GRDH_1SDV_20250920T171404_20250920T171429_004211_0085B5_3F48_COG,OK,CACHE,0,sentinel-1c,2025-09-20T17:14:04.718979Z,2025-09-20T17:14:29.718404Z,IW,VV|VH,ascending,15,4211,,L1,"[7.737012, 44.2822, 11.433831, 46.192062]",11,https://stac.dataspace.copernicus.eu/v1/collections/sentinel-1-grd/items/S1C_IW_GRDH_1SDV_20250920T171404_20250920T171429_004211_0085B5_3F48_COG
S1C_IW_GRDH_1SDV_20250920T171404_20250920T171429_004211_0085B5_5AC8_COG,OK,CACHE,0,sentinel-1c,2025-09-20T17:14:04.718979Z,2025-09-20T17:14:29.718404Z,IW,VV|VH,ascending,15,4211,,L1,"[7.737012, 44.2822, 11.433831, 46.192062]",11,https://stac.dataspace.copernicus.eu/v1/collections/sentinel-1-grd/items/S1C_IW_GRDH_1SDV_20250920T171404_20250920T171429_004211_0085B5_5AC8_COG
S1C_IW_GRDH_1SDV_20250924T053444_20250924T053509_004262_008748_4209_COG,OK,CACHE,0,sentinel-1c,2025-09-24T05:34:44.080318Z,2025-09-24T05:35:09.078951Z,IW,VV|VH,descending,66,4262,,L1,"[6.368793, 44.358913, 10.085219, 46.268005]",11,https://stac.dataspace.copernicus.eu/v1/collections/sentinel-1-grd/items/S1C_IW_GRDH_1SDV_20250924T053444_20250924T053509_004262_008748_4209_COG
S1C_IW_GRDH_1SDV_20250925T172202_20250925T172227_004284_0087F3_C681_COG,OK,CACHE,0,sentinel-1c,2025-09-25T17:22:02.270948Z,2025-09-25T17:22:27.269097Z,IW,VV|VH,ascending,88,4284,,L1,"[5.970708, 43.322323, 9.5793, 45.23558]",11,https://stac.dataspace.copernicus.eu/v1/collections/sentinel-1-grd/items/S1C_IW_GRDH_1SDV_20250925T172202_20250925T172227_004284_0087F3_C681_COG
S1C_IW_GRDH_1SDV_20250925T172227_20250925T172252_004284_0087F3_2D77_COG,OK,CACHE,0,sentinel-1c,2025-09-25T17:22:27.270594Z,2025-09-25T17:22:52.268743Z,IW,VV|VH,ascending,88,4284,,L1,"[5.51632, 44.827324, 9.294807, 46.730705]",11,https://stac.dataspace.copernicus.eu/v1/collections/sentinel-1-grd/items/S1C_IW_GRDH_1SDV_20250925T172227_20250925T172252_004284_0087F3_2D77_COG
