acquisition_datetime,orbit_state,relative_orbit,scene_id,platform,year,month,day,acquisition_date,temporal_design_included,temporal_design_reason,instrument_mode,polarizations,product_type,measurement_disposition,measurement_reason,support_points_inside_n,support_coverage_fraction
2015-04-04 17:14:22.614157+00:00,ascending,15,S1A_IW_GRDH_1SDV_20150404T171422_20150404T171447_005337_006C3A_D8EE_COG,sentinel-1a,2015,4,4,2015-04-04,True,stable_track_and_apr_sep_and_year_2015_2025,IW,VV|VH,,PRIMARY_VVVH,IW mode with VV+VH; primary homogeneous SAR backbone. Use only support points actually covered by each raster.,,
2015-04-16 17:14:23.003399+00:00,ascending,15,S1A_IW_GRDH_1SDV_20150416T171423_20150416T171448_005512_00709D_38D0_COG,sentinel-1a,2015,4,16,2015-04-16,True,stable_track_and_apr_sep_and_year_2015_2025,IW,VV|VH,,PRIMARY_VVVH,IW mode with VV+VH; primary homogeneous SAR backbone. Use only support points actually covered by each raster.,,
2015-04-28 17:14:38.955298+00:00,ascending,15,S1A_IW_GRDH_1SDV_20150428T171438_20150428T171510_005687_0074BD_CDC0_COG,sentinel-1a,2015,4,28,2015-04-28,True,stable_track_and_apr_sep_and_year_2015_2025,IW,VV|VH,,PRIMARY_VVVH,IW mode with VV+VH; primary homogeneous SAR backbone. Use only support points actually covered by each raster.,,
2015-05-22 17:14:25.193808+00:00,ascending,15,S1A_IW_GRDH_1SDV_20150522T171425_20150522T171450_006037_007CBA_4DE2_COG,sentinel-1a,2015,5,22,2015-05-22,True,stable_track_and_apr_sep_and_year_2015_2025,IW,VV|VH,,PRIMARY_VVVH,IW mode with VV+VH; primary homogeneous SAR backbone. Use only support points actually covered by each raster.,,
2015-06-03 17:14:26.012646+00:00,ascending,15,S1A_IW_GRDH_1SDV_20150603T171426_20150603T171451_006212_0081AF_101C_COG,sentinel-1a,2015,6,3,2015-06-03,True,stable_track_and_apr_sep_and_year_2015_2025,IW,VV|VH,,PRIMARY_VVVH,IW mode with VV+VH; primary homogeneous SAR backbone. Use only support points actually covered by each raster.,,
2015-06-15 17:14:26.780736+00:00,ascending,15,S1A_IW_GRDH_1SDV_20150615T171426_20150615T171451_006387_0086C9_677D_COG,sentinel-1a,2015,6,15,2015-06-15,True,stable_track_and_apr_sep_and_year_2015_2025,IW,VV|VH,,PRIMARY_VVVH,IW mode with VV+VH; primary homogeneous SAR backbone. Use only support points actually covered by each raster.,,
2015-06-27 17:14:27.639146+00:00,ascending,15,S1A_IW_GRDH_1SDV_20150627T171427_20150627T171452_006562_008BB6_62AA_COG,sentinel-1a,2015,6,27,2015-06-27,True,stable_track_and_apr_sep_and_year_2015_2025,IW,VV|VH,,PRIMARY_VVVH,IW mode with VV+VH; primary homogeneous SAR backbone. Use only support points actually covered by each raster.,,
2015-07-09 17:14:26.849183+00:00,ascending,15,S1A_IW_GRDH_1SDV_20150709T171426_20150709T171451_006737_009069_C5EF_COG,sentinel-1a,2015,7,9,2015-07-09,True,stable_track_and_apr_sep_and_year_2015_2025,IW,VV|VH,,PRIMARY_VVVH,IW mode with VV+VH; primary homogeneous SAR backbone. Use only support points actually covered by each raster.,,
2015-07-21 17:14:27.968370+00:00,ascending,15,S1A_IW_GRDH_1SDV_20150721T171427_20150721T171452_006912_00957B_A420_COG,sentinel-1a,2015,7,21,2015-07-21,True,stable_track_and_apr_sep_and_year_2015_2025,IW,VV|VH,,PRIMARY_VVVH,IW mode with VV+VH; primary homogeneous SAR backbone. Use only support points actually covered by each raster.,,
2015-08-02 17:14:43.710038+00:00,ascending,15,S1A_IW_GRDH_1SDV_20150802T171443_20150802T171509_007087_009A61_BC34_COG,sentinel-1a,2015,8,2,2015-08-02,True,stable_track_and_apr_sep_and_year_2015_2025,IW,VV|VH,,PRIMARY_VVVH,IW mode with VV+VH; primary homogeneous SAR backbone. Use only support points actually covered by each raster.,,
2015-08-14 17:14:29.313543+00:00,ascending,15,S1A_IW_GRDH_1SDV_20150814T171429_20150814T171454_007262_009F26_14CE_COG,sentinel-1a,2015,8,14,2015-08-14,True,stable_track_and_apr_sep_and_year_2015_2025,IW,VV|VH,,PRIMARY_VVVH,IW mode with VV+VH; primary homogeneous SAR backbone. Use only support points actually covered by each raster.,,
2015-08-26 17:14:29.880612+00:00,ascending,15,S1A_IW_GRDH_1SDV_20150826T171429_20150826T171454_007437_00A3E8_5198_COG,sentinel-1a,2015,8,26,2015-08-26,True,stable_track_and_apr_sep_and_year_2015_2025,IW,VV|VH,,PRIMARY_VVVH,IW mode with VV+VH; primary homogeneous SAR backbone. Use only support points actually covered by each raster.,,
2015-09-07 17:14:30.352340+00:00,ascending,15,S1A_IW_GRDH_1SDV_20150907T171430_20150907T171455_007612_00A8B1_49BA_COG,sentinel-1a,2015,9,7,2015-09-07,True,stable_track_and_apr_sep_and_year_2015_2025,IW,VV|VH,,PRIMARY_VVVH,IW mode with VV+VH; primary homogeneous SAR backbone. Use only support points actually covered by each raster.,,
2015-09-19 17:14:30.636045+00:00,ascending,15,S1A_IW_GRDH_1SDV_20150919T171430_20150919T171455_007787_00AD57_3475_COG,sentinel-1a,2015,9,19,2015-09-19,True,stable_track_and_apr_sep_and_year_2015_2025,IW,VV|VH,,PRIMARY_VVVH,IW mode with VV+VH; primary homogeneous SAR backbone. Use only support points actually covered by each raster.,,
2015-04-21 17:22:37.765000+00:00,ascending,88,S1A_IW_GRDH_1SDV_20150421T172237_20150421T172302_005585_007258_FE7B_COG,sentinel-1a,2015,4,21,2015-04-21,True,stable_track_and_apr_sep_and_year_2015_2025,IW,VV|VH,,PRIMARY_VVVH,IW mode with VV+VH; primary homogeneous SAR backbone. Use only support points actually covered by each raster.,,
2015-05-15 17:22:39.122452+00:00,ascending,88,S1A_IW_GRDH_1SDV_20150515T172239_20150515T172304_005935_007A51_F1D6_COG,sentinel-1a,2015,5,15,2015-05-15,True,stable_track_and_apr_sep_and_year_2015_2025,IW,VV|VH,,PRIMARY_VVVH,IW mode with VV+VH; primary homogeneous SAR backbone. Use only support points actually covered by each raster.,,
2015-07-02 17:22:41.530066+00:00,ascending,88,S1A_IW_GRDH_1SDV_20150702T172241_20150702T172306_006635_008DA4_BB6D_COG,sentinel-1a,2015,7,2,2015-07-02,True,stable_track_and_apr_sep_and_year_2015_2025,IW,VV|VH,,PRIMARY_VVVH,IW mode with VV+VH; primary homogeneous SAR backbone. Use only support points actually covered by each raster.,,
2015-07-14 17:22:42.014693+00:00,ascending,88,S1A_IW_GRDH_1SDV_20150714T172242_20150714T172307_006810_0092A3_18D0_COG,sentinel-1a,2015,7,14,2015-07-14,True,stable_track_and_apr_sep_and_year_2015_2025,IW,VV|VH,,PRIMARY_VVVH,IW mode with VV+VH; primary homogeneous SAR backbone. Use only support points actually covered by each raster.,,
2015-07-26 17:22:42.900890+00:00,ascending,88,S1A_IW_GRDH_1SDV_20150726T172242_20150726T172307_006985_009792_1DD8_COG,sentinel-1a,2015,7,26,2015-07-26,True,stable_track_and_apr_sep_and_year_2015_2025,IW,VV|VH,,PRIMARY_VVVH,IW mode with VV+VH; primary homogeneous SAR backbone. Use only support points actually covered by each raster.,,
2015-08-07 17:22:45.377747+00:00,ascending,88,S1A_IW_GRDH_1SDV_20150807T172245_20150807T172310_007160_009C69_1064_COG,sentinel-1a,2015,8,7,2015-08-07,True,stable_track_and_apr_sep_and_year_2015_2025,IW,VV|VH,,PRIMARY_VVVH,IW mode with VV+VH; primary homogeneous SAR backbone. Use only support points actually covered by each raster.,,
2015-08-19 17:22:46.022427+00:00,ascending,88,S1A_IW_GRDH_1SDV_20150819T172246_20150819T172311_007335_00A12A_2900_COG,sentinel-1a,2015,8,19,2015-08-19,True,stable_track_and_apr_sep_and_year_2015_2025,IW,VV|VH,,PRIMARY_VVVH,IW mode with VV+VH; primary homogeneous SAR backbone. Use only support points actually covered by each raster.,,
2015-08-31 17:22:46.511122+00:00,ascending,88,S1A_IW_GRDH_1SDV_20150831T172246_20150831T172311_007510_00A5F7_FAD4_COG,sentinel-1a,2015,8,31,2015-08-31,True,stable_track_and_apr_sep_and_year_2015_2025,IW,VV|VH,,PRIMARY_VVVH,IW mode with VV+VH; primary homogeneous SAR backbone. Use only support points actually covered by each raster.,,
2015-09-12 17:22:46.979786+00:00,ascending,88,S1A_IW_GRDH_1SDV_20150912T172246_20150912T172311_007685_00AAB1_02BD_COG,sentinel-1a,2015,9,12,2015-09-12,True,stable_track_and_apr_sep_and_year_2015_2025,IW,VV|VH,,PRIMARY_VVVH,IW mode with VV+VH; primary homogeneous SAR backbone. Use only support points actually covered by each raster.,,
2015-09-24 17:22:47.265578+00:00,ascending,88,S1A_IW_GRDH_1SDV_20150924T172247_20150924T172312_007860_00AF57_E989_COG,sentinel-1a,2015,9,24,2015-09-24,True,stable_track_and_apr_sep_and_year_2015_2025,IW,VV|VH,,PRIMARY_VVVH,IW mode with VV+VH; primary homogeneous SAR backbone. Use only support points actually covered by each raster.,,
2015-05-02 05:34:49.437232+00:00,descending,66,S1A_IW_GRDH_1SDV_20150502T053449_20150502T053518_005738_0075E4_6258_COG,sentinel-1a,2015,5,2,2015-05-02,True,stable_track_and_apr_sep_and_year_2015_2025,IW,VV|VH,,PRIMARY_VVVH,IW mode with VV+VH; primary homogeneous SAR backbone. Use only support points actually covered by each raster.,,
2015-05-02 05:35:18.354791+00:00,descending,66,S1A_IW_GRDH_1SDV_20150502T053518_20150502T053543_005738_0075E4_5FF8_COG,sentinel-1a,2015,5,2,2015-05-02,True,stable_track_and_apr_sep_and_year_2015_2025,IW,VV|VH,,PRIMARY_VVVH,IW mode with VV+VH; primary homogeneous SAR backbone. Use only support points actually covered by each raster.,,
2015-05-14 05:34:49.450442+00:00,descending,66,S1A_IW_GRDH_1SDV_20150514T053449_20150514T053518_005913_0079E8_64A1_COG,sentinel-1a,2015,5,14,2015-05-14,True,stable_track_and_apr_sep_and_year_2015_2025,IW,VV|VH,,PRIMARY_VVVH,IW mode with VV+VH; primary homogeneous SAR backbone. Use only support points actually covered by each raster.,,
2015-05-14 05:35:18.353775+00:00,descending,66,S1A_IW_GRDH_1SDV_20150514T053518_20150514T053543_005913_0079E8_0FAE_COG,sentinel-1a,2015,5,14,2015-05-14,True,stable_track_and_apr_sep_and_year_2015_2025,IW,VV|VH,,PRIMARY_VVVH,IW mode with VV+VH; primary homogeneous SAR backbone. Use only support points actually covered by each raster.,,
2015-06-07 05:34:51.580930+00:00,descending,66,S1A_IW_GRDH_1SDV_20150607T053451_20150607T053520_006263_008344_BC7D_COG,sentinel-1a,2015,6,7,2015-06-07,True,stable_track_and_apr_sep_and_year_2015_2025,IW,VV|VH,,PRIMARY_VVVH,IW mode with VV+VH; primary homogeneous SAR backbone. Use only support points actually covered by each raster.,,
2015-06-07 05:35:20.497174+00:00,descending,66,S1A_IW_GRDH_1SDV_20150607T053520_20150607T053545_006263_008344_2741_COG,sentinel-1a,2015,6,7,2015-06-07,True,stable_track_and_apr_sep_and_year_2015_2025,IW,VV|VH,,PRIMARY_VVVH,IW mode with VV+VH; primary homogeneous SAR backbone. Use only support points actually covered by each raster.,,
2015-06-19 05:34:52.148436+00:00,descending,66,S1A_IW_GRDH_1SDV_20150619T053452_20150619T053521_006438_008841_0C7C_COG,sentinel-1a,2015,6,19,2015-06-19,True,stable_track_and_apr_sep_and_year_2015_2025,IW,VV|VH,,PRIMARY_VVVH,IW mode with VV+VH; primary homogeneous SAR backbone. Use only support points actually covered by each raster.,,
2015-07-01 05:34:52.121898+00:00,descending,66,S1A_IW_GRDH_1SDV_20150701T053452_20150701T053521_006613_008D1C_BA62_COG,sentinel-1a,2015,7,1,2015-07-01,True,stable_track_and_apr_sep_and_year_2015_2025,IW,VV|VH,,PRIMARY_VVVH,IW mode with VV+VH; primary homogeneous SAR backbone. Use only support points actually covered by each raster.,,
2015-07-01 05:35:21.022888+00:00,descending,66,S1A_IW_GRDH_1SDV_20150701T053521_20150701T053546_006613_008D1C_4F50_COG,sentinel-1a,2015,7,1,2015-07-01,True,stable_track_and_apr_sep_and_year_2015_2025,IW,VV|VH,,PRIMARY_VVVH,IW mode with VV+VH; primary homogeneous SAR backbone. Use only support points actually covered by each raster.,,
2015-07-13 05:34:52.544109+00:00,descending,66,S1A_IW_GRDH_1SDV_20150713T053452_20150713T053521_006788_0091FF_470D_COG,sentinel-1a,2015,7,13,2015-07-13,True,stable_track_and_apr_sep_and_year_2015_2025,IW,VV|VH,,PRIMARY_VVVH,IW mode with VV+VH; primary homogeneous SAR backbone. Use only support points actually covered by each raster.,,
2015-07-13 05:35:21.455448+00:00,descending,66,S1A_IW_GRDH_1SDV_20150713T053521_20150713T053546_006788_0091FF_45DD_COG,sentinel-1a,2015,7,13,2015-07-13,True,stable_track_and_apr_sep_and_year_2015_2025,IW,VV|VH,,PRIMARY_VVVH,IW mode with VV+VH; primary homogeneous SAR backbone. Use only support points actually covered by each raster.,,
2015-07-25 05:34:53.439584+00:00,descending,66,S1A_IW_GRDH_1SDV_20150725T053453_20150725T053522_006963_009700_FC29_COG,sentinel-1a,2015,7,25,2015-07-25,True,stable_track_and_apr_sep_and_year_2015_2025,IW,VV|VH,,PRIMARY_VVVH,IW mode with VV+VH; primary homogeneous SAR backbone. Use only support points actually covered by each raster.,,
2015-07-25 05:35:22.352655+00:00,descending,66,S1A_IW_GRDH_1SDV_20150725T053522_20150725T053547_006963_009700_911F_COG,sentinel-1a,2015,7,25,2015-07-25,True,stable_track_and_apr_sep_and_year_2015_2025,IW,VV|VH,,PRIMARY_VVVH,IW mode with VV+VH; primary homogeneous SAR backbone. Use only support points actually covered by each raster.,,
2015-08-06 05:34:48.534463+00:00,descending,66,S1A_IW_GRDH_1SDV_20150806T053448_20150806T053517_007138_009BD3_9AB9_COG,sentinel-1a,2015,8,6,2015-08-06,True,stable_track_and_apr_sep_and_year_2015_2025,IW,VV|VH,,PRIMARY_VVVH,IW mode with VV+VH; primary homogeneous SAR backbone. Use only support points actually covered by each raster.,,
2015-08-06 05:35:17.458976+00:00,descending,66,S1A_IW_GRDH_1SDV_20150806T053517_20150806T053542_007138_009BD3_F254_COG,sentinel-1a,2015,8,6,2015-08-06,True,stable_track_and_apr_sep_and_year_2015_2025,IW,VV|VH,,PRIMARY_VVVH,IW mode with VV+VH; primary homogeneous SAR backbone. Use only support points actually covered by each raster.,,
2015-08-18 05:34:49.206993+00:00,descending,66,S1A_IW_GRDH_1SDV_20150818T053449_20150818T053518_007313_00A098_4D22_COG,sentinel-1a,2015,8,18,2015-08-18,True,stable_track_and_apr_sep_and_year_2015_2025,IW,VV|VH,,PRIMARY_VVVH,IW mode with VV+VH; primary homogeneous SAR backbone. Use only support points actually covered by each raster.,,
2015-08-18 05:35:18.123746+00:00,descending,66,S1A_IW_GRDH_1SDV_20150818T053518_20150818T053543_007313_00A098_2B61_COG,sentinel-1a,2015,8,18,2015-08-18,True,stable_track_and_apr_sep_and_year_2015_2025,IW,VV|VH,,PRIMARY_VVVH,IW mode with VV+VH; primary homogeneous SAR backbone. Use only support points actually covered by each raster.,,
2015-08-30 05:34:49.710472+00:00,descending,66,S1A_IW_GRDH_1SDV_20150830T053449_20150830T053518_007488_00A55C_50E8_COG,sentinel-1a,2015,8,30,2015-08-30,True,stable_track_and_apr_sep_and_year_2015_2025,IW,VV|VH,,PRIMARY_VVVH,IW mode with VV+VH; primary homogeneous SAR backbone. Use only support points actually covered by each raster.,,
2015-08-30 05:35:18.636268+00:00,descending,66,S1A_IW_GRDH_1SDV_20150830T053518_20150830T053543_007488_00A55C_E5D2_COG,sentinel-1a,2015,8,30,2015-08-30,True,stable_track_and_apr_sep_and_year_2015_2025,IW,VV|VH,,PRIMARY_VVVH,IW mode with VV+VH; primary homogeneous SAR backbone. Use only support points actually covered by each raster.,,
2015-09-11 05:34:50.177525+00:00,descending,66,S1A_IW_GRDH_1SDV_20150911T053450_20150911T053519_007663_00AA27_A71D_COG,sentinel-1a,2015,9,11,2015-09-11,True,stable_track_and_apr_sep_and_year_2015_2025,IW,VV|VH,,PRIMARY_VVVH,IW mode with VV+VH; primary homogeneous SAR backbone. Use only support points actually covered by each raster.,,
2015-09-11 05:35:19.085366+00:00,descending,66,S1A_IW_GRDH_1SDV_20150911T053519_20150911T053544_007663_00AA27_574A_COG,sentinel-1a,2015,9,11,2015-09-11,True,stable_track_and_apr_sep_and_year_2015_2025,IW,VV|VH,,PRIMARY_VVVH,IW mode with VV+VH; primary homogeneous SAR backbone. Use only support points actually covered by each raster.,,
2015-09-23 05:34:50.453872+00:00,descending,66,S1A_IW_GRDH_1SDV_20150923T053450_20150923T053519_007838_00AEBF_C1A1_COG,sentinel-1a,2015,9,23,2015-09-23,True,stable_track_and_apr_sep_and_year_2015_2025,IW,VV|VH,,PRIMARY_VVVH,IW mode with VV+VH; primary homogeneous SAR backbone. Use only support points actually covered by each raster.,,
2015-09-23 05:35:19.363246+00:00,descending,66,S1A_IW_GRDH_1SDV_20150923T053519_20150923T053544_007838_00AEBF_4476_COG,sentinel-1a,2015,9,23,2015-09-23,True,stable_track_and_apr_sep_and_year_2015_2025,IW,VV|VH,,PRIMARY_VVVH,IW mode with VV+VH; primary homogeneous SAR backbone. Use only support points actually covered by each raster.,,
2015-04-03 05:26:45.357265+00:00,descending,168,S1A_IW_GRDH_1SDV_20150403T052645_20150403T052710_005315_006BAF_A1B7_COG,sentinel-1a,2015,4,3,2015-04-03,True,stable_track_and_apr_sep_and_year_2015_2025,IW,VV|VH,,PRIMARY_VVVH,IW mode with VV+VH; primary homogeneous SAR backbone. Use only support points actually covered by each raster.,,
2015-04-03 05:27:10.357732+00:00,descending,168,S1A_IW_GRDH_1SDV_20150403T052710_20150403T052735_005315_006BAF_18BD_COG,sentinel-1a,2015,4,3,2015-04-03,True,stable_track_and_apr_sep_and_year_2015_2025,IW,VV|VH,,PRIMARY_VVVH,IW mode with VV+VH; primary homogeneous SAR backbone. Use only support points actually covered by each raster.,,
2015-04-15 05:26:40.276154+00:00,descending,168,S1A_IW_GRDH_1SDV_20150415T052640_20150415T052705_005490_007029_3A38_COG,sentinel-1a,2015,4,15,2015-04-15,True,stable_track_and_apr_sep_and_year_2015_2025,IW,VV|VH,,PRIMARY_VVVH,IW mode with VV+VH; primary homogeneous SAR backbone. Use only support points actually covered by each raster.,,
2015-04-15 05:27:05.276857+00:00,descending,168,S1A_IW_GRDH_1SDV_20150415T052705_20150415T052730_005490_007029_EBC9_COG,sentinel-1a,2015,4,15,2015-04-15,True,stable_track_and_apr_sep_and_year_2015_2025,IW,VV|VH,,PRIMARY_VVVH,IW mode with VV+VH; primary homogeneous SAR backbone. Use only support points actually covered by each raster.,,
2015-04-27 05:26:41.096576+00:00,descending,168,S1A_IW_GRDH_1SDV_20150427T052641_20150427T052706_005665_007448_066B_COG,sentinel-1a,2015,4,27,2015-04-27,True,stable_track_and_apr_sep_and_year_2015_2025,IW,VV|VH,,PRIMARY_VVVH,IW mode with VV+VH; primary homogeneous SAR backbone. Use only support points actually covered by each raster.,,
2015-04-27 05:27:06.095921+00:00,descending,168,S1A_IW_GRDH_1SDV_20150427T052706_20150427T052731_005665_007448_072D_COG,sentinel-1a,2015,4,27,2015-04-27,True,stable_track_and_apr_sep_and_year_2015_2025,IW,VV|VH,,PRIMARY_VVVH,IW mode with VV+VH; primary homogeneous SAR backbone. Use only support points actually covered by each raster.,,
2015-05-09 05:26:53.108245+00:00,descending,168,S1A_IW_GRDH_1SDV_20150509T052653_20150509T052718_005840_007841_A5F8_COG,sentinel-1a,2015,5,9,2015-05-09,True,stable_track_and_apr_sep_and_year_2015_2025,IW,VV|VH,,PRIMARY_VVVH,IW mode with VV+VH; primary homogeneous SAR backbone. Use only support points actually covered by each raster.,,
2015-05-21 05:26:40.276274+00:00,descending,168,S1A_IW_GRDH_1SDV_20150521T052640_20150521T052709_006015_007C1A_4BDE_COG,sentinel-1a,2015,5,21,2015-05-21,True,stable_track_and_apr_sep_and_year_2015_2025,IW,VV|VH,,PRIMARY_VVVH,IW mode with VV+VH; primary homogeneous SAR backbone. Use only support points actually covered by each raster.,,
2015-05-21 05:27:09.180202+00:00,descending,168,S1A_IW_GRDH_1SDV_20150521T052709_20150521T052734_006015_007C1A_DA90_COG,sentinel-1a,2015,5,21,2015-05-21,True,stable_track_and_apr_sep_and_year_2015_2025,IW,VV|VH,,PRIMARY_VVVH,IW mode with VV+VH; primary homogeneous SAR backbone. Use only support points actually covered by each raster.,,
2015-06-14 05:26:42.013974+00:00,descending,168,S1A_IW_GRDH_1SDV_20150614T052642_20150614T052710_006365_00862F_7CF0_COG,sentinel-1a,2015,6,14,2015-06-14,True,stable_track_and_apr_sep_and_year_2015_2025,IW,VV|VH,,PRIMARY_VVVH,IW mode with VV+VH; primary homogeneous SAR backbone. Use only support points actually covered by each raster.,,
2015-06-26 05:26:42.760543+00:00,descending,168,S1A_IW_GRDH_1SDV_20150626T052642_20150626T052711_006540_008B28_6BB4_COG,sentinel-1a,2015,6,26,2015-06-26,True,stable_track_and_apr_sep_and_year_2015_2025,IW,VV|VH,,PRIMARY_VVVH,IW mode with VV+VH; primary homogeneous SAR backbone. Use only support points actually covered by each raster.,,
2015-07-08 05:26:42.069908+00:00,descending,168,S1A_IW_GRDH_1SDV_20150708T052642_20150708T052717_006715_008FD3_506E_COG,sentinel-1a,2015,7,8,2015-07-08,True,stable_track_and_apr_sep_and_year_2015_2025,IW,VV|VH,,PRIMARY_VVVH,IW mode with VV+VH; primary homogeneous SAR backbone. Use only support points actually covered by each raster.,,
2015-07-20 05:26:37.604910+00:00,descending,168,S1A_IW_GRDH_1SDV_20150720T052637_20150720T052706_006890_0094E5_8481_COG,sentinel-1a,2015,7,20,2015-07-20,True,stable_track_and_apr_sep_and_year_2015_2025,IW,VV|VH,,PRIMARY_VVVH,IW mode with VV+VH; primary homogeneous SAR backbone. Use only support points actually covered by each raster.,,
2015-07-20 05:27:06.523183+00:00,descending,168,S1A_IW_GRDH_1SDV_20150720T052706_20150720T052731_006890_0094E5_47E5_COG,sentinel-1a,2015,7,20,2015-07-20,True,stable_track_and_apr_sep_and_year_2015_2025,IW,VV|VH,,PRIMARY_VVVH,IW mode with VV+VH; primary homogeneous SAR backbone. Use only support points actually covered by each raster.,,
2015-08-01 05:26:43.858049+00:00,descending,168,S1A_IW_GRDH_1SDV_20150801T052643_20150801T052712_007065_0099D0_71BA_COG,sentinel-1a,2015,8,1,2015-08-01,True,stable_track_and_apr_sep_and_year_2015_2025,IW,VV|VH,,PRIMARY_VVVH,IW mode with VV+VH; primary homogeneous SAR backbone. Use only support points actually covered by each raster.,,
2015-08-13 05:26:44.452681+00:00,descending,168,S1A_IW_GRDH_1SDV_20150813T052644_20150813T052713_007240_009E8F_0E9C_COG,sentinel-1a,2015,8,13,2015-08-13,True,stable_track_and_apr_sep_and_year_2015_2025,IW,VV|VH,,PRIMARY_VVVH,IW mode with VV+VH; primary homogeneous SAR backbone. Use only support points actually covered by each raster.,,
2015-08-13 05:27:13.366255+00:00,descending,168,S1A_IW_GRDH_1SDV_20150813T052713_20150813T052738_007240_009E8F_2926_COG,sentinel-1a,2015,8,13,2015-08-13,True,stable_track_and_apr_sep_and_year_2015_2025,IW,VV|VH,,PRIMARY_VVVH,IW mode with VV+VH; primary homogeneous SAR backbone. Use only support points actually covered by each raster.,,
2015-08-25 05:26:45.112455+00:00,descending,168,S1A_IW_GRDH_1SDV_20150825T052645_20150825T052714_007415_00A34E_2F41_COG,sentinel-1a,2015,8,25,2015-08-25,True,stable_track_and_apr_sep_and_year_2015_2025,IW,VV|VH,,PRIMARY_VVVH,IW mode with VV+VH; primary homogeneous SAR backbone. Use only support points actually covered by each raster.,,
2015-09-06 05:26:45.524925+00:00,descending,168,S1A_IW_GRDH_1SDV_20150906T052645_20150906T052714_007590_00A81D_5CB3_COG,sentinel-1a,2015,9,6,2015-09-06,True,stable_track_and_apr_sep_and_year_2015_2025,IW,VV|VH,,PRIMARY_VVVH,IW mode with VV+VH; primary homogeneous SAR backbone. Use only support points actually covered by each raster.,,
2015-09-18 05:26:45.810589+00:00,descending,168,S1A_IW_GRDH_1SDV_20150918T052645_20150918T052714_007765_00ACC0_513F_COG,sentinel-1a,2015,9,18,2015-09-18,True,stable_track_and_apr_sep_and_year_2015_2025,IW,VV|VH,,PRIMARY_VVVH,IW mode with VV+VH; primary homogeneous SAR backbone. Use only support points actually covered by each raster.,,
2015-09-30 05:26:46.091760+00:00,descending,168,S1A_IW_GRDH_1SDV_20150930T052646_20150930T052715_007940_00B17D_D429_COG,sentinel-1a,2015,9,30,2015-09-30,True,stable_track_and_apr_sep_and_year_2015_2025,IW,VV|VH,,PRIMARY_VVVH,IW mode with VV+VH; primary homogeneous SAR backbone. Use only support points actually covered by each raster.,,
2016-04-10 17:14:23.763563+00:00,ascending,15,S1A_IW_GRDH_1SDV_20160410T171423_20160410T171448_010762_010122_E46B_COG,sentinel-1a,2016,4,10,2016-04-10,True,stable_track_and_apr_sep_and_year_2015_2025,IW,VV|VH,,PRIMARY_VVVH,IW mode with VV+VH; primary homogeneous SAR backbone. Use only support points actually covered by each raster.,,
2016-04-10 17:14:48.764170+00:00,ascending,15,S1A_IW_GRDH_1SDV_20160410T171448_20160410T171513_010762_010122_3076_COG,sentinel-1a,2016,4,10,2016-04-10,True,stable_track_and_apr_sep_and_year_2015_2025,IW,VV|VH,,PRIMARY_VVVH,IW mode with VV+VH; primary homogeneous SAR backbone. Use only support points actually covered by each raster.,,
2016-04-22 17:14:24.172023+00:00,ascending,15,S1A_IW_GRDH_1SDV_20160422T171424_20160422T171449_010937_010677_D047_COG,sentinel-1a,2016,4,22,2016-04-22,True,stable_track_and_apr_sep_and_year_2015_2025,IW,VV|VH,,PRIMARY_VVVH,IW mode with VV+VH; primary homogeneous SAR backbone. Use only support points actually covered by each raster.,,
2016-04-22 17:14:49.171451+00:00,ascending,15,S1A_IW_GRDH_1SDV_20160422T171449_20160422T171514_010937_010677_E291_COG,sentinel-1a,2016,4,22,2016-04-22,True,stable_track_and_apr_sep_and_year_2015_2025,IW,VV|VH,,PRIMARY_VVVH,IW mode with VV+VH; primary homogeneous SAR backbone. Use only support points actually covered by each raster.,,
2016-05-04 17:14:24.666655+00:00,ascending,15,S1A_IW_GRDH_1SDV_20160504T171424_20160504T171449_011112_010BED_AE0D_COG,sentinel-1a,2016,5,4,2016-05-04,True,stable_track_and_apr_sep_and_year_2015_2025,IW,VV|VH,,PRIMARY_VVVH,IW mode with VV+VH; primary homogeneous SAR backbone. Use only support points actually covered by each raster.,,
2016-05-04 17:14:49.665854+00:00,ascending,15,S1A_IW_GRDH_1SDV_20160504T171449_20160504T171514_011112_010BED_9188_COG,sentinel-1a,2016,5,4,2016-05-04,True,stable_track_and_apr_sep_and_year_2015_2025,IW,VV|VH,,PRIMARY_VVVH,IW mode with VV+VH; primary homogeneous SAR backbone. Use only support points actually covered by each raster.,,
2016-05-16 17:14:25.454249+00:00,ascending,15,S1A_IW_GRDH_1SDV_20160516T171425_20160516T171450_011287_011198_16E0_COG,sentinel-1a,2016,5,16,2016-05-16,True,stable_track_and_apr_sep_and_year_2015_2025,IW,VV|VH,,PRIMARY_VVVH,IW mode with VV+VH; primary homogeneous SAR backbone. Use only support points actually covered by each raster.,,
2016-05-16 17:14:50.454000+00:00,ascending,15,S1A_IW_GRDH_1SDV_20160516T171450_20160516T171515_011287_011198_BC51_COG,sentinel-1a,2016,5,16,2016-05-16,True,stable_track_and_apr_sep_and_year_2015_2025,IW,VV|VH,,PRIMARY_VVVH,IW mode with VV+VH; primary homogeneous SAR backbone. Use only support points actually covered by each raster.,,
2016-05-28 17:14:23.353008+00:00,ascending,15,S1A_IW_GRDH_1SDV_20160528T171423_20160528T171448_011462_011752_45F5_COG,sentinel-1a,2016,5,28,2016-05-28,True,stable_track_and_apr_sep_and_year_2015_2025,IW,VV|VH,,PRIMARY_VVVH,IW mode with VV+VH; primary homogeneous SAR backbone. Use only support points actually covered by each raster.,,
2016-05-28 17:14:48.352935+00:00,ascending,15,S1A_IW_GRDH_1SDV_20160528T171448_20160528T171513_011462_011752_D223_COG,sentinel-1a,2016,5,28,2016-05-28,True,stable_track_and_apr_sep_and_year_2015_2025,IW,VV|VH,,PRIMARY_VVVH,IW mode with VV+VH; primary homogeneous SAR backbone. Use only support points actually covered by each raster.,,
2016-06-09 17:14:24.055412+00:00,ascending,15,S1A_IW_GRDH_1SDV_20160609T171424_20160609T171449_011637_011CD1_1065_COG,sentinel-1a,2016,6,9,2016-06-09,True,stable_track_and_apr_sep_and_year_2015_2025,IW,VV|VH,,PRIMARY_VVVH,IW mode with VV+VH; primary homogeneous SAR backbone. Use only support points actually covered by each raster.,,
2016-06-09 17:14:49.055317+00:00,ascending,15,S1A_IW_GRDH_1SDV_20160609T171449_20160609T171514_011637_011CD1_EE7D_COG,sentinel-1a,2016,6,9,2016-06-09,True,stable_track_and_apr_sep_and_year_2015_2025,IW,VV|VH,,PRIMARY_VVVH,IW mode with VV+VH; primary homogeneous SAR backbone. Use only support points actually covered by each raster.,,
2016-07-03 17:14:33.859745+00:00,ascending,15,S1A_IW_GRDH_1SDH_20160703T171433_20160703T171502_011987_0127E7_E254_COG,sentinel-1a,2016,7,3,2016-07-03,True,stable_track_and_apr_sep_and_year_2015_2025,IW,HH|HV,,AUXILIARY_HHHV,IW HH+HV technical exception with demonstrated study-support coverage; retain as separate auxiliary polarization stream; never substitute numerically for VV/VH.,4331.0,1.0
2016-07-15 17:14:25.989736+00:00,ascending,15,S1A_IW_GRDH_1SDV_20160715T171425_20160715T171450_012162_012DA2_DDCF_COG,sentinel-1a,2016,7,15,2016-07-15,True,stable_track_and_apr_sep_and_year_2015_2025,IW,VV|VH,,PRIMARY_VVVH,IW mode with VV+VH; primary homogeneous SAR backbone. Use only support points actually covered by each raster.,,
2016-07-15 17:14:50.991060+00:00,ascending,15,S1A_IW_GRDH_1SDV_20160715T171450_20160715T171515_012162_012DA2_E64B_COG,sentinel-1a,2016,7,15,2016-07-15,True,stable_track_and_apr_sep_and_year_2015_2025,IW,VV|VH,,PRIMARY_VVVH,IW mode with VV+VH; primary homogeneous SAR backbone. Use only support points actually covered by each raster.,,
2016-07-27 17:14:26.697452+00:00,ascending,15,S1A_IW_GRDH_1SDV_20160727T171426_20160727T171451_012337_013359_BCD8_COG,sentinel-1a,2016,7,27,2016-07-27,True,stable_track_and_apr_sep_and_year_2015_2025,IW,VV|VH,,PRIMARY_VVVH,IW mode with VV+VH; primary homogeneous SAR backbone. Use only support points actually covered by each raster.,,
2016-07-27 17:14:51.697360+00:00,ascending,15,S1A_IW_GRDH_1SDV_20160727T171451_20160727T171516_012337_013359_5189_COG,sentinel-1a,2016,7,27,2016-07-27,True,stable_track_and_apr_sep_and_year_2015_2025,IW,VV|VH,,PRIMARY_VVVH,IW mode with VV+VH; primary homogeneous SAR backbone. Use only support points actually covered by each raster.,,
2016-08-08 17:14:27.420136+00:00,ascending,15,S1A_IW_GRDH_1SDV_20160808T171427_20160808T171452_012512_01392E_C14A_COG,sentinel-1a,2016,8,8,2016-08-08,True,stable_track_and_apr_sep_and_year_2015_2025,IW,VV|VH,,PRIMARY_VVVH,IW mode with VV+VH; primary homogeneous SAR backbone. Use only support points actually covered by each raster.,,
2016-08-08 17:14:52.420068+00:00,ascending,15,S1A_IW_GRDH_1SDV_20160808T171452_20160808T171517_012512_01392E_EBF8_COG,sentinel-1a,2016,8,8,2016-08-08,True,stable_track_and_apr_sep_and_year_2015_2025,IW,VV|VH,,PRIMARY_VVVH,IW mode with VV+VH; primary homogeneous SAR backbone. Use only support points actually covered by each raster.,,
2016-08-20 17:14:28.175429+00:00,ascending,15,S1A_IW_GRDH_1SDH_20160820T171428_20160820T171457_012687_013EFA_F8E1_COG,sentinel-1a,2016,8,20,2016-08-20,True,stable_track_and_apr_sep_and_year_2015_2025,IW,HH|HV,,AUXILIARY_HHHV,IW HH+HV technical exception with demonstrated study-support coverage; retain as separate auxiliary polarization stream; never substitute numerically for VV/VH.,4201.0,0.9699838374509352
2016-08-20 17:14:57.199173+00:00,ascending,15,S1A_IW_GRDH_1SDH_20160820T171457_20160820T171522_012687_013EFA_A180_COG,sentinel-1a,2016,8,20,2016-08-20,True,stable_track_and_apr_sep_and_year_2015_2025,IW,HH|HV,,AUXILIARY_HHHV,IW HH+HV technical exception with demonstrated study-support coverage; retain as separate auxiliary polarization stream; never substitute numerically for VV/VH.,130.0,0.0300161625490648
2016-09-01 17:14:28.362049+00:00,ascending,15,S1A_IW_GRDH_1SDV_20160901T171428_20160901T171453_012862_0144E3_B4E0_COG,sentinel-1a,2016,9,1,2016-09-01,True,stable_track_and_apr_sep_and_year_2015_2025,IW,VV|VH,,PRIMARY_VVVH,IW mode with VV+VH; primary homogeneous SAR backbone. Use only support points actually covered by each raster.,,
2016-09-01 17:14:53.361931+00:00,ascending,15,S1A_IW_GRDH_1SDV_20160901T171453_20160901T171518_012862_0144E3_0F54_COG,sentinel-1a,2016,9,1,2016-09-01,True,stable_track_and_apr_sep_and_year_2015_2025,IW,VV|VH,,PRIMARY_VVVH,IW mode with VV+VH; primary homogeneous SAR backbone. Use only support points actually covered by each raster.,,
2016-09-13 17:14:28.969112+00:00,ascending,15,S1A_IW_GRDH_1SDV_20160913T171428_20160913T171453_013037_014A80_5613_COG,sentinel-1a,2016,9,13,2016-09-13,True,stable_track_and_apr_sep_and_year_2015_2025,IW,VV|VH,,PRIMARY_VVVH,IW mode with VV+VH; primary homogeneous SAR backbone. Use only support points actually covered by each raster.,,
2016-09-13 17:14:53.969083+00:00,ascending,15,S1A_IW_GRDH_1SDV_20160913T171453_20160913T171518_013037_014A80_0780_COG,sentinel-1a,2016,9,13,2016-09-13,True,stable_track_and_apr_sep_and_year_2015_2025,IW,VV|VH,,PRIMARY_VVVH,IW mode with VV+VH; primary homogeneous SAR backbone. Use only support points actually covered by each raster.,,
2016-09-25 17:14:29.404337+00:00,ascending,15,S1A_IW_GRDH_1SDV_20160925T171429_20160925T171454_013212_015050_3F58_COG,sentinel-1a,2016,9,25,2016-09-25,True,stable_track_and_apr_sep_and_year_2015_2025,IW,VV|VH,,PRIMARY_VVVH,IW mode with VV+VH; primary homogeneous SAR backbone. Use only support points actually covered by each raster.,,
2016-09-25 17:14:54.404318+00:00,ascending,15,S1A_IW_GRDH_1SDV_20160925T171454_20160925T171519_013212_015050_B72E_COG,sentinel-1a,2016,9,25,2016-09-25,True,stable_track_and_apr_sep_and_year_2015_2025,IW,VV|VH,,PRIMARY_VVVH,IW mode with VV+VH; primary homogeneous SAR backbone. Use only support points actually covered by each raster.,,
2016-04-03 17:22:32.596132+00:00,ascending,88,S1A_IW_GRDH_1SDV_20160403T172232_20160403T172257_010660_00FE19_AAB5_COG,sentinel-1a,2016,4,3,2016-04-03,True,stable_track_and_apr_sep_and_year_2015_2025,IW,VV|VH,,PRIMARY_VVVH,IW mode with VV+VH; primary homogeneous SAR backbone. Use only support points actually covered by each raster.,,
2016-04-03 17:22:57.596268+00:00,ascending,88,S1A_IW_GRDH_1SDV_20160403T172257_20160403T172322_010660_00FE19_37E9_COG,sentinel-1a,2016,4,3,2016-04-03,True,stable_track_and_apr_sep_and_year_2015_2025,IW,VV|VH,,PRIMARY_VVVH,IW mode with VV+VH; primary homogeneous SAR backbone. Use only support points actually covered by each raster.,,
2016-04-15 17:22:40.490339+00:00,ascending,88,S1A_IW_GRDH_1SDV_20160415T172240_20160415T172305_010835_01035A_BB9E_COG,sentinel-1a,2016,4,15,2016-04-15,True,stable_track_and_apr_sep_and_year_2015_2025,IW,VV|VH,,PRIMARY_VVVH,IW mode with VV+VH; primary homogeneous SAR backbone. Use only support points actually covered by each raster.,,
2016-04-27 17:22:33.492012+00:00,ascending,88,S1A_IW_GRDH_1SDV_20160427T172233_20160427T172258_011010_0108C8_1108_COG,sentinel-1a,2016,4,27,2016-04-27,True,stable_track_and_apr_sep_and_year_2015_2025,IW,VV|VH,,PRIMARY_VVVH,IW mode with VV+VH; primary homogeneous SAR backbone. Use only support points actually covered by each raster.,,
2016-04-27 17:22:58.492075+00:00,ascending,88,S1A_IW_GRDH_1SDV_20160427T172258_20160427T172323_011010_0108C8_3D48_COG,sentinel-1a,2016,4,27,2016-04-27,True,stable_track_and_apr_sep_and_year_2015_2025,IW,VV|VH,,PRIMARY_VVVH,IW mode with VV+VH; primary homogeneous SAR backbone. Use only support points actually covered by each raster.,,
2016-05-09 17:22:41.642452+00:00,ascending,88,S1A_IW_GRDH_1SDV_20160509T172241_20160509T172306_011185_010E48_BF9B_COG,sentinel-1a,2016,5,9,2016-05-09,True,stable_track_and_apr_sep_and_year_2015_2025,IW,VV|VH,,PRIMARY_VVVH,IW mode with VV+VH; primary homogeneous SAR backbone. Use only support points actually covered by each raster.,,
2016-05-21 17:22:37.508773+00:00,ascending,88,S1A_IW_GRDH_1SDV_20160521T172237_20160521T172302_011360_011401_7483_COG,sentinel-1a,2016,5,21,2016-05-21,True,stable_track_and_apr_sep_and_year_2015_2025,IW,VV|VH,,PRIMARY_VVVH,IW mode with VV+VH; primary homogeneous SAR backbone. Use only support points actually covered by each raster.,,
2016-05-21 17:23:02.509056+00:00,ascending,88,S1A_IW_GRDH_1SDV_20160521T172302_20160521T172327_011360_011401_3DBF_COG,sentinel-1a,2016,5,21,2016-05-21,True,stable_track_and_apr_sep_and_year_2015_2025,IW,VV|VH,,PRIMARY_VVVH,IW mode with VV+VH; primary homogeneous SAR backbone. Use only support points actually covered by each raster.,,
2016-06-02 17:22:40.971492+00:00,ascending,88,S1A_IW_GRDH_1SDV_20160602T172240_20160602T172305_011535_0119AA_EEC9_COG,sentinel-1a,2016,6,2,2016-06-02,True,stable_track_and_apr_sep_and_year_2015_2025,IW,VV|VH,,PRIMARY_VVVH,IW mode with VV+VH; primary homogeneous SAR backbone. Use only support points actually covered by each raster.,,
2016-06-02 17:23:05.971725+00:00,ascending,88,S1A_IW_GRDH_1SDV_20160602T172305_20160602T172330_011535_0119AA_75D4_COG,sentinel-1a,2016,6,2,2016-06-02,True,stable_track_and_apr_sep_and_year_2015_2025,IW,VV|VH,,PRIMARY_VVVH,IW mode with VV+VH; primary homogeneous SAR backbone. Use only support points actually covered by each raster.,,
2016-06-14 17:22:41.752688+00:00,ascending,88,S1A_IW_GRDH_1SDV_20160614T172241_20160614T172306_011710_011F26_C679_COG,sentinel-1a,2016,6,14,2016-06-14,True,stable_track_and_apr_sep_and_year_2015_2025,IW,VV|VH,,PRIMARY_VVVH,IW mode with VV+VH; primary homogeneous SAR backbone. Use only support points actually covered by each raster.,,
2016-06-14 17:23:06.751522+00:00,ascending,88,S1A_IW_GRDH_1SDV_20160614T172306_20160614T172331_011710_011F26_0FB0_COG,sentinel-1a,2016,6,14,2016-06-14,True,stable_track_and_apr_sep_and_year_2015_2025,IW,VV|VH,,PRIMARY_VVVH,IW mode with VV+VH; primary homogeneous SAR backbone. Use only support points actually covered by each raster.,,
2016-07-08 17:22:43.126513+00:00,ascending,88,S1A_IW_GRDH_1SDV_20160708T172243_20160708T172308_012060_012A5B_614E_COG,sentinel-1a,2016,7,8,2016-07-08,True,stable_track_and_apr_sep_and_year_2015_2025,IW,VV|VH,,PRIMARY_VVVH,IW mode with VV+VH; primary homogeneous SAR backbone. Use only support points actually covered by each raster.,,
2016-07-08 17:23:08.127027+00:00,ascending,88,S1A_IW_GRDH_1SDV_20160708T172308_20160708T172333_012060_012A5B_B97B_COG,sentinel-1a,2016,7,8,2016-07-08,True,stable_track_and_apr_sep_and_year_2015_2025,IW,VV|VH,,PRIMARY_VVVH,IW mode with VV+VH; primary homogeneous SAR backbone. Use only support points actually covered by each raster.,,
2016-07-20 17:22:43.673751+00:00,ascending,88,S1A_IW_GRDH_1SDV_20160720T172243_20160720T172308_012235_013003_A2C7_COG,sentinel-1a,2016,7,20,2016-07-20,True,stable_track_and_apr_sep_and_year_2015_2025,IW,VV|VH,,PRIMARY_VVVH,IW mode with VV+VH; primary homogeneous SAR backbone. Use only support points actually covered by each raster.,,
2016-07-20 17:23:08.673918+00:00,ascending,88,S1A_IW_GRDH_1SDV_20160720T172308_20160720T172333_012235_013003_368E_COG,sentinel-1a,2016,7,20,2016-07-20,True,stable_track_and_apr_sep_and_year_2015_2025,IW,VV|VH,,PRIMARY_VVVH,IW mode with VV+VH; primary homogeneous SAR backbone. Use only support points actually covered by each raster.,,
2016-08-01 17:22:44.545468+00:00,ascending,88,S1A_IW_GRDH_1SDV_20160801T172244_20160801T172309_012410_0135D4_01F7_COG,sentinel-1a,2016,8,1,2016-08-01,True,stable_track_and_apr_sep_and_year_2015_2025,IW,VV|VH,,PRIMARY_VVVH,IW mode with VV+VH; primary homogeneous SAR backbone. Use only support points actually covered by each raster.,,
2016-08-01 17:23:09.545819+00:00,ascending,88,S1A_IW_GRDH_1SDV_20160801T172309_20160801T172334_012410_0135D4_D960_COG,sentinel-1a,2016,8,1,2016-08-01,True,stable_track_and_apr_sep_and_year_2015_2025,IW,VV|VH,,PRIMARY_VVVH,IW mode with VV+VH; primary homogeneous SAR backbone. Use only support points actually covered by each raster.,,
2016-08-13 17:22:45.004262+00:00,ascending,88,S1A_IW_GRDH_1SDV_20160813T172245_20160813T172310_012585_013B95_2D55_COG,sentinel-1a,2016,8,13,2016-08-13,True,stable_track_and_apr_sep_and_year_2015_2025,IW,VV|VH,,PRIMARY_VVVH,IW mode with VV+VH; primary homogeneous SAR backbone. Use only support points actually covered by each raster.,,
2016-08-13 17:23:10.004478+00:00,ascending,88,S1A_IW_GRDH_1SDV_20160813T172310_20160813T172335_012585_013B95_5BA5_COG,sentinel-1a,2016,8,13,2016-08-13,True,stable_track_and_apr_sep_and_year_2015_2025,IW,VV|VH,,PRIMARY_VVVH,IW mode with VV+VH; primary homogeneous SAR backbone. Use only support points actually covered by each raster.,,
2016-08-25 17:22:46.509789+00:00,ascending,88,S1A_IW_GRDH_1SDV_20160825T172246_20160825T172311_012760_014184_1231_COG,sentinel-1a,2016,8,25,2016-08-25,True,stable_track_and_apr_sep_and_year_2015_2025,IW,VV|VH,,PRIMARY_VVVH,IW mode with VV+VH; primary homogeneous SAR backbone. Use only support points actually covered by each raster.,,
2016-09-06 17:22:45.997131+00:00,ascending,88,S1A_IW_GRDH_1SDV_20160906T172245_20160906T172310_012935_014746_75AB_COG,sentinel-1a,2016,9,6,2016-09-06,True,stable_track_and_apr_sep_and_year_2015_2025,IW,VV|VH,,PRIMARY_VVVH,IW mode with VV+VH; primary homogeneous SAR backbone. Use only support points actually covered by each raster.,,
2016-09-06 17:23:10.997123+00:00,ascending,88,S1A_IW_GRDH_1SDV_20160906T172310_20160906T172335_012935_014746_4725_COG,sentinel-1a,2016,9,6,2016-09-06,True,stable_track_and_apr_sep_and_year_2015_2025,IW,VV|VH,,PRIMARY_VVVH,IW mode with VV+VH; primary homogeneous SAR backbone. Use only support points actually covered by each raster.,,
2016-09-18 17:22:46.518560+00:00,ascending,88,S1A_IW_GRDH_1SDV_20160918T172246_20160918T172311_013110_014CF7_4B9B_COG,sentinel-1a,2016,9,18,2016-09-18,True,stable_track_and_apr_sep_and_year_2015_2025,IW,VV|VH,,PRIMARY_VVVH,IW mode with VV+VH; primary homogeneous SAR backbone. Use only support points actually covered by each raster.,,
2016-09-18 17:23:11.517076+00:00,ascending,88,S1A_IW_GRDH_1SDV_20160918T172311_20160918T172336_013110_014CF7_4BD1_COG,sentinel-1a,2016,9,18,2016-09-18,True,stable_track_and_apr_sep_and_year_2015_2025,IW,VV|VH,,PRIMARY_VVVH,IW mode with VV+VH; primary homogeneous SAR backbone. Use only support points actually covered by each raster.,,
2016-09-30 17:22:46.837045+00:00,ascending,88,S1A_IW_GRDH_1SDV_20160930T172246_20160930T172311_013285_01529D_6CBD_COG,sentinel-1a,2016,9,30,2016-09-30,True,stable_track_and_apr_sep_and_year_2015_2025,IW,VV|VH,,PRIMARY_VVVH,IW mode with VV+VH; primary homogeneous SAR backbone. Use only support points actually covered by each raster.,,
2016-09-30 17:23:11.837144+00:00,ascending,88,S1A_IW_GRDH_1SDV_20160930T172311_20160930T172336_013285_01529D_E5CC_COG,sentinel-1a,2016,9,30,2016-09-30,True,stable_track_and_apr_sep_and_year_2015_2025,IW,VV|VH,,PRIMARY_VVVH,IW mode with VV+VH; primary homogeneous SAR backbone. Use only support points actually covered by each raster.,,
2016-04-02 05:35:07.257277+00:00,descending,66,S1A_IW_GRDH_1SDV_20160402T053507_20160402T053532_010638_00FD7A_79D1_COG,sentinel-1a,2016,4,2,2016-04-02,True,stable_track_and_apr_sep_and_year_2015_2025,IW,VV|VH,,PRIMARY_VVVH,IW mode with VV+VH; primary homogeneous SAR backbone. Use only support points actually covered by each raster.,,
2016-04-14 05:34:53.762998+00:00,descending,66,S1A_IW_GRDH_1SDV_20160414T053453_20160414T053518_010813_0102C0_C84E_COG,sentinel-1a,2016,4,14,2016-04-14,True,stable_track_and_apr_sep_and_year_2015_2025,IW,VV|VH,,PRIMARY_VVVH,IW mode with VV+VH; primary homogeneous SAR backbone. Use only support points actually covered by each raster.,,
2016-04-14 05:35:18.763806+00:00,descending,66,S1A_IW_GRDH_1SDV_20160414T053518_20160414T053543_010813_0102C0_9560_COG,sentinel-1a,2016,4,14,2016-04-14,True,stable_track_and_apr_sep_and_year_2015_2025,IW,VV|VH,,PRIMARY_VVVH,IW mode with VV+VH; primary homogeneous SAR backbone. Use only support points actually covered by each raster.,,
2016-04-26 05:35:08.159752+00:00,descending,66,S1A_IW_GRDH_1SDV_20160426T053508_20160426T053533_010988_01081D_1942_COG,sentinel-1a,2016,4,26,2016-04-26,True,stable_track_and_apr_sep_and_year_2015_2025,IW,VV|VH,,PRIMARY_VVVH,IW mode with VV+VH; primary homogeneous SAR backbone. Use only support points actually covered by each raster.,,
2016-05-08 05:34:54.859777+00:00,descending,66,S1A_IW_GRDH_1SDV_20160508T053454_20160508T053519_011163_010DA8_361C_COG,sentinel-1a,2016,5,8,2016-05-08,True,stable_track_and_apr_sep_and_year_2015_2025,IW,VV|VH,,PRIMARY_VVVH,IW mode with VV+VH; primary homogeneous SAR backbone. Use only support points actually covered by each raster.,,
2016-05-08 05:35:19.860593+00:00,descending,66,S1A_IW_GRDH_1SDV_20160508T053519_20160508T053544_011163_010DA8_A041_COG,sentinel-1a,2016,5,8,2016-05-08,True,stable_track_and_apr_sep_and_year_2015_2025,IW,VV|VH,,PRIMARY_VVVH,IW mode with VV+VH; primary homogeneous SAR backbone. Use only support points actually covered by each raster.,,
2016-05-20 05:35:12.099340+00:00,descending,66,S1A_IW_GRDH_1SDV_20160520T053512_20160520T053537_011338_01134D_5A10_COG,sentinel-1a,2016,5,20,2016-05-20,True,stable_track_and_apr_sep_and_year_2015_2025,IW,VV|VH,,PRIMARY_VVVH,IW mode with VV+VH; primary homogeneous SAR backbone. Use only support points actually covered by each raster.,,
2016-06-01 05:34:55.823681+00:00,descending,66,S1A_IW_GRDH_1SDV_20160601T053455_20160601T053520_011513_011906_6FE6_COG,sentinel-1a,2016,6,1,2016-06-01,True,stable_track_and_apr_sep_and_year_2015_2025,IW,VV|VH,,PRIMARY_VVVH,IW mode with VV+VH; primary homogeneous SAR backbone. Use only support points actually covered by each raster.,,
2016-06-01 05:35:20.824177+00:00,descending,66,S1A_IW_GRDH_1SDV_20160601T053520_20160601T053545_011513_011906_48A5_COG,sentinel-1a,2016,6,1,2016-06-01,True,stable_track_and_apr_sep_and_year_2015_2025,IW,VV|VH,,PRIMARY_VVVH,IW mode with VV+VH; primary homogeneous SAR backbone. Use only support points actually covered by each raster.,,
2016-06-13 05:35:16.999686+00:00,descending,66,S1A_IW_GRDH_1SDV_20160613T053516_20160613T053546_011688_011E7E_4770_COG,sentinel-1a,2016,6,13,2016-06-13,True,stable_track_and_apr_sep_and_year_2015_2025,IW,VV|VH,,PRIMARY_VVVH,IW mode with VV+VH; primary homogeneous SAR backbone. Use only support points actually covered by each raster.,,
2016-07-07 05:34:57.991889+00:00,descending,66,S1A_IW_GRDH_1SDV_20160707T053457_20160707T053522_012038_0129AA_ADAE_COG,sentinel-1a,2016,7,7,2016-07-07,True,stable_track_and_apr_sep_and_year_2015_2025,IW,VV|VH,,PRIMARY_VVVH,IW mode with VV+VH; primary homogeneous SAR backbone. Use only support points actually covered by each raster.,,
2016-07-07 05:35:22.992436+00:00,descending,66,S1A_IW_GRDH_1SDV_20160707T053522_20160707T053547_012038_0129AA_6543_COG,sentinel-1a,2016,7,7,2016-07-07,True,stable_track_and_apr_sep_and_year_2015_2025,IW,VV|VH,,PRIMARY_VVVH,IW mode with VV+VH; primary homogeneous SAR backbone. Use only support points actually covered by each raster.,,
2016-07-19 05:34:58.530411+00:00,descending,66,S1A_IW_GRDH_1SDV_20160719T053458_20160719T053523_012213_012F5D_2EA9_COG,sentinel-1a,2016,7,19,2016-07-19,True,stable_track_and_apr_sep_and_year_2015_2025,IW,VV|VH,,PRIMARY_VVVH,IW mode with VV+VH; primary homogeneous SAR backbone. Use only support points actually covered by each raster.,,
2016-07-19 05:35:23.530996+00:00,descending,66,S1A_IW_GRDH_1SDV_20160719T053523_20160719T053548_012213_012F5D_34D3_COG,sentinel-1a,2016,7,19,2016-07-19,True,stable_track_and_apr_sep_and_year_2015_2025,IW,VV|VH,,PRIMARY_VVVH,IW mode with VV+VH; primary homogeneous SAR backbone. Use only support points actually covered by each raster.,,
2016-07-31 05:35:08.678759+00:00,descending,66,S1A_IW_GRDH_1SDV_20160731T053508_20160731T053537_012388_013519_3993_COG,sentinel-1a,2016,7,31,2016-07-31,True,stable_track_and_apr_sep_and_year_2015_2025,IW,VV|VH,,PRIMARY_VVVH,IW mode with VV+VH; primary homogeneous SAR backbone. Use only support points actually covered by each raster.,,
2016-08-12 05:34:59.786131+00:00,descending,66,S1A_IW_GRDH_1SDV_20160812T053459_20160812T053524_012563_013AED_7222_COG,sentinel-1a,2016,8,12,2016-08-12,True,stable_track_and_apr_sep_and_year_2015_2025,IW,VV|VH,,PRIMARY_VVVH,IW mode with VV+VH; primary homogeneous SAR backbone. Use only support points actually covered by each raster.,,
2016-08-12 05:35:24.786724+00:00,descending,66,S1A_IW_GRDH_1SDV_20160812T053524_20160812T053549_012563_013AED_4FC5_COG,sentinel-1a,2016,8,12,2016-08-12,True,stable_track_and_apr_sep_and_year_2015_2025,IW,VV|VH,,PRIMARY_VVVH,IW mode with VV+VH; primary homogeneous SAR backbone. Use only support points actually covered by each raster.,,
2016-08-24 05:35:00.523711+00:00,descending,66,S1A_IW_GRDH_1SDV_20160824T053500_20160824T053525_012738_0140C6_B897_COG,sentinel-1a,2016,8,24,2016-08-24,True,stable_track_and_apr_sep_and_year_2015_2025,IW,VV|VH,,PRIMARY_VVVH,IW mode with VV+VH; primary homogeneous SAR backbone. Use only support points actually covered by each raster.,,
2016-08-24 05:35:25.524330+00:00,descending,66,S1A_IW_GRDH_1SDV_20160824T053525_20160824T053550_012738_0140C6_4728_COG,sentinel-1a,2016,8,24,2016-08-24,True,stable_track_and_apr_sep_and_year_2015_2025,IW,VV|VH,,PRIMARY_VVVH,IW mode with VV+VH; primary homogeneous SAR backbone. Use only support points actually covered by each raster.,,
2016-09-05 05:35:00.868528+00:00,descending,66,S1A_IW_GRDH_1SDV_20160905T053500_20160905T053525_012913_01469F_A2B8_COG,sentinel-1a,2016,9,5,2016-09-05,True,stable_track_and_apr_sep_and_year_2015_2025,IW,VV|VH,,PRIMARY_VVVH,IW mode with VV+VH; primary homogeneous SAR backbone. Use only support points actually covered by each raster.,,
2016-09-05 05:35:25.869155+00:00,descending,66,S1A_IW_GRDH_1SDV_20160905T053525_20160905T053550_012913_01469F_304E_COG,sentinel-1a,2016,9,5,2016-09-05,True,stable_track_and_apr_sep_and_year_2015_2025,IW,VV|VH,,PRIMARY_VVVH,IW mode with VV+VH; primary homogeneous SAR backbone. Use only support points actually covered by each raster.,,
2016-09-17 05:35:01.393562+00:00,descending,66,S1A_IW_GRDH_1SDV_20160917T053501_20160917T053526_013088_014C43_0909_COG,sentinel-1a,2016,9,17,2016-09-17,True,stable_track_and_apr_sep_and_year_2015_2025,IW,VV|VH,,PRIMARY_VVVH,IW mode with VV+VH; primary homogeneous SAR backbone. Use only support points actually covered by each raster.,,
2016-09-17 05:35:26.392717+00:00,descending,66,S1A_IW_GRDH_1SDV_20160917T053526_20160917T053551_013088_014C43_2FDD_COG,sentinel-1a,2016,9,17,2016-09-17,True,stable_track_and_apr_sep_and_year_2015_2025,IW,VV|VH,,PRIMARY_VVVH,IW mode with VV+VH; primary homogeneous SAR backbone. Use only support points actually covered by each raster.,,
2016-09-29 05:35:01.775501+00:00,descending,66,S1A_IW_GRDH_1SDV_20160929T053501_20160929T053526_013263_0151F9_9BCB_COG,sentinel-1a,2016,9,29,2016-09-29,True,stable_track_and_apr_sep_and_year_2015_2025,IW,VV|VH,,PRIMARY_VVVH,IW mode with VV+VH; primary homogeneous SAR backbone. Use only support points actually covered by each raster.,,
2016-09-29 05:35:26.776277+00:00,descending,66,S1A_IW_GRDH_1SDV_20160929T053526_20160929T053551_013263_0151F9_A618_COG,sentinel-1a,2016,9,29,2016-09-29,True,stable_track_and_apr_sep_and_year_2015_2025,IW,VV|VH,,PRIMARY_VVVH,IW mode with VV+VH; primary homogeneous SAR backbone. Use only support points actually covered by each raster.,,
2016-04-09 05:26:43.539123+00:00,descending,168,S1A_IW_GRDH_1SDV_20160409T052643_20160409T052708_010740_01007E_0970_COG,sentinel-1a,2016,4,9,2016-04-09,True,stable_track_and_apr_sep_and_year_2015_2025,IW,VV|VH,,PRIMARY_VVVH,IW mode with VV+VH; primary homogeneous SAR backbone. Use only support points actually covered by each raster.,,
2016-04-09 05:27:08.539575+00:00,descending,168,S1A_IW_GRDH_1SDV_20160409T052708_20160409T052733_010740_01007E_8152_COG,sentinel-1a,2016,4,9,2016-04-09,True,stable_track_and_apr_sep_and_year_2015_2025,IW,VV|VH,,PRIMARY_VVVH,IW mode with VV+VH; primary homogeneous SAR backbone. Use only support points actually covered by each raster.,,
2016-04-21 05:26:55.317885+00:00,descending,168,S1A_IW_GRDH_1SDV_20160421T052655_20160421T052720_010915_0105CD_B13F_COG,sentinel-1a,2016,4,21,2016-04-21,True,stable_track_and_apr_sep_and_year_2015_2025,IW,VV|VH,,PRIMARY_VVVH,IW mode with VV+VH; primary homogeneous SAR backbone. Use only support points actually covered by each raster.,,
2016-05-03 05:26:44.538991+00:00,descending,168,S1A_IW_GRDH_1SDV_20160503T052644_20160503T052709_011090_010B55_AD58_COG,sentinel-1a,2016,5,3,2016-05-03,True,stable_track_and_apr_sep_and_year_2015_2025,IW,VV|VH,,PRIMARY_VVVH,IW mode with VV+VH; primary homogeneous SAR backbone. Use only support points actually covered by each raster.,,
2016-05-03 05:27:09.539402+00:00,descending,168,S1A_IW_GRDH_1SDV_20160503T052709_20160503T052734_011090_010B55_61F5_COG,sentinel-1a,2016,5,3,2016-05-03,True,stable_track_and_apr_sep_and_year_2015_2025,IW,VV|VH,,PRIMARY_VVVH,IW mode with VV+VH; primary homogeneous SAR backbone. Use only support points actually covered by each raster.,,
2016-05-15 05:26:53.935093+00:00,descending,168,S1A_IW_GRDH_1SDV_20160515T052653_20160515T052718_011265_0110E3_0EB6_COG,sentinel-1a,2016,5,15,2016-05-15,True,stable_track_and_apr_sep_and_year_2015_2025,IW,VV|VH,,PRIMARY_VVVH,IW mode with VV+VH; primary homogeneous SAR backbone. Use only support points actually covered by each raster.,,
2016-05-15 05:27:18.935906+00:00,descending,168,S1A_IW_GRDH_1SDV_20160515T052718_20160515T052743_011265_0110E3_1A44_COG,sentinel-1a,2016,5,15,2016-05-15,True,stable_track_and_apr_sep_and_year_2015_2025,IW,VV|VH,,PRIMARY_VVVH,IW mode with VV+VH; primary homogeneous SAR backbone. Use only support points actually covered by each raster.,,
2016-05-27 05:26:48.625322+00:00,descending,168,S1A_IW_GRDH_1SDV_20160527T052648_20160527T052713_011440_0116A9_EC4B_COG,sentinel-1a,2016,5,27,2016-05-27,True,stable_track_and_apr_sep_and_year_2015_2025,IW,VV|VH,,PRIMARY_VVVH,IW mode with VV+VH; primary homogeneous SAR backbone. Use only support points actually covered by each raster.,,
2016-05-27 05:27:13.625049+00:00,descending,168,S1A_IW_GRDH_1SDV_20160527T052713_20160527T052738_011440_0116A9_60F9_COG,sentinel-1a,2016,5,27,2016-05-27,True,stable_track_and_apr_sep_and_year_2015_2025,IW,VV|VH,,PRIMARY_VVVH,IW mode with VV+VH; primary homogeneous SAR backbone. Use only support points actually covered by each raster.,,
2016-06-08 05:27:03.013475+00:00,descending,168,S1A_IW_GRDH_1SDV_20160608T052703_20160608T052728_011615_011C21_D117_COG,sentinel-1a,2016,6,8,2016-06-08,True,stable_track_and_apr_sep_and_year_2015_2025,IW,VV|VH,,PRIMARY_VVVH,IW mode with VV+VH; primary homogeneous SAR backbone. Use only support points actually covered by each raster.,,
2016-07-14 05:27:04.891180+00:00,descending,168,S1A_IW_GRDH_1SDV_20160714T052704_20160714T052729_012140_012CF8_C92F_COG,sentinel-1a,2016,7,14,2016-07-14,True,stable_track_and_apr_sep_and_year_2015_2025,IW,VV|VH,,PRIMARY_VVVH,IW mode with VV+VH; primary homogeneous SAR backbone. Use only support points actually covered by each raster.,,
2016-07-26 05:27:05.687285+00:00,descending,168,S1A_IW_GRDH_1SDV_20160726T052705_20160726T052730_012315_0132A1_5F97_COG,sentinel-1a,2016,7,26,2016-07-26,True,stable_track_and_apr_sep_and_year_2015_2025,IW,VV|VH,,PRIMARY_VVVH,IW mode with VV+VH; primary homogeneous SAR backbone. Use only support points actually covered by each raster.,,
2016-08-07 05:26:50.853993+00:00,descending,168,S1A_IW_GRDH_1SDV_20160807T052650_20160807T052719_012490_013884_E979_COG,sentinel-1a,2016,8,7,2016-08-07,True,stable_track_and_apr_sep_and_year_2015_2025,IW,VV|VH,,PRIMARY_VVVH,IW mode with VV+VH; primary homogeneous SAR backbone. Use only support points actually covered by each raster.,,
2016-08-07 05:27:19.881597+00:00,descending,168,S1A_IW_GRDH_1SDV_20160807T052719_20160807T052744_012490_013884_8578_COG,sentinel-1a,2016,8,7,2016-08-07,True,stable_track_and_apr_sep_and_year_2015_2025,IW,VV|VH,,PRIMARY_VVVH,IW mode with VV+VH; primary homogeneous SAR backbone. Use only support points actually covered by each raster.,,
2016-08-19 05:27:07.062194+00:00,descending,168,S1A_IW_GRDH_1SDV_20160819T052707_20160819T052732_012665_013E40_BCA9_COG,sentinel-1a,2016,8,19,2016-08-19,True,stable_track_and_apr_sep_and_year_2015_2025,IW,VV|VH,,PRIMARY_VVVH,IW mode with VV+VH; primary homogeneous SAR backbone. Use only support points actually covered by each raster.,,
2016-08-31 05:27:07.362446+00:00,descending,168,S1A_IW_GRDH_1SDV_20160831T052707_20160831T052732_012840_014434_DF80_COG,sentinel-1a,2016,8,31,2016-08-31,True,stable_track_and_apr_sep_and_year_2015_2025,IW,VV|VH,,PRIMARY_VVVH,IW mode with VV+VH; primary homogeneous SAR backbone. Use only support points actually covered by each raster.,,
2016-09-12 05:27:07.970936+00:00,descending,168,S1A_IW_GRDH_1SDV_20160912T052707_20160912T052732_013015_0149CC_33A3_COG,sentinel-1a,2016,9,12,2016-09-12,True,stable_track_and_apr_sep_and_year_2015_2025,IW,VV|VH,,PRIMARY_VVVH,IW mode with VV+VH; primary homogeneous SAR backbone. Use only support points actually covered by each raster.,,
2016-09-24 05:27:08.407596+00:00,descending,168,S1A_IW_GRDH_1SDV_20160924T052708_20160924T052733_013190_014FA5_2701_COG,sentinel-1a,2016,9,24,2016-09-24,True,stable_track_and_apr_sep_and_year_2015_2025,IW,VV|VH,,PRIMARY_VVVH,IW mode with VV+VH; primary homogeneous SAR backbone. Use only support points actually covered by each raster.,,
2016-09-30 05:26:29.229591+00:00,descending,168,S1B_IW_GRDH_1SDV_20160930T052629_20160930T052654_002294_003E0C_0CCA_COG,sentinel-1b,2016,9,30,2016-09-30,True,stable_track_and_apr_sep_and_year_2015_2025,IW,VV|VH,,PRIMARY_VVVH,IW mode with VV+VH; primary homogeneous SAR backbone. Use only support points actually covered by each raster.,,
2017-04-05 17:14:26.259861+00:00,ascending,15,S1A_IW_GRDH_1SDV_20170405T171426_20170405T171451_016012_01A6A3_C219_COG,sentinel-1a,2017,4,5,2017-04-05,True,stable_track_and_apr_sep_and_year_2015_2025,IW,VV|VH,,PRIMARY_VVVH,IW mode with VV+VH; primary homogeneous SAR backbone. Use only support points actually covered by each raster.,,
2017-04-05 17:14:51.259928+00:00,ascending,15,S1A_IW_GRDH_1SDV_20170405T171451_20170405T171516_016012_01A6A3_A645_COG,sentinel-1a,2017,4,5,2017-04-05,True,stable_track_and_apr_sep_and_year_2015_2025,IW,VV|VH,,PRIMARY_VVVH,IW mode with VV+VH; primary homogeneous SAR backbone. Use only support points actually covered by each raster.,,
2017-04-11 17:13:42.761515+00:00,ascending,15,S1B_IW_GRDH_1SDV_20170411T171342_20170411T171407_005116_008F3A_019E_COG,sentinel-1b,2017,4,11,2017-04-11,True,stable_track_and_apr_sep_and_year_2015_2025,IW,VV|VH,,PRIMARY_VVVH,IW mode with VV+VH; primary homogeneous SAR backbone. Use only support points actually covered by each raster.,,
2017-04-11 17:14:07.761122+00:00,ascending,15,S1B_IW_GRDH_1SDV_20170411T171407_20170411T171432_005116_008F3A_2301_COG,sentinel-1b,2017,4,11,2017-04-11,True,stable_track_and_apr_sep_and_year_2015_2025,IW,VV|VH,,PRIMARY_VVVH,IW mode with VV+VH; primary homogeneous SAR backbone. Use only support points actually covered by each raster.,,
2017-04-17 17:14:26.870147+00:00,ascending,15,S1A_IW_GRDH_1SDV_20170417T171426_20170417T171451_016187_01AC02_5E5C_COG,sentinel-1a,2017,4,17,2017-04-17,True,stable_track_and_apr_sep_and_year_2015_2025,IW,VV|VH,,PRIMARY_VVVH,IW mode with VV+VH; primary homogeneous SAR backbone. Use only support points actually covered by each raster.,,
2017-04-17 17:14:51.870030+00:00,ascending,15,S1A_IW_GRDH_1SDV_20170417T171451_20170417T171516_016187_01AC02_B893_COG,sentinel-1a,2017,4,17,2017-04-17,True,stable_track_and_apr_sep_and_year_2015_2025,IW,VV|VH,,PRIMARY_VVVH,IW mode with VV+VH; primary homogeneous SAR backbone. Use only support points actually covered by each raster.,,
2017-04-23 17:13:43.424758+00:00,ascending,15,S1B_IW_GRDH_1SDV_20170423T171343_20170423T171408_005291_00944C_2F57_COG,sentinel-1b,2017,4,23,2017-04-23,True,stable_track_and_apr_sep_and_year_2015_2025,IW,VV|VH,,PRIMARY_VVVH,IW mode with VV+VH; primary homogeneous SAR backbone. Use only support points actually covered by each raster.,,
2017-04-23 17:14:08.424400+00:00,ascending,15,S1B_IW_GRDH_1SDV_20170423T171408_20170423T171433_005291_00944C_7342_COG,sentinel-1b,2017,4,23,2017-04-23,True,stable_track_and_apr_sep_and_year_2015_2025,IW,VV|VH,,PRIMARY_VVVH,IW mode with VV+VH; primary homogeneous SAR backbone. Use only support points actually covered by each raster.,,
2017-04-29 17:14:27.308099+00:00,ascending,15,S1A_IW_GRDH_1SDV_20170429T171427_20170429T171452_016362_01B152_D610_COG,sentinel-1a,2017,4,29,2017-04-29,True,stable_track_and_apr_sep_and_year_2015_2025,IW,VV|VH,,PRIMARY_VVVH,IW mode with VV+VH; primary homogeneous SAR backbone. Use only support points actually covered by each raster.,,
2017-04-29 17:14:52.308024+00:00,ascending,15,S1A_IW_GRDH_1SDV_20170429T171452_20170429T171517_016362_01B152_412C_COG,sentinel-1a,2017,4,29,2017-04-29,True,stable_track_and_apr_sep_and_year_2015_2025,IW,VV|VH,,PRIMARY_VVVH,IW mode with VV+VH; primary homogeneous SAR backbone. Use only support points actually covered by each raster.,,
2017-05-05 17:13:44.064755+00:00,ascending,15,S1B_IW_GRDH_1SDV_20170505T171344_20170505T171409_005466_009944_58FE_COG,sentinel-1b,2017,5,5,2017-05-05,True,stable_track_and_apr_sep_and_year_2015_2025,IW,VV|VH,,PRIMARY_VVVH,IW mode with VV+VH; primary homogeneous SAR backbone. Use only support points actually covered by each raster.,,
2017-05-05 17:14:09.064264+00:00,ascending,15,S1B_IW_GRDH_1SDV_20170505T171409_20170505T171434_005466_009944_51E6_COG,sentinel-1b,2017,5,5,2017-05-05,True,stable_track_and_apr_sep_and_year_2015_2025,IW,VV|VH,,PRIMARY_VVVH,IW mode with VV+VH; primary homogeneous SAR backbone. Use only support points actually covered by each raster.,,
2017-05-11 17:14:28.044503+00:00,ascending,15,S1A_IW_GRDH_1SDV_20170511T171428_20170511T171453_016537_01B699_32D2_COG,sentinel-1a,2017,5,11,2017-05-11,True,stable_track_and_apr_sep_and_year_2015_2025,IW,VV|VH,,PRIMARY_VVVH,IW mode with VV+VH; primary homogeneous SAR backbone. Use only support points actually covered by each raster.,,
2017-05-11 17:14:53.044340+00:00,ascending,15,S1A_IW_GRDH_1SDV_20170511T171453_20170511T171518_016537_01B699_1F74_COG,sentinel-1a,2017,5,11,2017-05-11,True,stable_track_and_apr_sep_and_year_2015_2025,IW,VV|VH,,PRIMARY_VVVH,IW mode with VV+VH; primary homogeneous SAR backbone. Use only support points actually covered by each raster.,,
2017-05-17 17:13:44.650331+00:00,ascending,15,S1B_IW_GRDH_1SDV_20170517T171344_20170517T171409_005641_009E0D_072D_COG,sentinel-1b,2017,5,17,2017-05-17,True,stable_track_and_apr_sep_and_year_2015_2025,IW,VV|VH,,PRIMARY_VVVH,IW mode with VV+VH; primary homogeneous SAR backbone. Use only support points actually covered by each raster.,,
2017-05-17 17:14:09.651408+00:00,ascending,15,S1B_IW_GRDH_1SDV_20170517T171409_20170517T171434_005641_009E0D_7CE7_COG,sentinel-1b,2017,5,17,2017-05-17,True,stable_track_and_apr_sep_and_year_2015_2025,IW,VV|VH,,PRIMARY_VVVH,IW mode with VV+VH; primary homogeneous SAR backbone. Use only support points actually covered by each raster.,,
2017-05-23 17:14:22.988840+00:00,ascending,15,S1A_IW_GRDH_1SDV_20170523T171422_20170523T171447_016712_01BC02_B420_COG,sentinel-1a,2017,5,23,2017-05-23,True,stable_track_and_apr_sep_and_year_2015_2025,IW,VV|VH,,PRIMARY_VVVH,IW mode with VV+VH; primary homogeneous SAR backbone. Use only support points actually covered by each raster.,,
2017-05-23 17:14:47.988570+00:00,ascending,15,S1A_IW_GRDH_1SDV_20170523T171447_20170523T171512_016712_01BC02_6490_COG,sentinel-1a,2017,5,23,2017-05-23,True,stable_track_and_apr_sep_and_year_2015_2025,IW,VV|VH,,PRIMARY_VVVH,IW mode with VV+VH; primary homogeneous SAR backbone. Use only support points actually covered by each raster.,,
2017-05-29 17:13:45.096146+00:00,ascending,15,S1B_IW_GRDH_1SDV_20170529T171345_20170529T171410_005816_00A31A_3F31_COG,sentinel-1b,2017,5,29,2017-05-29,True,stable_track_and_apr_sep_and_year_2015_2025,IW,VV|VH,,PRIMARY_VVVH,IW mode with VV+VH; primary homogeneous SAR backbone. Use only support points actually covered by each raster.,,
2017-05-29 17:14:10.095664+00:00,ascending,15,S1B_IW_GRDH_1SDV_20170529T171410_20170529T171435_005816_00A31A_B61D_COG,sentinel-1b,2017,5,29,2017-05-29,True,stable_track_and_apr_sep_and_year_2015_2025,IW,VV|VH,,PRIMARY_VVVH,IW mode with VV+VH; primary homogeneous SAR backbone. Use only support points actually covered by each raster.,,
2017-06-04 17:14:23.913040+00:00,ascending,15,S1A_IW_GRDH_1SDV_20170604T171423_20170604T171448_016887_01C16E_6974_COG,sentinel-1a,2017,6,4,2017-06-04,True,stable_track_and_apr_sep_and_year_2015_2025,IW,VV|VH,,PRIMARY_VVVH,IW mode with VV+VH; primary homogeneous SAR backbone. Use only support points actually covered by each raster.,,
2017-06-04 17:14:48.912684+00:00,ascending,15,S1A_IW_GRDH_1SDV_20170604T171448_20170604T171513_016887_01C16E_0343_COG,sentinel-1a,2017,6,4,2017-06-04,True,stable_track_and_apr_sep_and_year_2015_2025,IW,VV|VH,,PRIMARY_VVVH,IW mode with VV+VH; primary homogeneous SAR backbone. Use only support points actually covered by each raster.,,
2017-06-10 17:13:46.072255+00:00,ascending,15,S1B_IW_GRDH_1SDV_20170610T171346_20170610T171411_005991_00A834_FC7B_COG,sentinel-1b,2017,6,10,2017-06-10,True,stable_track_and_apr_sep_and_year_2015_2025,IW,VV|VH,,PRIMARY_VVVH,IW mode with VV+VH; primary homogeneous SAR backbone. Use only support points actually covered by each raster.,,
2017-06-10 17:14:11.073338+00:00,ascending,15,S1B_IW_GRDH_1SDV_20170610T171411_20170610T171436_005991_00A834_972E_COG,sentinel-1b,2017,6,10,2017-06-10,True,stable_track_and_apr_sep_and_year_2015_2025,IW,VV|VH,,PRIMARY_VVVH,IW mode with VV+VH; primary homogeneous SAR backbone. Use only support points actually covered by each raster.,,
2017-06-16 17:14:24.539411+00:00,ascending,15,S1A_IW_GRDH_1SDV_20170616T171424_20170616T171449_017062_01C6D3_A910_COG,sentinel-1a,2017,6,16,2017-06-16,True,stable_track_and_apr_sep_and_year_2015_2025,IW,VV|VH,,PRIMARY_VVVH,IW mode with VV+VH; primary homogeneous SAR backbone. Use only support points actually covered by each raster.,,
2017-06-16 17:14:49.539120+00:00,ascending,15,S1A_IW_GRDH_1SDV_20170616T171449_20170616T171514_017062_01C6D3_005B_COG,sentinel-1a,2017,6,16,2017-06-16,True,stable_track_and_apr_sep_and_year_2015_2025,IW,VV|VH,,PRIMARY_VVVH,IW mode with VV+VH; primary homogeneous SAR backbone. Use only support points actually covered by each raster.,,
2017-06-22 17:13:46.563233+00:00,ascending,15,S1B_IW_GRDH_1SDV_20170622T171346_20170622T171411_006166_00AD50_472E_COG,sentinel-1b,2017,6,22,2017-06-22,True,stable_track_and_apr_sep_and_year_2015_2025,IW,VV|VH,,PRIMARY_VVVH,IW mode with VV+VH; primary homogeneous SAR backbone. Use only support points actually covered by each raster.,,
2017-06-22 17:14:11.562745+00:00,ascending,15,S1B_IW_GRDH_1SDV_20170622T171411_20170622T171436_006166_00AD50_5078_COG,sentinel-1b,2017,6,22,2017-06-22,True,stable_track_and_apr_sep_and_year_2015_2025,IW,VV|VH,,PRIMARY_VVVH,IW mode with VV+VH; primary homogeneous SAR backbone. Use only support points actually covered by each raster.,,
2017-06-28 17:14:25.286866+00:00,ascending,15,S1A_IW_GRDH_1SDV_20170628T171425_20170628T171450_017237_01CC21_A383_COG,sentinel-1a,2017,6,28,2017-06-28,True,stable_track_and_apr_sep_and_year_2015_2025,IW,VV|VH,,PRIMARY_VVVH,IW mode with VV+VH; primary homogeneous SAR backbone. Use only support points actually covered by each raster.,,
2017-06-28 17:14:50.288007+00:00,ascending,15,S1A_IW_GRDH_1SDV_20170628T171450_20170628T171515_017237_01CC21_F709_COG,sentinel-1a,2017,6,28,2017-06-28,True,stable_track_and_apr_sep_and_year_2015_2025,IW,VV|VH,,PRIMARY_VVVH,IW mode with VV+VH; primary homogeneous SAR backbone. Use only support points actually covered by each raster.,,
2017-07-04 17:13:47.221122+00:00,ascending,15,S1B_IW_GRDH_1SDV_20170704T171347_20170704T171412_006341_00B255_C228_COG,sentinel-1b,2017,7,4,2017-07-04,True,stable_track_and_apr_sep_and_year_2015_2025,IW,VV|VH,,PRIMARY_VVVH,IW mode with VV+VH; primary homogeneous SAR backbone. Use only support points actually covered by each raster.,,
2017-07-04 17:14:12.220733+00:00,ascending,15,S1B_IW_GRDH_1SDV_20170704T171412_20170704T171437_006341_00B255_AE26_COG,sentinel-1b,2017,7,4,2017-07-04,True,stable_track_and_apr_sep_and_year_2015_2025,IW,VV|VH,,PRIMARY_VVVH,IW mode with VV+VH; primary homogeneous SAR backbone. Use only support points actually covered by each raster.,,
2017-07-10 17:14:25.868285+00:00,ascending,15,S1A_IW_GRDH_1SDV_20170710T171425_20170710T171450_017412_01D169_8174_COG,sentinel-1a,2017,7,10,2017-07-10,True,stable_track_and_apr_sep_and_year_2015_2025,IW,VV|VH,,PRIMARY_VVVH,IW mode with VV+VH; primary homogeneous SAR backbone. Use only support points actually covered by each raster.,,
2017-07-10 17:14:50.867971+00:00,ascending,15,S1A_IW_GRDH_1SDV_20170710T171450_20170710T171515_017412_01D169_2BEE_COG,sentinel-1a,2017,7,10,2017-07-10,True,stable_track_and_apr_sep_and_year_2015_2025,IW,VV|VH,,PRIMARY_VVVH,IW mode with VV+VH; primary homogeneous SAR backbone. Use only support points actually covered by each raster.,,
2017-07-16 17:13:48.164415+00:00,ascending,15,S1B_IW_GRDH_1SDV_20170716T171348_20170716T171413_006516_00B74F_351D_COG,sentinel-1b,2017,7,16,2017-07-16,True,stable_track_and_apr_sep_and_year_2015_2025,IW,VV|VH,,PRIMARY_VVVH,IW mode with VV+VH; primary homogeneous SAR backbone. Use only support points actually covered by each raster.,,
2017-07-16 17:14:13.164066+00:00,ascending,15,S1B_IW_GRDH_1SDV_20170716T171413_20170716T171438_006516_00B74F_467D_COG,sentinel-1b,2017,7,16,2017-07-16,True,stable_track_and_apr_sep_and_year_2015_2025,IW,VV|VH,,PRIMARY_VVVH,IW mode with VV+VH; primary homogeneous SAR backbone. Use only support points actually covered by each raster.,,
2017-07-22 17:14:26.578019+00:00,ascending,15,S1A_IW_GRDH_1SDV_20170722T171426_20170722T171451_017587_01D6BC_62A4_COG,sentinel-1a,2017,7,22,2017-07-22,True,stable_track_and_apr_sep_and_year_2015_2025,IW,VV|VH,,PRIMARY_VVVH,IW mode with VV+VH; primary homogeneous SAR backbone. Use only support points actually covered by each raster.,,
2017-07-22 17:14:51.577675+00:00,ascending,15,S1A_IW_GRDH_1SDV_20170722T171451_20170722T171516_017587_01D6BC_3C6D_COG,sentinel-1a,2017,7,22,2017-07-22,True,stable_track_and_apr_sep_and_year_2015_2025,IW,VV|VH,,PRIMARY_VVVH,IW mode with VV+VH; primary homogeneous SAR backbone. Use only support points actually covered by each raster.,,
2017-07-28 17:13:48.816758+00:00,ascending,15,S1B_IW_GRDH_1SDV_20170728T171348_20170728T171413_006691_00BC4A_B8C1_COG,sentinel-1b,2017,7,28,2017-07-28,True,stable_track_and_apr_sep_and_year_2015_2025,IW,VV|VH,,PRIMARY_VVVH,IW mode with VV+VH; primary homogeneous SAR backbone. Use only support points actually covered by each raster.,,
2017-07-28 17:14:13.816287+00:00,ascending,15,S1B_IW_GRDH_1SDV_20170728T171413_20170728T171438_006691_00BC4A_EFCD_COG,sentinel-1b,2017,7,28,2017-07-28,True,stable_track_and_apr_sep_and_year_2015_2025,IW,VV|VH,,PRIMARY_VVVH,IW mode with VV+VH; primary homogeneous SAR backbone. Use only support points actually covered by each raster.,,
2017-08-03 17:14:27.318421+00:00,ascending,15,S1A_IW_GRDH_1SDV_20170803T171427_20170803T171452_017762_01DC14_7495_COG,sentinel-1a,2017,8,3,2017-08-03,True,stable_track_and_apr_sep_and_year_2015_2025,IW,VV|VH,,PRIMARY_VVVH,IW mode with VV+VH; primary homogeneous SAR backbone. Use only support points actually covered by each raster.,,
2017-08-03 17:14:52.318084+00:00,ascending,15,S1A_IW_GRDH_1SDV_20170803T171452_20170803T171517_017762_01DC14_02FE_COG,sentinel-1a,2017,8,3,2017-08-03,True,stable_track_and_apr_sep_and_year_2015_2025,IW,VV|VH,,PRIMARY_VVVH,IW mode with VV+VH; primary homogeneous SAR backbone. Use only support points actually covered by each raster.,,
2017-08-09 17:13:49.410999+00:00,ascending,15,S1B_IW_GRDH_1SDV_20170809T171349_20170809T171414_006866_00C15B_2911_COG,sentinel-1b,2017,8,9,2017-08-09,True,stable_track_and_apr_sep_and_year_2015_2025,IW,VV|VH,,PRIMARY_VVVH,IW mode with VV+VH; primary homogeneous SAR backbone. Use only support points actually covered by each raster.,,
2017-08-09 17:14:14.410604+00:00,ascending,15,S1B_IW_GRDH_1SDV_20170809T171414_20170809T171439_006866_00C15B_1345_COG,sentinel-1b,2017,8,9,2017-08-09,True,stable_track_and_apr_sep_and_year_2015_2025,IW,VV|VH,,PRIMARY_VVVH,IW mode with VV+VH; primary homogeneous SAR backbone. Use only support points actually covered by each raster.,,
2017-08-15 17:14:27.926439+00:00,ascending,15,S1A_IW_GRDH_1SDV_20170815T171427_20170815T171452_017937_01E169_6C8B_COG,sentinel-1a,2017,8,15,2017-08-15,True,stable_track_and_apr_sep_and_year_2015_2025,IW,VV|VH,,PRIMARY_VVVH,IW mode with VV+VH; primary homogeneous SAR backbone. Use only support points actually covered by each raster.,,
2017-08-15 17:14:52.925950+00:00,ascending,15,S1A_IW_GRDH_1SDV_20170815T171452_20170815T171517_017937_01E169_63E3_COG,sentinel-1a,2017,8,15,2017-08-15,True,stable_track_and_apr_sep_and_year_2015_2025,IW,VV|VH,,PRIMARY_VVVH,IW mode with VV+VH; primary homogeneous SAR backbone. Use only support points actually covered by each raster.,,
2017-08-21 17:13:49.977650+00:00,ascending,15,S1B_IW_GRDH_1SDV_20170821T171349_20170821T171414_007041_00C672_392E_COG,sentinel-1b,2017,8,21,2017-08-21,True,stable_track_and_apr_sep_and_year_2015_2025,IW,VV|VH,,PRIMARY_VVVH,IW mode with VV+VH; primary homogeneous SAR backbone. Use only support points actually covered by each raster.,,
2017-08-21 17:14:14.977307+00:00,ascending,15,S1B_IW_GRDH_1SDV_20170821T171414_20170821T171439_007041_00C672_9E1D_COG,sentinel-1b,2017,8,21,2017-08-21,True,stable_track_and_apr_sep_and_year_2015_2025,IW,VV|VH,,PRIMARY_VVVH,IW mode with VV+VH; primary homogeneous SAR backbone. Use only support points actually covered by each raster.,,
2017-08-27 17:14:28.522320+00:00,ascending,15,S1A_IW_GRDH_1SDV_20170827T171428_20170827T171453_018112_01E6B4_D554_COG,sentinel-1a,2017,8,27,2017-08-27,True,stable_track_and_apr_sep_and_year_2015_2025,IW,VV|VH,,PRIMARY_VVVH,IW mode with VV+VH; primary homogeneous SAR backbone. Use only support points actually covered by each raster.,,
2017-08-27 17:14:53.521924+00:00,ascending,15,S1A_IW_GRDH_1SDV_20170827T171453_20170827T171518_018112_01E6B4_43B2_COG,sentinel-1a,2017,8,27,2017-08-27,True,stable_track_and_apr_sep_and_year_2015_2025,IW,VV|VH,,PRIMARY_VVVH,IW mode with VV+VH; primary homogeneous SAR backbone. Use only support points actually covered by each raster.,,
2017-09-02 17:13:50.477176+00:00,ascending,15,S1B_IW_GRDH_1SDV_20170902T171350_20170902T171415_007216_00CB83_7FAA_COG,sentinel-1b,2017,9,2,2017-09-02,True,stable_track_and_apr_sep_and_year_2015_2025,IW,VV|VH,,PRIMARY_VVVH,IW mode with VV+VH; primary homogeneous SAR backbone. Use only support points actually covered by each raster.,,
2017-09-02 17:14:15.476718+00:00,ascending,15,S1B_IW_GRDH_1SDV_20170902T171415_20170902T171440_007216_00CB83_4090_COG,sentinel-1b,2017,9,2,2017-09-02,True,stable_track_and_apr_sep_and_year_2015_2025,IW,VV|VH,,PRIMARY_VVVH,IW mode with VV+VH; primary homogeneous SAR backbone. Use only support points actually covered by each raster.,,
2017-09-08 17:14:28.893775+00:00,ascending,15,S1A_IW_GRDH_1SDV_20170908T171428_20170908T171453_018287_01EC0B_17D6_COG,sentinel-1a,2017,9,8,2017-09-08,True,stable_track_and_apr_sep_and_year_2015_2025,IW,VV|VH,,PRIMARY_VVVH,IW mode with VV+VH; primary homogeneous SAR backbone. Use only support points actually covered by each raster.,,
2017-09-08 17:14:53.893493+00:00,ascending,15,S1A_IW_GRDH_1SDV_20170908T171453_20170908T171518_018287_01EC0B_A1AF_COG,sentinel-1a,2017,9,8,2017-09-08,True,stable_track_and_apr_sep_and_year_2015_2025,IW,VV|VH,,PRIMARY_VVVH,IW mode with VV+VH; primary homogeneous SAR backbone. Use only support points actually covered by each raster.,,
2017-09-14 17:13:51.089495+00:00,ascending,15,S1B_IW_GRDH_1SDV_20170914T171351_20170914T171416_007391_00D0A7_186C_COG,sentinel-1b,2017,9,14,2017-09-14,True,stable_track_and_apr_sep_and_year_2015_2025,IW,VV|VH,,PRIMARY_VVVH,IW mode with VV+VH; primary homogeneous SAR backbone. Use only support points actually covered by each raster.,,
2017-09-14 17:14:16.089114+00:00,ascending,15,S1B_IW_GRDH_1SDV_20170914T171416_20170914T171441_007391_00D0A7_068B_COG,sentinel-1b,2017,9,14,2017-09-14,True,stable_track_and_apr_sep_and_year_2015_2025,IW,VV|VH,,PRIMARY_VVVH,IW mode with VV+VH; primary homogeneous SAR backbone. Use only support points actually covered by each raster.,,
2017-09-20 17:14:29.368402+00:00,ascending,15,S1A_IW_GRDH_1SDV_20170920T171429_20170920T171454_018462_01F16D_8152_COG,sentinel-1a,2017,9,20,2017-09-20,True,stable_track_and_apr_sep_and_year_2015_2025,IW,VV|VH,,PRIMARY_VVVH,IW mode with VV+VH; primary homogeneous SAR backbone. Use only support points actually covered by each raster.,,
2017-09-20 17:14:54.369721+00:00,ascending,15,S1A_IW_GRDH_1SDV_20170920T171454_20170920T171519_018462_01F16D_D91C_COG,sentinel-1a,2017,9,20,2017-09-20,True,stable_track_and_apr_sep_and_year_2015_2025,IW,VV|VH,,PRIMARY_VVVH,IW mode with VV+VH; primary homogeneous SAR backbone. Use only support points actually covered by each raster.,,
2017-09-26 17:13:51.365599+00:00,ascending,15,S1B_IW_GRDH_1SDV_20170926T171351_20170926T171416_007566_00D5B3_7836_COG,sentinel-1b,2017,9,26,2017-09-26,True,stable_track_and_apr_sep_and_year_2015_2025,IW,VV|VH,,PRIMARY_VVVH,IW mode with VV+VH; primary homogeneous SAR backbone. Use only support points actually covered by each raster.,,
2017-09-26 17:14:16.366796+00:00,ascending,15,S1B_IW_GRDH_1SDV_20170926T171416_20170926T171441_007566_00D5B3_00C1_COG,sentinel-1b,2017,9,26,2017-09-26,True,stable_track_and_apr_sep_and_year_2015_2025,IW,VV|VH,,PRIMARY_VVVH,IW mode with VV+VH; primary homogeneous SAR backbone. Use only support points actually covered by each raster.,,
2017-04-04 17:21:57.013281+00:00,ascending,88,S1B_IW_GRDH_1SDV_20170404T172157_20170404T172222_005014_008C4A_D122_COG,sentinel-1b,2017,4,4,2017-04-04,True,stable_track_and_apr_sep_and_year_2015_2025,IW,VV|VH,,PRIMARY_VVVH,IW mode with VV+VH; primary homogeneous SAR backbone. Use only support points actually covered by each raster.,,
2017-04-04 17:22:22.012641+00:00,ascending,88,S1B_IW_GRDH_1SDV_20170404T172222_20170404T172247_005014_008C4A_F7B2_COG,sentinel-1b,2017,4,4,2017-04-04,True,stable_track_and_apr_sep_and_year_2015_2025,IW,VV|VH,,PRIMARY_VVVH,IW mode with VV+VH; primary homogeneous SAR backbone. Use only support points actually covered by each raster.,,
2017-04-10 17:22:43.851302+00:00,ascending,88,S1A_IW_GRDH_1SDV_20170410T172243_20170410T172308_016085_01A8EA_12F5_COG,sentinel-1a,2017,4,10,2017-04-10,True,stable_track_and_apr_sep_and_year_2015_2025,IW,VV|VH,,PRIMARY_VVVH,IW mode with VV+VH; primary homogeneous SAR backbone. Use only support points actually covered by each raster.,,
2017-04-10 17:23:08.851246+00:00,ascending,88,S1A_IW_GRDH_1SDV_20170410T172308_20170410T172333_016085_01A8EA_8A04_COG,sentinel-1a,2017,4,10,2017-04-10,True,stable_track_and_apr_sep_and_year_2015_2025,IW,VV|VH,,PRIMARY_VVVH,IW mode with VV+VH; primary homogeneous SAR backbone. Use only support points actually covered by each raster.,,
2017-04-16 17:21:57.517994+00:00,ascending,88,S1B_IW_GRDH_1SDV_20170416T172157_20170416T172222_005189_00914B_08FE_COG,sentinel-1b,2017,4,16,2017-04-16,True,stable_track_and_apr_sep_and_year_2015_2025,IW,VV|VH,,PRIMARY_VVVH,IW mode with VV+VH; primary homogeneous SAR backbone. Use only support points actually covered by each raster.,,
2017-04-16 17:22:22.518653+00:00,ascending,88,S1B_IW_GRDH_1SDV_20170416T172222_20170416T172247_005189_00914B_819D_COG,sentinel-1b,2017,4,16,2017-04-16,True,stable_track_and_apr_sep_and_year_2015_2025,IW,VV|VH,,PRIMARY_VVVH,IW mode with VV+VH; primary homogeneous SAR backbone. Use only support points actually covered by each raster.,,
2017-04-22 17:22:44.434164+00:00,ascending,88,S1A_IW_GRDH_1SDV_20170422T172244_20170422T172309_016260_01AE45_949B_COG,sentinel-1a,2017,4,22,2017-04-22,True,stable_track_and_apr_sep_and_year_2015_2025,IW,VV|VH,,PRIMARY_VVVH,IW mode with VV+VH; primary homogeneous SAR backbone. Use only support points actually covered by each raster.,,
2017-04-22 17:23:09.434149+00:00,ascending,88,S1A_IW_GRDH_1SDV_20170422T172309_20170422T172334_016260_01AE45_5A07_COG,sentinel-1a,2017,4,22,2017-04-22,True,stable_track_and_apr_sep_and_year_2015_2025,IW,VV|VH,,PRIMARY_VVVH,IW mode with VV+VH; primary homogeneous SAR backbone. Use only support points actually covered by each raster.,,
2017-04-28 17:21:57.998675+00:00,ascending,88,S1B_IW_GRDH_1SDV_20170428T172157_20170428T172222_005364_00966C_CBE5_COG,sentinel-1b,2017,4,28,2017-04-28,True,stable_track_and_apr_sep_and_year_2015_2025,IW,VV|VH,,PRIMARY_VVVH,IW mode with VV+VH; primary homogeneous SAR backbone. Use only support points actually covered by each raster.,,
2017-04-28 17:22:22.999388+00:00,ascending,88,S1B_IW_GRDH_1SDV_20170428T172222_20170428T172247_005364_00966C_474D_COG,sentinel-1b,2017,4,28,2017-04-28,True,stable_track_and_apr_sep_and_year_2015_2025,IW,VV|VH,,PRIMARY_VVVH,IW mode with VV+VH; primary homogeneous SAR backbone. Use only support points actually covered by each raster.,,
2017-05-04 17:22:45.127705+00:00,ascending,88,S1A_IW_GRDH_1SDV_20170504T172245_20170504T172310_016435_01B38C_3B7B_COG,sentinel-1a,2017,5,4,2017-05-04,True,stable_track_and_apr_sep_and_year_2015_2025,IW,VV|VH,,PRIMARY_VVVH,IW mode with VV+VH; primary homogeneous SAR backbone. Use only support points actually covered by each raster.,,
2017-05-04 17:23:10.127593+00:00,ascending,88,S1A_IW_GRDH_1SDV_20170504T172310_20170504T172335_016435_01B38C_2B43_COG,sentinel-1a,2017,5,4,2017-05-04,True,stable_track_and_apr_sep_and_year_2015_2025,IW,VV|VH,,PRIMARY_VVVH,IW mode with VV+VH; primary homogeneous SAR backbone. Use only support points actually covered by each raster.,,
2017-05-10 17:21:58.604162+00:00,ascending,88,S1B_IW_GRDH_1SDV_20170510T172158_20170510T172223_005539_009B3B_113E_COG,sentinel-1b,2017,5,10,2017-05-10,True,stable_track_and_apr_sep_and_year_2015_2025,IW,VV|VH,,PRIMARY_VVVH,IW mode with VV+VH; primary homogeneous SAR backbone. Use only support points actually covered by each raster.,,
2017-05-10 17:22:23.604742+00:00,ascending,88,S1B_IW_GRDH_1SDV_20170510T172223_20170510T172248_005539_009B3B_2197_COG,sentinel-1b,2017,5,10,2017-05-10,True,stable_track_and_apr_sep_and_year_2015_2025,IW,VV|VH,,PRIMARY_VVVH,IW mode with VV+VH; primary homogeneous SAR backbone. Use only support points actually covered by each raster.,,
2017-05-16 17:22:45.723838+00:00,ascending,88,S1A_IW_GRDH_1SDV_20170516T172245_20170516T172310_016610_01B8E6_D526_COG,sentinel-1a,2017,5,16,2017-05-16,True,stable_track_and_apr_sep_and_year_2015_2025,IW,VV|VH,,PRIMARY_VVVH,IW mode with VV+VH; primary homogeneous SAR backbone. Use only support points actually covered by each raster.,,
2017-05-16 17:23:10.723784+00:00,ascending,88,S1A_IW_GRDH_1SDV_20170516T172310_20170516T172335_016610_01B8E6_54C7_COG,sentinel-1a,2017,5,16,2017-05-16,True,stable_track_and_apr_sep_and_year_2015_2025,IW,VV|VH,,PRIMARY_VVVH,IW mode with VV+VH; primary homogeneous SAR backbone. Use only support points actually covered by each raster.,,
2017-05-22 17:21:59.259445+00:00,ascending,88,S1B_IW_GRDH_1SDV_20170522T172159_20170522T172224_005714_00A028_E5B1_COG,sentinel-1b,2017,5,22,2017-05-22,True,stable_track_and_apr_sep_and_year_2015_2025,IW,VV|VH,,PRIMARY_VVVH,IW mode with VV+VH; primary homogeneous SAR backbone. Use only support points actually covered by each raster.,,
2017-05-22 17:22:24.260153+00:00,ascending,88,S1B_IW_GRDH_1SDV_20170522T172224_20170522T172249_005714_00A028_C64B_COG,sentinel-1b,2017,5,22,2017-05-22,True,stable_track_and_apr_sep_and_year_2015_2025,IW,VV|VH,,PRIMARY_VVVH,IW mode with VV+VH; primary homogeneous SAR backbone. Use only support points actually covered by each raster.,,
2017-05-28 17:22:46.203400+00:00,ascending,88,S1A_IW_GRDH_1SDV_20170528T172246_20170528T172311_016785_01BE48_4A7A_COG,sentinel-1a,2017,5,28,2017-05-28,True,stable_track_and_apr_sep_and_year_2015_2025,IW,VV|VH,,PRIMARY_VVVH,IW mode with VV+VH; primary homogeneous SAR backbone. Use only support points actually covered by each raster.,,
2017-05-28 17:23:11.203297+00:00,ascending,88,S1A_IW_GRDH_1SDV_20170528T172311_20170528T172336_016785_01BE48_4B69_COG,sentinel-1a,2017,5,28,2017-05-28,True,stable_track_and_apr_sep_and_year_2015_2025,IW,VV|VH,,PRIMARY_VVVH,IW mode with VV+VH; primary homogeneous SAR backbone. Use only support points actually covered by each raster.,,
2017-06-03 17:21:57.183245+00:00,ascending,88,S1B_IW_GRDH_1SDV_20170603T172157_20170603T172222_005889_00A538_8526_COG,sentinel-1b,2017,6,3,2017-06-03,True,stable_track_and_apr_sep_and_year_2015_2025,IW,VV|VH,,PRIMARY_VVVH,IW mode with VV+VH; primary homogeneous SAR backbone. Use only support points actually covered by each raster.,,
2017-06-03 17:22:22.183741+00:00,ascending,88,S1B_IW_GRDH_1SDV_20170603T172222_20170603T172247_005889_00A538_D9D1_COG,sentinel-1b,2017,6,3,2017-06-03,True,stable_track_and_apr_sep_and_year_2015_2025,IW,VV|VH,,PRIMARY_VVVH,IW mode with VV+VH; primary homogeneous SAR backbone. Use only support points actually covered by each raster.,,
2017-06-09 17:22:47.117376+00:00,ascending,88,S1A_IW_GRDH_1SDV_20170609T172247_20170609T172312_016960_01C3B4_EE86_COG,sentinel-1a,2017,6,9,2017-06-09,True,stable_track_and_apr_sep_and_year_2015_2025,IW,VV|VH,,PRIMARY_VVVH,IW mode with VV+VH; primary homogeneous SAR backbone. Use only support points actually covered by each raster.,,
2017-06-09 17:23:12.117356+00:00,ascending,88,S1A_IW_GRDH_1SDV_20170609T172312_20170609T172337_016960_01C3B4_9244_COG,sentinel-1a,2017,6,9,2017-06-09,True,stable_track_and_apr_sep_and_year_2015_2025,IW,VV|VH,,PRIMARY_VVVH,IW mode with VV+VH; primary homogeneous SAR backbone. Use only support points actually covered by each raster.,,
2017-06-15 17:21:57.983274+00:00,ascending,88,S1B_IW_GRDH_1SDV_20170615T172157_20170615T172222_006064_00AA60_78AE_COG,sentinel-1b,2017,6,15,2017-06-15,True,stable_track_and_apr_sep_and_year_2015_2025,IW,VV|VH,,PRIMARY_VVVH,IW mode with VV+VH; primary homogeneous SAR backbone. Use only support points actually covered by each raster.,,
2017-06-15 17:22:22.983848+00:00,ascending,88,S1B_IW_GRDH_1SDV_20170615T172222_20170615T172247_006064_00AA60_4B0A_COG,sentinel-1b,2017,6,15,2017-06-15,True,stable_track_and_apr_sep_and_year_2015_2025,IW,VV|VH,,PRIMARY_VVVH,IW mode with VV+VH; primary homogeneous SAR backbone. Use only support points actually covered by each raster.,,
2017-06-27 17:21:58.606943+00:00,ascending,88,S1B_IW_GRDH_1SDV_20170627T172158_20170627T172223_006239_00AF72_6D1F_COG,sentinel-1b,2017,6,27,2017-06-27,True,stable_track_and_apr_sep_and_year_2015_2025,IW,VV|VH,,PRIMARY_VVVH,IW mode with VV+VH; primary homogeneous SAR backbone. Use only support points actually covered by each raster.,,
2017-06-27 17:22:23.607447+00:00,ascending,88,S1B_IW_GRDH_1SDV_20170627T172223_20170627T172248_006239_00AF72_47E4_COG,sentinel-1b,2017,6,27,2017-06-27,True,stable_track_and_apr_sep_and_year_2015_2025,IW,VV|VH,,PRIMARY_VVVH,IW mode with VV+VH; primary homogeneous SAR backbone. Use only support points actually covered by each raster.,,
2017-07-03 17:22:48.325310+00:00,ascending,88,S1A_IW_GRDH_1SDV_20170703T172248_20170703T172313_017310_01CE63_DB7D_COG,sentinel-1a,2017,7,3,2017-07-03,True,stable_track_and_apr_sep_and_year_2015_2025,IW,VV|VH,,PRIMARY_VVVH,IW mode with VV+VH; primary homogeneous SAR backbone. Use only support points actually covered by each raster.,,
2017-07-03 17:23:13.325324+00:00,ascending,88,S1A_IW_GRDH_1SDV_20170703T172313_20170703T172338_017310_01CE63_BE8B_COG,sentinel-1a,2017,7,3,2017-07-03,True,stable_track_and_apr_sep_and_year_2015_2025,IW,VV|VH,,PRIMARY_VVVH,IW mode with VV+VH; primary homogeneous SAR backbone. Use only support points actually covered by each raster.,,
2017-07-09 17:21:59.310834+00:00,ascending,88,S1B_IW_GRDH_1SDV_20170709T172159_20170709T172224_006414_00B466_4F71_COG,sentinel-1b,2017,7,9,2017-07-09,True,stable_track_and_apr_sep_and_year_2015_2025,IW,VV|VH,,PRIMARY_VVVH,IW mode with VV+VH; primary homogeneous SAR backbone. Use only support points actually covered by each raster.,,
2017-07-09 17:22:24.311373+00:00,ascending,88,S1B_IW_GRDH_1SDV_20170709T172224_20170709T172249_006414_00B466_30B3_COG,sentinel-1b,2017,7,9,2017-07-09,True,stable_track_and_apr_sep_and_year_2015_2025,IW,VV|VH,,PRIMARY_VVVH,IW mode with VV+VH; primary homogeneous SAR backbone. Use only support points actually covered by each raster.,,
2017-07-15 17:22:49.055818+00:00,ascending,88,S1A_IW_GRDH_1SDV_20170715T172249_20170715T172314_017485_01D3AA_CDA4_COG,sentinel-1a,2017,7,15,2017-07-15,True,stable_track_and_apr_sep_and_year_2015_2025,IW,VV|VH,,PRIMARY_VVVH,IW mode with VV+VH; primary homogeneous SAR backbone. Use only support points actually covered by each raster.,,
2017-07-15 17:23:14.055867+00:00,ascending,88,S1A_IW_GRDH_1SDV_20170715T172314_20170715T172339_017485_01D3AA_513D_COG,sentinel-1a,2017,7,15,2017-07-15,True,stable_track_and_apr_sep_and_year_2015_2025,IW,VV|VH,,PRIMARY_VVVH,IW mode with VV+VH; primary homogeneous SAR backbone. Use only support points actually covered by each raster.,,
2017-07-21 17:22:00.114270+00:00,ascending,88,S1B_IW_GRDH_1SDV_20170721T172200_20170721T172225_006589_00B965_8AED_COG,sentinel-1b,2017,7,21,2017-07-21,True,stable_track_and_apr_sep_and_year_2015_2025,IW,VV|VH,,PRIMARY_VVVH,IW mode with VV+VH; primary homogeneous SAR backbone. Use only support points actually covered by each raster.,,
2017-07-21 17:22:25.114735+00:00,ascending,88,S1B_IW_GRDH_1SDV_20170721T172225_20170721T172250_006589_00B965_DF71_COG,sentinel-1b,2017,7,21,2017-07-21,True,stable_track_and_apr_sep_and_year_2015_2025,IW,VV|VH,,PRIMARY_VVVH,IW mode with VV+VH; primary homogeneous SAR backbone. Use only support points actually covered by each raster.,,
2017-07-27 17:22:49.885920+00:00,ascending,88,S1A_IW_GRDH_1SDV_20170727T172249_20170727T172314_017660_01D903_3D7D_COG,sentinel-1a,2017,7,27,2017-07-27,True,stable_track_and_apr_sep_and_year_2015_2025,IW,VV|VH,,PRIMARY_VVVH,IW mode with VV+VH; primary homogeneous SAR backbone. Use only support points actually covered by each raster.,,
2017-07-27 17:23:14.885824+00:00,ascending,88,S1A_IW_GRDH_1SDV_20170727T172314_20170727T172339_017660_01D903_9CA5_COG,sentinel-1a,2017,7,27,2017-07-27,True,stable_track_and_apr_sep_and_year_2015_2025,IW,VV|VH,,PRIMARY_VVVH,IW mode with VV+VH; primary homogeneous SAR backbone. Use only support points actually covered by each raster.,,
2017-08-08 17:22:50.444403+00:00,ascending,88,S1A_IW_GRDH_1SDV_20170808T172250_20170808T172315_017835_01DE5F_4AA6_COG,sentinel-1a,2017,8,8,2017-08-08,True,stable_track_and_apr_sep_and_year_2015_2025,IW,VV|VH,,PRIMARY_VVVH,IW mode with VV+VH; primary homogeneous SAR backbone. Use only support points actually covered by each raster.,,
2017-08-08 17:23:15.444377+00:00,ascending,88,S1A_IW_GRDH_1SDV_20170808T172315_20170808T172340_017835_01DE5F_5D03_COG,sentinel-1a,2017,8,8,2017-08-08,True,stable_track_and_apr_sep_and_year_2015_2025,IW,VV|VH,,PRIMARY_VVVH,IW mode with VV+VH; primary homogeneous SAR backbone. Use only support points actually covered by each raster.,,
2017-08-14 17:22:01.238345+00:00,ascending,88,S1B_IW_GRDH_1SDV_20170814T172201_20170814T172226_006939_00C38A_09EB_COG,sentinel-1b,2017,8,14,2017-08-14,True,stable_track_and_apr_sep_and_year_2015_2025,IW,VV|VH,,PRIMARY_VVVH,IW mode with VV+VH; primary homogeneous SAR backbone. Use only support points actually covered by each raster.,,
2017-08-14 17:22:26.238903+00:00,ascending,88,S1B_IW_GRDH_1SDV_20170814T172226_20170814T172251_006939_00C38A_47FE_COG,sentinel-1b,2017,8,14,2017-08-14,True,stable_track_and_apr_sep_and_year_2015_2025,IW,VV|VH,,PRIMARY_VVVH,IW mode with VV+VH; primary homogeneous SAR backbone. Use only support points actually covered by each raster.,,
2017-08-20 17:22:51.061600+00:00,ascending,88,S1A_IW_GRDH_1SDV_20170820T172251_20170820T172316_018010_01E3AA_B273_COG,sentinel-1a,2017,8,20,2017-08-20,True,stable_track_and_apr_sep_and_year_2015_2025,IW,VV|VH,,PRIMARY_VVVH,IW mode with VV+VH; primary homogeneous SAR backbone. Use only support points actually covered by each raster.,,
2017-08-20 17:23:16.061634+00:00,ascending,88,S1A_IW_GRDH_1SDV_20170820T172316_20170820T172341_018010_01E3AA_3FDA_COG,sentinel-1a,2017,8,20,2017-08-20,True,stable_track_and_apr_sep_and_year_2015_2025,IW,VV|VH,,PRIMARY_VVVH,IW mode with VV+VH; primary homogeneous SAR backbone. Use only support points actually covered by each raster.,,
2017-08-26 17:22:01.922573+00:00,ascending,88,S1B_IW_GRDH_1SDV_20170826T172201_20170826T172226_007114_00C898_C8B1_COG,sentinel-1b,2017,8,26,2017-08-26,True,stable_track_and_apr_sep_and_year_2015_2025,IW,VV|VH,,PRIMARY_VVVH,IW mode with VV+VH; primary homogeneous SAR backbone. Use only support points actually covered by each raster.,,
2017-08-26 17:22:26.923041+00:00,ascending,88,S1B_IW_GRDH_1SDV_20170826T172226_20170826T172251_007114_00C898_797A_COG,sentinel-1b,2017,8,26,2017-08-26,True,stable_track_and_apr_sep_and_year_2015_2025,IW,VV|VH,,PRIMARY_VVVH,IW mode with VV+VH; primary homogeneous SAR backbone. Use only support points actually covered by each raster.,,
2017-09-01 17:22:51.575471+00:00,ascending,88,S1A_IW_GRDH_1SDV_20170901T172251_20170901T172316_018185_01E8EE_13BB_COG,sentinel-1a,2017,9,1,2017-09-01,True,stable_track_and_apr_sep_and_year_2015_2025,IW,VV|VH,,PRIMARY_VVVH,IW mode with VV+VH; primary homogeneous SAR backbone. Use only support points actually covered by each raster.,,
2017-09-01 17:23:16.575442+00:00,ascending,88,S1A_IW_GRDH_1SDV_20170901T172316_20170901T172341_018185_01E8EE_3872_COG,sentinel-1a,2017,9,1,2017-09-01,True,stable_track_and_apr_sep_and_year_2015_2025,IW,VV|VH,,PRIMARY_VVVH,IW mode with VV+VH; primary homogeneous SAR backbone. Use only support points actually covered by each raster.,,
2017-09-07 17:22:02.254299+00:00,ascending,88,S1B_IW_GRDH_1SDV_20170907T172202_20170907T172227_007289_00CDAE_4BF3_COG,sentinel-1b,2017,9,7,2017-09-07,True,stable_track_and_apr_sep_and_year_2015_2025,IW,VV|VH,,PRIMARY_VVVH,IW mode with VV+VH; primary homogeneous SAR backbone. Use only support points actually covered by each raster.,,
2017-09-07 17:22:27.254779+00:00,ascending,88,S1B_IW_GRDH_1SDV_20170907T172227_20170907T172252_007289_00CDAE_2F63_COG,sentinel-1b,2017,9,7,2017-09-07,True,stable_track_and_apr_sep_and_year_2015_2025,IW,VV|VH,,PRIMARY_VVVH,IW mode with VV+VH; primary homogeneous SAR backbone. Use only support points actually covered by each raster.,,
2017-09-13 17:22:51.987583+00:00,ascending,88,S1A_IW_GRDH_1SDV_20170913T172251_20170913T172316_018360_01EE65_B413_COG,sentinel-1a,2017,9,13,2017-09-13,True,stable_track_and_apr_sep_and_year_2015_2025,IW,VV|VH,,PRIMARY_VVVH,IW mode with VV+VH; primary homogeneous SAR backbone. Use only support points actually covered by each raster.,,
2017-09-13 17:23:16.987628+00:00,ascending,88,S1A_IW_GRDH_1SDV_20170913T172316_20170913T172341_018360_01EE65_BA31_COG,sentinel-1a,2017,9,13,2017-09-13,True,stable_track_and_apr_sep_and_year_2015_2025,IW,VV|VH,,PRIMARY_VVVH,IW mode with VV+VH; primary homogeneous SAR backbone. Use only support points actually covered by each raster.,,
2017-09-19 17:22:02.840558+00:00,ascending,88,S1B_IW_GRDH_1SDV_20170919T172202_20170919T172227_007464_00D2CF_1010_COG,sentinel-1b,2017,9,19,2017-09-19,True,stable_track_and_apr_sep_and_year_2015_2025,IW,VV|VH,,PRIMARY_VVVH,IW mode with VV+VH; primary homogeneous SAR backbone. Use only support points actually covered by each raster.,,
2017-09-19 17:22:27.841125+00:00,ascending,88,S1B_IW_GRDH_1SDV_20170919T172227_20170919T172252_007464_00D2CF_7623_COG,sentinel-1b,2017,9,19,2017-09-19,True,stable_track_and_apr_sep_and_year_2015_2025,IW,VV|VH,,PRIMARY_VVVH,IW mode with VV+VH; primary homogeneous SAR backbone. Use only support points actually covered by each raster.,,
2017-09-25 17:22:52.302583+00:00,ascending,88,S1A_IW_GRDH_1SDV_20170925T172252_20170925T172317_018535_01F3C8_FE45_COG,sentinel-1a,2017,9,25,2017-09-25,True,stable_track_and_apr_sep_and_year_2015_2025,IW,VV|VH,,PRIMARY_VVVH,IW mode with VV+VH; primary homogeneous SAR backbone. Use only support points actually covered by each raster.,,
2017-09-25 17:23:17.302708+00:00,ascending,88,S1A_IW_GRDH_1SDV_20170925T172317_20170925T172342_018535_01F3C8_1AEB_COG,sentinel-1a,2017,9,25,2017-09-25,True,stable_track_and_apr_sep_and_year_2015_2025,IW,VV|VH,,PRIMARY_VVVH,IW mode with VV+VH; primary homogeneous SAR backbone. Use only support points actually covered by each raster.,,
2017-04-03 05:34:25.975795+00:00,descending,66,S1B_IW_GRDH_1SDV_20170403T053425_20170403T053450_004992_008BB2_167E_COG,sentinel-1b,2017,4,3,2017-04-03,True,stable_track_and_apr_sep_and_year_2015_2025,IW,VV|VH,,PRIMARY_VVVH,IW mode with VV+VH; primary homogeneous SAR backbone. Use only support points actually covered by each raster.,,
2017-04-03 05:34:50.976117+00:00,descending,66,S1B_IW_GRDH_1SDV_20170403T053450_20170403T053515_004992_008BB2_4958_COG,sentinel-1b,2017,4,3,2017-04-03,True,stable_track_and_apr_sep_and_year_2015_2025,IW,VV|VH,,PRIMARY_VVVH,IW mode with VV+VH; primary homogeneous SAR backbone. Use only support points actually covered by each raster.,,
2017-04-09 05:34:58.725017+00:00,descending,66,S1A_IW_GRDH_1SDV_20170409T053458_20170409T053523_016063_01A842_AF95_COG,sentinel-1a,2017,4,9,2017-04-09,True,stable_track_and_apr_sep_and_year_2015_2025,IW,VV|VH,,PRIMARY_VVVH,IW mode with VV+VH; primary homogeneous SAR backbone. Use only support points actually covered by each raster.,,
2017-04-09 05:35:23.725518+00:00,descending,66,S1A_IW_GRDH_1SDV_20170409T053523_20170409T053548_016063_01A842_18BF_COG,sentinel-1a,2017,4,9,2017-04-09,True,stable_track_and_apr_sep_and_year_2015_2025,IW,VV|VH,,PRIMARY_VVVH,IW mode with VV+VH; primary homogeneous SAR backbone. Use only support points actually covered by each raster.,,
2017-04-15 05:34:26.417352+00:00,descending,66,S1B_IW_GRDH_1SDV_20170415T053426_20170415T053451_005167_0090B0_C727_COG,sentinel-1b,2017,4,15,2017-04-15,True,stable_track_and_apr_sep_and_year_2015_2025,IW,VV|VH,,PRIMARY_VVVH,IW mode with VV+VH; primary homogeneous SAR backbone. Use only support points actually covered by each raster.,,
2017-04-15 05:34:51.417728+00:00,descending,66,S1B_IW_GRDH_1SDV_20170415T053451_20170415T053516_005167_0090B0_66A4_COG,sentinel-1b,2017,4,15,2017-04-15,True,stable_track_and_apr_sep_and_year_2015_2025,IW,VV|VH,,PRIMARY_VVVH,IW mode with VV+VH; primary homogeneous SAR backbone. Use only support points actually covered by each raster.,,
2017-04-21 05:34:59.329607+00:00,descending,66,S1A_IW_GRDH_1SDV_20170421T053459_20170421T053524_016238_01AD9E_B801_COG,sentinel-1a,2017,4,21,2017-04-21,True,stable_track_and_apr_sep_and_year_2015_2025,IW,VV|VH,,PRIMARY_VVVH,IW mode with VV+VH; primary homogeneous SAR backbone. Use only support points actually covered by each raster.,,
2017-04-21 05:35:24.330134+00:00,descending,66,S1A_IW_GRDH_1SDV_20170421T053524_20170421T053549_016238_01AD9E_82CF_COG,sentinel-1a,2017,4,21,2017-04-21,True,stable_track_and_apr_sep_and_year_2015_2025,IW,VV|VH,,PRIMARY_VVVH,IW mode with VV+VH; primary homogeneous SAR backbone. Use only support points actually covered by each raster.,,
2017-04-27 05:34:26.868064+00:00,descending,66,S1B_IW_GRDH_1SDV_20170427T053426_20170427T053451_005342_0095D4_CD42_COG,sentinel-1b,2017,4,27,2017-04-27,True,stable_track_and_apr_sep_and_year_2015_2025,IW,VV|VH,,PRIMARY_VVVH,IW mode with VV+VH; primary homogeneous SAR backbone. Use only support points actually covered by each raster.,,
2017-04-27 05:34:51.868451+00:00,descending,66,S1B_IW_GRDH_1SDV_20170427T053451_20170427T053516_005342_0095D4_A3D6_COG,sentinel-1b,2017,4,27,2017-04-27,True,stable_track_and_apr_sep_and_year_2015_2025,IW,VV|VH,,PRIMARY_VVVH,IW mode with VV+VH; primary homogeneous SAR backbone. Use only support points actually covered by each raster.,,
2017-05-03 05:34:59.956695+00:00,descending,66,S1A_IW_GRDH_1SDV_20170503T053459_20170503T053524_016413_01B2EC_BF21_COG,sentinel-1a,2017,5,3,2017-05-03,True,stable_track_and_apr_sep_and_year_2015_2025,IW,VV|VH,,PRIMARY_VVVH,IW mode with VV+VH; primary homogeneous SAR backbone. Use only support points actually covered by each raster.,,
2017-05-03 05:35:24.955725+00:00,descending,66,S1A_IW_GRDH_1SDV_20170503T053524_20170503T053549_016413_01B2EC_B859_COG,sentinel-1a,2017,5,3,2017-05-03,True,stable_track_and_apr_sep_and_year_2015_2025,IW,VV|VH,,PRIMARY_VVVH,IW mode with VV+VH; primary homogeneous SAR backbone. Use only support points actually covered by each raster.,,
2017-05-09 05:34:32.118035+00:00,descending,66,S1B_IW_GRDH_1SDV_20170509T053432_20170509T053457_005517_009AA9_34B8_COG,sentinel-1b,2017,5,9,2017-05-09,True,stable_track_and_apr_sep_and_year_2015_2025,IW,VV|VH,,PRIMARY_VVVH,IW mode with VV+VH; primary homogeneous SAR backbone. Use only support points actually covered by each raster.,,
2017-05-15 05:35:00.570052+00:00,descending,66,S1A_IW_GRDH_1SDV_20170515T053500_20170515T053525_016588_01B83E_EF18_COG,sentinel-1a,2017,5,15,2017-05-15,True,stable_track_and_apr_sep_and_year_2015_2025,IW,VV|VH,,PRIMARY_VVVH,IW mode with VV+VH; primary homogeneous SAR backbone. Use only support points actually covered by each raster.,,
2017-05-15 05:35:25.569134+00:00,descending,66,S1A_IW_GRDH_1SDV_20170515T053525_20170515T053550_016588_01B83E_8B46_COG,sentinel-1a,2017,5,15,2017-05-15,True,stable_track_and_apr_sep_and_year_2015_2025,IW,VV|VH,,PRIMARY_VVVH,IW mode with VV+VH; primary homogeneous SAR backbone. Use only support points actually covered by each raster.,,
2017-05-21 05:34:32.763879+00:00,descending,66,S1B_IW_GRDH_1SDV_20170521T053432_20170521T053457_005692_009F8E_DC16_COG,sentinel-1b,2017,5,21,2017-05-21,True,stable_track_and_apr_sep_and_year_2015_2025,IW,VV|VH,,PRIMARY_VVVH,IW mode with VV+VH; primary homogeneous SAR backbone. Use only support points actually covered by each raster.,,
2017-05-27 05:35:17.715137+00:00,descending,66,S1A_IW_GRDH_1SDV_20170527T053517_20170527T053542_016763_01BD9F_F801_COG,sentinel-1a,2017,5,27,2017-05-27,True,stable_track_and_apr_sep_and_year_2015_2025,IW,VV|VH,,PRIMARY_VVVH,IW mode with VV+VH; primary homogeneous SAR backbone. Use only support points actually covered by each raster.,,
2017-06-02 05:34:33.297392+00:00,descending,66,S1B_IW_GRDH_1SDV_20170602T053433_20170602T053458_005867_00A499_1EF1_COG,sentinel-1b,2017,6,2,2017-06-02,True,stable_track_and_apr_sep_and_year_2015_2025,IW,VV|VH,,PRIMARY_VVVH,IW mode with VV+VH; primary homogeneous SAR backbone. Use only support points actually covered by each raster.,,
2017-06-08 05:35:07.661615+00:00,descending,66,S1A_IW_GRDH_1SDV_20170608T053507_20170608T053532_016938_01C30F_D65A_COG,sentinel-1a,2017,6,8,2017-06-08,True,stable_track_and_apr_sep_and_year_2015_2025,IW,VV|VH,,PRIMARY_VVVH,IW mode with VV+VH; primary homogeneous SAR backbone. Use only support points actually covered by each raster.,,
2017-06-08 05:35:32.660897+00:00,descending,66,S1A_IW_GRDH_1SDV_20170608T053532_20170608T053557_016938_01C30F_40E4_COG,sentinel-1a,2017,6,8,2017-06-08,True,stable_track_and_apr_sep_and_year_2015_2025,IW,VV|VH,,PRIMARY_VVVH,IW mode with VV+VH; primary homogeneous SAR backbone. Use only support points actually covered by each raster.,,
2017-06-14 05:34:34.204396+00:00,descending,66,S1B_IW_GRDH_1SDV_20170614T053434_20170614T053459_006042_00A9BE_335F_COG,sentinel-1b,2017,6,14,2017-06-14,True,stable_track_and_apr_sep_and_year_2015_2025,IW,VV|VH,,PRIMARY_VVVH,IW mode with VV+VH; primary homogeneous SAR backbone. Use only support points actually covered by each raster.,,
2017-06-20 05:35:08.290951+00:00,descending,66,S1A_IW_GRDH_1SDV_20170620T053508_20170620T053533_017113_01C876_5C77_COG,sentinel-1a,2017,6,20,2017-06-20,True,stable_track_and_apr_sep_and_year_2015_2025,IW,VV|VH,,PRIMARY_VVVH,IW mode with VV+VH; primary homogeneous SAR backbone. Use only support points actually covered by each raster.,,
2017-06-20 05:35:33.291679+00:00,descending,66,S1A_IW_GRDH_1SDV_20170620T053533_20170620T053558_017113_01C876_468E_COG,sentinel-1a,2017,6,20,2017-06-20,True,stable_track_and_apr_sep_and_year_2015_2025,IW,VV|VH,,PRIMARY_VVVH,IW mode with VV+VH; primary homogeneous SAR backbone. Use only support points actually covered by each raster.,,
2017-06-26 05:34:34.796860+00:00,descending,66,S1B_IW_GRDH_1SDV_20170626T053434_20170626T053459_006217_00AED5_473E_COG,sentinel-1b,2017,6,26,2017-06-26,True,stable_track_and_apr_sep_and_year_2015_2025,IW,VV|VH,,PRIMARY_VVVH,IW mode with VV+VH; primary homogeneous SAR backbone. Use only support points actually covered by each raster.,,
2017-07-02 05:35:08.916660+00:00,descending,66,S1A_IW_GRDH_1SDV_20170702T053508_20170702T053533_017288_01CDBA_958C_COG,sentinel-1a,2017,7,2,2017-07-02,True,stable_track_and_apr_sep_and_year_2015_2025,IW,VV|VH,,PRIMARY_VVVH,IW mode with VV+VH; primary homogeneous SAR backbone. Use only support points actually covered by each raster.,,
2017-07-02 05:35:33.915925+00:00,descending,66,S1A_IW_GRDH_1SDV_20170702T053533_20170702T053558_017288_01CDBA_38D5_COG,sentinel-1a,2017,7,2,2017-07-02,True,stable_track_and_apr_sep_and_year_2015_2025,IW,VV|VH,,PRIMARY_VVVH,IW mode with VV+VH; primary homogeneous SAR backbone. Use only support points actually covered by each raster.,,
2017-07-14 05:35:09.595761+00:00,descending,66,S1A_IW_GRDH_1SDV_20170714T053509_20170714T053534_017463_01D304_E812_COG,sentinel-1a,2017,7,14,2017-07-14,True,stable_track_and_apr_sep_and_year_2015_2025,IW,VV|VH,,PRIMARY_VVVH,IW mode with VV+VH; primary homogeneous SAR backbone. Use only support points actually covered by each raster.,,
2017-07-14 05:35:34.596491+00:00,descending,66,S1A_IW_GRDH_1SDV_20170714T053534_20170714T053559_017463_01D304_05F6_COG,sentinel-1a,2017,7,14,2017-07-14,True,stable_track_and_apr_sep_and_year_2015_2025,IW,VV|VH,,PRIMARY_VVVH,IW mode with VV+VH; primary homogeneous SAR backbone. Use only support points actually covered by each raster.,,
2017-07-20 05:34:36.290778+00:00,descending,66,S1B_IW_GRDH_1SDV_20170720T053436_20170720T053501_006567_00B8C9_F721_COG,sentinel-1b,2017,7,20,2017-07-20,True,stable_track_and_apr_sep_and_year_2015_2025,IW,VV|VH,,PRIMARY_VVVH,IW mode with VV+VH; primary homogeneous SAR backbone. Use only support points actually covered by each raster.,,
2017-07-26 05:35:10.382884+00:00,descending,66,S1A_IW_GRDH_1SDV_20170726T053510_20170726T053535_017638_01D85F_046F_COG,sentinel-1a,2017,7,26,2017-07-26,True,stable_track_and_apr_sep_and_year_2015_2025,IW,VV|VH,,PRIMARY_VVVH,IW mode with VV+VH; primary homogeneous SAR backbone. Use only support points actually covered by each raster.,,
2017-07-26 05:35:35.382109+00:00,descending,66,S1A_IW_GRDH_1SDV_20170726T053535_20170726T053600_017638_01D85F_E31B_COG,sentinel-1a,2017,7,26,2017-07-26,True,stable_track_and_apr_sep_and_year_2015_2025,IW,VV|VH,,PRIMARY_VVVH,IW mode with VV+VH; primary homogeneous SAR backbone. Use only support points actually covered by each raster.,,
2017-08-01 05:34:36.933455+00:00,descending,66,S1B_IW_GRDH_1SDV_20170801T053436_20170801T053501_006742_00BDCE_D0CB_COG,sentinel-1b,2017,8,1,2017-08-01,True,stable_track_and_apr_sep_and_year_2015_2025,IW,VV|VH,,PRIMARY_VVVH,IW mode with VV+VH; primary homogeneous SAR backbone. Use only support points actually covered by each raster.,,
2017-08-07 05:35:11.009888+00:00,descending,66,S1A_IW_GRDH_1SDV_20170807T053511_20170807T053536_017813_01DDB3_889A_COG,sentinel-1a,2017,8,7,2017-08-07,True,stable_track_and_apr_sep_and_year_2015_2025,IW,VV|VH,,PRIMARY_VVVH,IW mode with VV+VH; primary homogeneous SAR backbone. Use only support points actually covered by each raster.,,
2017-08-07 05:35:36.009147+00:00,descending,66,S1A_IW_GRDH_1SDV_20170807T053536_20170807T053601_017813_01DDB3_F8F8_COG,sentinel-1a,2017,8,7,2017-08-07,True,stable_track_and_apr_sep_and_year_2015_2025,IW,VV|VH,,PRIMARY_VVVH,IW mode with VV+VH; primary homogeneous SAR backbone. Use only support points actually covered by each raster.,,
2017-08-13 05:34:37.492213+00:00,descending,66,S1B_IW_GRDH_1SDV_20170813T053437_20170813T053502_006917_00C2E7_ED72_COG,sentinel-1b,2017,8,13,2017-08-13,True,stable_track_and_apr_sep_and_year_2015_2025,IW,VV|VH,,PRIMARY_VVVH,IW mode with VV+VH; primary homogeneous SAR backbone. Use only support points actually covered by each raster.,,
2017-08-19 05:35:11.617972+00:00,descending,66,S1A_IW_GRDH_1SDV_20170819T053511_20170819T053536_017988_01E302_41EC_COG,sentinel-1a,2017,8,19,2017-08-19,True,stable_track_and_apr_sep_and_year_2015_2025,IW,VV|VH,,PRIMARY_VVVH,IW mode with VV+VH; primary homogeneous SAR backbone. Use only support points actually covered by each raster.,,
2017-08-19 05:35:36.618708+00:00,descending,66,S1A_IW_GRDH_1SDV_20170819T053536_20170819T053601_017988_01E302_4282_COG,sentinel-1a,2017,8,19,2017-08-19,True,stable_track_and_apr_sep_and_year_2015_2025,IW,VV|VH,,PRIMARY_VVVH,IW mode with VV+VH; primary homogeneous SAR backbone. Use only support points actually covered by each raster.,,
2017-08-25 05:34:38.145692+00:00,descending,66,S1B_IW_GRDH_1SDV_20170825T053438_20170825T053503_007092_00C7F7_31B6_COG,sentinel-1b,2017,8,25,2017-08-25,True,stable_track_and_apr_sep_and_year_2015_2025,IW,VV|VH,,PRIMARY_VVVH,IW mode with VV+VH; primary homogeneous SAR backbone. Use only support points actually covered by each raster.,,
2017-08-31 05:35:12.125217+00:00,descending,66,S1A_IW_GRDH_1SDV_20170831T053512_20170831T053537_018163_01E845_5E8A_COG,sentinel-1a,2017,8,31,2017-08-31,True,stable_track_and_apr_sep_and_year_2015_2025,IW,VV|VH,,PRIMARY_VVVH,IW mode with VV+VH; primary homogeneous SAR backbone. Use only support points actually covered by each raster.,,
2017-08-31 05:35:37.124581+00:00,descending,66,S1A_IW_GRDH_1SDV_20170831T053537_20170831T053602_018163_01E845_68C0_COG,sentinel-1a,2017,8,31,2017-08-31,True,stable_track_and_apr_sep_and_year_2015_2025,IW,VV|VH,,PRIMARY_VVVH,IW mode with VV+VH; primary homogeneous SAR backbone. Use only support points actually covered by each raster.,,
2017-09-06 05:34:38.481296+00:00,descending,66,S1B_IW_GRDH_1SDV_20170906T053438_20170906T053503_007267_00CD0C_DE81_COG,sentinel-1b,2017,9,6,2017-09-06,True,stable_track_and_apr_sep_and_year_2015_2025,IW,VV|VH,,PRIMARY_VVVH,IW mode with VV+VH; primary homogeneous SAR backbone. Use only support points actually covered by each raster.,,
2017-09-12 05:35:12.562509+00:00,descending,66,S1A_IW_GRDH_1SDV_20170912T053512_20170912T053537_018338_01EDBF_2E39_COG,sentinel-1a,2017,9,12,2017-09-12,True,stable_track_and_apr_sep_and_year_2015_2025,IW,VV|VH,,PRIMARY_VVVH,IW mode with VV+VH; primary homogeneous SAR backbone. Use only support points actually covered by each raster.,,
2017-09-12 05:35:37.561953+00:00,descending,66,S1A_IW_GRDH_1SDV_20170912T053537_20170912T053602_018338_01EDBF_BF65_COG,sentinel-1a,2017,9,12,2017-09-12,True,stable_track_and_apr_sep_and_year_2015_2025,IW,VV|VH,,PRIMARY_VVVH,IW mode with VV+VH; primary homogeneous SAR backbone. Use only support points actually covered by each raster.,,
2017-09-18 05:34:39.135652+00:00,descending,66,S1B_IW_GRDH_1SDV_20170918T053439_20170918T053504_007442_00D231_7084_COG,sentinel-1b,2017,9,18,2017-09-18,True,stable_track_and_apr_sep_and_year_2015_2025,IW,VV|VH,,PRIMARY_VVVH,IW mode with VV+VH; primary homogeneous SAR backbone. Use only support points actually covered by each raster.,,
2017-09-24 05:35:12.869368+00:00,descending,66,S1A_IW_GRDH_1SDV_20170924T053512_20170924T053537_018513_01F31D_D313_COG,sentinel-1a,2017,9,24,2017-09-24,True,stable_track_and_apr_sep_and_year_2015_2025,IW,VV|VH,,PRIMARY_VVVH,IW mode with VV+VH; primary homogeneous SAR backbone. Use only support points actually covered by each raster.,,
2017-09-24 05:35:37.868804+00:00,descending,66,S1A_IW_GRDH_1SDV_20170924T053537_20170924T053602_018513_01F31D_2461_COG,sentinel-1a,2017,9,24,2017-09-24,True,stable_track_and_apr_sep_and_year_2015_2025,IW,VV|VH,,PRIMARY_VVVH,IW mode with VV+VH; primary homogeneous SAR backbone. Use only support points actually covered by each raster.,,
2017-09-30 05:34:39.437110+00:00,descending,66,S1B_IW_GRDH_1SDV_20170930T053439_20170930T053504_007617_00D737_5037_COG,sentinel-1b,2017,9,30,2017-09-30,True,stable_track_and_apr_sep_and_year_2015_2025,IW,VV|VH,,PRIMARY_VVVH,IW mode with VV+VH; primary homogeneous SAR backbone. Use only support points actually covered by each raster.,,
2017-04-04 05:27:05.272770+00:00,descending,168,S1A_IW_GRDH_1SDV_20170404T052705_20170404T052730_015990_01A5FE_EE02_COG,sentinel-1a,2017,4,4,2017-04-04,True,stable_track_and_apr_sep_and_year_2015_2025,IW,VV|VH,,PRIMARY_VVVH,IW mode with VV+VH; primary homogeneous SAR backbone. Use only support points actually covered by each raster.,,
2017-04-10 05:26:21.217174+00:00,descending,168,S1B_IW_GRDH_1SDV_20170410T052621_20170410T052646_005094_008E9F_4080_COG,sentinel-1b,2017,4,10,2017-04-10,True,stable_track_and_apr_sep_and_year_2015_2025,IW,VV|VH,,PRIMARY_VVVH,IW mode with VV+VH; primary homogeneous SAR backbone. Use only support points actually covered by each raster.,,
2017-04-16 05:27:05.824738+00:00,descending,168,S1A_IW_GRDH_1SDV_20170416T052705_20170416T052730_016165_01AB5A_642F_COG,sentinel-1a,2017,4,16,2017-04-16,True,stable_track_and_apr_sep_and_year_2015_2025,IW,VV|VH,,PRIMARY_VVVH,IW mode with VV+VH; primary homogeneous SAR backbone. Use only support points actually covered by each raster.,,
2017-04-22 05:26:21.869235+00:00,descending,168,S1B_IW_GRDH_1SDV_20170422T052621_20170422T052646_005269_0093AC_9D35_COG,sentinel-1b,2017,4,22,2017-04-22,True,stable_track_and_apr_sep_and_year_2015_2025,IW,VV|VH,,PRIMARY_VVVH,IW mode with VV+VH; primary homogeneous SAR backbone. Use only support points actually covered by each raster.,,
2017-04-28 05:27:06.189214+00:00,descending,168,S1A_IW_GRDH_1SDV_20170428T052706_20170428T052731_016340_01B0AA_8A67_COG,sentinel-1a,2017,4,28,2017-04-28,True,stable_track_and_apr_sep_and_year_2015_2025,IW,VV|VH,,PRIMARY_VVVH,IW mode with VV+VH; primary homogeneous SAR backbone. Use only support points actually covered by each raster.,,
2017-05-04 05:26:22.466687+00:00,descending,168,S1B_IW_GRDH_1SDV_20170504T052622_20170504T052647_005444_0098B2_C2E5_COG,sentinel-1b,2017,5,4,2017-05-04,True,stable_track_and_apr_sep_and_year_2015_2025,IW,VV|VH,,PRIMARY_VVVH,IW mode with VV+VH; primary homogeneous SAR backbone. Use only support points actually covered by each raster.,,
2017-05-10 05:27:07.026003+00:00,descending,168,S1A_IW_GRDH_1SDV_20170510T052707_20170510T052732_016515_01B5F9_48CE_COG,sentinel-1a,2017,5,10,2017-05-10,True,stable_track_and_apr_sep_and_year_2015_2025,IW,VV|VH,,PRIMARY_VVVH,IW mode with VV+VH; primary homogeneous SAR backbone. Use only support points actually covered by each raster.,,
2017-05-16 05:26:28.073490+00:00,descending,168,S1B_IW_GRDH_1SDV_20170516T052628_20170516T052653_005619_009D73_3DD8_COG,sentinel-1b,2017,5,16,2017-05-16,True,stable_track_and_apr_sep_and_year_2015_2025,IW,VV|VH,,PRIMARY_VVVH,IW mode with VV+VH; primary homogeneous SAR backbone. Use only support points actually covered by each raster.,,
2017-05-22 05:27:07.564044+00:00,descending,168,S1A_IW_GRDH_1SDV_20170522T052707_20170522T052732_016690_01BB5A_1CE6_COG,sentinel-1a,2017,5,22,2017-05-22,True,stable_track_and_apr_sep_and_year_2015_2025,IW,VV|VH,,PRIMARY_VVVH,IW mode with VV+VH; primary homogeneous SAR backbone. Use only support points actually covered by each raster.,,
2017-05-28 05:26:28.529143+00:00,descending,168,S1B_IW_GRDH_1SDV_20170528T052628_20170528T052653_005794_00A285_2A35_COG,sentinel-1b,2017,5,28,2017-05-28,True,stable_track_and_apr_sep_and_year_2015_2025,IW,VV|VH,,PRIMARY_VVVH,IW mode with VV+VH; primary homogeneous SAR backbone. Use only support points actually covered by each raster.,,
2017-06-03 05:26:54.551905+00:00,descending,168,S1A_IW_GRDH_1SDV_20170603T052654_20170603T052719_016865_01C0C1_3A72_COG,sentinel-1a,2017,6,3,2017-06-03,True,stable_track_and_apr_sep_and_year_2015_2025,IW,VV|VH,,PRIMARY_VVVH,IW mode with VV+VH; primary homogeneous SAR backbone. Use only support points actually covered by each raster.,,
2017-06-03 05:27:19.551204+00:00,descending,168,S1A_IW_GRDH_1SDV_20170603T052719_20170603T052744_016865_01C0C1_E6DA_COG,sentinel-1a,2017,6,3,2017-06-03,True,stable_track_and_apr_sep_and_year_2015_2025,IW,VV|VH,,PRIMARY_VVVH,IW mode with VV+VH; primary homogeneous SAR backbone. Use only support points actually covered by each raster.,,
2017-06-09 05:26:21.216069+00:00,descending,168,S1B_IW_GRDH_1SDV_20170609T052621_20170609T052646_005969_00A798_CEA0_COG,sentinel-1b,2017,6,9,2017-06-09,True,stable_track_and_apr_sep_and_year_2015_2025,IW,VV|VH,,PRIMARY_VVVH,IW mode with VV+VH; primary homogeneous SAR backbone. Use only support points actually covered by each raster.,,
2017-06-15 05:26:55.182055+00:00,descending,168,S1A_IW_GRDH_1SDV_20170615T052655_20170615T052720_017040_01C629_4D25_COG,sentinel-1a,2017,6,15,2017-06-15,True,stable_track_and_apr_sep_and_year_2015_2025,IW,VV|VH,,PRIMARY_VVVH,IW mode with VV+VH; primary homogeneous SAR backbone. Use only support points actually covered by each raster.,,
2017-06-15 05:27:20.182840+00:00,descending,168,S1A_IW_GRDH_1SDV_20170615T052720_20170615T052745_017040_01C629_A0CB_COG,sentinel-1a,2017,6,15,2017-06-15,True,stable_track_and_apr_sep_and_year_2015_2025,IW,VV|VH,,PRIMARY_VVVH,IW mode with VV+VH; primary homogeneous SAR backbone. Use only support points actually covered by each raster.,,
2017-06-21 05:26:21.724939+00:00,descending,168,S1B_IW_GRDH_1SDV_20170621T052621_20170621T052646_006144_00ACB6_489B_COG,sentinel-1b,2017,6,21,2017-06-21,True,stable_track_and_apr_sep_and_year_2015_2025,IW,VV|VH,,PRIMARY_VVVH,IW mode with VV+VH; primary homogeneous SAR backbone. Use only support points actually covered by each raster.,,
2017-06-27 05:26:55.986690+00:00,descending,168,S1A_IW_GRDH_1SDV_20170627T052655_20170627T052720_017215_01CB7E_BD30_COG,sentinel-1a,2017,6,27,2017-06-27,True,stable_track_and_apr_sep_and_year_2015_2025,IW,VV|VH,,PRIMARY_VVVH,IW mode with VV+VH; primary homogeneous SAR backbone. Use only support points actually covered by each raster.,,
2017-06-27 05:27:20.987459+00:00,descending,168,S1A_IW_GRDH_1SDV_20170627T052720_20170627T052745_017215_01CB7E_FC83_COG,sentinel-1a,2017,6,27,2017-06-27,True,stable_track_and_apr_sep_and_year_2015_2025,IW,VV|VH,,PRIMARY_VVVH,IW mode with VV+VH; primary homogeneous SAR backbone. Use only support points actually covered by each raster.,,
2017-07-03 05:26:22.422822+00:00,descending,168,S1B_IW_GRDH_1SDV_20170703T052622_20170703T052647_006319_00B1C7_AB08_COG,sentinel-1b,2017,7,3,2017-07-03,True,stable_track_and_apr_sep_and_year_2015_2025,IW,VV|VH,,PRIMARY_VVVH,IW mode with VV+VH; primary homogeneous SAR backbone. Use only support points actually covered by each raster.,,
2017-07-09 05:26:56.525529+00:00,descending,168,S1A_IW_GRDH_1SDV_20170709T052656_20170709T052721_017390_01D0C1_D986_COG,sentinel-1a,2017,7,9,2017-07-09,True,stable_track_and_apr_sep_and_year_2015_2025,IW,VV|VH,,PRIMARY_VVVH,IW mode with VV+VH; primary homogeneous SAR backbone. Use only support points actually covered by each raster.,,
2017-07-09 05:27:21.526271+00:00,descending,168,S1A_IW_GRDH_1SDV_20170709T052721_20170709T052746_017390_01D0C1_06E9_COG,sentinel-1a,2017,7,9,2017-07-09,True,stable_track_and_apr_sep_and_year_2015_2025,IW,VV|VH,,PRIMARY_VVVH,IW mode with VV+VH; primary homogeneous SAR backbone. Use only support points actually covered by each raster.,,
2017-07-15 05:26:23.305172+00:00,descending,168,S1B_IW_GRDH_1SDV_20170715T052623_20170715T052648_006494_00B6B9_CFC8_COG,sentinel-1b,2017,7,15,2017-07-15,True,stable_track_and_apr_sep_and_year_2015_2025,IW,VV|VH,,PRIMARY_VVVH,IW mode with VV+VH; primary homogeneous SAR backbone. Use only support points actually covered by each raster.,,
2017-07-21 05:26:57.197979+00:00,descending,168,S1A_IW_GRDH_1SDV_20170721T052657_20170721T052722_017565_01D614_E037_COG,sentinel-1a,2017,7,21,2017-07-21,True,stable_track_and_apr_sep_and_year_2015_2025,IW,VV|VH,,PRIMARY_VVVH,IW mode with VV+VH; primary homogeneous SAR backbone. Use only support points actually covered by each raster.,,
2017-07-21 05:27:22.198781+00:00,descending,168,S1A_IW_GRDH_1SDV_20170721T052722_20170721T052747_017565_01D614_CDDB_COG,sentinel-1a,2017,7,21,2017-07-21,True,stable_track_and_apr_sep_and_year_2015_2025,IW,VV|VH,,PRIMARY_VVVH,IW mode with VV+VH; primary homogeneous SAR backbone. Use only support points actually covered by each raster.,,
2017-07-27 05:26:23.968231+00:00,descending,168,S1B_IW_GRDH_1SDV_20170727T052623_20170727T052648_006669_00BBB5_3E29_COG,sentinel-1b,2017,7,27,2017-07-27,True,stable_track_and_apr_sep_and_year_2015_2025,IW,VV|VH,,PRIMARY_VVVH,IW mode with VV+VH; primary homogeneous SAR backbone. Use only support points actually covered by each raster.,,
2017-08-02 05:26:58.022570+00:00,descending,168,S1A_IW_GRDH_1SDV_20170802T052658_20170802T052723_017740_01DB70_61FC_COG,sentinel-1a,2017,8,2,2017-08-02,True,stable_track_and_apr_sep_and_year_2015_2025,IW,VV|VH,,PRIMARY_VVVH,IW mode with VV+VH; primary homogeneous SAR backbone. Use only support points actually covered by each raster.,,
2017-08-02 05:27:23.023362+00:00,descending,168,S1A_IW_GRDH_1SDV_20170802T052723_20170802T052748_017740_01DB70_E9BB_COG,sentinel-1a,2017,8,2,2017-08-02,True,stable_track_and_apr_sep_and_year_2015_2025,IW,VV|VH,,PRIMARY_VVVH,IW mode with VV+VH; primary homogeneous SAR backbone. Use only support points actually covered by each raster.,,
2017-08-08 05:26:24.585071+00:00,descending,168,S1B_IW_GRDH_1SDV_20170808T052624_20170808T052649_006844_00C0C1_3857_COG,sentinel-1b,2017,8,8,2017-08-08,True,stable_track_and_apr_sep_and_year_2015_2025,IW,VV|VH,,PRIMARY_VVVH,IW mode with VV+VH; primary homogeneous SAR backbone. Use only support points actually covered by each raster.,,
2017-08-14 05:26:58.627199+00:00,descending,168,S1A_IW_GRDH_1SDV_20170814T052658_20170814T052723_017915_01E0C1_5C23_COG,sentinel-1a,2017,8,14,2017-08-14,True,stable_track_and_apr_sep_and_year_2015_2025,IW,VV|VH,,PRIMARY_VVVH,IW mode with VV+VH; primary homogeneous SAR backbone. Use only support points actually covered by each raster.,,
2017-08-14 05:27:23.626486+00:00,descending,168,S1A_IW_GRDH_1SDV_20170814T052723_20170814T052748_017915_01E0C1_6CF2_COG,sentinel-1a,2017,8,14,2017-08-14,True,stable_track_and_apr_sep_and_year_2015_2025,IW,VV|VH,,PRIMARY_VVVH,IW mode with VV+VH; primary homogeneous SAR backbone. Use only support points actually covered by each raster.,,
2017-08-20 05:26:25.116288+00:00,descending,168,S1B_IW_GRDH_1SDV_20170820T052625_20170820T052650_007019_00C5DD_0BEE_COG,sentinel-1b,2017,8,20,2017-08-20,True,stable_track_and_apr_sep_and_year_2015_2025,IW,VV|VH,,PRIMARY_VVVH,IW mode with VV+VH; primary homogeneous SAR backbone. Use only support points actually covered by each raster.,,
2017-08-26 05:26:59.237597+00:00,descending,168,S1A_IW_GRDH_1SDV_20170826T052659_20170826T052724_018090_01E60E_746B_COG,sentinel-1a,2017,8,26,2017-08-26,True,stable_track_and_apr_sep_and_year_2015_2025,IW,VV|VH,,PRIMARY_VVVH,IW mode with VV+VH; primary homogeneous SAR backbone. Use only support points actually covered by each raster.,,
2017-08-26 05:27:24.238467+00:00,descending,168,S1A_IW_GRDH_1SDV_20170826T052724_20170826T052749_018090_01E60E_BF32_COG,sentinel-1a,2017,8,26,2017-08-26,True,stable_track_and_apr_sep_and_year_2015_2025,IW,VV|VH,,PRIMARY_VVVH,IW mode with VV+VH; primary homogeneous SAR backbone. Use only support points actually covered by each raster.,,
2017-09-01 05:26:25.659376+00:00,descending,168,S1B_IW_GRDH_1SDV_20170901T052625_20170901T052650_007194_00CAE9_DE05_COG,sentinel-1b,2017,9,1,2017-09-01,True,stable_track_and_apr_sep_and_year_2015_2025,IW,VV|VH,,PRIMARY_VVVH,IW mode with VV+VH; primary homogeneous SAR backbone. Use only support points actually covered by each raster.,,
2017-09-07 05:26:59.565581+00:00,descending,168,S1A_IW_GRDH_1SDV_20170907T052659_20170907T052724_018265_01EB5E_C84A_COG,sentinel-1a,2017,9,7,2017-09-07,True,stable_track_and_apr_sep_and_year_2015_2025,IW,VV|VH,,PRIMARY_VVVH,IW mode with VV+VH; primary homogeneous SAR backbone. Use only support points actually covered by each raster.,,
2017-09-07 05:27:24.564990+00:00,descending,168,S1A_IW_GRDH_1SDV_20170907T052724_20170907T052749_018265_01EB5E_E60C_COG,sentinel-1a,2017,9,7,2017-09-07,True,stable_track_and_apr_sep_and_year_2015_2025,IW,VV|VH,,PRIMARY_VVVH,IW mode with VV+VH; primary homogeneous SAR backbone. Use only support points actually covered by each raster.,,
2017-09-13 05:26:26.090812+00:00,descending,168,S1B_IW_GRDH_1SDV_20170913T052626_20170913T052651_007369_00D00E_361E_COG,sentinel-1b,2017,9,13,2017-09-13,True,stable_track_and_apr_sep_and_year_2015_2025,IW,VV|VH,,PRIMARY_VVVH,IW mode with VV+VH; primary homogeneous SAR backbone. Use only support points actually covered by each raster.,,
2017-09-19 05:27:00.124913+00:00,descending,168,S1A_IW_GRDH_1SDV_20170919T052700_20170919T052725_018440_01F0C7_C809_COG,sentinel-1a,2017,9,19,2017-09-19,True,stable_track_and_apr_sep_and_year_2015_2025,IW,VV|VH,,PRIMARY_VVVH,IW mode with VV+VH; primary homogeneous SAR backbone. Use only support points actually covered by each raster.,,
2017-09-19 05:27:25.125863+00:00,descending,168,S1A_IW_GRDH_1SDV_20170919T052725_20170919T052750_018440_01F0C7_A52E_COG,sentinel-1a,2017,9,19,2017-09-19,True,stable_track_and_apr_sep_and_year_2015_2025,IW,VV|VH,,PRIMARY_VVVH,IW mode with VV+VH; primary homogeneous SAR backbone. Use only support points actually covered by each raster.,,
2017-09-25 05:26:26.568919+00:00,descending,168,S1B_IW_GRDH_1SDV_20170925T052626_20170925T052651_007544_00D51A_0876_COG,sentinel-1b,2017,9,25,2017-09-25,True,stable_track_and_apr_sep_and_year_2015_2025,IW,VV|VH,,PRIMARY_VVVH,IW mode with VV+VH; primary homogeneous SAR backbone. Use only support points actually covered by each raster.,,
2018-04-06 17:13:49.227705+00:00,ascending,15,S1B_IW_GRDH_1SDV_20180406T171349_20180406T171414_010366_012DF5_4405_COG,sentinel-1b,2018,4,6,2018-04-06,True,stable_track_and_apr_sep_and_year_2015_2025,IW,VV|VH,,PRIMARY_VVVH,IW mode with VV+VH; primary homogeneous SAR backbone. Use only support points actually covered by each raster.,,
2018-04-06 17:14:14.226709+00:00,ascending,15,S1B_IW_GRDH_1SDV_20180406T171414_20180406T171439_010366_012DF5_C61C_COG,sentinel-1b,2018,4,6,2018-04-06,True,stable_track_and_apr_sep_and_year_2015_2025,IW,VV|VH,,PRIMARY_VVVH,IW mode with VV+VH; primary homogeneous SAR backbone. Use only support points actually covered by each raster.,,
2018-04-12 17:14:43.984327+00:00,ascending,15,S1A_IW_GRDH_1SDV_20180412T171443_20180412T171508_021437_024E95_AD2F_COG,sentinel-1a,2018,4,12,2018-04-12,True,stable_track_and_apr_sep_and_year_2015_2025,IW,VV|VH,,PRIMARY_VVVH,IW mode with VV+VH; primary homogeneous SAR backbone. Use only support points actually covered by each raster.,,
2018-04-24 17:14:44.503576+00:00,ascending,15,S1A_IW_GRDH_1SDV_20180424T171444_20180424T171509_021612_02540A_864B_COG,sentinel-1a,2018,4,24,2018-04-24,True,stable_track_and_apr_sep_and_year_2015_2025,IW,VV|VH,,PRIMARY_VVVH,IW mode with VV+VH; primary homogeneous SAR backbone. Use only support points actually covered by each raster.,,
2018-04-30 17:13:50.114455+00:00,ascending,15,S1B_IW_GRDH_1SDV_20180430T171350_20180430T171415_010716_013926_C687_COG,sentinel-1b,2018,4,30,2018-04-30,True,stable_track_and_apr_sep_and_year_2015_2025,IW,VV|VH,,PRIMARY_VVVH,IW mode with VV+VH; primary homogeneous SAR backbone. Use only support points actually covered by each raster.,,
2018-04-30 17:14:15.115534+00:00,ascending,15,S1B_IW_GRDH_1SDV_20180430T171415_20180430T171440_010716_013926_F7CB_COG,sentinel-1b,2018,4,30,2018-04-30,True,stable_track_and_apr_sep_and_year_2015_2025,IW,VV|VH,,PRIMARY_VVVH,IW mode with VV+VH; primary homogeneous SAR backbone. Use only support points actually covered by each raster.,,
2018-05-06 17:14:45.026882+00:00,ascending,15,S1A_IW_GRDH_1SDV_20180506T171445_20180506T171510_021787_025996_9068_COG,sentinel-1a,2018,5,6,2018-05-06,True,stable_track_and_apr_sep_and_year_2015_2025,IW,VV|VH,,PRIMARY_VVVH,IW mode with VV+VH; primary homogeneous SAR backbone. Use only support points actually covered by each raster.,,
2018-05-12 17:13:50.625263+00:00,ascending,15,S1B_IW_GRDH_1SDV_20180512T171350_20180512T171415_010891_013ECE_70D5_COG,sentinel-1b,2018,5,12,2018-05-12,True,stable_track_and_apr_sep_and_year_2015_2025,IW,VV|VH,,PRIMARY_VVVH,IW mode with VV+VH; primary homogeneous SAR backbone. Use only support points actually covered by each raster.,,
2018-05-12 17:14:15.624807+00:00,ascending,15,S1B_IW_GRDH_1SDV_20180512T171415_20180512T171440_010891_013ECE_7067_COG,sentinel-1b,2018,5,12,2018-05-12,True,stable_track_and_apr_sep_and_year_2015_2025,IW,VV|VH,,PRIMARY_VVVH,IW mode with VV+VH; primary homogeneous SAR backbone. Use only support points actually covered by each raster.,,
2018-05-18 17:14:45.679168+00:00,ascending,15,S1A_IW_GRDH_1SDV_20180518T171445_20180518T171510_021962_025F27_8E56_COG,sentinel-1a,2018,5,18,2018-05-18,True,stable_track_and_apr_sep_and_year_2015_2025,IW,VV|VH,,PRIMARY_VVVH,IW mode with VV+VH; primary homogeneous SAR backbone. Use only support points actually covered by each raster.,,
2018-05-24 17:13:51.426249+00:00,ascending,15,S1B_IW_GRDH_1SDV_20180524T171351_20180524T171416_011066_01447C_372D_COG,sentinel-1b,2018,5,24,2018-05-24,True,stable_track_and_apr_sep_and_year_2015_2025,IW,VV|VH,,PRIMARY_VVVH,IW mode with VV+VH; primary homogeneous SAR backbone. Use only support points actually covered by each raster.,,
2018-05-24 17:14:16.425168+00:00,ascending,15,S1B_IW_GRDH_1SDV_20180524T171416_20180524T171441_011066_01447C_1AFC_COG,sentinel-1b,2018,5,24,2018-05-24,True,stable_track_and_apr_sep_and_year_2015_2025,IW,VV|VH,,PRIMARY_VVVH,IW mode with VV+VH; primary homogeneous SAR backbone. Use only support points actually covered by each raster.,,
2018-05-30 17:14:46.253848+00:00,ascending,15,S1A_IW_GRDH_1SDV_20180530T171446_20180530T171511_022137_0264C8_0D61_COG,sentinel-1a,2018,5,30,2018-05-30,True,stable_track_and_apr_sep_and_year_2015_2025,IW,VV|VH,,PRIMARY_VVVH,IW mode with VV+VH; primary homogeneous SAR backbone. Use only support points actually covered by each raster.,,
2018-06-05 17:13:52.029161+00:00,ascending,15,S1B_IW_GRDH_1SDV_20180605T171352_20180605T171417_011241_014A1A_A634_COG,sentinel-1b,2018,6,5,2018-06-05,True,stable_track_and_apr_sep_and_year_2015_2025,IW,VV|VH,,PRIMARY_VVVH,IW mode with VV+VH; primary homogeneous SAR backbone. Use only support points actually covered by each raster.,,
2018-06-05 17:14:17.029641+00:00,ascending,15,S1B_IW_GRDH_1SDV_20180605T171417_20180605T171442_011241_014A1A_00D1_COG,sentinel-1b,2018,6,5,2018-06-05,True,stable_track_and_apr_sep_and_year_2015_2025,IW,VV|VH,,PRIMARY_VVVH,IW mode with VV+VH; primary homogeneous SAR backbone. Use only support points actually covered by each raster.,,
2018-06-11 17:14:47.210077+00:00,ascending,15,S1A_IW_GRDH_1SDV_20180611T171447_20180611T171512_022312_026A3D_70E4_COG,sentinel-1a,2018,6,11,2018-06-11,True,stable_track_and_apr_sep_and_year_2015_2025,IW,VV|VH,,PRIMARY_VVVH,IW mode with VV+VH; primary homogeneous SAR backbone. Use only support points actually covered by each raster.,,
2018-06-17 17:13:52.934755+00:00,ascending,15,S1B_IW_GRDH_1SDV_20180617T171352_20180617T171417_011416_014F7D_217E_COG,sentinel-1b,2018,6,17,2018-06-17,True,stable_track_and_apr_sep_and_year_2015_2025,IW,VV|VH,,PRIMARY_VVVH,IW mode with VV+VH; primary homogeneous SAR backbone. Use only support points actually covered by each raster.,,
2018-06-17 17:14:17.935330+00:00,ascending,15,S1B_IW_GRDH_1SDV_20180617T171417_20180617T171442_011416_014F7D_DDF7_COG,sentinel-1b,2018,6,17,2018-06-17,True,stable_track_and_apr_sep_and_year_2015_2025,IW,VV|VH,,PRIMARY_VVVH,IW mode with VV+VH; primary homogeneous SAR backbone. Use only support points actually covered by each raster.,,
2018-06-23 17:14:47.908086+00:00,ascending,15,S1A_IW_GRDH_1SDV_20180623T171447_20180623T171512_022487_026F7C_87DB_COG,sentinel-1a,2018,6,23,2018-06-23,True,stable_track_and_apr_sep_and_year_2015_2025,IW,VV|VH,,PRIMARY_VVVH,IW mode with VV+VH; primary homogeneous SAR backbone. Use only support points actually covered by each raster.,,
2018-07-05 17:14:48.331922+00:00,ascending,15,S1A_IW_GRDH_1SDV_20180705T171448_20180705T171513_022662_027499_4308_COG,sentinel-1a,2018,7,5,2018-07-05,True,stable_track_and_apr_sep_and_year_2015_2025,IW,VV|VH,,PRIMARY_VVVH,IW mode with VV+VH; primary homogeneous SAR backbone. Use only support points actually covered by each raster.,,
2018-07-11 17:13:54.154528+00:00,ascending,15,S1B_IW_GRDH_1SDV_20180711T171354_20180711T171419_011766_015A5C_0BEB_COG,sentinel-1b,2018,7,11,2018-07-11,True,stable_track_and_apr_sep_and_year_2015_2025,IW,VV|VH,,PRIMARY_VVVH,IW mode with VV+VH; primary homogeneous SAR backbone. Use only support points actually covered by each raster.,,
2018-07-11 17:14:19.153558+00:00,ascending,15,S1B_IW_GRDH_1SDV_20180711T171419_20180711T171444_011766_015A5C_6B85_COG,sentinel-1b,2018,7,11,2018-07-11,True,stable_track_and_apr_sep_and_year_2015_2025,IW,VV|VH,,PRIMARY_VVVH,IW mode with VV+VH; primary homogeneous SAR backbone. Use only support points actually covered by each raster.,,
2018-07-17 17:14:49.308010+00:00,ascending,15,S1A_IW_GRDH_1SDV_20180717T171449_20180717T171514_022837_0279EC_D162_COG,sentinel-1a,2018,7,17,2018-07-17,True,stable_track_and_apr_sep_and_year_2015_2025,IW,VV|VH,,PRIMARY_VVVH,IW mode with VV+VH; primary homogeneous SAR backbone. Use only support points actually covered by each raster.,,
2018-07-23 17:13:55.217238+00:00,ascending,15,S1B_IW_GRDH_1SDV_20180723T171355_20180723T171420_011941_015FAE_6238_COG,sentinel-1b,2018,7,23,2018-07-23,True,stable_track_and_apr_sep_and_year_2015_2025,IW,VV|VH,,PRIMARY_VVVH,IW mode with VV+VH; primary homogeneous SAR backbone. Use only support points actually covered by each raster.,,
2018-07-23 17:14:20.217817+00:00,ascending,15,S1B_IW_GRDH_1SDV_20180723T171420_20180723T171445_011941_015FAE_5EDD_COG,sentinel-1b,2018,7,23,2018-07-23,True,stable_track_and_apr_sep_and_year_2015_2025,IW,VV|VH,,PRIMARY_VVVH,IW mode with VV+VH; primary homogeneous SAR backbone. Use only support points actually covered by each raster.,,
2018-07-29 17:14:49.943772+00:00,ascending,15,S1A_IW_GRDH_1SDV_20180729T171449_20180729T171514_023012_027F72_B087_COG,sentinel-1a,2018,7,29,2018-07-29,True,stable_track_and_apr_sep_and_year_2015_2025,IW,VV|VH,,PRIMARY_VVVH,IW mode with VV+VH; primary homogeneous SAR backbone. Use only support points actually covered by each raster.,,
2018-08-04 17:13:55.812002+00:00,ascending,15,S1B_IW_GRDH_1SDV_20180804T171355_20180804T171420_012116_0164F7_E1C5_COG,sentinel-1b,2018,8,4,2018-08-04,True,stable_track_and_apr_sep_and_year_2015_2025,IW,VV|VH,,PRIMARY_VVVH,IW mode with VV+VH; primary homogeneous SAR backbone. Use only support points actually covered by each raster.,,
2018-08-04 17:13:55.812335+00:00,ascending,15,S1B_IW_GRDH_1SDV_20180804T171355_20180804T171420_012116_0164F7_6552_COG,sentinel-1b,2018,8,4,2018-08-04,True,stable_track_and_apr_sep_and_year_2015_2025,IW,VV|VH,,PRIMARY_VVVH,IW mode with VV+VH; primary homogeneous SAR backbone. Use only support points actually covered by each raster.,,
2018-08-04 17:14:20.812455+00:00,ascending,15,S1B_IW_GRDH_1SDV_20180804T171420_20180804T171445_012116_0164F7_5713_COG,sentinel-1b,2018,8,4,2018-08-04,True,stable_track_and_apr_sep_and_year_2015_2025,IW,VV|VH,,PRIMARY_VVVH,IW mode with VV+VH; primary homogeneous SAR backbone. Use only support points actually covered by each raster.,,
2018-08-04 17:14:20.812812+00:00,ascending,15,S1B_IW_GRDH_1SDV_20180804T171420_20180804T171445_012116_0164F7_4979_COG,sentinel-1b,2018,8,4,2018-08-04,True,stable_track_and_apr_sep_and_year_2015_2025,IW,VV|VH,,PRIMARY_VVVH,IW mode with VV+VH; primary homogeneous SAR backbone. Use only support points actually covered by each raster.,,
2018-08-10 17:14:50.639827+00:00,ascending,15,S1A_IW_GRDH_1SDV_20180810T171450_20180810T171515_023187_0284ED_EFEB_COG,sentinel-1a,2018,8,10,2018-08-10,True,stable_track_and_apr_sep_and_year_2015_2025,IW,VV|VH,,PRIMARY_VVVH,IW mode with VV+VH; primary homogeneous SAR backbone. Use only support points actually covered by each raster.,,
2018-08-10 17:14:50.640005+00:00,ascending,15,S1A_IW_GRDH_1SDV_20180810T171450_20180810T171515_023187_0284ED_E250_COG,sentinel-1a,2018,8,10,2018-08-10,True,stable_track_and_apr_sep_and_year_2015_2025,IW,VV|VH,,PRIMARY_VVVH,IW mode with VV+VH; primary homogeneous SAR backbone. Use only support points actually covered by each raster.,,
2018-08-16 17:13:56.468660+00:00,ascending,15,S1B_IW_GRDH_1SDV_20180816T171356_20180816T171421_012291_016A61_D8C1_COG,sentinel-1b,2018,8,16,2018-08-16,True,stable_track_and_apr_sep_and_year_2015_2025,IW,VV|VH,,PRIMARY_VVVH,IW mode with VV+VH; primary homogeneous SAR backbone. Use only support points actually covered by each raster.,,
2018-08-16 17:13:56.469744+00:00,ascending,15,S1B_IW_GRDH_1SDV_20180816T171356_20180816T171421_012291_016A61_0471_COG,sentinel-1b,2018,8,16,2018-08-16,True,stable_track_and_apr_sep_and_year_2015_2025,IW,VV|VH,,PRIMARY_VVVH,IW mode with VV+VH; primary homogeneous SAR backbone. Use only support points actually covered by each raster.,,
2018-08-16 17:14:21.468773+00:00,ascending,15,S1B_IW_GRDH_1SDV_20180816T171421_20180816T171446_012291_016A61_8905_COG,sentinel-1b,2018,8,16,2018-08-16,True,stable_track_and_apr_sep_and_year_2015_2025,IW,VV|VH,,PRIMARY_VVVH,IW mode with VV+VH; primary homogeneous SAR backbone. Use only support points actually covered by each raster.,,
2018-08-16 17:14:21.469216+00:00,ascending,15,S1B_IW_GRDH_1SDV_20180816T171421_20180816T171446_012291_016A61_A11B_COG,sentinel-1b,2018,8,16,2018-08-16,True,stable_track_and_apr_sep_and_year_2015_2025,IW,VV|VH,,PRIMARY_VVVH,IW mode with VV+VH; primary homogeneous SAR backbone. Use only support points actually covered by each raster.,,
2018-08-22 17:14:51.262412+00:00,ascending,15,S1A_IW_GRDH_1SDV_20180822T171451_20180822T171516_023362_028A95_A638_COG,sentinel-1a,2018,8,22,2018-08-22,True,stable_track_and_apr_sep_and_year_2015_2025,IW,VV|VH,,PRIMARY_VVVH,IW mode with VV+VH; primary homogeneous SAR backbone. Use only support points actually covered by each raster.,,
2018-08-22 17:14:51.263670+00:00,ascending,15,S1A_IW_GRDH_1SDV_20180822T171451_20180822T171516_023362_028A95_F810_COG,sentinel-1a,2018,8,22,2018-08-22,True,stable_track_and_apr_sep_and_year_2015_2025,IW,VV|VH,,PRIMARY_VVVH,IW mode with VV+VH; primary homogeneous SAR backbone. Use only support points actually covered by each raster.,,
2018-08-28 17:13:56.999558+00:00,ascending,15,S1B_IW_GRDH_1SDV_20180828T171356_20180828T171421_012466_016FD2_9EB9_COG,sentinel-1b,2018,8,28,2018-08-28,True,stable_track_and_apr_sep_and_year_2015_2025,IW,VV|VH,,PRIMARY_VVVH,IW mode with VV+VH; primary homogeneous SAR backbone. Use only support points actually covered by each raster.,,
2018-08-28 17:13:56.999613+00:00,ascending,15,S1B_IW_GRDH_1SDV_20180828T171356_20180828T171421_012466_016FD2_DD55_COG,sentinel-1b,2018,8,28,2018-08-28,True,stable_track_and_apr_sep_and_year_2015_2025,IW,VV|VH,,PRIMARY_VVVH,IW mode with VV+VH; primary homogeneous SAR backbone. Use only support points actually covered by each raster.,,
2018-08-28 17:14:22.000103+00:00,ascending,15,S1B_IW_GRDH_1SDV_20180828T171422_20180828T171446_012466_016FD2_5B2E_COG,sentinel-1b,2018,8,28,2018-08-28,True,stable_track_and_apr_sep_and_year_2015_2025,IW,VV|VH,,PRIMARY_VVVH,IW mode with VV+VH; primary homogeneous SAR backbone. Use only support points actually covered by each raster.,,
2018-08-28 17:14:22.000162+00:00,ascending,15,S1B_IW_GRDH_1SDV_20180828T171422_20180828T171446_012466_016FD2_D416_COG,sentinel-1b,2018,8,28,2018-08-28,True,stable_track_and_apr_sep_and_year_2015_2025,IW,VV|VH,,PRIMARY_VVVH,IW mode with VV+VH; primary homogeneous SAR backbone. Use only support points actually covered by each raster.,,
2018-09-03 17:14:52.097283+00:00,ascending,15,S1A_IW_GRDH_1SDV_20180903T171452_20180903T171517_023537_029025_A764_COG,sentinel-1a,2018,9,3,2018-09-03,True,stable_track_and_apr_sep_and_year_2015_2025,IW,VV|VH,,PRIMARY_VVVH,IW mode with VV+VH; primary homogeneous SAR backbone. Use only support points actually covered by each raster.,,
2018-09-03 17:14:52.097497+00:00,ascending,15,S1A_IW_GRDH_1SDV_20180903T171452_20180903T171517_023537_029025_47AE_COG,sentinel-1a,2018,9,3,2018-09-03,True,stable_track_and_apr_sep_and_year_2015_2025,IW,VV|VH,,PRIMARY_VVVH,IW mode with VV+VH; primary homogeneous SAR backbone. Use only support points actually covered by each raster.,,
2018-09-09 17:13:57.602576+00:00,ascending,15,S1B_IW_GRDH_1SDV_20180909T171357_20180909T171422_012641_017538_36A6_COG,sentinel-1b,2018,9,9,2018-09-09,True,stable_track_and_apr_sep_and_year_2015_2025,IW,VV|VH,,PRIMARY_VVVH,IW mode with VV+VH; primary homogeneous SAR backbone. Use only support points actually covered by each raster.,,
2018-09-09 17:13:57.603096+00:00,ascending,15,S1B_IW_GRDH_1SDV_20180909T171357_20180909T171422_012641_017538_B30B_COG,sentinel-1b,2018,9,9,2018-09-09,True,stable_track_and_apr_sep_and_year_2015_2025,IW,VV|VH,,PRIMARY_VVVH,IW mode with VV+VH; primary homogeneous SAR backbone. Use only support points actually covered by each raster.,,
2018-09-09 17:14:22.603125+00:00,ascending,15,S1B_IW_GRDH_1SDV_20180909T171422_20180909T171447_012641_017538_A20D_COG,sentinel-1b,2018,9,9,2018-09-09,True,stable_track_and_apr_sep_and_year_2015_2025,IW,VV|VH,,PRIMARY_VVVH,IW mode with VV+VH; primary homogeneous SAR backbone. Use only support points actually covered by each raster.,,
2018-09-09 17:14:22.603682+00:00,ascending,15,S1B_IW_GRDH_1SDV_20180909T171422_20180909T171447_012641_017538_EA51_COG,sentinel-1b,2018,9,9,2018-09-09,True,stable_track_and_apr_sep_and_year_2015_2025,IW,VV|VH,,PRIMARY_VVVH,IW mode with VV+VH; primary homogeneous SAR backbone. Use only support points actually covered by each raster.,,
2018-09-15 17:14:52.412747+00:00,ascending,15,S1A_IW_GRDH_1SDV_20180915T171452_20180915T171517_023712_0295C0_92ED_COG,sentinel-1a,2018,9,15,2018-09-15,True,stable_track_and_apr_sep_and_year_2015_2025,IW,VV|VH,,PRIMARY_VVVH,IW mode with VV+VH; primary homogeneous SAR backbone. Use only support points actually covered by each raster.,,
2018-09-15 17:14:52.413002+00:00,ascending,15,S1A_IW_GRDH_1SDV_20180915T171452_20180915T171517_023712_0295C0_0034_COG,sentinel-1a,2018,9,15,2018-09-15,True,stable_track_and_apr_sep_and_year_2015_2025,IW,VV|VH,,PRIMARY_VVVH,IW mode with VV+VH; primary homogeneous SAR backbone. Use only support points actually covered by each raster.,,
2018-09-21 17:13:57.921502+00:00,ascending,15,S1B_IW_GRDH_1SDV_20180921T171357_20180921T171422_012816_017A90_B3CA_COG,sentinel-1b,2018,9,21,2018-09-21,True,stable_track_and_apr_sep_and_year_2015_2025,IW,VV|VH,,PRIMARY_VVVH,IW mode with VV+VH; primary homogeneous SAR backbone. Use only support points actually covered by each raster.,,
2018-09-21 17:13:57.922702+00:00,ascending,15,S1B_IW_GRDH_1SDV_20180921T171357_20180921T171422_012816_017A90_F8C6_COG,sentinel-1b,2018,9,21,2018-09-21,True,stable_track_and_apr_sep_and_year_2015_2025,IW,VV|VH,,PRIMARY_VVVH,IW mode with VV+VH; primary homogeneous SAR backbone. Use only support points actually covered by each raster.,,
2018-09-21 17:14:22.921726+00:00,ascending,15,S1B_IW_GRDH_1SDV_20180921T171422_20180921T171447_012816_017A90_7473_COG,sentinel-1b,2018,9,21,2018-09-21,True,stable_track_and_apr_sep_and_year_2015_2025,IW,VV|VH,,PRIMARY_VVVH,IW mode with VV+VH; primary homogeneous SAR backbone. Use only support points actually covered by each raster.,,
2018-09-21 17:14:22.922044+00:00,ascending,15,S1B_IW_GRDH_1SDV_20180921T171422_20180921T171447_012816_017A90_B760_COG,sentinel-1b,2018,9,21,2018-09-21,True,stable_track_and_apr_sep_and_year_2015_2025,IW,VV|VH,,PRIMARY_VVVH,IW mode with VV+VH; primary homogeneous SAR backbone. Use only support points actually covered by each raster.,,
2018-09-27 17:14:52.704367+00:00,ascending,15,S1A_IW_GRDH_1SDV_20180927T171452_20180927T171517_023887_029B6B_5164_COG,sentinel-1a,2018,9,27,2018-09-27,True,stable_track_and_apr_sep_and_year_2015_2025,IW,VV|VH,,PRIMARY_VVVH,IW mode with VV+VH; primary homogeneous SAR backbone. Use only support points actually covered by each raster.,,
2018-09-27 17:14:52.704398+00:00,ascending,15,S1A_IW_GRDH_1SDV_20180927T171452_20180927T171517_023887_029B6B_1C2B_COG,sentinel-1a,2018,9,27,2018-09-27,True,stable_track_and_apr_sep_and_year_2015_2025,IW,VV|VH,,PRIMARY_VVVH,IW mode with VV+VH; primary homogeneous SAR backbone. Use only support points actually covered by each raster.,,
2018-04-05 17:22:49.951511+00:00,ascending,88,S1A_IW_GRDH_1SDV_20180405T172249_20180405T172314_021335_024B73_6B79_COG,sentinel-1a,2018,4,5,2018-04-05,True,stable_track_and_apr_sep_and_year_2015_2025,IW,VV|VH,,PRIMARY_VVVH,IW mode with VV+VH; primary homogeneous SAR backbone. Use only support points actually covered by each raster.,,
2018-04-05 17:23:14.951251+00:00,ascending,88,S1A_IW_GRDH_1SDV_20180405T172314_20180405T172339_021335_024B73_8FE1_COG,sentinel-1a,2018,4,5,2018-04-05,True,stable_track_and_apr_sep_and_year_2015_2025,IW,VV|VH,,PRIMARY_VVVH,IW mode with VV+VH; primary homogeneous SAR backbone. Use only support points actually covered by each raster.,,
2018-04-11 17:22:01.011290+00:00,ascending,88,S1B_IW_GRDH_1SDV_20180411T172201_20180411T172226_010439_01304B_3CF3_COG,sentinel-1b,2018,4,11,2018-04-11,True,stable_track_and_apr_sep_and_year_2015_2025,IW,VV|VH,,PRIMARY_VVVH,IW mode with VV+VH; primary homogeneous SAR backbone. Use only support points actually covered by each raster.,,
2018-04-11 17:22:26.011952+00:00,ascending,88,S1B_IW_GRDH_1SDV_20180411T172226_20180411T172251_010439_01304B_5B06_COG,sentinel-1b,2018,4,11,2018-04-11,True,stable_track_and_apr_sep_and_year_2015_2025,IW,VV|VH,,PRIMARY_VVVH,IW mode with VV+VH; primary homogeneous SAR backbone. Use only support points actually covered by each raster.,,
2018-04-17 17:22:50.392286+00:00,ascending,88,S1A_IW_GRDH_1SDV_20180417T172250_20180417T172315_021510_0250F2_B972_COG,sentinel-1a,2018,4,17,2018-04-17,True,stable_track_and_apr_sep_and_year_2015_2025,IW,VV|VH,,PRIMARY_VVVH,IW mode with VV+VH; primary homogeneous SAR backbone. Use only support points actually covered by each raster.,,
2018-04-17 17:23:15.391862+00:00,ascending,88,S1A_IW_GRDH_1SDV_20180417T172315_20180417T172340_021510_0250F2_F48E_COG,sentinel-1a,2018,4,17,2018-04-17,True,stable_track_and_apr_sep_and_year_2015_2025,IW,VV|VH,,PRIMARY_VVVH,IW mode with VV+VH; primary homogeneous SAR backbone. Use only support points actually covered by each raster.,,
2018-04-23 17:22:01.365453+00:00,ascending,88,S1B_IW_GRDH_1SDV_20180423T172201_20180423T172226_010614_0135E1_1758_COG,sentinel-1b,2018,4,23,2018-04-23,True,stable_track_and_apr_sep_and_year_2015_2025,IW,VV|VH,,PRIMARY_VVVH,IW mode with VV+VH; primary homogeneous SAR backbone. Use only support points actually covered by each raster.,,
2018-04-23 17:22:26.366002+00:00,ascending,88,S1B_IW_GRDH_1SDV_20180423T172226_20180423T172251_010614_0135E1_3CA5_COG,sentinel-1b,2018,4,23,2018-04-23,True,stable_track_and_apr_sep_and_year_2015_2025,IW,VV|VH,,PRIMARY_VVVH,IW mode with VV+VH; primary homogeneous SAR backbone. Use only support points actually covered by each raster.,,
2018-04-29 17:22:51.036543+00:00,ascending,88,S1A_IW_GRDH_1SDV_20180429T172251_20180429T172316_021685_02566A_A25F_COG,sentinel-1a,2018,4,29,2018-04-29,True,stable_track_and_apr_sep_and_year_2015_2025,IW,VV|VH,,PRIMARY_VVVH,IW mode with VV+VH; primary homogeneous SAR backbone. Use only support points actually covered by each raster.,,
2018-04-29 17:23:16.036127+00:00,ascending,88,S1A_IW_GRDH_1SDV_20180429T172316_20180429T172341_021685_02566A_CDFB_COG,sentinel-1a,2018,4,29,2018-04-29,True,stable_track_and_apr_sep_and_year_2015_2025,IW,VV|VH,,PRIMARY_VVVH,IW mode with VV+VH; primary homogeneous SAR backbone. Use only support points actually covered by each raster.,,
2018-05-05 17:22:02.013815+00:00,ascending,88,S1B_IW_GRDH_1SDV_20180505T172202_20180505T172227_010789_013B81_654F_COG,sentinel-1b,2018,5,5,2018-05-05,True,stable_track_and_apr_sep_and_year_2015_2025,IW,VV|VH,,PRIMARY_VVVH,IW mode with VV+VH; primary homogeneous SAR backbone. Use only support points actually covered by each raster.,,
2018-05-05 17:22:27.014362+00:00,ascending,88,S1B_IW_GRDH_1SDV_20180505T172227_20180505T172252_010789_013B81_77B2_COG,sentinel-1b,2018,5,5,2018-05-05,True,stable_track_and_apr_sep_and_year_2015_2025,IW,VV|VH,,PRIMARY_VVVH,IW mode with VV+VH; primary homogeneous SAR backbone. Use only support points actually covered by each raster.,,
2018-05-11 17:22:51.678549+00:00,ascending,88,S1A_IW_GRDH_1SDV_20180511T172251_20180511T172316_021860_025BFF_57CF_COG,sentinel-1a,2018,5,11,2018-05-11,True,stable_track_and_apr_sep_and_year_2015_2025,IW,VV|VH,,PRIMARY_VVVH,IW mode with VV+VH; primary homogeneous SAR backbone. Use only support points actually covered by each raster.,,
2018-05-11 17:23:16.679575+00:00,ascending,88,S1A_IW_GRDH_1SDV_20180511T172316_20180511T172341_021860_025BFF_46EF_COG,sentinel-1a,2018,5,11,2018-05-11,True,stable_track_and_apr_sep_and_year_2015_2025,IW,VV|VH,,PRIMARY_VVVH,IW mode with VV+VH; primary homogeneous SAR backbone. Use only support points actually covered by each raster.,,
2018-05-17 17:22:02.527615+00:00,ascending,88,S1B_IW_GRDH_1SDV_20180517T172202_20180517T172227_010964_014123_1A94_COG,sentinel-1b,2018,5,17,2018-05-17,True,stable_track_and_apr_sep_and_year_2015_2025,IW,VV|VH,,PRIMARY_VVVH,IW mode with VV+VH; primary homogeneous SAR backbone. Use only support points actually covered by each raster.,,
2018-05-17 17:22:27.526649+00:00,ascending,88,S1B_IW_GRDH_1SDV_20180517T172227_20180517T172252_010964_014123_44A4_COG,sentinel-1b,2018,5,17,2018-05-17,True,stable_track_and_apr_sep_and_year_2015_2025,IW,VV|VH,,PRIMARY_VVVH,IW mode with VV+VH; primary homogeneous SAR backbone. Use only support points actually covered by each raster.,,
2018-05-23 17:22:52.325285+00:00,ascending,88,S1A_IW_GRDH_1SDV_20180523T172252_20180523T172317_022035_02618D_37EB_COG,sentinel-1a,2018,5,23,2018-05-23,True,stable_track_and_apr_sep_and_year_2015_2025,IW,VV|VH,,PRIMARY_VVVH,IW mode with VV+VH; primary homogeneous SAR backbone. Use only support points actually covered by each raster.,,
2018-05-23 17:23:17.324927+00:00,ascending,88,S1A_IW_GRDH_1SDV_20180523T172317_20180523T172342_022035_02618D_8305_COG,sentinel-1a,2018,5,23,2018-05-23,True,stable_track_and_apr_sep_and_year_2015_2025,IW,VV|VH,,PRIMARY_VVVH,IW mode with VV+VH; primary homogeneous SAR backbone. Use only support points actually covered by each raster.,,
2018-05-29 17:22:03.227081+00:00,ascending,88,S1B_IW_GRDH_1SDV_20180529T172203_20180529T172228_011139_0146DD_C28B_COG,sentinel-1b,2018,5,29,2018-05-29,True,stable_track_and_apr_sep_and_year_2015_2025,IW,VV|VH,,PRIMARY_VVVH,IW mode with VV+VH; primary homogeneous SAR backbone. Use only support points actually covered by each raster.,,
2018-05-29 17:22:28.227533+00:00,ascending,88,S1B_IW_GRDH_1SDV_20180529T172228_20180529T172253_011139_0146DD_247E_COG,sentinel-1b,2018,5,29,2018-05-29,True,stable_track_and_apr_sep_and_year_2015_2025,IW,VV|VH,,PRIMARY_VVVH,IW mode with VV+VH; primary homogeneous SAR backbone. Use only support points actually covered by each raster.,,
2018-06-04 17:22:52.963422+00:00,ascending,88,S1A_IW_GRDH_1SDV_20180604T172252_20180604T172317_022210_026718_BDEC_COG,sentinel-1a,2018,6,4,2018-06-04,True,stable_track_and_apr_sep_and_year_2015_2025,IW,VV|VH,,PRIMARY_VVVH,IW mode with VV+VH; primary homogeneous SAR backbone. Use only support points actually covered by each raster.,,
2018-06-04 17:23:17.962999+00:00,ascending,88,S1A_IW_GRDH_1SDV_20180604T172317_20180604T172342_022210_026718_C1DF_COG,sentinel-1a,2018,6,4,2018-06-04,True,stable_track_and_apr_sep_and_year_2015_2025,IW,VV|VH,,PRIMARY_VVVH,IW mode with VV+VH; primary homogeneous SAR backbone. Use only support points actually covered by each raster.,,
2018-06-16 17:22:53.851100+00:00,ascending,88,S1A_IW_GRDH_1SDV_20180616T172253_20180616T172318_022385_026C7D_4BD4_COG,sentinel-1a,2018,6,16,2018-06-16,True,stable_track_and_apr_sep_and_year_2015_2025,IW,VV|VH,,PRIMARY_VVVH,IW mode with VV+VH; primary homogeneous SAR backbone. Use only support points actually covered by each raster.,,
2018-06-16 17:23:18.850213+00:00,ascending,88,S1A_IW_GRDH_1SDV_20180616T172318_20180616T172343_022385_026C7D_F327_COG,sentinel-1a,2018,6,16,2018-06-16,True,stable_track_and_apr_sep_and_year_2015_2025,IW,VV|VH,,PRIMARY_VVVH,IW mode with VV+VH; primary homogeneous SAR backbone. Use only support points actually covered by each raster.,,
2018-06-22 17:22:04.853130+00:00,ascending,88,S1B_IW_GRDH_1SDV_20180622T172204_20180622T172228_011489_0151C9_5837_COG,sentinel-1b,2018,6,22,2018-06-22,True,stable_track_and_apr_sep_and_year_2015_2025,IW,VV|VH,,PRIMARY_VVVH,IW mode with VV+VH; primary homogeneous SAR backbone. Use only support points actually covered by each raster.,,
2018-06-28 17:22:54.493173+00:00,ascending,88,S1A_IW_GRDH_1SDV_20180628T172254_20180628T172319_022560_02719A_2DAB_COG,sentinel-1a,2018,6,28,2018-06-28,True,stable_track_and_apr_sep_and_year_2015_2025,IW,VV|VH,,PRIMARY_VVVH,IW mode with VV+VH; primary homogeneous SAR backbone. Use only support points actually covered by each raster.,,
2018-06-28 17:23:19.492174+00:00,ascending,88,S1A_IW_GRDH_1SDV_20180628T172319_20180628T172344_022560_02719A_E991_COG,sentinel-1a,2018,6,28,2018-06-28,True,stable_track_and_apr_sep_and_year_2015_2025,IW,VV|VH,,PRIMARY_VVVH,IW mode with VV+VH; primary homogeneous SAR backbone. Use only support points actually covered by each raster.,,
2018-07-04 17:22:05.720480+00:00,ascending,88,S1B_IW_GRDH_1SDV_20180704T172205_20180704T172229_011664_01573E_AD95_COG,sentinel-1b,2018,7,4,2018-07-04,True,stable_track_and_apr_sep_and_year_2015_2025,IW,VV|VH,,PRIMARY_VVVH,IW mode with VV+VH; primary homogeneous SAR backbone. Use only support points actually covered by each raster.,,
2018-07-10 17:22:55.079719+00:00,ascending,88,S1A_IW_GRDH_1SDV_20180710T172255_20180710T172320_022735_0276C4_CAC2_COG,sentinel-1a,2018,7,10,2018-07-10,True,stable_track_and_apr_sep_and_year_2015_2025,IW,VV|VH,,PRIMARY_VVVH,IW mode with VV+VH; primary homogeneous SAR backbone. Use only support points actually covered by each raster.,,
2018-07-10 17:23:20.080279+00:00,ascending,88,S1A_IW_GRDH_1SDV_20180710T172320_20180710T172345_022735_0276C4_788E_COG,sentinel-1a,2018,7,10,2018-07-10,True,stable_track_and_apr_sep_and_year_2015_2025,IW,VV|VH,,PRIMARY_VVVH,IW mode with VV+VH; primary homogeneous SAR backbone. Use only support points actually covered by each raster.,,
2018-07-16 17:22:08.638345+00:00,ascending,88,S1B_IW_GRDH_1SDV_20180716T172208_20180716T172233_011839_015CA0_2145_COG,sentinel-1b,2018,7,16,2018-07-16,True,stable_track_and_apr_sep_and_year_2015_2025,IW,VV|VH,,PRIMARY_VVVH,IW mode with VV+VH; primary homogeneous SAR backbone. Use only support points actually covered by each raster.,,
2018-07-16 17:22:33.639011+00:00,ascending,88,S1B_IW_GRDH_1SDV_20180716T172233_20180716T172258_011839_015CA0_9DC8_COG,sentinel-1b,2018,7,16,2018-07-16,True,stable_track_and_apr_sep_and_year_2015_2025,IW,VV|VH,,PRIMARY_VVVH,IW mode with VV+VH; primary homogeneous SAR backbone. Use only support points actually covered by each raster.,,
2018-07-22 17:22:55.954236+00:00,ascending,88,S1A_IW_GRDH_1SDV_20180722T172255_20180722T172320_022910_027C34_2B37_COG,sentinel-1a,2018,7,22,2018-07-22,True,stable_track_and_apr_sep_and_year_2015_2025,IW,VV|VH,,PRIMARY_VVVH,IW mode with VV+VH; primary homogeneous SAR backbone. Use only support points actually covered by each raster.,,
2018-07-22 17:23:20.954768+00:00,ascending,88,S1A_IW_GRDH_1SDV_20180722T172320_20180722T172345_022910_027C34_7AE6_COG,sentinel-1a,2018,7,22,2018-07-22,True,stable_track_and_apr_sep_and_year_2015_2025,IW,VV|VH,,PRIMARY_VVVH,IW mode with VV+VH; primary homogeneous SAR backbone. Use only support points actually covered by each raster.,,
2018-07-28 17:22:09.499661+00:00,ascending,88,S1B_IW_GRDH_1SDV_20180728T172209_20180728T172234_012014_0161E3_90B3_COG,sentinel-1b,2018,7,28,2018-07-28,True,stable_track_and_apr_sep_and_year_2015_2025,IW,VV|VH,,PRIMARY_VVVH,IW mode with VV+VH; primary homogeneous SAR backbone. Use only support points actually covered by each raster.,,
2018-07-28 17:22:34.500043+00:00,ascending,88,S1B_IW_GRDH_1SDV_20180728T172234_20180728T172259_012014_0161E3_5D29_COG,sentinel-1b,2018,7,28,2018-07-28,True,stable_track_and_apr_sep_and_year_2015_2025,IW,VV|VH,,PRIMARY_VVVH,IW mode with VV+VH; primary homogeneous SAR backbone. Use only support points actually covered by each raster.,,
2018-08-03 17:22:56.520291+00:00,ascending,88,S1A_IW_GRDH_1SDV_20180803T172256_20180803T172321_023085_0281B1_420D_COG,sentinel-1a,2018,8,3,2018-08-03,True,stable_track_and_apr_sep_and_year_2015_2025,IW,VV|VH,,PRIMARY_VVVH,IW mode with VV+VH; primary homogeneous SAR backbone. Use only support points actually covered by each raster.,,
2018-08-03 17:22:56.520298+00:00,ascending,88,S1A_IW_GRDH_1SDV_20180803T172256_20180803T172321_023085_0281B1_A2C4_COG,sentinel-1a,2018,8,3,2018-08-03,True,stable_track_and_apr_sep_and_year_2015_2025,IW,VV|VH,,PRIMARY_VVVH,IW mode with VV+VH; primary homogeneous SAR backbone. Use only support points actually covered by each raster.,,
2018-08-03 17:23:21.520737+00:00,ascending,88,S1A_IW_GRDH_1SDV_20180803T172321_20180803T172346_023085_0281B1_9614_COG,sentinel-1a,2018,8,3,2018-08-03,True,stable_track_and_apr_sep_and_year_2015_2025,IW,VV|VH,,PRIMARY_VVVH,IW mode with VV+VH; primary homogeneous SAR backbone. Use only support points actually covered by each raster.,,
2018-08-03 17:23:21.520745+00:00,ascending,88,S1A_IW_GRDH_1SDV_20180803T172321_20180803T172346_023085_0281B1_7046_COG,sentinel-1a,2018,8,3,2018-08-03,True,stable_track_and_apr_sep_and_year_2015_2025,IW,VV|VH,,PRIMARY_VVVH,IW mode with VV+VH; primary homogeneous SAR backbone. Use only support points actually covered by each raster.,,
2018-08-09 17:22:07.354864+00:00,ascending,88,S1B_IW_GRDH_1SDV_20180809T172207_20180809T172232_012189_01673F_7CB7_COG,sentinel-1b,2018,8,9,2018-08-09,True,stable_track_and_apr_sep_and_year_2015_2025,IW,VV|VH,,PRIMARY_VVVH,IW mode with VV+VH; primary homogeneous SAR backbone. Use only support points actually covered by each raster.,,
2018-08-09 17:22:07.354888+00:00,ascending,88,S1B_IW_GRDH_1SDV_20180809T172207_20180809T172232_012189_01673F_0727_COG,sentinel-1b,2018,8,9,2018-08-09,True,stable_track_and_apr_sep_and_year_2015_2025,IW,VV|VH,,PRIMARY_VVVH,IW mode with VV+VH; primary homogeneous SAR backbone. Use only support points actually covered by each raster.,,
2018-08-09 17:22:32.353807+00:00,ascending,88,S1B_IW_GRDH_1SDV_20180809T172232_20180809T172257_012189_01673F_08F9_COG,sentinel-1b,2018,8,9,2018-08-09,True,stable_track_and_apr_sep_and_year_2015_2025,IW,VV|VH,,PRIMARY_VVVH,IW mode with VV+VH; primary homogeneous SAR backbone. Use only support points actually covered by each raster.,,
2018-08-09 17:22:32.353833+00:00,ascending,88,S1B_IW_GRDH_1SDV_20180809T172232_20180809T172257_012189_01673F_43E5_COG,sentinel-1b,2018,8,9,2018-08-09,True,stable_track_and_apr_sep_and_year_2015_2025,IW,VV|VH,,PRIMARY_VVVH,IW mode with VV+VH; primary homogeneous SAR backbone. Use only support points actually covered by each raster.,,
2018-08-15 17:22:57.306137+00:00,ascending,88,S1A_IW_GRDH_1SDV_20180815T172257_20180815T172322_023260_028751_7ADB_COG,sentinel-1a,2018,8,15,2018-08-15,True,stable_track_and_apr_sep_and_year_2015_2025,IW,VV|VH,,PRIMARY_VVVH,IW mode with VV+VH; primary homogeneous SAR backbone. Use only support points actually covered by each raster.,,
2018-08-15 17:22:57.306186+00:00,ascending,88,S1A_IW_GRDH_1SDV_20180815T172257_20180815T172322_023260_028751_1314_COG,sentinel-1a,2018,8,15,2018-08-15,True,stable_track_and_apr_sep_and_year_2015_2025,IW,VV|VH,,PRIMARY_VVVH,IW mode with VV+VH; primary homogeneous SAR backbone. Use only support points actually covered by each raster.,,
2018-08-15 17:23:22.306665+00:00,ascending,88,S1A_IW_GRDH_1SDV_20180815T172322_20180815T172347_023260_028751_0A67_COG,sentinel-1a,2018,8,15,2018-08-15,True,stable_track_and_apr_sep_and_year_2015_2025,IW,VV|VH,,PRIMARY_VVVH,IW mode with VV+VH; primary homogeneous SAR backbone. Use only support points actually covered by each raster.,,
2018-08-15 17:23:22.306720+00:00,ascending,88,S1A_IW_GRDH_1SDV_20180815T172322_20180815T172347_023260_028751_D627_COG,sentinel-1a,2018,8,15,2018-08-15,True,stable_track_and_apr_sep_and_year_2015_2025,IW,VV|VH,,PRIMARY_VVVH,IW mode with VV+VH; primary homogeneous SAR backbone. Use only support points actually covered by each raster.,,
2018-08-21 17:22:08.471938+00:00,ascending,88,S1B_IW_GRDH_1SDV_20180821T172208_20180821T172233_012364_016CB3_00D6_COG,sentinel-1b,2018,8,21,2018-08-21,True,stable_track_and_apr_sep_and_year_2015_2025,IW,VV|VH,,PRIMARY_VVVH,IW mode with VV+VH; primary homogeneous SAR backbone. Use only support points actually covered by each raster.,,
2018-08-21 17:22:08.473271+00:00,ascending,88,S1B_IW_GRDH_1SDV_20180821T172208_20180821T172233_012364_016CB3_3DB8_COG,sentinel-1b,2018,8,21,2018-08-21,True,stable_track_and_apr_sep_and_year_2015_2025,IW,VV|VH,,PRIMARY_VVVH,IW mode with VV+VH; primary homogeneous SAR backbone. Use only support points actually covered by each raster.,,
2018-08-21 17:22:33.473158+00:00,ascending,88,S1B_IW_GRDH_1SDV_20180821T172233_20180821T172258_012364_016CB3_BD89_COG,sentinel-1b,2018,8,21,2018-08-21,True,stable_track_and_apr_sep_and_year_2015_2025,IW,VV|VH,,PRIMARY_VVVH,IW mode with VV+VH; primary homogeneous SAR backbone. Use only support points actually covered by each raster.,,
2018-08-21 17:22:33.473333+00:00,ascending,88,S1B_IW_GRDH_1SDV_20180821T172233_20180821T172258_012364_016CB3_D004_COG,sentinel-1b,2018,8,21,2018-08-21,True,stable_track_and_apr_sep_and_year_2015_2025,IW,VV|VH,,PRIMARY_VVVH,IW mode with VV+VH; primary homogeneous SAR backbone. Use only support points actually covered by each raster.,,
2018-08-27 17:22:58.033775+00:00,ascending,88,S1A_IW_GRDH_1SDV_20180827T172258_20180827T172323_023435_028CF1_0373_COG,sentinel-1a,2018,8,27,2018-08-27,True,stable_track_and_apr_sep_and_year_2015_2025,IW,VV|VH,,PRIMARY_VVVH,IW mode with VV+VH; primary homogeneous SAR backbone. Use only support points actually covered by each raster.,,
2018-08-27 17:22:58.033875+00:00,ascending,88,S1A_IW_GRDH_1SDV_20180827T172258_20180827T172323_023435_028CF1_8D0B_COG,sentinel-1a,2018,8,27,2018-08-27,True,stable_track_and_apr_sep_and_year_2015_2025,IW,VV|VH,,PRIMARY_VVVH,IW mode with VV+VH; primary homogeneous SAR backbone. Use only support points actually covered by each raster.,,
2018-08-27 17:23:23.034294+00:00,ascending,88,S1A_IW_GRDH_1SDV_20180827T172323_20180827T172348_023435_028CF1_C710_COG,sentinel-1a,2018,8,27,2018-08-27,True,stable_track_and_apr_sep_and_year_2015_2025,IW,VV|VH,,PRIMARY_VVVH,IW mode with VV+VH; primary homogeneous SAR backbone. Use only support points actually covered by each raster.,,
2018-08-27 17:23:23.034405+00:00,ascending,88,S1A_IW_GRDH_1SDV_20180827T172323_20180827T172348_023435_028CF1_2FF4_COG,sentinel-1a,2018,8,27,2018-08-27,True,stable_track_and_apr_sep_and_year_2015_2025,IW,VV|VH,,PRIMARY_VVVH,IW mode with VV+VH; primary homogeneous SAR backbone. Use only support points actually covered by each raster.,,
2018-09-02 17:22:08.939495+00:00,ascending,88,S1B_IW_GRDH_1SDV_20180902T172208_20180902T172233_012539_01721C_9731_COG,sentinel-1b,2018,9,2,2018-09-02,True,stable_track_and_apr_sep_and_year_2015_2025,IW,VV|VH,,PRIMARY_VVVH,IW mode with VV+VH; primary homogeneous SAR backbone. Use only support points actually covered by each raster.,,
2018-09-02 17:22:08.939923+00:00,ascending,88,S1B_IW_GRDH_1SDV_20180902T172208_20180902T172233_012539_01721C_5341_COG,sentinel-1b,2018,9,2,2018-09-02,True,stable_track_and_apr_sep_and_year_2015_2025,IW,VV|VH,,PRIMARY_VVVH,IW mode with VV+VH; primary homogeneous SAR backbone. Use only support points actually covered by each raster.,,
2018-09-02 17:22:33.939584+00:00,ascending,88,S1B_IW_GRDH_1SDV_20180902T172233_20180902T172258_012539_01721C_56BD_COG,sentinel-1b,2018,9,2,2018-09-02,True,stable_track_and_apr_sep_and_year_2015_2025,IW,VV|VH,,PRIMARY_VVVH,IW mode with VV+VH; primary homogeneous SAR backbone. Use only support points actually covered by each raster.,,
2018-09-02 17:22:33.939830+00:00,ascending,88,S1B_IW_GRDH_1SDV_20180902T172233_20180902T172258_012539_01721C_8880_COG,sentinel-1b,2018,9,2,2018-09-02,True,stable_track_and_apr_sep_and_year_2015_2025,IW,VV|VH,,PRIMARY_VVVH,IW mode with VV+VH; primary homogeneous SAR backbone. Use only support points actually covered by each raster.,,
2018-09-08 17:22:58.599603+00:00,ascending,88,S1A_IW_GRDH_1SDV_20180908T172258_20180908T172323_023610_02928B_726B_COG,sentinel-1a,2018,9,8,2018-09-08,True,stable_track_and_apr_sep_and_year_2015_2025,IW,VV|VH,,PRIMARY_VVVH,IW mode with VV+VH; primary homogeneous SAR backbone. Use only support points actually covered by each raster.,,
2018-09-08 17:22:58.599622+00:00,ascending,88,S1A_IW_GRDH_1SDV_20180908T172258_20180908T172323_023610_02928B_5FC8_COG,sentinel-1a,2018,9,8,2018-09-08,True,stable_track_and_apr_sep_and_year_2015_2025,IW,VV|VH,,PRIMARY_VVVH,IW mode with VV+VH; primary homogeneous SAR backbone. Use only support points actually covered by each raster.,,
2018-09-08 17:23:23.600155+00:00,ascending,88,S1A_IW_GRDH_1SDV_20180908T172323_20180908T172348_023610_02928B_27E0_COG,sentinel-1a,2018,9,8,2018-09-08,True,stable_track_and_apr_sep_and_year_2015_2025,IW,VV|VH,,PRIMARY_VVVH,IW mode with VV+VH; primary homogeneous SAR backbone. Use only support points actually covered by each raster.,,
2018-09-08 17:23:23.600175+00:00,ascending,88,S1A_IW_GRDH_1SDV_20180908T172323_20180908T172348_023610_02928B_6025_COG,sentinel-1a,2018,9,8,2018-09-08,True,stable_track_and_apr_sep_and_year_2015_2025,IW,VV|VH,,PRIMARY_VVVH,IW mode with VV+VH; primary homogeneous SAR backbone. Use only support points actually covered by each raster.,,
2018-09-14 17:22:09.416455+00:00,ascending,88,S1B_IW_GRDH_1SDV_20180914T172209_20180914T172234_012714_017772_C14B_COG,sentinel-1b,2018,9,14,2018-09-14,True,stable_track_and_apr_sep_and_year_2015_2025,IW,VV|VH,,PRIMARY_VVVH,IW mode with VV+VH; primary homogeneous SAR backbone. Use only support points actually covered by each raster.,,
2018-09-14 17:22:09.416521+00:00,ascending,88,S1B_IW_GRDH_1SDV_20180914T172209_20180914T172234_012714_017772_C553_COG,sentinel-1b,2018,9,14,2018-09-14,True,stable_track_and_apr_sep_and_year_2015_2025,IW,VV|VH,,PRIMARY_VVVH,IW mode with VV+VH; primary homogeneous SAR backbone. Use only support points actually covered by each raster.,,
2018-09-14 17:22:34.416316+00:00,ascending,88,S1B_IW_GRDH_1SDV_20180914T172234_20180914T172259_012714_017772_1F5C_COG,sentinel-1b,2018,9,14,2018-09-14,True,stable_track_and_apr_sep_and_year_2015_2025,IW,VV|VH,,PRIMARY_VVVH,IW mode with VV+VH; primary homogeneous SAR backbone. Use only support points actually covered by each raster.,,
2018-09-14 17:22:34.416387+00:00,ascending,88,S1B_IW_GRDH_1SDV_20180914T172234_20180914T172259_012714_017772_E26D_COG,sentinel-1b,2018,9,14,2018-09-14,True,stable_track_and_apr_sep_and_year_2015_2025,IW,VV|VH,,PRIMARY_VVVH,IW mode with VV+VH; primary homogeneous SAR backbone. Use only support points actually covered by each raster.,,
2018-09-20 17:22:58.913791+00:00,ascending,88,S1A_IW_GRDH_1SDV_20180920T172258_20180920T172323_023785_029829_238E_COG,sentinel-1a,2018,9,20,2018-09-20,True,stable_track_and_apr_sep_and_year_2015_2025,IW,VV|VH,,PRIMARY_VVVH,IW mode with VV+VH; primary homogeneous SAR backbone. Use only support points actually covered by each raster.,,
2018-09-20 17:22:58.913848+00:00,ascending,88,S1A_IW_GRDH_1SDV_20180920T172258_20180920T172323_023785_029829_97FE_COG,sentinel-1a,2018,9,20,2018-09-20,True,stable_track_and_apr_sep_and_year_2015_2025,IW,VV|VH,,PRIMARY_VVVH,IW mode with VV+VH; primary homogeneous SAR backbone. Use only support points actually covered by each raster.,,
2018-09-20 17:23:23.914323+00:00,ascending,88,S1A_IW_GRDH_1SDV_20180920T172323_20180920T172348_023785_029829_9494_COG,sentinel-1a,2018,9,20,2018-09-20,True,stable_track_and_apr_sep_and_year_2015_2025,IW,VV|VH,,PRIMARY_VVVH,IW mode with VV+VH; primary homogeneous SAR backbone. Use only support points actually covered by each raster.,,
2018-09-20 17:23:23.914386+00:00,ascending,88,S1A_IW_GRDH_1SDV_20180920T172323_20180920T172348_023785_029829_A013_COG,sentinel-1a,2018,9,20,2018-09-20,True,stable_track_and_apr_sep_and_year_2015_2025,IW,VV|VH,,PRIMARY_VVVH,IW mode with VV+VH; primary homogeneous SAR backbone. Use only support points actually covered by each raster.,,
2018-09-26 17:22:09.562937+00:00,ascending,88,S1B_IW_GRDH_1SDV_20180926T172209_20180926T172234_012889_017CD5_9B9A_COG,sentinel-1b,2018,9,26,2018-09-26,True,stable_track_and_apr_sep_and_year_2015_2025,IW,VV|VH,,PRIMARY_VVVH,IW mode with VV+VH; primary homogeneous SAR backbone. Use only support points actually covered by each raster.,,
2018-09-26 17:22:09.562972+00:00,ascending,88,S1B_IW_GRDH_1SDV_20180926T172209_20180926T172234_012889_017CD5_F605_COG,sentinel-1b,2018,9,26,2018-09-26,True,stable_track_and_apr_sep_and_year_2015_2025,IW,VV|VH,,PRIMARY_VVVH,IW mode with VV+VH; primary homogeneous SAR backbone. Use only support points actually covered by each raster.,,
2018-09-26 17:22:34.562771+00:00,ascending,88,S1B_IW_GRDH_1SDV_20180926T172234_20180926T172259_012889_017CD5_3288_COG,sentinel-1b,2018,9,26,2018-09-26,True,stable_track_and_apr_sep_and_year_2015_2025,IW,VV|VH,,PRIMARY_VVVH,IW mode with VV+VH; primary homogeneous SAR backbone. Use only support points actually covered by each raster.,,
2018-09-26 17:22:34.562809+00:00,ascending,88,S1B_IW_GRDH_1SDV_20180926T172234_20180926T172259_012889_017CD5_FC37_COG,sentinel-1b,2018,9,26,2018-09-26,True,stable_track_and_apr_sep_and_year_2015_2025,IW,VV|VH,,PRIMARY_VVVH,IW mode with VV+VH; primary homogeneous SAR backbone. Use only support points actually covered by each raster.,,
2018-04-04 05:35:10.521761+00:00,descending,66,S1A_IW_GRDH_1SDV_20180404T053510_20180404T053535_021313_024ACD_C5AD_COG,sentinel-1a,2018,4,4,2018-04-04,True,stable_track_and_apr_sep_and_year_2015_2025,IW,VV|VH,,PRIMARY_VVVH,IW mode with VV+VH; primary homogeneous SAR backbone. Use only support points actually covered by each raster.,,
2018-04-04 05:35:35.520969+00:00,descending,66,S1A_IW_GRDH_1SDV_20180404T053535_20180404T053600_021313_024ACD_D649_COG,sentinel-1a,2018,4,4,2018-04-04,True,stable_track_and_apr_sep_and_year_2015_2025,IW,VV|VH,,PRIMARY_VVVH,IW mode with VV+VH; primary homogeneous SAR backbone. Use only support points actually covered by each raster.,,
2018-04-10 05:34:32.778082+00:00,descending,66,S1B_IW_GRDH_1SDV_20180410T053432_20180410T053457_010417_012F98_2CFD_COG,sentinel-1b,2018,4,10,2018-04-10,True,stable_track_and_apr_sep_and_year_2015_2025,IW,VV|VH,,PRIMARY_VVVH,IW mode with VV+VH; primary homogeneous SAR backbone. Use only support points actually covered by each raster.,,
2018-04-10 05:34:57.778592+00:00,descending,66,S1B_IW_GRDH_1SDV_20180410T053457_20180410T053522_010417_012F98_80DB_COG,sentinel-1b,2018,4,10,2018-04-10,True,stable_track_and_apr_sep_and_year_2015_2025,IW,VV|VH,,PRIMARY_VVVH,IW mode with VV+VH; primary homogeneous SAR backbone. Use only support points actually covered by each raster.,,
2018-04-16 05:35:11.004471+00:00,descending,66,S1A_IW_GRDH_1SDV_20180416T053511_20180416T053536_021488_025042_F14F_COG,sentinel-1a,2018,4,16,2018-04-16,True,stable_track_and_apr_sep_and_year_2015_2025,IW,VV|VH,,PRIMARY_VVVH,IW mode with VV+VH; primary homogeneous SAR backbone. Use only support points actually covered by each raster.,,
2018-04-16 05:35:36.003728+00:00,descending,66,S1A_IW_GRDH_1SDV_20180416T053536_20180416T053601_021488_025042_97DD_COG,sentinel-1a,2018,4,16,2018-04-16,True,stable_track_and_apr_sep_and_year_2015_2025,IW,VV|VH,,PRIMARY_VVVH,IW mode with VV+VH; primary homogeneous SAR backbone. Use only support points actually covered by each raster.,,
2018-04-22 05:34:33.049603+00:00,descending,66,S1B_IW_GRDH_1SDV_20180422T053433_20180422T053458_010592_01352D_E111_COG,sentinel-1b,2018,4,22,2018-04-22,True,stable_track_and_apr_sep_and_year_2015_2025,IW,VV|VH,,PRIMARY_VVVH,IW mode with VV+VH; primary homogeneous SAR backbone. Use only support points actually covered by each raster.,,
2018-04-22 05:34:58.048725+00:00,descending,66,S1B_IW_GRDH_1SDV_20180422T053458_20180422T053523_010592_01352D_21B4_COG,sentinel-1b,2018,4,22,2018-04-22,True,stable_track_and_apr_sep_and_year_2015_2025,IW,VV|VH,,PRIMARY_VVVH,IW mode with VV+VH; primary homogeneous SAR backbone. Use only support points actually covered by each raster.,,
2018-04-28 05:35:11.614336+00:00,descending,66,S1A_IW_GRDH_1SDV_20180428T053511_20180428T053536_021663_0255BA_4B75_COG,sentinel-1a,2018,4,28,2018-04-28,True,stable_track_and_apr_sep_and_year_2015_2025,IW,VV|VH,,PRIMARY_VVVH,IW mode with VV+VH; primary homogeneous SAR backbone. Use only support points actually covered by each raster.,,
2018-04-28 05:35:36.615055+00:00,descending,66,S1A_IW_GRDH_1SDV_20180428T053536_20180428T053601_021663_0255BA_5E7E_COG,sentinel-1a,2018,4,28,2018-04-28,True,stable_track_and_apr_sep_and_year_2015_2025,IW,VV|VH,,PRIMARY_VVVH,IW mode with VV+VH; primary homogeneous SAR backbone. Use only support points actually covered by each raster.,,
2018-05-04 05:34:33.734045+00:00,descending,66,S1B_IW_GRDH_1SDV_20180504T053433_20180504T053458_010767_013AD2_7718_COG,sentinel-1b,2018,5,4,2018-05-04,True,stable_track_and_apr_sep_and_year_2015_2025,IW,VV|VH,,PRIMARY_VVVH,IW mode with VV+VH; primary homogeneous SAR backbone. Use only support points actually covered by each raster.,,
2018-05-04 05:34:58.734647+00:00,descending,66,S1B_IW_GRDH_1SDV_20180504T053458_20180504T053523_010767_013AD2_D678_COG,sentinel-1b,2018,5,4,2018-05-04,True,stable_track_and_apr_sep_and_year_2015_2025,IW,VV|VH,,PRIMARY_VVVH,IW mode with VV+VH; primary homogeneous SAR backbone. Use only support points actually covered by each raster.,,
2018-05-10 05:35:12.194922+00:00,descending,66,S1A_IW_GRDH_1SDV_20180510T053512_20180510T053537_021838_025B48_6934_COG,sentinel-1a,2018,5,10,2018-05-10,True,stable_track_and_apr_sep_and_year_2015_2025,IW,VV|VH,,PRIMARY_VVVH,IW mode with VV+VH; primary homogeneous SAR backbone. Use only support points actually covered by each raster.,,
2018-05-10 05:35:37.194210+00:00,descending,66,S1A_IW_GRDH_1SDV_20180510T053537_20180510T053602_021838_025B48_254C_COG,sentinel-1a,2018,5,10,2018-05-10,True,stable_track_and_apr_sep_and_year_2015_2025,IW,VV|VH,,PRIMARY_VVVH,IW mode with VV+VH; primary homogeneous SAR backbone. Use only support points actually covered by each raster.,,
2018-05-16 05:34:38.716503+00:00,descending,66,S1B_IW_GRDH_1SDV_20180516T053438_20180516T053503_010942_014076_A397_COG,sentinel-1b,2018,5,16,2018-05-16,True,stable_track_and_apr_sep_and_year_2015_2025,IW,VV|VH,,PRIMARY_VVVH,IW mode with VV+VH; primary homogeneous SAR backbone. Use only support points actually covered by each raster.,,
2018-05-22 05:35:12.867436+00:00,descending,66,S1A_IW_GRDH_1SDV_20180522T053512_20180522T053537_022013_0260DD_FE4A_COG,sentinel-1a,2018,5,22,2018-05-22,True,stable_track_and_apr_sep_and_year_2015_2025,IW,VV|VH,,PRIMARY_VVVH,IW mode with VV+VH; primary homogeneous SAR backbone. Use only support points actually covered by each raster.,,
2018-05-22 05:35:37.868179+00:00,descending,66,S1A_IW_GRDH_1SDV_20180522T053537_20180522T053602_022013_0260DD_124A_COG,sentinel-1a,2018,5,22,2018-05-22,True,stable_track_and_apr_sep_and_year_2015_2025,IW,VV|VH,,PRIMARY_VVVH,IW mode with VV+VH; primary homogeneous SAR backbone. Use only support points actually covered by each raster.,,
2018-05-28 05:34:39.494087+00:00,descending,66,S1B_IW_GRDH_1SDV_20180528T053439_20180528T053504_011117_01462B_A8F8_COG,sentinel-1b,2018,5,28,2018-05-28,True,stable_track_and_apr_sep_and_year_2015_2025,IW,VV|VH,,PRIMARY_VVVH,IW mode with VV+VH; primary homogeneous SAR backbone. Use only support points actually covered by each raster.,,
2018-06-03 05:35:13.479593+00:00,descending,66,S1A_IW_GRDH_1SDV_20180603T053513_20180603T053538_022188_026669_27DD_COG,sentinel-1a,2018,6,3,2018-06-03,True,stable_track_and_apr_sep_and_year_2015_2025,IW,VV|VH,,PRIMARY_VVVH,IW mode with VV+VH; primary homogeneous SAR backbone. Use only support points actually covered by each raster.,,
2018-06-03 05:35:38.480407+00:00,descending,66,S1A_IW_GRDH_1SDV_20180603T053538_20180603T053603_022188_026669_A675_COG,sentinel-1a,2018,6,3,2018-06-03,True,stable_track_and_apr_sep_and_year_2015_2025,IW,VV|VH,,PRIMARY_VVVH,IW mode with VV+VH; primary homogeneous SAR backbone. Use only support points actually covered by each raster.,,
2018-06-09 05:34:40.313345+00:00,descending,66,S1B_IW_GRDH_1SDV_20180609T053440_20180609T053505_011292_014BAF_3429_COG,sentinel-1b,2018,6,9,2018-06-09,True,stable_track_and_apr_sep_and_year_2015_2025,IW,VV|VH,,PRIMARY_VVVH,IW mode with VV+VH; primary homogeneous SAR backbone. Use only support points actually covered by each raster.,,
2018-06-15 05:35:14.393212+00:00,descending,66,S1A_IW_GRDH_1SDV_20180615T053514_20180615T053539_022363_026BD7_69F3_COG,sentinel-1a,2018,6,15,2018-06-15,True,stable_track_and_apr_sep_and_year_2015_2025,IW,VV|VH,,PRIMARY_VVVH,IW mode with VV+VH; primary homogeneous SAR backbone. Use only support points actually covered by each raster.,,
2018-06-15 05:35:39.393968+00:00,descending,66,S1A_IW_GRDH_1SDV_20180615T053539_20180615T053604_022363_026BD7_6763_COG,sentinel-1a,2018,6,15,2018-06-15,True,stable_track_and_apr_sep_and_year_2015_2025,IW,VV|VH,,PRIMARY_VVVH,IW mode with VV+VH; primary homogeneous SAR backbone. Use only support points actually covered by each raster.,,
2018-06-21 05:34:41.014129+00:00,descending,66,S1B_IW_GRDH_1SDV_20180621T053441_20180621T053506_011467_015113_DC0C_COG,sentinel-1b,2018,6,21,2018-06-21,True,stable_track_and_apr_sep_and_year_2015_2025,IW,VV|VH,,PRIMARY_VVVH,IW mode with VV+VH; primary homogeneous SAR backbone. Use only support points actually covered by each raster.,,
2018-06-27 05:35:15.057085+00:00,descending,66,S1A_IW_GRDH_1SDV_20180627T053515_20180627T053540_022538_0270FA_9041_COG,sentinel-1a,2018,6,27,2018-06-27,True,stable_track_and_apr_sep_and_year_2015_2025,IW,VV|VH,,PRIMARY_VVVH,IW mode with VV+VH; primary homogeneous SAR backbone. Use only support points actually covered by each raster.,,
2018-06-27 05:35:40.056363+00:00,descending,66,S1A_IW_GRDH_1SDV_20180627T053540_20180627T053605_022538_0270FA_356C_COG,sentinel-1a,2018,6,27,2018-06-27,True,stable_track_and_apr_sep_and_year_2015_2025,IW,VV|VH,,PRIMARY_VVVH,IW mode with VV+VH; primary homogeneous SAR backbone. Use only support points actually covered by each raster.,,
2018-07-03 05:34:41.948236+00:00,descending,66,S1B_IW_GRDH_1SDV_20180703T053441_20180703T053506_011642_01568A_4100_COG,sentinel-1b,2018,7,3,2018-07-03,True,stable_track_and_apr_sep_and_year_2015_2025,IW,VV|VH,,PRIMARY_VVVH,IW mode with VV+VH; primary homogeneous SAR backbone. Use only support points actually covered by each raster.,,
2018-07-09 05:35:15.594286+00:00,descending,66,S1A_IW_GRDH_1SDV_20180709T053515_20180709T053540_022713_027617_31C5_COG,sentinel-1a,2018,7,9,2018-07-09,True,stable_track_and_apr_sep_and_year_2015_2025,IW,VV|VH,,PRIMARY_VVVH,IW mode with VV+VH; primary homogeneous SAR backbone. Use only support points actually covered by each raster.,,
2018-07-09 05:35:40.595009+00:00,descending,66,S1A_IW_GRDH_1SDV_20180709T053540_20180709T053605_022713_027617_9906_COG,sentinel-1a,2018,7,9,2018-07-09,True,stable_track_and_apr_sep_and_year_2015_2025,IW,VV|VH,,PRIMARY_VVVH,IW mode with VV+VH; primary homogeneous SAR backbone. Use only support points actually covered by each raster.,,
2018-07-15 05:34:42.404834+00:00,descending,66,S1B_IW_GRDH_1SDV_20180715T053442_20180715T053507_011817_015BEE_205E_COG,sentinel-1b,2018,7,15,2018-07-15,True,stable_track_and_apr_sep_and_year_2015_2025,IW,VV|VH,,PRIMARY_VVVH,IW mode with VV+VH; primary homogeneous SAR backbone. Use only support points actually covered by each raster.,,
2018-07-21 05:35:16.496137+00:00,descending,66,S1A_IW_GRDH_1SDV_20180721T053516_20180721T053541_022888_027B77_3E78_COG,sentinel-1a,2018,7,21,2018-07-21,True,stable_track_and_apr_sep_and_year_2015_2025,IW,VV|VH,,PRIMARY_VVVH,IW mode with VV+VH; primary homogeneous SAR backbone. Use only support points actually covered by each raster.,,
2018-07-21 05:35:41.496884+00:00,descending,66,S1A_IW_GRDH_1SDV_20180721T053541_20180721T053606_022888_027B77_1894_COG,sentinel-1a,2018,7,21,2018-07-21,True,stable_track_and_apr_sep_and_year_2015_2025,IW,VV|VH,,PRIMARY_VVVH,IW mode with VV+VH; primary homogeneous SAR backbone. Use only support points actually covered by each raster.,,
2018-07-27 05:34:43.282683+00:00,descending,66,S1B_IW_GRDH_1SDV_20180727T053443_20180727T053508_011992_016138_ACCC_COG,sentinel-1b,2018,7,27,2018-07-27,True,stable_track_and_apr_sep_and_year_2015_2025,IW,VV|VH,,PRIMARY_VVVH,IW mode with VV+VH; primary homogeneous SAR backbone. Use only support points actually covered by each raster.,,
2018-08-02 05:35:11.083169+00:00,descending,66,S1A_IW_GRDH_1SDV_20180802T053511_20180802T053536_023063_0280FC_D8A2_COG,sentinel-1a,2018,8,2,2018-08-02,True,stable_track_and_apr_sep_and_year_2015_2025,IW,VV|VH,,PRIMARY_VVVH,IW mode with VV+VH; primary homogeneous SAR backbone. Use only support points actually covered by each raster.,,
2018-08-02 05:35:17.020741+00:00,descending,66,S1A_IW_GRDH_1SDV_20180802T053517_20180802T053542_023063_0280FC_4255_COG,sentinel-1a,2018,8,2,2018-08-02,True,stable_track_and_apr_sep_and_year_2015_2025,IW,VV|VH,,PRIMARY_VVVH,IW mode with VV+VH; primary homogeneous SAR backbone. Use only support points actually covered by each raster.,,
2018-08-02 05:35:36.083240+00:00,descending,66,S1A_IW_GRDH_1SDV_20180802T053536_20180802T053601_023063_0280FC_E192_COG,sentinel-1a,2018,8,2,2018-08-02,True,stable_track_and_apr_sep_and_year_2015_2025,IW,VV|VH,,PRIMARY_VVVH,IW mode with VV+VH; primary homogeneous SAR backbone. Use only support points actually covered by each raster.,,
2018-08-02 05:35:42.021552+00:00,descending,66,S1A_IW_GRDH_1SDV_20180802T053542_20180802T053607_023063_0280FC_BB6C_COG,sentinel-1a,2018,8,2,2018-08-02,True,stable_track_and_apr_sep_and_year_2015_2025,IW,VV|VH,,PRIMARY_VVVH,IW mode with VV+VH; primary homogeneous SAR backbone. Use only support points actually covered by each raster.,,
2018-08-08 05:34:25.960204+00:00,descending,66,S1B_IW_GRDH_1SDV_20180808T053425_20180808T053450_012167_01668A_407C_COG,sentinel-1b,2018,8,8,2018-08-08,True,stable_track_and_apr_sep_and_year_2015_2025,IW,VV|VH,,PRIMARY_VVVH,IW mode with VV+VH; primary homogeneous SAR backbone. Use only support points actually covered by each raster.,,
2018-08-08 05:34:43.679003+00:00,descending,66,S1B_IW_GRDH_1SDV_20180808T053443_20180808T053508_012167_01668A_0513_COG,sentinel-1b,2018,8,8,2018-08-08,True,stable_track_and_apr_sep_and_year_2015_2025,IW,VV|VH,,PRIMARY_VVVH,IW mode with VV+VH; primary homogeneous SAR backbone. Use only support points actually covered by each raster.,,
2018-08-08 05:34:50.960086+00:00,descending,66,S1B_IW_GRDH_1SDV_20180808T053450_20180808T053515_012167_01668A_9B1E_COG,sentinel-1b,2018,8,8,2018-08-08,True,stable_track_and_apr_sep_and_year_2015_2025,IW,VV|VH,,PRIMARY_VVVH,IW mode with VV+VH; primary homogeneous SAR backbone. Use only support points actually covered by each raster.,,
2018-08-14 05:35:10.746728+00:00,descending,66,S1A_IW_GRDH_1SDV_20180814T053510_20180814T053535_023238_02869A_8A46_COG,sentinel-1a,2018,8,14,2018-08-14,True,stable_track_and_apr_sep_and_year_2015_2025,IW,VV|VH,,PRIMARY_VVVH,IW mode with VV+VH; primary homogeneous SAR backbone. Use only support points actually covered by each raster.,,
2018-08-14 05:35:17.833220+00:00,descending,66,S1A_IW_GRDH_1SDV_20180814T053517_20180814T053542_023238_02869A_A9F7_COG,sentinel-1a,2018,8,14,2018-08-14,True,stable_track_and_apr_sep_and_year_2015_2025,IW,VV|VH,,PRIMARY_VVVH,IW mode with VV+VH; primary homogeneous SAR backbone. Use only support points actually covered by each raster.,,
2018-08-14 05:35:35.746333+00:00,descending,66,S1A_IW_GRDH_1SDV_20180814T053535_20180814T053600_023238_02869A_6BB8_COG,sentinel-1a,2018,8,14,2018-08-14,True,stable_track_and_apr_sep_and_year_2015_2025,IW,VV|VH,,PRIMARY_VVVH,IW mode with VV+VH; primary homogeneous SAR backbone. Use only support points actually covered by each raster.,,
2018-08-14 05:35:42.833967+00:00,descending,66,S1A_IW_GRDH_1SDV_20180814T053542_20180814T053607_023238_02869A_507E_COG,sentinel-1a,2018,8,14,2018-08-14,True,stable_track_and_apr_sep_and_year_2015_2025,IW,VV|VH,,PRIMARY_VVVH,IW mode with VV+VH; primary homogeneous SAR backbone. Use only support points actually covered by each raster.,,
2018-08-20 05:34:44.679145+00:00,descending,66,S1B_IW_GRDH_1SDV_20180820T053444_20180820T053509_012342_016C01_0DA4_COG,sentinel-1b,2018,8,20,2018-08-20,True,stable_track_and_apr_sep_and_year_2015_2025,IW,VV|VH,,PRIMARY_VVVH,IW mode with VV+VH; primary homogeneous SAR backbone. Use only support points actually covered by each raster.,,
2018-08-20 05:34:50.917222+00:00,descending,66,S1B_IW_GRDH_1SDV_20180820T053450_20180820T053515_012342_016C01_7D8D_COG,sentinel-1b,2018,8,20,2018-08-20,True,stable_track_and_apr_sep_and_year_2015_2025,IW,VV|VH,,PRIMARY_VVVH,IW mode with VV+VH; primary homogeneous SAR backbone. Use only support points actually covered by each raster.,,
2018-08-26 05:35:10.789067+00:00,descending,66,S1A_IW_GRDH_1SDV_20180826T053510_20180826T053535_023413_028C38_06C0_COG,sentinel-1a,2018,8,26,2018-08-26,True,stable_track_and_apr_sep_and_year_2015_2025,IW,VV|VH,,PRIMARY_VVVH,IW mode with VV+VH; primary homogeneous SAR backbone. Use only support points actually covered by each raster.,,
2018-08-26 05:35:18.534632+00:00,descending,66,S1A_IW_GRDH_1SDV_20180826T053518_20180826T053543_023413_028C38_BAD4_COG,sentinel-1a,2018,8,26,2018-08-26,True,stable_track_and_apr_sep_and_year_2015_2025,IW,VV|VH,,PRIMARY_VVVH,IW mode with VV+VH; primary homogeneous SAR backbone. Use only support points actually covered by each raster.,,
2018-08-26 05:35:35.788821+00:00,descending,66,S1A_IW_GRDH_1SDV_20180826T053535_20180826T053600_023413_028C38_F7BB_COG,sentinel-1a,2018,8,26,2018-08-26,True,stable_track_and_apr_sep_and_year_2015_2025,IW,VV|VH,,PRIMARY_VVVH,IW mode with VV+VH; primary homogeneous SAR backbone. Use only support points actually covered by each raster.,,
2018-08-26 05:35:43.535357+00:00,descending,66,S1A_IW_GRDH_1SDV_20180826T053543_20180826T053608_023413_028C38_2249_COG,sentinel-1a,2018,8,26,2018-08-26,True,stable_track_and_apr_sep_and_year_2015_2025,IW,VV|VH,,PRIMARY_VVVH,IW mode with VV+VH; primary homogeneous SAR backbone. Use only support points actually covered by each raster.,,
2018-09-01 05:34:45.123411+00:00,descending,66,S1B_IW_GRDH_1SDV_20180901T053445_20180901T053510_012517_017168_0AB9_COG,sentinel-1b,2018,9,1,2018-09-01,True,stable_track_and_apr_sep_and_year_2015_2025,IW,VV|VH,,PRIMARY_VVVH,IW mode with VV+VH; primary homogeneous SAR backbone. Use only support points actually covered by each raster.,,
2018-09-01 05:34:50.999728+00:00,descending,66,S1B_IW_GRDH_1SDV_20180901T053450_20180901T053515_012517_017168_1D99_COG,sentinel-1b,2018,9,1,2018-09-01,True,stable_track_and_apr_sep_and_year_2015_2025,IW,VV|VH,,PRIMARY_VVVH,IW mode with VV+VH; primary homogeneous SAR backbone. Use only support points actually covered by each raster.,,
2018-09-07 05:35:10.938260+00:00,descending,66,S1A_IW_GRDH_1SDV_20180907T053510_20180907T053535_023588_0291CF_D966_COG,sentinel-1a,2018,9,7,2018-09-07,True,stable_track_and_apr_sep_and_year_2015_2025,IW,VV|VH,,PRIMARY_VVVH,IW mode with VV+VH; primary homogeneous SAR backbone. Use only support points actually covered by each raster.,,
2018-09-07 05:35:19.188146+00:00,descending,66,S1A_IW_GRDH_1SDV_20180907T053519_20180907T053544_023588_0291CF_89E3_COG,sentinel-1a,2018,9,7,2018-09-07,True,stable_track_and_apr_sep_and_year_2015_2025,IW,VV|VH,,PRIMARY_VVVH,IW mode with VV+VH; primary homogeneous SAR backbone. Use only support points actually covered by each raster.,,
2018-09-07 05:35:35.938027+00:00,descending,66,S1A_IW_GRDH_1SDV_20180907T053535_20180907T053600_023588_0291CF_64AD_COG,sentinel-1a,2018,9,7,2018-09-07,True,stable_track_and_apr_sep_and_year_2015_2025,IW,VV|VH,,PRIMARY_VVVH,IW mode with VV+VH; primary homogeneous SAR backbone. Use only support points actually covered by each raster.,,
2018-09-07 05:35:44.188878+00:00,descending,66,S1A_IW_GRDH_1SDV_20180907T053544_20180907T053609_023588_0291CF_B6D5_COG,sentinel-1a,2018,9,7,2018-09-07,True,stable_track_and_apr_sep_and_year_2015_2025,IW,VV|VH,,PRIMARY_VVVH,IW mode with VV+VH; primary homogeneous SAR backbone. Use only support points actually covered by each raster.,,
2018-09-13 05:34:45.641032+00:00,descending,66,S1B_IW_GRDH_1SDV_20180913T053445_20180913T053510_012692_0176C0_0603_COG,sentinel-1b,2018,9,13,2018-09-13,True,stable_track_and_apr_sep_and_year_2015_2025,IW,VV|VH,,PRIMARY_VVVH,IW mode with VV+VH; primary homogeneous SAR backbone. Use only support points actually covered by each raster.,,
2018-09-13 05:34:51.037984+00:00,descending,66,S1B_IW_GRDH_1SDV_20180913T053451_20180913T053516_012692_0176C0_0789_COG,sentinel-1b,2018,9,13,2018-09-13,True,stable_track_and_apr_sep_and_year_2015_2025,IW,VV|VH,,PRIMARY_VVVH,IW mode with VV+VH; primary homogeneous SAR backbone. Use only support points actually covered by each raster.,,
2018-09-19 05:35:10.888504+00:00,descending,66,S1A_IW_GRDH_1SDV_20180919T053510_20180919T053535_023763_029771_0A42_COG,sentinel-1a,2018,9,19,2018-09-19,True,stable_track_and_apr_sep_and_year_2015_2025,IW,VV|VH,,PRIMARY_VVVH,IW mode with VV+VH; primary homogeneous SAR backbone. Use only support points actually covered by each raster.,,
2018-09-19 05:35:19.498984+00:00,descending,66,S1A_IW_GRDH_1SDV_20180919T053519_20180919T053544_023763_029771_1278_COG,sentinel-1a,2018,9,19,2018-09-19,True,stable_track_and_apr_sep_and_year_2015_2025,IW,VV|VH,,PRIMARY_VVVH,IW mode with VV+VH; primary homogeneous SAR backbone. Use only support points actually covered by each raster.,,
2018-09-19 05:35:35.887656+00:00,descending,66,S1A_IW_GRDH_1SDV_20180919T053535_20180919T053600_023763_029771_8D7A_COG,sentinel-1a,2018,9,19,2018-09-19,True,stable_track_and_apr_sep_and_year_2015_2025,IW,VV|VH,,PRIMARY_VVVH,IW mode with VV+VH; primary homogeneous SAR backbone. Use only support points actually covered by each raster.,,
2018-09-19 05:35:44.498314+00:00,descending,66,S1A_IW_GRDH_1SDV_20180919T053544_20180919T053609_023763_029771_7567_COG,sentinel-1a,2018,9,19,2018-09-19,True,stable_track_and_apr_sep_and_year_2015_2025,IW,VV|VH,,PRIMARY_VVVH,IW mode with VV+VH; primary homogeneous SAR backbone. Use only support points actually covered by each raster.,,
2018-09-25 05:34:45.878269+00:00,descending,66,S1B_IW_GRDH_1SDV_20180925T053445_20180925T053510_012867_017C25_202E_COG,sentinel-1b,2018,9,25,2018-09-25,True,stable_track_and_apr_sep_and_year_2015_2025,IW,VV|VH,,PRIMARY_VVVH,IW mode with VV+VH; primary homogeneous SAR backbone. Use only support points actually covered by each raster.,,
2018-09-25 05:34:50.745823+00:00,descending,66,S1B_IW_GRDH_1SDV_20180925T053450_20180925T053515_012867_017C25_1ADC_COG,sentinel-1b,2018,9,25,2018-09-25,True,stable_track_and_apr_sep_and_year_2015_2025,IW,VV|VH,,PRIMARY_VVVH,IW mode with VV+VH; primary homogeneous SAR backbone. Use only support points actually covered by each raster.,,
2018-04-05 05:26:27.651868+00:00,descending,168,S1B_IW_GRDH_1SDV_20180405T052627_20180405T052652_010344_012D43_55F6_COG,sentinel-1b,2018,4,5,2018-04-05,True,stable_track_and_apr_sep_and_year_2015_2025,IW,VV|VH,,PRIMARY_VVVH,IW mode with VV+VH; primary homogeneous SAR backbone. Use only support points actually covered by each raster.,,
2018-04-11 05:26:58.138772+00:00,descending,168,S1A_IW_GRDH_1SDV_20180411T052658_20180411T052723_021415_024DEE_7135_COG,sentinel-1a,2018,4,11,2018-04-11,True,stable_track_and_apr_sep_and_year_2015_2025,IW,VV|VH,,PRIMARY_VVVH,IW mode with VV+VH; primary homogeneous SAR backbone. Use only support points actually covered by each raster.,,
2018-04-11 05:27:23.139431+00:00,descending,168,S1A_IW_GRDH_1SDV_20180411T052723_20180411T052748_021415_024DEE_ACD7_COG,sentinel-1a,2018,4,11,2018-04-11,True,stable_track_and_apr_sep_and_year_2015_2025,IW,VV|VH,,PRIMARY_VVVH,IW mode with VV+VH; primary homogeneous SAR backbone. Use only support points actually covered by each raster.,,
2018-04-17 05:26:27.834194+00:00,descending,168,S1B_IW_GRDH_1SDV_20180417T052627_20180417T052652_010519_0132DA_56C5_COG,sentinel-1b,2018,4,17,2018-04-17,True,stable_track_and_apr_sep_and_year_2015_2025,IW,VV|VH,,PRIMARY_VVVH,IW mode with VV+VH; primary homogeneous SAR backbone. Use only support points actually covered by each raster.,,
2018-04-23 05:26:58.632448+00:00,descending,168,S1A_IW_GRDH_1SDV_20180423T052658_20180423T052723_021590_025363_3FC8_COG,sentinel-1a,2018,4,23,2018-04-23,True,stable_track_and_apr_sep_and_year_2015_2025,IW,VV|VH,,PRIMARY_VVVH,IW mode with VV+VH; primary homogeneous SAR backbone. Use only support points actually covered by each raster.,,
2018-04-23 05:27:23.631647+00:00,descending,168,S1A_IW_GRDH_1SDV_20180423T052723_20180423T052748_021590_025363_DB6B_COG,sentinel-1a,2018,4,23,2018-04-23,True,stable_track_and_apr_sep_and_year_2015_2025,IW,VV|VH,,PRIMARY_VVVH,IW mode with VV+VH; primary homogeneous SAR backbone. Use only support points actually covered by each raster.,,
2018-04-29 05:26:28.501647+00:00,descending,168,S1B_IW_GRDH_1SDV_20180429T052628_20180429T052653_010694_013876_0B1A_COG,sentinel-1b,2018,4,29,2018-04-29,True,stable_track_and_apr_sep_and_year_2015_2025,IW,VV|VH,,PRIMARY_VVVH,IW mode with VV+VH; primary homogeneous SAR backbone. Use only support points actually covered by each raster.,,
2018-05-05 05:26:59.148127+00:00,descending,168,S1A_IW_GRDH_1SDV_20180505T052659_20180505T052724_021765_0258EB_1451_COG,sentinel-1a,2018,5,5,2018-05-05,True,stable_track_and_apr_sep_and_year_2015_2025,IW,VV|VH,,PRIMARY_VVVH,IW mode with VV+VH; primary homogeneous SAR backbone. Use only support points actually covered by each raster.,,
2018-05-05 05:27:24.148871+00:00,descending,168,S1A_IW_GRDH_1SDV_20180505T052724_20180505T052749_021765_0258EB_B7F7_COG,sentinel-1a,2018,5,5,2018-05-05,True,stable_track_and_apr_sep_and_year_2015_2025,IW,VV|VH,,PRIMARY_VVVH,IW mode with VV+VH; primary homogeneous SAR backbone. Use only support points actually covered by each raster.,,
2018-05-11 05:26:29.009171+00:00,descending,168,S1B_IW_GRDH_1SDV_20180511T052629_20180511T052654_010869_013E1D_CD8C_COG,sentinel-1b,2018,5,11,2018-05-11,True,stable_track_and_apr_sep_and_year_2015_2025,IW,VV|VH,,PRIMARY_VVVH,IW mode with VV+VH; primary homogeneous SAR backbone. Use only support points actually covered by each raster.,,
2018-05-17 05:26:59.788375+00:00,descending,168,S1A_IW_GRDH_1SDV_20180517T052659_20180517T052724_021940_025E79_23B5_COG,sentinel-1a,2018,5,17,2018-05-17,True,stable_track_and_apr_sep_and_year_2015_2025,IW,VV|VH,,PRIMARY_VVVH,IW mode with VV+VH; primary homogeneous SAR backbone. Use only support points actually covered by each raster.,,
2018-05-17 05:27:24.787652+00:00,descending,168,S1A_IW_GRDH_1SDV_20180517T052724_20180517T052749_021940_025E79_6666_COG,sentinel-1a,2018,5,17,2018-05-17,True,stable_track_and_apr_sep_and_year_2015_2025,IW,VV|VH,,PRIMARY_VVVH,IW mode with VV+VH; primary homogeneous SAR backbone. Use only support points actually covered by each raster.,,
2018-05-23 05:26:29.791180+00:00,descending,168,S1B_IW_GRDH_1SDV_20180523T052629_20180523T052654_011044_0143CC_1A78_COG,sentinel-1b,2018,5,23,2018-05-23,True,stable_track_and_apr_sep_and_year_2015_2025,IW,VV|VH,,PRIMARY_VVVH,IW mode with VV+VH; primary homogeneous SAR backbone. Use only support points actually covered by each raster.,,
2018-05-29 05:27:00.454968+00:00,descending,168,S1A_IW_GRDH_1SDV_20180529T052700_20180529T052725_022115_026419_45E0_COG,sentinel-1a,2018,5,29,2018-05-29,True,stable_track_and_apr_sep_and_year_2015_2025,IW,VV|VH,,PRIMARY_VVVH,IW mode with VV+VH; primary homogeneous SAR backbone. Use only support points actually covered by each raster.,,
2018-05-29 05:27:25.455733+00:00,descending,168,S1A_IW_GRDH_1SDV_20180529T052725_20180529T052750_022115_026419_9D5E_COG,sentinel-1a,2018,5,29,2018-05-29,True,stable_track_and_apr_sep_and_year_2015_2025,IW,VV|VH,,PRIMARY_VVVH,IW mode with VV+VH; primary homogeneous SAR backbone. Use only support points actually covered by each raster.,,
2018-06-04 05:26:27.160579+00:00,descending,168,S1B_IW_GRDH_1SDV_20180604T052627_20180604T052652_011219_014975_C84A_COG,sentinel-1b,2018,6,4,2018-06-04,True,stable_track_and_apr_sep_and_year_2015_2025,IW,VV|VH,,PRIMARY_VVVH,IW mode with VV+VH; primary homogeneous SAR backbone. Use only support points actually covered by each raster.,,
2018-06-10 05:27:01.312614+00:00,descending,168,S1A_IW_GRDH_1SDV_20180610T052701_20180610T052726_022290_026990_C1DC_COG,sentinel-1a,2018,6,10,2018-06-10,True,stable_track_and_apr_sep_and_year_2015_2025,IW,VV|VH,,PRIMARY_VVVH,IW mode with VV+VH; primary homogeneous SAR backbone. Use only support points actually covered by each raster.,,
2018-06-10 05:27:26.311894+00:00,descending,168,S1A_IW_GRDH_1SDV_20180610T052726_20180610T052751_022290_026990_60FA_COG,sentinel-1a,2018,6,10,2018-06-10,True,stable_track_and_apr_sep_and_year_2015_2025,IW,VV|VH,,PRIMARY_VVVH,IW mode with VV+VH; primary homogeneous SAR backbone. Use only support points actually covered by each raster.,,
2018-06-16 05:26:28.096597+00:00,descending,168,S1B_IW_GRDH_1SDV_20180616T052628_20180616T052653_011394_014ECE_1E59_COG,sentinel-1b,2018,6,16,2018-06-16,True,stable_track_and_apr_sep_and_year_2015_2025,IW,VV|VH,,PRIMARY_VVVH,IW mode with VV+VH; primary homogeneous SAR backbone. Use only support points actually covered by each raster.,,
2018-06-22 05:27:02.015619+00:00,descending,168,S1A_IW_GRDH_1SDV_20180622T052702_20180622T052727_022465_026ED9_BB55_COG,sentinel-1a,2018,6,22,2018-06-22,True,stable_track_and_apr_sep_and_year_2015_2025,IW,VV|VH,,PRIMARY_VVVH,IW mode with VV+VH; primary homogeneous SAR backbone. Use only support points actually covered by each raster.,,
2018-06-22 05:27:27.016439+00:00,descending,168,S1A_IW_GRDH_1SDV_20180622T052727_20180622T052752_022465_026ED9_AD48_COG,sentinel-1a,2018,6,22,2018-06-22,True,stable_track_and_apr_sep_and_year_2015_2025,IW,VV|VH,,PRIMARY_VVVH,IW mode with VV+VH; primary homogeneous SAR backbone. Use only support points actually covered by each raster.,,
2018-06-28 05:26:28.713583+00:00,descending,168,S1B_IW_GRDH_1SDV_20180628T052628_20180628T052653_011569_01543E_FED9_COG,sentinel-1b,2018,6,28,2018-06-28,True,stable_track_and_apr_sep_and_year_2015_2025,IW,VV|VH,,PRIMARY_VVVH,IW mode with VV+VH; primary homogeneous SAR backbone. Use only support points actually covered by each raster.,,
2018-07-04 05:27:02.472272+00:00,descending,168,S1A_IW_GRDH_1SDV_20180704T052702_20180704T052727_022640_0273F3_77E9_COG,sentinel-1a,2018,7,4,2018-07-04,True,stable_track_and_apr_sep_and_year_2015_2025,IW,VV|VH,,PRIMARY_VVVH,IW mode with VV+VH; primary homogeneous SAR backbone. Use only support points actually covered by each raster.,,
2018-07-04 05:27:27.471547+00:00,descending,168,S1A_IW_GRDH_1SDV_20180704T052727_20180704T052752_022640_0273F3_2E8F_COG,sentinel-1a,2018,7,4,2018-07-04,True,stable_track_and_apr_sep_and_year_2015_2025,IW,VV|VH,,PRIMARY_VVVH,IW mode with VV+VH; primary homogeneous SAR backbone. Use only support points actually covered by each raster.,,
2018-07-10 05:26:20.769820+00:00,descending,168,S1B_IW_GRDH_1SDV_20180710T052620_20180710T052645_011744_0159AE_7ABF_COG,sentinel-1b,2018,7,10,2018-07-10,True,stable_track_and_apr_sep_and_year_2015_2025,IW,VV|VH,,PRIMARY_VVVH,IW mode with VV+VH; primary homogeneous SAR backbone. Use only support points actually covered by each raster.,,
2018-07-10 05:26:45.769507+00:00,descending,168,S1B_IW_GRDH_1SDV_20180710T052645_20180710T052710_011744_0159AE_84E7_COG,sentinel-1b,2018,7,10,2018-07-10,True,stable_track_and_apr_sep_and_year_2015_2025,IW,VV|VH,,PRIMARY_VVVH,IW mode with VV+VH; primary homogeneous SAR backbone. Use only support points actually covered by each raster.,,
2018-07-16 05:27:03.413168+00:00,descending,168,S1A_IW_GRDH_1SDV_20180716T052703_20180716T052728_022815_02793C_3B3C_COG,sentinel-1a,2018,7,16,2018-07-16,True,stable_track_and_apr_sep_and_year_2015_2025,IW,VV|VH,,PRIMARY_VVVH,IW mode with VV+VH; primary homogeneous SAR backbone. Use only support points actually covered by each raster.,,
2018-07-16 05:27:28.412435+00:00,descending,168,S1A_IW_GRDH_1SDV_20180716T052728_20180716T052753_022815_02793C_B4AF_COG,sentinel-1a,2018,7,16,2018-07-16,True,stable_track_and_apr_sep_and_year_2015_2025,IW,VV|VH,,PRIMARY_VVVH,IW mode with VV+VH; primary homogeneous SAR backbone. Use only support points actually covered by each raster.,,
2018-07-22 05:26:21.804968+00:00,descending,168,S1B_IW_GRDH_1SDV_20180722T052621_20180722T052646_011919_015F08_F3F0_COG,sentinel-1b,2018,7,22,2018-07-22,True,stable_track_and_apr_sep_and_year_2015_2025,IW,VV|VH,,PRIMARY_VVVH,IW mode with VV+VH; primary homogeneous SAR backbone. Use only support points actually covered by each raster.,,
2018-07-22 05:26:46.804639+00:00,descending,168,S1B_IW_GRDH_1SDV_20180722T052646_20180722T052711_011919_015F08_1ADF_COG,sentinel-1b,2018,7,22,2018-07-22,True,stable_track_and_apr_sep_and_year_2015_2025,IW,VV|VH,,PRIMARY_VVVH,IW mode with VV+VH; primary homogeneous SAR backbone. Use only support points actually covered by each raster.,,
2018-07-28 05:27:04.091672+00:00,descending,168,S1A_IW_GRDH_1SDV_20180728T052704_20180728T052729_022990_027EC5_27E6_COG,sentinel-1a,2018,7,28,2018-07-28,True,stable_track_and_apr_sep_and_year_2015_2025,IW,VV|VH,,PRIMARY_VVVH,IW mode with VV+VH; primary homogeneous SAR backbone. Use only support points actually covered by each raster.,,
2018-07-28 05:27:29.092390+00:00,descending,168,S1A_IW_GRDH_1SDV_20180728T052729_20180728T052754_022990_027EC5_19E2_COG,sentinel-1a,2018,7,28,2018-07-28,True,stable_track_and_apr_sep_and_year_2015_2025,IW,VV|VH,,PRIMARY_VVVH,IW mode with VV+VH; primary homogeneous SAR backbone. Use only support points actually covered by each raster.,,
2018-08-03 05:26:22.312476+00:00,descending,168,S1B_IW_GRDH_1SDV_20180803T052622_20180803T052647_012094_01644D_3837_COG,sentinel-1b,2018,8,3,2018-08-03,True,stable_track_and_apr_sep_and_year_2015_2025,IW,VV|VH,,PRIMARY_VVVH,IW mode with VV+VH; primary homogeneous SAR backbone. Use only support points actually covered by each raster.,,
2018-08-03 05:26:33.076965+00:00,descending,168,S1B_IW_GRDH_1SDV_20180803T052633_20180803T052658_012094_01644D_7BDD_COG,sentinel-1b,2018,8,3,2018-08-03,True,stable_track_and_apr_sep_and_year_2015_2025,IW,VV|VH,,PRIMARY_VVVH,IW mode with VV+VH; primary homogeneous SAR backbone. Use only support points actually covered by each raster.,,
2018-08-03 05:26:47.312287+00:00,descending,168,S1B_IW_GRDH_1SDV_20180803T052647_20180803T052712_012094_01644D_81BE_COG,sentinel-1b,2018,8,3,2018-08-03,True,stable_track_and_apr_sep_and_year_2015_2025,IW,VV|VH,,PRIMARY_VVVH,IW mode with VV+VH; primary homogeneous SAR backbone. Use only support points actually covered by each raster.,,
2018-08-09 05:27:04.742127+00:00,descending,168,S1A_IW_GRDH_1SDV_20180809T052704_20180809T052729_023165_02843F_0EB8_COG,sentinel-1a,2018,8,9,2018-08-09,True,stable_track_and_apr_sep_and_year_2015_2025,IW,VV|VH,,PRIMARY_VVVH,IW mode with VV+VH; primary homogeneous SAR backbone. Use only support points actually covered by each raster.,,
2018-08-09 05:27:18.025097+00:00,descending,168,S1A_IW_GRDH_1SDV_20180809T052718_20180809T052743_023165_02843F_9E22_COG,sentinel-1a,2018,8,9,2018-08-09,True,stable_track_and_apr_sep_and_year_2015_2025,IW,VV|VH,,PRIMARY_VVVH,IW mode with VV+VH; primary homogeneous SAR backbone. Use only support points actually covered by each raster.,,
2018-08-09 05:27:29.742926+00:00,descending,168,S1A_IW_GRDH_1SDV_20180809T052729_20180809T052754_023165_02843F_BE9A_COG,sentinel-1a,2018,8,9,2018-08-09,True,stable_track_and_apr_sep_and_year_2015_2025,IW,VV|VH,,PRIMARY_VVVH,IW mode with VV+VH; primary homogeneous SAR backbone. Use only support points actually covered by each raster.,,
2018-08-15 05:26:22.959597+00:00,descending,168,S1B_IW_GRDH_1SDV_20180815T052622_20180815T052647_012269_0169B5_B1ED_COG,sentinel-1b,2018,8,15,2018-08-15,True,stable_track_and_apr_sep_and_year_2015_2025,IW,VV|VH,,PRIMARY_VVVH,IW mode with VV+VH; primary homogeneous SAR backbone. Use only support points actually covered by each raster.,,
2018-08-15 05:26:32.830990+00:00,descending,168,S1B_IW_GRDH_1SDV_20180815T052632_20180815T052657_012269_0169B5_FFBA_COG,sentinel-1b,2018,8,15,2018-08-15,True,stable_track_and_apr_sep_and_year_2015_2025,IW,VV|VH,,PRIMARY_VVVH,IW mode with VV+VH; primary homogeneous SAR backbone. Use only support points actually covered by each raster.,,
2018-08-15 05:26:47.959390+00:00,descending,168,S1B_IW_GRDH_1SDV_20180815T052647_20180815T052712_012269_0169B5_4034_COG,sentinel-1b,2018,8,15,2018-08-15,True,stable_track_and_apr_sep_and_year_2015_2025,IW,VV|VH,,PRIMARY_VVVH,IW mode with VV+VH; primary homogeneous SAR backbone. Use only support points actually covered by each raster.,,
2018-08-21 05:27:05.448298+00:00,descending,168,S1A_IW_GRDH_1SDV_20180821T052705_20180821T052730_023340_0289E6_A7E9_COG,sentinel-1a,2018,8,21,2018-08-21,True,stable_track_and_apr_sep_and_year_2015_2025,IW,VV|VH,,PRIMARY_VVVH,IW mode with VV+VH; primary homogeneous SAR backbone. Use only support points actually covered by each raster.,,
2018-08-21 05:27:17.932791+00:00,descending,168,S1A_IW_GRDH_1SDV_20180821T052717_20180821T052742_023340_0289E6_C0B6_COG,sentinel-1a,2018,8,21,2018-08-21,True,stable_track_and_apr_sep_and_year_2015_2025,IW,VV|VH,,PRIMARY_VVVH,IW mode with VV+VH; primary homogeneous SAR backbone. Use only support points actually covered by each raster.,,
2018-08-21 05:27:30.449020+00:00,descending,168,S1A_IW_GRDH_1SDV_20180821T052730_20180821T052755_023340_0289E6_59DB_COG,sentinel-1a,2018,8,21,2018-08-21,True,stable_track_and_apr_sep_and_year_2015_2025,IW,VV|VH,,PRIMARY_VVVH,IW mode with VV+VH; primary homogeneous SAR backbone. Use only support points actually covered by each raster.,,
2018-08-27 05:26:23.595157+00:00,descending,168,S1B_IW_GRDH_1SDV_20180827T052623_20180827T052648_012444_016F26_ADF8_COG,sentinel-1b,2018,8,27,2018-08-27,True,stable_track_and_apr_sep_and_year_2015_2025,IW,VV|VH,,PRIMARY_VVVH,IW mode with VV+VH; primary homogeneous SAR backbone. Use only support points actually covered by each raster.,,
2018-08-27 05:26:32.889708+00:00,descending,168,S1B_IW_GRDH_1SDV_20180827T052632_20180827T052657_012444_016F26_A5AB_COG,sentinel-1b,2018,8,27,2018-08-27,True,stable_track_and_apr_sep_and_year_2015_2025,IW,VV|VH,,PRIMARY_VVVH,IW mode with VV+VH; primary homogeneous SAR backbone. Use only support points actually covered by each raster.,,
2018-08-27 05:26:48.596369+00:00,descending,168,S1B_IW_GRDH_1SDV_20180827T052648_20180827T052713_012444_016F26_AACA_COG,sentinel-1b,2018,8,27,2018-08-27,True,stable_track_and_apr_sep_and_year_2015_2025,IW,VV|VH,,PRIMARY_VVVH,IW mode with VV+VH; primary homogeneous SAR backbone. Use only support points actually covered by each raster.,,
2018-09-02 05:27:06.245077+00:00,descending,168,S1A_IW_GRDH_1SDV_20180902T052706_20180902T052731_023515_028F75_FD0E_COG,sentinel-1a,2018,9,2,2018-09-02,True,stable_track_and_apr_sep_and_year_2015_2025,IW,VV|VH,,PRIMARY_VVVH,IW mode with VV+VH; primary homogeneous SAR backbone. Use only support points actually covered by each raster.,,
2018-09-02 05:27:17.941714+00:00,descending,168,S1A_IW_GRDH_1SDV_20180902T052717_20180902T052742_023515_028F75_871A_COG,sentinel-1a,2018,9,2,2018-09-02,True,stable_track_and_apr_sep_and_year_2015_2025,IW,VV|VH,,PRIMARY_VVVH,IW mode with VV+VH; primary homogeneous SAR backbone. Use only support points actually covered by each raster.,,
2018-09-02 05:27:31.245826+00:00,descending,168,S1A_IW_GRDH_1SDV_20180902T052731_20180902T052756_023515_028F75_403F_COG,sentinel-1a,2018,9,2,2018-09-02,True,stable_track_and_apr_sep_and_year_2015_2025,IW,VV|VH,,PRIMARY_VVVH,IW mode with VV+VH; primary homogeneous SAR backbone. Use only support points actually covered by each raster.,,
2018-09-08 05:26:24.169552+00:00,descending,168,S1B_IW_GRDH_1SDV_20180908T052624_20180908T052649_012619_01748C_2F02_COG,sentinel-1b,2018,9,8,2018-09-08,True,stable_track_and_apr_sep_and_year_2015_2025,IW,VV|VH,,PRIMARY_VVVH,IW mode with VV+VH; primary homogeneous SAR backbone. Use only support points actually covered by each raster.,,
2018-09-08 05:26:32.900680+00:00,descending,168,S1B_IW_GRDH_1SDV_20180908T052632_20180908T052657_012619_01748C_593B_COG,sentinel-1b,2018,9,8,2018-09-08,True,stable_track_and_apr_sep_and_year_2015_2025,IW,VV|VH,,PRIMARY_VVVH,IW mode with VV+VH; primary homogeneous SAR backbone. Use only support points actually covered by each raster.,,
2018-09-08 05:26:49.169227+00:00,descending,168,S1B_IW_GRDH_1SDV_20180908T052649_20180908T052714_012619_01748C_7271_COG,sentinel-1b,2018,9,8,2018-09-08,True,stable_track_and_apr_sep_and_year_2015_2025,IW,VV|VH,,PRIMARY_VVVH,IW mode with VV+VH; primary homogeneous SAR backbone. Use only support points actually covered by each raster.,,
2018-09-14 05:27:06.568336+00:00,descending,168,S1A_IW_GRDH_1SDV_20180914T052706_20180914T052731_023690_029512_673D_COG,sentinel-1a,2018,9,14,2018-09-14,True,stable_track_and_apr_sep_and_year_2015_2025,IW,VV|VH,,PRIMARY_VVVH,IW mode with VV+VH; primary homogeneous SAR backbone. Use only support points actually covered by each raster.,,
2018-09-14 05:27:17.908482+00:00,descending,168,S1A_IW_GRDH_1SDV_20180914T052717_20180914T052742_023690_029512_B6FD_COG,sentinel-1a,2018,9,14,2018-09-14,True,stable_track_and_apr_sep_and_year_2015_2025,IW,VV|VH,,PRIMARY_VVVH,IW mode with VV+VH; primary homogeneous SAR backbone. Use only support points actually covered by each raster.,,
2018-09-14 05:27:31.569129+00:00,descending,168,S1A_IW_GRDH_1SDV_20180914T052731_20180914T052756_023690_029512_B9DA_COG,sentinel-1a,2018,9,14,2018-09-14,True,stable_track_and_apr_sep_and_year_2015_2025,IW,VV|VH,,PRIMARY_VVVH,IW mode with VV+VH; primary homogeneous SAR backbone. Use only support points actually covered by each raster.,,
2018-09-20 05:26:24.515748+00:00,descending,168,S1B_IW_GRDH_1SDV_20180920T052624_20180920T052649_012794_0179E4_AF98_COG,sentinel-1b,2018,9,20,2018-09-20,True,stable_track_and_apr_sep_and_year_2015_2025,IW,VV|VH,,PRIMARY_VVVH,IW mode with VV+VH; primary homogeneous SAR backbone. Use only support points actually covered by each raster.,,
2018-09-20 05:26:33.006126+00:00,descending,168,S1B_IW_GRDH_1SDV_20180920T052633_20180920T052658_012794_0179E4_7E8F_COG,sentinel-1b,2018,9,20,2018-09-20,True,stable_track_and_apr_sep_and_year_2015_2025,IW,VV|VH,,PRIMARY_VVVH,IW mode with VV+VH; primary homogeneous SAR backbone. Use only support points actually covered by each raster.,,
2018-09-20 05:26:49.515595+00:00,descending,168,S1B_IW_GRDH_1SDV_20180920T052649_20180920T052714_012794_0179E4_59BE_COG,sentinel-1b,2018,9,20,2018-09-20,True,stable_track_and_apr_sep_and_year_2015_2025,IW,VV|VH,,PRIMARY_VVVH,IW mode with VV+VH; primary homogeneous SAR backbone. Use only support points actually covered by each raster.,,
2018-09-26 05:27:06.935194+00:00,descending,168,S1A_IW_GRDH_1SDV_20180926T052706_20180926T052731_023865_029AC2_EE67_COG,sentinel-1a,2018,9,26,2018-09-26,True,stable_track_and_apr_sep_and_year_2015_2025,IW,VV|VH,,PRIMARY_VVVH,IW mode with VV+VH; primary homogeneous SAR backbone. Use only support points actually covered by each raster.,,
2018-09-26 05:27:17.958857+00:00,descending,168,S1A_IW_GRDH_1SDV_20180926T052717_20180926T052742_023865_029AC2_74D9_COG,sentinel-1a,2018,9,26,2018-09-26,True,stable_track_and_apr_sep_and_year_2015_2025,IW,VV|VH,,PRIMARY_VVVH,IW mode with VV+VH; primary homogeneous SAR backbone. Use only support points actually covered by each raster.,,
2018-09-26 05:27:31.934590+00:00,descending,168,S1A_IW_GRDH_1SDV_20180926T052731_20180926T052756_023865_029AC2_EF9B_COG,sentinel-1a,2018,9,26,2018-09-26,True,stable_track_and_apr_sep_and_year_2015_2025,IW,VV|VH,,PRIMARY_VVVH,IW mode with VV+VH; primary homogeneous SAR backbone. Use only support points actually covered by each raster.,,
2019-04-01 17:13:55.534988+00:00,ascending,15,S1B_IW_GRDH_1SDV_20190401T171355_20190401T171420_015616_01D477_14DD_COG,sentinel-1b,2019,4,1,2019-04-01,True,stable_track_and_apr_sep_and_year_2015_2025,IW,VV|VH,,PRIMARY_VVVH,IW mode with VV+VH; primary homogeneous SAR backbone. Use only support points actually covered by each raster.,,
2019-04-01 17:13:55.535882+00:00,ascending,15,S1B_IW_GRDH_1SDV_20190401T171355_20190401T171420_015616_01D477_95FF_COG,sentinel-1b,2019,4,1,2019-04-01,True,stable_track_and_apr_sep_and_year_2015_2025,IW,VV|VH,,PRIMARY_VVVH,IW mode with VV+VH; primary homogeneous SAR backbone. Use only support points actually covered by each raster.,,
2019-04-01 17:14:20.535095+00:00,ascending,15,S1B_IW_GRDH_1SDV_20190401T171420_20190401T171445_015616_01D477_74D8_COG,sentinel-1b,2019,4,1,2019-04-01,True,stable_track_and_apr_sep_and_year_2015_2025,IW,VV|VH,,PRIMARY_VVVH,IW mode with VV+VH; primary homogeneous SAR backbone. Use only support points actually covered by each raster.,,
2019-04-01 17:14:20.535741+00:00,ascending,15,S1B_IW_GRDH_1SDV_20190401T171420_20190401T171445_015616_01D477_2D05_COG,sentinel-1b,2019,4,1,2019-04-01,True,stable_track_and_apr_sep_and_year_2015_2025,IW,VV|VH,,PRIMARY_VVVH,IW mode with VV+VH; primary homogeneous SAR backbone. Use only support points actually covered by each raster.,,
2019-04-07 17:14:50.097054+00:00,ascending,15,S1A_IW_GRDH_1SDV_20190407T171450_20190407T171515_026687_02FECA_0CB0_COG,sentinel-1a,2019,4,7,2019-04-07,True,stable_track_and_apr_sep_and_year_2015_2025,IW,VV|VH,,PRIMARY_VVVH,IW mode with VV+VH; primary homogeneous SAR backbone. Use only support points actually covered by each raster.,,
2019-04-07 17:14:50.097252+00:00,ascending,15,S1A_IW_GRDH_1SDV_20190407T171450_20190407T171515_026687_02FECA_F0CA_COG,sentinel-1a,2019,4,7,2019-04-07,True,stable_track_and_apr_sep_and_year_2015_2025,IW,VV|VH,,PRIMARY_VVVH,IW mode with VV+VH; primary homogeneous SAR backbone. Use only support points actually covered by each raster.,,
2019-04-13 17:13:55.840804+00:00,ascending,15,S1B_IW_GRDH_1SDV_20190413T171355_20190413T171420_015791_01DA48_7354_COG,sentinel-1b,2019,4,13,2019-04-13,True,stable_track_and_apr_sep_and_year_2015_2025,IW,VV|VH,,PRIMARY_VVVH,IW mode with VV+VH; primary homogeneous SAR backbone. Use only support points actually covered by each raster.,,
2019-04-13 17:13:55.841274+00:00,ascending,15,S1B_IW_GRDH_1SDV_20190413T171355_20190413T171420_015791_01DA48_D21E_COG,sentinel-1b,2019,4,13,2019-04-13,True,stable_track_and_apr_sep_and_year_2015_2025,IW,VV|VH,,PRIMARY_VVVH,IW mode with VV+VH; primary homogeneous SAR backbone. Use only support points actually covered by each raster.,,
2019-04-13 17:14:20.841253+00:00,ascending,15,S1B_IW_GRDH_1SDV_20190413T171420_20190413T171445_015791_01DA48_806E_COG,sentinel-1b,2019,4,13,2019-04-13,True,stable_track_and_apr_sep_and_year_2015_2025,IW,VV|VH,,PRIMARY_VVVH,IW mode with VV+VH; primary homogeneous SAR backbone. Use only support points actually covered by each raster.,,
2019-04-13 17:14:20.841757+00:00,ascending,15,S1B_IW_GRDH_1SDV_20190413T171420_20190413T171445_015791_01DA48_0FA3_COG,sentinel-1b,2019,4,13,2019-04-13,True,stable_track_and_apr_sep_and_year_2015_2025,IW,VV|VH,,PRIMARY_VVVH,IW mode with VV+VH; primary homogeneous SAR backbone. Use only support points actually covered by each raster.,,
2019-04-19 17:14:50.570762+00:00,ascending,15,S1A_IW_GRDH_1SDV_20190419T171450_20190419T171515_026862_030523_5699_COG,sentinel-1a,2019,4,19,2019-04-19,True,stable_track_and_apr_sep_and_year_2015_2025,IW,VV|VH,,PRIMARY_VVVH,IW mode with VV+VH; primary homogeneous SAR backbone. Use only support points actually covered by each raster.,,
2019-04-19 17:14:50.570935+00:00,ascending,15,S1A_IW_GRDH_1SDV_20190419T171450_20190419T171515_026862_030523_1B32_COG,sentinel-1a,2019,4,19,2019-04-19,True,stable_track_and_apr_sep_and_year_2015_2025,IW,VV|VH,,PRIMARY_VVVH,IW mode with VV+VH; primary homogeneous SAR backbone. Use only support points actually covered by each raster.,,
2019-05-01 17:14:51.179086+00:00,ascending,15,S1A_IW_GRDH_1SDV_20190501T171451_20190501T171516_027037_030B82_A471_COG,sentinel-1a,2019,5,1,2019-05-01,True,stable_track_and_apr_sep_and_year_2015_2025,IW,VV|VH,,PRIMARY_VVVH,IW mode with VV+VH; primary homogeneous SAR backbone. Use only support points actually covered by each raster.,,
2019-05-01 17:14:51.179308+00:00,ascending,15,S1A_IW_GRDH_1SDV_20190501T171451_20190501T171516_027037_030B82_DA74_COG,sentinel-1a,2019,5,1,2019-05-01,True,stable_track_and_apr_sep_and_year_2015_2025,IW,VV|VH,,PRIMARY_VVVH,IW mode with VV+VH; primary homogeneous SAR backbone. Use only support points actually covered by each raster.,,
2019-05-07 17:13:56.808832+00:00,ascending,15,S1B_IW_GRDH_1SDV_20190507T171356_20190507T171421_016141_01E5E8_DBA1_COG,sentinel-1b,2019,5,7,2019-05-07,True,stable_track_and_apr_sep_and_year_2015_2025,IW,VV|VH,,PRIMARY_VVVH,IW mode with VV+VH; primary homogeneous SAR backbone. Use only support points actually covered by each raster.,,
2019-05-07 17:13:56.809905+00:00,ascending,15,S1B_IW_GRDH_1SDV_20190507T171356_20190507T171421_016141_01E5E8_DA33_COG,sentinel-1b,2019,5,7,2019-05-07,True,stable_track_and_apr_sep_and_year_2015_2025,IW,VV|VH,,PRIMARY_VVVH,IW mode with VV+VH; primary homogeneous SAR backbone. Use only support points actually covered by each raster.,,
2019-05-07 17:14:21.809037+00:00,ascending,15,S1B_IW_GRDH_1SDV_20190507T171421_20190507T171446_016141_01E5E8_41CB_COG,sentinel-1b,2019,5,7,2019-05-07,True,stable_track_and_apr_sep_and_year_2015_2025,IW,VV|VH,,PRIMARY_VVVH,IW mode with VV+VH; primary homogeneous SAR backbone. Use only support points actually covered by each raster.,,
2019-05-07 17:14:21.809492+00:00,ascending,15,S1B_IW_GRDH_1SDV_20190507T171421_20190507T171446_016141_01E5E8_EA91_COG,sentinel-1b,2019,5,7,2019-05-07,True,stable_track_and_apr_sep_and_year_2015_2025,IW,VV|VH,,PRIMARY_VVVH,IW mode with VV+VH; primary homogeneous SAR backbone. Use only support points actually covered by each raster.,,
2019-05-13 17:14:51.555855+00:00,ascending,15,S1A_IW_GRDH_1SDV_20190513T171451_20190513T171516_027212_031159_5EE3_COG,sentinel-1a,2019,5,13,2019-05-13,True,stable_track_and_apr_sep_and_year_2015_2025,IW,VV|VH,,PRIMARY_VVVH,IW mode with VV+VH; primary homogeneous SAR backbone. Use only support points actually covered by each raster.,,
2019-05-13 17:14:51.556028+00:00,ascending,15,S1A_IW_GRDH_1SDV_20190513T171451_20190513T171516_027212_031159_5ED7_COG,sentinel-1a,2019,5,13,2019-05-13,True,stable_track_and_apr_sep_and_year_2015_2025,IW,VV|VH,,PRIMARY_VVVH,IW mode with VV+VH; primary homogeneous SAR backbone. Use only support points actually covered by each raster.,,
2019-05-19 17:13:57.529061+00:00,ascending,15,S1B_IW_GRDH_1SDV_20190519T171357_20190519T171422_016316_01EB50_0994_COG,sentinel-1b,2019,5,19,2019-05-19,True,stable_track_and_apr_sep_and_year_2015_2025,IW,VV|VH,,PRIMARY_VVVH,IW mode with VV+VH; primary homogeneous SAR backbone. Use only support points actually covered by each raster.,,
2019-05-19 17:13:57.529467+00:00,ascending,15,S1B_IW_GRDH_1SDV_20190519T171357_20190519T171422_016316_01EB50_37E5_COG,sentinel-1b,2019,5,19,2019-05-19,True,stable_track_and_apr_sep_and_year_2015_2025,IW,VV|VH,,PRIMARY_VVVH,IW mode with VV+VH; primary homogeneous SAR backbone. Use only support points actually covered by each raster.,,
2019-05-19 17:14:22.528575+00:00,ascending,15,S1B_IW_GRDH_1SDV_20190519T171422_20190519T171447_016316_01EB50_3CFA_COG,sentinel-1b,2019,5,19,2019-05-19,True,stable_track_and_apr_sep_and_year_2015_2025,IW,VV|VH,,PRIMARY_VVVH,IW mode with VV+VH; primary homogeneous SAR backbone. Use only support points actually covered by each raster.,,
2019-05-19 17:14:22.529638+00:00,ascending,15,S1B_IW_GRDH_1SDV_20190519T171422_20190519T171447_016316_01EB50_7F25_COG,sentinel-1b,2019,5,19,2019-05-19,True,stable_track_and_apr_sep_and_year_2015_2025,IW,VV|VH,,PRIMARY_VVVH,IW mode with VV+VH; primary homogeneous SAR backbone. Use only support points actually covered by each raster.,,
2019-05-25 17:14:52.220267+00:00,ascending,15,S1A_IW_GRDH_1SDV_20190525T171452_20190525T171517_027387_0316D0_5286_COG,sentinel-1a,2019,5,25,2019-05-25,True,stable_track_and_apr_sep_and_year_2015_2025,IW,VV|VH,,PRIMARY_VVVH,IW mode with VV+VH; primary homogeneous SAR backbone. Use only support points actually covered by each raster.,,
2019-05-25 17:14:52.220267+00:00,ascending,15,S1A_IW_GRDH_1SDV_20190525T171452_20190525T171517_027387_0316D0_C329_COG,sentinel-1a,2019,5,25,2019-05-25,True,stable_track_and_apr_sep_and_year_2015_2025,IW,VV|VH,,PRIMARY_VVVH,IW mode with VV+VH; primary homogeneous SAR backbone. Use only support points actually covered by each raster.,,
2019-05-31 17:13:58.077317+00:00,ascending,15,S1B_IW_GRDH_1SDV_20190531T171358_20190531T171423_016491_01F0A2_218E_COG,sentinel-1b,2019,5,31,2019-05-31,True,stable_track_and_apr_sep_and_year_2015_2025,IW,VV|VH,,PRIMARY_VVVH,IW mode with VV+VH; primary homogeneous SAR backbone. Use only support points actually covered by each raster.,,
2019-05-31 17:13:58.077666+00:00,ascending,15,S1B_IW_GRDH_1SDV_20190531T171358_20190531T171423_016491_01F0A2_653A_COG,sentinel-1b,2019,5,31,2019-05-31,True,stable_track_and_apr_sep_and_year_2015_2025,IW,VV|VH,,PRIMARY_VVVH,IW mode with VV+VH; primary homogeneous SAR backbone. Use only support points actually covered by each raster.,,
2019-05-31 17:14:23.077754+00:00,ascending,15,S1B_IW_GRDH_1SDV_20190531T171423_20190531T171448_016491_01F0A2_0C48_COG,sentinel-1b,2019,5,31,2019-05-31,True,stable_track_and_apr_sep_and_year_2015_2025,IW,VV|VH,,PRIMARY_VVVH,IW mode with VV+VH; primary homogeneous SAR backbone. Use only support points actually covered by each raster.,,
2019-05-31 17:14:23.078129+00:00,ascending,15,S1B_IW_GRDH_1SDV_20190531T171423_20190531T171448_016491_01F0A2_8E1F_COG,sentinel-1b,2019,5,31,2019-05-31,True,stable_track_and_apr_sep_and_year_2015_2025,IW,VV|VH,,PRIMARY_VVVH,IW mode with VV+VH; primary homogeneous SAR backbone. Use only support points actually covered by each raster.,,
2019-06-06 17:14:52.766490+00:00,ascending,15,S1A_IW_GRDH_1SDV_20190606T171452_20190606T171517_027562_031C3A_EE42_COG,sentinel-1a,2019,6,6,2019-06-06,True,stable_track_and_apr_sep_and_year_2015_2025,IW,VV|VH,,PRIMARY_VVVH,IW mode with VV+VH; primary homogeneous SAR backbone. Use only support points actually covered by each raster.,,
2019-06-06 17:14:52.766669+00:00,ascending,15,S1A_IW_GRDH_1SDV_20190606T171452_20190606T171517_027562_031C3A_044B_COG,sentinel-1a,2019,6,6,2019-06-06,True,stable_track_and_apr_sep_and_year_2015_2025,IW,VV|VH,,PRIMARY_VVVH,IW mode with VV+VH; primary homogeneous SAR backbone. Use only support points actually covered by each raster.,,
2019-06-12 17:13:58.712634+00:00,ascending,15,S1B_IW_GRDH_1SDV_20190612T171358_20190612T171423_016666_01F5DC_4ED5_COG,sentinel-1b,2019,6,12,2019-06-12,True,stable_track_and_apr_sep_and_year_2015_2025,IW,VV|VH,,PRIMARY_VVVH,IW mode with VV+VH; primary homogeneous SAR backbone. Use only support points actually covered by each raster.,,
2019-06-12 17:13:58.712953+00:00,ascending,15,S1B_IW_GRDH_1SDV_20190612T171358_20190612T171423_016666_01F5DC_07F7_COG,sentinel-1b,2019,6,12,2019-06-12,True,stable_track_and_apr_sep_and_year_2015_2025,IW,VV|VH,,PRIMARY_VVVH,IW mode with VV+VH; primary homogeneous SAR backbone. Use only support points actually covered by each raster.,,
2019-06-12 17:14:23.713205+00:00,ascending,15,S1B_IW_GRDH_1SDV_20190612T171423_20190612T171448_016666_01F5DC_F438_COG,sentinel-1b,2019,6,12,2019-06-12,True,stable_track_and_apr_sep_and_year_2015_2025,IW,VV|VH,,PRIMARY_VVVH,IW mode with VV+VH; primary homogeneous SAR backbone. Use only support points actually covered by each raster.,,
2019-06-12 17:14:23.713547+00:00,ascending,15,S1B_IW_GRDH_1SDV_20190612T171423_20190612T171448_016666_01F5DC_F4D0_COG,sentinel-1b,2019,6,12,2019-06-12,True,stable_track_and_apr_sep_and_year_2015_2025,IW,VV|VH,,PRIMARY_VVVH,IW mode with VV+VH; primary homogeneous SAR backbone. Use only support points actually covered by each raster.,,
2019-06-18 17:14:53.428423+00:00,ascending,15,S1A_IW_GRDH_1SDV_20190618T171453_20190618T171518_027737_032180_23B2_COG,sentinel-1a,2019,6,18,2019-06-18,True,stable_track_and_apr_sep_and_year_2015_2025,IW,VV|VH,,PRIMARY_VVVH,IW mode with VV+VH; primary homogeneous SAR backbone. Use only support points actually covered by each raster.,,
2019-06-18 17:14:53.428632+00:00,ascending,15,S1A_IW_GRDH_1SDV_20190618T171453_20190618T171518_027737_032180_5AED_COG,sentinel-1a,2019,6,18,2019-06-18,True,stable_track_and_apr_sep_and_year_2015_2025,IW,VV|VH,,PRIMARY_VVVH,IW mode with VV+VH; primary homogeneous SAR backbone. Use only support points actually covered by each raster.,,
2019-06-30 17:14:54.236526+00:00,ascending,15,S1A_IW_GRDH_1SDV_20190630T171454_20190630T171519_027912_0326BA_C7EF_COG,sentinel-1a,2019,6,30,2019-06-30,True,stable_track_and_apr_sep_and_year_2015_2025,IW,VV|VH,,PRIMARY_VVVH,IW mode with VV+VH; primary homogeneous SAR backbone. Use only support points actually covered by each raster.,,
2019-06-30 17:14:54.236727+00:00,ascending,15,S1A_IW_GRDH_1SDV_20190630T171454_20190630T171519_027912_0326BA_2DF9_COG,sentinel-1a,2019,6,30,2019-06-30,True,stable_track_and_apr_sep_and_year_2015_2025,IW,VV|VH,,PRIMARY_VVVH,IW mode with VV+VH; primary homogeneous SAR backbone. Use only support points actually covered by each raster.,,
2019-07-06 17:14:00.285715+00:00,ascending,15,S1B_IW_GRDH_1SDV_20190706T171400_20190706T171425_017016_020035_2F0D_COG,sentinel-1b,2019,7,6,2019-07-06,True,stable_track_and_apr_sep_and_year_2015_2025,IW,VV|VH,,PRIMARY_VVVH,IW mode with VV+VH; primary homogeneous SAR backbone. Use only support points actually covered by each raster.,,
2019-07-06 17:14:00.286914+00:00,ascending,15,S1B_IW_GRDH_1SDV_20190706T171400_20190706T171425_017016_020035_742E_COG,sentinel-1b,2019,7,6,2019-07-06,True,stable_track_and_apr_sep_and_year_2015_2025,IW,VV|VH,,PRIMARY_VVVH,IW mode with VV+VH; primary homogeneous SAR backbone. Use only support points actually covered by each raster.,,
2019-07-06 17:14:25.285615+00:00,ascending,15,S1B_IW_GRDH_1SDV_20190706T171425_20190706T171450_017016_020035_A78C_COG,sentinel-1b,2019,7,6,2019-07-06,True,stable_track_and_apr_sep_and_year_2015_2025,IW,VV|VH,,PRIMARY_VVVH,IW mode with VV+VH; primary homogeneous SAR backbone. Use only support points actually covered by each raster.,,
2019-07-06 17:14:25.286792+00:00,ascending,15,S1B_IW_GRDH_1SDV_20190706T171425_20190706T171450_017016_020035_430E_COG,sentinel-1b,2019,7,6,2019-07-06,True,stable_track_and_apr_sep_and_year_2015_2025,IW,VV|VH,,PRIMARY_VVVH,IW mode with VV+VH; primary homogeneous SAR backbone. Use only support points actually covered by each raster.,,
2019-07-12 17:14:54.923875+00:00,ascending,15,S1A_IW_GRDH_1SDV_20190712T171454_20190712T171519_028087_032C08_E558_COG,sentinel-1a,2019,7,12,2019-07-12,True,stable_track_and_apr_sep_and_year_2015_2025,IW,VV|VH,,PRIMARY_VVVH,IW mode with VV+VH; primary homogeneous SAR backbone. Use only support points actually covered by each raster.,,
2019-07-12 17:14:54.924087+00:00,ascending,15,S1A_IW_GRDH_1SDV_20190712T171454_20190712T171519_028087_032C08_2061_COG,sentinel-1a,2019,7,12,2019-07-12,True,stable_track_and_apr_sep_and_year_2015_2025,IW,VV|VH,,PRIMARY_VVVH,IW mode with VV+VH; primary homogeneous SAR backbone. Use only support points actually covered by each raster.,,
2019-07-18 17:14:00.879221+00:00,ascending,15,S1B_IW_GRDH_1SDV_20190718T171400_20190718T171425_017191_020553_77D7_COG,sentinel-1b,2019,7,18,2019-07-18,True,stable_track_and_apr_sep_and_year_2015_2025,IW,VV|VH,,PRIMARY_VVVH,IW mode with VV+VH; primary homogeneous SAR backbone. Use only support points actually covered by each raster.,,
2019-07-18 17:14:00.879546+00:00,ascending,15,S1B_IW_GRDH_1SDV_20190718T171400_20190718T171425_017191_020553_E825_COG,sentinel-1b,2019,7,18,2019-07-18,True,stable_track_and_apr_sep_and_year_2015_2025,IW,VV|VH,,PRIMARY_VVVH,IW mode with VV+VH; primary homogeneous SAR backbone. Use only support points actually covered by each raster.,,
2019-07-18 17:14:25.879067+00:00,ascending,15,S1B_IW_GRDH_1SDV_20190718T171425_20190718T171450_017191_020553_FEB8_COG,sentinel-1b,2019,7,18,2019-07-18,True,stable_track_and_apr_sep_and_year_2015_2025,IW,VV|VH,,PRIMARY_VVVH,IW mode with VV+VH; primary homogeneous SAR backbone. Use only support points actually covered by each raster.,,
2019-07-18 17:14:25.879415+00:00,ascending,15,S1B_IW_GRDH_1SDV_20190718T171425_20190718T171450_017191_020553_16A2_COG,sentinel-1b,2019,7,18,2019-07-18,True,stable_track_and_apr_sep_and_year_2015_2025,IW,VV|VH,,PRIMARY_VVVH,IW mode with VV+VH; primary homogeneous SAR backbone. Use only support points actually covered by each raster.,,
2019-07-24 17:14:55.731383+00:00,ascending,15,S1A_IW_GRDH_1SDV_20190724T171455_20190724T171520_028262_033151_AF57_COG,sentinel-1a,2019,7,24,2019-07-24,True,stable_track_and_apr_sep_and_year_2015_2025,IW,VV|VH,,PRIMARY_VVVH,IW mode with VV+VH; primary homogeneous SAR backbone. Use only support points actually covered by each raster.,,
2019-07-24 17:14:55.731664+00:00,ascending,15,S1A_IW_GRDH_1SDV_20190724T171455_20190724T171520_028262_033151_ACEB_COG,sentinel-1a,2019,7,24,2019-07-24,True,stable_track_and_apr_sep_and_year_2015_2025,IW,VV|VH,,PRIMARY_VVVH,IW mode with VV+VH; primary homogeneous SAR backbone. Use only support points actually covered by each raster.,,
2019-07-30 17:14:01.546821+00:00,ascending,15,S1B_IW_GRDH_1SDV_20190730T171401_20190730T171426_017366_020A7C_A2AF_COG,sentinel-1b,2019,7,30,2019-07-30,True,stable_track_and_apr_sep_and_year_2015_2025,IW,VV|VH,,PRIMARY_VVVH,IW mode with VV+VH; primary homogeneous SAR backbone. Use only support points actually covered by each raster.,,
2019-07-30 17:14:01.547168+00:00,ascending,15,S1B_IW_GRDH_1SDV_20190730T171401_20190730T171426_017366_020A7C_F4D5_COG,sentinel-1b,2019,7,30,2019-07-30,True,stable_track_and_apr_sep_and_year_2015_2025,IW,VV|VH,,PRIMARY_VVVH,IW mode with VV+VH; primary homogeneous SAR backbone. Use only support points actually covered by each raster.,,
2019-07-30 17:14:26.546741+00:00,ascending,15,S1B_IW_GRDH_1SDV_20190730T171426_20190730T171451_017366_020A7C_ADC7_COG,sentinel-1b,2019,7,30,2019-07-30,True,stable_track_and_apr_sep_and_year_2015_2025,IW,VV|VH,,PRIMARY_VVVH,IW mode with VV+VH; primary homogeneous SAR backbone. Use only support points actually covered by each raster.,,
2019-07-30 17:14:26.547114+00:00,ascending,15,S1B_IW_GRDH_1SDV_20190730T171426_20190730T171451_017366_020A7C_E096_COG,sentinel-1b,2019,7,30,2019-07-30,True,stable_track_and_apr_sep_and_year_2015_2025,IW,VV|VH,,PRIMARY_VVVH,IW mode with VV+VH; primary homogeneous SAR backbone. Use only support points actually covered by each raster.,,
2019-08-05 17:14:56.583583+00:00,ascending,15,S1A_IW_GRDH_1SDV_20190805T171456_20190805T171521_028437_0336AC_7DC1_COG,sentinel-1a,2019,8,5,2019-08-05,True,stable_track_and_apr_sep_and_year_2015_2025,IW,VV|VH,,PRIMARY_VVVH,IW mode with VV+VH; primary homogeneous SAR backbone. Use only support points actually covered by each raster.,,
2019-08-05 17:14:56.583823+00:00,ascending,15,S1A_IW_GRDH_1SDV_20190805T171456_20190805T171521_028437_0336AC_541E_COG,sentinel-1a,2019,8,5,2019-08-05,True,stable_track_and_apr_sep_and_year_2015_2025,IW,VV|VH,,PRIMARY_VVVH,IW mode with VV+VH; primary homogeneous SAR backbone. Use only support points actually covered by each raster.,,
2019-08-11 17:14:02.507122+00:00,ascending,15,S1B_IW_GRDH_1SDV_20190811T171402_20190811T171427_017541_020FD8_8465_COG,sentinel-1b,2019,8,11,2019-08-11,True,stable_track_and_apr_sep_and_year_2015_2025,IW,VV|VH,,PRIMARY_VVVH,IW mode with VV+VH; primary homogeneous SAR backbone. Use only support points actually covered by each raster.,,
2019-08-11 17:14:02.507399+00:00,ascending,15,S1B_IW_GRDH_1SDV_20190811T171402_20190811T171427_017541_020FD8_2C7C_COG,sentinel-1b,2019,8,11,2019-08-11,True,stable_track_and_apr_sep_and_year_2015_2025,IW,VV|VH,,PRIMARY_VVVH,IW mode with VV+VH; primary homogeneous SAR backbone. Use only support points actually covered by each raster.,,
2019-08-11 17:14:27.506929+00:00,ascending,15,S1B_IW_GRDH_1SDV_20190811T171427_20190811T171452_017541_020FD8_6D97_COG,sentinel-1b,2019,8,11,2019-08-11,True,stable_track_and_apr_sep_and_year_2015_2025,IW,VV|VH,,PRIMARY_VVVH,IW mode with VV+VH; primary homogeneous SAR backbone. Use only support points actually covered by each raster.,,
2019-08-11 17:14:27.507226+00:00,ascending,15,S1B_IW_GRDH_1SDV_20190811T171427_20190811T171452_017541_020FD8_51ED_COG,sentinel-1b,2019,8,11,2019-08-11,True,stable_track_and_apr_sep_and_year_2015_2025,IW,VV|VH,,PRIMARY_VVVH,IW mode with VV+VH; primary homogeneous SAR backbone. Use only support points actually covered by each raster.,,
2019-08-17 17:14:57.390184+00:00,ascending,15,S1A_IW_GRDH_1SDV_20190817T171457_20190817T171522_028612_033C97_0EB0_COG,sentinel-1a,2019,8,17,2019-08-17,True,stable_track_and_apr_sep_and_year_2015_2025,IW,VV|VH,,PRIMARY_VVVH,IW mode with VV+VH; primary homogeneous SAR backbone. Use only support points actually covered by each raster.,,
2019-08-17 17:14:57.390377+00:00,ascending,15,S1A_IW_GRDH_1SDV_20190817T171457_20190817T171522_028612_033C97_0F7C_COG,sentinel-1a,2019,8,17,2019-08-17,True,stable_track_and_apr_sep_and_year_2015_2025,IW,VV|VH,,PRIMARY_VVVH,IW mode with VV+VH; primary homogeneous SAR backbone. Use only support points actually covered by each raster.,,
2019-08-29 17:14:57.821355+00:00,ascending,15,S1A_IW_GRDH_1SDV_20190829T171457_20190829T171522_028787_0342BB_FB02_COG,sentinel-1a,2019,8,29,2019-08-29,True,stable_track_and_apr_sep_and_year_2015_2025,IW,VV|VH,,PRIMARY_VVVH,IW mode with VV+VH; primary homogeneous SAR backbone. Use only support points actually covered by each raster.,,
2019-08-29 17:14:57.821437+00:00,ascending,15,S1A_IW_GRDH_1SDV_20190829T171457_20190829T171522_028787_0342BB_93C6_COG,sentinel-1a,2019,8,29,2019-08-29,True,stable_track_and_apr_sep_and_year_2015_2025,IW,VV|VH,,PRIMARY_VVVH,IW mode with VV+VH; primary homogeneous SAR backbone. Use only support points actually covered by each raster.,,
2019-09-04 17:14:03.703595+00:00,ascending,15,S1B_IW_GRDH_1SDV_20190904T171403_20190904T171428_017891_021ABA_58EE_COG,sentinel-1b,2019,9,4,2019-09-04,True,stable_track_and_apr_sep_and_year_2015_2025,IW,VV|VH,,PRIMARY_VVVH,IW mode with VV+VH; primary homogeneous SAR backbone. Use only support points actually covered by each raster.,,
2019-09-04 17:14:03.704772+00:00,ascending,15,S1B_IW_GRDH_1SDV_20190904T171403_20190904T171428_017891_021ABA_DE27_COG,sentinel-1b,2019,9,4,2019-09-04,True,stable_track_and_apr_sep_and_year_2015_2025,IW,VV|VH,,PRIMARY_VVVH,IW mode with VV+VH; primary homogeneous SAR backbone. Use only support points actually covered by each raster.,,
2019-09-04 17:14:28.704644+00:00,ascending,15,S1B_IW_GRDH_1SDV_20190904T171428_20190904T171453_017891_021ABA_FC40_COG,sentinel-1b,2019,9,4,2019-09-04,True,stable_track_and_apr_sep_and_year_2015_2025,IW,VV|VH,,PRIMARY_VVVH,IW mode with VV+VH; primary homogeneous SAR backbone. Use only support points actually covered by each raster.,,
2019-09-04 17:14:28.704988+00:00,ascending,15,S1B_IW_GRDH_1SDV_20190904T171428_20190904T171453_017891_021ABA_6A9D_COG,sentinel-1b,2019,9,4,2019-09-04,True,stable_track_and_apr_sep_and_year_2015_2025,IW,VV|VH,,PRIMARY_VVVH,IW mode with VV+VH; primary homogeneous SAR backbone. Use only support points actually covered by each raster.,,
2019-09-10 17:14:58.398441+00:00,ascending,15,S1A_IW_GRDH_1SDV_20190910T171458_20190910T171523_028962_0348D4_8A77_COG,sentinel-1a,2019,9,10,2019-09-10,True,stable_track_and_apr_sep_and_year_2015_2025,IW,VV|VH,,PRIMARY_VVVH,IW mode with VV+VH; primary homogeneous SAR backbone. Use only support points actually covered by each raster.,,
2019-09-10 17:14:58.398643+00:00,ascending,15,S1A_IW_GRDH_1SDV_20190910T171458_20190910T171523_028962_0348D4_B042_COG,sentinel-1a,2019,9,10,2019-09-10,True,stable_track_and_apr_sep_and_year_2015_2025,IW,VV|VH,,PRIMARY_VVVH,IW mode with VV+VH; primary homogeneous SAR backbone. Use only support points actually covered by each raster.,,
2019-09-16 17:14:04.181785+00:00,ascending,15,S1B_IW_GRDH_1SDV_20190916T171404_20190916T171429_018066_02202D_D6BB_COG,sentinel-1b,2019,9,16,2019-09-16,True,stable_track_and_apr_sep_and_year_2015_2025,IW,VV|VH,,PRIMARY_VVVH,IW mode with VV+VH; primary homogeneous SAR backbone. Use only support points actually covered by each raster.,,
2019-09-16 17:14:04.182030+00:00,ascending,15,S1B_IW_GRDH_1SDV_20190916T171404_20190916T171429_018066_02202D_DBED_COG,sentinel-1b,2019,9,16,2019-09-16,True,stable_track_and_apr_sep_and_year_2015_2025,IW,VV|VH,,PRIMARY_VVVH,IW mode with VV+VH; primary homogeneous SAR backbone. Use only support points actually covered by each raster.,,
2019-09-16 17:14:29.181944+00:00,ascending,15,S1B_IW_GRDH_1SDV_20190916T171429_20190916T171454_018066_02202D_B541_COG,sentinel-1b,2019,9,16,2019-09-16,True,stable_track_and_apr_sep_and_year_2015_2025,IW,VV|VH,,PRIMARY_VVVH,IW mode with VV+VH; primary homogeneous SAR backbone. Use only support points actually covered by each raster.,,
2019-09-16 17:14:29.183180+00:00,ascending,15,S1B_IW_GRDH_1SDV_20190916T171429_20190916T171454_018066_02202D_DC75_COG,sentinel-1b,2019,9,16,2019-09-16,True,stable_track_and_apr_sep_and_year_2015_2025,IW,VV|VH,,PRIMARY_VVVH,IW mode with VV+VH; primary homogeneous SAR backbone. Use only support points actually covered by each raster.,,
2019-09-22 17:14:58.927695+00:00,ascending,15,S1A_IW_GRDH_1SDV_20190922T171458_20190922T171523_029137_034EC9_3A40_COG,sentinel-1a,2019,9,22,2019-09-22,True,stable_track_and_apr_sep_and_year_2015_2025,IW,VV|VH,,PRIMARY_VVVH,IW mode with VV+VH; primary homogeneous SAR backbone. Use only support points actually covered by each raster.,,
2019-09-22 17:14:58.928012+00:00,ascending,15,S1A_IW_GRDH_1SDV_20190922T171458_20190922T171523_029137_034EC9_217B_COG,sentinel-1a,2019,9,22,2019-09-22,True,stable_track_and_apr_sep_and_year_2015_2025,IW,VV|VH,,PRIMARY_VVVH,IW mode with VV+VH; primary homogeneous SAR backbone. Use only support points actually covered by each raster.,,
2019-09-28 17:14:04.789968+00:00,ascending,15,S1B_IW_GRDH_1SDV_20190928T171404_20190928T171429_018241_022590_215F_COG,sentinel-1b,2019,9,28,2019-09-28,True,stable_track_and_apr_sep_and_year_2015_2025,IW,VV|VH,,PRIMARY_VVVH,IW mode with VV+VH; primary homogeneous SAR backbone. Use only support points actually covered by each raster.,,
2019-09-28 17:14:04.790351+00:00,ascending,15,S1B_IW_GRDH_1SDV_20190928T171404_20190928T171429_018241_022590_9517_COG,sentinel-1b,2019,9,28,2019-09-28,True,stable_track_and_apr_sep_and_year_2015_2025,IW,VV|VH,,PRIMARY_VVVH,IW mode with VV+VH; primary homogeneous SAR backbone. Use only support points actually covered by each raster.,,
2019-09-28 17:14:29.789906+00:00,ascending,15,S1B_IW_GRDH_1SDV_20190928T171429_20190928T171454_018241_022590_F0E0_COG,sentinel-1b,2019,9,28,2019-09-28,True,stable_track_and_apr_sep_and_year_2015_2025,IW,VV|VH,,PRIMARY_VVVH,IW mode with VV+VH; primary homogeneous SAR backbone. Use only support points actually covered by each raster.,,
2019-09-28 17:14:29.790317+00:00,ascending,15,S1B_IW_GRDH_1SDV_20190928T171429_20190928T171454_018241_022590_6274_COG,sentinel-1b,2019,9,28,2019-09-28,True,stable_track_and_apr_sep_and_year_2015_2025,IW,VV|VH,,PRIMARY_VVVH,IW mode with VV+VH; primary homogeneous SAR backbone. Use only support points actually covered by each raster.,,
2019-04-06 17:22:07.337708+00:00,ascending,88,S1B_IW_GRDH_1SDV_20190406T172207_20190406T172232_015689_01D6F7_FF91_COG,sentinel-1b,2019,4,6,2019-04-06,True,stable_track_and_apr_sep_and_year_2015_2025,IW,VV|VH,,PRIMARY_VVVH,IW mode with VV+VH; primary homogeneous SAR backbone. Use only support points actually covered by each raster.,,
2019-04-06 17:22:07.337771+00:00,ascending,88,S1B_IW_GRDH_1SDV_20190406T172207_20190406T172232_015689_01D6F7_A6A0_COG,sentinel-1b,2019,4,6,2019-04-06,True,stable_track_and_apr_sep_and_year_2015_2025,IW,VV|VH,,PRIMARY_VVVH,IW mode with VV+VH; primary homogeneous SAR backbone. Use only support points actually covered by each raster.,,
2019-04-06 17:22:32.336952+00:00,ascending,88,S1B_IW_GRDH_1SDV_20190406T172232_20190406T172257_015689_01D6F7_86B5_COG,sentinel-1b,2019,4,6,2019-04-06,True,stable_track_and_apr_sep_and_year_2015_2025,IW,VV|VH,,PRIMARY_VVVH,IW mode with VV+VH; primary homogeneous SAR backbone. Use only support points actually covered by each raster.,,
2019-04-06 17:22:32.337019+00:00,ascending,88,S1B_IW_GRDH_1SDV_20190406T172232_20190406T172257_015689_01D6F7_929E_COG,sentinel-1b,2019,4,6,2019-04-06,True,stable_track_and_apr_sep_and_year_2015_2025,IW,VV|VH,,PRIMARY_VVVH,IW mode with VV+VH; primary homogeneous SAR backbone. Use only support points actually covered by each raster.,,
2019-04-12 17:22:56.532127+00:00,ascending,88,S1A_IW_GRDH_1SDV_20190412T172256_20190412T172321_026760_030177_9D83_COG,sentinel-1a,2019,4,12,2019-04-12,True,stable_track_and_apr_sep_and_year_2015_2025,IW,VV|VH,,PRIMARY_VVVH,IW mode with VV+VH; primary homogeneous SAR backbone. Use only support points actually covered by each raster.,,
2019-04-12 17:22:56.532187+00:00,ascending,88,S1A_IW_GRDH_1SDV_20190412T172256_20190412T172321_026760_030177_C2AD_COG,sentinel-1a,2019,4,12,2019-04-12,True,stable_track_and_apr_sep_and_year_2015_2025,IW,VV|VH,,PRIMARY_VVVH,IW mode with VV+VH; primary homogeneous SAR backbone. Use only support points actually covered by each raster.,,
2019-04-12 17:23:21.531104+00:00,ascending,88,S1A_IW_GRDH_1SDV_20190412T172321_20190412T172346_026760_030177_C2EC_COG,sentinel-1a,2019,4,12,2019-04-12,True,stable_track_and_apr_sep_and_year_2015_2025,IW,VV|VH,,PRIMARY_VVVH,IW mode with VV+VH; primary homogeneous SAR backbone. Use only support points actually covered by each raster.,,
2019-04-12 17:23:21.531170+00:00,ascending,88,S1A_IW_GRDH_1SDV_20190412T172321_20190412T172346_026760_030177_2A8B_COG,sentinel-1a,2019,4,12,2019-04-12,True,stable_track_and_apr_sep_and_year_2015_2025,IW,VV|VH,,PRIMARY_VVVH,IW mode with VV+VH; primary homogeneous SAR backbone. Use only support points actually covered by each raster.,,
2019-04-18 17:22:07.647579+00:00,ascending,88,S1B_IW_GRDH_1SDV_20190418T172207_20190418T172232_015864_01DCBF_4525_COG,sentinel-1b,2019,4,18,2019-04-18,True,stable_track_and_apr_sep_and_year_2015_2025,IW,VV|VH,,PRIMARY_VVVH,IW mode with VV+VH; primary homogeneous SAR backbone. Use only support points actually covered by each raster.,,
2019-04-18 17:22:07.647587+00:00,ascending,88,S1B_IW_GRDH_1SDV_20190418T172207_20190418T172232_015864_01DCBF_C67A_COG,sentinel-1b,2019,4,18,2019-04-18,True,stable_track_and_apr_sep_and_year_2015_2025,IW,VV|VH,,PRIMARY_VVVH,IW mode with VV+VH; primary homogeneous SAR backbone. Use only support points actually covered by each raster.,,
2019-04-18 17:22:32.648040+00:00,ascending,88,S1B_IW_GRDH_1SDV_20190418T172232_20190418T172257_015864_01DCBF_3BFB_COG,sentinel-1b,2019,4,18,2019-04-18,True,stable_track_and_apr_sep_and_year_2015_2025,IW,VV|VH,,PRIMARY_VVVH,IW mode with VV+VH; primary homogeneous SAR backbone. Use only support points actually covered by each raster.,,
2019-04-18 17:22:32.648048+00:00,ascending,88,S1B_IW_GRDH_1SDV_20190418T172232_20190418T172257_015864_01DCBF_7CD5_COG,sentinel-1b,2019,4,18,2019-04-18,True,stable_track_and_apr_sep_and_year_2015_2025,IW,VV|VH,,PRIMARY_VVVH,IW mode with VV+VH; primary homogeneous SAR backbone. Use only support points actually covered by each raster.,,
2019-04-24 17:22:57.279789+00:00,ascending,88,S1A_IW_GRDH_1SDV_20190424T172257_20190424T172322_026935_0307CD_0F0D_COG,sentinel-1a,2019,4,24,2019-04-24,True,stable_track_and_apr_sep_and_year_2015_2025,IW,VV|VH,,PRIMARY_VVVH,IW mode with VV+VH; primary homogeneous SAR backbone. Use only support points actually covered by each raster.,,
2019-04-24 17:22:57.281270+00:00,ascending,88,S1A_IW_GRDH_1SDV_20190424T172257_20190424T172322_026935_0307CD_2C57_COG,sentinel-1a,2019,4,24,2019-04-24,True,stable_track_and_apr_sep_and_year_2015_2025,IW,VV|VH,,PRIMARY_VVVH,IW mode with VV+VH; primary homogeneous SAR backbone. Use only support points actually covered by each raster.,,
2019-04-24 17:23:22.280272+00:00,ascending,88,S1A_IW_GRDH_1SDV_20190424T172322_20190424T172347_026935_0307CD_D508_COG,sentinel-1a,2019,4,24,2019-04-24,True,stable_track_and_apr_sep_and_year_2015_2025,IW,VV|VH,,PRIMARY_VVVH,IW mode with VV+VH; primary homogeneous SAR backbone. Use only support points actually covered by each raster.,,
2019-04-24 17:23:22.280289+00:00,ascending,88,S1A_IW_GRDH_1SDV_20190424T172322_20190424T172347_026935_0307CD_727B_COG,sentinel-1a,2019,4,24,2019-04-24,True,stable_track_and_apr_sep_and_year_2015_2025,IW,VV|VH,,PRIMARY_VVVH,IW mode with VV+VH; primary homogeneous SAR backbone. Use only support points actually covered by each raster.,,
2019-04-30 17:22:08.411414+00:00,ascending,88,S1B_IW_GRDH_1SDV_20190430T172208_20190430T172233_016039_01E299_445D_COG,sentinel-1b,2019,4,30,2019-04-30,True,stable_track_and_apr_sep_and_year_2015_2025,IW,VV|VH,,PRIMARY_VVVH,IW mode with VV+VH; primary homogeneous SAR backbone. Use only support points actually covered by each raster.,,
2019-04-30 17:22:08.411488+00:00,ascending,88,S1B_IW_GRDH_1SDV_20190430T172208_20190430T172233_016039_01E299_215F_COG,sentinel-1b,2019,4,30,2019-04-30,True,stable_track_and_apr_sep_and_year_2015_2025,IW,VV|VH,,PRIMARY_VVVH,IW mode with VV+VH; primary homogeneous SAR backbone. Use only support points actually covered by each raster.,,
2019-04-30 17:22:33.411973+00:00,ascending,88,S1B_IW_GRDH_1SDV_20190430T172233_20190430T172258_016039_01E299_2843_COG,sentinel-1b,2019,4,30,2019-04-30,True,stable_track_and_apr_sep_and_year_2015_2025,IW,VV|VH,,PRIMARY_VVVH,IW mode with VV+VH; primary homogeneous SAR backbone. Use only support points actually covered by each raster.,,
2019-04-30 17:22:33.412052+00:00,ascending,88,S1B_IW_GRDH_1SDV_20190430T172233_20190430T172258_016039_01E299_154E_COG,sentinel-1b,2019,4,30,2019-04-30,True,stable_track_and_apr_sep_and_year_2015_2025,IW,VV|VH,,PRIMARY_VVVH,IW mode with VV+VH; primary homogeneous SAR backbone. Use only support points actually covered by each raster.,,
2019-05-06 17:22:57.490824+00:00,ascending,88,S1A_IW_GRDH_1SDV_20190506T172257_20190506T172322_027110_030E30_1397_COG,sentinel-1a,2019,5,6,2019-05-06,True,stable_track_and_apr_sep_and_year_2015_2025,IW,VV|VH,,PRIMARY_VVVH,IW mode with VV+VH; primary homogeneous SAR backbone. Use only support points actually covered by each raster.,,
2019-05-06 17:22:57.490905+00:00,ascending,88,S1A_IW_GRDH_1SDV_20190506T172257_20190506T172322_027110_030E30_6E25_COG,sentinel-1a,2019,5,6,2019-05-06,True,stable_track_and_apr_sep_and_year_2015_2025,IW,VV|VH,,PRIMARY_VVVH,IW mode with VV+VH; primary homogeneous SAR backbone. Use only support points actually covered by each raster.,,
2019-05-06 17:23:22.489933+00:00,ascending,88,S1A_IW_GRDH_1SDV_20190506T172322_20190506T172347_027110_030E30_2381_COG,sentinel-1a,2019,5,6,2019-05-06,True,stable_track_and_apr_sep_and_year_2015_2025,IW,VV|VH,,PRIMARY_VVVH,IW mode with VV+VH; primary homogeneous SAR backbone. Use only support points actually covered by each raster.,,
2019-05-06 17:23:22.490023+00:00,ascending,88,S1A_IW_GRDH_1SDV_20190506T172322_20190506T172347_027110_030E30_0A4E_COG,sentinel-1a,2019,5,6,2019-05-06,True,stable_track_and_apr_sep_and_year_2015_2025,IW,VV|VH,,PRIMARY_VVVH,IW mode with VV+VH; primary homogeneous SAR backbone. Use only support points actually covered by each raster.,,
2019-05-12 17:22:08.700911+00:00,ascending,88,S1B_IW_GRDH_1SDV_20190512T172208_20190512T172233_016214_01E83D_F814_COG,sentinel-1b,2019,5,12,2019-05-12,True,stable_track_and_apr_sep_and_year_2015_2025,IW,VV|VH,,PRIMARY_VVVH,IW mode with VV+VH; primary homogeneous SAR backbone. Use only support points actually covered by each raster.,,
2019-05-12 17:22:08.701017+00:00,ascending,88,S1B_IW_GRDH_1SDV_20190512T172208_20190512T172233_016214_01E83D_CF2E_COG,sentinel-1b,2019,5,12,2019-05-12,True,stable_track_and_apr_sep_and_year_2015_2025,IW,VV|VH,,PRIMARY_VVVH,IW mode with VV+VH; primary homogeneous SAR backbone. Use only support points actually covered by each raster.,,
2019-05-12 17:22:33.701490+00:00,ascending,88,S1B_IW_GRDH_1SDV_20190512T172233_20190512T172258_016214_01E83D_AEAB_COG,sentinel-1b,2019,5,12,2019-05-12,True,stable_track_and_apr_sep_and_year_2015_2025,IW,VV|VH,,PRIMARY_VVVH,IW mode with VV+VH; primary homogeneous SAR backbone. Use only support points actually covered by each raster.,,
2019-05-12 17:22:33.701604+00:00,ascending,88,S1B_IW_GRDH_1SDV_20190512T172233_20190512T172258_016214_01E83D_F077_COG,sentinel-1b,2019,5,12,2019-05-12,True,stable_track_and_apr_sep_and_year_2015_2025,IW,VV|VH,,PRIMARY_VVVH,IW mode with VV+VH; primary homogeneous SAR backbone. Use only support points actually covered by each raster.,,
2019-05-18 17:22:58.227097+00:00,ascending,88,S1A_IW_GRDH_1SDV_20190518T172258_20190518T172323_027285_0313A8_AED9_COG,sentinel-1a,2019,5,18,2019-05-18,True,stable_track_and_apr_sep_and_year_2015_2025,IW,VV|VH,,PRIMARY_VVVH,IW mode with VV+VH; primary homogeneous SAR backbone. Use only support points actually covered by each raster.,,
2019-05-18 17:22:58.227161+00:00,ascending,88,S1A_IW_GRDH_1SDV_20190518T172258_20190518T172323_027285_0313A8_071B_COG,sentinel-1a,2019,5,18,2019-05-18,True,stable_track_and_apr_sep_and_year_2015_2025,IW,VV|VH,,PRIMARY_VVVH,IW mode with VV+VH; primary homogeneous SAR backbone. Use only support points actually covered by each raster.,,
2019-05-18 17:23:23.226264+00:00,ascending,88,S1A_IW_GRDH_1SDV_20190518T172323_20190518T172348_027285_0313A8_5620_COG,sentinel-1a,2019,5,18,2019-05-18,True,stable_track_and_apr_sep_and_year_2015_2025,IW,VV|VH,,PRIMARY_VVVH,IW mode with VV+VH; primary homogeneous SAR backbone. Use only support points actually covered by each raster.,,
2019-05-18 17:23:23.226335+00:00,ascending,88,S1A_IW_GRDH_1SDV_20190518T172323_20190518T172348_027285_0313A8_1C26_COG,sentinel-1a,2019,5,18,2019-05-18,True,stable_track_and_apr_sep_and_year_2015_2025,IW,VV|VH,,PRIMARY_VVVH,IW mode with VV+VH; primary homogeneous SAR backbone. Use only support points actually covered by each raster.,,
2019-05-24 17:22:09.479824+00:00,ascending,88,S1B_IW_GRDH_1SDV_20190524T172209_20190524T172234_016389_01EDA6_D0B1_COG,sentinel-1b,2019,5,24,2019-05-24,True,stable_track_and_apr_sep_and_year_2015_2025,IW,VV|VH,,PRIMARY_VVVH,IW mode with VV+VH; primary homogeneous SAR backbone. Use only support points actually covered by each raster.,,
2019-05-24 17:22:09.479948+00:00,ascending,88,S1B_IW_GRDH_1SDV_20190524T172209_20190524T172234_016389_01EDA6_1B97_COG,sentinel-1b,2019,5,24,2019-05-24,True,stable_track_and_apr_sep_and_year_2015_2025,IW,VV|VH,,PRIMARY_VVVH,IW mode with VV+VH; primary homogeneous SAR backbone. Use only support points actually covered by each raster.,,
2019-05-24 17:22:34.478958+00:00,ascending,88,S1B_IW_GRDH_1SDV_20190524T172234_20190524T172259_016389_01EDA6_A8CA_COG,sentinel-1b,2019,5,24,2019-05-24,True,stable_track_and_apr_sep_and_year_2015_2025,IW,VV|VH,,PRIMARY_VVVH,IW mode with VV+VH; primary homogeneous SAR backbone. Use only support points actually covered by each raster.,,
2019-05-24 17:22:34.479090+00:00,ascending,88,S1B_IW_GRDH_1SDV_20190524T172234_20190524T172259_016389_01EDA6_FD00_COG,sentinel-1b,2019,5,24,2019-05-24,True,stable_track_and_apr_sep_and_year_2015_2025,IW,VV|VH,,PRIMARY_VVVH,IW mode with VV+VH; primary homogeneous SAR backbone. Use only support points actually covered by each raster.,,
2019-05-30 17:22:58.733154+00:00,ascending,88,S1A_IW_GRDH_1SDV_20190530T172258_20190530T172323_027460_03191D_C7F0_COG,sentinel-1a,2019,5,30,2019-05-30,True,stable_track_and_apr_sep_and_year_2015_2025,IW,VV|VH,,PRIMARY_VVVH,IW mode with VV+VH; primary homogeneous SAR backbone. Use only support points actually covered by each raster.,,
2019-05-30 17:22:58.733322+00:00,ascending,88,S1A_IW_GRDH_1SDV_20190530T172258_20190530T172323_027460_03191D_46A7_COG,sentinel-1a,2019,5,30,2019-05-30,True,stable_track_and_apr_sep_and_year_2015_2025,IW,VV|VH,,PRIMARY_VVVH,IW mode with VV+VH; primary homogeneous SAR backbone. Use only support points actually covered by each raster.,,
2019-05-30 17:23:23.733656+00:00,ascending,88,S1A_IW_GRDH_1SDV_20190530T172323_20190530T172348_027460_03191D_8714_COG,sentinel-1a,2019,5,30,2019-05-30,True,stable_track_and_apr_sep_and_year_2015_2025,IW,VV|VH,,PRIMARY_VVVH,IW mode with VV+VH; primary homogeneous SAR backbone. Use only support points actually covered by each raster.,,
2019-05-30 17:23:23.733843+00:00,ascending,88,S1A_IW_GRDH_1SDV_20190530T172323_20190530T172348_027460_03191D_D756_COG,sentinel-1a,2019,5,30,2019-05-30,True,stable_track_and_apr_sep_and_year_2015_2025,IW,VV|VH,,PRIMARY_VVVH,IW mode with VV+VH; primary homogeneous SAR backbone. Use only support points actually covered by each raster.,,
2019-06-05 17:22:10.026559+00:00,ascending,88,S1B_IW_GRDH_1SDV_20190605T172210_20190605T172235_016564_01F2EB_D6DD_COG,sentinel-1b,2019,6,5,2019-06-05,True,stable_track_and_apr_sep_and_year_2015_2025,IW,VV|VH,,PRIMARY_VVVH,IW mode with VV+VH; primary homogeneous SAR backbone. Use only support points actually covered by each raster.,,
2019-06-05 17:22:10.026681+00:00,ascending,88,S1B_IW_GRDH_1SDV_20190605T172210_20190605T172235_016564_01F2EB_6F7D_COG,sentinel-1b,2019,6,5,2019-06-05,True,stable_track_and_apr_sep_and_year_2015_2025,IW,VV|VH,,PRIMARY_VVVH,IW mode with VV+VH; primary homogeneous SAR backbone. Use only support points actually covered by each raster.,,
2019-06-05 17:22:35.025588+00:00,ascending,88,S1B_IW_GRDH_1SDV_20190605T172235_20190605T172300_016564_01F2EB_174D_COG,sentinel-1b,2019,6,5,2019-06-05,True,stable_track_and_apr_sep_and_year_2015_2025,IW,VV|VH,,PRIMARY_VVVH,IW mode with VV+VH; primary homogeneous SAR backbone. Use only support points actually covered by each raster.,,
2019-06-05 17:22:35.025720+00:00,ascending,88,S1B_IW_GRDH_1SDV_20190605T172235_20190605T172300_016564_01F2EB_E09C_COG,sentinel-1b,2019,6,5,2019-06-05,True,stable_track_and_apr_sep_and_year_2015_2025,IW,VV|VH,,PRIMARY_VVVH,IW mode with VV+VH; primary homogeneous SAR backbone. Use only support points actually covered by each raster.,,
2019-06-11 17:22:59.225134+00:00,ascending,88,S1A_IW_GRDH_1SDV_20190611T172259_20190611T172324_027635_031E78_7D7D_COG,sentinel-1a,2019,6,11,2019-06-11,True,stable_track_and_apr_sep_and_year_2015_2025,IW,VV|VH,,PRIMARY_VVVH,IW mode with VV+VH; primary homogeneous SAR backbone. Use only support points actually covered by each raster.,,
2019-06-11 17:22:59.225312+00:00,ascending,88,S1A_IW_GRDH_1SDV_20190611T172259_20190611T172324_027635_031E78_5EF8_COG,sentinel-1a,2019,6,11,2019-06-11,True,stable_track_and_apr_sep_and_year_2015_2025,IW,VV|VH,,PRIMARY_VVVH,IW mode with VV+VH; primary homogeneous SAR backbone. Use only support points actually covered by each raster.,,
2019-06-11 17:23:24.224241+00:00,ascending,88,S1A_IW_GRDH_1SDV_20190611T172324_20190611T172349_027635_031E78_74BA_COG,sentinel-1a,2019,6,11,2019-06-11,True,stable_track_and_apr_sep_and_year_2015_2025,IW,VV|VH,,PRIMARY_VVVH,IW mode with VV+VH; primary homogeneous SAR backbone. Use only support points actually covered by each raster.,,
2019-06-11 17:23:24.224439+00:00,ascending,88,S1A_IW_GRDH_1SDV_20190611T172324_20190611T172349_027635_031E78_293F_COG,sentinel-1a,2019,6,11,2019-06-11,True,stable_track_and_apr_sep_and_year_2015_2025,IW,VV|VH,,PRIMARY_VVVH,IW mode with VV+VH; primary homogeneous SAR backbone. Use only support points actually covered by each raster.,,
2019-06-17 17:22:10.787535+00:00,ascending,88,S1B_IW_GRDH_1SDV_20190617T172210_20190617T172235_016739_01F81D_AE39_COG,sentinel-1b,2019,6,17,2019-06-17,True,stable_track_and_apr_sep_and_year_2015_2025,IW,VV|VH,,PRIMARY_VVVH,IW mode with VV+VH; primary homogeneous SAR backbone. Use only support points actually covered by each raster.,,
2019-06-17 17:22:10.787547+00:00,ascending,88,S1B_IW_GRDH_1SDV_20190617T172210_20190617T172235_016739_01F81D_C3C8_COG,sentinel-1b,2019,6,17,2019-06-17,True,stable_track_and_apr_sep_and_year_2015_2025,IW,VV|VH,,PRIMARY_VVVH,IW mode with VV+VH; primary homogeneous SAR backbone. Use only support points actually covered by each raster.,,
2019-06-17 17:22:35.788098+00:00,ascending,88,S1B_IW_GRDH_1SDV_20190617T172235_20190617T172300_016739_01F81D_B2C9_COG,sentinel-1b,2019,6,17,2019-06-17,True,stable_track_and_apr_sep_and_year_2015_2025,IW,VV|VH,,PRIMARY_VVVH,IW mode with VV+VH; primary homogeneous SAR backbone. Use only support points actually covered by each raster.,,
2019-06-17 17:22:35.788110+00:00,ascending,88,S1B_IW_GRDH_1SDV_20190617T172235_20190617T172300_016739_01F81D_9795_COG,sentinel-1b,2019,6,17,2019-06-17,True,stable_track_and_apr_sep_and_year_2015_2025,IW,VV|VH,,PRIMARY_VVVH,IW mode with VV+VH; primary homogeneous SAR backbone. Use only support points actually covered by each raster.,,
2019-06-23 17:23:00.099375+00:00,ascending,88,S1A_IW_GRDH_1SDV_20190623T172300_20190623T172325_027810_0323B0_9E25_COG,sentinel-1a,2019,6,23,2019-06-23,True,stable_track_and_apr_sep_and_year_2015_2025,IW,VV|VH,,PRIMARY_VVVH,IW mode with VV+VH; primary homogeneous SAR backbone. Use only support points actually covered by each raster.,,
2019-06-23 17:23:00.099453+00:00,ascending,88,S1A_IW_GRDH_1SDV_20190623T172300_20190623T172325_027810_0323B0_C6AE_COG,sentinel-1a,2019,6,23,2019-06-23,True,stable_track_and_apr_sep_and_year_2015_2025,IW,VV|VH,,PRIMARY_VVVH,IW mode with VV+VH; primary homogeneous SAR backbone. Use only support points actually covered by each raster.,,
2019-06-23 17:23:25.098340+00:00,ascending,88,S1A_IW_GRDH_1SDV_20190623T172325_20190623T172350_027810_0323B0_4052_COG,sentinel-1a,2019,6,23,2019-06-23,True,stable_track_and_apr_sep_and_year_2015_2025,IW,VV|VH,,PRIMARY_VVVH,IW mode with VV+VH; primary homogeneous SAR backbone. Use only support points actually covered by each raster.,,
2019-06-23 17:23:25.098426+00:00,ascending,88,S1A_IW_GRDH_1SDV_20190623T172325_20190623T172350_027810_0323B0_1DB0_COG,sentinel-1a,2019,6,23,2019-06-23,True,stable_track_and_apr_sep_and_year_2015_2025,IW,VV|VH,,PRIMARY_VVVH,IW mode with VV+VH; primary homogeneous SAR backbone. Use only support points actually covered by each raster.,,
2019-06-29 17:22:11.451776+00:00,ascending,88,S1B_IW_GRDH_1SDV_20190629T172211_20190629T172236_016914_01FD4C_250B_COG,sentinel-1b,2019,6,29,2019-06-29,True,stable_track_and_apr_sep_and_year_2015_2025,IW,VV|VH,,PRIMARY_VVVH,IW mode with VV+VH; primary homogeneous SAR backbone. Use only support points actually covered by each raster.,,
2019-06-29 17:22:11.452138+00:00,ascending,88,S1B_IW_GRDH_1SDV_20190629T172211_20190629T172236_016914_01FD4C_134D_COG,sentinel-1b,2019,6,29,2019-06-29,True,stable_track_and_apr_sep_and_year_2015_2025,IW,VV|VH,,PRIMARY_VVVH,IW mode with VV+VH; primary homogeneous SAR backbone. Use only support points actually covered by each raster.,,
2019-06-29 17:22:36.451244+00:00,ascending,88,S1B_IW_GRDH_1SDV_20190629T172236_20190629T172301_016914_01FD4C_8ACA_COG,sentinel-1b,2019,6,29,2019-06-29,True,stable_track_and_apr_sep_and_year_2015_2025,IW,VV|VH,,PRIMARY_VVVH,IW mode with VV+VH; primary homogeneous SAR backbone. Use only support points actually covered by each raster.,,
2019-06-29 17:22:36.451632+00:00,ascending,88,S1B_IW_GRDH_1SDV_20190629T172236_20190629T172301_016914_01FD4C_94CC_COG,sentinel-1b,2019,6,29,2019-06-29,True,stable_track_and_apr_sep_and_year_2015_2025,IW,VV|VH,,PRIMARY_VVVH,IW mode with VV+VH; primary homogeneous SAR backbone. Use only support points actually covered by each raster.,,
2019-07-05 17:23:00.870876+00:00,ascending,88,S1A_IW_GRDH_1SDV_20190705T172300_20190705T172325_027985_0328F9_70FE_COG,sentinel-1a,2019,7,5,2019-07-05,True,stable_track_and_apr_sep_and_year_2015_2025,IW,VV|VH,,PRIMARY_VVVH,IW mode with VV+VH; primary homogeneous SAR backbone. Use only support points actually covered by each raster.,,
2019-07-05 17:23:00.872147+00:00,ascending,88,S1A_IW_GRDH_1SDV_20190705T172300_20190705T172325_027985_0328F9_E730_COG,sentinel-1a,2019,7,5,2019-07-05,True,stable_track_and_apr_sep_and_year_2015_2025,IW,VV|VH,,PRIMARY_VVVH,IW mode with VV+VH; primary homogeneous SAR backbone. Use only support points actually covered by each raster.,,
2019-07-05 17:23:25.871473+00:00,ascending,88,S1A_IW_GRDH_1SDV_20190705T172325_20190705T172350_027985_0328F9_F980_COG,sentinel-1a,2019,7,5,2019-07-05,True,stable_track_and_apr_sep_and_year_2015_2025,IW,VV|VH,,PRIMARY_VVVH,IW mode with VV+VH; primary homogeneous SAR backbone. Use only support points actually covered by each raster.,,
2019-07-05 17:23:25.871724+00:00,ascending,88,S1A_IW_GRDH_1SDV_20190705T172325_20190705T172350_027985_0328F9_7D3B_COG,sentinel-1a,2019,7,5,2019-07-05,True,stable_track_and_apr_sep_and_year_2015_2025,IW,VV|VH,,PRIMARY_VVVH,IW mode with VV+VH; primary homogeneous SAR backbone. Use only support points actually covered by each raster.,,
2019-07-11 17:22:12.167516+00:00,ascending,88,S1B_IW_GRDH_1SDV_20190711T172212_20190711T172237_017089_020272_DFEA_COG,sentinel-1b,2019,7,11,2019-07-11,True,stable_track_and_apr_sep_and_year_2015_2025,IW,VV|VH,,PRIMARY_VVVH,IW mode with VV+VH; primary homogeneous SAR backbone. Use only support points actually covered by each raster.,,
2019-07-11 17:22:12.168651+00:00,ascending,88,S1B_IW_GRDH_1SDV_20190711T172212_20190711T172237_017089_020272_5C9E_COG,sentinel-1b,2019,7,11,2019-07-11,True,stable_track_and_apr_sep_and_year_2015_2025,IW,VV|VH,,PRIMARY_VVVH,IW mode with VV+VH; primary homogeneous SAR backbone. Use only support points actually covered by each raster.,,
2019-07-11 17:22:37.168093+00:00,ascending,88,S1B_IW_GRDH_1SDV_20190711T172237_20190711T172302_017089_020272_62A8_COG,sentinel-1b,2019,7,11,2019-07-11,True,stable_track_and_apr_sep_and_year_2015_2025,IW,VV|VH,,PRIMARY_VVVH,IW mode with VV+VH; primary homogeneous SAR backbone. Use only support points actually covered by each raster.,,
2019-07-11 17:22:37.168481+00:00,ascending,88,S1B_IW_GRDH_1SDV_20190711T172237_20190711T172302_017089_020272_815B_COG,sentinel-1b,2019,7,11,2019-07-11,True,stable_track_and_apr_sep_and_year_2015_2025,IW,VV|VH,,PRIMARY_VVVH,IW mode with VV+VH; primary homogeneous SAR backbone. Use only support points actually covered by each raster.,,
2019-07-17 17:23:01.678952+00:00,ascending,88,S1A_IW_GRDH_1SDV_20190717T172301_20190717T172326_028160_032E46_3D86_COG,sentinel-1a,2019,7,17,2019-07-17,True,stable_track_and_apr_sep_and_year_2015_2025,IW,VV|VH,,PRIMARY_VVVH,IW mode with VV+VH; primary homogeneous SAR backbone. Use only support points actually covered by each raster.,,
2019-07-17 17:23:01.679125+00:00,ascending,88,S1A_IW_GRDH_1SDV_20190717T172301_20190717T172326_028160_032E46_CD0F_COG,sentinel-1a,2019,7,17,2019-07-17,True,stable_track_and_apr_sep_and_year_2015_2025,IW,VV|VH,,PRIMARY_VVVH,IW mode with VV+VH; primary homogeneous SAR backbone. Use only support points actually covered by each raster.,,
2019-07-17 17:23:26.678384+00:00,ascending,88,S1A_IW_GRDH_1SDV_20190717T172326_20190717T172351_028160_032E46_A467_COG,sentinel-1a,2019,7,17,2019-07-17,True,stable_track_and_apr_sep_and_year_2015_2025,IW,VV|VH,,PRIMARY_VVVH,IW mode with VV+VH; primary homogeneous SAR backbone. Use only support points actually covered by each raster.,,
2019-07-17 17:23:26.679688+00:00,ascending,88,S1A_IW_GRDH_1SDV_20190717T172326_20190717T172351_028160_032E46_7FAE_COG,sentinel-1a,2019,7,17,2019-07-17,True,stable_track_and_apr_sep_and_year_2015_2025,IW,VV|VH,,PRIMARY_VVVH,IW mode with VV+VH; primary homogeneous SAR backbone. Use only support points actually covered by each raster.,,
2019-07-23 17:22:12.913020+00:00,ascending,88,S1B_IW_GRDH_1SDV_20190723T172212_20190723T172237_017264_020789_A008_COG,sentinel-1b,2019,7,23,2019-07-23,True,stable_track_and_apr_sep_and_year_2015_2025,IW,VV|VH,,PRIMARY_VVVH,IW mode with VV+VH; primary homogeneous SAR backbone. Use only support points actually covered by each raster.,,
2019-07-23 17:22:12.913389+00:00,ascending,88,S1B_IW_GRDH_1SDV_20190723T172212_20190723T172237_017264_020789_3628_COG,sentinel-1b,2019,7,23,2019-07-23,True,stable_track_and_apr_sep_and_year_2015_2025,IW,VV|VH,,PRIMARY_VVVH,IW mode with VV+VH; primary homogeneous SAR backbone. Use only support points actually covered by each raster.,,
2019-07-23 17:22:37.912528+00:00,ascending,88,S1B_IW_GRDH_1SDV_20190723T172237_20190723T172302_017264_020789_471C_COG,sentinel-1b,2019,7,23,2019-07-23,True,stable_track_and_apr_sep_and_year_2015_2025,IW,VV|VH,,PRIMARY_VVVH,IW mode with VV+VH; primary homogeneous SAR backbone. Use only support points actually covered by each raster.,,
2019-07-23 17:22:37.912924+00:00,ascending,88,S1B_IW_GRDH_1SDV_20190723T172237_20190723T172302_017264_020789_C06C_COG,sentinel-1b,2019,7,23,2019-07-23,True,stable_track_and_apr_sep_and_year_2015_2025,IW,VV|VH,,PRIMARY_VVVH,IW mode with VV+VH; primary homogeneous SAR backbone. Use only support points actually covered by each raster.,,
2019-07-29 17:23:02.352809+00:00,ascending,88,S1A_IW_GRDH_1SDV_20190729T172302_20190729T172327_028335_03339E_8816_COG,sentinel-1a,2019,7,29,2019-07-29,True,stable_track_and_apr_sep_and_year_2015_2025,IW,VV|VH,,PRIMARY_VVVH,IW mode with VV+VH; primary homogeneous SAR backbone. Use only support points actually covered by each raster.,,
2019-07-29 17:23:02.354093+00:00,ascending,88,S1A_IW_GRDH_1SDV_20190729T172302_20190729T172327_028335_03339E_22F6_COG,sentinel-1a,2019,7,29,2019-07-29,True,stable_track_and_apr_sep_and_year_2015_2025,IW,VV|VH,,PRIMARY_VVVH,IW mode with VV+VH; primary homogeneous SAR backbone. Use only support points actually covered by each raster.,,
2019-07-29 17:23:27.353409+00:00,ascending,88,S1A_IW_GRDH_1SDV_20190729T172327_20190729T172352_028335_03339E_6368_COG,sentinel-1a,2019,7,29,2019-07-29,True,stable_track_and_apr_sep_and_year_2015_2025,IW,VV|VH,,PRIMARY_VVVH,IW mode with VV+VH; primary homogeneous SAR backbone. Use only support points actually covered by each raster.,,
2019-07-29 17:23:27.353646+00:00,ascending,88,S1A_IW_GRDH_1SDV_20190729T172327_20190729T172352_028335_03339E_E799_COG,sentinel-1a,2019,7,29,2019-07-29,True,stable_track_and_apr_sep_and_year_2015_2025,IW,VV|VH,,PRIMARY_VVVH,IW mode with VV+VH; primary homogeneous SAR backbone. Use only support points actually covered by each raster.,,
2019-08-04 17:22:13.627988+00:00,ascending,88,S1B_IW_GRDH_1SDV_20190804T172213_20190804T172238_017439_020CCC_81C8_COG,sentinel-1b,2019,8,4,2019-08-04,True,stable_track_and_apr_sep_and_year_2015_2025,IW,VV|VH,,PRIMARY_VVVH,IW mode with VV+VH; primary homogeneous SAR backbone. Use only support points actually covered by each raster.,,
2019-08-04 17:22:13.628240+00:00,ascending,88,S1B_IW_GRDH_1SDV_20190804T172213_20190804T172238_017439_020CCC_27C8_COG,sentinel-1b,2019,8,4,2019-08-04,True,stable_track_and_apr_sep_and_year_2015_2025,IW,VV|VH,,PRIMARY_VVVH,IW mode with VV+VH; primary homogeneous SAR backbone. Use only support points actually covered by each raster.,,
2019-08-04 17:22:38.627534+00:00,ascending,88,S1B_IW_GRDH_1SDV_20190804T172238_20190804T172303_017439_020CCC_371D_COG,sentinel-1b,2019,8,4,2019-08-04,True,stable_track_and_apr_sep_and_year_2015_2025,IW,VV|VH,,PRIMARY_VVVH,IW mode with VV+VH; primary homogeneous SAR backbone. Use only support points actually covered by each raster.,,
2019-08-04 17:22:38.627805+00:00,ascending,88,S1B_IW_GRDH_1SDV_20190804T172238_20190804T172303_017439_020CCC_E57F_COG,sentinel-1b,2019,8,4,2019-08-04,True,stable_track_and_apr_sep_and_year_2015_2025,IW,VV|VH,,PRIMARY_VVVH,IW mode with VV+VH; primary homogeneous SAR backbone. Use only support points actually covered by each raster.,,
2019-08-10 17:23:03.344650+00:00,ascending,88,S1A_IW_GRDH_1SDV_20190810T172303_20190810T172328_028510_033918_6B55_COG,sentinel-1a,2019,8,10,2019-08-10,True,stable_track_and_apr_sep_and_year_2015_2025,IW,VV|VH,,PRIMARY_VVVH,IW mode with VV+VH; primary homogeneous SAR backbone. Use only support points actually covered by each raster.,,
2019-08-10 17:23:03.344830+00:00,ascending,88,S1A_IW_GRDH_1SDV_20190810T172303_20190810T172328_028510_033918_CE76_COG,sentinel-1a,2019,8,10,2019-08-10,True,stable_track_and_apr_sep_and_year_2015_2025,IW,VV|VH,,PRIMARY_VVVH,IW mode with VV+VH; primary homogeneous SAR backbone. Use only support points actually covered by each raster.,,
2019-08-10 17:23:28.344089+00:00,ascending,88,S1A_IW_GRDH_1SDV_20190810T172328_20190810T172353_028510_033918_8271_COG,sentinel-1a,2019,8,10,2019-08-10,True,stable_track_and_apr_sep_and_year_2015_2025,IW,VV|VH,,PRIMARY_VVVH,IW mode with VV+VH; primary homogeneous SAR backbone. Use only support points actually covered by each raster.,,
2019-08-10 17:23:28.345388+00:00,ascending,88,S1A_IW_GRDH_1SDV_20190810T172328_20190810T172353_028510_033918_3015_COG,sentinel-1a,2019,8,10,2019-08-10,True,stable_track_and_apr_sep_and_year_2015_2025,IW,VV|VH,,PRIMARY_VVVH,IW mode with VV+VH; primary homogeneous SAR backbone. Use only support points actually covered by each raster.,,
2019-08-16 17:22:14.441274+00:00,ascending,88,S1B_IW_GRDH_1SDV_20190816T172214_20190816T172239_017614_021234_5960_COG,sentinel-1b,2019,8,16,2019-08-16,True,stable_track_and_apr_sep_and_year_2015_2025,IW,VV|VH,,PRIMARY_VVVH,IW mode with VV+VH; primary homogeneous SAR backbone. Use only support points actually covered by each raster.,,
2019-08-16 17:22:14.441418+00:00,ascending,88,S1B_IW_GRDH_1SDV_20190816T172214_20190816T172239_017614_021234_5F4A_COG,sentinel-1b,2019,8,16,2019-08-16,True,stable_track_and_apr_sep_and_year_2015_2025,IW,VV|VH,,PRIMARY_VVVH,IW mode with VV+VH; primary homogeneous SAR backbone. Use only support points actually covered by each raster.,,
2019-08-16 17:22:39.440709+00:00,ascending,88,S1B_IW_GRDH_1SDV_20190816T172239_20190816T172304_017614_021234_5A8D_COG,sentinel-1b,2019,8,16,2019-08-16,True,stable_track_and_apr_sep_and_year_2015_2025,IW,VV|VH,,PRIMARY_VVVH,IW mode with VV+VH; primary homogeneous SAR backbone. Use only support points actually covered by each raster.,,
2019-08-16 17:22:39.440863+00:00,ascending,88,S1B_IW_GRDH_1SDV_20190816T172239_20190816T172304_017614_021234_6899_COG,sentinel-1b,2019,8,16,2019-08-16,True,stable_track_and_apr_sep_and_year_2015_2025,IW,VV|VH,,PRIMARY_VVVH,IW mode with VV+VH; primary homogeneous SAR backbone. Use only support points actually covered by each raster.,,
2019-08-22 17:23:03.949544+00:00,ascending,88,S1A_IW_GRDH_1SDV_20190822T172303_20190822T172328_028685_033F24_2CB9_COG,sentinel-1a,2019,8,22,2019-08-22,True,stable_track_and_apr_sep_and_year_2015_2025,IW,VV|VH,,PRIMARY_VVVH,IW mode with VV+VH; primary homogeneous SAR backbone. Use only support points actually covered by each raster.,,
2019-08-22 17:23:03.949750+00:00,ascending,88,S1A_IW_GRDH_1SDV_20190822T172303_20190822T172328_028685_033F24_6163_COG,sentinel-1a,2019,8,22,2019-08-22,True,stable_track_and_apr_sep_and_year_2015_2025,IW,VV|VH,,PRIMARY_VVVH,IW mode with VV+VH; primary homogeneous SAR backbone. Use only support points actually covered by each raster.,,
2019-08-22 17:23:28.948865+00:00,ascending,88,S1A_IW_GRDH_1SDV_20190822T172328_20190822T172353_028685_033F24_EC86_COG,sentinel-1a,2019,8,22,2019-08-22,True,stable_track_and_apr_sep_and_year_2015_2025,IW,VV|VH,,PRIMARY_VVVH,IW mode with VV+VH; primary homogeneous SAR backbone. Use only support points actually covered by each raster.,,
2019-08-22 17:23:28.949094+00:00,ascending,88,S1A_IW_GRDH_1SDV_20190822T172328_20190822T172353_028685_033F24_0730_COG,sentinel-1a,2019,8,22,2019-08-22,True,stable_track_and_apr_sep_and_year_2015_2025,IW,VV|VH,,PRIMARY_VVVH,IW mode with VV+VH; primary homogeneous SAR backbone. Use only support points actually covered by each raster.,,
2019-08-28 17:22:14.873423+00:00,ascending,88,S1B_IW_GRDH_1SDV_20190828T172214_20190828T172239_017789_0217A2_11FE_COG,sentinel-1b,2019,8,28,2019-08-28,True,stable_track_and_apr_sep_and_year_2015_2025,IW,VV|VH,,PRIMARY_VVVH,IW mode with VV+VH; primary homogeneous SAR backbone. Use only support points actually covered by each raster.,,
2019-08-28 17:22:14.873761+00:00,ascending,88,S1B_IW_GRDH_1SDV_20190828T172214_20190828T172239_017789_0217A2_2710_COG,sentinel-1b,2019,8,28,2019-08-28,True,stable_track_and_apr_sep_and_year_2015_2025,IW,VV|VH,,PRIMARY_VVVH,IW mode with VV+VH; primary homogeneous SAR backbone. Use only support points actually covered by each raster.,,
2019-08-28 17:22:39.872944+00:00,ascending,88,S1B_IW_GRDH_1SDV_20190828T172239_20190828T172304_017789_0217A2_CAE9_COG,sentinel-1b,2019,8,28,2019-08-28,True,stable_track_and_apr_sep_and_year_2015_2025,IW,VV|VH,,PRIMARY_VVVH,IW mode with VV+VH; primary homogeneous SAR backbone. Use only support points actually covered by each raster.,,
2019-08-28 17:22:39.873306+00:00,ascending,88,S1B_IW_GRDH_1SDV_20190828T172239_20190828T172304_017789_0217A2_9BD8_COG,sentinel-1b,2019,8,28,2019-08-28,True,stable_track_and_apr_sep_and_year_2015_2025,IW,VV|VH,,PRIMARY_VVVH,IW mode with VV+VH; primary homogeneous SAR backbone. Use only support points actually covered by each raster.,,
2019-09-03 17:23:04.462446+00:00,ascending,88,S1A_IW_GRDH_1SDV_20190903T172304_20190903T172329_028860_034540_8FF3_COG,sentinel-1a,2019,9,3,2019-09-03,True,stable_track_and_apr_sep_and_year_2015_2025,IW,VV|VH,,PRIMARY_VVVH,IW mode with VV+VH; primary homogeneous SAR backbone. Use only support points actually covered by each raster.,,
2019-09-03 17:23:04.462704+00:00,ascending,88,S1A_IW_GRDH_1SDV_20190903T172304_20190903T172329_028860_034540_2D6C_COG,sentinel-1a,2019,9,3,2019-09-03,True,stable_track_and_apr_sep_and_year_2015_2025,IW,VV|VH,,PRIMARY_VVVH,IW mode with VV+VH; primary homogeneous SAR backbone. Use only support points actually covered by each raster.,,
2019-09-03 17:23:29.461759+00:00,ascending,88,S1A_IW_GRDH_1SDV_20190903T172329_20190903T172354_028860_034540_E0B9_COG,sentinel-1a,2019,9,3,2019-09-03,True,stable_track_and_apr_sep_and_year_2015_2025,IW,VV|VH,,PRIMARY_VVVH,IW mode with VV+VH; primary homogeneous SAR backbone. Use only support points actually covered by each raster.,,
2019-09-03 17:23:29.462045+00:00,ascending,88,S1A_IW_GRDH_1SDV_20190903T172329_20190903T172354_028860_034540_D7C4_COG,sentinel-1a,2019,9,3,2019-09-03,True,stable_track_and_apr_sep_and_year_2015_2025,IW,VV|VH,,PRIMARY_VVVH,IW mode with VV+VH; primary homogeneous SAR backbone. Use only support points actually covered by each raster.,,
2019-09-09 17:22:15.673688+00:00,ascending,88,S1B_IW_GRDH_1SDV_20190909T172215_20190909T172240_017964_021D21_4E56_COG,sentinel-1b,2019,9,9,2019-09-09,True,stable_track_and_apr_sep_and_year_2015_2025,IW,VV|VH,,PRIMARY_VVVH,IW mode with VV+VH; primary homogeneous SAR backbone. Use only support points actually covered by each raster.,,
2019-09-09 17:22:15.673940+00:00,ascending,88,S1B_IW_GRDH_1SDV_20190909T172215_20190909T172240_017964_021D21_8E49_COG,sentinel-1b,2019,9,9,2019-09-09,True,stable_track_and_apr_sep_and_year_2015_2025,IW,VV|VH,,PRIMARY_VVVH,IW mode with VV+VH; primary homogeneous SAR backbone. Use only support points actually covered by each raster.,,
2019-09-09 17:22:40.673210+00:00,ascending,88,S1B_IW_GRDH_1SDV_20190909T172240_20190909T172305_017964_021D21_58CD_COG,sentinel-1b,2019,9,9,2019-09-09,True,stable_track_and_apr_sep_and_year_2015_2025,IW,VV|VH,,PRIMARY_VVVH,IW mode with VV+VH; primary homogeneous SAR backbone. Use only support points actually covered by each raster.,,
2019-09-09 17:22:40.673480+00:00,ascending,88,S1B_IW_GRDH_1SDV_20190909T172240_20190909T172305_017964_021D21_CDED_COG,sentinel-1b,2019,9,9,2019-09-09,True,stable_track_and_apr_sep_and_year_2015_2025,IW,VV|VH,,PRIMARY_VVVH,IW mode with VV+VH; primary homogeneous SAR backbone. Use only support points actually covered by each raster.,,
2019-09-15 17:23:04.902787+00:00,ascending,88,S1A_IW_GRDH_1SDV_20190915T172304_20190915T172329_029035_034B57_16B1_COG,sentinel-1a,2019,9,15,2019-09-15,True,stable_track_and_apr_sep_and_year_2015_2025,IW,VV|VH,,PRIMARY_VVVH,IW mode with VV+VH; primary homogeneous SAR backbone. Use only support points actually covered by each raster.,,
2019-09-15 17:23:04.902999+00:00,ascending,88,S1A_IW_GRDH_1SDV_20190915T172304_20190915T172329_029035_034B57_406F_COG,sentinel-1a,2019,9,15,2019-09-15,True,stable_track_and_apr_sep_and_year_2015_2025,IW,VV|VH,,PRIMARY_VVVH,IW mode with VV+VH; primary homogeneous SAR backbone. Use only support points actually covered by each raster.,,
2019-09-15 17:23:29.902071+00:00,ascending,88,S1A_IW_GRDH_1SDV_20190915T172329_20190915T172354_029035_034B57_8EFA_COG,sentinel-1a,2019,9,15,2019-09-15,True,stable_track_and_apr_sep_and_year_2015_2025,IW,VV|VH,,PRIMARY_VVVH,IW mode with VV+VH; primary homogeneous SAR backbone. Use only support points actually covered by each raster.,,
2019-09-15 17:23:29.902307+00:00,ascending,88,S1A_IW_GRDH_1SDV_20190915T172329_20190915T172354_029035_034B57_3E97_COG,sentinel-1a,2019,9,15,2019-09-15,True,stable_track_and_apr_sep_and_year_2015_2025,IW,VV|VH,,PRIMARY_VVVH,IW mode with VV+VH; primary homogeneous SAR backbone. Use only support points actually covered by each raster.,,
2019-09-21 17:22:16.021878+00:00,ascending,88,S1B_IW_GRDH_1SDV_20190921T172216_20190921T172241_018139_02228B_AC89_COG,sentinel-1b,2019,9,21,2019-09-21,True,stable_track_and_apr_sep_and_year_2015_2025,IW,VV|VH,,PRIMARY_VVVH,IW mode with VV+VH; primary homogeneous SAR backbone. Use only support points actually covered by each raster.,,
2019-09-21 17:22:16.022169+00:00,ascending,88,S1B_IW_GRDH_1SDV_20190921T172216_20190921T172241_018139_02228B_D2AC_COG,sentinel-1b,2019,9,21,2019-09-21,True,stable_track_and_apr_sep_and_year_2015_2025,IW,VV|VH,,PRIMARY_VVVH,IW mode with VV+VH; primary homogeneous SAR backbone. Use only support points actually covered by each raster.,,
2019-09-21 17:22:41.021697+00:00,ascending,88,S1B_IW_GRDH_1SDV_20190921T172241_20190921T172306_018139_02228B_B8EE_COG,sentinel-1b,2019,9,21,2019-09-21,True,stable_track_and_apr_sep_and_year_2015_2025,IW,VV|VH,,PRIMARY_VVVH,IW mode with VV+VH; primary homogeneous SAR backbone. Use only support points actually covered by each raster.,,
2019-09-21 17:22:41.022883+00:00,ascending,88,S1B_IW_GRDH_1SDV_20190921T172241_20190921T172306_018139_02228B_0A61_COG,sentinel-1b,2019,9,21,2019-09-21,True,stable_track_and_apr_sep_and_year_2015_2025,IW,VV|VH,,PRIMARY_VVVH,IW mode with VV+VH; primary homogeneous SAR backbone. Use only support points actually covered by each raster.,,
2019-09-27 17:23:05.536252+00:00,ascending,88,S1A_IW_GRDH_1SDV_20190927T172305_20190927T172330_029210_03514C_1A44_COG,sentinel-1a,2019,9,27,2019-09-27,True,stable_track_and_apr_sep_and_year_2015_2025,IW,VV|VH,,PRIMARY_VVVH,IW mode with VV+VH; primary homogeneous SAR backbone. Use only support points actually covered by each raster.,,
2019-09-27 17:23:05.536588+00:00,ascending,88,S1A_IW_GRDH_1SDV_20190927T172305_20190927T172330_029210_03514C_617F_COG,sentinel-1a,2019,9,27,2019-09-27,True,stable_track_and_apr_sep_and_year_2015_2025,IW,VV|VH,,PRIMARY_VVVH,IW mode with VV+VH; primary homogeneous SAR backbone. Use only support points actually covered by each raster.,,
2019-09-27 17:23:30.537098+00:00,ascending,88,S1A_IW_GRDH_1SDV_20190927T172330_20190927T172355_029210_03514C_6CF2_COG,sentinel-1a,2019,9,27,2019-09-27,True,stable_track_and_apr_sep_and_year_2015_2025,IW,VV|VH,,PRIMARY_VVVH,IW mode with VV+VH; primary homogeneous SAR backbone. Use only support points actually covered by each raster.,,
2019-09-27 17:23:30.537472+00:00,ascending,88,S1A_IW_GRDH_1SDV_20190927T172330_20190927T172355_029210_03514C_EEE8_COG,sentinel-1a,2019,9,27,2019-09-27,True,stable_track_and_apr_sep_and_year_2015_2025,IW,VV|VH,,PRIMARY_VVVH,IW mode with VV+VH; primary homogeneous SAR backbone. Use only support points actually covered by each raster.,,
2019-04-05 05:34:39.079567+00:00,descending,66,S1B_IW_GRDH_1SDV_20190405T053439_20190405T053504_015667_01D631_835A_COG,sentinel-1b,2019,4,5,2019-04-05,True,stable_track_and_apr_sep_and_year_2015_2025,IW,VV|VH,,PRIMARY_VVVH,IW mode with VV+VH; primary homogeneous SAR backbone. Use only support points actually covered by each raster.,,
2019-04-05 05:34:39.079767+00:00,descending,66,S1B_IW_GRDH_1SDV_20190405T053439_20190405T053504_015667_01D631_FDE8_COG,sentinel-1b,2019,4,5,2019-04-05,True,stable_track_and_apr_sep_and_year_2015_2025,IW,VV|VH,,PRIMARY_VVVH,IW mode with VV+VH; primary homogeneous SAR backbone. Use only support points actually covered by each raster.,,
2019-04-05 05:35:04.080140+00:00,descending,66,S1B_IW_GRDH_1SDV_20190405T053504_20190405T053529_015667_01D631_3B5F_COG,sentinel-1b,2019,4,5,2019-04-05,True,stable_track_and_apr_sep_and_year_2015_2025,IW,VV|VH,,PRIMARY_VVVH,IW mode with VV+VH; primary homogeneous SAR backbone. Use only support points actually covered by each raster.,,
2019-04-05 05:35:04.080362+00:00,descending,66,S1B_IW_GRDH_1SDV_20190405T053504_20190405T053529_015667_01D631_9F91_COG,sentinel-1b,2019,4,5,2019-04-05,True,stable_track_and_apr_sep_and_year_2015_2025,IW,VV|VH,,PRIMARY_VVVH,IW mode with VV+VH; primary homogeneous SAR backbone. Use only support points actually covered by each raster.,,
2019-04-11 05:35:17.055386+00:00,descending,66,S1A_IW_GRDH_1SDV_20190411T053517_20190411T053542_026738_0300AB_08CA_COG,sentinel-1a,2019,4,11,2019-04-11,True,stable_track_and_apr_sep_and_year_2015_2025,IW,VV|VH,,PRIMARY_VVVH,IW mode with VV+VH; primary homogeneous SAR backbone. Use only support points actually covered by each raster.,,
2019-04-11 05:35:20.878480+00:00,descending,66,S1A_IW_GRDH_1SDV_20190411T053520_20190411T053545_026738_0300AB_7F1A_COG,sentinel-1a,2019,4,11,2019-04-11,True,stable_track_and_apr_sep_and_year_2015_2025,IW,VV|VH,,PRIMARY_VVVH,IW mode with VV+VH; primary homogeneous SAR backbone. Use only support points actually covered by each raster.,,
2019-04-11 05:35:42.054640+00:00,descending,66,S1A_IW_GRDH_1SDV_20190411T053542_20190411T053607_026738_0300AB_7C6C_COG,sentinel-1a,2019,4,11,2019-04-11,True,stable_track_and_apr_sep_and_year_2015_2025,IW,VV|VH,,PRIMARY_VVVH,IW mode with VV+VH; primary homogeneous SAR backbone. Use only support points actually covered by each raster.,,
2019-04-11 05:35:45.877695+00:00,descending,66,S1A_IW_GRDH_1SDV_20190411T053545_20190411T053610_026738_0300AB_7F4C_COG,sentinel-1a,2019,4,11,2019-04-11,True,stable_track_and_apr_sep_and_year_2015_2025,IW,VV|VH,,PRIMARY_VVVH,IW mode with VV+VH; primary homogeneous SAR backbone. Use only support points actually covered by each raster.,,
2019-04-17 05:34:39.334005+00:00,descending,66,S1B_IW_GRDH_1SDV_20190417T053439_20190417T053504_015842_01DC01_80ED_COG,sentinel-1b,2019,4,17,2019-04-17,True,stable_track_and_apr_sep_and_year_2015_2025,IW,VV|VH,,PRIMARY_VVVH,IW mode with VV+VH; primary homogeneous SAR backbone. Use only support points actually covered by each raster.,,
2019-04-17 05:34:39.334232+00:00,descending,66,S1B_IW_GRDH_1SDV_20190417T053439_20190417T053504_015842_01DC01_4D36_COG,sentinel-1b,2019,4,17,2019-04-17,True,stable_track_and_apr_sep_and_year_2015_2025,IW,VV|VH,,PRIMARY_VVVH,IW mode with VV+VH; primary homogeneous SAR backbone. Use only support points actually covered by each raster.,,
2019-04-17 05:35:04.333161+00:00,descending,66,S1B_IW_GRDH_1SDV_20190417T053504_20190417T053529_015842_01DC01_23AE_COG,sentinel-1b,2019,4,17,2019-04-17,True,stable_track_and_apr_sep_and_year_2015_2025,IW,VV|VH,,PRIMARY_VVVH,IW mode with VV+VH; primary homogeneous SAR backbone. Use only support points actually covered by each raster.,,
2019-04-17 05:35:04.333413+00:00,descending,66,S1B_IW_GRDH_1SDV_20190417T053504_20190417T053529_015842_01DC01_B61B_COG,sentinel-1b,2019,4,17,2019-04-17,True,stable_track_and_apr_sep_and_year_2015_2025,IW,VV|VH,,PRIMARY_VVVH,IW mode with VV+VH; primary homogeneous SAR backbone. Use only support points actually covered by each raster.,,
2019-04-23 05:35:17.794007+00:00,descending,66,S1A_IW_GRDH_1SDV_20190423T053517_20190423T053542_026913_030702_16F4_COG,sentinel-1a,2019,4,23,2019-04-23,True,stable_track_and_apr_sep_and_year_2015_2025,IW,VV|VH,,PRIMARY_VVVH,IW mode with VV+VH; primary homogeneous SAR backbone. Use only support points actually covered by each raster.,,
2019-04-23 05:35:20.948528+00:00,descending,66,S1A_IW_GRDH_1SDV_20190423T053520_20190423T053545_026913_030702_D81A_COG,sentinel-1a,2019,4,23,2019-04-23,True,stable_track_and_apr_sep_and_year_2015_2025,IW,VV|VH,,PRIMARY_VVVH,IW mode with VV+VH; primary homogeneous SAR backbone. Use only support points actually covered by each raster.,,
2019-04-23 05:35:42.793345+00:00,descending,66,S1A_IW_GRDH_1SDV_20190423T053542_20190423T053607_026913_030702_3B91_COG,sentinel-1a,2019,4,23,2019-04-23,True,stable_track_and_apr_sep_and_year_2015_2025,IW,VV|VH,,PRIMARY_VVVH,IW mode with VV+VH; primary homogeneous SAR backbone. Use only support points actually covered by each raster.,,
2019-04-23 05:35:45.948524+00:00,descending,66,S1A_IW_GRDH_1SDV_20190423T053545_20190423T053610_026913_030702_2144_COG,sentinel-1a,2019,4,23,2019-04-23,True,stable_track_and_apr_sep_and_year_2015_2025,IW,VV|VH,,PRIMARY_VVVH,IW mode with VV+VH; primary homogeneous SAR backbone. Use only support points actually covered by each raster.,,
2019-04-29 05:34:40.135701+00:00,descending,66,S1B_IW_GRDH_1SDV_20190429T053440_20190429T053505_016017_01E1D1_5652_COG,sentinel-1b,2019,4,29,2019-04-29,True,stable_track_and_apr_sep_and_year_2015_2025,IW,VV|VH,,PRIMARY_VVVH,IW mode with VV+VH; primary homogeneous SAR backbone. Use only support points actually covered by each raster.,,
2019-04-29 05:34:40.135709+00:00,descending,66,S1B_IW_GRDH_1SDV_20190429T053440_20190429T053505_016017_01E1D1_7F9F_COG,sentinel-1b,2019,4,29,2019-04-29,True,stable_track_and_apr_sep_and_year_2015_2025,IW,VV|VH,,PRIMARY_VVVH,IW mode with VV+VH; primary homogeneous SAR backbone. Use only support points actually covered by each raster.,,
2019-04-29 05:35:05.135386+00:00,descending,66,S1B_IW_GRDH_1SDV_20190429T053505_20190429T053530_016017_01E1D1_58A3_COG,sentinel-1b,2019,4,29,2019-04-29,True,stable_track_and_apr_sep_and_year_2015_2025,IW,VV|VH,,PRIMARY_VVVH,IW mode with VV+VH; primary homogeneous SAR backbone. Use only support points actually covered by each raster.,,
2019-04-29 05:35:05.135395+00:00,descending,66,S1B_IW_GRDH_1SDV_20190429T053505_20190429T053530_016017_01E1D1_6402_COG,sentinel-1b,2019,4,29,2019-04-29,True,stable_track_and_apr_sep_and_year_2015_2025,IW,VV|VH,,PRIMARY_VVVH,IW mode with VV+VH; primary homogeneous SAR backbone. Use only support points actually covered by each raster.,,
2019-05-05 05:35:18.135372+00:00,descending,66,S1A_IW_GRDH_1SDV_20190505T053518_20190505T053543_027088_030D62_F48E_COG,sentinel-1a,2019,5,5,2019-05-05,True,stable_track_and_apr_sep_and_year_2015_2025,IW,VV|VH,,PRIMARY_VVVH,IW mode with VV+VH; primary homogeneous SAR backbone. Use only support points actually covered by each raster.,,
2019-05-05 05:35:20.967478+00:00,descending,66,S1A_IW_GRDH_1SDV_20190505T053520_20190505T053545_027088_030D62_E2C1_COG,sentinel-1a,2019,5,5,2019-05-05,True,stable_track_and_apr_sep_and_year_2015_2025,IW,VV|VH,,PRIMARY_VVVH,IW mode with VV+VH; primary homogeneous SAR backbone. Use only support points actually covered by each raster.,,
2019-05-05 05:35:43.136046+00:00,descending,66,S1A_IW_GRDH_1SDV_20190505T053543_20190505T053608_027088_030D62_9CFE_COG,sentinel-1a,2019,5,5,2019-05-05,True,stable_track_and_apr_sep_and_year_2015_2025,IW,VV|VH,,PRIMARY_VVVH,IW mode with VV+VH; primary homogeneous SAR backbone. Use only support points actually covered by each raster.,,
2019-05-05 05:35:45.967433+00:00,descending,66,S1A_IW_GRDH_1SDV_20190505T053545_20190505T053610_027088_030D62_1578_COG,sentinel-1a,2019,5,5,2019-05-05,True,stable_track_and_apr_sep_and_year_2015_2025,IW,VV|VH,,PRIMARY_VVVH,IW mode with VV+VH; primary homogeneous SAR backbone. Use only support points actually covered by each raster.,,
2019-05-11 05:34:40.345139+00:00,descending,66,S1B_IW_GRDH_1SDV_20190511T053440_20190511T053505_016192_01E786_B238_COG,sentinel-1b,2019,5,11,2019-05-11,True,stable_track_and_apr_sep_and_year_2015_2025,IW,VV|VH,,PRIMARY_VVVH,IW mode with VV+VH; primary homogeneous SAR backbone. Use only support points actually covered by each raster.,,
2019-05-11 05:34:40.346319+00:00,descending,66,S1B_IW_GRDH_1SDV_20190511T053440_20190511T053505_016192_01E786_0DAD_COG,sentinel-1b,2019,5,11,2019-05-11,True,stable_track_and_apr_sep_and_year_2015_2025,IW,VV|VH,,PRIMARY_VVVH,IW mode with VV+VH; primary homogeneous SAR backbone. Use only support points actually covered by each raster.,,
2019-05-11 05:35:05.346009+00:00,descending,66,S1B_IW_GRDH_1SDV_20190511T053505_20190511T053530_016192_01E786_EB45_COG,sentinel-1b,2019,5,11,2019-05-11,True,stable_track_and_apr_sep_and_year_2015_2025,IW,VV|VH,,PRIMARY_VVVH,IW mode with VV+VH; primary homogeneous SAR backbone. Use only support points actually covered by each raster.,,
2019-05-11 05:35:05.346362+00:00,descending,66,S1B_IW_GRDH_1SDV_20190511T053505_20190511T053530_016192_01E786_4692_COG,sentinel-1b,2019,5,11,2019-05-11,True,stable_track_and_apr_sep_and_year_2015_2025,IW,VV|VH,,PRIMARY_VVVH,IW mode with VV+VH; primary homogeneous SAR backbone. Use only support points actually covered by each raster.,,
2019-05-17 05:35:18.752729+00:00,descending,66,S1A_IW_GRDH_1SDV_20190517T053518_20190517T053543_027263_0312F1_84F0_COG,sentinel-1a,2019,5,17,2019-05-17,True,stable_track_and_apr_sep_and_year_2015_2025,IW,VV|VH,,PRIMARY_VVVH,IW mode with VV+VH; primary homogeneous SAR backbone. Use only support points actually covered by each raster.,,
2019-05-17 05:35:21.031580+00:00,descending,66,S1A_IW_GRDH_1SDV_20190517T053521_20190517T053546_027263_0312F1_FB36_COG,sentinel-1a,2019,5,17,2019-05-17,True,stable_track_and_apr_sep_and_year_2015_2025,IW,VV|VH,,PRIMARY_VVVH,IW mode with VV+VH; primary homogeneous SAR backbone. Use only support points actually covered by each raster.,,
2019-05-17 05:35:43.752107+00:00,descending,66,S1A_IW_GRDH_1SDV_20190517T053543_20190517T053608_027263_0312F1_BBCC_COG,sentinel-1a,2019,5,17,2019-05-17,True,stable_track_and_apr_sep_and_year_2015_2025,IW,VV|VH,,PRIMARY_VVVH,IW mode with VV+VH; primary homogeneous SAR backbone. Use only support points actually covered by each raster.,,
2019-05-17 05:35:46.032491+00:00,descending,66,S1A_IW_GRDH_1SDV_20190517T053546_20190517T053611_027263_0312F1_C302_COG,sentinel-1a,2019,5,17,2019-05-17,True,stable_track_and_apr_sep_and_year_2015_2025,IW,VV|VH,,PRIMARY_VVVH,IW mode with VV+VH; primary homogeneous SAR backbone. Use only support points actually covered by each raster.,,
2019-05-23 05:34:41.189343+00:00,descending,66,S1B_IW_GRDH_1SDV_20190523T053441_20190523T053506_016367_01ECEF_2491_COG,sentinel-1b,2019,5,23,2019-05-23,True,stable_track_and_apr_sep_and_year_2015_2025,IW,VV|VH,,PRIMARY_VVVH,IW mode with VV+VH; primary homogeneous SAR backbone. Use only support points actually covered by each raster.,,
2019-05-23 05:34:41.189590+00:00,descending,66,S1B_IW_GRDH_1SDV_20190523T053441_20190523T053506_016367_01ECEF_B750_COG,sentinel-1b,2019,5,23,2019-05-23,True,stable_track_and_apr_sep_and_year_2015_2025,IW,VV|VH,,PRIMARY_VVVH,IW mode with VV+VH; primary homogeneous SAR backbone. Use only support points actually covered by each raster.,,
2019-05-23 05:35:06.188909+00:00,descending,66,S1B_IW_GRDH_1SDV_20190523T053506_20190523T053531_016367_01ECEF_6D64_COG,sentinel-1b,2019,5,23,2019-05-23,True,stable_track_and_apr_sep_and_year_2015_2025,IW,VV|VH,,PRIMARY_VVVH,IW mode with VV+VH; primary homogeneous SAR backbone. Use only support points actually covered by each raster.,,
2019-05-23 05:35:06.189183+00:00,descending,66,S1B_IW_GRDH_1SDV_20190523T053506_20190523T053531_016367_01ECEF_9566_COG,sentinel-1b,2019,5,23,2019-05-23,True,stable_track_and_apr_sep_and_year_2015_2025,IW,VV|VH,,PRIMARY_VVVH,IW mode with VV+VH; primary homogeneous SAR backbone. Use only support points actually covered by each raster.,,
2019-05-29 05:35:19.260792+00:00,descending,66,S1A_IW_GRDH_1SDV_20190529T053519_20190529T053544_027438_031868_E82C_COG,sentinel-1a,2019,5,29,2019-05-29,True,stable_track_and_apr_sep_and_year_2015_2025,IW,VV|VH,,PRIMARY_VVVH,IW mode with VV+VH; primary homogeneous SAR backbone. Use only support points actually covered by each raster.,,
2019-05-29 05:35:20.725461+00:00,descending,66,S1A_IW_GRDH_1SDV_20190529T053520_20190529T053545_027438_031868_5020_COG,sentinel-1a,2019,5,29,2019-05-29,True,stable_track_and_apr_sep_and_year_2015_2025,IW,VV|VH,,PRIMARY_VVVH,IW mode with VV+VH; primary homogeneous SAR backbone. Use only support points actually covered by each raster.,,
2019-05-29 05:35:44.259989+00:00,descending,66,S1A_IW_GRDH_1SDV_20190529T053544_20190529T053609_027438_031868_2D24_COG,sentinel-1a,2019,5,29,2019-05-29,True,stable_track_and_apr_sep_and_year_2015_2025,IW,VV|VH,,PRIMARY_VVVH,IW mode with VV+VH; primary homogeneous SAR backbone. Use only support points actually covered by each raster.,,
2019-05-29 05:35:45.725648+00:00,descending,66,S1A_IW_GRDH_1SDV_20190529T053545_20190529T053610_027438_031868_F667_COG,sentinel-1a,2019,5,29,2019-05-29,True,stable_track_and_apr_sep_and_year_2015_2025,IW,VV|VH,,PRIMARY_VVVH,IW mode with VV+VH; primary homogeneous SAR backbone. Use only support points actually covered by each raster.,,
2019-06-04 05:34:41.735222+00:00,descending,66,S1B_IW_GRDH_1SDV_20190604T053441_20190604T053506_016542_01F23F_3463_COG,sentinel-1b,2019,6,4,2019-06-04,True,stable_track_and_apr_sep_and_year_2015_2025,IW,VV|VH,,PRIMARY_VVVH,IW mode with VV+VH; primary homogeneous SAR backbone. Use only support points actually covered by each raster.,,
2019-06-04 05:34:41.735539+00:00,descending,66,S1B_IW_GRDH_1SDV_20190604T053441_20190604T053506_016542_01F23F_47D1_COG,sentinel-1b,2019,6,4,2019-06-04,True,stable_track_and_apr_sep_and_year_2015_2025,IW,VV|VH,,PRIMARY_VVVH,IW mode with VV+VH; primary homogeneous SAR backbone. Use only support points actually covered by each raster.,,
2019-06-04 05:35:06.734832+00:00,descending,66,S1B_IW_GRDH_1SDV_20190604T053506_20190604T053531_016542_01F23F_C05E_COG,sentinel-1b,2019,6,4,2019-06-04,True,stable_track_and_apr_sep_and_year_2015_2025,IW,VV|VH,,PRIMARY_VVVH,IW mode with VV+VH; primary homogeneous SAR backbone. Use only support points actually covered by each raster.,,
2019-06-04 05:35:06.735184+00:00,descending,66,S1B_IW_GRDH_1SDV_20190604T053506_20190604T053531_016542_01F23F_85D9_COG,sentinel-1b,2019,6,4,2019-06-04,True,stable_track_and_apr_sep_and_year_2015_2025,IW,VV|VH,,PRIMARY_VVVH,IW mode with VV+VH; primary homogeneous SAR backbone. Use only support points actually covered by each raster.,,
2019-06-10 05:35:19.824397+00:00,descending,66,S1A_IW_GRDH_1SDV_20190610T053519_20190610T053544_027613_031DC6_9840_COG,sentinel-1a,2019,6,10,2019-06-10,True,stable_track_and_apr_sep_and_year_2015_2025,IW,VV|VH,,PRIMARY_VVVH,IW mode with VV+VH; primary homogeneous SAR backbone. Use only support points actually covered by each raster.,,
2019-06-10 05:35:20.006188+00:00,descending,66,S1A_IW_GRDH_1SDV_20190610T053520_20190610T053545_027613_031DC6_316F_COG,sentinel-1a,2019,6,10,2019-06-10,True,stable_track_and_apr_sep_and_year_2015_2025,IW,VV|VH,,PRIMARY_VVVH,IW mode with VV+VH; primary homogeneous SAR backbone. Use only support points actually covered by each raster.,,
2019-06-10 05:35:44.823604+00:00,descending,66,S1A_IW_GRDH_1SDV_20190610T053544_20190610T053609_027613_031DC6_D958_COG,sentinel-1a,2019,6,10,2019-06-10,True,stable_track_and_apr_sep_and_year_2015_2025,IW,VV|VH,,PRIMARY_VVVH,IW mode with VV+VH; primary homogeneous SAR backbone. Use only support points actually covered by each raster.,,
2019-06-10 05:35:45.006861+00:00,descending,66,S1A_IW_GRDH_1SDV_20190610T053545_20190610T053610_027613_031DC6_AD94_COG,sentinel-1a,2019,6,10,2019-06-10,True,stable_track_and_apr_sep_and_year_2015_2025,IW,VV|VH,,PRIMARY_VVVH,IW mode with VV+VH; primary homogeneous SAR backbone. Use only support points actually covered by each raster.,,
2019-06-16 05:34:42.458729+00:00,descending,66,S1B_IW_GRDH_1SDV_20190616T053442_20190616T053507_016717_01F76E_B12E_COG,sentinel-1b,2019,6,16,2019-06-16,True,stable_track_and_apr_sep_and_year_2015_2025,IW,VV|VH,,PRIMARY_VVVH,IW mode with VV+VH; primary homogeneous SAR backbone. Use only support points actually covered by each raster.,,
2019-06-16 05:34:42.458959+00:00,descending,66,S1B_IW_GRDH_1SDV_20190616T053442_20190616T053507_016717_01F76E_0B65_COG,sentinel-1b,2019,6,16,2019-06-16,True,stable_track_and_apr_sep_and_year_2015_2025,IW,VV|VH,,PRIMARY_VVVH,IW mode with VV+VH; primary homogeneous SAR backbone. Use only support points actually covered by each raster.,,
2019-06-16 05:35:07.459762+00:00,descending,66,S1B_IW_GRDH_1SDV_20190616T053507_20190616T053532_016717_01F76E_CB0A_COG,sentinel-1b,2019,6,16,2019-06-16,True,stable_track_and_apr_sep_and_year_2015_2025,IW,VV|VH,,PRIMARY_VVVH,IW mode with VV+VH; primary homogeneous SAR backbone. Use only support points actually covered by each raster.,,
2019-06-16 05:35:07.460018+00:00,descending,66,S1B_IW_GRDH_1SDV_20190616T053507_20190616T053532_016717_01F76E_EE43_COG,sentinel-1b,2019,6,16,2019-06-16,True,stable_track_and_apr_sep_and_year_2015_2025,IW,VV|VH,,PRIMARY_VVVH,IW mode with VV+VH; primary homogeneous SAR backbone. Use only support points actually covered by each raster.,,
2019-06-22 05:35:20.628854+00:00,descending,66,S1A_IW_GRDH_1SDV_20190622T053520_20190622T053545_027788_032303_6BD5_COG,sentinel-1a,2019,6,22,2019-06-22,True,stable_track_and_apr_sep_and_year_2015_2025,IW,VV|VH,,PRIMARY_VVVH,IW mode with VV+VH; primary homogeneous SAR backbone. Use only support points actually covered by each raster.,,
2019-06-22 05:35:21.029046+00:00,descending,66,S1A_IW_GRDH_1SDV_20190622T053521_20190622T053546_027788_032303_6F2B_COG,sentinel-1a,2019,6,22,2019-06-22,True,stable_track_and_apr_sep_and_year_2015_2025,IW,VV|VH,,PRIMARY_VVVH,IW mode with VV+VH; primary homogeneous SAR backbone. Use only support points actually covered by each raster.,,
2019-06-22 05:35:45.629684+00:00,descending,66,S1A_IW_GRDH_1SDV_20190622T053545_20190622T053610_027788_032303_D751_COG,sentinel-1a,2019,6,22,2019-06-22,True,stable_track_and_apr_sep_and_year_2015_2025,IW,VV|VH,,PRIMARY_VVVH,IW mode with VV+VH; primary homogeneous SAR backbone. Use only support points actually covered by each raster.,,
2019-06-22 05:35:46.028548+00:00,descending,66,S1A_IW_GRDH_1SDV_20190622T053546_20190622T053611_027788_032303_D3A3_COG,sentinel-1a,2019,6,22,2019-06-22,True,stable_track_and_apr_sep_and_year_2015_2025,IW,VV|VH,,PRIMARY_VVVH,IW mode with VV+VH; primary homogeneous SAR backbone. Use only support points actually covered by each raster.,,
2019-06-28 05:34:43.076785+00:00,descending,66,S1B_IW_GRDH_1SDV_20190628T053443_20190628T053508_016892_01FC97_3932_COG,sentinel-1b,2019,6,28,2019-06-28,True,stable_track_and_apr_sep_and_year_2015_2025,IW,VV|VH,,PRIMARY_VVVH,IW mode with VV+VH; primary homogeneous SAR backbone. Use only support points actually covered by each raster.,,
2019-06-28 05:34:43.077209+00:00,descending,66,S1B_IW_GRDH_1SDV_20190628T053443_20190628T053508_016892_01FC97_36A7_COG,sentinel-1b,2019,6,28,2019-06-28,True,stable_track_and_apr_sep_and_year_2015_2025,IW,VV|VH,,PRIMARY_VVVH,IW mode with VV+VH; primary homogeneous SAR backbone. Use only support points actually covered by each raster.,,
2019-06-28 05:35:08.076863+00:00,descending,66,S1B_IW_GRDH_1SDV_20190628T053508_20190628T053533_016892_01FC97_6DA3_COG,sentinel-1b,2019,6,28,2019-06-28,True,stable_track_and_apr_sep_and_year_2015_2025,IW,VV|VH,,PRIMARY_VVVH,IW mode with VV+VH; primary homogeneous SAR backbone. Use only support points actually covered by each raster.,,
2019-06-28 05:35:08.077333+00:00,descending,66,S1B_IW_GRDH_1SDV_20190628T053508_20190628T053533_016892_01FC97_2C54_COG,sentinel-1b,2019,6,28,2019-06-28,True,stable_track_and_apr_sep_and_year_2015_2025,IW,VV|VH,,PRIMARY_VVVH,IW mode with VV+VH; primary homogeneous SAR backbone. Use only support points actually covered by each raster.,,
2019-07-04 05:35:21.413735+00:00,descending,66,S1A_IW_GRDH_1SDV_20190704T053521_20190704T053546_027963_03284A_BD71_COG,sentinel-1a,2019,7,4,2019-07-04,True,stable_track_and_apr_sep_and_year_2015_2025,IW,VV|VH,,PRIMARY_VVVH,IW mode with VV+VH; primary homogeneous SAR backbone. Use only support points actually covered by each raster.,,
2019-07-04 05:35:21.880948+00:00,descending,66,S1A_IW_GRDH_1SDV_20190704T053521_20190704T053546_027963_03284A_9066_COG,sentinel-1a,2019,7,4,2019-07-04,True,stable_track_and_apr_sep_and_year_2015_2025,IW,VV|VH,,PRIMARY_VVVH,IW mode with VV+VH; primary homogeneous SAR backbone. Use only support points actually covered by each raster.,,
2019-07-04 05:35:46.414218+00:00,descending,66,S1A_IW_GRDH_1SDV_20190704T053546_20190704T053611_027963_03284A_A315_COG,sentinel-1a,2019,7,4,2019-07-04,True,stable_track_and_apr_sep_and_year_2015_2025,IW,VV|VH,,PRIMARY_VVVH,IW mode with VV+VH; primary homogeneous SAR backbone. Use only support points actually covered by each raster.,,
2019-07-04 05:35:46.880072+00:00,descending,66,S1A_IW_GRDH_1SDV_20190704T053546_20190704T053611_027963_03284A_29D5_COG,sentinel-1a,2019,7,4,2019-07-04,True,stable_track_and_apr_sep_and_year_2015_2025,IW,VV|VH,,PRIMARY_VVVH,IW mode with VV+VH; primary homogeneous SAR backbone. Use only support points actually covered by each raster.,,
2019-07-10 05:34:39.919978+00:00,descending,66,S1B_IW_GRDH_1SDV_20190710T053439_20190710T053504_017067_0201C6_D16C_COG,sentinel-1b,2019,7,10,2019-07-10,True,stable_track_and_apr_sep_and_year_2015_2025,IW,VV|VH,,PRIMARY_VVVH,IW mode with VV+VH; primary homogeneous SAR backbone. Use only support points actually covered by each raster.,,
2019-07-10 05:34:48.455244+00:00,descending,66,S1B_IW_GRDH_1SDV_20190710T053448_20190710T053513_017067_0201C6_9761_COG,sentinel-1b,2019,7,10,2019-07-10,True,stable_track_and_apr_sep_and_year_2015_2025,IW,VV|VH,,PRIMARY_VVVH,IW mode with VV+VH; primary homogeneous SAR backbone. Use only support points actually covered by each raster.,,
2019-07-10 05:35:04.920723+00:00,descending,66,S1B_IW_GRDH_1SDV_20190710T053504_20190710T053529_017067_0201C6_7137_COG,sentinel-1b,2019,7,10,2019-07-10,True,stable_track_and_apr_sep_and_year_2015_2025,IW,VV|VH,,PRIMARY_VVVH,IW mode with VV+VH; primary homogeneous SAR backbone. Use only support points actually covered by each raster.,,
2019-07-16 05:35:21.897434+00:00,descending,66,S1A_IW_GRDH_1SDV_20190716T053521_20190716T053546_028138_032D98_D0BB_COG,sentinel-1a,2019,7,16,2019-07-16,True,stable_track_and_apr_sep_and_year_2015_2025,IW,VV|VH,,PRIMARY_VVVH,IW mode with VV+VH; primary homogeneous SAR backbone. Use only support points actually covered by each raster.,,
2019-07-16 05:35:22.186308+00:00,descending,66,S1A_IW_GRDH_1SDV_20190716T053522_20190716T053547_028138_032D98_0CF4_COG,sentinel-1a,2019,7,16,2019-07-16,True,stable_track_and_apr_sep_and_year_2015_2025,IW,VV|VH,,PRIMARY_VVVH,IW mode with VV+VH; primary homogeneous SAR backbone. Use only support points actually covered by each raster.,,
2019-07-16 05:35:46.897172+00:00,descending,66,S1A_IW_GRDH_1SDV_20190716T053546_20190716T053611_028138_032D98_3384_COG,sentinel-1a,2019,7,16,2019-07-16,True,stable_track_and_apr_sep_and_year_2015_2025,IW,VV|VH,,PRIMARY_VVVH,IW mode with VV+VH; primary homogeneous SAR backbone. Use only support points actually covered by each raster.,,
2019-07-16 05:35:47.185362+00:00,descending,66,S1A_IW_GRDH_1SDV_20190716T053547_20190716T053612_028138_032D98_EF04_COG,sentinel-1a,2019,7,16,2019-07-16,True,stable_track_and_apr_sep_and_year_2015_2025,IW,VV|VH,,PRIMARY_VVVH,IW mode with VV+VH; primary homogeneous SAR backbone. Use only support points actually covered by each raster.,,
2019-07-22 05:34:40.769962+00:00,descending,66,S1B_IW_GRDH_1SDV_20190722T053440_20190722T053505_017242_0206DD_1E92_COG,sentinel-1b,2019,7,22,2019-07-22,True,stable_track_and_apr_sep_and_year_2015_2025,IW,VV|VH,,PRIMARY_VVVH,IW mode with VV+VH; primary homogeneous SAR backbone. Use only support points actually covered by each raster.,,
2019-07-22 05:34:49.104254+00:00,descending,66,S1B_IW_GRDH_1SDV_20190722T053449_20190722T053514_017242_0206DD_5DE8_COG,sentinel-1b,2019,7,22,2019-07-22,True,stable_track_and_apr_sep_and_year_2015_2025,IW,VV|VH,,PRIMARY_VVVH,IW mode with VV+VH; primary homogeneous SAR backbone. Use only support points actually covered by each raster.,,
2019-07-22 05:35:05.770401+00:00,descending,66,S1B_IW_GRDH_1SDV_20190722T053505_20190722T053530_017242_0206DD_170A_COG,sentinel-1b,2019,7,22,2019-07-22,True,stable_track_and_apr_sep_and_year_2015_2025,IW,VV|VH,,PRIMARY_VVVH,IW mode with VV+VH; primary homogeneous SAR backbone. Use only support points actually covered by each raster.,,
2019-07-28 05:35:22.846594+00:00,descending,66,S1A_IW_GRDH_1SDV_20190728T053522_20190728T053547_028313_0332EF_65BF_COG,sentinel-1a,2019,7,28,2019-07-28,True,stable_track_and_apr_sep_and_year_2015_2025,IW,VV|VH,,PRIMARY_VVVH,IW mode with VV+VH; primary homogeneous SAR backbone. Use only support points actually covered by each raster.,,
2019-07-28 05:35:22.900385+00:00,descending,66,S1A_IW_GRDH_1SDV_20190728T053522_20190728T053547_028313_0332EF_5D96_COG,sentinel-1a,2019,7,28,2019-07-28,True,stable_track_and_apr_sep_and_year_2015_2025,IW,VV|VH,,PRIMARY_VVVH,IW mode with VV+VH; primary homogeneous SAR backbone. Use only support points actually covered by each raster.,,
2019-07-28 05:35:47.845681+00:00,descending,66,S1A_IW_GRDH_1SDV_20190728T053547_20190728T053612_028313_0332EF_6100_COG,sentinel-1a,2019,7,28,2019-07-28,True,stable_track_and_apr_sep_and_year_2015_2025,IW,VV|VH,,PRIMARY_VVVH,IW mode with VV+VH; primary homogeneous SAR backbone. Use only support points actually covered by each raster.,,
2019-07-28 05:35:47.900878+00:00,descending,66,S1A_IW_GRDH_1SDV_20190728T053547_20190728T053612_028313_0332EF_94EA_COG,sentinel-1a,2019,7,28,2019-07-28,True,stable_track_and_apr_sep_and_year_2015_2025,IW,VV|VH,,PRIMARY_VVVH,IW mode with VV+VH; primary homogeneous SAR backbone. Use only support points actually covered by each raster.,,
2019-08-03 05:34:41.988717+00:00,descending,66,S1B_IW_GRDH_1SDV_20190803T053441_20190803T053506_017417_020C1C_FE7D_COG,sentinel-1b,2019,8,3,2019-08-03,True,stable_track_and_apr_sep_and_year_2015_2025,IW,VV|VH,,PRIMARY_VVVH,IW mode with VV+VH; primary homogeneous SAR backbone. Use only support points actually covered by each raster.,,
2019-08-03 05:34:49.765204+00:00,descending,66,S1B_IW_GRDH_1SDV_20190803T053449_20190803T053514_017417_020C1C_3A22_COG,sentinel-1b,2019,8,3,2019-08-03,True,stable_track_and_apr_sep_and_year_2015_2025,IW,VV|VH,,PRIMARY_VVVH,IW mode with VV+VH; primary homogeneous SAR backbone. Use only support points actually covered by each raster.,,
2019-08-03 05:35:06.989073+00:00,descending,66,S1B_IW_GRDH_1SDV_20190803T053506_20190803T053531_017417_020C1C_4484_COG,sentinel-1b,2019,8,3,2019-08-03,True,stable_track_and_apr_sep_and_year_2015_2025,IW,VV|VH,,PRIMARY_VVVH,IW mode with VV+VH; primary homogeneous SAR backbone. Use only support points actually covered by each raster.,,
2019-08-09 05:35:23.799541+00:00,descending,66,S1A_IW_GRDH_1SDV_20190809T053523_20190809T053548_028488_033855_FF4C_COG,sentinel-1a,2019,8,9,2019-08-09,True,stable_track_and_apr_sep_and_year_2015_2025,IW,VV|VH,,PRIMARY_VVVH,IW mode with VV+VH; primary homogeneous SAR backbone. Use only support points actually covered by each raster.,,
2019-08-09 05:35:23.850835+00:00,descending,66,S1A_IW_GRDH_1SDV_20190809T053523_20190809T053548_028488_033855_2405_COG,sentinel-1a,2019,8,9,2019-08-09,True,stable_track_and_apr_sep_and_year_2015_2025,IW,VV|VH,,PRIMARY_VVVH,IW mode with VV+VH; primary homogeneous SAR backbone. Use only support points actually covered by each raster.,,
2019-08-09 05:35:48.800234+00:00,descending,66,S1A_IW_GRDH_1SDV_20190809T053548_20190809T053613_028488_033855_F8D7_COG,sentinel-1a,2019,8,9,2019-08-09,True,stable_track_and_apr_sep_and_year_2015_2025,IW,VV|VH,,PRIMARY_VVVH,IW mode with VV+VH; primary homogeneous SAR backbone. Use only support points actually covered by each raster.,,
2019-08-09 05:35:48.849875+00:00,descending,66,S1A_IW_GRDH_1SDV_20190809T053548_20190809T053613_028488_033855_108E_COG,sentinel-1a,2019,8,9,2019-08-09,True,stable_track_and_apr_sep_and_year_2015_2025,IW,VV|VH,,PRIMARY_VVVH,IW mode with VV+VH; primary homogeneous SAR backbone. Use only support points actually covered by each raster.,,
2019-08-15 05:34:42.906478+00:00,descending,66,S1B_IW_GRDH_1SDV_20190815T053442_20190815T053507_017592_021179_B8FC_COG,sentinel-1b,2019,8,15,2019-08-15,True,stable_track_and_apr_sep_and_year_2015_2025,IW,VV|VH,,PRIMARY_VVVH,IW mode with VV+VH; primary homogeneous SAR backbone. Use only support points actually covered by each raster.,,
2019-08-15 05:34:50.638619+00:00,descending,66,S1B_IW_GRDH_1SDV_20190815T053450_20190815T053515_017592_021179_23C5_COG,sentinel-1b,2019,8,15,2019-08-15,True,stable_track_and_apr_sep_and_year_2015_2025,IW,VV|VH,,PRIMARY_VVVH,IW mode with VV+VH; primary homogeneous SAR backbone. Use only support points actually covered by each raster.,,
2019-08-15 05:35:07.906916+00:00,descending,66,S1B_IW_GRDH_1SDV_20190815T053507_20190815T053532_017592_021179_5635_COG,sentinel-1b,2019,8,15,2019-08-15,True,stable_track_and_apr_sep_and_year_2015_2025,IW,VV|VH,,PRIMARY_VVVH,IW mode with VV+VH; primary homogeneous SAR backbone. Use only support points actually covered by each raster.,,
2019-08-21 05:35:24.510062+00:00,descending,66,S1A_IW_GRDH_1SDV_20190821T053524_20190821T053549_028663_033E6E_0F91_COG,sentinel-1a,2019,8,21,2019-08-21,True,stable_track_and_apr_sep_and_year_2015_2025,IW,VV|VH,,PRIMARY_VVVH,IW mode with VV+VH; primary homogeneous SAR backbone. Use only support points actually covered by each raster.,,
2019-08-21 05:35:24.902788+00:00,descending,66,S1A_IW_GRDH_1SDV_20190821T053524_20190821T053549_028663_033E6E_C640_COG,sentinel-1a,2019,8,21,2019-08-21,True,stable_track_and_apr_sep_and_year_2015_2025,IW,VV|VH,,PRIMARY_VVVH,IW mode with VV+VH; primary homogeneous SAR backbone. Use only support points actually covered by each raster.,,
2019-08-21 05:35:49.509108+00:00,descending,66,S1A_IW_GRDH_1SDV_20190821T053549_20190821T053614_028663_033E6E_A6DB_COG,sentinel-1a,2019,8,21,2019-08-21,True,stable_track_and_apr_sep_and_year_2015_2025,IW,VV|VH,,PRIMARY_VVVH,IW mode with VV+VH; primary homogeneous SAR backbone. Use only support points actually covered by each raster.,,
2019-08-21 05:35:49.903428+00:00,descending,66,S1A_IW_GRDH_1SDV_20190821T053549_20190821T053614_028663_033E6E_5068_COG,sentinel-1a,2019,8,21,2019-08-21,True,stable_track_and_apr_sep_and_year_2015_2025,IW,VV|VH,,PRIMARY_VVVH,IW mode with VV+VH; primary homogeneous SAR backbone. Use only support points actually covered by each raster.,,
2019-08-27 05:34:42.806516+00:00,descending,66,S1B_IW_GRDH_1SDV_20190827T053442_20190827T053507_017767_0216F5_E93D_COG,sentinel-1b,2019,8,27,2019-08-27,True,stable_track_and_apr_sep_and_year_2015_2025,IW,VV|VH,,PRIMARY_VVVH,IW mode with VV+VH; primary homogeneous SAR backbone. Use only support points actually covered by each raster.,,
2019-08-27 05:34:51.145068+00:00,descending,66,S1B_IW_GRDH_1SDV_20190827T053451_20190827T053516_017767_0216F5_E219_COG,sentinel-1b,2019,8,27,2019-08-27,True,stable_track_and_apr_sep_and_year_2015_2025,IW,VV|VH,,PRIMARY_VVVH,IW mode with VV+VH; primary homogeneous SAR backbone. Use only support points actually covered by each raster.,,
2019-08-27 05:35:07.806937+00:00,descending,66,S1B_IW_GRDH_1SDV_20190827T053507_20190827T053532_017767_0216F5_AA84_COG,sentinel-1b,2019,8,27,2019-08-27,True,stable_track_and_apr_sep_and_year_2015_2025,IW,VV|VH,,PRIMARY_VVVH,IW mode with VV+VH; primary homogeneous SAR backbone. Use only support points actually covered by each raster.,,
2019-09-02 05:35:24.999886+00:00,descending,66,S1A_IW_GRDH_1SDV_20190902T053524_20190902T053549_028838_034486_4A0D_COG,sentinel-1a,2019,9,2,2019-09-02,True,stable_track_and_apr_sep_and_year_2015_2025,IW,VV|VH,,PRIMARY_VVVH,IW mode with VV+VH; primary homogeneous SAR backbone. Use only support points actually covered by each raster.,,
2019-09-02 05:35:25.061461+00:00,descending,66,S1A_IW_GRDH_1SDV_20190902T053525_20190902T053550_028838_034486_C16C_COG,sentinel-1a,2019,9,2,2019-09-02,True,stable_track_and_apr_sep_and_year_2015_2025,IW,VV|VH,,PRIMARY_VVVH,IW mode with VV+VH; primary homogeneous SAR backbone. Use only support points actually covered by each raster.,,
2019-09-02 05:35:49.998890+00:00,descending,66,S1A_IW_GRDH_1SDV_20190902T053549_20190902T053614_028838_034486_A3F5_COG,sentinel-1a,2019,9,2,2019-09-02,True,stable_track_and_apr_sep_and_year_2015_2025,IW,VV|VH,,PRIMARY_VVVH,IW mode with VV+VH; primary homogeneous SAR backbone. Use only support points actually covered by each raster.,,
2019-09-02 05:35:50.062127+00:00,descending,66,S1A_IW_GRDH_1SDV_20190902T053550_20190902T053615_028838_034486_3527_COG,sentinel-1a,2019,9,2,2019-09-02,True,stable_track_and_apr_sep_and_year_2015_2025,IW,VV|VH,,PRIMARY_VVVH,IW mode with VV+VH; primary homogeneous SAR backbone. Use only support points actually covered by each raster.,,
2019-09-08 05:34:44.101694+00:00,descending,66,S1B_IW_GRDH_1SDV_20190908T053444_20190908T053509_017942_021C60_EB40_COG,sentinel-1b,2019,9,8,2019-09-08,True,stable_track_and_apr_sep_and_year_2015_2025,IW,VV|VH,,PRIMARY_VVVH,IW mode with VV+VH; primary homogeneous SAR backbone. Use only support points actually covered by each raster.,,
2019-09-08 05:34:51.889251+00:00,descending,66,S1B_IW_GRDH_1SDV_20190908T053451_20190908T053516_017942_021C60_E3EC_COG,sentinel-1b,2019,9,8,2019-09-08,True,stable_track_and_apr_sep_and_year_2015_2025,IW,VV|VH,,PRIMARY_VVVH,IW mode with VV+VH; primary homogeneous SAR backbone. Use only support points actually covered by each raster.,,
2019-09-08 05:35:09.100647+00:00,descending,66,S1B_IW_GRDH_1SDV_20190908T053509_20190908T053534_017942_021C60_44C7_COG,sentinel-1b,2019,9,8,2019-09-08,True,stable_track_and_apr_sep_and_year_2015_2025,IW,VV|VH,,PRIMARY_VVVH,IW mode with VV+VH; primary homogeneous SAR backbone. Use only support points actually covered by each raster.,,
2019-09-20 05:34:43.877997+00:00,descending,66,S1B_IW_GRDH_1SDV_20190920T053443_20190920T053508_018117_0221D2_3DAD_COG,sentinel-1b,2019,9,20,2019-09-20,True,stable_track_and_apr_sep_and_year_2015_2025,IW,VV|VH,,PRIMARY_VVVH,IW mode with VV+VH; primary homogeneous SAR backbone. Use only support points actually covered by each raster.,,
2019-09-20 05:34:52.224022+00:00,descending,66,S1B_IW_GRDH_1SDV_20190920T053452_20190920T053517_018117_0221D2_472A_COG,sentinel-1b,2019,9,20,2019-09-20,True,stable_track_and_apr_sep_and_year_2015_2025,IW,VV|VH,,PRIMARY_VVVH,IW mode with VV+VH; primary homogeneous SAR backbone. Use only support points actually covered by each raster.,,
2019-09-20 05:35:08.878592+00:00,descending,66,S1B_IW_GRDH_1SDV_20190920T053508_20190920T053533_018117_0221D2_0560_COG,sentinel-1b,2019,9,20,2019-09-20,True,stable_track_and_apr_sep_and_year_2015_2025,IW,VV|VH,,PRIMARY_VVVH,IW mode with VV+VH; primary homogeneous SAR backbone. Use only support points actually covered by each raster.,,
2019-09-26 05:35:25.926268+00:00,descending,66,S1A_IW_GRDH_1SDV_20190926T053525_20190926T053550_029188_03508B_BC12_COG,sentinel-1a,2019,9,26,2019-09-26,True,stable_track_and_apr_sep_and_year_2015_2025,IW,VV|VH,,PRIMARY_VVVH,IW mode with VV+VH; primary homogeneous SAR backbone. Use only support points actually covered by each raster.,,
2019-09-26 05:35:26.099175+00:00,descending,66,S1A_IW_GRDH_1SDV_20190926T053526_20190926T053551_029188_03508B_A3F0_COG,sentinel-1a,2019,9,26,2019-09-26,True,stable_track_and_apr_sep_and_year_2015_2025,IW,VV|VH,,PRIMARY_VVVH,IW mode with VV+VH; primary homogeneous SAR backbone. Use only support points actually covered by each raster.,,
2019-09-26 05:35:50.926162+00:00,descending,66,S1A_IW_GRDH_1SDV_20190926T053550_20190926T053615_029188_03508B_6D89_COG,sentinel-1a,2019,9,26,2019-09-26,True,stable_track_and_apr_sep_and_year_2015_2025,IW,VV|VH,,PRIMARY_VVVH,IW mode with VV+VH; primary homogeneous SAR backbone. Use only support points actually covered by each raster.,,
2019-09-26 05:35:51.099905+00:00,descending,66,S1A_IW_GRDH_1SDV_20190926T053551_20190926T053616_029188_03508B_2D97_COG,sentinel-1a,2019,9,26,2019-09-26,True,stable_track_and_apr_sep_and_year_2015_2025,IW,VV|VH,,PRIMARY_VVVH,IW mode with VV+VH; primary homogeneous SAR backbone. Use only support points actually covered by each raster.,,
2019-04-06 05:27:02.890671+00:00,descending,168,S1A_IW_GRDH_1SDV_20190406T052702_20190406T052727_026665_02FE08_616D_COG,sentinel-1a,2019,4,6,2019-04-06,True,stable_track_and_apr_sep_and_year_2015_2025,IW,VV|VH,,PRIMARY_VVVH,IW mode with VV+VH; primary homogeneous SAR backbone. Use only support points actually covered by each raster.,,
2019-04-06 05:27:04.325971+00:00,descending,168,S1A_IW_GRDH_1SDV_20190406T052704_20190406T052729_026665_02FE08_6CDF_COG,sentinel-1a,2019,4,6,2019-04-06,True,stable_track_and_apr_sep_and_year_2015_2025,IW,VV|VH,,PRIMARY_VVVH,IW mode with VV+VH; primary homogeneous SAR backbone. Use only support points actually covered by each raster.,,
2019-04-06 05:27:27.891832+00:00,descending,168,S1A_IW_GRDH_1SDV_20190406T052727_20190406T052752_026665_02FE08_99ED_COG,sentinel-1a,2019,4,6,2019-04-06,True,stable_track_and_apr_sep_and_year_2015_2025,IW,VV|VH,,PRIMARY_VVVH,IW mode with VV+VH; primary homogeneous SAR backbone. Use only support points actually covered by each raster.,,
2019-04-06 05:27:29.326628+00:00,descending,168,S1A_IW_GRDH_1SDV_20190406T052729_20190406T052754_026665_02FE08_76A1_COG,sentinel-1a,2019,4,6,2019-04-06,True,stable_track_and_apr_sep_and_year_2015_2025,IW,VV|VH,,PRIMARY_VVVH,IW mode with VV+VH; primary homogeneous SAR backbone. Use only support points actually covered by each raster.,,
2019-04-12 05:26:34.268490+00:00,descending,168,S1B_IW_GRDH_1SDV_20190412T052634_20190412T052659_015769_01D98F_CDFA_COG,sentinel-1b,2019,4,12,2019-04-12,True,stable_track_and_apr_sep_and_year_2015_2025,IW,VV|VH,,PRIMARY_VVVH,IW mode with VV+VH; primary homogeneous SAR backbone. Use only support points actually covered by each raster.,,
2019-04-12 05:26:34.268574+00:00,descending,168,S1B_IW_GRDH_1SDV_20190412T052634_20190412T052659_015769_01D98F_60EE_COG,sentinel-1b,2019,4,12,2019-04-12,True,stable_track_and_apr_sep_and_year_2015_2025,IW,VV|VH,,PRIMARY_VVVH,IW mode with VV+VH; primary homogeneous SAR backbone. Use only support points actually covered by each raster.,,
2019-04-24 05:26:34.866005+00:00,descending,168,S1B_IW_GRDH_1SDV_20190424T052634_20190424T052659_015944_01DF5C_5F30_COG,sentinel-1b,2019,4,24,2019-04-24,True,stable_track_and_apr_sep_and_year_2015_2025,IW,VV|VH,,PRIMARY_VVVH,IW mode with VV+VH; primary homogeneous SAR backbone. Use only support points actually covered by each raster.,,
2019-04-24 05:26:34.866005+00:00,descending,168,S1B_IW_GRDH_1SDV_20190424T052634_20190424T052659_015944_01DF5C_8AF9_COG,sentinel-1b,2019,4,24,2019-04-24,True,stable_track_and_apr_sep_and_year_2015_2025,IW,VV|VH,,PRIMARY_VVVH,IW mode with VV+VH; primary homogeneous SAR backbone. Use only support points actually covered by each raster.,,
2019-04-30 05:27:02.891654+00:00,descending,168,S1A_IW_GRDH_1SDV_20190430T052702_20190430T052727_027015_030ABC_B671_COG,sentinel-1a,2019,4,30,2019-04-30,True,stable_track_and_apr_sep_and_year_2015_2025,IW,VV|VH,,PRIMARY_VVVH,IW mode with VV+VH; primary homogeneous SAR backbone. Use only support points actually covered by each raster.,,
2019-04-30 05:27:05.381201+00:00,descending,168,S1A_IW_GRDH_1SDV_20190430T052705_20190430T052730_027015_030ABC_4D0B_COG,sentinel-1a,2019,4,30,2019-04-30,True,stable_track_and_apr_sep_and_year_2015_2025,IW,VV|VH,,PRIMARY_VVVH,IW mode with VV+VH; primary homogeneous SAR backbone. Use only support points actually covered by each raster.,,
2019-04-30 05:27:27.891708+00:00,descending,168,S1A_IW_GRDH_1SDV_20190430T052727_20190430T052752_027015_030ABC_75E7_COG,sentinel-1a,2019,4,30,2019-04-30,True,stable_track_and_apr_sep_and_year_2015_2025,IW,VV|VH,,PRIMARY_VVVH,IW mode with VV+VH; primary homogeneous SAR backbone. Use only support points actually covered by each raster.,,
2019-04-30 05:27:30.381994+00:00,descending,168,S1A_IW_GRDH_1SDV_20190430T052730_20190430T052755_027015_030ABC_30E8_COG,sentinel-1a,2019,4,30,2019-04-30,True,stable_track_and_apr_sep_and_year_2015_2025,IW,VV|VH,,PRIMARY_VVVH,IW mode with VV+VH; primary homogeneous SAR backbone. Use only support points actually covered by each raster.,,
2019-05-06 05:26:35.294356+00:00,descending,168,S1B_IW_GRDH_1SDV_20190506T052635_20190506T052700_016119_01E53A_DDFE_COG,sentinel-1b,2019,5,6,2019-05-06,True,stable_track_and_apr_sep_and_year_2015_2025,IW,VV|VH,,PRIMARY_VVVH,IW mode with VV+VH; primary homogeneous SAR backbone. Use only support points actually covered by each raster.,,
2019-05-06 05:26:35.294531+00:00,descending,168,S1B_IW_GRDH_1SDV_20190506T052635_20190506T052700_016119_01E53A_121C_COG,sentinel-1b,2019,5,6,2019-05-06,True,stable_track_and_apr_sep_and_year_2015_2025,IW,VV|VH,,PRIMARY_VVVH,IW mode with VV+VH; primary homogeneous SAR backbone. Use only support points actually covered by each raster.,,
2019-05-12 05:27:02.988116+00:00,descending,168,S1A_IW_GRDH_1SDV_20190512T052702_20190512T052727_027190_0310B1_D790_COG,sentinel-1a,2019,5,12,2019-05-12,True,stable_track_and_apr_sep_and_year_2015_2025,IW,VV|VH,,PRIMARY_VVVH,IW mode with VV+VH; primary homogeneous SAR backbone. Use only support points actually covered by each raster.,,
2019-05-12 05:27:05.671586+00:00,descending,168,S1A_IW_GRDH_1SDV_20190512T052705_20190512T052730_027190_0310B1_5B72_COG,sentinel-1a,2019,5,12,2019-05-12,True,stable_track_and_apr_sep_and_year_2015_2025,IW,VV|VH,,PRIMARY_VVVH,IW mode with VV+VH; primary homogeneous SAR backbone. Use only support points actually covered by each raster.,,
2019-05-12 05:27:27.988291+00:00,descending,168,S1A_IW_GRDH_1SDV_20190512T052727_20190512T052752_027190_0310B1_F3A5_COG,sentinel-1a,2019,5,12,2019-05-12,True,stable_track_and_apr_sep_and_year_2015_2025,IW,VV|VH,,PRIMARY_VVVH,IW mode with VV+VH; primary homogeneous SAR backbone. Use only support points actually covered by each raster.,,
2019-05-12 05:27:30.671027+00:00,descending,168,S1A_IW_GRDH_1SDV_20190512T052730_20190512T052755_027190_0310B1_E472_COG,sentinel-1a,2019,5,12,2019-05-12,True,stable_track_and_apr_sep_and_year_2015_2025,IW,VV|VH,,PRIMARY_VVVH,IW mode with VV+VH; primary homogeneous SAR backbone. Use only support points actually covered by each raster.,,
2019-05-18 05:26:35.906298+00:00,descending,168,S1B_IW_GRDH_1SDV_20190518T052635_20190518T052700_016294_01EAAB_73A2_COG,sentinel-1b,2019,5,18,2019-05-18,True,stable_track_and_apr_sep_and_year_2015_2025,IW,VV|VH,,PRIMARY_VVVH,IW mode with VV+VH; primary homogeneous SAR backbone. Use only support points actually covered by each raster.,,
2019-05-18 05:26:35.906393+00:00,descending,168,S1B_IW_GRDH_1SDV_20190518T052635_20190518T052700_016294_01EAAB_4F4B_COG,sentinel-1b,2019,5,18,2019-05-18,True,stable_track_and_apr_sep_and_year_2015_2025,IW,VV|VH,,PRIMARY_VVVH,IW mode with VV+VH; primary homogeneous SAR backbone. Use only support points actually covered by each raster.,,
2019-05-24 05:27:03.064746+00:00,descending,168,S1A_IW_GRDH_1SDV_20190524T052703_20190524T052728_027365_03162B_C259_COG,sentinel-1a,2019,5,24,2019-05-24,True,stable_track_and_apr_sep_and_year_2015_2025,IW,VV|VH,,PRIMARY_VVVH,IW mode with VV+VH; primary homogeneous SAR backbone. Use only support points actually covered by each raster.,,
2019-05-24 05:27:06.397691+00:00,descending,168,S1A_IW_GRDH_1SDV_20190524T052706_20190524T052731_027365_03162B_A2AD_COG,sentinel-1a,2019,5,24,2019-05-24,True,stable_track_and_apr_sep_and_year_2015_2025,IW,VV|VH,,PRIMARY_VVVH,IW mode with VV+VH; primary homogeneous SAR backbone. Use only support points actually covered by each raster.,,
2019-05-24 05:27:28.064591+00:00,descending,168,S1A_IW_GRDH_1SDV_20190524T052728_20190524T052753_027365_03162B_B2E2_COG,sentinel-1a,2019,5,24,2019-05-24,True,stable_track_and_apr_sep_and_year_2015_2025,IW,VV|VH,,PRIMARY_VVVH,IW mode with VV+VH; primary homogeneous SAR backbone. Use only support points actually covered by each raster.,,
2019-05-24 05:27:31.398461+00:00,descending,168,S1A_IW_GRDH_1SDV_20190524T052731_20190524T052756_027365_03162B_C369_COG,sentinel-1a,2019,5,24,2019-05-24,True,stable_track_and_apr_sep_and_year_2015_2025,IW,VV|VH,,PRIMARY_VVVH,IW mode with VV+VH; primary homogeneous SAR backbone. Use only support points actually covered by each raster.,,
2019-05-30 05:26:20.956617+00:00,descending,168,S1B_IW_GRDH_1SDV_20190530T052620_20190530T052645_016469_01F003_565C_COG,sentinel-1b,2019,5,30,2019-05-30,True,stable_track_and_apr_sep_and_year_2015_2025,IW,VV|VH,,PRIMARY_VVVH,IW mode with VV+VH; primary homogeneous SAR backbone. Use only support points actually covered by each raster.,,
2019-05-30 05:26:27.329524+00:00,descending,168,S1B_IW_GRDH_1SDV_20190530T052627_20190530T052652_016469_01F003_446C_COG,sentinel-1b,2019,5,30,2019-05-30,True,stable_track_and_apr_sep_and_year_2015_2025,IW,VV|VH,,PRIMARY_VVVH,IW mode with VV+VH; primary homogeneous SAR backbone. Use only support points actually covered by each raster.,,
2019-05-30 05:26:45.957186+00:00,descending,168,S1B_IW_GRDH_1SDV_20190530T052645_20190530T052710_016469_01F003_2CB3_COG,sentinel-1b,2019,5,30,2019-05-30,True,stable_track_and_apr_sep_and_year_2015_2025,IW,VV|VH,,PRIMARY_VVVH,IW mode with VV+VH; primary homogeneous SAR backbone. Use only support points actually covered by each raster.,,
2019-05-30 05:26:52.328694+00:00,descending,168,S1B_IW_GRDH_1SDV_20190530T052652_20190530T052717_016469_01F003_2741_COG,sentinel-1b,2019,5,30,2019-05-30,True,stable_track_and_apr_sep_and_year_2015_2025,IW,VV|VH,,PRIMARY_VVVH,IW mode with VV+VH; primary homogeneous SAR backbone. Use only support points actually covered by each raster.,,
2019-06-05 05:27:01.892938+00:00,descending,168,S1A_IW_GRDH_1SDV_20190605T052701_20190605T052726_027540_031B94_31F7_COG,sentinel-1a,2019,6,5,2019-06-05,True,stable_track_and_apr_sep_and_year_2015_2025,IW,VV|VH,,PRIMARY_VVVH,IW mode with VV+VH; primary homogeneous SAR backbone. Use only support points actually covered by each raster.,,
2019-06-05 05:27:06.935851+00:00,descending,168,S1A_IW_GRDH_1SDV_20190605T052706_20190605T052731_027540_031B94_C74F_COG,sentinel-1a,2019,6,5,2019-06-05,True,stable_track_and_apr_sep_and_year_2015_2025,IW,VV|VH,,PRIMARY_VVVH,IW mode with VV+VH; primary homogeneous SAR backbone. Use only support points actually covered by each raster.,,
2019-06-05 05:27:26.893696+00:00,descending,168,S1A_IW_GRDH_1SDV_20190605T052726_20190605T052751_027540_031B94_2F81_COG,sentinel-1a,2019,6,5,2019-06-05,True,stable_track_and_apr_sep_and_year_2015_2025,IW,VV|VH,,PRIMARY_VVVH,IW mode with VV+VH; primary homogeneous SAR backbone. Use only support points actually covered by each raster.,,
2019-06-05 05:27:31.936584+00:00,descending,168,S1A_IW_GRDH_1SDV_20190605T052731_20190605T052756_027540_031B94_F64C_COG,sentinel-1a,2019,6,5,2019-06-05,True,stable_track_and_apr_sep_and_year_2015_2025,IW,VV|VH,,PRIMARY_VVVH,IW mode with VV+VH; primary homogeneous SAR backbone. Use only support points actually covered by each raster.,,
2019-06-11 05:26:26.519387+00:00,descending,168,S1B_IW_GRDH_1SDV_20190611T052626_20190611T052655_016644_01F53A_614C_COG,sentinel-1b,2019,6,11,2019-06-11,True,stable_track_and_apr_sep_and_year_2015_2025,IW,VV|VH,,PRIMARY_VVVH,IW mode with VV+VH; primary homogeneous SAR backbone. Use only support points actually covered by each raster.,,
2019-06-11 05:26:26.519391+00:00,descending,168,S1B_IW_GRDH_1SDV_20190611T052626_20190611T052655_016644_01F53A_4F7A_COG,sentinel-1b,2019,6,11,2019-06-11,True,stable_track_and_apr_sep_and_year_2015_2025,IW,VV|VH,,PRIMARY_VVVH,IW mode with VV+VH; primary homogeneous SAR backbone. Use only support points actually covered by each raster.,,
2019-06-11 05:26:55.557163+00:00,descending,168,S1B_IW_GRDH_1SDV_20190611T052655_20190611T052720_016644_01F53A_EE1B_COG,sentinel-1b,2019,6,11,2019-06-11,True,stable_track_and_apr_sep_and_year_2015_2025,IW,VV|VH,,PRIMARY_VVVH,IW mode with VV+VH; primary homogeneous SAR backbone. Use only support points actually covered by each raster.,,
2019-06-11 05:26:55.557189+00:00,descending,168,S1B_IW_GRDH_1SDV_20190611T052655_20190611T052720_016644_01F53A_F98B_COG,sentinel-1b,2019,6,11,2019-06-11,True,stable_track_and_apr_sep_and_year_2015_2025,IW,VV|VH,,PRIMARY_VVVH,IW mode with VV+VH; primary homogeneous SAR backbone. Use only support points actually covered by each raster.,,
2019-06-17 05:27:03.015247+00:00,descending,168,S1A_IW_GRDH_1SDV_20190617T052703_20190617T052728_027715_0320DB_9C1D_COG,sentinel-1a,2019,6,17,2019-06-17,True,stable_track_and_apr_sep_and_year_2015_2025,IW,VV|VH,,PRIMARY_VVVH,IW mode with VV+VH; primary homogeneous SAR backbone. Use only support points actually covered by each raster.,,
2019-06-17 05:27:07.527633+00:00,descending,168,S1A_IW_GRDH_1SDV_20190617T052707_20190617T052732_027715_0320DB_155C_COG,sentinel-1a,2019,6,17,2019-06-17,True,stable_track_and_apr_sep_and_year_2015_2025,IW,VV|VH,,PRIMARY_VVVH,IW mode with VV+VH; primary homogeneous SAR backbone. Use only support points actually covered by each raster.,,
2019-06-17 05:27:28.015362+00:00,descending,168,S1A_IW_GRDH_1SDV_20190617T052728_20190617T052753_027715_0320DB_1415_COG,sentinel-1a,2019,6,17,2019-06-17,True,stable_track_and_apr_sep_and_year_2015_2025,IW,VV|VH,,PRIMARY_VVVH,IW mode with VV+VH; primary homogeneous SAR backbone. Use only support points actually covered by each raster.,,
2019-06-17 05:27:32.528349+00:00,descending,168,S1A_IW_GRDH_1SDV_20190617T052732_20190617T052757_027715_0320DB_AAA2_COG,sentinel-1a,2019,6,17,2019-06-17,True,stable_track_and_apr_sep_and_year_2015_2025,IW,VV|VH,,PRIMARY_VVVH,IW mode with VV+VH; primary homogeneous SAR backbone. Use only support points actually covered by each raster.,,
2019-06-23 05:26:20.932317+00:00,descending,168,S1B_IW_GRDH_1SDV_20190623T052620_20190623T052645_016819_01FA6A_EBA4_COG,sentinel-1b,2019,6,23,2019-06-23,True,stable_track_and_apr_sep_and_year_2015_2025,IW,VV|VH,,PRIMARY_VVVH,IW mode with VV+VH; primary homogeneous SAR backbone. Use only support points actually covered by each raster.,,
2019-06-23 05:26:28.748792+00:00,descending,168,S1B_IW_GRDH_1SDV_20190623T052628_20190623T052653_016819_01FA6A_48CA_COG,sentinel-1b,2019,6,23,2019-06-23,True,stable_track_and_apr_sep_and_year_2015_2025,IW,VV|VH,,PRIMARY_VVVH,IW mode with VV+VH; primary homogeneous SAR backbone. Use only support points actually covered by each raster.,,
2019-06-23 05:26:45.931474+00:00,descending,168,S1B_IW_GRDH_1SDV_20190623T052645_20190623T052710_016819_01FA6A_C859_COG,sentinel-1b,2019,6,23,2019-06-23,True,stable_track_and_apr_sep_and_year_2015_2025,IW,VV|VH,,PRIMARY_VVVH,IW mode with VV+VH; primary homogeneous SAR backbone. Use only support points actually covered by each raster.,,
2019-06-23 05:26:53.747890+00:00,descending,168,S1B_IW_GRDH_1SDV_20190623T052653_20190623T052718_016819_01FA6A_0570_COG,sentinel-1b,2019,6,23,2019-06-23,True,stable_track_and_apr_sep_and_year_2015_2025,IW,VV|VH,,PRIMARY_VVVH,IW mode with VV+VH; primary homogeneous SAR backbone. Use only support points actually covered by each raster.,,
2019-06-29 05:27:02.883689+00:00,descending,168,S1A_IW_GRDH_1SDV_20190629T052702_20190629T052727_027890_032617_F1E9_COG,sentinel-1a,2019,6,29,2019-06-29,True,stable_track_and_apr_sep_and_year_2015_2025,IW,VV|VH,,PRIMARY_VVVH,IW mode with VV+VH; primary homogeneous SAR backbone. Use only support points actually covered by each raster.,,
2019-06-29 05:27:08.342246+00:00,descending,168,S1A_IW_GRDH_1SDV_20190629T052708_20190629T052733_027890_032617_BC30_COG,sentinel-1a,2019,6,29,2019-06-29,True,stable_track_and_apr_sep_and_year_2015_2025,IW,VV|VH,,PRIMARY_VVVH,IW mode with VV+VH; primary homogeneous SAR backbone. Use only support points actually covered by each raster.,,
2019-06-29 05:27:27.882933+00:00,descending,168,S1A_IW_GRDH_1SDV_20190629T052727_20190629T052752_027890_032617_D7BC_COG,sentinel-1a,2019,6,29,2019-06-29,True,stable_track_and_apr_sep_and_year_2015_2025,IW,VV|VH,,PRIMARY_VVVH,IW mode with VV+VH; primary homogeneous SAR backbone. Use only support points actually covered by each raster.,,
2019-06-29 05:27:33.341443+00:00,descending,168,S1A_IW_GRDH_1SDV_20190629T052733_20190629T052758_027890_032617_E24A_COG,sentinel-1a,2019,6,29,2019-06-29,True,stable_track_and_apr_sep_and_year_2015_2025,IW,VV|VH,,PRIMARY_VVVH,IW mode with VV+VH; primary homogeneous SAR backbone. Use only support points actually covered by each raster.,,
2019-07-05 05:26:21.864339+00:00,descending,168,S1B_IW_GRDH_1SDV_20190705T052621_20190705T052646_016994_01FF99_C37C_COG,sentinel-1b,2019,7,5,2019-07-05,True,stable_track_and_apr_sep_and_year_2015_2025,IW,VV|VH,,PRIMARY_VVVH,IW mode with VV+VH; primary homogeneous SAR backbone. Use only support points actually covered by each raster.,,
2019-07-05 05:26:29.562514+00:00,descending,168,S1B_IW_GRDH_1SDV_20190705T052629_20190705T052654_016994_01FF99_EAE0_COG,sentinel-1b,2019,7,5,2019-07-05,True,stable_track_and_apr_sep_and_year_2015_2025,IW,VV|VH,,PRIMARY_VVVH,IW mode with VV+VH; primary homogeneous SAR backbone. Use only support points actually covered by each raster.,,
2019-07-05 05:26:46.865368+00:00,descending,168,S1B_IW_GRDH_1SDV_20190705T052646_20190705T052711_016994_01FF99_E5A3_COG,sentinel-1b,2019,7,5,2019-07-05,True,stable_track_and_apr_sep_and_year_2015_2025,IW,VV|VH,,PRIMARY_VVVH,IW mode with VV+VH; primary homogeneous SAR backbone. Use only support points actually covered by each raster.,,
2019-07-05 05:26:54.562517+00:00,descending,168,S1B_IW_GRDH_1SDV_20190705T052654_20190705T052719_016994_01FF99_3ACE_COG,sentinel-1b,2019,7,5,2019-07-05,True,stable_track_and_apr_sep_and_year_2015_2025,IW,VV|VH,,PRIMARY_VVVH,IW mode with VV+VH; primary homogeneous SAR backbone. Use only support points actually covered by each raster.,,
2019-07-11 05:27:03.925758+00:00,descending,168,S1A_IW_GRDH_1SDV_20190711T052703_20190711T052728_028065_032B64_62BD_COG,sentinel-1a,2019,7,11,2019-07-11,True,stable_track_and_apr_sep_and_year_2015_2025,IW,VV|VH,,PRIMARY_VVVH,IW mode with VV+VH; primary homogeneous SAR backbone. Use only support points actually covered by each raster.,,
2019-07-11 05:27:08.990295+00:00,descending,168,S1A_IW_GRDH_1SDV_20190711T052708_20190711T052733_028065_032B64_6C61_COG,sentinel-1a,2019,7,11,2019-07-11,True,stable_track_and_apr_sep_and_year_2015_2025,IW,VV|VH,,PRIMARY_VVVH,IW mode with VV+VH; primary homogeneous SAR backbone. Use only support points actually covered by each raster.,,
2019-07-11 05:27:28.925035+00:00,descending,168,S1A_IW_GRDH_1SDV_20190711T052728_20190711T052753_028065_032B64_58A3_COG,sentinel-1a,2019,7,11,2019-07-11,True,stable_track_and_apr_sep_and_year_2015_2025,IW,VV|VH,,PRIMARY_VVVH,IW mode with VV+VH; primary homogeneous SAR backbone. Use only support points actually covered by each raster.,,
2019-07-11 05:27:33.991011+00:00,descending,168,S1A_IW_GRDH_1SDV_20190711T052733_20190711T052758_028065_032B64_9CDA_COG,sentinel-1a,2019,7,11,2019-07-11,True,stable_track_and_apr_sep_and_year_2015_2025,IW,VV|VH,,PRIMARY_VVVH,IW mode with VV+VH; primary homogeneous SAR backbone. Use only support points actually covered by each raster.,,
2019-07-17 05:26:30.153807+00:00,descending,168,S1B_IW_GRDH_1SDV_20190717T052630_20190717T052655_017169_0204BF_A739_COG,sentinel-1b,2019,7,17,2019-07-17,True,stable_track_and_apr_sep_and_year_2015_2025,IW,VV|VH,,PRIMARY_VVVH,IW mode with VV+VH; primary homogeneous SAR backbone. Use only support points actually covered by each raster.,,
2019-07-17 05:26:30.154912+00:00,descending,168,S1B_IW_GRDH_1SDV_20190717T052630_20190717T052655_017169_0204BF_F6F3_COG,sentinel-1b,2019,7,17,2019-07-17,True,stable_track_and_apr_sep_and_year_2015_2025,IW,VV|VH,,PRIMARY_VVVH,IW mode with VV+VH; primary homogeneous SAR backbone. Use only support points actually covered by each raster.,,
2019-07-17 05:26:55.153897+00:00,descending,168,S1B_IW_GRDH_1SDV_20190717T052655_20190717T052720_017169_0204BF_F9A9_COG,sentinel-1b,2019,7,17,2019-07-17,True,stable_track_and_apr_sep_and_year_2015_2025,IW,VV|VH,,PRIMARY_VVVH,IW mode with VV+VH; primary homogeneous SAR backbone. Use only support points actually covered by each raster.,,
2019-07-17 05:26:55.154979+00:00,descending,168,S1B_IW_GRDH_1SDV_20190717T052655_20190717T052720_017169_0204BF_BD44_COG,sentinel-1b,2019,7,17,2019-07-17,True,stable_track_and_apr_sep_and_year_2015_2025,IW,VV|VH,,PRIMARY_VVVH,IW mode with VV+VH; primary homogeneous SAR backbone. Use only support points actually covered by each raster.,,
2019-07-23 05:27:04.858656+00:00,descending,168,S1A_IW_GRDH_1SDV_20190723T052704_20190723T052729_028240_0330AD_269F_COG,sentinel-1a,2019,7,23,2019-07-23,True,stable_track_and_apr_sep_and_year_2015_2025,IW,VV|VH,,PRIMARY_VVVH,IW mode with VV+VH; primary homogeneous SAR backbone. Use only support points actually covered by each raster.,,
2019-07-23 05:27:09.888709+00:00,descending,168,S1A_IW_GRDH_1SDV_20190723T052709_20190723T052734_028240_0330AD_948F_COG,sentinel-1a,2019,7,23,2019-07-23,True,stable_track_and_apr_sep_and_year_2015_2025,IW,VV|VH,,PRIMARY_VVVH,IW mode with VV+VH; primary homogeneous SAR backbone. Use only support points actually covered by each raster.,,
2019-07-23 05:27:29.857923+00:00,descending,168,S1A_IW_GRDH_1SDV_20190723T052729_20190723T052754_028240_0330AD_5DB6_COG,sentinel-1a,2019,7,23,2019-07-23,True,stable_track_and_apr_sep_and_year_2015_2025,IW,VV|VH,,PRIMARY_VVVH,IW mode with VV+VH; primary homogeneous SAR backbone. Use only support points actually covered by each raster.,,
2019-07-23 05:27:34.887909+00:00,descending,168,S1A_IW_GRDH_1SDV_20190723T052734_20190723T052759_028240_0330AD_F813_COG,sentinel-1a,2019,7,23,2019-07-23,True,stable_track_and_apr_sep_and_year_2015_2025,IW,VV|VH,,PRIMARY_VVVH,IW mode with VV+VH; primary homogeneous SAR backbone. Use only support points actually covered by each raster.,,
2019-07-29 05:26:22.994421+00:00,descending,168,S1B_IW_GRDH_1SDV_20190729T052622_20190729T052647_017344_0209DE_92E3_COG,sentinel-1b,2019,7,29,2019-07-29,True,stable_track_and_apr_sep_and_year_2015_2025,IW,VV|VH,,PRIMARY_VVVH,IW mode with VV+VH; primary homogeneous SAR backbone. Use only support points actually covered by each raster.,,
2019-07-29 05:26:30.874932+00:00,descending,168,S1B_IW_GRDH_1SDV_20190729T052630_20190729T052655_017344_0209DE_B520_COG,sentinel-1b,2019,7,29,2019-07-29,True,stable_track_and_apr_sep_and_year_2015_2025,IW,VV|VH,,PRIMARY_VVVH,IW mode with VV+VH; primary homogeneous SAR backbone. Use only support points actually covered by each raster.,,
2019-07-29 05:26:47.993905+00:00,descending,168,S1B_IW_GRDH_1SDV_20190729T052647_20190729T052712_017344_0209DE_8236_COG,sentinel-1b,2019,7,29,2019-07-29,True,stable_track_and_apr_sep_and_year_2015_2025,IW,VV|VH,,PRIMARY_VVVH,IW mode with VV+VH; primary homogeneous SAR backbone. Use only support points actually covered by each raster.,,
2019-07-29 05:26:55.874912+00:00,descending,168,S1B_IW_GRDH_1SDV_20190729T052655_20190729T052720_017344_0209DE_7E9B_COG,sentinel-1b,2019,7,29,2019-07-29,True,stable_track_and_apr_sep_and_year_2015_2025,IW,VV|VH,,PRIMARY_VVVH,IW mode with VV+VH; primary homogeneous SAR backbone. Use only support points actually covered by each raster.,,
2019-08-04 05:27:05.961354+00:00,descending,168,S1A_IW_GRDH_1SDV_20190804T052705_20190804T052730_028415_033604_E291_COG,sentinel-1a,2019,8,4,2019-08-04,True,stable_track_and_apr_sep_and_year_2015_2025,IW,VV|VH,,PRIMARY_VVVH,IW mode with VV+VH; primary homogeneous SAR backbone. Use only support points actually covered by each raster.,,
2019-08-04 05:27:10.659629+00:00,descending,168,S1A_IW_GRDH_1SDV_20190804T052710_20190804T052735_028415_033604_00D9_COG,sentinel-1a,2019,8,4,2019-08-04,True,stable_track_and_apr_sep_and_year_2015_2025,IW,VV|VH,,PRIMARY_VVVH,IW mode with VV+VH; primary homogeneous SAR backbone. Use only support points actually covered by each raster.,,
2019-08-04 05:27:30.962068+00:00,descending,168,S1A_IW_GRDH_1SDV_20190804T052730_20190804T052755_028415_033604_F117_COG,sentinel-1a,2019,8,4,2019-08-04,True,stable_track_and_apr_sep_and_year_2015_2025,IW,VV|VH,,PRIMARY_VVVH,IW mode with VV+VH; primary homogeneous SAR backbone. Use only support points actually covered by each raster.,,
2019-08-04 05:27:35.660213+00:00,descending,168,S1A_IW_GRDH_1SDV_20190804T052735_20190804T052800_028415_033604_E778_COG,sentinel-1a,2019,8,4,2019-08-04,True,stable_track_and_apr_sep_and_year_2015_2025,IW,VV|VH,,PRIMARY_VVVH,IW mode with VV+VH; primary homogeneous SAR backbone. Use only support points actually covered by each raster.,,
2019-08-10 05:26:23.937135+00:00,descending,168,S1B_IW_GRDH_1SDV_20190810T052623_20190810T052648_017519_020F28_5113_COG,sentinel-1b,2019,8,10,2019-08-10,True,stable_track_and_apr_sep_and_year_2015_2025,IW,VV|VH,,PRIMARY_VVVH,IW mode with VV+VH; primary homogeneous SAR backbone. Use only support points actually covered by each raster.,,
2019-08-10 05:26:31.775293+00:00,descending,168,S1B_IW_GRDH_1SDV_20190810T052631_20190810T052656_017519_020F28_89D3_COG,sentinel-1b,2019,8,10,2019-08-10,True,stable_track_and_apr_sep_and_year_2015_2025,IW,VV|VH,,PRIMARY_VVVH,IW mode with VV+VH; primary homogeneous SAR backbone. Use only support points actually covered by each raster.,,
2019-08-10 05:26:48.936706+00:00,descending,168,S1B_IW_GRDH_1SDV_20190810T052648_20190810T052713_017519_020F28_9CB0_COG,sentinel-1b,2019,8,10,2019-08-10,True,stable_track_and_apr_sep_and_year_2015_2025,IW,VV|VH,,PRIMARY_VVVH,IW mode with VV+VH; primary homogeneous SAR backbone. Use only support points actually covered by each raster.,,
2019-08-10 05:26:56.775390+00:00,descending,168,S1B_IW_GRDH_1SDV_20190810T052656_20190810T052721_017519_020F28_E629_COG,sentinel-1b,2019,8,10,2019-08-10,True,stable_track_and_apr_sep_and_year_2015_2025,IW,VV|VH,,PRIMARY_VVVH,IW mode with VV+VH; primary homogeneous SAR backbone. Use only support points actually covered by each raster.,,
2019-08-16 05:27:06.888925+00:00,descending,168,S1A_IW_GRDH_1SDV_20190816T052706_20190816T052731_028590_033BDA_7773_COG,sentinel-1a,2019,8,16,2019-08-16,True,stable_track_and_apr_sep_and_year_2015_2025,IW,VV|VH,,PRIMARY_VVVH,IW mode with VV+VH; primary homogeneous SAR backbone. Use only support points actually covered by each raster.,,
2019-08-16 05:27:11.533853+00:00,descending,168,S1A_IW_GRDH_1SDV_20190816T052711_20190816T052736_028590_033BDA_2334_COG,sentinel-1a,2019,8,16,2019-08-16,True,stable_track_and_apr_sep_and_year_2015_2025,IW,VV|VH,,PRIMARY_VVVH,IW mode with VV+VH; primary homogeneous SAR backbone. Use only support points actually covered by each raster.,,
2019-08-16 05:27:31.889123+00:00,descending,168,S1A_IW_GRDH_1SDV_20190816T052731_20190816T052756_028590_033BDA_D458_COG,sentinel-1a,2019,8,16,2019-08-16,True,stable_track_and_apr_sep_and_year_2015_2025,IW,VV|VH,,PRIMARY_VVVH,IW mode with VV+VH; primary homogeneous SAR backbone. Use only support points actually covered by each raster.,,
2019-08-16 05:27:36.533050+00:00,descending,168,S1A_IW_GRDH_1SDV_20190816T052736_20190816T052801_028590_033BDA_A8C8_COG,sentinel-1a,2019,8,16,2019-08-16,True,stable_track_and_apr_sep_and_year_2015_2025,IW,VV|VH,,PRIMARY_VVVH,IW mode with VV+VH; primary homogeneous SAR backbone. Use only support points actually covered by each raster.,,
2019-08-22 05:26:24.977623+00:00,descending,168,S1B_IW_GRDH_1SDV_20190822T052624_20190822T052649_017694_02149F_3DD6_COG,sentinel-1b,2019,8,22,2019-08-22,True,stable_track_and_apr_sep_and_year_2015_2025,IW,VV|VH,,PRIMARY_VVVH,IW mode with VV+VH; primary homogeneous SAR backbone. Use only support points actually covered by each raster.,,
2019-08-22 05:26:32.390988+00:00,descending,168,S1B_IW_GRDH_1SDV_20190822T052632_20190822T052657_017694_02149F_0592_COG,sentinel-1b,2019,8,22,2019-08-22,True,stable_track_and_apr_sep_and_year_2015_2025,IW,VV|VH,,PRIMARY_VVVH,IW mode with VV+VH; primary homogeneous SAR backbone. Use only support points actually covered by each raster.,,
2019-08-22 05:26:49.977194+00:00,descending,168,S1B_IW_GRDH_1SDV_20190822T052649_20190822T052714_017694_02149F_2F26_COG,sentinel-1b,2019,8,22,2019-08-22,True,stable_track_and_apr_sep_and_year_2015_2025,IW,VV|VH,,PRIMARY_VVVH,IW mode with VV+VH; primary homogeneous SAR backbone. Use only support points actually covered by each raster.,,
2019-08-22 05:26:57.391101+00:00,descending,168,S1B_IW_GRDH_1SDV_20190822T052657_20190822T052722_017694_02149F_B3F9_COG,sentinel-1b,2019,8,22,2019-08-22,True,stable_track_and_apr_sep_and_year_2015_2025,IW,VV|VH,,PRIMARY_VVVH,IW mode with VV+VH; primary homogeneous SAR backbone. Use only support points actually covered by each raster.,,
2019-08-28 05:27:06.997735+00:00,descending,168,S1A_IW_GRDH_1SDV_20190828T052706_20190828T052731_028765_0341F8_97A7_COG,sentinel-1a,2019,8,28,2019-08-28,True,stable_track_and_apr_sep_and_year_2015_2025,IW,VV|VH,,PRIMARY_VVVH,IW mode with VV+VH; primary homogeneous SAR backbone. Use only support points actually covered by each raster.,,
2019-08-28 05:27:11.980299+00:00,descending,168,S1A_IW_GRDH_1SDV_20190828T052711_20190828T052736_028765_0341F8_C01D_COG,sentinel-1a,2019,8,28,2019-08-28,True,stable_track_and_apr_sep_and_year_2015_2025,IW,VV|VH,,PRIMARY_VVVH,IW mode with VV+VH; primary homogeneous SAR backbone. Use only support points actually covered by each raster.,,
2019-08-28 05:27:31.997007+00:00,descending,168,S1A_IW_GRDH_1SDV_20190828T052731_20190828T052756_028765_0341F8_18A7_COG,sentinel-1a,2019,8,28,2019-08-28,True,stable_track_and_apr_sep_and_year_2015_2025,IW,VV|VH,,PRIMARY_VVVH,IW mode with VV+VH; primary homogeneous SAR backbone. Use only support points actually covered by each raster.,,
2019-08-28 05:27:36.979488+00:00,descending,168,S1A_IW_GRDH_1SDV_20190828T052736_20190828T052801_028765_0341F8_0B2C_COG,sentinel-1a,2019,8,28,2019-08-28,True,stable_track_and_apr_sep_and_year_2015_2025,IW,VV|VH,,PRIMARY_VVVH,IW mode with VV+VH; primary homogeneous SAR backbone. Use only support points actually covered by each raster.,,
2019-09-03 05:26:25.928942+00:00,descending,168,S1B_IW_GRDH_1SDV_20190903T052625_20190903T052650_017869_021A0C_CDA1_COG,sentinel-1b,2019,9,3,2019-09-03,True,stable_track_and_apr_sep_and_year_2015_2025,IW,VV|VH,,PRIMARY_VVVH,IW mode with VV+VH; primary homogeneous SAR backbone. Use only support points actually covered by each raster.,,
2019-09-03 05:26:32.967338+00:00,descending,168,S1B_IW_GRDH_1SDV_20190903T052632_20190903T052657_017869_021A0C_C2BE_COG,sentinel-1b,2019,9,3,2019-09-03,True,stable_track_and_apr_sep_and_year_2015_2025,IW,VV|VH,,PRIMARY_VVVH,IW mode with VV+VH; primary homogeneous SAR backbone. Use only support points actually covered by each raster.,,
2019-09-03 05:26:50.928353+00:00,descending,168,S1B_IW_GRDH_1SDV_20190903T052650_20190903T052715_017869_021A0C_CCB0_COG,sentinel-1b,2019,9,3,2019-09-03,True,stable_track_and_apr_sep_and_year_2015_2025,IW,VV|VH,,PRIMARY_VVVH,IW mode with VV+VH; primary homogeneous SAR backbone. Use only support points actually covered by each raster.,,
2019-09-03 05:26:57.967416+00:00,descending,168,S1B_IW_GRDH_1SDV_20190903T052657_20190903T052722_017869_021A0C_92A3_COG,sentinel-1b,2019,9,3,2019-09-03,True,stable_track_and_apr_sep_and_year_2015_2025,IW,VV|VH,,PRIMARY_VVVH,IW mode with VV+VH; primary homogeneous SAR backbone. Use only support points actually covered by each raster.,,
2019-09-09 05:27:07.919069+00:00,descending,168,S1A_IW_GRDH_1SDV_20190909T052707_20190909T052732_028940_03480E_5401_COG,sentinel-1a,2019,9,9,2019-09-09,True,stable_track_and_apr_sep_and_year_2015_2025,IW,VV|VH,,PRIMARY_VVVH,IW mode with VV+VH; primary homogeneous SAR backbone. Use only support points actually covered by each raster.,,
2019-09-09 05:27:12.587454+00:00,descending,168,S1A_IW_GRDH_1SDV_20190909T052712_20190909T052737_028940_03480E_7DC9_COG,sentinel-1a,2019,9,9,2019-09-09,True,stable_track_and_apr_sep_and_year_2015_2025,IW,VV|VH,,PRIMARY_VVVH,IW mode with VV+VH; primary homogeneous SAR backbone. Use only support points actually covered by each raster.,,
2019-09-09 05:27:32.919287+00:00,descending,168,S1A_IW_GRDH_1SDV_20190909T052732_20190909T052757_028940_03480E_230A_COG,sentinel-1a,2019,9,9,2019-09-09,True,stable_track_and_apr_sep_and_year_2015_2025,IW,VV|VH,,PRIMARY_VVVH,IW mode with VV+VH; primary homogeneous SAR backbone. Use only support points actually covered by each raster.,,
2019-09-09 05:27:37.588169+00:00,descending,168,S1A_IW_GRDH_1SDV_20190909T052737_20190909T052802_028940_03480E_475A_COG,sentinel-1a,2019,9,9,2019-09-09,True,stable_track_and_apr_sep_and_year_2015_2025,IW,VV|VH,,PRIMARY_VVVH,IW mode with VV+VH; primary homogeneous SAR backbone. Use only support points actually covered by each raster.,,
2019-09-15 05:26:25.942336+00:00,descending,168,S1B_IW_GRDH_1SDV_20190915T052625_20190915T052650_018044_021F7F_BA2D_COG,sentinel-1b,2019,9,15,2019-09-15,True,stable_track_and_apr_sep_and_year_2015_2025,IW,VV|VH,,PRIMARY_VVVH,IW mode with VV+VH; primary homogeneous SAR backbone. Use only support points actually covered by each raster.,,
2019-09-15 05:26:33.531524+00:00,descending,168,S1B_IW_GRDH_1SDV_20190915T052633_20190915T052658_018044_021F7F_6F34_COG,sentinel-1b,2019,9,15,2019-09-15,True,stable_track_and_apr_sep_and_year_2015_2025,IW,VV|VH,,PRIMARY_VVVH,IW mode with VV+VH; primary homogeneous SAR backbone. Use only support points actually covered by each raster.,,
2019-09-15 05:26:50.941914+00:00,descending,168,S1B_IW_GRDH_1SDV_20190915T052650_20190915T052715_018044_021F7F_A2EF_COG,sentinel-1b,2019,9,15,2019-09-15,True,stable_track_and_apr_sep_and_year_2015_2025,IW,VV|VH,,PRIMARY_VVVH,IW mode with VV+VH; primary homogeneous SAR backbone. Use only support points actually covered by each raster.,,
2019-09-15 05:26:58.531626+00:00,descending,168,S1B_IW_GRDH_1SDV_20190915T052658_20190915T052723_018044_021F7F_1910_COG,sentinel-1b,2019,9,15,2019-09-15,True,stable_track_and_apr_sep_and_year_2015_2025,IW,VV|VH,,PRIMARY_VVVH,IW mode with VV+VH; primary homogeneous SAR backbone. Use only support points actually covered by each raster.,,
2019-09-21 05:27:07.880137+00:00,descending,168,S1A_IW_GRDH_1SDV_20190921T052707_20190921T052732_029115_034E0E_4B25_COG,sentinel-1a,2019,9,21,2019-09-21,True,stable_track_and_apr_sep_and_year_2015_2025,IW,VV|VH,,PRIMARY_VVVH,IW mode with VV+VH; primary homogeneous SAR backbone. Use only support points actually covered by each raster.,,
2019-09-21 05:27:13.049537+00:00,descending,168,S1A_IW_GRDH_1SDV_20190921T052713_20190921T052738_029115_034E0E_3753_COG,sentinel-1a,2019,9,21,2019-09-21,True,stable_track_and_apr_sep_and_year_2015_2025,IW,VV|VH,,PRIMARY_VVVH,IW mode with VV+VH; primary homogeneous SAR backbone. Use only support points actually covered by each raster.,,
2019-09-21 05:27:32.879534+00:00,descending,168,S1A_IW_GRDH_1SDV_20190921T052732_20190921T052757_029115_034E0E_8210_COG,sentinel-1a,2019,9,21,2019-09-21,True,stable_track_and_apr_sep_and_year_2015_2025,IW,VV|VH,,PRIMARY_VVVH,IW mode with VV+VH; primary homogeneous SAR backbone. Use only support points actually covered by each raster.,,
2019-09-21 05:27:38.050406+00:00,descending,168,S1A_IW_GRDH_1SDV_20190921T052738_20190921T052803_029115_034E0E_4ACF_COG,sentinel-1a,2019,9,21,2019-09-21,True,stable_track_and_apr_sep_and_year_2015_2025,IW,VV|VH,,PRIMARY_VVVH,IW mode with VV+VH; primary homogeneous SAR backbone. Use only support points actually covered by each raster.,,
2019-09-27 05:26:26.924788+00:00,descending,168,S1B_IW_GRDH_1SDV_20190927T052626_20190927T052651_018219_0224E4_54D5_COG,sentinel-1b,2019,9,27,2019-09-27,True,stable_track_and_apr_sep_and_year_2015_2025,IW,VV|VH,,PRIMARY_VVVH,IW mode with VV+VH; primary homogeneous SAR backbone. Use only support points actually covered by each raster.,,
2019-09-27 05:26:34.187795+00:00,descending,168,S1B_IW_GRDH_1SDV_20190927T052634_20190927T052659_018219_0224E4_9B5B_COG,sentinel-1b,2019,9,27,2019-09-27,True,stable_track_and_apr_sep_and_year_2015_2025,IW,VV|VH,,PRIMARY_VVVH,IW mode with VV+VH; primary homogeneous SAR backbone. Use only support points actually covered by each raster.,,
2019-09-27 05:26:51.924517+00:00,descending,168,S1B_IW_GRDH_1SDV_20190927T052651_20190927T052716_018219_0224E4_E0DE_COG,sentinel-1b,2019,9,27,2019-09-27,True,stable_track_and_apr_sep_and_year_2015_2025,IW,VV|VH,,PRIMARY_VVVH,IW mode with VV+VH; primary homogeneous SAR backbone. Use only support points actually covered by each raster.,,
2019-09-27 05:26:59.188019+00:00,descending,168,S1B_IW_GRDH_1SDV_20190927T052659_20190927T052724_018219_0224E4_C24A_COG,sentinel-1b,2019,9,27,2019-09-27,True,stable_track_and_apr_sep_and_year_2015_2025,IW,VV|VH,,PRIMARY_VVVH,IW mode with VV+VH; primary homogeneous SAR backbone. Use only support points actually covered by each raster.,,
2020-04-01 17:14:56.306131+00:00,ascending,15,S1A_IW_GRDH_1SDV_20200401T171456_20200401T171521_031937_03B004_78AE_COG,sentinel-1a,2020,4,1,2020-04-01,True,stable_track_and_apr_sep_and_year_2015_2025,IW,VV|VH,,PRIMARY_VVVH,IW mode with VV+VH; primary homogeneous SAR backbone. Use only support points actually covered by each raster.,,
2020-04-01 17:14:56.306131+00:00,ascending,15,S1A_IW_GRDH_1SDV_20200401T171456_20200401T171521_031937_03B004_B4E2_COG,sentinel-1a,2020,4,1,2020-04-01,True,stable_track_and_apr_sep_and_year_2015_2025,IW,VV|VH,,PRIMARY_VVVH,IW mode with VV+VH; primary homogeneous SAR backbone. Use only support points actually covered by each raster.,,
2020-04-07 17:14:01.819594+00:00,ascending,15,S1B_IW_GRDH_1SDV_20200407T171401_20200407T171426_021041_027EA2_3500_COG,sentinel-1b,2020,4,7,2020-04-07,True,stable_track_and_apr_sep_and_year_2015_2025,IW,VV|VH,,PRIMARY_VVVH,IW mode with VV+VH; primary homogeneous SAR backbone. Use only support points actually covered by each raster.,,
2020-04-07 17:14:01.819596+00:00,ascending,15,S1B_IW_GRDH_1SDV_20200407T171401_20200407T171426_021041_027EA2_CDC8_COG,sentinel-1b,2020,4,7,2020-04-07,True,stable_track_and_apr_sep_and_year_2015_2025,IW,VV|VH,,PRIMARY_VVVH,IW mode with VV+VH; primary homogeneous SAR backbone. Use only support points actually covered by each raster.,,
2020-04-07 17:14:26.819589+00:00,ascending,15,S1B_IW_GRDH_1SDV_20200407T171426_20200407T171451_021041_027EA2_E8A2_COG,sentinel-1b,2020,4,7,2020-04-07,True,stable_track_and_apr_sep_and_year_2015_2025,IW,VV|VH,,PRIMARY_VVVH,IW mode with VV+VH; primary homogeneous SAR backbone. Use only support points actually covered by each raster.,,
2020-04-07 17:14:26.819590+00:00,ascending,15,S1B_IW_GRDH_1SDV_20200407T171426_20200407T171451_021041_027EA2_7D6D_COG,sentinel-1b,2020,4,7,2020-04-07,True,stable_track_and_apr_sep_and_year_2015_2025,IW,VV|VH,,PRIMARY_VVVH,IW mode with VV+VH; primary homogeneous SAR backbone. Use only support points actually covered by each raster.,,
2020-04-13 17:14:56.653231+00:00,ascending,15,S1A_IW_GRDH_1SDV_20200413T171456_20200413T171521_032112_03B62E_6CB9_COG,sentinel-1a,2020,4,13,2020-04-13,True,stable_track_and_apr_sep_and_year_2015_2025,IW,VV|VH,,PRIMARY_VVVH,IW mode with VV+VH; primary homogeneous SAR backbone. Use only support points actually covered by each raster.,,
2020-04-13 17:14:56.653231+00:00,ascending,15,S1A_IW_GRDH_1SDV_20200413T171456_20200413T171521_032112_03B62E_FFDD_COG,sentinel-1a,2020,4,13,2020-04-13,True,stable_track_and_apr_sep_and_year_2015_2025,IW,VV|VH,,PRIMARY_VVVH,IW mode with VV+VH; primary homogeneous SAR backbone. Use only support points actually covered by each raster.,,
2020-04-25 17:14:57.161093+00:00,ascending,15,S1A_IW_GRDH_1SDV_20200425T171457_20200425T171522_032287_03BC53_0985_COG,sentinel-1a,2020,4,25,2020-04-25,True,stable_track_and_apr_sep_and_year_2015_2025,IW,VV|VH,,PRIMARY_VVVH,IW mode with VV+VH; primary homogeneous SAR backbone. Use only support points actually covered by each raster.,,
2020-04-25 17:14:57.161093+00:00,ascending,15,S1A_IW_GRDH_1SDV_20200425T171457_20200425T171522_032287_03BC53_1726_COG,sentinel-1a,2020,4,25,2020-04-25,True,stable_track_and_apr_sep_and_year_2015_2025,IW,VV|VH,,PRIMARY_VVVH,IW mode with VV+VH; primary homogeneous SAR backbone. Use only support points actually covered by each raster.,,
2020-05-01 17:14:02.980331+00:00,ascending,15,S1B_IW_GRDH_1SDV_20200501T171402_20200501T171427_021391_0289B0_1ED6_COG,sentinel-1b,2020,5,1,2020-05-01,True,stable_track_and_apr_sep_and_year_2015_2025,IW,VV|VH,,PRIMARY_VVVH,IW mode with VV+VH; primary homogeneous SAR backbone. Use only support points actually covered by each raster.,,
2020-05-01 17:14:02.980331+00:00,ascending,15,S1B_IW_GRDH_1SDV_20200501T171402_20200501T171427_021391_0289B0_CB6F_COG,sentinel-1b,2020,5,1,2020-05-01,True,stable_track_and_apr_sep_and_year_2015_2025,IW,VV|VH,,PRIMARY_VVVH,IW mode with VV+VH; primary homogeneous SAR backbone. Use only support points actually covered by each raster.,,
2020-05-01 17:14:27.980212+00:00,ascending,15,S1B_IW_GRDH_1SDV_20200501T171427_20200501T171452_021391_0289B0_14F3_COG,sentinel-1b,2020,5,1,2020-05-01,True,stable_track_and_apr_sep_and_year_2015_2025,IW,VV|VH,,PRIMARY_VVVH,IW mode with VV+VH; primary homogeneous SAR backbone. Use only support points actually covered by each raster.,,
2020-05-01 17:14:27.980212+00:00,ascending,15,S1B_IW_GRDH_1SDV_20200501T171427_20200501T171452_021391_0289B0_B41C_COG,sentinel-1b,2020,5,1,2020-05-01,True,stable_track_and_apr_sep_and_year_2015_2025,IW,VV|VH,,PRIMARY_VVVH,IW mode with VV+VH; primary homogeneous SAR backbone. Use only support points actually covered by each raster.,,
2020-05-07 17:14:57.605465+00:00,ascending,15,S1A_IW_GRDH_1SDV_20200507T171457_20200507T171522_032462_03C261_7257_COG,sentinel-1a,2020,5,7,2020-05-07,True,stable_track_and_apr_sep_and_year_2015_2025,IW,VV|VH,,PRIMARY_VVVH,IW mode with VV+VH; primary homogeneous SAR backbone. Use only support points actually covered by each raster.,,
2020-05-07 17:14:57.605466+00:00,ascending,15,S1A_IW_GRDH_1SDV_20200507T171457_20200507T171522_032462_03C261_9C71_COG,sentinel-1a,2020,5,7,2020-05-07,True,stable_track_and_apr_sep_and_year_2015_2025,IW,VV|VH,,PRIMARY_VVVH,IW mode with VV+VH; primary homogeneous SAR backbone. Use only support points actually covered by each raster.,,
2020-05-13 17:14:03.408826+00:00,ascending,15,S1B_IW_GRDH_1SDV_20200513T171403_20200513T171428_021566_028F1C_3676_COG,sentinel-1b,2020,5,13,2020-05-13,True,stable_track_and_apr_sep_and_year_2015_2025,IW,VV|VH,,PRIMARY_VVVH,IW mode with VV+VH; primary homogeneous SAR backbone. Use only support points actually covered by each raster.,,
2020-05-13 17:14:03.408826+00:00,ascending,15,S1B_IW_GRDH_1SDV_20200513T171403_20200513T171428_021566_028F1C_9CEA_COG,sentinel-1b,2020,5,13,2020-05-13,True,stable_track_and_apr_sep_and_year_2015_2025,IW,VV|VH,,PRIMARY_VVVH,IW mode with VV+VH; primary homogeneous SAR backbone. Use only support points actually covered by each raster.,,
2020-05-13 17:14:28.408701+00:00,ascending,15,S1B_IW_GRDH_1SDV_20200513T171428_20200513T171453_021566_028F1C_8C3C_COG,sentinel-1b,2020,5,13,2020-05-13,True,stable_track_and_apr_sep_and_year_2015_2025,IW,VV|VH,,PRIMARY_VVVH,IW mode with VV+VH; primary homogeneous SAR backbone. Use only support points actually covered by each raster.,,
2020-05-13 17:14:28.408701+00:00,ascending,15,S1B_IW_GRDH_1SDV_20200513T171428_20200513T171453_021566_028F1C_C99D_COG,sentinel-1b,2020,5,13,2020-05-13,True,stable_track_and_apr_sep_and_year_2015_2025,IW,VV|VH,,PRIMARY_VVVH,IW mode with VV+VH; primary homogeneous SAR backbone. Use only support points actually covered by each raster.,,
2020-05-19 17:14:58.426582+00:00,ascending,15,S1A_IW_GRDH_1SDV_20200519T171458_20200519T171523_032637_03C7B2_C062_COG,sentinel-1a,2020,5,19,2020-05-19,True,stable_track_and_apr_sep_and_year_2015_2025,IW,VV|VH,,PRIMARY_VVVH,IW mode with VV+VH; primary homogeneous SAR backbone. Use only support points actually covered by each raster.,,
2020-05-19 17:14:58.426583+00:00,ascending,15,S1A_IW_GRDH_1SDV_20200519T171458_20200519T171523_032637_03C7B2_41DB_COG,sentinel-1a,2020,5,19,2020-05-19,True,stable_track_and_apr_sep_and_year_2015_2025,IW,VV|VH,,PRIMARY_VVVH,IW mode with VV+VH; primary homogeneous SAR backbone. Use only support points actually covered by each raster.,,
2020-05-25 17:14:04.272431+00:00,ascending,15,S1B_IW_GRDH_1SDV_20200525T171404_20200525T171429_021741_029439_203E_COG,sentinel-1b,2020,5,25,2020-05-25,True,stable_track_and_apr_sep_and_year_2015_2025,IW,VV|VH,,PRIMARY_VVVH,IW mode with VV+VH; primary homogeneous SAR backbone. Use only support points actually covered by each raster.,,
2020-05-25 17:14:04.272431+00:00,ascending,15,S1B_IW_GRDH_1SDV_20200525T171404_20200525T171429_021741_029439_6C02_COG,sentinel-1b,2020,5,25,2020-05-25,True,stable_track_and_apr_sep_and_year_2015_2025,IW,VV|VH,,PRIMARY_VVVH,IW mode with VV+VH; primary homogeneous SAR backbone. Use only support points actually covered by each raster.,,
2020-05-25 17:14:29.272294+00:00,ascending,15,S1B_IW_GRDH_1SDV_20200525T171429_20200525T171454_021741_029439_9B9D_COG,sentinel-1b,2020,5,25,2020-05-25,True,stable_track_and_apr_sep_and_year_2015_2025,IW,VV|VH,,PRIMARY_VVVH,IW mode with VV+VH; primary homogeneous SAR backbone. Use only support points actually covered by each raster.,,
2020-05-25 17:14:29.272294+00:00,ascending,15,S1B_IW_GRDH_1SDV_20200525T171429_20200525T171454_021741_029439_FBB1_COG,sentinel-1b,2020,5,25,2020-05-25,True,stable_track_and_apr_sep_and_year_2015_2025,IW,VV|VH,,PRIMARY_VVVH,IW mode with VV+VH; primary homogeneous SAR backbone. Use only support points actually covered by each raster.,,
2020-05-31 17:14:59.172334+00:00,ascending,15,S1A_IW_GRDH_1SDV_20200531T171459_20200531T171524_032812_03CCF9_1F54_COG,sentinel-1a,2020,5,31,2020-05-31,True,stable_track_and_apr_sep_and_year_2015_2025,IW,VV|VH,,PRIMARY_VVVH,IW mode with VV+VH; primary homogeneous SAR backbone. Use only support points actually covered by each raster.,,
2020-05-31 17:14:59.172334+00:00,ascending,15,S1A_IW_GRDH_1SDV_20200531T171459_20200531T171524_032812_03CCF9_4EA1_COG,sentinel-1a,2020,5,31,2020-05-31,True,stable_track_and_apr_sep_and_year_2015_2025,IW,VV|VH,,PRIMARY_VVVH,IW mode with VV+VH; primary homogeneous SAR backbone. Use only support points actually covered by each raster.,,
2020-06-06 17:14:05.064216+00:00,ascending,15,S1B_IW_GRDH_1SDV_20200606T171405_20200606T171430_021916_02997C_BEF1_COG,sentinel-1b,2020,6,6,2020-06-06,True,stable_track_and_apr_sep_and_year_2015_2025,IW,VV|VH,,PRIMARY_VVVH,IW mode with VV+VH; primary homogeneous SAR backbone. Use only support points actually covered by each raster.,,
2020-06-06 17:14:05.064217+00:00,ascending,15,S1B_IW_GRDH_1SDV_20200606T171405_20200606T171430_021916_02997C_11A1_COG,sentinel-1b,2020,6,6,2020-06-06,True,stable_track_and_apr_sep_and_year_2015_2025,IW,VV|VH,,PRIMARY_VVVH,IW mode with VV+VH; primary homogeneous SAR backbone. Use only support points actually covered by each raster.,,
2020-06-06 17:14:30.065506+00:00,ascending,15,S1B_IW_GRDH_1SDV_20200606T171430_20200606T171455_021916_02997C_8BAF_COG,sentinel-1b,2020,6,6,2020-06-06,True,stable_track_and_apr_sep_and_year_2015_2025,IW,VV|VH,,PRIMARY_VVVH,IW mode with VV+VH; primary homogeneous SAR backbone. Use only support points actually covered by each raster.,,
2020-06-06 17:14:30.065507+00:00,ascending,15,S1B_IW_GRDH_1SDV_20200606T171430_20200606T171455_021916_02997C_9B3D_COG,sentinel-1b,2020,6,6,2020-06-06,True,stable_track_and_apr_sep_and_year_2015_2025,IW,VV|VH,,PRIMARY_VVVH,IW mode with VV+VH; primary homogeneous SAR backbone. Use only support points actually covered by each raster.,,
2020-06-12 17:14:59.958967+00:00,ascending,15,S1A_IW_GRDH_1SDV_20200612T171459_20200612T171524_032987_03D225_97C7_COG,sentinel-1a,2020,6,12,2020-06-12,True,stable_track_and_apr_sep_and_year_2015_2025,IW,VV|VH,,PRIMARY_VVVH,IW mode with VV+VH; primary homogeneous SAR backbone. Use only support points actually covered by each raster.,,
2020-06-12 17:14:59.958967+00:00,ascending,15,S1A_IW_GRDH_1SDV_20200612T171459_20200612T171524_032987_03D225_AA71_COG,sentinel-1a,2020,6,12,2020-06-12,True,stable_track_and_apr_sep_and_year_2015_2025,IW,VV|VH,,PRIMARY_VVVH,IW mode with VV+VH; primary homogeneous SAR backbone. Use only support points actually covered by each raster.,,
2020-06-24 17:15:00.611760+00:00,ascending,15,S1A_IW_GRDH_1SDV_20200624T171500_20200624T171525_033162_03D77A_4CC4_COG,sentinel-1a,2020,6,24,2020-06-24,True,stable_track_and_apr_sep_and_year_2015_2025,IW,VV|VH,,PRIMARY_VVVH,IW mode with VV+VH; primary homogeneous SAR backbone. Use only support points actually covered by each raster.,,
2020-06-24 17:15:00.611760+00:00,ascending,15,S1A_IW_GRDH_1SDV_20200624T171500_20200624T171525_033162_03D77A_7B97_COG,sentinel-1a,2020,6,24,2020-06-24,True,stable_track_and_apr_sep_and_year_2015_2025,IW,VV|VH,,PRIMARY_VVVH,IW mode with VV+VH; primary homogeneous SAR backbone. Use only support points actually covered by each raster.,,
2020-06-30 17:14:06.199442+00:00,ascending,15,S1B_IW_GRDH_1SDV_20200630T171406_20200630T171431_022266_02A428_AFC9_COG,sentinel-1b,2020,6,30,2020-06-30,True,stable_track_and_apr_sep_and_year_2015_2025,IW,VV|VH,,PRIMARY_VVVH,IW mode with VV+VH; primary homogeneous SAR backbone. Use only support points actually covered by each raster.,,
2020-06-30 17:14:06.199443+00:00,ascending,15,S1B_IW_GRDH_1SDV_20200630T171406_20200630T171431_022266_02A428_2C2B_COG,sentinel-1b,2020,6,30,2020-06-30,True,stable_track_and_apr_sep_and_year_2015_2025,IW,VV|VH,,PRIMARY_VVVH,IW mode with VV+VH; primary homogeneous SAR backbone. Use only support points actually covered by each raster.,,
2020-06-30 17:14:31.199361+00:00,ascending,15,S1B_IW_GRDH_1SDV_20200630T171431_20200630T171456_022266_02A428_0E08_COG,sentinel-1b,2020,6,30,2020-06-30,True,stable_track_and_apr_sep_and_year_2015_2025,IW,VV|VH,,PRIMARY_VVVH,IW mode with VV+VH; primary homogeneous SAR backbone. Use only support points actually covered by each raster.,,
2020-06-30 17:14:31.199363+00:00,ascending,15,S1B_IW_GRDH_1SDV_20200630T171431_20200630T171456_022266_02A428_9FA4_COG,sentinel-1b,2020,6,30,2020-06-30,True,stable_track_and_apr_sep_and_year_2015_2025,IW,VV|VH,,PRIMARY_VVVH,IW mode with VV+VH; primary homogeneous SAR backbone. Use only support points actually covered by each raster.,,
2020-07-06 17:15:01.203535+00:00,ascending,15,S1A_IW_GRDH_1SDV_20200706T171501_20200706T171526_033337_03DCC6_90BB_COG,sentinel-1a,2020,7,6,2020-07-06,True,stable_track_and_apr_sep_and_year_2015_2025,IW,VV|VH,,PRIMARY_VVVH,IW mode with VV+VH; primary homogeneous SAR backbone. Use only support points actually covered by each raster.,,
2020-07-06 17:15:01.203536+00:00,ascending,15,S1A_IW_GRDH_1SDV_20200706T171501_20200706T171526_033337_03DCC6_C104_COG,sentinel-1a,2020,7,6,2020-07-06,True,stable_track_and_apr_sep_and_year_2015_2025,IW,VV|VH,,PRIMARY_VVVH,IW mode with VV+VH; primary homogeneous SAR backbone. Use only support points actually covered by each raster.,,
2020-07-12 17:14:07.000654+00:00,ascending,15,S1B_IW_GRDH_1SDV_20200712T171407_20200712T171431_022441_02A977_56E1_COG,sentinel-1b,2020,7,12,2020-07-12,True,stable_track_and_apr_sep_and_year_2015_2025,IW,VV|VH,,PRIMARY_VVVH,IW mode with VV+VH; primary homogeneous SAR backbone. Use only support points actually covered by each raster.,,
2020-07-12 17:14:07.000655+00:00,ascending,15,S1B_IW_GRDH_1SDV_20200712T171407_20200712T171431_022441_02A977_2B36_COG,sentinel-1b,2020,7,12,2020-07-12,True,stable_track_and_apr_sep_and_year_2015_2025,IW,VV|VH,,PRIMARY_VVVH,IW mode with VV+VH; primary homogeneous SAR backbone. Use only support points actually covered by each raster.,,
2020-07-12 17:14:32.000582+00:00,ascending,15,S1B_IW_GRDH_1SDV_20200712T171432_20200712T171456_022441_02A977_1D82_COG,sentinel-1b,2020,7,12,2020-07-12,True,stable_track_and_apr_sep_and_year_2015_2025,IW,VV|VH,,PRIMARY_VVVH,IW mode with VV+VH; primary homogeneous SAR backbone. Use only support points actually covered by each raster.,,
2020-07-12 17:14:32.000584+00:00,ascending,15,S1B_IW_GRDH_1SDV_20200712T171432_20200712T171456_022441_02A977_675E_COG,sentinel-1b,2020,7,12,2020-07-12,True,stable_track_and_apr_sep_and_year_2015_2025,IW,VV|VH,,PRIMARY_VVVH,IW mode with VV+VH; primary homogeneous SAR backbone. Use only support points actually covered by each raster.,,
2020-07-18 17:15:01.986879+00:00,ascending,15,S1A_IW_GRDH_1SDV_20200718T171501_20200718T171526_033512_03E220_FDAC_COG,sentinel-1a,2020,7,18,2020-07-18,True,stable_track_and_apr_sep_and_year_2015_2025,IW,VV|VH,,PRIMARY_VVVH,IW mode with VV+VH; primary homogeneous SAR backbone. Use only support points actually covered by each raster.,,
2020-07-18 17:15:01.986881+00:00,ascending,15,S1A_IW_GRDH_1SDV_20200718T171501_20200718T171526_033512_03E220_15E5_COG,sentinel-1a,2020,7,18,2020-07-18,True,stable_track_and_apr_sep_and_year_2015_2025,IW,VV|VH,,PRIMARY_VVVH,IW mode with VV+VH; primary homogeneous SAR backbone. Use only support points actually covered by each raster.,,
2020-07-24 17:14:07.700468+00:00,ascending,15,S1B_IW_GRDH_1SDV_20200724T171407_20200724T171432_022616_02AEC5_3067_COG,sentinel-1b,2020,7,24,2020-07-24,True,stable_track_and_apr_sep_and_year_2015_2025,IW,VV|VH,,PRIMARY_VVVH,IW mode with VV+VH; primary homogeneous SAR backbone. Use only support points actually covered by each raster.,,
2020-07-24 17:14:07.700469+00:00,ascending,15,S1B_IW_GRDH_1SDV_20200724T171407_20200724T171432_022616_02AEC5_A096_COG,sentinel-1b,2020,7,24,2020-07-24,True,stable_track_and_apr_sep_and_year_2015_2025,IW,VV|VH,,PRIMARY_VVVH,IW mode with VV+VH; primary homogeneous SAR backbone. Use only support points actually covered by each raster.,,
2020-07-24 17:14:32.700271+00:00,ascending,15,S1B_IW_GRDH_1SDV_20200724T171432_20200724T171457_022616_02AEC5_75DA_COG,sentinel-1b,2020,7,24,2020-07-24,True,stable_track_and_apr_sep_and_year_2015_2025,IW,VV|VH,,PRIMARY_VVVH,IW mode with VV+VH; primary homogeneous SAR backbone. Use only support points actually covered by each raster.,,
2020-07-24 17:14:32.700272+00:00,ascending,15,S1B_IW_GRDH_1SDV_20200724T171432_20200724T171457_022616_02AEC5_3918_COG,sentinel-1b,2020,7,24,2020-07-24,True,stable_track_and_apr_sep_and_year_2015_2025,IW,VV|VH,,PRIMARY_VVVH,IW mode with VV+VH; primary homogeneous SAR backbone. Use only support points actually covered by each raster.,,
2020-07-30 17:15:02.850641+00:00,ascending,15,S1A_IW_GRDH_1SDV_20200730T171502_20200730T171527_033687_03E77E_0835_COG,sentinel-1a,2020,7,30,2020-07-30,True,stable_track_and_apr_sep_and_year_2015_2025,IW,VV|VH,,PRIMARY_VVVH,IW mode with VV+VH; primary homogeneous SAR backbone. Use only support points actually covered by each raster.,,
2020-07-30 17:15:02.850642+00:00,ascending,15,S1A_IW_GRDH_1SDV_20200730T171502_20200730T171527_033687_03E77E_DB38_COG,sentinel-1a,2020,7,30,2020-07-30,True,stable_track_and_apr_sep_and_year_2015_2025,IW,VV|VH,,PRIMARY_VVVH,IW mode with VV+VH; primary homogeneous SAR backbone. Use only support points actually covered by each raster.,,
2020-08-05 17:14:08.501570+00:00,ascending,15,S1B_IW_GRDH_1SDV_20200805T171408_20200805T171433_022791_02B417_442B_COG,sentinel-1b,2020,8,5,2020-08-05,True,stable_track_and_apr_sep_and_year_2015_2025,IW,VV|VH,,PRIMARY_VVVH,IW mode with VV+VH; primary homogeneous SAR backbone. Use only support points actually covered by each raster.,,
2020-08-05 17:14:08.501571+00:00,ascending,15,S1B_IW_GRDH_1SDV_20200805T171408_20200805T171433_022791_02B417_5EF3_COG,sentinel-1b,2020,8,5,2020-08-05,True,stable_track_and_apr_sep_and_year_2015_2025,IW,VV|VH,,PRIMARY_VVVH,IW mode with VV+VH; primary homogeneous SAR backbone. Use only support points actually covered by each raster.,,
2020-08-05 17:14:33.501459+00:00,ascending,15,S1B_IW_GRDH_1SDV_20200805T171433_20200805T171458_022791_02B417_3B4A_COG,sentinel-1b,2020,8,5,2020-08-05,True,stable_track_and_apr_sep_and_year_2015_2025,IW,VV|VH,,PRIMARY_VVVH,IW mode with VV+VH; primary homogeneous SAR backbone. Use only support points actually covered by each raster.,,
2020-08-05 17:14:33.501460+00:00,ascending,15,S1B_IW_GRDH_1SDV_20200805T171433_20200805T171458_022791_02B417_5981_COG,sentinel-1b,2020,8,5,2020-08-05,True,stable_track_and_apr_sep_and_year_2015_2025,IW,VV|VH,,PRIMARY_VVVH,IW mode with VV+VH; primary homogeneous SAR backbone. Use only support points actually covered by each raster.,,
2020-08-11 17:15:03.441611+00:00,ascending,15,S1A_IW_GRDH_1SDV_20200811T171503_20200811T171528_033862_03ED41_7BC1_COG,sentinel-1a,2020,8,11,2020-08-11,True,stable_track_and_apr_sep_and_year_2015_2025,IW,VV|VH,,PRIMARY_VVVH,IW mode with VV+VH; primary homogeneous SAR backbone. Use only support points actually covered by each raster.,,
2020-08-11 17:15:03.441611+00:00,ascending,15,S1A_IW_GRDH_1SDV_20200811T171503_20200811T171528_033862_03ED41_DDB7_COG,sentinel-1a,2020,8,11,2020-08-11,True,stable_track_and_apr_sep_and_year_2015_2025,IW,VV|VH,,PRIMARY_VVVH,IW mode with VV+VH; primary homogeneous SAR backbone. Use only support points actually covered by each raster.,,
2020-08-17 17:14:11.341772+00:00,ascending,15,S1B_IW_GRDH_1SDV_20200817T171411_20200817T171436_022966_02B980_244C_COG,sentinel-1b,2020,8,17,2020-08-17,True,stable_track_and_apr_sep_and_year_2015_2025,IW,VV|VH,,PRIMARY_VVVH,IW mode with VV+VH; primary homogeneous SAR backbone. Use only support points actually covered by each raster.,,
2020-08-17 17:14:11.341773+00:00,ascending,15,S1B_IW_GRDH_1SDV_20200817T171411_20200817T171436_022966_02B980_A106_COG,sentinel-1b,2020,8,17,2020-08-17,True,stable_track_and_apr_sep_and_year_2015_2025,IW,VV|VH,,PRIMARY_VVVH,IW mode with VV+VH; primary homogeneous SAR backbone. Use only support points actually covered by each raster.,,
2020-08-17 17:14:36.341916+00:00,ascending,15,S1B_IW_GRDH_1SDV_20200817T171436_20200817T171501_022966_02B980_49DD_COG,sentinel-1b,2020,8,17,2020-08-17,True,stable_track_and_apr_sep_and_year_2015_2025,IW,VV|VH,,PRIMARY_VVVH,IW mode with VV+VH; primary homogeneous SAR backbone. Use only support points actually covered by each raster.,,
2020-08-17 17:14:36.341917+00:00,ascending,15,S1B_IW_GRDH_1SDV_20200817T171436_20200817T171501_022966_02B980_5BF5_COG,sentinel-1b,2020,8,17,2020-08-17,True,stable_track_and_apr_sep_and_year_2015_2025,IW,VV|VH,,PRIMARY_VVVH,IW mode with VV+VH; primary homogeneous SAR backbone. Use only support points actually covered by each raster.,,
2020-08-23 17:15:04.146732+00:00,ascending,15,S1A_IW_GRDH_1SDV_20200823T171504_20200823T171529_034037_03F36B_1B4D_COG,sentinel-1a,2020,8,23,2020-08-23,True,stable_track_and_apr_sep_and_year_2015_2025,IW,VV|VH,,PRIMARY_VVVH,IW mode with VV+VH; primary homogeneous SAR backbone. Use only support points actually covered by each raster.,,
2020-08-23 17:15:04.146734+00:00,ascending,15,S1A_IW_GRDH_1SDV_20200823T171504_20200823T171529_034037_03F36B_92F9_COG,sentinel-1a,2020,8,23,2020-08-23,True,stable_track_and_apr_sep_and_year_2015_2025,IW,VV|VH,,PRIMARY_VVVH,IW mode with VV+VH; primary homogeneous SAR backbone. Use only support points actually covered by each raster.,,
2020-08-29 17:14:09.948916+00:00,ascending,15,S1B_IW_GRDH_1SDV_20200829T171409_20200829T171434_023141_02BF02_B78B_COG,sentinel-1b,2020,8,29,2020-08-29,True,stable_track_and_apr_sep_and_year_2015_2025,IW,VV|VH,,PRIMARY_VVVH,IW mode with VV+VH; primary homogeneous SAR backbone. Use only support points actually covered by each raster.,,
2020-08-29 17:14:09.948917+00:00,ascending,15,S1B_IW_GRDH_1SDV_20200829T171409_20200829T171434_023141_02BF02_603C_COG,sentinel-1b,2020,8,29,2020-08-29,True,stable_track_and_apr_sep_and_year_2015_2025,IW,VV|VH,,PRIMARY_VVVH,IW mode with VV+VH; primary homogeneous SAR backbone. Use only support points actually covered by each raster.,,
2020-08-29 17:14:34.948809+00:00,ascending,15,S1B_IW_GRDH_1SDV_20200829T171434_20200829T171459_023141_02BF02_9109_COG,sentinel-1b,2020,8,29,2020-08-29,True,stable_track_and_apr_sep_and_year_2015_2025,IW,VV|VH,,PRIMARY_VVVH,IW mode with VV+VH; primary homogeneous SAR backbone. Use only support points actually covered by each raster.,,
2020-08-29 17:14:34.948809+00:00,ascending,15,S1B_IW_GRDH_1SDV_20200829T171434_20200829T171459_023141_02BF02_FAC5_COG,sentinel-1b,2020,8,29,2020-08-29,True,stable_track_and_apr_sep_and_year_2015_2025,IW,VV|VH,,PRIMARY_VVVH,IW mode with VV+VH; primary homogeneous SAR backbone. Use only support points actually covered by each raster.,,
2020-09-04 17:15:04.687891+00:00,ascending,15,S1A_IW_GRDH_1SDV_20200904T171504_20200904T171529_034212_03F991_7D8B_COG,sentinel-1a,2020,9,4,2020-09-04,True,stable_track_and_apr_sep_and_year_2015_2025,IW,VV|VH,,PRIMARY_VVVH,IW mode with VV+VH; primary homogeneous SAR backbone. Use only support points actually covered by each raster.,,
2020-09-04 17:15:04.687892+00:00,ascending,15,S1A_IW_GRDH_1SDV_20200904T171504_20200904T171529_034212_03F991_6A93_COG,sentinel-1a,2020,9,4,2020-09-04,True,stable_track_and_apr_sep_and_year_2015_2025,IW,VV|VH,,PRIMARY_VVVH,IW mode with VV+VH; primary homogeneous SAR backbone. Use only support points actually covered by each raster.,,
2020-09-10 17:14:10.401926+00:00,ascending,15,S1B_IW_GRDH_1SDV_20200910T171410_20200910T171435_023316_02C47B_6614_COG,sentinel-1b,2020,9,10,2020-09-10,True,stable_track_and_apr_sep_and_year_2015_2025,IW,VV|VH,,PRIMARY_VVVH,IW mode with VV+VH; primary homogeneous SAR backbone. Use only support points actually covered by each raster.,,
2020-09-10 17:14:10.401926+00:00,ascending,15,S1B_IW_GRDH_1SDV_20200910T171410_20200910T171435_023316_02C47B_7534_COG,sentinel-1b,2020,9,10,2020-09-10,True,stable_track_and_apr_sep_and_year_2015_2025,IW,VV|VH,,PRIMARY_VVVH,IW mode with VV+VH; primary homogeneous SAR backbone. Use only support points actually covered by each raster.,,
2020-09-10 17:14:35.401800+00:00,ascending,15,S1B_IW_GRDH_1SDV_20200910T171435_20200910T171500_023316_02C47B_3035_COG,sentinel-1b,2020,9,10,2020-09-10,True,stable_track_and_apr_sep_and_year_2015_2025,IW,VV|VH,,PRIMARY_VVVH,IW mode with VV+VH; primary homogeneous SAR backbone. Use only support points actually covered by each raster.,,
2020-09-10 17:14:35.401800+00:00,ascending,15,S1B_IW_GRDH_1SDV_20200910T171435_20200910T171500_023316_02C47B_C97F_COG,sentinel-1b,2020,9,10,2020-09-10,True,stable_track_and_apr_sep_and_year_2015_2025,IW,VV|VH,,PRIMARY_VVVH,IW mode with VV+VH; primary homogeneous SAR backbone. Use only support points actually covered by each raster.,,
2020-09-16 17:15:05.104931+00:00,ascending,15,S1A_IW_GRDH_1SDV_20200916T171505_20200916T171530_034387_03FFB9_7C7B_COG,sentinel-1a,2020,9,16,2020-09-16,True,stable_track_and_apr_sep_and_year_2015_2025,IW,VV|VH,,PRIMARY_VVVH,IW mode with VV+VH; primary homogeneous SAR backbone. Use only support points actually covered by each raster.,,
2020-09-16 17:15:05.104932+00:00,ascending,15,S1A_IW_GRDH_1SDV_20200916T171505_20200916T171530_034387_03FFB9_BF28_COG,sentinel-1a,2020,9,16,2020-09-16,True,stable_track_and_apr_sep_and_year_2015_2025,IW,VV|VH,,PRIMARY_VVVH,IW mode with VV+VH; primary homogeneous SAR backbone. Use only support points actually covered by each raster.,,
2020-09-22 17:14:10.732944+00:00,ascending,15,S1B_IW_GRDH_1SDV_20200922T171410_20200922T171435_023491_02C9F9_37B3_COG,sentinel-1b,2020,9,22,2020-09-22,True,stable_track_and_apr_sep_and_year_2015_2025,IW,VV|VH,,PRIMARY_VVVH,IW mode with VV+VH; primary homogeneous SAR backbone. Use only support points actually covered by each raster.,,
2020-09-22 17:14:10.732944+00:00,ascending,15,S1B_IW_GRDH_1SDV_20200922T171410_20200922T171435_023491_02C9F9_57F4_COG,sentinel-1b,2020,9,22,2020-09-22,True,stable_track_and_apr_sep_and_year_2015_2025,IW,VV|VH,,PRIMARY_VVVH,IW mode with VV+VH; primary homogeneous SAR backbone. Use only support points actually covered by each raster.,,
2020-09-22 17:14:35.732885+00:00,ascending,15,S1B_IW_GRDH_1SDV_20200922T171435_20200922T171500_023491_02C9F9_2F65_COG,sentinel-1b,2020,9,22,2020-09-22,True,stable_track_and_apr_sep_and_year_2015_2025,IW,VV|VH,,PRIMARY_VVVH,IW mode with VV+VH; primary homogeneous SAR backbone. Use only support points actually covered by each raster.,,
2020-09-22 17:14:35.732885+00:00,ascending,15,S1B_IW_GRDH_1SDV_20200922T171435_20200922T171500_023491_02C9F9_4B7A_COG,sentinel-1b,2020,9,22,2020-09-22,True,stable_track_and_apr_sep_and_year_2015_2025,IW,VV|VH,,PRIMARY_VVVH,IW mode with VV+VH; primary homogeneous SAR backbone. Use only support points actually covered by each raster.,,
2020-09-28 17:15:05.480181+00:00,ascending,15,S1A_IW_GRDH_1SDV_20200928T171505_20200928T171530_034562_0405EA_3DC7_COG,sentinel-1a,2020,9,28,2020-09-28,True,stable_track_and_apr_sep_and_year_2015_2025,IW,VV|VH,,PRIMARY_VVVH,IW mode with VV+VH; primary homogeneous SAR backbone. Use only support points actually covered by each raster.,,
2020-09-28 17:15:05.480182+00:00,ascending,15,S1A_IW_GRDH_1SDV_20200928T171505_20200928T171530_034562_0405EA_BB09_COG,sentinel-1a,2020,9,28,2020-09-28,True,stable_track_and_apr_sep_and_year_2015_2025,IW,VV|VH,,PRIMARY_VVVH,IW mode with VV+VH; primary homogeneous SAR backbone. Use only support points actually covered by each raster.,,
2020-04-06 17:23:02.684744+00:00,ascending,88,S1A_IW_GRDH_1SDV_20200406T172302_20200406T172327_032010_03B29A_CB07_COG,sentinel-1a,2020,4,6,2020-04-06,True,stable_track_and_apr_sep_and_year_2015_2025,IW,VV|VH,,PRIMARY_VVVH,IW mode with VV+VH; primary homogeneous SAR backbone. Use only support points actually covered by each raster.,,
2020-04-06 17:23:02.684745+00:00,ascending,88,S1A_IW_GRDH_1SDV_20200406T172302_20200406T172327_032010_03B29A_8C42_COG,sentinel-1a,2020,4,6,2020-04-06,True,stable_track_and_apr_sep_and_year_2015_2025,IW,VV|VH,,PRIMARY_VVVH,IW mode with VV+VH; primary homogeneous SAR backbone. Use only support points actually covered by each raster.,,
2020-04-06 17:23:27.684201+00:00,ascending,88,S1A_IW_GRDH_1SDV_20200406T172327_20200406T172352_032010_03B29A_BC2C_COG,sentinel-1a,2020,4,6,2020-04-06,True,stable_track_and_apr_sep_and_year_2015_2025,IW,VV|VH,,PRIMARY_VVVH,IW mode with VV+VH; primary homogeneous SAR backbone. Use only support points actually covered by each raster.,,
2020-04-06 17:23:27.684201+00:00,ascending,88,S1A_IW_GRDH_1SDV_20200406T172327_20200406T172352_032010_03B29A_F3AB_COG,sentinel-1a,2020,4,6,2020-04-06,True,stable_track_and_apr_sep_and_year_2015_2025,IW,VV|VH,,PRIMARY_VVVH,IW mode with VV+VH; primary homogeneous SAR backbone. Use only support points actually covered by each raster.,,
2020-04-12 17:22:13.719185+00:00,ascending,88,S1B_IW_GRDH_1SDV_20200412T172213_20200412T172238_021114_028107_2FA3_COG,sentinel-1b,2020,4,12,2020-04-12,True,stable_track_and_apr_sep_and_year_2015_2025,IW,VV|VH,,PRIMARY_VVVH,IW mode with VV+VH; primary homogeneous SAR backbone. Use only support points actually covered by each raster.,,
2020-04-12 17:22:13.719185+00:00,ascending,88,S1B_IW_GRDH_1SDV_20200412T172213_20200412T172238_021114_028107_D7BA_COG,sentinel-1b,2020,4,12,2020-04-12,True,stable_track_and_apr_sep_and_year_2015_2025,IW,VV|VH,,PRIMARY_VVVH,IW mode with VV+VH; primary homogeneous SAR backbone. Use only support points actually covered by each raster.,,
2020-04-12 17:22:38.720160+00:00,ascending,88,S1B_IW_GRDH_1SDV_20200412T172238_20200412T172303_021114_028107_374F_COG,sentinel-1b,2020,4,12,2020-04-12,True,stable_track_and_apr_sep_and_year_2015_2025,IW,VV|VH,,PRIMARY_VVVH,IW mode with VV+VH; primary homogeneous SAR backbone. Use only support points actually covered by each raster.,,
2020-04-12 17:22:38.720160+00:00,ascending,88,S1B_IW_GRDH_1SDV_20200412T172238_20200412T172303_021114_028107_C267_COG,sentinel-1b,2020,4,12,2020-04-12,True,stable_track_and_apr_sep_and_year_2015_2025,IW,VV|VH,,PRIMARY_VVVH,IW mode with VV+VH; primary homogeneous SAR backbone. Use only support points actually covered by each raster.,,
2020-04-18 17:23:03.219018+00:00,ascending,88,S1A_IW_GRDH_1SDV_20200418T172303_20200418T172328_032185_03B8C6_73F8_COG,sentinel-1a,2020,4,18,2020-04-18,True,stable_track_and_apr_sep_and_year_2015_2025,IW,VV|VH,,PRIMARY_VVVH,IW mode with VV+VH; primary homogeneous SAR backbone. Use only support points actually covered by each raster.,,
2020-04-18 17:23:03.219019+00:00,ascending,88,S1A_IW_GRDH_1SDV_20200418T172303_20200418T172328_032185_03B8C6_619A_COG,sentinel-1a,2020,4,18,2020-04-18,True,stable_track_and_apr_sep_and_year_2015_2025,IW,VV|VH,,PRIMARY_VVVH,IW mode with VV+VH; primary homogeneous SAR backbone. Use only support points actually covered by each raster.,,
2020-04-18 17:23:28.218333+00:00,ascending,88,S1A_IW_GRDH_1SDV_20200418T172328_20200418T172353_032185_03B8C6_8478_COG,sentinel-1a,2020,4,18,2020-04-18,True,stable_track_and_apr_sep_and_year_2015_2025,IW,VV|VH,,PRIMARY_VVVH,IW mode with VV+VH; primary homogeneous SAR backbone. Use only support points actually covered by each raster.,,
2020-04-18 17:23:28.218335+00:00,ascending,88,S1A_IW_GRDH_1SDV_20200418T172328_20200418T172353_032185_03B8C6_4811_COG,sentinel-1a,2020,4,18,2020-04-18,True,stable_track_and_apr_sep_and_year_2015_2025,IW,VV|VH,,PRIMARY_VVVH,IW mode with VV+VH; primary homogeneous SAR backbone. Use only support points actually covered by each raster.,,
2020-04-24 17:22:14.230847+00:00,ascending,88,S1B_IW_GRDH_1SDV_20200424T172214_20200424T172239_021289_02868C_173E_COG,sentinel-1b,2020,4,24,2020-04-24,True,stable_track_and_apr_sep_and_year_2015_2025,IW,VV|VH,,PRIMARY_VVVH,IW mode with VV+VH; primary homogeneous SAR backbone. Use only support points actually covered by each raster.,,
2020-04-24 17:22:14.230847+00:00,ascending,88,S1B_IW_GRDH_1SDV_20200424T172214_20200424T172239_021289_02868C_7306_COG,sentinel-1b,2020,4,24,2020-04-24,True,stable_track_and_apr_sep_and_year_2015_2025,IW,VV|VH,,PRIMARY_VVVH,IW mode with VV+VH; primary homogeneous SAR backbone. Use only support points actually covered by each raster.,,
2020-04-24 17:22:39.230253+00:00,ascending,88,S1B_IW_GRDH_1SDV_20200424T172239_20200424T172304_021289_02868C_5E31_COG,sentinel-1b,2020,4,24,2020-04-24,True,stable_track_and_apr_sep_and_year_2015_2025,IW,VV|VH,,PRIMARY_VVVH,IW mode with VV+VH; primary homogeneous SAR backbone. Use only support points actually covered by each raster.,,
2020-04-24 17:22:39.230254+00:00,ascending,88,S1B_IW_GRDH_1SDV_20200424T172239_20200424T172304_021289_02868C_3792_COG,sentinel-1b,2020,4,24,2020-04-24,True,stable_track_and_apr_sep_and_year_2015_2025,IW,VV|VH,,PRIMARY_VVVH,IW mode with VV+VH; primary homogeneous SAR backbone. Use only support points actually covered by each raster.,,
2020-04-30 17:23:03.768633+00:00,ascending,88,S1A_IW_GRDH_1SDV_20200430T172303_20200430T172328_032360_03BEE8_53E4_COG,sentinel-1a,2020,4,30,2020-04-30,True,stable_track_and_apr_sep_and_year_2015_2025,IW,VV|VH,,PRIMARY_VVVH,IW mode with VV+VH; primary homogeneous SAR backbone. Use only support points actually covered by each raster.,,
2020-04-30 17:23:03.768633+00:00,ascending,88,S1A_IW_GRDH_1SDV_20200430T172303_20200430T172328_032360_03BEE8_C558_COG,sentinel-1a,2020,4,30,2020-04-30,True,stable_track_and_apr_sep_and_year_2015_2025,IW,VV|VH,,PRIMARY_VVVH,IW mode with VV+VH; primary homogeneous SAR backbone. Use only support points actually covered by each raster.,,
2020-04-30 17:23:28.767983+00:00,ascending,88,S1A_IW_GRDH_1SDV_20200430T172328_20200430T172353_032360_03BEE8_7FD4_COG,sentinel-1a,2020,4,30,2020-04-30,True,stable_track_and_apr_sep_and_year_2015_2025,IW,VV|VH,,PRIMARY_VVVH,IW mode with VV+VH; primary homogeneous SAR backbone. Use only support points actually covered by each raster.,,
2020-04-30 17:23:28.767983+00:00,ascending,88,S1A_IW_GRDH_1SDV_20200430T172328_20200430T172353_032360_03BEE8_9503_COG,sentinel-1a,2020,4,30,2020-04-30,True,stable_track_and_apr_sep_and_year_2015_2025,IW,VV|VH,,PRIMARY_VVVH,IW mode with VV+VH; primary homogeneous SAR backbone. Use only support points actually covered by each raster.,,
2020-05-06 17:22:14.775832+00:00,ascending,88,S1B_IW_GRDH_1SDV_20200506T172214_20200506T172239_021464_028C15_1E7F_COG,sentinel-1b,2020,5,6,2020-05-06,True,stable_track_and_apr_sep_and_year_2015_2025,IW,VV|VH,,PRIMARY_VVVH,IW mode with VV+VH; primary homogeneous SAR backbone. Use only support points actually covered by each raster.,,
2020-05-06 17:22:14.775834+00:00,ascending,88,S1B_IW_GRDH_1SDV_20200506T172214_20200506T172239_021464_028C15_A438_COG,sentinel-1b,2020,5,6,2020-05-06,True,stable_track_and_apr_sep_and_year_2015_2025,IW,VV|VH,,PRIMARY_VVVH,IW mode with VV+VH; primary homogeneous SAR backbone. Use only support points actually covered by each raster.,,
2020-05-06 17:22:39.775345+00:00,ascending,88,S1B_IW_GRDH_1SDV_20200506T172239_20200506T172304_021464_028C15_31A4_COG,sentinel-1b,2020,5,6,2020-05-06,True,stable_track_and_apr_sep_and_year_2015_2025,IW,VV|VH,,PRIMARY_VVVH,IW mode with VV+VH; primary homogeneous SAR backbone. Use only support points actually covered by each raster.,,
2020-05-06 17:22:39.775347+00:00,ascending,88,S1B_IW_GRDH_1SDV_20200506T172239_20200506T172304_021464_028C15_8FA8_COG,sentinel-1b,2020,5,6,2020-05-06,True,stable_track_and_apr_sep_and_year_2015_2025,IW,VV|VH,,PRIMARY_VVVH,IW mode with VV+VH; primary homogeneous SAR backbone. Use only support points actually covered by each raster.,,
2020-05-12 17:23:04.373562+00:00,ascending,88,S1A_IW_GRDH_1SDV_20200512T172304_20200512T172329_032535_03C4A6_333C_COG,sentinel-1a,2020,5,12,2020-05-12,True,stable_track_and_apr_sep_and_year_2015_2025,IW,VV|VH,,PRIMARY_VVVH,IW mode with VV+VH; primary homogeneous SAR backbone. Use only support points actually covered by each raster.,,
2020-05-12 17:23:04.373563+00:00,ascending,88,S1A_IW_GRDH_1SDV_20200512T172304_20200512T172329_032535_03C4A6_0DD0_COG,sentinel-1a,2020,5,12,2020-05-12,True,stable_track_and_apr_sep_and_year_2015_2025,IW,VV|VH,,PRIMARY_VVVH,IW mode with VV+VH; primary homogeneous SAR backbone. Use only support points actually covered by each raster.,,
2020-05-12 17:23:29.372852+00:00,ascending,88,S1A_IW_GRDH_1SDV_20200512T172329_20200512T172354_032535_03C4A6_1C23_COG,sentinel-1a,2020,5,12,2020-05-12,True,stable_track_and_apr_sep_and_year_2015_2025,IW,VV|VH,,PRIMARY_VVVH,IW mode with VV+VH; primary homogeneous SAR backbone. Use only support points actually covered by each raster.,,
2020-05-12 17:23:29.372854+00:00,ascending,88,S1A_IW_GRDH_1SDV_20200512T172329_20200512T172354_032535_03C4A6_DD58_COG,sentinel-1a,2020,5,12,2020-05-12,True,stable_track_and_apr_sep_and_year_2015_2025,IW,VV|VH,,PRIMARY_VVVH,IW mode with VV+VH; primary homogeneous SAR backbone. Use only support points actually covered by each raster.,,
2020-05-18 17:22:15.401246+00:00,ascending,88,S1B_IW_GRDH_1SDV_20200518T172215_20200518T172240_021639_02914A_C7DD_COG,sentinel-1b,2020,5,18,2020-05-18,True,stable_track_and_apr_sep_and_year_2015_2025,IW,VV|VH,,PRIMARY_VVVH,IW mode with VV+VH; primary homogeneous SAR backbone. Use only support points actually covered by each raster.,,
2020-05-18 17:22:15.401247+00:00,ascending,88,S1B_IW_GRDH_1SDV_20200518T172215_20200518T172240_021639_02914A_ADD6_COG,sentinel-1b,2020,5,18,2020-05-18,True,stable_track_and_apr_sep_and_year_2015_2025,IW,VV|VH,,PRIMARY_VVVH,IW mode with VV+VH; primary homogeneous SAR backbone. Use only support points actually covered by each raster.,,
2020-05-18 17:22:40.400780+00:00,ascending,88,S1B_IW_GRDH_1SDV_20200518T172240_20200518T172305_021639_02914A_9437_COG,sentinel-1b,2020,5,18,2020-05-18,True,stable_track_and_apr_sep_and_year_2015_2025,IW,VV|VH,,PRIMARY_VVVH,IW mode with VV+VH; primary homogeneous SAR backbone. Use only support points actually covered by each raster.,,
2020-05-18 17:22:40.400782+00:00,ascending,88,S1B_IW_GRDH_1SDV_20200518T172240_20200518T172305_021639_02914A_6C81_COG,sentinel-1b,2020,5,18,2020-05-18,True,stable_track_and_apr_sep_and_year_2015_2025,IW,VV|VH,,PRIMARY_VVVH,IW mode with VV+VH; primary homogeneous SAR backbone. Use only support points actually covered by each raster.,,
2020-05-24 17:23:05.142173+00:00,ascending,88,S1A_IW_GRDH_1SDV_20200524T172305_20200524T172330_032710_03C9F5_947D_COG,sentinel-1a,2020,5,24,2020-05-24,True,stable_track_and_apr_sep_and_year_2015_2025,IW,VV|VH,,PRIMARY_VVVH,IW mode with VV+VH; primary homogeneous SAR backbone. Use only support points actually covered by each raster.,,
2020-05-24 17:23:05.142174+00:00,ascending,88,S1A_IW_GRDH_1SDV_20200524T172305_20200524T172330_032710_03C9F5_5ED2_COG,sentinel-1a,2020,5,24,2020-05-24,True,stable_track_and_apr_sep_and_year_2015_2025,IW,VV|VH,,PRIMARY_VVVH,IW mode with VV+VH; primary homogeneous SAR backbone. Use only support points actually covered by each raster.,,
2020-05-24 17:23:30.141434+00:00,ascending,88,S1A_IW_GRDH_1SDV_20200524T172330_20200524T172355_032710_03C9F5_8AE4_COG,sentinel-1a,2020,5,24,2020-05-24,True,stable_track_and_apr_sep_and_year_2015_2025,IW,VV|VH,,PRIMARY_VVVH,IW mode with VV+VH; primary homogeneous SAR backbone. Use only support points actually covered by each raster.,,
2020-05-24 17:23:30.141435+00:00,ascending,88,S1A_IW_GRDH_1SDV_20200524T172330_20200524T172355_032710_03C9F5_C202_COG,sentinel-1a,2020,5,24,2020-05-24,True,stable_track_and_apr_sep_and_year_2015_2025,IW,VV|VH,,PRIMARY_VVVH,IW mode with VV+VH; primary homogeneous SAR backbone. Use only support points actually covered by each raster.,,
2020-05-30 17:22:16.335450+00:00,ascending,88,S1B_IW_GRDH_1SDV_20200530T172216_20200530T172241_021814_029680_2413_COG,sentinel-1b,2020,5,30,2020-05-30,True,stable_track_and_apr_sep_and_year_2015_2025,IW,VV|VH,,PRIMARY_VVVH,IW mode with VV+VH; primary homogeneous SAR backbone. Use only support points actually covered by each raster.,,
2020-05-30 17:22:16.335451+00:00,ascending,88,S1B_IW_GRDH_1SDV_20200530T172216_20200530T172241_021814_029680_5DF4_COG,sentinel-1b,2020,5,30,2020-05-30,True,stable_track_and_apr_sep_and_year_2015_2025,IW,VV|VH,,PRIMARY_VVVH,IW mode with VV+VH; primary homogeneous SAR backbone. Use only support points actually covered by each raster.,,
2020-05-30 17:22:41.334978+00:00,ascending,88,S1B_IW_GRDH_1SDV_20200530T172241_20200530T172306_021814_029680_25FE_COG,sentinel-1b,2020,5,30,2020-05-30,True,stable_track_and_apr_sep_and_year_2015_2025,IW,VV|VH,,PRIMARY_VVVH,IW mode with VV+VH; primary homogeneous SAR backbone. Use only support points actually covered by each raster.,,
2020-05-30 17:22:41.334979+00:00,ascending,88,S1B_IW_GRDH_1SDV_20200530T172241_20200530T172306_021814_029680_5AC2_COG,sentinel-1b,2020,5,30,2020-05-30,True,stable_track_and_apr_sep_and_year_2015_2025,IW,VV|VH,,PRIMARY_VVVH,IW mode with VV+VH; primary homogeneous SAR backbone. Use only support points actually covered by each raster.,,
2020-06-05 17:23:05.742596+00:00,ascending,88,S1A_IW_GRDH_1SDV_20200605T172305_20200605T172330_032885_03CF21_031B_COG,sentinel-1a,2020,6,5,2020-06-05,True,stable_track_and_apr_sep_and_year_2015_2025,IW,VV|VH,,PRIMARY_VVVH,IW mode with VV+VH; primary homogeneous SAR backbone. Use only support points actually covered by each raster.,,
2020-06-05 17:23:05.742597+00:00,ascending,88,S1A_IW_GRDH_1SDV_20200605T172305_20200605T172330_032885_03CF21_325C_COG,sentinel-1a,2020,6,5,2020-06-05,True,stable_track_and_apr_sep_and_year_2015_2025,IW,VV|VH,,PRIMARY_VVVH,IW mode with VV+VH; primary homogeneous SAR backbone. Use only support points actually covered by each raster.,,
2020-06-05 17:23:30.743321+00:00,ascending,88,S1A_IW_GRDH_1SDV_20200605T172330_20200605T172355_032885_03CF21_1861_COG,sentinel-1a,2020,6,5,2020-06-05,True,stable_track_and_apr_sep_and_year_2015_2025,IW,VV|VH,,PRIMARY_VVVH,IW mode with VV+VH; primary homogeneous SAR backbone. Use only support points actually covered by each raster.,,
2020-06-05 17:23:30.743322+00:00,ascending,88,S1A_IW_GRDH_1SDV_20200605T172330_20200605T172355_032885_03CF21_5AFF_COG,sentinel-1a,2020,6,5,2020-06-05,True,stable_track_and_apr_sep_and_year_2015_2025,IW,VV|VH,,PRIMARY_VVVH,IW mode with VV+VH; primary homogeneous SAR backbone. Use only support points actually covered by each raster.,,
2020-06-17 17:23:06.528537+00:00,ascending,88,S1A_IW_GRDH_1SDV_20200617T172306_20200617T172331_033060_03D465_6F64_COG,sentinel-1a,2020,6,17,2020-06-17,True,stable_track_and_apr_sep_and_year_2015_2025,IW,VV|VH,,PRIMARY_VVVH,IW mode with VV+VH; primary homogeneous SAR backbone. Use only support points actually covered by each raster.,,
2020-06-17 17:23:06.528537+00:00,ascending,88,S1A_IW_GRDH_1SDV_20200617T172306_20200617T172331_033060_03D465_BD2F_COG,sentinel-1a,2020,6,17,2020-06-17,True,stable_track_and_apr_sep_and_year_2015_2025,IW,VV|VH,,PRIMARY_VVVH,IW mode with VV+VH; primary homogeneous SAR backbone. Use only support points actually covered by each raster.,,
2020-06-17 17:23:31.527862+00:00,ascending,88,S1A_IW_GRDH_1SDV_20200617T172331_20200617T172356_033060_03D465_16C1_COG,sentinel-1a,2020,6,17,2020-06-17,True,stable_track_and_apr_sep_and_year_2015_2025,IW,VV|VH,,PRIMARY_VVVH,IW mode with VV+VH; primary homogeneous SAR backbone. Use only support points actually covered by each raster.,,
2020-06-17 17:23:31.527862+00:00,ascending,88,S1A_IW_GRDH_1SDV_20200617T172331_20200617T172356_033060_03D465_3DD7_COG,sentinel-1a,2020,6,17,2020-06-17,True,stable_track_and_apr_sep_and_year_2015_2025,IW,VV|VH,,PRIMARY_VVVH,IW mode with VV+VH; primary homogeneous SAR backbone. Use only support points actually covered by each raster.,,
2020-06-29 17:23:07.112610+00:00,ascending,88,S1A_IW_GRDH_1SDV_20200629T172307_20200629T172332_033235_03D9B6_6B1E_COG,sentinel-1a,2020,6,29,2020-06-29,True,stable_track_and_apr_sep_and_year_2015_2025,IW,VV|VH,,PRIMARY_VVVH,IW mode with VV+VH; primary homogeneous SAR backbone. Use only support points actually covered by each raster.,,
2020-06-29 17:23:07.112610+00:00,ascending,88,S1A_IW_GRDH_1SDV_20200629T172307_20200629T172332_033235_03D9B6_F68E_COG,sentinel-1a,2020,6,29,2020-06-29,True,stable_track_and_apr_sep_and_year_2015_2025,IW,VV|VH,,PRIMARY_VVVH,IW mode with VV+VH; primary homogeneous SAR backbone. Use only support points actually covered by each raster.,,
2020-06-29 17:23:32.113457+00:00,ascending,88,S1A_IW_GRDH_1SDV_20200629T172332_20200629T172357_033235_03D9B6_0287_COG,sentinel-1a,2020,6,29,2020-06-29,True,stable_track_and_apr_sep_and_year_2015_2025,IW,VV|VH,,PRIMARY_VVVH,IW mode with VV+VH; primary homogeneous SAR backbone. Use only support points actually covered by each raster.,,
2020-06-29 17:23:32.113457+00:00,ascending,88,S1A_IW_GRDH_1SDV_20200629T172332_20200629T172357_033235_03D9B6_6F6F_COG,sentinel-1a,2020,6,29,2020-06-29,True,stable_track_and_apr_sep_and_year_2015_2025,IW,VV|VH,,PRIMARY_VVVH,IW mode with VV+VH; primary homogeneous SAR backbone. Use only support points actually covered by each raster.,,
2020-07-05 17:22:29.093564+00:00,ascending,88,S1B_IW_GRDH_1SDV_20200705T172229_20200705T172254_022339_02A669_8959_COG,sentinel-1b,2020,7,5,2020-07-05,True,stable_track_and_apr_sep_and_year_2015_2025,IW,VV|VH,,PRIMARY_VVVH,IW mode with VV+VH; primary homogeneous SAR backbone. Use only support points actually covered by each raster.,,
2020-07-05 17:22:29.093567+00:00,ascending,88,S1B_IW_GRDH_1SDV_20200705T172229_20200705T172254_022339_02A669_58B0_COG,sentinel-1b,2020,7,5,2020-07-05,True,stable_track_and_apr_sep_and_year_2015_2025,IW,VV|VH,,PRIMARY_VVVH,IW mode with VV+VH; primary homogeneous SAR backbone. Use only support points actually covered by each raster.,,
2020-07-11 17:23:07.845683+00:00,ascending,88,S1A_IW_GRDH_1SDV_20200711T172307_20200711T172332_033410_03DF06_6663_COG,sentinel-1a,2020,7,11,2020-07-11,True,stable_track_and_apr_sep_and_year_2015_2025,IW,VV|VH,,PRIMARY_VVVH,IW mode with VV+VH; primary homogeneous SAR backbone. Use only support points actually covered by each raster.,,
2020-07-11 17:23:07.845684+00:00,ascending,88,S1A_IW_GRDH_1SDV_20200711T172307_20200711T172332_033410_03DF06_3058_COG,sentinel-1a,2020,7,11,2020-07-11,True,stable_track_and_apr_sep_and_year_2015_2025,IW,VV|VH,,PRIMARY_VVVH,IW mode with VV+VH; primary homogeneous SAR backbone. Use only support points actually covered by each raster.,,
2020-07-11 17:23:32.846544+00:00,ascending,88,S1A_IW_GRDH_1SDV_20200711T172332_20200711T172357_033410_03DF06_F831_COG,sentinel-1a,2020,7,11,2020-07-11,True,stable_track_and_apr_sep_and_year_2015_2025,IW,VV|VH,,PRIMARY_VVVH,IW mode with VV+VH; primary homogeneous SAR backbone. Use only support points actually covered by each raster.,,
2020-07-11 17:23:32.846545+00:00,ascending,88,S1A_IW_GRDH_1SDV_20200711T172332_20200711T172357_033410_03DF06_12E6_COG,sentinel-1a,2020,7,11,2020-07-11,True,stable_track_and_apr_sep_and_year_2015_2025,IW,VV|VH,,PRIMARY_VVVH,IW mode with VV+VH; primary homogeneous SAR backbone. Use only support points actually covered by each raster.,,
2020-07-17 17:22:29.773789+00:00,ascending,88,S1B_IW_GRDH_1SDV_20200717T172229_20200717T172254_022514_02ABB6_8638_COG,sentinel-1b,2020,7,17,2020-07-17,True,stable_track_and_apr_sep_and_year_2015_2025,IW,VV|VH,,PRIMARY_VVVH,IW mode with VV+VH; primary homogeneous SAR backbone. Use only support points actually covered by each raster.,,
2020-07-17 17:22:29.773790+00:00,ascending,88,S1B_IW_GRDH_1SDV_20200717T172229_20200717T172254_022514_02ABB6_6316_COG,sentinel-1b,2020,7,17,2020-07-17,True,stable_track_and_apr_sep_and_year_2015_2025,IW,VV|VH,,PRIMARY_VVVH,IW mode with VV+VH; primary homogeneous SAR backbone. Use only support points actually covered by each raster.,,
2020-07-23 17:23:08.735497+00:00,ascending,88,S1A_IW_GRDH_1SDV_20200723T172308_20200723T172333_033585_03E467_29C2_COG,sentinel-1a,2020,7,23,2020-07-23,True,stable_track_and_apr_sep_and_year_2015_2025,IW,VV|VH,,PRIMARY_VVVH,IW mode with VV+VH; primary homogeneous SAR backbone. Use only support points actually covered by each raster.,,
2020-07-23 17:23:08.735498+00:00,ascending,88,S1A_IW_GRDH_1SDV_20200723T172308_20200723T172333_033585_03E467_815B_COG,sentinel-1a,2020,7,23,2020-07-23,True,stable_track_and_apr_sep_and_year_2015_2025,IW,VV|VH,,PRIMARY_VVVH,IW mode with VV+VH; primary homogeneous SAR backbone. Use only support points actually covered by each raster.,,
2020-07-23 17:23:33.736232+00:00,ascending,88,S1A_IW_GRDH_1SDV_20200723T172333_20200723T172358_033585_03E467_BA85_COG,sentinel-1a,2020,7,23,2020-07-23,True,stable_track_and_apr_sep_and_year_2015_2025,IW,VV|VH,,PRIMARY_VVVH,IW mode with VV+VH; primary homogeneous SAR backbone. Use only support points actually covered by each raster.,,
2020-07-23 17:23:33.736233+00:00,ascending,88,S1A_IW_GRDH_1SDV_20200723T172333_20200723T172358_033585_03E467_877E_COG,sentinel-1a,2020,7,23,2020-07-23,True,stable_track_and_apr_sep_and_year_2015_2025,IW,VV|VH,,PRIMARY_VVVH,IW mode with VV+VH; primary homogeneous SAR backbone. Use only support points actually covered by each raster.,,
2020-07-29 17:22:30.672955+00:00,ascending,88,S1B_IW_GRDH_1SDV_20200729T172230_20200729T172255_022689_02B10A_8CB5_COG,sentinel-1b,2020,7,29,2020-07-29,True,stable_track_and_apr_sep_and_year_2015_2025,IW,VV|VH,,PRIMARY_VVVH,IW mode with VV+VH; primary homogeneous SAR backbone. Use only support points actually covered by each raster.,,
2020-07-29 17:22:30.672956+00:00,ascending,88,S1B_IW_GRDH_1SDV_20200729T172230_20200729T172255_022689_02B10A_87CA_COG,sentinel-1b,2020,7,29,2020-07-29,True,stable_track_and_apr_sep_and_year_2015_2025,IW,VV|VH,,PRIMARY_VVVH,IW mode with VV+VH; primary homogeneous SAR backbone. Use only support points actually covered by each raster.,,
2020-08-04 17:23:09.336828+00:00,ascending,88,S1A_IW_GRDH_1SDV_20200804T172309_20200804T172334_033760_03E9BC_1557_COG,sentinel-1a,2020,8,4,2020-08-04,True,stable_track_and_apr_sep_and_year_2015_2025,IW,VV|VH,,PRIMARY_VVVH,IW mode with VV+VH; primary homogeneous SAR backbone. Use only support points actually covered by each raster.,,
2020-08-04 17:23:09.336828+00:00,ascending,88,S1A_IW_GRDH_1SDV_20200804T172309_20200804T172334_033760_03E9BC_63F2_COG,sentinel-1a,2020,8,4,2020-08-04,True,stable_track_and_apr_sep_and_year_2015_2025,IW,VV|VH,,PRIMARY_VVVH,IW mode with VV+VH; primary homogeneous SAR backbone. Use only support points actually covered by each raster.,,
2020-08-04 17:23:34.336145+00:00,ascending,88,S1A_IW_GRDH_1SDV_20200804T172334_20200804T172359_033760_03E9BC_396D_COG,sentinel-1a,2020,8,4,2020-08-04,True,stable_track_and_apr_sep_and_year_2015_2025,IW,VV|VH,,PRIMARY_VVVH,IW mode with VV+VH; primary homogeneous SAR backbone. Use only support points actually covered by each raster.,,
2020-08-04 17:23:34.336145+00:00,ascending,88,S1A_IW_GRDH_1SDV_20200804T172334_20200804T172359_033760_03E9BC_7D80_COG,sentinel-1a,2020,8,4,2020-08-04,True,stable_track_and_apr_sep_and_year_2015_2025,IW,VV|VH,,PRIMARY_VVVH,IW mode with VV+VH; primary homogeneous SAR backbone. Use only support points actually covered by each raster.,,
2020-08-10 17:22:31.362026+00:00,ascending,88,S1B_IW_GRDH_1SDV_20200810T172231_20200810T172256_022864_02B66E_4519_COG,sentinel-1b,2020,8,10,2020-08-10,True,stable_track_and_apr_sep_and_year_2015_2025,IW,VV|VH,,PRIMARY_VVVH,IW mode with VV+VH; primary homogeneous SAR backbone. Use only support points actually covered by each raster.,,
2020-08-10 17:22:31.362027+00:00,ascending,88,S1B_IW_GRDH_1SDV_20200810T172231_20200810T172256_022864_02B66E_03E3_COG,sentinel-1b,2020,8,10,2020-08-10,True,stable_track_and_apr_sep_and_year_2015_2025,IW,VV|VH,,PRIMARY_VVVH,IW mode with VV+VH; primary homogeneous SAR backbone. Use only support points actually covered by each raster.,,
2020-08-16 17:23:10.026974+00:00,ascending,88,S1A_IW_GRDH_1SDV_20200816T172310_20200816T172335_033935_03EFD4_8AC8_COG,sentinel-1a,2020,8,16,2020-08-16,True,stable_track_and_apr_sep_and_year_2015_2025,IW,VV|VH,,PRIMARY_VVVH,IW mode with VV+VH; primary homogeneous SAR backbone. Use only support points actually covered by each raster.,,
2020-08-16 17:23:10.026975+00:00,ascending,88,S1A_IW_GRDH_1SDV_20200816T172310_20200816T172335_033935_03EFD4_9EA3_COG,sentinel-1a,2020,8,16,2020-08-16,True,stable_track_and_apr_sep_and_year_2015_2025,IW,VV|VH,,PRIMARY_VVVH,IW mode with VV+VH; primary homogeneous SAR backbone. Use only support points actually covered by each raster.,,
2020-08-16 17:23:35.027837+00:00,ascending,88,S1A_IW_GRDH_1SDV_20200816T172335_20200816T172400_033935_03EFD4_48DF_COG,sentinel-1a,2020,8,16,2020-08-16,True,stable_track_and_apr_sep_and_year_2015_2025,IW,VV|VH,,PRIMARY_VVVH,IW mode with VV+VH; primary homogeneous SAR backbone. Use only support points actually covered by each raster.,,
2020-08-16 17:23:35.027837+00:00,ascending,88,S1A_IW_GRDH_1SDV_20200816T172335_20200816T172400_033935_03EFD4_56C9_COG,sentinel-1a,2020,8,16,2020-08-16,True,stable_track_and_apr_sep_and_year_2015_2025,IW,VV|VH,,PRIMARY_VVVH,IW mode with VV+VH; primary homogeneous SAR backbone. Use only support points actually covered by each raster.,,
2020-08-22 17:22:31.953899+00:00,ascending,88,S1B_IW_GRDH_1SDV_20200822T172231_20200822T172256_023039_02BBEC_9F3B_COG,sentinel-1b,2020,8,22,2020-08-22,True,stable_track_and_apr_sep_and_year_2015_2025,IW,VV|VH,,PRIMARY_VVVH,IW mode with VV+VH; primary homogeneous SAR backbone. Use only support points actually covered by each raster.,,
2020-08-22 17:22:31.953901+00:00,ascending,88,S1B_IW_GRDH_1SDV_20200822T172231_20200822T172256_023039_02BBEC_0E6B_COG,sentinel-1b,2020,8,22,2020-08-22,True,stable_track_and_apr_sep_and_year_2015_2025,IW,VV|VH,,PRIMARY_VVVH,IW mode with VV+VH; primary homogeneous SAR backbone. Use only support points actually covered by each raster.,,
2020-08-28 17:23:10.847479+00:00,ascending,88,S1A_IW_GRDH_1SDV_20200828T172310_20200828T172335_034110_03F5FE_4F7B_COG,sentinel-1a,2020,8,28,2020-08-28,True,stable_track_and_apr_sep_and_year_2015_2025,IW,VV|VH,,PRIMARY_VVVH,IW mode with VV+VH; primary homogeneous SAR backbone. Use only support points actually covered by each raster.,,
2020-08-28 17:23:10.847480+00:00,ascending,88,S1A_IW_GRDH_1SDV_20200828T172310_20200828T172335_034110_03F5FE_4BEF_COG,sentinel-1a,2020,8,28,2020-08-28,True,stable_track_and_apr_sep_and_year_2015_2025,IW,VV|VH,,PRIMARY_VVVH,IW mode with VV+VH; primary homogeneous SAR backbone. Use only support points actually covered by each raster.,,
2020-08-28 17:23:35.846782+00:00,ascending,88,S1A_IW_GRDH_1SDV_20200828T172335_20200828T172400_034110_03F5FE_861B_COG,sentinel-1a,2020,8,28,2020-08-28,True,stable_track_and_apr_sep_and_year_2015_2025,IW,VV|VH,,PRIMARY_VVVH,IW mode with VV+VH; primary homogeneous SAR backbone. Use only support points actually covered by each raster.,,
2020-08-28 17:23:35.846783+00:00,ascending,88,S1A_IW_GRDH_1SDV_20200828T172335_20200828T172400_034110_03F5FE_463F_COG,sentinel-1a,2020,8,28,2020-08-28,True,stable_track_and_apr_sep_and_year_2015_2025,IW,VV|VH,,PRIMARY_VVVH,IW mode with VV+VH; primary homogeneous SAR backbone. Use only support points actually covered by each raster.,,
2020-09-03 17:22:29.831472+00:00,ascending,88,S1B_IW_GRDH_1SDV_20200903T172229_20200903T172254_023214_02C15A_92D5_COG,sentinel-1b,2020,9,3,2020-09-03,True,stable_track_and_apr_sep_and_year_2015_2025,IW,VV|VH,,PRIMARY_VVVH,IW mode with VV+VH; primary homogeneous SAR backbone. Use only support points actually covered by each raster.,,
2020-09-03 17:22:29.831472+00:00,ascending,88,S1B_IW_GRDH_1SDV_20200903T172229_20200903T172254_023214_02C15A_E192_COG,sentinel-1b,2020,9,3,2020-09-03,True,stable_track_and_apr_sep_and_year_2015_2025,IW,VV|VH,,PRIMARY_VVVH,IW mode with VV+VH; primary homogeneous SAR backbone. Use only support points actually covered by each raster.,,
2020-09-09 17:23:11.269522+00:00,ascending,88,S1A_IW_GRDH_1SDV_20200909T172311_20200909T172336_034285_03FC20_087C_COG,sentinel-1a,2020,9,9,2020-09-09,True,stable_track_and_apr_sep_and_year_2015_2025,IW,VV|VH,,PRIMARY_VVVH,IW mode with VV+VH; primary homogeneous SAR backbone. Use only support points actually covered by each raster.,,
2020-09-09 17:23:11.269523+00:00,ascending,88,S1A_IW_GRDH_1SDV_20200909T172311_20200909T172336_034285_03FC20_224C_COG,sentinel-1a,2020,9,9,2020-09-09,True,stable_track_and_apr_sep_and_year_2015_2025,IW,VV|VH,,PRIMARY_VVVH,IW mode with VV+VH; primary homogeneous SAR backbone. Use only support points actually covered by each raster.,,
2020-09-09 17:23:36.268800+00:00,ascending,88,S1A_IW_GRDH_1SDV_20200909T172336_20200909T172401_034285_03FC20_9FF3_COG,sentinel-1a,2020,9,9,2020-09-09,True,stable_track_and_apr_sep_and_year_2015_2025,IW,VV|VH,,PRIMARY_VVVH,IW mode with VV+VH; primary homogeneous SAR backbone. Use only support points actually covered by each raster.,,
2020-09-09 17:23:36.268802+00:00,ascending,88,S1A_IW_GRDH_1SDV_20200909T172336_20200909T172401_034285_03FC20_5AAC_COG,sentinel-1a,2020,9,9,2020-09-09,True,stable_track_and_apr_sep_and_year_2015_2025,IW,VV|VH,,PRIMARY_VVVH,IW mode with VV+VH; primary homogeneous SAR backbone. Use only support points actually covered by each raster.,,
2020-09-15 17:22:30.310247+00:00,ascending,88,S1B_IW_GRDH_1SDV_20200915T172230_20200915T172255_023389_02C6DE_4A62_COG,sentinel-1b,2020,9,15,2020-09-15,True,stable_track_and_apr_sep_and_year_2015_2025,IW,VV|VH,,PRIMARY_VVVH,IW mode with VV+VH; primary homogeneous SAR backbone. Use only support points actually covered by each raster.,,
2020-09-15 17:22:30.310248+00:00,ascending,88,S1B_IW_GRDH_1SDV_20200915T172230_20200915T172255_023389_02C6DE_B67B_COG,sentinel-1b,2020,9,15,2020-09-15,True,stable_track_and_apr_sep_and_year_2015_2025,IW,VV|VH,,PRIMARY_VVVH,IW mode with VV+VH; primary homogeneous SAR backbone. Use only support points actually covered by each raster.,,
2020-09-21 17:23:11.651266+00:00,ascending,88,S1A_IW_GRDH_1SDV_20200921T172311_20200921T172336_034460_040263_E196_COG,sentinel-1a,2020,9,21,2020-09-21,True,stable_track_and_apr_sep_and_year_2015_2025,IW,VV|VH,,PRIMARY_VVVH,IW mode with VV+VH; primary homogeneous SAR backbone. Use only support points actually covered by each raster.,,
2020-09-21 17:23:11.651266+00:00,ascending,88,S1A_IW_GRDH_1SDV_20200921T172311_20200921T172336_034460_040263_F353_COG,sentinel-1a,2020,9,21,2020-09-21,True,stable_track_and_apr_sep_and_year_2015_2025,IW,VV|VH,,PRIMARY_VVVH,IW mode with VV+VH; primary homogeneous SAR backbone. Use only support points actually covered by each raster.,,
2020-09-21 17:23:36.652122+00:00,ascending,88,S1A_IW_GRDH_1SDV_20200921T172336_20200921T172401_034460_040263_38CD_COG,sentinel-1a,2020,9,21,2020-09-21,True,stable_track_and_apr_sep_and_year_2015_2025,IW,VV|VH,,PRIMARY_VVVH,IW mode with VV+VH; primary homogeneous SAR backbone. Use only support points actually covered by each raster.,,
2020-09-21 17:23:36.652122+00:00,ascending,88,S1A_IW_GRDH_1SDV_20200921T172336_20200921T172401_034460_040263_91DC_COG,sentinel-1a,2020,9,21,2020-09-21,True,stable_track_and_apr_sep_and_year_2015_2025,IW,VV|VH,,PRIMARY_VVVH,IW mode with VV+VH; primary homogeneous SAR backbone. Use only support points actually covered by each raster.,,
2020-09-27 17:22:30.601031+00:00,ascending,88,S1B_IW_GRDH_1SDV_20200927T172230_20200927T172255_023564_02CC5D_EDD1_COG,sentinel-1b,2020,9,27,2020-09-27,True,stable_track_and_apr_sep_and_year_2015_2025,IW,VV|VH,,PRIMARY_VVVH,IW mode with VV+VH; primary homogeneous SAR backbone. Use only support points actually covered by each raster.,,
2020-09-27 17:22:30.601033+00:00,ascending,88,S1B_IW_GRDH_1SDV_20200927T172230_20200927T172255_023564_02CC5D_5392_COG,sentinel-1b,2020,9,27,2020-09-27,True,stable_track_and_apr_sep_and_year_2015_2025,IW,VV|VH,,PRIMARY_VVVH,IW mode with VV+VH; primary homogeneous SAR backbone. Use only support points actually covered by each raster.,,
2020-04-05 05:35:23.317062+00:00,descending,66,S1A_IW_GRDH_1SDV_20200405T053523_20200405T053548_031988_03B1D4_0F7D_COG,sentinel-1a,2020,4,5,2020-04-05,True,stable_track_and_apr_sep_and_year_2015_2025,IW,VV|VH,,PRIMARY_VVVH,IW mode with VV+VH; primary homogeneous SAR backbone. Use only support points actually covered by each raster.,,
2020-04-05 05:35:23.949631+00:00,descending,66,S1A_IW_GRDH_1SDV_20200405T053523_20200405T053548_031988_03B1D4_A818_COG,sentinel-1a,2020,4,5,2020-04-05,True,stable_track_and_apr_sep_and_year_2015_2025,IW,VV|VH,,PRIMARY_VVVH,IW mode with VV+VH; primary homogeneous SAR backbone. Use only support points actually covered by each raster.,,
2020-04-05 05:35:48.315951+00:00,descending,66,S1A_IW_GRDH_1SDV_20200405T053548_20200405T053613_031988_03B1D4_E0FB_COG,sentinel-1a,2020,4,5,2020-04-05,True,stable_track_and_apr_sep_and_year_2015_2025,IW,VV|VH,,PRIMARY_VVVH,IW mode with VV+VH; primary homogeneous SAR backbone. Use only support points actually covered by each raster.,,
2020-04-05 05:35:48.950127+00:00,descending,66,S1A_IW_GRDH_1SDV_20200405T053548_20200405T053613_031988_03B1D4_24FE_COG,sentinel-1a,2020,4,5,2020-04-05,True,stable_track_and_apr_sep_and_year_2015_2025,IW,VV|VH,,PRIMARY_VVVH,IW mode with VV+VH; primary homogeneous SAR backbone. Use only support points actually covered by each raster.,,
2020-04-11 05:34:56.426336+00:00,descending,66,S1B_IW_GRDH_1SDV_20200411T053456_20200411T053521_021092_02804A_151A_COG,sentinel-1b,2020,4,11,2020-04-11,True,stable_track_and_apr_sep_and_year_2015_2025,IW,VV|VH,,PRIMARY_VVVH,IW mode with VV+VH; primary homogeneous SAR backbone. Use only support points actually covered by each raster.,,
2020-04-11 05:34:56.426336+00:00,descending,66,S1B_IW_GRDH_1SDV_20200411T053456_20200411T053521_021092_02804A_91CB_COG,sentinel-1b,2020,4,11,2020-04-11,True,stable_track_and_apr_sep_and_year_2015_2025,IW,VV|VH,,PRIMARY_VVVH,IW mode with VV+VH; primary homogeneous SAR backbone. Use only support points actually covered by each raster.,,
2020-04-17 05:35:23.786270+00:00,descending,66,S1A_IW_GRDH_1SDV_20200417T053523_20200417T053548_032163_03B803_ED97_COG,sentinel-1a,2020,4,17,2020-04-17,True,stable_track_and_apr_sep_and_year_2015_2025,IW,VV|VH,,PRIMARY_VVVH,IW mode with VV+VH; primary homogeneous SAR backbone. Use only support points actually covered by each raster.,,
2020-04-17 05:35:23.978277+00:00,descending,66,S1A_IW_GRDH_1SDV_20200417T053523_20200417T053548_032163_03B803_505E_COG,sentinel-1a,2020,4,17,2020-04-17,True,stable_track_and_apr_sep_and_year_2015_2025,IW,VV|VH,,PRIMARY_VVVH,IW mode with VV+VH; primary homogeneous SAR backbone. Use only support points actually covered by each raster.,,
2020-04-17 05:35:48.785296+00:00,descending,66,S1A_IW_GRDH_1SDV_20200417T053548_20200417T053613_032163_03B803_2470_COG,sentinel-1a,2020,4,17,2020-04-17,True,stable_track_and_apr_sep_and_year_2015_2025,IW,VV|VH,,PRIMARY_VVVH,IW mode with VV+VH; primary homogeneous SAR backbone. Use only support points actually covered by each raster.,,
2020-04-17 05:35:48.978952+00:00,descending,66,S1A_IW_GRDH_1SDV_20200417T053548_20200417T053613_032163_03B803_58C6_COG,sentinel-1a,2020,4,17,2020-04-17,True,stable_track_and_apr_sep_and_year_2015_2025,IW,VV|VH,,PRIMARY_VVVH,IW mode with VV+VH; primary homogeneous SAR backbone. Use only support points actually covered by each raster.,,
2020-04-23 05:34:56.920975+00:00,descending,66,S1B_IW_GRDH_1SDV_20200423T053456_20200423T053521_021267_0285CF_C398_COG,sentinel-1b,2020,4,23,2020-04-23,True,stable_track_and_apr_sep_and_year_2015_2025,IW,VV|VH,,PRIMARY_VVVH,IW mode with VV+VH; primary homogeneous SAR backbone. Use only support points actually covered by each raster.,,
2020-04-23 05:34:56.920976+00:00,descending,66,S1B_IW_GRDH_1SDV_20200423T053456_20200423T053521_021267_0285CF_B49E_COG,sentinel-1b,2020,4,23,2020-04-23,True,stable_track_and_apr_sep_and_year_2015_2025,IW,VV|VH,,PRIMARY_VVVH,IW mode with VV+VH; primary homogeneous SAR backbone. Use only support points actually covered by each raster.,,
2020-04-29 05:35:24.319279+00:00,descending,66,S1A_IW_GRDH_1SDV_20200429T053524_20200429T053549_032338_03BE26_F7C8_COG,sentinel-1a,2020,4,29,2020-04-29,True,stable_track_and_apr_sep_and_year_2015_2025,IW,VV|VH,,PRIMARY_VVVH,IW mode with VV+VH; primary homogeneous SAR backbone. Use only support points actually covered by each raster.,,
2020-04-29 05:35:24.934627+00:00,descending,66,S1A_IW_GRDH_1SDV_20200429T053524_20200429T053549_032338_03BE26_A282_COG,sentinel-1a,2020,4,29,2020-04-29,True,stable_track_and_apr_sep_and_year_2015_2025,IW,VV|VH,,PRIMARY_VVVH,IW mode with VV+VH; primary homogeneous SAR backbone. Use only support points actually covered by each raster.,,
2020-04-29 05:35:49.319923+00:00,descending,66,S1A_IW_GRDH_1SDV_20200429T053549_20200429T053614_032338_03BE26_BF60_COG,sentinel-1a,2020,4,29,2020-04-29,True,stable_track_and_apr_sep_and_year_2015_2025,IW,VV|VH,,PRIMARY_VVVH,IW mode with VV+VH; primary homogeneous SAR backbone. Use only support points actually covered by each raster.,,
2020-04-29 05:35:49.935444+00:00,descending,66,S1A_IW_GRDH_1SDV_20200429T053549_20200429T053614_032338_03BE26_E28F_COG,sentinel-1a,2020,4,29,2020-04-29,True,stable_track_and_apr_sep_and_year_2015_2025,IW,VV|VH,,PRIMARY_VVVH,IW mode with VV+VH; primary homogeneous SAR backbone. Use only support points actually covered by each raster.,,
2020-05-05 05:34:57.575433+00:00,descending,66,S1B_IW_GRDH_1SDV_20200505T053457_20200505T053522_021442_028B5C_032A_COG,sentinel-1b,2020,5,5,2020-05-05,True,stable_track_and_apr_sep_and_year_2015_2025,IW,VV|VH,,PRIMARY_VVVH,IW mode with VV+VH; primary homogeneous SAR backbone. Use only support points actually covered by each raster.,,
2020-05-05 05:34:57.575433+00:00,descending,66,S1B_IW_GRDH_1SDV_20200505T053457_20200505T053522_021442_028B5C_6755_COG,sentinel-1b,2020,5,5,2020-05-05,True,stable_track_and_apr_sep_and_year_2015_2025,IW,VV|VH,,PRIMARY_VVVH,IW mode with VV+VH; primary homogeneous SAR backbone. Use only support points actually covered by each raster.,,
2020-05-11 05:35:24.870493+00:00,descending,66,S1A_IW_GRDH_1SDV_20200511T053524_20200511T053549_032513_03C3F4_AB1F_COG,sentinel-1a,2020,5,11,2020-05-11,True,stable_track_and_apr_sep_and_year_2015_2025,IW,VV|VH,,PRIMARY_VVVH,IW mode with VV+VH; primary homogeneous SAR backbone. Use only support points actually covered by each raster.,,
2020-05-11 05:35:24.927067+00:00,descending,66,S1A_IW_GRDH_1SDV_20200511T053524_20200511T053549_032513_03C3F4_735A_COG,sentinel-1a,2020,5,11,2020-05-11,True,stable_track_and_apr_sep_and_year_2015_2025,IW,VV|VH,,PRIMARY_VVVH,IW mode with VV+VH; primary homogeneous SAR backbone. Use only support points actually covered by each raster.,,
2020-05-11 05:35:49.871092+00:00,descending,66,S1A_IW_GRDH_1SDV_20200511T053549_20200511T053614_032513_03C3F4_0EF9_COG,sentinel-1a,2020,5,11,2020-05-11,True,stable_track_and_apr_sep_and_year_2015_2025,IW,VV|VH,,PRIMARY_VVVH,IW mode with VV+VH; primary homogeneous SAR backbone. Use only support points actually covered by each raster.,,
2020-05-11 05:35:49.926320+00:00,descending,66,S1A_IW_GRDH_1SDV_20200511T053549_20200511T053614_032513_03C3F4_F3CB_COG,sentinel-1a,2020,5,11,2020-05-11,True,stable_track_and_apr_sep_and_year_2015_2025,IW,VV|VH,,PRIMARY_VVVH,IW mode with VV+VH; primary homogeneous SAR backbone. Use only support points actually covered by each raster.,,
2020-05-17 05:34:43.888249+00:00,descending,66,S1B_IW_GRDH_1SDV_20200517T053443_20200517T053508_021617_02909E_D89D_COG,sentinel-1b,2020,5,17,2020-05-17,True,stable_track_and_apr_sep_and_year_2015_2025,IW,VV|VH,,PRIMARY_VVVH,IW mode with VV+VH; primary homogeneous SAR backbone. Use only support points actually covered by each raster.,,
2020-05-17 05:34:51.613606+00:00,descending,66,S1B_IW_GRDH_1SDV_20200517T053451_20200517T053516_021617_02909E_5D39_COG,sentinel-1b,2020,5,17,2020-05-17,True,stable_track_and_apr_sep_and_year_2015_2025,IW,VV|VH,,PRIMARY_VVVH,IW mode with VV+VH; primary homogeneous SAR backbone. Use only support points actually covered by each raster.,,
2020-05-17 05:35:08.887223+00:00,descending,66,S1B_IW_GRDH_1SDV_20200517T053508_20200517T053533_021617_02909E_1E32_COG,sentinel-1b,2020,5,17,2020-05-17,True,stable_track_and_apr_sep_and_year_2015_2025,IW,VV|VH,,PRIMARY_VVVH,IW mode with VV+VH; primary homogeneous SAR backbone. Use only support points actually covered by each raster.,,
2020-05-23 05:35:25.649267+00:00,descending,66,S1A_IW_GRDH_1SDV_20200523T053525_20200523T053550_032688_03C942_71CA_COG,sentinel-1a,2020,5,23,2020-05-23,True,stable_track_and_apr_sep_and_year_2015_2025,IW,VV|VH,,PRIMARY_VVVH,IW mode with VV+VH; primary homogeneous SAR backbone. Use only support points actually covered by each raster.,,
2020-05-23 05:35:25.963214+00:00,descending,66,S1A_IW_GRDH_1SDV_20200523T053525_20200523T053550_032688_03C942_6DD6_COG,sentinel-1a,2020,5,23,2020-05-23,True,stable_track_and_apr_sep_and_year_2015_2025,IW,VV|VH,,PRIMARY_VVVH,IW mode with VV+VH; primary homogeneous SAR backbone. Use only support points actually covered by each raster.,,
2020-05-23 05:35:50.649826+00:00,descending,66,S1A_IW_GRDH_1SDV_20200523T053550_20200523T053615_032688_03C942_CDBC_COG,sentinel-1a,2020,5,23,2020-05-23,True,stable_track_and_apr_sep_and_year_2015_2025,IW,VV|VH,,PRIMARY_VVVH,IW mode with VV+VH; primary homogeneous SAR backbone. Use only support points actually covered by each raster.,,
2020-05-23 05:35:50.962447+00:00,descending,66,S1A_IW_GRDH_1SDV_20200523T053550_20200523T053615_032688_03C942_1C54_COG,sentinel-1a,2020,5,23,2020-05-23,True,stable_track_and_apr_sep_and_year_2015_2025,IW,VV|VH,,PRIMARY_VVVH,IW mode with VV+VH; primary homogeneous SAR backbone. Use only support points actually covered by each raster.,,
2020-05-29 05:34:45.026595+00:00,descending,66,S1B_IW_GRDH_1SDV_20200529T053445_20200529T053510_021792_0295D0_2094_COG,sentinel-1b,2020,5,29,2020-05-29,True,stable_track_and_apr_sep_and_year_2015_2025,IW,VV|VH,,PRIMARY_VVVH,IW mode with VV+VH; primary homogeneous SAR backbone. Use only support points actually covered by each raster.,,
2020-05-29 05:34:52.521533+00:00,descending,66,S1B_IW_GRDH_1SDV_20200529T053452_20200529T053517_021792_0295D0_FD31_COG,sentinel-1b,2020,5,29,2020-05-29,True,stable_track_and_apr_sep_and_year_2015_2025,IW,VV|VH,,PRIMARY_VVVH,IW mode with VV+VH; primary homogeneous SAR backbone. Use only support points actually covered by each raster.,,
2020-05-29 05:35:10.027040+00:00,descending,66,S1B_IW_GRDH_1SDV_20200529T053510_20200529T053535_021792_0295D0_1E7A_COG,sentinel-1b,2020,5,29,2020-05-29,True,stable_track_and_apr_sep_and_year_2015_2025,IW,VV|VH,,PRIMARY_VVVH,IW mode with VV+VH; primary homogeneous SAR backbone. Use only support points actually covered by each raster.,,
2020-06-04 05:35:26.003942+00:00,descending,66,S1A_IW_GRDH_1SDV_20200604T053526_20200604T053551_032863_03CE73_3390_COG,sentinel-1a,2020,6,4,2020-06-04,True,stable_track_and_apr_sep_and_year_2015_2025,IW,VV|VH,,PRIMARY_VVVH,IW mode with VV+VH; primary homogeneous SAR backbone. Use only support points actually covered by each raster.,,
2020-06-04 05:35:26.208946+00:00,descending,66,S1A_IW_GRDH_1SDV_20200604T053526_20200604T053551_032863_03CE73_21C8_COG,sentinel-1a,2020,6,4,2020-06-04,True,stable_track_and_apr_sep_and_year_2015_2025,IW,VV|VH,,PRIMARY_VVVH,IW mode with VV+VH; primary homogeneous SAR backbone. Use only support points actually covered by each raster.,,
2020-06-04 05:35:51.003693+00:00,descending,66,S1A_IW_GRDH_1SDV_20200604T053551_20200604T053616_032863_03CE73_5899_COG,sentinel-1a,2020,6,4,2020-06-04,True,stable_track_and_apr_sep_and_year_2015_2025,IW,VV|VH,,PRIMARY_VVVH,IW mode with VV+VH; primary homogeneous SAR backbone. Use only support points actually covered by each raster.,,
2020-06-04 05:35:51.207983+00:00,descending,66,S1A_IW_GRDH_1SDV_20200604T053551_20200604T053616_032863_03CE73_3A18_COG,sentinel-1a,2020,6,4,2020-06-04,True,stable_track_and_apr_sep_and_year_2015_2025,IW,VV|VH,,PRIMARY_VVVH,IW mode with VV+VH; primary homogeneous SAR backbone. Use only support points actually covered by each raster.,,
2020-06-10 05:34:45.100202+00:00,descending,66,S1B_IW_GRDH_1SDV_20200610T053445_20200610T053510_021967_029B0E_BC93_COG,sentinel-1b,2020,6,10,2020-06-10,True,stable_track_and_apr_sep_and_year_2015_2025,IW,VV|VH,,PRIMARY_VVVH,IW mode with VV+VH; primary homogeneous SAR backbone. Use only support points actually covered by each raster.,,
2020-06-10 05:34:53.237356+00:00,descending,66,S1B_IW_GRDH_1SDV_20200610T053453_20200610T053518_021967_029B0E_BD0A_COG,sentinel-1b,2020,6,10,2020-06-10,True,stable_track_and_apr_sep_and_year_2015_2025,IW,VV|VH,,PRIMARY_VVVH,IW mode with VV+VH; primary homogeneous SAR backbone. Use only support points actually covered by each raster.,,
2020-06-10 05:35:10.099191+00:00,descending,66,S1B_IW_GRDH_1SDV_20200610T053510_20200610T053535_021967_029B0E_E1FE_COG,sentinel-1b,2020,6,10,2020-06-10,True,stable_track_and_apr_sep_and_year_2015_2025,IW,VV|VH,,PRIMARY_VVVH,IW mode with VV+VH; primary homogeneous SAR backbone. Use only support points actually covered by each raster.,,
2020-06-16 05:35:26.880020+00:00,descending,66,S1A_IW_GRDH_1SDV_20200616T053526_20200616T053551_033038_03D3B4_1090_COG,sentinel-1a,2020,6,16,2020-06-16,True,stable_track_and_apr_sep_and_year_2015_2025,IW,VV|VH,,PRIMARY_VVVH,IW mode with VV+VH; primary homogeneous SAR backbone. Use only support points actually covered by each raster.,,
2020-06-16 05:35:27.094905+00:00,descending,66,S1A_IW_GRDH_1SDV_20200616T053527_20200616T053552_033038_03D3B4_9201_COG,sentinel-1a,2020,6,16,2020-06-16,True,stable_track_and_apr_sep_and_year_2015_2025,IW,VV|VH,,PRIMARY_VVVH,IW mode with VV+VH; primary homogeneous SAR backbone. Use only support points actually covered by each raster.,,
2020-06-16 05:35:51.880680+00:00,descending,66,S1A_IW_GRDH_1SDV_20200616T053551_20200616T053616_033038_03D3B4_D456_COG,sentinel-1a,2020,6,16,2020-06-16,True,stable_track_and_apr_sep_and_year_2015_2025,IW,VV|VH,,PRIMARY_VVVH,IW mode with VV+VH; primary homogeneous SAR backbone. Use only support points actually covered by each raster.,,
2020-06-16 05:35:52.095417+00:00,descending,66,S1A_IW_GRDH_1SDV_20200616T053552_20200616T053617_033038_03D3B4_84EA_COG,sentinel-1a,2020,6,16,2020-06-16,True,stable_track_and_apr_sep_and_year_2015_2025,IW,VV|VH,,PRIMARY_VVVH,IW mode with VV+VH; primary homogeneous SAR backbone. Use only support points actually covered by each raster.,,
2020-06-22 05:34:46.034286+00:00,descending,66,S1B_IW_GRDH_1SDV_20200622T053446_20200622T053511_022142_02A063_B797_COG,sentinel-1b,2020,6,22,2020-06-22,True,stable_track_and_apr_sep_and_year_2015_2025,IW,VV|VH,,PRIMARY_VVVH,IW mode with VV+VH; primary homogeneous SAR backbone. Use only support points actually covered by each raster.,,
2020-06-22 05:34:53.778646+00:00,descending,66,S1B_IW_GRDH_1SDV_20200622T053453_20200622T053518_022142_02A063_2A05_COG,sentinel-1b,2020,6,22,2020-06-22,True,stable_track_and_apr_sep_and_year_2015_2025,IW,VV|VH,,PRIMARY_VVVH,IW mode with VV+VH; primary homogeneous SAR backbone. Use only support points actually covered by each raster.,,
2020-06-22 05:35:11.033260+00:00,descending,66,S1B_IW_GRDH_1SDV_20200622T053511_20200622T053536_022142_02A063_52FE_COG,sentinel-1b,2020,6,22,2020-06-22,True,stable_track_and_apr_sep_and_year_2015_2025,IW,VV|VH,,PRIMARY_VVVH,IW mode with VV+VH; primary homogeneous SAR backbone. Use only support points actually covered by each raster.,,
2020-06-28 05:35:27.695821+00:00,descending,66,S1A_IW_GRDH_1SDV_20200628T053527_20200628T053552_033213_03D905_D3E4_COG,sentinel-1a,2020,6,28,2020-06-28,True,stable_track_and_apr_sep_and_year_2015_2025,IW,VV|VH,,PRIMARY_VVVH,IW mode with VV+VH; primary homogeneous SAR backbone. Use only support points actually covered by each raster.,,
2020-06-28 05:35:28.036224+00:00,descending,66,S1A_IW_GRDH_1SDV_20200628T053528_20200628T053553_033213_03D905_6DEE_COG,sentinel-1a,2020,6,28,2020-06-28,True,stable_track_and_apr_sep_and_year_2015_2025,IW,VV|VH,,PRIMARY_VVVH,IW mode with VV+VH; primary homogeneous SAR backbone. Use only support points actually covered by each raster.,,
2020-06-28 05:35:52.696327+00:00,descending,66,S1A_IW_GRDH_1SDV_20200628T053552_20200628T053617_033213_03D905_D6DB_COG,sentinel-1a,2020,6,28,2020-06-28,True,stable_track_and_apr_sep_and_year_2015_2025,IW,VV|VH,,PRIMARY_VVVH,IW mode with VV+VH; primary homogeneous SAR backbone. Use only support points actually covered by each raster.,,
2020-06-28 05:35:53.036906+00:00,descending,66,S1A_IW_GRDH_1SDV_20200628T053553_20200628T053618_033213_03D905_4DDF_COG,sentinel-1a,2020,6,28,2020-06-28,True,stable_track_and_apr_sep_and_year_2015_2025,IW,VV|VH,,PRIMARY_VVVH,IW mode with VV+VH; primary homogeneous SAR backbone. Use only support points actually covered by each raster.,,
2020-07-04 05:34:45.903183+00:00,descending,66,S1B_IW_GRDH_1SDV_20200704T053445_20200704T053510_022317_02A5BA_B9B3_COG,sentinel-1b,2020,7,4,2020-07-04,True,stable_track_and_apr_sep_and_year_2015_2025,IW,VV|VH,,PRIMARY_VVVH,IW mode with VV+VH; primary homogeneous SAR backbone. Use only support points actually covered by each raster.,,
2020-07-04 05:34:54.401331+00:00,descending,66,S1B_IW_GRDH_1SDV_20200704T053454_20200704T053519_022317_02A5BA_E9AF_COG,sentinel-1b,2020,7,4,2020-07-04,True,stable_track_and_apr_sep_and_year_2015_2025,IW,VV|VH,,PRIMARY_VVVH,IW mode with VV+VH; primary homogeneous SAR backbone. Use only support points actually covered by each raster.,,
2020-07-04 05:35:10.903591+00:00,descending,66,S1B_IW_GRDH_1SDV_20200704T053510_20200704T053535_022317_02A5BA_DF44_COG,sentinel-1b,2020,7,4,2020-07-04,True,stable_track_and_apr_sep_and_year_2015_2025,IW,VV|VH,,PRIMARY_VVVH,IW mode with VV+VH; primary homogeneous SAR backbone. Use only support points actually covered by each raster.,,
2020-07-10 05:35:26.856917+00:00,descending,66,S1A_IW_GRDH_1SDV_20200710T053526_20200710T053551_033388_03DE53_D763_COG,sentinel-1a,2020,7,10,2020-07-10,True,stable_track_and_apr_sep_and_year_2015_2025,IW,VV|VH,,PRIMARY_VVVH,IW mode with VV+VH; primary homogeneous SAR backbone. Use only support points actually covered by each raster.,,
2020-07-10 05:35:28.384962+00:00,descending,66,S1A_IW_GRDH_1SDV_20200710T053528_20200710T053553_033388_03DE53_134F_COG,sentinel-1a,2020,7,10,2020-07-10,True,stable_track_and_apr_sep_and_year_2015_2025,IW,VV|VH,,PRIMARY_VVVH,IW mode with VV+VH; primary homogeneous SAR backbone. Use only support points actually covered by each raster.,,
2020-07-10 05:35:51.856517+00:00,descending,66,S1A_IW_GRDH_1SDV_20200710T053551_20200710T053616_033388_03DE53_92FF_COG,sentinel-1a,2020,7,10,2020-07-10,True,stable_track_and_apr_sep_and_year_2015_2025,IW,VV|VH,,PRIMARY_VVVH,IW mode with VV+VH; primary homogeneous SAR backbone. Use only support points actually covered by each raster.,,
2020-07-10 05:35:53.383926+00:00,descending,66,S1A_IW_GRDH_1SDV_20200710T053553_20200710T053618_033388_03DE53_3E6C_COG,sentinel-1a,2020,7,10,2020-07-10,True,stable_track_and_apr_sep_and_year_2015_2025,IW,VV|VH,,PRIMARY_VVVH,IW mode with VV+VH; primary homogeneous SAR backbone. Use only support points actually covered by each raster.,,
2020-07-16 05:34:46.988062+00:00,descending,66,S1B_IW_GRDH_1SDV_20200716T053446_20200716T053511_022492_02AB06_1455_COG,sentinel-1b,2020,7,16,2020-07-16,True,stable_track_and_apr_sep_and_year_2015_2025,IW,VV|VH,,PRIMARY_VVVH,IW mode with VV+VH; primary homogeneous SAR backbone. Use only support points actually covered by each raster.,,
2020-07-16 05:34:55.084288+00:00,descending,66,S1B_IW_GRDH_1SDV_20200716T053455_20200716T053520_022492_02AB06_34E9_COG,sentinel-1b,2020,7,16,2020-07-16,True,stable_track_and_apr_sep_and_year_2015_2025,IW,VV|VH,,PRIMARY_VVVH,IW mode with VV+VH; primary homogeneous SAR backbone. Use only support points actually covered by each raster.,,
2020-07-16 05:35:11.987033+00:00,descending,66,S1B_IW_GRDH_1SDV_20200716T053511_20200716T053536_022492_02AB06_E10B_COG,sentinel-1b,2020,7,16,2020-07-16,True,stable_track_and_apr_sep_and_year_2015_2025,IW,VV|VH,,PRIMARY_VVVH,IW mode with VV+VH; primary homogeneous SAR backbone. Use only support points actually covered by each raster.,,
2020-07-22 05:35:29.256650+00:00,descending,66,S1A_IW_GRDH_1SDV_20200722T053529_20200722T053554_033563_03E3B0_B022_COG,sentinel-1a,2020,7,22,2020-07-22,True,stable_track_and_apr_sep_and_year_2015_2025,IW,VV|VH,,PRIMARY_VVVH,IW mode with VV+VH; primary homogeneous SAR backbone. Use only support points actually covered by each raster.,,
2020-07-22 05:35:29.857498+00:00,descending,66,S1A_IW_GRDH_1SDV_20200722T053529_20200722T053554_033563_03E3B0_E743_COG,sentinel-1a,2020,7,22,2020-07-22,True,stable_track_and_apr_sep_and_year_2015_2025,IW,VV|VH,,PRIMARY_VVVH,IW mode with VV+VH; primary homogeneous SAR backbone. Use only support points actually covered by each raster.,,
2020-07-22 05:35:54.257157+00:00,descending,66,S1A_IW_GRDH_1SDV_20200722T053554_20200722T053619_033563_03E3B0_6A2C_COG,sentinel-1a,2020,7,22,2020-07-22,True,stable_track_and_apr_sep_and_year_2015_2025,IW,VV|VH,,PRIMARY_VVVH,IW mode with VV+VH; primary homogeneous SAR backbone. Use only support points actually covered by each raster.,,
2020-07-22 05:35:54.858187+00:00,descending,66,S1A_IW_GRDH_1SDV_20200722T053554_20200722T053619_033563_03E3B0_F71F_COG,sentinel-1a,2020,7,22,2020-07-22,True,stable_track_and_apr_sep_and_year_2015_2025,IW,VV|VH,,PRIMARY_VVVH,IW mode with VV+VH; primary homogeneous SAR backbone. Use only support points actually covered by each raster.,,
2020-07-28 05:34:47.782881+00:00,descending,66,S1B_IW_GRDH_1SDV_20200728T053447_20200728T053512_022667_02B05D_E9CE_COG,sentinel-1b,2020,7,28,2020-07-28,True,stable_track_and_apr_sep_and_year_2015_2025,IW,VV|VH,,PRIMARY_VVVH,IW mode with VV+VH; primary homogeneous SAR backbone. Use only support points actually covered by each raster.,,
2020-07-28 05:34:55.985490+00:00,descending,66,S1B_IW_GRDH_1SDV_20200728T053455_20200728T053520_022667_02B05D_50CE_COG,sentinel-1b,2020,7,28,2020-07-28,True,stable_track_and_apr_sep_and_year_2015_2025,IW,VV|VH,,PRIMARY_VVVH,IW mode with VV+VH; primary homogeneous SAR backbone. Use only support points actually covered by each raster.,,
2020-07-28 05:35:12.781868+00:00,descending,66,S1B_IW_GRDH_1SDV_20200728T053512_20200728T053537_022667_02B05D_05D2_COG,sentinel-1b,2020,7,28,2020-07-28,True,stable_track_and_apr_sep_and_year_2015_2025,IW,VV|VH,,PRIMARY_VVVH,IW mode with VV+VH; primary homogeneous SAR backbone. Use only support points actually covered by each raster.,,
2020-08-03 05:35:29.926887+00:00,descending,66,S1A_IW_GRDH_1SDV_20200803T053529_20200803T053554_033738_03E909_12B4_COG,sentinel-1a,2020,8,3,2020-08-03,True,stable_track_and_apr_sep_and_year_2015_2025,IW,VV|VH,,PRIMARY_VVVH,IW mode with VV+VH; primary homogeneous SAR backbone. Use only support points actually covered by each raster.,,
2020-08-03 05:35:29.959404+00:00,descending,66,S1A_IW_GRDH_1SDV_20200803T053529_20200803T053554_033738_03E909_EBAB_COG,sentinel-1a,2020,8,3,2020-08-03,True,stable_track_and_apr_sep_and_year_2015_2025,IW,VV|VH,,PRIMARY_VVVH,IW mode with VV+VH; primary homogeneous SAR backbone. Use only support points actually covered by each raster.,,
2020-08-03 05:35:54.927386+00:00,descending,66,S1A_IW_GRDH_1SDV_20200803T053554_20200803T053619_033738_03E909_9DF8_COG,sentinel-1a,2020,8,3,2020-08-03,True,stable_track_and_apr_sep_and_year_2015_2025,IW,VV|VH,,PRIMARY_VVVH,IW mode with VV+VH; primary homogeneous SAR backbone. Use only support points actually covered by each raster.,,
2020-08-03 05:35:54.960065+00:00,descending,66,S1A_IW_GRDH_1SDV_20200803T053554_20200803T053619_033738_03E909_D52D_COG,sentinel-1a,2020,8,3,2020-08-03,True,stable_track_and_apr_sep_and_year_2015_2025,IW,VV|VH,,PRIMARY_VVVH,IW mode with VV+VH; primary homogeneous SAR backbone. Use only support points actually covered by each raster.,,
2020-08-09 05:34:49.020857+00:00,descending,66,S1B_IW_GRDH_1SDV_20200809T053449_20200809T053514_022842_02B5BB_E8F0_COG,sentinel-1b,2020,8,9,2020-08-09,True,stable_track_and_apr_sep_and_year_2015_2025,IW,VV|VH,,PRIMARY_VVVH,IW mode with VV+VH; primary homogeneous SAR backbone. Use only support points actually covered by each raster.,,
2020-08-09 05:34:56.705410+00:00,descending,66,S1B_IW_GRDH_1SDV_20200809T053456_20200809T053521_022842_02B5BB_D36D_COG,sentinel-1b,2020,8,9,2020-08-09,True,stable_track_and_apr_sep_and_year_2015_2025,IW,VV|VH,,PRIMARY_VVVH,IW mode with VV+VH; primary homogeneous SAR backbone. Use only support points actually covered by each raster.,,
2020-08-09 05:35:14.019807+00:00,descending,66,S1B_IW_GRDH_1SDV_20200809T053514_20200809T053539_022842_02B5BB_D535_COG,sentinel-1b,2020,8,9,2020-08-09,True,stable_track_and_apr_sep_and_year_2015_2025,IW,VV|VH,,PRIMARY_VVVH,IW mode with VV+VH; primary homogeneous SAR backbone. Use only support points actually covered by each raster.,,
2020-08-15 05:35:30.588231+00:00,descending,66,S1A_IW_GRDH_1SDV_20200815T053530_20200815T053555_033913_03EF0C_5113_COG,sentinel-1a,2020,8,15,2020-08-15,True,stable_track_and_apr_sep_and_year_2015_2025,IW,VV|VH,,PRIMARY_VVVH,IW mode with VV+VH; primary homogeneous SAR backbone. Use only support points actually covered by each raster.,,
2020-08-15 05:35:30.888342+00:00,descending,66,S1A_IW_GRDH_1SDV_20200815T053530_20200815T053555_033913_03EF0C_655B_COG,sentinel-1a,2020,8,15,2020-08-15,True,stable_track_and_apr_sep_and_year_2015_2025,IW,VV|VH,,PRIMARY_VVVH,IW mode with VV+VH; primary homogeneous SAR backbone. Use only support points actually covered by each raster.,,
2020-08-15 05:35:55.587188+00:00,descending,66,S1A_IW_GRDH_1SDV_20200815T053555_20200815T053620_033913_03EF0C_AD44_COG,sentinel-1a,2020,8,15,2020-08-15,True,stable_track_and_apr_sep_and_year_2015_2025,IW,VV|VH,,PRIMARY_VVVH,IW mode with VV+VH; primary homogeneous SAR backbone. Use only support points actually covered by each raster.,,
2020-08-15 05:35:55.887442+00:00,descending,66,S1A_IW_GRDH_1SDV_20200815T053555_20200815T053620_033913_03EF0C_F272_COG,sentinel-1a,2020,8,15,2020-08-15,True,stable_track_and_apr_sep_and_year_2015_2025,IW,VV|VH,,PRIMARY_VVVH,IW mode with VV+VH; primary homogeneous SAR backbone. Use only support points actually covered by each raster.,,
2020-08-21 05:34:48.979990+00:00,descending,66,S1B_IW_GRDH_1SDV_20200821T053448_20200821T053513_023017_02BB2F_0C20_COG,sentinel-1b,2020,8,21,2020-08-21,True,stable_track_and_apr_sep_and_year_2015_2025,IW,VV|VH,,PRIMARY_VVVH,IW mode with VV+VH; primary homogeneous SAR backbone. Use only support points actually covered by each raster.,,
2020-08-21 05:34:57.219566+00:00,descending,66,S1B_IW_GRDH_1SDV_20200821T053457_20200821T053522_023017_02BB2F_AAF7_COG,sentinel-1b,2020,8,21,2020-08-21,True,stable_track_and_apr_sep_and_year_2015_2025,IW,VV|VH,,PRIMARY_VVVH,IW mode with VV+VH; primary homogeneous SAR backbone. Use only support points actually covered by each raster.,,
2020-08-21 05:35:13.980436+00:00,descending,66,S1B_IW_GRDH_1SDV_20200821T053513_20200821T053538_023017_02BB2F_3F5D_COG,sentinel-1b,2020,8,21,2020-08-21,True,stable_track_and_apr_sep_and_year_2015_2025,IW,VV|VH,,PRIMARY_VVVH,IW mode with VV+VH; primary homogeneous SAR backbone. Use only support points actually covered by each raster.,,
2020-08-27 05:35:31.403642+00:00,descending,66,S1A_IW_GRDH_1SDV_20200827T053531_20200827T053556_034088_03F535_CC16_COG,sentinel-1a,2020,8,27,2020-08-27,True,stable_track_and_apr_sep_and_year_2015_2025,IW,VV|VH,,PRIMARY_VVVH,IW mode with VV+VH; primary homogeneous SAR backbone. Use only support points actually covered by each raster.,,
2020-08-27 05:35:31.861998+00:00,descending,66,S1A_IW_GRDH_1SDV_20200827T053531_20200827T053556_034088_03F535_BD85_COG,sentinel-1a,2020,8,27,2020-08-27,True,stable_track_and_apr_sep_and_year_2015_2025,IW,VV|VH,,PRIMARY_VVVH,IW mode with VV+VH; primary homogeneous SAR backbone. Use only support points actually covered by each raster.,,
2020-08-27 05:35:56.404126+00:00,descending,66,S1A_IW_GRDH_1SDV_20200827T053556_20200827T053621_034088_03F535_2C57_COG,sentinel-1a,2020,8,27,2020-08-27,True,stable_track_and_apr_sep_and_year_2015_2025,IW,VV|VH,,PRIMARY_VVVH,IW mode with VV+VH; primary homogeneous SAR backbone. Use only support points actually covered by each raster.,,
2020-08-27 05:35:56.862617+00:00,descending,66,S1A_IW_GRDH_1SDV_20200827T053556_20200827T053621_034088_03F535_9500_COG,sentinel-1a,2020,8,27,2020-08-27,True,stable_track_and_apr_sep_and_year_2015_2025,IW,VV|VH,,PRIMARY_VVVH,IW mode with VV+VH; primary homogeneous SAR backbone. Use only support points actually covered by each raster.,,
2020-09-02 05:34:50.053137+00:00,descending,66,S1B_IW_GRDH_1SDV_20200902T053450_20200902T053515_023192_02C0A1_65BC_COG,sentinel-1b,2020,9,2,2020-09-02,True,stable_track_and_apr_sep_and_year_2015_2025,IW,VV|VH,,PRIMARY_VVVH,IW mode with VV+VH; primary homogeneous SAR backbone. Use only support points actually covered by each raster.,,
2020-09-02 05:34:57.961328+00:00,descending,66,S1B_IW_GRDH_1SDV_20200902T053457_20200902T053522_023192_02C0A1_694F_COG,sentinel-1b,2020,9,2,2020-09-02,True,stable_track_and_apr_sep_and_year_2015_2025,IW,VV|VH,,PRIMARY_VVVH,IW mode with VV+VH; primary homogeneous SAR backbone. Use only support points actually covered by each raster.,,
2020-09-02 05:35:15.053575+00:00,descending,66,S1B_IW_GRDH_1SDV_20200902T053515_20200902T053540_023192_02C0A1_F39C_COG,sentinel-1b,2020,9,2,2020-09-02,True,stable_track_and_apr_sep_and_year_2015_2025,IW,VV|VH,,PRIMARY_VVVH,IW mode with VV+VH; primary homogeneous SAR backbone. Use only support points actually covered by each raster.,,
2020-09-08 05:35:31.822243+00:00,descending,66,S1A_IW_GRDH_1SDV_20200908T053531_20200908T053556_034263_03FB5F_3F12_COG,sentinel-1a,2020,9,8,2020-09-08,True,stable_track_and_apr_sep_and_year_2015_2025,IW,VV|VH,,PRIMARY_VVVH,IW mode with VV+VH; primary homogeneous SAR backbone. Use only support points actually covered by each raster.,,
2020-09-08 05:35:31.951864+00:00,descending,66,S1A_IW_GRDH_1SDV_20200908T053531_20200908T053556_034263_03FB5F_D07E_COG,sentinel-1a,2020,9,8,2020-09-08,True,stable_track_and_apr_sep_and_year_2015_2025,IW,VV|VH,,PRIMARY_VVVH,IW mode with VV+VH; primary homogeneous SAR backbone. Use only support points actually covered by each raster.,,
2020-09-08 05:35:56.822897+00:00,descending,66,S1A_IW_GRDH_1SDV_20200908T053556_20200908T053621_034263_03FB5F_FF61_COG,sentinel-1a,2020,9,8,2020-09-08,True,stable_track_and_apr_sep_and_year_2015_2025,IW,VV|VH,,PRIMARY_VVVH,IW mode with VV+VH; primary homogeneous SAR backbone. Use only support points actually covered by each raster.,,
2020-09-08 05:35:56.952663+00:00,descending,66,S1A_IW_GRDH_1SDV_20200908T053556_20200908T053621_034263_03FB5F_77BE_COG,sentinel-1a,2020,9,8,2020-09-08,True,stable_track_and_apr_sep_and_year_2015_2025,IW,VV|VH,,PRIMARY_VVVH,IW mode with VV+VH; primary homogeneous SAR backbone. Use only support points actually covered by each raster.,,
2020-09-14 05:34:51.032214+00:00,descending,66,S1B_IW_GRDH_1SDV_20200914T053451_20200914T053516_023367_02C61E_B930_COG,sentinel-1b,2020,9,14,2020-09-14,True,stable_track_and_apr_sep_and_year_2015_2025,IW,VV|VH,,PRIMARY_VVVH,IW mode with VV+VH; primary homogeneous SAR backbone. Use only support points actually covered by each raster.,,
2020-09-14 05:34:58.480310+00:00,descending,66,S1B_IW_GRDH_1SDV_20200914T053458_20200914T053523_023367_02C61E_DF05_COG,sentinel-1b,2020,9,14,2020-09-14,True,stable_track_and_apr_sep_and_year_2015_2025,IW,VV|VH,,PRIMARY_VVVH,IW mode with VV+VH; primary homogeneous SAR backbone. Use only support points actually covered by each raster.,,
2020-09-14 05:35:16.032810+00:00,descending,66,S1B_IW_GRDH_1SDV_20200914T053516_20200914T053541_023367_02C61E_9970_COG,sentinel-1b,2020,9,14,2020-09-14,True,stable_track_and_apr_sep_and_year_2015_2025,IW,VV|VH,,PRIMARY_VVVH,IW mode with VV+VH; primary homogeneous SAR backbone. Use only support points actually covered by each raster.,,
2020-09-20 05:35:32.218427+00:00,descending,66,S1A_IW_GRDH_1SDV_20200920T053532_20200920T053557_034438_04019B_5BA8_COG,sentinel-1a,2020,9,20,2020-09-20,True,stable_track_and_apr_sep_and_year_2015_2025,IW,VV|VH,,PRIMARY_VVVH,IW mode with VV+VH; primary homogeneous SAR backbone. Use only support points actually covered by each raster.,,
2020-09-20 05:35:32.920635+00:00,descending,66,S1A_IW_GRDH_1SDV_20200920T053532_20200920T053557_034438_04019B_C23A_COG,sentinel-1a,2020,9,20,2020-09-20,True,stable_track_and_apr_sep_and_year_2015_2025,IW,VV|VH,,PRIMARY_VVVH,IW mode with VV+VH; primary homogeneous SAR backbone. Use only support points actually covered by each raster.,,
2020-09-20 05:35:57.217632+00:00,descending,66,S1A_IW_GRDH_1SDV_20200920T053557_20200920T053622_034438_04019B_AAF8_COG,sentinel-1a,2020,9,20,2020-09-20,True,stable_track_and_apr_sep_and_year_2015_2025,IW,VV|VH,,PRIMARY_VVVH,IW mode with VV+VH; primary homogeneous SAR backbone. Use only support points actually covered by each raster.,,
2020-09-20 05:35:57.921500+00:00,descending,66,S1A_IW_GRDH_1SDV_20200920T053557_20200920T053622_034438_04019B_B857_COG,sentinel-1a,2020,9,20,2020-09-20,True,stable_track_and_apr_sep_and_year_2015_2025,IW,VV|VH,,PRIMARY_VVVH,IW mode with VV+VH; primary homogeneous SAR backbone. Use only support points actually covered by each raster.,,
2020-09-26 05:34:50.862211+00:00,descending,66,S1B_IW_GRDH_1SDV_20200926T053450_20200926T053515_023542_02CB9A_7C68_COG,sentinel-1b,2020,9,26,2020-09-26,True,stable_track_and_apr_sep_and_year_2015_2025,IW,VV|VH,,PRIMARY_VVVH,IW mode with VV+VH; primary homogeneous SAR backbone. Use only support points actually covered by each raster.,,
2020-09-26 05:34:58.788253+00:00,descending,66,S1B_IW_GRDH_1SDV_20200926T053458_20200926T053523_023542_02CB9A_07E0_COG,sentinel-1b,2020,9,26,2020-09-26,True,stable_track_and_apr_sep_and_year_2015_2025,IW,VV|VH,,PRIMARY_VVVH,IW mode with VV+VH; primary homogeneous SAR backbone. Use only support points actually covered by each raster.,,
2020-09-26 05:35:15.861360+00:00,descending,66,S1B_IW_GRDH_1SDV_20200926T053515_20200926T053540_023542_02CB9A_4485_COG,sentinel-1b,2020,9,26,2020-09-26,True,stable_track_and_apr_sep_and_year_2015_2025,IW,VV|VH,,PRIMARY_VVVH,IW mode with VV+VH; primary homogeneous SAR backbone. Use only support points actually covered by each raster.,,
2020-04-06 05:26:29.092131+00:00,descending,168,S1B_IW_GRDH_1SDV_20200406T052629_20200406T052654_021019_027DF4_4B50_COG,sentinel-1b,2020,4,6,2020-04-06,True,stable_track_and_apr_sep_and_year_2015_2025,IW,VV|VH,,PRIMARY_VVVH,IW mode with VV+VH; primary homogeneous SAR backbone. Use only support points actually covered by each raster.,,
2020-04-06 05:26:29.092131+00:00,descending,168,S1B_IW_GRDH_1SDV_20200406T052629_20200406T052654_021019_027DF4_5672_COG,sentinel-1b,2020,4,6,2020-04-06,True,stable_track_and_apr_sep_and_year_2015_2025,IW,VV|VH,,PRIMARY_VVVH,IW mode with VV+VH; primary homogeneous SAR backbone. Use only support points actually covered by each raster.,,
2020-04-06 05:26:54.092849+00:00,descending,168,S1B_IW_GRDH_1SDV_20200406T052654_20200406T052719_021019_027DF4_0EF8_COG,sentinel-1b,2020,4,6,2020-04-06,True,stable_track_and_apr_sep_and_year_2015_2025,IW,VV|VH,,PRIMARY_VVVH,IW mode with VV+VH; primary homogeneous SAR backbone. Use only support points actually covered by each raster.,,
2020-04-06 05:26:54.092849+00:00,descending,168,S1B_IW_GRDH_1SDV_20200406T052654_20200406T052719_021019_027DF4_9756_COG,sentinel-1b,2020,4,6,2020-04-06,True,stable_track_and_apr_sep_and_year_2015_2025,IW,VV|VH,,PRIMARY_VVVH,IW mode with VV+VH; primary homogeneous SAR backbone. Use only support points actually covered by each raster.,,
2020-04-12 05:27:05.943601+00:00,descending,168,S1A_IW_GRDH_1SDV_20200412T052705_20200412T052730_032090_03B56C_D975_COG,sentinel-1a,2020,4,12,2020-04-12,True,stable_track_and_apr_sep_and_year_2015_2025,IW,VV|VH,,PRIMARY_VVVH,IW mode with VV+VH; primary homogeneous SAR backbone. Use only support points actually covered by each raster.,,
2020-04-12 05:27:10.782918+00:00,descending,168,S1A_IW_GRDH_1SDV_20200412T052710_20200412T052735_032090_03B56C_CFEF_COG,sentinel-1a,2020,4,12,2020-04-12,True,stable_track_and_apr_sep_and_year_2015_2025,IW,VV|VH,,PRIMARY_VVVH,IW mode with VV+VH; primary homogeneous SAR backbone. Use only support points actually covered by each raster.,,
2020-04-12 05:27:30.944457+00:00,descending,168,S1A_IW_GRDH_1SDV_20200412T052730_20200412T052755_032090_03B56C_BFA4_COG,sentinel-1a,2020,4,12,2020-04-12,True,stable_track_and_apr_sep_and_year_2015_2025,IW,VV|VH,,PRIMARY_VVVH,IW mode with VV+VH; primary homogeneous SAR backbone. Use only support points actually covered by each raster.,,
2020-04-12 05:27:35.783644+00:00,descending,168,S1A_IW_GRDH_1SDV_20200412T052735_20200412T052800_032090_03B56C_3202_COG,sentinel-1a,2020,4,12,2020-04-12,True,stable_track_and_apr_sep_and_year_2015_2025,IW,VV|VH,,PRIMARY_VVVH,IW mode with VV+VH; primary homogeneous SAR backbone. Use only support points actually covered by each raster.,,
2020-04-18 05:26:35.287493+00:00,descending,168,S1B_IW_GRDH_1SDV_20200418T052635_20200418T052700_021194_02837E_53FB_COG,sentinel-1b,2020,4,18,2020-04-18,True,stable_track_and_apr_sep_and_year_2015_2025,IW,VV|VH,,PRIMARY_VVVH,IW mode with VV+VH; primary homogeneous SAR backbone. Use only support points actually covered by each raster.,,
2020-04-18 05:26:35.287493+00:00,descending,168,S1B_IW_GRDH_1SDV_20200418T052635_20200418T052700_021194_02837E_716D_COG,sentinel-1b,2020,4,18,2020-04-18,True,stable_track_and_apr_sep_and_year_2015_2025,IW,VV|VH,,PRIMARY_VVVH,IW mode with VV+VH; primary homogeneous SAR backbone. Use only support points actually covered by each raster.,,
2020-04-18 05:27:00.287466+00:00,descending,168,S1B_IW_GRDH_1SDV_20200418T052700_20200418T052725_021194_02837E_0B0E_COG,sentinel-1b,2020,4,18,2020-04-18,True,stable_track_and_apr_sep_and_year_2015_2025,IW,VV|VH,,PRIMARY_VVVH,IW mode with VV+VH; primary homogeneous SAR backbone. Use only support points actually covered by each raster.,,
2020-04-18 05:27:00.287466+00:00,descending,168,S1B_IW_GRDH_1SDV_20200418T052700_20200418T052725_021194_02837E_D926_COG,sentinel-1b,2020,4,18,2020-04-18,True,stable_track_and_apr_sep_and_year_2015_2025,IW,VV|VH,,PRIMARY_VVVH,IW mode with VV+VH; primary homogeneous SAR backbone. Use only support points actually covered by each raster.,,
2020-04-24 05:27:05.904143+00:00,descending,168,S1A_IW_GRDH_1SDV_20200424T052705_20200424T052730_032265_03BB90_C075_COG,sentinel-1a,2020,4,24,2020-04-24,True,stable_track_and_apr_sep_and_year_2015_2025,IW,VV|VH,,PRIMARY_VVVH,IW mode with VV+VH; primary homogeneous SAR backbone. Use only support points actually covered by each raster.,,
2020-04-24 05:27:11.285700+00:00,descending,168,S1A_IW_GRDH_1SDV_20200424T052711_20200424T052736_032265_03BB90_50C9_COG,sentinel-1a,2020,4,24,2020-04-24,True,stable_track_and_apr_sep_and_year_2015_2025,IW,VV|VH,,PRIMARY_VVVH,IW mode with VV+VH; primary homogeneous SAR backbone. Use only support points actually covered by each raster.,,
2020-04-24 05:27:30.903614+00:00,descending,168,S1A_IW_GRDH_1SDV_20200424T052730_20200424T052755_032265_03BB90_8D0D_COG,sentinel-1a,2020,4,24,2020-04-24,True,stable_track_and_apr_sep_and_year_2015_2025,IW,VV|VH,,PRIMARY_VVVH,IW mode with VV+VH; primary homogeneous SAR backbone. Use only support points actually covered by each raster.,,
2020-04-24 05:27:36.286495+00:00,descending,168,S1A_IW_GRDH_1SDV_20200424T052736_20200424T052801_032265_03BB90_22BA_COG,sentinel-1a,2020,4,24,2020-04-24,True,stable_track_and_apr_sep_and_year_2015_2025,IW,VV|VH,,PRIMARY_VVVH,IW mode with VV+VH; primary homogeneous SAR backbone. Use only support points actually covered by each raster.,,
2020-04-30 05:26:35.865761+00:00,descending,168,S1B_IW_GRDH_1SDV_20200430T052635_20200430T052700_021369_028901_9B88_COG,sentinel-1b,2020,4,30,2020-04-30,True,stable_track_and_apr_sep_and_year_2015_2025,IW,VV|VH,,PRIMARY_VVVH,IW mode with VV+VH; primary homogeneous SAR backbone. Use only support points actually covered by each raster.,,
2020-04-30 05:26:35.865762+00:00,descending,168,S1B_IW_GRDH_1SDV_20200430T052635_20200430T052700_021369_028901_75FF_COG,sentinel-1b,2020,4,30,2020-04-30,True,stable_track_and_apr_sep_and_year_2015_2025,IW,VV|VH,,PRIMARY_VVVH,IW mode with VV+VH; primary homogeneous SAR backbone. Use only support points actually covered by each raster.,,
2020-04-30 05:27:00.865821+00:00,descending,168,S1B_IW_GRDH_1SDV_20200430T052700_20200430T052725_021369_028901_A448_COG,sentinel-1b,2020,4,30,2020-04-30,True,stable_track_and_apr_sep_and_year_2015_2025,IW,VV|VH,,PRIMARY_VVVH,IW mode with VV+VH; primary homogeneous SAR backbone. Use only support points actually covered by each raster.,,
2020-04-30 05:27:00.865822+00:00,descending,168,S1B_IW_GRDH_1SDV_20200430T052700_20200430T052725_021369_028901_30D0_COG,sentinel-1b,2020,4,30,2020-04-30,True,stable_track_and_apr_sep_and_year_2015_2025,IW,VV|VH,,PRIMARY_VVVH,IW mode with VV+VH; primary homogeneous SAR backbone. Use only support points actually covered by each raster.,,
2020-05-06 05:27:06.893861+00:00,descending,168,S1A_IW_GRDH_1SDV_20200506T052706_20200506T052731_032440_03C1BA_DB84_COG,sentinel-1a,2020,5,6,2020-05-06,True,stable_track_and_apr_sep_and_year_2015_2025,IW,VV|VH,,PRIMARY_VVVH,IW mode with VV+VH; primary homogeneous SAR backbone. Use only support points actually covered by each raster.,,
2020-05-06 05:27:11.776943+00:00,descending,168,S1A_IW_GRDH_1SDV_20200506T052711_20200506T052736_032440_03C1BA_B73B_COG,sentinel-1a,2020,5,6,2020-05-06,True,stable_track_and_apr_sep_and_year_2015_2025,IW,VV|VH,,PRIMARY_VVVH,IW mode with VV+VH; primary homogeneous SAR backbone. Use only support points actually covered by each raster.,,
2020-05-06 05:27:31.894735+00:00,descending,168,S1A_IW_GRDH_1SDV_20200506T052731_20200506T052756_032440_03C1BA_F6E8_COG,sentinel-1a,2020,5,6,2020-05-06,True,stable_track_and_apr_sep_and_year_2015_2025,IW,VV|VH,,PRIMARY_VVVH,IW mode with VV+VH; primary homogeneous SAR backbone. Use only support points actually covered by each raster.,,
2020-05-06 05:27:36.776194+00:00,descending,168,S1A_IW_GRDH_1SDV_20200506T052736_20200506T052801_032440_03C1BA_804C_COG,sentinel-1a,2020,5,6,2020-05-06,True,stable_track_and_apr_sep_and_year_2015_2025,IW,VV|VH,,PRIMARY_VVVH,IW mode with VV+VH; primary homogeneous SAR backbone. Use only support points actually covered by each raster.,,
2020-05-12 05:26:36.241292+00:00,descending,168,S1B_IW_GRDH_1SDV_20200512T052636_20200512T052701_021544_028E77_29AA_COG,sentinel-1b,2020,5,12,2020-05-12,True,stable_track_and_apr_sep_and_year_2015_2025,IW,VV|VH,,PRIMARY_VVVH,IW mode with VV+VH; primary homogeneous SAR backbone. Use only support points actually covered by each raster.,,
2020-05-12 05:26:36.241292+00:00,descending,168,S1B_IW_GRDH_1SDV_20200512T052636_20200512T052701_021544_028E77_5F98_COG,sentinel-1b,2020,5,12,2020-05-12,True,stable_track_and_apr_sep_and_year_2015_2025,IW,VV|VH,,PRIMARY_VVVH,IW mode with VV+VH; primary homogeneous SAR backbone. Use only support points actually covered by each raster.,,
2020-05-12 05:27:01.241343+00:00,descending,168,S1B_IW_GRDH_1SDV_20200512T052701_20200512T052726_021544_028E77_D27C_COG,sentinel-1b,2020,5,12,2020-05-12,True,stable_track_and_apr_sep_and_year_2015_2025,IW,VV|VH,,PRIMARY_VVVH,IW mode with VV+VH; primary homogeneous SAR backbone. Use only support points actually covered by each raster.,,
2020-05-12 05:27:01.241343+00:00,descending,168,S1B_IW_GRDH_1SDV_20200512T052701_20200512T052726_021544_028E77_EF0B_COG,sentinel-1b,2020,5,12,2020-05-12,True,stable_track_and_apr_sep_and_year_2015_2025,IW,VV|VH,,PRIMARY_VVVH,IW mode with VV+VH; primary homogeneous SAR backbone. Use only support points actually covered by each raster.,,
2020-05-18 05:27:07.895823+00:00,descending,168,S1A_IW_GRDH_1SDV_20200518T052707_20200518T052732_032615_03C710_3BE6_COG,sentinel-1a,2020,5,18,2020-05-18,True,stable_track_and_apr_sep_and_year_2015_2025,IW,VV|VH,,PRIMARY_VVVH,IW mode with VV+VH; primary homogeneous SAR backbone. Use only support points actually covered by each raster.,,
2020-05-18 05:27:12.597430+00:00,descending,168,S1A_IW_GRDH_1SDV_20200518T052712_20200518T052737_032615_03C710_C1C2_COG,sentinel-1a,2020,5,18,2020-05-18,True,stable_track_and_apr_sep_and_year_2015_2025,IW,VV|VH,,PRIMARY_VVVH,IW mode with VV+VH; primary homogeneous SAR backbone. Use only support points actually covered by each raster.,,
2020-05-18 05:27:32.895159+00:00,descending,168,S1A_IW_GRDH_1SDV_20200518T052732_20200518T052757_032615_03C710_E157_COG,sentinel-1a,2020,5,18,2020-05-18,True,stable_track_and_apr_sep_and_year_2015_2025,IW,VV|VH,,PRIMARY_VVVH,IW mode with VV+VH; primary homogeneous SAR backbone. Use only support points actually covered by each raster.,,
2020-05-18 05:27:37.598149+00:00,descending,168,S1A_IW_GRDH_1SDV_20200518T052737_20200518T052802_032615_03C710_344A_COG,sentinel-1a,2020,5,18,2020-05-18,True,stable_track_and_apr_sep_and_year_2015_2025,IW,VV|VH,,PRIMARY_VVVH,IW mode with VV+VH; primary homogeneous SAR backbone. Use only support points actually covered by each raster.,,
2020-05-24 05:26:25.978960+00:00,descending,168,S1B_IW_GRDH_1SDV_20200524T052625_20200524T052650_021719_029398_3C9E_COG,sentinel-1b,2020,5,24,2020-05-24,True,stable_track_and_apr_sep_and_year_2015_2025,IW,VV|VH,,PRIMARY_VVVH,IW mode with VV+VH; primary homogeneous SAR backbone. Use only support points actually covered by each raster.,,
2020-05-24 05:26:33.501491+00:00,descending,168,S1B_IW_GRDH_1SDV_20200524T052633_20200524T052658_021719_029398_2276_COG,sentinel-1b,2020,5,24,2020-05-24,True,stable_track_and_apr_sep_and_year_2015_2025,IW,VV|VH,,PRIMARY_VVVH,IW mode with VV+VH; primary homogeneous SAR backbone. Use only support points actually covered by each raster.,,
2020-05-24 05:26:50.978561+00:00,descending,168,S1B_IW_GRDH_1SDV_20200524T052650_20200524T052715_021719_029398_9080_COG,sentinel-1b,2020,5,24,2020-05-24,True,stable_track_and_apr_sep_and_year_2015_2025,IW,VV|VH,,PRIMARY_VVVH,IW mode with VV+VH; primary homogeneous SAR backbone. Use only support points actually covered by each raster.,,
2020-05-24 05:26:58.501592+00:00,descending,168,S1B_IW_GRDH_1SDV_20200524T052658_20200524T052723_021719_029398_99F9_COG,sentinel-1b,2020,5,24,2020-05-24,True,stable_track_and_apr_sep_and_year_2015_2025,IW,VV|VH,,PRIMARY_VVVH,IW mode with VV+VH; primary homogeneous SAR backbone. Use only support points actually covered by each raster.,,
2020-05-30 05:27:08.019344+00:00,descending,168,S1A_IW_GRDH_1SDV_20200530T052708_20200530T052733_032790_03CC56_262D_COG,sentinel-1a,2020,5,30,2020-05-30,True,stable_track_and_apr_sep_and_year_2015_2025,IW,VV|VH,,PRIMARY_VVVH,IW mode with VV+VH; primary homogeneous SAR backbone. Use only support points actually covered by each raster.,,
2020-05-30 05:27:13.341542+00:00,descending,168,S1A_IW_GRDH_1SDV_20200530T052713_20200530T052738_032790_03CC56_834D_COG,sentinel-1a,2020,5,30,2020-05-30,True,stable_track_and_apr_sep_and_year_2015_2025,IW,VV|VH,,PRIMARY_VVVH,IW mode with VV+VH; primary homogeneous SAR backbone. Use only support points actually covered by each raster.,,
2020-05-30 05:27:33.018671+00:00,descending,168,S1A_IW_GRDH_1SDV_20200530T052733_20200530T052758_032790_03CC56_BFBE_COG,sentinel-1a,2020,5,30,2020-05-30,True,stable_track_and_apr_sep_and_year_2015_2025,IW,VV|VH,,PRIMARY_VVVH,IW mode with VV+VH; primary homogeneous SAR backbone. Use only support points actually covered by each raster.,,
2020-05-30 05:27:38.340748+00:00,descending,168,S1A_IW_GRDH_1SDV_20200530T052738_20200530T052803_032790_03CC56_5E38_COG,sentinel-1a,2020,5,30,2020-05-30,True,stable_track_and_apr_sep_and_year_2015_2025,IW,VV|VH,,PRIMARY_VVVH,IW mode with VV+VH; primary homogeneous SAR backbone. Use only support points actually covered by each raster.,,
2020-06-05 05:26:34.324058+00:00,descending,168,S1B_IW_GRDH_1SDV_20200605T052634_20200605T052659_021894_0298D7_3A24_COG,sentinel-1b,2020,6,5,2020-06-05,True,stable_track_and_apr_sep_and_year_2015_2025,IW,VV|VH,,PRIMARY_VVVH,IW mode with VV+VH; primary homogeneous SAR backbone. Use only support points actually covered by each raster.,,
2020-06-05 05:26:34.324059+00:00,descending,168,S1B_IW_GRDH_1SDV_20200605T052634_20200605T052659_021894_0298D7_B95D_COG,sentinel-1b,2020,6,5,2020-06-05,True,stable_track_and_apr_sep_and_year_2015_2025,IW,VV|VH,,PRIMARY_VVVH,IW mode with VV+VH; primary homogeneous SAR backbone. Use only support points actually covered by each raster.,,
2020-06-05 05:26:59.324723+00:00,descending,168,S1B_IW_GRDH_1SDV_20200605T052659_20200605T052724_021894_0298D7_FC65_COG,sentinel-1b,2020,6,5,2020-06-05,True,stable_track_and_apr_sep_and_year_2015_2025,IW,VV|VH,,PRIMARY_VVVH,IW mode with VV+VH; primary homogeneous SAR backbone. Use only support points actually covered by each raster.,,
2020-06-05 05:26:59.324724+00:00,descending,168,S1B_IW_GRDH_1SDV_20200605T052659_20200605T052724_021894_0298D7_EEF8_COG,sentinel-1b,2020,6,5,2020-06-05,True,stable_track_and_apr_sep_and_year_2015_2025,IW,VV|VH,,PRIMARY_VVVH,IW mode with VV+VH; primary homogeneous SAR backbone. Use only support points actually covered by each raster.,,
2020-06-11 05:27:08.910364+00:00,descending,168,S1A_IW_GRDH_1SDV_20200611T052708_20200611T052733_032965_03D183_3D6A_COG,sentinel-1a,2020,6,11,2020-06-11,True,stable_track_and_apr_sep_and_year_2015_2025,IW,VV|VH,,PRIMARY_VVVH,IW mode with VV+VH; primary homogeneous SAR backbone. Use only support points actually covered by each raster.,,
2020-06-11 05:27:14.083835+00:00,descending,168,S1A_IW_GRDH_1SDV_20200611T052714_20200611T052739_032965_03D183_2835_COG,sentinel-1a,2020,6,11,2020-06-11,True,stable_track_and_apr_sep_and_year_2015_2025,IW,VV|VH,,PRIMARY_VVVH,IW mode with VV+VH; primary homogeneous SAR backbone. Use only support points actually covered by each raster.,,
2020-06-11 05:27:33.909722+00:00,descending,168,S1A_IW_GRDH_1SDV_20200611T052733_20200611T052758_032965_03D183_2C16_COG,sentinel-1a,2020,6,11,2020-06-11,True,stable_track_and_apr_sep_and_year_2015_2025,IW,VV|VH,,PRIMARY_VVVH,IW mode with VV+VH; primary homogeneous SAR backbone. Use only support points actually covered by each raster.,,
2020-06-11 05:27:39.084561+00:00,descending,168,S1A_IW_GRDH_1SDV_20200611T052739_20200611T052804_032965_03D183_7B00_COG,sentinel-1a,2020,6,11,2020-06-11,True,stable_track_and_apr_sep_and_year_2015_2025,IW,VV|VH,,PRIMARY_VVVH,IW mode with VV+VH; primary homogeneous SAR backbone. Use only support points actually covered by each raster.,,
2020-06-17 05:26:26.627880+00:00,descending,168,S1B_IW_GRDH_1SDV_20200617T052626_20200617T052651_022069_029E24_E519_COG,sentinel-1b,2020,6,17,2020-06-17,True,stable_track_and_apr_sep_and_year_2015_2025,IW,VV|VH,,PRIMARY_VVVH,IW mode with VV+VH; primary homogeneous SAR backbone. Use only support points actually covered by each raster.,,
2020-06-17 05:26:34.864754+00:00,descending,168,S1B_IW_GRDH_1SDV_20200617T052634_20200617T052659_022069_029E24_B6EA_COG,sentinel-1b,2020,6,17,2020-06-17,True,stable_track_and_apr_sep_and_year_2015_2025,IW,VV|VH,,PRIMARY_VVVH,IW mode with VV+VH; primary homogeneous SAR backbone. Use only support points actually covered by each raster.,,
2020-06-17 05:26:51.627441+00:00,descending,168,S1B_IW_GRDH_1SDV_20200617T052651_20200617T052716_022069_029E24_1BA6_COG,sentinel-1b,2020,6,17,2020-06-17,True,stable_track_and_apr_sep_and_year_2015_2025,IW,VV|VH,,PRIMARY_VVVH,IW mode with VV+VH; primary homogeneous SAR backbone. Use only support points actually covered by each raster.,,
2020-06-17 05:26:59.864821+00:00,descending,168,S1B_IW_GRDH_1SDV_20200617T052659_20200617T052724_022069_029E24_A31E_COG,sentinel-1b,2020,6,17,2020-06-17,True,stable_track_and_apr_sep_and_year_2015_2025,IW,VV|VH,,PRIMARY_VVVH,IW mode with VV+VH; primary homogeneous SAR backbone. Use only support points actually covered by each raster.,,
2020-06-23 05:27:09.967108+00:00,descending,168,S1A_IW_GRDH_1SDV_20200623T052709_20200623T052734_033140_03D6D5_8DFE_COG,sentinel-1a,2020,6,23,2020-06-23,True,stable_track_and_apr_sep_and_year_2015_2025,IW,VV|VH,,PRIMARY_VVVH,IW mode with VV+VH; primary homogeneous SAR backbone. Use only support points actually covered by each raster.,,
2020-06-23 05:27:14.768482+00:00,descending,168,S1A_IW_GRDH_1SDV_20200623T052714_20200623T052739_033140_03D6D5_79B2_COG,sentinel-1a,2020,6,23,2020-06-23,True,stable_track_and_apr_sep_and_year_2015_2025,IW,VV|VH,,PRIMARY_VVVH,IW mode with VV+VH; primary homogeneous SAR backbone. Use only support points actually covered by each raster.,,
2020-06-23 05:27:34.966412+00:00,descending,168,S1A_IW_GRDH_1SDV_20200623T052734_20200623T052759_033140_03D6D5_C9BA_COG,sentinel-1a,2020,6,23,2020-06-23,True,stable_track_and_apr_sep_and_year_2015_2025,IW,VV|VH,,PRIMARY_VVVH,IW mode with VV+VH; primary homogeneous SAR backbone. Use only support points actually covered by each raster.,,
2020-06-23 05:27:39.767684+00:00,descending,168,S1A_IW_GRDH_1SDV_20200623T052739_20200623T052804_033140_03D6D5_A92E_COG,sentinel-1a,2020,6,23,2020-06-23,True,stable_track_and_apr_sep_and_year_2015_2025,IW,VV|VH,,PRIMARY_VVVH,IW mode with VV+VH; primary homogeneous SAR backbone. Use only support points actually covered by each raster.,,
2020-06-29 05:26:27.996928+00:00,descending,168,S1B_IW_GRDH_1SDV_20200629T052627_20200629T052652_022244_02A37D_4350_COG,sentinel-1b,2020,6,29,2020-06-29,True,stable_track_and_apr_sep_and_year_2015_2025,IW,VV|VH,,PRIMARY_VVVH,IW mode with VV+VH; primary homogeneous SAR backbone. Use only support points actually covered by each raster.,,
2020-06-29 05:26:35.528371+00:00,descending,168,S1B_IW_GRDH_1SDV_20200629T052635_20200629T052700_022244_02A37D_9D6D_COG,sentinel-1b,2020,6,29,2020-06-29,True,stable_track_and_apr_sep_and_year_2015_2025,IW,VV|VH,,PRIMARY_VVVH,IW mode with VV+VH; primary homogeneous SAR backbone. Use only support points actually covered by each raster.,,
2020-06-29 05:26:52.996488+00:00,descending,168,S1B_IW_GRDH_1SDV_20200629T052652_20200629T052717_022244_02A37D_C0FB_COG,sentinel-1b,2020,6,29,2020-06-29,True,stable_track_and_apr_sep_and_year_2015_2025,IW,VV|VH,,PRIMARY_VVVH,IW mode with VV+VH; primary homogeneous SAR backbone. Use only support points actually covered by each raster.,,
2020-06-29 05:27:00.528439+00:00,descending,168,S1B_IW_GRDH_1SDV_20200629T052700_20200629T052725_022244_02A37D_5820_COG,sentinel-1b,2020,6,29,2020-06-29,True,stable_track_and_apr_sep_and_year_2015_2025,IW,VV|VH,,PRIMARY_VVVH,IW mode with VV+VH; primary homogeneous SAR backbone. Use only support points actually covered by each raster.,,
2020-07-05 05:27:10.043497+00:00,descending,168,S1A_IW_GRDH_1SDV_20200705T052710_20200705T052735_033315_03DC22_AA93_COG,sentinel-1a,2020,7,5,2020-07-05,True,stable_track_and_apr_sep_and_year_2015_2025,IW,VV|VH,,PRIMARY_VVVH,IW mode with VV+VH; primary homogeneous SAR backbone. Use only support points actually covered by each raster.,,
2020-07-05 05:27:15.317625+00:00,descending,168,S1A_IW_GRDH_1SDV_20200705T052715_20200705T052740_033315_03DC22_8B5D_COG,sentinel-1a,2020,7,5,2020-07-05,True,stable_track_and_apr_sep_and_year_2015_2025,IW,VV|VH,,PRIMARY_VVVH,IW mode with VV+VH; primary homogeneous SAR backbone. Use only support points actually covered by each raster.,,
2020-07-05 05:27:35.044227+00:00,descending,168,S1A_IW_GRDH_1SDV_20200705T052735_20200705T052800_033315_03DC22_29F5_COG,sentinel-1a,2020,7,5,2020-07-05,True,stable_track_and_apr_sep_and_year_2015_2025,IW,VV|VH,,PRIMARY_VVVH,IW mode with VV+VH; primary homogeneous SAR backbone. Use only support points actually covered by each raster.,,
2020-07-05 05:27:40.318215+00:00,descending,168,S1A_IW_GRDH_1SDV_20200705T052740_20200705T052805_033315_03DC22_8E7F_COG,sentinel-1a,2020,7,5,2020-07-05,True,stable_track_and_apr_sep_and_year_2015_2025,IW,VV|VH,,PRIMARY_VVVH,IW mode with VV+VH; primary homogeneous SAR backbone. Use only support points actually covered by each raster.,,
2020-07-11 05:26:28.913870+00:00,descending,168,S1B_IW_GRDH_1SDV_20200711T052628_20200711T052653_022419_02A8D0_DFAF_COG,sentinel-1b,2020,7,11,2020-07-11,True,stable_track_and_apr_sep_and_year_2015_2025,IW,VV|VH,,PRIMARY_VVVH,IW mode with VV+VH; primary homogeneous SAR backbone. Use only support points actually covered by each raster.,,
2020-07-11 05:26:36.291365+00:00,descending,168,S1B_IW_GRDH_1SDV_20200711T052636_20200711T052701_022419_02A8D0_129B_COG,sentinel-1b,2020,7,11,2020-07-11,True,stable_track_and_apr_sep_and_year_2015_2025,IW,VV|VH,,PRIMARY_VVVH,IW mode with VV+VH; primary homogeneous SAR backbone. Use only support points actually covered by each raster.,,
2020-07-11 05:26:53.914886+00:00,descending,168,S1B_IW_GRDH_1SDV_20200711T052653_20200711T052718_022419_02A8D0_2E55_COG,sentinel-1b,2020,7,11,2020-07-11,True,stable_track_and_apr_sep_and_year_2015_2025,IW,VV|VH,,PRIMARY_VVVH,IW mode with VV+VH; primary homogeneous SAR backbone. Use only support points actually covered by each raster.,,
2020-07-11 05:27:01.291340+00:00,descending,168,S1B_IW_GRDH_1SDV_20200711T052701_20200711T052726_022419_02A8D0_AEAF_COG,sentinel-1b,2020,7,11,2020-07-11,True,stable_track_and_apr_sep_and_year_2015_2025,IW,VV|VH,,PRIMARY_VVVH,IW mode with VV+VH; primary homogeneous SAR backbone. Use only support points actually covered by each raster.,,
2020-07-17 05:27:10.980645+00:00,descending,168,S1A_IW_GRDH_1SDV_20200717T052710_20200717T052735_033490_03E17A_CBAD_COG,sentinel-1a,2020,7,17,2020-07-17,True,stable_track_and_apr_sep_and_year_2015_2025,IW,VV|VH,,PRIMARY_VVVH,IW mode with VV+VH; primary homogeneous SAR backbone. Use only support points actually covered by each raster.,,
2020-07-17 05:27:16.053320+00:00,descending,168,S1A_IW_GRDH_1SDV_20200717T052716_20200717T052741_033490_03E17A_E443_COG,sentinel-1a,2020,7,17,2020-07-17,True,stable_track_and_apr_sep_and_year_2015_2025,IW,VV|VH,,PRIMARY_VVVH,IW mode with VV+VH; primary homogeneous SAR backbone. Use only support points actually covered by each raster.,,
2020-07-17 05:27:35.979967+00:00,descending,168,S1A_IW_GRDH_1SDV_20200717T052735_20200717T052800_033490_03E17A_A7DC_COG,sentinel-1a,2020,7,17,2020-07-17,True,stable_track_and_apr_sep_and_year_2015_2025,IW,VV|VH,,PRIMARY_VVVH,IW mode with VV+VH; primary homogeneous SAR backbone. Use only support points actually covered by each raster.,,
2020-07-17 05:27:41.054032+00:00,descending,168,S1A_IW_GRDH_1SDV_20200717T052741_20200717T052806_033490_03E17A_0A22_COG,sentinel-1a,2020,7,17,2020-07-17,True,stable_track_and_apr_sep_and_year_2015_2025,IW,VV|VH,,PRIMARY_VVVH,IW mode with VV+VH; primary homogeneous SAR backbone. Use only support points actually covered by each raster.,,
2020-07-23 05:26:28.953970+00:00,descending,168,S1B_IW_GRDH_1SDV_20200723T052628_20200723T052653_022594_02AE21_7D1E_COG,sentinel-1b,2020,7,23,2020-07-23,True,stable_track_and_apr_sep_and_year_2015_2025,IW,VV|VH,,PRIMARY_VVVH,IW mode with VV+VH; primary homogeneous SAR backbone. Use only support points actually covered by each raster.,,
2020-07-23 05:26:36.915445+00:00,descending,168,S1B_IW_GRDH_1SDV_20200723T052636_20200723T052701_022594_02AE21_E825_COG,sentinel-1b,2020,7,23,2020-07-23,True,stable_track_and_apr_sep_and_year_2015_2025,IW,VV|VH,,PRIMARY_VVVH,IW mode with VV+VH; primary homogeneous SAR backbone. Use only support points actually covered by each raster.,,
2020-07-23 05:26:53.953596+00:00,descending,168,S1B_IW_GRDH_1SDV_20200723T052653_20200723T052718_022594_02AE21_77D7_COG,sentinel-1b,2020,7,23,2020-07-23,True,stable_track_and_apr_sep_and_year_2015_2025,IW,VV|VH,,PRIMARY_VVVH,IW mode with VV+VH; primary homogeneous SAR backbone. Use only support points actually covered by each raster.,,
2020-07-23 05:27:01.915566+00:00,descending,168,S1B_IW_GRDH_1SDV_20200723T052701_20200723T052726_022594_02AE21_2758_COG,sentinel-1b,2020,7,23,2020-07-23,True,stable_track_and_apr_sep_and_year_2015_2025,IW,VV|VH,,PRIMARY_VVVH,IW mode with VV+VH; primary homogeneous SAR backbone. Use only support points actually covered by each raster.,,
2020-07-29 05:27:11.929311+00:00,descending,168,S1A_IW_GRDH_1SDV_20200729T052711_20200729T052736_033665_03E6D8_062E_COG,sentinel-1a,2020,7,29,2020-07-29,True,stable_track_and_apr_sep_and_year_2015_2025,IW,VV|VH,,PRIMARY_VVVH,IW mode with VV+VH; primary homogeneous SAR backbone. Use only support points actually covered by each raster.,,
2020-07-29 05:27:17.000646+00:00,descending,168,S1A_IW_GRDH_1SDV_20200729T052717_20200729T052741_033665_03E6D8_FDB1_COG,sentinel-1a,2020,7,29,2020-07-29,True,stable_track_and_apr_sep_and_year_2015_2025,IW,VV|VH,,PRIMARY_VVVH,IW mode with VV+VH; primary homogeneous SAR backbone. Use only support points actually covered by each raster.,,
2020-07-29 05:27:36.928666+00:00,descending,168,S1A_IW_GRDH_1SDV_20200729T052736_20200729T052801_033665_03E6D8_7407_COG,sentinel-1a,2020,7,29,2020-07-29,True,stable_track_and_apr_sep_and_year_2015_2025,IW,VV|VH,,PRIMARY_VVVH,IW mode with VV+VH; primary homogeneous SAR backbone. Use only support points actually covered by each raster.,,
2020-07-29 05:27:41.999825+00:00,descending,168,S1A_IW_GRDH_1SDV_20200729T052741_20200729T052806_033665_03E6D8_549F_COG,sentinel-1a,2020,7,29,2020-07-29,True,stable_track_and_apr_sep_and_year_2015_2025,IW,VV|VH,,PRIMARY_VVVH,IW mode with VV+VH; primary homogeneous SAR backbone. Use only support points actually covered by each raster.,,
2020-08-04 05:26:29.792090+00:00,descending,168,S1B_IW_GRDH_1SDV_20200804T052629_20200804T052654_022769_02B36C_2A7D_COG,sentinel-1b,2020,8,4,2020-08-04,True,stable_track_and_apr_sep_and_year_2015_2025,IW,VV|VH,,PRIMARY_VVVH,IW mode with VV+VH; primary homogeneous SAR backbone. Use only support points actually covered by each raster.,,
2020-08-04 05:26:37.817550+00:00,descending,168,S1B_IW_GRDH_1SDV_20200804T052637_20200804T052702_022769_02B36C_7383_COG,sentinel-1b,2020,8,4,2020-08-04,True,stable_track_and_apr_sep_and_year_2015_2025,IW,VV|VH,,PRIMARY_VVVH,IW mode with VV+VH; primary homogeneous SAR backbone. Use only support points actually covered by each raster.,,
2020-08-04 05:26:54.791669+00:00,descending,168,S1B_IW_GRDH_1SDV_20200804T052654_20200804T052719_022769_02B36C_9ABE_COG,sentinel-1b,2020,8,4,2020-08-04,True,stable_track_and_apr_sep_and_year_2015_2025,IW,VV|VH,,PRIMARY_VVVH,IW mode with VV+VH; primary homogeneous SAR backbone. Use only support points actually covered by each raster.,,
2020-08-04 05:27:02.817633+00:00,descending,168,S1B_IW_GRDH_1SDV_20200804T052702_20200804T052727_022769_02B36C_28DE_COG,sentinel-1b,2020,8,4,2020-08-04,True,stable_track_and_apr_sep_and_year_2015_2025,IW,VV|VH,,PRIMARY_VVVH,IW mode with VV+VH; primary homogeneous SAR backbone. Use only support points actually covered by each raster.,,
2020-08-10 05:27:12.971515+00:00,descending,168,S1A_IW_GRDH_1SDV_20200810T052712_20200810T052737_033840_03EC7E_D41C_COG,sentinel-1a,2020,8,10,2020-08-10,True,stable_track_and_apr_sep_and_year_2015_2025,IW,VV|VH,,PRIMARY_VVVH,IW mode with VV+VH; primary homogeneous SAR backbone. Use only support points actually covered by each raster.,,
2020-08-10 05:27:17.569921+00:00,descending,168,S1A_IW_GRDH_1SDV_20200810T052717_20200810T052742_033840_03EC7E_670A_COG,sentinel-1a,2020,8,10,2020-08-10,True,stable_track_and_apr_sep_and_year_2015_2025,IW,VV|VH,,PRIMARY_VVVH,IW mode with VV+VH; primary homogeneous SAR backbone. Use only support points actually covered by each raster.,,
2020-08-10 05:27:37.971732+00:00,descending,168,S1A_IW_GRDH_1SDV_20200810T052737_20200810T052802_033840_03EC7E_3123_COG,sentinel-1a,2020,8,10,2020-08-10,True,stable_track_and_apr_sep_and_year_2015_2025,IW,VV|VH,,PRIMARY_VVVH,IW mode with VV+VH; primary homogeneous SAR backbone. Use only support points actually covered by each raster.,,
2020-08-10 05:27:42.570595+00:00,descending,168,S1A_IW_GRDH_1SDV_20200810T052742_20200810T052807_033840_03EC7E_A363_COG,sentinel-1a,2020,8,10,2020-08-10,True,stable_track_and_apr_sep_and_year_2015_2025,IW,VV|VH,,PRIMARY_VVVH,IW mode with VV+VH; primary homogeneous SAR backbone. Use only support points actually covered by each raster.,,
2020-08-16 05:26:30.559497+00:00,descending,168,S1B_IW_GRDH_1SDV_20200816T052630_20200816T052655_022944_02B8D4_53D7_COG,sentinel-1b,2020,8,16,2020-08-16,True,stable_track_and_apr_sep_and_year_2015_2025,IW,VV|VH,,PRIMARY_VVVH,IW mode with VV+VH; primary homogeneous SAR backbone. Use only support points actually covered by each raster.,,
2020-08-16 05:26:38.443375+00:00,descending,168,S1B_IW_GRDH_1SDV_20200816T052638_20200816T052703_022944_02B8D4_F8DB_COG,sentinel-1b,2020,8,16,2020-08-16,True,stable_track_and_apr_sep_and_year_2015_2025,IW,VV|VH,,PRIMARY_VVVH,IW mode with VV+VH; primary homogeneous SAR backbone. Use only support points actually covered by each raster.,,
2020-08-16 05:26:55.560515+00:00,descending,168,S1B_IW_GRDH_1SDV_20200816T052655_20200816T052720_022944_02B8D4_7B93_COG,sentinel-1b,2020,8,16,2020-08-16,True,stable_track_and_apr_sep_and_year_2015_2025,IW,VV|VH,,PRIMARY_VVVH,IW mode with VV+VH; primary homogeneous SAR backbone. Use only support points actually covered by each raster.,,
2020-08-16 05:27:03.443405+00:00,descending,168,S1B_IW_GRDH_1SDV_20200816T052703_20200816T052728_022944_02B8D4_5847_COG,sentinel-1b,2020,8,16,2020-08-16,True,stable_track_and_apr_sep_and_year_2015_2025,IW,VV|VH,,PRIMARY_VVVH,IW mode with VV+VH; primary homogeneous SAR backbone. Use only support points actually covered by each raster.,,
2020-08-22 05:27:12.841709+00:00,descending,168,S1A_IW_GRDH_1SDV_20200822T052712_20200822T052737_034015_03F2A9_B52A_COG,sentinel-1a,2020,8,22,2020-08-22,True,stable_track_and_apr_sep_and_year_2015_2025,IW,VV|VH,,PRIMARY_VVVH,IW mode with VV+VH; primary homogeneous SAR backbone. Use only support points actually covered by each raster.,,
2020-08-22 05:27:18.224584+00:00,descending,168,S1A_IW_GRDH_1SDV_20200822T052718_20200822T052743_034015_03F2A9_ABDB_COG,sentinel-1a,2020,8,22,2020-08-22,True,stable_track_and_apr_sep_and_year_2015_2025,IW,VV|VH,,PRIMARY_VVVH,IW mode with VV+VH; primary homogeneous SAR backbone. Use only support points actually covered by each raster.,,
2020-08-22 05:27:37.840965+00:00,descending,168,S1A_IW_GRDH_1SDV_20200822T052737_20200822T052802_034015_03F2A9_E236_COG,sentinel-1a,2020,8,22,2020-08-22,True,stable_track_and_apr_sep_and_year_2015_2025,IW,VV|VH,,PRIMARY_VVVH,IW mode with VV+VH; primary homogeneous SAR backbone. Use only support points actually covered by each raster.,,
2020-08-22 05:27:43.225246+00:00,descending,168,S1A_IW_GRDH_1SDV_20200822T052743_20200822T052808_034015_03F2A9_A502_COG,sentinel-1a,2020,8,22,2020-08-22,True,stable_track_and_apr_sep_and_year_2015_2025,IW,VV|VH,,PRIMARY_VVVH,IW mode with VV+VH; primary homogeneous SAR backbone. Use only support points actually covered by each raster.,,
2020-08-28 05:26:31.805384+00:00,descending,168,S1B_IW_GRDH_1SDV_20200828T052631_20200828T052656_023119_02BE55_C078_COG,sentinel-1b,2020,8,28,2020-08-28,True,stable_track_and_apr_sep_and_year_2015_2025,IW,VV|VH,,PRIMARY_VVVH,IW mode with VV+VH; primary homogeneous SAR backbone. Use only support points actually covered by each raster.,,
2020-08-28 05:26:39.271404+00:00,descending,168,S1B_IW_GRDH_1SDV_20200828T052639_20200828T052704_023119_02BE55_2D3B_COG,sentinel-1b,2020,8,28,2020-08-28,True,stable_track_and_apr_sep_and_year_2015_2025,IW,VV|VH,,PRIMARY_VVVH,IW mode with VV+VH; primary homogeneous SAR backbone. Use only support points actually covered by each raster.,,
2020-08-28 05:26:56.804946+00:00,descending,168,S1B_IW_GRDH_1SDV_20200828T052656_20200828T052721_023119_02BE55_5AF3_COG,sentinel-1b,2020,8,28,2020-08-28,True,stable_track_and_apr_sep_and_year_2015_2025,IW,VV|VH,,PRIMARY_VVVH,IW mode with VV+VH; primary homogeneous SAR backbone. Use only support points actually covered by each raster.,,
2020-08-28 05:27:04.271482+00:00,descending,168,S1B_IW_GRDH_1SDV_20200828T052704_20200828T052729_023119_02BE55_F3B8_COG,sentinel-1b,2020,8,28,2020-08-28,True,stable_track_and_apr_sep_and_year_2015_2025,IW,VV|VH,,PRIMARY_VVVH,IW mode with VV+VH; primary homogeneous SAR backbone. Use only support points actually covered by each raster.,,
2020-09-03 05:27:13.879823+00:00,descending,168,S1A_IW_GRDH_1SDV_20200903T052713_20200903T052738_034190_03F8CD_6DF6_COG,sentinel-1a,2020,9,3,2020-09-03,True,stable_track_and_apr_sep_and_year_2015_2025,IW,VV|VH,,PRIMARY_VVVH,IW mode with VV+VH; primary homogeneous SAR backbone. Use only support points actually covered by each raster.,,
2020-09-03 05:27:18.821982+00:00,descending,168,S1A_IW_GRDH_1SDV_20200903T052718_20200903T052743_034190_03F8CD_0E68_COG,sentinel-1a,2020,9,3,2020-09-03,True,stable_track_and_apr_sep_and_year_2015_2025,IW,VV|VH,,PRIMARY_VVVH,IW mode with VV+VH; primary homogeneous SAR backbone. Use only support points actually covered by each raster.,,
2020-09-03 05:27:38.880712+00:00,descending,168,S1A_IW_GRDH_1SDV_20200903T052738_20200903T052803_034190_03F8CD_7291_COG,sentinel-1a,2020,9,3,2020-09-03,True,stable_track_and_apr_sep_and_year_2015_2025,IW,VV|VH,,PRIMARY_VVVH,IW mode with VV+VH; primary homogeneous SAR backbone. Use only support points actually covered by each raster.,,
2020-09-03 05:27:43.821243+00:00,descending,168,S1A_IW_GRDH_1SDV_20200903T052743_20200903T052808_034190_03F8CD_5B52_COG,sentinel-1a,2020,9,3,2020-09-03,True,stable_track_and_apr_sep_and_year_2015_2025,IW,VV|VH,,PRIMARY_VVVH,IW mode with VV+VH; primary homogeneous SAR backbone. Use only support points actually covered by each raster.,,
2020-09-09 05:26:31.994607+00:00,descending,168,S1B_IW_GRDH_1SDV_20200909T052631_20200909T052656_023294_02C3D5_8DB2_COG,sentinel-1b,2020,9,9,2020-09-09,True,stable_track_and_apr_sep_and_year_2015_2025,IW,VV|VH,,PRIMARY_VVVH,IW mode with VV+VH; primary homogeneous SAR backbone. Use only support points actually covered by each raster.,,
2020-09-09 05:26:39.708880+00:00,descending,168,S1B_IW_GRDH_1SDV_20200909T052639_20200909T052704_023294_02C3D5_001A_COG,sentinel-1b,2020,9,9,2020-09-09,True,stable_track_and_apr_sep_and_year_2015_2025,IW,VV|VH,,PRIMARY_VVVH,IW mode with VV+VH; primary homogeneous SAR backbone. Use only support points actually covered by each raster.,,
2020-09-09 05:26:56.994309+00:00,descending,168,S1B_IW_GRDH_1SDV_20200909T052656_20200909T052721_023294_02C3D5_7033_COG,sentinel-1b,2020,9,9,2020-09-09,True,stable_track_and_apr_sep_and_year_2015_2025,IW,VV|VH,,PRIMARY_VVVH,IW mode with VV+VH; primary homogeneous SAR backbone. Use only support points actually covered by each raster.,,
2020-09-09 05:27:04.709095+00:00,descending,168,S1B_IW_GRDH_1SDV_20200909T052704_20200909T052729_023294_02C3D5_5A18_COG,sentinel-1b,2020,9,9,2020-09-09,True,stable_track_and_apr_sep_and_year_2015_2025,IW,VV|VH,,PRIMARY_VVVH,IW mode with VV+VH; primary homogeneous SAR backbone. Use only support points actually covered by each raster.,,
2020-09-15 05:27:13.931157+00:00,descending,168,S1A_IW_GRDH_1SDV_20200915T052713_20200915T052738_034365_03FEFD_CE7B_COG,sentinel-1a,2020,9,15,2020-09-15,True,stable_track_and_apr_sep_and_year_2015_2025,IW,VV|VH,,PRIMARY_VVVH,IW mode with VV+VH; primary homogeneous SAR backbone. Use only support points actually covered by each raster.,,
2020-09-15 05:27:19.324134+00:00,descending,168,S1A_IW_GRDH_1SDV_20200915T052719_20200915T052744_034365_03FEFD_818E_COG,sentinel-1a,2020,9,15,2020-09-15,True,stable_track_and_apr_sep_and_year_2015_2025,IW,VV|VH,,PRIMARY_VVVH,IW mode with VV+VH; primary homogeneous SAR backbone. Use only support points actually covered by each raster.,,
2020-09-15 05:27:38.930638+00:00,descending,168,S1A_IW_GRDH_1SDV_20200915T052738_20200915T052803_034365_03FEFD_C9E3_COG,sentinel-1a,2020,9,15,2020-09-15,True,stable_track_and_apr_sep_and_year_2015_2025,IW,VV|VH,,PRIMARY_VVVH,IW mode with VV+VH; primary homogeneous SAR backbone. Use only support points actually covered by each raster.,,
2020-09-15 05:27:44.323492+00:00,descending,168,S1A_IW_GRDH_1SDV_20200915T052744_20200915T052809_034365_03FEFD_909E_COG,sentinel-1a,2020,9,15,2020-09-15,True,stable_track_and_apr_sep_and_year_2015_2025,IW,VV|VH,,PRIMARY_VVVH,IW mode with VV+VH; primary homogeneous SAR backbone. Use only support points actually covered by each raster.,,
2020-09-21 05:26:40.060016+00:00,descending,168,S1B_IW_GRDH_1SDV_20200921T052640_20200921T052705_023469_02C94E_9718_COG,sentinel-1b,2020,9,21,2020-09-21,True,stable_track_and_apr_sep_and_year_2015_2025,IW,VV|VH,,PRIMARY_VVVH,IW mode with VV+VH; primary homogeneous SAR backbone. Use only support points actually covered by each raster.,,
2020-09-21 05:26:40.060017+00:00,descending,168,S1B_IW_GRDH_1SDV_20200921T052640_20200921T052705_023469_02C94E_43C1_COG,sentinel-1b,2020,9,21,2020-09-21,True,stable_track_and_apr_sep_and_year_2015_2025,IW,VV|VH,,PRIMARY_VVVH,IW mode with VV+VH; primary homogeneous SAR backbone. Use only support points actually covered by each raster.,,
2020-09-21 05:27:05.060242+00:00,descending,168,S1B_IW_GRDH_1SDV_20200921T052705_20200921T052730_023469_02C94E_144A_COG,sentinel-1b,2020,9,21,2020-09-21,True,stable_track_and_apr_sep_and_year_2015_2025,IW,VV|VH,,PRIMARY_VVVH,IW mode with VV+VH; primary homogeneous SAR backbone. Use only support points actually covered by each raster.,,
2020-09-21 05:27:05.060242+00:00,descending,168,S1B_IW_GRDH_1SDV_20200921T052705_20200921T052730_023469_02C94E_3476_COG,sentinel-1b,2020,9,21,2020-09-21,True,stable_track_and_apr_sep_and_year_2015_2025,IW,VV|VH,,PRIMARY_VVVH,IW mode with VV+VH; primary homogeneous SAR backbone. Use only support points actually covered by each raster.,,
2020-09-27 05:27:14.938736+00:00,descending,168,S1A_IW_GRDH_1SDV_20200927T052714_20200927T052739_034540_040528_C06A_COG,sentinel-1a,2020,9,27,2020-09-27,True,stable_track_and_apr_sep_and_year_2015_2025,IW,VV|VH,,PRIMARY_VVVH,IW mode with VV+VH; primary homogeneous SAR backbone. Use only support points actually covered by each raster.,,
2020-09-27 05:27:19.706402+00:00,descending,168,S1A_IW_GRDH_1SDV_20200927T052719_20200927T052744_034540_040528_B763_COG,sentinel-1a,2020,9,27,2020-09-27,True,stable_track_and_apr_sep_and_year_2015_2025,IW,VV|VH,,PRIMARY_VVVH,IW mode with VV+VH; primary homogeneous SAR backbone. Use only support points actually covered by each raster.,,
2020-09-27 05:27:39.939724+00:00,descending,168,S1A_IW_GRDH_1SDV_20200927T052739_20200927T052804_034540_040528_8B14_COG,sentinel-1a,2020,9,27,2020-09-27,True,stable_track_and_apr_sep_and_year_2015_2025,IW,VV|VH,,PRIMARY_VVVH,IW mode with VV+VH; primary homogeneous SAR backbone. Use only support points actually covered by each raster.,,
2020-09-27 05:27:44.705826+00:00,descending,168,S1A_IW_GRDH_1SDV_20200927T052744_20200927T052809_034540_040528_CA9F_COG,sentinel-1a,2020,9,27,2020-09-27,True,stable_track_and_apr_sep_and_year_2015_2025,IW,VV|VH,,PRIMARY_VVVH,IW mode with VV+VH; primary homogeneous SAR backbone. Use only support points actually covered by each raster.,,
2021-04-02 17:14:07.495875+00:00,ascending,15,S1B_IW_GRDH_1SDV_20210402T171407_20210402T171432_026291_032349_51FF_COG,sentinel-1b,2021,4,2,2021-04-02,True,stable_track_and_apr_sep_and_year_2015_2025,IW,VV|VH,,PRIMARY_VVVH,IW mode with VV+VH; primary homogeneous SAR backbone. Use only support points actually covered by each raster.,,
2021-04-02 17:14:32.495926+00:00,ascending,15,S1B_IW_GRDH_1SDV_20210402T171432_20210402T171457_026291_032349_D8BC_COG,sentinel-1b,2021,4,2,2021-04-02,True,stable_track_and_apr_sep_and_year_2015_2025,IW,VV|VH,,PRIMARY_VVVH,IW mode with VV+VH; primary homogeneous SAR backbone. Use only support points actually covered by each raster.,,
2021-04-08 17:15:02.442509+00:00,ascending,15,S1A_IW_GRDH_1SDV_20210408T171502_20210408T171527_037362_046716_5E02_COG,sentinel-1a,2021,4,8,2021-04-08,True,stable_track_and_apr_sep_and_year_2015_2025,IW,VV|VH,,PRIMARY_VVVH,IW mode with VV+VH; primary homogeneous SAR backbone. Use only support points actually covered by each raster.,,
2021-04-14 17:14:07.875840+00:00,ascending,15,S1B_IW_GRDH_1SDV_20210414T171407_20210414T171432_026466_0328DE_1E2F_COG,sentinel-1b,2021,4,14,2021-04-14,True,stable_track_and_apr_sep_and_year_2015_2025,IW,VV|VH,,PRIMARY_VVVH,IW mode with VV+VH; primary homogeneous SAR backbone. Use only support points actually covered by each raster.,,
2021-04-14 17:14:32.875716+00:00,ascending,15,S1B_IW_GRDH_1SDV_20210414T171432_20210414T171457_026466_0328DE_A38A_COG,sentinel-1b,2021,4,14,2021-04-14,True,stable_track_and_apr_sep_and_year_2015_2025,IW,VV|VH,,PRIMARY_VVVH,IW mode with VV+VH; primary homogeneous SAR backbone. Use only support points actually covered by each raster.,,
2021-04-20 17:15:02.976418+00:00,ascending,15,S1A_IW_GRDH_1SDV_20210420T171502_20210420T171527_037537_046D28_BEF6_COG,sentinel-1a,2021,4,20,2021-04-20,True,stable_track_and_apr_sep_and_year_2015_2025,IW,VV|VH,,PRIMARY_VVVH,IW mode with VV+VH; primary homogeneous SAR backbone. Use only support points actually covered by each raster.,,
2021-04-26 17:14:08.566949+00:00,ascending,15,S1B_IW_GRDH_1SDV_20210426T171408_20210426T171433_026641_032E79_BAD9_COG,sentinel-1b,2021,4,26,2021-04-26,True,stable_track_and_apr_sep_and_year_2015_2025,IW,VV|VH,,PRIMARY_VVVH,IW mode with VV+VH; primary homogeneous SAR backbone. Use only support points actually covered by each raster.,,
2021-04-26 17:14:33.566801+00:00,ascending,15,S1B_IW_GRDH_1SDV_20210426T171433_20210426T171458_026641_032E79_5D66_COG,sentinel-1b,2021,4,26,2021-04-26,True,stable_track_and_apr_sep_and_year_2015_2025,IW,VV|VH,,PRIMARY_VVVH,IW mode with VV+VH; primary homogeneous SAR backbone. Use only support points actually covered by each raster.,,
2021-05-02 17:15:03.315842+00:00,ascending,15,S1A_IW_GRDH_1SDV_20210502T171503_20210502T171528_037712_04733D_738F_COG,sentinel-1a,2021,5,2,2021-05-02,True,stable_track_and_apr_sep_and_year_2015_2025,IW,VV|VH,,PRIMARY_VVVH,IW mode with VV+VH; primary homogeneous SAR backbone. Use only support points actually covered by each raster.,,
2021-05-08 17:14:09.165326+00:00,ascending,15,S1B_IW_GRDH_1SDV_20210508T171409_20210508T171434_026816_033416_E75D_COG,sentinel-1b,2021,5,8,2021-05-08,True,stable_track_and_apr_sep_and_year_2015_2025,IW,VV|VH,,PRIMARY_VVVH,IW mode with VV+VH; primary homogeneous SAR backbone. Use only support points actually covered by each raster.,,
2021-05-08 17:14:34.165130+00:00,ascending,15,S1B_IW_GRDH_1SDV_20210508T171434_20210508T171459_026816_033416_3385_COG,sentinel-1b,2021,5,8,2021-05-08,True,stable_track_and_apr_sep_and_year_2015_2025,IW,VV|VH,,PRIMARY_VVVH,IW mode with VV+VH; primary homogeneous SAR backbone. Use only support points actually covered by each raster.,,
2021-05-14 17:15:04.007100+00:00,ascending,15,S1A_IW_GRDH_1SDV_20210514T171504_20210514T171529_037887_0478B1_3F10_COG,sentinel-1a,2021,5,14,2021-05-14,True,stable_track_and_apr_sep_and_year_2015_2025,IW,VV|VH,,PRIMARY_VVVH,IW mode with VV+VH; primary homogeneous SAR backbone. Use only support points actually covered by each raster.,,
2021-05-20 17:14:09.747621+00:00,ascending,15,S1B_IW_GRDH_1SDV_20210520T171409_20210520T171434_026991_03397F_B00F_COG,sentinel-1b,2021,5,20,2021-05-20,True,stable_track_and_apr_sep_and_year_2015_2025,IW,VV|VH,,PRIMARY_VVVH,IW mode with VV+VH; primary homogeneous SAR backbone. Use only support points actually covered by each raster.,,
2021-05-20 17:14:34.747398+00:00,ascending,15,S1B_IW_GRDH_1SDV_20210520T171434_20210520T171459_026991_03397F_F48C_COG,sentinel-1b,2021,5,20,2021-05-20,True,stable_track_and_apr_sep_and_year_2015_2025,IW,VV|VH,,PRIMARY_VVVH,IW mode with VV+VH; primary homogeneous SAR backbone. Use only support points actually covered by each raster.,,
2021-05-26 17:15:04.714632+00:00,ascending,15,S1A_IW_GRDH_1SDV_20210526T171504_20210526T171529_038062_047DFC_3FF5_COG,sentinel-1a,2021,5,26,2021-05-26,True,stable_track_and_apr_sep_and_year_2015_2025,IW,VV|VH,,PRIMARY_VVVH,IW mode with VV+VH; primary homogeneous SAR backbone. Use only support points actually covered by each raster.,,
2021-06-01 17:14:10.491310+00:00,ascending,15,S1B_IW_GRDH_1SDV_20210601T171410_20210601T171435_027166_033EB1_3369_COG,sentinel-1b,2021,6,1,2021-06-01,True,stable_track_and_apr_sep_and_year_2015_2025,IW,VV|VH,,PRIMARY_VVVH,IW mode with VV+VH; primary homogeneous SAR backbone. Use only support points actually covered by each raster.,,
2021-06-01 17:14:35.491150+00:00,ascending,15,S1B_IW_GRDH_1SDV_20210601T171435_20210601T171500_027166_033EB1_20B4_COG,sentinel-1b,2021,6,1,2021-06-01,True,stable_track_and_apr_sep_and_year_2015_2025,IW,VV|VH,,PRIMARY_VVVH,IW mode with VV+VH; primary homogeneous SAR backbone. Use only support points actually covered by each raster.,,
2021-06-07 17:15:05.421667+00:00,ascending,15,S1A_IW_GRDH_1SDV_20210607T171505_20210607T171530_038237_04832F_631B_COG,sentinel-1a,2021,6,7,2021-06-07,True,stable_track_and_apr_sep_and_year_2015_2025,IW,VV|VH,,PRIMARY_VVVH,IW mode with VV+VH; primary homogeneous SAR backbone. Use only support points actually covered by each raster.,,
2021-06-13 17:14:11.269462+00:00,ascending,15,S1B_IW_GRDH_1SDV_20210613T171411_20210613T171436_027341_0343F3_BA4A_COG,sentinel-1b,2021,6,13,2021-06-13,True,stable_track_and_apr_sep_and_year_2015_2025,IW,VV|VH,,PRIMARY_VVVH,IW mode with VV+VH; primary homogeneous SAR backbone. Use only support points actually covered by each raster.,,
2021-06-13 17:14:36.269396+00:00,ascending,15,S1B_IW_GRDH_1SDV_20210613T171436_20210613T171501_027341_0343F3_4C2C_COG,sentinel-1b,2021,6,13,2021-06-13,True,stable_track_and_apr_sep_and_year_2015_2025,IW,VV|VH,,PRIMARY_VVVH,IW mode with VV+VH; primary homogeneous SAR backbone. Use only support points actually covered by each raster.,,
2021-06-19 17:15:06.223451+00:00,ascending,15,S1A_IW_GRDH_1SDV_20210619T171506_20210619T171531_038412_048863_29D1_COG,sentinel-1a,2021,6,19,2021-06-19,True,stable_track_and_apr_sep_and_year_2015_2025,IW,VV|VH,,PRIMARY_VVVH,IW mode with VV+VH; primary homogeneous SAR backbone. Use only support points actually covered by each raster.,,
2021-06-25 17:14:11.894281+00:00,ascending,15,S1B_IW_GRDH_1SDV_20210625T171411_20210625T171436_027516_0348DE_1DB3_COG,sentinel-1b,2021,6,25,2021-06-25,True,stable_track_and_apr_sep_and_year_2015_2025,IW,VV|VH,,PRIMARY_VVVH,IW mode with VV+VH; primary homogeneous SAR backbone. Use only support points actually covered by each raster.,,
2021-06-25 17:14:36.894056+00:00,ascending,15,S1B_IW_GRDH_1SDV_20210625T171436_20210625T171501_027516_0348DE_8CAE_COG,sentinel-1b,2021,6,25,2021-06-25,True,stable_track_and_apr_sep_and_year_2015_2025,IW,VV|VH,,PRIMARY_VVVH,IW mode with VV+VH; primary homogeneous SAR backbone. Use only support points actually covered by each raster.,,
2021-07-01 17:15:06.933510+00:00,ascending,15,S1A_IW_GRDH_1SDV_20210701T171506_20210701T171531_038587_048D9E_EF15_COG,sentinel-1a,2021,7,1,2021-07-01,True,stable_track_and_apr_sep_and_year_2015_2025,IW,VV|VH,,PRIMARY_VVVH,IW mode with VV+VH; primary homogeneous SAR backbone. Use only support points actually covered by each raster.,,
2021-07-07 17:14:12.384637+00:00,ascending,15,S1B_IW_GRDH_1SDV_20210707T171412_20210707T171437_027691_034E02_649D_COG,sentinel-1b,2021,7,7,2021-07-07,True,stable_track_and_apr_sep_and_year_2015_2025,IW,VV|VH,,PRIMARY_VVVH,IW mode with VV+VH; primary homogeneous SAR backbone. Use only support points actually covered by each raster.,,
2021-07-07 17:14:37.384502+00:00,ascending,15,S1B_IW_GRDH_1SDV_20210707T171437_20210707T171502_027691_034E02_FB60_COG,sentinel-1b,2021,7,7,2021-07-07,True,stable_track_and_apr_sep_and_year_2015_2025,IW,VV|VH,,PRIMARY_VVVH,IW mode with VV+VH; primary homogeneous SAR backbone. Use only support points actually covered by each raster.,,
2021-07-13 17:15:07.633208+00:00,ascending,15,S1A_IW_GRDH_1SDV_20210713T171507_20210713T171532_038762_0492ED_BA18_COG,sentinel-1a,2021,7,13,2021-07-13,True,stable_track_and_apr_sep_and_year_2015_2025,IW,VV|VH,,PRIMARY_VVVH,IW mode with VV+VH; primary homogeneous SAR backbone. Use only support points actually covered by each raster.,,
2021-07-19 17:14:13.305420+00:00,ascending,15,S1B_IW_GRDH_1SDV_20210719T171413_20210719T171438_027866_035336_C014_COG,sentinel-1b,2021,7,19,2021-07-19,True,stable_track_and_apr_sep_and_year_2015_2025,IW,VV|VH,,PRIMARY_VVVH,IW mode with VV+VH; primary homogeneous SAR backbone. Use only support points actually covered by each raster.,,
2021-07-19 17:14:38.305354+00:00,ascending,15,S1B_IW_GRDH_1SDV_20210719T171438_20210719T171503_027866_035336_E788_COG,sentinel-1b,2021,7,19,2021-07-19,True,stable_track_and_apr_sep_and_year_2015_2025,IW,VV|VH,,PRIMARY_VVVH,IW mode with VV+VH; primary homogeneous SAR backbone. Use only support points actually covered by each raster.,,
2021-07-25 17:15:08.181052+00:00,ascending,15,S1A_IW_GRDH_1SDV_20210725T171508_20210725T171533_038937_049829_F55E_COG,sentinel-1a,2021,7,25,2021-07-25,True,stable_track_and_apr_sep_and_year_2015_2025,IW,VV|VH,,PRIMARY_VVVH,IW mode with VV+VH; primary homogeneous SAR backbone. Use only support points actually covered by each raster.,,
2021-07-31 17:14:14.081502+00:00,ascending,15,S1B_IW_GRDH_1SDV_20210731T171414_20210731T171439_028041_035850_4DC1_COG,sentinel-1b,2021,7,31,2021-07-31,True,stable_track_and_apr_sep_and_year_2015_2025,IW,VV|VH,,PRIMARY_VVVH,IW mode with VV+VH; primary homogeneous SAR backbone. Use only support points actually covered by each raster.,,
2021-07-31 17:14:14.081502+00:00,ascending,15,S1B_IW_GRDH_1SDV_20210731T171414_20210731T171439_028041_035850_A42C_COG,sentinel-1b,2021,7,31,2021-07-31,True,stable_track_and_apr_sep_and_year_2015_2025,IW,VV|VH,,PRIMARY_VVVH,IW mode with VV+VH; primary homogeneous SAR backbone. Use only support points actually covered by each raster.,,
2021-07-31 17:14:39.081306+00:00,ascending,15,S1B_IW_GRDH_1SDV_20210731T171439_20210731T171504_028041_035850_1A91_COG,sentinel-1b,2021,7,31,2021-07-31,True,stable_track_and_apr_sep_and_year_2015_2025,IW,VV|VH,,PRIMARY_VVVH,IW mode with VV+VH; primary homogeneous SAR backbone. Use only support points actually covered by each raster.,,
2021-07-31 17:14:39.081306+00:00,ascending,15,S1B_IW_GRDH_1SDV_20210731T171439_20210731T171504_028041_035850_F1A9_COG,sentinel-1b,2021,7,31,2021-07-31,True,stable_track_and_apr_sep_and_year_2015_2025,IW,VV|VH,,PRIMARY_VVVH,IW mode with VV+VH; primary homogeneous SAR backbone. Use only support points actually covered by each raster.,,
2021-08-06 17:15:09.058189+00:00,ascending,15,S1A_IW_GRDH_1SDV_20210806T171509_20210806T171534_039112_049D8B_2302_COG,sentinel-1a,2021,8,6,2021-08-06,True,stable_track_and_apr_sep_and_year_2015_2025,IW,VV|VH,,PRIMARY_VVVH,IW mode with VV+VH; primary homogeneous SAR backbone. Use only support points actually covered by each raster.,,
2021-08-12 17:14:14.663782+00:00,ascending,15,S1B_IW_GRDH_1SDV_20210812T171414_20210812T171439_028216_035DB8_6A6B_COG,sentinel-1b,2021,8,12,2021-08-12,True,stable_track_and_apr_sep_and_year_2015_2025,IW,VV|VH,,PRIMARY_VVVH,IW mode with VV+VH; primary homogeneous SAR backbone. Use only support points actually covered by each raster.,,
2021-08-12 17:14:39.663562+00:00,ascending,15,S1B_IW_GRDH_1SDV_20210812T171439_20210812T171504_028216_035DB8_B973_COG,sentinel-1b,2021,8,12,2021-08-12,True,stable_track_and_apr_sep_and_year_2015_2025,IW,VV|VH,,PRIMARY_VVVH,IW mode with VV+VH; primary homogeneous SAR backbone. Use only support points actually covered by each raster.,,
2021-08-18 17:15:09.585334+00:00,ascending,15,S1A_IW_GRDH_1SDV_20210818T171509_20210818T171534_039287_04A39F_CB04_COG,sentinel-1a,2021,8,18,2021-08-18,True,stable_track_and_apr_sep_and_year_2015_2025,IW,VV|VH,,PRIMARY_VVVH,IW mode with VV+VH; primary homogeneous SAR backbone. Use only support points actually covered by each raster.,,
2021-08-24 17:14:15.365005+00:00,ascending,15,S1B_IW_GRDH_1SDV_20210824T171415_20210824T171440_028391_036337_BB7B_COG,sentinel-1b,2021,8,24,2021-08-24,True,stable_track_and_apr_sep_and_year_2015_2025,IW,VV|VH,,PRIMARY_VVVH,IW mode with VV+VH; primary homogeneous SAR backbone. Use only support points actually covered by each raster.,,
2021-08-24 17:14:40.364858+00:00,ascending,15,S1B_IW_GRDH_1SDV_20210824T171440_20210824T171505_028391_036337_9703_COG,sentinel-1b,2021,8,24,2021-08-24,True,stable_track_and_apr_sep_and_year_2015_2025,IW,VV|VH,,PRIMARY_VVVH,IW mode with VV+VH; primary homogeneous SAR backbone. Use only support points actually covered by each raster.,,
2021-08-30 17:15:10.136028+00:00,ascending,15,S1A_IW_GRDH_1SDV_20210830T171510_20210830T171535_039462_04A98E_8E29_COG,sentinel-1a,2021,8,30,2021-08-30,True,stable_track_and_apr_sep_and_year_2015_2025,IW,VV|VH,,PRIMARY_VVVH,IW mode with VV+VH; primary homogeneous SAR backbone. Use only support points actually covered by each raster.,,
2021-09-05 17:14:15.898668+00:00,ascending,15,S1B_IW_GRDH_1SDV_20210905T171415_20210905T171440_028566_0368AE_FBFD_COG,sentinel-1b,2021,9,5,2021-09-05,True,stable_track_and_apr_sep_and_year_2015_2025,IW,VV|VH,,PRIMARY_VVVH,IW mode with VV+VH; primary homogeneous SAR backbone. Use only support points actually covered by each raster.,,
2021-09-05 17:14:40.898582+00:00,ascending,15,S1B_IW_GRDH_1SDV_20210905T171440_20210905T171505_028566_0368AE_D723_COG,sentinel-1b,2021,9,5,2021-09-05,True,stable_track_and_apr_sep_and_year_2015_2025,IW,VV|VH,,PRIMARY_VVVH,IW mode with VV+VH; primary homogeneous SAR backbone. Use only support points actually covered by each raster.,,
2021-09-11 17:15:10.762840+00:00,ascending,15,S1A_IW_GRDH_1SDV_20210911T171510_20210911T171535_039637_04AFA1_0CEC_COG,sentinel-1a,2021,9,11,2021-09-11,True,stable_track_and_apr_sep_and_year_2015_2025,IW,VV|VH,,PRIMARY_VVVH,IW mode with VV+VH; primary homogeneous SAR backbone. Use only support points actually covered by each raster.,,
2021-09-17 17:14:16.345897+00:00,ascending,15,S1B_IW_GRDH_1SDV_20210917T171416_20210917T171441_028741_036E0B_A6EB_COG,sentinel-1b,2021,9,17,2021-09-17,True,stable_track_and_apr_sep_and_year_2015_2025,IW,VV|VH,,PRIMARY_VVVH,IW mode with VV+VH; primary homogeneous SAR backbone. Use only support points actually covered by each raster.,,
2021-09-17 17:14:41.345785+00:00,ascending,15,S1B_IW_GRDH_1SDV_20210917T171441_20210917T171506_028741_036E0B_3410_COG,sentinel-1b,2021,9,17,2021-09-17,True,stable_track_and_apr_sep_and_year_2015_2025,IW,VV|VH,,PRIMARY_VVVH,IW mode with VV+VH; primary homogeneous SAR backbone. Use only support points actually covered by each raster.,,
2021-09-23 17:15:11.148544+00:00,ascending,15,S1A_IW_GRDH_1SDV_20210923T171511_20210923T171536_039812_04B582_6DBA_COG,sentinel-1a,2021,9,23,2021-09-23,True,stable_track_and_apr_sep_and_year_2015_2025,IW,VV|VH,,PRIMARY_VVVH,IW mode with VV+VH; primary homogeneous SAR backbone. Use only support points actually covered by each raster.,,
2021-09-29 17:14:16.624596+00:00,ascending,15,S1B_IW_GRDH_1SDV_20210929T171416_20210929T171441_028916_03736D_88D7_COG,sentinel-1b,2021,9,29,2021-09-29,True,stable_track_and_apr_sep_and_year_2015_2025,IW,VV|VH,,PRIMARY_VVVH,IW mode with VV+VH; primary homogeneous SAR backbone. Use only support points actually covered by each raster.,,
2021-09-29 17:14:41.624560+00:00,ascending,15,S1B_IW_GRDH_1SDV_20210929T171441_20210929T171506_028916_03736D_74F7_COG,sentinel-1b,2021,9,29,2021-09-29,True,stable_track_and_apr_sep_and_year_2015_2025,IW,VV|VH,,PRIMARY_VVVH,IW mode with VV+VH; primary homogeneous SAR backbone. Use only support points actually covered by each raster.,,
2021-04-01 17:23:08.386920+00:00,ascending,88,S1A_IW_GRDH_1SDV_20210401T172308_20210401T172333_037260_04639A_8B6C_COG,sentinel-1a,2021,4,1,2021-04-01,True,stable_track_and_apr_sep_and_year_2015_2025,IW,VV|VH,,PRIMARY_VVVH,IW mode with VV+VH; primary homogeneous SAR backbone. Use only support points actually covered by each raster.,,
2021-04-01 17:23:33.387343+00:00,ascending,88,S1A_IW_GRDH_1SDV_20210401T172333_20210401T172358_037260_04639A_002D_COG,sentinel-1a,2021,4,1,2021-04-01,True,stable_track_and_apr_sep_and_year_2015_2025,IW,VV|VH,,PRIMARY_VVVH,IW mode with VV+VH; primary homogeneous SAR backbone. Use only support points actually covered by each raster.,,
2021-04-07 17:22:19.122535+00:00,ascending,88,S1B_IW_GRDH_1SDV_20210407T172219_20210407T172244_026364_0325B3_1DD7_COG,sentinel-1b,2021,4,7,2021-04-07,True,stable_track_and_apr_sep_and_year_2015_2025,IW,VV|VH,,PRIMARY_VVVH,IW mode with VV+VH; primary homogeneous SAR backbone. Use only support points actually covered by each raster.,,
2021-04-07 17:22:44.122029+00:00,ascending,88,S1B_IW_GRDH_1SDV_20210407T172244_20210407T172309_026364_0325B3_9FC3_COG,sentinel-1b,2021,4,7,2021-04-07,True,stable_track_and_apr_sep_and_year_2015_2025,IW,VV|VH,,PRIMARY_VVVH,IW mode with VV+VH; primary homogeneous SAR backbone. Use only support points actually covered by each raster.,,
2021-04-13 17:23:08.910118+00:00,ascending,88,S1A_IW_GRDH_1SDV_20210413T172308_20210413T172333_037435_0469A9_A648_COG,sentinel-1a,2021,4,13,2021-04-13,True,stable_track_and_apr_sep_and_year_2015_2025,IW,VV|VH,,PRIMARY_VVVH,IW mode with VV+VH; primary homogeneous SAR backbone. Use only support points actually covered by each raster.,,
2021-04-13 17:23:33.910323+00:00,ascending,88,S1A_IW_GRDH_1SDV_20210413T172333_20210413T172358_037435_0469A9_64A6_COG,sentinel-1a,2021,4,13,2021-04-13,True,stable_track_and_apr_sep_and_year_2015_2025,IW,VV|VH,,PRIMARY_VVVH,IW mode with VV+VH; primary homogeneous SAR backbone. Use only support points actually covered by each raster.,,
2021-04-19 17:22:19.622009+00:00,ascending,88,S1B_IW_GRDH_1SDV_20210419T172219_20210419T172244_026539_032B51_9471_COG,sentinel-1b,2021,4,19,2021-04-19,True,stable_track_and_apr_sep_and_year_2015_2025,IW,VV|VH,,PRIMARY_VVVH,IW mode with VV+VH; primary homogeneous SAR backbone. Use only support points actually covered by each raster.,,
2021-04-19 17:22:44.621372+00:00,ascending,88,S1B_IW_GRDH_1SDV_20210419T172244_20210419T172309_026539_032B51_F578_COG,sentinel-1b,2021,4,19,2021-04-19,True,stable_track_and_apr_sep_and_year_2015_2025,IW,VV|VH,,PRIMARY_VVVH,IW mode with VV+VH; primary homogeneous SAR backbone. Use only support points actually covered by each raster.,,
2021-04-25 17:23:09.430687+00:00,ascending,88,S1A_IW_GRDH_1SDV_20210425T172309_20210425T172334_037610_046FB2_646A_COG,sentinel-1a,2021,4,25,2021-04-25,True,stable_track_and_apr_sep_and_year_2015_2025,IW,VV|VH,,PRIMARY_VVVH,IW mode with VV+VH; primary homogeneous SAR backbone. Use only support points actually covered by each raster.,,
2021-04-25 17:23:34.430884+00:00,ascending,88,S1A_IW_GRDH_1SDV_20210425T172334_20210425T172359_037610_046FB2_C07F_COG,sentinel-1a,2021,4,25,2021-04-25,True,stable_track_and_apr_sep_and_year_2015_2025,IW,VV|VH,,PRIMARY_VVVH,IW mode with VV+VH; primary homogeneous SAR backbone. Use only support points actually covered by each raster.,,
2021-05-01 17:22:20.045385+00:00,ascending,88,S1B_IW_GRDH_1SDV_20210501T172220_20210501T172245_026714_0330EA_A2BE_COG,sentinel-1b,2021,5,1,2021-05-01,True,stable_track_and_apr_sep_and_year_2015_2025,IW,VV|VH,,PRIMARY_VVVH,IW mode with VV+VH; primary homogeneous SAR backbone. Use only support points actually covered by each raster.,,
2021-05-01 17:22:45.044719+00:00,ascending,88,S1B_IW_GRDH_1SDV_20210501T172245_20210501T172310_026714_0330EA_2838_COG,sentinel-1b,2021,5,1,2021-05-01,True,stable_track_and_apr_sep_and_year_2015_2025,IW,VV|VH,,PRIMARY_VVVH,IW mode with VV+VH; primary homogeneous SAR backbone. Use only support points actually covered by each raster.,,
2021-05-07 17:23:09.988215+00:00,ascending,88,S1A_IW_GRDH_1SDV_20210507T172309_20210507T172334_037785_0475A6_BFCE_COG,sentinel-1a,2021,5,7,2021-05-07,True,stable_track_and_apr_sep_and_year_2015_2025,IW,VV|VH,,PRIMARY_VVVH,IW mode with VV+VH; primary homogeneous SAR backbone. Use only support points actually covered by each raster.,,
2021-05-07 17:23:34.988354+00:00,ascending,88,S1A_IW_GRDH_1SDV_20210507T172334_20210507T172359_037785_0475A6_B9B9_COG,sentinel-1a,2021,5,7,2021-05-07,True,stable_track_and_apr_sep_and_year_2015_2025,IW,VV|VH,,PRIMARY_VVVH,IW mode with VV+VH; primary homogeneous SAR backbone. Use only support points actually covered by each raster.,,
2021-05-13 17:22:20.815609+00:00,ascending,88,S1B_IW_GRDH_1SDV_20210513T172220_20210513T172245_026889_033668_86EB_COG,sentinel-1b,2021,5,13,2021-05-13,True,stable_track_and_apr_sep_and_year_2015_2025,IW,VV|VH,,PRIMARY_VVVH,IW mode with VV+VH; primary homogeneous SAR backbone. Use only support points actually covered by each raster.,,
2021-05-13 17:22:45.814957+00:00,ascending,88,S1B_IW_GRDH_1SDV_20210513T172245_20210513T172310_026889_033668_BD2A_COG,sentinel-1b,2021,5,13,2021-05-13,True,stable_track_and_apr_sep_and_year_2015_2025,IW,VV|VH,,PRIMARY_VVVH,IW mode with VV+VH; primary homogeneous SAR backbone. Use only support points actually covered by each raster.,,
2021-05-19 17:23:10.402040+00:00,ascending,88,S1A_IW_GRDH_1SDV_20210519T172310_20210519T172335_037960_047AF4_CFD8_COG,sentinel-1a,2021,5,19,2021-05-19,True,stable_track_and_apr_sep_and_year_2015_2025,IW,VV|VH,,PRIMARY_VVVH,IW mode with VV+VH; primary homogeneous SAR backbone. Use only support points actually covered by each raster.,,
2021-05-19 17:23:35.402294+00:00,ascending,88,S1A_IW_GRDH_1SDV_20210519T172335_20210519T172400_037960_047AF4_F752_COG,sentinel-1a,2021,5,19,2021-05-19,True,stable_track_and_apr_sep_and_year_2015_2025,IW,VV|VH,,PRIMARY_VVVH,IW mode with VV+VH; primary homogeneous SAR backbone. Use only support points actually covered by each raster.,,
2021-05-25 17:22:21.326866+00:00,ascending,88,S1B_IW_GRDH_1SDV_20210525T172221_20210525T172246_027064_033BC2_BC3E_COG,sentinel-1b,2021,5,25,2021-05-25,True,stable_track_and_apr_sep_and_year_2015_2025,IW,VV|VH,,PRIMARY_VVVH,IW mode with VV+VH; primary homogeneous SAR backbone. Use only support points actually covered by each raster.,,
2021-05-25 17:22:46.327665+00:00,ascending,88,S1B_IW_GRDH_1SDV_20210525T172246_20210525T172311_027064_033BC2_00F9_COG,sentinel-1b,2021,5,25,2021-05-25,True,stable_track_and_apr_sep_and_year_2015_2025,IW,VV|VH,,PRIMARY_VVVH,IW mode with VV+VH; primary homogeneous SAR backbone. Use only support points actually covered by each raster.,,
2021-05-31 17:23:11.295557+00:00,ascending,88,S1A_IW_GRDH_1SDV_20210531T172311_20210531T172336_038135_048035_CB89_COG,sentinel-1a,2021,5,31,2021-05-31,True,stable_track_and_apr_sep_and_year_2015_2025,IW,VV|VH,,PRIMARY_VVVH,IW mode with VV+VH; primary homogeneous SAR backbone. Use only support points actually covered by each raster.,,
2021-05-31 17:23:36.295758+00:00,ascending,88,S1A_IW_GRDH_1SDV_20210531T172336_20210531T172401_038135_048035_E3EB_COG,sentinel-1a,2021,5,31,2021-05-31,True,stable_track_and_apr_sep_and_year_2015_2025,IW,VV|VH,,PRIMARY_VVVH,IW mode with VV+VH; primary homogeneous SAR backbone. Use only support points actually covered by each raster.,,
2021-06-06 17:22:22.194307+00:00,ascending,88,S1B_IW_GRDH_1SDV_20210606T172222_20210606T172247_027239_0340F3_A2B9_COG,sentinel-1b,2021,6,6,2021-06-06,True,stable_track_and_apr_sep_and_year_2015_2025,IW,VV|VH,,PRIMARY_VVVH,IW mode with VV+VH; primary homogeneous SAR backbone. Use only support points actually covered by each raster.,,
2021-06-06 17:22:47.193630+00:00,ascending,88,S1B_IW_GRDH_1SDV_20210606T172247_20210606T172312_027239_0340F3_764F_COG,sentinel-1b,2021,6,6,2021-06-06,True,stable_track_and_apr_sep_and_year_2015_2025,IW,VV|VH,,PRIMARY_VVVH,IW mode with VV+VH; primary homogeneous SAR backbone. Use only support points actually covered by each raster.,,
2021-06-12 17:23:12.146296+00:00,ascending,88,S1A_IW_GRDH_1SDV_20210612T172312_20210612T172337_038310_048562_7428_COG,sentinel-1a,2021,6,12,2021-06-12,True,stable_track_and_apr_sep_and_year_2015_2025,IW,VV|VH,,PRIMARY_VVVH,IW mode with VV+VH; primary homogeneous SAR backbone. Use only support points actually covered by each raster.,,
2021-06-12 17:23:37.146559+00:00,ascending,88,S1A_IW_GRDH_1SDV_20210612T172337_20210612T172402_038310_048562_8E7B_COG,sentinel-1a,2021,6,12,2021-06-12,True,stable_track_and_apr_sep_and_year_2015_2025,IW,VV|VH,,PRIMARY_VVVH,IW mode with VV+VH; primary homogeneous SAR backbone. Use only support points actually covered by each raster.,,
2021-06-18 17:22:22.873402+00:00,ascending,88,S1B_IW_GRDH_1SDV_20210618T172222_20210618T172247_027414_034636_3C66_COG,sentinel-1b,2021,6,18,2021-06-18,True,stable_track_and_apr_sep_and_year_2015_2025,IW,VV|VH,,PRIMARY_VVVH,IW mode with VV+VH; primary homogeneous SAR backbone. Use only support points actually covered by each raster.,,
2021-06-18 17:22:47.872849+00:00,ascending,88,S1B_IW_GRDH_1SDV_20210618T172247_20210618T172312_027414_034636_4711_COG,sentinel-1b,2021,6,18,2021-06-18,True,stable_track_and_apr_sep_and_year_2015_2025,IW,VV|VH,,PRIMARY_VVVH,IW mode with VV+VH; primary homogeneous SAR backbone. Use only support points actually covered by each raster.,,
2021-06-24 17:23:12.723427+00:00,ascending,88,S1A_IW_GRDH_1SDV_20210624T172312_20210624T172337_038485_048A9C_2FDB_COG,sentinel-1a,2021,6,24,2021-06-24,True,stable_track_and_apr_sep_and_year_2015_2025,IW,VV|VH,,PRIMARY_VVVH,IW mode with VV+VH; primary homogeneous SAR backbone. Use only support points actually covered by each raster.,,
2021-06-24 17:23:37.723570+00:00,ascending,88,S1A_IW_GRDH_1SDV_20210624T172337_20210624T172402_038485_048A9C_62B2_COG,sentinel-1a,2021,6,24,2021-06-24,True,stable_track_and_apr_sep_and_year_2015_2025,IW,VV|VH,,PRIMARY_VVVH,IW mode with VV+VH; primary homogeneous SAR backbone. Use only support points actually covered by each raster.,,
2021-07-06 17:23:13.446567+00:00,ascending,88,S1A_IW_GRDH_1SDV_20210706T172313_20210706T172338_038660_048FE2_29B0_COG,sentinel-1a,2021,7,6,2021-07-06,True,stable_track_and_apr_sep_and_year_2015_2025,IW,VV|VH,,PRIMARY_VVVH,IW mode with VV+VH; primary homogeneous SAR backbone. Use only support points actually covered by each raster.,,
2021-07-06 17:23:38.446783+00:00,ascending,88,S1A_IW_GRDH_1SDV_20210706T172338_20210706T172403_038660_048FE2_7FC9_COG,sentinel-1a,2021,7,6,2021-07-06,True,stable_track_and_apr_sep_and_year_2015_2025,IW,VV|VH,,PRIMARY_VVVH,IW mode with VV+VH; primary homogeneous SAR backbone. Use only support points actually covered by each raster.,,
2021-07-12 17:22:24.175342+00:00,ascending,88,S1B_IW_GRDH_1SDV_20210712T172224_20210712T172249_027764_03503E_FF0F_COG,sentinel-1b,2021,7,12,2021-07-12,True,stable_track_and_apr_sep_and_year_2015_2025,IW,VV|VH,,PRIMARY_VVVH,IW mode with VV+VH; primary homogeneous SAR backbone. Use only support points actually covered by each raster.,,
2021-07-12 17:22:49.176222+00:00,ascending,88,S1B_IW_GRDH_1SDV_20210712T172249_20210712T172314_027764_03503E_E541_COG,sentinel-1b,2021,7,12,2021-07-12,True,stable_track_and_apr_sep_and_year_2015_2025,IW,VV|VH,,PRIMARY_VVVH,IW mode with VV+VH; primary homogeneous SAR backbone. Use only support points actually covered by each raster.,,
2021-07-18 17:23:14.268314+00:00,ascending,88,S1A_IW_GRDH_1SDV_20210718T172314_20210718T172339_038835_049522_2695_COG,sentinel-1a,2021,7,18,2021-07-18,True,stable_track_and_apr_sep_and_year_2015_2025,IW,VV|VH,,PRIMARY_VVVH,IW mode with VV+VH; primary homogeneous SAR backbone. Use only support points actually covered by each raster.,,
2021-07-18 17:23:39.268595+00:00,ascending,88,S1A_IW_GRDH_1SDV_20210718T172339_20210718T172404_038835_049522_DB41_COG,sentinel-1a,2021,7,18,2021-07-18,True,stable_track_and_apr_sep_and_year_2015_2025,IW,VV|VH,,PRIMARY_VVVH,IW mode with VV+VH; primary homogeneous SAR backbone. Use only support points actually covered by each raster.,,
2021-07-24 17:22:24.988609+00:00,ascending,88,S1B_IW_GRDH_1SDV_20210724T172224_20210724T172249_027939_03556E_851E_COG,sentinel-1b,2021,7,24,2021-07-24,True,stable_track_and_apr_sep_and_year_2015_2025,IW,VV|VH,,PRIMARY_VVVH,IW mode with VV+VH; primary homogeneous SAR backbone. Use only support points actually covered by each raster.,,
2021-07-24 17:22:49.989401+00:00,ascending,88,S1B_IW_GRDH_1SDV_20210724T172249_20210724T172314_027939_03556E_3ACF_COG,sentinel-1b,2021,7,24,2021-07-24,True,stable_track_and_apr_sep_and_year_2015_2025,IW,VV|VH,,PRIMARY_VVVH,IW mode with VV+VH; primary homogeneous SAR backbone. Use only support points actually covered by each raster.,,
2021-07-30 17:23:14.900326+00:00,ascending,88,S1A_IW_GRDH_1SDV_20210730T172314_20210730T172339_039010_049A54_52BE_COG,sentinel-1a,2021,7,30,2021-07-30,True,stable_track_and_apr_sep_and_year_2015_2025,IW,VV|VH,,PRIMARY_VVVH,IW mode with VV+VH; primary homogeneous SAR backbone. Use only support points actually covered by each raster.,,
2021-07-30 17:23:39.900433+00:00,ascending,88,S1A_IW_GRDH_1SDV_20210730T172339_20210730T172404_039010_049A54_101D_COG,sentinel-1a,2021,7,30,2021-07-30,True,stable_track_and_apr_sep_and_year_2015_2025,IW,VV|VH,,PRIMARY_VVVH,IW mode with VV+VH; primary homogeneous SAR backbone. Use only support points actually covered by each raster.,,
2021-08-05 17:22:25.596556+00:00,ascending,88,S1B_IW_GRDH_1SDV_20210805T172225_20210805T172250_028114_035A9F_A705_COG,sentinel-1b,2021,8,5,2021-08-05,True,stable_track_and_apr_sep_and_year_2015_2025,IW,VV|VH,,PRIMARY_VVVH,IW mode with VV+VH; primary homogeneous SAR backbone. Use only support points actually covered by each raster.,,
2021-08-05 17:22:50.595867+00:00,ascending,88,S1B_IW_GRDH_1SDV_20210805T172250_20210805T172315_028114_035A9F_85AA_COG,sentinel-1b,2021,8,5,2021-08-05,True,stable_track_and_apr_sep_and_year_2015_2025,IW,VV|VH,,PRIMARY_VVVH,IW mode with VV+VH; primary homogeneous SAR backbone. Use only support points actually covered by each raster.,,
2021-08-11 17:23:15.542610+00:00,ascending,88,S1A_IW_GRDH_1SDV_20210811T172315_20210811T172340_039185_04A00C_3715_COG,sentinel-1a,2021,8,11,2021-08-11,True,stable_track_and_apr_sep_and_year_2015_2025,IW,VV|VH,,PRIMARY_VVVH,IW mode with VV+VH; primary homogeneous SAR backbone. Use only support points actually covered by each raster.,,
2021-08-11 17:23:40.542830+00:00,ascending,88,S1A_IW_GRDH_1SDV_20210811T172340_20210811T172405_039185_04A00C_36C8_COG,sentinel-1a,2021,8,11,2021-08-11,True,stable_track_and_apr_sep_and_year_2015_2025,IW,VV|VH,,PRIMARY_VVVH,IW mode with VV+VH; primary homogeneous SAR backbone. Use only support points actually covered by each raster.,,
2021-08-17 17:22:26.228545+00:00,ascending,88,S1B_IW_GRDH_1SDV_20210817T172226_20210817T172251_028289_036018_DA72_COG,sentinel-1b,2021,8,17,2021-08-17,True,stable_track_and_apr_sep_and_year_2015_2025,IW,VV|VH,,PRIMARY_VVVH,IW mode with VV+VH; primary homogeneous SAR backbone. Use only support points actually covered by each raster.,,
2021-08-17 17:22:51.227863+00:00,ascending,88,S1B_IW_GRDH_1SDV_20210817T172251_20210817T172316_028289_036018_54DC_COG,sentinel-1b,2021,8,17,2021-08-17,True,stable_track_and_apr_sep_and_year_2015_2025,IW,VV|VH,,PRIMARY_VVVH,IW mode with VV+VH; primary homogeneous SAR backbone. Use only support points actually covered by each raster.,,
2021-08-23 17:23:16.245337+00:00,ascending,88,S1A_IW_GRDH_1SDV_20210823T172316_20210823T172341_039360_04A618_E621_COG,sentinel-1a,2021,8,23,2021-08-23,True,stable_track_and_apr_sep_and_year_2015_2025,IW,VV|VH,,PRIMARY_VVVH,IW mode with VV+VH; primary homogeneous SAR backbone. Use only support points actually covered by each raster.,,
2021-08-23 17:23:41.245535+00:00,ascending,88,S1A_IW_GRDH_1SDV_20210823T172341_20210823T172406_039360_04A618_C26A_COG,sentinel-1a,2021,8,23,2021-08-23,True,stable_track_and_apr_sep_and_year_2015_2025,IW,VV|VH,,PRIMARY_VVVH,IW mode with VV+VH; primary homogeneous SAR backbone. Use only support points actually covered by each raster.,,
2021-08-29 17:22:26.907557+00:00,ascending,88,S1B_IW_GRDH_1SDV_20210829T172226_20210829T172251_028464_03658B_2A2D_COG,sentinel-1b,2021,8,29,2021-08-29,True,stable_track_and_apr_sep_and_year_2015_2025,IW,VV|VH,,PRIMARY_VVVH,IW mode with VV+VH; primary homogeneous SAR backbone. Use only support points actually covered by each raster.,,
2021-08-29 17:22:51.906966+00:00,ascending,88,S1B_IW_GRDH_1SDV_20210829T172251_20210829T172316_028464_03658B_E560_COG,sentinel-1b,2021,8,29,2021-08-29,True,stable_track_and_apr_sep_and_year_2015_2025,IW,VV|VH,,PRIMARY_VVVH,IW mode with VV+VH; primary homogeneous SAR backbone. Use only support points actually covered by each raster.,,
2021-09-04 17:23:16.746404+00:00,ascending,88,S1A_IW_GRDH_1SDV_20210904T172316_20210904T172341_039535_04AC1B_A261_COG,sentinel-1a,2021,9,4,2021-09-04,True,stable_track_and_apr_sep_and_year_2015_2025,IW,VV|VH,,PRIMARY_VVVH,IW mode with VV+VH; primary homogeneous SAR backbone. Use only support points actually covered by each raster.,,
2021-09-04 17:23:41.746664+00:00,ascending,88,S1A_IW_GRDH_1SDV_20210904T172341_20210904T172406_039535_04AC1B_1DCF_COG,sentinel-1a,2021,9,4,2021-09-04,True,stable_track_and_apr_sep_and_year_2015_2025,IW,VV|VH,,PRIMARY_VVVH,IW mode with VV+VH; primary homogeneous SAR backbone. Use only support points actually covered by each raster.,,
2021-09-10 17:22:27.414578+00:00,ascending,88,S1B_IW_GRDH_1SDV_20210910T172227_20210910T172252_028639_036AFF_F9D8_COG,sentinel-1b,2021,9,10,2021-09-10,True,stable_track_and_apr_sep_and_year_2015_2025,IW,VV|VH,,PRIMARY_VVVH,IW mode with VV+VH; primary homogeneous SAR backbone. Use only support points actually covered by each raster.,,
2021-09-10 17:22:52.415384+00:00,ascending,88,S1B_IW_GRDH_1SDV_20210910T172252_20210910T172317_028639_036AFF_C6A9_COG,sentinel-1b,2021,9,10,2021-09-10,True,stable_track_and_apr_sep_and_year_2015_2025,IW,VV|VH,,PRIMARY_VVVH,IW mode with VV+VH; primary homogeneous SAR backbone. Use only support points actually covered by each raster.,,
2021-09-16 17:23:17.233422+00:00,ascending,88,S1A_IW_GRDH_1SDV_20210916T172317_20210916T172342_039710_04B214_2912_COG,sentinel-1a,2021,9,16,2021-09-16,True,stable_track_and_apr_sep_and_year_2015_2025,IW,VV|VH,,PRIMARY_VVVH,IW mode with VV+VH; primary homogeneous SAR backbone. Use only support points actually covered by each raster.,,
2021-09-16 17:23:42.233643+00:00,ascending,88,S1A_IW_GRDH_1SDV_20210916T172342_20210916T172407_039710_04B214_F1CA_COG,sentinel-1a,2021,9,16,2021-09-16,True,stable_track_and_apr_sep_and_year_2015_2025,IW,VV|VH,,PRIMARY_VVVH,IW mode with VV+VH; primary homogeneous SAR backbone. Use only support points actually covered by each raster.,,
2021-09-22 17:22:27.849085+00:00,ascending,88,S1B_IW_GRDH_1SDV_20210922T172227_20210922T172252_028814_037057_7DF4_COG,sentinel-1b,2021,9,22,2021-09-22,True,stable_track_and_apr_sep_and_year_2015_2025,IW,VV|VH,,PRIMARY_VVVH,IW mode with VV+VH; primary homogeneous SAR backbone. Use only support points actually covered by each raster.,,
2021-09-22 17:22:52.848457+00:00,ascending,88,S1B_IW_GRDH_1SDV_20210922T172252_20210922T172317_028814_037057_F5CD_COG,sentinel-1b,2021,9,22,2021-09-22,True,stable_track_and_apr_sep_and_year_2015_2025,IW,VV|VH,,PRIMARY_VVVH,IW mode with VV+VH; primary homogeneous SAR backbone. Use only support points actually covered by each raster.,,
2021-09-28 17:23:17.634698+00:00,ascending,88,S1A_IW_GRDH_1SDV_20210928T172317_20210928T172342_039885_04B817_1239_COG,sentinel-1a,2021,9,28,2021-09-28,True,stable_track_and_apr_sep_and_year_2015_2025,IW,VV|VH,,PRIMARY_VVVH,IW mode with VV+VH; primary homogeneous SAR backbone. Use only support points actually covered by each raster.,,
2021-09-28 17:23:42.633524+00:00,ascending,88,S1A_IW_GRDH_1SDV_20210928T172342_20210928T172407_039885_04B817_42D6_COG,sentinel-1a,2021,9,28,2021-09-28,True,stable_track_and_apr_sep_and_year_2015_2025,IW,VV|VH,,PRIMARY_VVVH,IW mode with VV+VH; primary homogeneous SAR backbone. Use only support points actually covered by each raster.,,
2021-04-06 05:34:56.701012+00:00,descending,66,S1B_IW_GRDH_1SDV_20210406T053456_20210406T053521_026342_0324FC_13AA_COG,sentinel-1b,2021,4,6,2021-04-06,True,stable_track_and_apr_sep_and_year_2015_2025,IW,VV|VH,,PRIMARY_VVVH,IW mode with VV+VH; primary homogeneous SAR backbone. Use only support points actually covered by each raster.,,
2021-04-12 05:35:29.503874+00:00,descending,66,S1A_IW_GRDH_1SDV_20210412T053529_20210412T053554_037413_0468E0_A8F2_COG,sentinel-1a,2021,4,12,2021-04-12,True,stable_track_and_apr_sep_and_year_2015_2025,IW,VV|VH,,PRIMARY_VVVH,IW mode with VV+VH; primary homogeneous SAR backbone. Use only support points actually covered by each raster.,,
2021-04-12 05:35:54.502846+00:00,descending,66,S1A_IW_GRDH_1SDV_20210412T053554_20210412T053619_037413_0468E0_1C19_COG,sentinel-1a,2021,4,12,2021-04-12,True,stable_track_and_apr_sep_and_year_2015_2025,IW,VV|VH,,PRIMARY_VVVH,IW mode with VV+VH; primary homogeneous SAR backbone. Use only support points actually covered by each raster.,,
2021-04-18 05:34:57.151130+00:00,descending,66,S1B_IW_GRDH_1SDV_20210418T053457_20210418T053522_026517_032A8E_F0E4_COG,sentinel-1b,2021,4,18,2021-04-18,True,stable_track_and_apr_sep_and_year_2015_2025,IW,VV|VH,,PRIMARY_VVVH,IW mode with VV+VH; primary homogeneous SAR backbone. Use only support points actually covered by each raster.,,
2021-04-24 05:35:30.039789+00:00,descending,66,S1A_IW_GRDH_1SDV_20210424T053530_20210424T053555_037588_046EE9_5C54_COG,sentinel-1a,2021,4,24,2021-04-24,True,stable_track_and_apr_sep_and_year_2015_2025,IW,VV|VH,,PRIMARY_VVVH,IW mode with VV+VH; primary homogeneous SAR backbone. Use only support points actually covered by each raster.,,
2021-04-24 05:35:55.040239+00:00,descending,66,S1A_IW_GRDH_1SDV_20210424T053555_20210424T053620_037588_046EE9_D452_COG,sentinel-1a,2021,4,24,2021-04-24,True,stable_track_and_apr_sep_and_year_2015_2025,IW,VV|VH,,PRIMARY_VVVH,IW mode with VV+VH; primary homogeneous SAR backbone. Use only support points actually covered by each raster.,,
2021-04-30 05:34:57.604586+00:00,descending,66,S1B_IW_GRDH_1SDV_20210430T053457_20210430T053522_026692_033029_F3B7_COG,sentinel-1b,2021,4,30,2021-04-30,True,stable_track_and_apr_sep_and_year_2015_2025,IW,VV|VH,,PRIMARY_VVVH,IW mode with VV+VH; primary homogeneous SAR backbone. Use only support points actually covered by each raster.,,
2021-05-06 05:35:30.481844+00:00,descending,66,S1A_IW_GRDH_1SDV_20210506T053530_20210506T053555_037763_0474F3_64F0_COG,sentinel-1a,2021,5,6,2021-05-06,True,stable_track_and_apr_sep_and_year_2015_2025,IW,VV|VH,,PRIMARY_VVVH,IW mode with VV+VH; primary homogeneous SAR backbone. Use only support points actually covered by each raster.,,
2021-05-06 05:35:55.480871+00:00,descending,66,S1A_IW_GRDH_1SDV_20210506T053555_20210506T053620_037763_0474F3_1EF3_COG,sentinel-1a,2021,5,6,2021-05-06,True,stable_track_and_apr_sep_and_year_2015_2025,IW,VV|VH,,PRIMARY_VVVH,IW mode with VV+VH; primary homogeneous SAR backbone. Use only support points actually covered by each raster.,,
2021-05-12 05:34:58.380809+00:00,descending,66,S1B_IW_GRDH_1SDV_20210512T053458_20210512T053523_026867_0335B6_7E1D_COG,sentinel-1b,2021,5,12,2021-05-12,True,stable_track_and_apr_sep_and_year_2015_2025,IW,VV|VH,,PRIMARY_VVVH,IW mode with VV+VH; primary homogeneous SAR backbone. Use only support points actually covered by each raster.,,
2021-05-18 05:35:31.023206+00:00,descending,66,S1A_IW_GRDH_1SDV_20210518T053531_20210518T053556_037938_047A3A_EA44_COG,sentinel-1a,2021,5,18,2021-05-18,True,stable_track_and_apr_sep_and_year_2015_2025,IW,VV|VH,,PRIMARY_VVVH,IW mode with VV+VH; primary homogeneous SAR backbone. Use only support points actually covered by each raster.,,
2021-05-18 05:35:56.022161+00:00,descending,66,S1A_IW_GRDH_1SDV_20210518T053556_20210518T053621_037938_047A3A_F6A7_COG,sentinel-1a,2021,5,18,2021-05-18,True,stable_track_and_apr_sep_and_year_2015_2025,IW,VV|VH,,PRIMARY_VVVH,IW mode with VV+VH; primary homogeneous SAR backbone. Use only support points actually covered by each raster.,,
2021-05-24 05:34:57.912900+00:00,descending,66,S1B_IW_GRDH_1SDV_20210524T053457_20210524T053522_027042_033B10_2F66_COG,sentinel-1b,2021,5,24,2021-05-24,True,stable_track_and_apr_sep_and_year_2015_2025,IW,VV|VH,,PRIMARY_VVVH,IW mode with VV+VH; primary homogeneous SAR backbone. Use only support points actually covered by each raster.,,
2021-05-30 05:35:31.855592+00:00,descending,66,S1A_IW_GRDH_1SDV_20210530T053531_20210530T053556_038113_047F7E_9090_COG,sentinel-1a,2021,5,30,2021-05-30,True,stable_track_and_apr_sep_and_year_2015_2025,IW,VV|VH,,PRIMARY_VVVH,IW mode with VV+VH; primary homogeneous SAR backbone. Use only support points actually covered by each raster.,,
2021-05-30 05:35:56.854633+00:00,descending,66,S1A_IW_GRDH_1SDV_20210530T053556_20210530T053621_038113_047F7E_11B4_COG,sentinel-1a,2021,5,30,2021-05-30,True,stable_track_and_apr_sep_and_year_2015_2025,IW,VV|VH,,PRIMARY_VVVH,IW mode with VV+VH; primary homogeneous SAR backbone. Use only support points actually covered by each raster.,,
2021-06-05 05:34:58.738481+00:00,descending,66,S1B_IW_GRDH_1SDV_20210605T053458_20210605T053523_027217_03404A_FF07_COG,sentinel-1b,2021,6,5,2021-06-05,True,stable_track_and_apr_sep_and_year_2015_2025,IW,VV|VH,,PRIMARY_VVVH,IW mode with VV+VH; primary homogeneous SAR backbone. Use only support points actually covered by each raster.,,
2021-06-11 05:35:32.634029+00:00,descending,66,S1A_IW_GRDH_1SDV_20210611T053532_20210611T053557_038288_0484AB_4D5C_COG,sentinel-1a,2021,6,11,2021-06-11,True,stable_track_and_apr_sep_and_year_2015_2025,IW,VV|VH,,PRIMARY_VVVH,IW mode with VV+VH; primary homogeneous SAR backbone. Use only support points actually covered by each raster.,,
2021-06-11 05:35:57.634581+00:00,descending,66,S1A_IW_GRDH_1SDV_20210611T053557_20210611T053622_038288_0484AB_624E_COG,sentinel-1a,2021,6,11,2021-06-11,True,stable_track_and_apr_sep_and_year_2015_2025,IW,VV|VH,,PRIMARY_VVVH,IW mode with VV+VH; primary homogeneous SAR backbone. Use only support points actually covered by each raster.,,
2021-06-17 05:34:59.410589+00:00,descending,66,S1B_IW_GRDH_1SDV_20210617T053459_20210617T053524_027392_034585_050D_COG,sentinel-1b,2021,6,17,2021-06-17,True,stable_track_and_apr_sep_and_year_2015_2025,IW,VV|VH,,PRIMARY_VVVH,IW mode with VV+VH; primary homogeneous SAR backbone. Use only support points actually covered by each raster.,,
2021-06-23 05:35:33.252786+00:00,descending,66,S1A_IW_GRDH_1SDV_20210623T053533_20210623T053558_038463_0489E1_452C_COG,sentinel-1a,2021,6,23,2021-06-23,True,stable_track_and_apr_sep_and_year_2015_2025,IW,VV|VH,,PRIMARY_VVVH,IW mode with VV+VH; primary homogeneous SAR backbone. Use only support points actually covered by each raster.,,
2021-06-23 05:35:58.253202+00:00,descending,66,S1A_IW_GRDH_1SDV_20210623T053558_20210623T053623_038463_0489E1_C842_COG,sentinel-1a,2021,6,23,2021-06-23,True,stable_track_and_apr_sep_and_year_2015_2025,IW,VV|VH,,PRIMARY_VVVH,IW mode with VV+VH; primary homogeneous SAR backbone. Use only support points actually covered by each raster.,,
2021-06-29 05:35:00.105035+00:00,descending,66,S1B_IW_GRDH_1SDV_20210629T053500_20210629T053525_027567_034A71_E3B7_COG,sentinel-1b,2021,6,29,2021-06-29,True,stable_track_and_apr_sep_and_year_2015_2025,IW,VV|VH,,PRIMARY_VVVH,IW mode with VV+VH; primary homogeneous SAR backbone. Use only support points actually covered by each raster.,,
2021-07-05 05:35:34.033431+00:00,descending,66,S1A_IW_GRDH_1SDV_20210705T053534_20210705T053559_038638_048F2B_CC2D_COG,sentinel-1a,2021,7,5,2021-07-05,True,stable_track_and_apr_sep_and_year_2015_2025,IW,VV|VH,,PRIMARY_VVVH,IW mode with VV+VH; primary homogeneous SAR backbone. Use only support points actually covered by each raster.,,
2021-07-05 05:35:59.033908+00:00,descending,66,S1A_IW_GRDH_1SDV_20210705T053559_20210705T053624_038638_048F2B_CD93_COG,sentinel-1a,2021,7,5,2021-07-05,True,stable_track_and_apr_sep_and_year_2015_2025,IW,VV|VH,,PRIMARY_VVVH,IW mode with VV+VH; primary homogeneous SAR backbone. Use only support points actually covered by each raster.,,
2021-07-11 05:35:00.685328+00:00,descending,66,S1B_IW_GRDH_1SDV_20210711T053500_20210711T053525_027742_034F8F_801F_COG,sentinel-1b,2021,7,11,2021-07-11,True,stable_track_and_apr_sep_and_year_2015_2025,IW,VV|VH,,PRIMARY_VVVH,IW mode with VV+VH; primary homogeneous SAR backbone. Use only support points actually covered by each raster.,,
2021-07-17 05:35:34.813047+00:00,descending,66,S1A_IW_GRDH_1SDV_20210717T053534_20210717T053559_038813_049468_7870_COG,sentinel-1a,2021,7,17,2021-07-17,True,stable_track_and_apr_sep_and_year_2015_2025,IW,VV|VH,,PRIMARY_VVVH,IW mode with VV+VH; primary homogeneous SAR backbone. Use only support points actually covered by each raster.,,
2021-07-17 05:35:59.813459+00:00,descending,66,S1A_IW_GRDH_1SDV_20210717T053559_20210717T053624_038813_049468_4DA5_COG,sentinel-1a,2021,7,17,2021-07-17,True,stable_track_and_apr_sep_and_year_2015_2025,IW,VV|VH,,PRIMARY_VVVH,IW mode with VV+VH; primary homogeneous SAR backbone. Use only support points actually covered by each raster.,,
2021-07-23 05:35:01.485668+00:00,descending,66,S1B_IW_GRDH_1SDV_20210723T053501_20210723T053526_027917_0354BF_A102_COG,sentinel-1b,2021,7,23,2021-07-23,True,stable_track_and_apr_sep_and_year_2015_2025,IW,VV|VH,,PRIMARY_VVVH,IW mode with VV+VH; primary homogeneous SAR backbone. Use only support points actually covered by each raster.,,
2021-07-29 05:35:35.367442+00:00,descending,66,S1A_IW_GRDH_1SDV_20210729T053535_20210729T053600_038988_04999A_F8F6_COG,sentinel-1a,2021,7,29,2021-07-29,True,stable_track_and_apr_sep_and_year_2015_2025,IW,VV|VH,,PRIMARY_VVVH,IW mode with VV+VH; primary homogeneous SAR backbone. Use only support points actually covered by each raster.,,
2021-07-29 05:36:00.366521+00:00,descending,66,S1A_IW_GRDH_1SDV_20210729T053600_20210729T053625_038988_04999A_6E34_COG,sentinel-1a,2021,7,29,2021-07-29,True,stable_track_and_apr_sep_and_year_2015_2025,IW,VV|VH,,PRIMARY_VVVH,IW mode with VV+VH; primary homogeneous SAR backbone. Use only support points actually covered by each raster.,,
2021-08-04 05:35:02.155916+00:00,descending,66,S1B_IW_GRDH_1SDV_20210804T053502_20210804T053527_028092_0359E9_1B7E_COG,sentinel-1b,2021,8,4,2021-08-04,True,stable_track_and_apr_sep_and_year_2015_2025,IW,VV|VH,,PRIMARY_VVVH,IW mode with VV+VH; primary homogeneous SAR backbone. Use only support points actually covered by each raster.,,
2021-08-10 05:35:36.132291+00:00,descending,66,S1A_IW_GRDH_1SDV_20210810T053536_20210810T053601_039163_049F52_A12A_COG,sentinel-1a,2021,8,10,2021-08-10,True,stable_track_and_apr_sep_and_year_2015_2025,IW,VV|VH,,PRIMARY_VVVH,IW mode with VV+VH; primary homogeneous SAR backbone. Use only support points actually covered by each raster.,,
2021-08-10 05:36:01.132775+00:00,descending,66,S1A_IW_GRDH_1SDV_20210810T053601_20210810T053626_039163_049F52_A047_COG,sentinel-1a,2021,8,10,2021-08-10,True,stable_track_and_apr_sep_and_year_2015_2025,IW,VV|VH,,PRIMARY_VVVH,IW mode with VV+VH; primary homogeneous SAR backbone. Use only support points actually covered by each raster.,,
2021-08-22 05:35:36.782697+00:00,descending,66,S1A_IW_GRDH_1SDV_20210822T053536_20210822T053601_039338_04A555_D44D_COG,sentinel-1a,2021,8,22,2021-08-22,True,stable_track_and_apr_sep_and_year_2015_2025,IW,VV|VH,,PRIMARY_VVVH,IW mode with VV+VH; primary homogeneous SAR backbone. Use only support points actually covered by each raster.,,
2021-08-22 05:36:01.781727+00:00,descending,66,S1A_IW_GRDH_1SDV_20210822T053601_20210822T053626_039338_04A555_BFEE_COG,sentinel-1a,2021,8,22,2021-08-22,True,stable_track_and_apr_sep_and_year_2015_2025,IW,VV|VH,,PRIMARY_VVVH,IW mode with VV+VH; primary homogeneous SAR backbone. Use only support points actually covered by each raster.,,
2021-08-28 05:35:03.501179+00:00,descending,66,S1B_IW_GRDH_1SDV_20210828T053503_20210828T053528_028442_0364CD_5B95_COG,sentinel-1b,2021,8,28,2021-08-28,True,stable_track_and_apr_sep_and_year_2015_2025,IW,VV|VH,,PRIMARY_VVVH,IW mode with VV+VH; primary homogeneous SAR backbone. Use only support points actually covered by each raster.,,
2021-09-03 05:35:37.232692+00:00,descending,66,S1A_IW_GRDH_1SDV_20210903T053537_20210903T053602_039513_04AB58_73A5_COG,sentinel-1a,2021,9,3,2021-09-03,True,stable_track_and_apr_sep_and_year_2015_2025,IW,VV|VH,,PRIMARY_VVVH,IW mode with VV+VH; primary homogeneous SAR backbone. Use only support points actually covered by each raster.,,
2021-09-03 05:36:02.233248+00:00,descending,66,S1A_IW_GRDH_1SDV_20210903T053602_20210903T053627_039513_04AB58_BAF3_COG,sentinel-1a,2021,9,3,2021-09-03,True,stable_track_and_apr_sep_and_year_2015_2025,IW,VV|VH,,PRIMARY_VVVH,IW mode with VV+VH; primary homogeneous SAR backbone. Use only support points actually covered by each raster.,,
2021-09-09 05:35:03.985841+00:00,descending,66,S1B_IW_GRDH_1SDV_20210909T053503_20210909T053528_028617_036A46_3D85_COG,sentinel-1b,2021,9,9,2021-09-09,True,stable_track_and_apr_sep_and_year_2015_2025,IW,VV|VH,,PRIMARY_VVVH,IW mode with VV+VH; primary homogeneous SAR backbone. Use only support points actually covered by each raster.,,
2021-09-15 05:35:37.798959+00:00,descending,66,S1A_IW_GRDH_1SDV_20210915T053537_20210915T053602_039688_04B16E_A695_COG,sentinel-1a,2021,9,15,2021-09-15,True,stable_track_and_apr_sep_and_year_2015_2025,IW,VV|VH,,PRIMARY_VVVH,IW mode with VV+VH; primary homogeneous SAR backbone. Use only support points actually covered by each raster.,,
2021-09-15 05:36:02.799603+00:00,descending,66,S1A_IW_GRDH_1SDV_20210915T053602_20210915T053627_039688_04B16E_0B51_COG,sentinel-1a,2021,9,15,2021-09-15,True,stable_track_and_apr_sep_and_year_2015_2025,IW,VV|VH,,PRIMARY_VVVH,IW mode with VV+VH; primary homogeneous SAR backbone. Use only support points actually covered by each raster.,,
2021-09-21 05:35:04.456941+00:00,descending,66,S1B_IW_GRDH_1SDV_20210921T053504_20210921T053529_028792_036FA3_3FA5_COG,sentinel-1b,2021,9,21,2021-09-21,True,stable_track_and_apr_sep_and_year_2015_2025,IW,VV|VH,,PRIMARY_VVVH,IW mode with VV+VH; primary homogeneous SAR backbone. Use only support points actually covered by each raster.,,
2021-09-27 05:35:38.233743+00:00,descending,66,S1A_IW_GRDH_1SDV_20210927T053538_20210927T053603_039863_04B74D_3AFF_COG,sentinel-1a,2021,9,27,2021-09-27,True,stable_track_and_apr_sep_and_year_2015_2025,IW,VV|VH,,PRIMARY_VVVH,IW mode with VV+VH; primary homogeneous SAR backbone. Use only support points actually covered by each raster.,,
2021-09-27 05:36:03.233007+00:00,descending,66,S1A_IW_GRDH_1SDV_20210927T053603_20210927T053628_039863_04B74D_6282_COG,sentinel-1a,2021,9,27,2021-09-27,True,stable_track_and_apr_sep_and_year_2015_2025,IW,VV|VH,,PRIMARY_VVVH,IW mode with VV+VH; primary homogeneous SAR backbone. Use only support points actually covered by each raster.,,
2021-04-01 05:26:48.794862+00:00,descending,168,S1B_IW_GRDH_1SDV_20210401T052648_20210401T052713_026269_032297_1EA0_COG,sentinel-1b,2021,4,1,2021-04-01,True,stable_track_and_apr_sep_and_year_2015_2025,IW,VV|VH,,PRIMARY_VVVH,IW mode with VV+VH; primary homogeneous SAR backbone. Use only support points actually covered by each raster.,,
2021-04-07 05:27:16.587312+00:00,descending,168,S1A_IW_GRDH_1SDV_20210407T052716_20210407T052741_037340_04665D_832E_COG,sentinel-1a,2021,4,7,2021-04-07,True,stable_track_and_apr_sep_and_year_2015_2025,IW,VV|VH,,PRIMARY_VVVH,IW mode with VV+VH; primary homogeneous SAR backbone. Use only support points actually covered by each raster.,,
2021-04-07 05:27:41.586348+00:00,descending,168,S1A_IW_GRDH_1SDV_20210407T052741_20210407T052806_037340_04665D_82C9_COG,sentinel-1a,2021,4,7,2021-04-07,True,stable_track_and_apr_sep_and_year_2015_2025,IW,VV|VH,,PRIMARY_VVVH,IW mode with VV+VH; primary homogeneous SAR backbone. Use only support points actually covered by each raster.,,
2021-04-13 05:26:49.285116+00:00,descending,168,S1B_IW_GRDH_1SDV_20210413T052649_20210413T052714_026444_032830_433F_COG,sentinel-1b,2021,4,13,2021-04-13,True,stable_track_and_apr_sep_and_year_2015_2025,IW,VV|VH,,PRIMARY_VVVH,IW mode with VV+VH; primary homogeneous SAR backbone. Use only support points actually covered by each raster.,,
2021-04-19 05:27:17.122705+00:00,descending,168,S1A_IW_GRDH_1SDV_20210419T052717_20210419T052742_037515_046C67_DFED_COG,sentinel-1a,2021,4,19,2021-04-19,True,stable_track_and_apr_sep_and_year_2015_2025,IW,VV|VH,,PRIMARY_VVVH,IW mode with VV+VH; primary homogeneous SAR backbone. Use only support points actually covered by each raster.,,
2021-04-19 05:27:42.123357+00:00,descending,168,S1A_IW_GRDH_1SDV_20210419T052742_20210419T052807_037515_046C67_1A56_COG,sentinel-1a,2021,4,19,2021-04-19,True,stable_track_and_apr_sep_and_year_2015_2025,IW,VV|VH,,PRIMARY_VVVH,IW mode with VV+VH; primary homogeneous SAR backbone. Use only support points actually covered by each raster.,,
2021-04-25 05:26:49.954496+00:00,descending,168,S1B_IW_GRDH_1SDV_20210425T052649_20210425T052714_026619_032DCD_3F7D_COG,sentinel-1b,2021,4,25,2021-04-25,True,stable_track_and_apr_sep_and_year_2015_2025,IW,VV|VH,,PRIMARY_VVVH,IW mode with VV+VH; primary homogeneous SAR backbone. Use only support points actually covered by each raster.,,
2021-05-01 05:27:17.440326+00:00,descending,168,S1A_IW_GRDH_1SDV_20210501T052717_20210501T052742_037690_04727A_3608_COG,sentinel-1a,2021,5,1,2021-05-01,True,stable_track_and_apr_sep_and_year_2015_2025,IW,VV|VH,,PRIMARY_VVVH,IW mode with VV+VH; primary homogeneous SAR backbone. Use only support points actually covered by each raster.,,
2021-05-01 05:27:42.440979+00:00,descending,168,S1A_IW_GRDH_1SDV_20210501T052742_20210501T052807_037690_04727A_42A5_COG,sentinel-1a,2021,5,1,2021-05-01,True,stable_track_and_apr_sep_and_year_2015_2025,IW,VV|VH,,PRIMARY_VVVH,IW mode with VV+VH; primary homogeneous SAR backbone. Use only support points actually covered by each raster.,,
2021-05-07 05:26:50.438509+00:00,descending,168,S1B_IW_GRDH_1SDV_20210507T052650_20210507T052715_026794_033365_6B15_COG,sentinel-1b,2021,5,7,2021-05-07,True,stable_track_and_apr_sep_and_year_2015_2025,IW,VV|VH,,PRIMARY_VVVH,IW mode with VV+VH; primary homogeneous SAR backbone. Use only support points actually covered by each raster.,,
2021-05-13 05:27:18.184204+00:00,descending,168,S1A_IW_GRDH_1SDV_20210513T052718_20210513T052743_037865_047810_B936_COG,sentinel-1a,2021,5,13,2021-05-13,True,stable_track_and_apr_sep_and_year_2015_2025,IW,VV|VH,,PRIMARY_VVVH,IW mode with VV+VH; primary homogeneous SAR backbone. Use only support points actually covered by each raster.,,
2021-05-13 05:27:43.183381+00:00,descending,168,S1A_IW_GRDH_1SDV_20210513T052743_20210513T052808_037865_047810_E27B_COG,sentinel-1a,2021,5,13,2021-05-13,True,stable_track_and_apr_sep_and_year_2015_2025,IW,VV|VH,,PRIMARY_VVVH,IW mode with VV+VH; primary homogeneous SAR backbone. Use only support points actually covered by each raster.,,
2021-05-19 05:26:51.061392+00:00,descending,168,S1B_IW_GRDH_1SDV_20210519T052651_20210519T052716_026969_0338DC_BAD9_COG,sentinel-1b,2021,5,19,2021-05-19,True,stable_track_and_apr_sep_and_year_2015_2025,IW,VV|VH,,PRIMARY_VVVH,IW mode with VV+VH; primary homogeneous SAR backbone. Use only support points actually covered by each raster.,,
2021-05-25 05:27:18.837095+00:00,descending,168,S1A_IW_GRDH_1SDV_20210525T052718_20210525T052743_038040_047D59_175B_COG,sentinel-1a,2021,5,25,2021-05-25,True,stable_track_and_apr_sep_and_year_2015_2025,IW,VV|VH,,PRIMARY_VVVH,IW mode with VV+VH; primary homogeneous SAR backbone. Use only support points actually covered by each raster.,,
2021-05-25 05:27:43.836304+00:00,descending,168,S1A_IW_GRDH_1SDV_20210525T052743_20210525T052808_038040_047D59_A90E_COG,sentinel-1a,2021,5,25,2021-05-25,True,stable_track_and_apr_sep_and_year_2015_2025,IW,VV|VH,,PRIMARY_VVVH,IW mode with VV+VH; primary homogeneous SAR backbone. Use only support points actually covered by each raster.,,
2021-05-31 05:26:39.757224+00:00,descending,168,S1B_IW_GRDH_1SDV_20210531T052639_20210531T052704_027144_033E10_D6EE_COG,sentinel-1b,2021,5,31,2021-05-31,True,stable_track_and_apr_sep_and_year_2015_2025,IW,VV|VH,,PRIMARY_VVVH,IW mode with VV+VH; primary homogeneous SAR backbone. Use only support points actually covered by each raster.,,
2021-05-31 05:27:04.757294+00:00,descending,168,S1B_IW_GRDH_1SDV_20210531T052704_20210531T052729_027144_033E10_9647_COG,sentinel-1b,2021,5,31,2021-05-31,True,stable_track_and_apr_sep_and_year_2015_2025,IW,VV|VH,,PRIMARY_VVVH,IW mode with VV+VH; primary homogeneous SAR backbone. Use only support points actually covered by each raster.,,
2021-06-06 05:27:19.537612+00:00,descending,168,S1A_IW_GRDH_1SDV_20210606T052719_20210606T052744_038215_04828D_9E38_COG,sentinel-1a,2021,6,6,2021-06-06,True,stable_track_and_apr_sep_and_year_2015_2025,IW,VV|VH,,PRIMARY_VVVH,IW mode with VV+VH; primary homogeneous SAR backbone. Use only support points actually covered by each raster.,,
2021-06-06 05:27:44.538359+00:00,descending,168,S1A_IW_GRDH_1SDV_20210606T052744_20210606T052809_038215_04828D_E69D_COG,sentinel-1a,2021,6,6,2021-06-06,True,stable_track_and_apr_sep_and_year_2015_2025,IW,VV|VH,,PRIMARY_VVVH,IW mode with VV+VH; primary homogeneous SAR backbone. Use only support points actually covered by each raster.,,
2021-06-12 05:26:40.548935+00:00,descending,168,S1B_IW_GRDH_1SDV_20210612T052640_20210612T052705_027319_034352_7E23_COG,sentinel-1b,2021,6,12,2021-06-12,True,stable_track_and_apr_sep_and_year_2015_2025,IW,VV|VH,,PRIMARY_VVVH,IW mode with VV+VH; primary homogeneous SAR backbone. Use only support points actually covered by each raster.,,
2021-06-12 05:27:05.548982+00:00,descending,168,S1B_IW_GRDH_1SDV_20210612T052705_20210612T052730_027319_034352_DC48_COG,sentinel-1b,2021,6,12,2021-06-12,True,stable_track_and_apr_sep_and_year_2015_2025,IW,VV|VH,,PRIMARY_VVVH,IW mode with VV+VH; primary homogeneous SAR backbone. Use only support points actually covered by each raster.,,
2021-06-18 05:27:20.392713+00:00,descending,168,S1A_IW_GRDH_1SDV_20210618T052720_20210618T052745_038390_0487C0_4962_COG,sentinel-1a,2021,6,18,2021-06-18,True,stable_track_and_apr_sep_and_year_2015_2025,IW,VV|VH,,PRIMARY_VVVH,IW mode with VV+VH; primary homogeneous SAR backbone. Use only support points actually covered by each raster.,,
2021-06-18 05:27:45.393375+00:00,descending,168,S1A_IW_GRDH_1SDV_20210618T052745_20210618T052810_038390_0487C0_01F6_COG,sentinel-1a,2021,6,18,2021-06-18,True,stable_track_and_apr_sep_and_year_2015_2025,IW,VV|VH,,PRIMARY_VVVH,IW mode with VV+VH; primary homogeneous SAR backbone. Use only support points actually covered by each raster.,,
2021-06-24 05:26:41.131111+00:00,descending,168,S1B_IW_GRDH_1SDV_20210624T052641_20210624T052706_027494_034848_AA84_COG,sentinel-1b,2021,6,24,2021-06-24,True,stable_track_and_apr_sep_and_year_2015_2025,IW,VV|VH,,PRIMARY_VVVH,IW mode with VV+VH; primary homogeneous SAR backbone. Use only support points actually covered by each raster.,,
2021-06-24 05:27:06.131189+00:00,descending,168,S1B_IW_GRDH_1SDV_20210624T052706_20210624T052731_027494_034848_C76B_COG,sentinel-1b,2021,6,24,2021-06-24,True,stable_track_and_apr_sep_and_year_2015_2025,IW,VV|VH,,PRIMARY_VVVH,IW mode with VV+VH; primary homogeneous SAR backbone. Use only support points actually covered by each raster.,,
2021-06-30 05:27:21.066281+00:00,descending,168,S1A_IW_GRDH_1SDV_20210630T052721_20210630T052746_038565_048CFD_B393_COG,sentinel-1a,2021,6,30,2021-06-30,True,stable_track_and_apr_sep_and_year_2015_2025,IW,VV|VH,,PRIMARY_VVVH,IW mode with VV+VH; primary homogeneous SAR backbone. Use only support points actually covered by each raster.,,
2021-06-30 05:27:46.065427+00:00,descending,168,S1A_IW_GRDH_1SDV_20210630T052746_20210630T052811_038565_048CFD_E5D4_COG,sentinel-1a,2021,6,30,2021-06-30,True,stable_track_and_apr_sep_and_year_2015_2025,IW,VV|VH,,PRIMARY_VVVH,IW mode with VV+VH; primary homogeneous SAR backbone. Use only support points actually covered by each raster.,,
2021-07-06 05:26:41.753271+00:00,descending,168,S1B_IW_GRDH_1SDV_20210706T052641_20210706T052706_027669_034D60_DCD0_COG,sentinel-1b,2021,7,6,2021-07-06,True,stable_track_and_apr_sep_and_year_2015_2025,IW,VV|VH,,PRIMARY_VVVH,IW mode with VV+VH; primary homogeneous SAR backbone. Use only support points actually covered by each raster.,,
2021-07-06 05:27:06.753304+00:00,descending,168,S1B_IW_GRDH_1SDV_20210706T052706_20210706T052731_027669_034D60_1D73_COG,sentinel-1b,2021,7,6,2021-07-06,True,stable_track_and_apr_sep_and_year_2015_2025,IW,VV|VH,,PRIMARY_VVVH,IW mode with VV+VH; primary homogeneous SAR backbone. Use only support points actually covered by each raster.,,
2021-07-12 05:27:21.746052+00:00,descending,168,S1A_IW_GRDH_1SDV_20210712T052721_20210712T052746_038740_049246_EC03_COG,sentinel-1a,2021,7,12,2021-07-12,True,stable_track_and_apr_sep_and_year_2015_2025,IW,VV|VH,,PRIMARY_VVVH,IW mode with VV+VH; primary homogeneous SAR backbone. Use only support points actually covered by each raster.,,
2021-07-12 05:27:46.745177+00:00,descending,168,S1A_IW_GRDH_1SDV_20210712T052746_20210712T052811_038740_049246_4240_COG,sentinel-1a,2021,7,12,2021-07-12,True,stable_track_and_apr_sep_and_year_2015_2025,IW,VV|VH,,PRIMARY_VVVH,IW mode with VV+VH; primary homogeneous SAR backbone. Use only support points actually covered by each raster.,,
2021-07-18 05:26:42.601848+00:00,descending,168,S1B_IW_GRDH_1SDV_20210718T052642_20210718T052707_027844_035293_C00E_COG,sentinel-1b,2021,7,18,2021-07-18,True,stable_track_and_apr_sep_and_year_2015_2025,IW,VV|VH,,PRIMARY_VVVH,IW mode with VV+VH; primary homogeneous SAR backbone. Use only support points actually covered by each raster.,,
2021-07-18 05:27:07.601818+00:00,descending,168,S1B_IW_GRDH_1SDV_20210718T052707_20210718T052732_027844_035293_A1AA_COG,sentinel-1b,2021,7,18,2021-07-18,True,stable_track_and_apr_sep_and_year_2015_2025,IW,VV|VH,,PRIMARY_VVVH,IW mode with VV+VH; primary homogeneous SAR backbone. Use only support points actually covered by each raster.,,
2021-07-24 05:27:22.456773+00:00,descending,168,S1A_IW_GRDH_1SDV_20210724T052722_20210724T052747_038915_049781_DF3F_COG,sentinel-1a,2021,7,24,2021-07-24,True,stable_track_and_apr_sep_and_year_2015_2025,IW,VV|VH,,PRIMARY_VVVH,IW mode with VV+VH; primary homogeneous SAR backbone. Use only support points actually covered by each raster.,,
2021-07-24 05:27:47.457442+00:00,descending,168,S1A_IW_GRDH_1SDV_20210724T052747_20210724T052812_038915_049781_2DF6_COG,sentinel-1a,2021,7,24,2021-07-24,True,stable_track_and_apr_sep_and_year_2015_2025,IW,VV|VH,,PRIMARY_VVVH,IW mode with VV+VH; primary homogeneous SAR backbone. Use only support points actually covered by each raster.,,
2021-07-30 05:26:43.377052+00:00,descending,168,S1B_IW_GRDH_1SDV_20210730T052643_20210730T052708_028019_0357B2_37EA_COG,sentinel-1b,2021,7,30,2021-07-30,True,stable_track_and_apr_sep_and_year_2015_2025,IW,VV|VH,,PRIMARY_VVVH,IW mode with VV+VH; primary homogeneous SAR backbone. Use only support points actually covered by each raster.,,
2021-07-30 05:27:08.377103+00:00,descending,168,S1B_IW_GRDH_1SDV_20210730T052708_20210730T052733_028019_0357B2_0DB2_COG,sentinel-1b,2021,7,30,2021-07-30,True,stable_track_and_apr_sep_and_year_2015_2025,IW,VV|VH,,PRIMARY_VVVH,IW mode with VV+VH; primary homogeneous SAR backbone. Use only support points actually covered by each raster.,,
2021-08-05 05:27:23.206105+00:00,descending,168,S1A_IW_GRDH_1SDV_20210805T052723_20210805T052748_039090_049CCC_EECE_COG,sentinel-1a,2021,8,5,2021-08-05,True,stable_track_and_apr_sep_and_year_2015_2025,IW,VV|VH,,PRIMARY_VVVH,IW mode with VV+VH; primary homogeneous SAR backbone. Use only support points actually covered by each raster.,,
2021-08-05 05:27:48.205300+00:00,descending,168,S1A_IW_GRDH_1SDV_20210805T052748_20210805T052813_039090_049CCC_1EFB_COG,sentinel-1a,2021,8,5,2021-08-05,True,stable_track_and_apr_sep_and_year_2015_2025,IW,VV|VH,,PRIMARY_VVVH,IW mode with VV+VH; primary homogeneous SAR backbone. Use only support points actually covered by each raster.,,
2021-08-11 05:26:43.983530+00:00,descending,168,S1B_IW_GRDH_1SDV_20210811T052643_20210811T052708_028194_035D14_CDF0_COG,sentinel-1b,2021,8,11,2021-08-11,True,stable_track_and_apr_sep_and_year_2015_2025,IW,VV|VH,,PRIMARY_VVVH,IW mode with VV+VH; primary homogeneous SAR backbone. Use only support points actually covered by each raster.,,
2021-08-11 05:27:08.984342+00:00,descending,168,S1B_IW_GRDH_1SDV_20210811T052708_20210811T052733_028194_035D14_3A31_COG,sentinel-1b,2021,8,11,2021-08-11,True,stable_track_and_apr_sep_and_year_2015_2025,IW,VV|VH,,PRIMARY_VVVH,IW mode with VV+VH; primary homogeneous SAR backbone. Use only support points actually covered by each raster.,,
2021-08-17 05:27:23.740039+00:00,descending,168,S1A_IW_GRDH_1SDV_20210817T052723_20210817T052748_039265_04A2DC_3EB7_COG,sentinel-1a,2021,8,17,2021-08-17,True,stable_track_and_apr_sep_and_year_2015_2025,IW,VV|VH,,PRIMARY_VVVH,IW mode with VV+VH; primary homogeneous SAR backbone. Use only support points actually covered by each raster.,,
2021-08-17 05:27:48.740724+00:00,descending,168,S1A_IW_GRDH_1SDV_20210817T052748_20210817T052813_039265_04A2DC_00C1_COG,sentinel-1a,2021,8,17,2021-08-17,True,stable_track_and_apr_sep_and_year_2015_2025,IW,VV|VH,,PRIMARY_VVVH,IW mode with VV+VH; primary homogeneous SAR backbone. Use only support points actually covered by each raster.,,
2021-08-23 05:26:44.642231+00:00,descending,168,S1B_IW_GRDH_1SDV_20210823T052644_20210823T052709_028369_03628D_46C8_COG,sentinel-1b,2021,8,23,2021-08-23,True,stable_track_and_apr_sep_and_year_2015_2025,IW,VV|VH,,PRIMARY_VVVH,IW mode with VV+VH; primary homogeneous SAR backbone. Use only support points actually covered by each raster.,,
2021-08-23 05:27:09.642301+00:00,descending,168,S1B_IW_GRDH_1SDV_20210823T052709_20210823T052734_028369_03628D_3738_COG,sentinel-1b,2021,8,23,2021-08-23,True,stable_track_and_apr_sep_and_year_2015_2025,IW,VV|VH,,PRIMARY_VVVH,IW mode with VV+VH; primary homogeneous SAR backbone. Use only support points actually covered by each raster.,,
2021-08-29 05:27:24.340292+00:00,descending,168,S1A_IW_GRDH_1SDV_20210829T052724_20210829T052749_039440_04A8CE_51E5_COG,sentinel-1a,2021,8,29,2021-08-29,True,stable_track_and_apr_sep_and_year_2015_2025,IW,VV|VH,,PRIMARY_VVVH,IW mode with VV+VH; primary homogeneous SAR backbone. Use only support points actually covered by each raster.,,
2021-08-29 05:27:49.341010+00:00,descending,168,S1A_IW_GRDH_1SDV_20210829T052749_20210829T052814_039440_04A8CE_E0CD_COG,sentinel-1a,2021,8,29,2021-08-29,True,stable_track_and_apr_sep_and_year_2015_2025,IW,VV|VH,,PRIMARY_VVVH,IW mode with VV+VH; primary homogeneous SAR backbone. Use only support points actually covered by each raster.,,
2021-09-04 05:26:45.177884+00:00,descending,168,S1B_IW_GRDH_1SDV_20210904T052645_20210904T052710_028544_036806_FBC4_COG,sentinel-1b,2021,9,4,2021-09-04,True,stable_track_and_apr_sep_and_year_2015_2025,IW,VV|VH,,PRIMARY_VVVH,IW mode with VV+VH; primary homogeneous SAR backbone. Use only support points actually covered by each raster.,,
2021-09-04 05:27:10.177998+00:00,descending,168,S1B_IW_GRDH_1SDV_20210904T052710_20210904T052735_028544_036806_6B06_COG,sentinel-1b,2021,9,4,2021-09-04,True,stable_track_and_apr_sep_and_year_2015_2025,IW,VV|VH,,PRIMARY_VVVH,IW mode with VV+VH; primary homogeneous SAR backbone. Use only support points actually covered by each raster.,,
2021-09-04 05:27:10.177998+00:00,descending,168,S1B_IW_GRDH_1SDV_20210904T052710_20210904T052735_028544_036806_9C14_COG,sentinel-1b,2021,9,4,2021-09-04,True,stable_track_and_apr_sep_and_year_2015_2025,IW,VV|VH,,PRIMARY_VVVH,IW mode with VV+VH; primary homogeneous SAR backbone. Use only support points actually covered by each raster.,,
2021-09-10 05:27:24.936610+00:00,descending,168,S1A_IW_GRDH_1SDV_20210910T052724_20210910T052749_039615_04AEE1_CA8F_COG,sentinel-1a,2021,9,10,2021-09-10,True,stable_track_and_apr_sep_and_year_2015_2025,IW,VV|VH,,PRIMARY_VVVH,IW mode with VV+VH; primary homogeneous SAR backbone. Use only support points actually covered by each raster.,,
2021-09-10 05:27:49.935891+00:00,descending,168,S1A_IW_GRDH_1SDV_20210910T052749_20210910T052814_039615_04AEE1_668E_COG,sentinel-1a,2021,9,10,2021-09-10,True,stable_track_and_apr_sep_and_year_2015_2025,IW,VV|VH,,PRIMARY_VVVH,IW mode with VV+VH; primary homogeneous SAR backbone. Use only support points actually covered by each raster.,,
2021-09-16 05:26:45.623944+00:00,descending,168,S1B_IW_GRDH_1SDV_20210916T052645_20210916T052710_028719_036D65_3FDB_COG,sentinel-1b,2021,9,16,2021-09-16,True,stable_track_and_apr_sep_and_year_2015_2025,IW,VV|VH,,PRIMARY_VVVH,IW mode with VV+VH; primary homogeneous SAR backbone. Use only support points actually covered by each raster.,,
2021-09-16 05:27:10.624154+00:00,descending,168,S1B_IW_GRDH_1SDV_20210916T052710_20210916T052735_028719_036D65_48C5_COG,sentinel-1b,2021,9,16,2021-09-16,True,stable_track_and_apr_sep_and_year_2015_2025,IW,VV|VH,,PRIMARY_VVVH,IW mode with VV+VH; primary homogeneous SAR backbone. Use only support points actually covered by each raster.,,
2021-09-22 05:27:25.323403+00:00,descending,168,S1A_IW_GRDH_1SDV_20210922T052725_20210922T052750_039790_04B4CC_C9E8_COG,sentinel-1a,2021,9,22,2021-09-22,True,stable_track_and_apr_sep_and_year_2015_2025,IW,VV|VH,,PRIMARY_VVVH,IW mode with VV+VH; primary homogeneous SAR backbone. Use only support points actually covered by each raster.,,
2021-09-22 05:27:50.322758+00:00,descending,168,S1A_IW_GRDH_1SDV_20210922T052750_20210922T052815_039790_04B4CC_BDB4_COG,sentinel-1a,2021,9,22,2021-09-22,True,stable_track_and_apr_sep_and_year_2015_2025,IW,VV|VH,,PRIMARY_VVVH,IW mode with VV+VH; primary homogeneous SAR backbone. Use only support points actually covered by each raster.,,
2021-09-28 05:26:46.010123+00:00,descending,168,S1B_IW_GRDH_1SDV_20210928T052646_20210928T052711_028894_0372C3_9B7B_COG,sentinel-1b,2021,9,28,2021-09-28,True,stable_track_and_apr_sep_and_year_2015_2025,IW,VV|VH,,PRIMARY_VVVH,IW mode with VV+VH; primary homogeneous SAR backbone. Use only support points actually covered by each raster.,,
2021-09-28 05:27:11.010415+00:00,descending,168,S1B_IW_GRDH_1SDV_20210928T052711_20210928T052736_028894_0372C3_E9B0_COG,sentinel-1b,2021,9,28,2021-09-28,True,stable_track_and_apr_sep_and_year_2015_2025,IW,VV|VH,,PRIMARY_VVVH,IW mode with VV+VH; primary homogeneous SAR backbone. Use only support points actually covered by each raster.,,
2022-04-03 17:15:07.939034+00:00,ascending,15,S1A_IW_GRDH_1SDV_20220403T171507_20220403T171532_042612_051565_A3CA_COG,sentinel-1a,2022,4,3,2022-04-03,True,stable_track_and_apr_sep_and_year_2015_2025,IW,VV|VH,,PRIMARY_VVVH,IW mode with VV+VH; primary homogeneous SAR backbone. Use only support points actually covered by each raster.,,
2022-04-15 17:15:08.085772+00:00,ascending,15,S1A_IW_GRDH_1SDV_20220415T171508_20220415T171533_042787_051B4B_0534_COG,sentinel-1a,2022,4,15,2022-04-15,True,stable_track_and_apr_sep_and_year_2015_2025,IW,VV|VH,,PRIMARY_VVVH,IW mode with VV+VH; primary homogeneous SAR backbone. Use only support points actually covered by each raster.,,
2022-04-27 17:15:08.765450+00:00,ascending,15,S1A_IW_GRDH_1SDV_20220427T171508_20220427T171533_042962_052109_A880_COG,sentinel-1a,2022,4,27,2022-04-27,True,stable_track_and_apr_sep_and_year_2015_2025,IW,VV|VH,,PRIMARY_VVVH,IW mode with VV+VH; primary homogeneous SAR backbone. Use only support points actually covered by each raster.,,
2022-05-09 17:15:09.351145+00:00,ascending,15,S1A_IW_GRDH_1SDV_20220509T171509_20220509T171534_043137_0526DF_1E7F_COG,sentinel-1a,2022,5,9,2022-05-09,True,stable_track_and_apr_sep_and_year_2015_2025,IW,VV|VH,,PRIMARY_VVVH,IW mode with VV+VH; primary homogeneous SAR backbone. Use only support points actually covered by each raster.,,
2022-05-21 17:15:10.153278+00:00,ascending,15,S1A_IW_GRDH_1SDV_20220521T171510_20220521T171535_043312_052C17_05BC_COG,sentinel-1a,2022,5,21,2022-05-21,True,stable_track_and_apr_sep_and_year_2015_2025,IW,VV|VH,,PRIMARY_VVVH,IW mode with VV+VH; primary homogeneous SAR backbone. Use only support points actually covered by each raster.,,
2022-06-02 17:15:11.272763+00:00,ascending,15,S1A_IW_GRDH_1SDV_20220602T171511_20220602T171536_043487_05313E_11DC_COG,sentinel-1a,2022,6,2,2022-06-02,True,stable_track_and_apr_sep_and_year_2015_2025,IW,VV|VH,,PRIMARY_VVVH,IW mode with VV+VH; primary homogeneous SAR backbone. Use only support points actually covered by each raster.,,
2022-06-14 17:15:11.855798+00:00,ascending,15,S1A_IW_GRDH_1SDV_20220614T171511_20220614T171536_043662_053678_4E76_COG,sentinel-1a,2022,6,14,2022-06-14,True,stable_track_and_apr_sep_and_year_2015_2025,IW,VV|VH,,PRIMARY_VVVH,IW mode with VV+VH; primary homogeneous SAR backbone. Use only support points actually covered by each raster.,,
2022-06-26 17:15:12.815766+00:00,ascending,15,S1A_IW_GRDH_1SDV_20220626T171512_20220626T171537_043837_053BBA_4B7A_COG,sentinel-1a,2022,6,26,2022-06-26,True,stable_track_and_apr_sep_and_year_2015_2025,IW,VV|VH,,PRIMARY_VVVH,IW mode with VV+VH; primary homogeneous SAR backbone. Use only support points actually covered by each raster.,,
2022-07-08 17:15:13.402827+00:00,ascending,15,S1A_IW_GRDH_1SDV_20220708T171513_20220708T171538_044012_0540E8_E6D9_COG,sentinel-1a,2022,7,8,2022-07-08,True,stable_track_and_apr_sep_and_year_2015_2025,IW,VV|VH,,PRIMARY_VVVH,IW mode with VV+VH; primary homogeneous SAR backbone. Use only support points actually covered by each raster.,,
2022-07-20 17:15:14.151881+00:00,ascending,15,S1A_IW_GRDH_1SDV_20220720T171514_20220720T171539_044187_05462D_3619_COG,sentinel-1a,2022,7,20,2022-07-20,True,stable_track_and_apr_sep_and_year_2015_2025,IW,VV|VH,,PRIMARY_VVVH,IW mode with VV+VH; primary homogeneous SAR backbone. Use only support points actually covered by each raster.,,
2022-08-01 17:15:14.975556+00:00,ascending,15,S1A_IW_GRDH_1SDV_20220801T171514_20220801T171539_044362_054B51_F084_COG,sentinel-1a,2022,8,1,2022-08-01,True,stable_track_and_apr_sep_and_year_2015_2025,IW,VV|VH,,PRIMARY_VVVH,IW mode with VV+VH; primary homogeneous SAR backbone. Use only support points actually covered by each raster.,,
2022-08-13 17:15:15.708172+00:00,ascending,15,S1A_IW_GRDH_1SDV_20220813T171515_20220813T171540_044537_0550B5_0E15_COG,sentinel-1a,2022,8,13,2022-08-13,True,stable_track_and_apr_sep_and_year_2015_2025,IW,VV|VH,,PRIMARY_VVVH,IW mode with VV+VH; primary homogeneous SAR backbone. Use only support points actually covered by each raster.,,
2022-08-25 17:15:16.097015+00:00,ascending,15,S1A_IW_GRDH_1SDV_20220825T171516_20220825T171541_044712_05569A_9B3F_COG,sentinel-1a,2022,8,25,2022-08-25,True,stable_track_and_apr_sep_and_year_2015_2025,IW,VV|VH,,PRIMARY_VVVH,IW mode with VV+VH; primary homogeneous SAR backbone. Use only support points actually covered by each raster.,,
2022-09-06 17:15:17.058429+00:00,ascending,15,S1A_IW_GRDH_1SDV_20220906T171517_20220906T171542_044887_055C8B_2219_COG,sentinel-1a,2022,9,6,2022-09-06,True,stable_track_and_apr_sep_and_year_2015_2025,IW,VV|VH,,PRIMARY_VVVH,IW mode with VV+VH; primary homogeneous SAR backbone. Use only support points actually covered by each raster.,,
2022-09-18 17:15:16.758803+00:00,ascending,15,S1A_IW_GRDH_1SDV_20220918T171516_20220918T171541_045062_056267_DAEC_COG,sentinel-1a,2022,9,18,2022-09-18,True,stable_track_and_apr_sep_and_year_2015_2025,IW,VV|VH,,PRIMARY_VVVH,IW mode with VV+VH; primary homogeneous SAR backbone. Use only support points actually covered by each raster.,,
2022-09-30 17:15:17.450260+00:00,ascending,15,S1A_IW_GRDH_1SDV_20220930T171517_20220930T171542_045237_056843_F6AF_COG,sentinel-1a,2022,9,30,2022-09-30,True,stable_track_and_apr_sep_and_year_2015_2025,IW,VV|VH,,PRIMARY_VVVH,IW mode with VV+VH; primary homogeneous SAR backbone. Use only support points actually covered by each raster.,,
2022-04-08 17:23:14.254965+00:00,ascending,88,S1A_IW_GRDH_1SDV_20220408T172314_20220408T172339_042685_0517D6_6363_COG,sentinel-1a,2022,4,8,2022-04-08,True,stable_track_and_apr_sep_and_year_2015_2025,IW,VV|VH,,PRIMARY_VVVH,IW mode with VV+VH; primary homogeneous SAR backbone. Use only support points actually covered by each raster.,,
2022-04-08 17:23:39.253777+00:00,ascending,88,S1A_IW_GRDH_1SDV_20220408T172339_20220408T172404_042685_0517D6_6D13_COG,sentinel-1a,2022,4,8,2022-04-08,True,stable_track_and_apr_sep_and_year_2015_2025,IW,VV|VH,,PRIMARY_VVVH,IW mode with VV+VH; primary homogeneous SAR backbone. Use only support points actually covered by each raster.,,
2022-04-20 17:23:14.757118+00:00,ascending,88,S1A_IW_GRDH_1SDV_20220420T172314_20220420T172339_042860_051DB3_E4C1_COG,sentinel-1a,2022,4,20,2022-04-20,True,stable_track_and_apr_sep_and_year_2015_2025,IW,VV|VH,,PRIMARY_VVVH,IW mode with VV+VH; primary homogeneous SAR backbone. Use only support points actually covered by each raster.,,
2022-04-20 17:23:39.757353+00:00,ascending,88,S1A_IW_GRDH_1SDV_20220420T172339_20220420T172404_042860_051DB3_9253_COG,sentinel-1a,2022,4,20,2022-04-20,True,stable_track_and_apr_sep_and_year_2015_2025,IW,VV|VH,,PRIMARY_VVVH,IW mode with VV+VH; primary homogeneous SAR backbone. Use only support points actually covered by each raster.,,
2022-05-02 17:23:15.163387+00:00,ascending,88,S1A_IW_GRDH_1SDV_20220502T172315_20220502T172340_043035_052376_9E59_COG,sentinel-1a,2022,5,2,2022-05-02,True,stable_track_and_apr_sep_and_year_2015_2025,IW,VV|VH,,PRIMARY_VVVH,IW mode with VV+VH; primary homogeneous SAR backbone. Use only support points actually covered by each raster.,,
2022-05-02 17:23:40.163562+00:00,ascending,88,S1A_IW_GRDH_1SDV_20220502T172340_20220502T172405_043035_052376_238C_COG,sentinel-1a,2022,5,2,2022-05-02,True,stable_track_and_apr_sep_and_year_2015_2025,IW,VV|VH,,PRIMARY_VVVH,IW mode with VV+VH; primary homogeneous SAR backbone. Use only support points actually covered by each raster.,,
2022-05-14 17:23:16.165990+00:00,ascending,88,S1A_IW_GRDH_1SDV_20220514T172316_20220514T172341_043210_05291B_BBBF_COG,sentinel-1a,2022,5,14,2022-05-14,True,stable_track_and_apr_sep_and_year_2015_2025,IW,VV|VH,,PRIMARY_VVVH,IW mode with VV+VH; primary homogeneous SAR backbone. Use only support points actually covered by each raster.,,
2022-05-14 17:23:41.164642+00:00,ascending,88,S1A_IW_GRDH_1SDV_20220514T172341_20220514T172406_043210_05291B_DAF9_COG,sentinel-1a,2022,5,14,2022-05-14,True,stable_track_and_apr_sep_and_year_2015_2025,IW,VV|VH,,PRIMARY_VVVH,IW mode with VV+VH; primary homogeneous SAR backbone. Use only support points actually covered by each raster.,,
2022-05-26 17:23:16.697457+00:00,ascending,88,S1A_IW_GRDH_1SDV_20220526T172316_20220526T172341_043385_052E4C_2B15_COG,sentinel-1a,2022,5,26,2022-05-26,True,stable_track_and_apr_sep_and_year_2015_2025,IW,VV|VH,,PRIMARY_VVVH,IW mode with VV+VH; primary homogeneous SAR backbone. Use only support points actually covered by each raster.,,
2022-05-26 17:23:41.697655+00:00,ascending,88,S1A_IW_GRDH_1SDV_20220526T172341_20220526T172406_043385_052E4C_274D_COG,sentinel-1a,2022,5,26,2022-05-26,True,stable_track_and_apr_sep_and_year_2015_2025,IW,VV|VH,,PRIMARY_VVVH,IW mode with VV+VH; primary homogeneous SAR backbone. Use only support points actually covered by each raster.,,
2022-06-07 17:23:18.074334+00:00,ascending,88,S1A_IW_GRDH_1SDV_20220607T172318_20220607T172343_043560_05337D_C456_COG,sentinel-1a,2022,6,7,2022-06-07,True,stable_track_and_apr_sep_and_year_2015_2025,IW,VV|VH,,PRIMARY_VVVH,IW mode with VV+VH; primary homogeneous SAR backbone. Use only support points actually covered by each raster.,,
2022-06-07 17:23:43.073155+00:00,ascending,88,S1A_IW_GRDH_1SDV_20220607T172343_20220607T172408_043560_05337D_6C1B_COG,sentinel-1a,2022,6,7,2022-06-07,True,stable_track_and_apr_sep_and_year_2015_2025,IW,VV|VH,,PRIMARY_VVVH,IW mode with VV+VH; primary homogeneous SAR backbone. Use only support points actually covered by each raster.,,
2022-06-19 17:23:18.648801+00:00,ascending,88,S1A_IW_GRDH_1SDV_20220619T172318_20220619T172343_043735_0538B0_B485_COG,sentinel-1a,2022,6,19,2022-06-19,True,stable_track_and_apr_sep_and_year_2015_2025,IW,VV|VH,,PRIMARY_VVVH,IW mode with VV+VH; primary homogeneous SAR backbone. Use only support points actually covered by each raster.,,
2022-06-19 17:23:43.649019+00:00,ascending,88,S1A_IW_GRDH_1SDV_20220619T172343_20220619T172408_043735_0538B0_3D34_COG,sentinel-1a,2022,6,19,2022-06-19,True,stable_track_and_apr_sep_and_year_2015_2025,IW,VV|VH,,PRIMARY_VVVH,IW mode with VV+VH; primary homogeneous SAR backbone. Use only support points actually covered by each raster.,,
2022-07-01 17:23:19.360047+00:00,ascending,88,S1A_IW_GRDH_1SDV_20220701T172319_20220701T172344_043910_053DEB_9CCC_COG,sentinel-1a,2022,7,1,2022-07-01,True,stable_track_and_apr_sep_and_year_2015_2025,IW,VV|VH,,PRIMARY_VVVH,IW mode with VV+VH; primary homogeneous SAR backbone. Use only support points actually covered by each raster.,,
2022-07-01 17:23:44.360326+00:00,ascending,88,S1A_IW_GRDH_1SDV_20220701T172344_20220701T172409_043910_053DEB_E94B_COG,sentinel-1a,2022,7,1,2022-07-01,True,stable_track_and_apr_sep_and_year_2015_2025,IW,VV|VH,,PRIMARY_VVVH,IW mode with VV+VH; primary homogeneous SAR backbone. Use only support points actually covered by each raster.,,
2022-07-13 17:23:19.937756+00:00,ascending,88,S1A_IW_GRDH_1SDV_20220713T172319_20220713T172344_044085_054323_C4AD_COG,sentinel-1a,2022,7,13,2022-07-13,True,stable_track_and_apr_sep_and_year_2015_2025,IW,VV|VH,,PRIMARY_VVVH,IW mode with VV+VH; primary homogeneous SAR backbone. Use only support points actually covered by each raster.,,
2022-07-13 17:23:44.937941+00:00,ascending,88,S1A_IW_GRDH_1SDV_20220713T172344_20220713T172409_044085_054323_6B70_COG,sentinel-1a,2022,7,13,2022-07-13,True,stable_track_and_apr_sep_and_year_2015_2025,IW,VV|VH,,PRIMARY_VVVH,IW mode with VV+VH; primary homogeneous SAR backbone. Use only support points actually covered by each raster.,,
2022-07-25 17:23:20.824752+00:00,ascending,88,S1A_IW_GRDH_1SDV_20220725T172320_20220725T172345_044260_054858_BEB9_COG,sentinel-1a,2022,7,25,2022-07-25,True,stable_track_and_apr_sep_and_year_2015_2025,IW,VV|VH,,PRIMARY_VVVH,IW mode with VV+VH; primary homogeneous SAR backbone. Use only support points actually covered by each raster.,,
2022-07-25 17:23:45.824972+00:00,ascending,88,S1A_IW_GRDH_1SDV_20220725T172345_20220725T172410_044260_054858_FE92_COG,sentinel-1a,2022,7,25,2022-07-25,True,stable_track_and_apr_sep_and_year_2015_2025,IW,VV|VH,,PRIMARY_VVVH,IW mode with VV+VH; primary homogeneous SAR backbone. Use only support points actually covered by each raster.,,
2022-08-06 17:23:21.685391+00:00,ascending,88,S1A_IW_GRDH_1SDV_20220806T172321_20220806T172346_044435_054D76_4BE7_COG,sentinel-1a,2022,8,6,2022-08-06,True,stable_track_and_apr_sep_and_year_2015_2025,IW,VV|VH,,PRIMARY_VVVH,IW mode with VV+VH; primary homogeneous SAR backbone. Use only support points actually covered by each raster.,,
2022-08-06 17:23:46.685640+00:00,ascending,88,S1A_IW_GRDH_1SDV_20220806T172346_20220806T172411_044435_054D76_7B18_COG,sentinel-1a,2022,8,6,2022-08-06,True,stable_track_and_apr_sep_and_year_2015_2025,IW,VV|VH,,PRIMARY_VVVH,IW mode with VV+VH; primary homogeneous SAR backbone. Use only support points actually covered by each raster.,,
2022-08-18 17:23:22.335008+00:00,ascending,88,S1A_IW_GRDH_1SDV_20220818T172322_20220818T172347_044610_05532E_E290_COG,sentinel-1a,2022,8,18,2022-08-18,True,stable_track_and_apr_sep_and_year_2015_2025,IW,VV|VH,,PRIMARY_VVVH,IW mode with VV+VH; primary homogeneous SAR backbone. Use only support points actually covered by each raster.,,
2022-08-18 17:23:47.335141+00:00,ascending,88,S1A_IW_GRDH_1SDV_20220818T172347_20220818T172412_044610_05532E_ACFE_COG,sentinel-1a,2022,8,18,2022-08-18,True,stable_track_and_apr_sep_and_year_2015_2025,IW,VV|VH,,PRIMARY_VVVH,IW mode with VV+VH; primary homogeneous SAR backbone. Use only support points actually covered by each raster.,,
2022-08-30 17:23:22.719922+00:00,ascending,88,S1A_IW_GRDH_1SDV_20220830T172322_20220830T172347_044785_05591F_8175_COG,sentinel-1a,2022,8,30,2022-08-30,True,stable_track_and_apr_sep_and_year_2015_2025,IW,VV|VH,,PRIMARY_VVVH,IW mode with VV+VH; primary homogeneous SAR backbone. Use only support points actually covered by each raster.,,
2022-08-30 17:23:47.720121+00:00,ascending,88,S1A_IW_GRDH_1SDV_20220830T172347_20220830T172412_044785_05591F_CE51_COG,sentinel-1a,2022,8,30,2022-08-30,True,stable_track_and_apr_sep_and_year_2015_2025,IW,VV|VH,,PRIMARY_VVVH,IW mode with VV+VH; primary homogeneous SAR backbone. Use only support points actually covered by each raster.,,
2022-09-11 17:23:23.551452+00:00,ascending,88,S1A_IW_GRDH_1SDV_20220911T172323_20220911T172348_044960_055EF9_80E4_COG,sentinel-1a,2022,9,11,2022-09-11,True,stable_track_and_apr_sep_and_year_2015_2025,IW,VV|VH,,PRIMARY_VVVH,IW mode with VV+VH; primary homogeneous SAR backbone. Use only support points actually covered by each raster.,,
2022-09-11 17:23:48.551630+00:00,ascending,88,S1A_IW_GRDH_1SDV_20220911T172348_20220911T172413_044960_055EF9_9549_COG,sentinel-1a,2022,9,11,2022-09-11,True,stable_track_and_apr_sep_and_year_2015_2025,IW,VV|VH,,PRIMARY_VVVH,IW mode with VV+VH; primary homogeneous SAR backbone. Use only support points actually covered by each raster.,,
2022-09-23 17:23:22.943763+00:00,ascending,88,S1A_IW_GRDH_1SDV_20220923T172322_20220923T172347_045135_0564DD_14AC_COG,sentinel-1a,2022,9,23,2022-09-23,True,stable_track_and_apr_sep_and_year_2015_2025,IW,VV|VH,,PRIMARY_VVVH,IW mode with VV+VH; primary homogeneous SAR backbone. Use only support points actually covered by each raster.,,
2022-09-23 17:23:47.944111+00:00,ascending,88,S1A_IW_GRDH_1SDV_20220923T172347_20220923T172412_045135_0564DD_794A_COG,sentinel-1a,2022,9,23,2022-09-23,True,stable_track_and_apr_sep_and_year_2015_2025,IW,VV|VH,,PRIMARY_VVVH,IW mode with VV+VH; primary homogeneous SAR backbone. Use only support points actually covered by each raster.,,
2022-04-07 05:35:34.762425+00:00,descending,66,S1A_IW_GRDH_1SDV_20220407T053534_20220407T053559_042663_051713_92B8_COG,sentinel-1a,2022,4,7,2022-04-07,True,stable_track_and_apr_sep_and_year_2015_2025,IW,VV|VH,,PRIMARY_VVVH,IW mode with VV+VH; primary homogeneous SAR backbone. Use only support points actually covered by each raster.,,
2022-04-07 05:35:59.763695+00:00,descending,66,S1A_IW_GRDH_1SDV_20220407T053559_20220407T053624_042663_051713_45F5_COG,sentinel-1a,2022,4,7,2022-04-07,True,stable_track_and_apr_sep_and_year_2015_2025,IW,VV|VH,,PRIMARY_VVVH,IW mode with VV+VH; primary homogeneous SAR backbone. Use only support points actually covered by each raster.,,
2022-04-19 05:35:35.324280+00:00,descending,66,S1A_IW_GRDH_1SDV_20220419T053535_20220419T053600_042838_051CF1_AC33_COG,sentinel-1a,2022,4,19,2022-04-19,True,stable_track_and_apr_sep_and_year_2015_2025,IW,VV|VH,,PRIMARY_VVVH,IW mode with VV+VH; primary homogeneous SAR backbone. Use only support points actually covered by each raster.,,
2022-04-19 05:36:00.324112+00:00,descending,66,S1A_IW_GRDH_1SDV_20220419T053600_20220419T053625_042838_051CF1_660C_COG,sentinel-1a,2022,4,19,2022-04-19,True,stable_track_and_apr_sep_and_year_2015_2025,IW,VV|VH,,PRIMARY_VVVH,IW mode with VV+VH; primary homogeneous SAR backbone. Use only support points actually covered by each raster.,,
2022-05-01 05:35:35.841987+00:00,descending,66,S1A_IW_GRDH_1SDV_20220501T053535_20220501T053600_043013_0522BA_D634_COG,sentinel-1a,2022,5,1,2022-05-01,True,stable_track_and_apr_sep_and_year_2015_2025,IW,VV|VH,,PRIMARY_VVVH,IW mode with VV+VH; primary homogeneous SAR backbone. Use only support points actually covered by each raster.,,
2022-05-01 05:36:00.841808+00:00,descending,66,S1A_IW_GRDH_1SDV_20220501T053600_20220501T053625_043013_0522BA_2D08_COG,sentinel-1a,2022,5,1,2022-05-01,True,stable_track_and_apr_sep_and_year_2015_2025,IW,VV|VH,,PRIMARY_VVVH,IW mode with VV+VH; primary homogeneous SAR backbone. Use only support points actually covered by each raster.,,
2022-05-13 05:35:36.655570+00:00,descending,66,S1A_IW_GRDH_1SDV_20220513T053536_20220513T053601_043188_052869_0F3F_COG,sentinel-1a,2022,5,13,2022-05-13,True,stable_track_and_apr_sep_and_year_2015_2025,IW,VV|VH,,PRIMARY_VVVH,IW mode with VV+VH; primary homogeneous SAR backbone. Use only support points actually covered by each raster.,,
2022-05-13 05:36:01.655421+00:00,descending,66,S1A_IW_GRDH_1SDV_20220513T053601_20220513T053626_043188_052869_445D_COG,sentinel-1a,2022,5,13,2022-05-13,True,stable_track_and_apr_sep_and_year_2015_2025,IW,VV|VH,,PRIMARY_VVVH,IW mode with VV+VH; primary homogeneous SAR backbone. Use only support points actually covered by each raster.,,
2022-05-25 05:35:37.164160+00:00,descending,66,S1A_IW_GRDH_1SDV_20220525T053537_20220525T053602_043363_052DA0_52DC_COG,sentinel-1a,2022,5,25,2022-05-25,True,stable_track_and_apr_sep_and_year_2015_2025,IW,VV|VH,,PRIMARY_VVVH,IW mode with VV+VH; primary homogeneous SAR backbone. Use only support points actually covered by each raster.,,
2022-05-25 05:36:02.163890+00:00,descending,66,S1A_IW_GRDH_1SDV_20220525T053602_20220525T053627_043363_052DA0_B671_COG,sentinel-1a,2022,5,25,2022-05-25,True,stable_track_and_apr_sep_and_year_2015_2025,IW,VV|VH,,PRIMARY_VVVH,IW mode with VV+VH; primary homogeneous SAR backbone. Use only support points actually covered by each raster.,,
2022-06-06 05:35:38.591888+00:00,descending,66,S1A_IW_GRDH_1SDV_20220606T053538_20220606T053603_043538_0532CD_B884_COG,sentinel-1a,2022,6,6,2022-06-06,True,stable_track_and_apr_sep_and_year_2015_2025,IW,VV|VH,,PRIMARY_VVVH,IW mode with VV+VH; primary homogeneous SAR backbone. Use only support points actually covered by each raster.,,
2022-06-06 05:36:03.591720+00:00,descending,66,S1A_IW_GRDH_1SDV_20220606T053603_20220606T053628_043538_0532CD_4BE8_COG,sentinel-1a,2022,6,6,2022-06-06,True,stable_track_and_apr_sep_and_year_2015_2025,IW,VV|VH,,PRIMARY_VVVH,IW mode with VV+VH; primary homogeneous SAR backbone. Use only support points actually covered by each raster.,,
2022-06-18 05:35:39.096166+00:00,descending,66,S1A_IW_GRDH_1SDV_20220618T053539_20220618T053604_043713_053801_D5CC_COG,sentinel-1a,2022,6,18,2022-06-18,True,stable_track_and_apr_sep_and_year_2015_2025,IW,VV|VH,,PRIMARY_VVVH,IW mode with VV+VH; primary homogeneous SAR backbone. Use only support points actually covered by each raster.,,
2022-06-18 05:36:04.096064+00:00,descending,66,S1A_IW_GRDH_1SDV_20220618T053604_20220618T053629_043713_053801_1E88_COG,sentinel-1a,2022,6,18,2022-06-18,True,stable_track_and_apr_sep_and_year_2015_2025,IW,VV|VH,,PRIMARY_VVVH,IW mode with VV+VH; primary homogeneous SAR backbone. Use only support points actually covered by each raster.,,
2022-06-30 05:35:39.864940+00:00,descending,66,S1A_IW_GRDH_1SDV_20220630T053539_20220630T053604_043888_053D3F_B3C0_COG,sentinel-1a,2022,6,30,2022-06-30,True,stable_track_and_apr_sep_and_year_2015_2025,IW,VV|VH,,PRIMARY_VVVH,IW mode with VV+VH; primary homogeneous SAR backbone. Use only support points actually covered by each raster.,,
2022-06-30 05:36:04.864743+00:00,descending,66,S1A_IW_GRDH_1SDV_20220630T053604_20220630T053629_043888_053D3F_F13D_COG,sentinel-1a,2022,6,30,2022-06-30,True,stable_track_and_apr_sep_and_year_2015_2025,IW,VV|VH,,PRIMARY_VVVH,IW mode with VV+VH; primary homogeneous SAR backbone. Use only support points actually covered by each raster.,,
2022-07-12 05:35:40.556822+00:00,descending,66,S1A_IW_GRDH_1SDV_20220712T053540_20220712T053605_044063_054275_4AF7_COG,sentinel-1a,2022,7,12,2022-07-12,True,stable_track_and_apr_sep_and_year_2015_2025,IW,VV|VH,,PRIMARY_VVVH,IW mode with VV+VH; primary homogeneous SAR backbone. Use only support points actually covered by each raster.,,
2022-07-12 05:36:05.556640+00:00,descending,66,S1A_IW_GRDH_1SDV_20220712T053605_20220712T053630_044063_054275_76DA_COG,sentinel-1a,2022,7,12,2022-07-12,True,stable_track_and_apr_sep_and_year_2015_2025,IW,VV|VH,,PRIMARY_VVVH,IW mode with VV+VH; primary homogeneous SAR backbone. Use only support points actually covered by each raster.,,
2022-07-24 05:35:41.378636+00:00,descending,66,S1A_IW_GRDH_1SDV_20220724T053541_20220724T053606_044238_0547AF_2361_COG,sentinel-1a,2022,7,24,2022-07-24,True,stable_track_and_apr_sep_and_year_2015_2025,IW,VV|VH,,PRIMARY_VVVH,IW mode with VV+VH; primary homogeneous SAR backbone. Use only support points actually covered by each raster.,,
2022-07-24 05:36:06.378464+00:00,descending,66,S1A_IW_GRDH_1SDV_20220724T053606_20220724T053631_044238_0547AF_42C0_COG,sentinel-1a,2022,7,24,2022-07-24,True,stable_track_and_apr_sep_and_year_2015_2025,IW,VV|VH,,PRIMARY_VVVH,IW mode with VV+VH; primary homogeneous SAR backbone. Use only support points actually covered by each raster.,,
2022-08-05 05:35:42.197219+00:00,descending,66,S1A_IW_GRDH_1SDV_20220805T053542_20220805T053607_044413_054CD3_E591_COG,sentinel-1a,2022,8,5,2022-08-05,True,stable_track_and_apr_sep_and_year_2015_2025,IW,VV|VH,,PRIMARY_VVVH,IW mode with VV+VH; primary homogeneous SAR backbone. Use only support points actually covered by each raster.,,
2022-08-05 05:36:07.197041+00:00,descending,66,S1A_IW_GRDH_1SDV_20220805T053607_20220805T053632_044413_054CD3_601C_COG,sentinel-1a,2022,8,5,2022-08-05,True,stable_track_and_apr_sep_and_year_2015_2025,IW,VV|VH,,PRIMARY_VVVH,IW mode with VV+VH; primary homogeneous SAR backbone. Use only support points actually covered by each raster.,,
2022-08-17 05:35:42.874067+00:00,descending,66,S1A_IW_GRDH_1SDV_20220817T053542_20220817T053607_044588_05526F_5EA4_COG,sentinel-1a,2022,8,17,2022-08-17,True,stable_track_and_apr_sep_and_year_2015_2025,IW,VV|VH,,PRIMARY_VVVH,IW mode with VV+VH; primary homogeneous SAR backbone. Use only support points actually covered by each raster.,,
2022-08-17 05:36:07.873925+00:00,descending,66,S1A_IW_GRDH_1SDV_20220817T053607_20220817T053632_044588_05526F_6FE9_COG,sentinel-1a,2022,8,17,2022-08-17,True,stable_track_and_apr_sep_and_year_2015_2025,IW,VV|VH,,PRIMARY_VVVH,IW mode with VV+VH; primary homogeneous SAR backbone. Use only support points actually covered by each raster.,,
2022-08-29 05:35:43.281436+00:00,descending,66,S1A_IW_GRDH_1SDV_20220829T053543_20220829T053608_044763_05585A_9AF2_COG,sentinel-1a,2022,8,29,2022-08-29,True,stable_track_and_apr_sep_and_year_2015_2025,IW,VV|VH,,PRIMARY_VVVH,IW mode with VV+VH; primary homogeneous SAR backbone. Use only support points actually covered by each raster.,,
2022-08-29 05:36:08.282779+00:00,descending,66,S1A_IW_GRDH_1SDV_20220829T053608_20220829T053633_044763_05585A_28FD_COG,sentinel-1a,2022,8,29,2022-08-29,True,stable_track_and_apr_sep_and_year_2015_2025,IW,VV|VH,,PRIMARY_VVVH,IW mode with VV+VH; primary homogeneous SAR backbone. Use only support points actually covered by each raster.,,
2022-09-10 05:35:44.133686+00:00,descending,66,S1A_IW_GRDH_1SDV_20220910T053544_20220910T053609_044938_055E31_B8CA_COG,sentinel-1a,2022,9,10,2022-09-10,True,stable_track_and_apr_sep_and_year_2015_2025,IW,VV|VH,,PRIMARY_VVVH,IW mode with VV+VH; primary homogeneous SAR backbone. Use only support points actually covered by each raster.,,
2022-09-10 05:36:09.133936+00:00,descending,66,S1A_IW_GRDH_1SDV_20220910T053609_20220910T053634_044938_055E31_551C_COG,sentinel-1a,2022,9,10,2022-09-10,True,stable_track_and_apr_sep_and_year_2015_2025,IW,VV|VH,,PRIMARY_VVVH,IW mode with VV+VH; primary homogeneous SAR backbone. Use only support points actually covered by each raster.,,
2022-09-22 05:35:43.244084+00:00,descending,66,S1A_IW_GRDH_1SDV_20220922T053543_20220922T053608_045113_056419_0BEA_COG,sentinel-1a,2022,9,22,2022-09-22,True,stable_track_and_apr_sep_and_year_2015_2025,IW,VV|VH,,PRIMARY_VVVH,IW mode with VV+VH; primary homogeneous SAR backbone. Use only support points actually covered by each raster.,,
2022-09-22 05:36:08.244136+00:00,descending,66,S1A_IW_GRDH_1SDV_20220922T053608_20220922T053633_045113_056419_6005_COG,sentinel-1a,2022,9,22,2022-09-22,True,stable_track_and_apr_sep_and_year_2015_2025,IW,VV|VH,,PRIMARY_VVVH,IW mode with VV+VH; primary homogeneous SAR backbone. Use only support points actually covered by each raster.,,
2022-04-02 05:27:22.132619+00:00,descending,168,S1A_IW_GRDH_1SDV_20220402T052722_20220402T052747_042590_0514A4_6F1A_COG,sentinel-1a,2022,4,2,2022-04-02,True,stable_track_and_apr_sep_and_year_2015_2025,IW,VV|VH,,PRIMARY_VVVH,IW mode with VV+VH; primary homogeneous SAR backbone. Use only support points actually covered by each raster.,,
2022-04-02 05:27:47.132010+00:00,descending,168,S1A_IW_GRDH_1SDV_20220402T052747_20220402T052812_042590_0514A4_6AB9_COG,sentinel-1a,2022,4,2,2022-04-02,True,stable_track_and_apr_sep_and_year_2015_2025,IW,VV|VH,,PRIMARY_VVVH,IW mode with VV+VH; primary homogeneous SAR backbone. Use only support points actually covered by each raster.,,
2022-04-26 05:27:23.033673+00:00,descending,168,S1A_IW_GRDH_1SDV_20220426T052723_20220426T052748_042940_05204A_86FC_COG,sentinel-1a,2022,4,26,2022-04-26,True,stable_track_and_apr_sep_and_year_2015_2025,IW,VV|VH,,PRIMARY_VVVH,IW mode with VV+VH; primary homogeneous SAR backbone. Use only support points actually covered by each raster.,,
2022-04-26 05:27:48.034642+00:00,descending,168,S1A_IW_GRDH_1SDV_20220426T052748_20220426T052813_042940_05204A_187B_COG,sentinel-1a,2022,4,26,2022-04-26,True,stable_track_and_apr_sep_and_year_2015_2025,IW,VV|VH,,PRIMARY_VVVH,IW mode with VV+VH; primary homogeneous SAR backbone. Use only support points actually covered by each raster.,,
2022-05-08 05:27:23.405881+00:00,descending,168,S1A_IW_GRDH_1SDV_20220508T052723_20220508T052748_043115_052620_A7E5_COG,sentinel-1a,2022,5,8,2022-05-08,True,stable_track_and_apr_sep_and_year_2015_2025,IW,VV|VH,,PRIMARY_VVVH,IW mode with VV+VH; primary homogeneous SAR backbone. Use only support points actually covered by each raster.,,
2022-05-08 05:27:48.405453+00:00,descending,168,S1A_IW_GRDH_1SDV_20220508T052748_20220508T052813_043115_052620_3497_COG,sentinel-1a,2022,5,8,2022-05-08,True,stable_track_and_apr_sep_and_year_2015_2025,IW,VV|VH,,PRIMARY_VVVH,IW mode with VV+VH; primary homogeneous SAR backbone. Use only support points actually covered by each raster.,,
2022-05-20 05:27:24.208418+00:00,descending,168,S1A_IW_GRDH_1SDV_20220520T052724_20220520T052749_043290_052B73_B57F_COG,sentinel-1a,2022,5,20,2022-05-20,True,stable_track_and_apr_sep_and_year_2015_2025,IW,VV|VH,,PRIMARY_VVVH,IW mode with VV+VH; primary homogeneous SAR backbone. Use only support points actually covered by each raster.,,
2022-05-20 05:27:49.207941+00:00,descending,168,S1A_IW_GRDH_1SDV_20220520T052749_20220520T052814_043290_052B73_12C7_COG,sentinel-1a,2022,5,20,2022-05-20,True,stable_track_and_apr_sep_and_year_2015_2025,IW,VV|VH,,PRIMARY_VVVH,IW mode with VV+VH; primary homogeneous SAR backbone. Use only support points actually covered by each raster.,,
2022-06-01 05:27:25.339924+00:00,descending,168,S1A_IW_GRDH_1SDV_20220601T052725_20220601T052750_043465_0530A1_60B9_COG,sentinel-1a,2022,6,1,2022-06-01,True,stable_track_and_apr_sep_and_year_2015_2025,IW,VV|VH,,PRIMARY_VVVH,IW mode with VV+VH; primary homogeneous SAR backbone. Use only support points actually covered by each raster.,,
2022-06-01 05:27:50.340957+00:00,descending,168,S1A_IW_GRDH_1SDV_20220601T052750_20220601T052815_043465_0530A1_D7A9_COG,sentinel-1a,2022,6,1,2022-06-01,True,stable_track_and_apr_sep_and_year_2015_2025,IW,VV|VH,,PRIMARY_VVVH,IW mode with VV+VH; primary homogeneous SAR backbone. Use only support points actually covered by each raster.,,
2022-06-13 05:27:26.113538+00:00,descending,168,S1A_IW_GRDH_1SDV_20220613T052726_20220613T052751_043640_0535D2_913C_COG,sentinel-1a,2022,6,13,2022-06-13,True,stable_track_and_apr_sep_and_year_2015_2025,IW,VV|VH,,PRIMARY_VVVH,IW mode with VV+VH; primary homogeneous SAR backbone. Use only support points actually covered by each raster.,,
2022-06-13 05:27:51.114587+00:00,descending,168,S1A_IW_GRDH_1SDV_20220613T052751_20220613T052816_043640_0535D2_8CB5_COG,sentinel-1a,2022,6,13,2022-06-13,True,stable_track_and_apr_sep_and_year_2015_2025,IW,VV|VH,,PRIMARY_VVVH,IW mode with VV+VH; primary homogeneous SAR backbone. Use only support points actually covered by each raster.,,
2022-06-25 05:27:26.951806+00:00,descending,168,S1A_IW_GRDH_1SDV_20220625T052726_20220625T052751_043815_053B13_D325_COG,sentinel-1a,2022,6,25,2022-06-25,True,stable_track_and_apr_sep_and_year_2015_2025,IW,VV|VH,,PRIMARY_VVVH,IW mode with VV+VH; primary homogeneous SAR backbone. Use only support points actually covered by each raster.,,
2022-06-25 05:27:51.951254+00:00,descending,168,S1A_IW_GRDH_1SDV_20220625T052751_20220625T052816_043815_053B13_CC5C_COG,sentinel-1a,2022,6,25,2022-06-25,True,stable_track_and_apr_sep_and_year_2015_2025,IW,VV|VH,,PRIMARY_VVVH,IW mode with VV+VH; primary homogeneous SAR backbone. Use only support points actually covered by each raster.,,
2022-07-07 05:27:27.466181+00:00,descending,168,S1A_IW_GRDH_1SDV_20220707T052727_20220707T052752_043990_054042_25B0_COG,sentinel-1a,2022,7,7,2022-07-07,True,stable_track_and_apr_sep_and_year_2015_2025,IW,VV|VH,,PRIMARY_VVVH,IW mode with VV+VH; primary homogeneous SAR backbone. Use only support points actually covered by each raster.,,
2022-07-07 05:27:52.465701+00:00,descending,168,S1A_IW_GRDH_1SDV_20220707T052752_20220707T052817_043990_054042_474E_COG,sentinel-1a,2022,7,7,2022-07-07,True,stable_track_and_apr_sep_and_year_2015_2025,IW,VV|VH,,PRIMARY_VVVH,IW mode with VV+VH; primary homogeneous SAR backbone. Use only support points actually covered by each raster.,,
2022-07-19 05:27:28.343282+00:00,descending,168,S1A_IW_GRDH_1SDV_20220719T052728_20220719T052753_044165_054588_3810_COG,sentinel-1a,2022,7,19,2022-07-19,True,stable_track_and_apr_sep_and_year_2015_2025,IW,VV|VH,,PRIMARY_VVVH,IW mode with VV+VH; primary homogeneous SAR backbone. Use only support points actually covered by each raster.,,
2022-07-19 05:27:53.342803+00:00,descending,168,S1A_IW_GRDH_1SDV_20220719T052753_20220719T052818_044165_054588_E288_COG,sentinel-1a,2022,7,19,2022-07-19,True,stable_track_and_apr_sep_and_year_2015_2025,IW,VV|VH,,PRIMARY_VVVH,IW mode with VV+VH; primary homogeneous SAR backbone. Use only support points actually covered by each raster.,,
2022-07-31 05:27:29.071198+00:00,descending,168,S1A_IW_GRDH_1SDV_20220731T052729_20220731T052754_044340_054AAA_4422_COG,sentinel-1a,2022,7,31,2022-07-31,True,stable_track_and_apr_sep_and_year_2015_2025,IW,VV|VH,,PRIMARY_VVVH,IW mode with VV+VH; primary homogeneous SAR backbone. Use only support points actually covered by each raster.,,
2022-07-31 05:27:54.070703+00:00,descending,168,S1A_IW_GRDH_1SDV_20220731T052754_20220731T052819_044340_054AAA_C7C0_COG,sentinel-1a,2022,7,31,2022-07-31,True,stable_track_and_apr_sep_and_year_2015_2025,IW,VV|VH,,PRIMARY_VVVH,IW mode with VV+VH; primary homogeneous SAR backbone. Use only support points actually covered by each raster.,,
2022-08-12 05:27:29.791644+00:00,descending,168,S1A_IW_GRDH_1SDV_20220812T052729_20220812T052754_044515_054FF1_C38D_COG,sentinel-1a,2022,8,12,2022-08-12,True,stable_track_and_apr_sep_and_year_2015_2025,IW,VV|VH,,PRIMARY_VVVH,IW mode with VV+VH; primary homogeneous SAR backbone. Use only support points actually covered by each raster.,,
2022-08-12 05:27:54.791156+00:00,descending,168,S1A_IW_GRDH_1SDV_20220812T052754_20220812T052819_044515_054FF1_7A80_COG,sentinel-1a,2022,8,12,2022-08-12,True,stable_track_and_apr_sep_and_year_2015_2025,IW,VV|VH,,PRIMARY_VVVH,IW mode with VV+VH; primary homogeneous SAR backbone. Use only support points actually covered by each raster.,,
2022-09-05 05:27:31.248049+00:00,descending,168,S1A_IW_GRDH_1SDV_20220905T052731_20220905T052756_044865_055BC8_2FE4_COG,sentinel-1a,2022,9,5,2022-09-05,True,stable_track_and_apr_sep_and_year_2015_2025,IW,VV|VH,,PRIMARY_VVVH,IW mode with VV+VH; primary homogeneous SAR backbone. Use only support points actually covered by each raster.,,
2022-09-05 05:27:56.247535+00:00,descending,168,S1A_IW_GRDH_1SDV_20220905T052756_20220905T052821_044865_055BC8_C650_COG,sentinel-1a,2022,9,5,2022-09-05,True,stable_track_and_apr_sep_and_year_2015_2025,IW,VV|VH,,PRIMARY_VVVH,IW mode with VV+VH; primary homogeneous SAR backbone. Use only support points actually covered by each raster.,,
2022-09-17 05:27:31.164551+00:00,descending,168,S1A_IW_GRDH_1SDV_20220917T052731_20220917T052756_045040_0561A9_DDFD_COG,sentinel-1a,2022,9,17,2022-09-17,True,stable_track_and_apr_sep_and_year_2015_2025,IW,VV|VH,,PRIMARY_VVVH,IW mode with VV+VH; primary homogeneous SAR backbone. Use only support points actually covered by each raster.,,
2022-09-17 05:27:56.164187+00:00,descending,168,S1A_IW_GRDH_1SDV_20220917T052756_20220917T052821_045040_0561A9_0988_COG,sentinel-1a,2022,9,17,2022-09-17,True,stable_track_and_apr_sep_and_year_2015_2025,IW,VV|VH,,PRIMARY_VVVH,IW mode with VV+VH; primary homogeneous SAR backbone. Use only support points actually covered by each raster.,,
2022-09-29 05:27:31.631958+00:00,descending,168,S1A_IW_GRDH_1SDV_20220929T052731_20220929T052756_045215_05677E_604C_COG,sentinel-1a,2022,9,29,2022-09-29,True,stable_track_and_apr_sep_and_year_2015_2025,IW,VV|VH,,PRIMARY_VVVH,IW mode with VV+VH; primary homogeneous SAR backbone. Use only support points actually covered by each raster.,,
2022-09-29 05:27:56.631679+00:00,descending,168,S1A_IW_GRDH_1SDV_20220929T052756_20220929T052821_045215_05677E_A634_COG,sentinel-1a,2022,9,29,2022-09-29,True,stable_track_and_apr_sep_and_year_2015_2025,IW,VV|VH,,PRIMARY_VVVH,IW mode with VV+VH; primary homogeneous SAR backbone. Use only support points actually covered by each raster.,,
2023-04-10 17:15:14.009409+00:00,ascending,15,S1A_IW_GRDH_1SDV_20230410T171514_20230410T171539_048037_05C630_0167_COG,sentinel-1a,2023,4,10,2023-04-10,True,stable_track_and_apr_sep_and_year_2015_2025,IW,VV|VH,,PRIMARY_VVVH,IW mode with VV+VH; primary homogeneous SAR backbone. Use only support points actually covered by each raster.,,
2023-04-22 17:15:14.094054+00:00,ascending,15,S1A_IW_GRDH_1SDV_20230422T171514_20230422T171539_048212_05CC09_746A_COG,sentinel-1a,2023,4,22,2023-04-22,True,stable_track_and_apr_sep_and_year_2015_2025,IW,VV|VH,,PRIMARY_VVVH,IW mode with VV+VH; primary homogeneous SAR backbone. Use only support points actually covered by each raster.,,
2023-05-04 17:15:14.756647+00:00,ascending,15,S1A_IW_GRDH_1SDV_20230504T171514_20230504T171539_048387_05D1E8_FDB6_COG,sentinel-1a,2023,5,4,2023-05-04,True,stable_track_and_apr_sep_and_year_2015_2025,IW,VV|VH,,PRIMARY_VVVH,IW mode with VV+VH; primary homogeneous SAR backbone. Use only support points actually covered by each raster.,,
2023-05-16 17:15:15.590999+00:00,ascending,15,S1A_IW_GRDH_1SDV_20230516T171515_20230516T171540_048562_05D752_36A1_COG,sentinel-1a,2023,5,16,2023-05-16,True,stable_track_and_apr_sep_and_year_2015_2025,IW,VV|VH,,PRIMARY_VVVH,IW mode with VV+VH; primary homogeneous SAR backbone. Use only support points actually covered by each raster.,,
2023-05-28 17:15:16.131534+00:00,ascending,15,S1A_IW_GRDH_1SDV_20230528T171516_20230528T171541_048737_05DC83_54B7_COG,sentinel-1a,2023,5,28,2023-05-28,True,stable_track_and_apr_sep_and_year_2015_2025,IW,VV|VH,,PRIMARY_VVVH,IW mode with VV+VH; primary homogeneous SAR backbone. Use only support points actually covered by each raster.,,
2023-06-09 17:15:16.414956+00:00,ascending,15,S1A_IW_GRDH_1SDV_20230609T171516_20230609T171541_048912_05E1C6_EFF7_COG,sentinel-1a,2023,6,9,2023-06-09,True,stable_track_and_apr_sep_and_year_2015_2025,IW,VV|VH,,PRIMARY_VVVH,IW mode with VV+VH; primary homogeneous SAR backbone. Use only support points actually covered by each raster.,,
2023-06-21 17:15:16.980428+00:00,ascending,15,S1A_IW_GRDH_1SDV_20230621T171516_20230621T171541_049087_05E71D_920B_COG,sentinel-1a,2023,6,21,2023-06-21,True,stable_track_and_apr_sep_and_year_2015_2025,IW,VV|VH,,PRIMARY_VVVH,IW mode with VV+VH; primary homogeneous SAR backbone. Use only support points actually covered by each raster.,,
2023-07-03 17:15:17.996194+00:00,ascending,15,S1A_IW_GRDH_1SDV_20230703T171517_20230703T171542_049262_05EC71_98B2_COG,sentinel-1a,2023,7,3,2023-07-03,True,stable_track_and_apr_sep_and_year_2015_2025,IW,VV|VH,,PRIMARY_VVVH,IW mode with VV+VH; primary homogeneous SAR backbone. Use only support points actually covered by each raster.,,
2023-07-15 17:15:18.980641+00:00,ascending,15,S1A_IW_GRDH_1SDV_20230715T171518_20230715T171543_049437_05F1DD_DB0F_COG,sentinel-1a,2023,7,15,2023-07-15,True,stable_track_and_apr_sep_and_year_2015_2025,IW,VV|VH,,PRIMARY_VVVH,IW mode with VV+VH; primary homogeneous SAR backbone. Use only support points actually covered by each raster.,,
2023-07-27 17:15:19.483481+00:00,ascending,15,S1A_IW_GRDH_1SDV_20230727T171519_20230727T171544_049612_05F73D_E53B_COG,sentinel-1a,2023,7,27,2023-07-27,True,stable_track_and_apr_sep_and_year_2015_2025,IW,VV|VH,,PRIMARY_VVVH,IW mode with VV+VH; primary homogeneous SAR backbone. Use only support points actually covered by each raster.,,
2023-08-08 17:15:19.712246+00:00,ascending,15,S1A_IW_GRDH_1SDV_20230808T171519_20230808T171544_049787_05FCB4_96B7_COG,sentinel-1a,2023,8,8,2023-08-08,True,stable_track_and_apr_sep_and_year_2015_2025,IW,VV|VH,,PRIMARY_VVVH,IW mode with VV+VH; primary homogeneous SAR backbone. Use only support points actually covered by each raster.,,
2023-08-20 17:15:20.980367+00:00,ascending,15,S1A_IW_GRDH_1SDV_20230820T171520_20230820T171545_049962_0602B3_7073_COG,sentinel-1a,2023,8,20,2023-08-20,True,stable_track_and_apr_sep_and_year_2015_2025,IW,VV|VH,,PRIMARY_VVVH,IW mode with VV+VH; primary homogeneous SAR backbone. Use only support points actually covered by each raster.,,
2023-09-01 17:15:21.589916+00:00,ascending,15,S1A_IW_GRDH_1SDV_20230901T171521_20230901T171546_050137_0608B3_6EFD_COG,sentinel-1a,2023,9,1,2023-09-01,True,stable_track_and_apr_sep_and_year_2015_2025,IW,VV|VH,,PRIMARY_VVVH,IW mode with VV+VH; primary homogeneous SAR backbone. Use only support points actually covered by each raster.,,
2023-09-13 17:15:21.892756+00:00,ascending,15,S1A_IW_GRDH_1SDV_20230913T171521_20230913T171546_050312_060EAC_688F_COG,sentinel-1a,2023,9,13,2023-09-13,True,stable_track_and_apr_sep_and_year_2015_2025,IW,VV|VH,,PRIMARY_VVVH,IW mode with VV+VH; primary homogeneous SAR backbone. Use only support points actually covered by each raster.,,
2023-09-25 17:15:22.504287+00:00,ascending,15,S1A_IW_GRDH_1SDV_20230925T171522_20230925T171547_050487_06149F_4F9E_COG,sentinel-1a,2023,9,25,2023-09-25,True,stable_track_and_apr_sep_and_year_2015_2025,IW,VV|VH,,PRIMARY_VVVH,IW mode with VV+VH; primary homogeneous SAR backbone. Use only support points actually covered by each raster.,,
2023-04-03 17:23:19.981870+00:00,ascending,88,S1A_IW_GRDH_1SDV_20230403T172319_20230403T172344_047935_05C2B3_443F_COG,sentinel-1a,2023,4,3,2023-04-03,True,stable_track_and_apr_sep_and_year_2015_2025,IW,VV|VH,,PRIMARY_VVVH,IW mode with VV+VH; primary homogeneous SAR backbone. Use only support points actually covered by each raster.,,
2023-04-03 17:23:44.982255+00:00,ascending,88,S1A_IW_GRDH_1SDV_20230403T172344_20230403T172409_047935_05C2B3_25D4_COG,sentinel-1a,2023,4,3,2023-04-03,True,stable_track_and_apr_sep_and_year_2015_2025,IW,VV|VH,,PRIMARY_VVVH,IW mode with VV+VH; primary homogeneous SAR backbone. Use only support points actually covered by each raster.,,
2023-04-15 17:23:20.481120+00:00,ascending,88,S1A_IW_GRDH_1SDV_20230415T172320_20230415T172345_048110_05C89F_F574_COG,sentinel-1a,2023,4,15,2023-04-15,True,stable_track_and_apr_sep_and_year_2015_2025,IW,VV|VH,,PRIMARY_VVVH,IW mode with VV+VH; primary homogeneous SAR backbone. Use only support points actually covered by each raster.,,
2023-04-15 17:23:45.481140+00:00,ascending,88,S1A_IW_GRDH_1SDV_20230415T172345_20230415T172410_048110_05C89F_0785_COG,sentinel-1a,2023,4,15,2023-04-15,True,stable_track_and_apr_sep_and_year_2015_2025,IW,VV|VH,,PRIMARY_VVVH,IW mode with VV+VH; primary homogeneous SAR backbone. Use only support points actually covered by each raster.,,
2023-04-27 17:23:20.792995+00:00,ascending,88,S1A_IW_GRDH_1SDV_20230427T172320_20230427T172345_048285_05CE7B_3679_COG,sentinel-1a,2023,4,27,2023-04-27,True,stable_track_and_apr_sep_and_year_2015_2025,IW,VV|VH,,PRIMARY_VVVH,IW mode with VV+VH; primary homogeneous SAR backbone. Use only support points actually covered by each raster.,,
2023-04-27 17:23:45.793163+00:00,ascending,88,S1A_IW_GRDH_1SDV_20230427T172345_20230427T172410_048285_05CE7B_F558_COG,sentinel-1a,2023,4,27,2023-04-27,True,stable_track_and_apr_sep_and_year_2015_2025,IW,VV|VH,,PRIMARY_VVVH,IW mode with VV+VH; primary homogeneous SAR backbone. Use only support points actually covered by each raster.,,
2023-05-09 17:23:21.384841+00:00,ascending,88,S1A_IW_GRDH_1SDV_20230509T172321_20230509T172346_048460_05D44B_3E56_COG,sentinel-1a,2023,5,9,2023-05-09,True,stable_track_and_apr_sep_and_year_2015_2025,IW,VV|VH,,PRIMARY_VVVH,IW mode with VV+VH; primary homogeneous SAR backbone. Use only support points actually covered by each raster.,,
2023-05-09 17:23:46.384989+00:00,ascending,88,S1A_IW_GRDH_1SDV_20230509T172346_20230509T172411_048460_05D44B_D4EF_COG,sentinel-1a,2023,5,9,2023-05-09,True,stable_track_and_apr_sep_and_year_2015_2025,IW,VV|VH,,PRIMARY_VVVH,IW mode with VV+VH; primary homogeneous SAR backbone. Use only support points actually covered by each raster.,,
2023-05-21 17:23:22.164664+00:00,ascending,88,S1A_IW_GRDH_1SDV_20230521T172322_20230521T172347_048635_05D979_8CEC_COG,sentinel-1a,2023,5,21,2023-05-21,True,stable_track_and_apr_sep_and_year_2015_2025,IW,VV|VH,,PRIMARY_VVVH,IW mode with VV+VH; primary homogeneous SAR backbone. Use only support points actually covered by each raster.,,
2023-05-21 17:23:47.164906+00:00,ascending,88,S1A_IW_GRDH_1SDV_20230521T172347_20230521T172412_048635_05D979_B67A_COG,sentinel-1a,2023,5,21,2023-05-21,True,stable_track_and_apr_sep_and_year_2015_2025,IW,VV|VH,,PRIMARY_VVVH,IW mode with VV+VH; primary homogeneous SAR backbone. Use only support points actually covered by each raster.,,
2023-06-02 17:23:22.636814+00:00,ascending,88,S1A_IW_GRDH_1SDV_20230602T172322_20230602T172347_048810_05DEAA_1584_COG,sentinel-1a,2023,6,2,2023-06-02,True,stable_track_and_apr_sep_and_year_2015_2025,IW,VV|VH,,PRIMARY_VVVH,IW mode with VV+VH; primary homogeneous SAR backbone. Use only support points actually covered by each raster.,,
2023-06-02 17:23:22.637974+00:00,ascending,88,S1A_IW_GRDH_1SDV_20230602T172322_20230602T172347_048810_05DEAA_DEE6_COG,sentinel-1a,2023,6,2,2023-06-02,True,stable_track_and_apr_sep_and_year_2015_2025,IW,VV|VH,,PRIMARY_VVVH,IW mode with VV+VH; primary homogeneous SAR backbone. Use only support points actually covered by each raster.,,
2023-06-02 17:23:47.638104+00:00,ascending,88,S1A_IW_GRDH_1SDV_20230602T172347_20230602T172412_048810_05DEAA_7BCD_COG,sentinel-1a,2023,6,2,2023-06-02,True,stable_track_and_apr_sep_and_year_2015_2025,IW,VV|VH,,PRIMARY_VVVH,IW mode with VV+VH; primary homogeneous SAR backbone. Use only support points actually covered by each raster.,,
2023-06-14 17:23:23.252993+00:00,ascending,88,S1A_IW_GRDH_1SDV_20230614T172323_20230614T172348_048985_05E406_1519_COG,sentinel-1a,2023,6,14,2023-06-14,True,stable_track_and_apr_sep_and_year_2015_2025,IW,VV|VH,,PRIMARY_VVVH,IW mode with VV+VH; primary homogeneous SAR backbone. Use only support points actually covered by each raster.,,
2023-06-14 17:23:48.253315+00:00,ascending,88,S1A_IW_GRDH_1SDV_20230614T172348_20230614T172413_048985_05E406_C03E_COG,sentinel-1a,2023,6,14,2023-06-14,True,stable_track_and_apr_sep_and_year_2015_2025,IW,VV|VH,,PRIMARY_VVVH,IW mode with VV+VH; primary homogeneous SAR backbone. Use only support points actually covered by each raster.,,
2023-06-26 17:23:23.465174+00:00,ascending,88,S1A_IW_GRDH_1SDV_20230626T172323_20230626T172348_049160_05E954_9F8C_COG,sentinel-1a,2023,6,26,2023-06-26,True,stable_track_and_apr_sep_and_year_2015_2025,IW,VV|VH,,PRIMARY_VVVH,IW mode with VV+VH; primary homogeneous SAR backbone. Use only support points actually covered by each raster.,,
2023-06-26 17:23:48.465395+00:00,ascending,88,S1A_IW_GRDH_1SDV_20230626T172348_20230626T172413_049160_05E954_5ABC_COG,sentinel-1a,2023,6,26,2023-06-26,True,stable_track_and_apr_sep_and_year_2015_2025,IW,VV|VH,,PRIMARY_VVVH,IW mode with VV+VH; primary homogeneous SAR backbone. Use only support points actually covered by each raster.,,
2023-07-08 17:23:24.873149+00:00,ascending,88,S1A_IW_GRDH_1SDV_20230708T172324_20230708T172349_049335_05EEBC_E684_COG,sentinel-1a,2023,7,8,2023-07-08,True,stable_track_and_apr_sep_and_year_2015_2025,IW,VV|VH,,PRIMARY_VVVH,IW mode with VV+VH; primary homogeneous SAR backbone. Use only support points actually covered by each raster.,,
2023-07-08 17:23:49.873030+00:00,ascending,88,S1A_IW_GRDH_1SDV_20230708T172349_20230708T172414_049335_05EEBC_0023_COG,sentinel-1a,2023,7,8,2023-07-08,True,stable_track_and_apr_sep_and_year_2015_2025,IW,VV|VH,,PRIMARY_VVVH,IW mode with VV+VH; primary homogeneous SAR backbone. Use only support points actually covered by each raster.,,
2023-07-20 17:23:25.374299+00:00,ascending,88,S1A_IW_GRDH_1SDV_20230720T172325_20230720T172350_049510_05F40F_6113_COG,sentinel-1a,2023,7,20,2023-07-20,True,stable_track_and_apr_sep_and_year_2015_2025,IW,VV|VH,,PRIMARY_VVVH,IW mode with VV+VH; primary homogeneous SAR backbone. Use only support points actually covered by each raster.,,
2023-07-20 17:23:50.374509+00:00,ascending,88,S1A_IW_GRDH_1SDV_20230720T172350_20230720T172415_049510_05F40F_3B3B_COG,sentinel-1a,2023,7,20,2023-07-20,True,stable_track_and_apr_sep_and_year_2015_2025,IW,VV|VH,,PRIMARY_VVVH,IW mode with VV+VH; primary homogeneous SAR backbone. Use only support points actually covered by each raster.,,
2023-08-01 17:23:25.934993+00:00,ascending,88,S1A_IW_GRDH_1SDV_20230801T172325_20230801T172350_049685_05F97B_89F3_COG,sentinel-1a,2023,8,1,2023-08-01,True,stable_track_and_apr_sep_and_year_2015_2025,IW,VV|VH,,PRIMARY_VVVH,IW mode with VV+VH; primary homogeneous SAR backbone. Use only support points actually covered by each raster.,,
2023-08-01 17:23:50.935217+00:00,ascending,88,S1A_IW_GRDH_1SDV_20230801T172350_20230801T172415_049685_05F97B_22DC_COG,sentinel-1a,2023,8,1,2023-08-01,True,stable_track_and_apr_sep_and_year_2015_2025,IW,VV|VH,,PRIMARY_VVVH,IW mode with VV+VH; primary homogeneous SAR backbone. Use only support points actually covered by each raster.,,
2023-08-13 17:23:26.571688+00:00,ascending,88,S1A_IW_GRDH_1SDV_20230813T172326_20230813T172351_049860_05FF2F_7B34_COG,sentinel-1a,2023,8,13,2023-08-13,True,stable_track_and_apr_sep_and_year_2015_2025,IW,VV|VH,,PRIMARY_VVVH,IW mode with VV+VH; primary homogeneous SAR backbone. Use only support points actually covered by each raster.,,
2023-08-13 17:23:51.571949+00:00,ascending,88,S1A_IW_GRDH_1SDV_20230813T172351_20230813T172416_049860_05FF2F_B7B5_COG,sentinel-1a,2023,8,13,2023-08-13,True,stable_track_and_apr_sep_and_year_2015_2025,IW,VV|VH,,PRIMARY_VVVH,IW mode with VV+VH; primary homogeneous SAR backbone. Use only support points actually covered by each raster.,,
2023-08-25 17:23:27.520391+00:00,ascending,88,S1A_IW_GRDH_1SDV_20230825T172327_20230825T172352_050035_060521_AF1F_COG,sentinel-1a,2023,8,25,2023-08-25,True,stable_track_and_apr_sep_and_year_2015_2025,IW,VV|VH,,PRIMARY_VVVH,IW mode with VV+VH; primary homogeneous SAR backbone. Use only support points actually covered by each raster.,,
2023-08-25 17:23:52.519221+00:00,ascending,88,S1A_IW_GRDH_1SDV_20230825T172352_20230825T172417_050035_060521_48BF_COG,sentinel-1a,2023,8,25,2023-08-25,True,stable_track_and_apr_sep_and_year_2015_2025,IW,VV|VH,,PRIMARY_VVVH,IW mode with VV+VH; primary homogeneous SAR backbone. Use only support points actually covered by each raster.,,
2023-09-06 17:23:28.079956+00:00,ascending,88,S1A_IW_GRDH_1SDV_20230906T172328_20230906T172353_050210_060B1F_E3E2_COG,sentinel-1a,2023,9,6,2023-09-06,True,stable_track_and_apr_sep_and_year_2015_2025,IW,VV|VH,,PRIMARY_VVVH,IW mode with VV+VH; primary homogeneous SAR backbone. Use only support points actually covered by each raster.,,
2023-09-06 17:23:53.078785+00:00,ascending,88,S1A_IW_GRDH_1SDV_20230906T172353_20230906T172418_050210_060B1F_5193_COG,sentinel-1a,2023,9,6,2023-09-06,True,stable_track_and_apr_sep_and_year_2015_2025,IW,VV|VH,,PRIMARY_VVVH,IW mode with VV+VH; primary homogeneous SAR backbone. Use only support points actually covered by each raster.,,
2023-09-18 17:23:28.614955+00:00,ascending,88,S1A_IW_GRDH_1SDV_20230918T172328_20230918T172353_050385_061114_A80E_COG,sentinel-1a,2023,9,18,2023-09-18,True,stable_track_and_apr_sep_and_year_2015_2025,IW,VV|VH,,PRIMARY_VVVH,IW mode with VV+VH; primary homogeneous SAR backbone. Use only support points actually covered by each raster.,,
2023-09-18 17:23:53.614855+00:00,ascending,88,S1A_IW_GRDH_1SDV_20230918T172353_20230918T172418_050385_061114_1937_COG,sentinel-1a,2023,9,18,2023-09-18,True,stable_track_and_apr_sep_and_year_2015_2025,IW,VV|VH,,PRIMARY_VVVH,IW mode with VV+VH; primary homogeneous SAR backbone. Use only support points actually covered by each raster.,,
2023-09-30 17:23:28.898546+00:00,ascending,88,S1A_IW_GRDH_1SDV_20230930T172328_20230930T172353_050560_06170F_C647_COG,sentinel-1a,2023,9,30,2023-09-30,True,stable_track_and_apr_sep_and_year_2015_2025,IW,VV|VH,,PRIMARY_VVVH,IW mode with VV+VH; primary homogeneous SAR backbone. Use only support points actually covered by each raster.,,
2023-09-30 17:23:53.898895+00:00,ascending,88,S1A_IW_GRDH_1SDV_20230930T172353_20230930T172418_050560_06170F_0E57_COG,sentinel-1a,2023,9,30,2023-09-30,True,stable_track_and_apr_sep_and_year_2015_2025,IW,VV|VH,,PRIMARY_VVVH,IW mode with VV+VH; primary homogeneous SAR backbone. Use only support points actually covered by each raster.,,
2023-04-02 05:35:40.641338+00:00,descending,66,S1A_IW_GRDH_1SDV_20230402T053540_20230402T053605_047913_05C1EB_5BBC_COG,sentinel-1a,2023,4,2,2023-04-02,True,stable_track_and_apr_sep_and_year_2015_2025,IW,VV|VH,,PRIMARY_VVVH,IW mode with VV+VH; primary homogeneous SAR backbone. Use only support points actually covered by each raster.,,
2023-04-02 05:36:05.641129+00:00,descending,66,S1A_IW_GRDH_1SDV_20230402T053605_20230402T053630_047913_05C1EB_0D6D_COG,sentinel-1a,2023,4,2,2023-04-02,True,stable_track_and_apr_sep_and_year_2015_2025,IW,VV|VH,,PRIMARY_VVVH,IW mode with VV+VH; primary homogeneous SAR backbone. Use only support points actually covered by each raster.,,
2023-04-14 05:35:41.078499+00:00,descending,66,S1A_IW_GRDH_1SDV_20230414T053541_20230414T053606_048088_05C7DA_D738_COG,sentinel-1a,2023,4,14,2023-04-14,True,stable_track_and_apr_sep_and_year_2015_2025,IW,VV|VH,,PRIMARY_VVVH,IW mode with VV+VH; primary homogeneous SAR backbone. Use only support points actually covered by each raster.,,
2023-04-14 05:36:06.078178+00:00,descending,66,S1A_IW_GRDH_1SDV_20230414T053606_20230414T053631_048088_05C7DA_82B5_COG,sentinel-1a,2023,4,14,2023-04-14,True,stable_track_and_apr_sep_and_year_2015_2025,IW,VV|VH,,PRIMARY_VVVH,IW mode with VV+VH; primary homogeneous SAR backbone. Use only support points actually covered by each raster.,,
2023-04-26 05:35:41.288410+00:00,descending,66,S1A_IW_GRDH_1SDV_20230426T053541_20230426T053606_048263_05CDBA_C521_COG,sentinel-1a,2023,4,26,2023-04-26,True,stable_track_and_apr_sep_and_year_2015_2025,IW,VV|VH,,PRIMARY_VVVH,IW mode with VV+VH; primary homogeneous SAR backbone. Use only support points actually covered by each raster.,,
2023-04-26 05:36:06.288202+00:00,descending,66,S1A_IW_GRDH_1SDV_20230426T053606_20230426T053631_048263_05CDBA_349C_COG,sentinel-1a,2023,4,26,2023-04-26,True,stable_track_and_apr_sep_and_year_2015_2025,IW,VV|VH,,PRIMARY_VVVH,IW mode with VV+VH; primary homogeneous SAR backbone. Use only support points actually covered by each raster.,,
2023-05-08 05:35:42.034346+00:00,descending,66,S1A_IW_GRDH_1SDV_20230508T053542_20230508T053607_048438_05D396_EB4C_COG,sentinel-1a,2023,5,8,2023-05-08,True,stable_track_and_apr_sep_and_year_2015_2025,IW,VV|VH,,PRIMARY_VVVH,IW mode with VV+VH; primary homogeneous SAR backbone. Use only support points actually covered by each raster.,,
2023-05-08 05:36:07.034204+00:00,descending,66,S1A_IW_GRDH_1SDV_20230508T053607_20230508T053632_048438_05D396_8B0D_COG,sentinel-1a,2023,5,8,2023-05-08,True,stable_track_and_apr_sep_and_year_2015_2025,IW,VV|VH,,PRIMARY_VVVH,IW mode with VV+VH; primary homogeneous SAR backbone. Use only support points actually covered by each raster.,,
2023-05-20 05:35:42.758075+00:00,descending,66,S1A_IW_GRDH_1SDV_20230520T053542_20230520T053607_048613_05D8C9_5C0E_COG,sentinel-1a,2023,5,20,2023-05-20,True,stable_track_and_apr_sep_and_year_2015_2025,IW,VV|VH,,PRIMARY_VVVH,IW mode with VV+VH; primary homogeneous SAR backbone. Use only support points actually covered by each raster.,,
2023-05-20 05:36:07.759421+00:00,descending,66,S1A_IW_GRDH_1SDV_20230520T053607_20230520T053632_048613_05D8C9_9AB5_COG,sentinel-1a,2023,5,20,2023-05-20,True,stable_track_and_apr_sep_and_year_2015_2025,IW,VV|VH,,PRIMARY_VVVH,IW mode with VV+VH; primary homogeneous SAR backbone. Use only support points actually covered by each raster.,,
2023-06-01 05:35:43.164572+00:00,descending,66,S1A_IW_GRDH_1SDV_20230601T053543_20230601T053608_048788_05DE01_E61D_COG,sentinel-1a,2023,6,1,2023-06-01,True,stable_track_and_apr_sep_and_year_2015_2025,IW,VV|VH,,PRIMARY_VVVH,IW mode with VV+VH; primary homogeneous SAR backbone. Use only support points actually covered by each raster.,,
2023-06-01 05:36:08.165921+00:00,descending,66,S1A_IW_GRDH_1SDV_20230601T053608_20230601T053633_048788_05DE01_1BF4_COG,sentinel-1a,2023,6,1,2023-06-01,True,stable_track_and_apr_sep_and_year_2015_2025,IW,VV|VH,,PRIMARY_VVVH,IW mode with VV+VH; primary homogeneous SAR backbone. Use only support points actually covered by each raster.,,
2023-06-13 05:35:43.821874+00:00,descending,66,S1A_IW_GRDH_1SDV_20230613T053543_20230613T053608_048963_05E354_367E_COG,sentinel-1a,2023,6,13,2023-06-13,True,stable_track_and_apr_sep_and_year_2015_2025,IW,VV|VH,,PRIMARY_VVVH,IW mode with VV+VH; primary homogeneous SAR backbone. Use only support points actually covered by each raster.,,
2023-06-13 05:36:08.821678+00:00,descending,66,S1A_IW_GRDH_1SDV_20230613T053608_20230613T053633_048963_05E354_34D1_COG,sentinel-1a,2023,6,13,2023-06-13,True,stable_track_and_apr_sep_and_year_2015_2025,IW,VV|VH,,PRIMARY_VVVH,IW mode with VV+VH; primary homogeneous SAR backbone. Use only support points actually covered by each raster.,,
2023-06-25 05:35:44.645667+00:00,descending,66,S1A_IW_GRDH_1SDV_20230625T053544_20230625T053609_049138_05E8A7_0B0D_COG,sentinel-1a,2023,6,25,2023-06-25,True,stable_track_and_apr_sep_and_year_2015_2025,IW,VV|VH,,PRIMARY_VVVH,IW mode with VV+VH; primary homogeneous SAR backbone. Use only support points actually covered by each raster.,,
2023-06-25 05:36:09.645450+00:00,descending,66,S1A_IW_GRDH_1SDV_20230625T053609_20230625T053634_049138_05E8A7_16B7_COG,sentinel-1a,2023,6,25,2023-06-25,True,stable_track_and_apr_sep_and_year_2015_2025,IW,VV|VH,,PRIMARY_VVVH,IW mode with VV+VH; primary homogeneous SAR backbone. Use only support points actually covered by each raster.,,
2023-07-07 05:35:45.318018+00:00,descending,66,S1A_IW_GRDH_1SDV_20230707T053545_20230707T053610_049313_05EE09_6E74_COG,sentinel-1a,2023,7,7,2023-07-07,True,stable_track_and_apr_sep_and_year_2015_2025,IW,VV|VH,,PRIMARY_VVVH,IW mode with VV+VH; primary homogeneous SAR backbone. Use only support points actually covered by each raster.,,
2023-07-07 05:36:10.317882+00:00,descending,66,S1A_IW_GRDH_1SDV_20230707T053610_20230707T053635_049313_05EE09_ED01_COG,sentinel-1a,2023,7,7,2023-07-07,True,stable_track_and_apr_sep_and_year_2015_2025,IW,VV|VH,,PRIMARY_VVVH,IW mode with VV+VH; primary homogeneous SAR backbone. Use only support points actually covered by each raster.,,
2023-07-19 05:35:45.903887+00:00,descending,66,S1A_IW_GRDH_1SDV_20230719T053545_20230719T053610_049488_05F366_E26D_COG,sentinel-1a,2023,7,19,2023-07-19,True,stable_track_and_apr_sep_and_year_2015_2025,IW,VV|VH,,PRIMARY_VVVH,IW mode with VV+VH; primary homogeneous SAR backbone. Use only support points actually covered by each raster.,,
2023-07-19 05:36:10.903648+00:00,descending,66,S1A_IW_GRDH_1SDV_20230719T053610_20230719T053635_049488_05F366_9F2C_COG,sentinel-1a,2023,7,19,2023-07-19,True,stable_track_and_apr_sep_and_year_2015_2025,IW,VV|VH,,PRIMARY_VVVH,IW mode with VV+VH; primary homogeneous SAR backbone. Use only support points actually covered by each raster.,,
2023-07-31 05:35:46.627555+00:00,descending,66,S1A_IW_GRDH_1SDV_20230731T053546_20230731T053611_049663_05F8D1_FEE8_COG,sentinel-1a,2023,7,31,2023-07-31,True,stable_track_and_apr_sep_and_year_2015_2025,IW,VV|VH,,PRIMARY_VVVH,IW mode with VV+VH; primary homogeneous SAR backbone. Use only support points actually covered by each raster.,,
2023-07-31 05:36:11.627229+00:00,descending,66,S1A_IW_GRDH_1SDV_20230731T053611_20230731T053636_049663_05F8D1_9C76_COG,sentinel-1a,2023,7,31,2023-07-31,True,stable_track_and_apr_sep_and_year_2015_2025,IW,VV|VH,,PRIMARY_VVVH,IW mode with VV+VH; primary homogeneous SAR backbone. Use only support points actually covered by each raster.,,
2023-08-12 05:35:46.901322+00:00,descending,66,S1A_IW_GRDH_1SDV_20230812T053546_20230812T053611_049838_05FE67_3C38_COG,sentinel-1a,2023,8,12,2023-08-12,True,stable_track_and_apr_sep_and_year_2015_2025,IW,VV|VH,,PRIMARY_VVVH,IW mode with VV+VH; primary homogeneous SAR backbone. Use only support points actually covered by each raster.,,
2023-08-12 05:36:11.901231+00:00,descending,66,S1A_IW_GRDH_1SDV_20230812T053611_20230812T053636_049838_05FE67_82FF_COG,sentinel-1a,2023,8,12,2023-08-12,True,stable_track_and_apr_sep_and_year_2015_2025,IW,VV|VH,,PRIMARY_VVVH,IW mode with VV+VH; primary homogeneous SAR backbone. Use only support points actually covered by each raster.,,
2023-08-24 05:35:47.915002+00:00,descending,66,S1A_IW_GRDH_1SDV_20230824T053547_20230824T053612_050013_060459_7532_COG,sentinel-1a,2023,8,24,2023-08-24,True,stable_track_and_apr_sep_and_year_2015_2025,IW,VV|VH,,PRIMARY_VVVH,IW mode with VV+VH; primary homogeneous SAR backbone. Use only support points actually covered by each raster.,,
2023-08-24 05:36:12.914927+00:00,descending,66,S1A_IW_GRDH_1SDV_20230824T053612_20230824T053637_050013_060459_2D0E_COG,sentinel-1a,2023,8,24,2023-08-24,True,stable_track_and_apr_sep_and_year_2015_2025,IW,VV|VH,,PRIMARY_VVVH,IW mode with VV+VH; primary homogeneous SAR backbone. Use only support points actually covered by each raster.,,
2023-09-05 05:35:48.737948+00:00,descending,66,S1A_IW_GRDH_1SDV_20230905T053548_20230905T053613_050188_060A63_F19D_COG,sentinel-1a,2023,9,5,2023-09-05,True,stable_track_and_apr_sep_and_year_2015_2025,IW,VV|VH,,PRIMARY_VVVH,IW mode with VV+VH; primary homogeneous SAR backbone. Use only support points actually covered by each raster.,,
2023-09-05 05:36:13.737832+00:00,descending,66,S1A_IW_GRDH_1SDV_20230905T053613_20230905T053638_050188_060A63_61F1_COG,sentinel-1a,2023,9,5,2023-09-05,True,stable_track_and_apr_sep_and_year_2015_2025,IW,VV|VH,,PRIMARY_VVVH,IW mode with VV+VH; primary homogeneous SAR backbone. Use only support points actually covered by each raster.,,
2023-09-17 05:35:49.206510+00:00,descending,66,S1A_IW_GRDH_1SDV_20230917T053549_20230917T053614_050363_06104F_F244_COG,sentinel-1a,2023,9,17,2023-09-17,True,stable_track_and_apr_sep_and_year_2015_2025,IW,VV|VH,,PRIMARY_VVVH,IW mode with VV+VH; primary homogeneous SAR backbone. Use only support points actually covered by each raster.,,
2023-09-17 05:36:14.206509+00:00,descending,66,S1A_IW_GRDH_1SDV_20230917T053614_20230917T053639_050363_06104F_CB4B_COG,sentinel-1a,2023,9,17,2023-09-17,True,stable_track_and_apr_sep_and_year_2015_2025,IW,VV|VH,,PRIMARY_VVVH,IW mode with VV+VH; primary homogeneous SAR backbone. Use only support points actually covered by each raster.,,
2023-09-29 05:35:49.417114+00:00,descending,66,S1A_IW_GRDH_1SDV_20230929T053549_20230929T053614_050538_06164A_0394_COG,sentinel-1a,2023,9,29,2023-09-29,True,stable_track_and_apr_sep_and_year_2015_2025,IW,VV|VH,,PRIMARY_VVVH,IW mode with VV+VH; primary homogeneous SAR backbone. Use only support points actually covered by each raster.,,
2023-09-29 05:36:14.417176+00:00,descending,66,S1A_IW_GRDH_1SDV_20230929T053614_20230929T053639_050538_06164A_88AF_COG,sentinel-1a,2023,9,29,2023-09-29,True,stable_track_and_apr_sep_and_year_2015_2025,IW,VV|VH,,PRIMARY_VVVH,IW mode with VV+VH; primary homogeneous SAR backbone. Use only support points actually covered by each raster.,,
2023-04-09 05:27:28.139475+00:00,descending,168,S1A_IW_GRDH_1SDV_20230409T052728_20230409T052753_048015_05C56B_0221_COG,sentinel-1a,2023,4,9,2023-04-09,True,stable_track_and_apr_sep_and_year_2015_2025,IW,VV|VH,,PRIMARY_VVVH,IW mode with VV+VH; primary homogeneous SAR backbone. Use only support points actually covered by each raster.,,
2023-04-09 05:27:53.138896+00:00,descending,168,S1A_IW_GRDH_1SDV_20230409T052753_20230409T052818_048015_05C56B_1A3A_COG,sentinel-1a,2023,4,9,2023-04-09,True,stable_track_and_apr_sep_and_year_2015_2025,IW,VV|VH,,PRIMARY_VVVH,IW mode with VV+VH; primary homogeneous SAR backbone. Use only support points actually covered by each raster.,,
2023-04-21 05:27:27.993746+00:00,descending,168,S1A_IW_GRDH_1SDV_20230421T052727_20230421T052752_048190_05CB44_C818_COG,sentinel-1a,2023,4,21,2023-04-21,True,stable_track_and_apr_sep_and_year_2015_2025,IW,VV|VH,,PRIMARY_VVVH,IW mode with VV+VH; primary homogeneous SAR backbone. Use only support points actually covered by each raster.,,
2023-04-21 05:27:52.994784+00:00,descending,168,S1A_IW_GRDH_1SDV_20230421T052752_20230421T052817_048190_05CB44_FE73_COG,sentinel-1a,2023,4,21,2023-04-21,True,stable_track_and_apr_sep_and_year_2015_2025,IW,VV|VH,,PRIMARY_VVVH,IW mode with VV+VH; primary homogeneous SAR backbone. Use only support points actually covered by each raster.,,
2023-05-03 05:27:28.885457+00:00,descending,168,S1A_IW_GRDH_1SDV_20230503T052728_20230503T052753_048365_05D12D_8091_COG,sentinel-1a,2023,5,3,2023-05-03,True,stable_track_and_apr_sep_and_year_2015_2025,IW,VV|VH,,PRIMARY_VVVH,IW mode with VV+VH; primary homogeneous SAR backbone. Use only support points actually covered by each raster.,,
2023-05-03 05:27:53.886430+00:00,descending,168,S1A_IW_GRDH_1SDV_20230503T052753_20230503T052818_048365_05D12D_299F_COG,sentinel-1a,2023,5,3,2023-05-03,True,stable_track_and_apr_sep_and_year_2015_2025,IW,VV|VH,,PRIMARY_VVVH,IW mode with VV+VH; primary homogeneous SAR backbone. Use only support points actually covered by each raster.,,
2023-05-15 05:27:29.769854+00:00,descending,168,S1A_IW_GRDH_1SDV_20230515T052729_20230515T052754_048540_05D6AC_308B_COG,sentinel-1a,2023,5,15,2023-05-15,True,stable_track_and_apr_sep_and_year_2015_2025,IW,VV|VH,,PRIMARY_VVVH,IW mode with VV+VH; primary homogeneous SAR backbone. Use only support points actually covered by each raster.,,
2023-05-15 05:27:54.770896+00:00,descending,168,S1A_IW_GRDH_1SDV_20230515T052754_20230515T052819_048540_05D6AC_5EB7_COG,sentinel-1a,2023,5,15,2023-05-15,True,stable_track_and_apr_sep_and_year_2015_2025,IW,VV|VH,,PRIMARY_VVVH,IW mode with VV+VH; primary homogeneous SAR backbone. Use only support points actually covered by each raster.,,
2023-05-27 05:27:30.190029+00:00,descending,168,S1A_IW_GRDH_1SDV_20230527T052730_20230527T052755_048715_05DBDD_94D2_COG,sentinel-1a,2023,5,27,2023-05-27,True,stable_track_and_apr_sep_and_year_2015_2025,IW,VV|VH,,PRIMARY_VVVH,IW mode with VV+VH; primary homogeneous SAR backbone. Use only support points actually covered by each raster.,,
2023-05-27 05:27:55.189545+00:00,descending,168,S1A_IW_GRDH_1SDV_20230527T052755_20230527T052820_048715_05DBDD_4E6A_COG,sentinel-1a,2023,5,27,2023-05-27,True,stable_track_and_apr_sep_and_year_2015_2025,IW,VV|VH,,PRIMARY_VVVH,IW mode with VV+VH; primary homogeneous SAR backbone. Use only support points actually covered by each raster.,,
2023-06-08 05:27:30.315688+00:00,descending,168,S1A_IW_GRDH_1SDV_20230608T052730_20230608T052755_048890_05E11C_A09A_COG,sentinel-1a,2023,6,8,2023-06-08,True,stable_track_and_apr_sep_and_year_2015_2025,IW,VV|VH,,PRIMARY_VVVH,IW mode with VV+VH; primary homogeneous SAR backbone. Use only support points actually covered by each raster.,,
2023-06-08 05:27:55.315253+00:00,descending,168,S1A_IW_GRDH_1SDV_20230608T052755_20230608T052820_048890_05E11C_0FE8_COG,sentinel-1a,2023,6,8,2023-06-08,True,stable_track_and_apr_sep_and_year_2015_2025,IW,VV|VH,,PRIMARY_VVVH,IW mode with VV+VH; primary homogeneous SAR backbone. Use only support points actually covered by each raster.,,
2023-06-20 05:27:31.349013+00:00,descending,168,S1A_IW_GRDH_1SDV_20230620T052731_20230620T052756_049065_05E675_7EDD_COG,sentinel-1a,2023,6,20,2023-06-20,True,stable_track_and_apr_sep_and_year_2015_2025,IW,VV|VH,,PRIMARY_VVVH,IW mode with VV+VH; primary homogeneous SAR backbone. Use only support points actually covered by each raster.,,
2023-06-20 05:27:56.348428+00:00,descending,168,S1A_IW_GRDH_1SDV_20230620T052756_20230620T052821_049065_05E675_A55D_COG,sentinel-1a,2023,6,20,2023-06-20,True,stable_track_and_apr_sep_and_year_2015_2025,IW,VV|VH,,PRIMARY_VVVH,IW mode with VV+VH; primary homogeneous SAR backbone. Use only support points actually covered by each raster.,,
2023-07-02 05:27:32.033388+00:00,descending,168,S1A_IW_GRDH_1SDV_20230702T052732_20230702T052757_049240_05EBC4_293B_COG,sentinel-1a,2023,7,2,2023-07-02,True,stable_track_and_apr_sep_and_year_2015_2025,IW,VV|VH,,PRIMARY_VVVH,IW mode with VV+VH; primary homogeneous SAR backbone. Use only support points actually covered by each raster.,,
2023-07-02 05:27:57.032832+00:00,descending,168,S1A_IW_GRDH_1SDV_20230702T052757_20230702T052822_049240_05EBC4_9FC3_COG,sentinel-1a,2023,7,2,2023-07-02,True,stable_track_and_apr_sep_and_year_2015_2025,IW,VV|VH,,PRIMARY_VVVH,IW mode with VV+VH; primary homogeneous SAR backbone. Use only support points actually covered by each raster.,,
2023-07-14 05:27:33.070566+00:00,descending,168,S1A_IW_GRDH_1SDV_20230714T052733_20230714T052758_049415_05F130_8B7A_COG,sentinel-1a,2023,7,14,2023-07-14,True,stable_track_and_apr_sep_and_year_2015_2025,IW,VV|VH,,PRIMARY_VVVH,IW mode with VV+VH; primary homogeneous SAR backbone. Use only support points actually covered by each raster.,,
2023-07-14 05:27:58.070297+00:00,descending,168,S1A_IW_GRDH_1SDV_20230714T052758_20230714T052823_049415_05F130_0DBB_COG,sentinel-1a,2023,7,14,2023-07-14,True,stable_track_and_apr_sep_and_year_2015_2025,IW,VV|VH,,PRIMARY_VVVH,IW mode with VV+VH; primary homogeneous SAR backbone. Use only support points actually covered by each raster.,,
2023-07-26 05:27:33.701852+00:00,descending,168,S1A_IW_GRDH_1SDV_20230726T052733_20230726T052758_049590_05F68C_57CA_COG,sentinel-1a,2023,7,26,2023-07-26,True,stable_track_and_apr_sep_and_year_2015_2025,IW,VV|VH,,PRIMARY_VVVH,IW mode with VV+VH; primary homogeneous SAR backbone. Use only support points actually covered by each raster.,,
2023-07-26 05:27:58.702758+00:00,descending,168,S1A_IW_GRDH_1SDV_20230726T052758_20230726T052823_049590_05F68C_0A7F_COG,sentinel-1a,2023,7,26,2023-07-26,True,stable_track_and_apr_sep_and_year_2015_2025,IW,VV|VH,,PRIMARY_VVVH,IW mode with VV+VH; primary homogeneous SAR backbone. Use only support points actually covered by each raster.,,
2023-08-07 05:27:34.288012+00:00,descending,168,S1A_IW_GRDH_1SDV_20230807T052734_20230807T052759_049765_05FBF2_C425_COG,sentinel-1a,2023,8,7,2023-08-07,True,stable_track_and_apr_sep_and_year_2015_2025,IW,VV|VH,,PRIMARY_VVVH,IW mode with VV+VH; primary homogeneous SAR backbone. Use only support points actually covered by each raster.,,
2023-08-07 05:27:59.288971+00:00,descending,168,S1A_IW_GRDH_1SDV_20230807T052759_20230807T052824_049765_05FBF2_0D1C_COG,sentinel-1a,2023,8,7,2023-08-07,True,stable_track_and_apr_sep_and_year_2015_2025,IW,VV|VH,,PRIMARY_VVVH,IW mode with VV+VH; primary homogeneous SAR backbone. Use only support points actually covered by each raster.,,
2023-08-19 05:27:35.131370+00:00,descending,168,S1A_IW_GRDH_1SDV_20230819T052735_20230819T052800_049940_0601E9_D7DC_COG,sentinel-1a,2023,8,19,2023-08-19,True,stable_track_and_apr_sep_and_year_2015_2025,IW,VV|VH,,PRIMARY_VVVH,IW mode with VV+VH; primary homogeneous SAR backbone. Use only support points actually covered by each raster.,,
2023-08-19 05:28:00.132396+00:00,descending,168,S1A_IW_GRDH_1SDV_20230819T052800_20230819T052825_049940_0601E9_A746_COG,sentinel-1a,2023,8,19,2023-08-19,True,stable_track_and_apr_sep_and_year_2015_2025,IW,VV|VH,,PRIMARY_VVVH,IW mode with VV+VH; primary homogeneous SAR backbone. Use only support points actually covered by each raster.,,
2023-08-31 05:27:35.604045+00:00,descending,168,S1A_IW_GRDH_1SDV_20230831T052735_20230831T052800_050115_0607E8_D572_COG,sentinel-1a,2023,8,31,2023-08-31,True,stable_track_and_apr_sep_and_year_2015_2025,IW,VV|VH,,PRIMARY_VVVH,IW mode with VV+VH; primary homogeneous SAR backbone. Use only support points actually covered by each raster.,,
2023-08-31 05:28:00.603879+00:00,descending,168,S1A_IW_GRDH_1SDV_20230831T052800_20230831T052825_050115_0607E8_DF58_COG,sentinel-1a,2023,8,31,2023-08-31,True,stable_track_and_apr_sep_and_year_2015_2025,IW,VV|VH,,PRIMARY_VVVH,IW mode with VV+VH; primary homogeneous SAR backbone. Use only support points actually covered by each raster.,,
2023-09-12 05:27:36.238835+00:00,descending,168,S1A_IW_GRDH_1SDV_20230912T052736_20230912T052801_050290_060DE1_F323_COG,sentinel-1a,2023,9,12,2023-09-12,True,stable_track_and_apr_sep_and_year_2015_2025,IW,VV|VH,,PRIMARY_VVVH,IW mode with VV+VH; primary homogeneous SAR backbone. Use only support points actually covered by each raster.,,
2023-09-12 05:28:01.238372+00:00,descending,168,S1A_IW_GRDH_1SDV_20230912T052801_20230912T052826_050290_060DE1_551D_COG,sentinel-1a,2023,9,12,2023-09-12,True,stable_track_and_apr_sep_and_year_2015_2025,IW,VV|VH,,PRIMARY_VVVH,IW mode with VV+VH; primary homogeneous SAR backbone. Use only support points actually covered by each raster.,,
2023-09-24 05:27:36.709123+00:00,descending,168,S1A_IW_GRDH_1SDV_20230924T052736_20230924T052801_050465_0613D4_E680_COG,sentinel-1a,2023,9,24,2023-09-24,True,stable_track_and_apr_sep_and_year_2015_2025,IW,VV|VH,,PRIMARY_VVVH,IW mode with VV+VH; primary homogeneous SAR backbone. Use only support points actually covered by each raster.,,
2023-09-24 05:28:01.708800+00:00,descending,168,S1A_IW_GRDH_1SDV_20230924T052801_20230924T052826_050465_0613D4_7B21_COG,sentinel-1a,2023,9,24,2023-09-24,True,stable_track_and_apr_sep_and_year_2015_2025,IW,VV|VH,,PRIMARY_VVVH,IW mode with VV+VH; primary homogeneous SAR backbone. Use only support points actually covered by each raster.,,
2024-04-04 17:15:19.138113+00:00,ascending,15,S1A_IW_GRDH_1SDV_20240404T171519_20240404T171544_053287_067596_3F31_COG,sentinel-1a,2024,4,4,2024-04-04,True,stable_track_and_apr_sep_and_year_2015_2025,IW,VV|VH,,PRIMARY_VVVH,IW mode with VV+VH; primary homogeneous SAR backbone. Use only support points actually covered by each raster.,,
2024-04-16 17:15:19.230852+00:00,ascending,15,S1A_IW_GRDH_1SDV_20240416T171519_20240416T171544_053462_067C88_A2F7_COG,sentinel-1a,2024,4,16,2024-04-16,True,stable_track_and_apr_sep_and_year_2015_2025,IW,VV|VH,,PRIMARY_VVVH,IW mode with VV+VH; primary homogeneous SAR backbone. Use only support points actually covered by each raster.,,
2024-04-28 17:15:19.765877+00:00,ascending,15,S1A_IW_GRDH_1SDV_20240428T171519_20240428T171544_053637_068367_B8B0_COG,sentinel-1a,2024,4,28,2024-04-28,True,stable_track_and_apr_sep_and_year_2015_2025,IW,VV|VH,,PRIMARY_VVVH,IW mode with VV+VH; primary homogeneous SAR backbone. Use only support points actually covered by each raster.,,
2024-05-10 17:15:19.870941+00:00,ascending,15,S1A_IW_GRDH_1SDV_20240510T171519_20240510T171544_053812_068A1A_2E16_COG,sentinel-1a,2024,5,10,2024-05-10,True,stable_track_and_apr_sep_and_year_2015_2025,IW,VV|VH,,PRIMARY_VVVH,IW mode with VV+VH; primary homogeneous SAR backbone. Use only support points actually covered by each raster.,,
2024-05-22 17:15:19.226672+00:00,ascending,15,S1A_IW_GRDH_1SDV_20240522T171519_20240522T171544_053987_06901E_D96E_COG,sentinel-1a,2024,5,22,2024-05-22,True,stable_track_and_apr_sep_and_year_2015_2025,IW,VV|VH,,PRIMARY_VVVH,IW mode with VV+VH; primary homogeneous SAR backbone. Use only support points actually covered by each raster.,,
2024-06-03 17:15:19.217952+00:00,ascending,15,S1A_IW_GRDH_1SDV_20240603T171519_20240603T171544_054162_06962D_73C4_COG,sentinel-1a,2024,6,3,2024-06-03,True,stable_track_and_apr_sep_and_year_2015_2025,IW,VV|VH,,PRIMARY_VVVH,IW mode with VV+VH; primary homogeneous SAR backbone. Use only support points actually covered by each raster.,,
2024-06-15 17:15:18.809901+00:00,ascending,15,S1A_IW_GRDH_1SDV_20240615T171518_20240615T171543_054337_069C3A_850C_COG,sentinel-1a,2024,6,15,2024-06-15,True,stable_track_and_apr_sep_and_year_2015_2025,IW,VV|VH,,PRIMARY_VVVH,IW mode with VV+VH; primary homogeneous SAR backbone. Use only support points actually covered by each raster.,,
2024-06-27 17:15:18.052570+00:00,ascending,15,S1A_IW_GRDH_1SDV_20240627T171518_20240627T171543_054512_06A24B_E07B_COG,sentinel-1a,2024,6,27,2024-06-27,True,stable_track_and_apr_sep_and_year_2015_2025,IW,VV|VH,,PRIMARY_VVVH,IW mode with VV+VH; primary homogeneous SAR backbone. Use only support points actually covered by each raster.,,
2024-07-09 17:15:17.655866+00:00,ascending,15,S1A_IW_GRDH_1SDV_20240709T171517_20240709T171542_054687_06A864_73E0_COG,sentinel-1a,2024,7,9,2024-07-09,True,stable_track_and_apr_sep_and_year_2015_2025,IW,VV|VH,,PRIMARY_VVVH,IW mode with VV+VH; primary homogeneous SAR backbone. Use only support points actually covered by each raster.,,
2024-07-21 17:15:17.234090+00:00,ascending,15,S1A_IW_GRDH_1SDV_20240721T171517_20240721T171542_054862_06AE72_9406_COG,sentinel-1a,2024,7,21,2024-07-21,True,stable_track_and_apr_sep_and_year_2015_2025,IW,VV|VH,,PRIMARY_VVVH,IW mode with VV+VH; primary homogeneous SAR backbone. Use only support points actually covered by each raster.,,
2024-08-02 17:15:17.304580+00:00,ascending,15,S1A_IW_GRDH_1SDV_20240802T171517_20240802T171542_055037_06B48C_76CA_COG,sentinel-1a,2024,8,2,2024-08-02,True,stable_track_and_apr_sep_and_year_2015_2025,IW,VV|VH,,PRIMARY_VVVH,IW mode with VV+VH; primary homogeneous SAR backbone. Use only support points actually covered by each raster.,,
2024-08-14 17:15:16.816098+00:00,ascending,15,S1A_IW_GRDH_1SDV_20240814T171516_20240814T171541_055212_06BAD3_8701_COG,sentinel-1a,2024,8,14,2024-08-14,True,stable_track_and_apr_sep_and_year_2015_2025,IW,VV|VH,,PRIMARY_VVVH,IW mode with VV+VH; primary homogeneous SAR backbone. Use only support points actually covered by each raster.,,
2024-08-14 17:15:16.816098+00:00,ascending,15,S1A_IW_GRDH_1SDV_20240814T171516_20240814T171541_055212_06BAD3_AAA7_COG,sentinel-1a,2024,8,14,2024-08-14,True,stable_track_and_apr_sep_and_year_2015_2025,IW,VV|VH,,PRIMARY_VVVH,IW mode with VV+VH; primary homogeneous SAR backbone. Use only support points actually covered by each raster.,,
2024-08-26 17:15:17.488203+00:00,ascending,15,S1A_IW_GRDH_1SDV_20240826T171517_20240826T171542_055387_06C154_0DEF_COG,sentinel-1a,2024,8,26,2024-08-26,True,stable_track_and_apr_sep_and_year_2015_2025,IW,VV|VH,,PRIMARY_VVVH,IW mode with VV+VH; primary homogeneous SAR backbone. Use only support points actually covered by each raster.,,
2024-09-07 17:15:17.690906+00:00,ascending,15,S1A_IW_GRDH_1SDV_20240907T171517_20240907T171542_055562_06C7F5_C516_COG,sentinel-1a,2024,9,7,2024-09-07,True,stable_track_and_apr_sep_and_year_2015_2025,IW,VV|VH,,PRIMARY_VVVH,IW mode with VV+VH; primary homogeneous SAR backbone. Use only support points actually covered by each raster.,,
2024-09-19 17:15:18.168885+00:00,ascending,15,S1A_IW_GRDH_1SDV_20240919T171518_20240919T171543_055737_06CEDD_544B_COG,sentinel-1a,2024,9,19,2024-09-19,True,stable_track_and_apr_sep_and_year_2015_2025,IW,VV|VH,,PRIMARY_VVVH,IW mode with VV+VH; primary homogeneous SAR backbone. Use only support points actually covered by each raster.,,
2024-04-09 17:23:24.902412+00:00,ascending,88,S1A_IW_GRDH_1SDV_20240409T172324_20240409T172349_053360_067883_5F89_COG,sentinel-1a,2024,4,9,2024-04-09,True,stable_track_and_apr_sep_and_year_2015_2025,IW,VV|VH,,PRIMARY_VVVH,IW mode with VV+VH; primary homogeneous SAR backbone. Use only support points actually covered by each raster.,,
2024-04-09 17:23:49.901226+00:00,ascending,88,S1A_IW_GRDH_1SDV_20240409T172349_20240409T172414_053360_067883_2F8C_COG,sentinel-1a,2024,4,9,2024-04-09,True,stable_track_and_apr_sep_and_year_2015_2025,IW,VV|VH,,PRIMARY_VVVH,IW mode with VV+VH; primary homogeneous SAR backbone. Use only support points actually covered by each raster.,,
2024-04-21 17:23:25.825302+00:00,ascending,88,S1A_IW_GRDH_1SDV_20240421T172325_20240421T172350_053535_067F68_0B43_COG,sentinel-1a,2024,4,21,2024-04-21,True,stable_track_and_apr_sep_and_year_2015_2025,IW,VV|VH,,PRIMARY_VVVH,IW mode with VV+VH; primary homogeneous SAR backbone. Use only support points actually covered by each raster.,,
2024-04-21 17:23:50.825405+00:00,ascending,88,S1A_IW_GRDH_1SDV_20240421T172350_20240421T172415_053535_067F68_87FE_COG,sentinel-1a,2024,4,21,2024-04-21,True,stable_track_and_apr_sep_and_year_2015_2025,IW,VV|VH,,PRIMARY_VVVH,IW mode with VV+VH; primary homogeneous SAR backbone. Use only support points actually covered by each raster.,,
2024-05-03 17:23:26.119961+00:00,ascending,88,S1A_IW_GRDH_1SDV_20240503T172326_20240503T172351_053710_06864B_8823_COG,sentinel-1a,2024,5,3,2024-05-03,True,stable_track_and_apr_sep_and_year_2015_2025,IW,VV|VH,,PRIMARY_VVVH,IW mode with VV+VH; primary homogeneous SAR backbone. Use only support points actually covered by each raster.,,
2024-05-03 17:23:51.120103+00:00,ascending,88,S1A_IW_GRDH_1SDV_20240503T172351_20240503T172416_053710_06864B_8C1A_COG,sentinel-1a,2024,5,3,2024-05-03,True,stable_track_and_apr_sep_and_year_2015_2025,IW,VV|VH,,PRIMARY_VVVH,IW mode with VV+VH; primary homogeneous SAR backbone. Use only support points actually covered by each raster.,,
2024-05-15 17:23:25.656006+00:00,ascending,88,S1A_IW_GRDH_1SDV_20240515T172325_20240515T172350_053885_068C95_DD90_COG,sentinel-1a,2024,5,15,2024-05-15,True,stable_track_and_apr_sep_and_year_2015_2025,IW,VV|VH,,PRIMARY_VVVH,IW mode with VV+VH; primary homogeneous SAR backbone. Use only support points actually covered by each raster.,,
2024-05-15 17:23:50.656301+00:00,ascending,88,S1A_IW_GRDH_1SDV_20240515T172350_20240515T172415_053885_068C95_C20D_COG,sentinel-1a,2024,5,15,2024-05-15,True,stable_track_and_apr_sep_and_year_2015_2025,IW,VV|VH,,PRIMARY_VVVH,IW mode with VV+VH; primary homogeneous SAR backbone. Use only support points actually covered by each raster.,,
2024-05-27 17:23:25.942436+00:00,ascending,88,S1A_IW_GRDH_1SDV_20240527T172325_20240527T172350_054060_0692AB_7937_COG,sentinel-1a,2024,5,27,2024-05-27,True,stable_track_and_apr_sep_and_year_2015_2025,IW,VV|VH,,PRIMARY_VVVH,IW mode with VV+VH; primary homogeneous SAR backbone. Use only support points actually covered by each raster.,,
2024-05-27 17:23:50.942559+00:00,ascending,88,S1A_IW_GRDH_1SDV_20240527T172350_20240527T172415_054060_0692AB_B945_COG,sentinel-1a,2024,5,27,2024-05-27,True,stable_track_and_apr_sep_and_year_2015_2025,IW,VV|VH,,PRIMARY_VVVH,IW mode with VV+VH; primary homogeneous SAR backbone. Use only support points actually covered by each raster.,,
2024-06-08 17:23:25.269268+00:00,ascending,88,S1A_IW_GRDH_1SDV_20240608T172325_20240608T172350_054235_0698B9_F9A0_COG,sentinel-1a,2024,6,8,2024-06-08,True,stable_track_and_apr_sep_and_year_2015_2025,IW,VV|VH,,PRIMARY_VVVH,IW mode with VV+VH; primary homogeneous SAR backbone. Use only support points actually covered by each raster.,,
2024-06-08 17:23:50.269372+00:00,ascending,88,S1A_IW_GRDH_1SDV_20240608T172350_20240608T172415_054235_0698B9_3C63_COG,sentinel-1a,2024,6,8,2024-06-08,True,stable_track_and_apr_sep_and_year_2015_2025,IW,VV|VH,,PRIMARY_VVVH,IW mode with VV+VH; primary homogeneous SAR backbone. Use only support points actually covered by each raster.,,
2024-06-20 17:23:24.848003+00:00,ascending,88,S1A_IW_GRDH_1SDV_20240620T172324_20240620T172349_054410_069EC7_A712_COG,sentinel-1a,2024,6,20,2024-06-20,True,stable_track_and_apr_sep_and_year_2015_2025,IW,VV|VH,,PRIMARY_VVVH,IW mode with VV+VH; primary homogeneous SAR backbone. Use only support points actually covered by each raster.,,
2024-06-20 17:23:49.848101+00:00,ascending,88,S1A_IW_GRDH_1SDV_20240620T172349_20240620T172414_054410_069EC7_98F1_COG,sentinel-1a,2024,6,20,2024-06-20,True,stable_track_and_apr_sep_and_year_2015_2025,IW,VV|VH,,PRIMARY_VVVH,IW mode with VV+VH; primary homogeneous SAR backbone. Use only support points actually covered by each raster.,,
2024-07-02 17:23:23.978081+00:00,ascending,88,S1A_IW_GRDH_1SDV_20240702T172323_20240702T172348_054585_06A4DE_1578_COG,sentinel-1a,2024,7,2,2024-07-02,True,stable_track_and_apr_sep_and_year_2015_2025,IW,VV|VH,,PRIMARY_VVVH,IW mode with VV+VH; primary homogeneous SAR backbone. Use only support points actually covered by each raster.,,
2024-07-02 17:23:48.978067+00:00,ascending,88,S1A_IW_GRDH_1SDV_20240702T172348_20240702T172413_054585_06A4DE_08C8_COG,sentinel-1a,2024,7,2,2024-07-02,True,stable_track_and_apr_sep_and_year_2015_2025,IW,VV|VH,,PRIMARY_VVVH,IW mode with VV+VH; primary homogeneous SAR backbone. Use only support points actually covered by each raster.,,
2024-07-14 17:23:23.854039+00:00,ascending,88,S1A_IW_GRDH_1SDV_20240714T172323_20240714T172348_054760_06AAEB_6165_COG,sentinel-1a,2024,7,14,2024-07-14,True,stable_track_and_apr_sep_and_year_2015_2025,IW,VV|VH,,PRIMARY_VVVH,IW mode with VV+VH; primary homogeneous SAR backbone. Use only support points actually covered by each raster.,,
2024-07-14 17:23:48.852862+00:00,ascending,88,S1A_IW_GRDH_1SDV_20240714T172348_20240714T172413_054760_06AAEB_4FFD_COG,sentinel-1a,2024,7,14,2024-07-14,True,stable_track_and_apr_sep_and_year_2015_2025,IW,VV|VH,,PRIMARY_VVVH,IW mode with VV+VH; primary homogeneous SAR backbone. Use only support points actually covered by each raster.,,
2024-07-26 17:23:23.079571+00:00,ascending,88,S1A_IW_GRDH_1SDV_20240726T172323_20240726T172348_054935_06B102_66F4_COG,sentinel-1a,2024,7,26,2024-07-26,True,stable_track_and_apr_sep_and_year_2015_2025,IW,VV|VH,,PRIMARY_VVVH,IW mode with VV+VH; primary homogeneous SAR backbone. Use only support points actually covered by each raster.,,
2024-07-26 17:23:48.079828+00:00,ascending,88,S1A_IW_GRDH_1SDV_20240726T172348_20240726T172413_054935_06B102_0FFA_COG,sentinel-1a,2024,7,26,2024-07-26,True,stable_track_and_apr_sep_and_year_2015_2025,IW,VV|VH,,PRIMARY_VVVH,IW mode with VV+VH; primary homogeneous SAR backbone. Use only support points actually covered by each raster.,,
2024-08-07 17:23:23.421576+00:00,ascending,88,S1A_IW_GRDH_1SDV_20240807T172323_20240807T172348_055110_06B719_29AB_COG,sentinel-1a,2024,8,7,2024-08-07,True,stable_track_and_apr_sep_and_year_2015_2025,IW,VV|VH,,PRIMARY_VVVH,IW mode with VV+VH; primary homogeneous SAR backbone. Use only support points actually covered by each raster.,,
2024-08-07 17:23:23.421576+00:00,ascending,88,S1A_IW_GRDH_1SDV_20240807T172323_20240807T172348_055110_06B719_4222_COG,sentinel-1a,2024,8,7,2024-08-07,True,stable_track_and_apr_sep_and_year_2015_2025,IW,VV|VH,,PRIMARY_VVVH,IW mode with VV+VH; primary homogeneous SAR backbone. Use only support points actually covered by each raster.,,
2024-08-07 17:23:48.420404+00:00,ascending,88,S1A_IW_GRDH_1SDV_20240807T172348_20240807T172413_055110_06B719_64DB_COG,sentinel-1a,2024,8,7,2024-08-07,True,stable_track_and_apr_sep_and_year_2015_2025,IW,VV|VH,,PRIMARY_VVVH,IW mode with VV+VH; primary homogeneous SAR backbone. Use only support points actually covered by each raster.,,
2024-08-07 17:23:48.420404+00:00,ascending,88,S1A_IW_GRDH_1SDV_20240807T172348_20240807T172413_055110_06B719_E47A_COG,sentinel-1a,2024,8,7,2024-08-07,True,stable_track_and_apr_sep_and_year_2015_2025,IW,VV|VH,,PRIMARY_VVVH,IW mode with VV+VH; primary homogeneous SAR backbone. Use only support points actually covered by each raster.,,
2024-08-19 17:23:23.726601+00:00,ascending,88,S1A_IW_GRDH_1SDV_20240819T172323_20240819T172348_055285_06BD78_51DC_COG,sentinel-1a,2024,8,19,2024-08-19,True,stable_track_and_apr_sep_and_year_2015_2025,IW,VV|VH,,PRIMARY_VVVH,IW mode with VV+VH; primary homogeneous SAR backbone. Use only support points actually covered by each raster.,,
2024-08-19 17:23:23.726601+00:00,ascending,88,S1A_IW_GRDH_1SDV_20240819T172323_20240819T172348_055285_06BD78_5E13_COG,sentinel-1a,2024,8,19,2024-08-19,True,stable_track_and_apr_sep_and_year_2015_2025,IW,VV|VH,,PRIMARY_VVVH,IW mode with VV+VH; primary homogeneous SAR backbone. Use only support points actually covered by each raster.,,
2024-08-19 17:23:48.725433+00:00,ascending,88,S1A_IW_GRDH_1SDV_20240819T172348_20240819T172413_055285_06BD78_BDD3_COG,sentinel-1a,2024,8,19,2024-08-19,True,stable_track_and_apr_sep_and_year_2015_2025,IW,VV|VH,,PRIMARY_VVVH,IW mode with VV+VH; primary homogeneous SAR backbone. Use only support points actually covered by each raster.,,
2024-08-19 17:23:48.725433+00:00,ascending,88,S1A_IW_GRDH_1SDV_20240819T172348_20240819T172413_055285_06BD78_C88B_COG,sentinel-1a,2024,8,19,2024-08-19,True,stable_track_and_apr_sep_and_year_2015_2025,IW,VV|VH,,PRIMARY_VVVH,IW mode with VV+VH; primary homogeneous SAR backbone. Use only support points actually covered by each raster.,,
2024-08-31 17:23:23.734083+00:00,ascending,88,S1A_IW_GRDH_1SDV_20240831T172323_20240831T172348_055460_06C3E8_706A_COG,sentinel-1a,2024,8,31,2024-08-31,True,stable_track_and_apr_sep_and_year_2015_2025,IW,VV|VH,,PRIMARY_VVVH,IW mode with VV+VH; primary homogeneous SAR backbone. Use only support points actually covered by each raster.,,
2024-08-31 17:23:48.734593+00:00,ascending,88,S1A_IW_GRDH_1SDV_20240831T172348_20240831T172413_055460_06C3E8_24D6_COG,sentinel-1a,2024,8,31,2024-08-31,True,stable_track_and_apr_sep_and_year_2015_2025,IW,VV|VH,,PRIMARY_VVVH,IW mode with VV+VH; primary homogeneous SAR backbone. Use only support points actually covered by each raster.,,
2024-09-12 17:23:49.255713+00:00,ascending,88,S1A_IW_GRDH_1SDV_20240912T172349_20240912T172414_055635_06CAD5_7E54_COG,sentinel-1a,2024,9,12,2024-09-12,True,stable_track_and_apr_sep_and_year_2015_2025,IW,VV|VH,,PRIMARY_VVVH,IW mode with VV+VH; primary homogeneous SAR backbone. Use only support points actually covered by each raster.,,
2024-09-24 17:23:24.465132+00:00,ascending,88,S1A_IW_GRDH_1SDV_20240924T172324_20240924T172349_055810_06D1C0_19FC_COG,sentinel-1a,2024,9,24,2024-09-24,True,stable_track_and_apr_sep_and_year_2015_2025,IW,VV|VH,,PRIMARY_VVVH,IW mode with VV+VH; primary homogeneous SAR backbone. Use only support points actually covered by each raster.,,
2024-09-24 17:23:49.463945+00:00,ascending,88,S1A_IW_GRDH_1SDV_20240924T172349_20240924T172414_055810_06D1C0_33A5_COG,sentinel-1a,2024,9,24,2024-09-24,True,stable_track_and_apr_sep_and_year_2015_2025,IW,VV|VH,,PRIMARY_VVVH,IW mode with VV+VH; primary homogeneous SAR backbone. Use only support points actually covered by each raster.,,
2024-04-08 05:35:46.147080+00:00,descending,66,S1A_IW_GRDH_1SDV_20240408T053546_20240408T053611_053338_0677A4_780B_COG,sentinel-1a,2024,4,8,2024-04-08,True,stable_track_and_apr_sep_and_year_2015_2025,IW,VV|VH,,PRIMARY_VVVH,IW mode with VV+VH; primary homogeneous SAR backbone. Use only support points actually covered by each raster.,,
2024-04-08 05:36:11.147206+00:00,descending,66,S1A_IW_GRDH_1SDV_20240408T053611_20240408T053636_053338_0677A4_76BF_COG,sentinel-1a,2024,4,8,2024-04-08,True,stable_track_and_apr_sep_and_year_2015_2025,IW,VV|VH,,PRIMARY_VVVH,IW mode with VV+VH; primary homogeneous SAR backbone. Use only support points actually covered by each raster.,,
2024-04-20 05:35:46.423596+00:00,descending,66,S1A_IW_GRDH_1SDV_20240420T053546_20240420T053611_053513_067E8C_A50C_COG,sentinel-1a,2024,4,20,2024-04-20,True,stable_track_and_apr_sep_and_year_2015_2025,IW,VV|VH,,PRIMARY_VVVH,IW mode with VV+VH; primary homogeneous SAR backbone. Use only support points actually covered by each raster.,,
2024-04-20 05:36:11.423446+00:00,descending,66,S1A_IW_GRDH_1SDV_20240420T053611_20240420T053636_053513_067E8C_B170_COG,sentinel-1a,2024,4,20,2024-04-20,True,stable_track_and_apr_sep_and_year_2015_2025,IW,VV|VH,,PRIMARY_VVVH,IW mode with VV+VH; primary homogeneous SAR backbone. Use only support points actually covered by each raster.,,
2024-05-02 05:35:46.745748+00:00,descending,66,S1A_IW_GRDH_1SDV_20240502T053546_20240502T053611_053688_06856B_A89D_COG,sentinel-1a,2024,5,2,2024-05-02,True,stable_track_and_apr_sep_and_year_2015_2025,IW,VV|VH,,PRIMARY_VVVH,IW mode with VV+VH; primary homogeneous SAR backbone. Use only support points actually covered by each raster.,,
2024-05-02 05:36:11.745573+00:00,descending,66,S1A_IW_GRDH_1SDV_20240502T053611_20240502T053636_053688_06856B_4FA7_COG,sentinel-1a,2024,5,2,2024-05-02,True,stable_track_and_apr_sep_and_year_2015_2025,IW,VV|VH,,PRIMARY_VVVH,IW mode with VV+VH; primary homogeneous SAR backbone. Use only support points actually covered by each raster.,,
2024-05-14 05:35:46.211098+00:00,descending,66,S1A_IW_GRDH_1SDV_20240514T053546_20240514T053611_053863_068BDF_0E81_COG,sentinel-1a,2024,5,14,2024-05-14,True,stable_track_and_apr_sep_and_year_2015_2025,IW,VV|VH,,PRIMARY_VVVH,IW mode with VV+VH; primary homogeneous SAR backbone. Use only support points actually covered by each raster.,,
2024-05-14 05:36:11.212366+00:00,descending,66,S1A_IW_GRDH_1SDV_20240514T053611_20240514T053636_053863_068BDF_800A_COG,sentinel-1a,2024,5,14,2024-05-14,True,stable_track_and_apr_sep_and_year_2015_2025,IW,VV|VH,,PRIMARY_VVVH,IW mode with VV+VH; primary homogeneous SAR backbone. Use only support points actually covered by each raster.,,
2024-05-26 05:35:46.629105+00:00,descending,66,S1A_IW_GRDH_1SDV_20240526T053546_20240526T053611_054038_0691E7_E856_COG,sentinel-1a,2024,5,26,2024-05-26,True,stable_track_and_apr_sep_and_year_2015_2025,IW,VV|VH,,PRIMARY_VVVH,IW mode with VV+VH; primary homogeneous SAR backbone. Use only support points actually covered by each raster.,,
2024-05-26 05:36:11.628914+00:00,descending,66,S1A_IW_GRDH_1SDV_20240526T053611_20240526T053636_054038_0691E7_AA9D_COG,sentinel-1a,2024,5,26,2024-05-26,True,stable_track_and_apr_sep_and_year_2015_2025,IW,VV|VH,,PRIMARY_VVVH,IW mode with VV+VH; primary homogeneous SAR backbone. Use only support points actually covered by each raster.,,
2024-06-07 05:35:45.915804+00:00,descending,66,S1A_IW_GRDH_1SDV_20240607T053545_20240607T053610_054213_0697F4_42DC_COG,sentinel-1a,2024,6,7,2024-06-07,True,stable_track_and_apr_sep_and_year_2015_2025,IW,VV|VH,,PRIMARY_VVVH,IW mode with VV+VH; primary homogeneous SAR backbone. Use only support points actually covered by each raster.,,
2024-06-07 05:36:10.917076+00:00,descending,66,S1A_IW_GRDH_1SDV_20240607T053610_20240607T053635_054213_0697F4_5E0C_COG,sentinel-1a,2024,6,7,2024-06-07,True,stable_track_and_apr_sep_and_year_2015_2025,IW,VV|VH,,PRIMARY_VVVH,IW mode with VV+VH; primary homogeneous SAR backbone. Use only support points actually covered by each raster.,,
2024-06-19 05:35:45.479735+00:00,descending,66,S1A_IW_GRDH_1SDV_20240619T053545_20240619T053610_054388_069E03_2262_COG,sentinel-1a,2024,6,19,2024-06-19,True,stable_track_and_apr_sep_and_year_2015_2025,IW,VV|VH,,PRIMARY_VVVH,IW mode with VV+VH; primary homogeneous SAR backbone. Use only support points actually covered by each raster.,,
2024-06-19 05:36:10.479579+00:00,descending,66,S1A_IW_GRDH_1SDV_20240619T053610_20240619T053635_054388_069E03_C9D3_COG,sentinel-1a,2024,6,19,2024-06-19,True,stable_track_and_apr_sep_and_year_2015_2025,IW,VV|VH,,PRIMARY_VVVH,IW mode with VV+VH; primary homogeneous SAR backbone. Use only support points actually covered by each raster.,,
2024-07-01 05:35:44.816205+00:00,descending,66,S1A_IW_GRDH_1SDV_20240701T053544_20240701T053609_054563_06A41B_46DC_COG,sentinel-1a,2024,7,1,2024-07-01,True,stable_track_and_apr_sep_and_year_2015_2025,IW,VV|VH,,PRIMARY_VVVH,IW mode with VV+VH; primary homogeneous SAR backbone. Use only support points actually covered by each raster.,,
2024-07-01 05:36:09.816231+00:00,descending,66,S1A_IW_GRDH_1SDV_20240701T053609_20240701T053634_054563_06A41B_ADEC_COG,sentinel-1a,2024,7,1,2024-07-01,True,stable_track_and_apr_sep_and_year_2015_2025,IW,VV|VH,,PRIMARY_VVVH,IW mode with VV+VH; primary homogeneous SAR backbone. Use only support points actually covered by each raster.,,
2024-07-13 05:35:44.459390+00:00,descending,66,S1A_IW_GRDH_1SDV_20240713T053544_20240713T053609_054738_06AA2C_9D54_COG,sentinel-1a,2024,7,13,2024-07-13,True,stable_track_and_apr_sep_and_year_2015_2025,IW,VV|VH,,PRIMARY_VVVH,IW mode with VV+VH; primary homogeneous SAR backbone. Use only support points actually covered by each raster.,,
2024-07-13 05:36:09.459117+00:00,descending,66,S1A_IW_GRDH_1SDV_20240713T053609_20240713T053634_054738_06AA2C_DC30_COG,sentinel-1a,2024,7,13,2024-07-13,True,stable_track_and_apr_sep_and_year_2015_2025,IW,VV|VH,,PRIMARY_VVVH,IW mode with VV+VH; primary homogeneous SAR backbone. Use only support points actually covered by each raster.,,
2024-07-25 05:35:43.989889+00:00,descending,66,S1A_IW_GRDH_1SDV_20240725T053543_20240725T053608_054913_06B046_D4FA_COG,sentinel-1a,2024,7,25,2024-07-25,True,stable_track_and_apr_sep_and_year_2015_2025,IW,VV|VH,,PRIMARY_VVVH,IW mode with VV+VH; primary homogeneous SAR backbone. Use only support points actually covered by each raster.,,
2024-07-25 05:36:08.989551+00:00,descending,66,S1A_IW_GRDH_1SDV_20240725T053608_20240725T053633_054913_06B046_4D37_COG,sentinel-1a,2024,7,25,2024-07-25,True,stable_track_and_apr_sep_and_year_2015_2025,IW,VV|VH,,PRIMARY_VVVH,IW mode with VV+VH; primary homogeneous SAR backbone. Use only support points actually covered by each raster.,,
2024-08-06 05:35:44.126386+00:00,descending,66,S1A_IW_GRDH_1SDV_20240806T053544_20240806T053609_055088_06B64D_E50A_COG,sentinel-1a,2024,8,6,2024-08-06,True,stable_track_and_apr_sep_and_year_2015_2025,IW,VV|VH,,PRIMARY_VVVH,IW mode with VV+VH; primary homogeneous SAR backbone. Use only support points actually covered by each raster.,,
2024-08-06 05:36:09.126101+00:00,descending,66,S1A_IW_GRDH_1SDV_20240806T053609_20240806T053634_055088_06B64D_A0E4_COG,sentinel-1a,2024,8,6,2024-08-06,True,stable_track_and_apr_sep_and_year_2015_2025,IW,VV|VH,,PRIMARY_VVVH,IW mode with VV+VH; primary homogeneous SAR backbone. Use only support points actually covered by each raster.,,
2024-08-18 05:35:44.299394+00:00,descending,66,S1A_IW_GRDH_1SDV_20240818T053544_20240818T053609_055263_06BCAB_82E4_COG,sentinel-1a,2024,8,18,2024-08-18,True,stable_track_and_apr_sep_and_year_2015_2025,IW,VV|VH,,PRIMARY_VVVH,IW mode with VV+VH; primary homogeneous SAR backbone. Use only support points actually covered by each raster.,,
2024-08-18 05:35:44.299394+00:00,descending,66,S1A_IW_GRDH_1SDV_20240818T053544_20240818T053609_055263_06BCAB_83A9_COG,sentinel-1a,2024,8,18,2024-08-18,True,stable_track_and_apr_sep_and_year_2015_2025,IW,VV|VH,,PRIMARY_VVVH,IW mode with VV+VH; primary homogeneous SAR backbone. Use only support points actually covered by each raster.,,
2024-08-18 05:36:09.300527+00:00,descending,66,S1A_IW_GRDH_1SDV_20240818T053609_20240818T053634_055263_06BCAB_197F_COG,sentinel-1a,2024,8,18,2024-08-18,True,stable_track_and_apr_sep_and_year_2015_2025,IW,VV|VH,,PRIMARY_VVVH,IW mode with VV+VH; primary homogeneous SAR backbone. Use only support points actually covered by each raster.,,
2024-08-18 05:36:09.300527+00:00,descending,66,S1A_IW_GRDH_1SDV_20240818T053609_20240818T053634_055263_06BCAB_C24A_COG,sentinel-1a,2024,8,18,2024-08-18,True,stable_track_and_apr_sep_and_year_2015_2025,IW,VV|VH,,PRIMARY_VVVH,IW mode with VV+VH; primary homogeneous SAR backbone. Use only support points actually covered by each raster.,,
2024-08-30 05:35:44.366733+00:00,descending,66,S1A_IW_GRDH_1SDV_20240830T053544_20240830T053609_055438_06C324_A0C9_COG,sentinel-1a,2024,8,30,2024-08-30,True,stable_track_and_apr_sep_and_year_2015_2025,IW,VV|VH,,PRIMARY_VVVH,IW mode with VV+VH; primary homogeneous SAR backbone. Use only support points actually covered by each raster.,,
2024-08-30 05:36:09.366338+00:00,descending,66,S1A_IW_GRDH_1SDV_20240830T053609_20240830T053634_055438_06C324_F125_COG,sentinel-1a,2024,8,30,2024-08-30,True,stable_track_and_apr_sep_and_year_2015_2025,IW,VV|VH,,PRIMARY_VVVH,IW mode with VV+VH; primary homogeneous SAR backbone. Use only support points actually covered by each raster.,,
2024-09-11 05:35:44.495342+00:00,descending,66,S1A_IW_GRDH_1SDV_20240911T053544_20240911T053609_055613_06C9F9_31C2_COG,sentinel-1a,2024,9,11,2024-09-11,True,stable_track_and_apr_sep_and_year_2015_2025,IW,VV|VH,,PRIMARY_VVVH,IW mode with VV+VH; primary homogeneous SAR backbone. Use only support points actually covered by each raster.,,
2024-09-11 05:36:09.495223+00:00,descending,66,S1A_IW_GRDH_1SDV_20240911T053609_20240911T053634_055613_06C9F9_52CA_COG,sentinel-1a,2024,9,11,2024-09-11,True,stable_track_and_apr_sep_and_year_2015_2025,IW,VV|VH,,PRIMARY_VVVH,IW mode with VV+VH; primary homogeneous SAR backbone. Use only support points actually covered by each raster.,,
2024-09-23 05:35:45.158019+00:00,descending,66,S1A_IW_GRDH_1SDV_20240923T053545_20240923T053610_055788_06D0E4_13C7_COG,sentinel-1a,2024,9,23,2024-09-23,True,stable_track_and_apr_sep_and_year_2015_2025,IW,VV|VH,,PRIMARY_VVVH,IW mode with VV+VH; primary homogeneous SAR backbone. Use only support points actually covered by each raster.,,
2024-09-23 05:36:10.158073+00:00,descending,66,S1A_IW_GRDH_1SDV_20240923T053610_20240923T053635_055788_06D0E4_B0CF_COG,sentinel-1a,2024,9,23,2024-09-23,True,stable_track_and_apr_sep_and_year_2015_2025,IW,VV|VH,,PRIMARY_VVVH,IW mode with VV+VH; primary homogeneous SAR backbone. Use only support points actually covered by each raster.,,
2024-04-03 05:27:33.387583+00:00,descending,168,S1A_IW_GRDH_1SDV_20240403T052733_20240403T052758_053265_0674B9_1451_COG,sentinel-1a,2024,4,3,2024-04-03,True,stable_track_and_apr_sep_and_year_2015_2025,IW,VV|VH,,PRIMARY_VVVH,IW mode with VV+VH; primary homogeneous SAR backbone. Use only support points actually covered by each raster.,,
2024-04-03 05:27:58.387076+00:00,descending,168,S1A_IW_GRDH_1SDV_20240403T052758_20240403T052823_053265_0674B9_7A9E_COG,sentinel-1a,2024,4,3,2024-04-03,True,stable_track_and_apr_sep_and_year_2015_2025,IW,VV|VH,,PRIMARY_VVVH,IW mode with VV+VH; primary homogeneous SAR backbone. Use only support points actually covered by each raster.,,
2024-04-15 05:27:32.964882+00:00,descending,168,S1A_IW_GRDH_1SDV_20240415T052732_20240415T052757_053440_067BAC_7146_COG,sentinel-1a,2024,4,15,2024-04-15,True,stable_track_and_apr_sep_and_year_2015_2025,IW,VV|VH,,PRIMARY_VVVH,IW mode with VV+VH; primary homogeneous SAR backbone. Use only support points actually covered by each raster.,,
2024-04-15 05:27:57.965990+00:00,descending,168,S1A_IW_GRDH_1SDV_20240415T052757_20240415T052822_053440_067BAC_D743_COG,sentinel-1a,2024,4,15,2024-04-15,True,stable_track_and_apr_sep_and_year_2015_2025,IW,VV|VH,,PRIMARY_VVVH,IW mode with VV+VH; primary homogeneous SAR backbone. Use only support points actually covered by each raster.,,
2024-04-27 05:27:33.892117+00:00,descending,168,S1A_IW_GRDH_1SDV_20240427T052733_20240427T052758_053615_06828C_F2C2_COG,sentinel-1a,2024,4,27,2024-04-27,True,stable_track_and_apr_sep_and_year_2015_2025,IW,VV|VH,,PRIMARY_VVVH,IW mode with VV+VH; primary homogeneous SAR backbone. Use only support points actually covered by each raster.,,
2024-04-27 05:27:58.893142+00:00,descending,168,S1A_IW_GRDH_1SDV_20240427T052758_20240427T052823_053615_06828C_2081_COG,sentinel-1a,2024,4,27,2024-04-27,True,stable_track_and_apr_sep_and_year_2015_2025,IW,VV|VH,,PRIMARY_VVVH,IW mode with VV+VH; primary homogeneous SAR backbone. Use only support points actually covered by each raster.,,
2024-05-09 05:27:34.157363+00:00,descending,168,S1A_IW_GRDH_1SDV_20240509T052734_20240509T052759_053790_06895D_4345_COG,sentinel-1a,2024,5,9,2024-05-09,True,stable_track_and_apr_sep_and_year_2015_2025,IW,VV|VH,,PRIMARY_VVVH,IW mode with VV+VH; primary homogeneous SAR backbone. Use only support points actually covered by each raster.,,
2024-05-09 05:27:59.158327+00:00,descending,168,S1A_IW_GRDH_1SDV_20240509T052759_20240509T052824_053790_06895D_0204_COG,sentinel-1a,2024,5,9,2024-05-09,True,stable_track_and_apr_sep_and_year_2015_2025,IW,VV|VH,,PRIMARY_VVVH,IW mode with VV+VH; primary homogeneous SAR backbone. Use only support points actually covered by each raster.,,
2024-05-21 05:27:33.472797+00:00,descending,168,S1A_IW_GRDH_1SDV_20240521T052733_20240521T052758_053965_068F5D_9B3C_COG,sentinel-1a,2024,5,21,2024-05-21,True,stable_track_and_apr_sep_and_year_2015_2025,IW,VV|VH,,PRIMARY_VVVH,IW mode with VV+VH; primary homogeneous SAR backbone. Use only support points actually covered by each raster.,,
2024-05-21 05:27:58.472163+00:00,descending,168,S1A_IW_GRDH_1SDV_20240521T052758_20240521T052823_053965_068F5D_49E0_COG,sentinel-1a,2024,5,21,2024-05-21,True,stable_track_and_apr_sep_and_year_2015_2025,IW,VV|VH,,PRIMARY_VVVH,IW mode with VV+VH; primary homogeneous SAR backbone. Use only support points actually covered by each raster.,,
2024-06-02 05:27:33.518229+00:00,descending,168,S1A_IW_GRDH_1SDV_20240602T052733_20240602T052758_054140_06956E_111A_COG,sentinel-1a,2024,6,2,2024-06-02,True,stable_track_and_apr_sep_and_year_2015_2025,IW,VV|VH,,PRIMARY_VVVH,IW mode with VV+VH; primary homogeneous SAR backbone. Use only support points actually covered by each raster.,,
2024-06-02 05:27:58.517735+00:00,descending,168,S1A_IW_GRDH_1SDV_20240602T052758_20240602T052823_054140_06956E_2560_COG,sentinel-1a,2024,6,2,2024-06-02,True,stable_track_and_apr_sep_and_year_2015_2025,IW,VV|VH,,PRIMARY_VVVH,IW mode with VV+VH; primary homogeneous SAR backbone. Use only support points actually covered by each raster.,,
2024-06-14 05:27:33.041065+00:00,descending,168,S1A_IW_GRDH_1SDV_20240614T052733_20240614T052758_054315_069B7A_0DB6_COG,sentinel-1a,2024,6,14,2024-06-14,True,stable_track_and_apr_sep_and_year_2015_2025,IW,VV|VH,,PRIMARY_VVVH,IW mode with VV+VH; primary homogeneous SAR backbone. Use only support points actually covered by each raster.,,
2024-06-14 05:27:58.040546+00:00,descending,168,S1A_IW_GRDH_1SDV_20240614T052758_20240614T052823_054315_069B7A_9DEE_COG,sentinel-1a,2024,6,14,2024-06-14,True,stable_track_and_apr_sep_and_year_2015_2025,IW,VV|VH,,PRIMARY_VVVH,IW mode with VV+VH; primary homogeneous SAR backbone. Use only support points actually covered by each raster.,,
2024-06-26 05:27:32.306129+00:00,descending,168,S1A_IW_GRDH_1SDV_20240626T052732_20240626T052757_054490_06A192_C956_COG,sentinel-1a,2024,6,26,2024-06-26,True,stable_track_and_apr_sep_and_year_2015_2025,IW,VV|VH,,PRIMARY_VVVH,IW mode with VV+VH; primary homogeneous SAR backbone. Use only support points actually covered by each raster.,,
2024-06-26 05:27:57.306302+00:00,descending,168,S1A_IW_GRDH_1SDV_20240626T052757_20240626T052822_054490_06A192_D06F_COG,sentinel-1a,2024,6,26,2024-06-26,True,stable_track_and_apr_sep_and_year_2015_2025,IW,VV|VH,,PRIMARY_VVVH,IW mode with VV+VH; primary homogeneous SAR backbone. Use only support points actually covered by each raster.,,
2024-07-08 05:27:32.029857+00:00,descending,168,S1A_IW_GRDH_1SDV_20240708T052732_20240708T052757_054665_06A7A7_C3C5_COG,sentinel-1a,2024,7,8,2024-07-08,True,stable_track_and_apr_sep_and_year_2015_2025,IW,VV|VH,,PRIMARY_VVVH,IW mode with VV+VH; primary homogeneous SAR backbone. Use only support points actually covered by each raster.,,
2024-07-08 05:27:57.030404+00:00,descending,168,S1A_IW_GRDH_1SDV_20240708T052757_20240708T052822_054665_06A7A7_50CB_COG,sentinel-1a,2024,7,8,2024-07-08,True,stable_track_and_apr_sep_and_year_2015_2025,IW,VV|VH,,PRIMARY_VVVH,IW mode with VV+VH; primary homogeneous SAR backbone. Use only support points actually covered by each raster.,,
2024-07-20 05:27:31.291842+00:00,descending,168,S1A_IW_GRDH_1SDV_20240720T052731_20240720T052756_054840_06ADB3_B4CD_COG,sentinel-1a,2024,7,20,2024-07-20,True,stable_track_and_apr_sep_and_year_2015_2025,IW,VV|VH,,PRIMARY_VVVH,IW mode with VV+VH; primary homogeneous SAR backbone. Use only support points actually covered by each raster.,,
2024-07-20 05:27:56.292535+00:00,descending,168,S1A_IW_GRDH_1SDV_20240720T052756_20240720T052821_054840_06ADB3_FBA2_COG,sentinel-1a,2024,7,20,2024-07-20,True,stable_track_and_apr_sep_and_year_2015_2025,IW,VV|VH,,PRIMARY_VVVH,IW mode with VV+VH; primary homogeneous SAR backbone. Use only support points actually covered by each raster.,,
2024-08-01 05:27:31.470336+00:00,descending,168,S1A_IW_GRDH_1SDV_20240801T052731_20240801T052756_055015_06B3CE_13D1_COG,sentinel-1a,2024,8,1,2024-08-01,True,stable_track_and_apr_sep_and_year_2015_2025,IW,VV|VH,,PRIMARY_VVVH,IW mode with VV+VH; primary homogeneous SAR backbone. Use only support points actually covered by each raster.,,
2024-08-01 05:27:56.470236+00:00,descending,168,S1A_IW_GRDH_1SDV_20240801T052756_20240801T052821_055015_06B3CE_4C55_COG,sentinel-1a,2024,8,1,2024-08-01,True,stable_track_and_apr_sep_and_year_2015_2025,IW,VV|VH,,PRIMARY_VVVH,IW mode with VV+VH; primary homogeneous SAR backbone. Use only support points actually covered by each raster.,,
2024-08-13 05:27:31.098435+00:00,descending,168,S1A_IW_GRDH_1SDV_20240813T052731_20240813T052756_055190_06BA07_12F1_COG,sentinel-1a,2024,8,13,2024-08-13,True,stable_track_and_apr_sep_and_year_2015_2025,IW,VV|VH,,PRIMARY_VVVH,IW mode with VV+VH; primary homogeneous SAR backbone. Use only support points actually covered by each raster.,,
2024-08-13 05:27:31.098435+00:00,descending,168,S1A_IW_GRDH_1SDV_20240813T052731_20240813T052756_055190_06BA07_290C_COG,sentinel-1a,2024,8,13,2024-08-13,True,stable_track_and_apr_sep_and_year_2015_2025,IW,VV|VH,,PRIMARY_VVVH,IW mode with VV+VH; primary homogeneous SAR backbone. Use only support points actually covered by each raster.,,
2024-08-13 05:27:56.098467+00:00,descending,168,S1A_IW_GRDH_1SDV_20240813T052756_20240813T052821_055190_06BA07_85C0_COG,sentinel-1a,2024,8,13,2024-08-13,True,stable_track_and_apr_sep_and_year_2015_2025,IW,VV|VH,,PRIMARY_VVVH,IW mode with VV+VH; primary homogeneous SAR backbone. Use only support points actually covered by each raster.,,
2024-08-13 05:27:56.098467+00:00,descending,168,S1A_IW_GRDH_1SDV_20240813T052756_20240813T052821_055190_06BA07_D03D_COG,sentinel-1a,2024,8,13,2024-08-13,True,stable_track_and_apr_sep_and_year_2015_2025,IW,VV|VH,,PRIMARY_VVVH,IW mode with VV+VH; primary homogeneous SAR backbone. Use only support points actually covered by each raster.,,
2024-08-25 05:27:31.619560+00:00,descending,168,S1A_IW_GRDH_1SDV_20240825T052731_20240825T052756_055365_06C085_A750_COG,sentinel-1a,2024,8,25,2024-08-25,True,stable_track_and_apr_sep_and_year_2015_2025,IW,VV|VH,,PRIMARY_VVVH,IW mode with VV+VH; primary homogeneous SAR backbone. Use only support points actually covered by each raster.,,
2024-08-25 05:27:56.619385+00:00,descending,168,S1A_IW_GRDH_1SDV_20240825T052756_20240825T052821_055365_06C085_5670_COG,sentinel-1a,2024,8,25,2024-08-25,True,stable_track_and_apr_sep_and_year_2015_2025,IW,VV|VH,,PRIMARY_VVVH,IW mode with VV+VH; primary homogeneous SAR backbone. Use only support points actually covered by each raster.,,
2024-09-06 05:27:31.819199+00:00,descending,168,S1A_IW_GRDH_1SDV_20240906T052731_20240906T052756_055540_06C715_D823_COG,sentinel-1a,2024,9,6,2024-09-06,True,stable_track_and_apr_sep_and_year_2015_2025,IW,VV|VH,,PRIMARY_VVVH,IW mode with VV+VH; primary homogeneous SAR backbone. Use only support points actually covered by each raster.,,
2024-09-06 05:27:56.818598+00:00,descending,168,S1A_IW_GRDH_1SDV_20240906T052756_20240906T052821_055540_06C715_CC8E_COG,sentinel-1a,2024,9,6,2024-09-06,True,stable_track_and_apr_sep_and_year_2015_2025,IW,VV|VH,,PRIMARY_VVVH,IW mode with VV+VH; primary homogeneous SAR backbone. Use only support points actually covered by each raster.,,
2024-09-18 05:27:32.438375+00:00,descending,168,S1A_IW_GRDH_1SDV_20240918T052732_20240918T052757_055715_06CE01_7706_COG,sentinel-1a,2024,9,18,2024-09-18,True,stable_track_and_apr_sep_and_year_2015_2025,IW,VV|VH,,PRIMARY_VVVH,IW mode with VV+VH; primary homogeneous SAR backbone. Use only support points actually covered by each raster.,,
2024-09-18 05:27:57.437895+00:00,descending,168,S1A_IW_GRDH_1SDV_20240918T052757_20240918T052822_055715_06CE01_B005_COG,sentinel-1a,2024,9,18,2024-09-18,True,stable_track_and_apr_sep_and_year_2015_2025,IW,VV|VH,,PRIMARY_VVVH,IW mode with VV+VH; primary homogeneous SAR backbone. Use only support points actually covered by each raster.,,
2024-09-30 05:27:32.620738+00:00,descending,168,S1A_IW_GRDH_1SDV_20240930T052732_20240930T052757_055890_06D4F1_9CC4_COG,sentinel-1a,2024,9,30,2024-09-30,True,stable_track_and_apr_sep_and_year_2015_2025,IW,VV|VH,,PRIMARY_VVVH,IW mode with VV+VH; primary homogeneous SAR backbone. Use only support points actually covered by each raster.,,
2024-09-30 05:27:57.620239+00:00,descending,168,S1A_IW_GRDH_1SDV_20240930T052757_20240930T052822_055890_06D4F1_0EA8_COG,sentinel-1a,2024,9,30,2024-09-30,True,stable_track_and_apr_sep_and_year_2015_2025,IW,VV|VH,,PRIMARY_VVVH,IW mode with VV+VH; primary homogeneous SAR backbone. Use only support points actually covered by each raster.,,
2025-04-11 17:15:11.631241+00:00,ascending,15,S1A_IW_GRDH_1SDV_20250411T171511_20250411T171536_058712_07457B_9301_COG,sentinel-1a,2025,4,11,2025-04-11,True,stable_track_and_apr_sep_and_year_2015_2025,IW,VV|VH,,PRIMARY_VVVH,IW mode with VV+VH; primary homogeneous SAR backbone. Use only support points actually covered by each raster.,,
2025-04-23 17:15:11.976814+00:00,ascending,15,S1A_IW_GRDH_1SDV_20250423T171511_20250423T171536_058887_074CA5_01F8_COG,sentinel-1a,2025,4,23,2025-04-23,True,stable_track_and_apr_sep_and_year_2015_2025,IW,VV|VH,,PRIMARY_VVVH,IW mode with VV+VH; primary homogeneous SAR backbone. Use only support points actually covered by each raster.,,
2025-05-05 17:15:12.037860+00:00,ascending,15,S1A_IW_GRDH_1SDV_20250505T171512_20250505T171537_059062_07539E_EDD2_COG,sentinel-1a,2025,5,5,2025-05-05,True,stable_track_and_apr_sep_and_year_2015_2025,IW,VV|VH,,PRIMARY_VVVH,IW mode with VV+VH; primary homogeneous SAR backbone. Use only support points actually covered by each raster.,,
2025-05-11 17:13:56.855791+00:00,ascending,15,S1C_IW_GRDH_1SDV_20250511T171356_20250511T171421_002286_004D71_2AE9_COG,sentinel-1c,2025,5,11,2025-05-11,True,stable_track_and_apr_sep_and_year_2015_2025,IW,VV|VH,,PRIMARY_VVVH,IW mode with VV+VH; primary homogeneous SAR backbone. Use only support points actually covered by each raster.,,
2025-05-17 17:15:11.685819+00:00,ascending,15,S1A_IW_GRDH_1SDV_20250517T171511_20250517T171536_059237_0759CE_DB5C_COG,sentinel-1a,2025,5,17,2025-05-17,True,stable_track_and_apr_sep_and_year_2015_2025,IW,VV|VH,,PRIMARY_VVVH,IW mode with VV+VH; primary homogeneous SAR backbone. Use only support points actually covered by each raster.,,
2025-05-23 17:13:58.378774+00:00,ascending,15,S1C_IW_GRDH_1SDV_20250523T171358_20250523T171423_002461_00524A_5434_COG,sentinel-1c,2025,5,23,2025-05-23,True,stable_track_and_apr_sep_and_year_2015_2025,IW,VV|VH,,PRIMARY_VVVH,IW mode with VV+VH; primary homogeneous SAR backbone. Use only support points actually covered by each raster.,,
2025-05-29 17:15:11.299919+00:00,ascending,15,S1A_IW_GRDH_1SDV_20250529T171511_20250529T171536_059412_075FE5_2C8D_COG,sentinel-1a,2025,5,29,2025-05-29,True,stable_track_and_apr_sep_and_year_2015_2025,IW,VV|VH,,PRIMARY_VVVH,IW mode with VV+VH; primary homogeneous SAR backbone. Use only support points actually covered by each raster.,,
2025-06-04 17:13:59.262453+00:00,ascending,15,S1C_IW_GRDH_1SDV_20250604T171359_20250604T171424_002636_005748_C275_COG,sentinel-1c,2025,6,4,2025-06-04,True,stable_track_and_apr_sep_and_year_2015_2025,IW,VV|VH,,PRIMARY_VVVH,IW mode with VV+VH; primary homogeneous SAR backbone. Use only support points actually covered by each raster.,,
2025-06-10 17:15:10.601631+00:00,ascending,15,S1A_IW_GRDH_1SDV_20250610T171510_20250610T171535_059587_0765DA_FBB3_COG,sentinel-1a,2025,6,10,2025-06-10,True,stable_track_and_apr_sep_and_year_2015_2025,IW,VV|VH,,PRIMARY_VVVH,IW mode with VV+VH; primary homogeneous SAR backbone. Use only support points actually covered by each raster.,,
2025-06-16 17:13:59.910067+00:00,ascending,15,S1C_IW_GRDH_1SDV_20250616T171359_20250616T171424_002811_005C59_7FCC_COG,sentinel-1c,2025,6,16,2025-06-16,True,stable_track_and_apr_sep_and_year_2015_2025,IW,VV|VH,,PRIMARY_VVVH,IW mode with VV+VH; primary homogeneous SAR backbone. Use only support points actually covered by each raster.,,
2025-06-22 17:15:09.974778+00:00,ascending,15,S1A_IW_GRDH_1SDV_20250622T171509_20250622T171534_059762_076BE4_5031_COG,sentinel-1a,2025,6,22,2025-06-22,True,stable_track_and_apr_sep_and_year_2015_2025,IW,VV|VH,,PRIMARY_VVVH,IW mode with VV+VH; primary homogeneous SAR backbone. Use only support points actually covered by each raster.,,
2025-06-28 17:14:00.218932+00:00,ascending,15,S1C_IW_GRDH_1SDV_20250628T171400_20250628T171425_002986_006161_CE18_COG,sentinel-1c,2025,6,28,2025-06-28,True,stable_track_and_apr_sep_and_year_2015_2025,IW,VV|VH,,PRIMARY_VVVH,IW mode with VV+VH; primary homogeneous SAR backbone. Use only support points actually covered by each raster.,,
2025-07-04 17:15:09.257577+00:00,ascending,15,S1A_IW_GRDH_1SDV_20250704T171509_20250704T171534_059937_077200_5B61_COG,sentinel-1a,2025,7,4,2025-07-04,True,stable_track_and_apr_sep_and_year_2015_2025,IW,VV|VH,,PRIMARY_VVVH,IW mode with VV+VH; primary homogeneous SAR backbone. Use only support points actually covered by each raster.,,
2025-07-10 17:14:01.434937+00:00,ascending,15,S1C_IW_GRDH_1SDV_20250710T171401_20250710T171426_003161_006672_6F4E_COG,sentinel-1c,2025,7,10,2025-07-10,True,stable_track_and_apr_sep_and_year_2015_2025,IW,VV|VH,,PRIMARY_VVVH,IW mode with VV+VH; primary homogeneous SAR backbone. Use only support points actually covered by each raster.,,
2025-07-16 17:15:08.687127+00:00,ascending,15,S1A_IW_GRDH_1SDV_20250716T171508_20250716T171533_060112_077801_0775_COG,sentinel-1a,2025,7,16,2025-07-16,True,stable_track_and_apr_sep_and_year_2015_2025,IW,VV|VH,,PRIMARY_VVVH,IW mode with VV+VH; primary homogeneous SAR backbone. Use only support points actually covered by each raster.,,
2025-07-22 17:14:02.119845+00:00,ascending,15,S1C_IW_GRDH_1SDV_20250722T171402_20250722T171427_003336_006B85_AE0C_COG,sentinel-1c,2025,7,22,2025-07-22,True,stable_track_and_apr_sep_and_year_2015_2025,IW,VV|VH,,PRIMARY_VVVH,IW mode with VV+VH; primary homogeneous SAR backbone. Use only support points actually covered by each raster.,,
2025-07-28 17:15:08.417230+00:00,ascending,15,S1A_IW_GRDH_1SDV_20250728T171508_20250728T171533_060287_077E07_4C7A_COG,sentinel-1a,2025,7,28,2025-07-28,True,stable_track_and_apr_sep_and_year_2015_2025,IW,VV|VH,,PRIMARY_VVVH,IW mode with VV+VH; primary homogeneous SAR backbone. Use only support points actually covered by each raster.,,
2025-08-03 17:14:02.807139+00:00,ascending,15,S1C_IW_GRDH_1SDV_20250803T171402_20250803T171427_003511_0070A4_092A_COG,sentinel-1c,2025,8,3,2025-08-03,True,stable_track_and_apr_sep_and_year_2015_2025,IW,VV|VH,,PRIMARY_VVVH,IW mode with VV+VH; primary homogeneous SAR backbone. Use only support points actually covered by each raster.,,
2025-08-09 17:15:08.324542+00:00,ascending,15,S1A_IW_GRDH_1SDV_20250809T171508_20250809T171533_060462_078450_FBFC_COG,sentinel-1a,2025,8,9,2025-08-09,True,stable_track_and_apr_sep_and_year_2015_2025,IW,VV|VH,,PRIMARY_VVVH,IW mode with VV+VH; primary homogeneous SAR backbone. Use only support points actually covered by each raster.,,
2025-08-15 17:14:03.320229+00:00,ascending,15,S1C_IW_GRDH_1SDV_20250815T171403_20250815T171428_003686_0075E1_58A2_COG,sentinel-1c,2025,8,15,2025-08-15,True,stable_track_and_apr_sep_and_year_2015_2025,IW,VV|VH,,PRIMARY_VVVH,IW mode with VV+VH; primary homogeneous SAR backbone. Use only support points actually covered by each raster.,,
2025-08-21 17:15:08.331773+00:00,ascending,15,S1A_IW_GRDH_1SDV_20250821T171508_20250821T171533_060637_078B34_9328_COG,sentinel-1a,2025,8,21,2025-08-21,True,stable_track_and_apr_sep_and_year_2015_2025,IW,VV|VH,,PRIMARY_VVVH,IW mode with VV+VH; primary homogeneous SAR backbone. Use only support points actually covered by each raster.,,
2025-08-27 17:14:03.805817+00:00,ascending,15,S1C_IW_GRDH_1SDV_20250827T171403_20250827T171428_003861_007B20_409A_COG,sentinel-1c,2025,8,27,2025-08-27,True,stable_track_and_apr_sep_and_year_2015_2025,IW,VV|VH,,PRIMARY_VVVH,IW mode with VV+VH; primary homogeneous SAR backbone. Use only support points actually covered by each raster.,,
2025-09-02 17:15:08.421746+00:00,ascending,15,S1A_IW_GRDH_1SDV_20250902T171508_20250902T171533_060812_07921D_08D0_COG,sentinel-1a,2025,9,2,2025-09-02,True,stable_track_and_apr_sep_and_year_2015_2025,IW,VV|VH,,PRIMARY_VVVH,IW mode with VV+VH; primary homogeneous SAR backbone. Use only support points actually covered by each raster.,,
2025-09-08 17:14:04.377467+00:00,ascending,15,S1C_IW_GRDH_1SDV_20250908T171404_20250908T171429_004036_008067_F938_COG,sentinel-1c,2025,9,8,2025-09-08,True,stable_track_and_apr_sep_and_year_2015_2025,IW,VV|VH,,PRIMARY_VVVH,IW mode with VV+VH; primary homogeneous SAR backbone. Use only support points actually covered by each raster.,,
2025-09-14 17:15:08.879615+00:00,ascending,15,S1A_IW_GRDH_1SDV_20250914T171508_20250914T171533_060987_079920_CA9C_COG,sentinel-1a,2025,9,14,2025-09-14,True,stable_track_and_apr_sep_and_year_2015_2025,IW,VV|VH,,PRIMARY_VVVH,IW mode with VV+VH; primary homogeneous SAR backbone. Use only support points actually covered by each raster.,,
2025-09-20 17:14:04.718979+00:00,ascending,15,S1C_IW_GRDH_1SDV_20250920T171404_20250920T171429_004211_0085B5_3F48_COG,sentinel-1c,2025,9,20,2025-09-20,True,stable_track_and_apr_sep_and_year_2015_2025,IW,VV|VH,,PRIMARY_VVVH,IW mode with VV+VH; primary homogeneous SAR backbone. Use only support points actually covered by each raster.,,
2025-09-20 17:14:04.718979+00:00,ascending,15,S1C_IW_GRDH_1SDV_20250920T171404_20250920T171429_004211_0085B5_5AC8_COG,sentinel-1c,2025,9,20,2025-09-20,True,stable_track_and_apr_sep_and_year_2015_2025,IW,VV|VH,,PRIMARY_VVVH,IW mode with VV+VH; primary homogeneous SAR backbone. Use only support points actually covered by each raster.,,
2025-09-26 17:15:04.386371+00:00,ascending,15,S1A_IW_GRDH_1SDV_20250926T171504_20250926T171536_061162_07A027_38A5_COG,sentinel-1a,2025,9,26,2025-09-26,True,stable_track_and_apr_sep_and_year_2015_2025,IW,VV|VH,,PRIMARY_VVVH,IW mode with VV+VH; primary homogeneous SAR backbone. Use only support points actually covered by each raster.,,
2025-09-26 17:15:08.869330+00:00,ascending,15,S1A_IW_GRDH_1SDV_20250926T171508_20250926T171533_061162_07A027_FF91_COG,sentinel-1a,2025,9,26,2025-09-26,True,stable_track_and_apr_sep_and_year_2015_2025,IW,VV|VH,,PRIMARY_VVVH,IW mode with VV+VH; primary homogeneous SAR backbone. Use only support points actually covered by each raster.,,
2025-09-26 17:15:29.208455+00:00,ascending,15,S1A_IW_GRDH_1SDV_20250926T171529_20250926T171601_061162_07A027_EFED_COG,sentinel-1a,2025,9,26,2025-09-26,True,stable_track_and_apr_sep_and_year_2015_2025,IW,VV|VH,,PRIMARY_VVVH,IW mode with VV+VH; primary homogeneous SAR backbone. Use only support points actually covered by each raster.,,
2025-04-04 17:23:18.376399+00:00,ascending,88,S1A_IW_GRDH_1SDV_20250404T172318_20250404T172343_058610_07414D_A112_COG,sentinel-1a,2025,4,4,2025-04-04,True,stable_track_and_apr_sep_and_year_2015_2025,IW,VV|VH,,PRIMARY_VVVH,IW mode with VV+VH; primary homogeneous SAR backbone. Use only support points actually covered by each raster.,,
2025-04-04 17:23:43.375356+00:00,ascending,88,S1A_IW_GRDH_1SDV_20250404T172343_20250404T172408_058610_07414D_7367_COG,sentinel-1a,2025,4,4,2025-04-04,True,stable_track_and_apr_sep_and_year_2015_2025,IW,VV|VH,,PRIMARY_VVVH,IW mode with VV+VH; primary homogeneous SAR backbone. Use only support points actually covered by each raster.,,
2025-04-10 17:21:57.528698+00:00,ascending,88,S1C_IW_GRDH_1SDV_20250410T172157_20250410T172222_001834_0036A5_FC15_COG,sentinel-1c,2025,4,10,2025-04-10,True,stable_track_and_apr_sep_and_year_2015_2025,IW,VV|VH,,PRIMARY_VVVH,IW mode with VV+VH; primary homogeneous SAR backbone. Use only support points actually covered by each raster.,,
2025-04-10 17:22:22.528628+00:00,ascending,88,S1C_IW_GRDH_1SDV_20250410T172222_20250410T172235_001834_0036A5_419D_COG,sentinel-1c,2025,4,10,2025-04-10,True,stable_track_and_apr_sep_and_year_2015_2025,IW,VV|VH,,PRIMARY_VVVH,IW mode with VV+VH; primary homogeneous SAR backbone. Use only support points actually covered by each raster.,,
2025-04-16 17:23:18.117734+00:00,ascending,88,S1A_IW_GRDH_1SDV_20250416T172318_20250416T172343_058785_074873_39DB_COG,sentinel-1a,2025,4,16,2025-04-16,True,stable_track_and_apr_sep_and_year_2015_2025,IW,VV|VH,,PRIMARY_VVVH,IW mode with VV+VH; primary homogeneous SAR backbone. Use only support points actually covered by each raster.,,
2025-04-16 17:23:43.118096+00:00,ascending,88,S1A_IW_GRDH_1SDV_20250416T172343_20250416T172408_058785_074873_465C_COG,sentinel-1a,2025,4,16,2025-04-16,True,stable_track_and_apr_sep_and_year_2015_2025,IW,VV|VH,,PRIMARY_VVVH,IW mode with VV+VH; primary homogeneous SAR backbone. Use only support points actually covered by each raster.,,
2025-04-22 17:21:43.932166+00:00,ascending,88,S1C_IW_GRDH_1SDV_20250422T172143_20250422T172213_002009_00413B_1C86_COG,sentinel-1c,2025,4,22,2025-04-22,True,stable_track_and_apr_sep_and_year_2015_2025,IW,VV|VH,,PRIMARY_VVVH,IW mode with VV+VH; primary homogeneous SAR backbone. Use only support points actually covered by each raster.,,
2025-04-28 17:23:18.728716+00:00,ascending,88,S1A_IW_GRDH_1SDV_20250428T172318_20250428T172343_058960_074FA0_3A4D_COG,sentinel-1a,2025,4,28,2025-04-28,True,stable_track_and_apr_sep_and_year_2015_2025,IW,VV|VH,,PRIMARY_VVVH,IW mode with VV+VH; primary homogeneous SAR backbone. Use only support points actually covered by each raster.,,
2025-04-28 17:23:43.728986+00:00,ascending,88,S1A_IW_GRDH_1SDV_20250428T172343_20250428T172408_058960_074FA0_DE79_COG,sentinel-1a,2025,4,28,2025-04-28,True,stable_track_and_apr_sep_and_year_2015_2025,IW,VV|VH,,PRIMARY_VVVH,IW mode with VV+VH; primary homogeneous SAR backbone. Use only support points actually covered by each raster.,,
2025-05-04 17:21:54.264976+00:00,ascending,88,S1C_IW_GRDH_1SDV_20250504T172154_20250504T172219_002184_004A3B_0101_COG,sentinel-1c,2025,5,4,2025-05-04,True,stable_track_and_apr_sep_and_year_2015_2025,IW,VV|VH,,PRIMARY_VVVH,IW mode with VV+VH; primary homogeneous SAR backbone. Use only support points actually covered by each raster.,,
2025-05-04 17:22:19.264775+00:00,ascending,88,S1C_IW_GRDH_1SDV_20250504T172219_20250504T172244_002184_004A3B_D436_COG,sentinel-1c,2025,5,4,2025-05-04,True,stable_track_and_apr_sep_and_year_2015_2025,IW,VV|VH,,PRIMARY_VVVH,IW mode with VV+VH; primary homogeneous SAR backbone. Use only support points actually covered by each raster.,,
2025-05-10 17:23:18.410114+00:00,ascending,88,S1A_IW_GRDH_1SDV_20250510T172318_20250510T172343_059135_07564A_4DE6_COG,sentinel-1a,2025,5,10,2025-05-10,True,stable_track_and_apr_sep_and_year_2015_2025,IW,VV|VH,,PRIMARY_VVVH,IW mode with VV+VH; primary homogeneous SAR backbone. Use only support points actually covered by each raster.,,
2025-05-10 17:23:43.408777+00:00,ascending,88,S1A_IW_GRDH_1SDV_20250510T172343_20250510T172408_059135_07564A_B200_COG,sentinel-1a,2025,5,10,2025-05-10,True,stable_track_and_apr_sep_and_year_2015_2025,IW,VV|VH,,PRIMARY_VVVH,IW mode with VV+VH; primary homogeneous SAR backbone. Use only support points actually covered by each raster.,,
2025-05-16 17:21:54.801444+00:00,ascending,88,S1C_IW_GRDH_1SDV_20250516T172154_20250516T172219_002359_004F85_6001_COG,sentinel-1c,2025,5,16,2025-05-16,True,stable_track_and_apr_sep_and_year_2015_2025,IW,VV|VH,,PRIMARY_VVVH,IW mode with VV+VH; primary homogeneous SAR backbone. Use only support points actually covered by each raster.,,
2025-05-16 17:22:19.800872+00:00,ascending,88,S1C_IW_GRDH_1SDV_20250516T172219_20250516T172244_002359_004F85_E80F_COG,sentinel-1c,2025,5,16,2025-05-16,True,stable_track_and_apr_sep_and_year_2015_2025,IW,VV|VH,,PRIMARY_VVVH,IW mode with VV+VH; primary homogeneous SAR backbone. Use only support points actually covered by each raster.,,
2025-05-22 17:23:17.805099+00:00,ascending,88,S1A_IW_GRDH_1SDV_20250522T172317_20250522T172342_059310_075C59_C233_COG,sentinel-1a,2025,5,22,2025-05-22,True,stable_track_and_apr_sep_and_year_2015_2025,IW,VV|VH,,PRIMARY_VVVH,IW mode with VV+VH; primary homogeneous SAR backbone. Use only support points actually covered by each raster.,,
2025-05-22 17:23:42.805265+00:00,ascending,88,S1A_IW_GRDH_1SDV_20250522T172342_20250522T172407_059310_075C59_DA94_COG,sentinel-1a,2025,5,22,2025-05-22,True,stable_track_and_apr_sep_and_year_2015_2025,IW,VV|VH,,PRIMARY_VVVH,IW mode with VV+VH; primary homogeneous SAR backbone. Use only support points actually covered by each raster.,,
2025-05-28 17:21:56.668018+00:00,ascending,88,S1C_IW_GRDH_1SDV_20250528T172156_20250528T172221_002534_00545C_F8A4_COG,sentinel-1c,2025,5,28,2025-05-28,True,stable_track_and_apr_sep_and_year_2015_2025,IW,VV|VH,,PRIMARY_VVVH,IW mode with VV+VH; primary homogeneous SAR backbone. Use only support points actually covered by each raster.,,
2025-05-28 17:22:21.669011+00:00,ascending,88,S1C_IW_GRDH_1SDV_20250528T172221_20250528T172246_002534_00545C_6CFE_COG,sentinel-1c,2025,5,28,2025-05-28,True,stable_track_and_apr_sep_and_year_2015_2025,IW,VV|VH,,PRIMARY_VVVH,IW mode with VV+VH; primary homogeneous SAR backbone. Use only support points actually covered by each raster.,,
2025-06-03 17:23:17.283856+00:00,ascending,88,S1A_IW_GRDH_1SDV_20250603T172317_20250603T172342_059485_07626B_CD3A_COG,sentinel-1a,2025,6,3,2025-06-03,True,stable_track_and_apr_sep_and_year_2015_2025,IW,VV|VH,,PRIMARY_VVVH,IW mode with VV+VH; primary homogeneous SAR backbone. Use only support points actually covered by each raster.,,
2025-06-03 17:23:42.284088+00:00,ascending,88,S1A_IW_GRDH_1SDV_20250603T172342_20250603T172407_059485_07626B_4991_COG,sentinel-1a,2025,6,3,2025-06-03,True,stable_track_and_apr_sep_and_year_2015_2025,IW,VV|VH,,PRIMARY_VVVH,IW mode with VV+VH; primary homogeneous SAR backbone. Use only support points actually covered by each raster.,,
2025-06-09 17:21:57.323315+00:00,ascending,88,S1C_IW_GRDH_1SDV_20250609T172157_20250609T172222_002709_005969_923A_COG,sentinel-1c,2025,6,9,2025-06-09,True,stable_track_and_apr_sep_and_year_2015_2025,IW,VV|VH,,PRIMARY_VVVH,IW mode with VV+VH; primary homogeneous SAR backbone. Use only support points actually covered by each raster.,,
2025-06-09 17:22:22.324297+00:00,ascending,88,S1C_IW_GRDH_1SDV_20250609T172222_20250609T172247_002709_005969_A038_COG,sentinel-1c,2025,6,9,2025-06-09,True,stable_track_and_apr_sep_and_year_2015_2025,IW,VV|VH,,PRIMARY_VVVH,IW mode with VV+VH; primary homogeneous SAR backbone. Use only support points actually covered by each raster.,,
2025-06-15 17:23:16.622003+00:00,ascending,88,S1A_IW_GRDH_1SDV_20250615T172316_20250615T172341_059660_07685E_E2A2_COG,sentinel-1a,2025,6,15,2025-06-15,True,stable_track_and_apr_sep_and_year_2015_2025,IW,VV|VH,,PRIMARY_VVVH,IW mode with VV+VH; primary homogeneous SAR backbone. Use only support points actually covered by each raster.,,
2025-06-15 17:23:41.622233+00:00,ascending,88,S1A_IW_GRDH_1SDV_20250615T172341_20250615T172406_059660_07685E_3E21_COG,sentinel-1a,2025,6,15,2025-06-15,True,stable_track_and_apr_sep_and_year_2015_2025,IW,VV|VH,,PRIMARY_VVVH,IW mode with VV+VH; primary homogeneous SAR backbone. Use only support points actually covered by each raster.,,
2025-06-21 17:21:57.979566+00:00,ascending,88,S1C_IW_GRDH_1SDV_20250621T172157_20250621T172222_002884_005E73_FEFE_COG,sentinel-1c,2025,6,21,2025-06-21,True,stable_track_and_apr_sep_and_year_2015_2025,IW,VV|VH,,PRIMARY_VVVH,IW mode with VV+VH; primary homogeneous SAR backbone. Use only support points actually covered by each raster.,,
2025-06-21 17:22:22.980534+00:00,ascending,88,S1C_IW_GRDH_1SDV_20250621T172222_20250621T172247_002884_005E73_6319_COG,sentinel-1c,2025,6,21,2025-06-21,True,stable_track_and_apr_sep_and_year_2015_2025,IW,VV|VH,,PRIMARY_VVVH,IW mode with VV+VH; primary homogeneous SAR backbone. Use only support points actually covered by each raster.,,
2025-06-27 17:23:16.112449+00:00,ascending,88,S1A_IW_GRDH_1SDV_20250627T172316_20250627T172341_059835_076E75_F1F6_COG,sentinel-1a,2025,6,27,2025-06-27,True,stable_track_and_apr_sep_and_year_2015_2025,IW,VV|VH,,PRIMARY_VVVH,IW mode with VV+VH; primary homogeneous SAR backbone. Use only support points actually covered by each raster.,,
2025-06-27 17:23:41.112711+00:00,ascending,88,S1A_IW_GRDH_1SDV_20250627T172341_20250627T172406_059835_076E75_B3C1_COG,sentinel-1a,2025,6,27,2025-06-27,True,stable_track_and_apr_sep_and_year_2015_2025,IW,VV|VH,,PRIMARY_VVVH,IW mode with VV+VH; primary homogeneous SAR backbone. Use only support points actually covered by each raster.,,
2025-07-03 17:21:58.544503+00:00,ascending,88,S1C_IW_GRDH_1SDV_20250703T172158_20250703T172223_003059_00637F_D930_COG,sentinel-1c,2025,7,3,2025-07-03,True,stable_track_and_apr_sep_and_year_2015_2025,IW,VV|VH,,PRIMARY_VVVH,IW mode with VV+VH; primary homogeneous SAR backbone. Use only support points actually covered by each raster.,,
2025-07-03 17:22:23.544106+00:00,ascending,88,S1C_IW_GRDH_1SDV_20250703T172223_20250703T172248_003059_00637F_8B3B_COG,sentinel-1c,2025,7,3,2025-07-03,True,stable_track_and_apr_sep_and_year_2015_2025,IW,VV|VH,,PRIMARY_VVVH,IW mode with VV+VH; primary homogeneous SAR backbone. Use only support points actually covered by each raster.,,
2025-07-09 17:23:15.407909+00:00,ascending,88,S1A_IW_GRDH_1SDV_20250709T172315_20250709T172340_060010_077485_EC7E_COG,sentinel-1a,2025,7,9,2025-07-09,True,stable_track_and_apr_sep_and_year_2015_2025,IW,VV|VH,,PRIMARY_VVVH,IW mode with VV+VH; primary homogeneous SAR backbone. Use only support points actually covered by each raster.,,
2025-07-09 17:23:40.408010+00:00,ascending,88,S1A_IW_GRDH_1SDV_20250709T172340_20250709T172405_060010_077485_370F_COG,sentinel-1a,2025,7,9,2025-07-09,True,stable_track_and_apr_sep_and_year_2015_2025,IW,VV|VH,,PRIMARY_VVVH,IW mode with VV+VH; primary homogeneous SAR backbone. Use only support points actually covered by each raster.,,
2025-07-15 17:21:59.414291+00:00,ascending,88,S1C_IW_GRDH_1SDV_20250715T172159_20250715T172224_003234_00688E_3AEC_COG,sentinel-1c,2025,7,15,2025-07-15,True,stable_track_and_apr_sep_and_year_2015_2025,IW,VV|VH,,PRIMARY_VVVH,IW mode with VV+VH; primary homogeneous SAR backbone. Use only support points actually covered by each raster.,,
2025-07-15 17:22:24.413944+00:00,ascending,88,S1C_IW_GRDH_1SDV_20250715T172224_20250715T172249_003234_00688E_5E71_COG,sentinel-1c,2025,7,15,2025-07-15,True,stable_track_and_apr_sep_and_year_2015_2025,IW,VV|VH,,PRIMARY_VVVH,IW mode with VV+VH; primary homogeneous SAR backbone. Use only support points actually covered by each raster.,,
2025-07-21 17:23:14.831042+00:00,ascending,88,S1A_IW_GRDH_1SDV_20250721T172314_20250721T172339_060185_077A86_2EA1_COG,sentinel-1a,2025,7,21,2025-07-21,True,stable_track_and_apr_sep_and_year_2015_2025,IW,VV|VH,,PRIMARY_VVVH,IW mode with VV+VH; primary homogeneous SAR backbone. Use only support points actually covered by each raster.,,
2025-07-21 17:23:39.831182+00:00,ascending,88,S1A_IW_GRDH_1SDV_20250721T172339_20250721T172404_060185_077A86_C761_COG,sentinel-1a,2025,7,21,2025-07-21,True,stable_track_and_apr_sep_and_year_2015_2025,IW,VV|VH,,PRIMARY_VVVH,IW mode with VV+VH; primary homogeneous SAR backbone. Use only support points actually covered by each raster.,,
2025-07-27 17:22:00.251175+00:00,ascending,88,S1C_IW_GRDH_1SDV_20250727T172200_20250727T172225_003409_006DAD_4079_COG,sentinel-1c,2025,7,27,2025-07-27,True,stable_track_and_apr_sep_and_year_2015_2025,IW,VV|VH,,PRIMARY_VVVH,IW mode with VV+VH; primary homogeneous SAR backbone. Use only support points actually covered by each raster.,,
2025-07-27 17:22:25.252154+00:00,ascending,88,S1C_IW_GRDH_1SDV_20250727T172225_20250727T172250_003409_006DAD_DDF0_COG,sentinel-1c,2025,7,27,2025-07-27,True,stable_track_and_apr_sep_and_year_2015_2025,IW,VV|VH,,PRIMARY_VVVH,IW mode with VV+VH; primary homogeneous SAR backbone. Use only support points actually covered by each raster.,,
2025-08-02 17:23:14.620765+00:00,ascending,88,S1A_IW_GRDH_1SDV_20250802T172314_20250802T172339_060360_07808C_6261_COG,sentinel-1a,2025,8,2,2025-08-02,True,stable_track_and_apr_sep_and_year_2015_2025,IW,VV|VH,,PRIMARY_VVVH,IW mode with VV+VH; primary homogeneous SAR backbone. Use only support points actually covered by each raster.,,
2025-08-02 17:23:39.620661+00:00,ascending,88,S1A_IW_GRDH_1SDV_20250802T172339_20250802T172404_060360_07808C_9BD3_COG,sentinel-1a,2025,8,2,2025-08-02,True,stable_track_and_apr_sep_and_year_2015_2025,IW,VV|VH,,PRIMARY_VVVH,IW mode with VV+VH; primary homogeneous SAR backbone. Use only support points actually covered by each raster.,,
2025-08-08 17:22:00.792670+00:00,ascending,88,S1C_IW_GRDH_1SDV_20250808T172200_20250808T172225_003584_0072D8_725D_COG,sentinel-1c,2025,8,8,2025-08-08,True,stable_track_and_apr_sep_and_year_2015_2025,IW,VV|VH,,PRIMARY_VVVH,IW mode with VV+VH; primary homogeneous SAR backbone. Use only support points actually covered by each raster.,,
2025-08-08 17:22:25.792116+00:00,ascending,88,S1C_IW_GRDH_1SDV_20250808T172225_20250808T172250_003584_0072D8_1E30_COG,sentinel-1c,2025,8,8,2025-08-08,True,stable_track_and_apr_sep_and_year_2015_2025,IW,VV|VH,,PRIMARY_VVVH,IW mode with VV+VH; primary homogeneous SAR backbone. Use only support points actually covered by each raster.,,
2025-08-14 17:23:14.580449+00:00,ascending,88,S1A_IW_GRDH_1SDV_20250814T172314_20250814T172339_060535_07872E_1488_COG,sentinel-1a,2025,8,14,2025-08-14,True,stable_track_and_apr_sep_and_year_2015_2025,IW,VV|VH,,PRIMARY_VVVH,IW mode with VV+VH; primary homogeneous SAR backbone. Use only support points actually covered by each raster.,,
2025-08-14 17:23:39.580685+00:00,ascending,88,S1A_IW_GRDH_1SDV_20250814T172339_20250814T172404_060535_07872E_7090_COG,sentinel-1a,2025,8,14,2025-08-14,True,stable_track_and_apr_sep_and_year_2015_2025,IW,VV|VH,,PRIMARY_VVVH,IW mode with VV+VH; primary homogeneous SAR backbone. Use only support points actually covered by each raster.,,
2025-08-20 17:22:01.176656+00:00,ascending,88,S1C_IW_GRDH_1SDV_20250820T172201_20250820T172226_003759_007815_0BAB_COG,sentinel-1c,2025,8,20,2025-08-20,True,stable_track_and_apr_sep_and_year_2015_2025,IW,VV|VH,,PRIMARY_VVVH,IW mode with VV+VH; primary homogeneous SAR backbone. Use only support points actually covered by each raster.,,
2025-08-20 17:22:26.176087+00:00,ascending,88,S1C_IW_GRDH_1SDV_20250820T172226_20250820T172251_003759_007815_0E61_COG,sentinel-1c,2025,8,20,2025-08-20,True,stable_track_and_apr_sep_and_year_2015_2025,IW,VV|VH,,PRIMARY_VVVH,IW mode with VV+VH; primary homogeneous SAR backbone. Use only support points actually covered by each raster.,,
2025-08-26 17:23:14.763260+00:00,ascending,88,S1A_IW_GRDH_1SDV_20250826T172314_20250826T172339_060710_078E13_CF79_COG,sentinel-1a,2025,8,26,2025-08-26,True,stable_track_and_apr_sep_and_year_2015_2025,IW,VV|VH,,PRIMARY_VVVH,IW mode with VV+VH; primary homogeneous SAR backbone. Use only support points actually covered by each raster.,,
2025-08-26 17:23:39.763500+00:00,ascending,88,S1A_IW_GRDH_1SDV_20250826T172339_20250826T172404_060710_078E13_B308_COG,sentinel-1a,2025,8,26,2025-08-26,True,stable_track_and_apr_sep_and_year_2015_2025,IW,VV|VH,,PRIMARY_VVVH,IW mode with VV+VH; primary homogeneous SAR backbone. Use only support points actually covered by each raster.,,
2025-09-01 17:22:01.638317+00:00,ascending,88,S1C_IW_GRDH_1SDV_20250901T172201_20250901T172226_003934_007D5B_CE13_COG,sentinel-1c,2025,9,1,2025-09-01,True,stable_track_and_apr_sep_and_year_2015_2025,IW,VV|VH,,PRIMARY_VVVH,IW mode with VV+VH; primary homogeneous SAR backbone. Use only support points actually covered by each raster.,,
2025-09-01 17:22:26.637848+00:00,ascending,88,S1C_IW_GRDH_1SDV_20250901T172226_20250901T172251_003934_007D5B_803F_COG,sentinel-1c,2025,9,1,2025-09-01,True,stable_track_and_apr_sep_and_year_2015_2025,IW,VV|VH,,PRIMARY_VVVH,IW mode with VV+VH; primary homogeneous SAR backbone. Use only support points actually covered by each raster.,,
2025-09-07 17:23:15.030808+00:00,ascending,88,S1A_IW_GRDH_1SDV_20250907T172315_20250907T172340_060885_079505_303A_COG,sentinel-1a,2025,9,7,2025-09-07,True,stable_track_and_apr_sep_and_year_2015_2025,IW,VV|VH,,PRIMARY_VVVH,IW mode with VV+VH; primary homogeneous SAR backbone. Use only support points actually covered by each raster.,,
2025-09-07 17:23:40.031083+00:00,ascending,88,S1A_IW_GRDH_1SDV_20250907T172340_20250907T172405_060885_079505_EAC6_COG,sentinel-1a,2025,9,7,2025-09-07,True,stable_track_and_apr_sep_and_year_2015_2025,IW,VV|VH,,PRIMARY_VVVH,IW mode with VV+VH; primary homogeneous SAR backbone. Use only support points actually covered by each raster.,,
2025-09-13 17:22:02.136249+00:00,ascending,88,S1C_IW_GRDH_1SDV_20250913T172202_20250913T172227_004109_0082AA_75EB_COG,sentinel-1c,2025,9,13,2025-09-13,True,stable_track_and_apr_sep_and_year_2015_2025,IW,VV|VH,,PRIMARY_VVVH,IW mode with VV+VH; primary homogeneous SAR backbone. Use only support points actually covered by each raster.,,
2025-09-13 17:22:27.135864+00:00,ascending,88,S1C_IW_GRDH_1SDV_20250913T172227_20250913T172252_004109_0082AA_96E1_COG,sentinel-1c,2025,9,13,2025-09-13,True,stable_track_and_apr_sep_and_year_2015_2025,IW,VV|VH,,PRIMARY_VVVH,IW mode with VV+VH; primary homogeneous SAR backbone. Use only support points actually covered by each raster.,,
2025-09-19 17:23:15.338379+00:00,ascending,88,S1A_IW_GRDH_1SDV_20250919T172315_20250919T172340_061060_079C09_E83C_COG,sentinel-1a,2025,9,19,2025-09-19,True,stable_track_and_apr_sep_and_year_2015_2025,IW,VV|VH,,PRIMARY_VVVH,IW mode with VV+VH; primary homogeneous SAR backbone. Use only support points actually covered by each raster.,,
2025-09-19 17:23:40.338732+00:00,ascending,88,S1A_IW_GRDH_1SDV_20250919T172340_20250919T172405_061060_079C09_4DCF_COG,sentinel-1a,2025,9,19,2025-09-19,True,stable_track_and_apr_sep_and_year_2015_2025,IW,VV|VH,,PRIMARY_VVVH,IW mode with VV+VH; primary homogeneous SAR backbone. Use only support points actually covered by each raster.,,
2025-09-25 17:22:02.270948+00:00,ascending,88,S1C_IW_GRDH_1SDV_20250925T172202_20250925T172227_004284_0087F3_C681_COG,sentinel-1c,2025,9,25,2025-09-25,True,stable_track_and_apr_sep_and_year_2015_2025,IW,VV|VH,,PRIMARY_VVVH,IW mode with VV+VH; primary homogeneous SAR backbone. Use only support points actually covered by each raster.,,
2025-09-25 17:22:27.270594+00:00,ascending,88,S1C_IW_GRDH_1SDV_20250925T172227_20250925T172252_004284_0087F3_2D77_COG,sentinel-1c,2025,9,25,2025-09-25,True,stable_track_and_apr_sep_and_year_2015_2025,IW,VV|VH,,PRIMARY_VVVH,IW mode with VV+VH; primary homogeneous SAR backbone. Use only support points actually covered by each raster.,,
2025-04-03 05:35:39.107644+00:00,descending,66,S1A_IW_GRDH_1SDV_20250403T053539_20250403T053604_058588_074066_7614_COG,sentinel-1a,2025,4,3,2025-04-03,True,stable_track_and_apr_sep_and_year_2015_2025,IW,VV|VH,,PRIMARY_VVVH,IW mode with VV+VH; primary homogeneous SAR backbone. Use only support points actually covered by each raster.,,
2025-04-03 05:36:04.107437+00:00,descending,66,S1A_IW_GRDH_1SDV_20250403T053604_20250403T053629_058588_074066_4EB1_COG,sentinel-1a,2025,4,3,2025-04-03,True,stable_track_and_apr_sep_and_year_2015_2025,IW,VV|VH,,PRIMARY_VVVH,IW mode with VV+VH; primary homogeneous SAR backbone. Use only support points actually covered by each raster.,,
2025-04-15 05:35:38.672817+00:00,descending,66,S1A_IW_GRDH_1SDV_20250415T053538_20250415T053603_058763_074791_A6AC_COG,sentinel-1a,2025,4,15,2025-04-15,True,stable_track_and_apr_sep_and_year_2015_2025,IW,VV|VH,,PRIMARY_VVVH,IW mode with VV+VH; primary homogeneous SAR backbone. Use only support points actually covered by each raster.,,
2025-04-15 05:36:03.672490+00:00,descending,66,S1A_IW_GRDH_1SDV_20250415T053603_20250415T053628_058763_074791_65F2_COG,sentinel-1a,2025,4,15,2025-04-15,True,stable_track_and_apr_sep_and_year_2015_2025,IW,VV|VH,,PRIMARY_VVVH,IW mode with VV+VH; primary homogeneous SAR backbone. Use only support points actually covered by each raster.,,
2025-04-21 05:33:43.283753+00:00,descending,66,S1C_EW_GRDM_1SDH_20250421T053343_20250421T053440_001987_003FE5_411A_COG,sentinel-1c,2025,4,21,2025-04-21,True,stable_track_and_apr_sep_and_year_2015_2025,EW,HH|HV,,OUTSIDE_STUDY_SUPPORT,Technical exception with zero fixed RiceFloodIT-support coverage in C2U-S; retain metadata/audit only.,0.0,0.0
2025-04-21 05:33:43.283753+00:00,descending,66,S1C_EW_GRDM_1SDH_20250421T053343_20250421T053440_001987_003FE5_6601_COG,sentinel-1c,2025,4,21,2025-04-21,True,stable_track_and_apr_sep_and_year_2015_2025,EW,HH|HV,,OUTSIDE_STUDY_SUPPORT,Technical exception with zero fixed RiceFloodIT-support coverage in C2U-S; retain metadata/audit only.,0.0,0.0
2025-04-21 05:34:47.030408+00:00,descending,66,S1C_IW_GRDH_1SDV_20250421T053447_20250421T053516_001987_003FE6_9043_COG,sentinel-1c,2025,4,21,2025-04-21,True,stable_track_and_apr_sep_and_year_2015_2025,IW,VV|VH,,PRIMARY_VVVH,IW mode with VV+VH; primary homogeneous SAR backbone. Use only support points actually covered by each raster.,,
2025-04-27 05:35:39.423741+00:00,descending,66,S1A_IW_GRDH_1SDV_20250427T053539_20250427T053604_058938_074EBB_88BA_COG,sentinel-1a,2025,4,27,2025-04-27,True,stable_track_and_apr_sep_and_year_2015_2025,IW,VV|VH,,PRIMARY_VVVH,IW mode with VV+VH; primary homogeneous SAR backbone. Use only support points actually covered by each raster.,,
2025-04-27 05:36:04.423477+00:00,descending,66,S1A_IW_GRDH_1SDV_20250427T053604_20250427T053629_058938_074EBB_5B07_COG,sentinel-1a,2025,4,27,2025-04-27,True,stable_track_and_apr_sep_and_year_2015_2025,IW,VV|VH,,PRIMARY_VVVH,IW mode with VV+VH; primary homogeneous SAR backbone. Use only support points actually covered by each raster.,,
2025-05-03 05:34:35.983310+00:00,descending,66,S1C_IW_GRDH_1SDV_20250503T053435_20250503T053500_002162_004973_1D2D_COG,sentinel-1c,2025,5,3,2025-05-03,True,stable_track_and_apr_sep_and_year_2015_2025,IW,VV|VH,,PRIMARY_VVVH,IW mode with VV+VH; primary homogeneous SAR backbone. Use only support points actually covered by each raster.,,
2025-05-09 05:35:38.873574+00:00,descending,66,S1A_IW_GRDH_1SDV_20250509T053538_20250509T053603_059113_07558F_0943_COG,sentinel-1a,2025,5,9,2025-05-09,True,stable_track_and_apr_sep_and_year_2015_2025,IW,VV|VH,,PRIMARY_VVVH,IW mode with VV+VH; primary homogeneous SAR backbone. Use only support points actually covered by each raster.,,
2025-05-09 05:36:03.873296+00:00,descending,66,S1A_IW_GRDH_1SDV_20250509T053603_20250509T053628_059113_07558F_0CCE_COG,sentinel-1a,2025,5,9,2025-05-09,True,stable_track_and_apr_sep_and_year_2015_2025,IW,VV|VH,,PRIMARY_VVVH,IW mode with VV+VH; primary homogeneous SAR backbone. Use only support points actually covered by each raster.,,
2025-05-15 05:34:36.546384+00:00,descending,66,S1C_IW_GRDH_1SDV_20250515T053436_20250515T053501_002337_004EE6_613B_COG,sentinel-1c,2025,5,15,2025-05-15,True,stable_track_and_apr_sep_and_year_2015_2025,IW,VV|VH,,PRIMARY_VVVH,IW mode with VV+VH; primary homogeneous SAR backbone. Use only support points actually covered by each raster.,,
2025-05-21 05:35:38.401613+00:00,descending,66,S1A_IW_GRDH_1SDV_20250521T053538_20250521T053603_059288_075B98_8170_COG,sentinel-1a,2025,5,21,2025-05-21,True,stable_track_and_apr_sep_and_year_2015_2025,IW,VV|VH,,PRIMARY_VVVH,IW mode with VV+VH; primary homogeneous SAR backbone. Use only support points actually covered by each raster.,,
2025-05-21 05:36:03.401408+00:00,descending,66,S1A_IW_GRDH_1SDV_20250521T053603_20250521T053628_059288_075B98_55AD_COG,sentinel-1a,2025,5,21,2025-05-21,True,stable_track_and_apr_sep_and_year_2015_2025,IW,VV|VH,,PRIMARY_VVVH,IW mode with VV+VH; primary homogeneous SAR backbone. Use only support points actually covered by each raster.,,
2025-05-27 05:34:38.341215+00:00,descending,66,S1C_IW_GRDH_1SDV_20250527T053438_20250527T053503_002512_0053BB_4186_COG,sentinel-1c,2025,5,27,2025-05-27,True,stable_track_and_apr_sep_and_year_2015_2025,IW,VV|VH,,PRIMARY_VVVH,IW mode with VV+VH; primary homogeneous SAR backbone. Use only support points actually covered by each raster.,,
2025-06-02 05:35:38.090017+00:00,descending,66,S1A_IW_GRDH_1SDV_20250602T053538_20250602T053603_059463_0761AE_48FF_COG,sentinel-1a,2025,6,2,2025-06-02,True,stable_track_and_apr_sep_and_year_2015_2025,IW,VV|VH,,PRIMARY_VVVH,IW mode with VV+VH; primary homogeneous SAR backbone. Use only support points actually covered by each raster.,,
2025-06-02 05:36:03.089755+00:00,descending,66,S1A_IW_GRDH_1SDV_20250602T053603_20250602T053628_059463_0761AE_B424_COG,sentinel-1a,2025,6,2,2025-06-02,True,stable_track_and_apr_sep_and_year_2015_2025,IW,VV|VH,,PRIMARY_VVVH,IW mode with VV+VH; primary homogeneous SAR backbone. Use only support points actually covered by each raster.,,
2025-06-08 05:34:39.029310+00:00,descending,66,S1C_IW_GRDH_1SDV_20250608T053439_20250608T053504_002687_0058C3_7E17_COG,sentinel-1c,2025,6,8,2025-06-08,True,stable_track_and_apr_sep_and_year_2015_2025,IW,VV|VH,,PRIMARY_VVVH,IW mode with VV+VH; primary homogeneous SAR backbone. Use only support points actually covered by each raster.,,
2025-06-14 05:35:37.341929+00:00,descending,66,S1A_IW_GRDH_1SDV_20250614T053537_20250614T053602_059638_0767A3_DB37_COG,sentinel-1a,2025,6,14,2025-06-14,True,stable_track_and_apr_sep_and_year_2015_2025,IW,VV|VH,,PRIMARY_VVVH,IW mode with VV+VH; primary homogeneous SAR backbone. Use only support points actually covered by each raster.,,
2025-06-14 05:36:02.341957+00:00,descending,66,S1A_IW_GRDH_1SDV_20250614T053602_20250614T053627_059638_0767A3_ED4D_COG,sentinel-1a,2025,6,14,2025-06-14,True,stable_track_and_apr_sep_and_year_2015_2025,IW,VV|VH,,PRIMARY_VVVH,IW mode with VV+VH; primary homogeneous SAR backbone. Use only support points actually covered by each raster.,,
2025-06-20 05:34:39.641888+00:00,descending,66,S1C_IW_GRDH_1SDV_20250620T053439_20250620T053504_002862_005DD3_F9AA_COG,sentinel-1c,2025,6,20,2025-06-20,True,stable_track_and_apr_sep_and_year_2015_2025,IW,VV|VH,,PRIMARY_VVVH,IW mode with VV+VH; primary homogeneous SAR backbone. Use only support points actually covered by each raster.,,
2025-06-26 05:35:36.818225+00:00,descending,66,S1A_IW_GRDH_1SDV_20250626T053536_20250626T053601_059813_076DB6_F2CA_COG,sentinel-1a,2025,6,26,2025-06-26,True,stable_track_and_apr_sep_and_year_2015_2025,IW,VV|VH,,PRIMARY_VVVH,IW mode with VV+VH; primary homogeneous SAR backbone. Use only support points actually covered by each raster.,,
2025-06-26 05:36:01.819416+00:00,descending,66,S1A_IW_GRDH_1SDV_20250626T053601_20250626T053626_059813_076DB6_B913_COG,sentinel-1a,2025,6,26,2025-06-26,True,stable_track_and_apr_sep_and_year_2015_2025,IW,VV|VH,,PRIMARY_VVVH,IW mode with VV+VH; primary homogeneous SAR backbone. Use only support points actually covered by each raster.,,
2025-07-02 05:34:40.165870+00:00,descending,66,S1C_IW_GRDH_1SDV_20250702T053440_20250702T053505_003037_0062DC_9575_COG,sentinel-1c,2025,7,2,2025-07-02,True,stable_track_and_apr_sep_and_year_2015_2025,IW,VV|VH,,PRIMARY_VVVH,IW mode with VV+VH; primary homogeneous SAR backbone. Use only support points actually covered by each raster.,,
2025-07-08 05:35:36.136952+00:00,descending,66,S1A_IW_GRDH_1SDV_20250708T053536_20250708T053601_059988_0773C3_7009_COG,sentinel-1a,2025,7,8,2025-07-08,True,stable_track_and_apr_sep_and_year_2015_2025,IW,VV|VH,,PRIMARY_VVVH,IW mode with VV+VH; primary homogeneous SAR backbone. Use only support points actually covered by each raster.,,
2025-07-08 05:36:01.136587+00:00,descending,66,S1A_IW_GRDH_1SDV_20250708T053601_20250708T053626_059988_0773C3_3313_COG,sentinel-1a,2025,7,8,2025-07-08,True,stable_track_and_apr_sep_and_year_2015_2025,IW,VV|VH,,PRIMARY_VVVH,IW mode with VV+VH; primary homogeneous SAR backbone. Use only support points actually covered by each raster.,,
2025-07-14 05:34:41.165702+00:00,descending,66,S1C_IW_GRDH_1SDV_20250714T053441_20250714T053506_003212_0067EB_EE07_COG,sentinel-1c,2025,7,14,2025-07-14,True,stable_track_and_apr_sep_and_year_2015_2025,IW,VV|VH,,PRIMARY_VVVH,IW mode with VV+VH; primary homogeneous SAR backbone. Use only support points actually covered by each raster.,,
2025-07-20 05:35:35.508084+00:00,descending,66,S1A_IW_GRDH_1SDV_20250720T053535_20250720T053600_060163_0779C8_7E83_COG,sentinel-1a,2025,7,20,2025-07-20,True,stable_track_and_apr_sep_and_year_2015_2025,IW,VV|VH,,PRIMARY_VVVH,IW mode with VV+VH; primary homogeneous SAR backbone. Use only support points actually covered by each raster.,,
2025-07-20 05:36:00.507919+00:00,descending,66,S1A_IW_GRDH_1SDV_20250720T053600_20250720T053625_060163_0779C8_AD23_COG,sentinel-1a,2025,7,20,2025-07-20,True,stable_track_and_apr_sep_and_year_2015_2025,IW,VV|VH,,PRIMARY_VVVH,IW mode with VV+VH; primary homogeneous SAR backbone. Use only support points actually covered by each raster.,,
2025-07-26 05:34:41.966530+00:00,descending,66,S1C_IW_GRDH_1SDV_20250726T053441_20250726T053506_003387_006D07_FDAA_COG,sentinel-1c,2025,7,26,2025-07-26,True,stable_track_and_apr_sep_and_year_2015_2025,IW,VV|VH,,PRIMARY_VVVH,IW mode with VV+VH; primary homogeneous SAR backbone. Use only support points actually covered by each raster.,,
2025-08-01 05:35:35.253694+00:00,descending,66,S1A_IW_GRDH_1SDV_20250801T053535_20250801T053600_060338_077FCB_C5C7_COG,sentinel-1a,2025,8,1,2025-08-01,True,stable_track_and_apr_sep_and_year_2015_2025,IW,VV|VH,,PRIMARY_VVVH,IW mode with VV+VH; primary homogeneous SAR backbone. Use only support points actually covered by each raster.,,
2025-08-01 05:36:00.254963+00:00,descending,66,S1A_IW_GRDH_1SDV_20250801T053600_20250801T053625_060338_077FCB_46B5_COG,sentinel-1a,2025,8,1,2025-08-01,True,stable_track_and_apr_sep_and_year_2015_2025,IW,VV|VH,,PRIMARY_VVVH,IW mode with VV+VH; primary homogeneous SAR backbone. Use only support points actually covered by each raster.,,
2025-08-13 05:35:35.185287+00:00,descending,66,S1A_IW_GRDH_1SDV_20250813T053535_20250813T053600_060513_078654_CFFF_COG,sentinel-1a,2025,8,13,2025-08-13,True,stable_track_and_apr_sep_and_year_2015_2025,IW,VV|VH,,PRIMARY_VVVH,IW mode with VV+VH; primary homogeneous SAR backbone. Use only support points actually covered by each raster.,,
2025-08-13 05:36:00.185105+00:00,descending,66,S1A_IW_GRDH_1SDV_20250813T053600_20250813T053625_060513_078654_43D0_COG,sentinel-1a,2025,8,13,2025-08-13,True,stable_track_and_apr_sep_and_year_2015_2025,IW,VV|VH,,PRIMARY_VVVH,IW mode with VV+VH; primary homogeneous SAR backbone. Use only support points actually covered by each raster.,,
2025-08-19 05:34:42.898737+00:00,descending,66,S1C_IW_GRDH_1SDV_20250819T053442_20250819T053507_003737_007770_AB0A_COG,sentinel-1c,2025,8,19,2025-08-19,True,stable_track_and_apr_sep_and_year_2015_2025,IW,VV|VH,,PRIMARY_VVVH,IW mode with VV+VH; primary homogeneous SAR backbone. Use only support points actually covered by each raster.,,
2025-08-25 05:35:35.418410+00:00,descending,66,S1A_IW_GRDH_1SDV_20250825T053535_20250825T053600_060688_078D39_F4AB_COG,sentinel-1a,2025,8,25,2025-08-25,True,stable_track_and_apr_sep_and_year_2015_2025,IW,VV|VH,,PRIMARY_VVVH,IW mode with VV+VH; primary homogeneous SAR backbone. Use only support points actually covered by each raster.,,
2025-08-25 05:36:00.418136+00:00,descending,66,S1A_IW_GRDH_1SDV_20250825T053600_20250825T053625_060688_078D39_F085_COG,sentinel-1a,2025,8,25,2025-08-25,True,stable_track_and_apr_sep_and_year_2015_2025,IW,VV|VH,,PRIMARY_VVVH,IW mode with VV+VH; primary homogeneous SAR backbone. Use only support points actually covered by each raster.,,
2025-08-31 05:34:43.371302+00:00,descending,66,S1C_IW_GRDH_1SDV_20250831T053443_20250831T053508_003912_007CAC_02DA_COG,sentinel-1c,2025,8,31,2025-08-31,True,stable_track_and_apr_sep_and_year_2015_2025,IW,VV|VH,,PRIMARY_VVVH,IW mode with VV+VH; primary homogeneous SAR backbone. Use only support points actually covered by each raster.,,
2025-09-06 05:35:35.448980+00:00,descending,66,S1A_IW_GRDH_1SDV_20250906T053535_20250906T053600_060863_079427_7E1D_COG,sentinel-1a,2025,9,6,2025-09-06,True,stable_track_and_apr_sep_and_year_2015_2025,IW,VV|VH,,PRIMARY_VVVH,IW mode with VV+VH; primary homogeneous SAR backbone. Use only support points actually covered by each raster.,,
2025-09-06 05:36:00.450349+00:00,descending,66,S1A_IW_GRDH_1SDV_20250906T053600_20250906T053625_060863_079427_0677_COG,sentinel-1a,2025,9,6,2025-09-06,True,stable_track_and_apr_sep_and_year_2015_2025,IW,VV|VH,,PRIMARY_VVVH,IW mode with VV+VH; primary homogeneous SAR backbone. Use only support points actually covered by each raster.,,
2025-09-12 05:34:43.966574+00:00,descending,66,S1C_IW_GRDH_1SDV_20250912T053443_20250912T053508_004087_0081FD_747B_COG,sentinel-1c,2025,9,12,2025-09-12,True,stable_track_and_apr_sep_and_year_2015_2025,IW,VV|VH,,PRIMARY_VVVH,IW mode with VV+VH; primary homogeneous SAR backbone. Use only support points actually covered by each raster.,,
2025-09-18 05:35:35.825131+00:00,descending,66,S1A_IW_GRDH_1SDV_20250918T053535_20250918T053600_061038_079B2F_4BBA_COG,sentinel-1a,2025,9,18,2025-09-18,True,stable_track_and_apr_sep_and_year_2015_2025,IW,VV|VH,,PRIMARY_VVVH,IW mode with VV+VH; primary homogeneous SAR backbone. Use only support points actually covered by each raster.,,
2025-09-18 05:36:00.825069+00:00,descending,66,S1A_IW_GRDH_1SDV_20250918T053600_20250918T053625_061038_079B2F_933C_COG,sentinel-1a,2025,9,18,2025-09-18,True,stable_track_and_apr_sep_and_year_2015_2025,IW,VV|VH,,PRIMARY_VVVH,IW mode with VV+VH; primary homogeneous SAR backbone. Use only support points actually covered by each raster.,,
2025-09-24 05:34:44.080318+00:00,descending,66,S1C_IW_GRDH_1SDV_20250924T053444_20250924T053509_004262_008748_4209_COG,sentinel-1c,2025,9,24,2025-09-24,True,stable_track_and_apr_sep_and_year_2015_2025,IW,VV|VH,,PRIMARY_VVVH,IW mode with VV+VH; primary homogeneous SAR backbone. Use only support points actually covered by each raster.,,
2025-09-30 05:35:35.921921+00:00,descending,66,S1A_IW_GRDH_1SDV_20250930T053535_20250930T053600_061213_07A23B_A441_COG,sentinel-1a,2025,9,30,2025-09-30,True,stable_track_and_apr_sep_and_year_2015_2025,IW,VV|VH,,PRIMARY_VVVH,IW mode with VV+VH; primary homogeneous SAR backbone. Use only support points actually covered by each raster.,,
2025-09-30 05:36:00.921824+00:00,descending,66,S1A_IW_GRDH_1SDV_20250930T053600_20250930T053625_061213_07A23B_FB72_COG,sentinel-1a,2025,9,30,2025-09-30,True,stable_track_and_apr_sep_and_year_2015_2025,IW,VV|VH,,PRIMARY_VVVH,IW mode with VV+VH; primary homogeneous SAR backbone. Use only support points actually covered by each raster.,,
2025-04-04 05:26:17.200135+00:00,descending,168,S1C_IW_GRDH_1SDV_20250404T052617_20250404T052646_001739_00308B_9DDE_COG,sentinel-1c,2025,4,4,2025-04-04,True,stable_track_and_apr_sep_and_year_2015_2025,IW,VV|VH,,PRIMARY_VVVH,IW mode with VV+VH; primary homogeneous SAR backbone. Use only support points actually covered by each raster.,,
2025-04-10 05:27:26.004640+00:00,descending,168,S1A_IW_GRDH_1SDV_20250410T052726_20250410T052751_058690_074497_7F71_COG,sentinel-1a,2025,4,10,2025-04-10,True,stable_track_and_apr_sep_and_year_2015_2025,IW,VV|VH,,PRIMARY_VVVH,IW mode with VV+VH; primary homogeneous SAR backbone. Use only support points actually covered by each raster.,,
2025-04-10 05:27:51.005512+00:00,descending,168,S1A_IW_GRDH_1SDV_20250410T052751_20250410T052816_058690_074497_0AB7_COG,sentinel-1a,2025,4,10,2025-04-10,True,stable_track_and_apr_sep_and_year_2015_2025,IW,VV|VH,,PRIMARY_VVVH,IW mode with VV+VH; primary homogeneous SAR backbone. Use only support points actually covered by each raster.,,
2025-04-16 05:26:17.251901+00:00,descending,168,S1C_IW_GRDH_1SDV_20250416T052617_20250416T052646_001914_003B88_4B7C_COG,sentinel-1c,2025,4,16,2025-04-16,True,stable_track_and_apr_sep_and_year_2015_2025,IW,VV|VH,,PRIMARY_VVVH,IW mode with VV+VH; primary homogeneous SAR backbone. Use only support points actually covered by each raster.,,
2025-04-22 05:27:26.226931+00:00,descending,168,S1A_IW_GRDH_1SDV_20250422T052726_20250422T052751_058865_074BC1_6CEE_COG,sentinel-1a,2025,4,22,2025-04-22,True,stable_track_and_apr_sep_and_year_2015_2025,IW,VV|VH,,PRIMARY_VVVH,IW mode with VV+VH; primary homogeneous SAR backbone. Use only support points actually covered by each raster.,,
2025-04-22 05:27:51.226433+00:00,descending,168,S1A_IW_GRDH_1SDV_20250422T052751_20250422T052816_058865_074BC1_8213_COG,sentinel-1a,2025,4,22,2025-04-22,True,stable_track_and_apr_sep_and_year_2015_2025,IW,VV|VH,,PRIMARY_VVVH,IW mode with VV+VH; primary homogeneous SAR backbone. Use only support points actually covered by each raster.,,
2025-04-28 05:26:23.635076+00:00,descending,168,S1C_IW_GRDH_1SDV_20250428T052623_20250428T052652_002089_0045F6_945D_COG,sentinel-1c,2025,4,28,2025-04-28,True,stable_track_and_apr_sep_and_year_2015_2025,IW,VV|VH,,PRIMARY_VVVH,IW mode with VV+VH; primary homogeneous SAR backbone. Use only support points actually covered by each raster.,,
2025-05-04 05:27:26.293262+00:00,descending,168,S1A_IW_GRDH_1SDV_20250504T052726_20250504T052751_059040_0752C4_FCA5_COG,sentinel-1a,2025,5,4,2025-05-04,True,stable_track_and_apr_sep_and_year_2015_2025,IW,VV|VH,,PRIMARY_VVVH,IW mode with VV+VH; primary homogeneous SAR backbone. Use only support points actually covered by each raster.,,
2025-05-04 05:27:51.292616+00:00,descending,168,S1A_IW_GRDH_1SDV_20250504T052751_20250504T052816_059040_0752C4_0202_COG,sentinel-1a,2025,5,4,2025-05-04,True,stable_track_and_apr_sep_and_year_2015_2025,IW,VV|VH,,PRIMARY_VVVH,IW mode with VV+VH; primary homogeneous SAR backbone. Use only support points actually covered by each raster.,,
2025-05-10 05:26:23.496485+00:00,descending,168,S1C_IW_GRDH_1SDV_20250510T052623_20250510T052648_002264_004CDC_8028_COG,sentinel-1c,2025,5,10,2025-05-10,True,stable_track_and_apr_sep_and_year_2015_2025,IW,VV|VH,,PRIMARY_VVVH,IW mode with VV+VH; primary homogeneous SAR backbone. Use only support points actually covered by each raster.,,
2025-05-16 05:27:25.977808+00:00,descending,168,S1A_IW_GRDH_1SDV_20250516T052725_20250516T052750_059215_075912_F0FF_COG,sentinel-1a,2025,5,16,2025-05-16,True,stable_track_and_apr_sep_and_year_2015_2025,IW,VV|VH,,PRIMARY_VVVH,IW mode with VV+VH; primary homogeneous SAR backbone. Use only support points actually covered by each raster.,,
2025-05-16 05:27:50.977232+00:00,descending,168,S1A_IW_GRDH_1SDV_20250516T052750_20250516T052815_059215_075912_A408_COG,sentinel-1a,2025,5,16,2025-05-16,True,stable_track_and_apr_sep_and_year_2015_2025,IW,VV|VH,,PRIMARY_VVVH,IW mode with VV+VH; primary homogeneous SAR backbone. Use only support points actually covered by each raster.,,
2025-05-22 05:26:24.547787+00:00,descending,168,S1C_IW_GRDH_1SDV_20250522T052624_20250522T052649_002439_0051B0_72AD_COG,sentinel-1c,2025,5,22,2025-05-22,True,stable_track_and_apr_sep_and_year_2015_2025,IW,VV|VH,,PRIMARY_VVVH,IW mode with VV+VH; primary homogeneous SAR backbone. Use only support points actually covered by each raster.,,
2025-05-28 05:27:25.541113+00:00,descending,168,S1A_IW_GRDH_1SDV_20250528T052725_20250528T052750_059390_075F2B_40D7_COG,sentinel-1a,2025,5,28,2025-05-28,True,stable_track_and_apr_sep_and_year_2015_2025,IW,VV|VH,,PRIMARY_VVVH,IW mode with VV+VH; primary homogeneous SAR backbone. Use only support points actually covered by each raster.,,
2025-05-28 05:27:50.540548+00:00,descending,168,S1A_IW_GRDH_1SDV_20250528T052750_20250528T052815_059390_075F2B_22A2_COG,sentinel-1a,2025,5,28,2025-05-28,True,stable_track_and_apr_sep_and_year_2015_2025,IW,VV|VH,,PRIMARY_VVVH,IW mode with VV+VH; primary homogeneous SAR backbone. Use only support points actually covered by each raster.,,
2025-06-03 05:26:26.019956+00:00,descending,168,S1C_IW_GRDH_1SDV_20250603T052626_20250603T052651_002614_0056AB_AC39_COG,sentinel-1c,2025,6,3,2025-06-03,True,stable_track_and_apr_sep_and_year_2015_2025,IW,VV|VH,,PRIMARY_VVVH,IW mode with VV+VH; primary homogeneous SAR backbone. Use only support points actually covered by each raster.,,
2025-06-09 05:27:24.929679+00:00,descending,168,S1A_IW_GRDH_1SDV_20250609T052724_20250609T052749_059565_076523_9688_COG,sentinel-1a,2025,6,9,2025-06-09,True,stable_track_and_apr_sep_and_year_2015_2025,IW,VV|VH,,PRIMARY_VVVH,IW mode with VV+VH; primary homogeneous SAR backbone. Use only support points actually covered by each raster.,,
2025-06-09 05:27:49.929087+00:00,descending,168,S1A_IW_GRDH_1SDV_20250609T052749_20250609T052814_059565_076523_E7C3_COG,sentinel-1a,2025,6,9,2025-06-09,True,stable_track_and_apr_sep_and_year_2015_2025,IW,VV|VH,,PRIMARY_VVVH,IW mode with VV+VH; primary homogeneous SAR backbone. Use only support points actually covered by each raster.,,
2025-06-15 05:26:26.646093+00:00,descending,168,S1C_IW_GRDH_1SDV_20250615T052626_20250615T052651_002789_005BB9_367F_COG,sentinel-1c,2025,6,15,2025-06-15,True,stable_track_and_apr_sep_and_year_2015_2025,IW,VV|VH,,PRIMARY_VVVH,IW mode with VV+VH; primary homogeneous SAR backbone. Use only support points actually covered by each raster.,,
2025-06-21 05:27:24.192381+00:00,descending,168,S1A_IW_GRDH_1SDV_20250621T052724_20250621T052749_059740_076B2D_983C_COG,sentinel-1a,2025,6,21,2025-06-21,True,stable_track_and_apr_sep_and_year_2015_2025,IW,VV|VH,,PRIMARY_VVVH,IW mode with VV+VH; primary homogeneous SAR backbone. Use only support points actually covered by each raster.,,
2025-06-21 05:27:49.191798+00:00,descending,168,S1A_IW_GRDH_1SDV_20250621T052749_20250621T052814_059740_076B2D_84DA_COG,sentinel-1a,2025,6,21,2025-06-21,True,stable_track_and_apr_sep_and_year_2015_2025,IW,VV|VH,,PRIMARY_VVVH,IW mode with VV+VH; primary homogeneous SAR backbone. Use only support points actually covered by each raster.,,
2025-06-27 05:26:27.536097+00:00,descending,168,S1C_IW_GRDH_1SDV_20250627T052627_20250627T052652_002964_0060C9_6856_COG,sentinel-1c,2025,6,27,2025-06-27,True,stable_track_and_apr_sep_and_year_2015_2025,IW,VV|VH,,PRIMARY_VVVH,IW mode with VV+VH; primary homogeneous SAR backbone. Use only support points actually covered by each raster.,,
2025-07-03 05:27:23.618767+00:00,descending,168,S1A_IW_GRDH_1SDV_20250703T052723_20250703T052748_059915_077146_C603_COG,sentinel-1a,2025,7,3,2025-07-03,True,stable_track_and_apr_sep_and_year_2015_2025,IW,VV|VH,,PRIMARY_VVVH,IW mode with VV+VH; primary homogeneous SAR backbone. Use only support points actually covered by each raster.,,
2025-07-03 05:27:48.619519+00:00,descending,168,S1A_IW_GRDH_1SDV_20250703T052748_20250703T052813_059915_077146_DD90_COG,sentinel-1a,2025,7,3,2025-07-03,True,stable_track_and_apr_sep_and_year_2015_2025,IW,VV|VH,,PRIMARY_VVVH,IW mode with VV+VH; primary homogeneous SAR backbone. Use only support points actually covered by each raster.,,
2025-07-09 05:26:28.141373+00:00,descending,168,S1C_IW_GRDH_1SDV_20250709T052628_20250709T052653_003139_0065D1_1426_COG,sentinel-1c,2025,7,9,2025-07-09,True,stable_track_and_apr_sep_and_year_2015_2025,IW,VV|VH,,PRIMARY_VVVH,IW mode with VV+VH; primary homogeneous SAR backbone. Use only support points actually covered by each raster.,,
2025-07-15 05:27:23.007607+00:00,descending,168,S1A_IW_GRDH_1SDV_20250715T052723_20250715T052748_060090_077749_C0FF_COG,sentinel-1a,2025,7,15,2025-07-15,True,stable_track_and_apr_sep_and_year_2015_2025,IW,VV|VH,,PRIMARY_VVVH,IW mode with VV+VH; primary homogeneous SAR backbone. Use only support points actually covered by each raster.,,
2025-07-15 05:27:48.008575+00:00,descending,168,S1A_IW_GRDH_1SDV_20250715T052748_20250715T052813_060090_077749_0520_COG,sentinel-1a,2025,7,15,2025-07-15,True,stable_track_and_apr_sep_and_year_2015_2025,IW,VV|VH,,PRIMARY_VVVH,IW mode with VV+VH; primary homogeneous SAR backbone. Use only support points actually covered by each raster.,,
2025-07-21 05:26:28.836647+00:00,descending,168,S1C_IW_GRDH_1SDV_20250721T052628_20250721T052653_003314_006AE8_C2BB_COG,sentinel-1c,2025,7,21,2025-07-21,True,stable_track_and_apr_sep_and_year_2015_2025,IW,VV|VH,,PRIMARY_VVVH,IW mode with VV+VH; primary homogeneous SAR backbone. Use only support points actually covered by each raster.,,
2025-07-27 05:27:22.654801+00:00,descending,168,S1A_IW_GRDH_1SDV_20250727T052722_20250727T052747_060265_077D4D_552A_COG,sentinel-1a,2025,7,27,2025-07-27,True,stable_track_and_apr_sep_and_year_2015_2025,IW,VV|VH,,PRIMARY_VVVH,IW mode with VV+VH; primary homogeneous SAR backbone. Use only support points actually covered by each raster.,,
2025-07-27 05:27:47.655701+00:00,descending,168,S1A_IW_GRDH_1SDV_20250727T052747_20250727T052812_060265_077D4D_2560_COG,sentinel-1a,2025,7,27,2025-07-27,True,stable_track_and_apr_sep_and_year_2015_2025,IW,VV|VH,,PRIMARY_VVVH,IW mode with VV+VH; primary homogeneous SAR backbone. Use only support points actually covered by each raster.,,
2025-08-02 05:26:29.510937+00:00,descending,168,S1C_IW_GRDH_1SDV_20250802T052629_20250802T052654_003489_007008_0ECB_COG,sentinel-1c,2025,8,2,2025-08-02,True,stable_track_and_apr_sep_and_year_2015_2025,IW,VV|VH,,PRIMARY_VVVH,IW mode with VV+VH; primary homogeneous SAR backbone. Use only support points actually covered by each raster.,,
2025-08-08 05:27:22.524330+00:00,descending,168,S1A_IW_GRDH_1SDV_20250808T052722_20250808T052747_060440_078378_286F_COG,sentinel-1a,2025,8,8,2025-08-08,True,stable_track_and_apr_sep_and_year_2015_2025,IW,VV|VH,,PRIMARY_VVVH,IW mode with VV+VH; primary homogeneous SAR backbone. Use only support points actually covered by each raster.,,
2025-08-08 05:27:47.525281+00:00,descending,168,S1A_IW_GRDH_1SDV_20250808T052747_20250808T052812_060440_078378_AB1B_COG,sentinel-1a,2025,8,8,2025-08-08,True,stable_track_and_apr_sep_and_year_2015_2025,IW,VV|VH,,PRIMARY_VVVH,IW mode with VV+VH; primary homogeneous SAR backbone. Use only support points actually covered by each raster.,,
2025-08-14 05:26:30.127641+00:00,descending,168,S1C_IW_GRDH_1SDV_20250814T052630_20250814T052655_003664_00753D_1189_COG,sentinel-1c,2025,8,14,2025-08-14,True,stable_track_and_apr_sep_and_year_2015_2025,IW,VV|VH,,PRIMARY_VVVH,IW mode with VV+VH; primary homogeneous SAR backbone. Use only support points actually covered by each raster.,,
2025-08-20 05:27:22.417379+00:00,descending,168,S1A_IW_GRDH_1SDV_20250820T052722_20250820T052747_060615_078A5B_8532_COG,sentinel-1a,2025,8,20,2025-08-20,True,stable_track_and_apr_sep_and_year_2015_2025,IW,VV|VH,,PRIMARY_VVVH,IW mode with VV+VH; primary homogeneous SAR backbone. Use only support points actually covered by each raster.,,
2025-08-20 05:27:47.416828+00:00,descending,168,S1A_IW_GRDH_1SDV_20250820T052747_20250820T052812_060615_078A5B_4BC1_COG,sentinel-1a,2025,8,20,2025-08-20,True,stable_track_and_apr_sep_and_year_2015_2025,IW,VV|VH,,PRIMARY_VVVH,IW mode with VV+VH; primary homogeneous SAR backbone. Use only support points actually covered by each raster.,,
2025-08-26 05:26:30.577715+00:00,descending,168,S1C_IW_GRDH_1SDV_20250826T052630_20250826T052655_003839_007A82_639A_COG,sentinel-1c,2025,8,26,2025-08-26,True,stable_track_and_apr_sep_and_year_2015_2025,IW,VV|VH,,PRIMARY_VVVH,IW mode with VV+VH; primary homogeneous SAR backbone. Use only support points actually covered by each raster.,,
2025-09-01 05:27:22.689556+00:00,descending,168,S1A_IW_GRDH_1SDV_20250901T052722_20250901T052747_060790_07913E_7AED_COG,sentinel-1a,2025,9,1,2025-09-01,True,stable_track_and_apr_sep_and_year_2015_2025,IW,VV|VH,,PRIMARY_VVVH,IW mode with VV+VH; primary homogeneous SAR backbone. Use only support points actually covered by each raster.,,
2025-09-01 05:27:47.689345+00:00,descending,168,S1A_IW_GRDH_1SDV_20250901T052747_20250901T052812_060790_07913E_28B5_COG,sentinel-1a,2025,9,1,2025-09-01,True,stable_track_and_apr_sep_and_year_2015_2025,IW,VV|VH,,PRIMARY_VVVH,IW mode with VV+VH; primary homogeneous SAR backbone. Use only support points actually covered by each raster.,,
2025-09-07 05:26:30.951215+00:00,descending,168,S1C_IW_GRDH_1SDV_20250907T052630_20250907T052655_004014_007FB5_534C_COG,sentinel-1c,2025,9,7,2025-09-07,True,stable_track_and_apr_sep_and_year_2015_2025,IW,VV|VH,,PRIMARY_VVVH,IW mode with VV+VH; primary homogeneous SAR backbone. Use only support points actually covered by each raster.,,
2025-09-13 05:27:23.153749+00:00,descending,168,S1A_IW_GRDH_1SDV_20250913T052723_20250913T052748_060965_07983E_D7A2_COG,sentinel-1a,2025,9,13,2025-09-13,True,stable_track_and_apr_sep_and_year_2015_2025,IW,VV|VH,,PRIMARY_VVVH,IW mode with VV+VH; primary homogeneous SAR backbone. Use only support points actually covered by each raster.,,
2025-09-13 05:27:48.153335+00:00,descending,168,S1A_IW_GRDH_1SDV_20250913T052748_20250913T052813_060965_07983E_A1A5_COG,sentinel-1a,2025,9,13,2025-09-13,True,stable_track_and_apr_sep_and_year_2015_2025,IW,VV|VH,,PRIMARY_VVVH,IW mode with VV+VH; primary homogeneous SAR backbone. Use only support points actually covered by each raster.,,
2025-09-19 05:26:31.438954+00:00,descending,168,S1C_IW_GRDH_1SDV_20250919T052631_20250919T052656_004189_00850E_7BEE_COG,sentinel-1c,2025,9,19,2025-09-19,True,stable_track_and_apr_sep_and_year_2015_2025,IW,VV|VH,,PRIMARY_VVVH,IW mode with VV+VH; primary homogeneous SAR backbone. Use only support points actually covered by each raster.,,
2025-09-19 05:26:31.438954+00:00,descending,168,S1C_IW_GRDH_1SDV_20250919T052631_20250919T052656_004189_00850E_A4CE_COG,sentinel-1c,2025,9,19,2025-09-19,True,stable_track_and_apr_sep_and_year_2015_2025,IW,VV|VH,,PRIMARY_VVVH,IW mode with VV+VH; primary homogeneous SAR backbone. Use only support points actually covered by each raster.,,
2025-09-25 05:27:23.173877+00:00,descending,168,S1A_IW_GRDH_1SDV_20250925T052723_20250925T052748_061140_079F46_29B0_COG,sentinel-1a,2025,9,25,2025-09-25,True,stable_track_and_apr_sep_and_year_2015_2025,IW,VV|VH,,PRIMARY_VVVH,IW mode with VV+VH; primary homogeneous SAR backbone. Use only support points actually covered by each raster.,,
2025-09-25 05:27:48.173467+00:00,descending,168,S1A_IW_GRDH_1SDV_20250925T052748_20250925T052813_061140_079F46_4257_COG,sentinel-1a,2025,9,25,2025-09-25,True,stable_track_and_apr_sep_and_year_2015_2025,IW,VV|VH,,PRIMARY_VVVH,IW mode with VV+VH; primary homogeneous SAR backbone. Use only support points actually covered by each raster.,,
