station,year,commune,pre,aprmay,jja,m5,m6,m7,m8,ff_2,ffw_2,ffb_2,n_2,nbal_2,ff_5,ffw_5,ffb_5,n_5,nbal_5,ff_10,ffw_10,ffb_10,n_10,nbal_10,CODICE,gw_x,gw_y,gwb,commune2,d_may_aug,regime,P_mayaug,P_mayaug_n,P_mayaug_dmax,P_apraug,P_apraug_n,P_apraug_dmax,P_jja,P_jja_n,P_jja_dmax,T_mayaug,T_mayaug_n,T_mayaug_dmax,T_apraug,T_apraug_n,T_apraug_dmax,T_jja,T_jja_n,T_jja_dmax,d_spring_summer,P_aprmay,T_aprmay,event_year,event_time
PO0180810U0111,2008,LINAROLO,,,,,,,,0.0043859497777053,0.0057891506169523,0.0049112029373645,7,4,0.0489629499476264,0.0641411085648891,0.0622771975990288,36,26,0.0470135372798152,0.058770347464474,0.0472281697821017,100,48,PO0180810U0111,521130.0,5000547.0,GWB ISS MPTLS,LINAROLO,,Mid,171.4598330290457,3,36.707017993838726,265.43567276097855,3,36.707017993838726,100.94224610637455,3,36.707017993838726,21.53246545684529,3,45.70510781083444,19.703618746139377,3,45.70510781083444,22.826237157507443,3,45.70510781083444,,161.7838064271698,15.16354639839975,2015.0,-7.0
PO0180810U0111,2009,LINAROLO,,,,,,,,0.0107432573240388,0.0083188898550967,0.0015032647255187,9,4,0.0332480107825904,0.0314496348688256,0.0359495212714813,40,26,0.0298927551102621,0.0318670923061143,0.0318421520232024,126,48,PO0180810U0111,521130.0,5000547.0,GWB ISS MPTLS,LINAROLO,,Mid,71.98908091265753,3,30.832605225637355,180.42316755454348,3,30.832605225637355,62.61541690181134,3,30.832605225637355,22.423977121745747,3,45.70510781083444,20.715707469768144,3,45.70510781083444,23.27488959700669,3,45.70510781083444,,117.80775065273214,17.090401826316047,2015.0,-6.0
PO0180810U0111,2010,LINAROLO,,,,,,,,0.0120499862564934,0.0186982545359381,0.01613549888134,9,4,0.0352513605699227,0.0379646429430001,0.0360432834565682,41,26,0.0321147492808353,0.033638056750631,0.0329724138724133,138,48,PO0180810U0111,521130.0,5000547.0,GWB ISS MPTLS,LINAROLO,,Mid,319.885346441956,3,37.1084255257482,374.3152938368144,3,36.707017993838726,160.65495190811632,3,37.1084255257482,20.145965422684714,2,45.70510781083444,18.4917749710874,2,45.70510781083444,21.734058931698875,2,45.70510781083444,,212.13234973202316,14.351702632681056,2015.0,-5.0
PO0180810U0111,2011,LINAROLO,,,,,,,,0.0029437702959748,0.0041832525258589,0.0058373902381087,9,4,0.0163989224051406,0.0156880524899269,0.0152016394109709,44,26,0.0192177941191487,0.0178114472439008,0.0179890041586784,144,48,PO0180810U0111,521130.0,5000547.0,GWB ISS MPTLS,LINAROLO,,Mid,167.63644355073404,3,37.116234426460885,180.0609069092718,3,37.116234426460885,128.9875189523892,3,37.116234426460885,,1,30.832605225637355,,1,30.832605225637355,,1,9.921687860439876,,49.650124907360116,,2015.0,-4.0
PO0180810U0111,2012,LINAROLO,,,,,,,,0.0079012947074564,0.0054986297512765,0.0024451479160537,8,4,0.0108692416183487,0.0121970936178445,0.0138574323129619,41,26,0.0163530499145361,0.0162118210504357,0.0112039660283294,130,48,PO0180810U0111,521130.0,5000547.0,GWB ISS MPTLS,LINAROLO,,Mid,196.55154300698445,3,30.832605225637355,300.973980308133,3,30.832605225637355,127.83195815355802,3,30.832605225637355,22.912672474737303,3,30.832605225637355,20.900923155727945,3,30.832605225637355,24.542869357589563,3,30.832605225637355,,173.14202215457493,15.388685013689567,2015.0,-3.0
PO0180810U0111,2013,LINAROLO,,,,,,,,0.0270008213596329,0.030979120241547,0.0401817067138229,7,4,0.0531322902236277,0.0552123350448581,0.0564505402783255,39,26,0.0653274669898987,0.0667114189594225,0.0755527768730846,122,48,PO0180810U0111,521130.0,5000547.0,GWB ISS MPTLS,LINAROLO,,High,219.0768961402084,3,37.1084255257482,315.9094958951031,3,37.1084255257482,76.72338943847087,3,30.832605225637355,21.730957873693445,3,36.707017993838726,20.08912816971888,3,36.707017993838726,23.59430429432849,3,36.707017993838726,,234.94636932342766,14.818395740816179,2015.0,-2.0
PO0180810U0111,2014,LINAROLO,,3.2,,3.2,,,,0.0076460807646314,0.0112029665737952,0.0108521728931615,10,4,0.0319809726133385,0.0376091238208551,0.0436868304530015,44,26,0.0223130387187653,0.0293133884772612,0.0395892291818099,142,48,PO0180810U0111,521130.0,5000547.0,GWB ISS MPTLS,LINAROLO,,Mid,345.34282646505386,3,37.1084255257482,450.8032531152684,3,37.1084255257482,310.03271346845304,3,37.1084255257482,21.445724594181357,3,18.05402096487096,20.151035971591376,3,18.05402096487096,22.56372856519074,3,18.05402096487096,,137.73287937630624,16.521608542158774,2015.0,-1.0
PO0180810U0111,2015,LINAROLO,,,2.53,,,2.53,,0.0,0.0,0.0,10,4,0.0073317767490448,0.0088495797505319,0.0081691460375739,43,26,0.0129031256290394,0.0106595113657658,0.0072902231025687,128,48,PO0180810U0111,521130.0,5000547.0,GWB ISS MPTLS,LINAROLO,,Low,151.99665986029513,3,30.832605225637355,198.1938520665644,3,30.832605225637355,119.39454423443624,3,30.832605225637355,23.578927246412537,3,18.05402096487096,21.742727320567223,3,18.05402096487096,25.02309685657787,3,18.05402096487096,,78.79930783212814,16.748654056940175,2015.0,0.0
PO0180810U0111,2016,LINAROLO,5.25,3.625,1.3,3.625,,,1.3,0.0002708488006006,0.0003401357030799,0.0006094098013515,9,4,0.009431106706787,0.0104440075194211,0.0125697761240492,43,26,0.0071546031826885,0.0081924908546198,0.0090712363427883,142,48,PO0180810U0111,521130.0,5000547.0,GWB ISS MPTLS,LINAROLO,-2.325,Low,223.2257877332979,3,30.832605225637355,235.47093418715505,3,30.832605225637355,145.02679878899227,3,30.832605225637355,22.07370428816411,3,18.05402096487096,20.67999949451205,3,18.05402096487096,23.703453879575967,3,18.05402096487096,-2.325,90.44413539816279,16.120035503923837,2015.0,1.0
PO0180810U0111,2017,LINAROLO,2.8,4.31,2.0,,,,2.0,1.5656182464833126e-05,2.1471335951771144e-05,0.0,8,4,0.0135397691915447,0.0138342543210527,0.0180023984203077,40,26,0.0090947391299152,0.0112288988312608,0.0141502447929017,122,48,PO0180810U0111,521130.0,5000547.0,GWB ISS MPTLS,LINAROLO,,Low,116.34014878711704,3,30.832605225637355,171.9327351180421,3,30.832605225637355,54.57323766087166,3,30.832605225637355,23.8769708907734,3,18.05402096487096,22.169774023485704,3,18.05402096487096,25.354681112950008,3,18.05402096487096,-2.3099999999999996,117.35949745717043,17.366307593473966,2015.0,2.0
PO0180810U0111,2018,LINAROLO,4.1,4.0,3.265,,2.53,,4.0,0.0027794864778924,0.0032037729397416,0.0036110286329252,6,4,0.013567746664672,0.0172745247275524,0.0157956463540288,36,26,0.0153323817913419,0.0163833012428705,0.0156588686185235,90,48,PO0180810U0111,521130.0,5000547.0,GWB ISS MPTLS,LINAROLO,,Low,302.5302316131804,3,18.05402096487096,403.3900529798963,3,18.05402096487096,152.05663197471225,3,18.05402096487096,23.071873226047185,3,13.106950865857398,21.586691506507982,3,13.106950865857398,24.585351928269016,3,13.106950865857398,-0.7349999999999999,251.33342100518405,17.127435415820756,2015.0,3.0
PO0180810U0111,2019,LINAROLO,4.0,4.3,5.72,,,,5.72,0.0085811287874267,0.0116674609643478,0.0008833933000763,7,4,0.0178202314075394,0.0199832409049295,0.0166492822179488,37,26,0.0185449665019765,0.0219684159440868,0.0200811415917087,101,48,PO0180810U0111,521130.0,5000547.0,GWB ISS MPTLS,LINAROLO,,Mid,189.47702311470653,3,18.05402096487096,253.88950497406287,3,18.05402096487096,61.711649113187065,3,18.05402096487096,22.572136261733256,3,13.106950865857398,20.74038755191232,3,13.106950865857398,25.111302496629435,3,13.106950865857398,1.42,192.17785586087584,14.194424927780952,2015.0,4.0
PO0180810U0111,2020,LINAROLO,,,2.1,,,,2.1,0.0,0.0,0.0,10,4,0.0004054188721583,0.0004993984946625,0.0003706419971795,46,26,0.0003476463708455,0.0003598260334585,0.0002881544415787,145,48,PO0180810U0111,521130.0,5000547.0,GWB ISS MPTLS,LINAROLO,,Low,247.7443194262366,3,18.05402096487096,264.678904310012,3,18.05402096487096,198.58124497927585,3,18.05402096487096,22.58866213261194,3,13.106950865857398,21.036976061831112,3,13.106950865857398,23.73727495825673,3,13.106950865857398,,66.09765933073612,16.894067972186587,2015.0,5.0
PO0180810U0111,2021,LINAROLO,2.3,3.8,3.1,,,,3.1,0.0,0.0,0.0,8,4,0.000188610588375,0.0001775183974214,5.1228067604824914e-05,40,26,0.0022667868525849,0.0015541002543173,0.0006820084345235,131,48,PO0180810U0111,521130.0,5000547.0,GWB ISS MPTLS,LINAROLO,,Low,109.46510572217085,3,18.05402096487096,168.24220515912904,3,18.05402096487096,58.566256246930095,3,18.05402096487096,22.42376043991038,3,13.106950865857398,20.38720517378919,3,13.106950865857398,24.2658817642583,3,13.106950865857398,-0.6999999999999997,109.67594891219892,14.537397857016117,2015.0,6.0
PO018047NR0001,2008,CERVESINA,8.16,8.08,7.85,8.06,7.92,7.81,7.85,,,,0,0,,,,0,0,0.1198528912124839,0.1216809635270543,0.1500036824558951,34,15,PO018047NR0001,499957.0,4986727.0,GWB ISS MPOP,CERVESINA,-0.2100000000000008,High,193.2405118647439,3,22.077984373579035,288.8409258058938,3,22.077984373579035,116.4565469277524,3,22.077984373579035,21.395393429031085,3,34.27378393174585,19.436919300585245,3,34.27378393174585,22.79440940155329,3,34.27378393174585,-0.23000000000000043,164.01865905182498,14.724185849116532,,
PO018047NR0001,2009,CERVESINA,6.82,,,,,,,,,,0,0,0.325973302125931,0.325973302125931,,1,0,0.1217234159398962,0.1267432522148147,0.1574003207259293,45,15,PO018047NR0001,499957.0,4986727.0,GWB ISS MPOP,CERVESINA,,High,56.56483615981088,3,19.98573884048323,176.70198895484603,3,19.98573884048323,51.11238017533603,3,19.98573884048323,22.101251307938064,3,34.27378393174585,20.4229843670009,3,34.27378393174585,23.030143193932705,3,34.27378393174585,,125.58960877951,16.617034824789748,,
PO018047NR0001,2010,CERVESINA,5.65,3.9,5.1,3.9,,,5.1,,,,0,0,,,,0,0,0.0780707971615342,0.0799060005837106,0.1262203547172247,44,15,PO018047NR0001,499957.0,4986727.0,GWB ISS MPOP,CERVESINA,1.1999999999999995,High,273.4657975021455,3,34.27378393174585,343.9064093265204,3,22.077984373579035,137.58014510812436,3,34.27378393174585,20.10164071693448,2,33.33269987564764,18.43046751787144,2,33.33269987564764,21.72035495632336,2,33.33269987564764,1.1999999999999997,193.1012125501645,13.982357253028347,,
PO018047NR0001,2011,CERVESINA,2.9000000000000004,,,,,,,,,,0,0,0.0881260111927986,0.0881260111927986,,1,0,0.0682024236929484,0.0736418714423396,0.1158165725998373,47,15,PO018047NR0001,499957.0,4986727.0,GWB ISS MPOP,CERVESINA,,High,151.74037995407775,3,33.33269987564764,160.64315634007392,3,33.33269987564764,133.0002498860405,3,33.33269987564764,,1,6.75322160157654,,1,6.75322160157654,,1,19.98573884048323,,47.63299118448526,,,
PO018047NR0001,2012,CERVESINA,3.9,3.8,4.8,3.8,,,4.8,,,,0,0,,,,0,0,0.0968552814824227,0.0983452671348816,0.1439742211073948,42,15,PO018047NR0001,499957.0,4986727.0,GWB ISS MPOP,CERVESINA,1.0,High,127.46243015120352,3,19.98573884048323,219.30376246992776,3,19.98573884048323,69.42375020588129,3,19.98573884048323,23.12793441713369,3,19.98573884048323,21.00632845729354,3,19.98573884048323,24.695056065873025,3,19.98573884048323,1.0,149.88001226404648,15.230854446966458,,
PO018047NR0001,2013,CERVESINA,5.6,,4.35,,,,4.35,,,,0,0,0.257444982727369,0.257444982727369,,1,0,0.0969127314984149,0.1081451229266211,0.1132871568099493,46,15,PO018047NR0001,499957.0,4986727.0,GWB ISS MPOP,CERVESINA,,High,208.1526078030658,3,33.33269987564764,301.2682977190554,3,33.33269987564764,40.63893706689956,3,19.98573884048323,21.51496161688807,3,34.27378393174585,19.889132656012315,3,34.27378393174585,23.323437584121617,3,34.27378393174585,,229.88898446777165,14.732274745103076,,
PO018047NR0001,2014,CERVESINA,3.8,,2.4,,,,2.4,,,,0,0,0.0908451713621616,0.0908451713621616,,1,0,0.0878491361335748,0.1058123555562987,0.1260280308220536,45,15,PO018047NR0001,499957.0,4986727.0,GWB ISS MPOP,CERVESINA,,High,298.79685313554523,3,33.33269987564764,392.2376547411277,3,33.33269987564764,271.2905307703388,3,33.33269987564764,20.380078147801346,3,19.98573884048323,19.11511654330224,3,19.98573884048323,21.55891285074288,3,19.98573884048323,,88.24113058691172,15.429390964867174,,
PO018047NR0001,2015,CERVESINA,1.4,,2.6,,2.9,2.3,,,,,0,0,,,,0,0,0.059782265317552,0.0641290861969685,0.0846468349547488,47,15,PO018047NR0001,499957.0,4986727.0,GWB ISS MPOP,CERVESINA,,High,114.48039034761192,3,19.98573884048323,126.37885573040448,3,19.98573884048323,97.05977797054992,3,19.98573884048323,23.262124181663427,3,19.98573884048323,21.451166130626493,3,19.98573884048323,24.690132518866783,3,19.98573884048323,,29.31907775985454,16.35365065082357,,
PO018047NR0001,2016,CERVESINA,4.470000000000001,4.4325,5.045,4.525,,4.85,5.24,,,,0,0,0.0398115727584809,0.0398115727584809,,1,0,0.0557366640042164,0.0615414642992672,0.1012222813778337,45,15,PO018047NR0001,499957.0,4986727.0,GWB ISS MPOP,CERVESINA,0.7149999999999999,High,208.3786424521417,3,19.98573884048323,216.36895880408596,3,19.98573884048323,125.64108112761453,3,19.98573884048323,21.430841733411093,3,19.98573884048323,20.061574885138374,3,19.98573884048323,23.04002398469173,3,19.98573884048323,0.6124999999999998,90.72787767647142,15.562156939852931,,
PO018047NR0001,2017,CERVESINA,5.815,5.915,6.43,5.93,,6.28,6.58,,,,0,0,0.0092917690053582,0.0092917690053582,,1,0,0.0673998913447155,0.081168843199589,0.1052286570472642,49,15,PO018047NR0001,499957.0,4986727.0,GWB ISS MPOP,CERVESINA,0.6500000000000004,High,145.89551836046311,3,19.98573884048323,189.86477534289077,3,19.98573884048323,62.24256160123348,3,19.98573884048323,22.68933285687981,3,19.98573884048323,20.908059541243222,3,19.98573884048323,24.324020753092675,3,19.98573884048323,0.5149999999999997,127.62221374165723,15.84823997471468,,
PO018047NR0001,2018,CERVESINA,7.085,6.7,6.6850000000000005,6.7,,6.6850000000000005,,,,,0,0,0.0277038076892495,0.0277038076892495,,1,0,0.0648369712190562,0.087603681755544,0.0644297988756767,42,15,PO018047NR0001,499957.0,4986727.0,GWB ISS MPOP,CERVESINA,,High,245.1977263398719,3,18.632825335949452,314.5589274333505,3,18.632825335949452,169.0434114963732,3,18.632825335949452,22.645799900324864,3,18.632825335949452,21.09531436630949,3,18.632825335949452,24.06417503449011,3,18.632825335949452,-0.01499999999999968,145.51551593697727,16.4981374582471,,
PO018047NR0001,2019,CERVESINA,6.7075,6.69,6.84,6.71,6.44,6.84,7.04,,,,0,0,,,,0,0,0.0666577094526918,0.0841352266202471,0.0765339526399555,43,15,PO018047NR0001,499957.0,4986727.0,GWB ISS MPOP,CERVESINA,0.33,High,130.33830198328454,3,17.911193483405846,182.52306790385185,3,17.911193483405846,58.48381593737831,3,17.911193483405846,21.96587453980952,3,17.911193483405846,19.99402409157029,3,17.911193483405846,24.367759446448805,3,17.911193483405846,0.14999999999999947,124.03925196647351,13.532135918169438,,
PO018047NR0001,2020,CERVESINA,5.075,4.779999999999999,5.21,4.85,4.92,5.21,5.28,,,,0,0,0.0,0.0,,1,0,0.0380402507875855,0.0460626549969962,0.0463641584382599,55,15,PO018047NR0001,499957.0,4986727.0,GWB ISS MPOP,CERVESINA,0.4300000000000006,Mid,199.06423514104057,3,17.911193483405846,231.37667001191195,3,17.911193483405846,130.3670442051335,3,17.911193483405846,22.154411821427505,3,17.911193483405846,20.480991625415065,3,17.911193483405846,23.38075836293541,3,17.911193483405846,0.4300000000000006,101.00962580677844,16.183783617710233,,
PO018047NR0001,2021,CERVESINA,4.14,4.175,4.84,4.25,4.65,4.84,5.1,,,,0,0,,,,0,0,0.0206995467342541,0.0236290502611371,0.0299038784314083,52,15,PO018047NR0001,499957.0,4986727.0,GWB ISS MPOP,CERVESINA,0.8499999999999996,Mid,61.85539325715204,3,17.911193483405846,73.959853863271,3,17.911193483405846,34.281624425470255,3,17.911193483405846,21.72527348696192,3,17.911193483405846,19.62909693676893,3,17.911193483405846,23.65707023945524,3,17.911193483405846,0.665,101.55661801771517,13.917015922180855,,
PO0181550U0001,2008,TORRAZZA COSTE,2.65,2.47,2.52,2.56,2.37,2.52,2.63,,,,0,0,,,,0,0,,,,0,0,PO0181550U0001,505656.0,4980492.0,GWB ISS MPOP,TORRAZZA COSTE,0.0699999999999998,,186.71280494921083,3,26.876022659612417,281.0853346554956,3,26.876022659612417,111.26868237124911,3,26.876022659612417,21.43209360107319,3,42.13689111692983,19.50250880884199,3,42.13689111692983,22.80462376118189,3,42.13689111692983,0.04999999999999982,161.39390557729038,14.829107791546114,,
PO0181550U0001,2009,TORRAZZA COSTE,2.16,1.535,2.35,2.17,2.24,2.35,2.42,,,,0,0,,,,0,0,,,,0,0,PO0181550U0001,505656.0,4980492.0,GWB ISS MPOP,TORRAZZA COSTE,0.25,,59.20516640877122,3,25.172480608791812,174.61294609566653,3,25.172480608791812,52.1488884369382,3,25.172480608791812,22.17407185013032,3,42.13689111692983,20.488329367111135,3,42.13689111692983,23.080152379616425,3,42.13689111692983,0.8150000000000002,122.46405765872836,16.732100436205165,,
PO0181550U0001,2010,TORRAZZA COSTE,1.67,1.965,2.2,1.97,2.05,2.21,2.2,,,,0,0,,,,0,0,,,,0,0,PO0181550U0001,505656.0,4980492.0,GWB ISS MPOP,TORRAZZA COSTE,0.2300000000000002,,279.313227986873,3,42.13689111692983,350.8992070356701,3,26.876022659612417,138.4453475642297,3,42.13689111692983,20.11207137570957,2,41.77442132453782,18.4448946215384,2,41.77442132453782,21.723579828064413,2,41.77442132453782,0.2350000000000001,197.97109995045122,14.055509642217105,,
PO0181550U0001,2011,TORRAZZA COSTE,2.01,1.975,2.09,2.0,2.0,2.09,2.2,,,,0,0,,,,0,0,,,,0,0,PO0181550U0001,505656.0,4980492.0,GWB ISS MPOP,TORRAZZA COSTE,0.2000000000000001,,155.70940638201142,3,41.77442132453782,165.68751997894415,3,41.77442132453782,133.99767454822603,3,41.77442132453782,,1,14.213026419450577,,1,14.213026419450577,,1,23.28524951551948,0.11499999999999977,44.74917761891779,,,
PO0181550U0001,2012,TORRAZZA COSTE,2.2,2.1,2.2,2.1,2.2,2.1,2.3,,,,0,0,,,,0,0,,,,0,0,PO0181550U0001,505656.0,4980492.0,GWB ISS MPOP,TORRAZZA COSTE,0.1999999999999997,,140.50021161523662,3,26.876022659612417,233.8360426687932,3,26.876022659612417,81.1366502395716,3,26.876022659612417,23.00147218286229,3,26.876022659612417,20.91999206833453,3,26.876022659612417,24.57316169998835,3,26.876022659612417,0.10000000000000009,152.69939242922158,15.2503669860995,,
PO0181550U0001,2013,TORRAZZA COSTE,2.0,1.75,2.2,1.8,1.86,2.2,2.21,,,,0,0,,,,0,0,,,,0,0,PO0181550U0001,505656.0,4980492.0,GWB ISS MPOP,TORRAZZA COSTE,0.4099999999999999,,225.06555691635697,3,41.05799785669048,324.75980045319744,3,41.05799785669048,47.71462521565436,3,26.876022659612417,21.52957722490441,3,41.05799785669048,19.89995848755141,3,41.05799785669048,23.34842644038689,3,41.05799785669048,0.4500000000000002,238.95322848821627,14.728548269406426,,
PO0181550U0001,2014,TORRAZZA COSTE,1.43,1.87,2.07,,2.05,2.07,2.1,,,,0,0,,,,0,0,,,,0,0,PO0181550U0001,505656.0,4980492.0,GWB ISS MPOP,TORRAZZA COSTE,,,324.7693264195768,3,41.05799785669048,422.2433998919316,3,41.05799785669048,290.9058178138438,3,41.05799785669048,20.739660531003768,3,25.172480608791812,19.461352639990693,3,25.172480608791812,21.90715251771074,3,25.172480608791812,0.19999999999999973,98.24479763897766,15.77260528342931,,
PO0181550U0001,2015,TORRAZZA COSTE,1.81,2.03,2.23,2.06,2.13,2.23,2.27,,,,0,0,,,,0,0,,,,0,0,PO0181550U0001,505656.0,4980492.0,GWB ISS MPOP,TORRAZZA COSTE,0.2099999999999999,,121.33230510948844,3,26.876022659612417,140.80969281163445,3,26.876022659612417,101.45986995851958,3,26.876022659612417,23.410179970856024,3,25.172480608791812,21.584643477989378,3,25.172480608791812,24.85772532293205,3,25.172480608791812,0.20000000000000018,39.34982285311486,16.497514771304708,,
PO0181550U0001,2016,TORRAZZA COSTE,2.3,2.34,2.5,2.37,2.4,2.5,2.54,,,,0,0,,,,0,0,,,,0,0,PO0181550U0001,505656.0,4980492.0,GWB ISS MPOP,TORRAZZA COSTE,0.1699999999999999,,200.7611265956728,3,26.876022659612417,209.65274707424936,3,26.876022659612417,121.22169893426454,3,26.876022659612417,21.670341256590355,3,25.172480608791812,20.2863744460385,3,25.172480608791812,23.30069364233785,3,25.172480608791812,0.16000000000000014,88.43104813998484,15.740188117193576,,
PO0181550U0001,2017,TORRAZZA COSTE,2.6,2.635,2.79,2.63,2.7,2.79,2.8,,,,0,0,,,,0,0,,,,0,0,PO0181550U0001,505656.0,4980492.0,GWB ISS MPOP,TORRAZZA COSTE,0.1699999999999999,,146.75234432328372,3,26.876022659612417,191.6032958377179,3,26.876022659612417,67.50911809153651,3,26.876022659612417,23.150029418119097,3,25.172480608791812,21.37899813788769,3,25.172480608791812,24.75386108356344,3,25.172480608791812,0.15500000000000025,124.09417774618137,16.356880026062154,,
PO0181550U0001,2018,TORRAZZA COSTE,2.84,2.585,2.8,2.57,2.66,2.8,2.86,,,,0,0,,,,0,0,,,,0,0,PO0181550U0001,505656.0,4980492.0,GWB ISS MPOP,TORRAZZA COSTE,0.29,,250.51775120609304,3,23.28524951551948,324.91939437785715,3,23.28524951551948,146.37810908967307,3,23.28524951551948,22.827888420769614,3,23.28524951551948,21.28372521859312,3,23.28524951551948,24.32421775650076,3,23.28524951551948,0.21499999999999986,178.54128528818407,16.634209044319242,,
PO0181550U0001,2019,TORRAZZA COSTE,2.84,,2.88,,2.88,2.94,2.84,,,,0,0,,,,0,0,,,,0,0,PO0181550U0001,505656.0,4980492.0,GWB ISS MPOP,TORRAZZA COSTE,,,150.89047956157756,3,23.28524951551948,208.4568694356792,3,23.28524951551948,53.09002829235655,3,23.28524951551948,22.152361555865458,3,23.28524951551948,20.21837578963394,3,23.28524951551948,24.652383381691383,3,23.28524951551948,,155.3668411433227,13.657662881509369,,
PO0181550U0001,2020,TORRAZZA COSTE,2.25,,2.52,,2.42,2.52,2.55,,,,0,0,,,,0,0,,,,0,0,PO0181550U0001,505656.0,4980492.0,GWB ISS MPOP,TORRAZZA COSTE,,,219.5460917835304,3,23.28524951551948,244.9908268949821,3,23.28524951551948,172.9579624430874,3,23.28524951551948,22.2760920548771,3,23.28524951551948,20.722166678533977,3,23.28524951551948,23.47281101344321,3,23.28524951551948,,72.03286445189468,16.491474545460818,,
PO0181550U0001,2021,TORRAZZA COSTE,2.17,,2.56,,2.47,2.56,2.59,,,,0,0,,,,0,0,,,,0,0,PO0181550U0001,505656.0,4980492.0,GWB ISS MPOP,TORRAZZA COSTE,,,75.8354726356384,3,23.28524951551948,108.0607098218683,3,23.28524951551948,38.587214505214725,3,23.28524951551948,21.94238752206604,3,23.28524951551948,19.853462514133746,3,23.28524951551948,23.867313643845986,3,23.28524951551948,,102.03525407319692,13.995256515580817,,
PO0180130U0005,2008,BELGIOIOSO,11.88,11.65,11.1,11.5,11.26,11.1,10.65,0.041929671075195,0.0458838553833109,0.041929671075195,4,4,0.0374876969149923,0.0469520742645357,0.0293372791363961,37,24,0.0427175306559513,0.0554512337280544,0.0539767735406657,115,55,PO0180130U0005,523764.0,5000838.0,GWB ISS MPTLS,BELGIOIOSO,-0.8499999999999996,Mid,173.85016573662298,3,38.7758273283756,268.2295925069487,3,38.7758273283756,102.6982773297768,3,38.7758273283756,21.536115607909643,3,48.22176866312558,19.71028812699077,3,48.22176866312558,22.82721060349776,3,48.22176866312558,-0.5500000000000007,161.7682104306279,15.174300730110243,2015.0,-7.0
PO0180130U0005,2009,BELGIOIOSO,,,,,,,,0.0126488144509494,0.0124656189342632,0.0110916525591164,6,4,0.0155554620120162,0.0126989671504513,0.0130905732713775,47,24,0.0285991303833961,0.0322914684742415,0.0364661286808603,144,55,PO0180130U0005,523764.0,5000838.0,GWB ISS MPTLS,BELGIOIOSO,,Mid,71.66399789048849,3,33.35049175049748,180.1991163725139,3,33.35049175049748,62.34764192620048,3,33.35049175049748,22.431560594051437,3,48.22176866312558,20.722533449685415,3,48.22176866312558,23.28025276747097,3,48.22176866312558,,117.85147444631343,17.10213897938398,2015.0,-6.0
PO0180130U0005,2010,BELGIOIOSO,11.42,11.575,11.325,11.6,11.15,11.5,,0.0256453550287655,0.0332439787409923,0.0368388753384351,7,4,0.0316470902505948,0.0332937993459567,0.0265574705840056,48,24,0.0335410401671616,0.0373910226621765,0.0372164977041547,154,55,PO0180130U0005,523764.0,5000838.0,GWB ISS MPTLS,BELGIOIOSO,,Mid,318.8787289095878,3,39.27787475156975,375.74538961873,3,38.7758273283756,157.4565929784054,3,39.27787475156975,20.147717186841543,2,48.22176866312558,18.49419791326541,2,48.22176866312558,21.734600528816387,2,48.22176866312558,-0.25,212.49609966539734,14.359623899078422,2015.0,-5.0
PO0180130U0005,2011,BELGIOIOSO,11.4,11.575,11.1,11.4,11.1,11.8,10.9,0.0179372617576047,0.0121299871995976,0.0083586515388257,9,4,0.0225291403746245,0.0166379362048695,0.0114763972085105,52,24,0.0181915155022856,0.0189044929282945,0.0188157797208788,162,55,PO0180130U0005,523764.0,5000838.0,GWB ISS MPTLS,BELGIOIOSO,-0.5,Mid,167.73180450552795,3,39.75840210571849,179.9165240138229,3,39.75840210571849,129.19927370636898,3,39.75840210571849,,1,33.35049175049748,,1,33.35049175049748,,1,12.43500804181485,-0.47499999999999964,54.34109796828181,,2015.0,-4.0
PO0180130U0005,2012,BELGIOIOSO,11.9,11.95,11.5,11.8,11.5,11.5,10.73,0.0210640249019932,0.0224869343607376,0.0244990833181266,7,4,0.0207893504910474,0.0159940749429591,0.0067677785128277,46,24,0.0126262408781772,0.012072086401577,0.0105620140333441,145,55,PO0180130U0005,523764.0,5000838.0,GWB ISS MPTLS,BELGIOIOSO,-1.0700000000000005,Low,195.59541157196765,3,33.35049175049748,303.05596750859814,3,33.35049175049748,124.41170833923952,3,33.35049175049748,22.91116016166704,3,33.35049175049748,20.8929890569273,3,33.35049175049748,24.535486140198728,3,33.35049175049748,-0.4499999999999993,178.64425916935866,15.376669500094703,2015.0,-3.0
PO0180130U0005,2013,BELGIOIOSO,11.7,11.45,11.3,11.4,11.3,11.9,10.8,0.0181619499344378,0.021254158373146,0.0293559932227556,8,4,0.0497936113736697,0.0489018711307773,0.0494836512532654,47,24,0.0615922723219185,0.0634219998954561,0.0669616458746057,135,55,PO0180130U0005,523764.0,5000838.0,GWB ISS MPTLS,BELGIOIOSO,-0.5999999999999996,High,227.6155914838004,3,39.27787475156975,326.8502909181032,3,39.27787475156975,85.0245921404978,3,33.35049175049748,21.733484214586696,3,38.7758273283756,20.08523348552311,3,38.7758273283756,23.59792183409193,3,38.7758273283756,-0.14999999999999858,239.60785414567968,14.8072488391965,2015.0,-2.0
PO0180130U0005,2014,BELGIOIOSO,11.25,11.415,10.7,,11.1,10.7,10.5,0.0235687732186523,0.0269488362228554,0.0264701366929026,7,4,0.0251385517582316,0.0264573186091809,0.0217388746681131,49,24,0.0226204548139941,0.02915535802082,0.0373743803937439,159,55,PO0180130U0005,523764.0,5000838.0,GWB ISS MPTLS,BELGIOIOSO,,Mid,358.0237228897481,3,39.75840210571849,461.8913464529508,3,39.75840210571849,320.1082812446466,3,39.75840210571849,21.42990652625864,3,17.985408530250293,20.136253985588752,3,17.985408530250293,22.544890358221267,3,17.985408530250293,-0.7149999999999999,138.24566644872044,16.51743840428849,2015.0,-1.0
PO0180130U0005,2015,BELGIOIOSO,11.5,11.43,11.025,11.36,10.85,11.2,,0.0,0.0,0.0,7,4,0.0077736960147463,0.0068590039618969,0.0008167399028833,49,24,0.0125380354796819,0.0114745642869186,0.0070357352281765,145,55,PO0180130U0005,523764.0,5000838.0,GWB ISS MPTLS,BELGIOIOSO,,Low,159.46963282278168,3,33.35049175049748,204.85485537130677,3,33.35049175049748,124.79389072819784,3,33.35049175049748,23.59776695262776,3,17.985408530250293,21.75600172267836,3,17.985408530250293,25.036252679859427,3,17.985408530250293,-0.40499999999999936,80.06096464310889,16.73978315092288,2015.0,0.0
PO0180130U0005,2016,BELGIOIOSO,12.0,11.725,10.85,11.6,11.15,10.85,10.7,0.0009578768105711,0.001140489912359,0.0008575981366448,8,4,0.0072915374630456,0.0065112176442895,0.0033993841608915,51,24,0.0095377699433585,0.011404550508397,0.0103606011552355,153,55,PO0180130U0005,523764.0,5000838.0,GWB ISS MPTLS,BELGIOIOSO,-0.9000000000000004,Low,241.66453604507868,3,33.35049175049748,253.85940262288733,3,33.35049175049748,158.23947883363414,3,33.35049175049748,22.06066823064481,3,17.985408530250293,20.666215303000232,3,17.985408530250293,23.684181965955275,3,17.985408530250293,-0.875,95.61992378925318,16.1145278769041,2015.0,1.0
PO0180130U0005,2017,BELGIOIOSO,11.95,11.89,10.6,11.86,11.27,10.6,10.3,0.0026164520394862,0.0032577237143414,0.0050667890396046,8,4,0.0068944488904494,0.0078532920304357,0.0027715024078335,46,24,0.0097879537123357,0.012190114011907,0.0142015997996019,135,55,PO0180130U0005,523764.0,5000838.0,GWB ISS MPTLS,BELGIOIOSO,-1.5599999999999987,Low,117.38394565416914,3,33.35049175049748,174.45584651354253,3,33.35049175049748,56.02637644444477,3,33.35049175049748,23.841265909468312,3,17.985408530250293,22.13312025419316,3,17.985408530250293,25.317000544053645,3,17.985408530250293,-1.290000000000001,118.42947006909775,17.33120243997735,2015.0,2.0
PO0180130U0005,2018,BELGIOIOSO,11.9,11.725,10.535,12.15,,10.73,10.34,0.0010128264470646,0.0021703423865671,0.0,6,4,0.0121406163396433,0.0100687282860249,0.0040804063469598,39,24,0.0142426521364517,0.0170342215377212,0.0156029541238526,102,55,PO0180130U0005,523764.0,5000838.0,GWB ISS MPTLS,BELGIOIOSO,-1.8100000000000005,Low,305.04875926372006,3,17.985408530250293,404.9939600333133,3,17.985408530250293,157.37253329900045,3,17.985408530250293,23.060533913694425,3,14.303986856817229,21.571545408752737,3,14.303986856817229,24.579228285246543,3,14.303986856817229,-1.1899999999999995,247.62142673431288,17.09469382595639,2015.0,3.0
PO0180130U0005,2019,BELGIOIOSO,12.0,12.345,,12.6,,,,0.0045415428932756,0.0061555435531772,0.0035864721867255,5,4,0.0145181248254474,0.0147398195449006,0.0075194039072205,41,24,0.0179473923239958,0.0221853467672287,0.0186952534858331,120,55,PO0180130U0005,523764.0,5000838.0,GWB ISS MPTLS,BELGIOIOSO,,Mid,193.69611260615,3,17.985408530250293,258.80938625143455,3,17.985408530250293,65.81317595423076,3,17.985408530250293,22.55178406169464,3,14.303986856817229,20.715080776808573,3,14.303986856817229,25.095674194974823,3,14.303986856817229,,192.9962102972038,14.160892544324904,2015.0,4.0
PO0180130U0005,2020,BELGIOIOSO,,,,,,,,0.0,0.0,0.0,11,4,0.000590604897345,0.0006911554873594,0.0003911623401412,51,24,0.0002860620410872,0.0002990827098287,0.0002548318719632,170,55,PO0180130U0005,523764.0,5000838.0,GWB ISS MPTLS,BELGIOIOSO,,Low,251.63536269134573,3,17.985408530250293,269.36950406028086,3,17.985408530250293,202.20529804062585,3,17.985408530250293,22.567351932935143,3,14.303986856817229,21.026945332381217,3,14.303986856817229,23.71520617025369,3,14.303986856817229,,67.16420601965505,16.88549948604754,2015.0,5.0
PO0180130U0005,2021,BELGIOIOSO,,,,,,,,3.464958717813725e-05,4.495081579866454e-05,6.92991743562745e-05,8,4,0.0043391998423127,0.0020207898557272,3.641093159482509e-05,48,24,0.0016498872506535,0.00094141087139,0.0001541277787041,154,55,PO0180130U0005,523764.0,5000838.0,GWB ISS MPTLS,BELGIOIOSO,,Low,110.42836606597606,3,17.985408530250293,169.79536952697032,3,17.985408530250293,59.07645898726667,3,17.985408530250293,22.399593112849903,3,14.303986856817229,20.35920561358129,3,14.303986856817229,24.247975541756496,3,14.303986856817229,,110.71891053970367,14.494175557972804,2015.0,6.0
PO018162NUP001,2008,TRAVACO' SICCOMARIO,,,,,,,,0.1165357790887355,0.0973842094341913,,2,0,0.0719600299428704,0.0753261833167748,0.138605798780918,14,1,0.0556098222940824,0.0592072913444899,0.0609590071110843,98,37,PO018162NUP001,512843.2754,4999704.7415,GWB ISS BPPO,TRAVACO' SICCOMARIO,,High,173.63990313114135,3,28.779039215030505,260.0845271122176,3,28.779039215030505,96.31046924213828,3,28.779039215030505,21.51747683803136,3,37.88551528971826,19.67484311828306,3,37.88551528971826,22.822644078629096,3,37.88551528971826,,163.4878003702375,15.116349966657628,,
PO018162NUP001,2009,TRAVACO' SICCOMARIO,,,,,,,,0.0881239554534354,0.0920668074062892,,3,0,0.0651393545772103,0.0671295369975268,0.0524595814446608,16,1,0.0442331370732184,0.0487989509684163,0.0470341194748667,120,37,PO018162NUP001,512843.2754,4999704.7415,GWB ISS BPPO,TRAVACO' SICCOMARIO,,Mid,66.76665106744542,3,23.14359233121893,203.07482156445616,3,23.14359233121893,58.87129341683829,3,23.14359233121893,22.389592691154867,3,37.88551528971826,20.68456665134206,3,37.88551528971826,23.24916085921873,3,37.88551528971826,,144.20352814761787,17.039417647890502,,
PO018162NUP001,2010,TRAVACO' SICCOMARIO,,,,,,,,0.0515389165375381,0.0534649088771806,,4,0,0.0387373451096074,0.0362294057849794,0.0577007392421365,18,1,0.0242679733590567,0.0265713934105574,0.0243104080074723,133,37,PO018162NUP001,512843.2754,4999704.7415,GWB ISS BPPO,TRAVACO' SICCOMARIO,,Mid,318.7125962597541,3,30.734522576992894,371.5571601662117,3,28.779039215030505,157.0784786399119,3,30.734522576992894,20.139317782625845,2,37.88551528971826,18.48258032726501,2,37.88551528971826,21.732003664909616,2,37.88551528971826,,213.4676383805206,14.31302984170713,,
PO018162NUP001,2011,TRAVACO' SICCOMARIO,,,,,,,,0.0534917387552559,0.0289783917833119,,5,0,0.023534723566845,0.017517878813669,0.0431845981317262,20,1,0.0129232727178307,0.013493689877279,0.011346170983617,140,37,PO018162NUP001,512843.2754,4999704.7415,GWB ISS BPPO,TRAVACO' SICCOMARIO,,Low,167.53164281224042,3,30.77048127556156,180.5483997125519,3,30.77048127556156,128.51123888994468,3,30.77048127556156,,1,23.14359233121893,,1,23.14359233121893,,1,3.5740572401222725,,51.72922045589219,,,
PO018162NUP001,2012,TRAVACO' SICCOMARIO,,,,,,,,0.0194580184761434,0.0219947553006931,,3,0,0.0165733210699356,0.0185594589888382,0.053782941113847,18,1,0.019085934328095,0.0206681281274298,0.0152580310206184,121,37,PO018162NUP001,512843.2754,4999704.7415,GWB ISS BPPO,TRAVACO' SICCOMARIO,,Mid,200.69771553263556,3,23.14359233121893,298.25993106119904,3,23.14359233121893,137.5284149434545,3,23.14359233121893,22.907403087320727,3,23.14359233121893,20.914488136831256,3,23.14359233121893,24.5529342424414,3,23.14359233121893,,160.73151611774452,15.421017281290109,,
PO018162NUP001,2013,TRAVACO' SICCOMARIO,,,,,,,,0.0235456318542775,0.0231431967578828,,3,0,0.0588414647179889,0.0747824695718009,0.18192707747221,16,1,0.0487328599174794,0.0515355849676093,0.0581840806571595,112,37,PO018162NUP001,512843.2754,4999704.7415,GWB ISS BPPO,TRAVACO' SICCOMARIO,,High,188.1465909605704,3,28.779039215030505,275.8900358865749,3,28.779039215030505,58.11751253106621,3,23.14359233121893,21.725841487517908,3,28.779039215030505,20.09956357431648,3,28.779039215030505,23.58478086437153,3,28.779039215030505,,216.65644787332192,14.84638256091193,,
PO018162NUP001,2014,TRAVACO' SICCOMARIO,,,,,,,,0.0205372642725706,0.0342287737876177,,4,0,0.0381574300528668,0.0358640884476729,0.0577909911517054,17,1,0.0291545493376757,0.0351969568980469,0.0434460833589525,130,37,PO018162NUP001,512843.2754,4999704.7415,GWB ISS BPPO,TRAVACO' SICCOMARIO,,Mid,316.8114585503767,3,28.779039215030505,426.3327178587465,3,28.779039215030505,287.48869157574967,3,28.779039215030505,21.36664947107384,3,20.556151393966847,20.07587109884095,3,20.556151393966847,22.50754273670027,3,20.556151393966847,,137.89773440592666,16.40992078957795,,
PO018162NUP001,2015,TRAVACO' SICCOMARIO,,,3.27,,,3.27,,0.000512186386105,0.0005473980934105,,3,0,0.0026420285528594,0.0020780702252523,0.0033283572643995,18,1,0.0130575281669238,0.0099045650868998,0.0064609678128109,127,37,PO018162NUP001,512843.2754,4999704.7415,GWB ISS BPPO,TRAVACO' SICCOMARIO,,Low,135.36858180446748,3,23.14359233121893,184.45868378541985,3,23.14359233121893,107.262111971452,3,23.14359233121893,23.505035511867494,3,20.556151393966847,21.682960183634627,3,20.556151393966847,24.96682402557202,3,20.556151393966847,,77.19657181396785,16.722851856622928,,
PO018162NUP001,2016,TRAVACO' SICCOMARIO,4.6,4.6,3.55,4.6,4.1,3.55,2.75,0.0,0.0,,4,0,0.0049888703730139,0.0061453564141168,0.0031443717113385,17,1,0.0113469337009574,0.0117926172102448,0.009026492890841,132,37,PO018162NUP001,512843.2754,4999704.7415,GWB ISS BPPO,TRAVACO' SICCOMARIO,-1.85,Low,179.73391190902657,3,23.14359233121893,192.2174727748485,3,23.14359233121893,114.0797867634877,3,23.14359233121893,22.060855295616022,3,20.556151393966847,20.67093090453987,3,20.556151393966847,23.70186913444552,3,20.556151393966847,-1.0499999999999998,78.13768601136077,16.09967980369856,,
PO018162NUP001,2017,TRAVACO' SICCOMARIO,4.3,4.6,4.4,,4.5,4.4,4.4,0.0016598010668531,0.0024139437300618,,5,0,0.0039693566989444,0.0050351491500965,0.0047629859230558,20,1,0.0173793394839936,0.0204564818752527,0.0162510329232981,118,37,PO018162NUP001,512843.2754,4999704.7415,GWB ISS BPPO,TRAVACO' SICCOMARIO,,Mid,113.28919057610186,3,23.14359233121893,165.66125212070784,3,23.14359233121893,51.16357815934282,3,23.14359233121893,23.74395403881983,3,20.556151393966847,22.040751843331535,3,20.556151393966847,25.24482300933866,3,20.556151393966847,-0.1999999999999993,114.497673961365,17.208382215910966,,
PO018162NUP001,2018,TRAVACO' SICCOMARIO,4.95,4.74,3.63,4.75,3.97,3.6,3.63,0.0397322097172339,0.0280441781505942,,4,0,0.0156105322290656,0.0128304787234204,0.0072663899045437,18,1,0.012527332310823,0.0131838837208787,0.0172679819237125,96,37,PO018162NUP001,512843.2754,4999704.7415,GWB ISS BPPO,TRAVACO' SICCOMARIO,-1.12,Low,307.6033676404268,3,20.556151393966847,418.25584268727215,3,20.556151393966847,141.65158407573978,3,20.556151393966847,23.114134851607933,3,12.723488458361436,21.645181987473624,3,12.723488458361436,24.596491571973782,3,12.723488458361436,-1.1100000000000003,276.6042586115324,17.243040435339275,,
PO018162NUP001,2019,TRAVACO' SICCOMARIO,4.55,4.7,4.17,,4.7,4.15,4.17,0.0,0.0,,1,0,0.0154628706533912,0.0250115928963701,0.0172430966049433,12,1,0.0147513035244065,0.0189482033112843,0.018870991110046,97,37,PO018162NUP001,512843.2754,4999704.7415,GWB ISS BPPO,TRAVACO' SICCOMARIO,,Low,179.3717276681036,3,20.556151393966847,241.51175793853173,3,20.556151393966847,50.58352061074858,3,20.556151393966847,22.634330675768204,3,12.723488458361436,20.819305587180736,3,12.723488458361436,25.14431840506473,3,12.723488458361436,-0.5300000000000002,190.9282373277832,14.31545688445158,,
PO018162NUP001,2020,TRAVACO' SICCOMARIO,,,3.4,,3.8,3.4,3.3,0.0033724336574475,0.0056207227624125,,5,0,0.0021406990695507,0.0022859030868858,0.0002864233392756,19,1,0.0028867566365214,0.0022808884314788,0.00139655411492,135,37,PO018162NUP001,512843.2754,4999704.7415,GWB ISS BPPO,TRAVACO' SICCOMARIO,,Low,234.29580300894443,3,20.556151393966847,247.66129944039164,3,20.556151393966847,180.02680313651166,3,20.556151393966847,22.667158167678,3,12.723488458361436,21.082217707468644,3,12.723488458361436,23.82578157769727,3,12.723488458361436,,67.63449630388001,16.92787603159397,,
PO018162NUP001,2021,TRAVACO' SICCOMARIO,3.8,3.8,3.37,3.38,3.37,3.39,3.35,0.0113737151958048,0.0097798780770972,,4,0,0.0068628025552714,0.0066667583111363,0.0035176960130532,18,1,0.0023662673827875,0.0027061498253853,0.0008938539980885,132,37,PO018162NUP001,512843.2754,4999704.7415,GWB ISS BPPO,TRAVACO' SICCOMARIO,-0.0299999999999998,Low,110.07977333588964,3,16.687114121018006,167.47747266167434,3,16.687114121018006,59.97260996045559,3,16.687114121018006,22.466596353694623,3,12.723488458361436,20.45357106284293,3,12.723488458361436,24.282576469818665,3,12.723488458361436,-0.4299999999999997,107.50486270121876,14.678677662158202,,
PO018039NR0001,2008,CASTELLO D'AGOGNA,,,,,,,,0.1442410261728441,0.1571942733600734,0.1562611116872478,13,12,0.1441939681777391,0.1526757553610504,0.1480657043210906,80,77,0.1822284686765888,0.2108961099450324,0.2070417375254564,314,264,PO018039NR0001,476494.0,5010571.0,GWB ISS MPP,CASTELLO D'AGOGNA,,High,289.60907642722754,3,17.45329384385652,413.5728150437437,3,17.45329384385652,184.60128041059528,3,17.45329384385652,21.811976074573693,3,28.582840324222506,19.98367092304926,3,28.582840324222506,22.96789031509691,3,28.582840324222506,,228.97153463314845,15.482971483678698,,
PO018039NR0001,2009,CASTELLO D'AGOGNA,,,,,,,,0.1706284410356042,0.187721014295801,0.1846384517499245,13,12,0.1529805682515227,0.1557509470624306,0.1590377374862631,81,77,0.1844839126342735,0.2018919992984436,0.2149520336962149,326,264,PO018039NR0001,476494.0,5010571.0,GWB ISS MPP,CASTELLO D'AGOGNA,,High,98.27053812381294,3,17.45329384385652,278.8350233511933,3,17.45329384385652,81.94612640796043,3,17.45329384385652,22.465973299054525,3,28.582840324222506,20.721802204252025,3,28.582840324222506,23.07023177156447,3,28.582840324222506,,196.88889694323285,17.526267238311554,,
PO018039NR0001,2010,CASTELLO D'AGOGNA,,,,,,,,0.1056642022673399,0.1087602927209809,0.1136900484222375,13,12,0.1090667607525729,0.1104500731950288,0.1125134335312608,82,77,0.1354250706329261,0.1534726255683317,0.1592714271442967,332,264,PO018039NR0001,476494.0,5010571.0,GWB ISS MPP,CASTELLO D'AGOGNA,,High,286.5143222460765,3,17.45329384385652,352.03225735854323,3,17.45329384385652,146.99547713176247,3,17.45329384385652,20.257365190705485,2,28.582840324222506,18.645856897873,2,28.582840324222506,21.76850066463212,2,28.582840324222506,,205.0367802267807,13.937831410014248,,
PO018039NR0001,2011,CASTELLO D'AGOGNA,,,,,,,,0.0474598827056933,0.0499206333722575,0.0506420312554433,13,12,0.0687571047538109,0.0675459689619777,0.0717614872596535,82,77,0.0781946019212282,0.0862611612463909,0.0919048091389487,332,264,PO018039NR0001,476494.0,5010571.0,GWB ISS MPP,CASTELLO D'AGOGNA,,High,186.7643942196966,3,15.873641201690305,205.1412730878757,3,15.873641201690305,180.90210008854123,3,15.873641201690305,,1,28.582840324222506,,1,28.582840324222506,,1,35.832357806876175,,24.23917299933443,,,
PO018039NR0001,2012,CASTELLO D'AGOGNA,,,,,,,,0.0698042656850212,0.0778727311829941,0.0756212878254396,13,12,0.0917951351272037,0.0942729101244175,0.095910608421422,81,77,0.115118315801611,0.1265450082280586,0.1341588558455377,327,264,PO018039NR0001,476494.0,5010571.0,GWB ISS MPP,CASTELLO D'AGOGNA,,High,148.2432309533191,3,15.873641201690305,252.64357858788009,3,15.873641201690305,73.04454904215758,3,15.873641201690305,22.809767163398845,3,17.45329384385652,20.82445050145543,3,17.45329384385652,24.386039340948148,3,17.45329384385652,,179.59902954572243,15.452873891072972,,
PO018039NR0001,2013,CASTELLO D'AGOGNA,,,,,,,,0.1374835895028157,0.1472973998924586,0.1485048104168123,13,12,0.142198908827135,0.1482147284137847,0.1488131313541404,82,77,0.1700623509717368,0.1963190393749462,0.200316564316088,332,264,PO018039NR0001,476494.0,5010571.0,GWB ISS MPP,CASTELLO D'AGOGNA,,High,195.4008820741753,3,15.873641201690305,271.0360330683487,3,15.873641201690305,44.84983670487859,3,15.873641201690305,21.58006257468556,3,17.45329384385652,19.930153178648105,3,17.45329384385652,23.410186304350315,3,17.45329384385652,,226.18619636347006,14.812691706823685,,
PO018039NR0001,2014,CASTELLO D'AGOGNA,,,,,,,,0.0936299389073003,0.1120136019681011,0.1013912812279562,13,12,0.1100442013137063,0.1209688326350361,0.1161034604750454,82,77,0.1196519838694177,0.1390839182517806,0.1386522209441056,323,264,PO018039NR0001,476494.0,5010571.0,GWB ISS MPP,CASTELLO D'AGOGNA,,High,323.1541754052175,3,35.832357806876175,407.9557846982185,3,35.832357806876175,306.73816591016373,3,35.832357806876175,20.606341419038063,3,28.582840324222506,19.35117363250706,3,28.582840324222506,21.730621194955603,3,28.582840324222506,,101.20364293773531,15.762498620289584,,
PO018039NR0001,2015,CASTELLO D'AGOGNA,,,,,,,,0.0611509823804506,0.072036159884495,0.0662468975788215,13,12,0.06053797812598,0.0680679818653801,0.0643524001340708,82,77,0.0609624073159689,0.073982799378872,0.0735161415943054,327,264,PO018039NR0001,476494.0,5010571.0,GWB ISS MPP,CASTELLO D'AGOGNA,,High,175.5616715873559,3,28.582840324222506,248.89742828509029,3,28.582840324222506,106.8195323523377,3,28.582840324222506,22.82117556663994,3,28.582840324222506,21.064231133613035,3,28.582840324222506,24.18633525138371,3,28.582840324222506,,142.07789593275263,16.24072313493718,,
PO018039NR0001,2016,CASTELLO D'AGOGNA,,,,,,,,0.0518792054039061,0.0582452128515612,0.0557443330914085,13,12,0.053032723461791,0.0560834015455736,0.0562149837847322,82,77,0.0559147880133047,0.0628839994514633,0.064820395726712,325,264,PO018039NR0001,476494.0,5010571.0,GWB ISS MPP,CASTELLO D'AGOGNA,,High,296.4657908108035,3,28.582840324222506,311.2587119338331,3,28.582840324222506,192.8940062011364,3,28.582840324222506,21.41487002313734,3,28.582840324222506,20.126016402100877,3,28.582840324222506,22.93719839874517,3,28.582840324222506,,118.3647057326967,15.82643051162704,,
PO018039NR0001,2017,CASTELLO D'AGOGNA,,,,,,,,0.0411984037730293,0.0414364122703985,0.0427256249644819,13,12,0.0370313390954906,0.0372779749808791,0.0390974929996192,82,77,0.0448177353770653,0.0493806065280294,0.052761004742677,326,264,PO018039NR0001,476494.0,5010571.0,GWB ISS MPP,CASTELLO D'AGOGNA,,Mid,134.28089150200995,3,28.582840324222506,168.6890538843038,3,28.582840324222506,69.2664540141092,3,28.582840324222506,22.559769073335016,3,28.582840324222506,20.916726229925803,3,28.582840324222506,24.01824059428996,3,28.582840324222506,,99.4225998701946,16.255603225019783,,
PO018039NR0001,2018,CASTELLO D'AGOGNA,,,,,,,,0.0955707787413201,0.1012911677915745,0.0955707787413201,12,12,0.0933525060613949,0.1000886329181481,0.0978452174434462,81,77,0.1013279053903035,0.1156113436966206,0.1178189712911335,328,264,PO018039NR0001,476494.0,5010571.0,GWB ISS MPP,CASTELLO D'AGOGNA,,High,229.24059124126276,3,28.582840324222506,317.018839761503,3,28.582840324222506,117.8727574196795,3,28.582840324222506,22.53374762394104,3,28.582840324222506,21.08372828620604,3,28.582840324222506,23.87618119171209,3,28.582840324222506,,199.1460823418235,16.85011692699322,,
PO018039NR0001,2019,CASTELLO D'AGOGNA,3.07,2.85,1.45,2.85,2.1,1.45,1.39,0.0609492015469675,0.0666519502560877,0.0659886460447321,13,12,0.0252081815887374,0.0256252008851823,0.0268108922384964,82,77,0.0353451702444167,0.0385189210817459,0.0419849173702266,326,264,PO018039NR0001,476494.0,5010571.0,GWB ISS MPP,CASTELLO D'AGOGNA,-1.4600000000000002,Mid,169.58842111502426,3,28.582840324222506,252.36095779485285,3,28.582840324222506,101.3750334813024,3,28.582840324222506,22.184406780753235,3,28.582840324222506,20.357926369376504,3,28.582840324222506,24.503412809767685,3,28.582840324222506,-1.4000000000000001,150.9859243135504,14.12833340870026,,
PO018039NR0001,2020,CASTELLO D'AGOGNA,2.57,,1.47,,1.93,1.45,1.47,0.01879348562902,0.0245649353989089,0.0203596094314384,13,12,0.0263739339032865,0.030625654061305,0.0275918586339874,81,77,0.0279732220427312,0.0347696431183813,0.0334718097834898,334,264,PO018039NR0001,476494.0,5010571.0,GWB ISS MPP,CASTELLO D'AGOGNA,,Mid,313.528291167247,3,28.582840324222506,366.90603115451006,3,28.582840324222506,193.76379394419664,3,28.582840324222506,22.14570523000994,3,28.582840324222506,20.51935526338716,3,28.582840324222506,23.25895246030753,3,28.582840324222506,,173.1422372103134,16.40945179107716,,
PO018039NR0001,2021,CASTELLO D'AGOGNA,2.665,2.93,1.35,2.93,,,1.35,0.0094430289801377,0.0090481609183149,0.0095894912826932,13,12,0.0142997814955955,0.014183759691123,0.0149152170643346,81,77,0.0151763023989652,0.0164024589368767,0.0184562208029574,333,264,PO018039NR0001,476494.0,5010571.0,GWB ISS MPP,CASTELLO D'AGOGNA,-1.58,Low,102.68475944001382,3,25.273935368280103,150.29447763846704,3,25.273935368280103,54.487640665008975,3,25.273935368280103,21.78787437644792,3,25.273935368280103,19.84314917419308,3,25.273935368280103,23.529813027749576,3,25.273935368280103,-1.58,95.80683697345806,14.282934837681639,,
PO0180490U0003,2008,CIGOGNOLA,2.89,4.075,3.46,5.45,2.0,3.46,5.4,,,,0,0,,,,0,0,,,,0,0,PO0180490U0003,520341.0,4986376.0,GWB ISS MPOP,CIGOGNOLA,-0.0499999999999998,,175.24381688156055,3,37.56784051552604,267.6326572150042,3,37.56784051552604,102.29883621530806,3,37.56784051552604,21.49528854274751,3,49.995391247594014,19.623178161965253,3,49.995391247594014,22.819963259796417,3,49.995391247594014,-0.6150000000000002,162.02848479946078,15.026667194561828,,
PO0180490U0003,2009,CIGOGNOLA,2.53,3.15,3.63,3.15,2.78,3.63,5.28,,,,0,0,,,,0,0,,,,0,0,PO0180490U0003,520341.0,4986376.0,GWB ISS MPOP,CIGOGNOLA,2.1300000000000003,,67.09080163883178,3,27.122564572694817,183.4896260622181,3,27.122564572694817,58.717500600806616,3,27.122564572694817,22.31751514848636,3,49.995391247594014,20.618159665549804,3,49.995391247594014,23.18688419770601,3,49.995391247594014,0.48,124.7721254614115,16.945746536798733,,
PO0180490U0003,2010,CIGOGNOLA,2.4000000000000004,2.66,2.82,2.37,2.58,2.82,3.25,,,,0,0,,,,0,0,,,,0,0,PO0180490U0003,520341.0,4986376.0,GWB ISS MPOP,CIGOGNOLA,0.8799999999999999,,295.2070663087667,3,45.36151761129691,362.9740555935408,3,37.56784051552604,143.9237457784323,3,45.36151761129691,20.132121454864524,2,49.995391247594014,18.47262676930932,2,49.995391247594014,21.72977875903002,2,49.995391247594014,0.1599999999999997,206.34495255491214,14.215666956330372,,
PO0180490U0003,2011,CIGOGNOLA,2.58,2.65,2.83,2.8,2.29,2.83,3.08,,,,0,0,,,,0,0,0.0,0.0,,1,0,PO0180490U0003,520341.0,4986376.0,GWB ISS MPOP,CIGOGNOLA,0.2800000000000002,Low,165.42025376934924,3,45.36151761129691,176.5077828267417,3,45.36151761129691,129.18370539762253,3,45.36151761129691,,1,27.122564572694817,,1,27.122564572694817,,1,18.840902950761144,0.18000000000000016,45.843937132860205,,,
PO0180490U0003,2012,CIGOGNOLA,2.72,2.75,3.14,2.7,3.14,2.94,5.6,,,,0,0,,,,0,0,,,,0,0,PO0180490U0003,520341.0,4986376.0,GWB ISS MPOP,CIGOGNOLA,2.8999999999999995,,180.1824183156465,3,32.229529704915024,282.320375980466,3,32.229529704915024,113.43451116248433,3,32.229529704915024,22.98848699684497,3,32.229529704915024,20.944300651284223,3,32.229529704915024,24.605233859436133,3,32.229529704915024,0.3900000000000001,168.8858648179817,15.35299878394255,,
PO0180490U0003,2013,CIGOGNOLA,2.3,2.095,2.65,2.24,2.45,2.65,3.86,,,,0,0,,,,0,0,,,,0,0,PO0180490U0003,520341.0,4986376.0,GWB ISS MPOP,CIGOGNOLA,1.6199999999999997,,223.65373009910832,3,37.56784051552604,322.196043583021,3,37.56784051552604,69.2891331327601,3,32.229529704915024,21.65620248189819,3,37.56784051552604,20.018554423697747,3,37.56784051552604,23.500298901204918,3,37.56784051552604,0.5549999999999997,237.8069169512224,14.802557435185282,,
PO0180490U0003,2014,CIGOGNOLA,2.48,2.605,3.06,2.6,2.72,3.06,3.58,,,,0,0,,,,0,0,,,,0,0,PO0180490U0003,520341.0,4986376.0,GWB ISS MPOP,CIGOGNOLA,0.98,,340.92478011381144,3,37.56784051552604,443.4006478589777,3,37.56784051552604,305.59140172051457,3,37.56784051552604,21.205440984400354,3,27.122564572694817,19.916075192987705,3,27.122564572694817,22.348059924099637,3,27.122564572694817,0.45500000000000007,125.97272986682165,16.248163795245123,,
PO0180490U0003,2015,CIGOGNOLA,2.41,2.655,3.5,2.87,2.93,3.5,4.64,,,,0,0,,,,0,0,,,,0,0,PO0180490U0003,520341.0,4986376.0,GWB ISS MPOP,CIGOGNOLA,1.7699999999999996,,144.25978144376214,3,32.229529704915024,181.9572155140234,3,32.229529704915024,114.82241251040716,3,32.229529704915024,23.48717183122729,3,27.122564572694817,21.66316576444768,3,27.122564572694817,24.94189887664813,3,27.122564572694817,0.8450000000000002,67.13480300361623,16.66696411277445,,
PO0180490U0003,2016,CIGOGNOLA,2.77,2.69,4.05,,2.855,4.05,5.73,,,,0,0,,,,0,0,0.0,0.0,,1,0,PO0180490U0003,520341.0,4986376.0,GWB ISS MPOP,CIGOGNOLA,,Low,225.3233526393745,3,32.229529704915024,236.53244404833885,3,32.229529704915024,144.65503858316595,3,32.229529704915024,21.947165646017528,3,27.122564572694817,20.55831152600358,3,27.122564572694817,23.585780087032703,3,27.122564572694817,1.3599999999999999,91.8774054651729,15.992293368385873,,
PO0180490U0003,2017,CIGOGNOLA,3.12,3.06,5.74,2.63,4.2,5.74,5.91,,,,0,0,,,,0,0,,,,0,0,PO0180490U0003,520341.0,4986376.0,GWB ISS MPOP,CIGOGNOLA,3.28,,121.52320716440356,3,32.229529704915024,174.97291291102323,3,32.229529704915024,54.58470150772705,3,32.229529704915024,23.638671210350665,3,27.122564572694817,21.91156005048335,3,27.122564572694817,25.16604430642728,3,27.122564572694817,2.68,120.3882114032962,17.026221428082582,,
PO0180490U0003,2018,CIGOGNOLA,2.6,2.615,5.02,2.68,,4.33,5.71,,,,0,0,,,,0,0,,,,0,0,PO0180490U0003,520341.0,4986376.0,GWB ISS MPOP,CIGOGNOLA,3.03,,237.0985606742804,3,27.122564572694817,302.9632724407578,3,27.122564572694817,121.2323984494484,3,27.122564572694817,22.901723183055157,3,19.66324177240365,21.35941542880353,3,19.66324177240365,24.493487531403545,3,19.66324177240365,2.4049999999999994,181.73087399130938,16.63614984714587,,
PO0180490U0003,2019,CIGOGNOLA,3.27,3.32,,3.3,,,,,,,0,0,,,,0,0,,,,0,0,PO0180490U0003,520341.0,4986376.0,GWB ISS MPOP,CIGOGNOLA,,,173.08749450151277,3,27.122564572694817,237.69365533907637,3,27.122564572694817,53.08873563648728,3,27.122564572694817,22.26677163465819,3,19.66324177240365,20.36068133254886,3,19.66324177240365,24.876844117510707,3,19.66324177240365,,184.60491970258906,13.691268397540949,,
PO0180490U0003,2020,CIGOGNOLA,,,,,,,,,,,0,0,,,,0,0,,,,0,0,PO0180490U0003,520341.0,4986376.0,GWB ISS MPOP,CIGOGNOLA,,,253.2161574349388,3,27.122564572694817,275.6823383517959,3,27.122564572694817,233.42901748387808,3,27.122564572694817,22.268897518735383,3,19.66324177240365,20.886446364984725,3,19.66324177240365,23.40611343623701,3,19.66324177240365,,42.2533208679179,16.76549140832344,,
PO0180490U0003,2021,CIGOGNOLA,,,,,,,,,,,0,0,,,,0,0,0.0101670542110999,0.0101670542110999,,1,0,PO0180490U0003,520341.0,4986376.0,GWB ISS MPOP,CIGOGNOLA,,Low,97.37071611528124,3,27.122564572694817,151.35629778188687,3,27.122564572694817,50.69245831434701,3,27.122564572694817,22.06121425331281,3,19.66324177240365,19.96713701059316,3,19.66324177240365,23.997290959729344,3,19.66324177240365,,101.75819036244063,13.888872038125475,,
PO018072NUP001,2008,GIUSSAGO,,,,,,,,0.0566505662820958,0.0669556853725859,0.0852802351117135,9,5,0.0600519940042329,0.0671059575174751,0.0778694582485413,59,30,0.0499577676398348,0.0615290739224292,0.0738719766363566,201,90,PO018072NUP001,512563.9021,5011157.222,GWB ISS MPTLS,GIUSSAGO,,High,170.96094547843012,3,24.046806368935304,267.5309789770522,3,24.046806368935304,102.69922490680727,3,24.046806368935304,21.568031202502095,3,36.06962198780671,19.794090407196617,3,36.06962198780671,22.828306209477866,3,36.06962198780671,,164.83175407024493,15.32403478156228,2015.0,-7.0
PO018072NUP001,2009,GIUSSAGO,,,,,,,,0.0581392944052464,0.0690000290937945,0.0918518101113537,11,5,0.0498922245910852,0.0607969804949603,0.0729574794705776,74,30,0.0375974483465578,0.0439329719082403,0.0536120657076416,238,90,PO018072NUP001,512563.9021,5011157.222,GWB ISS MPTLS,GIUSSAGO,,Mid,76.83231494376298,3,24.046806368935304,179.96493805837136,3,24.046806368935304,66.51805083231828,3,24.046806368935304,22.557395341747924,3,36.06962198780671,20.83930249938584,3,36.06962198780671,23.39514212441919,3,36.06962198780671,,113.4468872260531,17.255915973727348,2015.0,-6.0
PO018072NUP001,2010,GIUSSAGO,,,,,,,,0.0081342906685842,0.0083234602190164,0.014441549021285,11,5,0.0145907383340047,0.0142075182333907,0.0082301327916017,78,30,0.0218210152695149,0.024463005004106,0.0301645656953419,250,90,PO018072NUP001,512563.9021,5011157.222,GWB ISS MPTLS,GIUSSAGO,,Mid,319.2350311477892,3,24.85499761885057,375.0227631827697,3,24.046806368935304,157.86829827389428,3,24.85499761885057,20.163167993032506,2,36.06962198780671,18.5155686039822,2,36.06962198780671,21.73937749155057,2,36.06962198780671,,211.5180093992974,14.541644067339803,2015.0,-5.0
PO018072NUP001,2011,GIUSSAGO,,,,,,,,0.0050151083763039,0.0054655227781551,0.0082036226560982,11,5,0.0065452952586217,0.0061498207774893,0.0048605339089408,75,30,0.0060226843321053,0.0063154492882933,0.0081391839180314,248,90,PO018072NUP001,512563.9021,5011157.222,GWB ISS MPTLS,GIUSSAGO,,Low,169.11994823736626,3,31.81488362681012,181.56891401630628,3,31.81488362681012,129.50094594262706,3,31.81488362681012,,1,30.62043498175805,,1,30.62043498175805,,1,8.197575763301582,,54.61160181155189,,2015.0,-4.0
PO018072NUP001,2012,GIUSSAGO,,,,,,,,0.0186495005382422,0.0214659611894083,0.0216461118062337,11,5,0.0188512433279184,0.0204289099422132,0.0177110032645416,74,30,0.0165021851620624,0.0194227596659264,0.0230883636608659,239,90,PO018072NUP001,512563.9021,5011157.222,GWB ISS MPTLS,GIUSSAGO,,Mid,202.4482274847465,3,24.85499761885057,312.411190868667,3,24.85499761885057,128.44753060497578,3,24.85499761885057,22.83505139553757,3,24.046806368935304,20.83296486327153,3,24.046806368935304,24.461832955264168,3,24.046806368935304,,183.96366026369125,15.359917904856408,2015.0,-3.0
PO018072NUP001,2013,GIUSSAGO,,,,,,,,0.0609538418333977,0.0685246273461314,0.0770324827296037,10,5,0.0530569426179592,0.0533838325316098,0.0612644156514175,68,30,0.0452023917389052,0.0469821498109995,0.0503976856414428,215,90,PO018072NUP001,512563.9021,5011157.222,GWB ISS MPTLS,GIUSSAGO,,Mid,231.01262979133213,3,24.85499761885057,331.235683747506,3,24.85499761885057,89.63756368412919,3,24.85499761885057,21.73334525687656,3,24.046806368935304,20.083363112876693,3,24.046806368935304,23.59808046293454,3,24.046806368935304,,241.59812006337674,14.782477929182882,2015.0,-2.0
PO018072NUP001,2014,GIUSSAGO,,,,,,,,0.0188316111311768,0.0255306733979119,0.0320289413134256,11,5,0.0233064728322349,0.0303368616336535,0.0386750289714998,76,30,0.0226902518542066,0.0309434782940938,0.043115569190812,238,90,PO018072NUP001,512563.9021,5011157.222,GWB ISS MPTLS,GIUSSAGO,,Mid,363.54039951324256,3,31.81488362681012,467.52424832815086,3,31.81488362681012,324.70436603092,3,31.81488362681012,21.463375995713097,3,11.203591388303453,20.16790697745824,3,11.203591388303453,22.57350305399765,3,11.203591388303453,,141.28122456067598,16.553157927353833,2015.0,-1.0
PO018072NUP001,2015,GIUSSAGO,,,3.15,,,3.15,,0.0,0.0,0.0,10,5,0.0008735418806405,0.0005324751898346,4.39823781683422e-05,71,30,0.0035007257455469,0.0030467201801642,0.0022881344183864,220,90,PO018072NUP001,512563.9021,5011157.222,GWB ISS MPTLS,GIUSSAGO,,Low,164.19512502652736,3,30.62043498175805,211.3221406393638,3,30.62043498175805,127.96236750529224,3,30.62043498175805,23.60766623572735,3,11.203591388303453,21.765257477210906,3,11.203591388303453,25.04454924465705,3,11.203591388303453,,83.35977313407152,16.753062726429715,2015.0,0.0
PO018072NUP001,2016,GIUSSAGO,4.1,4.025,3.4,4.0,3.4,3.13,3.45,0.004477838267404,0.0059925925496192,0.0097874218171152,12,5,0.003465044373776,0.0036270065794871,0.0045549112656671,79,30,0.0071165380135952,0.00912124693502,0.0145446741287337,242,90,PO018072NUP001,512563.9021,5011157.222,GWB ISS MPTLS,GIUSSAGO,-0.5499999999999998,Low,248.208465330284,3,30.62043498175805,260.6342616956615,3,30.62043498175805,163.38134514667536,3,30.62043498175805,22.07276087800594,3,11.203591388303453,20.67766432694645,3,11.203591388303453,23.696904306480267,3,11.203591388303453,-0.6250000000000004,97.25291654898616,16.124056488961013,2015.0,1.0
PO018072NUP001,2017,GIUSSAGO,4.2,4.17,3.7,,3.8,3.7,3.7,0.0055433941151325,0.0073900837693751,0.0083958735937873,11,5,0.0087383444474701,0.0107003233122803,0.0096092806399812,76,30,0.0101942708244594,0.0128954267722083,0.0155076715687162,225,90,PO018072NUP001,512563.9021,5011157.222,GWB ISS MPTLS,GIUSSAGO,,Low,116.53161209948804,3,30.62043498175805,174.68655328408636,3,30.62043498175805,56.57924214826392,3,30.62043498175805,23.90335041949742,3,11.203591388303453,22.194625277037623,3,11.203591388303453,25.37348437282034,3,11.203591388303453,-0.46999999999999975,118.10731113582241,17.400280411266966,2015.0,2.0
PO018072NUP001,2018,GIUSSAGO,4.1,3.795,3.1,3.8,3.69,3.1,3.05,0.003505823154046,0.0043283755641403,0.0052525736422588,8,5,0.0130054658728993,0.0132850944011318,0.01387756492658,62,30,0.0145289980656486,0.0164378045730043,0.0169200406454102,163,90,PO018072NUP001,512563.9021,5011157.222,GWB ISS MPTLS,GIUSSAGO,-0.75,Low,335.4747688889612,3,23.78696592644113,450.0073247788941,3,23.78696592644113,175.0724662329959,3,23.78696592644113,23.16222047499244,3,11.203591388303453,21.67816966455,3,11.203591388303453,24.63735791557608,3,11.203591388303453,-0.6949999999999998,274.9348585458982,17.289482847760922,2015.0,3.0
PO018072NUP001,2019,GIUSSAGO,4.3,4.45,3.15,,4.45,3.15,3.15,0.0159519885201007,0.0193273695518395,0.0207139397040009,10,5,0.0119732243290983,0.0149819362312994,0.0190604263644976,66,30,0.0140603399549171,0.0177872258928225,0.0184509560756958,188,90,PO018072NUP001,512563.9021,5011157.222,GWB ISS MPTLS,GIUSSAGO,,Low,203.67417588113776,3,23.78696592644113,269.13606675991286,3,23.78696592644113,72.63904113062497,3,23.78696592644113,22.767954159983283,3,11.203591388303453,20.946034056420764,3,11.203591388303453,25.284111916021608,3,11.203591388303453,-1.3000000000000003,196.4970256292879,14.433722108751535,2015.0,4.0
PO018072NUP001,2020,GIUSSAGO,,,2.9,,3.4,2.9,2.9,0.0012187747364144,0.001711642044262,0.0026813044201117,11,5,0.0024771887711632,0.0031001977515017,0.0051910561309584,74,30,0.0018864865575823,0.002347876141529,0.0025247691099799,239,90,PO018072NUP001,512563.9021,5011157.222,GWB ISS MPTLS,GIUSSAGO,,Low,251.73982817492512,3,23.78696592644113,267.7203592380819,3,23.78696592644113,189.018808879374,3,23.78696592644113,22.865147942505995,3,11.203591388303453,21.25577808635999,3,11.203591388303453,23.99974554009402,3,11.203591388303453,,78.70155035870798,17.117335369252928,2015.0,5.0
PO018072NUP001,2021,GIUSSAGO,3.5,3.975,4.0,4.0,4.0,4.02,3.35,5.752029634701708e-05,1.2549882839349182e-05,0.0,12,5,0.001408960679634,0.001523663844541,0.0017621635172367,76,30,0.0016233469878435,0.0016681018287778,0.0007453143712471,244,90,PO018072NUP001,512563.9021,5011157.222,GWB ISS MPTLS,GIUSSAGO,-0.6499999999999999,Low,128.72749519246617,3,11.203591388303453,189.69237232849517,3,11.203591388303453,74.91119124343793,3,11.203591388303453,22.409200175309,3,10.889612473539565,20.39909149873035,3,10.889612473539565,24.20218614910308,3,10.889612473539565,0.02499999999999991,114.78118108505723,14.663276616200982,2015.0,6.0
PO018003NR0009,2008,ALBONESE,,,,,,,,0.0568316302606318,0.0616485738789598,0.0641810294903633,15,12,0.1829625749396328,0.2145547121323003,0.2080316540034901,63,54,0.2587886019272887,0.2864790631385784,0.2838692515449126,318,273,PO018003NR0009,477798.0,5014771.0,GWB ISS MPP,ALBONESE,,High,302.91003308080656,3,19.173817694971444,431.5698748737001,3,19.173817694971444,192.6824637560784,3,19.173817694971444,21.7763799330449,3,31.42032503014569,19.97126195803248,3,31.42032503014569,22.94308397042885,3,31.42032503014569,,238.8874111176217,15.493117424902586,,
PO018003NR0009,2009,ALBONESE,,,,,,,,0.07291525440601,0.0744153210969724,0.0852201771883604,15,12,0.1685886339273066,0.1941664723469387,0.2060667155451359,68,54,0.2788437144629462,0.304158960666758,0.3078709337983442,328,273,PO018003NR0009,477798.0,5014771.0,GWB ISS MPP,ALBONESE,,High,98.50737177382884,3,19.173817694971444,293.1962584406989,3,19.173817694971444,78.92556321919042,3,19.173817694971444,22.51494087794367,3,31.42032503014569,20.77311327386214,3,31.42032503014569,23.15833786866137,3,31.42032503014569,,214.27069522150845,17.517432224823786,,
PO018003NR0009,2010,ALBONESE,,,,,,,,0.0285657462696286,0.0302944827147897,0.0351882618754946,15,12,0.112610134093605,0.1306198519108053,0.1419357506293849,72,54,0.2122044826885086,0.2430745225368476,0.2400966990965115,330,273,PO018003NR0009,477798.0,5014771.0,GWB ISS MPP,ALBONESE,,High,294.2971904011394,3,19.173817694971444,362.70533082351625,3,19.173817694971444,147.70247632219258,3,19.173817694971444,20.254086052069557,2,31.42032503014569,18.64132137676556,2,31.42032503014569,21.767486845490872,2,31.42032503014569,,215.00285450132367,14.093425777046484,,
PO018003NR0009,2011,ALBONESE,,,,,,,,0.0110047209169715,0.0117907724110409,0.0135851368502092,15,12,0.078077308709104,0.0926038404432359,0.097661754797733,70,54,0.1370044385380653,0.1500341083801406,0.1575825327925395,331,273,PO018003NR0009,477798.0,5014771.0,GWB ISS MPP,ALBONESE,,High,186.58476164179424,3,19.173817694971444,203.44496531098883,3,19.173817694971444,173.8866560794238,3,19.173817694971444,,1,31.42032503014569,,1,31.42032503014569,,1,35.71163185854155,,29.558309231565023,,,
PO018003NR0009,2012,ALBONESE,,,,,,,,0.013926151389864,0.017143034984474,0.0170102012022753,15,12,0.1217264720928404,0.1396374639564628,0.149031271798774,67,54,0.2148347344625641,0.2360309499651511,0.2413548399009382,327,273,PO018003NR0009,477798.0,5014771.0,GWB ISS MPP,ALBONESE,,High,153.34871880818605,3,19.173817694971444,258.0467520939837,3,19.173817694971444,77.67502393012371,3,19.173817694971444,22.98863296607112,3,19.173817694971444,20.98388818577208,3,19.173817694971444,24.589243189124065,3,19.173817694971444,,180.37172816385996,15.546303590552697,,
PO018003NR0009,2013,ALBONESE,,,,,,,,0.0666645722336963,0.0734207862595212,0.0786723905698938,15,12,0.1616588875599804,0.1918837021092056,0.2065547270916638,70,54,0.2371656575049263,0.2685447918369183,0.2703184161039616,330,273,PO018003NR0009,477798.0,5014771.0,GWB ISS MPP,ALBONESE,,High,193.10915773129264,3,19.173817694971444,270.7797020619762,3,19.173817694971444,47.272624523835,3,19.173817694971444,21.69264231611399,3,19.173817694971444,20.0320106983902,3,19.173817694971444,23.54431851386232,3,19.173817694971444,,223.5070775381412,14.900220903270384,,
PO018003NR0009,2014,ALBONESE,,,,,,,,0.0267394612523882,0.0286494227704159,0.0308591815385928,15,12,0.1255575769188631,0.1512684947433178,0.1582306531580224,69,54,0.1673523965795247,0.1936954259065871,0.1883509142020355,324,273,PO018003NR0009,477798.0,5014771.0,GWB ISS MPP,ALBONESE,,High,320.7234139439869,3,35.71163185854155,405.7322369962261,3,35.71163185854155,303.41778312041976,3,35.71163185854155,20.640506519089964,3,31.42032503014569,19.37873928899109,3,31.42032503014569,21.774667093473905,3,31.42032503014569,,101.31921230287651,15.765208829771105,,
PO018003NR0009,2015,ALBONESE,,,,,,,,0.0098705748133943,0.0113889636106746,0.0114924950417237,15,12,0.0775753652450503,0.097992790691679,0.094622503113216,66,54,0.1191746956885171,0.1389771901035581,0.1372968197605287,324,273,PO018003NR0009,477798.0,5014771.0,GWB ISS MPP,ALBONESE,,High,173.34865621684747,3,31.42032503014569,243.13369543338504,3,31.42032503014569,107.77899342056064,3,31.42032503014569,22.861039472876914,3,31.42032503014569,21.083340377442543,3,31.42032503014569,24.244579197376872,3,31.42032503014569,,135.3547020128244,16.19930335895579,,
PO018003NR0009,2016,ALBONESE,2.18,1.455,0.7,0.87,0.75,0.38,0.7,0.008429179559203,0.0090312638134318,0.0104157899703649,15,12,0.065522113315292,0.074516175369615,0.0829644591912245,69,54,0.1030903978371744,0.115489675947485,0.1186242207240879,329,273,PO018003NR0009,477798.0,5014771.0,GWB ISS MPP,ALBONESE,-0.17,High,289.2528389785132,3,31.42032503014569,303.6542271327361,3,31.42032503014569,187.2019062252755,3,31.42032503014569,21.46131803832533,3,31.42032503014569,20.17828500784144,3,31.42032503014569,22.988496376668124,3,31.42032503014569,-0.7550000000000001,116.45232090746059,15.878057838816177,,
PO018003NR0009,2017,ALBONESE,2.18,1.8725,0.65,1.6949999999999998,0.65,0.61,1.15,0.0141339085781429,0.0141175632279122,0.0163286616343409,15,12,0.0480714733173062,0.0526747293477975,0.0600833410716236,68,54,0.0762983020646479,0.0833512198376852,0.0884019801029566,327,273,PO018003NR0009,477798.0,5014771.0,GWB ISS MPP,ALBONESE,-0.5449999999999999,High,138.48683531047027,3,31.42032503014569,173.34791885524294,3,31.42032503014569,72.65013403195393,3,31.42032503014569,22.629022778810292,3,31.42032503014569,20.978792013523535,3,31.42032503014569,24.10487174795261,3,31.42032503014569,-1.2225000000000001,100.69778482328904,16.27738006993838,,
PO018003NR0009,2018,ALBONESE,2.08,1.5499999999999998,0.62,1.9,0.56,0.8,0.62,0.0633969644239793,0.0660141428566671,0.0743292738877547,15,12,0.1301404491042187,0.1483510234173374,0.1636547805051561,69,54,0.1604203525491407,0.1848945017126173,0.1817358057008923,326,273,PO018003NR0009,477798.0,5014771.0,GWB ISS MPP,ALBONESE,-1.2799999999999998,High,231.389519036555,3,31.42032503014569,317.98258021309204,3,31.42032503014569,121.82908911234966,3,31.42032503014569,22.593347678656315,3,31.42032503014569,21.126336456725333,3,31.42032503014569,23.95440702593698,3,31.42032503014569,-0.9299999999999998,196.15349110074237,16.84331598698638,,
PO018003NR0009,2019,ALBONESE,2.2,2.02,0.56,1.64,0.69,0.56,0.35,0.0052214103780796,0.0052214103780796,0.0054241072604984,15,12,0.0595548591181787,0.0658220997118771,0.0750398134219228,69,54,0.0630504461272302,0.0688001460389257,0.0722023934889503,325,273,PO018003NR0009,477798.0,5014771.0,GWB ISS MPP,ALBONESE,-1.29,High,168.81924696424534,3,31.42032503014569,250.0343493298089,3,31.42032503014569,99.91249911194582,3,31.42032503014569,22.160875272627397,3,31.42032503014569,20.34537278624508,3,31.42032503014569,24.493632434231134,3,31.42032503014569,-1.46,150.12185021786306,14.106869429063835,,
PO018003NR0009,2020,ALBONESE,2.03,1.38,0.55,0.98,0.69,0.43,0.55,0.0098408513787823,0.0106555842756309,0.0117880480111731,15,12,0.0358902235788368,0.0462203400535151,0.0462788488806701,70,54,0.0484106703534183,0.0581273771374422,0.0584664665206938,334,273,PO018003NR0009,477798.0,5014771.0,GWB ISS MPP,ALBONESE,-0.4299999999999999,High,309.3265298505999,3,31.42032503014569,361.4645540609358,3,31.42032503014569,191.5861850576831,3,31.42032503014569,22.152395024474487,3,31.42032503014569,20.529792674389213,3,31.42032503014569,23.27810253645668,3,31.42032503014569,-0.8299999999999998,169.87836900325271,16.402160591719674,,
PO018003NR0009,2021,ALBONESE,2.28,2.02,0.92,1.73,1.55,0.64,0.92,0.000802089198583,0.0008111014367693,0.0010026114982287,15,12,0.020087146709127,0.0216562751686448,0.025920977862965,70,54,0.0364557233643395,0.0392190938158366,0.0431525060408079,331,273,PO018003NR0009,477798.0,5014771.0,GWB ISS MPP,ALBONESE,-0.8099999999999999,Mid,107.78939689629588,3,24.06492520246012,156.02901447518758,3,24.06492520246012,59.67803569906284,3,24.06492520246012,21.775722302435227,3,24.06492520246012,19.83121605082126,3,24.06492520246012,23.5151325318109,3,24.06492520246012,-1.1,96.35097877612472,14.275145292607377,,
PO0181770U0020,2008,VIGEVANO,5.22,5.455,4.31,5.3,5.05,4.31,3.93,0.0,0.0,0.0,3,2,0.1632422344594185,0.1676765249942022,0.1966879595327528,40,23,0.1898470815441252,0.2063033469940619,0.2447639147652754,178,113,PO0181770U0020,488853.0,5017022.0,GWB ISS MPP,VIGEVANO,-1.3699999999999997,High,306.48156759081746,3,20.83832797995079,443.4305576933126,3,20.83832797995079,190.8131425216561,3,20.83832797995079,21.586250783059903,3,29.93886572667709,19.96504107627625,3,29.93886572667709,22.793111527824728,3,29.93886572667709,-1.1450000000000005,252.6174151716565,15.678565901764339,,
PO0181770U0020,2009,VIGEVANO,4.9,5.18,3.8,5.1,4.26,3.8,3.58,0.0030997296174367,0.0051662160290612,0.004649594426155,3,2,0.1838782526567402,0.2053636714899353,0.2316800474507994,42,23,0.1880990353221123,0.2241124269874602,0.2554380316188013,191,113,PO0181770U0020,488853.0,5017022.0,GWB ISS MPP,VIGEVANO,-1.5199999999999996,High,93.03460062818306,3,20.83832797995079,304.51270257177566,3,20.83832797995079,66.80520324116243,3,20.83832797995079,22.916761280455383,3,29.93886572667709,21.181695529015904,3,29.93886572667709,23.78916250578448,3,29.93886572667709,-1.38,237.7074993306132,17.590775254194625,,
PO0181770U0020,2010,VIGEVANO,5.33,5.550000000000001,4.1,5.45,4.81,4.1,4.0,0.0550839122798708,0.0550839122798708,0.0705884459118049,3,2,0.1038781271366865,0.1121315419380802,0.1219440903146186,41,23,0.1397724700249236,0.1783609367467876,0.2029856521606757,203,113,PO0181770U0020,488853.0,5017022.0,GWB ISS MPP,VIGEVANO,-1.4500000000000002,High,267.7292612277779,3,20.83832797995079,338.44494495998623,3,20.83832797995079,116.34837360985996,3,20.83832797995079,20.228285887852117,2,29.93886572667709,18.60563603302888,2,29.93886572667709,21.75951014696269,2,29.93886572667709,-1.450000000000001,222.09657135012623,15.190205599976156,,
PO0181770U0020,2011,VIGEVANO,5.1,5.325,3.9,5.25,3.5,3.99,3.9,0.0274288803856406,0.038926241453737,0.0411433205784609,3,2,0.0671811667644457,0.0777838213379833,0.0800371316992137,40,23,0.1187613912907128,0.1491533338539812,0.1711850695391693,193,113,PO0181770U0020,488853.0,5017022.0,GWB ISS MPP,VIGEVANO,-1.35,High,207.387228444226,3,20.83832797995079,219.241403705182,3,20.83832797995079,144.84126908167295,3,20.83832797995079,,1,29.93886572667709,,1,29.93886572667709,,1,26.64238945740416,-1.4250000000000003,74.40013462350903,,,
PO0181770U0020,2012,VIGEVANO,5.3,5.85,4.65,5.9,5.5,4.65,4.07,0.0505128572074075,0.0516561715362163,0.0703990009147674,3,2,0.1629286187104653,0.1708459749785648,0.2045795207117697,41,23,0.168003107948555,0.2039685169589775,0.2299118017032777,191,113,PO0181770U0020,488853.0,5017022.0,GWB ISS MPP,VIGEVANO,-1.83,High,192.72361987945945,3,20.83832797995079,301.1320452554377,3,20.83832797995079,109.910179238969,3,20.83832797995079,23.489940148267948,3,20.83832797995079,21.4381926227686,3,20.83832797995079,25.12439333574231,3,20.83832797995079,-1.1999999999999993,191.22186601646865,15.878676793365617,,
PO0181770U0020,2013,VIGEVANO,5.7,5.95,5.04,6.0,5.04,5.25,4.19,0.0173835897973428,0.0238255456089973,0.0260753846960142,3,2,0.1097656705363736,0.1331653899543139,0.1441449510662451,41,23,0.138131674555801,0.1833995404132817,0.1978120746027284,196,113,PO0181770U0020,488853.0,5017022.0,GWB ISS MPP,VIGEVANO,-1.81,High,162.22847769516983,3,20.83832797995079,243.9337676515433,3,20.83832797995079,46.870567566067486,3,20.83832797995079,21.978112630830037,3,20.83832797995079,20.29516063484642,3,20.83832797995079,23.858539522054404,3,20.83832797995079,-0.9100000000000001,197.06320008547578,15.195284212656231,,
PO0181770U0020,2014,VIGEVANO,5.38,5.475,4.16,5.55,4.66,4.16,3.97,0.082128681987524,0.082128681987524,0.082128681987524,2,2,0.0798023567016934,0.0936030163599008,0.102274424091076,40,23,0.1167188699299511,0.1581182559785045,0.162233589320879,191,113,PO0181770U0020,488853.0,5017022.0,GWB ISS MPP,VIGEVANO,-1.5799999999999996,High,309.97901665711254,3,26.64238945740416,397.9850116504549,3,26.64238945740416,288.0510613756874,3,26.64238945740416,20.742443789593903,3,26.64238945740416,19.468460075023017,3,26.64238945740416,21.89171936254107,3,26.64238945740416,-1.3149999999999995,109.93395027476747,15.813708362700707,,
PO0181770U0020,2015,VIGEVANO,5.42,5.87,4.8,5.9,4.82,4.5,4.8,0.0604597876469295,0.0906896814703942,0.0604597876469295,2,2,0.0288592449491772,0.0353217261669017,0.035234585866936,38,23,0.1043317473738543,0.1381566019294203,0.1421137647562149,175,113,PO0181770U0020,488853.0,5017022.0,GWB ISS MPP,VIGEVANO,-1.1000000000000003,High,164.26787842614988,3,26.64238945740416,222.5039746524924,3,26.64238945740416,112.9881377342184,3,26.64238945740416,22.91491544826689,3,26.64238945740416,21.10165052138071,3,26.64238945740416,24.330639723802832,3,26.64238945740416,-1.0700000000000003,109.51583691827399,16.12504373979075,,
PO0181770U0020,2016,VIGEVANO,5.81,5.58,4.95,5.86,5.1,4.95,4.9,0.046927629962253,0.0500163458830986,0.0703914449433795,3,2,0.0434307828101567,0.0470508033957181,0.0522525863519505,43,23,0.0934130342053571,0.1245590565045073,0.1386282559499997,197,113,PO0181770U0020,488853.0,5017022.0,GWB ISS MPP,VIGEVANO,-0.96,High,247.86543264711665,3,26.64238945740416,261.0584164400826,3,26.64238945740416,156.65762565070864,3,26.64238945740416,21.56496955421264,3,26.64238945740416,20.29691744935603,3,26.64238945740416,23.097259275947746,3,26.64238945740416,-0.6299999999999999,104.40079078937403,16.0048592044707,,
PO0181770U0020,2017,VIGEVANO,,6.02,4.35,6.02,6.0,4.35,3.85,0.0267026239954348,0.0468274696264415,0.0400539359931523,3,2,0.0553163659203903,0.0633114436350297,0.0649337205031981,39,23,0.1009922232360268,0.1323556962857429,0.1404611220479202,183,113,PO0181770U0020,488853.0,5017022.0,GWB ISS MPP,VIGEVANO,-2.1699999999999995,High,151.52657368397263,3,26.64238945740416,190.15389039773405,3,26.64238945740416,85.05120994109468,3,26.64238945740416,22.772845144025982,3,26.64238945740416,21.119849692213062,3,26.64238945740416,24.267800898489085,3,26.64238945740416,-1.67,105.10268045663936,16.372120004059052,,
PO0181770U0020,2018,VIGEVANO,5.375,5.335,4.46,5.07,5.1,4.46,3.9,0.0,0.0,0.0,3,2,0.0889302679668425,0.1215446539936917,0.1023614915634464,38,23,0.1312977097646467,0.184372506589922,0.1704240618884731,172,113,PO0181770U0020,488853.0,5017022.0,GWB ISS MPP,VIGEVANO,-1.1700000000000004,High,251.70674705690925,3,26.64238945740416,339.3774974624752,3,26.64238945740416,135.88939621552373,3,26.64238945740416,22.712011723735404,3,26.64238945740416,21.22140556554053,3,26.64238945740416,24.1059702688964,3,26.64238945740416,-0.875,203.48810124695152,16.870914537528403,,
PO0181770U0020,2019,VIGEVANO,5.65,6.13,4.2,6.13,5.0,3.4,,0.0303675520932302,0.0306074528489262,0.0303675520932302,2,2,0.0581076803795887,0.0609980499991779,0.0620369199929974,38,23,0.0948015650966815,0.1155262375375448,0.121855505969252,174,113,PO0181770U0020,488853.0,5017022.0,GWB ISS MPP,VIGEVANO,,High,172.0455159348625,3,26.64238945740416,246.66678523511695,3,26.64238945740416,89.85700138069451,3,26.64238945740416,22.14775346526483,3,26.64238945740416,20.36499174656306,3,26.64238945740416,24.505545341495395,3,26.64238945740416,-1.9299999999999997,156.8097838544225,14.120222390271666,,
PO0181770U0020,2020,VIGEVANO,,,4.6,,4.6,,,0.0079198548984196,0.0101826705836824,0.0118797823476294,3,2,0.0356620996194046,0.0378792234372337,0.0383162145971057,45,23,0.0779845594947312,0.1104932356425823,0.1144288091961031,196,113,PO0181770U0020,488853.0,5017022.0,GWB ISS MPP,VIGEVANO,,High,291.7322915613354,3,26.64238945740416,334.0387258264302,3,26.64238945740416,188.00016475993857,3,26.64238945740416,22.178367268305152,3,26.64238945740416,20.570239462785192,3,26.64238945740416,23.319043372895752,3,26.64238945740416,,146.03856106649167,16.42450241802829,,
PO0181770U0020,2021,VIGEVANO,,5.98,,5.98,,,,0.0502287888278563,0.0502287888278563,0.0502287888278563,2,2,0.0315725031808886,0.0289844756167972,0.0361966803349365,44,23,0.0714715199525546,0.0849408811329373,0.1015902309732796,189,113,PO0181770U0020,488853.0,5017022.0,GWB ISS MPP,VIGEVANO,,High,138.39602631869573,3,20.931253689160616,191.36931380353184,3,20.931253689160616,88.91676143330622,3,20.931253689160616,21.746940665114717,3,20.931253689160616,19.802956597584966,3,20.931253689160616,23.48948949900427,3,20.931253689160616,,102.4525523702256,14.242939762657494,,
PO018039NRP001,2008,CASTELLO D'AGOGNA,,,,,,,,0.0996832357194179,0.1131350896811407,0.1114152252899878,13,11,0.1156375314577229,0.1223529955597386,0.1243640994263778,84,76,0.1836496896629311,0.208695331829323,0.200549118549624,320,280,PO018039NRP001,474622.390667,5007946.94967,GWB ISS MPP,CASTELLO D'AGOGNA,,High,279.553807506519,3,20.538767283755345,400.0121847967228,3,20.538767283755345,178.46631099942067,3,20.538767283755345,21.80071818640922,3,27.7213189474157,19.976340582462782,3,27.7213189474157,22.961035830094872,3,27.7213189474157,,221.5458737973021,15.478737103257004,,
PO018039NRP001,2009,CASTELLO D'AGOGNA,,,,,,,,0.1255139969566483,0.1419658082262946,0.148356530681309,14,11,0.1246785074112352,0.1289265652519277,0.1346830618323701,86,76,0.1795996038378198,0.1880563689027449,0.2022378774726097,330,280,PO018039NRP001,474622.390667,5007946.94967,GWB ISS MPP,CASTELLO D'AGOGNA,,High,98.05620339290422,3,20.538767283755345,268.0257612611178,3,20.538767283755345,84.15752039228958,3,20.538767283755345,22.47350573630453,3,27.7213189474157,20.730402184930497,3,27.7213189474157,23.089010878798693,3,27.7213189474157,,183.8682408688282,17.516637867144873,,
PO018039NRP001,2010,CASTELLO D'AGOGNA,,,,,,,,0.1106994569944661,0.1087791271274909,0.127178723091316,14,11,0.0983481055306684,0.1010022963862865,0.1029117879552742,87,76,0.1405885674325652,0.1521919599503668,0.158593529649874,333,280,PO018039NRP001,474622.390667,5007946.94967,GWB ISS MPP,CASTELLO D'AGOGNA,,High,280.44793625821256,3,20.538767283755345,343.790694199339,3,20.538767283755345,146.25991406691878,3,20.538767283755345,20.255413016171108,2,27.7213189474157,18.643156759272863,2,27.7213189474157,21.76789710615846,2,27.7213189474157,,197.5307801324202,13.971973266404282,,
PO018039NRP001,2011,CASTELLO D'AGOGNA,,,,,,,,0.0705992435648416,0.0750138691050539,0.0858057450319668,14,11,0.0530735724073248,0.0545163149843667,0.0579437708367262,89,76,0.080128798952676,0.0845169084238898,0.0910792425428822,335,280,PO018039NRP001,474622.390667,5007946.94967,GWB ISS MPP,CASTELLO D'AGOGNA,,High,184.93696450236476,3,18.311858165253984,202.49686669286692,3,18.311858165253984,177.59956518515963,3,18.311858165253984,,1,27.7213189474157,,1,27.7213189474157,,1,37.22728454777971,,24.897301507707287,,,
PO018039NRP001,2012,CASTELLO D'AGOGNA,,,,,,,,0.0737205020832614,0.0769688418593758,0.085978653473836,13,11,0.0703676191254703,0.0729744282339376,0.077081783060975,86,76,0.1092940099396425,0.1153759816286247,0.1236225052231505,331,280,PO018039NRP001,474622.390667,5007946.94967,GWB ISS MPP,CASTELLO D'AGOGNA,,High,149.171451703308,3,18.311858165253984,253.5114975692375,3,18.311858165253984,74.16760719854584,3,18.311858165253984,22.67743758079625,3,20.538767283755345,20.70654182922552,3,20.538767283755345,24.23548474194489,3,20.538767283755345,,179.34389037069167,15.384201698566793,,
PO018039NRP001,2013,CASTELLO D'AGOGNA,,,,,,,,0.1199716436776465,0.1277142045403118,0.1359511519429471,14,11,0.1381064018822777,0.1488320988985599,0.1492100982112804,88,76,0.1854566376176102,0.203888361986138,0.2089147837390443,337,280,PO018039NRP001,474622.390667,5007946.94967,GWB ISS MPP,CASTELLO D'AGOGNA,,High,196.0524813999476,3,18.311858165253984,273.0010826679678,3,18.311858165253984,46.834284660023656,3,18.311858165253984,21.49658154200994,3,20.538767283755345,19.85465400700485,3,20.538767283755345,23.310558404685032,3,20.538767283755345,,226.16679800794418,14.748252440122162,,
PO018039NRP001,2014,CASTELLO D'AGOGNA,,,,,,,,0.0726994865914873,0.0800171537288966,0.0867188840413071,14,11,0.0948599517600115,0.106786051977792,0.1039094321877009,87,76,0.1204900374609903,0.1341917116368152,0.1361373450258638,331,280,PO018039NRP001,474622.390667,5007946.94967,GWB ISS MPP,CASTELLO D'AGOGNA,,High,321.28274013260904,3,37.22728454777971,406.1093591711276,3,37.22728454777971,304.22641545298177,3,37.22728454777971,20.5885068992673,3,27.7213189474157,19.336976773142982,3,27.7213189474157,21.707218354376074,3,27.7213189474157,,101.37478895758936,15.7621861916111,,
PO018039NRP001,2015,CASTELLO D'AGOGNA,,,,,,,,0.0238274798063295,0.0250536948037536,0.0295286888764663,14,11,0.038598453380462,0.042882836761678,0.0443785410056303,88,76,0.0585703452860857,0.0668255607692609,0.0685903035264172,333,280,PO018039NRP001,474622.390667,5007946.94967,GWB ISS MPP,CASTELLO D'AGOGNA,,High,174.0597850471787,3,27.7213189474157,244.8306679422637,3,27.7213189474157,107.6353360595699,3,27.7213189474157,22.798130030950087,3,27.7213189474157,21.052705795915827,3,27.7213189474157,24.15305874938112,3,27.7213189474157,,137.19533188269378,16.263168521316608,,
PO018039NRP001,2016,CASTELLO D'AGOGNA,5.52,5.4,2.51,5.16,3.95,2.51,2.41,0.0270063083492416,0.0290898694338348,0.0333151907557762,14,11,0.0369077171938858,0.0387432897983574,0.0404456879605723,86,76,0.0542915635291196,0.0580491956242434,0.0610734537642808,331,280,PO018039NRP001,474622.390667,5007946.94967,GWB ISS MPP,CASTELLO D'AGOGNA,-2.75,High,291.0462099373277,3,27.7213189474157,305.5565965712334,3,27.7213189474157,188.61247687469785,3,27.7213189474157,21.38955134672787,3,27.7213189474157,20.09773549523449,3,27.7213189474157,22.908985289877915,3,27.7213189474157,-2.8900000000000006,116.94411969653561,15.799052407093312,,
PO018039NRP001,2017,CASTELLO D'AGOGNA,5.2,5.18,2.6,5.12,3.83,2.6,1.9,0.035845609020222,0.0394066640552559,0.0432523346748687,14,11,0.0356997588942366,0.036457789169587,0.0399612163253309,87,76,0.0463475036529269,0.0481172111706538,0.0523408774794889,330,280,PO018039NRP001,474622.390667,5007946.94967,GWB ISS MPP,CASTELLO D'AGOGNA,-3.22,Mid,137.58982119431468,3,27.7213189474157,172.3233259350423,3,27.7213189474157,72.0062597171131,3,27.7213189474157,22.521674924639814,3,27.7213189474157,20.882987592029718,3,27.7213189474157,23.970098154043196,3,27.7213189474157,-2.5799999999999996,100.31706621792924,16.245119845921632,,
PO018039NRP001,2018,CASTELLO D'AGOGNA,5.25,4.64,2.67,4.64,3.81,2.67,2.6,0.0987536160078329,0.1089216220984235,0.1148508832133797,13,11,0.0725955235236459,0.0776020551978535,0.0768049199784352,86,76,0.0899338924096872,0.0977722830642677,0.1011957762294488,331,280,PO018039NRP001,474622.390667,5007946.94967,GWB ISS MPP,CASTELLO D'AGOGNA,-2.04,High,230.889502924939,3,27.7213189474157,317.7942387561829,3,27.7213189474157,120.79701834128711,3,27.7213189474157,22.50087759363096,3,27.7213189474157,21.060452531529176,3,27.7213189474157,23.83295951445226,3,27.7213189474157,-1.9699999999999998,196.99722041489576,16.854886304267065,,
PO018039NRP001,2019,CASTELLO D'AGOGNA,,,,,,,,0.0095233551661727,0.0099698178393071,0.0118813440376525,14,11,0.0200362428084359,0.0199258526795959,0.0223217894004687,86,76,0.0311889511486569,0.0327201782039367,0.0363729361056184,332,280,PO018039NRP001,474622.390667,5007946.94967,GWB ISS MPP,CASTELLO D'AGOGNA,,Mid,169.16142249457636,3,27.7213189474157,250.85014148681915,3,27.7213189474157,100.40217737377728,3,27.7213189474157,22.19770453752635,3,27.7213189474157,20.365390207224465,3,27.7213189474157,24.509066052306597,3,27.7213189474157,,150.44796411304185,14.140980246578781,,
PO018039NRP001,2020,CASTELLO D'AGOGNA,,,,,,,,0.0202276457250357,0.027506748573733,0.0228403511887529,13,11,0.0218713874545509,0.0247449817383685,0.0223180161958002,86,76,0.0298539834837677,0.0349683570049872,0.0338637862620687,336,280,PO018039NRP001,474622.390667,5007946.94967,GWB ISS MPP,CASTELLO D'AGOGNA,,Mid,310.73433878692816,3,27.7213189474157,363.2275794713047,3,27.7213189474157,192.36805450342345,3,27.7213189474157,22.142027376459925,3,27.7213189474157,20.51373112824997,3,27.7213189474157,23.248246932243138,3,27.7213189474157,,170.85952496788127,16.413871224478623,,
PO018039NRP001,2021,CASTELLO D'AGOGNA,,,,,,,,0.0299744732307795,0.0296987816350467,0.0347031032857061,13,11,0.011182757795194,0.0111633921257997,0.0124379292925847,86,76,0.0159846177488718,0.0165150084452114,0.0185542565914605,336,280,PO018039NRP001,474622.390667,5007946.94967,GWB ISS MPP,CASTELLO D'AGOGNA,,Mid,105.88356208615537,3,27.4195746815503,153.84488434228228,3,27.4195746815503,57.82499540266582,3,27.4195746815503,21.794439439753265,3,27.4195746815503,19.84959639748561,3,27.4195746815503,23.538872770347226,3,27.4195746815503,,96.0198889396165,14.285441867923842,,
PO0180480U0004,2008,CHIGNOLO PO,,,,,,,,0.0,0.0,,1,0,0.0472188605901061,0.0555931455860643,0.0636364587116987,12,2,0.0407099203696768,0.0585862292733509,0.0838411322760361,38,9,PO0180480U0004,539643.0,5000554.0,GWB ISS MPTLS,CHIGNOLO PO,,Mid,166.1212126335171,2,28.228446361781938,258.3813637055248,2,28.228446361781938,96.37469692615105,2,28.228446361781938,,1,48.23166935738385,,1,48.23166935738385,,1,48.23166935738385,,161.8087426861866,,2015.0,-7.0
PO0180480U0004,2009,CHIGNOLO PO,,,,,,,,0.0009863643441349,0.0010568189401445,,5,0,0.0033382245180537,0.003336086332717,0.0048251594882458,21,2,0.0136412227266212,0.0186733236527652,0.0363485835941025,58,9,PO0180480U0004,539643.0,5000554.0,GWB ISS MPTLS,CHIGNOLO PO,,Low,69.42893439154723,3,48.23166935738385,180.64321971658455,3,48.23166935738385,60.54875006148668,3,48.23166935738385,,1,48.23166935738385,,1,48.23166935738385,,1,48.23166935738385,,120.09446965509787,,2015.0,-6.0
PO0180480U0004,2010,CHIGNOLO PO,,,,,,,,0.0,0.0,,4,0,0.0026028133458263,0.0039163188946365,0.0091792050807271,16,2,0.0100320716872306,0.0155203308152666,0.0351874897476389,53,9,PO0180480U0004,539643.0,5000554.0,GWB ISS MPTLS,CHIGNOLO PO,,Low,,1,28.228446361781938,370.8154546530386,2,28.228446361781938,,1,28.228446361781938,,1,48.23166935738385,,1,48.23166935738385,,1,48.23166935738385,,211.48363654806616,,2015.0,-5.0
PO0180480U0004,2011,CHIGNOLO PO,,,,,,,,1.9688531340632e-06,2.9960808561831302e-06,,7,0,0.0031622912062836,0.0035665346450104,0.0103660312558834,25,2,0.0052701738495652,0.0074377840619953,0.0144788396670736,66,9,PO0180480U0004,539643.0,5000554.0,GWB ISS MPTLS,CHIGNOLO PO,,Low,,1,28.228446361781938,,1,28.228446361781938,,1,28.228446361781938,,1,48.23166935738385,,1,48.23166935738385,,1,28.228446361781938,,52.400000000000006,,2015.0,-4.0
PO0180480U0004,2012,CHIGNOLO PO,,,,,,,,0.0,0.0,,1,0,0.0072040689265122,0.005726638865391,0.0058741881977766,16,2,0.0029777615230851,0.0023656377514436,0.0016938820865039,53,9,PO0180480U0004,539643.0,5000554.0,GWB ISS MPTLS,CHIGNOLO PO,,Low,191.53555379572296,3,48.23166935738385,305.31930666594496,3,48.23166935738385,115.23770448745508,3,48.23166935738385,22.917058250385782,3,48.23166935738385,20.88100756865084,3,48.23166935738385,24.527001260270737,3,48.23166935738385,,190.0816021784899,15.346244706048896,2015.0,-3.0
PO0180480U0004,2013,CHIGNOLO PO,,4.65,4.75,4.65,,,4.75,0.0210005566477775,0.0315008349716663,,2,0,0.0286187949962914,0.0323232625463477,0.0162795129193303,15,2,0.0329914997834108,0.037275171141896,0.0330188891634828,45,9,PO0180480U0004,539643.0,5000554.0,GWB ISS MPTLS,CHIGNOLO PO,0.0999999999999996,Mid,265.26167241673784,2,28.228446361781938,375.2742618005303,2,28.228446361781938,102.15735973925356,3,48.23166935738385,21.77756229604481,2,28.228446361781938,20.112691928696517,2,28.228446361781938,23.64467108144439,2,28.228446361781938,0.09999999999999964,262.0910911088139,14.781115164312778,2015.0,-2.0
PO0180480U0004,2014,CHIGNOLO PO,4.75,4.58,4.47,,4.4,4.47,4.82,0.0047822253778576,0.0053997105703904,,5,0,0.0268170546588049,0.0261813206790975,0.0150170363485813,22,2,0.0160769573548168,0.0156342882614686,0.0126687274107502,65,9,PO0180480U0004,539643.0,5000554.0,GWB ISS MPTLS,CHIGNOLO PO,,Mid,397.2264532698099,2,28.228446361781938,499.1838079428289,2,28.228446361781938,352.04940165850155,2,28.228446361781938,21.37467971078092,3,28.228446361781938,20.084570284546302,3,28.228446361781938,22.48134106715825,3,28.228446361781938,-0.11000000000000032,137.93512578930589,16.497565354653347,2015.0,-1.0
PO0180480U0004,2015,CHIGNOLO PO,4.025,4.165,4.35,4.18,4.3,4.4,,0.0,0.0,,2,0,0.0047293668280222,0.0019976182312176,0.0,14,2,0.0087866043594355,0.0048295146338179,0.0006187051534652,54,9,PO0180480U0004,539643.0,5000554.0,GWB ISS MPTLS,CHIGNOLO PO,,Low,174.7665231333915,3,48.23166935738385,217.35827459061372,3,48.23166935738385,135.96944365489162,3,48.23166935738385,23.653712462555205,3,28.228446361781938,21.79497018353813,3,28.228446361781938,25.075046201853247,3,28.228446361781938,0.1849999999999996,81.38883093572213,16.70989616179739,2015.0,0.0
PO0180480U0004,2016,CHIGNOLO PO,4.51,4.71,4.75,4.72,4.75,,,0.0,0.0,,4,0,0.0001711293535427,0.0001594291752553,0.0,18,2,0.0012833111559351,0.0012514167197121,0.0028225750282958,50,9,PO0180480U0004,539643.0,5000554.0,GWB ISS MPTLS,CHIGNOLO PO,,Low,281.97438201600585,3,48.23166935738385,293.9345250943382,3,48.23166935738385,186.8972665373982,3,48.23166935738385,22.018214719173315,3,28.228446361781938,20.621589659929764,3,28.228446361781938,23.62243902117965,3,28.228446361781938,0.040000000000000036,107.03725855694003,16.095718492143046,2015.0,1.0
PO0180480U0004,2017,CHIGNOLO PO,5.05,5.17,5.65,5.19,5.8,5.65,5.44,0.0035069568548351,0.0043836960685439,,4,0,0.0049810919281298,0.0058442271381084,0.0101345886941999,24,2,0.0037385057597,0.0041332369120498,0.0037825510457709,60,9,PO0180480U0004,539643.0,5000554.0,GWB ISS MPTLS,CHIGNOLO PO,0.25,Low,120.27928015241103,3,48.23166935738385,180.305231798167,3,48.23166935738385,59.18451896405494,3,48.23166935738385,23.719266287176985,3,28.228446361781938,22.00831914761689,3,28.228446361781938,25.190035694665298,3,28.228446361781938,0.4800000000000004,121.12071283411206,17.209664683216012,2015.0,2.0
PO0180480U0004,2018,CHIGNOLO PO,5.0,5.029999999999999,4.99,5.06,4.8,4.99,5.0,,,,0,0,0.0019403283846461,0.0026014914910774,0.0013544589746743,15,2,0.0013346785686515,0.0018505141586549,0.0022866478086345,44,9,PO0180480U0004,539643.0,5000554.0,GWB ISS MPTLS,CHIGNOLO PO,-0.0599999999999996,Low,315.628679102024,3,28.228446361781938,416.13885440591184,3,28.228446361781938,171.70650092428343,3,28.228446361781938,23.120218351125885,3,27.014196582537856,21.59421181994912,3,27.014196582537856,24.62006938775025,3,27.014196582537856,-0.03999999999999915,244.43235348162844,17.07663907645615,2015.0,3.0
PO0180480U0004,2019,CHIGNOLO PO,5.1,5.04,,5.04,,,,0.0063274186880638,0.0094911280320956,,2,0,0.0392685770251167,0.0290719932433398,0.0146339520579203,14,2,0.0171406638270127,0.0152715284575839,0.0061478485801705,40,9,PO0180480U0004,539643.0,5000554.0,GWB ISS MPTLS,CHIGNOLO PO,,Mid,204.37295591459016,3,28.228446361781938,271.0346737433066,3,28.228446361781938,75.69842519739748,3,28.228446361781938,22.7269721978666,3,27.014196582537856,20.859192643053348,3,27.014196582537856,25.27672619024685,3,27.014196582537856,,195.3362485459091,14.284119091052824,2015.0,4.0
PO0180480U0004,2020,CHIGNOLO PO,,,5.25,,,5.6,4.9,0.0,0.0,,5,0,2.118577413057208e-06,3.631846993812357e-06,0.0,24,2,0.00019325502021,9.33022082816546e-05,2.048219579996333e-05,68,9,PO0180480U0004,539643.0,5000554.0,GWB ISS MPTLS,CHIGNOLO PO,,Low,259.9180780746457,3,28.228446361781938,279.0490564124175,3,28.228446361781938,207.63610311229505,3,28.228446361781938,22.88666563735903,3,27.014196582537856,21.34753931778778,3,27.014196582537856,23.998143913606697,3,27.014196582537856,,71.41295330012247,17.230872960571276,2015.0,5.0
PO0180480U0004,2021,CHIGNOLO PO,4.8,4.9350000000000005,5.1,4.97,4.95,5.15,5.1,0.0002883155085146,0.0003276312596757,,5,0,0.0007974139364604,0.0011858658603778,0.0023219361513232,24,2,0.0005974999079995,0.0006589511001286,0.000740919030418,69,9,PO0180480U0004,539643.0,5000554.0,GWB ISS MPTLS,CHIGNOLO PO,0.1299999999999999,Low,113.4496489209244,3,28.228446361781938,174.45215234729017,3,28.228446361781938,60.78440671708128,3,28.228446361781938,22.89980570878772,3,27.014196582537856,20.80842381481878,3,27.014196582537856,24.766870401768685,3,27.014196582537856,0.16499999999999915,113.66774563020888,14.838307650894345,2015.0,6.0
PO018146NRP001,2008,SARTIRANA LOMELLINA,,,,,,,,0.1047743365383616,0.1201105872383586,0.1367527792960269,12,8,0.1471582874794109,0.1548006724488945,0.1470670949273173,68,45,0.1380915801595753,0.1429245911269869,0.1385754246000691,241,157,PO018146NRP001,473582.7089,4995758.0701,GWB ISS MPP,SARTIRANA LOMELLINA,,High,250.6591791741357,3,30.332867532134937,361.5459097182987,3,30.332867532134937,160.5488753076645,3,30.332867532134937,21.65369549247296,3,28.10323933910905,19.818328183997853,3,28.10323933910905,22.889640882429557,3,28.10323933910905,,189.96444592625622,15.28732442939885,,
PO018146NRP001,2009,SARTIRANA LOMELLINA,,,,,,,,0.104259619776955,0.1076674077475301,0.1199428300218036,13,8,0.1409695772778453,0.1353408990314512,0.1456606095332299,71,45,0.1351103622004197,0.1314361262788091,0.1376024715028818,265,157,PO018146NRP001,473582.7089,4995758.0701,GWB ISS MPP,SARTIRANA LOMELLINA,,High,87.19172339686769,3,28.10323933910905,216.4286317157692,3,28.10323933910905,80.79120705744674,3,28.10323933910905,22.426414044501016,3,28.10323933910905,20.703220502662973,3,28.10323933910905,23.168102665370878,3,28.10323933910905,,135.6374246583225,17.26588874830827,,
PO018146NRP001,2010,SARTIRANA LOMELLINA,,,,,,,,0.0782960266256944,0.0846100899970578,0.0941024223555967,13,8,0.0943981013509523,0.1000778137430584,0.1097899111071861,75,45,0.0941350201538933,0.0987117986473355,0.1068987890750747,263,157,PO018146NRP001,473582.7089,4995758.0701,GWB ISS MPP,SARTIRANA LOMELLINA,,High,260.97163535507974,3,30.332867532134937,318.17308005560795,3,30.332867532134937,141.89630343303654,3,30.332867532134937,20.20412475857163,2,21.35620619822384,18.57221771072,2,21.35620619822384,21.75204019278928,2,21.35620619822384,,176.27677662257145,14.142310542463862,,
PO018146NRP001,2011,SARTIRANA LOMELLINA,,,,,,,,0.0432753184477452,0.0453044090195492,0.0532475051162084,13,8,0.0546226737564171,0.0549681473007593,0.0578475797333737,75,45,0.0610666791378208,0.0620200809182257,0.0654340291484407,277,157,PO018146NRP001,473582.7089,4995758.0701,GWB ISS MPP,SARTIRANA LOMELLINA,,High,152.59579622312856,3,28.10323933910905,160.63396876889283,3,28.10323933910905,142.14895506260137,3,28.10323933910905,,1,21.35620619822384,,1,21.35620619822384,,1,38.63015006162997,,18.551811932444792,,,
PO018146NRP001,2012,SARTIRANA LOMELLINA,,,,,,,,0.0459921164157164,0.052176270323116,0.0544391300136339,13,8,0.0820055080730758,0.0808792728967928,0.0676105726993194,73,45,0.0789356269302557,0.07714471865189,0.0708591670220922,267,157,PO018146NRP001,473582.7089,4995758.0701,GWB ISS MPP,SARTIRANA LOMELLINA,,High,140.13499725431393,3,21.35620619822384,240.13349232971245,3,21.35620619822384,73.25476854058567,3,21.35620619822384,22.50185464174876,3,28.10323933910905,20.529676742802668,3,28.10323933910905,24.01137849676333,3,28.10323933910905,,166.87872378912678,15.231195486666623,,
PO018146NRP001,2013,SARTIRANA LOMELLINA,,,,,,,,0.1273247981505194,0.1291981658470927,0.1390300014483122,13,8,0.146109125123073,0.1558704027327592,0.161840497532135,73,45,0.1419008034621279,0.1531432458184224,0.1519095560601921,269,157,PO018146NRP001,473582.7089,4995758.0701,GWB ISS MPP,SARTIRANA LOMELLINA,,High,215.68107704135255,3,28.10323933910905,309.32270456726656,3,28.10323933910905,70.57856046399654,3,21.35620619822384,21.274897403616517,3,30.332867532134937,19.65451971858766,3,30.332867532134937,23.04411283733479,3,30.332867532134937,,235.02511042754392,14.626596216903742,,
PO018146NRP001,2014,SARTIRANA LOMELLINA,,,,,,,,0.0316153418195123,0.0323148304532754,0.032594513343065,13,8,0.05946013032996,0.0605357947182173,0.0649760081910493,77,45,0.0769996990545477,0.0850208707587309,0.0838876449818527,273,157,PO018146NRP001,473582.7089,4995758.0701,GWB ISS MPP,SARTIRANA LOMELLINA,,High,294.85555762689813,3,38.63015006162997,378.7464519092135,3,38.63015006162997,269.1844560309036,3,38.63015006162997,20.554034443447417,3,30.332867532134937,19.309750179597916,3,30.332867532134937,21.661525717495223,3,30.332867532134937,,104.00943795162219,15.762810024080652,,
PO018146NRP001,2015,SARTIRANA LOMELLINA,,5.43,3.22,5.43,,3.22,,0.0141501356549083,0.0145639674303432,0.022993970439226,13,8,0.0289796124176159,0.0274000256822259,0.0317487916971246,76,45,0.0371081212767145,0.0359210997905208,0.035224019811014,268,157,PO018146NRP001,473582.7089,4995758.0701,GWB ISS MPP,SARTIRANA LOMELLINA,,Mid,155.92068386306406,3,21.35620619822384,194.7643596837626,3,21.35620619822384,118.49631826334488,3,21.35620619822384,22.75109459940977,3,30.332867532134937,21.028701932796604,3,30.332867532134937,24.085539017423155,3,30.332867532134937,-2.2099999999999995,76.2680414204177,16.307470925758384,,
PO018146NRP001,2016,SARTIRANA LOMELLINA,6.07,5.855,3.56,5.7,4.97,3.56,3.0,0.0143938553340446,0.0143938553340446,0.0201475108721448,13,8,0.0307564042254558,0.0297165223411511,0.032996823091698,75,45,0.0358076128998871,0.0362912454835333,0.037970644874922,266,157,PO018146NRP001,473582.7089,4995758.0701,GWB ISS MPP,SARTIRANA LOMELLINA,-2.7,Mid,222.3802132593122,3,21.35620619822384,233.37532086708015,3,21.35620619822384,134.33976122959933,3,21.35620619822384,21.339418373152085,3,30.332867532134937,20.041961648709,3,30.332867532134937,22.852853684463827,3,30.332867532134937,-2.2950000000000004,99.03555963748087,15.745656262497667,,
PO018146NRP001,2017,SARTIRANA LOMELLINA,5.84,5.815,3.36,5.7,4.61,3.36,3.1,0.0259539488029893,0.0278131385681318,0.0291806386475703,13,8,0.0385597913256754,0.0400935940851123,0.0394273186665938,71,45,0.040472790741047,0.042360520171798,0.0464572221025308,256,157,PO018146NRP001,473582.7089,4995758.0701,GWB ISS MPP,SARTIRANA LOMELLINA,-2.6,Mid,180.3363026627893,3,21.35620619822384,219.1091172865549,3,21.35620619822384,107.8112493825795,3,21.35620619822384,22.445878435543754,3,30.332867532134937,20.816281878076808,3,30.332867532134937,23.87379101324324,3,30.332867532134937,-2.4550000000000005,111.29786790397534,16.22584140864709,,
PO018146NRP001,2018,SARTIRANA LOMELLINA,5.9,5.59,3.13,5.48,4.75,3.13,2.84,0.0103334460937334,0.0108446150887175,0.0123791520825761,13,8,0.022674134538829,0.0202259552752366,0.0232171958548672,72,45,0.0269364873663453,0.0285051392110315,0.0287681728521914,258,157,PO018146NRP001,473582.7089,4995758.0701,GWB ISS MPP,SARTIRANA LOMELLINA,-2.640000000000001,Mid,251.97073002477043,3,21.35620619822384,327.90207861380213,3,21.35620619822384,157.57970666993958,3,21.35620619822384,22.4353846779969,3,30.332867532134937,21.014311197168503,3,30.332867532134937,23.74675749631704,3,30.332867532134937,-2.46,170.32237194386252,16.865462981072586,,
PO018146NRP001,2019,SARTIRANA LOMELLINA,5.56,5.92,3.48,5.92,5.1,3.48,3.03,0.0068919535559148,0.0073267304172207,0.0071850230626296,13,8,0.0191867789359475,0.0204288086149654,0.0184341814405612,70,45,0.0172467159271857,0.01889442015425,0.0211351023743237,257,157,PO018146NRP001,473582.7089,4995758.0701,GWB ISS MPP,SARTIRANA LOMELLINA,-2.89,Mid,164.19412079346392,3,21.35620619822384,231.90822611321025,3,21.35620619822384,88.0816564180277,3,21.35620619822384,22.22473598261508,3,30.332867532134937,20.38037518598196,3,30.332867532134937,24.52049385410615,3,30.332867532134937,-2.44,143.8265696951825,14.166426288554886,,
PO018146NRP001,2020,SARTIRANA LOMELLINA,5.26,,3.28,,4.72,3.28,3.0,0.0053902842514873,0.0056828581300043,0.0037743172838721,13,8,0.0129556144098589,0.0139580941681256,0.0102785846964387,72,45,0.0201397091596462,0.0236149406369545,0.0224834914675013,273,157,PO018146NRP001,473582.7089,4995758.0701,GWB ISS MPP,SARTIRANA LOMELLINA,,Mid,275.35613210963817,3,21.35620619822384,316.3364367527028,3,21.35620619822384,174.96655359120436,3,21.35620619822384,22.134499117514707,3,30.332867532134937,20.50215958553238,3,30.332867532134937,23.226426005861665,3,30.332867532134937,,141.3698831614985,16.42270337378217,,
PO018146NRP001,2021,SARTIRANA LOMELLINA,5.66,5.82,,5.82,,,,0.0024253011939342,0.0025563985557685,0.001555237249704,13,8,0.0086863585556784,0.0090594227149267,0.0078086473309128,72,45,0.0099306233341148,0.0103352839303901,0.011618479184276,274,157,PO018146NRP001,473582.7089,4995758.0701,GWB ISS MPP,SARTIRANA LOMELLINA,,Low,129.68757150140806,3,21.35620619822384,173.37995881194755,3,21.35620619822384,88.28160718734416,3,21.35620619822384,21.77894782659436,3,30.332867532134937,19.799626434870795,3,30.332867532134937,23.57834276186265,3,30.332867532134937,,97.38798900076087,14.193495024812343,,
PO018068NRP001,2008,GAMBOLO',20.3,20.76,20.57,20.8,20.57,,,0.0449364754798201,0.0346439563533446,0.0325114657898666,9,4,0.0414427005392139,0.041582082029082,0.0422156916446693,46,25,0.0528131580649973,0.0543341197446387,0.0552804051722467,183,93,PO018068NRP001,492857.0,5011583.0,GWB ISS MPP,GAMBOLO',,High,309.79662680926606,3,17.20277245097429,440.1451981753715,3,17.20277245097429,197.2933504742522,3,17.20277245097429,21.60773919429861,3,24.18000186104211,19.919615900630344,3,24.18000186104211,22.82348284748604,3,24.18000186104211,-0.19000000000000128,242.85184770111925,15.556795267288456,2015.0,-7.0
PO018068NRP001,2009,GAMBOLO',20.875,,,,,,,0.0191723982648303,0.0192287945072166,0.0163870373624377,9,4,0.0343949828754426,0.0401408931395976,0.0422017998693724,48,25,0.0468555408757406,0.0562838461505965,0.0608504976410231,185,93,PO018068NRP001,492857.0,5011583.0,GWB ISS MPP,GAMBOLO',,Mid,99.2150362619928,3,17.20277245097429,299.84347192222094,3,17.20277245097429,78.55674585808272,3,17.20277245097429,22.763612704062187,3,24.18000186104211,21.032203161584956,3,24.18000186104211,23.594806002409527,3,24.18000186104211,,221.28672606413818,17.489910393805154,2015.0,-6.0
PO018068NRP001,2010,GAMBOLO',20.9,21.14,18.6,,,,18.6,0.0135056272631994,0.0139611712656915,0.0133248913916759,9,4,0.0138479778243414,0.015717538421559,0.0132255758116177,56,25,0.0227117456730068,0.0275501139226267,0.0291065532995309,207,93,PO018068NRP001,492857.0,5011583.0,GWB ISS MPP,GAMBOLO',,Mid,301.35513140980186,3,17.20277245097429,371.0978455345234,3,17.20277245097429,151.40186473995382,3,17.20277245097429,20.206332407502597,2,24.18000186104211,18.575271207212783,2,24.18000186104211,21.752722736893645,2,24.18000186104211,-2.539999999999999,219.69598079456952,14.862172081654652,2015.0,-5.0
PO018068NRP001,2011,GAMBOLO',20.5,20.935,20.63,20.95,20.78,20.63,18.0,0.008815440867717,0.0109338404403792,0.0150595588066304,10,4,0.004203404735369,0.004731023722757,0.0041359702663806,51,25,0.0141606243831238,0.0180214131262886,0.0187456993597908,199,93,PO018068NRP001,492857.0,5011583.0,GWB ISS MPP,GAMBOLO',-2.9499999999999997,Low,191.60664849987,3,17.20277245097429,203.02790842490575,3,17.20277245097429,147.1688211379534,3,17.20277245097429,,1,24.18000186104211,,1,24.18000186104211,,1,20.53391840346114,-0.3049999999999997,55.85908728695237,,2015.0,-4.0
PO018068NRP001,2012,GAMBOLO',20.67,20.35,18.98,20.35,,,18.98,0.0267936023595255,0.0281648935197154,0.0193988233300236,7,4,0.0292464002138303,0.029032818491127,0.0224527488643458,44,25,0.0400852099295407,0.0435246599295962,0.0442258755884869,186,93,PO018068NRP001,492857.0,5011583.0,GWB ISS MPP,GAMBOLO',-1.370000000000001,Mid,177.6222961107078,3,17.20277245097429,284.11026201933123,3,17.20277245097429,98.76957352197512,3,17.20277245097429,23.03334180514989,3,17.20277245097429,21.02295372397907,3,17.20277245097429,24.64366740301124,3,17.20277245097429,-1.370000000000001,185.34068849735607,15.562205224455152,2015.0,-3.0
PO018068NRP001,2013,GAMBOLO',20.39,21.05,18.92,21.05,,,18.92,0.029935811938984,0.0141173583935156,0.0125710948370397,7,4,0.0175376445157299,0.0211799893055065,0.0183790184790947,51,25,0.0334183704612527,0.0458488865308078,0.0438111174492161,198,93,PO018068NRP001,492857.0,5011583.0,GWB ISS MPP,GAMBOLO',-2.129999999999999,Mid,178.71598617449868,3,17.20277245097429,262.97501293334807,3,17.20277245097429,53.73673442885266,3,17.20277245097429,21.723958661441976,3,17.20277245097429,20.059830009756755,3,17.20277245097429,23.584367070477736,3,17.20277245097429,-2.129999999999999,209.2382785044954,14.916842757371354,2015.0,-2.0
PO018068NRP001,2014,GAMBOLO',20.75,20.9,19.2,,,,19.2,0.0194493233226239,0.0259324310968319,0.0236709460616111,8,4,0.0131777455345255,0.0185221848274393,0.0172054161542715,46,25,0.0296859259936925,0.0396719147085759,0.0400088109958526,190,93,PO018068NRP001,492857.0,5011583.0,GWB ISS MPP,GAMBOLO',,Mid,304.8242296911633,3,20.53391840346114,394.8222183291297,3,20.53391840346114,280.49494698209054,3,20.53391840346114,20.772422549057865,3,20.53391840346114,19.50453987497591,3,20.53391840346114,21.912853975913585,3,20.53391840346114,-1.6999999999999993,114.3272713470392,15.872328444053514,2015.0,-1.0
PO018068NRP001,2015,GAMBOLO',20.8,,20.4,,21.1,19.7,,0.0099175010663678,0.0133495914051309,0.0118341648000447,7,4,0.0061943873083071,0.0092762193031376,0.0085918749570846,42,25,0.0120418349890855,0.0158240411636443,0.0146727128180518,167,93,PO018068NRP001,492857.0,5011583.0,GWB ISS MPP,GAMBOLO',,Low,158.77292892430765,3,20.53391840346114,210.73430440558823,3,20.53391840346114,115.20577018093,3,20.53391840346114,22.92086149740296,3,20.53391840346114,21.130457585473696,3,20.53391840346114,24.32364384398548,3,20.53391840346114,,95.52853422465827,16.226862517572897,2015.0,0.0
PO018068NRP001,2016,GAMBOLO',20.95,21.25,19.55,21.1,21.0,19.55,18.9,0.0032949829711166,0.0049381768418243,0.0053977075507039,8,4,0.0083628886822924,0.0117020086753623,0.010660336456863,46,25,0.0108265047712599,0.0134153402071643,0.0124869977704912,193,93,PO018068NRP001,492857.0,5011583.0,GWB ISS MPP,GAMBOLO',-2.200000000000003,Low,226.1034441625353,3,20.53391840346114,238.639771599968,3,20.53391840346114,140.70635874271778,3,20.53391840346114,21.573037569461817,3,20.53391840346114,20.287942635963336,3,20.53391840346114,23.110877388509717,3,20.53391840346114,-1.6999999999999993,97.93341285725025,15.970288152949985,2015.0,1.0
PO018068NRP001,2017,GAMBOLO',20.9,21.225,20.2,21.55,21.4,20.2,19.9,0.0098193728963711,0.0100172636279415,0.0061145987245254,7,4,0.0167916733701889,0.0210510528746194,0.0203192707984708,44,25,0.012211513295825,0.0168653888834926,0.0174319043070365,183,93,PO018068NRP001,492857.0,5011583.0,GWB ISS MPP,GAMBOLO',-1.650000000000002,Low,157.14299393527267,3,20.53391840346114,197.87746951297825,3,20.53391840346114,90.2325927325541,3,20.53391840346114,22.77684796733235,3,20.53391840346114,21.13104312354156,3,20.53391840346114,24.25268588093013,3,20.53391840346114,-1.0250000000000021,107.64487678042414,16.4229917517424,2015.0,2.0
PO018068NRP001,2018,GAMBOLO',21.2,21.45,20.4,21.5,21.2,20.4,19.6,0.0246843198134835,0.0314141551974568,0.0301489820655357,8,4,0.0218612062577271,0.0362353714286734,0.023312689112965,41,25,0.0202017886132264,0.0252360010416538,0.020334566516546,162,93,PO018068NRP001,492857.0,5011583.0,GWB ISS MPP,GAMBOLO',-1.8999999999999984,Mid,262.5234771646344,3,20.53391840346114,350.9830412789236,3,20.53391840346114,143.19860910359017,3,20.53391840346114,22.701232345771725,3,20.53391840346114,21.235426010582135,3,20.53391840346114,24.08135840711439,3,20.53391840346114,-1.0500000000000007,207.7844321753334,16.9432001010581,2015.0,3.0
PO018068NRP001,2019,GAMBOLO',21.2,21.6,20.6,21.5,21.0,20.2,,0.0001300339063163,0.0001300339063163,0.0,8,4,0.0105465743041625,0.0122003492195455,0.013022391417995,44,25,0.009651953921495,0.0114114811821473,0.011675599119458,173,93,PO018068NRP001,492857.0,5011583.0,GWB ISS MPP,GAMBOLO',,Low,173.20010158252973,3,20.53391840346114,244.09072481509585,3,20.53391840346114,83.96895253647868,3,20.53391840346114,22.244585015211,3,20.53391840346114,20.454048319805175,3,20.53391840346114,24.59999640017704,3,20.53391840346114,-1.0,160.12177227861716,14.201143018260732,2015.0,4.0
PO018068NRP001,2020,GAMBOLO',,,,,,,,0.0005219089488188,0.0006022026332525,0.0,10,4,0.0048932089461507,0.006317665223648,0.0051423690479714,55,25,0.0030952750698969,0.0041396760329272,0.0044904245848735,203,93,PO018068NRP001,492857.0,5011583.0,GWB ISS MPP,GAMBOLO',,Low,281.06416733728804,3,20.53391840346114,317.9827908452238,3,20.53391840346114,185.2485124503473,3,20.53391840346114,22.23561122725572,3,20.53391840346114,20.629596554777518,3,20.53391840346114,23.361626770540795,3,20.53391840346114,,132.73427839487653,16.509157540839457,2015.0,5.0
PO018068NRP001,2021,GAMBOLO',,,,,,,,0.0165072303230839,0.0177512059737814,0.0025008517162253,9,4,0.0108302751339839,0.0107663355203759,0.0068777691866271,49,25,0.0044147348851593,0.0048723996684473,0.0046768279742263,190,93,PO018068NRP001,492857.0,5011583.0,GWB ISS MPP,GAMBOLO',,Low,150.45778066957018,3,17.075208812778833,205.6530063381002,3,17.075208812778833,99.73834587752437,3,17.075208812778833,21.78947591001171,3,17.075208812778833,19.844712301520325,3,17.075208812778833,23.507597473486346,3,17.075208812778833,,105.91466046057583,14.320360894620757,2015.0,6.0
PO018173NUP001,2008,VELLEZZO BELLINI,,,,,,,,0.0179028913883181,0.0215397256799042,0.0284299078087012,10,5,0.0621979697502225,0.0738835565800382,0.0747823446346504,72,47,0.066882026676317,0.0746601891416373,0.0805132514776407,212,94,PO018173NUP001,507665.885333,5013301.88233,GWB ISS MPTLS,VELLEZZO BELLINI,,High,191.29072816344825,3,18.69988154613516,288.5982029078905,3,18.69988154613516,115.49759904258296,3,18.69988154613516,21.580870691798538,3,31.29768281669236,19.834537786443956,3,31.29768281669236,22.826787612940475,3,31.29768281669236,,173.1006038653075,15.398989197826198,2015.0,-7.0
PO018173NUP001,2009,VELLEZZO BELLINI,,,,,,,,0.0252653642971482,0.0310285030782484,0.0463104629827042,12,5,0.0360863090082937,0.0402453157975386,0.0457997322398533,77,47,0.0360533028546248,0.042288794444074,0.0513234859077216,245,94,PO018173NUP001,507665.885333,5013301.88233,GWB ISS MPTLS,VELLEZZO BELLINI,,Mid,78.76496786057854,3,18.69988154613516,201.3701849648276,3,18.69988154613516,68.52315092360101,3,18.69988154613516,22.62374593512638,3,31.29768281669236,20.90136068031229,3,31.29768281669236,23.45932681536033,3,31.29768281669236,,132.84703404122658,17.33129455450434,2015.0,-6.0
PO018173NUP001,2010,VELLEZZO BELLINI,,,,,,,,0.0051845630156234,0.005286221113969,0.0124941483954898,13,5,0.0282669620853672,0.0319373878192097,0.0366310133544252,79,47,0.0202825402338911,0.0237549408592234,0.0294989484627335,254,94,PO018173NUP001,507665.885333,5013301.88233,GWB ISS MPTLS,VELLEZZO BELLINI,,Mid,320.34592091446075,3,19.5310935990632,386.1735345563248,3,18.69988154613516,160.14892966132138,3,19.5310935990632,20.171933174578157,2,31.29768281669236,18.527692112721716,2,31.29768281669236,21.74208744370999,2,31.29768281669236,,215.15347002201736,14.644662257198862,2015.0,-5.0
PO018173NUP001,2011,VELLEZZO BELLINI,,,,,,,,0.0005528959971016,0.0005571153149872,0.0005005433845023,13,5,0.0033176464519192,0.0032876740487364,0.0035198913173376,78,47,0.0063160551056964,0.0062624311593491,0.0076082149739104,250,94,PO018173NUP001,507665.885333,5013301.88233,GWB ISS MPTLS,VELLEZZO BELLINI,,Low,172.44582134384535,3,28.72488731663533,184.24469740616613,3,28.72488731663533,131.17422737913958,3,28.72488731663533,,1,29.64389645157032,,1,29.64389645157032,,1,10.975932361963658,,53.07047002702657,,2015.0,-4.0
PO018173NUP001,2012,VELLEZZO BELLINI,,,,,,,,0.0073854005410491,0.008470190987767,0.0131685140682384,12,5,0.0174050481058657,0.0194637066323477,0.0208932044344511,75,47,0.0201598714412929,0.0232405495631022,0.0255639373761162,234,94,PO018173NUP001,507665.885333,5013301.88233,GWB ISS MPTLS,VELLEZZO BELLINI,,Mid,201.6125685502556,3,19.5310935990632,312.1496980856484,3,19.5310935990632,126.04585859593595,3,19.5310935990632,22.77422172317709,3,18.69988154613516,20.77669271976111,3,18.69988154613516,24.3981481913224,3,18.69988154613516,,186.10383948971247,15.314825451176869,2015.0,-3.0
PO018173NUP001,2013,VELLEZZO BELLINI,,,,,,,,0.0353567987777447,0.0333200837097441,0.0451001367531716,12,5,0.0345696915070605,0.0342253789023656,0.038303787797914,71,47,0.0407662854965438,0.0426119197733029,0.044555990043996,213,94,PO018173NUP001,507665.885333,5013301.88233,GWB ISS MPTLS,VELLEZZO BELLINI,,Mid,226.339056321653,3,19.5310935990632,325.3968202756379,3,19.5310935990632,87.01119223831098,3,19.5310935990632,21.691891095788293,3,18.69988154613516,20.041275452585683,3,18.69988154613516,23.556904155566045,3,18.69988154613516,,238.3856280373269,14.739015769402185,2015.0,-2.0
PO018173NUP001,2014,VELLEZZO BELLINI,,,,,,,,0.0223721308675475,0.0302834544889629,0.0403759600718816,13,5,0.0301348582598137,0.034177475384302,0.0389496532405878,74,47,0.0225700064159332,0.0285839704740597,0.0386634730175282,238,94,PO018173NUP001,507665.885333,5013301.88233,GWB ISS MPTLS,VELLEZZO BELLINI,,Mid,362.9701673194995,3,28.72488731663533,465.6297317760324,3,28.72488731663533,323.8841343169835,3,28.72488731663533,21.41936491414881,3,14.290524083432311,20.12638804724652,3,14.290524083432311,22.532779039597397,3,14.290524083432311,,141.74559745904892,16.51359992868852,2015.0,-1.0
PO018173NUP001,2015,VELLEZZO BELLINI,,,1.29,,,1.29,,0.0002881759006854,0.0003869733470007,0.0001971670682542,11,5,0.0011828622860304,0.0007206886079768,0.0003411728123484,72,47,0.0035264195861619,0.0025060866408165,0.0018899102140223,223,94,PO018173NUP001,507665.885333,5013301.88233,GWB ISS MPTLS,VELLEZZO BELLINI,,Low,168.12999425453071,3,28.72488731663533,215.5099217722446,3,28.72488731663533,131.20123254827826,3,28.72488731663533,23.60836223557271,3,14.290524083432311,21.76337729404807,3,14.290524083432311,25.04359688997032,3,14.290524083432311,,84.30868922396633,16.73408758117634,2015.0,0.0
PO018173NUP001,2016,VELLEZZO BELLINI,2.5,2.5,1.4,2.4,1.4,1.5,1.0,0.0075447146494228,0.0109423756878823,0.0110172069693605,13,5,0.0120754770699263,0.0139602288910332,0.0165032550756132,78,47,0.009053075635579,0.0107974741418689,0.0142883581702206,241,94,PO018173NUP001,507665.885333,5013301.88233,GWB ISS MPTLS,VELLEZZO BELLINI,-1.4,Low,248.93433051614727,3,28.72488731663533,261.3836149836041,3,28.72488731663533,163.20546958522462,3,28.72488731663533,22.052590764131672,3,14.290524083432311,20.657726959998328,3,14.290524083432311,23.67244364776559,3,14.290524083432311,-1.1,98.17814539837953,16.110941135824746,2015.0,1.0
PO018173NUP001,2017,VELLEZZO BELLINI,2.7,2.91,1.6,,1.6,1.6,1.6,0.0034482139666999,0.0043761027990099,0.006218011813471,13,5,0.0086606455055382,0.0099379913943565,0.010619522281427,77,47,0.0103159634801152,0.012695936977533,0.0139119549699989,235,94,PO018173NUP001,507665.885333,5013301.88233,GWB ISS MPTLS,VELLEZZO BELLINI,,Low,123.851069364866,3,28.72488731663533,181.48556124834116,3,28.72488731663533,64.20114581065162,3,28.72488731663533,23.81800139884832,3,14.290524083432311,22.109325342063823,3,14.290524083432311,25.29280469277835,3,14.290524083432311,-1.31,117.28441543768947,17.308012222953387,2015.0,2.0
PO018173NUP001,2018,VELLEZZO BELLINI,2.5,2.135,1.48,2.15,1.8,1.45,1.48,0.0077346158803751,0.0115849428217519,0.0123840137446919,10,5,0.01185857211825,0.0141187624292164,0.0140477242737559,59,47,0.0138721698991454,0.0159117782529027,0.0164012070944621,163,94,PO018173NUP001,507665.885333,5013301.88233,GWB ISS MPTLS,VELLEZZO BELLINI,-0.6699999999999999,Low,335.1481286908541,3,27.271351319099526,448.8345729202632,3,27.271351319099526,176.13363754032247,3,27.271351319099526,23.174503197469495,3,14.290524083432311,21.68846370826679,3,14.290524083432311,24.64021503985016,3,14.290524083432311,-0.6549999999999998,272.7009353799407,17.299086581662625,2015.0,3.0
PO018173NUP001,2019,VELLEZZO BELLINI,2.5,3.05,1.47,,3.1,1.45,1.47,0.0052409024841229,0.0078369733112465,0.0093491567492795,12,5,0.0118296980764716,0.0140002282666535,0.0150103909559613,70,47,0.0105716893391788,0.0138817546074366,0.014569845260255,187,94,PO018173NUP001,507665.885333,5013301.88233,GWB ISS MPTLS,VELLEZZO BELLINI,,Low,204.6695532014849,3,27.271351319099526,270.3460255422975,3,27.271351319099526,73.71484004761406,3,27.271351319099526,22.792655598693123,3,14.290524083432311,20.96841544567429,3,14.290524083432311,25.302662477109887,3,14.290524083432311,-1.5799999999999998,196.63118549468348,14.461921760360974,2015.0,4.0
PO018173NUP001,2020,VELLEZZO BELLINI,,,1.5,,1.6,1.4,1.5,0.0007065115000942,0.0009207246579333,0.0012806313950568,12,5,0.0020498060862818,0.0024246389673713,0.0027558506179125,75,47,0.0023808140487801,0.0032398390618766,0.0039615208814985,234,94,PO018173NUP001,507665.885333,5013301.88233,GWB ISS MPTLS,VELLEZZO BELLINI,,Low,253.00016903161588,3,27.271351319099526,269.3064806343143,3,27.271351319099526,190.692549530168,3,27.271351319099526,22.913100027420647,3,14.290524083432311,21.302533766886214,3,14.290524083432311,24.04656518752877,3,14.290524083432311,,78.61393110414629,17.16399457509745,2015.0,5.0
PO018173NUP001,2021,VELLEZZO BELLINI,1.8,2.4000000000000004,2.1,2.1,2.1,2.1,2.1,0.0003180800435634,0.0003703021402679,0.0,13,5,0.0003152091292919,0.000358370410372,0.0003891428973829,78,47,0.001169048505848,0.0011771255252636,0.0006077472623454,237,94,PO018173NUP001,507665.885333,5013301.88233,GWB ISS MPTLS,VELLEZZO BELLINI,0.0,Low,145.71162805926937,3,14.290524083432311,205.0205041805423,3,14.290524083432311,91.9376946199626,3,14.290524083432311,22.104562423147613,3,10.975932361963658,20.12942937796659,3,10.975932361963658,23.838867897427665,3,10.975932361963658,-0.30000000000000027,113.08280956057968,14.534866365008908,2015.0,6.0
PO018062NRD002,2008,FERRERA ERBOGNONE,7.39,7.77,3.3600000000000003,7.64,,4.23,2.49,0.0526846739303436,0.0621030627846872,0.0787980281903097,10,5,0.0866937759552043,0.0883625128704456,0.0942808279071444,69,40,0.0933741984688202,0.0990701202707548,0.1059811426420347,217,125,PO018062NRD002,489193.0,4993809.0,GWB ISS MPP,FERRERA ERBOGNONE,-5.15,High,232.2316169474312,3,25.411385656827136,337.1121710900741,3,25.411385656827136,147.2510661884274,3,25.411385656827136,21.433892884613563,3,25.411385656827136,19.499150837272403,3,25.411385656827136,22.807037182920794,3,25.411385656827136,-4.409999999999999,177.4554400040148,14.819885447628112,,
PO018062NRD002,2009,FERRERA ERBOGNONE,6.835,,,,,,,0.0625960041737805,0.0713863786950242,0.1013752373121679,10,5,0.0993018290631331,0.1046021299057999,0.1193197421303557,75,40,0.0992435049757343,0.1034481151074351,0.1140559294246098,231,125,PO018062NRD002,489193.0,4993809.0,GWB ISS MPP,FERRERA ERBOGNONE,,High,78.9854353440613,3,24.157441689880987,199.45489413197325,3,24.157441689880987,74.80448045961663,3,24.157441689880987,22.16228902743924,3,25.411385656827136,20.47680998705192,3,25.411385656827136,23.065067153302245,3,25.411385656827136,,124.6504136723566,16.724549033367047,,
PO018062NRD002,2010,FERRERA ERBOGNONE,7.01,7.08,2.55,7.08,,,2.55,0.0170745279325206,0.0193698868350756,0.0262083223244796,9,5,0.0512405662597335,0.0529524043700271,0.0651662096223056,74,40,0.0563362873803,0.062849119643674,0.0731674872679791,242,125,PO018062NRD002,489193.0,4993809.0,GWB ISS MPP,FERRERA ERBOGNONE,-4.53,High,250.04139728803224,3,25.411385656827136,304.18361966637883,3,25.411385656827136,136.31280508138576,3,25.411385656827136,20.114074852127263,2,20.89707838431009,18.44766571803341,2,20.89707838431009,21.72419924766413,2,20.89707838431009,-4.53,167.8708145849931,14.030013882202967,,
PO018062NRD002,2011,FERRERA ERBOGNONE,7.22,7.835,6.4,7.89,7.48,6.4,5.71,0.0315938335486377,0.0362982520434473,0.0553541900434841,10,5,0.0465499438414016,0.0516892979301088,0.0618485503043848,79,40,0.0420430608417587,0.0464885966823918,0.0574481590287274,248,125,PO018062NRD002,489193.0,4993809.0,GWB ISS MPP,FERRERA ERBOGNONE,-2.18,Mid,133.03688785240865,3,24.157441689880987,136.8723659557597,3,24.157441689880987,126.27018278497812,3,24.157441689880987,,1,7.573667143464914,,1,7.573667143464914,,1,24.157441689880987,-1.4349999999999996,23.762387202532402,,,
PO018062NRD002,2012,FERRERA ERBOGNONE,7.2,7.91,,7.91,,,,0.0094700172593002,0.0117734592808119,0.0130439052643487,10,5,0.0516676054713704,0.0518319781849921,0.0608492275528988,75,40,0.0468972391401525,0.0480448963504659,0.0590629428168662,239,125,PO018062NRD002,489193.0,4993809.0,GWB ISS MPP,FERRERA ERBOGNONE,,Mid,133.43401483539415,3,20.89707838431009,230.3349057993008,3,20.89707838431009,70.77826153085128,3,20.89707838431009,22.556066122307072,3,24.157441689880987,20.554291436845737,3,24.157441689880987,24.07076063543381,3,24.157441689880987,,159.55664426844947,15.157421609317112,,
PO018062NRD002,2013,FERRERA ERBOGNONE,,,5.66,,,,5.66,0.0843894499451077,0.0904698786627569,0.0982937031472101,6,5,0.1200815196305821,0.1368742186577559,0.1353037622177969,72,40,0.0997864103978424,0.1091907433836156,0.1196157979674909,242,125,PO018062NRD002,489193.0,4993809.0,GWB ISS MPP,FERRERA ERBOGNONE,,High,228.86132968553443,3,24.157441689880987,330.59830885945485,3,24.157441689880987,69.73164794817971,3,20.89707838431009,21.214510395405416,3,25.411385656827136,19.60275974965541,3,25.411385656827136,22.96782491251318,3,25.411385656827136,,242.3451854520379,14.58995574988748,,
PO018062NRD002,2014,FERRERA ERBOGNONE,7.2,7.7,5.62,,,,5.62,0.0291260696095479,0.0366197235672381,0.049255697398136,9,5,0.0459943648190925,0.0587779617533862,0.0642150851196735,77,40,0.0575720657385734,0.0677914755500481,0.0742515365382132,243,125,PO018062NRD002,489193.0,4993809.0,GWB ISS MPP,FERRERA ERBOGNONE,,High,283.6519620995755,3,24.157441689880987,366.732237891918,3,24.157441689880987,254.46593108152672,3,24.157441689880987,20.5027624226048,3,24.157441689880987,19.255005501734868,3,24.157441689880987,21.62620345836739,3,24.157441689880987,-2.08,99.8795891924061,15.678772517961217,,
PO018062NRD002,2015,FERRERA ERBOGNONE,7.21,7.9,6.6,7.9,,6.6,,0.0092475423775613,0.013383695622906,0.0170287912152707,10,5,0.0265573182355793,0.0286957748175803,0.0338933481731661,79,40,0.0261277359311339,0.028765658801848,0.0309150167483574,246,125,PO018062NRD002,489193.0,4993809.0,GWB ISS MPP,FERRERA ERBOGNONE,,Mid,140.98066112033118,3,20.89707838431009,164.06970519749294,3,20.89707838431009,116.25358618743196,3,20.89707838431009,22.878353207037183,3,24.157441689880987,21.1391094228132,3,24.157441689880987,24.232377061890485,3,24.157441689880987,-1.3000000000000007,47.81611901006097,16.337952124455487,,
PO018062NRD002,2016,FERRERA ERBOGNONE,7.18,8.52,7.4,8.52,8.28,7.4,6.66,0.0069768906396347,0.0085625476031881,0.0082574047827317,9,5,0.0256743718197253,0.0302927207999703,0.034225159361049,74,40,0.0276036158368616,0.0306721390064433,0.0369680381465121,240,125,PO018062NRD002,489193.0,4993809.0,GWB ISS MPP,FERRERA ERBOGNONE,-1.8599999999999997,Mid,201.45941069587093,3,20.89707838431009,210.70187575153707,3,20.89707838431009,118.07731658364447,3,20.89707838431009,21.35394461276919,3,24.157441689880987,20.03461838977037,3,24.157441689880987,22.892200253078634,3,24.157441689880987,-1.1199999999999992,92.6245591678926,15.68228131248585,,
PO018062NRD002,2017,FERRERA ERBOGNONE,7.9,8.434999999999999,6.7,8.42,7.42,6.7,5.86,0.0141933687831085,0.0217888011228448,0.0244316616708723,9,5,0.0286017471148322,0.0386494165086395,0.0376633481149716,76,40,0.0302776182643243,0.0351814343155086,0.0361294812648983,236,125,PO018062NRD002,489193.0,4993809.0,GWB ISS MPP,FERRERA ERBOGNONE,-2.56,Mid,184.65940401244168,3,20.89707838431009,225.5385941193697,3,20.89707838431009,107.17036525452234,3,20.89707838431009,22.49529004618384,3,24.157441689880987,20.82765882198169,3,24.157441689880987,23.97253413724981,3,24.157441689880987,-1.7349999999999985,118.36822886484734,16.12510086769883,,
PO018062NRD002,2018,FERRERA ERBOGNONE,7.9,8.365,7.8,8.39,7.8,8.61,5.75,0.0118080776714123,0.0196478844973171,0.0188757269649067,8,5,0.0236958617100786,0.0337025480362011,0.0314153120702151,74,40,0.0273567494192139,0.0300601375566478,0.0260698368507592,228,125,PO018062NRD002,489193.0,4993809.0,GWB ISS MPP,FERRERA ERBOGNONE,-2.640000000000001,Mid,256.3883408406923,3,20.89707838431009,327.98185169873267,3,20.89707838431009,171.61807678935165,3,20.89707838431009,22.48127608056284,3,24.157441689880987,21.03395813516191,3,24.157441689880987,23.81087183083133,3,24.157441689880987,-0.5650000000000004,156.363774909381,16.791908014488154,,
PO018062NRD002,2019,FERRERA ERBOGNONE,7.88,8.5375,7.95,8.59,8.36,7.95,7.28,0.009201052453136,0.0158212113332141,0.0147216839250177,8,5,0.0227567570648,0.0319792108752129,0.0345635370615734,75,40,0.0214032365153244,0.024827406385712,0.0235226237410446,232,125,PO018062NRD002,489193.0,4993809.0,GWB ISS MPP,FERRERA ERBOGNONE,-1.3099999999999996,Mid,157.43731346610252,3,20.89707838431009,217.901874153738,3,20.89707838431009,79.9559449543341,3,20.89707838431009,22.20884677400665,3,24.157441689880987,20.342593613393035,3,24.157441689880987,24.514093407682708,3,24.157441689880987,-0.5874999999999995,137.945929199404,14.096193404292526,,
PO018062NRD002,2020,FERRERA ERBOGNONE,7.47,8.100000000000001,7.89,8.14,7.95,7.89,6.28,0.0010375506921533,0.0015671800247218,0.001867591245876,9,5,0.0126663696723225,0.018633296065267,0.0221468071802519,81,40,0.013805342687524,0.0177010038834366,0.0165915182357576,256,125,PO018062NRD002,489193.0,4993809.0,GWB ISS MPP,FERRERA ERBOGNONE,-1.8600000000000003,Low,251.9822752111644,3,20.89707838431009,287.8309955290091,3,20.89707838431009,161.31965397518138,3,20.89707838431009,22.14922882858576,3,24.157441689880987,20.505872537143723,3,24.157441689880987,23.25717037845053,3,24.157441689880987,-0.21000000000000174,126.5113415538277,16.400085753902413,,
PO018062NRD002,2021,FERRERA ERBOGNONE,7.75,8.32,,8.32,,,,0.0013670774324176,0.0006584480456593,0.0003208043907458,10,5,0.0051113003121808,0.0056744208979602,0.0077187866803979,81,40,0.005911149682899,0.0064168881869668,0.0073018674332823,254,125,PO018062NRD002,489193.0,4993809.0,GWB ISS MPP,FERRERA ERBOGNONE,,Low,129.78856222518655,3,20.89707838431009,167.52863145110356,3,20.89707838431009,92.7200032158979,3,20.89707838431009,21.77278218336952,3,22.204419199789932,19.776701798184725,3,22.204419199789932,23.58933412164361,3,22.204419199789932,,97.24233826332737,14.164506356486518,,
PO0181100U0111,2008,PAVIA,,,,,,,,0.0058953287403306,0.0068639452413966,0.0097770577089653,6,3,0.0481775465886784,0.052126183461671,0.0524518435711635,38,15,0.0492181720467266,0.0545369740893155,0.0667417364862086,182,72,PO0181100U0111,511138.0,5006846.0,GWB ISS MPTLS,PAVIA,,High,163.04765803749578,3,24.90061896821041,259.62463752175523,3,24.90061896821041,97.95058801902717,3,24.90061896821041,21.552558536984662,3,34.81898506562188,19.75591473170908,3,34.81898506562188,22.82706173655174,3,34.81898506562188,,161.67404950272814,15.256801712159975,2015.0,-7.0
PO0181100U0111,2009,PAVIA,,,,,,,,0.0265767164752577,0.0292539251848864,0.0398454822134226,9,3,0.0486382822283361,0.0629464468866524,0.0677829117333102,47,15,0.0385020246895255,0.0446333921919036,0.053100939557724,209,72,PO0181100U0111,511138.0,5006846.0,GWB ISS MPTLS,PAVIA,,Mid,76.36384931710069,3,24.90061896821041,171.02398992905813,3,24.90061896821041,65.9540466740152,3,24.90061896821041,22.50211661864609,3,34.81898506562188,20.788183884634517,3,34.81898506562188,23.345984262160464,3,34.81898506562188,,105.06994325504292,17.18628518024199,2015.0,-6.0
PO0181100U0111,2010,PAVIA,,,,,,,,0.0030201037880033,0.0031063924676605,0.0,9,3,0.013562509353553,0.0126691203565414,0.0015509838471189,51,15,0.0172953840048879,0.0174942189026256,0.0175923469650384,226,72,PO0181100U0111,511138.0,5006846.0,GWB ISS MPTLS,PAVIA,,Mid,318.6883855908746,3,25.315274065275293,370.7927851170424,3,24.90061896821041,156.54590077445005,3,25.315274065275293,20.15451641151413,2,34.81898506562188,18.503602220444986,2,34.81898506562188,21.736702661383507,2,34.81898506562188,,210.04382195277535,14.464247000680249,2015.0,-5.0
PO0181100U0111,2011,PAVIA,,,,,,,,0.0008977466711291,0.0010538765269777,0.0026932400133874,9,3,0.0070595566219029,0.0065088793556709,0.0017271328225938,50,15,0.0081855329981936,0.0078573479621573,0.0078482635259947,231,72,PO0181100U0111,511138.0,5006846.0,GWB ISS MPTLS,PAVIA,,Low,167.81550914081453,3,28.763949137766183,180.79627609700864,3,28.763949137766183,128.6396139411127,3,28.763949137766183,,1,26.425813137914982,,1,26.425813137914982,,1,3.839352158893477,,52.92870778193299,,2015.0,-4.0
PO0181100U0111,2012,PAVIA,,,,,,,,0.00405848568577,0.0043029511171216,0.0048896082314766,8,3,0.0184669974527977,0.0181524519139202,0.0047040914563048,46,15,0.0151373802771032,0.016974850840974,0.0174784333604394,212,72,PO0181100U0111,511138.0,5006846.0,GWB ISS MPTLS,PAVIA,,Low,202.4958689026896,3,25.315274065275293,301.58729675344614,3,25.315274065275293,137.8353616498498,3,25.315274065275293,22.88374589928828,3,24.90061896821041,20.89403413833774,3,24.90061896821041,24.528480368009063,3,24.90061896821041,,163.7519351035963,15.412574250964598,2015.0,-3.0
PO0181100U0111,2013,PAVIA,,,,,,,,0.0022331441914839,0.002951305875429,0.0066643898478812,9,3,0.0212520598386706,0.020694236256846,0.0127649834360151,41,15,0.045679147245519,0.0485313838754638,0.0538170553281479,194,72,PO0181100U0111,511138.0,5006846.0,GWB ISS MPTLS,PAVIA,,Mid,191.3354740090713,3,25.315274065275293,279.98828359990426,3,25.315274065275293,61.57208384936803,3,25.315274065275293,21.728962235427776,3,24.90061896821041,20.09983390388256,3,24.90061896821041,23.590137915093884,3,24.90061896821041,,218.4161997505362,14.835768837793347,2015.0,-2.0
PO0181100U0111,2014,PAVIA,,,,,,,,0.0119145689808108,0.0170328281568111,0.0242216876811451,9,3,0.0178713205929293,0.0236741520842925,0.0318636456504464,45,15,0.0239698128237419,0.0311681748220575,0.0447424774372376,216,72,PO0181100U0111,511138.0,5006846.0,GWB ISS MPTLS,PAVIA,,Mid,321.3279477636757,3,28.763949137766183,430.34136670157983,3,28.763949137766183,291.0928937050131,3,28.763949137766183,21.527023460506243,3,15.303480519149884,20.227654322658584,3,15.303480519149884,22.64125780716069,3,15.303480519149884,,138.5375078000585,16.58917571084436,2015.0,-1.0
PO0181100U0111,2015,PAVIA,,,,,,,,0.0037074666470289,0.0027805999852716,0.0,9,3,0.0016880158205018,0.0009882584609317,0.0,43,15,0.0061716064255951,0.0044356424297136,0.0034752288638224,199,72,PO0181100U0111,511138.0,5006846.0,GWB ISS MPTLS,PAVIA,,Low,138.29076013418526,3,26.425813137914982,187.42872549179717,3,26.425813137914982,109.33361709586616,3,26.425813137914982,23.5674548586203,3,15.303480519149884,21.73855604909209,3,15.303480519149884,25.01745938154158,3,15.303480519149884,,78.09510839593098,16.784829557498437,2015.0,0.0
PO0181100U0111,2016,PAVIA,5.3,4.85,3.3,4.4,3.7,3.3,2.65,0.0,0.0,0.0,7,3,0.0009876551908808,0.000683635016685,0.0001911320270866,49,15,0.0068138100981817,0.0080040380980105,0.0097685546008169,222,72,PO0181100U0111,511138.0,5006846.0,GWB ISS MPTLS,PAVIA,-1.7500000000000004,Low,186.1152750260201,3,26.425813137914982,198.62173862578015,3,26.425813137914982,118.72582668169744,3,26.425813137914982,22.114134250023223,3,15.303480519149884,20.72045532008772,3,15.303480519149884,23.75438159456407,3,15.303480519149884,-1.5499999999999998,79.89591194408277,16.14469766022175,2015.0,1.0
PO0181100U0111,2017,PAVIA,5.3,5.53,4.0,,4.1,4.0,4.0,0.0078998944433849,0.0102847542647006,0.0102200689052956,7,3,0.0046436459477898,0.0056579781417987,0.0049648946389142,42,15,0.0105137002012992,0.012969788865256,0.0143571701030446,210,72,PO0181100U0111,511138.0,5006846.0,GWB ISS MPTLS,PAVIA,,Low,113.45233054498549,3,26.425813137914982,166.42676604350407,3,26.425813137914982,51.67250472932163,3,26.425813137914982,24.037386820951017,3,15.303480519149884,22.33062886543557,3,15.303480519149884,25.508473878454467,3,15.303480519149884,-1.5300000000000002,114.75426131418247,17.53781343596446,2015.0,2.0
PO0181100U0111,2018,PAVIA,5.45,5.140000000000001,3.35,5.15,3.98,3.35,3.3,0.0040250649501103,0.0047160426806658,0.0063733149319887,8,3,0.0052718386434892,0.0055473977076413,0.0060598872964166,31,15,0.0136237944489456,0.0147671267692639,0.0178403612072206,154,72,PO0181100U0111,511138.0,5006846.0,GWB ISS MPTLS,PAVIA,-1.8500000000000003,Low,313.2678085079665,3,20.012270335971376,426.1733031837948,3,20.012270335971376,145.78646108316187,3,20.012270335971376,23.122344691491342,3,15.303480519149884,21.649386837355884,3,15.303480519149884,24.61864730769637,3,15.303480519149884,-1.7900000000000005,280.3868421006329,17.26361456339536,2015.0,3.0
PO0181100U0111,2019,PAVIA,5.7,5.72,3.32,,5.72,3.3,3.32,0.0042940365993196,0.0066319567018321,0.008007673598412,7,3,0.0052085705769114,0.005771734608166,0.0049466525871927,33,15,0.0135052829999004,0.0178066790652984,0.0205700473186004,171,72,PO0181100U0111,511138.0,5006846.0,GWB ISS MPTLS,PAVIA,,Low,181.96923013702636,3,20.012270335971376,244.32067820065157,3,20.012270335971376,52.62543527948442,3,20.012270335971376,22.673610879579392,3,15.303480519149884,20.86095978649317,3,15.303480519149884,25.19919748571372,3,15.303480519149884,-2.4,191.6952429211671,14.342009827405972,2015.0,4.0
PO0181100U0111,2020,PAVIA,,,3.6,,3.7,3.5,3.6,0.0014287449109057,0.0023648191628785,0.003809986429082,8,3,0.0014864517608657,0.0023641388469426,0.003794252733286,41,15,0.0011792183792888,0.0015027997730104,0.002431646704941,221,72,PO0181100U0111,511138.0,5006846.0,GWB ISS MPTLS,PAVIA,,Low,235.16180782001072,3,20.012270335971376,248.40682737421253,3,20.012270335971376,178.60009131533403,3,20.012270335971376,22.697615843865123,3,15.303480519149884,21.09561292164514,3,15.303480519149884,23.8435778896841,3,15.303480519149884,,69.80673605887849,16.951141166569997,2015.0,5.0
PO0181100U0111,2021,PAVIA,4.7,5.3,5.29,5.3,5.29,5.3,5.28,0.0,0.0,0.0,9,3,0.0003798318380638,0.0003357178483374,0.0,46,15,0.001428738514641,0.0014798903933298,0.0009368847613721,221,72,PO0181100U0111,511138.0,5006846.0,GWB ISS MPTLS,PAVIA,-0.0199999999999995,Low,115.46254572973577,3,15.303480519149884,173.7718484061684,3,15.303480519149884,64.34059288980531,3,15.303480519149884,22.513040886538924,3,10.806283820074318,20.49020757033812,3,10.806283820074318,24.325939133623205,3,10.806283820074318,-0.009999999999999787,109.4312555163631,14.705169802760608,2015.0,6.0
PO0180130U0006,2008,BELGIOIOSO,,,,,,,,0.041929671075195,0.0458838553833109,0.041929671075195,4,4,0.0374876969149923,0.0469520742645357,0.0293372791363961,37,24,0.0427175306559513,0.0554512337280544,0.0539767735406657,115,55,PO0180130U0006,523765.0,5000850.0,GWB ISS MPTLS,BELGIOIOSO,,Mid,173.84623849137395,3,38.77048052320218,268.2283236505941,3,38.77048052320218,102.69802551479664,3,38.77048052320218,21.53614858449163,3,48.22036799942531,19.710361516424506,3,48.22036799942531,22.82721557581233,3,48.22036799942531,,161.76756353388382,15.174426596620094,2015.0,-7.0
PO0180130U0006,2009,BELGIOIOSO,,,,,,,,0.0126488144509494,0.0124656189342632,0.0110916525591164,6,4,0.0155554620120162,0.0126989671504513,0.0130905732713775,47,24,0.0285991303833961,0.0322914684742415,0.0364661286808603,144,55,PO0180130U0006,523765.0,5000850.0,GWB ISS MPTLS,BELGIOIOSO,,Mid,71.66731330361092,3,33.3562417697198,180.19057679433,3,33.3562417697198,62.35014292366852,3,33.3562417697198,22.431659785711105,3,48.22036799942531,20.722624539094973,3,48.22036799942531,23.280336264673423,3,48.22036799942531,,117.84043387066144,17.102271379702184,2015.0,-6.0
PO0180130U0006,2010,BELGIOIOSO,,,,,,,,0.0256453550287655,0.0332439787409923,0.0368388753384351,7,4,0.0316470902505948,0.0332937993459567,0.0265574705840056,48,24,0.0335410401671616,0.0373910226621765,0.0372164977041547,154,55,PO0180130U0006,523765.0,5000850.0,GWB ISS MPTLS,BELGIOIOSO,,Mid,318.8790106348493,3,39.27314405544838,375.7442874694464,3,38.77048052320218,157.45691383941707,3,39.27314405544838,20.14773148768194,2,48.22036799942531,18.494217693387775,2,48.22036799942531,21.73460495024144,2,48.22036799942531,,212.49483434747182,14.359753577923907,2015.0,-5.0
PO0180130U0006,2011,BELGIOIOSO,,,,,,,,0.0179372617576047,0.0121299871995976,0.0083586515388257,9,4,0.0225291403746245,0.0166379362048695,0.0114763972085105,52,24,0.0181915155022856,0.0189044929282945,0.0188157797208788,162,55,PO0180130U0006,523765.0,5000850.0,GWB ISS MPTLS,BELGIOIOSO,,Mid,167.73298759576917,3,39.76064588258093,179.91794417286374,3,39.76064588258093,129.19952203391188,3,39.76064588258093,,1,33.3562417697198,,1,33.3562417697198,,1,12.433886761588267,,54.34132033105099,,2015.0,-4.0
PO0180130U0006,2012,BELGIOIOSO,,,,,,,,0.0210640249019932,0.0224869343607376,0.0244990833181266,7,4,0.0207893504910474,0.0159940749429591,0.0067677785128277,46,24,0.0126262408781772,0.012072086401577,0.0105620140333441,145,55,PO0180130U0006,523765.0,5000850.0,GWB ISS MPTLS,BELGIOIOSO,,Low,195.60167629557637,3,33.3562417697198,303.0722012579186,3,33.3562417697198,124.40982214152746,3,33.3562417697198,22.91111411079414,3,33.3562417697198,20.892942438309007,3,33.3562417697198,24.53543065437246,3,33.3562417697198,,178.66237911639124,15.376654679595626,2015.0,-3.0
PO0180130U0006,2013,BELGIOIOSO,,,,,,,,0.0181619499344378,0.021254158373146,0.0293559932227556,8,4,0.0497936113736697,0.0489018711307773,0.0494836512532654,47,24,0.0615922723219185,0.0634219998954561,0.0669616458746057,135,55,PO0180130U0006,523765.0,5000850.0,GWB ISS MPTLS,BELGIOIOSO,,High,227.65178307094143,3,39.27314405544838,326.8969251843721,3,39.27314405544838,85.05248700252064,3,33.3562417697198,21.733509879302677,3,38.77048052320218,20.085241913628916,3,38.77048052320218,23.597950350960463,3,38.77048052320218,,239.62927065601957,14.807225588921257,2015.0,-2.0
PO0180130U0006,2014,BELGIOIOSO,,,,,,,,0.0235687732186523,0.0269488362228554,0.0264701366929026,7,4,0.0251385517582316,0.0264573186091809,0.0217388746681131,49,24,0.0226204548139941,0.02915535802082,0.0373743803937439,159,55,PO0180130U0006,523765.0,5000850.0,GWB ISS MPTLS,BELGIOIOSO,,Mid,358.06281933280025,3,39.76064588258093,461.92776908429965,3,39.76064588258093,320.1399335744419,3,39.76064588258093,21.429908362112062,3,17.973714947110963,20.136256168936548,3,17.973714947110963,22.54487854467134,3,17.973714947110963,,138.2536075052479,16.517472367234404,2015.0,-1.0
PO0180130U0006,2015,BELGIOIOSO,,,,,,,,0.0,0.0,0.0,7,4,0.0077736960147463,0.0068590039618969,0.0008167399028833,49,24,0.0125380354796819,0.0114745642869186,0.0070357352281765,145,55,PO0180130U0006,523765.0,5000850.0,GWB ISS MPTLS,BELGIOIOSO,,Low,159.49531916956306,3,33.3562417697198,204.88289000581813,3,33.3562417697198,124.81188948096587,3,33.3562417697198,23.5978267081062,3,17.973714947110963,21.75604666519787,3,17.973714947110963,25.03629612986914,3,17.973714947110963,,80.0710005248523,16.739777346275158,2015.0,0.0
PO0180130U0006,2016,BELGIOIOSO,,,,,,,,0.0009578768105711,0.001140489912359,0.0008575981366448,8,4,0.0072915374630456,0.0065112176442895,0.0033993841608915,51,24,0.0095377699433585,0.011404550508397,0.0103606011552355,153,55,PO0180130U0006,523765.0,5000850.0,GWB ISS MPTLS,BELGIOIOSO,,Low,241.7162566782118,3,33.3562417697198,253.91154912560748,3,33.3562417697198,158.27757190997988,3,33.3562417697198,22.06065046183941,3,17.973714947110963,20.66619484944072,3,17.973714947110963,23.68414928077849,3,17.973714947110963,,95.63397721562755,16.11452587102964,2015.0,1.0
PO0180130U0006,2017,BELGIOIOSO,,,,,,,,0.0026164520394862,0.0032577237143414,0.0050667890396046,8,4,0.0068944488904494,0.0078532920304357,0.0027715024078335,46,24,0.0097879537123357,0.012190114011907,0.0142015997996019,135,55,PO0180130U0006,523765.0,5000850.0,GWB ISS MPTLS,BELGIOIOSO,,Low,117.38408704479428,3,33.3562417697198,174.46140901148593,3,33.3562417697198,56.03053714088702,3,33.3562417697198,23.841253294333285,3,17.973714947110963,22.133104528946077,3,17.973714947110963,25.31697598342537,3,17.973714947110963,,118.43087187059888,17.33120004022319,2015.0,2.0
PO0180130U0006,2018,BELGIOIOSO,,,,,,,,0.0010128264470646,0.0021703423865671,0.0,6,4,0.0121406163396433,0.0100687282860249,0.0040804063469598,39,24,0.0142426521364517,0.0170342215377212,0.0156029541238526,102,55,PO0180130U0006,523765.0,5000850.0,GWB ISS MPTLS,BELGIOIOSO,,Low,305.1142334697544,3,17.973714947110963,405.0869684610004,3,17.973714947110963,157.41762017808418,3,17.973714947110963,23.060617056661105,3,14.315256930981016,21.57165578976945,3,14.315256930981016,24.579277045703417,3,14.315256930981016,,247.66934828291616,17.094936018508204,2015.0,3.0
PO0180130U0006,2019,BELGIOIOSO,,,,,,,,0.0045415428932756,0.0061555435531772,0.0035864721867255,5,4,0.0145181248254474,0.0147398195449006,0.0075194039072205,41,24,0.0179473923239958,0.0221853467672287,0.0186952534858331,120,55,PO0180130U0006,523765.0,5000850.0,GWB ISS MPTLS,BELGIOIOSO,,Mid,193.72375101051315,3,17.973714947110963,258.8389959739848,3,17.973714947110963,65.83429162953564,3,17.973714947110963,22.55193780243706,3,14.315256930981016,20.7152714214609,3,14.315256930981016,25.095797122449504,3,14.315256930981016,,193.00470434444918,14.161139715897455,2015.0,4.0
PO0180130U0006,2020,BELGIOIOSO,,,,,,,,0.0,0.0,0.0,11,4,0.000590604897345,0.0006911554873594,0.0003911623401412,51,24,0.0002860620410872,0.0002990827098287,0.0002548318719632,170,55,PO0180130U0006,523765.0,5000850.0,GWB ISS MPTLS,BELGIOIOSO,,Low,251.64264306397175,3,17.973714947110963,269.3747276600575,3,17.973714947110963,202.18549154899017,3,17.973714947110963,22.56750849151833,3,14.315256930981016,21.027016284404425,3,14.315256930981016,23.715365917587008,3,14.315256930981016,,67.18923611106734,16.88556169359675,2015.0,5.0
PO0180130U0006,2021,BELGIOIOSO,,,,,,,,3.464958717813725e-05,4.495081579866454e-05,6.92991743562745e-05,8,4,0.0043391998423127,0.0020207898557272,3.641093159482509e-05,48,24,0.0016498872506535,0.00094141087139,0.0001541277787041,154,55,PO0180130U0006,523765.0,5000850.0,GWB ISS MPTLS,BELGIOIOSO,,Low,110.44147155791649,3,17.973714947110963,169.8140006376281,3,17.973714947110963,59.08465426510708,3,17.973714947110963,22.39978592142796,3,14.315256930981016,20.359423465787312,3,14.315256930981016,24.2481233693357,3,14.315256930981016,,110.72934637252104,14.49449902109138,2015.0,6.0
PO018043NUP001,2008,CERANOVA,,,,,,,,0.0081741721369326,0.0129302304826284,0.0326966885477304,8,2,0.0299686297579464,0.0385258564960525,0.0618290061907222,47,15,0.0387852721298538,0.0481034877730522,0.0624826454178892,208,82,PO018043NUP001,518426.612333,5011543.40033,GWB ISS MPTLS,CERANOVA,,Mid,172.7392122077577,3,29.378697870922405,269.4556683620405,3,29.378697870922405,103.88365695722707,3,29.378697870922405,21.564797598726955,3,41.93990283464804,19.780909330724963,3,41.93990283464804,22.82955993341861,3,41.93990283464804,,165.57201140481342,15.298613354229891,2015.0,-7.0
PO018043NUP001,2009,CERANOVA,,,,,,,,0.0153549895590792,0.0192917102778499,0.0386385404660055,10,2,0.0208422544331932,0.0286884317516419,0.0391838633461803,56,15,0.0273236062598197,0.0341655360816156,0.0482950280427994,258,82,PO018043NUP001,518426.612333,5011543.40033,GWB ISS MPTLS,CERANOVA,,Mid,77.08044736763819,3,29.378697870922405,181.6675737520601,3,29.378697870922405,66.75375701996278,3,29.378697870922405,22.53369132076257,3,41.93990283464804,20.81696647310353,3,41.93990283464804,23.370988686097444,3,41.93990283464804,,114.91381673209733,17.230922345760618,2015.0,-6.0
PO018043NUP001,2010,CERANOVA,,,,,,,,0.0,0.0,0.0,9,2,0.0164993521914314,0.016365165739847,0.0117647393421632,61,15,0.0168485417185579,0.0187549645053932,0.0213933145137731,278,82,PO018043NUP001,518426.612333,5011543.40033,GWB ISS MPTLS,CERANOVA,,Mid,319.3306697903962,3,30.36015948546416,376.0288986535759,3,29.378697870922405,158.1259297268875,3,30.36015948546416,20.161566983666976,2,41.93990283464804,18.51335417739743,2,41.93990283464804,21.738882503652743,2,41.93990283464804,,211.81953954990217,14.502451308410748,2015.0,-5.0
PO018043NUP001,2011,CERANOVA,,,,,,,,0.0019180263007809,0.0021230334491837,0.00448704585433,12,2,0.0051279522644384,0.0063152205756133,0.0149330961793505,66,15,0.0070423614064387,0.0077492393452493,0.0104639631912076,278,82,PO018043NUP001,518426.612333,5011543.40033,GWB ISS MPTLS,CERANOVA,,Low,169.1305037630342,3,37.28541322593615,181.3988504878241,3,37.28541322593615,129.6385175184427,3,37.28541322593615,,1,34.8866777717917,,1,34.8866777717917,,1,10.963848394876107,,54.94632843490463,,2015.0,-4.0
PO018043NUP001,2012,CERANOVA,,,,,,,,0.0027432466095144,0.0039704885137708,0.0069750964641571,11,2,0.007830532267844,0.0110737133568048,0.0156150994544279,66,15,0.0118029481445743,0.013932064119752,0.0163628066392455,261,82,PO018043NUP001,518426.612333,5011543.40033,GWB ISS MPTLS,CERANOVA,,Low,203.0588268651447,3,30.36015948546416,325.405568231649,3,30.36015948546416,119.27476823812124,3,30.36015948546416,22.825717210932204,3,29.378697870922405,20.805459715966304,3,29.378697870922405,24.433609271862984,3,29.378697870922405,,206.13079999352777,15.333496451335241,2015.0,-3.0
PO018043NUP001,2013,CERANOVA,,,,,,,,0.0253711901644816,0.0277076536249996,0.0416418593376875,11,2,0.0616524042490022,0.0725053108882227,0.0886534959993635,60,15,0.0495559896771306,0.0522825761449424,0.0582513719824167,236,82,PO018043NUP001,518426.612333,5011543.40033,GWB ISS MPTLS,CERANOVA,,High,281.61080108177816,3,30.36015948546416,396.4311085750187,3,30.36015948546416,124.88575371850732,3,30.36015948546416,21.771227001656285,3,29.378697870922405,20.0971854734772,3,29.378697870922405,23.63993492936168,3,29.378697870922405,,271.5453548565114,14.754022359684214,2015.0,-2.0
PO018043NUP001,2014,CERANOVA,,,,,,,,0.0033552837371826,0.0076256448572332,0.0,10,2,0.0146802980607996,0.0250855815253229,0.0377266971083979,66,15,0.0183390579146488,0.0261287859605438,0.039964373638154,268,82,PO018043NUP001,518426.612333,5011543.40033,GWB ISS MPTLS,CERANOVA,,Mid,415.4065595189408,3,37.28541322593615,514.6788478265591,3,37.28541322593615,366.38873936825934,3,37.28541322593615,21.37475612547077,3,10.963848394876107,20.084958167976502,3,10.963848394876107,22.47195974641645,3,10.963848394876107,,147.16974270316283,16.520237309581294,2015.0,-1.0
PO018043NUP001,2015,CERANOVA,,,,,,,,0.0006055822363123,0.0004509502054693,0.0,5,2,0.0004103463630076,0.0005002518690039,0.0003298382636987,51,15,0.0034323243389728,0.0035076167866606,0.0034045446534103,241,82,PO018043NUP001,518426.612333,5011543.40033,GWB ISS MPTLS,CERANOVA,,Low,196.24386341968832,3,34.8866777717917,242.9574376860504,3,34.8866777717917,150.7836828941187,3,34.8866777717917,23.695531326709816,3,10.963848394876107,21.8263564851247,3,10.963848394876107,25.10541393494241,3,10.963848394876107,,92.1737547919317,16.705315000256856,2015.0,0.0
PO018043NUP001,2016,CERANOVA,2.2,2.1500000000000004,2.0,2.1,2.0,1.9,2.0,0.0,0.0,0.0,7,2,0.0029525211382443,0.0036318574294132,0.0078776338784438,61,15,0.0035974672678172,0.004316437526109,0.0065943096368053,273,82,PO018043NUP001,518426.612333,5011543.40033,GWB ISS MPTLS,CERANOVA,-0.1,Low,320.324102654062,3,34.8866777717917,332.891766299423,3,34.8866777717917,215.67331997994623,3,34.8866777717917,22.005231674457903,3,10.963848394876107,20.60673498070441,3,10.963848394876107,23.59890402851209,3,10.963848394876107,-0.15000000000000036,117.21844631947671,16.093955433191173,2015.0,1.0
PO018043NUP001,2017,CERANOVA,2.3,2.29,2.05,,2.1,2.05,2.05,0.0017734219852302,0.0021613254502881,0.0036945422179996,7,2,0.0057520077663633,0.0088735257166769,0.0090619543954057,52,15,0.0079801301923435,0.0103422994848846,0.0132519829765427,244,82,PO018043NUP001,518426.612333,5011543.40033,GWB ISS MPTLS,CERANOVA,,Low,118.9501167390226,3,34.8866777717917,183.65012581099552,3,34.8866777717917,62.31314644988444,3,34.8866777717917,23.708099609421424,3,10.963848394876107,21.99497825153697,3,10.963848394876107,25.170641123130515,3,10.963848394876107,-0.2400000000000002,121.33697936111108,17.205453920608996,2015.0,2.0
PO018043NUP001,2018,CERANOVA,2.3,2.16,2.0,,2.02,2.0,1.98,0.0086838467783915,0.0130257701675873,0.0173676935567831,4,2,0.0187295777698157,0.0222717842056105,0.0160700496130933,31,15,0.0128623325991745,0.0155815584267601,0.0150866421259558,172,82,PO018043NUP001,518426.612333,5011543.40033,GWB ISS MPTLS,CERANOVA,,Low,365.6810619741433,3,23.640825653160977,484.746278538658,3,23.640825653160977,210.69879954940453,3,23.640825653160977,23.23572121773513,3,10.963848394876107,21.72954402318215,3,10.963848394876107,24.675263357046493,3,10.963848394876107,-0.16000000000000014,274.0474789892536,17.33524107780787,2015.0,3.0
PO018043NUP001,2019,CERANOVA,2.3,2.4,2.06,,2.42,2.05,2.06,2.2641700019853e-05,3.135004618133492e-05,6.7925100059559e-05,6,2,0.0109811460017751,0.0134917967941028,0.0160295957206593,37,15,0.0117472611345382,0.015593147924137,0.017719580819486,202,82,PO018043NUP001,518426.612333,5011543.40033,GWB ISS MPTLS,CERANOVA,,Low,229.48882192847165,3,23.640825653160977,298.44714962528815,3,23.640825653160977,95.99639897435704,3,23.640825653160977,22.946976777507743,3,10.963848394876107,21.10734252078617,3,10.963848394876107,25.4495723347148,3,10.963848394876107,-0.33999999999999986,202.4507506509311,14.602828870273425,2015.0,4.0
PO018043NUP001,2020,CERANOVA,,,2.05,,2.2,,1.9,0.0026924080614532,0.0028566677609215,0.0030451668426394,7,2,0.0009155465979536,0.0013941620518428,0.0020795406597769,61,15,0.0013785393244944,0.0017291367031536,0.0024164655048265,270,82,PO018043NUP001,518426.612333,5011543.40033,GWB ISS MPTLS,CERANOVA,,Low,270.0459836577803,3,23.640825653160977,288.71481075404967,3,23.640825653160977,198.03629274184152,3,23.640825653160977,23.178244348512717,3,10.963848394876107,21.55403400550248,3,10.963848394876107,24.289109995665623,3,10.963848394876107,,90.67851801220813,17.429001364600687,2015.0,5.0
PO018043NUP001,2021,CERANOVA,2.2,2.245,2.245,2.25,2.25,2.24,,7.375481425586973e-05,0.0001622605913629,0.0004056514784072,11,2,0.0019333362495476,0.002125347427879,0.0023988297912809,62,15,0.0015647806702205,0.0018115558122666,0.0013690348778772,266,82,PO018043NUP001,518426.612333,5011543.40033,GWB ISS MPTLS,CERANOVA,,Low,129.84799039436882,3,16.718368031422152,195.268432039227,3,16.718368031422152,72.88167051120104,3,16.718368031422152,23.23992703734312,3,10.963848394876107,21.16986331633976,3,10.963848394876107,25.05951712841975,3,10.963848394876107,0.0,122.38676152802597,15.303500189924042,2015.0,6.0
PO0181150U0006,2008,PINAROLO PO,,,,,,,,,,,0,0,,,,0,0,0.0835268133133649,0.068086293441328,,5,0,PO0181150U0006,512380.0,4989928.0,GWB ISS MPOP,PINAROLO PO,,High,175.60629935181092,3,28.963028329233808,266.74593349681794,3,28.963028329233808,101.48639117337818,3,28.963028329233808,21.47373249324633,3,41.31324452279196,19.58346159607115,3,41.31324452279196,22.81431068145184,3,41.31324452279196,,162.26147816274272,14.962435200582012,,
PO0181150U0006,2009,PINAROLO PO,5.79,,5.95,,,5.86,6.04,,,,0,0,,,,0,0,0.0469952155392438,0.0426448697552961,,7,0,PO0181150U0006,512380.0,4989928.0,GWB ISS MPOP,PINAROLO PO,,Mid,66.18513660614009,3,19.30742468585596,186.57827470226457,3,19.30742468585596,58.050365903001165,3,19.30742468585596,22.271959147262443,3,41.31324452279196,20.57710871341878,3,41.31324452279196,23.154330470019048,3,41.31324452279196,,128.5279087992634,16.875769455412048,,
PO0181150U0006,2010,PINAROLO PO,,,,,,,,,,,0,0,,,,0,0,0.040973351874317,0.0481046423848186,,13,0,PO0181150U0006,512380.0,4989928.0,GWB ISS MPOP,PINAROLO PO,,Mid,299.3262169547087,3,37.445563061596495,364.1885377285767,3,28.963028329233808,146.46613050361205,3,37.445563061596495,20.12431650107618,2,41.31324452279196,18.46183139388308,2,41.31324452279196,21.727365682784797,2,41.31324452279196,,207.45813216806556,14.167426079577263,,
PO0181150U0006,2011,PINAROLO PO,3.4,3.505,4.54,3.88,4.54,,,,,,0,0,0.0,0.0,,1,0,0.0291403392127163,0.0279215311448118,,18,0,PO0181150U0006,512380.0,4989928.0,GWB ISS MPOP,PINAROLO PO,,Mid,165.13337172664748,3,37.445563061596495,176.50293407801033,3,37.445563061596495,128.8719989812901,3,37.445563061596495,,1,19.30742468585596,,1,19.30742468585596,,1,13.12600674234171,1.0350000000000001,46.83288211586346,,,
PO0181150U0006,2012,PINAROLO PO,,4.5,5.7,5.3,5.45,5.7,6.05,,,,0,0,,,,0,0,0.0271257591162187,0.03228838295382,,12,0,PO0181150U0006,512380.0,4989928.0,GWB ISS MPOP,PINAROLO PO,0.75,Mid,171.38655487876215,3,28.963028329233808,266.656126914155,3,28.963028329233808,110.2492196469399,3,28.963028329233808,22.911056303946022,3,28.963028329233808,20.88418297971508,3,28.963028329233808,24.516751707512604,3,28.963028329233808,1.2000000000000002,156.40690726721505,15.332318597395325,,
PO0181150U0006,2013,PINAROLO PO,5.4,2.95,3.45,2.9,3.45,7.58,3.38,,,,0,0,,,,0,0,0.0407782519116263,0.0420874058435271,,11,0,PO0181150U0006,512380.0,4989928.0,GWB ISS MPOP,PINAROLO PO,0.48,Mid,211.4192005757629,3,29.92194759703987,306.3801898479722,3,29.92194759703987,53.71470099795456,3,28.963028329233808,21.656269428958865,3,29.92194759703987,20.024177684242268,3,29.92194759703987,23.500716638490708,3,29.92194759703987,0.5,230.57818641583413,14.778657764437288,,
PO0181150U0006,2014,PINAROLO PO,3.5,2.75,4.53,2.9,6.3,4.28,4.53,,,,0,0,0.0671844721771777,0.0671844721771777,,1,0,0.0638743324651538,0.0780530595220626,,16,0,PO0181150U0006,512380.0,4989928.0,GWB ISS MPOP,PINAROLO PO,1.6300000000000003,High,329.3098033544584,3,29.92194759703987,433.3010749797796,3,29.92194759703987,296.3776145912017,3,29.92194759703987,21.18622605599233,3,19.30742468585596,19.89777390786193,3,19.30742468585596,22.33157184924617,3,19.30742468585596,1.7800000000000002,118.98654658728987,16.227127832331607,,
PO0181150U0006,2015,PINAROLO PO,3.2,3.92,5.11,4.2,4.67,5.11,5.4,,,,0,0,,,,0,0,0.0383767773397267,0.040240908798296,,17,0,PO0181150U0006,512380.0,4989928.0,GWB ISS MPOP,PINAROLO PO,1.2000000000000002,Mid,128.90669075798678,3,28.963028329233808,164.0972452412359,3,28.963028329233808,104.87281193574744,3,28.963028329233808,23.480684919405192,3,19.30742468585596,21.65728814559998,3,19.30742468585596,24.936444505133217,3,19.30742468585596,1.1900000000000004,59.224433305488446,16.65961399130232,,
PO0181150U0006,2016,PINAROLO PO,5.77,5.53,6.0,5.62,5.74,6.0,6.18,,,,0,0,0.002022580942139,0.002022580942139,,1,0,0.039997174434236,0.0469262693542987,,17,0,PO0181150U0006,512380.0,4989928.0,GWB ISS MPOP,PINAROLO PO,0.5599999999999996,Mid,186.01759365321425,3,28.963028329233808,196.80069490162072,3,28.963028329233808,114.43240228730636,3,28.963028329233808,21.93972170536756,3,19.30742468585596,20.55126172558637,3,19.30742468585596,23.578310479951245,3,19.30742468585596,0.46999999999999975,82.36829261431434,15.985876719003278,,
PO0181150U0006,2017,PINAROLO PO,6.44,6.46,6.76,6.46,6.62,6.76,6.87,,,,0,0,,,,0,0,0.063545241767504,0.0919904543860058,,17,0,PO0181150U0006,512380.0,4989928.0,GWB ISS MPOP,PINAROLO PO,0.4100000000000001,High,132.76042147459322,3,28.963028329233808,180.92964472261684,3,28.963028329233808,62.47948614399161,3,28.963028329233808,23.606532099639715,3,19.30742468585596,21.879385875296407,3,19.30742468585596,25.137366278288773,3,19.30742468585596,0.2999999999999998,118.45015857862525,16.98914993827385,,
PO0181150U0006,2018,PINAROLO PO,7.05,6.779999999999999,6.95,6.71,6.8,6.95,7.02,,,,0,0,0.0102970944717526,0.0102970944717526,,1,0,0.0212476878682626,0.0189167254001778,,17,0,PO0181150U0006,512380.0,4989928.0,GWB ISS MPOP,PINAROLO PO,0.3099999999999996,Mid,246.5093201427852,3,19.30742468585596,318.49555684922194,3,19.30742468585596,126.61072955573276,3,19.30742468585596,22.94789980475339,3,14.672387263155237,21.42133588841532,3,14.672387263155237,24.517041477406945,3,14.672387263155237,0.17000000000000082,191.88482729348917,16.7687217169199,,
PO0181150U0006,2019,PINAROLO PO,6.96,,7.17,,6.91,7.17,7.27,,,,0,0,,,,0,0,0.0295789816766045,0.0440195564700003,,12,0,PO0181150U0006,512380.0,4989928.0,GWB ISS MPOP,PINAROLO PO,,Mid,170.4977190771055,3,19.30742468585596,233.8304968112312,3,19.30742468585596,52.58366398803365,3,19.30742468585596,22.34803413659497,3,14.672387263155237,20.461913912358423,3,14.672387263155237,24.93749966144185,3,14.672387263155237,,181.2468328231975,13.827354138054249,,
PO0181150U0006,2020,PINAROLO PO,5.42,,5.98,,5.8,5.98,6.16,,,,0,0,0.0017826851690188,0.0017826851690188,,1,0,0.0168256031252288,0.0154593086993807,,20,0,PO0181150U0006,512380.0,4989928.0,GWB ISS MPOP,PINAROLO PO,,Mid,246.3157031101189,3,19.30742468585596,268.1488703567675,3,19.30742468585596,219.10024174754872,3,19.30742468585596,22.355568425946537,3,14.672387263155237,20.92822426420625,3,14.672387263155237,23.496723912312667,3,14.672387263155237,,49.04862860921876,16.800606278710276,,
PO0181150U0006,2021,PINAROLO PO,4.87,,5.94,,5.53,5.94,6.15,,,,0,0,0.0,0.0,,1,0,0.0094221713734,0.0136847891119103,,22,0,PO0181150U0006,512380.0,4989928.0,GWB ISS MPOP,PINAROLO PO,,Low,95.60695434313882,3,19.30742468585596,146.99032887544757,3,19.30742468585596,49.85429097435185,3,19.30742468585596,22.15403786064352,3,14.672387263155237,20.076661203113325,3,14.672387263155237,24.06428552777064,3,14.672387263155237,,102.85268727566267,14.062539270843281,,
PO0181140U0002,2008,PIEVE PORTO MORONE,4.31,4.529999999999999,4.05,4.56,4.5,4.05,3.77,0.0048231240361928,0.0079822842445638,,6,0,0.033470436288224,0.0429352018572745,0.0565396962586048,28,9,0.048212958003771,0.069689958018063,0.0774131962379518,48,10,PO0181140U0002,534746.0,4995245.0,GWB ISS BPPO,PIEVE PORTO MORONE,-0.7899999999999996,Mid,166.36937090767628,2,24.491869875532167,258.4148650725363,2,24.491869875532167,96.35360347284752,2,24.491869875532167,,1,42.24173274144895,,1,42.24173274144895,,1,42.24173274144895,-0.47999999999999954,161.85669049420105,,2015.0,-7.0
PO0181140U0002,2009,PIEVE PORTO MORONE,2.85,2.75,3.1,2.66,2.16,3.1,3.22,0.0035217865409901,0.0038416057641077,,11,0,0.0106751420068699,0.0148110763098388,0.0276140784189381,37,9,0.0144540463900886,0.0183886301078448,0.0338108588351557,70,10,PO0181140U0002,534746.0,4995245.0,GWB ISS BPPO,PIEVE PORTO MORONE,0.56,Low,69.27839279890401,3,42.24173274144895,181.28044186297063,3,42.24173274144895,60.440487844566015,3,42.24173274144895,,1,42.24173274144895,,1,42.24173274144895,,1,42.24173274144895,0.3500000000000001,120.83995401840465,,2015.0,-6.0
PO0181140U0002,2010,PIEVE PORTO MORONE,3.22,3.35,3.35,3.3,3.48,2.4,3.35,0.0006259003857849,0.0011127117969509,,8,0,0.0080250591985532,0.0100602716502743,0.0180970491440449,32,9,0.018794869989991,0.0219580008508766,0.0347673390631098,66,10,PO0181140U0002,534746.0,4995245.0,GWB ISS BPPO,PIEVE PORTO MORONE,0.0500000000000002,Mid,,1,24.491869875532167,370.8675678906121,2,24.491869875532167,,1,24.491869875532167,,1,42.24173274144895,,1,42.24173274144895,,1,42.24173274144895,0.0,211.57297352676346,,2015.0,-5.0
PO0181140U0002,2011,PIEVE PORTO MORONE,2.675,3.175,3.35,3.3,3.4,3.35,3.2,0.0002440370718073,0.0003221289347857,,11,0,0.0030998308069515,0.0037479141707333,0.0047772674464391,36,9,0.0136871403796473,0.0144562265036462,0.0138642816576248,81,10,PO0181140U0002,534746.0,4995245.0,GWB ISS BPPO,PIEVE PORTO MORONE,-0.0999999999999996,Low,,1,24.491869875532167,,1,24.491869875532167,,1,24.491869875532167,,1,42.24173274144895,,1,42.24173274144895,,1,24.491869875532167,0.17500000000000027,52.400000000000006,,2015.0,-4.0
PO0181140U0002,2012,PIEVE PORTO MORONE,4.05,4.32,4.4,4.34,4.4,4.4,4.15,0.0016153852037354,0.0025840901108932,,9,0,0.003803834045774,0.0026245450286614,0.0016683285353118,34,9,0.0145492138330228,0.0113740869662641,0.0015856852479434,66,10,PO0181140U0002,534746.0,4995245.0,GWB ISS BPPO,PIEVE PORTO MORONE,-0.1899999999999995,Low,189.67687494639324,3,42.24173274144895,299.8995329512453,3,42.24173274144895,116.28802824754504,3,42.24173274144895,22.931851283806346,3,42.24173274144895,20.89683032917778,3,42.24173274144895,24.54556102011877,3,42.24173274144895,0.08000000000000007,183.6115047037002,15.35253117620702,2015.0,-3.0
PO0181140U0002,2013,PIEVE PORTO MORONE,3.8,3.275,2.96,3.25,2.8,3.15,2.96,0.0048486779916048,0.0046663642331788,,3,0,0.0245495096584255,0.0275256998541478,0.0260003158917512,28,9,0.0432805183468883,0.0469894791879066,0.033307437551363,59,10,PO0181140U0002,534746.0,4995245.0,GWB ISS BPPO,PIEVE PORTO MORONE,-0.29,Mid,251.24820457098488,2,27.131474139825137,357.2042637889015,2,27.131474139825137,92.21932638629222,3,42.24173274144895,21.769834469152407,2,27.131474139825137,20.11186275671235,2,27.131474139825137,23.63579134740252,2,27.131474139825137,-0.31499999999999995,253.83052058921214,14.789957971180453,2015.0,-2.0
PO0181140U0002,2014,PIEVE PORTO MORONE,2.1,2.59,3.2,,3.26,3.14,3.2,0.0091920635216714,0.0121016980741511,,8,0,0.0131739964767634,0.0154108135148557,0.0118527784564152,36,9,0.020812680221943,0.0206889457822477,0.0114018546696752,80,10,PO0181140U0002,534746.0,4995245.0,GWB ISS BPPO,PIEVE PORTO MORONE,,Mid,382.8442099544319,2,27.131474139825137,486.2397889589887,2,27.131474139825137,340.5251682327179,2,27.131474139825137,21.39220263328752,3,27.131474139825137,20.1009034533666,3,27.131474139825137,22.50346684920906,3,27.131474139825137,0.6100000000000003,135.35085266196126,16.4991784871334,2015.0,-1.0
PO0181140U0002,2015,PIEVE PORTO MORONE,2.55,2.91,3.325,3.02,3.25,3.4,,0.0007511775987222,0.0013728287462568,,10,0,0.0026365832414012,0.0025828257134622,0.0006187051534652,40,9,0.0134188603904262,0.012053146643383,0.0005568346381187,68,10,PO0181140U0002,534746.0,4995245.0,GWB ISS BPPO,PIEVE PORTO MORONE,,Low,165.63794102963976,3,42.24173274144895,207.59300223669584,3,42.24173274144895,129.5513668610397,3,42.24173274144895,23.627279750064403,3,27.131474139825137,21.776090826534624,3,27.131474139825137,25.05643346937812,3,27.131474139825137,0.41500000000000004,78.04163537565613,16.72033688650619,2015.0,0.0
PO0181140U0002,2016,PIEVE PORTO MORONE,4.05,4.06,,4.06,,,,0.0008888641896191,0.0008204900211869,,6,0,0.0021467530710688,0.0019250945237019,0.0026047311585258,33,9,0.004981770917691,0.006091131197975,0.0027310765100022,68,10,PO0181140U0002,534746.0,4995245.0,GWB ISS BPPO,PIEVE PORTO MORONE,,Low,263.14474630086755,3,42.24173274144895,274.9765907212998,3,42.24173274144895,173.0776037509953,3,42.24173274144895,22.03438732041078,3,27.131474139825137,20.63883992037386,3,27.131474139825137,23.646924076634384,3,27.131474139825137,,101.89898697030445,16.102057258472737,2015.0,1.0
PO0181140U0002,2017,PIEVE PORTO MORONE,4.54,4.365,4.2,4.48,4.1,4.2,4.35,0.0021095088316576,0.0028329199319705,,9,0,0.0024768121856299,0.0034653451787843,0.0032844643746675,42,9,0.0047157362274447,0.007053908563998,0.0034042959411938,72,10,PO0181140U0002,534746.0,4995245.0,GWB ISS BPPO,PIEVE PORTO MORONE,-0.1300000000000007,Low,120.09634625824322,3,42.24173274144895,178.20865910129842,3,42.24173274144895,57.67375138729289,3,42.24173274144895,23.760324502417543,3,27.131474139825137,22.05071759138448,3,27.131474139825137,25.234375737037485,3,27.131474139825137,-0.16500000000000004,120.53490771400556,17.24913481433404,2015.0,2.0
PO0181140U0002,2018,PIEVE PORTO MORONE,4.4,4.1850000000000005,4.0,4.17,4.15,3.95,4.0,0.0,0.0,,9,0,0.0015810171329398,0.0025480545746783,0.00303984163329,34,9,0.0068652136294792,0.0083169940044172,0.002735857469961,50,10,PO0181140U0002,534746.0,4995245.0,GWB ISS BPPO,PIEVE PORTO MORONE,-0.1699999999999999,Low,295.2517707338678,3,27.131474139825137,388.02389240699375,3,27.131474139825137,156.16631569887986,3,27.131474139825137,23.015470360484382,3,24.491869875532167,21.51149241308173,3,24.491869875532167,24.554096059349693,3,24.491869875532167,-0.1850000000000005,231.85757670811392,16.964137746954503,2015.0,3.0
PO0181140U0002,2019,PIEVE PORTO MORONE,3.8,4.08,,4.08,,,,0.0043406402731003,0.0049300592250397,,5,0,0.0060076280995793,0.0079453299444022,0.0051144449789447,29,9,0.0189634471777323,0.0197729616548989,0.0060814067091754,47,10,PO0181140U0002,534746.0,4995245.0,GWB ISS BPPO,PIEVE PORTO MORONE,,Mid,194.44233121575968,3,27.131474139825137,260.2273590354008,3,27.131474139825137,67.74165644229737,3,27.131474139825137,22.469971527468715,3,24.491869875532167,20.61345953857565,3,24.491869875532167,25.031846182479157,3,24.491869875532167,,192.4857025931035,14.027362772149143,2015.0,4.0
PO0181140U0002,2020,PIEVE PORTO MORONE,,,3.765,,,3.9,3.63,0.0,0.0,,8,0,1.2401428759359267e-06,1.8831799227175185e-06,0.0,41,9,0.0003147209371093,0.000312816292338,1.8433976219967e-05,77,10,PO0181140U0002,534746.0,4995245.0,GWB ISS BPPO,PIEVE PORTO MORONE,,Low,256.1316660860337,3,27.131474139825137,275.5327401617056,3,27.131474139825137,211.95334751699176,3,27.131474139825137,22.48259989781676,3,24.491869875532167,20.98761771446559,3,24.491869875532167,23.62792900530909,3,24.491869875532167,,63.57939264471388,16.851575145404077,2015.0,5.0
PO0181140U0002,2021,PIEVE PORTO MORONE,3.2,3.745,3.9,3.72,3.8,3.9,3.9,2.603014258460867e-06,4.016079141625338e-06,,9,0,0.0003222869520444,0.000382474142413,0.000700812632675,40,9,0.0011341860257182,0.0015821607186133,0.0006668271273762,81,10,PO0181140U0002,534746.0,4995245.0,GWB ISS BPPO,PIEVE PORTO MORONE,0.1799999999999997,Low,109.17760386835738,3,27.131474139825137,168.3015153300246,3,27.131474139825137,58.15176881274536,3,27.131474139825137,22.30033043055361,3,24.491869875532167,20.24534349667533,3,24.491869875532167,24.173403864744717,3,24.491869875532167,0.1549999999999998,110.14974651727921,14.321055728439534,2015.0,6.0
PO0181220U0001,2008,RIVANAZZANO TERME,,,,,,,,,,,0,0,,,,0,0,,,,0,0,PO0181220U0001,501728.0,4974258.0,GWB ISS MPOP,RIVANAZZANO TERME,,,192.12645082575656,3,32.33511775144788,287.9727034455547,3,32.33511775144788,115.95158363989148,3,32.33511775144788,21.435067029207477,3,46.71442035389072,19.505932559695843,3,46.71442035389072,22.80600131541364,3,46.71442035389072,,166.8603930260129,14.833477398345547,,
PO0181220U0001,2009,RIVANAZZANO TERME,,,,,,,,,,,0,0,,,,0,0,,,,0,0,PO0181220U0001,501728.0,4974258.0,GWB ISS MPOP,RIVANAZZANO TERME,,,60.851274743653406,3,30.38979843631741,187.6849729114004,3,30.38979843631741,55.68801467903214,3,30.38979843631741,22.175556899965372,3,46.71442035389072,20.489389896161715,3,46.71442035389072,23.079161232361056,3,46.71442035389072,,131.99695823236826,16.737629362015035,,
PO0181220U0001,2010,RIVANAZZANO TERME,,,,,,,,,,,0,0,,,,0,0,,,,0,0,PO0181220U0001,501728.0,4974258.0,GWB ISS MPOP,RIVANAZZANO TERME,,,272.1530966774429,3,46.71442035389072,344.54579068330395,3,32.33511775144788,135.7550308211316,3,46.71442035389072,20.113398814410797,2,44.08390278775236,18.446730660485407,2,44.08390278775236,21.72399023546512,2,44.08390278775236,,193.45405319496183,14.053073667504394,,
PO0181220U0001,2011,RIVANAZZANO TERME,,,,,,,,,,,0,0,,,,0,0,,,,0,0,PO0181220U0001,501728.0,4974258.0,GWB ISS MPOP,RIVANAZZANO TERME,,,153.3943781345025,3,44.08390278775236,162.74520622616436,3,44.08390278775236,135.17000976115008,3,44.08390278775236,,1,15.650878697376708,,1,15.650878697376708,,1,30.38979843631741,,43.683775755533546,,,
PO0181220U0001,2012,RIVANAZZANO TERME,,,,,,,,,,,0,0,,,,0,0,,,,0,0,PO0181220U0001,501728.0,4974258.0,GWB ISS MPOP,RIVANAZZANO TERME,,,136.26632300703346,3,30.38979843631741,229.47760483873063,3,30.38979843631741,77.02653587610803,3,30.38979843631741,22.995571612648043,3,30.38979843631741,20.91014396564396,3,30.38979843631741,24.56057181842155,3,30.38979843631741,,152.45106896262266,15.23600833453402,,
PO0181220U0001,2013,RIVANAZZANO TERME,,,,,,,,,,,0,0,,,,0,0,,,,0,0,PO0181220U0001,501728.0,4974258.0,GWB ISS MPOP,RIVANAZZANO TERME,,,207.48121243312457,3,44.08390278775236,299.774196576932,3,44.08390278775236,47.83342475428471,3,30.38979843631741,21.5373387899812,3,46.71442035389072,19.90919986882912,3,46.71442035389072,23.34862338811378,3,46.71442035389072,,229.66232699827495,14.716524438506006,,
PO0181220U0001,2014,RIVANAZZANO TERME,,5.79,,5.79,,,,,,,0,0,,,,0,0,,,,0,0,PO0181220U0001,501728.0,4974258.0,GWB ISS MPOP,RIVANAZZANO TERME,,,299.9587826063204,3,44.08390278775236,393.067050457926,3,44.08390278775236,272.9551201757958,3,44.08390278775236,20.48096742618234,3,30.38979843631741,19.21781394844307,3,30.38979843631741,21.64871703579332,3,30.38979843631741,,95.66013777438368,15.551533882275475,,
PO0181220U0001,2015,RIVANAZZANO TERME,,5.82,5.93,5.82,,5.93,,,,,0,0,,,,0,0,,,,0,0,PO0181220U0001,501728.0,4974258.0,GWB ISS MPOP,RIVANAZZANO TERME,,,121.05123968940364,3,30.38979843631741,138.57069459011595,3,30.38979843631741,101.6052116336776,3,30.38979843631741,23.203801890038395,3,30.38979843631741,21.406553223140023,3,30.38979843631741,24.62240910740964,3,30.38979843631741,0.10999999999999943,36.96548295643834,16.379371101784688,,
PO0181220U0001,2016,RIVANAZZANO TERME,6.1,6.05,6.1,6.05,,,6.1,,,,0,0,,,,0,0,,,,0,0,PO0181220U0001,501728.0,4974258.0,GWB ISS MPOP,RIVANAZZANO TERME,0.0499999999999998,,202.493338876618,3,30.38979843631741,211.14699035179876,3,30.38979843631741,121.83049545540536,3,30.38979843631741,21.471337678062497,3,30.38979843631741,20.11015671912539,3,30.38979843631741,23.07020600509576,3,30.38979843631741,0.04999999999999982,89.31649489639337,15.632416148735375,,
PO0181220U0001,2017,RIVANAZZANO TERME,6.12,6.09,6.19,6.09,,,6.19,,,,0,0,,,,0,0,,,,0,0,PO0181220U0001,501728.0,4974258.0,GWB ISS MPOP,RIVANAZZANO TERME,0.1000000000000005,,150.07165856861923,3,30.38979843631741,194.36020280153605,3,30.38979843631741,69.72970645733749,3,30.38979843631741,22.72029693551804,3,30.38979843631741,20.96899127113061,3,30.38979843631741,24.315233338859795,3,30.38979843631741,0.10000000000000053,124.63049634419856,15.995400133717828,,
PO0181220U0001,2018,RIVANAZZANO TERME,6.22,5.92,7.0,5.92,,7.0,,,,,0,0,,,,0,0,,,,0,0,PO0181220U0001,501728.0,4974258.0,GWB ISS MPOP,RIVANAZZANO TERME,,,244.81305809984568,3,28.466872993007154,313.2844536593676,3,28.466872993007154,158.5764482137845,3,28.466872993007154,22.67248867465943,3,28.466872993007154,21.13922122048183,3,28.466872993007154,24.117402150412097,3,28.466872993007154,1.08,154.7080054455831,16.565465326606994,,
PO0181220U0001,2019,RIVANAZZANO TERME,7.22,,7.015000000000001,,7.09,,6.94,,,,0,0,,,,0,0,,,,0,0,PO0181220U0001,501728.0,4974258.0,GWB ISS MPOP,RIVANAZZANO TERME,,,143.9442254417237,3,27.847262881654995,200.0587837793803,3,27.847262881654995,60.22547095996793,3,27.847262881654995,22.062084553431745,3,27.847262881654995,20.11878477396492,3,27.847262881654995,24.49770801536057,3,27.847262881654995,,139.83331281941236,13.639637264806366,,
PO0181220U0001,2020,RIVANAZZANO TERME,,,6.725,,6.4,,7.05,,,,0,0,,,,0,0,,,,0,0,PO0181220U0001,501728.0,4974258.0,GWB ISS MPOP,RIVANAZZANO TERME,,,218.86717388601045,3,27.847262881654995,249.38504365181404,3,27.847262881654995,158.65713206079067,3,27.847262881654995,22.172282924657,3,27.847262881654995,20.57133337203266,3,27.847262881654995,23.36109461667554,3,27.847262881654995,,90.72791159102336,16.341927739274432,,
PO0181220U0001,2021,RIVANAZZANO TERME,,,6.89,,6.93,,6.85,,,,0,0,,,,0,0,,,,0,0,PO0181220U0001,501728.0,4974258.0,GWB ISS MPOP,RIVANAZZANO TERME,,,79.82782271850692,3,27.847262881654995,105.1468018397537,3,27.847262881654995,46.59077944824112,3,27.847262881654995,21.80241759397345,3,27.847262881654995,19.71980391957977,3,27.847262881654995,23.72090171796621,3,27.847262881654995,,101.60818017042021,13.934776178579634,,
PO0180470U0001,2008,CERVESINA,9.25,9.15,9.52,9.15,,,9.52,,,,0,0,0.140035156852294,0.1361634440753343,0.1334871716176469,8,5,0.0925983579743409,0.1007174311430716,0.1148424029118591,70,34,PO0180470U0001,501288.0,4989873.0,GWB ISS BPPO,CERVESINA,0.3699999999999992,High,188.95645415926475,3,18.76626827581872,283.24329730452905,3,18.76626827581872,112.62766719263044,3,18.76626827581872,21.41054081603605,3,32.189365324591286,19.464657011180822,3,32.189365324591286,22.79843121819772,3,32.189365324591286,0.3699999999999992,165.53978268829968,14.76894774695159,,
PO0180470U0001,2009,CERVESINA,8.18,7.68,8.33,7.68,,,8.33,0.325973302125931,0.325973302125931,,1,0,0.1808939049365343,0.1732620466022918,0.1783628256867328,9,5,0.0844350798262936,0.0897227523018155,0.0966587242838132,87,34,PO0180470U0001,501288.0,4989873.0,GWB ISS BPPO,CERVESINA,0.6500000000000004,High,58.65069753643205,3,18.38365341818649,185.40819066654052,3,18.38365341818649,53.362336908352326,3,18.38365341818649,22.132863957538344,3,32.189365324591286,20.451447718508668,3,32.189365324591286,23.052562351717928,3,32.189365324591286,0.6500000000000004,132.0458537581882,16.66586431770165,,
PO0180470U0001,2010,CERVESINA,7.85,7.3,7.9,7.3,,,7.9,,,,0,0,0.1323861138188038,0.1269121255353092,0.2116993349045513,9,5,0.0591266748400306,0.0644998217337868,0.0863339804106063,91,34,PO0180470U0001,501288.0,4989873.0,GWB ISS BPPO,CERVESINA,0.6000000000000005,High,278.9484903287078,3,31.79530836459996,349.1134193505308,3,18.76626827581872,139.26352488317966,3,31.79530836459996,20.105630959658047,2,32.189365324591286,18.43598659836967,2,32.189365324591286,21.72158862921753,2,32.189365324591286,0.6000000000000005,196.830506140197,14.015499356062625,,
PO0180470U0001,2011,CERVESINA,7.2,7.3,7.8,7.3,,,7.8,0.0881260111927986,0.0881260111927986,,1,0,0.1614277359113718,0.1727650997504085,0.2260607122660926,10,5,0.0440663855874717,0.0495386314684864,0.0679766750765517,97,34,PO0180470U0001,501288.0,4989873.0,GWB ISS BPPO,CERVESINA,0.5,Mid,157.08399444392552,3,31.79530836459996,165.78857325657808,3,31.79530836459996,127.9617303528188,3,31.79530836459996,,1,8.419536151119015,,1,8.419536151119015,,1,16.66603234126227,0.5,45.928255788289434,,,
PO0180470U0001,2012,CERVESINA,7.9,7.8,8.25,7.8,,,8.25,,,,0,0,0.1707830734550953,0.1733480028999158,0.2053797863423826,10,5,0.0625835305518661,0.0660171740118502,0.0876960709285805,87,34,PO0180470U0001,501288.0,4989873.0,GWB ISS BPPO,CERVESINA,0.4500000000000002,High,135.46355475902163,3,18.38365341818649,228.21032377229372,3,18.38365341818649,76.62176617476848,3,18.38365341818649,23.05185171989305,3,18.38365341818649,20.95457546243608,3,18.38365341818649,24.621945711499635,3,18.38365341818649,0.4500000000000002,151.58855759752527,15.24308962444754,,
PO0180470U0001,2013,CERVESINA,8.0,6.95,8.92,6.95,,,8.92,0.257444982727369,0.257444982727369,,1,0,0.114046880020857,0.1149234465710833,0.1229765772260726,10,5,0.0805842156595412,0.0868180861314877,0.0875560977101308,86,34,PO0180470U0001,501288.0,4989873.0,GWB ISS BPPO,CERVESINA,1.97,High,200.0564067915334,3,31.79530836459996,292.86633192881123,3,31.79530836459996,44.902704692020535,3,18.38365341818649,21.554282874584203,3,31.79530836459996,19.92760868527104,3,31.79530836459996,23.37100556797435,3,31.79530836459996,1.9699999999999998,223.65448541729916,14.730417717271855,,
PO0180470U0001,2014,CERVESINA,6.59,6.9,7.53,,,,7.53,0.0908451713621616,0.0908451713621616,,1,0,0.1602721829898654,0.174733840819934,0.1689950416112938,10,5,0.0811376494188525,0.0974884658647359,0.1175742098561065,91,34,PO0180470U0001,501288.0,4989873.0,GWB ISS BPPO,CERVESINA,,High,300.84209681515154,3,32.189365324591286,396.55425849501046,3,32.189365324591286,273.27342514558063,3,32.189365324591286,20.46841712653952,3,18.38365341818649,19.203584745889355,3,18.38365341818649,21.641606864578584,3,18.38365341818649,0.6299999999999999,94.35869114265493,15.526567779997398,,
PO0180470U0001,2015,CERVESINA,6.82,7.33,7.74,7.33,,7.74,,,,,0,0,0.0987103634125864,0.1009341496268683,0.1524812880655131,11,5,0.0473414954451066,0.0525387627227853,0.0646926802432954,93,34,PO0180470U0001,501288.0,4989873.0,GWB ISS BPPO,CERVESINA,,Mid,118.62217978497507,3,18.38365341818649,135.15538931839046,3,18.38365341818649,99.70892593672232,3,18.38365341818649,23.241370042117296,3,18.38365341818649,21.437082642330815,3,18.38365341818649,24.667207649299336,3,18.38365341818649,0.41000000000000014,35.44646338166817,16.38072316216904,,
PO0180470U0001,2016,CERVESINA,7.75,7.82,8.1,7.87,7.91,8.1,8.2,0.0398115727584809,0.0398115727584809,,1,0,0.1041448714250388,0.1115781821740361,0.1754591710617145,12,5,0.0442996114835874,0.0495897567229621,0.0712222562801389,88,34,PO0180470U0001,501288.0,4989873.0,GWB ISS BPPO,CERVESINA,0.3299999999999992,Mid,203.7279528434577,3,18.38365341818649,212.2696109242131,3,18.38365341818649,122.95580265598068,3,18.38365341818649,21.47852238164529,3,18.38365341818649,20.112449367636124,3,18.38365341818649,23.08433080941595,3,18.38365341818649,0.27999999999999936,89.31380826823244,15.620315174220353,,
PO0180470U0001,2017,CERVESINA,8.28,8.31,8.6,8.3,8.46,8.6,8.61,0.0092917690053582,0.0092917690053582,,1,0,0.132764309439032,0.1333338593142296,0.1758949605530747,12,5,0.0659035149408301,0.07788202045258,0.092485542138171,89,34,PO0180470U0001,501288.0,4989873.0,GWB ISS BPPO,CERVESINA,0.3099999999999987,High,146.3044863277097,3,18.38365341818649,190.82379608277972,3,18.38365341818649,65.34690056381407,3,18.38365341818649,22.73889492528074,3,18.38365341818649,20.97638115531883,3,18.38365341818649,24.34934782731446,3,18.38365341818649,0.28999999999999915,125.47689551896566,15.96760706174241,,
PO0180470U0001,2018,CERVESINA,8.85,8.440000000000001,8.6,8.38,8.42,8.6,8.68,0.0277038076892495,0.0277038076892495,,1,0,0.1135862768672976,0.1313733878681281,0.118896147236228,12,5,0.0520886590471011,0.0640830958271823,0.0607971016445434,81,34,PO0180470U0001,501288.0,4989873.0,GWB ISS BPPO,CERVESINA,0.2999999999999989,High,253.6191343207976,3,16.66603234126227,329.9077836280461,3,16.66603234126227,160.01856101480186,3,16.66603234126227,22.77297181475091,3,16.66603234126227,21.223128215085524,3,16.66603234126227,24.2226205566336,3,16.66603234126227,0.15999999999999837,169.88922261324427,16.598682394365493,,
PO0180470U0001,2019,CERVESINA,8.64,,8.83,,8.49,8.83,8.95,,,,0,0,0.1027220409549773,0.1025888985221056,0.1065192284621297,10,5,0.0492081946496588,0.0631369597233374,0.0624481520478701,83,34,PO0180470U0001,501288.0,4989873.0,GWB ISS BPPO,CERVESINA,,High,137.47117777662493,3,16.66603234126227,191.07039278547984,3,16.66603234126227,53.41353229294472,3,16.66603234126227,22.06721871404035,3,16.66603234126227,20.11213354429545,3,16.66603234126227,24.5115824434749,3,16.66603234126227,,137.6568604925351,13.602495683745126,,
PO0180470U0001,2020,CERVESINA,7.56,,8.0,,7.9,8.0,8.12,0.0,0.0,,1,0,0.0667397832886006,0.0802287100257514,0.0846465736394749,12,5,0.0229748645538263,0.0276848314899621,0.0261350340756597,103,34,PO0180470U0001,501288.0,4989873.0,GWB ISS BPPO,CERVESINA,,Mid,201.0892000284623,3,16.66603234126227,228.9609680868559,3,16.66603234126227,141.046028361806,3,16.66603234126227,22.25712535813076,3,16.66603234126227,20.61488283598049,3,16.66603234126227,23.48569910244456,3,16.66603234126227,,87.9149397250499,16.323919261939402,,
PO0180470U0001,2021,CERVESINA,7.215,,8.21,,7.91,8.21,8.23,,,,0,0,0.0379931002072143,0.0417453823519834,0.0341490542997295,11,5,0.0149233983470408,0.0172856006346688,0.0204760596858392,102,34,PO0180470U0001,501288.0,4989873.0,GWB ISS BPPO,CERVESINA,,Low,62.337932260300576,3,16.66603234126227,81.4483435037565,3,16.66603234126227,30.902166971980904,3,16.66603234126227,21.857892384273608,3,16.66603234126227,19.76571346657061,3,16.66603234126227,23.78386313342142,3,16.66603234126227,,102.1604938634875,14.013570965714335,,
PO0180930U0006,2008,MIRADOLO TERME,,,,,,,,0.0859054632484913,0.0859054632484913,,1,0,0.0641636422513762,0.0879401713732237,0.1262076318186396,14,4,0.0442546898474795,0.0617616794759034,0.0567073916172375,59,18,PO0180930U0006,535374.0,5001676.0,GWB ISS MPTLS,MIRADOLO TERME,,Mid,185.0222892618837,3,48.7458070094239,280.8408265375928,3,48.7458070094239,110.55120403465052,3,48.7458070094239,21.465146738069883,2,49.53208028136916,19.650066358720583,2,49.53208028136916,22.7880773255131,2,49.53208028136916,,161.7985851409309,15.116985231388504,2015.0,-7.0
PO0180930U0006,2009,MIRADOLO TERME,,,,,,,,0.0070392792113125,0.0070392792113125,,2,0,0.0245392673736205,0.0325967826324307,0.0639775953255594,24,4,0.0221943861821668,0.028508367249647,0.0408509629124266,92,18,PO0180930U0006,535374.0,5001676.0,GWB ISS MPTLS,MIRADOLO TERME,,Mid,70.00129267817859,3,44.48680024456693,180.53247490115544,3,44.48680024456693,61.00947622992935,3,44.48680024456693,22.44631912352121,2,49.53208028136916,20.74536443685716,2,49.53208028136916,23.36125408808831,2,49.53208028136916,,119.52299867122608,17.01331550708644,2015.0,-6.0
PO0180930U0006,2010,MIRADOLO TERME,,,,,,,,0.0070759383961558,0.0070759383961558,,2,0,0.0189215853087776,0.0272637037051027,0.0629808729281649,23,4,0.0289397312745266,0.0375397423654575,0.0434940472187009,90,18,PO0180930U0006,535374.0,5001676.0,GWB ISS MPTLS,MIRADOLO TERME,,Mid,319.2201998557322,3,49.53208028136916,382.2615242357167,3,48.7458070094239,158.67155447955145,3,49.53208028136916,,1,44.48680024456693,,1,44.48680024456693,,1,44.48680024456693,,214.28612061947592,14.512861895296197,2015.0,-5.0
PO0180930U0006,2011,MIRADOLO TERME,,,,,,,,0.0076552396640181,0.0091862875968217,,2,0,0.0105790795787944,0.0152023355855382,0.026633251399744,23,4,0.0175179777091378,0.0209269309089437,0.0251642676370465,112,18,PO0180930U0006,535374.0,5001676.0,GWB ISS MPTLS,MIRADOLO TERME,,Mid,175.375002904895,2,49.53208028136916,188.3108037770588,2,49.53208028136916,131.3816758712947,2,49.53208028136916,,1,44.48680024456693,,1,44.48680024456693,,1,23.88917539388917,,56.07044492939761,,2015.0,-4.0
PO0180930U0006,2012,MIRADOLO TERME,,,,,,,,0.0020383942872285,0.0025479928590357,,2,0,0.0012476798163709,0.0014729893220056,0.000905899470672,21,4,0.0140163302774938,0.0133195038115413,0.00464134909993,90,18,PO0180930U0006,535374.0,5001676.0,GWB ISS MPTLS,MIRADOLO TERME,,Low,193.0575007418313,3,44.48680024456693,307.1343487047305,3,44.48680024456693,116.51070838034876,3,44.48680024456693,22.909858122553626,3,44.48680024456693,20.876708147650888,3,44.48680024456693,24.52092228943203,3,44.48680024456693,,190.62364032438168,15.349310024272237,2015.0,-3.0
PO0180930U0006,2013,MIRADOLO TERME,,,9.5,,,,9.5,0.0497509676963091,0.0407857889575617,,2,0,0.0391217681753915,0.0394563193083741,0.0381768832914531,19,4,0.0540172560992566,0.059288566775297,0.0753666483275419,83,18,PO0180930U0006,535374.0,5001676.0,GWB ISS MPTLS,MIRADOLO TERME,,High,254.29097883250697,3,49.53208028136916,361.31153650855066,3,49.53208028136916,103.07082214565943,3,44.48680024456693,21.735476073290894,3,48.7458070094239,20.07311728054734,3,48.7458070094239,23.602325763190183,3,48.7458070094239,,255.17610340724968,14.782327691801697,2015.0,-2.0
PO0180930U0006,2014,MIRADOLO TERME,,,,,,,,0.0178792288643308,0.0286067661829292,,2,0,0.0081928458564604,0.0116490640332801,0.0139697027082244,25,4,0.0208092529315983,0.0240754348617814,0.0199733108032011,110,18,PO0180930U0006,535374.0,5001676.0,GWB ISS MPTLS,MIRADOLO TERME,,Mid,396.3542100693729,2,23.88917539388917,498.3987890624357,2,23.88917539388917,351.3504888376385,2,23.88917539388917,21.37849843554056,3,23.88917539388917,20.088159712163787,3,23.88917539388917,22.485265471906203,3,23.88917539388917,,139.05906878355165,16.50006293543273,2015.0,-1.0
PO0180930U0006,2015,MIRADOLO TERME,,,,,,,,0.0,0.0,,1,0,0.0170473556944423,0.0070322986483868,0.0,22,4,0.0138417683743561,0.0140484278214875,0.0080705022266893,90,18,PO0180930U0006,535374.0,5001676.0,GWB ISS MPTLS,MIRADOLO TERME,,Low,175.68749998403507,3,44.48680024456693,219.06150389722723,3,44.48680024456693,136.53871184887635,3,44.48680024456693,23.651922596950527,3,23.88917539388917,21.79383547170767,3,23.88917539388917,25.073873041243974,3,23.88917539388917,,82.5227920483509,16.71173340191814,2015.0,0.0
PO0180930U0006,2016,MIRADOLO TERME,,,,,,,,0.0,0.0,,1,0,0.0016539912700836,0.0017698844255902,0.0052525453890363,22,4,0.0105426046348282,0.0144308968249595,0.0117417460505816,91,18,PO0180930U0006,535374.0,5001676.0,GWB ISS MPTLS,MIRADOLO TERME,,Low,282.2453646744377,3,44.48680024456693,294.30209716363925,3,44.48680024456693,187.268545241501,3,44.48680024456693,22.020503190526163,3,23.88917539388917,20.62393532147096,3,23.88917539388917,23.62553645723148,3,23.88917539388917,,107.03355192213823,16.09693032983214,2015.0,1.0
PO0180930U0006,2017,MIRADOLO TERME,,,,,,,,0.0017920920702939,0.0017920920702939,,1,0,0.0019382961615532,0.0028185787665493,0.0014134396139221,25,4,0.0078430000443909,0.0106720002057131,0.009858370746197,96,18,PO0180930U0006,535374.0,5001676.0,GWB ISS MPTLS,MIRADOLO TERME,,Low,119.8162306220235,3,44.48680024456693,180.08224193052342,3,44.48680024456693,59.22040727522072,3,44.48680024456693,23.7271397232378,3,23.88917539388917,22.01627823625317,3,23.88917539388917,25.197843914972943,3,23.88917539388917,,120.86183465530269,17.217851310970886,2015.0,2.0
PO0180930U0006,2018,MIRADOLO TERME,,,,,,,,0.0068894661962986,0.0068894661962986,,1,0,0.0023441029964791,0.0029409614424886,0.0048354254104197,16,4,0.0105621683437001,0.0143593608654159,0.0123829907286024,67,18,PO0180930U0006,535374.0,5001676.0,GWB ISS MPTLS,MIRADOLO TERME,,Low,317.4918195671036,3,23.88917539388917,418.9399153910942,3,23.88917539388917,172.7093142632851,3,23.88917539388917,23.125249570242666,3,22.63039460548578,21.600348823783573,3,22.63039460548578,24.623259097822935,3,22.63039460548578,,246.23060112780905,17.089667555238222,2015.0,3.0
PO0180930U0006,2019,MIRADOLO TERME,,,,,,,,0.0056842250439028,0.0056842250439028,,1,0,0.0068493556283,0.008328208811926,0.00433973147301,15,4,0.0216765337882402,0.0235955067637286,0.0164770567405395,70,18,PO0180930U0006,535374.0,5001676.0,GWB ISS MPTLS,MIRADOLO TERME,,Mid,204.9125509820378,3,23.88917539388917,271.58147476566563,3,23.88917539388917,76.04197779951383,3,23.88917539388917,22.737077755262188,3,22.63039460548578,20.871040282404625,3,22.63039460548578,25.28540405934927,3,22.63039460548578,,195.53949696615183,14.298650499122626,2015.0,4.0
PO0180930U0006,2020,MIRADOLO TERME,,,,,,,,5.0845857913373e-05,5.0845857913373e-05,,1,0,6.370539942963656e-05,6.295322718979586e-05,4.60849405499175e-05,32,4,0.000294109825855,0.000273270309975,0.0001006549368698,114,18,PO0180930U0006,535374.0,5001676.0,GWB ISS MPTLS,MIRADOLO TERME,,Low,259.8427654059633,3,23.88917539388917,278.8464786073209,3,23.88917539388917,206.7293820361604,3,23.88917539388917,22.89801936032056,3,22.63039460548578,21.354137993599927,3,22.63039460548578,24.009227455022828,3,22.63039460548578,,72.11709657116052,17.237317905564336,2015.0,5.0
PO0180930U0006,2021,MIRADOLO TERME,,,,,,,,0.0004514581911886,0.000773928327752,,2,0,0.0007481765432852,0.0005545926849167,0.000362266342563,28,4,0.0009486340371534,0.0013324639605066,0.0005478058640922,111,18,PO0180930U0006,535374.0,5001676.0,GWB ISS MPTLS,MIRADOLO TERME,,Low,113.78666175541096,3,23.88917539388917,174.91688266730029,3,23.88917539388917,61.00236059981557,3,23.88917539388917,22.915488029454146,3,22.63039460548578,20.824852348091785,3,22.63039460548578,24.780335006056312,3,22.63039460548578,,113.91452206748474,14.859206372145293,2015.0,6.0
PO0180690U0002,2008,GARLASCO,5.33,6.25,5.25,,6.1,5.25,4.0,0.0132030462875263,0.0142564680820607,0.0208232869238903,10,6,0.0443961154890585,0.0510897852186714,0.0590326089007142,61,37,0.0540628388382649,0.0597827023457903,0.067001179729833,227,129,PO0180690U0002,494013.0,5004960.0,GWB ISS MPP,GARLASCO,,High,283.13778882399873,3,16.293283155951105,404.3953909530805,3,16.293283155951105,180.9117192053563,3,16.293283155951105,21.58207132889099,3,18.339807032790723,19.796867804468693,3,18.339807032790723,22.838706508684957,3,18.339807032790723,-1.0,223.48367174772415,15.315406217679875,,
PO0180690U0002,2009,GARLASCO,5.335,5.955,3.99,5.95,,4.58,3.4,0.0173583172447117,0.0207609678916416,0.0244670571830485,9,6,0.043238438021483,0.0525867252295461,0.0594931365395602,62,37,0.0484977567671324,0.0568035047820572,0.0638359833103701,231,129,PO0180690U0002,494013.0,5004960.0,GWB ISS MPP,GARLASCO,-2.5500000000000003,High,98.4872268081754,3,16.293283155951105,271.4006280240236,3,16.293283155951105,84.09372669664715,3,16.293283155951105,22.533136668173093,3,18.339807032790723,20.814322361894305,3,18.339807032790723,23.3547427330136,3,18.339807032790723,-1.9649999999999999,187.3069013273764,17.255152008023792,,
PO0180690U0002,2010,GARLASCO,5.13,6.49,5.5,6.98,5.67,5.5,3.8,0.0133558756017009,0.0166948445021261,0.0222597926695015,10,6,0.0256126052876865,0.0345674630521781,0.0447254708736583,73,37,0.0273115325771894,0.0342568709933611,0.0408749987127831,259,129,PO0180690U0002,494013.0,5004960.0,GWB ISS MPP,GARLASCO,-3.1800000000000006,Mid,284.4458226862047,3,16.293283155951105,348.4657774809998,3,16.293283155951105,148.5426175182266,3,16.293283155951105,20.1728609572264,2,18.339807032790723,18.52897536977529,2,18.339807032790723,21.74237428849216,2,18.339807032790723,-0.9900000000000002,199.92315996277318,14.470907231537634,,
PO0180690U0002,2011,GARLASCO,4.6,5.725,4.7,5.85,5.4,4.7,3.4,0.0055559132855463,0.0060584975796734,0.0084037370090502,10,6,0.0164716820302003,0.0205344898183645,0.0283918026888476,70,37,0.0156540694261285,0.0192487175139751,0.0248649630247442,253,129,PO0180690U0002,494013.0,5004960.0,GWB ISS MPP,GARLASCO,-2.45,Mid,162.7278547570004,3,17.61648250928658,170.5867762959574,3,17.61648250928658,130.61046619475223,3,17.61648250928658,,1,17.571099595642842,,1,17.571099595642842,,1,17.61648250928658,-1.0249999999999995,39.9913993111335,,,
PO0180690U0002,2012,GARLASCO,5.25,6.375,6.0,6.55,6.5,5.7,6.0,0.006401825765303,0.0068134390208537,0.0092834039216136,10,6,0.026722108160476,0.0315224507065968,0.0377071096836631,66,37,0.025325382277907,0.0291216981794165,0.0330970261387348,232,129,PO0180690U0002,494013.0,5004960.0,GWB ISS MPP,GARLASCO,-0.5499999999999998,Mid,152.76220454376391,3,17.571099595642842,253.2872919058196,3,17.571099595642842,83.83762420407034,3,17.571099595642842,22.69556908785685,3,16.293283155951105,20.72220989156715,3,16.293283155951105,24.258362975334,3,16.293283155951105,-0.375,169.4496677017492,15.388995404574523,,
PO0180690U0002,2013,GARLASCO,5.2,6.375,6.1,6.4,6.3,6.1,4.8,0.0052194264018908,0.0088789844885468,0.0086990440031513,10,6,0.0345302381734971,0.0526243943361142,0.0591388757093096,69,37,0.0415889387793868,0.0522586757908691,0.0576760708019888,246,129,PO0180690U0002,494013.0,5004960.0,GWB ISS MPP,GARLASCO,-1.6000000000000003,Mid,198.5157466570423,3,17.61648250928658,291.4279691437464,3,17.61648250928658,63.88203924118865,3,17.571099595642842,21.509987246904902,3,16.293283155951105,19.866460050787573,3,16.293283155951105,23.328248396077075,3,16.293283155951105,-0.27500000000000036,221.95870918340557,14.75382578755572,,
PO0180690U0002,2014,GARLASCO,5.405,5.51,,,,,,0.0128280082864997,0.0164018567513928,0.0213800138108328,10,6,0.0314436519299394,0.0446366964488793,0.0499776659340404,65,37,0.0402510723301911,0.0521808693904325,0.0577350217445303,243,129,PO0180690U0002,494013.0,5004960.0,GWB ISS MPP,GARLASCO,,Mid,298.55143446631325,3,18.339807032790723,388.3760443070346,3,18.339807032790723,272.161180317906,3,18.339807032790723,20.557682128280376,3,17.571099595642842,19.303244004531077,3,17.571099595642842,21.68635653710604,3,17.571099595642842,,110.27428064180101,15.709041496385229,,
PO0180690U0002,2015,GARLASCO,5.12,6.19,5.37,6.28,6.05,5.37,4.59,7.945841773309646e-05,0.0001144201215356,0.0001191876265996,9,6,0.0150530891692185,0.0214750799778231,0.0220607817606677,56,37,0.0175695076791904,0.0223587770459283,0.0244593102622865,228,129,PO0180690U0002,494013.0,5004960.0,GWB ISS MPP,GARLASCO,-1.6900000000000004,Mid,138.47620717766938,3,17.61648250928658,167.06875602354418,3,17.61648250928658,114.4173362499308,3,17.61648250928658,22.865012620010106,3,17.571099595642842,21.10675986753877,3,17.571099595642842,24.232628514497325,3,17.571099595642842,-0.8200000000000003,52.65141977361335,16.26264706785253,,
PO0180690U0002,2016,GARLASCO,5.609999999999999,6.67,6.8,6.67,6.8,6.95,6.2,0.0021111219956462,0.0027522623150498,0.0035185366594103,10,6,0.010232469989482,0.0141646180922717,0.0173645979893941,67,37,0.0158103898442459,0.0193459346793702,0.0227793944347521,240,129,PO0180690U0002,494013.0,5004960.0,GWB ISS MPP,GARLASCO,-0.4699999999999997,Mid,190.190343761772,3,17.61648250928658,200.13530826721765,3,17.61648250928658,112.7202615888922,3,17.61648250928658,21.396965436295933,3,17.571099595642842,20.096394535133825,3,17.571099595642842,22.92870548194115,3,17.571099595642842,0.1299999999999999,87.41504667832544,15.772163708254158,,
PO0180690U0002,2017,GARLASCO,,6.55,5.96,6.55,6.77,5.96,5.1,0.0040437404994736,0.0055481053431002,0.0067395674991227,10,6,0.0130738594320119,0.0187739363748515,0.0199326138157106,66,37,0.0211265984648954,0.0268512372625924,0.0288068221994922,237,129,PO0180690U0002,494013.0,5004960.0,GWB ISS MPP,GARLASCO,-1.4500000000000002,Mid,168.9526449974078,3,17.61648250928658,212.8632360208515,3,17.61648250928658,95.25503079292744,3,17.61648250928658,22.548558164406412,3,17.571099595642842,20.88860629834016,3,17.571099595642842,24.026242434642377,3,17.571099595642842,-0.5899999999999999,117.60820522792409,16.18479816555158,,
PO0180690U0002,2018,GARLASCO,5.875,6.295,5.84,6.59,6.5,5.84,5.5,0.0037746498702391,0.006176699787664,0.0056619748053587,9,6,0.0125405960190659,0.0182698584956941,0.0141462917480804,60,37,0.0276099399612565,0.0346807405016007,0.0278042055333087,224,129,PO0180690U0002,494013.0,5004960.0,GWB ISS MPP,GARLASCO,-1.09,Mid,271.52437670268625,3,17.61648250928658,353.39139977056595,3,17.61648250928658,165.39710185704612,3,17.61648250928658,22.52797032237373,3,17.571099595642842,21.06956100422034,3,17.571099595642842,23.87216825256496,3,17.571099595642842,-0.45500000000000007,187.9942979135198,16.804946627481968,,
PO0180690U0002,2019,GARLASCO,6.06,7.2,5.8,7.2,6.7,5.8,5.2,0.0006267803044465,0.0010987383254413,0.0010446338407443,10,6,0.0051269536859232,0.0079881672109281,0.0075716888410514,64,37,0.0157834154969664,0.0219468640706142,0.0209936492705742,230,129,PO0180690U0002,494013.0,5004960.0,GWB ISS MPP,GARLASCO,-2.0,Mid,160.85910398787456,3,17.61648250928658,220.5998609207873,3,17.61648250928658,70.65072258454074,3,17.61648250928658,22.167113978469807,3,17.571099595642842,20.319476482539734,3,17.571099595642842,24.48624214803132,3,17.571099595642842,-1.4000000000000004,149.94913833624656,14.071661855675151,,
PO0180690U0002,2020,GARLASCO,,,6.27,,6.27,,,0.0018620047718286,0.0020688941909207,0.003103341286381,10,6,0.0034055026680721,0.0052365600449218,0.0060756549587355,74,37,0.0082735432477583,0.0122035600057508,0.0116346931983674,265,129,PO0180690U0002,494013.0,5004960.0,GWB ISS MPP,GARLASCO,,Low,242.7597790679048,3,17.61648250928658,272.1719767385178,3,17.61648250928658,162.102642724961,3,17.61648250928658,22.14251386556136,3,17.571099595642842,20.505361958696287,3,17.571099595642842,23.263836303589848,3,17.571099595642842,,110.06933401355684,16.380449870713374,,
PO0180690U0002,2021,GARLASCO,,6.43,,6.43,,,,0.0006237360384936,0.0007153063565872,0.001039560064156,10,6,0.0045297251060843,0.0042957729087986,0.0026331731191676,68,37,0.0046616186201876,0.0053006630912924,0.0053602610254674,252,129,PO0180690U0002,494013.0,5004960.0,GWB ISS MPP,GARLASCO,,Low,142.58959901859618,3,17.571099595642842,189.0019909130216,3,17.571099595642842,98.08502132547196,3,17.571099595642842,21.80610757172886,3,16.293283155951105,19.861044223520345,3,16.293283155951105,23.527492703351804,3,16.293283155951105,,105.66539091720534,14.331318647381094,,
PO018032NR0001,2008,CASATISMA,,,,,,,,,,,0,0,,,,0,0,0.0731497500749322,0.075286069920327,0.089838399879712,9,5,PO018032NR0001,508567.0,4988324.0,GWB ISS MPOP,CASATISMA,,High,179.22075088190218,3,25.74818201349369,271.1560916489118,3,25.74818201349369,104.45571024322518,3,25.74818201349369,21.450513837621067,3,38.93584202248617,19.538825445933327,3,38.93584202248617,22.80876222024098,3,38.93584202248617,,161.97628081271122,14.889192239470516,,
PO018032NR0001,2009,CASATISMA,,,,,,,,,,,0,0,,,,0,0,0.1055109657472241,0.1177967265368728,0.1579734018755454,18,5,PO018032NR0001,508567.0,4988324.0,GWB ISS MPOP,CASATISMA,,High,63.48255188577029,3,16.841495806489398,182.62660176054905,3,16.841495806489398,55.77983525747005,3,16.841495806489398,22.21855403342696,3,38.93584202248617,20.528734005239205,3,38.93584202248617,23.114313753567785,3,38.93584202248617,,126.84676650307892,16.796669704201456,,
PO018032NR0001,2010,CASATISMA,,,8.3,,,,8.3,,,,0,0,,,,0,0,0.0949702938151959,0.1026967732789766,0.2072455937624909,21,5,PO018032NR0001,508567.0,4988324.0,GWB ISS MPOP,CASATISMA,,High,292.59337595637896,3,36.54256438730046,360.17565490409135,3,25.74818201349369,143.7494824695255,3,36.54256438730046,20.117076891912347,2,38.93584202248617,18.451817971512845,2,38.93584202248617,21.72512739549038,2,38.93584202248617,,204.63999379175954,14.10725212388324,,
PO018032NR0001,2011,CASATISMA,,10.4,,,,,,,,,0,0,,,,0,0,0.0599700220186481,0.0732124121384966,0.1582609408977441,27,5,PO018032NR0001,508567.0,4988324.0,GWB ISS MPOP,CASATISMA,,High,163.0673400812708,3,36.54256438730046,173.63597510904037,3,36.54256438730046,128.7249563951096,3,36.54256438730046,,1,15.356463297256957,,1,15.356463297256957,,1,14.996224191442325,,45.71295183856465,,,
PO018032NR0001,2012,CASATISMA,10.83,10.7,,10.7,,,,,,,0,0,,,,0,0,0.0715705712523424,0.0726693025634483,0.1564749587172022,22,5,PO018032NR0001,508567.0,4988324.0,GWB ISS MPOP,CASATISMA,,High,158.0025313636786,3,25.74818201349369,252.47325887145576,3,25.74818201349369,97.6006084485756,3,25.74818201349369,22.94514524594404,3,25.74818201349369,20.8955936300196,3,25.74818201349369,24.53554053023047,3,25.74818201349369,,154.87265042288016,15.295936824499243,,
PO018032NR0001,2013,CASATISMA,11.3,10.5,10.8,10.5,,,10.8,,,,0,0,,,,0,0,0.0593723750511265,0.0696318032868156,0.070858740589271,23,5,PO018032NR0001,508567.0,4988324.0,GWB ISS MPOP,CASATISMA,0.3000000000000007,High,214.78931861340132,3,32.70592938596914,310.98768167411447,3,32.70592938596914,51.37662308668038,3,25.74818201349369,21.613248908914606,3,32.70592938596914,19.982571316470807,3,32.70592938596914,23.44903873607604,3,32.70592938596914,0.3000000000000007,232.67541832436208,14.755509245185392,,
PO018032NR0001,2014,CASATISMA,8.3,10.4,9.2,,,,9.2,,,,0,0,,,,0,0,0.0869797215290212,0.0959600113263669,0.1026897059609957,25,5,PO018032NR0001,508567.0,4988324.0,GWB ISS MPOP,CASATISMA,,High,326.567308643279,3,32.70592938596914,428.50181988674746,3,32.70592938596914,293.56699489992434,3,32.70592938596914,21.01900391501126,3,16.841495806489398,19.73442044636802,3,16.841495806489398,22.17290299919504,3,16.841495806489398,-1.200000000000001,110.07046165755195,16.056709055219063,,
PO018032NR0001,2015,CASATISMA,8.2,8.76,9.83,8.76,,9.83,,,,,0,0,,,,0,0,0.0603521876468289,0.0829487076262012,0.1160805831663312,27,5,PO018032NR0001,508567.0,4988324.0,GWB ISS MPOP,CASATISMA,,High,125.83519452102182,3,25.74818201349369,154.27128937397566,3,25.74818201349369,103.56451572993151,3,25.74818201349369,23.45377660627398,3,16.841495806489398,21.629681528487016,3,16.841495806489398,24.90666369306733,3,16.841495806489398,1.0700000000000003,50.70677364404416,16.598858795871948,,
PO018032NR0001,2016,CASATISMA,10.7,10.55,11.21,10.6,10.83,11.21,11.4,,,,0,0,,,,0,0,0.0669018747003312,0.0755572840056489,0.1393492863327265,27,5,PO018032NR0001,508567.0,4988324.0,GWB ISS MPOP,CASATISMA,0.8000000000000007,High,192.32605491182443,3,25.74818201349369,202.2954495206244,3,25.74818201349369,117.28484512924824,3,25.74818201349369,21.839457442109843,3,16.841495806489398,20.45270945979211,3,16.841495806489398,23.475010245009603,3,16.841495806489398,0.6600000000000001,85.0106043913761,15.894485324709986,,
PO018032NR0001,2017,CASATISMA,11.82,11.89,12.3,11.9,12.08,12.3,12.62,,,,0,0,,,,0,0,0.09986526712365,0.1396115707965301,0.1572929293413955,28,5,PO018032NR0001,508567.0,4988324.0,GWB ISS MPOP,CASATISMA,0.7199999999999989,High,139.2135200901788,3,25.74818201349369,185.91490547218285,3,25.74818201349369,65.08506941372977,3,25.74818201349369,23.43375469758781,3,16.841495806489398,21.69044716066843,3,16.841495806489398,24.99197070005497,3,16.841495806489398,0.41000000000000014,120.82983605845308,16.750940358937683,,
PO018032NR0001,2018,CASATISMA,12.64,12.55,12.695,12.55,,12.69,12.7,,,,0,0,,,,0,0,0.0567462386179526,0.085772417993708,0.0962826367312422,28,5,PO018032NR0001,508567.0,4988324.0,GWB ISS MPOP,CASATISMA,0.1499999999999985,High,252.9220047970124,3,15.356463297256957,329.0212656975996,3,15.356463297256957,135.5829819587036,3,15.356463297256957,22.89376128035439,3,15.356463297256957,21.360750633721963,3,15.356463297256957,24.42157904386821,3,15.356463297256957,0.14499999999999957,193.43828373889596,16.713357461979072,,
PO018032NR0001,2019,CASATISMA,12.77,12.78,13.02,12.78,,12.95,13.09,,,,0,0,,,,0,0,0.0483900663132468,0.0708847497267505,0.0831404361594468,24,5,PO018032NR0001,508567.0,4988324.0,GWB ISS MPOP,CASATISMA,0.3100000000000005,High,163.1135733535917,3,15.356463297256957,223.99219432366277,3,15.356463297256957,52.45860458112322,3,15.356463297256957,22.255837502383883,3,15.356463297256957,20.347696389997804,3,15.356463297256957,24.796110282864404,3,15.356463297256957,0.2400000000000002,171.53358974253953,13.756012665023249,,
PO018032NR0001,2020,CASATISMA,,,11.68,,11.57,11.68,11.97,,,,0,0,,,,0,0,0.0310106660932883,0.0416978185287092,0.0531979562869917,31,5,PO018032NR0001,508567.0,4988324.0,GWB ISS MPOP,CASATISMA,,Mid,234.3766658398588,3,15.356463297256957,256.9571425478909,3,15.356463297256957,197.17708404613015,3,15.356463297256957,22.32456214152014,3,15.356463297256957,20.834399798911903,3,15.356463297256957,23.495461210270825,3,15.356463297256957,,59.78005850176071,16.654070063006735,,
PO018032NR0001,2021,CASATISMA,,,,,,,,,,,0,0,,,,0,0,0.0152642126727821,0.019223770920141,0.0172354855124528,33,5,PO018032NR0001,508567.0,4988324.0,GWB ISS MPOP,CASATISMA,,Low,88.62894722746327,3,15.356463297256957,132.7576981692626,3,15.356463297256957,45.96993031846621,3,15.356463297256957,22.044129229967083,3,15.356463297256957,19.96569816584993,3,15.356463297256957,23.958226131610587,3,15.356463297256957,,103.92152259640918,14.039265633648652,,
PO018180NUP001,2008,VILLANTERIO,,,,,,,,0.0172781391690175,0.020733767002821,0.034556278338035,2,1,0.0223336059416811,0.0273341991557331,0.0395920436208446,38,10,0.0325279579663347,0.0438732292793976,0.0474628563222164,123,50,PO018180NUP001,528164.265,5007156.563,GWB ISS MPTLS,VILLANTERIO,,Mid,179.22723812745113,3,40.02000305643657,274.980713402982,3,40.02000305643657,107.01807227497385,3,40.02000305643657,21.474330148185288,2,40.92942171779603,19.67506826444081,2,40.92942171779603,22.78813403176958,2,40.92942171779603,,167.96264112800822,15.162011767079477,2015.0,-7.0
PO018180NUP001,2009,VILLANTERIO,,,,,,,,0.020848266638091,0.0238365576447298,0.0536845825069274,3,1,0.0223168627981651,0.0295944874801948,0.0406225033680675,54,10,0.0214938314776918,0.0251750170547651,0.0291305642722873,160,50,PO018180NUP001,528164.265,5007156.563,GWB ISS MPTLS,VILLANTERIO,,Mid,76.54040014194292,3,40.02000305643657,190.9813032576589,3,40.02000305643657,66.51130681469606,3,40.02000305643657,22.484602233281457,2,40.92942171779603,20.780953824699317,2,40.92942171779603,23.39668299530788,2,40.92942171779603,,124.46999644296288,17.059346714424848,2015.0,-6.0
PO018180NUP001,2010,VILLANTERIO,,,,,,,,0.0101945160289428,0.0203093103242709,0.0675116837024689,7,1,0.0333410263113494,0.0429868874946036,0.0656901219207794,56,10,0.0290536785399006,0.0337844877176957,0.0375493224882763,172,50,PO018180NUP001,528164.265,5007156.563,GWB ISS MPTLS,VILLANTERIO,,Mid,319.2633183509525,3,40.92942171779603,379.1374847545698,3,40.02000305643657,158.3728111764301,3,40.92942171779603,,1,40.12391712765839,,1,40.12391712765839,,1,40.12391712765839,,213.22064647752788,14.569167687405582,2015.0,-5.0
PO018180NUP001,2011,VILLANTERIO,,,,,,,,0.0060627349157584,0.0116404510382562,0.0310650188475847,8,1,0.0181965488539491,0.0217971738457467,0.0384525368882653,66,10,0.0161210856766997,0.0169159022652263,0.0188917373069586,187,50,PO018180NUP001,528164.265,5007156.563,GWB ISS MPTLS,VILLANTERIO,,Mid,168.6458377751204,3,45.169079113960215,180.4584696753014,3,45.169079113960215,129.80240957550902,3,45.169079113960215,,1,40.12391712765839,,1,40.12391712765839,,1,17.146231408014856,,55.50129464767038,,2015.0,-4.0
PO018180NUP001,2012,VILLANTERIO,,,,,,,,0.0013288047371639,0.0036797669644539,0.0079728284229834,6,1,0.011892575754304,0.0143096110349475,0.0167748710761467,54,10,0.0106678927195822,0.0103596081813985,0.009360992505118,168,50,PO018180NUP001,528164.265,5007156.563,GWB ISS MPTLS,VILLANTERIO,,Low,197.6834204115175,3,40.12391712765839,316.08867584684174,3,40.12391712765839,117.5843640886264,3,40.12391712765839,22.818180606884376,3,40.02000305643657,20.80275017004117,3,40.02000305643657,24.429886701889217,3,40.02000305643657,,198.50431175821532,15.332314744958877,2015.0,-3.0
PO018180NUP001,2013,VILLANTERIO,,,,,,,,0.0395610689814202,0.0508641717855685,0.0769730675034225,5,1,0.0570632056042482,0.0619019563706522,0.0970714533763627,49,10,0.05077793224514,0.0554436124685073,0.0703602420963191,166,50,PO018180NUP001,528164.265,5007156.563,GWB ISS MPTLS,VILLANTERIO,,High,269.3263994087977,3,40.92942171779603,380.6345445179862,3,40.92942171779603,115.31534470853276,3,40.12391712765839,21.756097469226862,3,40.02000305643657,20.087389990535687,3,40.02000305643657,23.623952100641944,3,40.02000305643657,,264.1970718895446,14.753558611359031,2015.0,-2.0
PO018180NUP001,2014,VILLANTERIO,,,,,,,,0.0062758869189392,0.0093983210457596,0.0291253354613824,7,1,0.0118556471616589,0.0174589243104335,0.0267870014975778,61,10,0.0183052257850307,0.0252571811633831,0.0325683999182656,178,50,PO018180NUP001,528164.265,5007156.563,GWB ISS MPTLS,VILLANTERIO,,Mid,402.1059846585423,3,45.169079113960215,501.8781643448781,3,45.169079113960215,355.5128751442109,3,45.169079113960215,21.3696499646424,3,17.146231408014856,20.07999625525842,3,17.146231408014856,22.47157165858966,3,17.146231408014856,,143.77558882754226,16.505277133307807,2015.0,-1.0
PO018180NUP001,2015,VILLANTERIO,,5.13,5.15,5.13,,5.15,,0.0,0.0,0.0,7,1,0.0064086537824597,0.0088385600409929,0.0175171009730547,52,10,0.0100921812410751,0.0091272766220736,0.0057211928089382,150,50,PO018180NUP001,528164.265,5007156.563,GWB ISS MPTLS,VILLANTERIO,,Low,187.07632873170655,3,40.12391712765839,232.48601613841987,3,40.12391712765839,144.41063265924362,3,40.12391712765839,23.67642450832601,3,17.146231408014856,21.811739419659137,3,17.146231408014856,25.091371108774712,3,17.146231408014856,0.020000000000000462,88.07538347917625,16.70523051569269,2015.0,0.0
PO018180NUP001,2016,VILLANTERIO,5.475,5.45,,5.45,,,,0.0044186115769358,0.0047091957579444,0.0033210547020038,6,1,0.0114879117129714,0.0146398761267793,0.0180269508125881,56,10,0.0071830216281669,0.0087117029428814,0.0084197919862732,169,50,PO018180NUP001,528164.265,5007156.563,GWB ISS MPTLS,VILLANTERIO,,Low,302.9214037865752,3,40.12391712765839,315.2828127107251,3,40.12391712765839,202.7413894329043,3,40.12391712765839,22.00886438995068,3,17.146231408014856,20.61125324319599,3,17.146231408014856,23.60688373803904,3,17.146231408014856,,112.5414232778208,16.09325315261303,2015.0,1.0
PO018180NUP001,2017,VILLANTERIO,,5.65,,5.65,,,,0.0059167153408957,0.0088834581876416,0.0236629779295375,6,1,0.0096988315092166,0.0113781121983238,0.0166867207396232,50,10,0.0083250953216823,0.0103527813691032,0.011646460121774,147,50,PO018180NUP001,528164.265,5007156.563,GWB ISS MPTLS,VILLANTERIO,,Low,119.21200544069198,3,40.12391712765839,181.9467201552333,3,40.12391712765839,60.90377538402996,3,40.12391712765839,23.70338882631388,3,17.146231408014856,21.991270682586485,3,17.146231408014856,25.170243416483373,3,17.146231408014856,,121.04294477120334,17.19675442818462,2015.0,2.0
PO018180NUP001,2018,VILLANTERIO,5.22,5.535,5.5,5.62,5.52,5.5,5.45,0.0065724174364731,0.0108594604904423,0.0181245505809784,4,1,0.0122255185732325,0.0163177207266594,0.0233222091130058,33,10,0.0146900719886283,0.0177845245866302,0.0152988115730452,102,50,PO018180NUP001,528164.265,5007156.563,GWB ISS MPTLS,VILLANTERIO,-0.1699999999999999,Low,343.08754813676137,3,21.93558760660852,454.1089927902788,3,21.93558760660852,192.4954637873627,3,21.93558760660852,23.22632380456394,3,17.146231408014856,21.72393742934763,3,17.146231408014856,24.668459746296477,3,17.146231408014856,-0.03500000000000014,261.6135290029161,17.33049223632456,2015.0,3.0
PO018180NUP001,2019,VILLANTERIO,4.45,5.94,,5.94,,,,0.0082609122813058,0.0089764857912086,0.011534464545548,6,1,0.0143876350048652,0.0170356384546418,0.0234402081087076,46,10,0.01488154004035,0.0186246221378631,0.0174719344520417,127,50,PO018180NUP001,528164.265,5007156.563,GWB ISS MPTLS,VILLANTERIO,,Low,217.62085095907167,3,21.93558760660852,285.43739520400743,3,21.93558760660852,86.28078808464568,3,21.93558760660852,22.92115253135728,3,17.146231408014856,21.084143437813324,3,17.146231408014856,25.42329563816476,3,17.146231408014856,,199.15660711936178,14.581174116284117,2015.0,4.0
PO018180NUP001,2020,VILLANTERIO,,,5.324999999999999,,,5.6,5.05,0.0,0.0,0.0,12,1,5.014720039623456e-05,8.468666860555546e-05,0.0003012121266995,73,10,0.0002860250172425,0.0003182258926138,0.0003393010698103,192,50,PO018180NUP001,528164.265,5007156.563,GWB ISS MPTLS,VILLANTERIO,,Low,264.8670138533296,3,21.93558760660852,283.5966888480946,3,21.93558760660852,201.63204200118537,3,21.93558760660852,23.13575407221937,3,17.146231408014856,21.51416364180137,3,17.146231408014856,24.251248784683344,3,17.146231408014856,,81.96464684690918,17.386100803356435,2015.0,5.0
PO018180NUP001,2021,VILLANTERIO,5.2,5.625,5.65,5.75,5.75,5.65,5.05,0.0,0.0,0.0,6,1,0.0002280544861615,0.0003305418216994,0.0003469300378734,58,10,0.0006655630912005,0.0007895682774313,0.0003961242562703,175,50,PO018180NUP001,528164.265,5007156.563,GWB ISS MPTLS,VILLANTERIO,-0.7000000000000002,Low,119.1869262787,3,21.93558760660852,182.70488869472425,3,21.93558760660852,64.32372921870008,3,21.93558760660852,23.172461938952157,3,17.146231408014856,21.10828664937325,3,17.146231408014856,24.990897349042605,3,17.146231408014856,0.025000000000000355,118.38115947602418,15.252545922003092,2015.0,6.0
PO0180880U0001,2008,MEDE,4.8,4.970000000000001,1.79,4.79,2.14,1.65,1.79,0.0064941239896032,0.0098742846824714,0.0091518942887584,11,4,0.1423028213676593,0.1578239530328211,0.1533014588323536,69,39,0.1380691091325066,0.1436968176097652,0.1450495533300485,256,160,PO0180880U0001,479549.0,4993807.0,GWB ISS MPP,MEDE,-3.0,High,237.99766306641396,3,29.23697687860357,344.8388926744353,3,29.23697687860357,152.6120282404659,3,29.23697687860357,21.569485604988717,3,27.132021395391828,19.702070917310945,3,27.132021395391828,22.856241156147263,3,27.132021395391828,-3.1800000000000006,187.11129824555482,15.12140773787069,2019.0,-11.0
PO0180880U0001,2009,MEDE,4.25,4.41,1.85,4.25,2.54,1.68,1.85,0.0109807519312016,0.0142679374839645,0.0120021966286003,10,4,0.1459735054873892,0.1503917211695899,0.1531639755365209,82,39,0.1429845509254242,0.1422235299368172,0.1515465677134641,278,160,PO0180880U0001,479549.0,4993807.0,GWB ISS MPP,MEDE,-2.4,High,90.81769802062917,3,27.132021395391828,214.38517257180345,3,27.132021395391828,86.40064545765047,3,27.132021395391828,22.33929444417007,3,27.132021395391828,20.629972590596832,3,27.132021395391828,23.14470068762924,3,27.132021395391828,-2.56,127.98452711415294,17.070583879060745,2019.0,-10.0
PO0180880U0001,2010,MEDE,4.64,4.555,1.8,4.35,2.53,1.8,1.8,0.0116737096342893,0.0123888142561019,0.0130606018938124,11,4,0.0877552610002091,0.0997359215536562,0.1128260822964704,84,39,0.0967323061582162,0.1026071845868113,0.1152574413667753,280,160,PO0180880U0001,479549.0,4993807.0,GWB ISS MPP,MEDE,-2.55,High,251.8306238705512,3,29.23697687860357,306.37338368812993,3,29.23697687860357,139.31652631749105,3,29.23697687860357,20.167388065749314,2,16.88126254164658,18.521405572469067,2,16.88126254164658,21.740682221533888,2,16.88126254164658,-2.755,167.0568573706389,14.125941553619334,2019.0,-9.0
PO0180880U0001,2011,MEDE,4.3,4.49,1.7,4.45,2.5,1.7,1.57,0.0103004537543738,0.0112869614188709,0.0063377720516655,11,4,0.0789739417871524,0.0815438881884585,0.0915768791422007,86,39,0.0661896000065746,0.0688657189885596,0.074308032974615,290,160,PO0180880U0001,479549.0,4993807.0,GWB ISS MPP,MEDE,-2.88,High,135.45710619827787,3,27.132021395391828,139.49859857524717,3,27.132021395391828,128.2498370509187,3,27.132021395391828,,1,15.11163531852195,,1,15.11163531852195,,1,33.276517801596974,-2.79,13.486842512745993,,2019.0,-8.0
PO0180880U0001,2012,MEDE,4.85,5.045,2.6,4.85,4.23,2.6,1.85,0.013120618589561,0.0120989670976996,0.0012786273534099,11,4,0.0949978226285596,0.0892190936736701,0.06922754478388,80,39,0.0787604697862389,0.0749850119095192,0.0743283726860439,279,160,PO0180880U0001,479549.0,4993807.0,GWB ISS MPP,MEDE,-3.0,High,139.69755483903137,3,16.88126254164658,239.18848400933985,3,16.88126254164658,74.56025679158589,3,16.88126254164658,22.30666459873479,3,27.132021395391828,20.36331395134421,3,27.132021395391828,23.79842932462088,3,27.132021395391828,-2.445,164.62822721775396,15.152678578362185,2019.0,-7.0
PO0180880U0001,2013,MEDE,4.6,4.705,2.78,4.68,4.0,2.78,1.97,0.0402896923838521,0.0495315507763404,0.0355480286370342,11,4,0.1537327301217758,0.167757148599434,0.1667745279004442,82,39,0.1404637907604857,0.1494319376536008,0.150288883671404,281,160,PO0180880U0001,479549.0,4993807.0,GWB ISS MPP,MEDE,-2.71,High,227.80374048600885,3,27.132021395391828,328.89910848243966,3,27.132021395391828,82.67535997272796,3,16.88126254164658,21.183158687044536,3,29.23697687860357,19.571812569855187,3,29.23697687860357,22.933245878518544,3,29.23697687860357,-1.9250000000000003,241.67502959814533,14.544829573318413,2019.0,-6.0
PO0180880U0001,2014,MEDE,4.06,4.22,2.0,4.35,3.23,2.0,1.74,0.0210412844850604,0.024853642140094,0.0123133729328401,10,4,0.0806718295171079,0.0880656583327412,0.0878117241739602,80,39,0.0759025067190349,0.0831519925880552,0.0848564151154717,283,160,PO0180880U0001,479549.0,4993807.0,GWB ISS MPP,MEDE,-2.6099999999999994,High,283.9504742354051,3,33.276517801596974,366.36710907085296,3,33.276517801596974,255.08528775654727,3,33.276517801596974,20.569772175562623,3,29.23697687860357,19.33015986600645,3,29.23697687860357,21.665387518862527,3,29.23697687860357,-2.2199999999999998,107.26782581341403,15.80817717645302,2019.0,-5.0
PO0180880U0001,2015,MEDE,4.51,4.885,2.25,4.81,2.8,2.25,1.86,0.0025862025901336,0.002700245087134,0.0026630571228452,11,4,0.040821822618843,0.0423066752732434,0.0406178306026033,83,39,0.0355028172931453,0.0355073040923899,0.0348524355178665,287,160,PO0180880U0001,479549.0,4993807.0,GWB ISS MPP,MEDE,-2.9499999999999997,Mid,154.17531994751656,3,16.88126254164658,184.91874134016464,3,16.88126254164658,124.87790221840793,3,16.88126254164658,22.679958111979293,3,29.23697687860357,20.9754633839593,3,29.23697687860357,23.9973981130786,3,29.23697687860357,-2.635,60.04083912175669,16.321364735772928,2019.0,-4.0
PO0180880U0001,2016,MEDE,5.08,5.105,2.0,4.89,3.79,2.0,1.72,0.0056946722007441,0.006094832799863,0.0049360125655463,11,4,0.0402228938815339,0.0431188153007311,0.0575481064170629,85,39,0.0328958787479119,0.0335382570676786,0.0370132247244722,287,160,PO0180880U0001,479549.0,4993807.0,GWB ISS MPP,MEDE,-3.17,Mid,198.77602015858903,3,16.88126254164658,208.88785706932364,3,16.88126254164658,115.5530560457731,3,16.88126254164658,21.3178950022916,3,29.23697687860357,20.026168244962165,3,29.23697687860357,22.819047796270898,3,29.23697687860357,-3.1050000000000004,93.33480102355055,15.752302612954189,2019.0,-3.0
PO0180880U0001,2017,MEDE,4.96,5.25,2.76,5.17,4.35,2.76,1.99,0.0112397633046687,0.0137703559154701,0.010218604640977,11,4,0.0428142161786249,0.0464644009717241,0.0566034209987638,87,39,0.0386766450047062,0.041715475657117,0.0463526222578851,280,160,PO0180880U0001,479549.0,4993807.0,GWB ISS MPP,MEDE,-3.18,Mid,199.18058766496983,3,16.88126254164658,238.924241773808,3,16.88126254164658,125.62831965607351,3,16.88126254164658,22.400012915262515,3,29.23697687860357,20.7912531409546,3,29.23697687860357,23.796823805638656,3,29.23697687860357,-2.49,113.29592211773446,16.271267169512942,2019.0,-2.0
PO0180880U0001,2018,MEDE,5.03,4.98,2.09,4.84,4.13,2.09,1.82,0.0024693677533474,0.002553453871147,0.0002237594453617,11,4,0.0244067600692541,0.0253268242759416,0.0298176582949932,81,39,0.0202563056764832,0.0205261900821553,0.0233060782328432,274,160,PO0180880U0001,479549.0,4993807.0,GWB ISS MPP,MEDE,-3.02,Mid,260.1739668147406,3,16.88126254164658,332.80753684365175,3,16.88126254164658,168.8732806810687,3,16.88126254164658,22.39246931214664,3,29.23697687860357,20.992559339152827,3,29.23697687860357,23.68725500488335,3,29.23697687860357,-2.8900000000000006,163.934256162583,16.91112733557211,2019.0,-1.0
PO0180880U0001,2019,MEDE,4.8,5.22,3.38,5.22,4.5,3.38,1.83,0.0088710065673027,0.0103153342388395,0.0128170526368194,10,4,0.0198027709541187,0.0222426616504877,0.0264334321052785,85,39,0.0150202568865661,0.0173930152818877,0.0202267324896191,284,160,PO0180880U0001,479549.0,4993807.0,GWB ISS MPP,MEDE,-3.39,Low,166.83318300473712,3,16.88126254164658,231.10377774048928,3,16.88126254164658,86.64851385605444,3,16.88126254164658,22.26966189828204,3,29.23697687860357,20.43684276248026,3,29.23697687860357,24.550268732586463,3,29.23697687860357,-1.8399999999999999,144.45526388443488,14.252887610652726,2019.0,0.0
PO0180880U0001,2020,MEDE,4.27,,2.07,,3.5,2.07,1.71,0.0012518700619693,0.001653471162879,0.0012310107471421,11,4,0.0192732880729829,0.0239689811308632,0.0183756982378311,88,39,0.0147566394418006,0.0178506261429705,0.0169134687962408,297,160,PO0180880U0001,479549.0,4993807.0,GWB ISS MPP,MEDE,,Low,271.2787637009385,3,16.88126254164658,308.6449672119936,3,16.88126254164658,174.94801235547865,3,16.88126254164658,22.13074347087156,3,29.23697687860357,20.5063246286582,3,29.23697687860357,23.20008425183776,3,29.23697687860357,,133.69695485651494,16.462917766419093,2019.0,1.0
PO0180880U0001,2021,MEDE,4.475,5.04,1.64,5.04,,,1.64,0.0001696277670844,0.0001865905437928,9.288958002192276e-05,11,4,0.009037428713826,0.0093914978358693,0.0093764292209062,88,39,0.0069156200631458,0.0072142886817842,0.0082445838840188,296,160,PO0180880U0001,479549.0,4993807.0,GWB ISS MPP,MEDE,-3.4000000000000004,Low,147.89838937440194,3,16.88126254164658,194.49314851960523,3,16.88126254164658,107.04446274999783,3,16.88126254164658,21.797402497146017,3,28.770085088508168,19.829602426141918,3,28.770085088508168,23.58235232605089,3,28.770085088508168,-3.4000000000000004,97.06313911310579,14.230946637117134,2019.0,2.0
PO018048NRP001,2008,CHIGNOLO PO,,,,,,,,0.0310072455173119,0.0411597699732393,0.0385061759087774,13,9,0.0425405034260755,0.0541015506303527,0.0518307220708164,54,36,0.0421023307732385,0.0537931218356503,0.0539867582474129,136,55,PO018048NRP001,522279.911,5003718.75567,GWB ISS MPTLS,CHIGNOLO PO,,Mid,171.268673370099,3,36.05610188370124,266.32112341685604,3,36.05610188370124,101.68094767465496,3,36.05610188370124,21.542872435241925,3,46.26449253689423,19.72642933602328,3,46.26449253689423,22.827908236121942,3,46.26449253689423,,161.55297082141533,15.202502973107926,2015.0,-7.0
PO018048NRP001,2009,CHIGNOLO PO,,,,,,,,0.0117151485750069,0.0119775136286319,0.0142028321925964,13,9,0.0264623923779817,0.0274046077452263,0.0342364294363775,70,36,0.0291873064743921,0.0330479113982705,0.035701461907178,167,55,PO018048NRP001,522279.911,5003718.75567,GWB ISS MPTLS,CHIGNOLO PO,,Mid,72.8583295868375,3,33.30973719621689,177.36186544763652,3,33.30973719621689,63.25366909352034,3,33.30973719621689,22.45446290592712,3,46.26449253689423,20.74366984489024,3,46.26449253689423,23.300306078067734,3,46.26449253689423,,114.10819635411619,17.131482901505624,2015.0,-6.0
PO018048NRP001,2010,CHIGNOLO PO,,,,,,,,0.0327736705255049,0.0343594932928681,0.0242447091266512,13,9,0.0290754667258262,0.0333280530814211,0.034859200490724,71,36,0.0318484925417565,0.0359317376947305,0.0373862311129932,184,55,PO018048NRP001,522279.911,5003718.75567,GWB ISS MPTLS,CHIGNOLO PO,,Mid,318.89881083162845,3,36.66491770589815,374.617394130095,3,36.05610188370124,157.3601989500204,3,36.66491770589815,20.15061128681428,2,46.26449253689423,18.49820087043518,2,46.26449253689423,21.73549530463248,2,46.26449253689423,,211.88034977217882,14.391078459613624,2015.0,-5.0
PO018048NRP001,2011,CHIGNOLO PO,,,,,,,,0.0026982464433389,0.0025909762196048,0.0031006258360489,13,9,0.0166670799460592,0.0168526396278888,0.0180031808570169,73,36,0.0171256155405038,0.0182254965052987,0.0206594676460548,198,55,PO018048NRP001,522279.911,5003718.75567,GWB ISS MPTLS,CHIGNOLO PO,,Mid,167.95324487515992,3,38.69978649946764,180.316144525146,3,38.69978649946764,129.14663858838423,3,38.69978649946764,,1,33.30973719621689,,1,33.30973719621689,,1,10.77919499221711,,54.14146789798271,,2015.0,-4.0
PO018048NRP001,2012,CHIGNOLO PO,,,,,,,,0.0024741219093975,0.0029055265890013,0.0032132651674112,13,9,0.0085113955286685,0.009811061177296,0.0111459836103205,66,36,0.0148627575594659,0.0152073996082984,0.0134077105317864,176,55,PO018048NRP001,522279.911,5003718.75567,GWB ISS MPTLS,CHIGNOLO PO,,Low,197.4685250250168,3,33.30973719621689,306.01748711885193,3,33.30973719621689,125.38664614460684,3,33.30973719621689,22.90093567676239,3,33.30973719621689,20.885295869182173,3,33.30973719621689,24.525474733032237,3,33.30973719621689,,180.63084097424505,15.378163507250882,2015.0,-3.0
PO018048NRP001,2013,CHIGNOLO PO,,,,,,,,0.0696777751827493,0.0584363908691109,0.0521626471377978,13,9,0.0525567971675935,0.0562587024128627,0.0597419354278422,67,36,0.0622099107183469,0.0659493010702213,0.0777348370918259,163,55,PO018048NRP001,522279.911,5003718.75567,GWB ISS MPTLS,CHIGNOLO PO,,High,231.0260019250376,3,36.66491770589815,331.2296141812668,3,36.66491770589815,88.1530872524545,3,33.30973719621689,21.738763953064492,3,36.05610188370124,20.08913160589773,3,36.05610188370124,23.603417038186937,3,36.05610188370124,,241.66286444327667,14.806395849247833,2015.0,-2.0
PO018048NRP001,2014,CHIGNOLO PO,,,,,,,,0.0246306621642687,0.0259342670623162,0.0222269219229929,13,9,0.0264010517397499,0.0323826187106533,0.0429528299313258,71,36,0.0206488159951849,0.0283805899751026,0.0396375092305243,189,55,PO018048NRP001,522279.911,5003718.75567,GWB ISS MPTLS,CHIGNOLO PO,,Mid,361.9653173181293,3,38.69978649946764,465.8768026979483,3,38.69978649946764,323.38181953477977,3,38.69978649946764,21.441972989431274,3,14.941625010054366,20.147683943595915,3,14.941625010054366,22.554655899595677,3,14.941625010054366,,139.90420353359417,16.531631193813393,2015.0,-1.0
PO018048NRP001,2015,CHIGNOLO PO,,,,,,,,0.0022305340912097,0.0027184634236618,0.001712386737819,13,9,0.0096433604037971,0.0088290361345571,0.0065603002122737,69,36,0.0114392917651701,0.0106256708932832,0.0075543558677644,163,55,PO018048NRP001,522279.911,5003718.75567,GWB ISS MPTLS,CHIGNOLO PO,,Low,162.42140239547123,3,33.30973719621689,208.6969835338844,3,33.30973719621689,126.79461286594264,3,33.30973719621689,23.603769088110923,3,14.941625010054366,21.761164590786542,3,14.941625010054366,25.041010569472363,3,14.941625010054366,,81.90237066794174,16.744302259205348,2015.0,0.0
PO018048NRP001,2016,CHIGNOLO PO,1.975,2.19,2.24,2.19,2.24,,,0.0010946883882682,0.0011384759237989,0.0011998425276639,13,9,0.0086426781530636,0.0090893726785802,0.0109909672139716,70,36,0.0084371640687292,0.0103341349434251,0.0108106619105885,181,55,PO018048NRP001,522279.911,5003718.75567,GWB ISS MPTLS,CHIGNOLO PO,,Low,246.20052971488587,3,33.30973719621689,258.5166210003968,3,33.30973719621689,161.73293162608965,3,33.30973719621689,22.0642704555478,3,14.941625010054366,20.669476613408968,3,14.941625010054366,23.68739682785889,3,14.941625010054366,0.050000000000000266,96.78368937430712,16.117859240795966,2015.0,1.0
PO018048NRP001,2017,CHIGNOLO PO,,3.4,,3.4,,,,0.0025223493538737,0.0025525761333196,0.0012259373210663,13,9,0.012429979215114,0.0133419808747617,0.0172485774205159,67,36,0.009268575190437,0.0118730328562814,0.0148206015378386,154,55,PO018048NRP001,522279.911,5003718.75567,GWB ISS MPTLS,CHIGNOLO PO,,Low,116.98408152706952,3,33.30973719621689,174.71956540066202,3,33.30973719621689,56.403800800700246,3,33.30973719621689,23.86299037326617,3,14.941625010054366,22.15450930209837,3,14.941625010054366,25.33622758730215,3,14.941625010054366,,118.31576459996178,17.35585221621726,2015.0,2.0
PO018048NRP001,2018,CHIGNOLO PO,3.24,3.125,2.96,3.3,3.3,2.96,2.95,0.0060924711166687,0.0071940983151562,0.0058869133283021,12,9,0.0120400007860371,0.0145000641336775,0.0156718998851728,60,36,0.0154013815287445,0.0185349946737933,0.0175144811102787,107,55,PO018048NRP001,522279.911,5003718.75567,GWB ISS MPTLS,CHIGNOLO PO,-0.3499999999999996,Low,318.99059116307444,3,16.472667029768864,425.4828174494074,3,16.472667029768864,165.7319848567156,3,16.472667029768864,23.165804643561213,3,14.941625010054366,21.681674468277325,3,14.941625010054366,24.637172303865764,3,14.941625010054366,-0.16500000000000004,259.75083259269184,17.292858974109627,2015.0,3.0
PO018048NRP001,2019,CHIGNOLO PO,3.45,3.03,,3.03,,,,0.0076911422828113,0.0076636434124439,0.0056312926697298,13,9,0.0177403759240008,0.0219052939306697,0.0191624322745661,61,36,0.0168337233656652,0.0206969286138766,0.0195476344377455,134,55,PO018048NRP001,522279.911,5003718.75567,GWB ISS MPTLS,CHIGNOLO PO,,Mid,198.4876542927058,3,16.472667029768864,263.80411575380094,3,16.472667029768864,69.16958387262174,3,16.472667029768864,22.773633418252423,3,14.941625010054366,20.95122397156256,3,14.941625010054366,25.28685759778399,3,14.941625010054366,,194.6345318811792,14.441933395214754,2015.0,4.0
PO018048NRP001,2020,CHIGNOLO PO,,,3.0,,,3.2,2.8,0.0007346394973305,0.0009242238837384,0.0009116995734749,13,9,0.0002624395335268,0.0003105523387691,0.0003005358869106,78,36,0.0003716454484027,0.0004039705968696,0.0003655652116955,195,55,PO018048NRP001,522279.911,5003718.75567,GWB ISS MPTLS,CHIGNOLO PO,,Low,251.93424834521895,3,16.472667029768864,268.92592955754657,3,16.472667029768864,196.4678603597408,3,16.472667029768864,22.877859740030846,3,14.941625010054366,21.268517043088693,3,14.941625010054366,24.01295748288505,3,14.941625010054366,,72.45806919780581,17.1293609699532,2015.0,5.0
PO018048NRP001,2021,CHIGNOLO PO,2.76,2.84,3.0,2.85,2.95,3.0,3.15,1.0661411439426843e-05,1.094197489835913e-05,1.5399816523616556e-05,13,9,0.0001454960749418,0.0001483671829683,8.287023552434728e-05,70,36,0.0018039647507444,0.0013634036080504,0.0007835290066643,178,55,PO018048NRP001,522279.911,5003718.75567,GWB ISS MPTLS,CHIGNOLO PO,0.2999999999999998,Low,113.0598863455104,3,16.472667029768864,173.47272389916142,3,16.472667029768864,60.753967242353546,3,16.472667029768864,22.81279633747988,3,14.941625010054366,20.772030056855456,3,14.941625010054366,24.630345383470484,3,14.941625010054366,0.16000000000000014,112.71875665680787,14.952931531468861,2015.0,6.0
PO018147NUP001,2008,SCALDASOLE,,,,,,,,0.0828203075565397,0.0873351895023841,0.0988962483825161,10,6,0.0928275778633187,0.0972831419489248,0.1103350945126749,63,32,0.0823265321844904,0.0868049398918982,0.0922118344040237,231,137,PO018147NUP001,492497.439,4996514.76967,GWB ISS MPP,SCALDASOLE,,High,216.67832504796445,3,21.972269526502437,317.9566471348631,3,21.972269526502437,136.14388689146455,3,21.972269526502437,21.456934233247345,3,22.965009130480645,19.54309518288184,3,22.965009130480645,22.812645384363226,3,22.965009130480645,,174.778676192047,14.891802121696893,,
PO018147NUP001,2009,SCALDASOLE,,,,,,,,0.0845005335914197,0.0877392212058738,0.0961088112283808,11,6,0.0870362232557987,0.0930574676477472,0.1192518843856911,66,32,0.0848522509507415,0.088196382528685,0.0949054304531032,248,137,PO018147NUP001,492497.439,4996514.76967,GWB ISS MPP,SCALDASOLE,,High,74.32027084012334,3,20.108905782638413,197.61576727901624,3,20.108905782638413,69.89487303537115,3,20.108905782638413,22.21446666931976,3,22.965009130480645,20.524029268247972,3,22.965009130480645,23.103842037536797,3,22.965009130480645,,127.72089424364512,16.802340429436352,,
PO018147NUP001,2010,SCALDASOLE,,,,,,,,0.0489270097018699,0.0505542263456779,0.0572817196759085,11,6,0.0487703211680733,0.054409817432142,0.0729714937130362,72,32,0.0466173919150717,0.0522708582413744,0.0632131403536632,260,137,PO018147NUP001,492497.439,4996514.76967,GWB ISS MPP,SCALDASOLE,,Mid,254.7527156909007,3,22.965009130480645,317.25455228810625,3,21.972269526502437,134.71350742341087,3,22.965009130480645,20.120682442305693,2,21.18865937682526,18.456804967101792,2,21.18865937682526,21.726242132135983,2,21.18865937682526,,174.28285669291796,14.088175714887706,,
PO018147NUP001,2011,SCALDASOLE,,,,,,,,0.0307371521517375,0.03492784323836,0.0445285752260435,12,6,0.0299029469494115,0.0312254429019011,0.0476696746132498,74,32,0.0370058666694052,0.0408529384934656,0.0496625472234873,264,137,PO018147NUP001,492497.439,4996514.76967,GWB ISS MPP,SCALDASOLE,,Mid,139.10909990885813,3,21.18865937682526,144.58966301739116,3,21.18865937682526,129.63256270281732,3,21.18865937682526,,1,9.1388246233221,,1,9.1388246233221,,1,20.108905782638413,,29.68752991019286,,,
PO018147NUP001,2012,SCALDASOLE,,,,,,,,0.0493201834165181,0.0519423992881043,0.0641961461579841,10,6,0.0411484943203825,0.043199119369495,0.0554977015075489,70,32,0.04573043384971,0.0465691483549649,0.056150844654901,254,137,PO018147NUP001,492497.439,4996514.76967,GWB ISS MPP,SCALDASOLE,,Mid,136.75190567122524,3,20.108905782638413,232.52184984891755,3,20.108905782638413,75.33654458799107,3,20.108905782638413,22.6650048681233,3,20.108905782638413,20.644087787880817,3,20.108905782638413,24.19405710868505,3,20.108905782638413,,157.18530526092644,15.181078515033663,,
PO018147NUP001,2013,SCALDASOLE,,,,,,,,0.1409783758731051,0.1619581477026697,0.1583844817683308,11,6,0.0855484829421162,0.0982195996526794,0.118897558708098,71,32,0.0809594739454527,0.0916270856276813,0.0963767859931357,260,137,PO018147NUP001,492497.439,4996514.76967,GWB ISS MPP,SCALDASOLE,,High,223.0054520248799,3,21.18865937682526,321.89838093006824,3,21.18865937682526,64.86269413206595,3,20.108905782638413,21.31639208306598,3,22.965009130480645,19.6985341271414,3,22.965009130480645,23.0870377183368,3,22.965009130480645,,238.9553922621324,14.624570253185226,,
PO018147NUP001,2014,SCALDASOLE,,,,,,,,0.066084149133207,0.0762626399032093,0.08142228246563,12,6,0.0522751709389598,0.061601600731592,0.0755282973955445,73,32,0.058458682041569,0.0703414778451222,0.0759703085481394,257,137,PO018147NUP001,492497.439,4996514.76967,GWB ISS MPP,SCALDASOLE,,High,288.43621948846527,3,21.18865937682526,373.94635356159694,3,21.18865937682526,260.060311688007,3,21.18865937682526,20.51103339688417,3,20.108905782638413,19.25905013379075,3,20.108905782638413,21.645784511362216,3,20.108905782638413,,100.63897375056854,15.659385170896073,,
PO018147NUP001,2015,SCALDASOLE,,6.28,5.75,6.28,,5.75,,0.0225502820821324,0.0268253011846631,0.036030254806974,12,6,0.028064959876084,0.0300100925004647,0.0364981202416553,75,32,0.0294537293591763,0.0325239053038485,0.0350099084259155,256,137,PO018147NUP001,492497.439,4996514.76967,GWB ISS MPP,SCALDASOLE,,Mid,134.79380656212734,3,20.108905782638413,156.08698357483885,3,20.108905782638413,112.69085758653,3,20.108905782638413,22.96477457823504,3,20.108905782638413,21.210608343360025,3,20.108905782638413,24.336263176866133,3,20.108905782638413,-0.5300000000000002,43.39612598830879,16.353755078802646,,
PO018147NUP001,2016,SCALDASOLE,6.665,6.645,5.64,6.55,6.09,5.64,5.29,0.0345025007462192,0.03600921058888,0.0519401691984967,11,6,0.0286815138731874,0.0290477840996572,0.0349176357073701,68,32,0.0294542105946352,0.0328555359200898,0.0398613809172817,257,137,PO018147NUP001,492497.439,4996514.76967,GWB ISS MPP,SCALDASOLE,-1.2599999999999998,Mid,197.06521095295628,3,20.108905782638413,206.1320736951123,3,20.108905782638413,115.9327748117847,3,20.108905782638413,21.39403755882244,3,20.108905782638413,20.063681847739915,3,20.108905782638413,22.94846808276843,3,20.108905782638413,-1.005,90.19929888332761,15.677929124028013,,
PO018147NUP001,2017,SCALDASOLE,6.55,6.79,5.74,6.78,6.27,5.74,5.36,0.0454763233399717,0.0534324318367249,0.0666631734503123,12,6,0.0337295287445856,0.0387489967964653,0.0403795655748884,66,32,0.0365429171619882,0.0427078790315016,0.0462609476290108,255,137,PO018147NUP001,492497.439,4996514.76967,GWB ISS MPP,SCALDASOLE,-1.42,Mid,175.06293414492222,3,20.108905782638413,217.46887180137375,3,20.108905782638413,97.19753711681408,3,20.108905782638413,22.56537313641491,3,20.108905782638413,20.87769297078753,3,20.108905782638413,24.0711649020861,3,20.108905782638413,-1.0499999999999998,120.27133468455968,16.108622212789786,,
PO018147NUP001,2018,SCALDASOLE,6.7,6.58,5.72,6.52,6.3,5.72,5.35,0.0655673485996683,0.0724685071951986,0.0863933125478475,12,6,0.0517574471026995,0.0542205496221385,0.0495713305545753,62,32,0.036072891689639,0.0421812313295438,0.0359300159436745,249,137,PO018147NUP001,492497.439,4996514.76967,GWB ISS MPP,SCALDASOLE,-1.17,Mid,260.5087589436093,3,20.108905782638413,334.86003741014304,3,20.108905782638413,171.46262167415188,3,20.108905782638413,22.53897902156801,3,20.108905782638413,21.07554555579916,3,20.108905782638413,23.885326667964797,3,20.108905782638413,-0.8600000000000003,163.3974157359912,16.774905310256663,,
PO018147NUP001,2019,SCALDASOLE,6.71,7.1,6.0,7.1,6.48,6.0,5.46,0.0573040649637044,0.0671455103209675,0.0833375324436929,11,6,0.0343677325785855,0.0466304081425603,0.0428751809779593,63,32,0.0275977007296701,0.0336402039201528,0.0311486430880816,252,137,PO018147NUP001,492497.439,4996514.76967,GWB ISS MPP,SCALDASOLE,-1.6399999999999997,Mid,153.26276355918293,3,20.108905782638413,211.51058762675424,3,20.108905782638413,73.42554025559647,3,20.108905782638413,22.187163969931937,3,20.108905782638413,20.305468013531108,3,20.108905782638413,24.513287052749742,3,20.108905782638413,-1.0999999999999996,138.08504737115777,14.016226006182501,,
PO018147NUP001,2020,SCALDASOLE,6.07,,5.46,,5.88,5.46,5.1,0.0222596206268968,0.028414951299335,0.0393376615079533,12,6,0.021465014611332,0.0278360576485847,0.0326877342566149,75,32,0.0151814287427232,0.0199641004277287,0.0177180008914456,277,137,PO018147NUP001,492497.439,4996514.76967,GWB ISS MPP,SCALDASOLE,,Low,238.62885439402865,3,20.108905782638413,271.7461464167717,3,20.108905782638413,154.07559619296296,3,20.108905782638413,22.17871640113676,3,20.108905782638413,20.52703428685416,3,20.108905782638413,23.311595202022424,3,20.108905782638413,,117.67055022380873,16.38266247023958,,
PO018147NUP001,2021,SCALDASOLE,6.3100000000000005,6.54,5.16,6.54,,,5.16,0.0001402232032382,0.0001463198642486,0.0001112231467333,12,6,0.006196258700286,0.0072740460991603,0.0083206710111502,77,32,0.008117249780313,0.0088926493209319,0.0093494974380904,273,137,PO018147NUP001,492497.439,4996514.76967,GWB ISS MPP,SCALDASOLE,-1.38,Low,121.65448271787284,3,18.146040078326823,155.971412151202,3,18.146040078326823,85.29921258277221,3,18.146040078326823,21.76239857782503,3,18.146040078326823,19.75361387770729,3,18.146040078326823,23.58820070800867,3,18.146040078326823,-1.38,99.76681898472398,14.142758198069506,,
PO0180500U0002,2008,CILAVEGNA,4.0,3.72,3.4,3.46,3.9,3.29,3.4,0.0807514796324539,0.123404685454443,0.1518401560024357,4,2,0.2173886556877385,0.2288077061614697,0.2381870707608385,69,54,0.3357511583096845,0.3679805678879917,0.3725770415043268,303,258,PO0180500U0002,480174.0,5017487.0,GWB ISS MPP,CILAVEGNA,-0.06,High,309.9060827804193,3,21.172381372911268,441.4014125666772,3,21.172381372911268,196.7229922460539,3,21.172381372911268,21.70061969675401,3,32.79534505078426,19.95802676528902,3,32.79534505078426,22.886454528085263,3,32.79534505078426,-0.3200000000000003,244.6784203206233,15.543504993190437,,
PO0180500U0002,2009,CILAVEGNA,3.87,,,,,,,0.1169351123087107,0.1902773772432866,0.250307512655854,5,2,0.2440677744757155,0.2845699696558711,0.2839197922946402,76,54,0.3412129360479054,0.3738189809625679,0.3811149741817607,309,258,PO0180500U0002,480174.0,5017487.0,GWB ISS MPP,CILAVEGNA,,High,98.34408017304192,3,21.172381372911268,301.13788552980714,3,21.172381372911268,76.7487816685042,3,21.172381372911268,22.649931102497952,3,32.79534505078426,20.91182864991216,3,32.79534505078426,23.381005032753485,3,32.79534505078426,,224.3891038613029,17.52506985814259,,
PO0180500U0002,2010,CILAVEGNA,3.72,3.73,3.38,3.5,2.98,3.4,3.38,0.0257523250100867,0.0407540048830783,0.0721750617958604,7,2,0.1674116989246939,0.1917663746741691,0.199324388345337,78,54,0.2791499957673559,0.3200243843187825,0.3181716561191534,315,258,PO0180500U0002,480174.0,5017487.0,GWB ISS MPP,CILAVEGNA,-0.1200000000000001,High,296.90077922562904,3,21.172381372911268,366.90874105929055,3,21.172381372911268,146.4342268086422,3,21.172381372911268,20.248366921424573,2,32.79534505078426,18.63341099521833,2,32.79534505078426,21.76571864817965,2,32.79534505078426,-0.3500000000000001,220.47451425064833,14.482869472097951,,
PO0180500U0002,2011,CILAVEGNA,3.75,3.65,2.85,3.42,4.0,2.85,2.8,0.0316668301820755,0.0308822850612076,0.0302284974604844,5,2,0.1155025219941627,0.1326380008934313,0.1443033970117764,76,54,0.2051194405278139,0.2281237939185568,0.2349973860162025,314,258,PO0180500U0002,480174.0,5017487.0,GWB ISS MPP,CILAVEGNA,-0.6200000000000001,High,191.2862507748889,3,21.172381372911268,205.8172496792123,3,21.172381372911268,161.74263832934702,3,21.172381372911268,,1,32.79534505078426,,1,32.79534505078426,,1,34.52361976965915,-0.7999999999999998,44.07461134986527,,,
PO0180500U0002,2012,CILAVEGNA,4.06,3.785,3.975,3.75,4.05,3.9,,0.0223133143347998,0.0267759772017598,0.0405219849199057,4,2,0.1772842425098805,0.2096496345125893,0.2122837504039103,74,54,0.2908504106704325,0.3207151291289989,0.3298654892681041,311,258,PO0180500U0002,480174.0,5017487.0,GWB ISS MPP,CILAVEGNA,,High,166.4291565152972,3,21.172381372911268,272.21894986374605,3,21.172381372911268,88.72974162648225,3,21.172381372911268,23.10628105261592,3,21.172381372911268,21.089144804126096,3,21.172381372911268,24.72111248345973,3,21.172381372911268,0.18999999999999995,183.48920823726377,15.611423058245867,,
PO0180500U0002,2013,CILAVEGNA,3.9,3.68,3.08,3.91,3.08,3.08,3.45,0.0544307742267845,0.0681853801012038,0.130800587746004,5,2,0.1744728920283312,0.207202632463951,0.2164189788168668,75,54,0.2934474988613535,0.3322112015990238,0.3374195727848331,312,258,PO0180500U0002,480174.0,5017487.0,GWB ISS MPP,CILAVEGNA,-0.4599999999999999,High,184.16540941849027,3,21.172381372911268,264.3375128817378,3,21.172381372911268,49.03948955885328,3,21.172381372911268,21.765128277113785,3,21.172381372911268,20.09784613188968,3,21.172381372911268,23.62933464170733,3,21.172381372911268,-0.6000000000000001,215.29802332288446,14.96037928212261,,
PO0180500U0002,2014,CILAVEGNA,3.5,3.525,3.47,3.5,3.47,3.45,3.9,0.0141426022164523,0.0188568029552698,0.0282852044329047,4,2,0.1051800139281743,0.1323870018660206,0.1302259146081022,75,54,0.2240666183213216,0.2591790270978233,0.2532937852737451,307,258,PO0180500U0002,480174.0,5017487.0,GWB ISS MPP,CILAVEGNA,0.3999999999999999,High,317.4925164353458,3,34.52361976965915,403.031374645232,3,34.52361976965915,298.92000976165207,3,34.52361976965915,20.67308330230394,3,32.79534505078426,19.40620422910582,3,32.79534505078426,21.81415006799373,3,32.79534505078426,-0.054999999999999716,101.35513466569793,15.774548209799475,,
PO0180500U0002,2015,CILAVEGNA,4.0,3.89,3.8,3.88,3.9,3.51,3.8,0.0,0.0,0.0,4,2,0.0717903506588462,0.0966768515607821,0.0938934173231964,73,54,0.1923967324859094,0.2258965815173558,0.219434996032438,305,258,PO0180500U0002,480174.0,5017487.0,GWB ISS MPP,CILAVEGNA,-0.08,High,170.15051663468,3,32.79534505078426,235.02359850074308,3,32.79534505078426,108.93274404773734,3,32.79534505078426,22.88534658857184,3,32.79534505078426,21.09206193900208,3,32.79534505078426,24.28251193119158,3,32.79534505078426,-0.0900000000000003,126.09085445300573,16.16485782145984,,
PO0180500U0002,2016,CILAVEGNA,4.3,3.945,3.55,3.69,3.55,3.5,3.9,0.0079147863667458,0.0074091398228819,0.0042927385075017,5,2,0.0603153246318438,0.0698188625318145,0.0777305042805734,76,54,0.1714788023605492,0.1917807720722645,0.1975656128875554,312,258,PO0180500U0002,480174.0,5017487.0,GWB ISS MPP,CILAVEGNA,0.2099999999999999,High,279.570565328121,3,32.79534505078426,293.4299072148317,3,32.79534505078426,179.56774132107614,3,32.79534505078426,21.49903522661248,3,32.79534505078426,20.22201900014712,3,32.79534505078426,23.028615371243983,3,32.79534505078426,-0.395,113.86216589375557,15.924661420687812,,
PO0180500U0002,2017,CILAVEGNA,4.0600000000000005,3.825,3.64,3.7,3.64,3.7,3.6,0.0,0.0,0.0,5,2,0.0420679935099453,0.0492325316927957,0.0554572984579818,75,54,0.1435929937483297,0.1584075280744423,0.1637781940665308,311,258,PO0180500U0002,480174.0,5017487.0,GWB ISS MPP,CILAVEGNA,-0.1,High,143.92238449954286,3,32.79534505078426,179.41260891820002,3,32.79534505078426,76.91306345798655,3,32.79534505078426,22.68314984461718,3,32.79534505078426,21.029762672485003,3,32.79534505078426,24.16958068235312,3,32.79534505078426,-0.18500000000000005,102.49954546021347,16.30356389603849,,
PO0180500U0002,2018,CILAVEGNA,3.85,4.47,4.01,5.01,3.96,4.25,4.01,0.0070512928068637,0.0070512928068637,0.0211538784205913,6,2,0.0818674814194026,0.1023392764493392,0.1058988812813581,75,54,0.2267168422133181,0.2625479351883169,0.2569294307175241,308,258,PO0180500U0002,480174.0,5017487.0,GWB ISS MPP,CILAVEGNA,-1.0,High,234.22565772061333,3,32.79534505078426,319.2037520308964,3,32.79534505078426,127.208288511009,3,32.79534505078426,22.639402464599232,3,32.79534505078426,21.160628151596303,3,32.79534505078426,24.01436830635319,3,32.79534505078426,-0.45999999999999996,191.9954635198874,16.844302710588078,,
PO0180500U0002,2019,CILAVEGNA,,3.65,,3.65,,,,0.0,0.0,0.0,6,2,0.0497731475532726,0.0561676547964365,0.0597889368576786,73,54,0.1166267120288638,0.126762973338398,0.1279167506602617,307,258,PO0180500U0002,480174.0,5017487.0,GWB ISS MPP,CILAVEGNA,,High,167.56673296697758,3,32.79534505078426,246.57203571667824,3,32.79534505078426,97.77048757808782,3,32.79534505078426,22.146307327331822,3,32.79534505078426,20.34203258994205,3,32.79534505078426,24.489091404147523,3,32.79534505078426,,148.8015481385904,14.099783107882194,,
PO0180500U0002,2020,CILAVEGNA,,,,,,,,0.0,0.0,0.0,7,2,0.0357271196955519,0.0498501539822841,0.0494853512664076,77,54,0.0946407435026191,0.11022761515775,0.107662588507169,318,258,PO0180500U0002,480174.0,5017487.0,GWB ISS MPP,CILAVEGNA,,High,303.1711934466911,3,32.79534505078426,353.5826412160794,3,32.79534505078426,188.318331945031,3,32.79534505078426,22.15776596070298,3,32.79534505078426,20.53953927758492,3,32.79534505078426,23.2913514233905,3,32.79534505078426,,165.26430927104843,16.40123199884997,,
PO0180500U0002,2021,CILAVEGNA,,,,,,,,0.0,0.0,0.0,7,2,0.0340956974569465,0.0379228884345461,0.0444439808627897,75,54,0.0819800841299831,0.0865957020471904,0.0921817338328849,314,258,PO0180500U0002,480174.0,5017487.0,GWB ISS MPP,CILAVEGNA,,High,115.68480530173464,3,22.197868388653895,164.9942277739937,3,22.197868388653895,67.51818690430122,3,22.197868388653895,21.76499563058958,3,22.197868388653895,19.82068351212,3,22.197868388653895,23.50436073248124,3,22.197868388653895,,97.47604086969247,14.264973606001409,,
PO018065NRG001,2008,FRASCAROLO,,,,,,,,0.3000419882126152,0.2892289916601251,0.3052464548964052,10,4,0.2455506398452647,0.2510750517691814,0.2661420157504228,43,16,0.1615709980338315,0.1715859581343518,0.1810992620380501,129,60,PO018065NRG001,476409.0,4987902.0,GWB ISS MPP,FRASCAROLO,,High,248.4620821036869,3,35.89656184093402,358.59930542624465,3,35.89656184093402,159.19893396723006,3,35.89656184093402,21.536573859091884,3,33.77407082363629,19.655306454011203,3,33.77407082363629,22.84357383194932,3,33.77407082363629,,184.673312114867,15.053661024576622,,
PO018065NRG001,2009,FRASCAROLO,,,,,,,,0.2713920394890011,0.2663195655571626,0.2876939221750945,10,4,0.2822789989770778,0.297603567087208,0.3137683185826365,48,16,0.1665497087303384,0.1715967930750739,0.1989390960816915,145,60,PO018065NRG001,476409.0,4987902.0,GWB ISS MPP,FRASCAROLO,,High,81.89408542395716,3,33.77407082363629,207.41039078814,3,33.77407082363629,75.91386907783068,3,33.77407082363629,22.30214472294733,3,33.77407082363629,20.598371567422085,3,33.77407082363629,23.13201262007117,3,33.77407082363629,,131.4965217103093,16.99158841920005,,
PO018065NRG001,2010,FRASCAROLO,,,,,,,,0.160114357953937,0.1764709405742905,0.1998176835477352,11,4,0.1886799408121887,0.2109503636571569,0.2587682078125606,48,16,0.1038666519462806,0.1124799362499386,0.1418346352175124,152,60,PO018065NRG001,476409.0,4987902.0,GWB ISS MPP,FRASCAROLO,,High,259.5791578755199,3,35.89656184093402,316.3089001891846,3,35.89656184093402,141.66187815907054,3,35.89656184093402,20.153425286927742,2,22.509192122330823,18.50209303796085,2,22.509192122330823,21.736365315783345,2,22.509192122330823,,174.64702203011407,14.113670461090807,,
PO018065NRG001,2011,FRASCAROLO,,,,,,,,0.1883704784636697,0.1910499333050744,0.2296462499381352,12,4,0.1317089914654319,0.1383462984074883,0.1683265819960069,52,16,0.0815388459202474,0.0833937751198729,0.1044834136202674,158,60,PO018065NRG001,476409.0,4987902.0,GWB ISS MPP,FRASCAROLO,,High,145.8428054888833,3,33.77407082363629,152.05390241750726,3,33.77407082363629,135.49715835261156,3,33.77407082363629,,1,16.836307700918276,,1,16.836307700918276,,1,38.23255644081363,,22.372949229282142,,,
PO018065NRG001,2012,FRASCAROLO,,,,,,,,0.2157892821525986,0.1982513309651336,0.220213978085667,11,4,0.2114754534890461,0.2037816014956361,0.2098242516609995,45,16,0.1026028741404275,0.0978908960244289,0.1007844701506474,151,60,PO018065NRG001,476409.0,4987902.0,GWB ISS MPP,FRASCAROLO,,High,135.91523175123928,3,22.509192122330823,233.99359467383368,3,22.509192122330823,71.54870024539636,3,22.509192122330823,22.59931182199488,3,33.77407082363629,20.6001110339973,3,33.77407082363629,24.115873931703213,3,33.77407082363629,,162.44489442843732,15.217451980272,,
PO018065NRG001,2013,FRASCAROLO,,,,,,,,0.2050636317322237,0.2276395519962534,0.2132412132651855,12,4,0.2225146956860507,0.2684100126533303,0.2936199051395912,51,16,0.160641712065137,0.175718136441126,0.1978789341401554,154,60,PO018065NRG001,476409.0,4987902.0,GWB ISS MPP,FRASCAROLO,,High,220.04385217526152,3,33.77407082363629,316.95724928941024,3,33.77407082363629,68.83137046077167,3,22.509192122330823,21.25725300160176,3,35.89656184093402,19.638573944690947,3,35.89656184093402,23.022993966230857,3,35.89656184093402,,237.17505213405775,14.633875950761844,,
PO018065NRG001,2014,FRASCAROLO,,2.17,,2.17,,,,0.1527012863111767,0.1827868375441302,0.1878038944754128,11,4,0.1659501757723433,0.1838305660726928,0.229177955950096,50,16,0.0897278574138613,0.100322571850964,0.1161257654759699,156,60,PO018065NRG001,476409.0,4987902.0,GWB ISS MPP,FRASCAROLO,,High,290.1735186797264,3,38.23255644081363,374.2615957353029,3,38.23255644081363,262.8558176222441,3,38.23255644081363,20.508203265236503,3,35.89656184093402,19.260820114991983,3,35.89656184093402,21.62789874204554,3,35.89656184093402,,101.05636573911056,15.690799890583328,,
PO018065NRG001,2015,FRASCAROLO,,2.05,2.01,2.05,,2.01,,0.1061561512432738,0.1028612820920534,0.1123918892427658,11,4,0.1023677907089377,0.1001089750944811,0.1155845924726843,51,16,0.0492586648405306,0.04765959461479,0.0556144687084533,152,60,PO018065NRG001,476409.0,4987902.0,GWB ISS MPP,FRASCAROLO,,High,146.58952433300055,3,22.509192122330823,176.21853902101856,3,22.509192122330823,116.43193778251612,3,22.509192122330823,22.836323264718903,3,35.89656184093402,21.099217728745916,3,35.89656184093402,24.18558603578336,3,35.89656184093402,-0.040000000000000036,59.786601238502406,16.311932458128993,,
PO018065NRG001,2016,FRASCAROLO,4.19,,1.98,,2.04,,1.92,0.0997793339846086,0.0981419079672867,0.1364149094442835,12,4,0.0696219232448283,0.0688013952978884,0.0904007205943343,51,16,0.0448190438971194,0.0446914492524002,0.0589605694993709,153,60,PO018065NRG001,476409.0,4987902.0,GWB ISS MPP,FRASCAROLO,,Mid,211.42729085318652,3,22.509192122330823,221.39551944053295,3,22.509192122330823,125.86947439883936,3,22.509192122330823,21.343625423471146,3,35.89656184093402,20.033635642985946,3,35.89656184093402,22.8730522756982,3,35.89656184093402,,95.52604504169365,15.702955937710483,,
PO018065NRG001,2017,FRASCAROLO,3.87,2.77,2.26,2.77,,,2.26,0.0420201140904316,0.0446783039533795,0.0434929835018313,9,4,0.071210466768207,0.0766548783655281,0.1293789854212567,48,16,0.0476424673982384,0.0497628923780649,0.0669707651945161,143,60,PO018065NRG001,476409.0,4987902.0,GWB ISS MPP,FRASCAROLO,-0.5100000000000002,Mid,181.20449933379373,3,22.509192122330823,221.2205062934749,3,22.509192122330823,105.62374710061194,3,22.509192122330823,22.47349831916548,3,35.89656184093402,20.81612019804765,3,35.89656184093402,23.93870617106064,3,35.89656184093402,-0.5100000000000002,115.59675919286295,16.141774738417173,,
PO018065NRG001,2018,FRASCAROLO,4.12,3.19,2.05,3.19,,2.05,,0.0233643637491493,0.0320671376727713,0.020880383933157,12,4,0.0472229897060109,0.0530904233012225,0.0752792405243932,43,16,0.025924646018964,0.0263830752429809,0.0358612913063835,144,60,PO018065NRG001,476409.0,4987902.0,GWB ISS MPP,FRASCAROLO,,Mid,253.9619898909276,3,22.509192122330823,327.46282857905794,3,22.509192122330823,165.38342618403246,3,22.509192122330823,22.464490830879004,3,35.89656184093402,21.021282136152134,3,35.89656184093402,23.78988107125155,3,35.89656184093402,-1.1400000000000001,162.0794023950255,16.798961189459785,,
PO018065NRG001,2019,FRASCAROLO,4.0,4.21,1.77,,,,1.77,0.0135536539843693,0.0153335564769804,0.0189598033405976,12,4,0.0216251363776726,0.026268251242541,0.0375059845734843,51,16,0.0166600414028123,0.0191594211847326,0.0232174984261251,147,60,PO018065NRG001,476409.0,4987902.0,GWB ISS MPP,FRASCAROLO,,Mid,157.36929570298807,3,22.509192122330823,220.19796663370036,3,22.509192122330823,81.66335831367255,3,22.509192122330823,22.176271555671875,3,35.89656184093402,20.3081773341434,3,35.89656184093402,24.48451956985634,3,35.89656184093402,-2.44,138.5346083200278,14.057365460079907,,
PO018065NRG001,2020,FRASCAROLO,,,1.275,,1.12,,1.43,0.0231204161644402,0.025122801834576,0.0329058298630116,12,4,0.0306142878214207,0.0365783599375042,0.0397800085943041,55,16,0.017598034588948,0.0212854350595975,0.0204894445483902,159,60,PO018065NRG001,476409.0,4987902.0,GWB ISS MPP,FRASCAROLO,,Mid,256.8761820892823,3,22.509192122330823,294.85530849512486,3,22.509192122330823,163.2596088648399,3,22.509192122330823,22.13542049090761,3,35.89656184093402,20.489302854927303,3,35.89656184093402,23.251294873962117,3,35.89656184093402,,131.59569963028497,16.370193419312635,,
PO018065NRG001,2021,FRASCAROLO,2.08,3.71,2.1,3.71,,,2.1,0.0095462391683314,0.0103003629483282,0.0129989711567759,12,4,0.0176304457123941,0.0198299453427932,0.0302191067712555,55,16,0.0093277071754877,0.0098396531617227,0.0128504231859955,156,60,PO018065NRG001,476409.0,4987902.0,GWB ISS MPP,FRASCAROLO,-1.61,Low,122.70155972392924,3,22.509192122330823,160.15741077418667,3,22.509192122330823,84.80431211122871,3,22.509192122330823,21.770275972821103,3,35.04600092735261,19.77081821280426,3,35.04600092735261,23.58742836711012,3,35.04600092735261,-1.6099999999999999,97.68534753976422,14.161767906489686,,
PO018014NRP001,2008,BEREGUARDO,,,,,,,,0.0915425734904905,0.1029853951768018,,6,0,0.070630586274934,0.0730327405035495,0.0511628278512872,36,17,0.0729552584824587,0.0800010911912255,0.080773969633255,175,76,PO018014NRP001,501192.230333,5013351.97267,GWB ISS MPTLS,BEREGUARDO,,High,284.7363258933424,3,14.606522977567074,400.420714559596,3,14.606522977567074,175.084451150486,3,14.606522977567074,21.592038830706777,3,27.13785691580687,19.878843301328043,3,27.13785691580687,22.8228121981592,3,27.13785691580687,,225.33626340911005,15.484125112343516,2015.0,-7.0
PO018014NRP001,2009,BEREGUARDO,,,,,,,,0.0155508470156096,0.0180532401507913,,7,0,0.0304712701682879,0.0278193866525801,0.0230428799776264,42,17,0.034635161473827,0.0400818911128594,0.0448686864582301,192,76,PO018014NRP001,501192.230333,5013351.97267,GWB ISS MPTLS,BEREGUARDO,,Mid,88.51793664008498,3,14.606522977567074,293.045238430058,3,14.606522977567074,71.51256483136622,3,14.606522977567074,22.70276735756895,3,27.13785691580687,20.97577416859824,3,27.13785691580687,23.539495433681807,3,27.13785691580687,,221.53267359869176,17.415170574879273,2015.0,-6.0
PO018014NRP001,2010,BEREGUARDO,,,,,,,,0.0198668042867211,0.0223326833953184,,8,0,0.0170688391256131,0.0167530832943062,0.013179735741441,43,17,0.0234124695421156,0.0276097800987231,0.0323122686802028,207,76,PO018014NRP001,501192.230333,5013351.97267,GWB ISS MPTLS,BEREGUARDO,,Mid,321.1684465782239,3,14.606522977567074,388.9557881689064,3,14.606522977567074,162.7440319717163,3,14.606522977567074,20.18340574530322,2,27.13785691580687,18.543560330707344,2,27.13785691580687,21.745634445862606,2,27.13785691580687,,226.21175619718994,14.774632461388128,2015.0,-5.0
PO018014NRP001,2011,BEREGUARDO,,,,,,,,0.012828668823377,0.0145622727184279,,7,0,0.0164950476119702,0.015239572300275,0.0090845551716127,40,17,0.0092782992143805,0.0095727617300208,0.009372941928884,201,76,PO018014NRP001,501192.230333,5013351.97267,GWB ISS MPTLS,BEREGUARDO,,Low,180.54517594023773,3,23.77276504934729,191.473336620958,3,23.77276504934729,134.721389008042,3,23.77276504934729,,1,27.13785691580687,,1,27.13785691580687,,1,14.606522977567074,,56.751947612916005,,2015.0,-4.0
PO018014NRP001,2012,BEREGUARDO,,,,,,,,0.0258466815511282,0.0286026630595687,,6,0,0.0435742457683843,0.035972930763432,0.0208490096694589,39,17,0.0296483934755626,0.0297179329614207,0.0269379453418016,180,76,PO018014NRP001,501192.230333,5013351.97267,GWB ISS MPTLS,BEREGUARDO,,Mid,199.2439008275418,3,20.431280199699756,308.4380713535565,3,20.431280199699756,121.773599066486,3,20.431280199699756,23.004186159906677,3,14.606522977567074,20.997259657315208,3,14.606522977567074,24.63729657494048,3,14.606522977567074,,186.66447228707048,15.507367912700053,2015.0,-3.0
PO018014NRP001,2013,BEREGUARDO,,,,,,,,0.0130270588269922,0.0130283205831397,,7,0,0.0364058727536322,0.0386656329583329,0.0396679042582857,39,17,0.0391265713961759,0.0406700308896334,0.0459617295716254,182,76,PO018014NRP001,501192.230333,5013351.97267,GWB ISS MPTLS,BEREGUARDO,,Mid,202.14511169118651,3,20.431280199699756,294.7107818602996,3,20.431280199699756,71.83424663487287,3,20.431280199699756,21.741231180485148,3,14.606522977567074,20.0858227087834,3,14.606522977567074,23.61216588432438,3,14.606522977567074,,222.87653522542672,14.88783610445596,2015.0,-2.0
PO018014NRP001,2014,BEREGUARDO,,,,,,,,0.0017651873770066,0.0023517940565943,,6,0,0.0424998679147265,0.043227673765364,0.0444453738999607,38,17,0.0275065962264574,0.0340081534879374,0.0411976606694735,187,76,PO018014NRP001,501192.230333,5013351.97267,GWB ISS MPTLS,BEREGUARDO,,Mid,348.2604368760476,3,23.77276504934729,448.6419448122514,3,23.77276504934729,311.1114124228304,3,23.77276504934729,21.177013347717786,3,14.649039453289786,19.889242519835424,3,14.649039453289786,22.31427207186573,3,14.649039453289786,,137.53053238942107,16.23182090037988,2015.0,-1.0
PO018014NRP001,2015,BEREGUARDO,,,13.045000000000002,,13.71,12.38,,0.0027935376429619,0.0049297723111093,,6,0,0.0127866535662114,0.0076226361655509,0.00123324344741,38,17,0.0089541273711613,0.0066609148856718,0.0040042070998249,161,76,PO018014NRP001,501192.230333,5013351.97267,GWB ISS MPTLS,BEREGUARDO,,Low,164.33915573861782,3,23.77276504934729,209.55543106973275,3,23.77276504934729,129.38997624667695,3,23.77276504934729,23.29252195308521,3,14.649039453289786,21.470858366804357,3,14.649039453289786,24.73530081770936,3,14.649039453289786,,80.16545482305577,16.504625888138335,2015.0,0.0
PO018014NRP001,2016,BEREGUARDO,14.05,14.17,12.97,14.1,13.53,12.97,12.13,0.0035359725957581,0.0044279323150736,,7,0,0.0187102993529512,0.0212289320852748,0.0186049385699637,42,17,0.0146620334038531,0.0169768032834754,0.0159793726249246,194,76,PO018014NRP001,501192.230333,5013351.97267,GWB ISS MPTLS,BEREGUARDO,-1.9699999999999989,Low,235.18201584191084,3,23.77276504934729,247.3164250369761,3,23.77276504934729,151.68785263502832,3,23.77276504934729,21.888580635719727,3,14.649039453289786,20.54614218051792,3,14.649039453289786,23.48833241214707,3,14.649039453289786,-1.1999999999999993,95.62857240194775,16.08154769418984,2015.0,1.0
PO018014NRP001,2017,BEREGUARDO,13.56,14.125,12.88,14.0,13.55,12.88,12.28,0.0008321387213072,0.0006934489344227,,5,0,0.0113951633279636,0.0127839828415315,0.0129566635291649,37,17,0.0095209014870875,0.0117513143026889,0.0132952814596871,185,76,PO018014NRP001,501192.230333,5013351.97267,GWB ISS MPTLS,BEREGUARDO,-1.7200000000000006,Low,134.99621039101692,3,23.77276504934729,189.8617017502767,3,23.77276504934729,73.47297554484881,3,23.77276504934729,23.46893985246772,3,14.649039453289786,21.78352586491188,3,14.649039453289786,24.9603931435128,3,14.649039453289786,-1.2449999999999992,116.38872620542787,16.99218505128426,2015.0,2.0
PO018014NRP001,2018,BEREGUARDO,13.5,13.9,12.715,13.9,,13.08,12.35,0.0002236026921309,0.0002981369228412,,2,0,0.0344882234091652,0.0328260239891158,0.0305864426130474,27,17,0.0174387865036985,0.0191106866245893,0.0181519583917147,123,76,PO018014NRP001,501192.230333,5013351.97267,GWB ISS MPTLS,BEREGUARDO,-1.5500000000000007,Mid,326.93732365616336,3,23.77276504934729,435.83415913466666,3,23.77276504934729,177.20227936490275,3,23.77276504934729,22.964432337969303,3,14.649039453289786,21.485365219859247,3,14.649039453289786,24.417472110856664,3,14.649039453289786,-1.1850000000000005,258.63187976976394,17.10836123317551,2015.0,3.0
PO018014NRP001,2019,BEREGUARDO,13.53,14.09,13.17,14.08,13.77,13.17,12.35,0.0,0.0,,2,0,0.0153565963606614,0.0144456819277718,0.0105650188304328,27,17,0.0088470279853105,0.0115111359410334,0.0122711470813476,159,76,PO018014NRP001,501192.230333,5013351.97267,GWB ISS MPTLS,BEREGUARDO,-1.7300000000000004,Low,198.81502721860107,3,23.450485143728187,264.00131508592733,3,23.450485143728187,76.72191673057914,3,23.450485143728187,22.45212753059097,3,14.649039453289786,20.65288981349311,3,14.649039453289786,24.90727326922341,3,14.649039453289786,-0.9199999999999999,187.2793983553482,14.247383125016434,2015.0,4.0
PO018014NRP001,2020,BEREGUARDO,12.84,,12.18,,13.11,12.18,11.79,0.0,0.0,,3,0,0.0019590484280703,0.0018292630814882,0.0014804212240086,37,17,0.0017303805302731,0.0027812091239344,0.0035247326632982,195,76,PO018014NRP001,501192.230333,5013351.97267,GWB ISS MPTLS,BEREGUARDO,,Low,256.9169478595706,3,23.450485143728187,276.5065968327453,3,23.450485143728187,184.64381737263292,3,23.450485143728187,22.48202718466609,3,14.649039453289786,20.8796578344821,3,14.649039453289786,23.63196341140774,3,14.649039453289786,,91.86277946011232,16.728639587315563,2015.0,5.0
PO018014NRP001,2021,BEREGUARDO,13.01,13.57,11.64,13.57,,,11.64,0.0,0.0,,4,0,2.6013621405296617e-05,3.103379395719596e-05,5.202724281059324e-05,34,17,0.0021901729908036,0.0020689999353407,0.0008010409670867,187,76,PO018014NRP001,501192.230333,5013351.97267,GWB ISS MPTLS,BEREGUARDO,-1.93,Low,158.59085368220008,3,20.431280199699756,216.44192095572245,3,20.431280199699756,104.98859993956756,3,20.431280199699756,21.831522604142027,3,14.606522977567074,19.88573359637033,3,14.606522977567074,23.51386964947841,3,14.606522977567074,-1.9299999999999997,111.45332101615493,14.413790696600772,2015.0,6.0
PO018176NUP001,2008,VIDIGULFO,,,,,,,,0.0413034571278276,0.0458265873789787,0.0726738219770292,11,4,0.0264103335880295,0.0318048744405986,0.0470065703349454,45,14,0.0301319888252195,0.0381979711116363,0.0597061870389596,199,56,PO018176NUP001,518046.1505,5015899.1052,GWB ISS MPTLS,VIDIGULFO,,Mid,183.3038637597257,3,27.922090146368262,280.60664279129645,3,27.922090146368262,110.69552895295566,3,27.922090146368262,21.575107617329024,3,41.90508011509962,19.80697448494378,3,41.90508011509962,22.830206663735552,3,41.90508011509962,,169.91111383834078,15.34478413863328,2010.0,-2.0
PO018176NUP001,2009,VIDIGULFO,,,,,,,,0.0121481138203913,0.0131775500485673,0.0127202286967076,10,4,0.0131149824500122,0.0165924801182032,0.0228783207532528,62,14,0.0202925451271187,0.0265990708298013,0.0416566862193576,250,56,PO018176NUP001,518046.1505,5015899.1052,GWB ISS MPTLS,VIDIGULFO,,Mid,78.28084556418642,3,27.922090146368262,192.37035577806608,3,27.922090146368262,67.94528310645626,3,27.922090146368262,22.57199062380742,3,41.90508011509962,20.85243362912212,3,41.90508011509962,23.40541783528664,3,41.90508011509962,,124.4250726716098,17.278578833432178,2010.0,-1.0
PO018176NUP001,2010,VIDIGULFO,,,,,,,,0.0085148229402312,0.0083509479856325,0.004542523965938,14,4,0.0092073348293776,0.0113218952793015,0.0058168509027122,71,14,0.013333479706563,0.0151481255229947,0.0198665716552655,262,56,PO018176NUP001,518046.1505,5015899.1052,GWB ISS MPTLS,VIDIGULFO,,Low,320.1061393833074,3,29.1827195132379,381.8998300074429,3,27.922090146368262,159.57923003264992,3,29.1827195132379,20.167957405953437,2,41.90508011509962,18.52219305198725,2,41.90508011509962,21.74085824580761,2,41.90508011509962,,213.66792894338548,14.55679896487203,2010.0,0.0
PO018176NUP001,2011,VIDIGULFO,,,,,,,,0.0012551255866936,0.001291183758557,0.0029205364044173,12,4,0.0037157404187703,0.00455423622592,0.0040530172250111,68,14,0.0050691602642571,0.0054261163735056,0.0074151894250202,273,56,PO018176NUP001,518046.1505,5015899.1052,GWB ISS MPTLS,VIDIGULFO,,Low,170.8448750717526,3,38.89157339034153,182.7014107262015,3,38.89157339034153,130.55785859513512,3,38.89157339034153,,1,37.77964233775808,,1,37.77964233775808,,1,14.431504770325231,,56.621058611272694,,2010.0,1.0
PO018176NUP001,2012,VIDIGULFO,,,,,,,,0.0072169817972785,0.0091654034203384,0.0149618535346235,12,4,0.0097371562510677,0.0129974916948972,0.0157669917301973,69,14,0.0125858882148341,0.0159904319374108,0.0189976825508589,241,56,PO018176NUP001,518046.1505,5015899.1052,GWB ISS MPTLS,VIDIGULFO,,Low,203.55946630021683,3,29.1827195132379,335.6585971601568,3,29.1827195132379,112.09635401058462,3,29.1827195132379,22.81948362758985,3,27.922090146368262,20.784778402307264,3,27.922090146368262,24.41249944542731,3,27.922090146368262,,223.5622431495721,15.313461419240957,2010.0,2.0
PO018176NUP001,2013,VIDIGULFO,,,,,,,,0.018646019966238,0.023376714340166,0.0139645934104919,12,4,0.032815761321909,0.036878791898249,0.0403605567701604,58,14,0.0489407165768567,0.0540530767893622,0.0627361235228904,213,56,PO018176NUP001,518046.1505,5015899.1052,GWB ISS MPTLS,VIDIGULFO,,High,321.6182749296772,3,29.1827195132379,447.9762957646234,3,29.1827195132379,152.74173677213955,3,29.1827195132379,21.801947696554244,3,27.922090146368262,20.10890195557498,3,27.922090146368262,23.673790370192293,3,27.922090146368262,,295.2345589924839,14.732348936807876,2010.0,3.0
PO018176NUP001,2014,VIDIGULFO,,,,,,,,0.0100524593215209,0.0117708072823006,0.0246212362447598,11,4,0.0097258953618196,0.0156166961625954,0.0217054985186439,70,14,0.0146152410176414,0.021744824779315,0.0352575699564546,258,56,PO018176NUP001,518046.1505,5015899.1052,GWB ISS MPTLS,VIDIGULFO,,Low,456.1860382475313,3,38.89157339034153,551.9386544150633,3,38.89157339034153,399.2114427805691,3,38.89157339034153,21.252878290674477,3,14.431504770325231,19.97087668118784,3,14.431504770325231,22.33239805387387,3,14.431504770325231,,152.37857983107347,16.474747741805242,2010.0,4.0
PO018176NUP001,2015,VIDIGULFO,,,3.66,,,3.66,,0.0028227323952402,0.0026274523857579,0.0008983977919948,12,4,0.0006811656796118,0.000680214564844,0.0003445849766389,59,14,0.0022709168428359,0.0019076396619273,0.0005665320159399,228,56,PO018176NUP001,518046.1505,5015899.1052,GWB ISS MPTLS,VIDIGULFO,,Low,221.8693199512648,3,37.77964233775808,268.6686353514477,3,37.77964233775808,168.9857284198545,3,37.77964233775808,23.81597473940925,3,14.431504770325231,21.910087753168863,3,14.431504770325231,25.188832587820325,3,14.431504770325231,,99.68290693159317,16.639691864347057,2010.0,5.0
PO018176NUP001,2016,VIDIGULFO,4.7,4.1,3.45,3.9,3.7,3.45,2.7,0.0020533980180819,0.0029120917347344,0.0061097768969678,13,4,0.0013524140981543,0.0016521953874522,0.0017771801074212,66,14,0.0025825304632462,0.0032078488344066,0.0058379476169994,259,56,PO018176NUP001,518046.1505,5015899.1052,GWB ISS MPTLS,VIDIGULFO,-1.1999999999999995,Low,377.0417919090119,3,37.77964233775808,389.771388638284,3,37.77964233775808,256.8916752455612,3,37.77964233775808,21.91248296742924,3,14.431504770325231,20.509327834676206,3,14.431504770325231,23.46434890685535,3,14.431504770325231,-0.6499999999999995,132.87971339272275,16.052574742209305,2010.0,6.0
PO018176NUP001,2017,VIDIGULFO,4.7,4.56,3.75,,3.8,3.75,3.75,0.0078084576785503,0.0088996335689443,0.0082768442063145,9,4,0.0060684175741782,0.0087189235962968,0.0094900264312551,65,14,0.0070228283303645,0.0100055609822969,0.0102402432417095,231,56,PO018176NUP001,518046.1505,5015899.1052,GWB ISS MPTLS,VIDIGULFO,,Low,120.60471327300368,3,37.77964233775808,190.5652605796178,3,37.77964233775808,66.8302810180563,3,37.77964233775808,23.439680779571237,3,14.431504770325231,21.72053396692182,3,14.431504770325231,24.891858412613765,3,14.431504770325231,-0.8099999999999996,123.73497956156153,16.937552835714296,2010.0,7.0
PO018176NUP001,2018,VIDIGULFO,4.6,4.345,3.72,4.35,3.92,3.7,3.72,0.0033101227042996,0.007852809308263,0.0051053185714408,7,4,0.016485071128073,0.0192630227640479,0.0134743360988241,39,14,0.0127013404924383,0.0149445339833697,0.0121748876209104,137,56,PO018176NUP001,518046.1505,5015899.1052,GWB ISS MPTLS,VIDIGULFO,-0.6299999999999994,Low,395.0376018447942,3,27.98619941815829,519.9905935715115,3,27.98619941815829,242.63251440052468,3,27.98619941815829,23.336582325574103,3,14.431504770325231,21.800058061253797,3,14.431504770325231,24.72724685265227,3,14.431504770325231,-0.6249999999999996,277.3580791709868,17.398050696479583,2010.0,8.0
PO018176NUP001,2019,VIDIGULFO,4.8,4.7,3.87,,4.72,3.85,3.87,0.0048171306580857,0.0047410140559077,0.0029899501862625,9,4,0.0053719845722662,0.0075651854682103,0.0053962925939621,50,14,0.010570066762335,0.0146378189306599,0.0169196431875163,185,56,PO018176NUP001,518046.1505,5015899.1052,GWB ISS MPTLS,VIDIGULFO,,Low,252.2065970631685,3,27.98619941815829,324.0935463200256,3,27.98619941815829,116.22585201304564,3,27.98619941815829,23.19259172636685,3,14.431504770325231,21.32865520139553,3,14.431504770325231,25.676540751108494,3,14.431504770325231,-0.8300000000000001,207.86769430697998,14.834884412751846,2010.0,9.0
PO018176NUP001,2020,VIDIGULFO,,,3.8,,3.8,3.7,3.8,7.075509994239024e-05,8.844697518592194e-05,0.0,12,4,0.0009199636389322,0.0014608350104041,0.0014501668848208,71,14,0.0014947523798906,0.002037306980839,0.0025690472156427,265,56,PO018176NUP001,518046.1505,5015899.1052,GWB ISS MPTLS,VIDIGULFO,,Low,285.124677704728,3,27.98619941815829,305.7461408391231,3,27.98619941815829,203.5055140343506,3,27.98619941815829,23.607849336529803,3,14.431504770325231,21.963286042142624,3,14.431504770325231,24.68617506253482,3,14.431504770325231,,102.24062680477248,17.856633749092094,2010.0,10.0
PO018176NUP001,2021,VIDIGULFO,4.2,4.075,3.67,3.68,3.67,3.68,3.65,0.0017021503407574,0.0014013639440112,0.0008730359724722,14,4,0.0027137890455587,0.0035130207123568,0.003054845952214,77,14,0.0023004544040932,0.0029280342324989,0.0019758209996109,255,56,PO018176NUP001,518046.1505,5015899.1052,GWB ISS MPTLS,VIDIGULFO,-0.0300000000000002,Low,133.38604181261988,3,16.75363153835961,202.49052689412312,3,16.75363153835961,73.64580331161336,3,16.75363153835961,23.838389006980968,3,14.431504770325231,21.729497333589386,3,14.431504770325231,25.65937261143786,3,14.431504770325231,-0.40500000000000025,128.84472358250972,15.802472324375302,2010.0,11.0
PO0180350U0002,2008,CASSOLNOVO,,,,,,,,0.5178213257874763,0.4992994023693934,0.5132545834550493,14,13,0.5964007982300163,0.6244530931292546,0.6440519446134567,59,50,0.4128127004584936,0.4524860433047019,0.4796723461775045,182,143,PO0180350U0002,485404.0,5022621.0,GWB ISS MPP,CASSOLNOVO,,High,319.52995995788416,3,25.94298643178923,452.61742432909136,3,25.94298643178923,203.60790567291,3,25.94298643178923,21.600507345563948,3,36.07586147273548,19.959517128573665,3,36.07586147273548,22.80609995993029,3,36.07586147273548,,249.0095186561813,15.651568538264375,,
PO0180350U0002,2009,CASSOLNOVO,,,,,,,,0.4781738951447465,0.4884131234740059,0.4686975118823542,14,13,0.59880442650894,0.6196274747539844,0.6346682464679083,59,50,0.3771941122354208,0.4311549985752582,0.4700134810219809,199,143,PO0180350U0002,485404.0,5022621.0,GWB ISS MPP,CASSOLNOVO,,High,99.93787844228616,3,25.94298643178923,309.6122014253993,3,25.94298643178923,77.46891333551986,3,25.94298643178923,22.872640453233466,3,36.07586147273548,21.13764173026833,3,36.07586147273548,23.72587984340496,3,36.07586147273548,,232.1432880898794,17.573253468380933,,
PO0180350U0002,2010,CASSOLNOVO,,,,,,,,0.451617690982918,0.4497140392661095,0.4430552891336191,14,13,0.5339258375613252,0.5587012642827176,0.5818323128558697,61,50,0.3293466438371195,0.3810651993378626,0.4207976344989707,204,143,PO0180350U0002,485404.0,5022621.0,GWB ISS MPP,CASSOLNOVO,,High,309.8949889675206,3,25.94298643178923,381.60067644756464,3,25.94298643178923,155.0502435064563,3,25.94298643178923,20.23321041804361,2,36.07586147273548,18.612447367683345,2,36.07586147273548,21.761032675749693,2,36.07586147273548,,226.55043294110834,15.081463038270376,,
PO0180350U0002,2011,CASSOLNOVO,,,,,,,,0.4255570402945435,0.4304178086082068,0.4166743525853141,14,13,0.4665591928404238,0.4911902345387109,0.5127977621561538,60,50,0.2779606674232387,0.3211865651428975,0.3474444639490752,196,143,PO0180350U0002,485404.0,5022621.0,GWB ISS MPP,CASSOLNOVO,,High,204.06892467548207,3,25.94298643178923,216.18684584495767,3,25.94298643178923,146.98331050550078,3,25.94298643178923,,1,36.07586147273548,,1,36.07586147273548,,1,32.652200324021045,,69.20353533945689,,,
PO0180350U0002,2012,CASSOLNOVO,,,,,,,,0.49125090111934,0.4907289954833687,0.488025027150527,14,13,0.5498109715504363,0.5723626579990686,0.6019957062558582,60,50,0.3506298399893179,0.4046472870332981,0.4429868248768372,200,143,PO0180350U0002,485404.0,5022621.0,GWB ISS MPP,CASSOLNOVO,,High,188.30964580722676,3,25.94298643178923,296.2392499267056,3,25.94298643178923,106.45111297938976,3,25.94298643178923,23.119239790784174,3,25.94298643178923,21.09878228417748,3,25.94298643178923,24.744664871823044,3,25.94298643178923,,189.78813694731588,15.600074119203846,,
PO0180350U0002,2013,CASSOLNOVO,,,,,,,,0.4348074274071093,0.4416345966630615,0.4303747406014456,14,13,0.5148004491693662,0.5357158624222381,0.5469950789567083,57,50,0.3345913313568321,0.4001053987924886,0.4237627314363491,198,143,PO0180350U0002,485404.0,5022621.0,GWB ISS MPP,CASSOLNOVO,,High,166.27730173620824,3,25.94298643178923,248.04873949761355,3,25.94298643178923,47.76412930284672,3,25.94298643178923,21.78100703785036,3,25.94298643178923,20.110961829111577,3,25.94298643178923,23.65490771823549,3,25.94298643178923,,200.28461019476683,14.953939870058276,,
PO0180350U0002,2014,CASSOLNOVO,,5.5,,5.5,,,,0.3889866640436506,0.3971997797979336,0.3941931929630345,14,13,0.4145853583627291,0.4387915970636594,0.4509032016171453,59,50,0.2627979156146081,0.3128432731204564,0.3275033645763057,195,143,PO0180350U0002,485404.0,5022621.0,GWB ISS MPP,CASSOLNOVO,,High,312.11330552431605,3,32.652200324021045,399.7000931624141,3,32.652200324021045,291.0451331669143,3,32.652200324021045,20.743138277588084,3,32.652200324021045,19.46924742100573,3,32.652200324021045,21.89228750395661,3,32.652200324021045,,108.65495999549984,15.81482631229292,,
PO0180350U0002,2015,CASSOLNOVO,,6.35,4.28,6.35,,4.28,,0.3734096331610567,0.3906301941090035,0.3741482939857704,14,13,0.3976436109880925,0.4433263199505808,0.4404077263065071,59,50,0.2692655663012476,0.3354525605724693,0.3336237119262744,189,143,PO0180350U0002,485404.0,5022621.0,GWB ISS MPP,CASSOLNOVO,,High,165.9545514974291,3,32.652200324021045,226.59055412611264,3,32.652200324021045,111.96331814450672,3,32.652200324021045,22.9152710589302,3,32.652200324021045,21.1023671341522,3,32.652200324021045,24.33082334863284,3,32.652200324021045,-2.0699999999999994,114.62723598160592,16.126918962810848,,
PO0180350U0002,2016,CASSOLNOVO,7.73,6.33,5.85,6.33,,,5.85,0.3675553453775745,0.3749559681738418,0.3732880085658953,14,13,0.3989726537007229,0.4207932994089881,0.4351657152989259,59,50,0.2598238945175946,0.3003264409314277,0.3271720488457766,194,143,PO0180350U0002,485404.0,5022621.0,GWB ISS MPP,CASSOLNOVO,-0.4800000000000004,High,255.36685560366183,3,32.652200324021045,268.8152750787707,3,32.652200324021045,162.2883178745347,3,32.652200324021045,21.56532030026341,3,32.652200324021045,20.296939161320378,3,32.652200324021045,23.097754940323973,3,32.652200324021045,-0.4800000000000004,106.52695720423601,16.004335136721263,,
PO0180350U0002,2017,CASSOLNOVO,,5.92,3.8,5.92,,,3.8,0.4278343066218353,0.4452260533968608,0.4309640870262415,14,13,0.3716532167296107,0.4063541383040532,0.4223601332167163,63,50,0.2342040621483703,0.2795930136315488,0.2915104974303036,196,143,PO0180350U0002,485404.0,5022621.0,GWB ISS MPP,CASSOLNOVO,-2.12,High,148.57853538096737,3,32.652200324021045,186.58425686682472,3,32.652200324021045,82.35992412458648,3,32.652200324021045,22.773226948167707,3,32.652200324021045,21.12032137272161,3,32.652200324021045,24.267903599205564,3,32.652200324021045,-2.12,104.22433274223825,16.373148178680232,,
PO0180350U0002,2018,CASSOLNOVO,7.25,5.75,4.2,5.75,5.0,4.14,4.2,0.5485231477235046,0.5624202869410786,0.5519422327096647,14,13,0.4403755885155831,0.4860581257202206,0.4960000590396424,62,50,0.2765579293574696,0.3415443373661516,0.3395680040949554,193,143,PO0180350U0002,485404.0,5022621.0,GWB ISS MPP,CASSOLNOVO,-1.5499999999999998,High,248.34401306683583,3,32.652200324021045,336.14685554955526,3,32.652200324021045,133.00315419416546,3,32.652200324021045,22.71206063468423,3,32.652200324021045,21.22186254712629,3,32.652200324021045,24.105829634690625,3,32.652200324021045,-1.5499999999999998,203.14370135538985,16.872272841291554,,
PO0180350U0002,2019,CASSOLNOVO,8.2,6.9,4.0,6.9,,,4.0,0.4005007764945428,0.4255351738205979,0.3943891315888136,14,13,0.3486329356291597,0.3762798309832325,0.3501791649175187,56,50,0.204783980043595,0.2351255914826484,0.2363966909074218,185,143,PO0180350U0002,485404.0,5022621.0,GWB ISS MPP,CASSOLNOVO,-2.9000000000000004,High,171.67071359558918,3,32.652200324021045,247.5715473436589,3,32.652200324021045,91.5386340364062,3,32.652200324021045,22.14946764103248,3,32.652200324021045,20.366579639595468,3,32.652200324021045,24.50732305544156,3,32.652200324021045,-2.9000000000000004,156.03291330725267,14.121523996024312,,
PO0180350U0002,2020,CASSOLNOVO,,,,,,,,0.3998150557634377,0.4198585811617045,0.4065861409673325,14,13,0.3124042390754555,0.3449972710813969,0.3459280700928842,63,50,0.1814549070711874,0.225958560393553,0.2238828994596323,200,143,PO0180350U0002,485404.0,5022621.0,GWB ISS MPP,CASSOLNOVO,,High,295.0151483148435,3,32.652200324021045,338.9918093155072,3,32.652200324021045,188.88637719330293,3,32.652200324021045,22.179566596898265,3,32.652200324021045,20.571481925449195,3,32.652200324021045,23.32007015567793,3,32.652200324021045,,150.10543212220432,16.426070168382903,,
PO0180350U0002,2021,CASSOLNOVO,,7.0,,7.0,,,,0.30854479308861,0.3089394823843497,0.3155710419807105,14,13,0.2764341864296141,0.2887365977450493,0.3081532206553967,62,50,0.1744636742744957,0.1949713166360113,0.214832308953065,197,143,PO0180350U0002,485404.0,5022621.0,GWB ISS MPP,CASSOLNOVO,,High,131.93189725713873,3,26.162422001794862,183.7891089755859,3,26.162422001794862,82.97032886774676,3,26.162422001794862,21.745993845277063,3,26.162422001794862,19.80202726917705,3,26.162422001794862,23.489438207052128,3,26.162422001794862,,100.81878010783912,14.240686182545772,,
PO0181180U0019,2008,PORTALBERA,9.6,9.7,10.0,9.55,9.8,10.24,10.0,,,,0,0,0.0304230703040957,0.0304230703040957,,2,0,0.0333091070920968,0.0476670814092403,0.0325249374258823,38,18,PO0181180U0019,524321.0,4993134.0,GWB ISS MPOP,PORTALBERA,0.4499999999999993,Mid,171.7943876213508,3,40.25868901243556,264.3076826242886,3,40.25868901243556,100.20342408975183,3,40.25868901243556,21.44306587146396,2,43.86697185810755,19.589951027033948,2,43.86697185810755,22.78794097928993,2,43.86697185810755,0.3000000000000007,162.00980232208735,15.008722079049146,2015.0,-7.0
PO0181180U0019,2009,PORTALBERA,9.1,8.73,8.75,8.84,8.75,,,,,,0,0,0.0,0.0,,1,0,0.0189612549596845,0.0184497539036772,0.020337553863862,45,18,PO0181180U0019,524321.0,4993134.0,GWB ISS MPOP,PORTALBERA,,Mid,69.3702950599442,3,31.6063739299528,183.3409755153926,3,31.6063739299528,60.55861583375749,3,31.6063739299528,22.35427006666185,2,43.86697185810755,20.65979224573717,2,43.86697185810755,23.27606776138856,2,43.86697185810755,0.019999999999999574,122.78235968163511,16.902636692117298,2015.0,-6.0
PO0181180U0019,2010,PORTALBERA,7.97,6.99,7.3,6.75,7.0,7.3,7.4,,,,0,0,0.0,0.0,,2,0,0.0258019474922634,0.0278504424851995,0.0213392481350132,49,18,PO0181180U0019,524321.0,4993134.0,GWB ISS MPOP,PORTALBERA,0.6500000000000004,Mid,319.2224775927589,3,43.693260441399886,365.7284187363347,3,40.25868901243556,163.1831369712551,3,43.693260441399886,,1,31.6063739299528,,1,31.6063739299528,,1,31.6063739299528,0.3099999999999996,208.1061707852041,14.377478560665178,2015.0,-5.0
PO0181180U0019,2011,PORTALBERA,6.1,5.859999999999999,7.93,6.2,6.6,8.7,7.93,0.0,0.0,,1,0,0.0,0.0,,3,0,0.0201281829245752,0.01715554743779,0.008103649626227,54,18,PO0181180U0019,524321.0,4993134.0,GWB ISS MPOP,PORTALBERA,1.7299999999999995,Mid,166.86599962582886,3,43.86697185810755,178.55058921136384,3,43.86697185810755,129.2594936597156,3,43.86697185810755,,1,31.6063739299528,,1,31.6063739299528,,1,16.17530426298065,2.0700000000000003,47.27357463968841,,2015.0,-4.0
PO0181180U0019,2012,PORTALBERA,8.26,8.4,8.5,8.4,8.45,8.5,8.6,,,,0,0,0.0,0.0,,1,0,0.020670763684428,0.0159740122060675,0.0063230991447603,45,18,PO0181180U0019,524321.0,4993134.0,GWB ISS MPOP,PORTALBERA,0.1999999999999993,Mid,189.36768674782493,3,31.6063739299528,294.1846303190173,3,31.6063739299528,120.37721598464772,3,31.6063739299528,22.943328004409107,3,31.6063739299528,20.91534895049401,3,31.6063739299528,24.565382035098697,3,31.6063739299528,0.09999999999999964,173.80741433436958,15.368648849472688,2015.0,-3.0
PO0181180U0019,2013,PORTALBERA,8.7,7.975,9.0,7.85,7.55,9.0,10.3,,,,0,0,0.117501348257065,0.117501348257065,,1,0,0.0503087214607557,0.0528374380082823,0.0489290120321567,43,18,PO0181180U0019,524321.0,4993134.0,GWB ISS MPOP,PORTALBERA,2.450000000000001,High,226.96558375951687,3,40.25868901243556,326.2693202390594,3,40.25868901243556,77.30875341136984,3,31.6063739299528,21.691844320935317,3,40.25868901243556,20.050250264733474,3,40.25868901243556,23.542944884479468,3,40.25868901243556,1.0250000000000004,239.67580533950576,14.806942097499345,2015.0,-2.0
PO0181180U0019,2014,PORTALBERA,7.5,6.7,7.12,,6.86,7.12,7.42,,,,0,0,0.0,0.0,,1,0,0.023312375993238,0.026108096081761,0.0218542953043382,52,18,PO0181180U0019,524321.0,4993134.0,GWB ISS MPOP,PORTALBERA,,Mid,348.9963527893124,3,40.25868901243556,452.421436103553,3,40.25868901243556,312.5209735032764,3,40.25868901243556,21.415048105590657,3,25.689722555917182,20.122144599833888,3,25.689722555917182,22.5339052218022,3,25.689722555917182,0.41999999999999993,133.10022315698907,16.497474710579397,2015.0,-1.0
PO0181180U0019,2015,PORTALBERA,7.12,7.494999999999999,7.65,8.79,7.49,7.65,7.95,,,,0,0,0.0,0.0,,4,0,0.0106438653841614,0.0125666451459,0.0004655993854006,50,18,PO0181180U0019,524321.0,4993134.0,GWB ISS MPOP,PORTALBERA,-0.839999999999999,Low,152.09216020236005,3,31.6063739299528,194.4201191069195,3,31.6063739299528,119.88407219445584,3,31.6063739299528,23.58577472648788,3,25.689722555917182,21.746191303116383,3,25.689722555917182,25.027052835417557,3,25.689722555917182,0.15500000000000114,74.53604691246365,16.73472607721835,2015.0,0.0
PO0181180U0019,2016,PORTALBERA,7.9,7.939999999999999,8.35,7.95,7.88,8.58,8.35,0.0,0.0,,1,0,0.0,0.0,,3,0,0.0082384652645567,0.0096363383733356,0.0040343453253929,53,18,PO0181180U0019,524321.0,4993134.0,GWB ISS MPOP,PORTALBERA,0.3999999999999994,Low,232.21473242067464,3,31.6063739299528,244.00969864715773,3,31.6063739299528,150.69346588362507,3,31.6063739299528,22.057664846480893,3,25.689722555917182,20.663837599188167,3,25.689722555917182,23.68281738466984,3,25.689722555917182,0.41000000000000103,93.31623276353262,16.11062218501909,2015.0,1.0
PO0181180U0019,2017,PORTALBERA,8.34,8.45,9.02,8.5,8.79,9.02,9.24,,,,0,0,0.0025202872024642,0.0045365169644355,,3,0,0.0059194124023431,0.0083870799192903,0.0030133134726417,48,18,PO0181180U0019,524321.0,4993134.0,GWB ISS MPOP,PORTALBERA,0.7400000000000002,Low,118.94125498023324,3,31.6063739299528,174.30018589450353,3,31.6063739299528,55.21808902018852,3,31.6063739299528,23.815759737174066,3,25.689722555917182,22.108266318630733,3,25.689722555917182,25.295474041991536,3,25.689722555917182,0.5700000000000003,119.08209687431503,17.30133008011935,2015.0,2.0
PO0181180U0019,2018,PORTALBERA,8.98,8.945,9.275,8.94,,9.56,8.99,,,,0,0,0.0098228761926293,0.0130971682568391,,2,0,0.0100564954917814,0.0110863166613669,0.0026409023018829,39,18,PO0181180U0019,524321.0,4993134.0,GWB ISS MPOP,PORTALBERA,0.0500000000000007,Low,263.35458043584765,3,25.689722555917182,342.5803679298882,3,25.689722555917182,134.4415779135383,3,25.689722555917182,22.97215589556416,3,16.17530426298065,21.453633696605397,3,16.17530426298065,24.530721293669576,3,16.17530426298065,0.33000000000000007,208.13879001634993,16.839078947630238,2015.0,3.0
PO0181180U0019,2019,PORTALBERA,9.6,9.395,,9.6,,,,,,,0,0,,,,0,0,0.012635045819543,0.0157445786709005,0.0050066544622057,38,18,PO0181180U0019,524321.0,4993134.0,GWB ISS MPOP,PORTALBERA,,Low,181.1894392691501,3,25.689722555917182,246.05603065966372,3,25.689722555917182,57.67540148179883,3,25.689722555917182,22.39224862854981,3,16.17530426298065,20.516813388743564,3,16.17530426298065,24.97218433439404,3,16.17530426298065,,188.38062917786493,13.899279731265722,2015.0,4.0
PO0181180U0019,2020,PORTALBERA,,,,,,,,,,,0,0,0.0,0.0,,1,0,0.0003986424161121,0.0005211641494979,6.570000011749833e-05,50,18,PO0181180U0019,524321.0,4993134.0,GWB ISS MPOP,PORTALBERA,,Low,252.8271671735924,3,25.689722555917182,273.2892009800567,3,25.689722555917182,221.89680349632147,3,25.689722555917182,22.40119946492509,3,16.17530426298065,20.94929065642798,3,16.17530426298065,23.543620655591013,3,16.17530426298065,,51.39239748373525,16.81884215300479,2015.0,5.0
PO0181180U0019,2021,PORTALBERA,,,,,,,,0.0101670542110999,0.0101670542110999,,1,0,0.0406682173100609,0.0261438539517776,,4,0,0.004433876886664,0.0025136789944018,0.000140961319428,51,18,PO0181180U0019,524321.0,4993134.0,GWB ISS MPOP,PORTALBERA,,Low,102.8237851783214,3,25.689722555917182,159.28109086960245,3,25.689722555917182,54.17234194961475,3,25.689722555917182,22.208082110469576,3,16.17530426298065,20.13844346211666,3,16.17530426298065,24.105076014587432,3,16.17530426298065,,105.10874891998769,14.155981251832868,2015.0,6.0
PO0181870U0001,2008,ZENEVREDO,,,,,,,,,,,0,0,,,,0,0,0.0331875073909311,0.0546732059848727,0.0545120498434352,26,7,PO0181870U0001,527564.0,4990595.0,GWB ISS MPOP,ZENEVREDO,,Mid,173.21475011145557,3,43.77154040012757,266.0386969114761,3,43.77154040012757,101.3685702624522,3,43.77154040012757,21.442793996905024,2,47.98424476846541,19.58921084642513,2,47.98424476846541,22.787939300503044,2,47.98424476846541,,161.95555417916515,15.007389069918819,2015.0,-7.0
PO0181870U0001,2009,ZENEVREDO,,,,,,,,,,,0,0,,,,0,0,0.0160900588854359,0.0199546880398844,0.0341251981134216,33,7,PO0181870U0001,527564.0,4990595.0,GWB ISS MPOP,ZENEVREDO,,Mid,68.73830317024161,3,34.47381610730092,182.58402658361013,3,34.47381610730092,60.03120915817341,3,34.47381610730092,22.353136696437726,2,47.98424476846541,20.65873862306316,2,47.98424476846541,23.27501888973817,2,47.98424476846541,,122.55281742543673,16.901273939715395,2015.0,-6.0
PO0181870U0001,2010,ZENEVREDO,,22.8,,,,,,,,,0,0,,,,0,0,0.0175025813475561,0.0161294869311592,0.0206450045907071,32,7,PO0181870U0001,527564.0,4990595.0,GWB ISS MPOP,ZENEVREDO,,Mid,319.22169986700857,3,47.81086447660197,364.1539616955187,3,43.77154040012757,164.7086161938894,3,47.81086447660197,,1,34.47381610730092,,1,34.47381610730092,,1,34.47381610730092,,207.00087104206116,14.375811629514018,2015.0,-5.0
PO0181870U0001,2011,ZENEVREDO,,21.5,,21.5,,,,,,,0,0,,,,0,0,0.01521291404861,0.0160194324585366,0.0031804777865978,37,7,PO0181870U0001,527564.0,4990595.0,GWB ISS MPOP,ZENEVREDO,,Low,166.62585042808655,3,47.98424476846541,177.94977001562867,3,47.98424476846541,129.4405999609122,3,47.98424476846541,,1,34.47381610730092,,1,34.47381610730092,,1,20.29392623422092,,46.17776818421778,,2015.0,-4.0
PO0181870U0001,2012,ZENEVREDO,,,,,,,,,,,0,0,,,,0,0,0.0197318131787728,0.0093122718622348,0.0004666543460362,30,7,PO0181870U0001,527564.0,4990595.0,GWB ISS MPOP,ZENEVREDO,,Mid,186.83544248377905,3,34.47381610730092,292.6431192451148,3,34.47381610730092,117.05685901970284,3,34.47381610730092,22.95253851909061,3,34.47381610730092,20.91762294205516,3,34.47381610730092,24.570356693601312,3,34.47381610730092,,175.58626022541193,15.358919448643903,2015.0,-3.0
PO0181870U0001,2013,ZENEVREDO,,22.0,,22.0,,,,,,,0,0,,,,0,0,0.0463977333799976,0.0471387365975474,0.0287776881695857,27,7,PO0181870U0001,527564.0,4990595.0,GWB ISS MPOP,ZENEVREDO,,Mid,233.5478358949751,3,43.77154040012757,334.83667503029733,3,43.77154040012757,79.86085918293216,3,34.47381610730092,21.681809914516133,3,43.77154040012757,20.037911196096267,3,43.77154040012757,23.53073129483288,3,43.77154040012757,,243.58955492679024,14.800159889534832,2015.0,-2.0
PO0181870U0001,2014,ZENEVREDO,,,,,,,,,,,0,0,,,,0,0,0.0239652318843508,0.0248380024702055,0.0109487047729392,33,7,PO0181870U0001,527564.0,4990595.0,GWB ISS MPOP,ZENEVREDO,,Mid,353.8637221304048,3,43.77154040012757,456.0923496525763,3,43.77154040012757,316.2344372062163,3,43.77154040012757,21.40702017742472,3,28.77818446323534,20.114655158425844,3,28.77818446323534,22.523965652123096,3,28.77818446323534,,131.7894163919156,16.496264318485157,2015.0,-1.0
PO0181870U0001,2015,ZENEVREDO,,,,,,,,,,,0,0,,,,0,0,0.0136166259680655,0.0170690112701645,0.0007954780544553,34,7,PO0181870U0001,527564.0,4990595.0,GWB ISS MPOP,ZENEVREDO,,Low,154.25393169491892,3,34.47381610730092,195.1333000189539,3,34.47381610730092,121.57825400759606,3,34.47381610730092,23.59701248560884,3,28.77818446323534,21.754186225171168,3,28.77818446323534,25.0349468134322,3,28.77818446323534,,73.55504601135782,16.730038997188515,2015.0,0.0
PO0181870U0001,2016,ZENEVREDO,,,,,,,,,,,0,0,,,,0,0,0.0076066496883868,0.0102150746278535,0.0033489400609618,32,7,PO0181870U0001,527564.0,4990595.0,GWB ISS MPOP,ZENEVREDO,,Low,240.30179857805769,3,34.47381610730092,251.9408292852606,3,34.47381610730092,156.24481020448977,3,34.47381610730092,22.05052702284672,3,28.77818446323534,20.65624507961995,3,28.77818446323534,23.672091503153368,3,28.77818446323534,,95.69601908077082,16.10775539166791,2015.0,1.0
PO0181870U0001,2017,ZENEVREDO,,,,,,,,,,,0,0,,,,0,0,0.0013717197241657,0.0018476849761914,0.0013272859976582,31,7,PO0181870U0001,527564.0,4990595.0,GWB ISS MPOP,ZENEVREDO,,Low,120.05711932908014,3,34.47381610730092,175.764547964206,3,34.47381610730092,55.835431795129466,3,34.47381610730092,23.797185334388363,3,28.77818446323534,22.08912324328884,3,28.77818446323534,25.275567517351025,3,28.77818446323534,,119.92911616907651,17.28333843650652,2015.0,2.0
PO0181870U0001,2018,ZENEVREDO,,,,,,,,,,,0,0,,,,0,0,0.0016405707087229,0.0025935012270652,0.0035213795357516,27,7,PO0181870U0001,527564.0,4990595.0,GWB ISS MPOP,ZENEVREDO,,Low,264.64899843495255,3,28.77818446323534,344.06825894093663,3,28.77818446323534,135.96964370241554,3,28.77818446323534,22.96863494943985,3,20.29392623422092,21.448921268783003,3,20.29392623422092,24.528873919037892,3,20.29392623422092,,208.09861523852115,16.828942147732405,2015.0,3.0
PO0181870U0001,2019,ZENEVREDO,,,,,,,,,,,0,0,,,,0,0,0.0032293805217583,0.0045282909853995,0.0023945858135231,20,7,PO0181870U0001,527564.0,4990595.0,GWB ISS MPOP,ZENEVREDO,,Low,182.29688421607588,3,28.77818446323534,247.31354866684745,3,28.77818446323534,58.67759681917525,3,28.77818446323534,22.385992314306385,3,20.29392623422092,20.50902670142137,3,20.29392623422092,24.967448380854783,3,20.29392623422092,,188.6359518476722,13.888885908913323,2015.0,4.0
PO0181870U0001,2020,ZENEVREDO,,,,,,,,,,,0,0,,,,0,0,0.0,0.0,0.0,29,7,PO0181870U0001,527564.0,4990595.0,GWB ISS MPOP,ZENEVREDO,,Low,253.61302979325032,3,28.77818446323534,274.19060384123384,3,28.77818446323534,222.28492211449992,3,28.77818446323534,22.39458676967889,3,20.29392623422092,20.946139676174507,3,20.29392623422092,23.53673917120433,3,20.29392623422092,,51.905681726733945,16.816172901439092,2015.0,5.0
PO0181870U0001,2021,ZENEVREDO,,,,,,,,,,,0,0,,,,0,0,0.0051887838071743,0.0016964762579582,0.0002376344844898,33,7,PO0181870U0001,527564.0,4990595.0,GWB ISS MPOP,ZENEVREDO,,Low,103.1645020200847,3,28.77818446323534,159.79813151541256,3,28.77818446323534,54.36902057576673,3,28.77818446323534,22.200796551874056,3,20.29392623422092,20.12992517242096,3,20.29392623422092,24.09974756377342,3,20.29392623422092,,105.42911093964584,14.1426520575943,2015.0,6.0
