station,year,ff_10,ff10_anom,gw_x,gw_y,gwb,gw_m1,gw_m2,gw_m3,gw_m4,gw_m5,gw_m6,gw_m7,gw_m8,gw_m9,gw_m10,gw_m11,gw_m12,gw_janfeb,gw_prevaut,P1,P2,P3,P4,P5,P6,T1,T2,T3,T4,T5,T6,P_J2,T_J2,P_J3,T_J3,P_J4,T_J4,P_J5,T_J5,P_J6,T_J6,gw_prevaut_anom,gw_janfeb_anom,gw_m3_anom,gw_m4_anom,gw_m5_anom,gw_m6_anom
PO018003NR0009,2008,0.2587886019272887,0.1078532723452678,477798.0,5014771.0,GWB ISS MPP,,,,,,,,,,,,,,,130.83186901889184,39.39615550703195,15.800958442220082,128.65984179289356,110.22756932472811,87.38601866362357,2.9546714248782737,5.042855377825875,9.54731162271829,12.53975900037794,18.262201599849263,21.895737943677968,170.2280245259238,3.9456739788195083,186.02898296814388,5.875126945051312,314.68882476103744,7.541284958882969,424.91639408576555,9.742267845438962,512.3024127493891,11.75665515453935,,,,,,
PO018003NR0009,2009,0.2788437144629462,0.1279083848809253,477798.0,5014771.0,GWB ISS MPP,,,,,,,,,,,,,,,73.3284453998601,92.28458759554512,104.70067901070772,194.68888666687,19.581808554638442,18.685146458569843,-0.8964370817349429,3.5785997288376086,9.211708796233687,14.140862220542864,20.781727521472874,22.881574237268765,165.6130329954052,1.2273092012486408,270.31371200611295,3.977491283965713,465.0025986729829,6.518334018110001,484.58440722762134,9.446580366482511,503.26955368619116,11.673374930701225,,,,,,
PO018003NR0009,2010,0.2122044826885086,0.0612691531064877,477798.0,5014771.0,GWB ISS MPP,,,,,,,,,,,,,,,60.23518253882781,144.90287877999577,78.68591856045336,68.40814042237682,146.59471407894685,61.50300335263637,-0.8642424166532371,1.896563216059975,6.465990910510458,12.393915718852476,16.050847144575723,20.755539741690917,205.1380613188236,0.44597042599032116,283.823979879277,2.5195330373250346,352.2321203016538,4.988128707706895,498.82683438060064,7.259282823885265,560.329837733237,9.496231484295041,,,,,,
PO018003NR0009,2011,0.1370044385380653,-0.0139308910439555,477798.0,5014771.0,GWB ISS MPP,,,,,,,,,,,,,,,15.936359232570624,64.55003705436934,137.27049494493428,16.860203669194604,12.698105562370419,139.53118989095847,,,9.07674323355619,16.046779387915713,19.650259801053952,21.501396557031477,80.48639628693996,,217.75689123187425,,234.61709490106887,,247.31520046343928,,386.8463903543977,,,,,,,
PO018003NR0009,2012,0.2148347344625641,0.0638994048805432,477798.0,5014771.0,GWB ISS MPP,,,,,,,,,,,,,,,32.83354931370876,4.894572585428976,38.258455089983656,104.69803328579762,75.67369487806234,52.882855495306465,1.9962107841565602,0.8929636744057483,11.941344825027503,12.764434586546042,18.238434884752685,23.549836650203666,37.72812189913773,1.4726358846138021,75.98657698912139,5.078524519645188,180.684610274919,7.000002036370402,256.35830515298136,9.307229972131003,309.2411606482878,11.667883012695533,,,,,,
PO018003NR0009,2013,0.2371656575049263,0.0862303279229054,477798.0,5014771.0,GWB ISS MPP,,,,,,,,,,,,,,,31.017149775909374,19.23480253750648,150.07417878806382,77.67054433068355,145.83653320745765,16.533974112074183,3.000061757285815,2.695067764321842,6.871290973562888,13.382637282339704,16.368850213848457,21.927942804673787,50.251952313415856,2.855318845370709,200.3261311014797,4.238598133970237,277.9966754321632,6.5246079210626045,423.83320863962086,8.545611305674269,440.36718275169505,10.76367729998358,,,,,,
PO018003NR0009,2014,0.1673523965795247,0.0164170669975038,477798.0,5014771.0,GWB ISS MPP,,,,,,,,,,,,,,,152.83631871853314,139.79437757633528,83.5745737241404,84.48619901507382,16.83301328780269,65.37431446500291,4.649454811677536,6.260191071846426,10.388136887653332,14.20549364558571,17.274610620918256,21.960462435373685,292.6306962948684,5.41387201989328,376.2052700190088,7.12722991878841,460.6914690340826,8.896795850487734,477.52448232188533,10.616744578192014,542.8987967868883,12.496918808664114,,,,,,
PO018003NR0009,2015,0.1191746956885171,-0.0317606338935037,477798.0,5014771.0,GWB ISS MPP,,,,,,,,,,,,,,,41.901216081913105,68.56616751876199,54.04439793573542,69.78503921653756,65.56966279628682,28.04058437938427,3.4993076331171653,4.228554333325214,9.614750062015975,13.769876787534713,18.60041229799391,22.646812779311205,110.46738360067509,3.845390812876917,164.51178153641052,5.832614554247037,234.29682075294807,7.816930112568956,299.8664835492349,10.030757581099907,327.90706792861914,12.121816453731615,,,,,,
PO018003NR0009,2016,0.1030903978371744,-0.0478449317448464,477798.0,5014771.0,GWB ISS MPP,2.26,2.18,2.06,2.04,0.87,0.75,0.38,0.7,1.62,1.9,2.135,2.03,2.2199999999999998,,15.070798676681529,101.08406147418845,43.17708316800731,14.40138815422295,102.05093275323765,45.938829754267,3.268340766106597,6.501079972406894,9.14330028760806,14.759107620721851,16.929046840662846,21.58375486121659,116.15486015086998,4.802522084350806,159.33194331887728,6.297679021028305,173.73333147310024,8.413036170951692,275.7842642263379,10.161356242216895,321.72309398060486,12.054571482935078,,0.09499999999999975,-0.06499999999999995,0.07666666666666688,-0.5991666666666665,-0.06500000000000006
PO018003NR0009,2017,0.0762983020646479,-0.0746370275173729,477798.0,5014771.0,GWB ISS MPP,2.16,2.18,2.18,2.05,1.6949999999999998,0.65,0.61,1.15,1.65,1.92,2.02,2.07,2.17,2.0566666666666666,0.19274842332675796,42.77270883570611,49.88040611096619,34.86108354477269,65.83670127851634,53.97442995303483,1.0531277401644206,5.694787339726278,11.382967490677702,14.226921480586658,18.261694833827153,23.76143328052531,42.96545725903287,3.2559492450412346,92.84586336999905,6.055255529649352,127.70694691477175,8.098172017383678,193.5436481932881,10.184723059170086,247.51807814632292,12.435006521273161,0.14233333333333364,0.04499999999999993,0.05500000000000016,0.08666666666666667,0.22583333333333333,-0.16500000000000004
PO018003NR0009,2018,0.1604203525491407,0.0094850229671198,477798.0,5014771.0,GWB ISS MPP,2.08,2.1,1.7,1.2,1.9,0.56,0.8,0.62,1.62,2.21,1.64,2.0,2.09,1.97,30.62502103381687,23.204927110471193,92.4407865134927,86.59306117653705,109.56042992420531,17.009028790321295,4.486194044217615,3.2283952336533024,6.824048674356032,15.12378499024451,18.520518958333163,22.7875438453715,53.82994814428807,3.8892725747972627,146.27073465778076,4.900139897978617,232.8637958343178,7.45605117104509,342.4242257585231,9.727564425388998,359.4332545488444,11.892201898314275,0.055666666666666975,-0.03500000000000014,-0.42500000000000004,-0.7633333333333332,0.4308333333333334,-0.255
PO018003NR0009,2019,0.0630504461272302,-0.0878848834547906,477798.0,5014771.0,GWB ISS MPP,2.13,2.2,2.28,2.4,1.64,0.69,0.56,0.35,1.58,1.93,1.41,1.7,2.165,1.9249999999999998,2.823140839850479,17.78551779203693,3.770434121318367,81.21510236556351,68.90674785229955,2.038184965108629,1.480021815302858,5.054263745092176,10.150709183926198,12.996344540899898,15.19742649616774,24.06473268644735,20.60865863188741,3.1762722226605002,24.379092753205775,5.578578287096463,105.59419511876928,7.433019850547322,174.5009429710688,9.027037108919727,176.53912793617744,11.519472840001653,0.010666666666666824,0.040000000000000036,0.1549999999999998,0.43666666666666676,0.1708333333333334,-0.1250000000000001
PO018003NR0009,2020,0.0484106703534183,-0.1025246592286025,477798.0,5014771.0,GWB ISS MPP,1.98,2.03,2.15,1.78,0.98,0.69,0.43,0.55,1.58,2.0,1.9,1.55,2.005,1.67,8.851462381581536,5.486369009964579,52.97778105456512,52.13802421033594,117.7403447929168,56.922778144903226,2.83061844590798,6.717684358086709,8.70532083609842,13.897484058287446,18.82604110794442,21.411330685453606,14.337831391546114,4.675327692365682,67.31561244611123,6.063436441873625,119.45363665644717,8.021948345977082,237.19398144936397,10.240007124924018,294.1167595942672,12.091607715067044,-0.24433333333333307,-0.1200000000000001,0.02499999999999991,-0.18333333333333313,-0.4891666666666665,-0.1250000000000001
PO018003NR0009,2021,0.0364557233643395,-0.1144796062176813,477798.0,5014771.0,GWB ISS MPP,1.92,2.28,2.38,2.31,1.73,1.55,0.64,0.92,1.87,2.14,2.19,2.34,2.0999999999999996,1.95,61.43718881227918,39.20311905018934,6.088288448646035,48.23961757889172,48.11136119723301,9.160615065917575,2.3162864505651735,6.692095496564737,8.919395475437492,11.858740419203993,16.613601621707428,23.59063495961156,100.64030786246852,4.392941591039542,106.72859631111456,5.952053484554391,154.96821389000627,7.428725218216791,203.07957508723928,9.314362095754603,212.24019015315685,11.68059516711211,0.03566666666666696,-0.025000000000000355,0.2549999999999999,0.3466666666666669,0.2608333333333335,0.735
PO0180130U0005,2008,0.0427175306559513,0.0222976779694906,523764.0,5000838.0,GWB ISS MPTLS,11.6,11.88,11.95,11.8,11.5,11.26,11.1,10.65,11.1,11.8,10.65,11.25,11.74,,109.49893754283792,26.34148993680408,11.268783753764723,97.42323440773882,89.78759703200431,69.32825562114053,4.049537696540731,6.788716693408877,10.915151275582716,13.637332713081996,19.023171754091475,22.852132182268036,135.84042747964202,5.349487050986631,147.10921123340674,7.266549172791949,244.53244564114556,8.859245057864461,334.3200426731499,10.945879015368021,403.6482982942904,12.919291142478523,,0.06727272727272648,0.17090909090909,0.0931818181818187,-0.2270000000000003,0.07333333333333236
PO0180130U0005,2009,0.0285991303833961,0.0081792776969354,523764.0,5000838.0,GWB ISS MPTLS,,,,,,,,,,,,,,11.225000000000001,55.09212133219954,94.63853947544557,91.3690840805242,118.15048190028907,8.615231751727542,33.036339114386536,1.8629818875509945,5.553587884729675,10.765063748897864,15.054627273394063,21.313932966206,23.45552524822164,149.7306608076451,3.6144559201103683,241.0997448881693,6.077443061137172,359.25022678845835,8.321739114201396,367.8654585401859,10.989010699712274,400.9017976545724,13.05528382929946,0.05600000000000094,,,,,
PO0180130U0005,2010,0.0335410401671616,0.0131211874807009,523764.0,5000838.0,GWB ISS MPTLS,11.38,11.45,11.42,11.55,11.6,11.15,11.5,,10.9,10.92,11.0,11.6,11.415,,64.01713179455345,132.5920203977976,65.94317303557393,54.90179050542002,162.12708149581687,54.54112672219046,1.426536288224273,3.5557387754742535,8.095997367728392,13.063316997525643,16.48826901430996,21.320718358910916,196.60915219235105,2.437005265224264,262.552325227925,4.386213656086797,317.454115733345,6.555489491446508,479.5811972291619,8.594669393491325,534.1223239513523,10.703959277262525,,-0.2577272727272746,-0.35909090909090935,-0.1568181818181813,-0.12700000000000067,-0.03666666666666707
PO0180130U0005,2011,0.0181915155022856,-0.002228337184175,523764.0,5000838.0,GWB ISS MPTLS,11.35,11.52,11.4,11.75,11.4,11.1,11.8,10.9,11.4,11.05,11.5,11.4,11.434999999999999,10.96,33.4200200768804,49.15783747293272,103.56907267462067,12.121994059983518,42.219103908298294,85.97926037652644,,,9.390138613843733,16.50001445034474,20.127176660985327,21.831959691072505,82.57785754981312,,186.1469302244338,,198.2689242844173,,240.4880281927156,,326.46728856924204,,-0.20899999999999963,-0.237727272727275,-0.3790909090909089,0.04318181818181799,-0.32699999999999996,-0.08666666666666778
PO0180130U0005,2012,0.0126262408781772,-0.0077936118082834,523764.0,5000838.0,GWB ISS MPTLS,11.6,11.9,12.1,12.1,11.8,11.5,11.5,10.73,10.6,11.1,11.75,11.4,11.75,11.275,25.91323573261594,20.957749520585804,31.074593051632043,107.46055593663053,71.1837032327281,37.62250267827582,2.1702721282051693,1.2183784611834005,12.018653837238912,12.812754017749885,18.25194769321263,23.745828164609335,46.870985253201745,1.718525981143991,77.94557830483379,5.266347798243353,185.40613424146431,7.152949353119985,256.58983747419245,9.431551661350927,294.2123401524683,11.804083678465581,0.10599999999999987,0.07727272727272627,0.32090909090909037,0.39318181818181763,0.0730000000000004,0.3133333333333326
PO0180130U0005,2013,0.0615922723219185,0.0411724196354578,523764.0,5000838.0,GWB ISS MPTLS,11.8,11.55,11.7,11.5,11.4,11.3,11.9,10.8,10.8,10.9,11.2,11.2,11.675,11.425,77.16950863474618,37.65068335516642,170.90652860190806,99.23469943430287,140.37315471137677,16.14380451352054,2.827819276729346,2.565353416684971,6.866991767863432,13.509498311997739,16.541005057582314,22.35815343870688,114.8201919899126,2.7032592075557442,285.72672059182065,4.13743375610617,384.9614200261235,6.4804498950790625,525.3345747375002,8.545861882083042,541.4783792510208,10.835191974341136,0.2560000000000002,0.002272727272726982,-0.07909090909090999,-0.206818181818182,-0.32699999999999996,0.11333333333333329
PO0180130U0005,2014,0.0226204548139941,0.0022006021275334,523764.0,5000838.0,GWB ISS MPTLS,11.3,11.25,11.2,11.415,,11.1,10.7,10.5,10.6,10.85,11.4,11.7,11.275,11.05,206.23660949106818,143.645705992591,105.47653230495766,102.98565229373955,35.2600141549809,113.89197557260108,5.196601724478355,6.843902909024127,10.91541470200051,14.8476345787972,18.13337759024781,22.835559201240894,349.88231548365917,5.978371778161094,455.3588477886168,7.678908785261337,558.3445000823564,9.471090233645302,593.6045142373373,11.249440618113367,707.4964898099383,13.169791764488096,-0.11899999999999977,-0.3977272727272734,-0.57909090909091,-0.29181818181818286,,-0.08666666666666778
PO0180130U0005,2015,0.0125380354796819,-0.0078818172067787,523764.0,5000838.0,GWB ISS MPTLS,11.8,11.4,11.5,11.5,11.36,10.85,11.2,,10.45,10.79,11.12,11.7,11.600000000000001,11.125,38.27318730024313,102.10803363070886,41.515178381054845,45.38522254852503,34.67574209458386,55.90511863238084,4.237267817766025,4.7346152944252164,9.891158891998414,14.152901717963298,19.2596722880209,23.37995724111723,140.381220930952,4.473297128722929,181.89639931200685,6.339449513851151,227.28162186053189,8.292812564879188,261.95736395511574,10.544287077577156,317.8624825874966,12.671746220705346,-0.04400000000000048,-0.07272727272727231,-0.2790909090909093,-0.206818181818182,-0.3670000000000009,-0.3366666666666678
PO0180130U0005,2016,0.0095377699433585,-0.0108820827431021,523764.0,5000838.0,GWB ISS MPTLS,11.85,12.2,12.0,11.85,11.6,11.15,10.85,10.7,10.8,10.95,11.3,11.4,12.024999999999999,10.954999999999998,19.19694744719044,89.56654676650837,43.05126199052118,12.194866577808622,83.42505721144457,90.27916903376844,3.6174102953433445,6.6469891934493095,9.346771026949703,14.948958299657452,17.242498435529885,22.024711126558138,108.7634942136988,5.055176552071599,151.81475620421998,6.533392426751836,164.0096227820286,8.637283894978241,247.43467999347317,10.403917343700764,337.7138490272416,12.330015760748946,-0.2140000000000022,0.35227272727272485,0.22090909090909072,0.14318181818181763,-0.12700000000000067,-0.03666666666666707
PO0180130U0005,2017,0.0097879537123357,-0.0106318989741249,523764.0,5000838.0,GWB ISS MPTLS,11.75,11.95,12.3,11.92,11.86,11.27,10.6,10.3,10.29,10.73,10.97,11.32,11.85,11.125,3.6452605370158544,52.200831177608826,31.040334210533242,57.07190085937338,61.35756920972436,34.241015074637296,1.137737333653056,5.810743038538164,12.216848310400314,15.12972306756503,19.46166634876347,25.07110905625602,55.84609171462468,3.355434956310396,86.88642592515792,6.407699556052479,143.9583267845313,8.588205433930618,205.31589599425564,10.820505356843322,239.55691106889293,13.182483870558134,-0.04400000000000048,0.17727272727272592,0.5209090909090914,0.21318181818181792,0.13299999999999912,0.08333333333333215
PO0180130U0005,2018,0.0142426521364517,-0.0061772005500089,523764.0,5000838.0,GWB ISS MPTLS,11.57,11.9,11.95,11.3,12.15,,10.73,10.34,11.5,,11.7,11.4,11.735,10.850000000000001,35.75284296603845,35.34720029315591,108.34524701400622,99.94520076959321,147.67622596471966,27.450465503078547,5.417863857486386,3.7668757690062504,7.223752533433103,15.526040544185477,18.6127453889605,23.11862336977286,71.10004325919436,4.634344086682254,179.44529027320058,5.526251440563102,279.39049104279377,8.026198716468695,427.06671700751343,10.199595715457079,454.51718251059197,12.340871017277374,-0.31899999999999906,0.0622727272727257,0.17090909090909,-0.4068181818181813,0.42300000000000004,
PO0180130U0005,2019,0.0179473923239958,-0.0024724603624648,523764.0,5000838.0,GWB ISS MPTLS,11.8,12.0,12.05,12.09,12.6,,,,,,,,11.9,11.7,13.457920243573387,36.69244421605022,6.2559332012382605,65.11327364528458,127.88293665191921,1.1055927797472607,1.7429759368879656,5.796089727963219,10.731819320589267,13.164758992441373,15.11177611090695,24.448157120661826,50.1503644596236,3.6664875665507974,56.40629766086187,6.100101837386271,121.51957130614645,7.866266126150047,249.40250795806566,9.353754930967689,250.50810073781292,11.855589548044067,0.5309999999999988,0.22727272727272663,0.27090909090909143,0.38318181818181785,0.8729999999999993,
PO0180130U0005,2020,0.0002860620410872,-0.0201337906453734,523764.0,5000838.0,GWB ISS MPTLS,,,,,,,,,,,,,,,44.35533332517199,15.082990131950073,49.953602779108735,17.734141368935138,49.43006465071991,103.95892084470715,3.3891744445030314,7.503837333278458,9.074912681466172,14.421518722717199,19.16081677702204,21.680976167452084,59.43832345712207,5.341895815447302,109.3919262362308,6.627712735964914,127.12606760516594,8.576164232652985,176.55613225588587,10.749172370900935,280.51505310059304,12.561073552649745,,,,,,
PO0180130U0005,2021,0.0016498872506535,-0.0187699654358071,523764.0,5000838.0,GWB ISS MPTLS,,,,,,,,,,,,,,,120.20651493338644,35.19101875536518,7.578290576784869,59.36700346099427,51.351907078709395,19.641747184163524,2.2103203388364125,7.020303565095879,9.272480985181737,11.993616866580018,16.914071065772276,24.113184713351856,155.39753368875162,4.493024242823956,162.9758242655365,6.139281565191636,222.34282772653074,7.602865390538731,273.69473480524016,9.514437416580055,293.3364819894037,11.934119288973172,,,,,,
PO0180130U0006,2008,0.0427175306559513,0.0222976779694906,523765.0,5000850.0,GWB ISS MPTLS,,,,,,,,,,,,,,,109.50046470327653,26.342518625125194,11.269273888388213,97.42909611914027,89.7903968274629,69.3326623265591,4.049395150667144,6.788605810326853,10.915061355956688,13.637270814750382,19.02320326268179,22.852183042615444,135.84298332840171,5.349359531522599,147.11225721678994,7.266434604383229,244.5413533359302,8.859143656975016,334.3317501633931,10.94580490053071,403.6644124899522,12.919237741760226,,,,,,
PO0180130U0006,2009,0.0285991303833961,0.0081792776969354,523765.0,5000850.0,GWB ISS MPTLS,,,,,,,,,,,,,,,55.10027105899579,94.64158146693863,91.38517728002509,118.14784905238994,8.615100133525434,33.042077785963315,1.862613473502011,5.553546510020762,10.765040683921388,15.05466669670217,21.3141969764224,23.455807173800995,149.7418525259344,3.6142427111719266,241.1270298059595,6.077295346230074,359.27487885834944,8.3216381838481,367.8899789918749,10.98898469093289,400.9320567778382,13.055308859364066,,,,,,
PO0180130U0006,2010,0.0335410401671616,0.0131211874807009,523765.0,5000850.0,GWB ISS MPTLS,,,,,,,,,,,,,,,64.01865424806296,132.59821953234552,65.94783336280234,54.90291048947962,162.12943553152226,54.54433271832771,1.4265674868499336,3.5557877451447144,8.096007426432429,13.063302598979888,16.488285539657472,21.32075892605488,196.61687378040847,2.4370448975661008,262.5647071432108,4.386243101953392,317.4676176326904,6.5555079762100155,479.59705316421264,8.59468747599062,534.1413858825404,10.703981086498509,,,,,,
PO0180130U0006,2011,0.0181915155022856,-0.002228337184175,523765.0,5000850.0,GWB ISS MPTLS,,,,,,,,,,,,,,,33.420059724602716,49.157339455766206,103.57114601105842,12.12243552919952,42.218884801851466,85.97972860306682,,,9.390193077166561,16.500093215665082,20.127259541839795,21.832017137888304,82.57739918036893,,186.14854519142733,,198.27098072062685,,240.4898655224783,,326.46959412554514,,,,,,,
PO0180130U0006,2012,0.0126262408781772,-0.0077936118082834,523765.0,5000850.0,GWB ISS MPTLS,,,,,,,,,,,,,,,25.913547821142934,20.959146197678784,31.072165660070368,107.47052496234235,71.19185415404885,37.62657019842582,2.1700867968227775,1.2182367340422107,12.018509655821795,12.812704811246235,18.251958909536068,23.745836851855735,46.87269401882172,1.7183613432997966,77.94485967889209,5.266190206501818,185.41538464123443,7.152818857687922,256.60723879528325,9.431450259060721,294.2338089937091,11.804000523059894,,,,,,
PO0180130U0006,2013,0.0615922723219185,0.0411724196354578,523765.0,5000850.0,GWB ISS MPTLS,,,,,,,,,,,,,,,77.1710254431373,37.65067478796109,170.91432138221606,99.24514211343063,140.38412854258897,16.146476483018436,2.827771593853967,2.56529829246165,6.866944921674352,13.50945559375175,16.541007332723936,22.358218699969914,114.82170023109839,2.7032079931932063,285.73602161331445,4.137384046336712,384.9811637267451,6.480401933190473,525.3652922693341,8.545824233756946,541.5117687523525,10.835171382853018,,,,,,
PO0180130U0006,2014,0.0226204548139941,0.0022006021275334,523765.0,5000850.0,GWB ISS MPTLS,,,,,,,,,,,,,,,206.24433060830907,143.6501435368071,105.4738789771584,102.98407683177554,35.269530673472374,113.91316415016709,5.196594228830132,6.843882359895403,10.915389135326281,14.847649989385555,18.13342950708813,22.835570484667073,349.8944741451162,5.9783580876407685,455.3683531222746,7.678891004065779,558.3524299540501,9.471080750395723,593.6219606275224,11.249443740180258,707.5351247776895,13.169796239266471,,,,,,
PO0180130U0006,2015,0.0125380354796819,-0.0078818172067787,523765.0,5000850.0,GWB ISS MPTLS,,,,,,,,,,,,,,,38.27500740361786,102.11637672724203,41.517192849049216,45.387570836255094,34.68342968859719,55.910318864395194,4.23719815815467,4.734541907955723,9.891069457102649,14.15284606617652,19.25972737010752,23.380018957047852,140.39138413085988,4.473225700433136,181.9085769799091,6.339371883285968,227.2961478161642,8.292740429008607,261.9795775047614,10.544241059300436,317.8898963691566,12.671718058927079,,,,,,
PO0180130U0006,2016,0.0095377699433585,-0.0108820827431021,523765.0,5000850.0,GWB ISS MPTLS,,,,,,,,,,,,,,,19.190271434251486,89.53525614872324,43.03543097942607,12.19529244739568,83.43868476823188,90.30539674872249,3.6173118448418835,6.646935116593428,9.346697107207055,14.948926838606074,17.242524934665354,22.02474289852089,108.72552758297472,5.055099160249396,151.7609585624008,6.533316230868146,163.95625100979646,8.637218882802626,247.39493577802835,10.403871118615506,337.70033252675086,12.329982463351206,,,,,,
PO0180130U0006,2017,0.0097879537123357,-0.0106318989741249,523765.0,5000850.0,GWB ISS MPTLS,,,,,,,,,,,,,,,3.6449644923731435,52.20199703185361,31.04279806032344,57.07732196669163,61.35354990390726,34.241533184499296,1.1375637667712823,5.810735765157815,12.216757951558726,15.129694590858499,19.461689184769668,25.071117701554527,55.84696152422675,3.35534030837845,86.88975958455019,6.407606385473878,143.96708155124182,8.588128436820034,205.32063145514908,10.820448855273272,239.5621646396484,13.1824381668116,,,,,,
PO0180130U0006,2018,0.0142426521364517,-0.0061772005500089,523765.0,5000850.0,GWB ISS MPTLS,,,,,,,,,,,,,,,35.75524778140866,35.34740516049002,108.34833822139497,99.9727349912459,147.69661329167027,27.44673463169711,5.41765010586559,3.7667579539631055,7.223699084169478,15.526301491321215,18.612969431914962,23.11901776624174,71.10265294189868,4.6341758642847495,179.45099116329365,5.526122751133934,279.42372615453957,8.026167436180753,427.12033944620987,10.199616852523539,454.56707407790697,12.34095402054313,,,,,,
PO0180130U0006,2019,0.0179473923239958,-0.0024724603624648,523765.0,5000850.0,GWB ISS MPTLS,,,,,,,,,,,,,,,13.457635078163484,36.68919042839358,6.253231103719,65.11524496347165,127.88945938097753,1.1054659319435558,1.743506880016683,5.7966853582362905,10.732310423496585,13.165019193611965,15.112002077993841,24.448584125146784,50.146825506557065,3.6670492086632764,56.40005661027607,6.100639182661416,121.51530157374772,7.866734185399054,249.40476095472525,9.35417328917679,250.51022688666882,11.856009339337563,,,,,,
PO0180130U0006,2020,0.0002860620410872,-0.0201337906453734,523765.0,5000850.0,GWB ISS MPTLS,,,,,,,,,,,,,,,44.348034742983955,15.086151834824179,49.954324066222426,17.732084596085762,49.45715151498158,103.96788674527119,3.3894890320279343,7.504084401465629,9.07517693498285,14.421655502071955,19.160963872217742,21.681098825149835,59.434186577808134,5.34217835989667,109.38851064403056,6.627988980204132,127.12059524011633,8.576405610671088,176.5777467550979,10.749394392842918,280.5456335003691,12.561279105379976,,,,,,
PO0180130U0006,2021,0.0016498872506535,-0.0187699654358071,523765.0,5000850.0,GWB ISS MPTLS,,,,,,,,,,,12.8,,,,120.20578221686681,35.199197717148095,7.578274067008641,59.372529079711626,51.35681729280941,19.645005427351315,2.210576762057358,7.020538911920587,9.272883020208496,11.993937397660678,16.9143973663469,24.113496970150024,155.4049799340149,4.4932706636873645,162.98325400102354,6.139581586489088,222.35578308073516,7.603170539281986,273.71260037354455,9.514746907752267,293.35760580089584,11.934429238536426,,,,,,
PO018014NRP001,2008,0.0729552584824587,0.0515333884765183,501192.230333,5013351.97267,GWB ISS MPTLS,,,,,,,,,,,,,,,124.99723449249534,35.89190248103283,16.1436976293767,115.6843886662537,109.65187474285636,80.69112376005404,4.3348362489502765,5.888252354550293,10.005864414612123,12.663444794338291,17.84986936634647,21.574534120329336,160.88913697352817,5.0720506719468945,177.03283460290487,6.771475405531584,292.7172232691586,8.24446775273326,402.36909801201494,10.216437620428687,483.060221772069,12.098995051351448,,,,,,
PO018014NRP001,2009,0.034635161473827,0.0132132914678866,501192.230333,5013351.97267,GWB ISS MPTLS,,,,,,,,,,,,,,,67.62535681070598,90.30300839042228,101.28805144385665,204.527301789973,17.005371808718763,21.475424762924618,1.4829669247977262,4.7190939116979385,9.92790033427221,14.170406820790545,20.419278358835225,22.932203541516955,157.92836520112826,3.01875600332664,259.2164166449849,5.39857238398567,463.74371843495794,7.591530993186889,480.74909024367673,10.225042041763698,502.22451500660134,12.331201406363684,,,,,,
PO018014NRP001,2010,0.0234124695421156,0.0019905995361752,501192.230333,5013351.97267,GWB ISS MPTLS,,,,,,,,,,,,,,,61.24266443885752,143.98370522579032,72.81382980444971,67.78734159068237,158.42441460650758,56.48266183729221,1.5270537247480533,3.8056242614887523,8.512632241709364,13.756604995077527,17.213435414911444,21.680952212125856,205.22636966464785,2.608409233709741,278.04019946909756,4.642086047576278,345.82754105977995,6.92071578445159,504.25195566628753,9.03379067547315,560.7346175035798,11.130005294807852,,,,,,
PO018014NRP001,2011,0.0092782992143805,-0.0121435707915598,501192.230333,5013351.97267,GWB ISS MPTLS,,,,,,,,,,,,,,,22.41123306935786,50.76854273480131,115.22375879640518,10.928160680720246,45.82378693219576,83.62350731836796,,,9.310100943465772,16.384263291226997,20.005377436000398,21.747537568649363,73.17977580415916,,188.40353460056434,,199.3316952812846,,245.15548221348035,,328.7789895318483,,,,,,,
PO018014NRP001,2012,0.0296483934755626,0.0082265234696222,501192.230333,5013351.97267,GWB ISS MPTLS,,,,,,,,,,,,,,,27.078305242557985,15.97005345506086,33.27491100474645,109.19417052601469,77.47030176105578,56.592451125627946,2.227804798761408,1.178468748124987,12.04421179245877,12.768860996690197,18.157535895935396,23.533387237224623,43.048358697618845,1.729814808628869,76.3232697023653,5.282551547503613,185.51744022838,7.154128909800259,262.9877419894358,9.41310650298032,319.5801931150637,11.753484525230755,,,,,,
PO018014NRP001,2013,0.0391265713961759,0.0177047013902355,501192.230333,5013351.97267,GWB ISS MPTLS,,,,,,,,,,,,,,,57.65865228933762,30.104679358169516,155.77183225261965,92.56567016911306,130.31086505631367,13.026599561733953,3.0299858412015324,2.77562097819633,6.929858811186774,13.414535016064121,16.31361135128677,21.91333979039194,87.76333164750713,2.9092703129956736,243.53516390012678,4.29413968459483,336.10083406923985,6.574238517462153,466.4116991255535,8.573712410498995,479.4382986872875,10.784700374017163,,,,,,
PO018014NRP001,2014,0.0275065962264574,0.006084726220517,501192.230333,5013351.97267,GWB ISS MPTLS,,,,,,,,,,,,,,,204.7353422739221,148.04083052153936,101.31950014690987,100.38150793620387,37.14902445321719,107.13056580186088,5.096803612254919,6.728788400838898,10.834972356971647,14.609382125517746,17.80192294056904,22.516545281108034,352.77617279546143,5.8713048678540956,454.0956729423713,7.581012558550141,554.4771808785752,9.338104950292042,591.6262053317923,11.075709968163478,698.7567711336533,12.971981014507879,,,,,,
PO018014NRP001,2015,0.0089541273711613,-0.012467742634779,501192.230333,5013351.97267,GWB ISS MPTLS,,,,,,13.71,12.38,,,,12.87,,,,38.970649203555574,99.16824366534738,44.79176213858187,45.21627533111489,34.94917949194088,54.235114085676415,4.2092877060054175,4.751430184583015,9.914326886807913,14.07240083527585,18.917288141058346,23.06700368975322,138.13889286890296,4.466575661940548,182.93065500748483,6.34302330606153,228.14693033859973,8.27536768836511,263.0961098305406,10.460132814414715,317.331223916217,12.549669423586844,,,,,,0.17600000000000016
PO018014NRP001,2016,0.0146620334038531,-0.0067598366020872,501192.230333,5013351.97267,GWB ISS MPTLS,,13.94,14.16,14.24,14.1,13.53,12.97,12.13,12.39,12.74,13.02,13.2,13.94,12.87,19.78512001739833,91.12399141441932,41.36837403131091,12.134409195065235,83.49416320688252,85.94707478290894,3.667675171060471,6.75870186310096,9.468129393886992,14.972972213689346,17.140930202451475,21.900895848590658,110.90911143181765,5.134603092706804,152.27748546312856,6.627262152002202,164.4118946581938,8.713689667423989,247.90605786507632,10.443785406403142,333.85313264798526,12.342753987981183,0.23916666666666586,0.6024999999999991,0.3440000000000012,0.043333333333333,0.16999999999999815,-0.004000000000001336
PO018014NRP001,2017,0.0095209014870875,-0.0119009685188528,501192.230333,5013351.97267,GWB ISS MPTLS,13.43,13.56,14.0,14.25,14.0,13.55,12.88,12.28,12.08,12.33,12.62,12.98,13.495000000000001,12.879999999999999,3.315453361241396,52.472331025649936,33.30029386711742,54.86549135925977,61.523234846168094,54.44561522468875,1.3671225643568223,5.925338026563832,12.07243662576648,14.87332851593293,19.042691375817807,24.658027953969803,55.78778438689133,3.530343461675403,89.08807825400875,6.4726199959734405,143.9535696132685,8.572797125963314,205.4768044594366,10.722245614344038,259.9224196841254,13.032043792182563,0.24916666666666565,0.15750000000000064,0.18400000000000105,0.05333333333333279,0.06999999999999851,0.016000000000000014
PO018014NRP001,2018,0.0174387865036985,-0.0039830835022418,501192.230333,5013351.97267,GWB ISS MPTLS,13.3,13.5,13.88,,13.9,,13.08,12.35,,12.5,12.79,13.05,13.4,12.475,36.91946907239331,36.27007163225775,108.77115227918804,108.89683547850329,149.73504429126064,23.800128665456707,5.317324187045852,3.7093413738956444,7.175039496761976,15.466396909567505,18.697358965699383,23.20403655545608,73.18954070465107,4.554213699449144,181.96069298383912,5.45694258519023,290.85752846234243,7.9593061662845495,440.59257275360306,10.16380707212468,464.3927014190598,12.325171074886791,-0.1558333333333337,0.0625,0.06400000000000183,,-0.030000000000001137,
PO018014NRP001,2019,0.0088470279853105,-0.0125748420206298,501192.230333,5013351.97267,GWB ISS MPTLS,13.23,13.53,13.72,14.1,14.08,13.77,13.17,12.35,12.03,12.38,12.75,12.57,13.379999999999999,12.645,14.112526128010492,35.45930887632686,4.57240015620995,65.18628786732631,122.09311048802192,1.3079432529040265,2.1296727323692854,5.95933420734166,10.782605467915484,13.235892339869858,15.216253895642556,24.431402729349358,49.57183500433735,3.94713919506804,54.144235160547304,6.301577577937716,119.33052302787362,8.035156268420753,241.42363351589555,9.50942134420801,242.73157676879958,11.982677927380609,0.014166666666666217,0.04249999999999865,-0.09599999999999831,-0.09666666666666757,0.14999999999999858,0.23599999999999888
PO018014NRP001,2020,0.0017303805302731,-0.0196914894756672,501192.230333,5013351.97267,GWB ISS MPTLS,12.76,12.84,13.32,,,13.11,12.18,11.79,,12.35,,12.96,12.8,12.565000000000001,35.95854370658244,18.333723457972926,50.84390506309062,19.589648973174675,72.27313048693765,98.96742625157195,3.4232187000158962,7.428980239225799,9.115335882786958,14.30994349872773,19.069313221432814,21.619912730366256,54.29226716455537,5.324258074556189,105.13617222764599,6.630073764057898,124.72582120082066,8.550041197725356,196.9989516877583,10.709626844976556,295.96637793933024,12.517961522112971,-0.06583333333333208,-0.5374999999999996,-0.49599999999999866,,,-0.42400000000000126
PO018014NRP001,2021,0.0021901729908036,-0.0192316970151367,501192.230333,5013351.97267,GWB ISS MPTLS,,13.01,,,13.57,,,11.64,,12.22,,,13.01,12.35,111.87329068368942,42.956338348316635,0.08936043006048827,57.8510672735224,53.60225374263254,10.85062915328892,2.022260197541877,6.450331972337212,8.581946628364067,11.907998664506389,16.838750727659846,23.76119038317246,154.82962903200604,4.123717988970172,154.91898946206652,5.659330075872513,212.77005673558892,7.221497223030982,266.3723104782215,9.19590026040512,277.2229396315104,11.610036744841695,-0.2808333333333337,-0.32750000000000057,,,-0.3600000000000012,
PO018032NR0001,2008,0.0731497500749322,0.0067173063137486,508567.0,4988324.0,GWB ISS MPOP,,,,,,,,,,,,,,,70.23992750264948,16.29929726233433,8.043080656077226,94.3271956268714,76.3690498256522,66.57398513118596,4.194078874726042,6.470690164573492,10.576792953137806,13.248435903629174,18.3460540329825,22.547273866010816,86.53922476498381,5.274504571602798,94.58230542106104,7.100848347464857,188.90950104793245,8.637745236505936,265.27855087358466,10.630841744391853,331.8525360047706,12.60594099106903,,,,,,
PO018032NR0001,2009,0.1055109657472241,0.0390785219860405,508567.0,4988324.0,GWB ISS MPOP,,,,,,,,,,,,,,,32.80692607406979,59.18434293450255,50.816753152702084,119.14404987477872,7.702716628300239,24.46735908992933,1.1358090910668033,5.168410006437687,10.430948323315308,14.571297763485951,20.5497177043298,22.38427035296083,91.99126900857235,3.0495857966665447,142.80802216127444,5.592055111401119,261.95207203605315,7.836865774422327,269.6547886643534,10.446789018310616,294.12214775428276,12.425377084827225,,,,,,
PO018032NR0001,2010,0.0949702938151959,0.0285378500540122,508567.0,4988324.0,GWB ISS MPOP,,,,,,,,8.3,,10.1,8.8,,,,61.651319910811154,123.61657927001808,61.04938395309401,53.45593025823688,151.18406353352268,51.746497419578205,1.239148109516152,2.8673430945254754,8.020765010815783,12.732172408382041,16.224679074112572,20.867108506383424,185.26789918082923,2.0118508142663396,246.31728313392324,4.081587926411148,299.77321339216013,6.2442340469038715,450.9572769256828,8.293199582291088,502.70377434526097,10.377272884626835,,,,,,
PO018032NR0001,2011,0.0599700220186481,-0.0064624217425354,508567.0,4988324.0,GWB ISS MPOP,,,,10.4,,,,,,,10.55,,,9.45,33.247963276625235,54.300723149620666,91.31728985227217,7.995734220063721,37.71721761850093,84.66051703300003,,,9.096363650707671,16.07515460194847,19.6801176366412,21.522091777806065,87.5486864262459,,178.86597627851808,,186.8617104985818,,224.57892811708274,,309.23944515008276,,-1.9740909090909096,,,-0.3949999999999996,,
PO018032NR0001,2012,0.0715705712523424,0.0051381274911588,508567.0,4988324.0,GWB ISS MPOP,,,10.83,,10.7,,,,,,12.1,,,10.55,28.657171444568718,13.83308933897275,36.211214140732615,94.47072750777713,60.40192291510302,27.36665406102758,2.072215019813251,1.0121030924142684,11.979166090539934,12.806650332888047,18.17090515942148,23.674196377914225,42.490260783541466,1.5691110542679712,78.70147492427408,5.154796677872758,173.17220243205122,7.067760091626581,233.57412534715425,9.347213714816261,260.9407794081818,11.721851725274488,-0.8740909090909081,,-0.9159999999999986,,-0.4128571428571419,
PO018032NR0001,2013,0.0593723750511265,-0.007060068710057,508567.0,4988324.0,GWB ISS MPOP,,11.3,,,10.5,,,10.8,,10.8,,,11.3,12.1,68.63837556777027,36.7539239383566,153.13016947457928,96.19836306071312,136.47705526364896,9.55079872421073,2.7696854797732304,2.3572559648739437,6.797100752564367,13.452356487013773,16.420012911745808,22.143590127068748,105.39229950612688,2.5739562184650944,258.52246898070615,4.02859489132151,354.72083204141927,6.384535290244576,491.1978873050682,8.444798907903769,500.74868602927893,10.715316789533324,0.6759090909090908,0.4758333333333358,,,-0.6128571428571412,
PO018032NR0001,2014,0.0869797215290212,0.0205472777678376,508567.0,4988324.0,GWB ISS MPOP,,8.3,,10.4,,,,9.2,,10.41,,,8.3,10.8,180.05948185002788,137.68969504217424,89.49155408971504,92.55074075729841,17.519720900253528,95.39839521290013,4.902178618777689,6.515131293591655,10.591753838267348,14.46762822493073,17.59452921356261,22.40465212875887,317.7491768922021,5.667647684791096,407.2407309819172,7.363728693210694,499.7914717392156,9.139703576140702,517.3111926394691,10.87546248183659,612.7095878523693,12.78637789292868,-0.6240909090909081,-2.5241666666666642,,-0.3949999999999996,,
PO018032NR0001,2015,0.0603521876468289,-0.0060802561143546,508567.0,4988324.0,GWB ISS MPOP,,8.2,,,8.76,,9.83,,,,10.5,,8.2,10.41,43.23910125095142,80.72479882897376,38.146640044638026,28.436094852953854,22.27067879109031,42.27059437428231,3.8263564306297466,4.497973459224786,9.877619916186736,13.987726525564563,19.09254060426027,23.150929094950044,123.96390007992518,4.145089935725697,162.11054012456322,6.119628040106722,190.54663497751707,8.086652661471183,212.8173137686074,10.346139590123247,255.08790814288972,12.468480392028242,-1.0140909090909087,-2.6241666666666656,,,-2.3528571428571414,
PO018032NR0001,2016,0.0669018747003312,0.0004694309391475,508567.0,4988324.0,GWB ISS MPOP,,,10.7,10.5,10.6,10.83,11.21,11.4,11.58,11.75,11.74,11.75,,10.5,26.75295597252228,125.23667396931017,65.57805340151748,9.969394608799956,75.04120978257616,63.286507261247074,3.487346513856249,6.530066368640453,9.174105644098423,14.7670427322894,16.98555880124604,21.662895251952033,151.98962994183245,4.931349156804685,217.56768334334993,6.3927430579836395,227.53707795214987,8.48631797656008,302.578287734726,10.231195231959186,365.8647949959731,12.125952141350265,-0.9240909090909089,,-1.0459999999999994,-0.29499999999999993,-0.5128571428571416,-0.663333333333334
PO018032NR0001,2017,0.09986526712365,0.0334328233624664,508567.0,4988324.0,GWB ISS MPOP,11.82,11.76,11.86,11.88,11.9,12.08,12.3,12.62,12.53,12.52,12.56,12.7,11.79,11.745000000000001,3.7337016218897427,55.19047025805736,28.62134986569165,46.70138538200407,74.128450676449,47.162780982424394,1.0087503874271593,5.550172956206583,11.82823488034439,14.584950885099445,18.847059204587584,24.517085206367117,58.9241718799471,3.1640017760004455,87.54552174563875,6.148348734163359,134.24690712764283,8.25749927189738,208.37535780409183,10.431514887217887,255.53813878651624,12.766139801994001,0.32090909090909214,0.9658333333333342,0.11400000000000077,1.0850000000000009,0.7871428571428591,0.586666666666666
PO018032NR0001,2018,0.0567462386179526,-0.0096862051432309,508567.0,4988324.0,GWB ISS MPOP,12.65,12.64,12.54,,12.55,,12.69,12.7,,12.85,,12.83,12.645,12.54,34.41942695058864,35.98926795901451,109.72781866030138,76.09926090058718,117.33902283830881,32.856267062616766,5.058107670138458,3.551472220976327,6.993711485707507,15.096766555121373,18.300817134048675,22.578398569965906,70.40869490960316,4.343094236637786,180.13651356990454,5.256084622428467,256.2357744704917,7.716255105601694,373.5747973088005,9.889244661110677,406.4310643714173,11.992419342136404,1.1159090909090903,1.8208333333333346,0.7940000000000005,,1.4371428571428595,
PO018032NR0001,2019,0.0483900663132468,-0.0180423774479367,508567.0,4988324.0,GWB ISS MPOP,12.65,12.77,12.8,,12.78,,12.95,13.09,,13.14,,12.18,12.71,12.85,13.40140068447355,39.451591668762035,8.078516056264142,60.878620970071026,110.65496877246851,1.3032173290601081,0.9580169859982719,4.920173590084138,10.089396499017976,12.761735733964155,14.745577094395799,23.761627599102503,52.852992353235585,2.8383624930220726,60.93150840949973,5.335940872865105,121.81012937957075,7.192389588139869,232.46509815203927,8.743043976841419,233.7683154810994,11.2323119805311,1.4259090909090908,1.885833333333336,1.054000000000002,,1.6671428571428581,
PO018032NR0001,2020,0.0310106660932883,-0.0354217776678952,508567.0,4988324.0,GWB ISS MPOP,,,,,,11.57,11.68,11.97,,,11.58,11.8,,13.14,46.86283113608647,13.817241684183067,51.278486809724825,22.58047670803216,37.199581793728555,84.68379168642085,2.9162218320936377,7.056030442006508,8.697051432746271,14.104287502434287,18.874580775826608,21.474732951579945,60.68007282026954,4.880876765611609,111.95855962999437,6.195336928735771,134.53903633802653,8.1725745721604,171.7386181317551,10.369675183509091,256.42240981817594,12.210292493134094,1.7159090909090917,,,,,0.07666666666666622
PO018032NR0001,2021,0.0152642126727821,-0.0511682310884014,508567.0,4988324.0,GWB ISS MPOP,,,,,,,,,,,,,,11.58,119.44316858193389,31.169122480065585,6.131495980307514,55.617833709311334,42.659016908997074,14.979075666716776,1.8440034497267623,6.603727344718527,8.682634006738786,11.544672694479976,16.453387832844147,23.673346443627594,150.61229106199949,4.102855467688956,156.743787042307,5.6803347422505635,212.36162075161832,7.146419230307917,255.0206376606154,9.057121393742507,269.9997133273322,11.479700131292521,0.15590909090909122,,,,,
PO0180350U0002,2008,0.4128127004584936,0.1309636129849942,485404.0,5022621.0,GWB ISS MPP,,,,,,,,,,,,,,,131.04309115194218,40.89831762145588,18.15769359661555,133.08746437120723,115.92205428497411,88.5036833186957,4.379831464978025,5.980778703183137,10.060575250844336,12.708660745851345,17.784883927471643,21.501990045210317,171.94140877339805,5.139603035651637,190.0991023700136,6.834604576440233,323.1865667412209,8.303118618793011,439.108621026195,10.249706198720412,527.6123043448907,12.114725620790564,,,,,,
PO0180350U0002,2009,0.3771941122354208,0.0953450247619214,485404.0,5022621.0,GWB ISS MPP,,,,,,,,,,,,,,,73.21790868977465,95.37245425157052,107.74250955161634,209.6743229831131,22.468965106766312,20.402822341568974,0.8269125942673733,4.948115251359944,10.097253209966851,14.305574807151507,20.523015940089408,22.964035505676414,168.59036294134518,2.7827375840740167,276.33287249296154,5.302181855214882,486.0071954760746,7.553030093199038,508.4761605828409,10.21574241938183,528.8789829244099,12.32871917401629,,,,,,
PO0180350U0002,2010,0.3293466438371195,0.0474975563636201,485404.0,5022621.0,GWB ISS MPP,,,,,,,,,,,,,,,60.268891178045486,150.3805284876021,80.67807907708224,71.70568748004399,154.84474546106432,64.43346802853054,1.71817885309959,3.9345137152506404,8.526751935941233,13.759710199152323,17.142289237018073,21.42441820015827,210.6494196656476,2.7699987876797496,291.32749874272986,4.752880427636483,363.03318622277385,7.004587870515443,517.8779316838381,9.08583781992989,582.3113997123687,11.130906391238463,,,,,,
PO0180350U0002,2011,0.2779606674232387,-0.0038884200502606,485404.0,5022621.0,GWB ISS MPP,,,,,,,,,,,,,,,9.063733120815971,51.1637138915853,126.43927542998628,12.11792116947562,57.08561416998128,83.75157449475725,,,9.157642773924875,16.163776990738832,19.773370597157985,21.58672776255919,60.22744701240127,,186.66672244238754,,198.78464361186315,,255.87025778184443,,339.6218322766017,,,,,,,
PO0180350U0002,2012,0.3506298399893179,0.0687807525158185,485404.0,5022621.0,GWB ISS MPP,,,,,,,,,,,,,,,29.56072757349308,7.464128896845807,37.35282809744661,107.9296041194789,81.85853282783695,74.17554244807998,2.1419189974466675,1.2066353441341455,12.0696806091695,12.814906507090038,18.295397614797853,23.649370008493786,37.02485647033889,1.698055568755979,74.37768456778551,5.270504193787303,182.30728868726442,7.156604772112987,264.16582151510136,9.443376812664185,338.3413639631813,11.797961320260251,,,,,,
PO0180350U0002,2013,0.3345913313568321,0.0527422438833327,485404.0,5022621.0,GWB ISS MPP,,,,,,,,,,,,,,,31.460177316596287,20.493728925871235,134.77870068794613,81.77143776140528,118.51317243336152,8.568960258645586,3.141672708056454,2.8712644155496183,6.9900221263219,13.444628325626834,16.41456394531451,21.99088950949175,51.953906242467525,3.013343348900668,186.73260693041365,4.383088261123537,268.50404469181893,6.648473277249361,387.0172171251804,8.653432288573994,395.586177383826,10.864060557234396,,,,,,
PO0180350U0002,2014,0.2627979156146081,-0.0190511718588912,485404.0,5022621.0,GWB ISS MPP,,,,,5.5,,,,,6.4,,,,,164.70901951206204,143.5010577503114,86.25527648630224,87.58678763809809,21.068172357401743,67.82817987444714,4.88527524290617,6.481091117514846,10.63806855731717,14.246294909018067,17.33275992836536,21.987348019093844,308.21007726237343,5.642611590178084,394.4653537486757,7.363268989970436,482.05214138677377,9.084025469732344,503.1203137441755,10.777474265875545,570.9484936186227,12.635464390718358,,,,,-0.75,
PO0180350U0002,2015,0.2692655663012476,-0.0125835211722517,485404.0,5022621.0,GWB ISS MPP,,,,,6.35,,4.28,,,,7.61,,,6.4,41.32243287630915,73.27162314752309,52.419301008186835,60.63600262868352,53.99123335292241,33.22816448705776,3.904839930318993,4.529494352416585,9.760751830211957,13.829288338073708,18.489007269804738,22.692691076543348,114.59405602383224,4.2012860967381895,167.0133570320191,6.116213182712487,227.6493596607026,8.044481971552791,281.640593013625,10.188722264571403,314.86875750068276,12.261203283130289,-0.5221428571428568,,,,0.09999999999999964,
PO0180350U0002,2016,0.2598238945175946,-0.0220251929559047,485404.0,5022621.0,GWB ISS MPP,,7.73,,,6.33,,,5.85,,,7.45,,7.73,7.61,18.684182632973737,107.53838195725983,46.3253183349591,13.448419475108865,93.07853772912715,48.71881185862135,3.510638141334812,6.781446471842212,9.471653133642835,14.922346908940158,17.01744975556755,21.7466735953071,126.22256459023356,5.062886162592561,172.54788292519265,6.581461452620988,185.99630240030152,8.66668281670078,279.07484012942865,10.381078678322435,327.79365198805,12.26487894080608,0.6878571428571432,0.0033333333333338544,,,0.08000000000000007,
PO0180350U0002,2017,0.2342040621483703,-0.047645025325129,485404.0,5022621.0,GWB ISS MPP,,,,,5.92,,,3.8,,,7.44,,,7.45,1.0319176187747532,45.840922143552206,45.40607609019697,38.00572148585731,66.21861125638092,66.10685873251767,1.396854024382048,5.970993965196171,11.588861924118522,14.343408513392585,18.337412370894086,23.91364214332172,46.87283976232696,3.567632301378581,92.27891585252394,6.33050028254456,130.28463733838123,8.333727340256566,196.50324859476217,10.387464002175527,262.6101073272798,12.62937198137103,0.527857142857143,,,,-0.33000000000000007,
PO0180350U0002,2018,0.2765579293574696,-0.0052911581160297,485404.0,5022621.0,GWB ISS MPP,,7.25,,,5.75,5.0,4.14,4.2,,6.6,7.5,,7.25,7.44,32.629719080629286,27.723281092502774,97.13258672069325,87.80284248271943,115.34085887267042,18.369744769559272,4.822183039151474,3.4303755478717757,6.996812087766366,15.11205038813871,18.575713924987852,22.931955813030253,60.35300017313206,4.161664229730601,157.4855868938253,5.1382151586095866,245.28842937654474,7.631673965991867,360.62928824921516,9.878463626447996,378.9990330187744,12.042025867317983,0.5178571428571432,-0.47666666666666657,,,-0.5,0.0
PO0180350U0002,2019,0.204783980043595,-0.0770651074299043,485404.0,5022621.0,GWB ISS MPP,,8.2,,,6.9,,,4.0,,6.0,6.95,,8.2,7.05,6.816829519560664,23.712221391807073,4.144945164620653,75.90083374806973,80.13207955918298,1.994139649970159,2.0773019063647364,5.520755417760121,10.307396989618185,13.056738833703708,15.151961249882959,24.014095407057525,30.529050911367737,3.711483233806614,34.67399607598839,5.983409083030599,110.57482982405813,7.751741520698876,190.7069093832411,9.270991928677065,192.70104903321126,11.714600240010842,0.12785714285714267,0.4733333333333327,,,0.6500000000000004,
PO0180350U0002,2020,0.1814549070711874,-0.1003941804023119,485404.0,5022621.0,GWB ISS MPP,,,,,,,,,,6.03,,,,6.475,15.34376956776589,9.893143833935486,52.651049800156315,43.9766610006638,106.12877112154052,64.4771900167712,3.098709654533673,7.01397330993418,8.848395636659351,13.978334772508001,18.79484635793926,21.401832777237935,25.236913401701376,4.956800880825439,77.88796320185769,6.297239074501565,121.8646242025215,8.217512999003173,227.99339532406202,10.389018523023164,292.4705853408332,12.214346852451028,-0.4471428571428575,,,,,
PO0180350U0002,2021,0.1744636742744957,-0.1073854131990036,485404.0,5022621.0,GWB ISS MPP,,,,,7.0,,,,4.65,5.76,7.25,6.7,,6.03,79.06197487292317,39.426471880395376,3.5036124843464758,51.85721171844717,48.961568389391964,9.359985305631179,2.5219508189248376,6.8688616822877835,9.143765081064004,11.83176430716695,16.571900900654306,23.517848830854508,118.48844675331856,4.584891567639455,121.99205923766503,6.155170222263466,173.8492709561122,7.5743187434893375,222.81083934550418,9.421504484364263,232.17082465113535,11.757915149528392,-0.8921428571428569,,,,0.75,
PO018039NR0001,2008,0.1822284686765888,0.0874654518701218,476494.0,5010571.0,GWB ISS MPP,,,,,,,,,,,,,,,130.11154310125653,38.01596440475535,13.75151448202607,123.96373861651625,105.00779601663223,86.49379501844871,2.572736154480438,4.784991518014758,9.403697295264745,12.487571000559571,18.38145741978113,21.99308605587801,168.12750750601188,3.6226200558187593,181.87902198803795,5.613879993850154,305.8427606045542,7.332302745527509,410.85055662118646,9.600672248188848,497.3443516396352,11.654663487032357,,,,,,
PO018039NR0001,2009,0.1844839126342735,0.0897208958278065,476494.0,5010571.0,GWB ISS MPP,,,,,,,,,,,,,,,73.79554579394308,88.99893025773926,101.30640612670881,180.56448522738035,16.324411715852506,18.08914696837379,-1.3569231373658959,3.2083336217702816,8.971377321980587,14.093684877862534,20.84776453179832,22.8705022577195,162.79447605168235,0.8096393923936459,264.10088217839115,3.62090467925137,444.66536740577146,6.239099728904161,460.989779121624,9.238229589100975,479.07892608999776,11.497722296606808,,,,,,
PO018039NR0001,2010,0.1354250706329261,0.0406620538264591,476494.0,5010571.0,GWB ISS MPP,,,,,,,,,,,,,,,60.044509464735974,139.85529495598882,76.53729546693816,65.5179351124667,139.518845114314,60.43447160040442,-1.535553022009633,1.3610232906421151,5.933261017098056,12.041841666011688,15.775159658319414,20.583219020446478,199.8998044207248,-0.1609066363443967,276.43709988766295,1.9381955553968926,341.95503500012967,4.464107083050592,481.47388011444366,6.786243704463396,541.9083517148481,9.07303519330037,,,,,,
PO018039NR0001,2011,0.0781946019212282,-0.0165684148852387,476494.0,5010571.0,GWB ISS MPP,,,,,,,,,,,,,,,20.515324689585224,66.77773406759948,140.55103442523867,18.376878868179077,5.862294131155354,150.86428389606732,,,9.043462514139781,15.998648528652442,19.599614076200677,21.466292724603143,87.29305875718471,,227.84409318242336,,246.22097205060243,,252.08326618175778,,402.9475500778251,,,,,,,
PO018039NR0001,2012,0.115118315801611,0.020355298995144,476494.0,5010571.0,GWB ISS MPP,,,,,,,,,,,,,,,33.002424715308806,4.013763671848195,38.39871252589554,104.40034763456094,75.1986819111615,50.60883583440594,1.8444791553428197,0.577954840529447,11.779077412260293,12.684652187487417,18.131798120349316,23.4044481637318,37.016188387157,1.2434167686517277,75.41490091305255,4.872366545894678,179.8152485476135,6.825437956292863,255.013930458775,9.14661123500644,305.6227662931809,11.50978862650788,,,,,,
PO018039NR0001,2013,0.1700623509717368,0.0752993341652698,476494.0,5010571.0,GWB ISS MPP,,,,,,,,,,,,,,,29.43237739764385,18.218977914383313,152.77138009054062,75.6351509941733,150.55104536929676,18.375937158646035,2.8517268505308753,2.515563517324093,6.737675942278544,13.29168904318572,16.28462976840881,21.841213115997427,47.651355312027164,2.6921917093479957,200.42273540256778,4.085636278468518,276.0578863967411,6.387149469647818,426.6089317660378,8.419082511115306,444.98486892468384,10.643745042311238,,,,,,
PO018039NR0001,2014,0.1196519838694177,0.0248889670629507,476494.0,5010571.0,GWB ISS MPP,,,,,,,,,,,,,,,151.42709101478977,139.01581517186662,84.58167865262263,84.79449172796356,16.409151209771743,65.20097579970091,4.538461191554338,6.162501591192421,10.27677201452312,14.20498570772995,17.26976918083117,21.96510030957374,290.4429061866564,5.309192228670716,375.024584839279,7.0202474882420995,459.8190765672425,8.81643204311406,476.22822777701424,10.551885362777838,541.4292035767152,12.44357844788213,,,,,,
PO018039NR0001,2015,0.0609624073159689,-0.033800609490498,476494.0,5010571.0,GWB ISS MPP,,,,,,,,,,,,,,,41.40875878800699,68.40329120261525,54.59103366276779,73.33575669773441,68.74213923501823,27.41183325284254,3.3053459306332913,4.079834032811733,9.513056198166199,13.751838283453186,18.655628995043855,22.621238922326803,109.81204999062224,3.6728996062433996,164.40308365339004,5.6845090990168075,237.73884035112445,7.701341395125902,306.48097958614267,9.95023487590376,333.8928128389852,12.050401292437964,,,,,,
PO018039NR0001,2016,0.0559147880133047,-0.0388482287931622,476494.0,5010571.0,GWB ISS MPP,,,,,,,,,,,,,,,14.215756108112947,99.62651335333554,42.02005694046589,14.792921123029682,103.57178460966703,44.81976239467362,3.151305825603841,6.361915163465187,8.985505686140764,14.687656260026667,16.89699226326892,21.518660320967985,113.84226946144848,4.674984833402446,155.86232640191437,6.159719793790089,170.65524752494406,8.291703910349234,274.2270321346111,10.05835251260427,319.0467945292847,11.957851044377259,,,,,,
PO018039NR0001,2017,0.0448177353770653,-0.0499452814294016,476494.0,5010571.0,GWB ISS MPP,,,,,,,,,,,,,,,0.003402383143936533,41.620975457634785,50.98043765684804,34.408162382293845,65.01443748790076,50.07666472881781,0.9007325324474689,5.564525226784873,11.297234527529962,14.197746581703685,18.247077395970845,23.696596699798764,41.62437784077872,3.1140578789126776,92.60481549762676,5.93270761343641,127.01297787992061,7.998967355503228,192.0274153678214,10.102883986327706,242.1040800966392,12.355985541046666,,,,,,
PO018039NR0001,2018,0.1013279053903035,0.0065648885838365,476494.0,5010571.0,GWB ISS MPP,,,,,,,,,,,2.33,,,,30.011588765824417,22.02199221792609,90.82948600977187,87.77824852024025,111.36783382158322,16.21379852111702,4.351893014516777,3.1463533589654817,6.752277168586766,15.153806847630229,18.508041267774974,22.726017660167884,52.03358098375051,3.7797725000178573,142.86306699352238,4.803635219191593,230.64131551376263,7.391178126301252,342.00914933534585,9.673448042762743,358.2229478564629,11.836857371614425,,,,,,
PO018039NR0001,2019,0.0353451702444167,-0.0594178465620502,476494.0,5010571.0,GWB ISS MPP,2.86,3.07,3.34,,2.85,2.1,1.45,1.39,2.07,2.37,1.99,2.18,2.965,2.33,1.818402995870068,16.228043904768604,3.603013436341798,82.77253667982862,68.21338763372182,2.000741122856617,1.1983451652342174,4.837624653964566,10.08515435002511,12.988873379451892,15.251082842645758,24.12734866033762,18.04644690063867,2.9254608548011625,21.649460336980468,5.391577503156078,104.42199701680909,7.290901472230032,172.6353846505309,8.925110892646506,174.63612577338753,11.444818809943376,0.036666666666666625,0.31999999999999984,0.20500000000000007,,-0.040000000000000036,0.08499999999999996
PO018039NR0001,2020,0.0279732220427312,-0.0667897947637357,476494.0,5010571.0,GWB ISS MPP,2.57,,,,,1.93,1.45,1.47,2.25,2.37,,2.41,2.57,2.18,7.621752734856664,4.419251144232949,52.60683368919415,53.377739987263055,119.76449722305038,56.99987448183041,2.703991589927688,6.576629247022545,8.646304595471426,13.877062826923058,18.86015078864564,21.426382209393445,12.041003879089613,4.54185352888796,64.64783756828376,5.9556088962667095,118.02557755554682,7.9359723789307965,237.79007477859722,10.17868450277954,294.78994926042765,12.042943791168586,-0.11333333333333329,-0.07500000000000018,,,,-0.08500000000000019
PO018039NR0001,2021,0.0151763023989652,-0.0795867144075017,476494.0,5010571.0,GWB ISS MPP,2.4,,2.93,,2.93,,,1.35,,2.41,,,2.4,2.37,58.64131597806815,39.39549080318214,6.59187378652146,47.60971819845322,48.19711877500484,9.19892233327845,2.231607500987047,6.623119137308232,8.835999965497432,11.869775844948224,16.61824999193978,23.61691526528901,98.03680678125029,4.3157147182242195,104.62868056777175,5.872701858951659,152.23839876622498,7.3719703554508005,200.4355175412298,9.270213194729994,209.63443987450827,11.648119615264639,0.07666666666666666,-0.2450000000000001,-0.20499999999999963,,0.040000000000000036,
PO018039NRP001,2008,0.1836496896629311,0.0889798180798346,474622.390667,5007946.94967,GWB ISS MPP,,,,,,,,,,,,,,,129.5884182574686,36.979485286153135,12.20852304784568,120.45837729020384,101.08749650709828,85.81920372795874,2.67239214279971,4.851823761300508,9.441178197266508,12.495985692954468,18.353393841320212,21.96220686378268,166.56790354362172,3.7066986736136482,178.7764265914674,5.6819082873163005,299.23480388167127,7.385427638725842,400.3223003887696,9.637129309457137,486.1415041167283,11.679959843323248,,,,,,
PO018039NRP001,2009,0.1795996038378198,0.0849297322547233,474622.390667,5007946.94967,GWB ISS MPP,,,,,,,,,,,,,,,74.13394756119364,86.54669215165468,98.77771053819276,169.96955786821354,13.898683000614646,17.608317170960518,-1.2553792312772953,3.295506511199937,9.028927730032377,14.09613297924849,20.81068960696202,22.837680477559655,160.68063971284832,0.9043631549830861,259.4583502510411,3.702824286388953,429.42790811925465,6.301151459603838,443.3265911198693,9.27993081435949,460.9349082908298,11.527071642514214,,,,,,
PO018039NRP001,2010,0.1405885674325652,0.0459186958494687,474622.390667,5007946.94967,GWB ISS MPP,,,,,,,,,,,,,,,59.90672693650615,136.06521964972214,74.93452222536776,63.34275794112638,134.1880221912938,59.9197015172426,-1.365586413995855,1.5045842120103028,6.068689334698738,12.135212747206829,15.850955430352393,20.647399483983598,195.97194658622828,-0.003471540637000326,270.906468811596,2.088050538645309,334.2492267527224,4.599841090785689,468.43724894401623,6.909672511491436,528.3569504612589,9.186643832898977,,,,,,
PO018039NRP001,2011,0.080128798952676,-0.0145410726304204,474622.390667,5007946.94967,GWB ISS MPP,,,,,,,,,,,,,,,23.27149457687834,66.19354131152151,138.83895472187626,17.55990219050221,7.337399317205082,146.7106122783467,,,9.021623896272443,15.967065333892569,19.566380641014188,21.443257790397258,89.46503588839985,,228.30399061027612,,245.86389280077833,,253.2012921179834,,399.9119043963301,,,,,,,
PO018039NRP001,2012,0.1092940099396425,0.014624138356546,474622.390667,5007946.94967,GWB ISS MPP,,,,,,,,,,,,,,,33.174694136548766,4.505919325691054,38.36795546581518,104.3400458659295,75.00384450476217,50.47361930889865,1.731138060374009,0.34230088955216564,11.658721379995765,12.625869247785513,18.05355568319383,23.297092163951252,37.68061346223982,1.0720288945602527,76.048568928055,4.718556306210262,180.38861479398452,6.695384541604075,255.3924592987467,9.027194511069522,305.86607860764536,11.392370917624504,,,,,,
PO018039NRP001,2013,0.1854566376176102,0.0907867660345137,474622.390667,5007946.94967,GWB ISS MPP,,,,,,,,,,,,,,,30.71877170483376,18.95004328630692,151.97658862712524,76.94860126802024,149.21819673992397,17.59526918118453,2.7409490385797883,2.3813579456311027,6.638165647513148,13.224540622016292,16.222812264095584,21.777060140689716,49.66881499114068,2.5702956385363445,201.6454036182659,3.9714508638505763,278.59400488628614,6.284723303392005,427.81220162621014,8.324993222476847,445.40747080739465,10.554617573561853,,,,,,
PO018039NRP001,2014,0.1204900374609903,0.0258201658778938,474622.390667,5007946.94967,GWB ISS MPP,,,,,,,,,,,,,,,152.53508011336746,139.6758561436088,83.84855817314946,84.57573152528481,16.799057432304547,65.20020496185843,4.478272793393939,6.109854251514259,10.216750963815421,14.20570325603326,17.268460000234818,21.968441185003133,292.21093625697625,5.252582637925617,376.0594944301257,6.962462839065438,460.63522595541053,8.773272943307393,477.4342833877151,10.517317968239514,542.6344883495735,12.41529419201249,,,,,,
PO018039NRP001,2015,0.0585703452860857,-0.0360995262970107,474622.390667,5007946.94967,GWB ISS MPP,,,,,,,,,,,,,,,41.7559425986151,68.54039246194496,54.24836151832773,70.77088289508495,66.4244489876088,27.891841363368535,3.200287649959038,3.9989913299969735,9.451389397606938,13.742486391280973,18.68517767607669,22.606639225741997,110.29633506056007,3.5793334642143297,164.5446965788878,5.601930507938451,235.31557947397275,7.637069478774081,301.7400284615816,9.905224141796472,329.6318698249501,12.010431061787441,,,,,,
PO018039NRP001,2016,0.0542915635291196,-0.0403783080539768,474622.390667,5007946.94967,GWB ISS MPP,,5.54,5.5,5.64,5.16,3.95,2.51,2.41,3.57,4.43,,4.62,5.54,,14.849542177295081,100.6873921063972,42.806289278150125,14.510386633905668,102.43373306262995,45.60073176372771,3.0876743140328253,6.2862702357379385,8.900003194703642,14.649413706648673,16.880263515443854,21.484180348267753,115.53693428369228,4.605652039587794,158.3432235618424,6.08481743746103,172.85361019574805,8.225966504757942,275.287343258378,10.002676487084189,320.8880750221057,11.905688176783121,,0.3200000000000003,0.15333333333333332,0.20000000000000018,0.18666666666666654,0.08666666666666689
PO018039NRP001,2017,0.0463475036529269,-0.0483223679301695,474622.390667,5007946.94967,GWB ISS MPP,4.78,5.2,5.29,5.24,5.12,3.83,2.6,1.9,3.72,4.41,4.83,4.96,4.99,4.43,0.13885178817828245,42.460678092863006,50.2050641789626,34.73350474072764,65.5835614772016,53.239187940507094,0.8187993676121735,5.494125645852301,11.251354550727367,14.183482539216069,18.24025272337863,23.661579401002392,42.599529881041285,3.037598279319353,92.8045940600039,5.8667809950265575,127.53809880073153,7.945956381073936,193.12166027793313,10.059354967904701,246.36084821844022,12.31386730488222,-0.09500000000000064,-0.22999999999999954,-0.05666666666666664,-0.1999999999999993,0.1466666666666665,-0.033333333333333215
PO018039NRP001,2018,0.0899338924096872,-0.0047359791734092,474622.390667,5007946.94967,GWB ISS MPP,5.0,5.26,5.25,,4.64,3.81,2.67,2.6,,,,,5.13,4.62,30.482377112449747,22.90977844949146,92.0122064703759,86.90473583124388,110.09248458365188,16.75493029617738,4.279715286966836,3.1022259090351394,6.713828213940381,15.171268528439244,18.502037372112017,22.69293309439888,53.39215556194121,3.720906768626369,145.40436203231712,4.751801933123417,232.30909786356102,7.356668581952374,342.4015824472129,9.644790651455349,359.1565127433903,11.807466194484661,0.09499999999999975,-0.08999999999999986,-0.09666666666666668,,-0.3333333333333339,-0.05333333333333323
PO018039NRP001,2019,0.0311889511486569,-0.0634809204344395,474622.390667,5007946.94967,GWB ISS MPP,,,,,,,,,,,,,,,2.555012678691264,17.343526325796407,3.722859841100325,81.68871899224281,68.75924512079906,2.0312092272207836,1.0442336111714918,4.718926178235348,10.04920967168089,12.985377359549142,15.281525410655314,24.162739946394716,19.89853900448767,2.788155507405186,23.621398845587997,5.2891852751001505,105.3101178378308,7.2132332962123975,174.06936295862988,8.869637637588095,176.10057218585067,11.40440597606433,,,,,,
PO018039NRP001,2020,0.0298539834837677,-0.0648158880993287,474622.390667,5007946.94967,GWB ISS MPP,,,,,,,,,,,,,,,8.48123935207697,5.185531178699766,52.880934756953074,52.49324068437658,118.36628428350473,57.01354582283954,2.634464606999622,6.499117936750477,8.614061558189688,13.866250191709668,18.87931093360987,21.434827414500177,13.666770530776738,4.468537373661045,66.54770528772981,5.8964401483320215,119.04094597210639,7.888892659176433,237.40723025561113,10.145203695649522,294.4207760784507,12.01641204684024,,,,,,
PO018039NRP001,2021,0.0159846177488718,-0.0786852538342246,474622.390667,5007946.94967,GWB ISS MPP,,,,,,,,,,,,,,,60.096067805752895,39.1984106702918,6.2900109082462485,47.96132225612698,48.05856668348952,9.149216490632273,2.1723931455979346,6.575009977314215,8.778998216787356,11.875739924188249,16.61741149089377,23.63017477301201,99.2944784760447,4.261770625056508,105.58448938429095,5.8177045733193555,153.54581164041792,7.332213411036578,201.60437832390744,9.238446129417856,210.75359481453972,11.623815517858874,,,,,,
PO018043NUP001,2008,0.0387852721298538,0.0236237997885263,518426.612333,5011543.40033,GWB ISS MPTLS,,,,,,,,,,,,,,,113.6539543391083,27.994629512696626,12.109108195313132,105.61410509634418,94.40037580357928,77.5483496111313,3.8308822351055194,6.290901157005405,10.487336634197398,13.271229311332526,18.903521991718886,22.75358982399575,141.64858385180491,4.998348842108855,153.75769204711804,6.8890001927171305,259.37179714346223,8.484557472370978,353.7721729470415,10.623550188263597,431.3205225581728,12.634053995291026,,,,,,
PO018043NUP001,2009,0.0273236062598197,0.0121621339184922,518426.612333,5011543.40033,GWB ISS MPTLS,,,,,,,,,,,,,,,67.19944535743298,97.96861089625432,113.94005099921408,128.239629158534,7.47599957368863,43.24905430080946,0.9670819679073455,5.135975846502107,10.426890077697836,14.875963351849284,21.52822327847018,23.773209772169135,165.1680562536873,2.9455400797828255,279.1081072529014,5.522449523509106,407.3477364114354,7.860827980594151,414.823735985124,10.666717081482608,458.0727902859335,12.839063936292531,,,,,,
PO018043NUP001,2010,0.0168485417185579,0.0016870693772304,518426.612333,5011543.40033,GWB ISS MPTLS,,,,,,,,,,,,,,,67.5797193593563,145.54244495983417,74.00726967118496,57.88370044835805,167.63332556549005,59.658545848247314,1.300092227545625,3.589394942800126,8.103589510765932,13.115634375345453,16.651890617781664,21.60766944560114,213.12216431919046,2.3865409737680996,287.12943399037545,4.355746580956242,345.0131344387335,6.545718529553545,512.6464600042236,8.620495580779187,572.3050058524709,10.77306583461708,,,,,,
PO018043NUP001,2011,0.0070423614064387,-0.0081191109348887,518426.612333,5011543.40033,GWB ISS MPTLS,,,,,,,,,,,,,,,32.878369261026094,48.87746797054315,105.20293071176461,12.36044436308574,42.585884071818874,86.02175382927314,,,9.420188037289073,16.543472181912794,20.172905084483943,21.863655217602297,81.75583723156925,,186.95876794333384,,199.3192123064196,,241.90509637823845,,327.9268502075116,,,,,,,
PO018043NUP001,2012,0.0118029481445743,-0.0033585241967531,518426.612333,5011543.40033,GWB ISS MPTLS,,,,,,,,,,,,,,,26.39084390203705,22.14197062930456,27.79940502869554,122.3467413665043,83.78405862702347,44.960128649761074,1.8924494341496487,0.86402828545377,11.7052038901276,12.687989479820077,18.221292323581597,23.690664329784614,48.532814531341614,1.4043851601922825,76.33221956003715,4.95244494494778,198.67896092654144,6.886331078665855,282.4630195535649,9.213376102456506,327.423148203326,11.612926637372766,,,,,,
PO018043NUP001,2013,0.0495559896771306,0.0343945173358031,518426.612333,5011543.40033,GWB ISS MPTLS,,,,,,,,,,,,,,,77.21987533032001,36.89798998538277,180.58173148405052,114.82030749324053,156.72504736327085,19.627924451057407,2.7061147473325793,2.434052351040252,6.751279551320522,13.396493888261007,16.47009435671238,22.382878958137304,114.11786531570277,2.577000389770119,294.6995967997533,4.014807656526369,409.51990429299383,6.360229214460029,566.2449516562647,8.43576444233965,585.8728761073221,10.747440881422134,,,,,,
PO018043NUP001,2014,0.0183390579146488,0.0031775855733213,518426.612333,5011543.40033,GWB ISS MPTLS,,,,,,,,,,,,,,,215.18844554057165,149.578157944748,99.13883357140368,99.0947790279927,48.07496367517012,144.75353441493553,5.1568157879109,6.788556733592687,10.863415018337772,14.835887126974045,18.150253615330243,22.7716153875139,364.76660348531965,5.9312013214547985,463.9054370567233,7.630074928158933,563.000216084716,9.43152797786271,611.0751797598862,11.22146502926333,755.8287141748217,13.135854591404309,,,,,,
PO018043NUP001,2015,0.0034323243389728,-0.0117291480023546,518426.612333,5011543.40033,GWB ISS MPTLS,,,,,,,,,,,,,,,41.95313235002078,112.97478374608862,43.963823684202545,46.713574266362066,45.460180525569626,62.613695541371115,3.998283258864382,4.5036406691508635,9.72617364443158,14.030683423252857,19.335568305591217,23.488103282545424,154.9279160961094,4.238113894254577,198.89173978031195,6.128445585982211,245.605314046674,8.104005045299873,291.06549457224367,10.409822668273591,353.67919011361477,12.577493488318646,,,,,,
PO018043NUP001,2016,0.0035974672678172,-0.0115640050735102,518426.612333,5011543.40033,GWB ISS MPTLS,,,2.2,2.2,2.1,2.0,1.9,2.0,2.0,2.15,2.2,2.2,,,9.251531961297957,43.125317749946376,20.51105645281225,12.567663645361016,104.6507826741157,129.98591420054476,3.4046983760373024,6.528382613459735,9.198869080720183,14.87289853631506,17.275623397909985,22.06785486928062,52.37684971124433,4.887124793797101,72.88790616405659,6.372281159292829,85.4555698094176,8.497435503548386,190.1063524835333,10.299580038152424,320.092266684078,12.25012282784218,,,-0.06199999999999983,-0.05799999999999983,-0.07499999999999973,-0.16500000000000004
PO018043NUP001,2017,0.0079801301923435,-0.0071813421489839,518426.612333,5011543.40033,GWB ISS MPTLS,2.3,2.3,2.3,2.29,,2.1,2.05,2.05,2.0,2.14,2.15,2.15,2.3,2.175,3.2067779450734877,54.54866927263019,34.48898615688104,64.70000907197291,56.63697028913815,34.78865097363317,0.8572356752913519,5.792103262220147,11.951362081762955,14.971180684210694,19.367653826800908,24.941723209185575,57.75544721770368,3.199206733494848,92.24443337458473,6.213838020120528,156.94444244655764,8.40317368614307,213.58141273569578,10.654159675284744,248.37006370932895,13.022264128417477,0.028999999999999915,0.04999999999999982,0.03799999999999981,0.03200000000000003,,-0.06499999999999995
PO018043NUP001,2018,0.0128623325991745,-0.0022991397421529,518426.612333,5011543.40033,GWB ISS MPTLS,2.3,2.2,2.3,2.16,,2.02,2.0,1.98,2.15,2.18,2.2,2.21,2.25,2.145,39.39114006849315,35.679300604712104,113.61167850771028,119.06521656451474,154.98226242473876,26.933510773053786,5.1188703109682665,3.600806670879728,7.135542124939429,15.602656888127477,19.01193545491792,23.551002014744164,75.07044067320525,4.398433329231333,188.68211918091555,5.34121524775301,307.7473357454303,7.906575657846627,462.7295981701691,10.186483960556629,489.6631089432229,12.40159745020097,-0.0009999999999998899,0.0,0.03799999999999981,-0.09799999999999986,,-0.14500000000000002
PO018043NUP001,2019,0.0117472611345382,-0.0034142112067892,518426.612333,5011543.40033,GWB ISS MPTLS,2.2,2.3,2.31,2.4,,2.42,2.05,2.06,2.05,2.1,,2.35,2.25,2.1900000000000004,13.872411113348882,34.133544860089295,4.982108498337017,68.95832769681651,133.4924229541146,1.3702351410945244,1.9485633092863153,6.066027899937797,10.907412441669347,13.550480324793496,15.610524988902828,25.043546578791464,48.005955973438176,3.9026143014599004,52.988064471775196,6.31537810530982,121.9463921685917,8.12415366018074,255.4388151227063,9.661090820381963,256.8090502638008,12.210669122880777,0.04400000000000048,0.0,0.04800000000000004,0.1419999999999999,,0.2549999999999999
PO018043NUP001,2020,0.0013785393244944,-0.013782933016833,518426.612333,5011543.40033,GWB ISS MPTLS,,,,,,2.2,,1.9,,2.12,,2.1,,2.1,39.55248649157727,15.56034527389775,54.47578760610731,18.668827096269386,72.00969091593873,115.28013254682466,3.5168822067569394,7.737834231632819,9.418244797765771,14.89477159916052,19.881481782768596,22.38319717657226,55.11283176547502,5.520045879579391,109.58861937158233,6.862758840288033,128.2574464678517,8.870762030006155,200.26713738379044,11.131240919646126,315.54726993061513,12.996206045103499,-0.04599999999999982,,,,,0.03500000000000014
PO018043NUP001,2021,0.0015647806702205,-0.0135966916711069,518426.612333,5011543.40033,GWB ISS MPTLS,2.2,2.2,2.2,2.24,2.25,2.25,2.24,,2.01,2.02,2.05,2.3,2.2,2.12,122.65893221343649,44.67892336657104,7.124894825414142,65.42044164485817,56.96631988316779,18.26500013758915,2.6712219104846504,7.51606997023063,9.708956366598448,12.682602060225982,17.839853218664103,25.112644643613724,167.33785558000753,4.9704718371437595,174.46275040542167,6.602616508400375,239.88319205027983,8.122612896356777,296.8495119334476,10.117543028750996,315.11451207103676,12.602918987015535,-0.0259999999999998,-0.04999999999999982,-0.06199999999999983,-0.017999999999999794,0.07500000000000018,0.08499999999999996
PO0180470U0001,2008,0.0925983579743409,0.0353646699510874,501288.0,4989873.0,GWB ISS BPPO,,9.25,,,9.15,,,9.52,,,9.14,,9.25,,37.816559845757354,8.65215793732754,4.642376973319614,98.51341442021355,67.02636826808616,69.53627721178157,4.284820379580023,5.590335318454808,9.7620133839605,12.42874413513007,17.45794107107157,22.32804937391201,46.4687177830849,4.904386791249412,51.11109475640451,6.577569284294342,149.62450917661806,8.040362997003275,216.65087744470424,9.97377306518948,286.1871546564858,12.021443171607578,,1.3796153846153851,,,1.3440000000000003,
PO0180470U0001,2009,0.0844350798262936,0.0272013918030401,501288.0,4989873.0,GWB ISS BPPO,,8.18,,,7.68,,,8.33,,,8.48,,8.18,9.14,19.562355988326985,24.790655094463744,27.664326517560294,126.7574931301085,5.288360628079721,20.966760398121544,0.5032294997401952,4.2567814767390075,9.67518908498929,13.823466904490715,19.567627956669526,21.038190486591443,44.35301108279073,2.284576200688784,72.01733760035103,4.830231749725625,198.77483073045954,7.078540538416898,204.06319135853926,9.642525372627702,225.0299517566608,11.531309645660366,0.9608333333333334,0.30961538461538485,,,-0.12600000000000033,
PO0180470U0001,2010,0.0591266748400306,0.0018929868167771,501288.0,4989873.0,GWB ISS BPPO,,7.85,,,7.3,,,7.9,,,7.2,,7.85,8.48,61.238686167664014,122.69167429061079,62.28827232558798,53.414781984385115,143.41572415581192,53.18944862078257,1.1090282326848606,2.154082708355256,7.960844097211032,12.483186106304018,16.158188020391183,20.670010274085296,183.9303604582748,1.6049862889352176,246.2186327838628,3.7942262006746645,299.6334147682479,5.966466177082003,443.04913892405983,8.058806423059385,496.2385875448424,10.14906120499738,0.3008333333333333,-0.020384615384615223,,,-0.5060000000000002,
PO0180470U0001,2011,0.0440663855874717,-0.0131673024357817,501288.0,4989873.0,GWB ISS BPPO,,7.2,,,7.3,,,7.8,,8.05,,,7.2,7.2,31.724983167188043,56.78663029526713,81.76315051385522,5.754604734306365,40.17365105398307,81.69359313917236,,,8.905289525236016,15.798821577807336,19.389346050121755,21.32055063928607,88.51161346245517,,170.2747639763104,,176.02936871061675,,216.20301976459982,,297.89661290377217,,-0.979166666666667,-0.6703846153846147,,,-0.5060000000000002,
PO0180470U0001,2012,0.0625835305518661,0.0053498425286126,501288.0,4989873.0,GWB ISS BPPO,,,7.9,,7.8,,,8.25,,8.35,,,,8.05,31.473305229082044,9.285095975727902,37.732288905481965,92.7467690132721,58.841788584253145,22.596735347648178,1.9574783415618922,0.28546710425584954,11.591899637925982,12.651302373083022,18.000457915230417,23.441474909993765,40.75840120480994,1.1639814831793636,78.49069011029191,4.755819958703198,171.237459123564,6.729690562298155,230.07924770781716,9.043556707602129,252.67598305546534,11.429951989766488,-0.12916666666666643,,-0.31599999999999895,,-0.006000000000000227,
PO0180470U0001,2013,0.0805842156595412,0.0233505276362877,501288.0,4989873.0,GWB ISS BPPO,,8.0,,,6.95,,,8.92,,,7.96,,8.0,8.35,64.24088078186517,36.23388310357311,147.19540449407825,92.80992513727786,130.8445602800213,7.298237170326394,2.5445146847255593,1.9505359432414977,6.552418624243828,13.236734228905968,16.175917867303358,22.024325684759766,100.47476388543828,2.2626264684280386,247.67016837951653,3.7402215443201436,340.4800935167944,6.1143497154666,471.3246537968157,8.179969667168185,478.6228909671421,10.474614310967896,0.1708333333333325,0.12961538461538513,,,-0.8559999999999999,
PO0180470U0001,2014,0.0811376494188525,0.023903961395599,501288.0,4989873.0,GWB ISS BPPO,,6.59,,6.9,,,,7.53,,,6.6,,6.59,7.96,166.3240688682763,134.03032027231328,76.26763154465056,83.99481281131382,10.363878331341102,75.78051456322954,4.462281661616158,6.035858664664568,10.12141451533177,14.01777198522368,16.98669274268164,21.837652324238956,300.35438914058955,5.209063968147608,376.6220206852401,6.901095823288819,460.6168334965539,8.680264863772534,470.980711827895,10.38555800447573,546.7612263911245,12.283695184546982,-0.21916666666666718,-1.280384615384615,,-0.9725000000000001,,
PO0180470U0001,2015,0.0473414954451066,-0.0098921925781468,501288.0,4989873.0,GWB ISS BPPO,,6.82,,,7.33,,7.74,,,,7.96,,6.82,6.6,48.666210137139835,72.52318220942968,35.10160884510874,16.533209533415395,18.913253848252776,36.796816369741464,3.0729989616970177,3.9665869226937254,9.749402656423463,13.684639804259072,18.91265210896026,22.88082846186785,121.18939234656952,3.49707460420393,156.29100119167828,5.650654266635103,172.82421072509368,7.659150651041094,191.73746457334644,9.969472142401983,228.5342809430879,12.109475952258205,-1.5791666666666675,-1.0503846153846146,,,-0.476,
PO0180470U0001,2016,0.0442996114835874,-0.012934076539666,501288.0,4989873.0,GWB ISS BPPO,,7.9,7.6,7.77,7.87,7.91,8.1,8.2,8.28,8.37,8.35,8.05,7.9,7.96,26.437692385682872,124.74616597718804,70.68134830277008,8.541658080755447,80.77215018747701,68.08691148963175,3.1046045065251597,6.246050484347601,8.801494255266412,14.485616448066413,16.712897370196913,21.265404124530697,151.18385836287092,4.595460224813777,221.86520666564098,6.0442052797474615,230.40686474639642,8.1545580718272,311.1790149338734,9.911568126459391,379.26592642350516,11.793419396857951,-0.21916666666666718,0.029615384615385487,-0.6159999999999997,-0.10250000000000092,0.06400000000000006,-0.2716666666666665
PO0180470U0001,2017,0.0659035149408301,0.0086698269175766,501288.0,4989873.0,GWB ISS BPPO,8.28,8.26,8.3,8.32,8.3,8.46,8.6,8.61,8.75,8.8,8.84,8.85,8.27,8.36,3.7422756729849778,58.61932197368969,27.45076391150773,44.51930975507004,80.95758576389564,45.463485530366476,0.6076776898492536,5.363082115667002,11.119032374169182,13.832771004234726,18.03357743997565,23.684344607949196,62.361597646674674,2.864479790237338,89.8123615581824,5.707714569147194,134.33167131325246,7.738978677919077,215.28925707714808,9.85243935092407,260.75274260751456,12.14502033275144,0.1808333333333323,0.3996153846153847,0.0840000000000014,0.4474999999999998,0.49400000000000066,0.2783333333333342
PO0180470U0001,2018,0.0520886590471011,-0.0051450289761523,501288.0,4989873.0,GWB ISS BPPO,8.85,8.85,8.62,8.5,8.38,8.42,8.6,8.68,8.75,,8.5,8.51,8.85,8.82,34.808975327254586,36.12546462469613,113.51860308112553,76.28864930724852,93.60057330599574,36.33282432091846,4.302686836881686,3.110586036059582,6.624213796514438,14.93796145904828,18.28039228745313,22.60175450886655,70.93443995195071,3.736944083949162,184.45304303307626,4.731448096054979,260.7416923403248,7.283076436803304,354.3422656463205,9.540803531969825,390.675089967239,11.705602036427845,0.6408333333333331,0.9796153846153848,0.4039999999999999,0.6274999999999995,0.5740000000000007,0.23833333333333329
PO0180470U0001,2019,0.0492081946496588,-0.0080254933735946,501288.0,4989873.0,GWB ISS BPPO,8.64,8.62,8.66,,,8.49,8.83,8.95,8.97,,8.73,7.55,8.629999999999999,8.5,12.315835364114022,39.49505841595825,6.503507700939931,53.599215008854884,84.05764548368022,1.2662533782266823,0.8190212926126572,4.782426523411978,10.145113713966095,12.646698636825352,14.616093369670708,23.564090011584767,51.81089378007227,2.699959368246233,58.3144014810122,5.264401420660851,111.91361648986708,7.109975724701977,195.9712619735473,8.650966764397545,197.237515351774,11.122755147909238,0.32083333333333286,0.7596153846153841,0.44400000000000084,,,0.30833333333333357
PO0180470U0001,2020,0.0229748645538263,-0.0342588234694271,501288.0,4989873.0,GWB ISS BPPO,7.56,,,,,7.9,8.0,8.12,8.22,,,7.92,7.56,8.73,38.09787787518061,18.26955229770744,52.99701968283793,27.871768058393624,60.04317166665628,55.609029435287894,2.812766153599908,6.80717298114123,8.634388936710428,13.801546261833144,18.691841824701136,21.388987185543364,56.36743017288805,4.708416851416128,109.36444985572598,6.06069612523972,137.2362179141196,7.995908659388077,197.2793895807759,10.191762488028507,252.88841901606378,12.047656084301687,0.5508333333333333,-0.31038461538461526,,,,-0.2816666666666663
PO0180470U0001,2021,0.0149233983470408,-0.0423102896762126,501288.0,4989873.0,GWB ISS BPPO,7.2,7.23,,,,7.91,8.21,8.23,,8.43,8.4,,7.215,,113.3214521184414,36.15759427393224,2.5078067556114396,55.383500588506166,31.435765288319676,12.879582733371905,1.787502893628535,6.387814001663135,8.559539175452263,11.513474380682393,16.433019273809762,23.6756332539384,149.47904639237365,3.9707013855771587,151.98685314798507,5.551301068756361,207.37035373649124,7.041844396737869,238.80611902481093,8.969833941037397,251.68570175818283,11.407259241518227,,-0.655384615384615,,,,-0.2716666666666665
PO018047NR0001,2008,0.1198528912124839,0.0453800357852448,499957.0,4986727.0,GWB ISS MPOP,8.2,8.16,8.13,8.1,8.06,7.92,7.81,7.85,7.88,7.92,,,8.18,,23.742618095150764,5.52269722832146,4.013188756854278,100.87090336550172,63.147755686323286,70.95551930428647,4.3514440478547876,5.600803735206194,9.753676287541206,12.412147468186806,17.347222437141173,22.23806390348942,29.265315323472223,4.944360509648676,33.2785040803265,6.600902610922769,134.14940744582822,8.053713825238779,197.2971631321515,9.961652679337945,268.25268243643796,11.996416970633769,,2.9039743589743585,2.9312500000000004,2.463333333333333,2.647592592592593,2.5540000000000003
PO018047NR0001,2009,0.1217234159398962,0.0472505605126571,499957.0,4986727.0,GWB ISS MPOP,6.92,6.72,,,,,,,,6.45,,,6.82,7.92,13.083252197997254,15.49950212961079,17.195622706212916,120.13715279503515,5.45245598447485,21.49960722214574,0.3631652536274639,4.3017007018008275,9.715308177824124,13.813769670645431,19.458372317633664,20.772327015438528,28.582754327608043,2.232300720557196,45.77837703382096,4.809781066949138,165.9155298288561,7.060778217873211,171.36798581333096,9.605979655572376,192.86759303547672,11.456755461075053,2.2819230769230767,1.543974358974359,,,,
PO018047NR0001,2010,0.0780707971615342,0.0035979417342951,499957.0,4986727.0,GWB ISS MPOP,,5.65,,,3.9,,,5.1,,,4.4,,5.65,6.45,61.01619497209222,122.23176664182262,62.94486669034586,53.35151357248452,139.74969897767997,53.942379423680904,1.0598529553943865,1.9799555056682467,7.9336910222282695,12.321906802425916,16.00353359866242,20.439024599807354,183.24796161391484,1.4965117928124896,246.1928283042607,3.713762416277925,299.5443418767452,5.865798512814922,439.29404085442513,7.947055384743879,493.23642027810604,10.017547519837272,0.811923076923077,0.37397435897435916,,,-1.5124074074074074,
PO018047NR0001,2011,0.0682024236929484,-0.0062704317342906,499957.0,4986727.0,GWB ISS MPOP,3.2,,2.6,,,,,,3.4,,3.85,,3.2,4.4,31.21605453025554,57.35276225478555,77.4050560277595,5.1352415839114585,42.49774960057379,80.10673007021003,,,8.850583256806114,15.719704907471176,19.306095487416542,21.262847569357962,88.5688167850411,,165.9738728128006,,171.10911439671207,,213.60686399728587,,293.71359406749593,,-1.2380769230769229,-2.076025641025641,-2.5987500000000003,,,
PO018047NR0001,2012,0.0968552814824227,0.0223824260551836,499957.0,4986727.0,GWB ISS MPOP,,,3.9,,3.8,,,4.8,,,6.1,,,3.85,33.100969546858195,7.525897363710164,38.22613138846583,91.84133231872423,58.03867994532225,20.673441379235314,1.870796506577963,0.2563468465864287,11.562275834631293,12.65537441536068,18.01634261435872,23.481421083584323,40.62686691056836,1.1046170069209638,78.8529982990342,4.706699492021188,170.69433061775842,6.693868222856062,228.73301056308068,9.018349720449324,249.40645194231598,11.415543869035234,-1.7880769230769231,,-1.2987500000000005,,-1.6124074074074075,
PO018047NR0001,2013,0.0969127314984149,0.0224398760711758,499957.0,4986727.0,GWB ISS MPOP,,5.6,,,,,,4.35,,4.6,,,5.6,6.1,62.87676754247918,36.09896702214789,145.209216463145,93.11568991598962,136.77329455178202,6.588357096239676,2.536911719057487,1.8937400374662068,6.542662309179548,13.231356750314006,16.18477603038282,21.975207159113914,98.97573456462706,2.2316777006751845,244.18495102777206,3.7165723991600204,337.30064094376166,6.095268486948517,474.07393549554365,8.166624340236353,480.66229259178334,10.455339724580702,0.46192307692307644,0.32397435897435845,,,,
PO018047NR0001,2014,0.0878491361335748,0.0133762807063357,499957.0,4986727.0,GWB ISS MPOP,,3.8,,,,,,2.4,,3.4,,,3.8,4.6,161.11905843199904,131.73996497888467,71.9263702863401,81.16809667981947,7.073033907092254,73.48610141372016,4.400473885317827,5.9513895477265555,10.030985586435861,13.928773964855896,16.881600964878086,21.75470156659936,292.8590234108837,5.1365016573084095,364.7853936972238,6.822379455118976,445.9534903770433,8.598978082553206,453.0265242841356,10.299384104752352,526.5126256978557,12.19805550726843,-1.0380769230769236,-1.4760256410256414,,,,
PO018047NR0001,2015,0.059782265317552,-0.014690590109687,499957.0,4986727.0,GWB ISS MPOP,,1.4,,,,2.9,2.3,,,,4.3,,1.4,3.4,50.61554208731399,69.71396794979493,33.2945738589076,11.898465382792537,17.420612377062007,34.87623404248096,2.990379163292029,3.924105058426962,9.68875973262971,13.623841277051708,18.90983969024323,22.865902818261034,120.32951003710892,3.433503316915387,153.62408389601651,5.588091637883654,165.52254927880904,7.597029047675668,182.94316165587105,9.919526596812055,217.81939569835203,12.065334810311887,-2.2380769230769233,-3.8760256410256413,,,,-2.4659999999999997
PO018047NR0001,2016,0.0557366640042164,-0.0187361914230226,499957.0,4986727.0,GWB ISS MPOP,,4.5,4.44,4.34,4.525,,4.85,5.24,5.45,5.64,5.75,5.78,4.5,4.3,26.33109627511506,124.84508528196667,73.25291723891802,7.990316351944267,82.73756132452718,70.25158392122279,3.0533278617106037,6.210358317124592,8.73796094195105,14.428478457798304,16.655204084449192,21.18182615807816,151.17618155708175,4.551579603263005,224.42909879599978,5.993555397699998,232.41941514794405,8.102286162724575,315.15697647247123,9.858183219502475,385.408560393694,11.735030115398999,-1.3380769230769234,-0.7760256410256412,-0.75875,-1.2966666666666669,-0.887407407407407,
PO018047NR0001,2017,0.0673998913447155,-0.0070729640825235,499957.0,4986727.0,GWB ISS MPOP,5.79,5.84,,5.9,5.93,,6.28,6.58,6.75,6.89,7.03,6.95,5.823333333333333,5.695,3.8101633657538376,59.88097342864384,26.54589059783098,43.9692569824276,83.65295675922962,41.168925285253806,0.48607883683681263,5.301230401109844,11.018894274051696,13.702104448204835,17.925145322950012,23.60768965237311,63.69113679439768,2.7712355114070646,90.23702739222865,5.612095751873548,134.20628437465626,7.6345979259563705,217.8592411338859,9.747226861763012,259.02816641913967,12.04454113644977,0.056923076923077076,0.547307692307692,,0.26333333333333364,0.5175925925925924,
PO018047NR0001,2018,0.0648369712190562,-0.0096358842081828,499957.0,4986727.0,GWB ISS MPOP,7.07,,7.1,,6.6866666666666665,,6.6850000000000005,,6.72,6.825,,6.77,7.07,6.96,34.707210652508735,36.00904344805788,114.85810102373382,69.3612010934786,76.1543148434987,38.01933658834882,4.091591029401872,2.9906709035093613,6.5375969903847,14.820532626795934,18.21021353622626,22.495193668307707,70.71625410056662,3.5691204611816976,185.57435512430044,4.591595710129399,254.93555621777904,7.148829939296032,331.08987106127773,9.419710015487006,369.10920764962657,11.586917250761156,1.3219230769230768,1.793974358974359,1.9012499999999992,,1.2742592592592592,
PO018047NR0001,2019,0.0666577094526918,-0.0078151459745472,499957.0,4986727.0,GWB ISS MPOP,6.785,,6.63,6.67,6.71,6.44,6.84,7.04,7.1,7.15,6.94,6.05,6.785,6.825,12.82226087939923,40.06849858296726,6.640800208344699,52.1847659205673,71.85448604590623,1.5992403630288603,0.5356078130219217,4.45808225076751,9.955644056211044,12.546403843304482,14.59049410425216,23.466890193210496,52.89075946236649,2.3971211055113533,59.53155967071119,5.000612344085691,111.71632559127849,6.887060218890388,183.5708116371847,8.468559890719627,185.17005200021356,10.954470990579992,1.186923076923077,1.508974358974359,1.4312499999999995,1.0333333333333332,1.2975925925925926,1.0740000000000007
PO018047NR0001,2020,0.0380402507875855,-0.0364326046396535,499957.0,4986727.0,GWB ISS MPOP,5.41,,4.74,4.71,4.85,4.92,5.21,5.28,5.5,5.75,5.75,5.79,5.41,7.045,34.53324399057982,18.95861638277445,55.6592889367072,32.31243487087137,68.69719093590707,44.203129616381005,2.5985439098152763,6.54268925211058,8.474309057014993,13.62713169954597,18.610134771469195,21.32244536077192,53.49186037335427,4.47034169937915,109.15114931006147,5.849486011453719,141.46358418093286,7.793897433476781,210.16077511683994,10.01444946975337,254.36390473322095,11.888702932353128,1.4069230769230767,0.13397435897435894,-0.4587500000000002,-0.9266666666666667,-0.5624074074074077,-0.44599999999999973
PO018047NR0001,2021,0.0206995467342541,-0.0537733086929849,499957.0,4986727.0,GWB ISS MPOP,4.56,4.14,4.05,4.1,4.25,4.65,4.84,5.1,5.5,5.82,,5.9,4.35,5.75,108.98058819621761,37.02790269854532,0.980723538833891,55.1696029646913,27.573768831681782,9.5404484856916,1.7142118712081766,6.28006414229593,8.434545812519744,11.418494381803342,16.33493999351393,23.593798106022142,146.00849089476293,3.8810570168091445,146.98921443359683,5.449480935331684,202.15881739828814,6.941734296949599,229.7325862299699,8.870140764456185,239.2730347156615,11.310525959190873,0.11192307692307679,-0.9260256410256416,-1.1487500000000006,-1.536666666666667,-1.1624074074074073,-0.7159999999999993
PO0180480U0004,2008,0.0407099203696768,0.0296546256630088,539643.0,5000554.0,GWB ISS MPTLS,,,,,,,,,,,,,,,112.55077722622539,27.275340009509744,11.76529725022873,101.54096157481993,88.27411794218204,74.44339613922361,3.9823467058734,6.375075313222712,10.556097997088454,13.320050758687447,18.885028587761163,22.72177270926976,139.82611723573513,5.117878926310361,151.59141448596387,6.991043272911704,253.1323760607838,8.573295144355638,341.4064940029658,10.690273533399155,415.84989014218945,12.684444667521355,,,,,,
PO0180480U0004,2009,0.0136412227266212,0.0025859280199532,539643.0,5000554.0,GWB ISS MPTLS,,,,,,,,,,,,,,,56.829949448599,95.87394420332501,94.04646344872273,129.78303608761445,7.587307883088243,39.21582356787551,1.0888724886287504,5.172202193155686,10.449274478848476,14.853426283144781,21.103835172135224,23.15846046877178,152.703893651924,3.026723873827974,246.75035710064674,5.583380193335036,376.5333931882612,7.9008917157874725,384.12070107134946,10.611429776362176,423.336524639225,12.691048123170399,,,,,,
PO0180480U0004,2010,0.0100320716872306,-0.0010232230194373,539643.0,5000554.0,GWB ISS MPTLS,,,,,,,,,,,,,,,66.49198632715678,141.14573419083297,70.73668678867622,57.076012440375756,165.95150701927273,57.4175396122629,1.281946387710993,3.556089770516308,8.096734293840088,13.124134366493191,16.637487546740218,21.57469579753518,207.63772051798975,2.3612008744660575,278.37440730666594,4.33677349669489,335.4504197470417,6.533613714144465,501.40192676631443,8.607918938054851,558.8194663785773,10.757108472775348,,,,,,
PO0180480U0004,2011,0.0052701738495652,-0.0057851208571027,539643.0,5000554.0,GWB ISS MPTLS,,,,,,,,,,,,,,,34.92017412610208,50.44936696369311,96.86590236456112,11.005775428358255,41.39422457164175,85.39343368743499,,,9.301324467520573,16.371570677126307,19.992021625378026,21.738280318617093,85.36954108979519,,182.2354434543563,,193.24121888271455,,234.6354434543563,,320.0288771417913,,,,,,,
PO0180480U0004,2012,0.0029777615230851,-0.0080775331835828,539643.0,5000554.0,GWB ISS MPTLS,,,,,,,,,,,,,,,26.065912341228817,20.238153902930915,29.952635897904308,113.78375287022203,76.29784930826786,38.6870519800554,2.006686676277625,0.9657585138999691,11.807718405038278,12.723345476801724,18.214461061957724,23.68602628113498,46.30406624415973,1.5126868704034833,76.25670214206403,5.058753287888802,190.04045501228606,6.974901335117033,266.3383043205539,9.282360616786313,305.0253563006093,11.669708516954602,,,,,,
PO0180480U0004,2013,0.0329914997834108,0.0219362050767428,539643.0,5000554.0,GWB ISS MPTLS,,,,,4.65,,,4.75,4.88,4.5,5.42,,,,76.57309549869693,37.447756008015304,174.1164755152877,110.01258938379252,152.07850172502134,17.16062357428344,2.7403926721250658,2.473484408502168,6.784875865445445,13.427285398864694,16.4700529293551,22.33891180468512,114.02085150671223,2.6137243436260635,288.1373270219999,4.050454312252739,398.1499164057924,6.394662083905728,550.2284181308137,8.463119807143679,567.3890417050972,10.762974834360492,,,,,-0.17999999999999972,
PO0180480U0004,2014,0.0160769573548168,0.0050216626481488,539643.0,5000554.0,GWB ISS MPTLS,4.35,5.15,,4.58,,4.4,4.47,4.82,4.38,4.4,4.4,4.05,4.75,4.96,206.50138136524,145.42133768717042,98.66264132280517,98.67644776254919,39.258678026756684,135.4109636585914,5.1626333784626315,6.803389143311301,10.881518760645932,14.825870281395904,18.115334780386355,22.76543114385128,351.92271905241046,5.94129713127217,450.5853603752156,7.642929025834244,549.2618081377648,9.438664339724658,588.5204861645215,11.21996754277441,723.9314498231129,13.133580294334115,0.10708333333333275,0.030714285714286582,,-0.16666666666666696,,-0.4333333333333327
PO0180480U0004,2015,0.0087866043594355,-0.0022686903472324,539643.0,5000554.0,GWB ISS MPTLS,,3.96,4.09,4.15,4.18,4.3,4.4,,4.43,4.44,4.49,4.51,3.96,4.4,41.571320278965274,104.85493647004182,41.817349865730435,42.59175145722223,38.797079478499896,57.48400743251125,4.0496310653253,4.557303519167156,9.789150948400891,14.070278022101698,19.29731556063858,23.44476335647488,146.4262567490071,4.290560365453637,188.24360661473753,6.184519344024358,230.83535807195977,8.155959013543693,269.63243755045966,10.443257377516815,327.1164449829709,12.598203119885556,-0.45291666666666686,-0.7592857142857135,-0.6639999999999997,-0.5966666666666667,-0.6500000000000004,-0.5333333333333332
PO0180480U0004,2016,0.0012833111559351,-0.0097719835507328,539643.0,5000554.0,GWB ISS MPTLS,4.51,4.61,4.46,4.7,4.72,4.75,,,4.85,4.82,4.9,4.95,4.5600000000000005,4.465,14.422226019684388,67.54424203635023,33.88009827738472,11.960143078332383,95.07711547860765,110.34568868020068,3.4746703147563,6.566853517064781,9.25116084446482,14.895426917031209,17.257290984186756,22.04580343109111,81.96646805603461,4.942147088733206,115.84656633341933,6.426362937929651,127.80670941175171,8.543628932705042,222.88382489035936,10.332526439962878,333.22951357056,12.273953565564243,-0.38791666666666735,-0.15928571428571292,-0.2939999999999996,-0.046666666666666856,-0.11000000000000032,-0.08333333333333304
PO0180480U0004,2017,0.0037385057597,-0.0073167889469679,539643.0,5000554.0,GWB ISS MPTLS,4.74,5.05,5.29,5.15,5.19,5.8,5.65,5.44,4.95,5.05,5.16,5.17,4.895,4.86,3.4387680065773027,54.29420592323572,32.345282495025735,60.02595164575595,61.0947611883561,34.14941027315307,0.9786314996935661,5.735472534537659,12.017042883836961,14.993435875420513,19.354402239147138,24.9386553432697,57.73297392981303,3.2361153806365257,90.07825642483877,6.2606570761833416,150.10420807059472,8.443851775992634,211.19896925895083,10.68376610948793,245.3483795321039,13.046454932766677,0.007083333333333108,0.17571428571428616,0.5360000000000005,0.4033333333333333,0.3600000000000003,0.9666666666666668
PO0180480U0004,2018,0.0013346785686515,-0.0097206161380164,539643.0,5000554.0,GWB ISS MPTLS,4.99,5.0,5.0,5.0,5.06,4.8,4.99,5.0,5.0,4.9,4.859999999999999,,4.995,5.105,37.587774340311626,35.549181726434256,111.91943080831551,100.51017530388789,143.92217817774056,28.636868741553904,5.267406875347772,3.6827030572271915,7.172963554993146,15.383617930734882,18.715046636831566,23.172430368979537,73.13695606674588,4.515344046409191,185.05638687506138,5.430746321588109,285.56656217894925,7.918964223874801,429.48874035668985,10.13537849408447,458.12560909824373,12.296215821415146,0.2520833333333332,0.2757142857142867,0.24600000000000044,0.25333333333333297,0.22999999999999954,-0.033333333333333215
PO0180480U0004,2019,0.0171406638270127,0.0060853691203447,539643.0,5000554.0,GWB ISS MPTLS,5.1,,,,5.04,,,,,,4.94,,5.1,4.873333333333334,13.825093346133496,36.44331902704899,6.5674379717503015,66.66171782871642,128.67453071719268,1.3178030429809036,1.464063128046246,5.526088299823861,10.457658945826804,13.226350648576071,15.297592131876414,24.60847597479449,50.268412373182485,3.391803887533928,56.83585034493279,5.825598407612586,123.4975681736492,7.675786467853457,252.17209889084188,9.24052802801711,253.48990193382278,11.787701720853141,0.02041666666666675,0.3807142857142862,,,0.20999999999999996,
PO0180480U0004,2020,0.00019325502021,-0.0108620396864579,539643.0,5000554.0,GWB ISS MPTLS,,,,,,,5.6,4.9,4.9,5.22,,4.4,,4.94,44.36717716848445,14.101493147960111,52.417413422015976,19.13097833777187,52.28197496235059,107.24591044379261,3.221849783130467,7.47667808635566,9.072331442819612,14.640762662241423,19.5880849465595,22.10056185164086,58.468670316444566,5.2410903338136094,110.88608373846054,6.560740049137899,130.0170620762324,8.58074570241378,182.29903703858298,10.84053058035098,289.5449474823756,12.706834105979137,0.08708333333333318,,,,,
PO0180480U0004,2021,0.0005974999079995,-0.0104577947986684,539643.0,5000554.0,GWB ISS MPTLS,4.8,4.75,4.93,4.9,4.97,4.95,5.15,5.1,5.05,5.13,5.1,4.95,4.775,5.22,122.94886380505503,37.135062748543625,7.902626831921166,61.002503426365756,52.66524220384314,17.86135256239791,2.3079304606156597,7.192300005924789,9.21610215138745,12.233758049546164,17.35883952316678,24.65765830712759,160.08392655359864,4.6259363465250765,167.9865533855198,6.2069934570887835,228.98905681188558,7.713684605203128,281.6542990157287,9.693815747301626,299.5156515781266,12.174010646720294,0.36708333333333254,0.05571428571428694,0.17600000000000016,0.15333333333333332,0.13999999999999968,0.11666666666666714
PO018048NRP001,2008,0.0421023307732385,0.0219922610788969,522279.911,5003718.75567,GWB ISS MPTLS,,,,,,,,,,,,,,,109.3138821576021,26.45091962539872,11.31016366047784,98.29792400709567,90.580173941977,69.56444159497866,4.030537081097196,6.84222663643496,10.963472004624066,13.685226219988639,19.06131635523829,22.89437686719984,135.76480178300082,5.364898226003254,147.07496544347867,7.293295860861534,245.37288945057435,8.89127845064331,335.95306339255137,10.979167027083337,405.51750498753006,12.954063685666183,,,,,,
PO018048NRP001,2009,0.0291873064743921,0.0090772367800505,522279.911,5003718.75567,GWB ISS MPTLS,,,,,,,,,,,,,,,56.33794055603881,95.280577828484,94.2407751460837,114.94448661364311,8.79078220407981,33.444435221787515,1.922793339336511,5.620927874813948,10.824132605167462,15.10827043944534,21.410483887591777,23.561899084806413,151.61851838452282,3.677840237529193,245.85929353060652,6.139340941937929,360.80378014424963,8.381573316314782,369.5945623483294,11.056382771345158,403.0389975701169,13.129120281863598,,,,,,
PO018048NRP001,2010,0.0318484925417565,0.0117384228474149,522279.911,5003718.75567,GWB ISS MPTLS,,,,,,,,,,,,,,,63.95107569254144,132.64092239176944,66.32148914095896,54.77941384971488,162.0254088092419,54.88927055576022,1.4659343542534184,3.5701506416939988,8.09881894244268,13.046368017874835,16.462021784582,21.27972402652483,196.5919980843109,2.4645454737167447,262.9134872252698,4.405239668500123,317.6929010749847,6.5655217558438,479.71830988422664,8.597253549823165,534.6075804399868,10.69932047966322,,,,,,
PO018048NRP001,2011,0.0171256155405038,-0.0029844541538377,522279.911,5003718.75567,GWB ISS MPTLS,,,,,,,,,,,,,,,33.80033120822399,48.91654568246577,104.27483984400007,12.34234490673971,41.79912299124299,86.34768822263503,,,9.411532578945618,16.530954584496243,20.159733435269974,21.854525614498545,82.71687689068975,,186.99171673468982,,199.3340616414295,,241.1331846326725,,327.48087285530755,,,,,,,
PO018048NRP001,2012,0.0148627575594659,-0.0052473121348756,522279.911,5003718.75567,GWB ISS MPTLS,,,,,,,,,,,,,,,25.911857579530956,21.34788581549112,30.747744295121006,108.54896209383506,72.08187888040999,38.29090581164686,2.1579358233686934,1.2291666754604769,12.020018346701537,12.816854513984378,18.263087274452815,23.760875869050686,47.25974339502208,1.7171640243614044,78.00748769014308,5.265924957611895,186.55644978397814,7.153657346705016,258.63832866438815,9.43440123915655,296.929234476035,11.808955045216353,,,,,,
PO018048NRP001,2013,0.0622099107183469,0.0420998410240053,522279.911,5003718.75567,GWB ISS MPTLS,,,,,,,,,,,,,,,77.56580584912156,37.678981539661336,172.01384265478865,100.20361225622925,141.45925218704747,16.535881933790733,2.8319569148335693,2.5682168585077334,6.870268784224737,13.514016605286288,16.556482646495294,22.381472441718834,115.2447873887829,2.7067921423399524,287.25863004357154,4.140878541211378,387.4622422998008,6.484163057230106,528.9214944868482,8.551990257675277,545.457376420639,10.844169625196308,,,,,,
PO018048NRP001,2014,0.0206488159951849,0.0005387463008433,522279.911,5003718.75567,GWB ISS MPTLS,,,,,,,,,,,,,,,207.76532461102647,144.28399244754883,105.94634010229981,103.30358845503187,36.600615078562306,116.13907805184111,5.201472239914259,6.846277981231548,10.914924746376387,14.85673424904775,18.152499204876918,22.85352947017173,352.0493170585753,5.982058015454667,457.9956571608751,7.681156556105482,561.299245615907,9.47505097934105,597.8998606944693,11.2565138600802,714.0389387463105,13.178671143520786,,,,,,
PO018048NRP001,2015,0.0114392917651701,-0.0086707779291714,522279.911,5003718.75567,GWB ISS MPTLS,,,,,,,,,,,,,,,38.15459163684291,103.3956401355808,41.87952290432067,46.27558113841315,35.626789529528594,56.727404602278924,4.255814271104025,4.74990498120655,9.88598887712527,14.153680015295066,19.26811092306292,23.38469045229867,141.55023177242373,4.490297997932342,183.4297546767444,6.348813745209905,229.70533581515755,8.300030312731195,265.3321253446861,10.551755471143668,322.05952994696503,12.67876126912516,,,,,,
PO018048NRP001,2016,0.0084371640687292,-0.0116729056256123,522279.911,5003718.75567,GWB ISS MPTLS,,2.0,1.95,,2.19,2.24,,,2.41,2.43,2.4,3.52,2.0,,18.548035015764114,86.47224797684535,41.194041975728126,12.316091285510876,84.46759808879625,92.63485823814655,3.6180724830287927,6.647714210407969,9.344855421673882,14.950821860639774,17.247250253850346,22.02970815004464,105.02028299260947,5.05586855703925,146.2143249683376,6.533186254857846,158.53041625384847,8.637595156303327,242.99801434264472,10.405140242554703,335.6328725807913,12.331864205122097,,-0.9125000000000001,-0.6466666666666667,,-0.7639999999999998,-0.5899999999999999
PO018048NRP001,2017,0.009268575190437,-0.0108414945039045,522279.911,5003718.75567,GWB ISS MPTLS,,,,,3.4,,,,,,3.07,,,2.415,3.615709146093224,52.12771069435175,31.347499558540605,57.73548387359249,60.58028072636928,34.35978592581837,1.1195951259962709,5.820407814045962,12.231811054658053,15.149736910310386,19.490802512256174,25.101303613809932,55.74341984044497,3.350489283036802,87.09091939898558,6.409611226595233,144.82640327257806,8.59464264752402,205.40668399894736,10.8316026197538,239.76646992476572,13.196746430923326,-0.3987499999999997,,,,0.4460000000000002,
PO018048NRP001,2018,0.0154013815287445,-0.004708688165597,522279.911,5003718.75567,GWB ISS MPTLS,3.48,,3.0,2.95,3.3,3.3,2.96,2.95,3.0,2.95,2.935,,3.48,3.07,35.969570684915816,35.35890428827123,108.44390931941774,106.49222628633298,153.25860630635884,26.340948975003325,5.386030469253106,3.7495895456703554,7.218539817468419,15.6654230178022,18.867796996342623,23.452063874243134,71.32847497318704,4.609414437722309,179.77238429260478,5.508113179634859,286.2646105789378,8.047440639176694,439.5232168852966,10.268838301906124,465.8641658602999,12.453903313895685,0.2562500000000001,0.5674999999999999,0.4033333333333333,0.06000000000000005,0.3460000000000001,0.46999999999999975
PO018048NRP001,2019,0.0168337233656652,-0.0032763463286763,522279.911,5003718.75567,GWB ISS MPTLS,3.45,,,,3.03,,,,,,2.83,,3.45,2.94,13.32442714261649,35.95087838820645,5.548817222603221,65.31646146109514,129.3180704200841,1.0376040484507445,2.0490910070491952,6.153761941344644,11.009707179466282,13.429835569140645,15.406203271684472,24.859151758055297,49.27530553082293,3.997070433494493,54.82412275342615,6.412534201551443,120.1405842145213,8.166859543448744,249.4586546346054,9.65308242805343,250.49625868305614,12.173425410926667,0.1262500000000002,0.5375000000000001,,,0.07600000000000007,
PO018048NRP001,2020,0.0003716454484027,-0.0197384242459388,522279.911,5003718.75567,GWB ISS MPTLS,,,,,,,3.2,2.8,3.0,,,2.9,,2.83,42.59143552788715,16.01903187152075,49.693854399090995,16.991681212327606,55.466387985478214,105.54439176857238,3.5735679971839547,7.701475997776546,9.327829332104038,14.670211985625851,19.509182567689347,22.013101477537933,58.610467399407895,5.532575183905863,108.30432179849889,6.8398293905074565,125.2960030108265,8.797425039287054,180.7623909963047,10.996527578230571,286.3067827648771,12.82247905325389,0.01625000000000032,,,,,
PO018048NRP001,2021,0.0018039647507444,-0.0183061049435971,522279.911,5003718.75567,GWB ISS MPTLS,2.68,2.76,2.84,2.83,2.85,2.95,3.0,3.15,2.92,2.95,2.95,2.9,2.7199999999999998,,119.54673441487988,36.8230134845655,7.517191815330101,60.412837553651016,52.305919103156846,20.741773430076105,2.5061584547843,7.317911496808283,9.621843443563314,12.404888306295327,17.418779813894865,24.63788602219501,156.36974789944537,4.789702271338055,163.88693971477548,6.454106452882311,224.2997772684265,7.941801916235565,276.60569637158335,9.887406650192109,297.34746980165943,12.332237485330714,,-0.19250000000000034,0.24333333333333318,-0.06000000000000005,-0.10399999999999965,0.1200000000000001
PO0180490U0003,2008,,,520341.0,4986376.0,GWB ISS MPOP,2.27,3.23,2.89,2.7,5.45,2.0,3.46,5.4,5.11,5.45,2.89,2.43,2.75,,85.66960074714058,20.06638915851032,9.168565903031167,93.30183506458522,83.35137554619382,68.1731147824694,4.16053223681565,6.732664137716176,10.829026219443117,13.505290795035377,18.658760727623697,22.767858053320328,105.7359899056509,5.3812050033447125,114.90455580868206,7.257676755556385,208.20639087326728,8.819580265426133,291.55776641946113,10.83954446627464,359.7308812019305,12.816613016613703,,-0.10000000000000009,0.1990909090909092,-0.029090909090908834,2.4690909090909092,-0.7945000000000002
PO0180490U0003,2009,,,520341.0,4986376.0,GWB ISS MPOP,2.45,2.53,2.68,,3.15,2.78,3.63,5.28,5.55,5.45,2.85,5.35,2.49,4.17,43.130986708539794,73.1306148157763,71.46444219063918,116.39882442338636,8.373301038025149,25.258051291664042,1.5596885605421575,5.435188671851483,10.655756807746046,14.816424220115305,20.89844745629354,22.89566962453289,116.26160152431609,3.3989089523499727,187.72604371495527,5.898489880319731,304.12486813834164,8.127973465268626,312.4981691763668,10.74972640382341,337.75622046803085,12.762866164161995,-0.2695833333333333,-0.3599999999999999,-0.010909090909090757,,0.16909090909090896,-0.014500000000000401
PO0180490U0003,2010,,,520341.0,4986376.0,GWB ISS MPOP,2.43,2.37,,2.95,2.37,2.58,2.82,3.25,4.25,4.55,2.38,2.06,2.4000000000000004,4.15,63.883109787256906,131.47568575731364,64.49080708027795,54.93564919656777,161.91902204933666,53.38422424870476,1.3506344971912096,3.146280913593125,8.089263301800564,12.859589359803717,16.29468064490751,20.985589447570835,195.35879554457054,2.2028056778565257,259.8496026248485,4.230363303881695,314.7852518214163,6.387669817862201,476.70427387075296,8.421559457851636,530.0884981194578,10.503995367749845,-0.28958333333333286,-0.44999999999999973,,0.22090909090909117,-0.6109090909090908,-0.21450000000000014
PO0180490U0003,2011,0.0,-0.0033890180703666,520341.0,4986376.0,GWB ISS MPOP,2.44,2.67,2.58,2.5,2.8,2.29,2.83,3.08,4.92,5.53,4.04,2.8,2.5549999999999997,3.465,34.06077144532095,52.934160837055344,96.24078580126549,9.211325025132187,36.632612107728015,86.15428430238079,,,9.230793881132968,16.26956874367339,19.88469003115276,21.663886076874775,86.9949322823763,,183.23571808364179,,192.44704310877398,,229.079655216502,,315.2339395188828,,-0.9745833333333334,-0.2950000000000004,-0.11090909090909085,-0.229090909090909,-0.18090909090909113,-0.5045000000000002
PO0180490U0003,2012,,,520341.0,4986376.0,GWB ISS MPOP,3.28,2.72,2.67,2.8,2.7,3.14,2.94,5.6,5.38,5.45,2.5,2.38,3.0,4.785,27.879581054090384,17.800226023222613,32.99809325157598,102.13795766481954,66.74790715316217,33.17428764241828,2.082270054864191,1.1935697962667413,12.080515266306087,12.842492561795764,18.21192444831712,23.717396179763348,45.679807077313,1.6605139999365877,78.67790032888898,5.249625547241638,180.8158579937085,7.1478423008801695,247.56376514687068,9.419276384128814,280.738052789289,11.789130493902492,0.3454166666666669,0.1499999999999999,-0.020909090909090988,0.07090909090909081,-0.2809090909090908,0.3454999999999999
PO0180490U0003,2013,,,520341.0,4986376.0,GWB ISS MPOP,2.57,2.3,2.0,1.95,2.24,2.45,2.65,3.86,4.35,3.21,2.68,2.76,2.4349999999999996,3.975,74.01842807517457,37.35857598900624,164.1426454405777,98.54231348391271,139.2646034673097,13.69873384083136,2.826603622936813,2.4800826878779656,6.857455704898711,13.506452440995162,16.488208327041885,22.30546434593468,111.37700406418081,2.6621530096885464,275.5196495047585,4.107201715816491,374.0619629886712,6.45701439711116,513.3265664559809,8.516398581401573,527.0253002968122,10.8018790948601,-0.4645833333333331,-0.4150000000000005,-0.6909090909090909,-0.7790909090909091,-0.7409090909090907,-0.34450000000000003
PO0180490U0003,2014,,,520341.0,4986376.0,GWB ISS MPOP,2.54,2.27,2.48,2.61,2.6,2.72,3.06,3.58,3.82,3.2,2.4,2.22,2.4050000000000002,2.9450000000000003,195.154924551773,139.7155680648905,99.1853181988705,98.85454196754414,27.118187899277494,103.71864012305414,5.036316568047922,6.668263124667075,10.742189755275282,14.629675448195842,17.814442840776685,22.601147424399112,334.8704926166635,5.810799679663791,434.055810815534,7.509389594596637,532.9103527830781,9.289461057996439,560.0285406823556,11.039622880951322,663.7471808054097,12.955897667158139,-1.494583333333333,-0.44499999999999984,-0.21090909090909093,-0.11909090909090914,-0.38090909090909086,-0.07450000000000001
PO0180490U0003,2015,,,520341.0,4986376.0,GWB ISS MPOP,2.57,2.29,2.41,2.44,2.87,2.93,3.5,4.64,5.07,5.57,5.54,4.69,2.4299999999999997,2.8,40.52170709087631,93.83036188999749,38.97408430496991,37.697434070261245,29.437368933354982,50.54549410797465,4.061766384441144,4.658242894902382,9.915278699352571,14.090282991908873,19.141294884386426,23.21748173931001,134.3520689808738,4.344839982626138,173.3261532858437,6.263546651720799,211.02358735610494,8.220230736767817,240.46095628945992,10.462303508795479,291.00645039743455,12.576421447554793,-1.6395833333333334,-0.4200000000000004,-0.2809090909090908,-0.28909090909090907,-0.11090909090909085,0.13549999999999995
PO0180490U0003,2016,0.0,-0.0033890180703666,520341.0,4986376.0,GWB ISS MPOP,3.49,2.77,2.64,2.69,,2.855,4.05,5.73,5.7,5.67,3.61,3.05,3.13,5.555,21.949807190639962,103.00543584586839,52.81089766885402,11.209091408964413,80.66831405620849,81.42954208610954,3.5996416414002526,6.611332783334538,9.287113122662895,14.864009633946374,17.08418085332732,21.802935190996582,124.95524303650835,5.028918793504658,177.76614070536237,6.495630173548052,188.9752321143268,8.587725038647632,269.6435461705353,10.332030537025583,351.07308825664484,12.2332854520484,1.1154166666666665,0.2799999999999998,-0.05090909090909079,-0.039090909090909065,,0.060499999999999776
PO0180490U0003,2017,,,520341.0,4986376.0,GWB ISS MPOP,3.0,3.12,3.44,3.49,2.63,4.2,5.74,5.91,5.9,5.83,5.73,5.75,3.06,4.64,3.7752068756169916,53.61223028789571,29.337525269657327,53.44970574661965,66.93850565667653,33.33309895067681,1.1413314883880492,5.708482749607709,12.061886487027502,14.854755912616294,19.12763966885641,24.781601119472658,57.38743716351271,3.3087931038821248,86.72496243317003,6.323747491409977,140.17466817978968,8.456499596711556,207.11317383646622,10.647263452582354,240.44627278714302,12.989971353171907,0.20041666666666647,0.20999999999999996,0.749090909090909,0.7609090909090912,-0.35090909090909106,1.4055
PO0180490U0003,2018,,,520341.0,4986376.0,GWB ISS MPOP,5.68,2.6,2.54,2.55,2.68,,4.33,5.71,4.75,5.58,,5.43,4.14,5.78,34.933963516297375,35.34603583829318,109.11863585200784,65.86471176647736,115.86616222483201,33.954948463985325,5.294604190902099,3.689341605262842,7.11512981347219,15.03948664193772,18.181307787669883,22.40862395847632,70.27999935459056,4.532784658734316,179.39863520659839,5.422259100921806,245.26334697307573,7.826565986175784,361.12950919790774,9.952373905687818,395.08445766189305,12.016945737641713,1.340416666666667,1.2899999999999996,-0.15090909090909088,-0.1790909090909092,-0.3009090909090908,
PO0180490U0003,2019,,,520341.0,4986376.0,GWB ISS MPOP,3.81,3.0,3.27,3.34,3.3,,,,,5.43,,,3.4050000000000002,5.58,14.309086024428703,40.46333753986154,10.076876208859964,64.60616083756355,119.99875886502552,1.565880308542234,0.7354108177832036,4.675443910146429,9.796081084303175,12.663624062922029,14.684982076889979,23.685465137667187,54.77242356429024,2.605257031108124,64.84929977315021,5.082096427208642,129.45546061071377,6.977478336136988,249.4542194757393,8.559813541192238,251.02009978428154,11.066827617956042,1.1404166666666669,0.5550000000000002,0.5790909090909091,0.6109090909090908,0.31909090909090887,
PO0180490U0003,2020,,,520341.0,4986376.0,GWB ISS MPOP,,,,,,,,,,,,,,5.43,53.3752309641103,9.810842030670594,52.57765496728193,22.4661809168572,19.7871399510607,96.44497366362724,2.7877908061725902,7.035796612858637,8.545590403352579,14.15018691703276,18.893934150666016,21.450887173276335,63.18607299478089,4.8037935618880026,115.76372796206283,6.0926346961702444,138.22990887892004,8.107022751385873,158.01704882998075,10.321554230708287,254.462022493608,12.16619504991846,0.9904166666666665,,,,,
PO0180490U0003,2021,0.0101670542110999,0.0067780361407332,520341.0,4986376.0,GWB ISS MPOP,,,,,,,,,,,7.08,,,,124.8488854443249,27.72099831030277,7.957662856421818,54.70890302608833,46.678257800934205,12.933058313308626,1.7011097442606038,6.572930466029721,8.474403520145282,11.381420315442588,16.31543822136698,23.56479547789984,152.56988375462768,4.013160256286626,160.5275466110495,5.549810713837941,215.23644963713784,7.007713114239103,261.914707438072,8.918570586563368,274.8477657513806,11.346121673525213,,,,,,
PO0180500U0002,2008,0.3357511583096845,0.1216775176685816,480174.0,5017487.0,GWB ISS MPP,3.9,4.0,4.05,3.98,3.46,3.9,3.29,3.4,3.58,4.01,4.05,,3.95,,131.3855187917194,40.17854310586621,16.930711580701985,131.4953297862579,113.18309053436538,87.85459946279663,3.69347613254225,5.548967057605962,9.831956939394056,12.648130590104378,18.04152219077506,21.716242002424163,171.5640618975856,4.574048096979266,188.49477347828758,6.38510558714436,319.9901032645455,7.950861837884364,433.17319379891086,10.022454360663248,521.0277932617075,11.960651207363952,,0.06636363636363685,0.17700000000000005,0.11800000000000033,-0.31000000000000005,0.2469999999999999
PO0180500U0002,2009,0.3412129360479054,0.1271392954068026,480174.0,5017487.0,GWB ISS MPP,3.87,,,,,,,,,,,,3.87,4.029999999999999,72.96272112602792,94.27097775060525,106.79031309248354,202.79380535676518,21.59529850453774,18.751774727042147,-0.008625535517640094,4.297780669884578,9.679607533048818,14.234802824675258,20.656211907021802,22.887856985614988,167.23369887663318,2.035092663656294,274.0240119691167,4.668203340891497,476.8178173258819,7.059853211837437,498.41311583041966,9.851158639325618,517.1648905574618,12.011937370754797,0.15277777777777768,-0.013636363636363225,,,,
PO0180500U0002,2010,0.2791499957673559,0.065076355126253,480174.0,5017487.0,GWB ISS MPP,2.7,3.72,3.72,3.96,3.5,2.98,3.4,3.38,3.68,3.7,3.7,,3.21,,60.387368992455116,147.76825773433526,79.99177937989097,70.00796183366144,150.46655241698687,62.59367689511374,0.41049837005593476,2.920800499991442,7.474165589314632,13.059327446020816,16.565447179200135,21.082494069808796,208.1556267267904,1.6018281944321076,288.1474061066814,3.624522186002755,358.15536794034284,5.983223501007271,508.6219203573297,8.155732997854813,571.2155972524434,10.298290081604092,,-0.6736363636363634,-0.15299999999999958,0.09800000000000031,-0.27,-0.673
PO0180500U0002,2011,0.2051194405278139,-0.0089542001132889,480174.0,5017487.0,GWB ISS MPP,3.9,3.75,3.7,3.88,3.42,4.0,2.85,2.8,3.35,3.78,3.8,3.93,3.825,3.7,12.442649816858925,59.357912791581526,132.0742183900404,14.53099890432339,29.54361244554188,116.51545252799153,,,9.103453245504443,16.085407634195988,19.69090639582955,21.529569739583778,71.80056260844046,,203.87478099848084,,218.40577990280423,,247.9493923483461,,364.4648448763376,,-0.1772222222222215,-0.058636363636363154,-0.1729999999999996,0.018000000000000238,-0.3500000000000001,0.347
PO0180500U0002,2012,0.2908504106704325,0.0767767700293296,480174.0,5017487.0,GWB ISS MPP,4.06,4.0,4.2,3.82,3.75,4.05,3.9,,4.9,4.05,5.9,,4.029999999999999,3.79,31.81714140307391,6.196363091781125,37.91422986407627,105.78979334844887,77.69941488881491,60.286883125465295,2.087153063244942,1.07893470556547,12.045576539116453,12.818886185317837,18.313878096563315,23.647146968152597,38.013504494855034,1.6086765545157011,75.9277343589313,5.203608771433737,181.71752770738016,7.107428124904762,259.4169425961951,9.408090039616122,319.7038257216604,11.768154723903935,-0.08722222222222165,0.14636363636363603,0.3270000000000004,-0.041999999999999815,-0.020000000000000018,0.3969999999999998
PO0180500U0002,2013,0.2934474988613535,0.0793738582202507,480174.0,5017487.0,GWB ISS MPP,3.8,3.9,3.98,3.45,3.91,3.08,3.08,3.45,3.45,3.5,3.5,3.4,3.8499999999999996,4.975,32.20639556371495,20.266006456023113,144.03935186416987,80.17210346324745,135.12591985963698,13.096862394833922,3.0891801189420747,2.8016871380477877,6.95380536310776,13.443579172689791,16.428250355767272,21.985085955588737,52.47240201973806,2.952742772076989,196.51175388390794,4.330886553432032,276.68385734715537,6.609059708246472,411.8097772067923,8.624920039856702,424.90663960162624,10.839312180585768,1.097777777777778,-0.033636363636363686,0.1070000000000002,-0.4119999999999995,0.14000000000000012,-0.573
PO0180500U0002,2014,0.2240666183213216,0.0099929776802187,480174.0,5017487.0,GWB ISS MPP,3.38,3.95,3.5,3.55,3.5,3.47,3.45,3.9,3.82,,3.7,,3.665,3.5,154.65850678304943,140.73335432410096,82.1893415811629,84.05415045188022,17.300984213817696,65.85875651329124,4.741508570602738,6.343212556485906,10.48275777207024,14.21200002899354,17.28669161057941,21.961677157929593,295.39186110715036,5.501639275767631,377.5812026883133,7.21735786893853,461.6353531401935,8.966018408952282,478.9363373540112,10.674236086107518,544.7950938673024,12.545082672597365,-0.3772222222222217,-0.2186363636363633,-0.3729999999999998,-0.31199999999999983,-0.27,-0.18299999999999983
PO0180500U0002,2015,0.1923967324859094,-0.0216769081551934,480174.0,5017487.0,GWB ISS MPP,4.0,3.92,4.02,3.9,3.88,3.9,3.51,3.8,3.7,3.7,3.62,3.76,3.96,3.7,42.594548464223514,68.76398870728306,53.21440097759423,64.87308186606306,61.217772586942694,28.873861287761272,3.6609141987301386,4.350694203189153,9.683378517812917,13.787471249847442,18.552205583878838,22.663538274166346,111.35853717150658,3.988267421185264,164.57293814910082,5.949916798912567,229.44602001516387,7.909305411646286,290.6637926021066,10.094271672170848,319.53765388986784,12.177575528855185,-0.1772222222222215,0.07636363636363663,0.1469999999999998,0.038000000000000256,0.10999999999999988,0.2469999999999999
PO0180500U0002,2016,0.1714788023605492,-0.0425948382805536,480174.0,5017487.0,GWB ISS MPP,4.3,4.4,3.75,4.2,3.69,3.55,3.5,3.9,3.8,,3.9,4.3,4.35,3.66,16.23081388179559,103.08905961532622,44.8477400632252,13.859341886710762,100.00282400704481,47.52564685933139,3.364380999459252,6.615393727976424,9.274564990201995,14.821450872125759,16.959636087706084,21.64275926981853,119.31987349712182,4.907234497738588,164.16761356034704,6.411537222920428,178.0269554470578,8.51401563522176,278.0297794541026,10.24788473473841,325.555426313434,12.136537972596992,-0.21722222222222154,0.4663636363636363,-0.12299999999999978,0.3380000000000005,-0.08000000000000007,-0.1030000000000002
PO0180500U0002,2017,0.1435929937483297,-0.0704806468927731,480174.0,5017487.0,GWB ISS MPP,4.2,,3.92,3.95,3.7,3.64,3.7,3.6,3.51,3.7,3.58,3.63,4.2,3.9,0.45655818083217165,44.35503328937448,48.33145294771361,35.49022441865716,67.00932104155632,58.87590026269313,1.183844974182081,5.804277197002435,11.457811335761996,14.260656992873999,18.280570576520258,23.8160737435558,44.81159147020665,3.3765924697578424,93.14304441792027,6.160123412492606,128.63326883657743,8.185256807587955,195.64258987813375,10.257804667434984,254.51849014082688,12.505031586129043,0.02277777777777823,0.31636363636363685,0.04700000000000015,0.08800000000000052,-0.06999999999999984,-0.0129999999999999
PO0180500U0002,2018,0.2267168422133181,0.0126432015722152,480174.0,5017487.0,GWB ISS MPP,3.81,,3.89,3.93,5.01,3.96,4.25,4.01,3.98,,,,3.81,3.64,31.434496313968335,24.79429528794122,94.64324140423643,84.97809431028308,107.01736920960431,18.15621951702634,4.60155859601662,3.29865171888563,6.8864564613496375,15.106127966282667,18.535539335019365,22.840282072093352,56.228791601909556,3.983229908564625,150.87203300614598,4.983230165635018,235.85012731642905,7.513954615796931,342.8674965260334,9.776664061465112,361.0237160430597,11.941904615712888,-0.23722222222222156,-0.07363636363636328,0.017000000000000348,0.0680000000000005,1.2399999999999998,0.30699999999999994
PO0180500U0002,2019,0.1166267120288638,-0.097446928612239,480174.0,5017487.0,GWB ISS MPP,,,,,3.65,,,,,,,,,,4.1930470076635045,19.948282845561536,4.003013470390219,79.00530274970062,69.79624538888979,2.0847474447793206,1.7151086667873023,5.233027930150722,10.204484242224122,13.009670519761936,15.165660596810762,24.02604887940335,24.14132985322504,3.384629673129264,28.14434332361526,5.73369069137305,107.14964607331588,7.552685648470272,176.94589146220568,9.115614280248783,179.030638906985,11.586957031489872,,,,,-0.1200000000000001,
PO0180500U0002,2020,0.0946407435026191,-0.1194328971384837,480174.0,5017487.0,GWB ISS MPP,,,,,,,,,,,,,,,10.59070726119743,6.96523568545429,53.48035346935295,50.411447769388296,114.85286150166016,56.71318124393424,2.9333453012999513,6.831370662594031,8.755127711435044,13.918845477088782,18.803541536038214,21.40128774384462,17.55594294665172,4.783255642253073,71.03629641600466,6.1513449105268645,121.44774418539296,8.093220052167343,236.30060568705312,10.292027774021626,293.01378693098735,12.133341581174609,,,,,,
PO0180500U0002,2021,0.0819800841299831,-0.1320935565111197,480174.0,5017487.0,GWB ISS MPP,,,,,,,,,,,,,,,66.42019869127846,39.07512764040886,5.279018926009954,49.30942247225908,48.1666183974334,9.158303979990379,2.3862901275100215,6.749242233843389,8.989649449062755,11.849003826394718,16.60300887658853,23.565619594817484,105.49532633168732,4.4568436694987374,110.77434525769728,6.018143438015231,160.08376772995635,7.4758585351101035,208.25038612738976,9.349644366804348,217.40869010738015,11.705883354872826,,,,,,
PO018062NRD002,2008,0.0933741984688202,0.0471071830916442,489193.0,4993809.0,GWB ISS MPP,6.88,7.39,7.525,7.9,7.64,,4.23,2.49,1.82,,,,7.135,,81.990269906792,20.512777087011663,4.537751892843342,103.24297505843741,74.21246494557738,81.67814900313903,3.7687513334658487,5.304863794446447,9.605794837189128,12.31744895864464,17.670580693644645,21.441580917727062,102.50304699380365,4.497753857321048,107.040798886647,6.257190194831164,210.28377394508442,7.772254885784533,284.4962388906618,9.804361508590253,366.1743878938008,11.733182405132265,,-0.16500000000000004,-0.14749999999999908,-0.22937499999999922,-0.4327272727272726,
PO018062NRD002,2009,0.0992435049757343,0.0529764895985583,489193.0,4993809.0,GWB ISS MPP,,6.72,6.95,,,,,,,,,,6.72,,48.89296982826671,49.139573941148775,56.627301730668464,120.46945878791195,4.180954884444676,17.60657090089206,-0.40265140628459367,3.9307722751982705,9.453983894297126,13.852116078891445,19.856881030760043,21.702220915828015,98.03254376941548,1.653888645944562,154.65984550008395,4.340588120377111,275.12930428799586,6.718470110005695,279.31025917244057,9.415759769233409,296.9168300733326,11.452189793530858,,-0.5800000000000001,-0.7224999999999993,,,
PO018062NRD002,2010,0.0563362873803,0.010069272003124,489193.0,4993809.0,GWB ISS MPP,,,7.01,,7.08,,,2.55,,,5.78,,,,59.77533369593127,120.4718496522444,67.87179216479889,54.14222237834661,113.7285922066465,58.733260764604566,0.4066644585681614,2.483083044442985,7.595911964087362,12.83095922936459,16.53396870807018,21.062215609721214,180.24718334817567,1.3920834484748574,248.11897551297454,3.528957714963609,302.26119789132116,5.854458093563854,415.98979009796767,8.046940405151245,474.7230508625722,10.204168339610357,,,-0.6624999999999996,,-0.9927272727272722,
PO018062NRD002,2011,0.0420430608417587,-0.0042239545354172,489193.0,4993809.0,GWB ISS MPP,6.7,7.22,7.47,7.78,7.89,7.48,6.4,5.71,5.71,6.18,,,6.96,5.78,31.291004418404018,61.65172293329021,95.9334416306371,3.7810350097136585,19.98135219281874,91.47414232710024,,,8.845418440419074,15.712235506117947,19.298235805467275,21.25739982507379,92.94272735169423,,188.87616898233134,,192.657203992045,,212.63855618486375,,304.11269851196397,,-0.48183333333333334,-0.33999999999999986,-0.20249999999999968,-0.3493749999999993,-0.18272727272727263,-0.4016666666666664
PO018062NRD002,2012,0.0468972391401525,0.0006302237629765,489193.0,4993809.0,GWB ISS MPP,,7.2,,,7.91,,,,5.91,,,,7.2,6.18,38.790040506981214,10.39877902757603,38.539669719724564,96.90089096390662,62.65575330454286,26.321920958664258,1.3379845102123087,-0.30221754102821363,11.320069395792023,12.499968956084706,17.858105691787493,23.12206661913628,49.18881953455724,0.5595835367422303,87.72848925428181,4.2659731104149365,184.62938021818843,6.324472071832379,247.2851335227313,8.692304139505282,273.60705448139555,11.083977478670642,-0.08183333333333387,-0.09999999999999964,,,-0.16272727272727217,
PO018062NRD002,2013,0.0997864103978424,0.0535193950206665,489193.0,4993809.0,GWB ISS MPP,,,,,,,,5.66,,,6.1,,,,59.56933642471651,34.69963056579322,145.1945257916658,101.73697917392039,140.60820627811745,6.377901871062628,2.370331718417211,1.823855865250902,6.3466662212677125,13.066631751955825,16.064140264014885,21.558739917408708,94.26896699050974,2.1109872457281154,239.46349278217554,3.569943337302865,341.20047195609595,5.944115440966105,481.8086782342134,8.021736431128438,488.18658010527605,10.26543866642351,,,,,,
PO018062NRD002,2014,0.0575720657385734,0.0113050503613975,489193.0,4993809.0,GWB ISS MPP,,7.2,,7.7,,,,5.62,,6.05,,,7.2,6.1,168.32996689553127,146.73696853552377,70.52021132551263,80.29891429721005,19.58067489519604,62.940478002524486,4.338640931748158,5.96566770634304,10.050296925357113,14.139202126168135,17.168679348728716,21.924436867466323,315.0669354310551,5.1107892315558985,385.5871467565677,6.8121752149763175,465.8860610537777,8.643931942774271,485.4667359489738,10.39404564863247,548.4072139514983,12.305160215290016,-0.16183333333333394,-0.09999999999999964,,-0.4293749999999994,,
PO018062NRD002,2015,0.0261277359311339,-0.020139279446042,489193.0,4993809.0,GWB ISS MPP,,7.21,,,7.9,,6.6,,,,6.8,,7.21,6.05,48.666051190572425,70.0516584328207,45.09353271511958,23.089044077161756,24.72707493289922,35.43746041395232,2.933013785289784,3.8153291511436644,9.262905626591884,13.696479959436706,18.809658353014125,22.6507932734707,118.71770962339312,3.3517397216272187,163.8112423385127,5.387807977781715,186.90028641567446,7.464975973195463,211.6273613485737,9.794016726668167,247.064821762526,11.924974165364722,-0.21183333333333376,-0.08999999999999986,,,-0.17272727272727195,
PO018062NRD002,2016,0.0276036158368616,-0.0186633995403143,489193.0,4993809.0,GWB ISS MPP,6.69,7.18,7.41,,8.52,8.28,7.4,6.66,5.85,6.16,6.65,7.14,6.9350000000000005,6.8,25.770609360219932,119.98195381137225,60.06607626535249,9.24246505566615,83.38209411222645,61.58061988112243,2.95195971506282,6.1123354013982345,8.684542926019322,14.514527411310207,16.788798841528255,21.337121483747996,145.7525631715922,4.4517990238321685,205.8186394369447,5.909744145696633,215.06110449261084,8.060939962100028,298.4431986048373,9.852752049929663,360.02381848595974,11.75623869641889,0.5381666666666662,-0.3649999999999993,-0.2624999999999993,,0.44727272727272727,0.39833333333333254
PO018062NRD002,2017,0.0302776182643243,-0.0159893971128516,489193.0,4993809.0,GWB ISS MPP,7.64,7.9,8.23,8.45,8.42,7.42,6.7,5.86,5.49,5.95,6.3,7.15,7.77,6.486666666666667,2.727610237463918,57.65789307862543,34.7642570133914,40.879190106928014,77.48903875791933,93.52137468220127,0.5691741891934988,5.301078250898019,11.102121005686772,14.033166603796818,18.14955338115239,23.5823607817213,60.38550331608935,2.814823574409204,95.14976032948076,5.669337134071477,136.02895043640876,7.760294501502813,213.5179891943281,9.89318870858319,307.03936387652936,12.16211225661713,0.22483333333333366,0.46999999999999975,0.557500000000001,0.3206249999999997,0.3472727272727276,-0.4616666666666669
PO018062NRD002,2018,0.0273567494192139,-0.018910265957962,489193.0,4993809.0,GWB ISS MPP,7.6,7.9,8.29,8.34,8.39,7.8,8.61,5.75,5.24,5.955,6.53,7.02,7.75,6.125,37.75812097450318,37.63805898151168,112.99683522985164,71.59351085804037,84.77026405134063,28.59159992928815,4.100605222183838,2.992696179471195,6.594271929922331,15.13703113685625,18.43335511160362,22.600384165085096,75.39617995601486,3.5748178798795327,188.3930151858665,4.614852052672052,259.98652604390685,7.245396823718101,344.7567900952475,9.5422624324893,373.34839002453566,11.706592001427829,-0.13683333333333358,0.4500000000000002,0.6174999999999997,0.21062500000000028,0.31727272727272826,-0.081666666666667
PO018062NRD002,2019,0.0214032365153244,-0.0248637788618515,489193.0,4993809.0,GWB ISS MPP,7.49,7.88,8.15,8.485,8.59,8.36,7.95,7.28,6.4,6.57,,7.02,7.6850000000000005,6.146666666666667,15.818012398236366,38.205278012759564,5.9661100848027635,60.464560687635526,77.48136851176845,2.490877494583077,0.6145484603226713,4.423789477007354,9.981584254050276,12.928984499741986,15.265674278421852,24.168564504793473,54.023290410995926,2.422323858071334,59.98940049579869,5.026069105575191,120.45396118343422,7.00179795411689,197.93532969520265,8.698355345199365,200.42620718978574,11.26247841032546,-0.1151666666666662,0.3850000000000007,0.4775000000000009,0.35562499999999986,0.5172727272727276,0.4783333333333326
PO018062NRD002,2020,0.013805342687524,-0.0324616726896519,489193.0,4993809.0,GWB ISS MPP,7.27,7.47,7.77,8.06,8.14,7.95,7.89,6.28,6.47,6.38,,,7.369999999999999,6.57,25.19646504338912,19.456249088944766,57.75298923983049,35.84872031784467,90.66262123598302,55.19057064135225,2.480419026229934,6.33486989308512,8.536753333562814,13.819380228200561,18.89754271425905,21.449192478932574,44.652714132333884,4.309649946093412,102.40570337216437,5.765652223999538,138.25442369000905,7.779084225049794,228.91704492599206,10.061681663231827,284.1076155673443,11.949114395115927,0.3081666666666667,0.0699999999999994,0.09750000000000014,-0.06937499999999908,0.06727272727272826,0.06833333333333336
PO018062NRD002,2021,0.005911149682899,-0.0403558656942769,489193.0,4993809.0,GWB ISS MPP,7.58,7.75,7.92,8.32,8.32,,,,6.15,6.65,6.68,7.58,7.665,6.38,88.70550703036726,35.01156785281526,0.6553187459682548,53.661332634417754,37.06855900928864,8.057647339931904,1.7379890171413426,6.251823261197676,8.431628238296188,11.738696265590692,16.512064508966347,23.648231125841054,123.71707488318252,3.8801476414392635,124.37239362915078,5.447879847023315,178.03372626356852,7.0205839516651585,215.10228527285716,8.969166052832952,223.15993261278908,11.402160263828769,0.11816666666666631,0.3650000000000002,0.2475000000000005,0.1906250000000007,0.24727272727272798,
PO018065NRG001,2008,0.1615709980338315,0.0845903370643869,476409.0,4987902.0,GWB ISS MPP,,,,,,,,,,,,,,,89.61206797834966,23.075803367716244,5.328573960583334,107.0600727262287,77.6132393886383,83.7323030325697,3.5979014331552115,5.229254034583226,9.575283189539118,12.332163875312748,17.77511253799357,21.528098876824497,112.6878713460659,4.372102667731219,118.01644530664925,6.164309291909495,225.07651803287794,7.706272937760308,302.6897574215162,9.77338570337111,386.4220604540859,11.72168070449598,,,,,,
PO018065NRG001,2009,0.1665497087303384,0.0895690477608938,476409.0,4987902.0,GWB ISS MPP,,,,,,,,,,,,,,,52.382258587975045,54.66204985102261,63.06453121424254,125.51630536418284,5.980216346126484,16.56042005378428,-0.5433446482751766,3.826096581330664,9.38267734771055,13.881851387167673,19.996862354557532,21.901423361918212,107.04430843899766,1.5302884776394596,170.1088396532402,4.235000199552835,295.62514501742305,6.646712996456544,301.60536136354955,9.387472136199131,318.16578141733385,11.461607698473012,,,,,,
PO018065NRG001,2010,0.1038666519462806,0.026885990976836,476409.0,4987902.0,GWB ISS MPP,,,,,,,,,,,,,,,59.554214943598126,124.64413903134542,70.22757184993911,56.72974231366469,117.9172797164494,58.9183935082218,0.24856547366539594,2.395908920142702,7.416773244976199,12.780769552518336,16.488032835884844,21.057531077963667,184.19835397494353,1.2676437194512362,254.42592582488265,3.385677222687612,311.15566813854736,5.734450305145293,429.07294785499676,7.942139433972618,487.99134136321857,10.115961253418646,,,,,,
PO018065NRG001,2011,0.0815388459202474,0.0045581849508028,476409.0,4987902.0,GWB ISS MPP,,,,,,,,,,,,,,,29.362183952195046,62.432524138472104,102.23453980921907,5.379125062732162,16.993824166549977,98.86580033173155,,,8.893250180178855,15.781410174666739,19.371024890968027,21.307851780642252,91.79470809066714,,194.02924789988623,,199.4083729626184,,216.40219712916837,,315.2679974608999,,,,,,,
PO018065NRG001,2012,0.1026028741404275,0.0256222131709829,476409.0,4987902.0,GWB ISS MPP,,,,,,,,,,,,,,,37.65286797482968,9.952470771312797,38.510931766428286,98.07836292259441,64.36653150584291,29.47229547976784,1.3964524088490964,-0.2474675821043038,11.375848732332006,12.534800883405921,17.924360672822296,23.175361717602136,47.60533874614248,0.6162869894135844,86.11627051257076,4.322358256418818,184.19463343516517,6.3754689131655935,248.5611649410081,8.74643344660505,278.03346042077595,11.137968519146003,,,,,,
PO018065NRG001,2013,0.160641712065137,0.0836610510956924,476409.0,4987902.0,GWB ISS MPP,,,,,,,,,,,,,,,56.094485169722546,32.78420390997,146.1676097177284,96.91339711414871,140.261655019909,7.754971249904155,2.420320586625096,1.8919480078443192,6.388367284141246,13.10265173911769,16.11570583299812,21.59502168731569,88.87868907969255,2.1695674983901507,235.04629879742095,3.6227096468155287,331.95969591156967,5.992695169891069,472.2213509314787,8.070929147085232,479.97632218138284,10.312491446570943,,,,,,
PO018065NRG001,2014,0.0897278574138613,0.0127471964444167,476409.0,4987902.0,GWB ISS MPP,,,,,2.17,,,,,3.86,,,,,167.16146660351367,146.85078994664028,72.28585263212685,80.9291460267228,20.12721971238776,64.03567941338402,4.350012874906463,5.977702840195412,10.066317827085854,14.146549198989423,17.185236043738723,21.925088350592986,314.01225655015395,5.122475909280879,386.29810918228077,6.82535479208037,467.2272552090036,8.655653393807633,487.3544749213914,10.40675976564779,551.3901543347754,12.315875000721578,,,,,-0.6080000000000001,
PO018065NRG001,2015,0.0492586648405306,-0.0277219961289139,476409.0,4987902.0,GWB ISS MPP,,,,,2.05,,2.01,,,,3.98,,,3.86,47.62356061436014,70.05993182674132,46.92771069171278,29.629014688017968,30.157586550484446,34.68879408980528,2.96900837023954,3.8387135934349517,9.307550556107579,13.696290160354842,18.77220002430124,22.620248395035553,117.68349244110146,3.3817498320949895,164.61120313281424,5.422858970365993,194.2402178208322,7.491216767863205,224.39780437131665,9.807180217860418,259.0865984611219,11.930893175403257,0.14000000000000012,,,,-0.7280000000000002,
PO018065NRG001,2016,0.0448190438971194,-0.0321616170723251,476409.0,4987902.0,GWB ISS MPP,,4.19,,,,2.04,,1.92,,,3.59,,4.19,3.98,24.451625446243746,117.42436468247918,57.14952314215374,9.968228587346484,85.55781645434718,59.08520855681657,2.9622885291135628,6.136083193497657,8.71385009915742,14.537162070543411,16.80468121686182,21.360667518377785,141.87599012872292,4.4684961664483875,199.02551327087667,5.9307847432703875,208.99374185822316,8.082379075088644,294.55155831257036,9.873050375717575,353.6367668693869,11.777075316489984,0.26000000000000023,0.14500000000000046,,,,0.45999999999999996
PO018065NRG001,2017,0.0476424673982384,-0.0293381935712061,476409.0,4987902.0,GWB ISS MPP,,3.87,,,2.77,,,2.26,,,4.02,,3.87,3.59,2.3578487624360562,55.65930035427712,37.095339443652726,40.016006959681164,75.58075223318178,91.84212752519583,0.6010552017062541,5.329590506926934,11.116285957886687,14.057959743267531,18.158369895013603,23.578306966224908,58.01714911671318,2.8451058550313224,95.1124885603659,5.694067890459281,135.12849552004707,7.785040853661344,210.70924775322885,9.914664696587966,302.5513752784247,12.179356785478067,-0.1299999999999999,-0.17499999999999982,,,-0.008000000000000007,
PO018065NRG001,2018,0.025924646018964,-0.0510560149504805,476409.0,4987902.0,GWB ISS MPP,,4.12,,,3.19,,2.05,,,3.68,,,4.12,4.02,37.066930556948726,35.98693449799728,110.32690708905182,73.50083868813039,88.57856370689515,26.598928219479994,4.0862109475845845,2.9861109136664696,6.603140993167514,15.136259649742684,18.44265356536071,22.605369793691985,73.05386505494602,3.564129575555649,183.38077214399783,4.610900174955291,256.8816108321282,7.24224004365214,345.46017453902334,9.541662687181715,372.05910275850334,11.706918008702754,0.2999999999999998,0.07500000000000018,,,0.4119999999999999,
PO018065NRG001,2019,0.0166600414028123,-0.0603206195666322,476409.0,4987902.0,GWB ISS MPP,,4.0,,4.21,,,,1.77,,3.61,,,4.0,3.68,13.86590335762125,35.4800586656018,5.673874689702138,62.82867093071228,75.70593738931552,2.3837009790362824,0.6736816491030195,4.4550315123452116,9.972649214880846,12.902301249991039,15.217656504345985,24.104874913507835,49.34596202322305,2.4682205672518567,55.01983671292519,5.053079323657398,117.84850764363748,7.015384805240808,193.554445032953,8.699294889163061,195.9381460119893,11.252705942921864,-0.03999999999999959,-0.04499999999999993,,0.0,,
PO018065NRG001,2020,0.017598034588948,-0.0593826263804965,476409.0,4987902.0,GWB ISS MPP,,,,,,1.12,,1.43,,3.3,,,,3.61,23.287230881713565,17.566251925139007,57.00778220783791,37.979126405842585,93.61657322444238,54.53930177585303,2.49841743252223,6.355271049774114,8.53072181762414,13.794780454541295,18.862528546510706,21.42860564443564,40.85348280685257,4.328788640709565,97.86126501469047,5.776121179424586,135.84039142053305,7.780785998203764,229.45696464497541,10.05584572666413,283.9962664208284,11.940833558338968,-0.10999999999999988,,,,,-0.45999999999999996
PO018065NRG001,2021,0.0093277071754877,-0.0676529537939568,476409.0,4987902.0,GWB ISS MPP,,,2.08,,3.71,,,2.1,,3.42,,,,3.3,85.76010719247273,35.73424256543912,1.3867738613878464,52.869178963577845,37.897247612700525,8.258191391394778,1.8299038981130862,6.297959870797082,8.462047921926215,11.728634723154807,16.51641292262022,23.65039895968598,121.49434975791185,3.9503372410817623,122.8811236192997,5.504370920039296,175.75030258287754,7.060436870818173,213.64755019557805,9.001729967545746,221.90574158697282,11.429686154088326,-0.41999999999999993,,0.0,,0.9319999999999999,
PO018068NRP001,2008,0.0528131580649973,0.0305150022844757,492857.0,5011583.0,GWB ISS MPP,19.98,20.3,20.55,20.72,20.8,20.57,,,19.13,19.775,20.0,,20.14,,130.84961618897054,39.99605793389995,16.75681564581109,130.34857136610546,112.50327633501381,87.84941574143657,4.251013167010498,5.904730092056479,10.022330798146667,12.702527412354257,17.839772572285057,21.548386160327723,170.8456741228705,5.035827978896726,187.60248976868158,6.753401172193928,317.95106113478704,8.24068273223401,430.45433746980086,10.211356805357072,518.3037532112374,12.090422444302483,,-0.6263636363636351,-0.4144444444444453,-0.41499999999999915,-0.3000000000000007,-0.4371428571428595
PO018068NRP001,2009,0.0468555408757406,0.024557385095219,492857.0,5011583.0,GWB ISS MPP,,20.75,21.0,,,,,,19.21,19.6,20.0,19.8,20.75,19.849999999999998,73.33056664364138,93.46098862911903,105.83959442660097,200.6284356602281,20.65829040391008,19.495431067539275,0.6686947848635049,4.828373759444938,10.021085633082349,14.294440237240254,20.550174906605566,22.94057949607306,166.7915552727604,2.6427797219529987,272.63114969936134,5.1841962024531085,473.25958535958944,7.461757211149895,493.9178757634995,10.148783360548078,513.4133068310388,12.268970565331225,0.025757575757573647,-0.016363636363635692,0.03555555555555401,,,
PO018068NRP001,2010,0.0227117456730068,0.0004135898924852,492857.0,5011583.0,GWB ISS MPP,20.7,20.9,20.96,21.14,,,,18.6,18.9,18.95,19.65,,20.799999999999997,19.8,60.2284314864295,147.08856832134472,79.44123031417945,69.7427141247215,149.95326666984803,61.12878109789368,1.4566760475537308,3.7361584379258375,8.314096627519481,13.61755544813758,17.021164469237746,21.355273166143018,207.3169998077742,2.53846430061168,286.75823012195366,4.527848768768812,356.50094424667515,6.8002754386110045,506.45421091652315,8.898603650196627,567.5829920144168,10.963245006430835,-0.02424242424242351,0.033636363636361466,-0.004444444444445139,0.005000000000002558,,
PO018068NRP001,2011,0.0141606243831238,-0.0081375313973977,492857.0,5011583.0,GWB ISS MPP,20.4,20.5,20.7,20.92,20.95,20.78,20.63,18.0,18.2,19.25,,,20.45,19.416666666666668,15.23167980093203,54.54527063458266,125.32601538561315,11.421259925035775,44.4378273619166,92.50205574632454,,,9.169789827669707,16.18134416309892,19.791855664564174,21.59954023015706,69.77695043551469,,195.10296582112784,,206.5242257461636,,250.9620531080802,,343.46410885440474,,-0.40757575757575637,-0.3163636363636364,-0.2644444444444467,-0.2149999999999963,-0.15000000000000213,-0.22714285714285865
PO018068NRP001,2012,0.0400852099295407,0.0177870541490191,492857.0,5011583.0,GWB ISS MPP,,,20.67,,20.35,,,18.98,,,19.9,,,19.25,31.366131556813293,7.995301325226908,37.60882511234901,106.48796590862341,78.85272258873266,65.49071837322718,2.0521409305308387,1.0148385807803242,11.986983409404425,12.780362591178745,18.25431099859361,23.58275959599106,39.361432882040205,1.5598618492933063,76.97025799438921,5.151425942220469,183.45822390301262,7.058660104460038,262.3109464917453,9.357104990010638,327.8016648649725,11.714948294869272,-0.5742424242424242,,-0.2944444444444443,,-0.75,
PO018068NRP001,2013,0.0334183704612527,0.0111202146807311,492857.0,5011583.0,GWB ISS MPP,,20.39,,,21.05,,,18.92,,,20.9,,20.39,19.9,35.28355360719116,22.27564513861735,138.2472187795869,84.25902675884937,124.97925174564604,9.235987416675927,3.0543090654578453,2.7632041600681925,6.915603377854446,13.403091889533728,16.381762952052927,21.949424126689657,57.55919874580851,2.9161575849339423,195.8064175253954,4.293744469162116,280.0654442842448,6.571081324255019,405.0446960298908,8.585194771021477,414.28068344656674,10.800260410082501,0.07575757575757436,-0.3763636363636351,,,-0.05000000000000071,
PO018068NRP001,2014,0.0296859259936925,0.0073877702131709,492857.0,5011583.0,GWB ISS MPP,,20.75,,20.9,,,,19.2,,18.85,,,20.75,20.9,174.51500340158233,146.39427743483122,88.12561349438013,89.99798863796644,24.329282709072764,70.13381226489255,4.809664576526592,6.435621704835539,10.57820169503435,14.3062209112399,17.38791637903443,22.05720802041459,320.9092808364136,5.581305247588466,409.0348943307937,7.302458468375382,499.03288296876013,9.05339907909151,523.3621656778329,10.764458922126149,593.4959779427254,12.63618529200821,1.0757575757575744,-0.016363636363635692,,-0.23499999999999943,,
PO018068NRP001,2015,0.0120418349890855,-0.010256320791436,492857.0,5011583.0,GWB ISS MPP,,20.8,,,,21.1,19.7,,,,20.5,,20.8,18.85,41.05160308661327,77.08990413828514,50.69452947823691,51.9613754812806,43.56715874337766,37.57212698017346,3.728977904527487,4.384108927892349,9.699149631829277,13.860514955971153,18.59968438712533,22.724049153988034,118.1415072248984,4.03988754273454,168.8360367031353,5.989188928978283,220.79741218441592,7.957020435726501,264.3645709277936,10.141938200583214,301.936697907967,12.227370955291194,-0.9742424242424228,0.03363636363636502,,,,0.09285714285714164
PO018068NRP001,2016,0.0108265047712599,-0.0114716510092616,492857.0,5011583.0,GWB ISS MPP,,20.7,21.2,21.4,21.1,21.0,19.55,18.9,19.1,19.7,20.15,20.5,20.7,20.5,21.858901383918166,113.27024743257286,49.49002494969981,12.536327437432705,85.39708541981754,51.47976390384173,3.4222272352941774,6.639444777717409,9.325607027261107,14.865263608882287,17.009125848416453,21.715601214109512,135.129148816491,4.9490423401729995,184.6191737661908,6.456525732392236,197.15550120362352,8.558710201514748,282.5525866234411,10.293563744918409,334.0323505272828,12.186719126552294,0.6757575757575758,-0.0663636363636364,0.2355555555555533,0.26500000000000057,0.0,-0.007142857142859782
PO018068NRP001,2017,0.012211513295825,-0.0100866424846965,492857.0,5011583.0,GWB ISS MPP,22.2,20.9,20.8,20.9,21.55,21.4,20.2,19.9,19.1,19.5,19.9,20.4,21.549999999999997,20.0,1.7867375146970192,48.705281253434514,41.301264126853596,40.73447557770554,66.9104012027186,75.9229581104613,1.298733624881686,5.851663186387691,11.56449730131475,14.383243263999313,18.3969419011712,23.917429343991124,50.49201876813153,3.4594459591557225,91.79328289498513,6.251185865899387,132.52775847269066,8.284200215424368,199.43815967540928,10.36032599196842,275.3611177858706,12.607359696723565,0.17575757575757578,0.7836363636363615,-0.16444444444444528,-0.23499999999999943,0.4499999999999993,0.3928571428571388
PO018068NRP001,2018,0.0202017886132264,-0.0020963671672952,492857.0,5011583.0,GWB ISS MPP,20.8,21.2,21.3,21.4,21.5,21.2,20.4,19.6,19.3,19.6,20.2,20.5,21.0,19.7,34.36201263175944,31.678342935272465,101.43354353663177,88.45956411428918,119.32486806104421,19.886059318872945,4.880547700630478,3.455596297731018,6.982988322446519,15.225620036304853,18.605374357270918,22.918287553537382,66.04035556703191,4.204299577220565,167.47389910366368,5.161403478353949,255.93346321795286,7.677457617841676,375.25833127899705,9.920937213353639,395.14439059787,12.075194175815033,-0.12424242424242493,0.2336363636363643,0.3355555555555547,0.26500000000000057,0.3999999999999986,0.1928571428571395
PO018068NRP001,2019,0.009651953921495,-0.0126462018590265,492857.0,5011583.0,GWB ISS MPP,21.0,21.2,21.5,21.7,21.5,21.0,20.2,,,,,,21.1,19.9,10.370634982659361,29.101946684094436,4.514393734020008,70.89062323256613,89.23114904605103,1.9616740794563636,1.828908247680261,5.400580086539663,10.346343315230868,13.112847868641321,15.254331872731127,24.17526093097671,39.4725816667538,3.523938950867774,43.98697540077381,5.873878231926174,114.87759863333994,7.683620641104961,204.10874767939097,9.23787261580967,206.07042175884735,11.713682833793156,0.07575757575757436,0.33363636363636573,0.535555555555554,0.5650000000000013,0.3999999999999986,-0.007142857142859782
PO018068NRP001,2020,0.0030952750698969,-0.0192028807106247,492857.0,5011583.0,GWB ISS MPP,,,,,,,,,,,,,,,21.1243385166425,13.855910954515895,52.51414000053258,36.918623507935806,95.81565488694072,70.24995970662397,3.0418308852319518,6.954428290080235,8.865701967004021,14.04493639761688,18.893887679441946,21.466750304673255,34.980249471158395,4.898656772278595,87.49438947169097,6.265083450461797,124.41301297962677,8.210046687250568,220.2286678665675,10.403418016773301,290.4786275731915,12.237119500955613,,,,,,
PO018068NRP001,2021,0.0044147348851593,-0.0178834208953623,492857.0,5011583.0,GWB ISS MPP,,,,,,,,,,,,,,,96.46112963749107,40.59537799994401,1.3415874333323083,55.195225668529986,50.71943479204583,9.84795958406695,2.291667288054277,6.70159424110076,8.932461834932024,11.87118150670566,16.690534495828917,23.640453182289065,137.0565076374351,4.38451397763566,138.3980950707674,5.951029350704408,193.59332073929738,7.4310673897047215,244.3127555313432,9.332017590299754,254.16071511541017,11.703581500574225,,,,,,
PO0180690U0002,2008,0.0540628388382649,0.0280966528160719,494013.0,5004960.0,GWB ISS MPP,5.16,5.5,,6.25,,6.1,5.25,4.0,3.7,4.0,4.12,4.53,5.33,,129.5595658324802,37.27939306798338,12.694693032630624,121.25760212908172,102.22606961864243,86.06052401851153,4.035280888999814,5.659396453114949,9.852711739730012,12.518525707603525,17.811861996429666,21.42773392933427,166.83895890046358,4.806047597393437,179.5336519330942,6.544343024198257,300.79125406217594,8.037888695049574,403.0173236808184,10.044465995332905,489.07784769932994,11.931195487156335,,0.11090909090909129,,0.25333333333333385,,-0.17818181818181866
PO0180690U0002,2009,0.0484977567671324,0.0225315707449395,494013.0,5004960.0,GWB ISS MPP,,5.17,5.5,5.96,5.95,,4.58,3.4,3.23,3.53,3.9,4.5,5.17,4.0600000000000005,74.16121181260249,87.10265546987996,99.30411546357954,172.91340121584818,14.393500111528239,18.08381060798215,0.2376529435196888,4.475036906331241,9.788448313427455,14.122295459710054,20.33577661764444,22.72919710328327,161.26386728248247,2.248614824176019,260.567982746062,4.845668581584847,433.4813839619102,7.164825301116149,447.8748840734384,9.86879543894646,465.9586946814206,12.000353725853115,0.005769230769231193,-0.04909090909090885,-0.21444444444444422,-0.03666666666666618,-0.5454545454545459,
PO0180690U0002,2010,0.0273115325771894,0.0013453465549965,494013.0,5004960.0,GWB ISS MPP,4.88,5.13,5.5,6.0,6.98,5.67,5.5,3.8,3.41,3.69,3.85,3.75,5.005,3.715,59.89190364431947,137.15685221501644,75.28931171172637,64.01995479479505,135.90320516797811,57.518375875965425,1.3276399238083818,3.6280870849301734,8.262110703161344,13.63800979652382,17.150741749895815,21.556385816933563,197.04875585933593,2.4193775595949947,272.3380675710623,4.431874531267848,336.3580223658574,6.733408347581841,472.2612275338355,8.872066198388021,529.7796034098009,10.974439615826508,-0.33923076923076945,-0.2140909090909089,-0.21444444444444422,0.0033333333333338544,0.4845454545454544,-0.6081818181818184
PO0180690U0002,2011,0.0156540694261285,-0.0103121165960643,494013.0,5004960.0,GWB ISS MPP,4.6,4.6,5.2,5.6,5.85,5.4,4.7,3.4,3.2,3.45,3.9,4.1,4.6,3.77,23.60249478980463,57.51629385269029,104.43797866555587,5.835525850099145,34.15587346103435,84.81331438331324,,,9.102394778064419,16.083876869588615,19.689295647874765,21.528453289449978,81.11878864249492,,185.55676730805078,,191.39229315814993,,225.5481666191843,,310.3614810024975,,-0.2842307692307693,-0.6190909090909091,-0.514444444444444,-0.3966666666666665,-0.6454545454545464,-0.878181818181818
PO0180690U0002,2012,0.025325382277907,-0.0006408037442858,494013.0,5004960.0,GWB ISS MPP,4.7,5.25,5.6,6.2,6.55,6.5,5.7,6.0,4.15,4.0,4.4,4.67,4.975,3.675,32.93555393318912,9.829672843720669,38.11078227946048,100.52508736205566,68.92458033969356,42.3269458516803,1.757819179775379,0.4013078966707212,11.678357972219041,12.631437186779394,18.05760013147303,23.309684765661075,42.765226776909785,1.1140511132172362,80.87600905637026,4.752867920206747,181.40109641842594,6.722510236849909,250.3256767581195,9.049581672169888,292.6526226097998,11.413134671091079,-0.3792307692307695,-0.24409090909090914,-0.11444444444444457,0.20333333333333403,0.054545454545453786,0.2218181818181817
PO0180690U0002,2013,0.0415889387793868,0.0156227527571938,494013.0,5004960.0,GWB ISS MPP,5.2,5.2,5.9,6.35,6.4,6.3,6.1,4.8,4.0,3.95,4.18,4.49,5.2,4.2,51.28690950712228,30.59344042891877,140.8968782868518,92.91222248670404,129.0464866967015,6.375446304286029,2.766762490891036,2.414158528486241,6.658560595210444,13.232329811181517,16.226241248563014,21.78572796553517,81.88034993604106,2.5994250172074045,222.77722822289286,3.9975717162973403,315.6894507095969,6.306261240018385,444.7359374062984,8.342813427203042,451.1113837105844,10.570920809247042,0.14576923076923087,-0.019090909090908603,0.18555555555555614,0.3533333333333335,-0.09545454545454568,0.021818181818181515
PO0180690U0002,2014,0.0402510723301911,0.0142848863079982,494013.0,5004960.0,GWB ISS MPP,5.19,,5.62,5.51,,,,,,3.46,3.83,4.15,5.19,4.0649999999999995,178.89163008657692,145.8824475894219,82.06277604094562,87.91277903504738,22.36150160675363,69.87459357791262,4.4815526074305225,6.097717919336226,10.203085633189858,14.160047697158921,17.20806775370101,21.93031842777038,324.7740776759988,5.248546314775602,406.8368537169444,6.955109857784957,494.7496327519918,8.756344317628448,517.1111343587454,10.49146634755063,586.985727936658,12.387408681288711,0.010769230769230198,-0.02909090909090839,-0.09444444444444411,-0.48666666666666636,,
PO0180690U0002,2015,0.0175695076791904,-0.0083966783430024,494013.0,5004960.0,GWB ISS MPP,4.8,5.12,5.68,6.1,6.28,6.05,5.37,4.59,3.96,4.07,4.4,4.75,4.96,3.645,44.70994369153276,77.21578990809266,44.03410002985967,28.592548845874784,24.058870927738568,40.35880044139843,3.2004477319069276,4.012414206019836,9.573835069950619,13.72325024137115,18.701649919382728,22.641052080293548,121.92573359962542,3.585787753519833,165.9598336294851,5.648337384734881,194.55238247535988,7.66706559889395,218.61125340309843,9.93244383687509,258.9700538444969,12.03884299324279,-0.4092307692307693,-0.2590909090909088,-0.0344444444444445,0.1033333333333335,-0.2154545454545458,-0.22818181818181849
PO0180690U0002,2016,0.0158103898442459,-0.0101557961779469,494013.0,5004960.0,GWB ISS MPP,5.42,5.8,,,6.67,6.8,6.95,6.2,6.25,4.1,4.37,5.0,5.609999999999999,4.235,26.6050119447646,122.51483805037779,60.01091157516545,9.94496450544569,77.47008217287976,60.442630665333624,3.098817759591323,6.29866895887494,8.901693535632706,14.628376561250333,16.851156268574645,21.448445728565375,149.11984999514237,4.617391210098802,209.1307615703078,6.0930953444493685,219.0757260757535,8.22691564864961,296.54580824863325,9.997455113667332,356.9884389139669,11.895409359230545,0.18076923076923102,0.39090909090909065,,,0.1745454545454539,0.5218181818181815
PO0180690U0002,2017,0.0211265984648954,-0.0048395875572974,494013.0,5004960.0,GWB ISS MPP,,,,,6.55,6.77,5.96,5.1,4.17,4.17,4.36,4.68,,4.234999999999999,3.1261371804163067,55.836845789779595,32.86280056008168,43.910591023443715,73.69761420448035,81.37310088702718,0.7908300510208792,5.487050399091456,11.225816010438143,14.112751755837182,18.190004368501,23.656984129340493,58.9629829701959,3.019544792478102,91.82578353027759,5.846149323108782,135.7363745537213,7.912799931290881,209.43398875820165,10.022689583963157,290.8070896452288,12.282517409163821,0.18076923076923013,,,,0.054545454545453786,0.49181818181818127
PO0180690U0002,2018,0.0276099399612565,0.0016437539390636,494013.0,5004960.0,GWB ISS MPP,,5.7,6.05,6.0,6.59,6.5,5.84,5.5,4.18,4.16,4.58,4.62,5.7,4.265000000000001,36.79941716622566,37.582151076576935,110.96308971208379,81.8670230678797,106.12727484564013,27.037353281385652,4.253808725138894,3.088032234896456,6.694308942651126,15.11602864830812,18.467342364964402,22.681910973652986,74.38156824280259,3.700558865362822,185.34465795488637,4.731739447539904,267.2116810227661,7.327811747731958,373.3389558684062,9.614735251931995,400.37630914979184,11.780565482051497,0.21076923076923126,0.4809090909090914,0.3355555555555556,0.0033333333333338544,0.09454545454545382,0.2218181818181817
PO0180690U0002,2019,0.0157834154969664,-0.0101827705252264,494013.0,5004960.0,GWB ISS MPP,5.28,6.06,6.38,,7.2,6.7,5.8,5.2,4.24,4.34,4.52,,5.67,4.37,15.199151409093405,38.25290235351784,5.501455693337614,59.74075693291279,90.20838140333379,1.9504512000318324,1.005006148196617,4.702395779171444,10.046336954500637,12.936985055572173,15.202077689919332,24.080801670998106,53.45205376261124,2.75969953238806,58.953509455948854,5.269541311115725,118.69426638886165,7.186402247229838,208.90264779219544,8.832004490430993,210.85309899222727,11.359429437486316,0.3157692307692308,0.45090909090909115,0.6655555555555557,,0.7045454545454541,0.42181818181818187
PO0180690U0002,2020,0.0082735432477583,-0.0176926427744346,494013.0,5004960.0,GWB ISS MPP,,,,,,6.27,,,,4.04,,,,4.43,29.696924457342725,20.000257995641306,54.15723174175208,29.412197670613068,80.65713634294377,65.45785481974474,2.6365686544884768,6.506440729495169,8.602156226580824,13.834570694059513,18.844203912636466,21.42010105662853,49.69718245298403,4.473118113813687,103.85441419473611,5.895342352655701,133.26661186534918,7.880149438006654,213.92374820829295,10.131048038758472,279.3816030280377,12.002161798626437,0.3757692307692304,,,,,-0.008181818181818734
PO0180690U0002,2021,0.0046616186201876,-0.0213045674020053,494013.0,5004960.0,GWB ISS MPP,,,,,6.43,,,,4.3,3.93,4.45,4.6,,4.04,100.89001344558976,38.85516253418976,0.20714004245715353,56.383357364396716,44.50457769312419,9.335666153406908,2.0636320475035332,6.484431724812552,8.6509424597931,11.886284495865436,16.697480729493023,23.676584797558096,139.7451759797795,4.1616386740230675,139.95231602223666,5.707954422454967,196.33567338663337,7.252536940807585,240.84025107975756,9.19156513583572,250.17591723316448,11.592397123966501,-0.014230769230769269,,,,-0.06545454545454632,
PO018072NUP001,2008,0.0499577676398348,0.0319074497474933,512563.9021,5011157.222,GWB ISS MPTLS,,,,,,,,,,,,,,,108.80724395762138,26.52894090555666,11.328065446501636,99.1923402346861,94.65515569139957,69.48205218296842,3.9791102829876577,6.9507924887334145,11.060338376784037,13.778113310204345,19.12602734488924,22.964212328112637,135.33618486317803,5.389400143341576,146.66425030967966,7.342723312638423,245.85659054436576,8.951570812029903,340.5117462357653,11.040366524073873,409.9937984187337,13.016694557892453,,,,,,
PO018072NUP001,2009,0.0375974483465578,0.0195471304542163,512563.9021,5011157.222,GWB ISS MPTLS,,,,,,,,,,,,,,,59.86029690282063,96.08168797758039,100.93606767725305,109.50386060064974,9.12032664054061,33.51719682391355,2.0079049087264718,5.746293658800121,10.932582922726086,15.199834808256952,21.54564358449373,23.77998019523848,155.941984880401,3.782055501981763,256.8780525576541,6.245014946904808,366.38191315830386,8.483719912242844,375.50223979884447,11.165306891314218,409.019436622758,13.25613672069393,,,,,,
PO018072NUP001,2010,0.0218210152695149,0.0037706973771734,512563.9021,5011157.222,GWB ISS MPTLS,,,,,,,,,,,,,,,63.658130169471946,132.01747662941827,66.4645943729852,54.43174951490198,161.57328416000453,55.14514238679705,1.5329261165382548,3.590348519345576,8.102719245932544,13.017660334075305,16.41311201086615,21.201641494858798,195.67560679889021,2.509329968718,262.14020117187545,4.435941830869677,316.5719506867774,6.581371456671083,478.14523484678193,8.599808259187952,533.290377233579,10.688509900459362,,,,,,
PO018072NUP001,2011,0.0060226843321053,-0.0120276335602361,512563.9021,5011157.222,GWB ISS MPTLS,,,,,,,,,,,,,,,33.393927229168206,48.675020029086056,105.63252227744975,12.54883556088857,42.06276625066332,86.40789725728904,,,9.43120394308959,16.559403478502517,20.18966880065252,21.875274573134526,82.06894725825427,,187.701469535704,,200.25030509659257,,242.31307134725589,,328.7209686045449,,,,,,,
PO018072NUP001,2012,0.0165021851620624,-0.001548132730279,512563.9021,5011157.222,GWB ISS MPTLS,,,,,,,,,,,,,,,25.95917550417724,21.494548490479687,30.60777061886251,109.96296338392055,74.00069687977071,42.33055324069403,2.1495317181504396,1.2647467164364898,12.039000051467259,12.829843343332168,18.281754101767902,23.786833053229515,47.453723994656926,1.729633751235345,78.06149461351944,5.2806376990930035,188.02445799743998,7.167939110152795,262.0251548772107,9.449583247504242,304.3557081179047,11.825922994309536,,,,,,
PO018072NUP001,2013,0.0452023917389052,0.0271520738465637,512563.9021,5011157.222,GWB ISS MPTLS,,,,,,,,,,,,,,,75.50661133892012,36.62696187779531,171.42237871723538,100.2230539561738,141.37506610720294,16.685335480872617,2.844837513227797,2.5796686240254956,6.881511859960794,13.527009595296555,16.58394531153585,22.415756235841698,112.13357321671543,2.7189946505555187,283.55595193395084,4.152750578239558,383.7790058901246,6.496315332503808,525.1540719973275,8.56728572555012,541.8394074782001,10.862612329465852,,,,,,
PO018072NUP001,2014,0.0226902518542066,0.0046399339618651,512563.9021,5011157.222,GWB ISS MPTLS,,,,,,,,,,,,,,,209.01102294424018,144.73298593126717,106.62370440900766,103.74908543996273,37.532139120713275,117.0564398927187,5.211056108834536,6.852889217162635,10.91697962521487,14.871266084529932,18.18079519460277,22.88442380190466,353.74400887550735,5.990231143295329,460.367713284515,7.687222287067614,564.1167987244777,9.483233236433193,601.648937845191,11.268825426520987,718.7053777379097,13.194062726308337,,,,,,
PO018072NUP001,2015,0.0035007257455469,-0.0145495921467945,512563.9021,5011157.222,GWB ISS MPTLS,,,,,,,3.15,,,3.85,,,,,37.91619358526157,104.33705821385601,42.16620309631782,47.1270156128364,36.232757521235115,57.33609830462359,4.297024821345271,4.785709446154778,9.886986456326017,14.161457359052413,19.276908391976185,23.3860898256015,142.25325179911758,4.528942948373512,184.4194548954354,6.374491267779374,231.5464705082718,8.321232790597634,267.7792280295069,10.570411225317734,325.1153263341305,12.694556849674159,,,,,,
PO018072NUP001,2016,0.0071165380135952,-0.0109337798787462,512563.9021,5011157.222,GWB ISS MPTLS,,,4.1,4.05,4.0,3.4,3.13,3.45,3.6,3.83,3.8,3.8,,3.85,18.21841146708421,84.86860735469543,40.05866576313837,12.425796365377478,84.8271201836087,93.714708551274,3.6305508542729097,6.655215473518686,9.349902749193248,14.957768467602515,17.25272231608214,22.035014634126995,103.08701882177964,5.065984910864125,143.145684584918,6.541556610733045,155.57148095029547,8.645609574950413,240.39860113390415,10.412632720480767,334.11330968517814,12.33899436362655,0.13416666666666632,,0.11999999999999966,-0.03200000000000003,0.06666666666666643,-0.39000000000000057
PO018072NUP001,2017,0.0101942708244594,-0.007856047067882,512563.9021,5011157.222,GWB ISS MPTLS,4.2,,,4.17,,3.8,3.7,3.7,3.45,3.68,3.7,3.7,4.2,3.815,3.600230496225115,51.97816699091894,31.544329339153407,58.154941184598286,59.952369951224114,34.46135991507998,1.107006696874039,5.869719147881941,12.268976624460025,15.188852192952435,19.540372235442312,25.154396815235447,55.57839748714406,3.367277012606603,87.12272682629747,6.433417990022781,145.27766801089575,8.622276540755195,205.23003796211987,10.863739895293609,239.69139787719985,13.232357064344741,0.09916666666666618,0.2250000000000001,,0.08800000000000008,,0.009999999999999343
PO018072NUP001,2018,0.0145289980656486,-0.0035213198266928,512563.9021,5011157.222,GWB ISS MPTLS,4.1,4.2,4.0,3.79,3.8,3.69,3.1,3.05,3.75,3.8,3.8,3.82,4.15,3.6900000000000004,36.06939837771664,35.35990035150703,108.37236316289035,114.53255588993288,160.40230265596531,24.891176709552603,5.353527432393059,3.732139639696008,7.215333364940086,15.667940284493081,18.858717586407213,23.4563072441601,71.42929872922366,4.584055259587679,179.801661892114,5.490384384764619,294.3342177820469,8.034773359696734,454.73652043801223,10.256907604915442,479.62769714756485,12.44465340147533,-0.025833333333333375,0.17500000000000027,0.020000000000000018,-0.2919999999999998,-0.13333333333333375,-0.10000000000000053
PO018072NUP001,2019,0.0140603399549171,-0.0039899779374243,512563.9021,5011157.222,GWB ISS MPTLS,3.8,4.3,4.32,4.45,,4.45,3.15,3.15,3.15,3.6,,3.6,4.05,3.8,13.134734280226649,35.052758737047306,4.655083855375438,65.46189087877508,131.03513475051284,0.93927838082261,2.048037256491885,6.154523164526845,11.007956811985618,13.420971136039846,15.397365026918635,24.86270827741629,48.18749301727395,3.996878026406781,52.84257687264939,6.411805163661714,118.30446775142447,8.164096656756247,249.3396025019373,9.649072282418723,250.2788808827599,12.170669408661414,0.08416666666666606,0.07499999999999973,0.3400000000000003,0.3680000000000003,,0.6599999999999997
PO018072NUP001,2020,0.0018864865575823,-0.0161638313347591,512563.9021,5011157.222,GWB ISS MPTLS,,,,,,3.4,2.9,2.9,,3.54,,3.55,,3.6,40.414055987216656,17.240809883104404,49.20579466951913,15.98053106315681,62.721019295551166,107.27727651186588,3.571542814917003,7.698203620671319,9.313982099334526,14.657361676161347,19.49795507224478,21.99934468941762,57.65486587032106,5.529958112563119,106.86066053984018,6.8333441524510485,122.84119160299699,8.789348533378623,185.56221089854816,10.987804180430617,292.83948741041405,12.812921391864927,-0.11583333333333368,,,,,-0.39000000000000057
PO018072NUP001,2021,0.0016233469878435,-0.0164269709044979,512563.9021,5011157.222,GWB ISS MPTLS,3.5,3.5,3.5,3.95,4.0,4.0,4.02,3.35,3.32,3.33,3.3,3.9,3.5,3.54,116.34019880790495,40.50131717733433,5.381036902326185,60.96487713602897,53.81630394902827,19.65805559181243,2.314968639626332,7.047328455423997,9.364629963947614,12.157645924757865,17.088080511145936,24.232899080545533,156.84151598523928,4.56083431492014,162.22255288756546,6.2154750384740485,223.18743002359443,7.701017760045003,277.0037339726227,9.62816309305248,296.66178956443514,12.048837566117628,-0.17583333333333373,-0.4750000000000001,-0.48,-0.13199999999999967,0.06666666666666643,0.20999999999999952
PO0180810U0111,2008,0.0470135372798152,0.0257366343604113,521130.0,5000547.0,GWB ISS MPTLS,,,,,,,,,,,,,,,108.55040264332727,26.0255872601207,11.103419103244573,95.96970155034298,90.10757165936893,67.65402151270972,4.084696085957236,6.912887576137198,11.022646082273331,13.731519356307983,19.06150865901986,22.88734348951739,134.57598990344798,5.426888657568066,145.67940900669254,7.354316214966545,241.6491105570355,8.948617000301905,331.75668221640444,11.024773565998968,399.4107037291142,12.990945376526883,,,,,,
PO0180810U0111,2009,0.0298927551102621,0.0086158521908582,521130.0,5000547.0,GWB ISS MPTLS,,,,,,,,,,,,,,,53.873192740664976,94.14380028060796,89.15045520813466,114.92133347275139,8.917226235540152,30.994768359766177,2.153802928161283,5.665294586503988,10.85704592176324,15.110759299087292,21.34623595923243,23.50454606886781,148.01699302127292,3.820273545679855,237.16744822940757,6.24405069744191,352.08878170215894,8.460727847853255,361.0060079376991,11.106097062772157,392.0007762974653,13.161088610743814,,,,,,
PO0180810U0111,2010,0.0321147492808353,0.0108378463614314,521130.0,5000547.0,GWB ISS MPTLS,,,,,,,,,,,,,,,63.2349486485683,129.84577295710812,64.3499574738439,54.224563956989925,160.9183009872273,53.56638198923153,1.4667436259586686,3.5533998168802747,8.095325499258582,13.04646329980379,16.444547946439187,21.245734394293887,193.08072160567642,2.457021140294346,257.4306790795203,4.399103752826472,311.6552430365102,6.560943639570801,472.57354402373755,8.590027967470935,526.1399260129691,10.68765886694435,,,,,,
PO0180810U0111,2011,0.0192177941191487,-0.0020591088002551,521130.0,5000547.0,GWB ISS MPTLS,,,,,,,,,,,,,,,35.584685260923436,49.79507196183798,102.93029802086758,11.772907585822585,37.87721732153753,87.65649058051383,,,9.406732274574338,16.52401234351809,20.152428458134175,21.849462350145814,85.37975722276141,,188.310055243629,,200.0829628294516,,237.96018015098912,,325.61667073150295,,,,,,,
PO0180810U0111,2012,0.0163530499145361,-0.0049238530048677,521130.0,5000547.0,GWB ISS MPTLS,,,,,,,,,,,,,,,26.322115275824736,21.10474140097568,31.665371700054813,104.42243730114852,68.71958485342643,36.92341348156554,2.2448110903736853,1.2975945201723595,12.085979449238987,12.840746958987328,18.26222898295745,23.762650468220215,47.42685667680041,1.7952845824815307,79.09222837685522,5.339857258809099,183.51466567800372,7.215079683853657,252.23425053143015,9.483037486980924,289.15766401299567,11.849824168954287,,,,,,
PO0180810U0111,2013,0.0653274669898987,0.0440505640704948,521130.0,5000547.0,GWB ISS MPTLS,,,,,,,,,,,,,,,77.2631313807471,37.72373526184787,169.1497132252745,96.83259975489476,138.11376956853292,15.571321236171023,2.8551719116088705,2.594325260217553,6.892777007135547,13.53512283919419,16.561330984358804,22.360711447325667,114.98686664259498,2.73138028044011,284.1365798678695,4.164750264079649,380.9691796227643,6.507343407858285,519.0829491912972,8.571407082504086,534.6542704274682,10.85692714297175,,,,,,
PO0180810U0111,2014,0.0223130387187653,0.0010361357993614,521130.0,5000547.0,GWB ISS MPTLS,,,,,3.2,,,,,3.11,,,,,205.5358927141695,142.6639360993992,108.11522468699766,104.64634825341082,33.08653112289544,107.27626922008027,5.206725091189014,6.856507497288124,10.926343058863612,14.8531971159993,18.136200244893747,22.855236170892738,348.19982881356873,5.989672673744524,456.31505350056636,7.69008136195221,560.9614017539772,9.48086030046398,594.0479328768726,11.257784395015788,701.3242020969528,13.180013971127988,,,,,-0.2124999999999999,
PO0180810U0111,2015,0.0129031256290394,-0.0083737772903644,521130.0,5000547.0,GWB ISS MPTLS,,,,,,,2.53,,,3.2,,,,3.11,36.9539058980289,100.47316263558609,41.24922077613702,46.197192206269236,32.60211562585889,54.93363415884881,4.29447921110539,4.789024037835664,9.924618115900945,14.179235582992595,19.246316085610893,23.358476627328105,137.427068533615,4.529178450909588,178.676289309752,6.387607668851055,224.87348151602123,8.33551464738644,257.47559714188014,10.575480505564968,312.40923130072895,12.694209144531234,0.03357142857142836,,,,,
PO0180810U0111,2016,0.0071546031826885,-0.0141222997367153,521130.0,5000547.0,GWB ISS MPTLS,5.25,,,,3.625,,,1.3,,3.13,2.7,,5.25,3.2,21.424188346499562,99.87836927126939,47.56547631849953,12.245146453857181,78.19898894430563,81.06247724117132,3.6630098792139614,6.672534686434336,9.377679048591324,14.965809840538588,17.23702808139343,22.017185859696916,121.30255761776895,5.091258940267698,168.8680339362685,6.567692533134724,181.11318039012568,8.66722185998569,259.3121693344313,10.426586051135624,340.37464657560264,12.347679942057384,0.12357142857142867,1.56,,,0.2124999999999999,
PO0180810U0111,2017,0.0090947391299152,-0.0121821637894886,521130.0,5000547.0,GWB ISS MPTLS,,2.8,,4.31,,,,2.0,,3.13,,,2.8,2.915,3.7421574196475222,51.36263047431062,30.381424348502136,55.592586330925066,61.766911126245375,34.233005123223776,1.1914820754342796,5.838161296830976,12.278509488282545,15.17026686760617,19.49150829592667,25.108852587306465,55.10478789395814,3.3966857737242373,85.48621224246028,6.4559806087387654,141.07879857338534,8.634552173455615,202.84570969963073,10.863463695287422,237.07871482285452,13.224577876285055,-0.16142857142857148,-0.8900000000000001,,0.20749999999999957,,
PO0180810U0111,2018,0.0153323817913419,-0.0059445211280619,521130.0,5000547.0,GWB ISS MPTLS,,4.1,,4.0,,2.53,,4.0,,3.04,,,4.1,3.13,34.90953669137677,35.25907185135316,106.82769518696901,100.85982136671596,150.4735996384681,26.68477447346011,5.47095468138588,3.7964964911455,7.240819280675906,15.560783805485622,18.643549877435397,23.1693278954156,70.16860854272994,4.6762965572040045,176.99630372969895,5.559632161955437,277.8561250964149,8.059920072837985,428.32972473488303,10.23271824464275,455.0144992083431,12.376907689522227,0.05357142857142838,0.4099999999999997,,-0.10250000000000004,,0.0
PO0180810U0111,2019,0.0185449665019765,-0.0027319364174273,521130.0,5000547.0,GWB ISS MPTLS,,4.0,,4.3,,,,5.72,,3.1,,,4.0,3.04,13.258898666392364,36.677026221861645,5.979714072798576,64.41248185935633,127.76537400151949,0.9922238402782237,1.814918973639958,5.876109198300544,10.798632873592982,13.200539830086784,15.14225087661302,24.502626086232386,49.93592488825401,3.742263487038202,55.91563896105258,6.172790720184849,120.32812082040891,7.929727997660333,248.0934948219284,9.410444615193665,249.08571866220663,11.911911157354778,-0.03642857142857148,0.31000000000000005,,0.1974999999999998,,
PO0180810U0111,2020,0.0003476463708455,-0.0209292565485583,521130.0,5000547.0,GWB ISS MPTLS,,,,,,,,2.1,,3.04,,,,3.1,44.03077463613325,15.719718983003144,48.73311905780383,16.93458488377541,49.16307444696072,102.679975052724,3.43211398419309,7.537256963479782,9.112701626783975,14.4408899792159,19.179875682311277,21.697405775234913,59.75049361913639,5.380317431990163,108.48361267694023,6.6659164324191424,125.41819756071564,8.609659819118331,174.58127200767638,10.779704135402977,277.26124706040036,12.589267943109927,0.023571428571428577,,,,,
PO0180810U0111,2021,0.0022667868525849,-0.0190101160668189,521130.0,5000547.0,GWB ISS MPTLS,,2.3,,3.8,,,,3.1,2.8,,,,2.3,3.04,118.78103572602404,34.560133678008796,7.412761410465609,58.77709943695819,50.89884947524075,20.688642252239354,2.2466744181559974,7.052247118108113,9.329458203108397,12.037328582692334,16.95681973539397,24.152351082246813,153.34116940403283,4.527285191014629,160.75393081449843,6.181367006291372,219.53103025145663,7.645357400391612,270.4298797266974,9.556982118173552,291.1185219789367,11.976104045920502,-0.03642857142857148,-1.3900000000000001,,-0.3025000000000002,,
PO0180880U0001,2008,0.1380691091325066,0.073560073660918,479549.0,4993807.0,GWB ISS MPP,4.6,4.8,4.95,5.15,4.79,2.14,1.65,1.79,2.65,3.35,3.8,3.76,4.699999999999999,,113.5498027153772,28.868808873799516,5.202863890887199,105.88777968280911,81.22351856274572,83.02957686008243,3.479599331966146,5.170322683695375,9.54587329979956,12.290818185572022,17.864773440353858,21.444012756839022,142.41861158917672,4.281976515837644,147.6214754800639,6.095096519202304,253.50925516287302,7.644026935794733,334.73277372561876,9.742325887061838,417.7623505857012,11.681831998074632,,0.19785714285714207,0.10384615384615437,0.2590909090909088,0.04461538461538517,-1.2630769230769232
PO0180880U0001,2009,0.1429845509254242,0.0784755154538356,479549.0,4993807.0,GWB ISS MPP,4.19,4.25,4.42,4.57,4.25,2.54,1.68,1.85,2.4,3.17,3.61,4.16,4.220000000000001,3.575,66.79939247886597,67.99232558965882,78.67060303903126,123.56747455117429,4.417052562978668,15.285442218912209,-0.6639091162078128,3.7464455926248124,9.320962971519831,13.877153770094855,20.086731717466897,22.21763468454034,134.7917180685248,1.4291405761195346,213.46232110755608,4.147434956757414,337.02979565873034,6.579864660091775,341.446848221709,9.352797632135674,356.7322904406212,11.485091066235896,0.12038461538461576,-0.2821428571428566,-0.4261538461538459,-0.32090909090909125,-0.49538461538461487,-0.8630769230769233
PO0180880U0001,2010,0.0967323061582162,0.0322232706866276,479549.0,4993807.0,GWB ISS MPP,4.35,4.66,4.64,4.76,4.35,2.53,1.8,1.8,2.51,3.05,3.31,3.55,4.505,3.3899999999999997,59.460815383543334,120.90255923804604,68.72885130417387,54.54275981757871,112.5140975530602,59.40103836021569,0.3985046510879029,2.7357832129769166,7.561240896132953,13.0878618575542,16.797168707445344,21.402591337602697,180.36337462158937,1.5077215957131977,249.09222592576324,3.5928226880800027,303.634985743342,5.966582480448552,416.1490832964022,8.190080315130013,475.5501216566179,10.37999926913101,-0.06461538461538474,0.0028571428571426694,-0.20615384615384613,-0.13090909090909175,-0.3953846153846152,-0.8730769230769235
PO0180880U0001,2011,0.0661896000065746,0.001680564534986,479549.0,4993807.0,GWB ISS MPP,3.94,4.3,4.48,4.53,4.45,2.5,1.7,1.57,2.6,3.47,3.7,3.95,4.12,3.1799999999999997,30.476963030702755,63.23279596390497,106.26754945941279,3.8439526598250495,9.642889852920945,98.05517749679964,,,8.897919049824008,15.788162333626941,19.37812985418909,21.312776410293512,93.70975899460772,,199.97730845402052,,203.82126111384557,,213.4641509667665,,311.5193284635661,,-0.2746153846153847,-0.3821428571428571,-0.3661538461538454,-0.3609090909090913,-0.2953846153846147,-0.9030769230769233
PO0180880U0001,2012,0.0787604697862389,0.0142514343146503,479549.0,4993807.0,GWB ISS MPP,4.5,4.85,5.02,5.24,4.85,4.23,2.6,1.85,2.15,3.35,3.85,4.1,4.675,3.585,38.95188207282191,12.181650955483988,38.44275115902433,99.49092917030852,65.13729804744544,29.975886077207733,1.2892247024077237,-0.5305765870324523,11.237462523653804,12.444416660817998,17.81475465271076,22.978181798157763,51.1335330283059,0.4255901921649283,89.57628418733023,4.149679550788874,189.06721335763876,6.223363828296155,254.2045114050842,8.60305333529518,284.18039748229194,10.985671312565222,0.13038461538461554,0.1728571428571426,0.17384615384615376,0.3490909090909087,0.10461538461538478,0.8269230769230771
PO0180880U0001,2013,0.1404637907604857,0.0759547552888971,479549.0,4993807.0,GWB ISS MPP,4.24,4.6,4.8,4.73,4.68,4.0,2.78,1.97,2.47,4.1,3.47,4.0,4.42,3.6,58.17488012382524,33.82954077505212,146.240375345004,101.09536799643077,140.57966160171455,6.879124437750381,2.317746782826272,1.8285474632093501,6.276928725109665,13.00821447440137,16.03187644323813,21.539359871730433,92.00442089887736,2.085584393855529,238.24479624388135,3.529269663509731,339.3401642403121,5.899005866232641,479.9198258420266,7.97926406416092,486.798950279777,10.22679375602327,0.14538461538461567,-0.0821428571428573,-0.04615384615384599,-0.1609090909090911,-0.06538461538461515,0.5969230769230767
PO0180880U0001,2014,0.0759025067190349,0.0113934712474463,479549.0,4993807.0,GWB ISS MPP,4.31,4.06,3.9,4.09,4.35,3.23,2.0,1.74,2.15,2.77,3.53,3.56,4.185,3.785,173.13540328822162,153.56539600231162,72.20036844811716,81.30643187738033,25.9613939360337,62.2824191116063,4.320560109111656,5.98511383563298,10.074389193037504,14.247749396826157,17.318268576091924,22.010602665201745,326.70079929053327,5.11051780983364,398.90116773865043,6.820295730714971,480.20759961603073,8.677159147242769,506.1689935520644,10.451161745218423,568.4514126636707,12.367091179469803,0.3303846153846157,-0.3171428571428576,-0.9461538461538459,-0.8009090909090917,-0.3953846153846152,-0.17307692307692335
PO0180880U0001,2015,0.0355028172931453,-0.0290062181784432,479549.0,4993807.0,GWB ISS MPP,4.24,4.51,4.71,4.96,4.81,2.8,2.25,1.86,2.61,3.34,4.0,4.47,4.375,3.15,46.86004118133783,71.39477784853545,50.81895991238221,30.743421392648063,29.297417729108624,36.33215346804423,2.9299015360510605,3.779217732139351,9.227097259752265,13.735367887991284,18.746682758014053,22.538782900453416,118.25481902987329,3.3329668494488933,169.0737789422555,5.363167324108943,199.81720033490356,7.456217465079529,229.11461806401218,9.774127558330989,265.4467715320564,11.889816289069513,-0.3046153846153845,-0.12714285714285722,-0.13615384615384585,0.06909090909090843,0.06461538461538474,-0.6030769230769235
PO0180880U0001,2016,0.0328958787479119,-0.0316131567236766,479549.0,4993807.0,GWB ISS MPP,4.87,5.08,5.23,5.32,4.89,3.79,2.0,1.72,2.6,3.06,3.82,3.97,4.975,3.67,25.333757901396197,117.53802310596492,53.25501994596697,10.111836910734587,83.22296411281596,56.78170939297951,2.9141807475738495,6.080768841088423,8.67857371969775,14.5695645279383,16.862860904030452,21.42695112405489,142.8717810073611,4.416968317377376,196.1268009533281,5.88485462262106,206.23863786406267,8.05603209895037,289.4616019768786,9.86405655562244,346.24331136985813,11.780558417793564,0.2153846153846155,0.4728571428571424,0.3838461538461546,0.42909090909090875,0.1446153846153848,0.3869230769230767
PO0180880U0001,2017,0.0386766450047062,-0.0258323904668823,479549.0,4993807.0,GWB ISS MPP,4.62,4.96,5.14,5.33,5.17,4.35,2.76,1.99,2.62,3.2,4.05,4.42,4.79,3.44,2.2039616629864094,55.84971753810132,38.81168675720327,39.743654108838136,73.55226800889632,115.34616923350889,0.6326671468282911,5.319264149795009,11.155822897462862,14.209070090145884,18.26694176244881,23.57554935707997,58.053679201087725,2.856814877049784,96.865365958291,5.715362084080955,136.60902006712914,7.838789085597187,210.16128807602547,9.9796681119707,325.50745730953435,12.233129091823065,-0.014615384615384475,0.2878571428571428,0.29384615384615387,0.43909090909090853,0.42461538461538506,0.9469230769230763
PO0180880U0001,2018,0.0202563056764832,-0.0442527297951053,479549.0,4993807.0,GWB ISS MPP,4.86,5.03,5.19,5.12,4.84,4.13,2.09,1.82,2.66,,3.52,3.88,4.945,3.625,38.84665114999557,37.98813091108896,111.16045502334188,72.63357002891112,91.30068613367192,23.97567545755504,4.11686104041838,3.001213027899884,6.632111592257058,15.264825328517425,18.517142782136588,22.61753362009544,76.83478206108452,3.5874009666807884,187.9952370844264,4.636134626601503,260.62880711333753,7.293307302080484,351.9294932470094,9.597538427125116,375.90516870456446,11.75554868010362,0.17038461538461558,0.44285714285714306,0.3438461538461546,0.22909090909090857,0.09461538461538499,0.7269230769230766
PO0180880U0001,2019,0.0150202568865661,-0.0494887785850224,479549.0,4993807.0,GWB ISS MPP,4.5,4.8,5.77,,5.22,4.5,3.38,1.83,2.38,3.23,3.43,3.9,4.65,3.52,15.95991374892346,36.59543701484287,5.788728373882331,64.27059473575217,80.18466914868272,2.7055862840793035,0.6358335053260686,4.389584200011164,9.947171946898354,13.027449720748393,15.456434328117005,24.35481603234229,52.555350763766334,2.4172745129732327,58.34407913764866,5.0109058513252185,122.61467387340083,7.015041818681012,202.79934302208355,8.748042929889726,205.50492930616286,11.334800902671917,0.0653846153846156,0.14785714285714313,0.9238461538461538,,0.4746153846153849,1.0969230769230767
PO0180880U0001,2020,0.0147566394418006,-0.0497523960297879,479549.0,4993807.0,GWB ISS MPP,4.27,,,,,3.5,2.07,1.71,2.62,3.06,,4.1,4.27,3.33,22.450423212873133,18.49186972199228,57.95436549481777,37.36620351105503,96.33075134545992,60.05259111964297,2.4288162663876114,6.264474504729315,8.53261330506109,13.86885871269041,18.973297495833947,21.475445711783674,40.942292934865414,4.249128650685369,98.89665842968319,5.724551142748118,136.26286194073822,7.760628035233691,232.59361328619815,10.06256679866818,292.6462044058411,11.95420418758235,-0.12461538461538435,-0.23214285714285765,,,,0.09692307692307667
PO0180880U0001,2021,0.0069156200631458,-0.0575934154084427,479549.0,4993807.0,GWB ISS MPP,4.2,,4.75,,5.04,,,1.64,,3.01,,,4.2,3.06,82.27252709058271,34.3644056337563,1.1159186372720948,53.28000787371572,40.8539266244041,7.822052922062958,1.8576079958780949,6.3202835337755445,8.48676809302045,11.826365329425826,16.55796080585066,23.66046716317361,116.636932724339,3.97548791216841,117.75285136161109,5.529373307795224,171.0328592353268,7.103621313202875,211.8867858597309,9.044578427587519,219.70883878179387,11.467101422436043,-0.39461538461538437,-0.30214285714285705,-0.09615384615384581,,0.29461538461538517,
PO0180930U0006,2008,0.0442546898474795,0.0251505153210378,535374.0,5001676.0,GWB ISS MPTLS,,,,,,,,,,,,,,,112.39469431013956,27.246517251004693,11.748056426948702,101.45859545864866,88.90418616318472,74.2440973842192,3.974288500776969,6.399472609955095,10.577489139049348,13.339545696785683,18.895488673772277,22.73235613147765,139.64121156114425,5.125223332251334,151.38926798809294,7.0032259990373165,252.8478634467416,8.587305923474409,341.7520496099263,10.703555362277282,415.99614699414553,12.697279246675134,,,,,,
PO0180930U0006,2009,0.0221943861821668,0.0030902116557251,535374.0,5001676.0,GWB ISS MPTLS,,,,,,,,,,,,,,,57.76586472561925,95.89252587462492,95.77358059607423,128.9029162572806,7.652792138336163,38.98905613857246,1.1385471449478948,5.196750128035353,10.469977898317463,14.868442863727783,21.157655344200514,23.23459330372662,153.65839060024416,3.0644739843792306,249.4319711963184,5.615258665846844,378.334887453599,7.9285547153170794,385.98767959193515,10.644462791445466,424.9767357305076,12.731224754806984,,,,,,
PO0180930U0006,2010,0.0289397312745266,0.0098355567480849,535374.0,5001676.0,GWB ISS MPTLS,,,,,,,,,,,,,,,66.37499392731925,140.77299372989467,70.56782241740503,56.965893438345944,165.77076326503013,57.330024627427605,1.2928345550718205,3.5577178578535205,8.097023489189024,13.11951155021802,16.627894458423988,21.55878754135147,207.14798765721392,2.36769442757839,277.71581007461896,4.341129993244276,334.6817035129649,6.535725382487711,500.452466777995,8.60762764311039,557.7824914054227,10.754228731216646,,,,,,
PO0180930U0006,2011,0.0175179777091378,-0.0015861968173038,535374.0,5001676.0,GWB ISS MPTLS,,,,,,,,,,,,,,,30.895836891962148,49.9730111106507,102.2101636289792,11.355406047323832,44.71503888207378,84.24868685278012,,,9.323484036145825,16.403618033599944,20.025743474999718,21.761653785217142,80.86884800261285,,183.07901163159204,,194.43441767891588,,239.14945656098965,,323.3981434137698,,,,,,,
PO0180930U0006,2012,0.0140163302774938,-0.0050878442489478,535374.0,5001676.0,GWB ISS MPTLS,,,,,,,,,,,,,,,26.324390000573167,20.546567822423782,29.811712527469822,114.07684796289918,76.54679236148253,39.05899130630772,2.0037155166122123,0.9781618525982425,11.817203369179207,12.727767522138508,18.2173894589304,23.690387351805043,46.87095782299695,1.5170120828428706,76.68267035046676,5.064855748136498,190.75951831336596,6.980583691637,267.3063106748485,9.287477590882666,306.3653019811562,11.674700203190243,,,,,,
PO0180930U0006,2013,0.0540172560992566,0.0349130815728149,535374.0,5001676.0,GWB ISS MPTLS,,,,,,,,9.5,,,,,,,76.87721723758608,37.48039136097673,174.6341545492394,107.02055767604368,148.15554573120602,17.3520787005058,2.7447312953550793,2.4778741957661747,6.78888145433178,13.43143684067514,16.474956184567322,22.342422264292424,114.35760859856282,2.6180872480925483,288.9917631478022,4.054694141352728,396.01232082384587,6.398879816183331,544.1678665550519,8.467478275917793,561.5199452555577,10.767192749129059,,,,,,
PO0180930U0006,2014,0.0208092529315983,0.0017050784051566,535374.0,5001676.0,GWB ISS MPTLS,,,,,,,,,,,,,,,207.49982441230281,145.72482725116095,99.43905073183545,99.18130597470928,39.87776280884238,134.94800380605176,5.1646912071552675,6.805451871228806,10.882962048342877,14.827870660807706,18.118313523779534,22.770582231111717,353.22465166346376,5.943357285020675,452.6637023952992,7.644776703498322,551.8450083700085,9.440550192825668,591.7227711788508,11.222077764081098,726.6707749849027,13.13619452657236,,,,,,
PO0180930U0006,2015,0.0138417683743561,-0.0052624061520855,535374.0,5001676.0,GWB ISS MPTLS,,,,,,,,,,,,,,,41.26786140954517,105.52402885125423,42.03903217628179,43.37400391319217,39.14878813515872,57.9232401894656,4.060045091656011,4.566889467529974,9.79307298393153,14.07402110175688,19.29661304695099,23.442436884650835,146.7918902607994,4.300581405630095,188.8309224370812,6.192439615933923,232.20492635027335,8.162834987389662,271.3537144854321,10.448577502928742,329.2769546748977,12.602255853490417,,,,,,
PO0180930U0006,2016,0.0105426046348282,-0.0085615698916134,535374.0,5001676.0,GWB ISS MPTLS,,,,,,,,,,,,,,,14.31590842877262,66.98649395066826,33.269749082038985,12.056732489201517,94.97681943293672,110.54550870935381,3.4810590028401114,6.570480479071893,9.255171068328558,14.898007058344625,17.25717865707812,22.045440440123613,81.30240237944088,4.9472251271535,114.57215146147986,6.431073173558242,126.62888395068138,8.547806644754838,221.6057033836181,10.335823415496703,332.15121209297195,12.276643916816079,,,,,,
PO0180930U0006,2017,0.0078430000443909,-0.0112611744820507,535374.0,5001676.0,GWB ISS MPTLS,,,,,,,,,,,,,,,3.4331807816059134,54.103028222629135,32.460656305588216,60.2660113084999,60.59582334680279,34.23462171032905,0.9835994638003671,5.747024747544488,12.02758640519709,15.001746139616209,19.362469218733484,24.94795712531491,57.53620900423505,3.2442080730348652,89.99686530982326,6.269593943001853,150.26287661832316,8.452631992155442,210.85869996512594,10.692399899598616,245.093321675455,13.055199439772586,,,,,,
PO0180930U0006,2018,0.0105621683437001,-0.0085420061827415,535374.0,5001676.0,GWB ISS MPTLS,,,,,,,,,,,,,,,37.60692258021073,35.543209057609616,111.74163220253378,101.44809582399063,144.78250530381845,28.459576942829074,5.270430893914627,3.684454466637872,7.174615385088606,15.396735940852668,18.727988472385533,23.19532197444934,73.15013163782035,4.517764114868031,184.89176384035414,5.432901774610674,286.3398596643448,7.923860316171172,431.1223649681632,10.141926361486703,459.58194191099227,12.305472595679404,,,,,,
PO0180930U0006,2019,0.0216765337882402,0.0025723592617985,535374.0,5001676.0,GWB ISS MPTLS,,,,,,,,,,,,,,,13.800551343883496,36.33973168446636,6.460807552459506,66.66892378362783,128.87057318252397,1.3049430388623202,1.4904087212495698,5.55627420944665,10.481786622383993,13.240863708742147,15.311600414790297,24.63433163434984,50.140283028349856,3.4199720037837777,56.60109058080936,5.852374816857186,123.2700143644372,7.699497039828426,252.14058754696117,9.26224673932391,253.4455305858235,11.810106114190086,,,,,,
PO0180930U0006,2020,0.000294109825855,-0.0188100647005866,535374.0,5001676.0,GWB ISS MPTLS,,,,,,,,,,,,,,,44.11213570950245,14.250787375865634,52.34463201133629,19.00371320135761,53.113383369802904,107.42797436861439,3.2373303268845928,7.489883360499208,9.085969634596182,14.649876829038197,19.600240498623492,22.11107831926509,58.36292308536809,5.255491088600003,110.70755509670437,6.574878143332021,129.71126829806198,8.593627814758566,182.82465166786488,10.853263531313617,290.2526260364793,12.719199684012757,,,,,,
PO0180930U0006,2021,0.0009486340371534,-0.0181555404892882,535374.0,5001676.0,GWB ISS MPTLS,,,,,,,,,,,,,,,122.81429528454115,37.34306241743114,7.8891582124609485,61.13022091188932,52.7843011555954,18.045771234089884,2.3221785024777497,7.206623503189179,9.236560850062135,12.253246054506121,17.38110345373159,24.680652323677542,160.15735770197227,4.640220197730631,168.04651591443323,6.223404200200371,229.17673682632255,7.730864663776809,281.96103798191797,9.712039514694677,300.00680921600787,12.193025063144876,,,,,,
PO0181100U0111,2008,0.0492181720467266,0.031273628821473,511138.0,5006846.0,GWB ISS MPTLS,,,,,,,,,,,,,,,105.93143252984301,25.87003026330675,10.955363706174953,96.8090412227672,93.04112754589177,65.38932911752703,4.127904840058828,7.37842218445863,11.434026822575907,14.11524313505866,19.29583355709245,23.13277074500931,131.80146279314977,5.670523240790938,142.75682649932472,7.6557300300724265,239.56586772209192,9.270608306318985,332.6069952679837,11.328767132636717,397.9963243855107,13.285231819770296,,,,,,
PO0181100U0111,2009,0.0385020246895255,0.0205574814642719,511138.0,5006846.0,GWB ISS MPTLS,,,,,,,,,,,,,,,53.75144785814481,95.87203932588987,89.45044328674578,95.21309773376997,10.239693799612967,28.736312859423105,2.8298173593727323,6.164544493881088,11.283304766111467,15.444604888839368,21.655371691738896,23.840338376828257,149.62348718403467,4.412399728291952,239.07393047078045,6.77904479687423,334.28702820455044,8.945434819865515,344.5267220041634,11.554759608130912,373.2630348635865,13.591043381948152,,,,,,
PO0181100U0111,2010,0.0172953840048879,-0.0006491592203656,511138.0,5006846.0,GWB ISS MPTLS,,,,,,,,,,,,,,,61.43787222789408,124.71276849687638,62.83820485050188,52.395532896416604,158.14282889286247,53.130342660995524,1.7099555628161018,3.609233087921961,8.105840769740627,12.94269584015172,16.249602704797027,20.928239439880947,186.15064072477045,2.6113076086290516,248.98884557527234,4.503869030789705,301.38437847168893,6.613575733130208,459.5272073645514,8.591832925988959,512.6575500255469,10.636541187960006,,,,,,
PO0181100U0111,2011,0.0081855329981936,-0.0097590102270599,511138.0,5006846.0,GWB ISS MPTLS,,,,,,,,,,,,,,,35.648293061348724,48.21611103629049,105.70801559227834,12.99529399498736,39.93341378694563,87.70885510677337,,,9.452785592009352,16.590615042586506,20.22251118724262,21.898038461670932,83.86440409763921,,189.57241968991755,,202.5677136849049,,242.50112747185054,,330.2099825786239,,,,,,,
PO0181100U0111,2012,0.0151373802771032,-0.0028071629481503,511138.0,5006846.0,GWB ISS MPTLS,,,,,,,,,,,,,,,25.368987193071113,21.937127314823073,32.61368735994881,99.09142785075656,64.66050725283972,37.36304951130406,2.3946024159778716,1.4967647864572484,12.222556986443534,12.912336166408624,18.328882774649696,23.858391383671975,47.306114507894186,1.9685099816291012,79.919801867843,5.500459505509628,179.01122971859957,7.353428670734377,243.6717369714393,9.606667592730236,281.03478648274336,11.968831756974723,,,,,,
PO0181100U0111,2013,0.045679147245519,0.0277346040202654,511138.0,5006846.0,GWB ISS MPTLS,,,,,,,,,,,,,,,77.27293459900376,37.58820447734404,166.16162417686945,88.65280959083293,129.76339015970328,14.742834383134891,2.925672163615007,2.662634435928268,6.956625077325674,13.603858948415363,16.665682924779734,22.463380019468488,114.8611390763478,2.8008406996280804,281.02276325321725,4.232277540835029,369.6755728440502,6.575172892730112,499.43896300375343,8.646734554938975,514.1817973868883,10.93678628939138,,,,,,
PO0181100U0111,2014,0.0239698128237419,0.0060252695984883,511138.0,5006846.0,GWB ISS MPTLS,,,,,,,,,,,,,,,205.7512738616314,141.16354501297985,114.76708195287542,108.85945858265835,29.678049217400165,94.93745347177307,5.246807244792422,6.890957571363623,10.945531809558094,14.902132718057395,18.22179796192852,22.96876998760574,346.9148188746112,6.027081976046552,461.68190082748663,7.721214696478306,570.541359410145,9.516444201873078,600.2194086275451,11.30363603340764,695.1568620993182,13.237083650125557,,,,,,
PO0181100U0111,2015,0.0061716064255951,-0.0117729367996584,511138.0,5006846.0,GWB ISS MPTLS,,,,,,,,,,,,,,,33.76753081420689,98.24400517823462,41.07222005734185,49.137965357611854,28.95714303831913,53.67751365185663,4.4833826730208495,4.958835539656726,9.96799269525445,14.233681461898497,19.25570987004983,23.336554860198593,132.0115359924415,4.7090213215938075,173.08375604978335,6.520444794743583,222.2217214073952,8.448753961532312,251.17886444571434,10.667400538777631,304.856378097571,12.767260371057347,,,,,,
PO0181100U0111,2016,0.0068138100981817,-0.0111307331270718,511138.0,5006846.0,GWB ISS MPTLS,,,5.3,5.3,4.4,3.7,3.3,2.65,4.3,4.78,5.0,4.98,,,25.785756001408135,119.96405567655086,55.75596728156278,12.506463599760055,67.38944834432272,62.618516226734954,3.7544160975680474,6.725224984350637,9.42972942781049,15.006371707352136,17.246303421063306,22.023494368252734,145.749811677959,5.164291501464869,201.5057789595218,6.633497898317249,214.01224255928184,8.726716350575972,281.40169090360456,10.475770649815093,344.0202071303395,12.389758006462216,,,0.020000000000000462,-0.09600000000000009,-0.5499999999999998,-0.7149999999999999
PO0181100U0111,2017,0.0105137002012992,-0.0074308430239543,511138.0,5006846.0,GWB ISS MPTLS,5.3,5.3,5.3,5.53,,4.1,4.0,4.0,4.25,4.79,4.5,4.5,5.3,4.890000000000001,3.9303265270274643,49.34084993942994,29.229156521782198,52.97443549851861,61.77982581566385,34.3568779133923,1.2199377323894427,5.928257337625182,12.46104780294163,15.332921247822263,19.67158006965045,25.30871688900415,53.271176466457405,3.4543944941962343,82.5003329882396,6.55668618943076,135.47476848675822,8.750744954028637,197.25459430242208,10.992770706242386,231.6114722158144,13.36557946581616,0.22366666666666735,0.1324999999999994,0.020000000000000462,0.13400000000000034,,-0.3150000000000004
PO0181100U0111,2018,0.0136237944489456,-0.0043207487763079,511138.0,5006846.0,GWB ISS MPTLS,5.45,5.45,5.4,5.13,5.15,3.98,3.35,3.3,4.7,4.73,4.74,4.75,5.45,4.645,33.223379674558515,35.0697444103366,103.44421276474772,112.90549467582822,167.48134742480468,22.604184294384037,5.4407791737123805,3.7816484824990826,7.25215289453954,15.702750764554152,18.77412791711266,23.41300973715036,68.29312408489511,4.653395116865393,171.73733684964282,5.548522795842043,284.642831525471,8.087079788020072,452.1241789502757,10.281109536376828,474.7283632446597,12.457667580703934,-0.02133333333333365,0.28249999999999975,0.120000000000001,-0.266,0.20000000000000018,-0.43500000000000005
PO0181100U0111,2019,0.0135052829999004,-0.0044392602253531,511138.0,5006846.0,GWB ISS MPTLS,4.74,5.7,5.7,5.72,,5.72,3.3,3.32,3.31,4.59,,4.5,5.220000000000001,4.736666666666667,12.410987570798305,35.60708925140235,4.086221140500735,62.35144806362523,129.3437948575419,0.520287080572134,2.0966223756432467,6.199294347824718,11.05644014262277,13.348386131639952,15.283139459854326,24.77587871687168,48.018076822200655,4.043653142102251,52.10429796270139,6.459168664503762,114.45574602632661,8.18147303128781,243.7995408838685,9.639431039801465,244.31982796444063,12.148234522188794,0.07033333333333402,0.05250000000000021,0.4200000000000008,0.32399999999999984,,1.3049999999999997
PO0181100U0111,2020,0.0011792183792888,-0.0167653248459647,511138.0,5006846.0,GWB ISS MPTLS,,,,,,3.7,3.5,3.6,,4.47,,4.5,,4.59,40.52450088876194,19.131430716865378,44.30093852704277,13.245019554201813,56.56171650467666,100.58676846474779,3.5969220669442143,7.67548191914548,9.249430125999169,14.527400940543231,19.296696224015253,21.795618223399234,59.655931605627316,5.532509793412611,103.95687013267008,6.812782352414648,117.2018896868719,8.741436999446794,173.76360619154855,10.908410747537008,274.35037465629637,12.712920273923011,-0.07633333333333336,,,,,-0.7149999999999999
PO0181100U0111,2021,0.001428738514641,-0.0165158047106125,511138.0,5006846.0,GWB ISS MPTLS,4.7,4.7,4.7,5.3,5.3,5.29,5.3,5.28,4.4,4.4,4.4,5.2,4.7,4.47,112.59511750704527,35.802205880474006,6.015855188862713,58.30930267643265,51.121952839930444,24.508774750756164,2.358065243910003,7.147856935540538,9.487014679087743,12.196590973914804,17.13282673390171,24.32171032239265,148.3973233875193,4.6311867246838165,154.413178576382,6.30374968675628,212.72248125281465,7.7769600085459105,263.8444340927451,9.697700859446769,288.35320884350125,12.121569831205754,-0.19633333333333347,-0.46750000000000025,-0.5799999999999992,-0.09600000000000009,0.34999999999999964,0.875
PO0181140U0002,2008,0.048212958003771,0.0321997178272743,534746.0,4995245.0,GWB ISS BPPO,4.3,4.31,4.4,4.5,4.56,4.5,4.05,3.77,3.9,4.06,,3.705,4.305,,111.35298302967075,26.829719525007185,11.536371483522213,99.389229087113,87.42924361404293,72.17553684176143,4.032170207759822,6.523880820818379,10.684373745646727,13.430928948548862,18.9250674496717,22.756578708103348,138.18270255467795,5.214676939380832,149.71907403820015,7.098683617094641,249.10830312531314,8.681744949958196,336.53754673935606,10.784678708177525,408.7130835811175,12.76897152584479,,0.8230769230769228,0.9041666666666668,0.9545454545454546,0.815,0.9272727272727277
PO0181140U0002,2009,0.0144540463900886,-0.001559193786408,534746.0,4995245.0,GWB ISS BPPO,3.0,2.58,2.85,2.84,2.66,2.16,3.1,3.22,3.41,3.67,3.48,3.5,2.79,4.06,53.73824293419952,95.04755097010874,88.65314584127124,126.40863150218718,7.936818023593581,36.41759546718072,1.3168812144651385,5.300828285225491,10.554200335973464,14.912652919959378,21.093355467467134,23.150683818075827,148.78579390430826,3.2075679599107296,237.4389397455795,5.738074667221228,363.84757124776667,8.031719230405765,371.7843892713602,10.713247199603794,408.20198473854094,12.774700782775955,0.1964102564102559,-0.6919230769230769,-0.6458333333333335,-0.7054545454545456,-1.0849999999999995,-1.4127272727272722
PO0181140U0002,2010,0.018794869989991,0.0027816298134943,534746.0,4995245.0,GWB ISS BPPO,3.26,3.22,3.21,3.4,3.3,3.48,2.4,3.35,3.6,3.8,3.0,2.65,3.24,3.575,65.4806295736216,137.51818543849254,68.5366469363653,56.2181606292594,164.38845124779624,56.03967568974936,1.324104605366073,3.5490767971943544,8.095079723557806,13.106581549155267,16.587114590052277,21.487205639927677,202.99881501211414,2.3800236116574607,271.53546194847945,4.3485429390898025,327.75362257773884,6.538052591606169,492.1420738255351,8.601105054863316,548.1817495152844,10.73692283139332,-0.28858974358974354,-0.24192307692307669,-0.2858333333333336,-0.1454545454545455,-0.44499999999999984,-0.09272727272727233
PO0181140U0002,2011,0.0136871403796473,-0.0023260997968493,534746.0,4995245.0,GWB ISS BPPO,2.4,,2.95,3.05,3.3,3.4,3.35,3.2,3.6,3.95,3.73,3.75,2.4,3.4,34.940761291656216,50.41529165518971,96.99297486918839,11.03630122555922,41.363698774440785,85.43247831176178,,,9.300585047990511,16.370501322317818,19.990896396154398,21.73750039379177,85.35605294684592,,182.34902781603432,,193.38532904159354,,234.74902781603433,,320.1815061277961,,-0.4635897435897438,-1.081923076923077,-0.5458333333333334,-0.4954545454545456,-0.44499999999999984,-0.1727272727272724
PO0181140U0002,2012,0.0145492138330228,-0.0014640263434738,534746.0,4995245.0,GWB ISS BPPO,4.1,4.05,4.05,4.3,4.34,4.4,4.4,4.15,4.05,3.8,4.1,,4.074999999999999,3.84,25.918402153378786,19.815017586527446,30.80002342715146,110.22265800485204,73.38884669884818,37.30559660341187,2.0828510624706453,1.0670653180386902,11.895949692897524,12.759066035903153,18.22495037200695,23.704056876414548,45.73341973990623,1.6007832515537854,76.5334431670577,5.146896136905517,186.75610117190973,7.049938611654926,260.1449478707579,9.344146324045077,297.45054447416976,11.724241995708526,-0.02358974358974386,0.5930769230769224,0.5541666666666663,0.7545454545454544,0.5950000000000002,0.827272727272728
PO0181140U0002,2013,0.0432805183468883,0.0272672781703916,534746.0,4995245.0,GWB ISS BPPO,4.0,3.8,3.72,3.3,3.25,2.8,3.15,2.96,3.5,3.45,3.64,3.73,3.9,3.9499999999999997,76.10482867047307,37.4601380415822,171.4145627418386,105.95605921791667,147.87446137129547,16.23815366429808,2.7752604157925465,2.510830997182758,6.8179158096110415,13.459774939357974,16.492577096971388,22.335911618279066,113.56496671205527,2.649768488316715,284.97952945389386,4.085463676762538,390.93558867181054,6.429041492411398,538.810050043106,8.495065358248217,555.0482037074041,10.78912827427543,0.08641025641025601,0.418076923076923,0.22416666666666663,-0.2454545454545456,-0.49499999999999966,-0.7727272727272725
PO0181140U0002,2014,0.020812680221943,0.0047994400454463,534746.0,4995245.0,GWB ISS BPPO,2.0,,2.2,2.59,,3.26,3.14,3.2,4.74,3.48,3.86,2.6,2.0,3.545,203.9619346870503,143.88521857238143,99.8526322321438,99.39545593411222,35.95539672784903,127.7773114373523,5.174626460671311,6.8193289520726905,10.89603478799226,14.830706425010288,18.113828869833185,22.78642068985892,347.8471532594317,5.955163236251626,447.69978549157554,7.657018992962288,547.0952414256877,9.450440850974287,583.0506381535367,11.229017199216843,710.827949590889,13.144608937997297,-0.3185897435897438,-1.481923076923077,-1.2958333333333334,-0.9554545454545456,,-0.3127272727272725
PO0181140U0002,2015,0.0134188603904262,-0.0025943797860704,534746.0,4995245.0,GWB ISS BPPO,2.68,2.48,2.55,2.8,3.02,3.25,3.4,,3.55,3.71,3.84,3.92,2.58,3.67,40.81996904603608,101.99477316977475,41.14379692309117,41.95506120705605,36.08657416860007,55.70756388682687,4.119860455202054,4.624733659341416,9.834596479457591,14.104722195635295,19.277434186753787,23.415201526171305,142.81474221581084,4.3594612978444625,183.958539138902,6.245341193733429,225.91360034595806,8.210186444208896,262.0001745145581,10.482270417843939,317.707738401385,12.62585015955566,-0.1935897435897438,-0.9019230769230768,-0.9458333333333337,-0.7454545454545456,-0.7249999999999996,-0.3227272727272723
PO0181140U0002,2016,0.004981770917691,-0.0110314692588056,534746.0,4995245.0,GWB ISS BPPO,4.05,4.11,3.9,,4.06,,,,4.45,4.3,4.15,4.37,4.08,3.775,16.83250316085319,78.82441683568763,39.494114332254675,11.831844420432233,90.06714254987222,100.8148021669655,3.5345008269512395,6.600274700865744,9.292360334714273,14.91709558022248,17.248794366456856,22.034535499737512,95.65691999654082,4.989444360334394,135.1510343287955,6.471559862620797,146.98287874922772,8.582943792021217,237.05002129909994,10.362025698031182,337.86482346606545,12.296695830910686,-0.08858974358974381,0.5980769230769232,0.40416666666666634,,0.31499999999999995,
PO0181140U0002,2017,0.0047157362274447,-0.0112975039490519,534746.0,4995245.0,GWB ISS BPPO,4.56,4.54,4.37,4.25,4.48,4.1,4.2,4.35,4.04,4.4,4.2,4.42,4.55,4.225,3.5454032693448467,53.813840469672584,31.477325812648306,58.11231284305519,62.42259487095035,33.984168222995905,1.0543154971458257,5.741405720279924,12.094106849341193,15.041329256148906,19.385720838384174,24.980083850129375,57.35924373901743,3.2786972979552287,88.83656955166573,6.315116143432617,146.94888239472093,8.496669421611688,209.37147726567127,10.732170043598092,243.35564548866716,13.093702718713775,0.3614102564102559,1.068076923076923,0.8741666666666665,0.7045454545454546,0.7350000000000008,0.5272727272727273
PO0181140U0002,2018,0.0068652136294792,-0.0091480265470174,534746.0,4995245.0,GWB ISS BPPO,4.42,4.4,4.4,4.2,4.17,4.15,3.95,4.0,4.0,4.0,3.875,,4.41,4.300000000000001,36.714123085040995,35.47259968680636,110.73904597764596,92.772121673126,139.08545503498792,29.41512158758575,5.345968308180214,3.7264049484238098,7.196847435241568,15.38668848679452,18.490701547109317,22.912453283196896,72.18672277184736,4.577361967956836,182.92576874949333,5.479629184466022,275.6978904226193,7.956394010048147,414.7833454576072,10.119066418318983,444.19846704519296,12.239517279900957,0.436410256410257,0.9280769230769232,0.9041666666666668,0.6545454545454548,0.42500000000000027,0.577272727272728
PO0181140U0002,2019,0.0189634471777323,0.0029502070012356,534746.0,4995245.0,GWB ISS BPPO,3.8,,,,4.08,,,,,,4.0,,3.8,3.9166666666666665,13.825414330772272,37.3967658932356,7.248299161950566,65.78502781964117,126.70067477346231,1.3074856436207924,1.456358216846623,5.476247451141216,10.466046550935191,13.023006663345763,14.990147031873974,24.225994149355433,51.22218022400787,3.3641022602406667,58.47047938595844,5.810327515924337,124.25550720559961,7.613497302779693,250.9561819790619,9.127908836567261,252.2636676226827,11.630353916034915,0.0530769230769228,0.3180769230769229,,,0.3350000000000004,
PO0181140U0002,2020,0.0003147209371093,-0.0156985192393873,534746.0,4995245.0,GWB ISS BPPO,,,,,,,3.9,3.63,3.9,3.97,,3.7,,4.0,46.38374714052975,13.436850910561127,51.690665019489195,19.401074075671925,44.178318569041956,104.06219963404281,3.218581468042584,7.370606445248113,8.927381212590973,14.345619608316358,19.083558675581465,21.61523127161569,59.820598051090876,5.18903399959775,111.51126307058007,6.476686928517638,130.91233714625199,8.443920098467318,175.09065571529393,10.628216759994064,279.15285534933673,12.449268888992124,0.13641025641025628,,,,,
PO0181140U0002,2021,0.0011341860257182,-0.0148790541507784,534746.0,4995245.0,GWB ISS BPPO,3.07,3.2,3.35,3.77,3.72,3.8,3.9,3.9,3.9,4.08,4.05,4.05,3.135,3.97,122.56475392058786,34.45641841620953,7.8377922973637855,59.12391146166719,51.02583505561203,17.340952147073352,2.067936183242556,6.893124061693945,9.049294125167258,11.819897067774367,16.741531851663886,23.9523607108948,157.0211723367974,4.357855854372029,164.8589646341612,5.973795703201497,223.98287609582837,7.435321044344715,275.0087111514404,9.345867633926796,292.34966329851375,11.766833337291658,0.10641025641025648,-0.3469230769230771,-0.14583333333333348,0.2245454545454546,-0.024999999999999467,0.22727272727272751
PO0181150U0006,2008,0.0835268133133649,0.0441405489549646,512380.0,4989928.0,GWB ISS MPOP,,,,,,,,,,,,,,,85.60092135800525,19.875619882478155,9.106117181280803,92.40410677768105,81.48618950844838,65.50629850470587,4.1665646581949005,6.6565727115306474,10.760265577336408,13.43779098548897,18.60497301154959,22.630459507179932,105.47654124048341,5.348263395371188,114.58265842176422,7.212397480270319,206.98676519944527,8.76874585657498,288.4729547078937,10.788103749318111,353.97925321259953,12.7509251456488,,,,,,
PO0181150U0006,2009,0.0469952155392438,0.0076089511808435,512380.0,4989928.0,GWB ISS MPOP,6.67,5.79,5.68,,,,5.86,6.04,6.13,6.2,6.05,5.3,6.23,,39.60623753770024,72.10527683322086,62.84100797811996,120.39313809612447,8.13477070313893,24.89975115024224,1.6070157742768971,5.343746171105101,10.576143612276551,14.744994457832487,20.830897934107693,22.833881524456146,111.7115143709211,3.3803793524326546,174.55252234904106,5.858920375267775,294.9456604451655,8.080438895908953,303.08043114830446,10.69808280441333,327.9801822985467,12.709541155801642,,0.8445454545454547,0.5211111111111109,,,
PO0181150U0006,2010,0.040973351874317,0.0015870875159167,512380.0,4989928.0,GWB ISS MPOP,,,,,,,,,,,,,,6.125,61.793168598433326,123.94528569673882,60.620334647767365,53.458685526539384,153.9994466415262,51.24350195188512,1.2896968853329462,3.1234568466290575,8.042793243354396,12.877514385695108,16.326439258874892,21.035423960673157,185.73845429517215,2.1599558500158467,246.3587889429395,4.186266507721347,299.8174744694789,6.359078477214786,453.81692111100506,8.405357842986065,505.0604230628902,10.49873896746459,-0.15863636363636413,,,,,
PO0181150U0006,2011,0.0291403392127163,-0.0102459251456839,512380.0,4989928.0,GWB ISS MPOP,3.0,3.4,3.9,3.13,3.88,4.54,,,,5.65,,,3.2,,34.17663789783407,52.58213476918662,96.25008956072175,9.461590752426073,37.37129136343739,86.0133995747885,,,9.216404496242042,16.24875869295289,19.862792643092263,21.64870844355388,86.75877266702068,,183.00886222774244,,192.47045298016852,,229.8417443436059,,315.8551439183944,,,-2.1854545454545455,-1.258888888888889,-1.2225000000000001,-0.86625,-1.079090909090909
PO0181150U0006,2012,0.0271257591162187,-0.0122605052421815,512380.0,4989928.0,GWB ISS MPOP,,,,3.7,5.3,5.45,5.7,6.05,6.2,6.3,9.03,5.9,,5.65,27.59490338669218,16.422876788061977,35.27262863211404,95.26957203539283,61.13733523182224,30.02284783106095,2.159189758922186,1.1718138014932038,12.072269568702989,12.835103095253116,18.19740227382666,23.697861078477672,44.01778017475416,1.6906045587863978,79.2904088068682,5.266511395535446,174.55998084226104,7.158659320464864,235.6973160740833,9.42489131751265,265.72016390514426,11.790576913252709,-0.6336363636363638,,,-0.6524999999999999,0.55375,-0.16909090909090896
PO0181150U0006,2013,0.0407782519116263,0.001391987553226,512380.0,4989928.0,GWB ISS MPOP,5.9,5.4,4.55,3.0,2.9,3.45,7.58,3.38,5.5,5.55,5.65,5.7,5.65,7.664999999999999,71.4006107701392,37.10081343594442,156.7467476425841,94.9609892722093,135.6171971436248,10.957189932114739,2.818740995295606,2.4721182998317506,6.8506175886010965,13.498323800160097,16.467385970956588,22.188800089012904,108.50142420608361,2.6542420889737763,265.2481718486677,4.099660316623187,360.209161120877,6.449326187507414,495.8263582645018,8.506013957619498,506.7835481966165,10.773879062270339,1.381363636363635,0.26454545454545464,-0.608888888888889,-1.3525,-1.84625,-2.169090909090909
PO0181150U0006,2014,0.0638743324651538,0.0244880681067535,512380.0,4989928.0,GWB ISS MPOP,5.0,3.4,3.5,2.6,2.9,6.3,4.28,4.53,4.91,5.15,3.53,3.0,4.2,5.6,187.9636339537173,139.10304412305902,97.61473005456139,97.79274665173538,21.193799935554473,97.67902309634361,5.026998505719992,6.66125518816374,10.738677844319218,14.61512010052733,17.787135314722846,22.574601213582056,327.0666780767763,5.802577948235669,424.6814081313377,7.502790134664446,522.4741547830731,9.280872626130167,543.6679547186276,11.027191456238597,641.3469778149712,12.941126775135302,-0.6836363636363645,-1.1854545454545455,-1.6588888888888889,-1.7525,-1.84625,0.6809090909090907
PO0181150U0006,2015,0.0383767773397267,-0.0010094870186735,512380.0,4989928.0,GWB ISS MPOP,3.74,3.07,3.2,3.64,4.2,4.67,5.11,5.4,5.58,5.64,5.7,5.77,3.4050000000000002,4.34,40.03383334869761,85.67343654930966,39.39843237867207,35.1905544832491,24.033878822239345,45.53830171104212,4.031231133699939,4.633353753663613,9.924050739122862,14.085365358833837,19.131277581988112,23.21189808033941,125.70726989800727,4.31698424147931,165.10570227667932,6.248307146223199,200.29625675992844,8.207571699375858,224.33013558216777,10.450186814349236,269.8684372932099,12.565387576668048,-1.9436363636363643,-1.9804545454545455,-1.9588888888888887,-0.7124999999999999,-0.5462499999999997,-0.9490909090909092
PO0181150U0006,2016,0.039997174434236,0.0006109100758357,512380.0,4989928.0,GWB ISS MPOP,5.91,5.77,5.21,5.44,5.62,5.74,6.0,6.18,,6.43,6.42,6.37,5.84,5.67,26.94424116247844,125.7371822217487,63.12998404796458,10.783101248406497,71.58519136590785,60.78888768976928,3.5933838101934192,6.607005055798956,9.284790719361755,14.858575808483492,17.076813084022426,21.794489608476816,152.68142338422714,5.023576943701131,215.81140743219171,6.4913283553175685,226.5945086805982,8.58314021860905,298.17970004650607,10.326874383031662,358.96858773627537,12.22758408890655,-0.6136363636363642,0.45454545454545414,0.05111111111111111,1.0875000000000004,0.8737500000000002,0.12090909090909108
PO0181150U0006,2017,0.063545241767504,0.0241589774091037,512380.0,4989928.0,GWB ISS MPOP,6.44,6.4,6.45,6.46,6.46,6.62,6.76,6.87,7.08,7.1,7.09,7.1,6.42,6.425,3.778300615233501,53.18841615268448,28.941489249345448,48.16922324802361,70.28093533060164,45.34316146196827,1.1559200704601196,5.664767897149301,12.035260974150676,14.822834505279669,19.085584228268218,24.738160971390563,56.96671676791798,3.295712259397358,85.90820601726342,6.306001261145723,134.07742926528704,8.43520957217921,204.35836459588867,10.621710329389536,249.70152605785694,12.961453529721197,0.1413636363636357,1.0345454545454542,1.2911111111111113,2.1075,1.71375,1.000909090909091
PO0181150U0006,2018,0.0212476878682626,-0.0181385764901376,512380.0,4989928.0,GWB ISS MPOP,7.08,7.05,6.98,6.85,6.71,6.8,6.95,7.02,7.09,,7.04,7.0,7.0649999999999995,7.095,34.00415401752321,35.78212788067703,107.47203993046632,71.98623670643673,119.89859058705245,32.8340927799224,5.322804647901492,3.7043919662362144,7.117350149441038,15.178748768216018,18.30740521566559,22.607002298699808,69.78628189820024,4.5547443921959365,177.25832182866657,5.437419708580361,249.2445585351033,7.872751973489274,369.14314912215576,10.014965553008915,401.97724190207816,12.102043466659339,0.8113636363636356,1.6795454545454538,1.8211111111111116,2.4974999999999996,1.96375,1.1809090909090907
PO0181150U0006,2019,0.0295789816766045,-0.0098072826817957,512380.0,4989928.0,GWB ISS MPOP,6.96,6.92,6.96,,,6.91,7.17,7.27,7.38,,7.16,6.13,6.9399999999999995,7.04,13.907903223799426,39.84994187487664,9.085561854788585,63.332777734125656,117.91405508907188,1.41303250008623,1.0271500730935264,4.998113130965239,10.067730557092988,12.810104624944838,14.808181137351937,23.897379565033468,53.75784509867607,2.91167491411739,62.84340695346466,5.376538524475651,126.17618468759031,7.234930049592948,244.0902397766622,8.789703451715654,245.50327227674842,11.29373816663021,0.7563636363636359,1.5545454545454538,1.801111111111111,,,1.290909090909091
PO0181150U0006,2020,0.0168256031252288,-0.0225606612331714,512380.0,4989928.0,GWB ISS MPOP,5.42,,,,,5.8,5.98,6.16,6.35,6.35,,6.1,5.42,7.16,50.62631641560498,11.626591912231131,51.569516101535584,21.833167246648586,27.215461362570178,93.23696228260377,2.9627438446528878,7.171164015368851,8.704072158104623,14.230954940967212,18.968913434150274,21.517007661930776,62.25290832783611,4.9599601968570735,113.8224244293717,6.2495987612867845,135.65559167602026,8.24493780620689,162.87105303859045,10.446548696711822,256.1080153211942,12.281431398129328,0.876363636363636,0.03454545454545421,,,,0.1809090909090907
PO0181150U0006,2021,0.0094221713734,-0.0299640929850002,512380.0,4989928.0,GWB ISS MPOP,4.98,4.76,,,,5.53,5.94,6.15,,6.4,6.33,,4.87,6.35,122.41411054376032,29.13036234360005,7.341431330966511,55.18032793309816,45.75266336878698,14.440255534025924,1.8527843317934032,6.702608781017885,8.712068340909765,11.559416907239548,16.484915751750123,23.715305573678005,151.54447288736037,4.154395934815191,158.88590421832689,5.724260874692211,214.06623215142506,7.183049882829045,259.81889552021204,9.092704465190327,274.259151054238,11.51634000803359,0.06636363636363551,-0.5154545454545456,,,,-0.08909090909090889
PO0181180U0019,2008,0.0333091070920968,0.0158220958583679,524321.0,4993134.0,GWB ISS MPOP,9.6,9.65,9.6,9.85,9.55,9.8,10.24,10.0,10.12,9.77,,9.350000000000001,9.625,,109.60518986669021,26.127601516480997,11.179994410246884,95.89819427100839,87.17539305133619,68.69563812820923,4.100539278716915,6.732132916526311,10.863256378054988,13.5837676169761,18.974191127074004,22.79663831267767,135.73279138317122,5.349431174626458,146.9127857934181,7.248637633585175,242.81098006442647,8.832420129432906,329.98637311576266,10.914505566034721,398.6820112439719,12.883919833434106,,1.3166666666666664,1.504999999999999,1.9258333333333324,1.243636363636364,1.883000000000001
PO0181180U0019,2009,0.0189612549596845,0.0014742437259556,524321.0,4993134.0,GWB ISS MPOP,9.49,9.06,9.1,8.62,8.84,8.75,,,8.44,8.45,8.3,8.3,9.275,9.77,50.29501589437269,93.61770832308984,82.82104343267736,122.2660242557117,8.411442924860559,32.089923777399314,1.7394543703217775,5.474703216836328,10.69483382706854,14.986127480958018,21.11456114796269,23.204768244020883,143.91272421746254,3.512114839854106,226.7337676501399,5.986162491005745,348.99979190585157,8.236153738493813,357.41123483071215,10.880065193417886,389.50115860811144,12.922833654843798,1.1745833333333326,0.9666666666666668,1.004999999999999,0.695833333333332,0.5336363636363632,0.8330000000000002
PO0181180U0019,2010,0.0258019474922634,0.0083149362585345,524321.0,4993134.0,GWB ISS MPOP,8.0,7.97,7.6,7.23,6.75,7.0,7.3,7.4,7.4,7.45,7.2,6.6,7.984999999999999,8.375,63.978634434704134,132.04762967241402,65.11739754654256,54.96344719402754,162.06699052723334,53.86587059180654,1.3760513189083736,3.5343344360132494,8.09176993839431,13.085111938663971,16.51898486045193,21.3675380613227,196.02626410711815,2.400321272788654,261.14366165366073,4.360709146497268,316.10710884768827,6.541809844538943,478.17409937492164,8.59010405310386,532.0399699667282,10.707910794797591,-0.22041666666666693,-0.32333333333333414,-0.495000000000001,-0.6941666666666668,-1.5563636363636366,-0.9169999999999998
PO0181180U0019,2011,0.0201281829245752,0.0026411716908463,524321.0,4993134.0,GWB ISS MPOP,6.1,6.1,5.8,5.52,6.2,6.6,8.7,7.93,8.1,7.9,7.85,8.08,6.1,7.325,34.7656480295134,51.53581231438657,99.57115398557718,10.369915526922366,36.90365911276604,86.96978358529086,,,9.322456445958814,16.4021319239383,20.02417971523773,21.760569903787825,86.30146034389998,,185.87261432947716,,196.24252985639953,,233.14618896916556,,320.11597255445645,,-1.2704166666666667,-2.208333333333334,-2.295000000000001,-2.4041666666666677,-2.1063636363636364,-1.3170000000000002
PO0181180U0019,2012,0.020670763684428,0.0031837524506991,524321.0,4993134.0,GWB ISS MPOP,8.0,8.4,8.26,8.4,8.4,8.45,8.5,8.6,8.5,8.4,8.7,8.65,8.2,7.875,27.14077302700998,19.674776309855638,31.955725921949153,104.8169435711924,68.9904707631772,35.68246692248764,2.1160022790792334,1.2163050818492374,12.028264435315888,12.811601342303565,18.2374860631511,23.72679840678648,46.815549336865615,1.6890273380209302,78.77127525881477,5.250320115978083,183.58821883000718,7.1406404225594535,252.57868959318438,9.418800785859725,288.26115651567204,11.790292104245374,-0.7204166666666669,-0.10833333333333428,0.16499999999999915,0.4758333333333331,0.09363636363636374,0.5329999999999995
PO0181180U0019,2013,0.0503087214607557,0.0328217102270268,524321.0,4993134.0,GWB ISS MPOP,8.7,8.7,8.64,8.1,7.85,7.55,9.0,10.3,8.65,8.65,8.0,8.0,8.7,8.55,75.88138619501574,37.54069505886777,167.85499942341013,99.30373647954258,140.37206885996318,15.04986977048863,2.8265021637578887,2.5661720592552357,6.866658742961011,13.50732877546337,16.521952471620967,22.32461302776319,113.4220812538835,2.702955673485443,281.2770806772936,4.137120064082583,380.5808171568362,6.479672241927779,520.9528860167993,8.541332421533665,536.0027557872879,10.825854068975023,-0.04541666666666622,0.3916666666666657,0.5449999999999999,0.1758333333333324,-0.45636363636363697,-0.367
PO0181180U0019,2014,0.023312375993238,0.0058253647595091,524321.0,4993134.0,GWB ISS MPOP,8.0,7.5,6.8,6.7,,6.86,7.12,7.42,7.6,7.9,7.8,7.55,7.75,8.325,201.5558100331943,141.87833377385383,103.26360068825021,101.52199908422418,31.5782240727649,108.62440183613933,5.191248346935787,6.842613432001729,10.918011439775901,14.835332607933843,18.105999326042834,22.812762407806055,343.43414380704814,5.97494703137386,446.69774449529837,7.677558105379007,548.2197435795225,9.467001731017715,579.7979676522874,11.240570773704992,688.4223694884267,13.158613585986936,-0.27041666666666764,-0.5583333333333336,-1.2950000000000008,-1.224166666666667,,-1.0569999999999995
PO0181180U0019,2015,0.0106438653841614,-0.0068431458495674,524321.0,4993134.0,GWB ISS MPOP,7.25,7.12,6.65,6.2,8.79,7.49,7.65,7.95,8.19,8.4,8.44,8.86,7.1850000000000005,7.85,39.00904351131656,98.44895145717093,40.42643561792057,42.327958904559395,32.20808800790425,53.548679341927794,4.2200979025840795,4.721708384997701,9.90445721011536,14.15630441545117,19.24507423558955,23.369359146144582,137.4579949684875,4.458150334915968,177.88443058640806,6.33410048081798,220.21238949096744,8.289651464476277,252.4204774988717,10.538777993645228,305.9691568407995,12.66539365428048,-0.7454166666666673,-1.123333333333333,-1.4450000000000003,-1.724166666666667,0.48363636363636253,-0.4269999999999996
PO0181180U0019,2016,0.0082384652645567,-0.0092485459691721,524321.0,4993134.0,GWB ISS MPOP,7.93,7.9,7.75,7.93,7.95,7.88,8.58,8.35,8.44,8.4,8.29,8.61,7.915,8.42,20.660229174725114,96.62786145222887,47.7440139152971,11.794966226483066,81.52126653704957,85.27412587637083,3.624301330162159,6.6503337101875895,9.354887400882282,14.949145885287985,17.23463150733951,22.016132853730323,117.28809062695399,5.060384493564058,165.0321045422511,6.539602161640336,176.82707076873416,8.641988092552248,258.34833730578373,10.40604071413109,343.62246318215455,12.330365378153061,-0.175416666666667,-0.39333333333333353,-0.34500000000000064,0.005833333333332469,-0.35636363636363644,-0.03699999999999992
PO0181180U0019,2017,0.0059194124023431,-0.0115675988313857,524321.0,4993134.0,GWB ISS MPOP,8.33,8.34,8.36,8.4,8.5,8.79,9.02,9.24,8.92,8.87,8.87,9.04,8.335,8.344999999999999,3.7131277576658777,52.66125302611245,30.24040525519004,55.358930914270275,63.72316596004475,33.86474987563619,1.1734339298744132,5.772508529159424,12.2056672957134,15.107543302603064,19.424349542231887,25.0336112296919,56.37438078377833,3.3560456041113675,86.61478603896836,6.404248631218734,141.97371695323864,8.580072299064817,205.6968829132834,10.80638087216534,239.56163278891958,13.164485351313386,-0.25041666666666806,0.026666666666667282,0.2649999999999988,0.4758333333333331,0.19363636363636338,0.8729999999999993
PO0181180U0019,2018,0.0100564954917814,-0.0074305157419474,524321.0,4993134.0,GWB ISS MPOP,9.07,8.97,8.98,8.95,8.94,,9.56,8.99,8.94,8.94,,9.02,9.02,8.87,35.29110911581217,35.333820847934646,108.44265485603789,79.2257874940406,128.91300252230934,31.293703553261558,5.473398970551567,3.797168863205197,7.23428894599622,15.254001169430323,18.373025184597896,22.718867057660542,70.62492996374681,4.67789993655668,179.0675848197847,5.558433928696966,258.29337231382533,7.982325738880305,387.20637483613467,10.115515691312394,418.5000783893962,12.20446895645297,0.2745833333333323,0.711666666666666,0.8849999999999998,1.025833333333332,0.6336363636363629,
PO0181180U0019,2019,0.012635045819543,-0.0048519654141858,524321.0,4993134.0,GWB ISS MPOP,9.78,9.44,9.6,9.19,9.6,,,,,10.5,,,9.61,8.94,13.978429027740768,38.99135227978949,8.590193172764222,64.86659139051363,123.5140377873513,1.3772166449028875,1.1815614594933095,5.1706234901538135,10.210834045320624,12.886319976274462,14.873748863045352,24.018049894531536,52.969781307530255,3.0746756435355826,61.55997448029448,5.532685759705986,126.4265658708081,7.371094313848105,249.9406036581594,8.91137438686211,251.3178203030623,11.4152432555366,0.3445833333333326,1.3016666666666659,1.504999999999999,1.2658333333333323,1.293636363636363,
PO0181180U0019,2020,0.0003986424161121,-0.0170883688176167,524321.0,4993134.0,GWB ISS MPOP,,,,,,,,,,,,,,10.5,49.98002625787061,11.845674070424474,51.419305629718814,20.46203380646433,30.930363677270925,99.75693984747264,3.05455778810655,7.242957220700615,8.782977887879348,14.271601686020457,19.01078818940041,21.552482084091594,61.825700328295085,5.042272773066444,113.2450059580139,6.330737868168667,133.70703976447822,8.315953822631615,164.63740344174914,10.51158207011395,264.39434328922175,12.341565497845052,1.904583333333333,,,,,
PO0181180U0019,2021,0.004433876886664,-0.0130531343470648,524321.0,4993134.0,GWB ISS MPOP,,,,,,,,,,,10.27,,,,123.0192519496037,30.49308003448,7.856984823497835,56.45730569128106,48.65144322870664,15.674972731661068,1.9290254201505186,6.771109359904397,8.831581945314195,11.652925003869715,16.578293749861725,23.80285910802934,153.5123319840837,4.226963561050664,161.36931680758153,5.812998782296991,217.82662249886258,7.272980337690172,266.47806572756923,9.183342693831353,282.1530384592303,11.606466961377981,,,,,,
PO0181220U0001,2008,,,501728.0,4974258.0,GWB ISS MPOP,,,,,,,,,,,,,,,43.59080785831064,10.134907520652542,4.697702013492055,98.72917808305937,68.13121494295355,70.83026320743278,4.23431745911812,5.565250893892136,9.749775916772077,12.420049991078155,17.48874860697569,22.275118946168973,53.72571537896318,4.865946885790534,58.423417392455235,6.548154663128622,157.1525954755146,8.016128495116005,225.28381041846814,9.960838584305742,296.1140736259009,12.001879528260973,,,,,,
PO0181220U0001,2009,,,501728.0,4974258.0,GWB ISS MPOP,,,,,,,,,,,,,,,23.633650473174086,28.13317982160602,31.57952158264748,126.833698167747,5.163260064621266,20.583530727699056,0.48322585011728103,4.224365189192317,9.651892639652274,13.826294647994715,19.603992843811845,21.128500430875732,51.76683029478011,2.2586818076444164,83.3463518774276,4.805232205336012,210.1800500451746,7.060497816000688,215.34331010979585,9.63565242435927,235.92684083749492,11.540544359141004,,,,,,
PO0181220U0001,2010,,,501728.0,4974258.0,GWB ISS MPOP,,,,,,,,,,,,,,,60.98784814766688,122.23988045644305,63.008900774650286,53.27281966620707,140.18123352875477,53.99514302989513,1.0896683216498486,2.21187258537783,7.939096751482439,12.539530363454519,16.21607555680287,20.738205183237408,183.22772860410993,1.6222398366393993,246.2366293787602,3.7980461073075573,299.50944904496725,5.983417171344297,439.69068257372203,8.08416160809407,493.68582560361716,10.18151689679186,,,,,,
PO0181220U0001,2011,,,501728.0,4974258.0,GWB ISS MPOP,,,,,,,,,,,,,,,31.735659938296283,57.13265046337891,83.4310778394037,5.592356831437396,38.09141892409615,82.53232056412841,,,8.92013149775396,15.82028616460044,19.41193217414806,21.336205652918945,88.86831040167519,,172.29938824107887,,177.89174507251627,,215.98316399661243,,298.51548456074084,,,,,,,
PO0181220U0001,2012,,,501728.0,4974258.0,GWB ISS MPOP,,,,,,,,,,,,,,,33.067932218866176,9.645861772911012,37.74147478953086,93.21128183169719,59.23978713092546,23.082601708289744,1.8890388233485824,0.23118050648356803,11.568472146410437,12.636118061807423,17.984919297814955,23.406161251043827,42.71379399177719,1.1022586051753553,80.45526878130805,4.7072877138229945,173.66655061300526,6.689495300819101,232.90633774393072,9.00842340616262,255.98893945222045,11.394788794816964,,,,,,
PO0181220U0001,2013,,,501728.0,4974258.0,GWB ISS MPOP,,,,,,,,,,,,,,,64.12694620280857,36.18414105560159,147.24111659980838,92.29298414380743,137.3693428544675,7.255165198400217,2.528317702105827,1.9440955409541638,6.533366806373533,13.220703451103407,16.164093135992395,21.995063605428456,100.31108725841017,2.251059727321987,247.55220385821855,3.726076610106409,339.84518800202596,6.099733320355658,477.21453085649347,8.165926395089029,484.4696960548937,10.45804858464805,,,,,,
PO0181220U0001,2014,,,501728.0,4974258.0,GWB ISS MPOP,,,,,5.79,,,,,5.68,,,,,167.2653243261943,135.52242655984455,76.25356161757344,84.01030388391482,11.649833890468866,73.1702805492191,4.456659683615995,6.037810042086786,10.123896225218633,14.038884689712065,17.015387939594902,21.854756073104088,302.78775088603885,5.207036124924167,379.0413125036123,6.90062127058115,463.05161638752713,8.685187125363878,474.701450277996,10.395360802457665,547.8717308272151,12.294708084885249,,,,,-0.14400000000000013,
PO0181220U0001,2015,,,501728.0,4974258.0,GWB ISS MPOP,,,,,5.82,,5.93,,,,6.1,,,5.68,48.441648724916845,72.67479225691211,36.20748044092035,17.519454900712294,19.446028055726053,36.96078814272734,3.0679503981388523,3.9562585513968562,9.695633328192299,13.692126757211293,18.90289958894343,22.859946620184854,121.11644098182896,3.489520369176549,157.32392142274932,5.627181499504196,174.84337632346163,7.64341781393097,194.2894043791877,9.954967052509687,231.25019252191504,12.093913942179604,-0.7514285714285709,,,,-0.11399999999999988,
PO0181220U0001,2016,,,501728.0,4974258.0,GWB ISS MPOP,,6.1,,,6.05,,,6.1,,,6.2,,6.1,6.1,26.441613670667092,124.388552774281,69.4556407425647,8.653651475180792,80.66284342121259,67.28324264647607,3.0950568243200194,6.236725985297473,8.796704437448987,14.494387148873514,16.726309094608954,21.28110362842623,150.83016644494808,4.586018460038132,220.28580718751277,6.036365852257427,228.93945866269357,8.15087117641145,309.6023020839061,9.91139154372352,376.8855447303822,11.795874209696345,-0.33142857142857096,-0.3150000000000004,,,0.11599999999999966,
PO0181220U0001,2017,,,501728.0,4974258.0,GWB ISS MPOP,,6.12,,,6.09,,,6.19,,,6.18,,6.12,6.2,3.6528937247778845,58.436147578997684,28.164647003241377,44.288544232916834,80.34195211128174,50.594806047030495,0.6165867238411475,5.363476427017546,11.127812258535966,13.86592530894163,18.056182222210925,23.682381247519547,62.089041303775566,2.869347938907913,90.25368830701694,5.713930093446465,134.54223253993376,7.751928897320257,214.8841846512155,9.867371632893839,265.478990698246,12.157152232003071,-0.23142857142857043,-0.29499999999999993,,,0.1559999999999997,
PO0181220U0001,2018,,,501728.0,4974258.0,GWB ISS MPOP,,6.22,,,5.92,,7.0,,,,7.16,,6.22,6.18,35.12485987231594,36.346958852721755,113.39209704068642,68.47139555952195,86.23660988606116,35.755958684284316,4.3049624366067265,3.111576812828418,6.630314524567593,14.90926208620495,18.22905905638072,22.476497726774557,71.47181872503769,3.7386099371865122,184.86391576572413,4.734641517284441,253.3353113252461,7.2782966595145675,339.57192121130726,9.526466423109605,375.3278798955916,11.672880451341365,-0.2514285714285709,-0.19500000000000028,,,-0.014000000000000234,
PO0181220U0001,2019,,,501728.0,4974258.0,GWB ISS MPOP,,7.22,,,,7.09,,6.94,,,6.02,,7.22,7.16,13.686556050237122,40.049241814562144,7.3863194781118136,56.11455833765662,83.71875448175575,1.7293010374810533,0.5687674310960146,4.476216231922693,9.902757418435682,12.617064260573699,14.700993748251742,23.602444553686436,53.73579786479927,2.4231499128442686,61.12211734291108,4.9994591647702,117.2366756805677,6.903860438721074,200.95543016232347,8.50459641617439,202.68473119980453,11.007002184822795,0.7285714285714295,0.8049999999999997,,,,0.2833333333333323
PO0181220U0001,2020,,,501728.0,4974258.0,GWB ISS MPOP,,,,,,6.4,,7.05,,7.68,,,,6.02,37.708910667583,16.952505319039215,55.34009687491509,30.517869765803596,60.21004182521976,57.752660664994806,2.6095003704736124,6.611098690413781,8.48658900716923,13.765038229974268,18.70962886113757,21.364437009226403,54.66141598662222,4.508563979936743,110.00151286153731,5.878772600427932,140.51938262734092,7.850339007814515,200.7294244525607,10.079729639953685,258.48208511755547,11.950123126573471,-0.41142857142857103,,,,,-0.4066666666666672
PO0181220U0001,2021,,,501728.0,4974258.0,GWB ISS MPOP,,,,,,6.93,,6.85,,8.4,,,,7.68,109.97927873374894,34.536471201664995,2.5114985351330867,55.07691427681072,33.2370432702658,10.014995102397037,1.7715416634246695,6.417176304973033,8.542950243112633,11.444816362363204,16.344414710401985,23.585705336820652,144.51574993541394,3.976249628905249,147.02724847054702,5.549224284910015,202.10416274735775,7.023122304273312,235.34120601762356,8.936765116127543,245.35620112002061,11.364766257678887,1.248571428571429,,,,,0.12333333333333218
PO018146NRP001,2008,0.1380915801595753,0.0728143064593195,473582.7089,4995758.0701,GWB ISS MPP,,,,,,,,,,,,,,,105.73034001069773,27.3157288231095,5.8785735238473915,108.23596221017782,81.72848371607842,83.87973461394225,3.3379626907967594,5.112801032232966,9.527076949771185,12.34344893752589,17.937874792846763,21.59815987515429,133.04606883380723,4.180258852834281,138.92464235765462,6.0219406417792145,247.16060456783242,7.602317715715883,328.88908828391084,9.724187049431496,412.76882289785306,11.69224884375019,,,,,,
PO018146NRP001,2009,0.1351103622004197,0.0698330885001639,473582.7089,4995758.0701,GWB ISS MPP,,,,,,,,,,,,,,,61.4089241110485,64.70234998125773,74.70630265588296,129.23690831890153,6.400516339420939,15.392647019945112,-0.7623878973788996,3.6652935058082496,9.271529904598784,13.921644015959679,20.20831557810967,22.242907707042527,126.11127409230622,1.338884632947205,200.8175767481892,4.071240226516083,330.0544850670907,6.533841173876982,336.45500140651166,9.341183601236011,351.8476484264568,11.479590911590682,,,,,,
PO018146NRP001,2010,0.0941350201538933,0.0288577464536375,473582.7089,4995758.0701,GWB ISS MPP,,,,,,,,,,,,,,,59.58198861859005,125.46282135401964,70.56988438554566,57.20144470052822,119.07533192204322,59.223199664833324,0.013712204241146997,2.349506957720404,7.2175977832611675,12.778057336435165,16.491598239083324,21.12544393008762,185.0448099726097,1.1222249686041843,255.61469435815536,3.2217422714304784,312.8161390586836,5.61082103768165,431.8914709807268,7.844622979691266,491.1146706455601,10.045864021193424,,,,,,
PO018146NRP001,2011,0.0610666791378208,-0.0042105945624349,473582.7089,4995758.0701,GWB ISS MPP,,,,,,,,,,,,,,,28.791586400069015,63.67640380873978,111.75020120296399,7.241382926491364,11.31042900595343,108.8344650640575,,,8.939615113472215,15.848463535237824,19.44158182890664,21.356756578297514,92.4679902088088,,204.2181914117728,,211.45957433826416,,222.7700033442176,,331.6044684082751,,,,,,,
PO018146NRP001,2012,0.0789356269302557,0.0136583532299999,473582.7089,4995758.0701,GWB ISS MPP,,,,,,,,,,,,,,,36.862082712915075,9.82028203691905,38.45680657384892,99.99849507539852,66.88022871372824,33.90393786751904,1.4207173205750567,-0.31013258397301485,11.365210346743666,12.521402118174096,17.919047107582177,23.125986942745683,46.68236474983412,0.5992970268912261,85.13917132368304,4.3075560592848445,185.13766639908158,6.361017574007158,252.0178951128098,8.733858074277526,285.9218329803289,11.119293798333024,,,,,,
PO018146NRP001,2013,0.1419008034621279,0.0766235297618721,473582.7089,4995758.0701,GWB ISS MPP,,,,,,,,,,,,,,,51.77427989912579,30.380944060181633,147.51861504421512,93.64162752591399,141.3834829016299,9.455978264864966,2.4139034877169387,1.9212788566377348,6.374647703352952,13.090723927991373,16.112924238431845,21.608521337996837,82.15522395930742,2.1801155272047743,229.67383900352254,3.6248988323224793,323.31546652943655,5.991355106239703,464.69894943106647,8.069293140001003,474.1549276959314,10.313364112044512,,,,,,
PO018146NRP001,2014,0.0769996990545477,0.0117224253542919,473582.7089,4995758.0701,GWB ISS MPP,,,,,,,,,,,,,,,166.84502594520288,148.45360665195832,74.69036218073708,81.87527465286291,22.13416329875926,63.903295573966076,4.3594298232943425,6.006251426848222,10.09863368960473,14.208184697814954,17.267286146273264,21.975923286352046,315.2986325971612,5.140972279218217,389.98899477789826,6.848611209462461,471.86426943076117,8.688504581550584,493.9984327295204,10.449711392851267,557.9017283034865,12.360133253652501,,,,,,
PO018146NRP001,2015,0.0371081212767145,-0.0281691524235412,473582.7089,4995758.0701,GWB ISS MPP,,,,,5.43,,3.22,,,,5.27,,,,46.02849204173761,70.35887008474961,50.28303523704509,38.84367582069853,37.42436559971919,34.015478399500175,2.992978243317573,3.8391556412576127,9.30232866612797,13.724481769490692,18.74310000575535,22.57702730238172,116.38736212648722,3.3945539575942023,166.67039736353232,5.429454134978056,205.51407318423085,7.503211043606215,242.93843878395003,9.81073791663021,276.9539171834502,11.926697483329354,,,,,-0.2450000000000001,
PO018146NRP001,2016,0.0358076128998871,-0.0294696608003686,473582.7089,4995758.0701,GWB ISS MPP,,6.05,6.09,6.01,5.7,4.97,3.56,3.0,4.02,4.58,5.22,5.3,6.05,5.27,22.831681250269785,113.93916334557356,52.30819271359183,10.995107607767986,88.0404520297129,55.1645687665735,2.9618537121521866,6.136714930350533,8.731246426546523,14.574442780609303,16.84793293313014,21.41697693435706,136.77084459584336,4.468567510619198,189.0790373094352,5.936823581660833,200.07414491720317,8.096228381397951,288.1145969469161,9.892935938376082,343.2791657134896,11.80299798190884,0.35416666666666696,0.3410000000000002,0.2320000000000002,0.1299999999999999,0.025000000000000355,0.13999999999999968
PO018146NRP001,2017,0.040472790741047,-0.0248044829592087,473582.7089,4995758.0701,GWB ISS MPP,5.72,5.84,6.01,5.93,5.7,4.61,3.36,3.1,4.08,4.72,5.18,5.47,5.779999999999999,4.9,1.817284170994536,52.957727095891386,40.66397802730671,38.772814623765534,72.52505328020982,94.60156845582998,0.657777972666556,5.355375190047417,11.161418178130626,14.156986864273572,18.227958709653713,23.592588957963283,54.77501126688592,2.887146143626965,95.43898929419262,5.737173177733781,134.21180391795815,7.842126599368729,206.73685719816797,9.974317297506705,301.33842565399794,12.231489395924921,-0.015833333333332256,0.07099999999999973,0.15200000000000014,0.04999999999999982,0.025000000000000355,-0.21999999999999975
PO018146NRP001,2018,0.0269364873663453,-0.0383407863339104,473582.7089,4995758.0701,GWB ISS MPP,5.7,5.9,5.98,5.7,5.48,4.75,3.13,2.84,4.09,,4.91,5.13,5.800000000000001,4.949999999999999,36.50186525180233,34.152301594997596,106.84264302626258,75.93134858903171,94.39102335483079,23.299290990254363,4.137895612506255,3.0154829254157525,6.638414582460458,15.20701392301397,18.49099995626002,22.627906400711346,70.65416684679992,3.605225184734491,177.4968098730625,4.649990421728991,253.4281584620942,7.289246297050236,347.819181816925,9.588944068146283,371.11847280717933,11.750098045919499,0.03416666666666668,0.09100000000000108,0.12200000000000077,-0.17999999999999972,-0.1949999999999994,-0.08000000000000007
PO018146NRP001,2019,0.0172467159271857,-0.04803055777307,473582.7089,4995758.0701,GWB ISS MPP,5.56,5.75,5.55,,5.92,5.1,3.48,3.03,3.8,4.84,4.97,4.98,5.654999999999999,4.91,12.238804711480306,31.883736539709613,5.2847451667745915,67.71410531974632,76.11246437543623,2.4459946506033186,0.7283915231801719,4.475750200838818,9.975584196026574,12.977902816729287,15.34334713794342,24.234679317515866,44.122541251189915,2.506799031221563,49.40728641796451,5.079380587987733,117.12139173771084,7.0540111451731216,193.23385611314706,8.755795355609408,195.67985076375038,11.32135623327346,-0.005833333333332469,-0.05400000000000027,-0.30799999999999983,,0.2450000000000001,0.2699999999999996
PO018146NRP001,2020,0.0201397091596462,-0.0451375645406095,473582.7089,4995758.0701,GWB ISS MPP,5.26,,,,,4.72,3.28,3.0,4.04,4.56,,5.26,5.26,4.904999999999999,19.58191445839795,15.18356788951522,56.49451644614691,40.98030464306467,100.38957851843386,57.52458290390362,2.4921024449465494,6.3404396596194585,8.547957341184068,13.84390178966325,18.918317810026284,21.452025325510057,34.76548234791317,4.318431970554032,91.25999879406008,5.775268487104378,132.24030343712474,7.792426812744096,232.6298819555586,10.076550130066929,290.1544648594622,11.961988007764685,-0.01083333333333325,-0.44899999999999984,,,,-0.11000000000000032
PO018146NRP001,2021,0.0099306233341148,-0.0553466503661409,473582.7089,4995758.0701,GWB ISS MPP,,,5.66,,5.82,,,,,,,,,4.56,78.43421612159547,35.9008624681722,2.3729302017435545,51.97747059663453,41.40596431406388,8.263389073298326,1.9535626592781585,6.397789040936791,8.574352634831158,11.782657259440885,16.526563830010527,23.634882074983405,114.33507858976768,4.06268704379412,116.70800879151123,5.616705191817989,168.68547938814578,7.158193208723713,210.09144370220966,9.081501084617031,218.354832775508,11.49366367970538,-0.355833333333333,,-0.1979999999999995,,0.14500000000000046,
PO018147NUP001,2008,0.0823265321844904,0.03815719221202,492497.439,4996514.76967,GWB ISS MPP,,,,,,,,,,,,,,,73.67311198109871,18.1559701250257,4.683606650246102,101.61664088337591,73.16203530867108,78.09397276352783,3.9366750523801577,5.403578536675089,9.66268183343156,12.351646120928194,17.627457797631127,21.51415863793625,91.82908210612442,4.632832638147243,96.51268875637052,6.365336249856285,198.12932963974643,7.861913717624263,271.2913649484175,9.866760515506467,349.38533771194534,11.797268491599802,,,,,,
PO018147NUP001,2009,0.0848522509507415,0.0406829109782711,492497.439,4996514.76967,GWB ISS MPP,,,,,,,,,,,,,,,42.72556634216159,44.84708753744277,51.41036843953149,123.29549643889293,4.42539780475219,18.34162942058815,-0.358268852273642,4.034635839054378,9.52033384460769,13.83931099226248,19.780832979915168,21.571014880789868,87.57265387960436,1.7264994758142318,138.98302231913584,4.411042425065312,262.2785187580288,6.768109566864604,266.703916562781,9.43959583047101,285.04554598336915,11.450328269750381,,,,,,
PO018147NUP001,2010,0.0466173919150717,0.0024480519426013,492497.439,4996514.76967,GWB ISS MPP,,,,,,,,,,,,,,,60.02033967173247,120.00193882295176,65.93412405654297,53.24971852270322,121.03313817021473,57.423295404029666,0.3071001418636963,2.492594230125182,7.535887586790483,12.818423234367415,16.50936052543173,21.0538712847737,180.02227849468423,1.3442837769708422,245.9564025512272,3.476947311464274,299.20612107393043,5.81231629219006,420.23925924414516,8.008398220868813,477.6625546481748,10.170631325383436,,,,,,
PO018147NUP001,2011,0.0370058666694052,-0.0071634733030651,492497.439,4996514.76967,GWB ISS MPP,,,,,,,,,,,,,,,31.495952527913467,59.797337536248094,91.94150116636088,4.126454412505848,25.561075497687014,87.1816132799212,,,8.891893471539769,15.779448091102616,19.36896028738835,21.3064207516995,91.29329006416157,,183.23479123052243,,187.36124564302827,,212.92232114071527,,300.10393442063645,,,,,,,
PO018147NUP001,2012,0.04573043384971,0.0015610938772396,492497.439,4996514.76967,GWB ISS MPP,,,,,,,,,,,,,,,37.294537934427076,10.987247038271398,38.105042782615804,95.7699441776923,61.41536108323417,25.16184923351921,1.4959943725308786,-0.15036800448732332,11.39338262276931,12.536868138143262,17.8905196657454,23.19397711660084,48.281784972698475,0.7146698546239353,86.38682775531427,4.392893141429564,182.15677193300655,6.428886890607989,243.5721330162407,8.781937327887855,268.73398224975995,11.170673204470118,,,,,,
PO018147NUP001,2013,0.0809594739454527,0.0367901339729823,492497.439,4996514.76967,GWB ISS MPP,,,,,,,,,,,,,,,62.529293247165214,35.76834107096042,146.3327106040482,98.89292890518836,140.062463356944,6.532426275681449,2.415142435543716,1.8662078846553398,6.399746208388159,13.110002857122444,16.09028063647179,21.68829250788572,98.29763431812563,2.154631123257707,244.63034492217383,3.6168374303581956,343.5232738273622,5.990128787049258,483.58573718430614,8.06366989520885,490.1181634599876,10.32189463764148,,,,,,
PO018147NUP001,2014,0.058458682041569,0.0142893420690986,492497.439,4996514.76967,GWB ISS MPP,,,,,,,,,,,,,,,170.38884027951315,144.11935421307436,73.50430236522854,82.38536437467216,18.25360937589639,65.43068683948708,4.3811906495292146,5.999226172184126,10.085220927611642,14.125918755107739,17.143384928110592,21.91862704135273,314.5081944925875,5.149071914517986,388.012496857816,6.849301019028022,470.3978612324882,8.668455453047951,488.65147060838456,10.408341636670082,554.0821574478716,12.316123747943449,,,,,,
PO018147NUP001,2015,0.0294537293591763,-0.014715610613294,492497.439,4996514.76967,GWB ISS MPP,,,,,6.28,,5.75,,,,6.29,,,,48.129160948472,71.97260170869913,42.512083141268185,21.293177012711457,22.102948975597336,36.88488628914209,2.983595432605159,3.8610741661715755,9.379832763762588,13.705109429695318,18.835834259625795,22.710902807560544,120.10176265717112,3.400026018026509,162.6138457984393,5.459737230446714,183.90702281115077,7.521080280258865,206.0099717867481,9.843976792579227,242.8948580758902,11.976616463570604,,,,,-0.3483333333333327,
PO018147NUP001,2016,0.0294542105946352,-0.0147151293778351,492497.439,4996514.76967,GWB ISS MPP,,6.67,6.66,6.74,6.55,6.09,5.64,5.29,5.39,5.77,6.13,6.1,6.67,6.29,26.402696670476,122.05291375775678,62.81566077562382,9.06686274215601,81.13243614117161,63.22222579801253,2.999724707317635,6.152420275626306,8.72575588438341,14.518210061720293,16.78088890711177,21.335182075877558,148.45561042823277,4.495919214311581,211.2712712038566,5.9528629562252116,220.33813394601262,8.094199732598982,301.4705700871842,9.877559761803594,364.69279588519674,11.776613184025798,0.3541666666666661,0.23666666666666636,-0.05200000000000049,0.013333333333333641,-0.07833333333333314,-0.11399999999999988
PO018147NUP001,2017,0.0365429171619882,-0.0076264228104821,492497.439,4996514.76967,GWB ISS MPP,6.43,6.55,6.78,6.8,6.78,6.27,5.74,5.36,5.5,5.86,6.18,6.52,6.49,5.949999999999999,3.0955211026183,57.98040262026105,32.39452304282265,42.40593765645152,77.86539702810815,82.35004597398829,0.6019141791273448,5.32829179094681,11.125399121259827,14.008159128170966,18.141328423711222,23.622346155351565,61.07592372287935,2.8449408423637017,93.47044676570201,5.697098693983477,135.87638442215354,7.77486380253035,213.74178145026167,9.903078393633708,296.09182742424997,12.17699017734385,0.014166666666665328,0.05666666666666664,0.06799999999999962,0.07333333333333325,0.15166666666666728,0.06599999999999984
PO018147NUP001,2018,0.036072891689639,-0.0080964482828313,492497.439,4996514.76967,GWB ISS MPP,6.58,6.7,6.75,6.64,6.52,6.3,5.72,5.35,5.57,,5.86,6.15,6.640000000000001,6.02,37.17916195958849,37.759848908216256,113.36365871217097,74.35127846653378,89.04613726945739,29.95409312120495,4.191109868022779,3.0448788535967712,6.618219310820792,15.118747227183288,18.424275822682223,22.625075792839116,74.93901086780474,3.6471358272782326,188.3026695799757,4.670509027165114,262.6539480465095,7.282568577169657,351.70008531596693,9.569938938831177,381.6541784371719,11.73377377651205,0.08416666666666561,0.206666666666667,0.03799999999999937,-0.08666666666666689,-0.10833333333333339,0.09600000000000009
PO018147NUP001,2019,0.0275977007296701,-0.0165716392428002,492497.439,4996514.76967,GWB ISS MPP,6.47,6.71,6.89,,7.1,6.48,6.0,5.46,5.54,5.86,5.67,5.88,6.59,5.86,15.43983459598808,38.96825978298493,5.904444522211559,58.24782406757134,79.83722330358643,2.197278560190579,0.6854809980112897,4.52675174025236,10.04710302381376,12.891613737690722,15.155062923086096,24.07176664370006,54.40809437897301,2.508456943481628,60.31253890118457,5.105101704484918,118.5603629687559,7.0517297127863685,198.39758627234232,8.715327921523398,200.5948648325329,11.260594008072015,-0.07583333333333364,0.1566666666666663,0.17799999999999905,,0.4716666666666667,0.2760000000000007
PO018147NUP001,2020,0.0151814287427232,-0.0289879112297472,492497.439,4996514.76967,GWB ISS MPP,6.07,,,,,5.88,5.46,5.1,5.43,5.73,,6.16,6.07,5.765000000000001,28.022248840649528,20.05960939964889,56.48154089482701,33.11729202274303,84.5532582010657,55.63983983381067,2.562430379827701,6.434695273880029,8.575456085298354,13.819990671379033,18.862667436878827,21.44371091701398,48.081858240298416,4.400115414293213,104.56339913512542,5.838288312083872,137.68069115786847,7.833713901907662,222.23394935893418,10.097936150809026,277.8737891927449,11.978451305428631,-0.1708333333333334,-0.3633333333333333,,,,-0.32399999999999984
PO018147NUP001,2021,0.008117249780313,-0.0360520901921573,492497.439,4996514.76967,GWB ISS MPP,6.14,,6.48,,6.54,,,5.16,,5.41,,,6.14,5.73,94.70132326773451,36.150777712926505,0.3223695009887879,54.739228561306355,36.35527013510064,8.447138631618714,1.823571536705648,6.3415520913905805,8.545305338163214,11.699949266929016,16.506766841108693,23.6483906525804,130.85210098066102,3.96769790164087,131.17447048164982,5.544429351998566,185.91369904295618,7.083309330731178,222.2689691780568,9.017926435510669,230.71610780967552,11.442865256019463,-0.20583333333333353,-0.2933333333333339,-0.2320000000000002,,-0.08833333333333293,
PO0181550U0001,2008,,,505656.0,4980492.0,GWB ISS MPOP,2.63,2.65,2.67,2.38,2.56,2.37,2.52,2.63,2.61,2.62,2.6,2.4,2.6399999999999997,,43.90317589733121,10.23729702036685,6.243484077935397,97.98570723459244,69.50450412359632,69.11408916737327,4.240641971410489,6.181995409038307,10.289311716066836,12.95035591243258,17.923114513398325,22.39315923474698,54.14047291769806,5.161962246894877,60.38395699563346,6.928049286276329,158.3696642302259,8.433625942815391,227.87416835382223,10.381799093067517,296.98825752119546,12.372632265721572,,0.41428571428571415,0.6158333333333332,0.34272727272727277,0.3370000000000002,0.053571428571428825
PO0181550U0001,2009,,,505656.0,4980492.0,GWB ISS MPOP,1.95,2.16,2.24,0.9,2.17,2.24,2.35,2.42,2.44,2.39,2.26,1.93,2.055,2.6100000000000003,24.433342639000074,37.41687680246754,34.40070988396066,115.40777968689534,7.056277971833019,23.868090243182507,0.6321774428447577,4.9039362225790395,10.213489325934663,14.301659118731852,20.094057678595078,21.63723468805577,61.850219441467615,2.6594527959389933,96.25092932542827,5.2613987118263905,211.6587090123236,7.521463813552756,218.71498698415664,10.102592355382637,242.58307722733915,12.01441152654393,0.27000000000000046,-0.17071428571428537,0.18583333333333352,-1.1372727272727272,-0.052999999999999936,-0.07642857142857107
PO0181550U0001,2010,,,505656.0,4980492.0,GWB ISS MPOP,1.96,1.5,1.67,1.96,1.97,2.05,2.21,2.2,2.27,2.15,1.86,1.8,1.73,2.325,61.24167929640751,122.78571543176282,62.25359985495801,53.322611136160894,144.64848881429035,53.122472827241005,1.1572070263730232,2.436873590423149,7.9728846335182775,12.47557505492065,16.037366135704474,20.558359993414147,184.02739472817035,1.7645064127018966,246.28099458312835,3.902947799871983,299.60360571928925,6.04610461363415,444.25209453357957,8.097290753926734,497.37456736082055,10.162661346106967,-0.01499999999999968,-0.49571428571428555,-0.38416666666666677,-0.07727272727272716,-0.2529999999999999,-0.26642857142857146
PO0181550U0001,2011,,,505656.0,4980492.0,GWB ISS MPOP,2.01,2.08,1.55,1.95,2.0,2.0,2.09,2.2,2.2,2.2,2.15,2.02,2.045,2.005,32.04328671698269,56.45083903919455,84.56943362031134,6.133022990154877,38.61615462876291,82.7272382335797,,,8.954773467015272,15.870385674958282,19.464649413268766,21.372745304262452,88.49412575617724,,173.06355937648857,,179.19658236664344,,217.81273699540634,,300.539975228986,,-0.33499999999999996,-0.1807142857142856,-0.5041666666666667,-0.08727272727272717,-0.22299999999999986,-0.3164285714285713
PO0181550U0001,2012,,,505656.0,4980492.0,GWB ISS MPOP,2.2,2.2,1.5,2.1,2.1,2.2,2.1,2.3,2.15,2.15,2.25,2.2,2.2,2.175,30.809333067214432,10.401916530286183,37.42441967577025,93.33583105355655,59.36356137566503,23.82240448752192,1.8796886898547869,0.746664681628969,11.822659632901594,12.760762784355073,18.131217769107106,23.641368826896993,41.21124959750061,1.3419823808662632,78.63566927327086,4.951993434345099,171.97150032682742,6.904185771847593,231.33506170249245,9.209073135523386,255.15746619001436,11.601166344038349,-0.16500000000000004,-0.025714285714285356,-0.5541666666666667,0.06272727272727296,-0.12299999999999978,-0.1164285714285711
PO0181550U0001,2013,,,505656.0,4980492.0,GWB ISS MPOP,2.2,2.0,1.73,1.7,1.8,1.86,2.2,2.21,2.22,2.2,2.15,2.12,2.1,2.2,65.08676490204482,36.3155782253482,148.43784956467456,99.6942435368405,139.25898495137577,7.739261346672517,2.6886259870164135,2.1632925451034293,6.707975825503404,13.376703342147811,16.34700781722183,22.059378549718044,101.40234312739301,2.439315201023811,249.84019269206757,3.9096316383445595,349.5344362289081,6.276399564295373,488.7934211802839,8.343875430790208,496.53268252695636,10.617163240557252,-0.13999999999999968,-0.12571428571428545,-0.3241666666666667,-0.33727272727272717,-0.4229999999999998,-0.4564285714285712
PO0181550U0001,2014,,,505656.0,4980492.0,GWB ISS MPOP,1.7,1.43,1.06,1.87,,2.05,2.07,2.1,2.18,2.2,1.6,1.6,1.565,2.175,169.6220030437588,135.5365916038281,78.97745018655793,85.76051101169786,12.484286627279797,92.80179915955947,4.691664697939553,6.267132220351179,10.340987733141711,14.220290286837088,17.27484560271211,22.12355132045859,305.15859464758694,5.439344200101003,384.13604483414485,7.127688083703913,469.8965558458427,8.900838634487206,482.3808424731225,10.620005627963842,575.182641632682,12.52667065986905,-0.16500000000000004,-0.6607142857142856,-0.9941666666666666,-0.16727272727272702,,-0.26642857142857146
PO0181550U0001,2015,,,505656.0,4980492.0,GWB ISS MPOP,1.8,1.81,1.9,2.0,2.06,2.13,2.23,2.27,2.29,2.26,2.5,2.44,1.8050000000000002,1.9000000000000001,47.43763710777952,74.28490885699412,36.28637363682981,19.477387702145997,19.872435150968865,38.00434281504705,3.4869030023452474,4.275542557159041,9.769446165845187,13.822109185856723,19.030049884519624,23.04851388756714,121.72254596477364,3.861172621578912,158.00891960160345,5.896244620159519,177.48630730374944,7.877710761583819,197.3587424547183,10.167263826557395,235.36308526976535,12.302277648824203,-0.4399999999999997,-0.4207142857142854,-0.15416666666666679,-0.037272727272727124,-0.1629999999999998,-0.1864285714285714
PO0181550U0001,2016,,,505656.0,4980492.0,GWB ISS MPOP,2.38,2.3,2.23,2.31,2.37,2.4,2.5,2.54,2.55,2.57,2.4,2.54,2.34,2.38,26.504447802888915,124.66612913767764,69.0131102788158,8.891620478576579,79.53942766140827,66.69429322843104,3.3078491706964055,6.399741585315527,8.98506232145379,14.612110522775884,16.831876111791342,21.440406442201247,151.17057694056655,4.775187943735989,220.18368721938236,6.225255784949899,229.07530769795895,8.321969469406394,308.6147353593672,10.069036395988736,375.30902858779825,11.953793862211803,0.040000000000000036,0.11428571428571432,0.17583333333333329,0.27272727272727293,0.14700000000000024,0.08357142857142863
PO0181550U0001,2017,,,505656.0,4980492.0,GWB ISS MPOP,2.6,2.57,2.61,2.64,2.63,2.7,2.79,2.8,2.79,2.81,2.8,2.8,2.585,2.485,3.69532123261177,57.822228520036774,28.052217654652335,44.85095151443417,79.2432262317472,48.407088244352295,0.7503463109644315,5.40172039816481,11.483530275332907,14.189396759327284,18.454444477741063,24.154970765144782,61.51754975264854,2.957778081161221,89.56976740730087,5.894426059153691,134.42071892173504,7.968168734197089,213.66394515348225,10.12098031068625,262.0710333978345,12.447056076618603,0.14500000000000002,0.35928571428571443,0.5558333333333332,0.602727272727273,0.40700000000000003,0.3835714285714289
PO0181550U0001,2018,,,505656.0,4980492.0,GWB ISS MPOP,2.84,2.84,2.58,2.6,2.57,2.66,2.8,2.86,2.82,,2.59,2.77,2.84,2.8049999999999997,34.88865627898732,36.20947301702612,112.67580079432128,74.4016431717641,104.13964211641995,34.94471785107858,4.59256425625825,3.283015188353467,6.780624767516722,14.996566033780327,18.266341771788884,22.556860138793695,71.09812929601344,3.971083342676319,183.77393009033472,4.938814277899125,258.17557326209885,7.4532522168694255,362.3152153785188,9.67315801953501,397.2599332295974,11.808578260296116,0.46499999999999986,0.6142857142857143,0.5258333333333334,0.562727272727273,0.347,0.34357142857142886
PO0181550U0001,2019,,,505656.0,4980492.0,GWB ISS MPOP,2.83,2.84,2.91,,,2.88,2.94,2.84,2.85,,,2.09,2.835,2.59,12.96935621728101,39.653311445288836,7.571581722624259,57.56638987410168,97.80045126922101,1.3292854708217967,0.8369685048323317,4.795137146469451,10.063456424738755,12.678630641717385,14.661360707914092,23.634617436104776,52.622667662569846,2.7154214195075745,60.194249385194105,5.246411254642759,117.76063925929579,7.104466101411416,215.5610905285168,8.655881550428521,216.89037599933857,11.138544956894199,0.25,0.6092857142857144,0.8558333333333334,,,0.5635714285714286
PO0181550U0001,2020,,,505656.0,4980492.0,GWB ISS MPOP,2.25,,,,,2.42,2.52,2.55,2.57,2.43,,2.35,2.25,,43.23082376378105,15.539308959584748,52.44388702271145,25.444735111451738,46.58812934044294,70.90414233736564,2.8335588542803953,6.913057302907822,8.633579986268424,13.944598351027931,18.775819503816354,21.422087766179718,58.770132723365805,4.7695920163408685,111.21401974607726,6.100521205982582,136.658754857529,8.06154049224392,183.24688419797195,10.261160686672698,254.1510265353376,12.111038103165574,,0.024285714285714466,,,,0.10357142857142865
PO0181550U0001,2021,,,505656.0,4980492.0,GWB ISS MPOP,2.12,2.22,,,,2.47,2.56,2.59,,2.63,2.56,,2.17,2.43,117.05730262027744,33.28169335758564,4.477493213786456,55.12323448973701,37.24825813042367,13.474593370936928,1.7854433276684851,6.477154929489609,8.57461654784164,11.49555898804787,16.414318638999795,23.651760821873008,150.33899597786308,4.0120183251429165,154.81648919164954,5.583579935183588,209.93972368138654,7.061574698399658,247.1879818118102,8.981674447794388,260.6625751827471,11.413180476647199,0.0900000000000003,-0.055714285714285605,,,,0.15357142857142891
PO018162NUP001,2008,0.0556098222940824,0.0335867501345215,512843.2754,4999704.7415,GWB ISS BPPO,,,,,,,,,,,,,,,108.8496918332091,24.714093398209958,10.548086661324792,86.87318646407816,91.6437510442492,63.53927956515157,4.158340808767174,6.6321237671724615,10.76311326090795,13.45829122431191,18.796439199691278,22.584406074115595,133.56378523141908,5.332339500891718,144.11187189274386,7.202939351563975,230.98505835682204,8.76677731975096,322.62880940107124,10.825846977222152,386.1680889662228,12.774779424221064,,,,,,
PO018162NUP001,2009,0.0442331370732184,0.0222100649136575,512843.2754,4999704.7415,GWB ISS BPPO,,,,,,,,,,,,,,,51.766205282873,88.2071454491925,86.00339227013711,137.19097054273055,7.8597772261200065,24.986548048845382,2.6956891366408215,5.254312013294207,10.488774216778811,14.740859701831834,20.985984707511715,23.245760171252837,139.9733507320655,3.9099508408153096,225.97674300220262,6.175990003647182,363.1677135449332,8.317207428193345,371.0274907710532,10.918082233881222,396.0140388198986,12.961343770462154,,,,,,
PO018162NUP001,2010,0.0242679733590567,0.0022449011994958,512843.2754,4999704.7415,GWB ISS BPPO,,,,,,,,,,,,,,,62.76779762562682,125.88893393661463,59.167542876936274,54.357835285231076,160.19298697631393,49.43312497787845,1.1937538827094487,3.431482545724755,8.071179544398127,13.164476775159033,16.604503239564238,21.486894419336,188.65673156224145,2.255726807530272,247.8242744391777,4.2588271946736445,302.1821097244088,6.4852395897949915,462.37509670072274,8.5627043125953,511.80822167860117,10.70483526951365,,,,,,
PO018162NUP001,2011,0.0129232727178307,-0.0090997994417301,512843.2754,4999704.7415,GWB ISS BPPO,,,,,,,,,,,,,,,36.19270413098709,48.45180248136933,105.19926146205192,12.83941003692348,38.88981041896871,88.05146100985463,,,9.432163168333046,16.560790718201783,20.19112852443867,21.876286344598537,84.64450661235642,,189.84376807440833,,202.6831781113318,,241.5729885303005,,329.6244495401551,,,,,,,
PO018162NUP001,2012,0.019085934328095,-0.0029371378314658,512843.2754,4999704.7415,GWB ISS BPPO,,,,,,,,,,,,,,,25.464551743729444,21.83379343535734,32.89605586989025,97.56221552856351,63.16930058918099,35.71969251225262,2.411746544670331,1.3110961846097362,12.16183679571278,12.84314046624911,18.18363604055059,23.660280962119696,47.29834517908678,1.8894040009127604,80.19440104897703,5.427686408010545,177.75661657754054,7.2815499225701865,240.92591716672155,9.51972654281782,276.64560967897415,11.863464844359568,,,,,,
PO018162NUP001,2013,0.0487328599174794,0.0267097877579185,512843.2754,4999704.7415,GWB ISS BPPO,,,,,,,,,,,,,,,77.86005092744936,37.93754251806448,165.6113899179691,87.74344492600456,128.91300294731735,14.446329979427366,2.8564305121066824,2.608190481600675,6.899107233328371,13.531005189371601,16.45994854585047,22.171650931994144,115.79759344551385,2.738621684069933,281.40898336348295,4.171677817703395,369.1524282894875,6.511509660620447,498.06543123680484,8.553904398647802,512.5117612162322,10.810989459423439,,,,,,
PO018162NUP001,2014,0.0291545493376757,0.0071314771781148,512843.2754,4999704.7415,GWB ISS BPPO,,,,,,,,,,,,,,,205.0995743482151,140.70406912466473,115.34272137696534,109.2150303465289,28.682704059397725,92.56012736610137,5.179644536276817,6.853223628131179,10.944525360717723,14.785326758540181,17.982108561549982,22.732450643351235,345.8036434728798,5.973885461224651,461.14636484984516,7.685994759938931,570.361395196374,9.460827759589245,599.0440992557717,11.210229778534826,691.6042266218731,13.119990142869039,,,,,,
PO018162NUP001,2015,0.0130575281669238,-0.008965543992637,512843.2754,4999704.7415,GWB ISS BPPO,,,,,,,3.27,,,3.8,,,,,33.44463975112032,97.41107914101661,40.889995859688504,49.090101980952326,28.106469833015517,53.165323329357136,4.215506944426851,4.733292100846758,10.010561732686494,14.206888896458416,19.159419630484738,23.291635777484363,130.85571889213693,4.461235493236298,171.74571475182543,6.372670086824698,220.83581673277774,8.331224789233127,248.94228656579327,10.5542316771722,302.1076098951504,12.665403627500183,,,,,,
PO018162NUP001,2016,0.0113469337009574,-0.0106761384586034,512843.2754,4999704.7415,GWB ISS BPPO,,,4.6,4.6,4.6,4.1,3.55,2.75,3.5,3.93,4.1,4.08,,3.8,26.587041086128092,123.70102531934762,57.54354040553852,12.483560865821934,65.65412514553884,59.40210805558993,3.7165493183333,6.699607447429024,9.43347432887904,14.972240901127636,17.19074970941236,21.966225774584405,150.28806640547572,5.1322379219719485,207.83160681101424,6.613774906573281,220.31516767683618,8.70339140521187,285.969292822375,10.445829202762964,345.3714008779649,12.355287198092483,-0.10416666666666696,,0.16799999999999926,0.02999999999999936,0.35666666666666647,0.026666666666666394
PO018162NUP001,2017,0.0173793394839936,-0.0046437326755672,512843.2754,4999704.7415,GWB ISS BPPO,4.3,4.3,4.3,4.6,,4.5,4.4,4.4,3.8,4.15,4.15,4.15,4.3,4.015,3.9655850107376955,49.135029842314516,28.957351614584404,52.37206154460598,62.125612416759026,34.31886835537484,1.410687753940093,5.917551000277838,12.234858729307092,15.057622841829566,19.289762255344574,24.908599322092652,53.100614853052214,3.5495381081342767,82.05796646763662,6.541148544316025,134.4300280122426,8.67026711869441,196.5556404290016,10.85042837191398,230.87450878437645,13.180511954816522,0.1108333333333329,0.010416666666666963,-0.13200000000000056,0.02999999999999936,,0.42666666666666675
PO018162NUP001,2018,0.012527332310823,-0.0094957398487378,512843.2754,4999704.7415,GWB ISS BPPO,4.95,5.0,4.9,4.73,4.75,3.97,3.6,3.63,3.7,3.72,3.7,3.71,4.975,4.15,32.92872739857309,35.042254153909894,103.00187392671998,110.65247504684532,165.951783564687,22.867497663444798,5.802259787474472,3.97742619249834,7.3059046251125705,15.671507419160669,18.763878838092758,23.289852297715598,67.97098155248298,4.936237064434952,170.97285547920296,5.752455890890576,281.6253305260483,8.232218772958099,447.5771140907353,10.394347660502302,470.4446117541801,12.531724119708926,0.24583333333333357,0.6854166666666668,0.46799999999999997,0.16000000000000014,0.5066666666666668,-0.10333333333333306
PO018162NUP001,2019,0.0147513035244065,-0.0072717686351543,512843.2754,4999704.7415,GWB ISS BPPO,3.85,4.55,4.55,4.7,,4.7,4.15,4.17,4.15,4.07,,,4.083333333333333,3.71,12.421925531905988,35.87939425780932,4.295129265051415,62.14003027042814,128.78820705735504,0.5235280649220364,2.0726486367090304,6.147388975550256,11.043992455126782,13.340413652885484,15.248210390164928,24.62202928392816,48.30131978971531,4.006423712769273,52.59644905476672,6.430475168470193,114.73647932519486,8.157959789574017,243.5246863825499,9.613574151284732,244.04821444747193,12.101163399789167,-0.19416666666666682,-0.20624999999999982,0.11799999999999944,0.1299999999999999,,0.6266666666666669
PO018162NUP001,2020,0.0028867566365214,-0.0191363155230394,512843.2754,4999704.7415,GWB ISS BPPO,,,,,,3.8,3.4,3.3,,3.68,,3.8,,4.07,41.116345576533774,18.907492852357937,44.16053493992929,13.36549643144726,54.268999872432765,99.7500063881893,3.592927588526638,7.655679418505117,9.292358070103427,14.528994395484373,19.228662886330493,21.752006893037453,60.02383842889171,5.521013202753713,104.184373368821,6.820031990396393,117.54986980026825,8.747272591668388,171.81886967270103,10.89908119520829,271.5688760608903,12.69790865893688,0.1658333333333335,,,,,-0.27333333333333343
PO018162NUP001,2021,0.0023662673827875,-0.0196568047767733,512843.2754,4999704.7415,GWB ISS BPPO,3.8,3.8,3.81,4.22,3.38,3.37,3.39,3.35,3.9,3.91,3.9,4.6,3.8,3.68,112.57626153255993,33.90405224066556,6.436052299069708,57.39769932578471,50.107163375434055,25.147206877162507,2.412840040611263,7.167887164714091,9.589443297522068,12.200167370350968,17.07723600906842,24.222423559879687,146.48031377322548,4.669472574083792,152.91636607229518,6.364129156601421,210.3140653980799,7.8231387100388075,260.4212287735139,9.722986499905815,285.5684356506764,12.12620811205618,-0.22416666666666663,-0.48958333333333304,-0.6220000000000003,-0.35000000000000053,-0.8633333333333333,-0.7033333333333331
PO018173NUP001,2008,0.066882026676317,0.0480306503392378,507665.885333,5013301.88233,GWB ISS MPTLS,,,,,,,,,,,,,,,110.07926074946877,26.518305498379327,11.362870815820765,98.20108960666971,97.38618717924052,70.29842274908815,3.944894786816665,6.709930370629302,10.846753775062815,13.57686859881134,18.99676671050598,22.827186298621882,136.5975662478481,5.25711506388029,147.96043706366888,7.182435064398715,246.1615266703386,8.78104344800187,343.5477138495791,10.878311137655032,413.8461365986673,12.858787683671636,,,,,,
PO018173NUP001,2009,0.0360533028546248,0.0172019265175456,507665.885333,5013301.88233,GWB ISS MPTLS,,,,,,,,,,,,,,,63.674791371464146,94.87017294721149,101.59812789058307,120.37393089509769,8.419247885548387,34.20781333921795,1.566784913732267,5.480862815576791,10.704831854497584,15.016177960113144,21.30068459912987,23.659587394994205,158.54496431867562,3.4243134095228887,260.1430922092587,5.9320475405697275,380.51702310435644,8.203080145455582,388.9362709899048,10.89199231806421,423.14408432912273,13.008168297665868,,,,,,
PO018173NUP001,2010,0.0202825402338911,0.0014311638968119,507665.885333,5013301.88233,GWB ISS MPTLS,,,,,,,,,,,,,,,64.48735331306077,134.21595289668932,66.85161926206604,55.315186769630685,162.85371918873753,55.08569715581325,1.3989014122253645,3.555739384201498,8.09612436444241,13.074942501567484,16.51672250364782,21.369130765956722,198.70330620975008,2.4224855345191227,265.5549254718161,4.376738909270477,320.8701122414468,6.551289807344729,483.7238314301843,8.597173341022847,538.8095285859976,10.714072361730121,,,,,,
PO018173NUP001,2011,0.0063160551056964,-0.0125353212313827,507665.885333,5013301.88233,GWB ISS MPTLS,,,,,,,,,,,,,,,29.678618968444287,49.77414968576511,110.37423826615955,11.798876062320838,41.27159396470573,86.26344828111854,,,9.390256527044894,16.50018497741837,20.127356098198444,21.832084063541828,79.4527686542094,,189.82700692036894,,201.62588298268977,,242.8974769473955,,329.16092522851403,,,,,,,
PO018173NUP001,2012,0.0201598714412929,0.0013084951042137,507665.885333,5013301.88233,GWB ISS MPTLS,,,,,,,,,,,,,,,26.291860055356715,20.028154389449355,31.157730521533864,110.53712953539282,75.56670995431963,46.388423447342284,2.1095775073429763,1.17036221986847,11.97859572230908,12.79575857114871,18.24477878752007,23.734404190191658,46.32001444480607,1.6638482183720242,77.47774496633994,5.216705691950343,188.01487450173278,7.111468911749935,263.5815844560524,9.39711531008685,309.9700079033947,11.773461533308641,,,,,,
PO018173NUP001,2013,0.0407662854965438,0.0219149091594646,507665.885333,5013301.88233,GWB ISS MPTLS,,,,,,,,,,,,,,,70.74518769233215,34.86449093967617,167.73188887496937,99.0577639539849,139.327864083342,15.873312003885827,2.8111999847751212,2.547896451430838,6.85138480150378,13.49386723778696,16.527461934357685,22.35439303698709,105.60967863200833,2.6862423757303766,273.3415675069777,4.120902544607882,372.39933146096257,6.464143717902653,511.72719554430455,8.530122954393422,527.6005075481904,10.82143843769624,,,,,,
PO018173NUP001,2014,0.0225700064159332,0.003718630078854,507665.885333,5013301.88233,GWB ISS MPTLS,,,,,,,,,,,,,,,209.10292508444357,146.9394890737303,104.8689964922802,102.65956445653295,39.08603300251596,116.26490280875517,5.190129587269874,6.836199379304145,10.90898087526209,14.843460335487539,18.129864051141087,22.82216112858431,356.04241415817387,5.971315251286138,460.91141065045406,7.6720667439889665,563.570975106987,9.464915141863608,602.657008109503,11.243811937807992,718.9219109182582,13.162875339594121,,,,,,
PO018173NUP001,2015,0.0035264195861619,-0.0153249567509172,507665.885333,5013301.88233,GWB ISS MPTLS,,,,,,,1.29,,,2.27,,,,,38.26322980637205,103.79297484517788,43.72525351005145,47.37992751771386,36.928761706252466,57.070107094926094,4.201554864404954,4.700877743433499,9.871813582952498,14.137209782623163,19.26678122610416,23.39224076680758,142.05620465154993,4.438521654452398,185.7814581616014,6.309988874269099,233.16138567931526,8.266794101357615,270.0901473855677,10.525069603789024,327.1602544804938,12.657749907051768,,,,,,
PO018173NUP001,2016,0.009053075635579,-0.0097983007015001,507665.885333,5013301.88233,GWB ISS MPTLS,,,2.5,2.6,2.4,1.4,1.5,1.0,2.2,2.4,2.4,2.3,,2.27,18.00463081591464,83.34906152649877,38.17894833138266,12.44928446745688,85.72886093092262,93.65673320483174,3.5903041707260033,6.63176992081229,9.328625595698231,14.938785363051615,17.245285432056804,22.028693180520015,101.35369234241341,5.0337116453432245,139.53264067379607,6.51307089490995,151.98192514125296,8.619499511945367,237.71078607217558,10.390356224021225,331.3675192770073,12.319362349407765,0.07555555555555582,,0.15799999999999992,-0.07600000000000007,0.18333333333333313,-0.5333333333333337
PO018173NUP001,2017,0.0103159634801152,-0.0085354128569639,507665.885333,5013301.88233,GWB ISS MPTLS,2.7,2.7,2.7,2.91,,1.6,1.6,1.6,1.9,2.15,2.15,2.15,2.7,2.4,3.440813043300785,52.12741164522747,32.68202340688099,57.634491883475114,59.64992355421436,43.015380666068246,1.107609868534469,5.880710897145211,12.178841222428478,15.103753509247387,19.44116581686242,25.045820739304524,55.568224688528254,3.3728103566887193,88.25024809540923,6.4059987659990805,145.88473997888434,8.580437451811155,205.5346635330987,10.810123407550158,248.55004419916693,13.169631252592318,0.2055555555555557,0.34375,0.3580000000000001,0.23399999999999999,,-0.3333333333333335
PO018173NUP001,2018,0.0138721698991454,-0.0049792064379337,507665.885333,5013301.88233,GWB ISS MPTLS,2.5,2.5,2.2,2.12,2.15,1.8,1.45,1.48,2.3,2.36,2.35,2.36,2.5,2.15,36.72227872161663,35.76036732206846,108.7158527743742,113.68644422940896,159.01449115053168,25.23627209797531,5.389441348496845,3.7509724848985777,7.214132741826804,15.65816965539972,18.88707070385253,23.456983319479384,72.4826460436851,4.611862904755295,181.1984988180593,5.508200293079925,294.88494304746825,8.045692633659874,453.89943419799994,10.271406012308697,479.13570629597524,12.456860814602182,-0.04444444444444429,0.14374999999999982,-0.1419999999999999,-0.556,-0.06666666666666687,-0.13333333333333353
PO018173NUP001,2019,0.0105716893391788,-0.0082796869979003,507665.885333,5013301.88233,GWB ISS MPTLS,2.35,2.5,2.51,3.05,,3.1,1.45,1.47,1.48,2.03,,2.55,2.425,2.356666666666667,13.211561835470405,35.11947107876388,4.805073876605929,65.67647234081261,130.95471315387084,0.9823725991035589,2.041508130300366,6.1458106733921625,11.002528943213497,13.446971228026069,15.430325783127673,24.871772751393756,48.331032914234285,3.9893127270218964,53.136106790840216,6.404976090376781,118.81257913165283,8.165474874789103,249.76729228552367,9.656934332792385,250.74966488462724,12.17873075576499,0.1622222222222227,0.06874999999999964,0.1679999999999997,0.37399999999999967,,1.1666666666666665
PO018173NUP001,2020,0.0023808140487801,-0.016470562288299,507665.885333,5013301.88233,GWB ISS MPTLS,,,,,,1.6,1.4,1.5,,1.96,,2.0,,2.03,40.66782470933175,16.952724312905012,49.63049307307542,16.30631160269844,62.307619501447846,107.56795714574423,3.5704273464713534,7.7071168252588365,9.346386237601042,14.699212098695055,19.549267939357836,22.055008790752588,57.62054902223676,5.533602014370499,107.25104209531219,6.846894357927686,123.55735369801063,8.809973793119529,185.86497319945846,11.014729544996266,293.4329303452027,12.844610082966927,-0.1644444444444444,,,,,-0.3333333333333335
PO018173NUP001,2021,0.001169048505848,-0.0176823278312311,507665.885333,5013301.88233,GWB ISS MPTLS,1.8,1.8,1.8,2.7,2.1,2.1,2.1,2.1,1.84,1.85,1.85,2.5,1.8,1.96,113.96275248705523,42.000230618367844,2.4203266878697844,59.30887612127292,53.77393343930675,14.622319787081768,2.1667857429816224,6.736446248889663,8.965309549765761,12.03138389272441,16.95759133818745,23.98132311155077,155.96298310542306,4.335438186463405,158.38330979329285,5.930171656045326,217.69218591456575,7.4554747152150975,271.4661193538725,9.406240379533925,286.0884391409543,11.821999948376495,-0.23444444444444423,-0.5562500000000001,-0.542,0.02400000000000002,-0.1166666666666667,0.16666666666666652
PO018176NUP001,2008,0.0301319888252195,0.016995423867527,518046.1505,5015899.1052,GWB ISS MPTLS,,,,,,,,,,,,,,,120.30909927688546,30.003555843066785,13.180007516111836,114.4072903993535,94.14764081891785,88.6123876966487,3.7143687909996856,5.384162388470442,9.699949529780636,12.574583939852799,18.597339914073267,22.463623926437347,150.31265511995224,4.5068132101383505,163.49266263606407,6.295560164681804,277.8999530354176,7.865316108474554,372.04759385433545,10.068579273862369,460.6599815509841,12.12300656434441,,,,,,
PO018176NUP001,2009,0.0202925451271187,0.0071559801694262,518046.1505,5015899.1052,GWB ISS MPTLS,,,,,,,,,,,,,,,74.72502524358023,100.54383919717526,124.20572646060882,154.0211548506509,5.215643014698914,56.59492053606896,-0.10187766480710926,4.296960879607028,9.731632743556968,14.430336267571262,21.41086040756643,23.719969401947644,175.2688644407555,1.9857067291521424,299.4745909013643,4.653747911891583,453.4957457520152,7.097895000811502,458.7113887667141,10.036318362463177,515.306309302783,12.304326822046237,,,,,,
PO018176NUP001,2010,0.013333479706563,0.0001969147488705,518046.1505,5015899.1052,GWB ISS MPTLS,,,,,,,,,,,,,,,72.96270999160292,164.10146064769802,84.349613759761,62.623456730921916,175.95166529579765,65.84453503606494,0.9797088123304774,3.587768393563161,8.104721508164525,13.2504565111336,16.98014172367766,22.165759480705194,237.06417063930093,2.2174320034239545,321.4137843990619,4.245276166167929,384.03724112998384,6.496571252409347,559.9889064257815,8.648827441875026,625.8334414618464,10.889202917924225,,,,,,
PO018176NUP001,2011,0.0050691602642571,-0.0080674046934353,518046.1505,5015899.1052,GWB ISS MPTLS,,,,,,,,,,,,,,,30.72607077295828,49.18331285209136,105.69030331624886,12.051277359591072,44.56978125168163,84.89994213202961,,,9.395639964302607,16.507970550132757,20.135548471647695,21.83776240471645,79.90938362504964,,185.5996869412985,,197.65096430088957,,242.2207455525712,,327.1206876846008,,,,,,,
PO018176NUP001,2012,0.0125858882148341,-0.0005506767428583,518046.1505,5015899.1052,GWB ISS MPTLS,,,,,,,,,,,,,,,26.723628544915364,22.686090989989435,25.572204460229855,132.09913085993998,91.46311228963216,46.94082348239007,1.6900073846280343,0.313890861231125,11.247110727747517,12.493235254256806,18.13807583166297,23.558361550539175,49.409719534904795,1.0369351362362809,74.98192399513465,4.553773395534596,207.08105485507463,6.538638860215148,298.54416714470676,8.919980225214369,345.48499062709686,11.346231273610744,,,,,,
PO018176NUP001,2013,0.0489407165768567,0.0358041516191642,518046.1505,5015899.1052,GWB ISS MPTLS,,,,,,,,,,,,,,,78.67994591672392,37.15207539342487,187.8890777264779,126.35802083494622,168.87653815753768,21.966971302303584,2.515656456764689,2.2341623253507965,6.572491565554443,13.217289612957138,16.313517053589777,22.337247511933153,115.8320213101488,2.382066021517418,303.7210990366267,3.8254348200190598,430.0791198715729,6.173398518253579,598.9556580291106,8.255144707627236,620.9226293314142,10.589194896186228,,,,,,
PO018176NUP001,2014,0.0146152410176414,0.0014786760599489,518046.1505,5015899.1052,GWB ISS MPTLS,,,,,,,,,,,,,,,220.55813927727118,153.53835913784468,93.67388578098857,95.70808571420176,56.67049411687172,166.59561313201542,5.082275216395698,6.700221908420995,10.789919987289911,14.787136389808149,18.107920017931463,22.61641374926321,374.0964984151159,5.8501143244755,467.7703841961045,7.551602941667131,563.4784699103062,9.360486303702384,620.148964027178,11.156317066226235,786.7445771591933,13.055780604851147,,,,,,
PO018176NUP001,2015,0.0022709168428359,-0.0108656481148565,518046.1505,5015899.1052,GWB ISS MPTLS,,,,,,,3.66,,,4.34,,,,,44.961075328015454,120.10195612458705,45.49029534074651,46.79931540018287,52.8835915314103,66.9843023264936,3.587915865461461,4.116224923402059,9.505606898543261,13.851207301013375,19.415880170260184,23.627990264828448,165.0630314526025,3.8386388082129312,210.55332679334902,5.790594483771156,257.3526421935319,7.805747688081711,310.23623372494217,10.189284820184575,377.2205360514358,12.416694562390742,,,,,,
PO018176NUP001,2016,0.0025825304632462,-0.0105540344944462,518046.1505,5015899.1052,GWB ISS MPTLS,,,4.7,4.3,3.9,3.7,3.45,2.7,4.2,4.43,4.4,4.42,,4.34,2.1611653940240485,10.084783828767762,4.855738224944024,12.729596729272144,120.1501166634506,158.54588754415985,3.0947500742402596,6.3543159410567025,8.991650292071734,14.756391790388758,17.306945340745315,22.112810740973952,12.245949222791811,4.641662689000604,17.101687447735834,6.13999175228066,29.83128417700798,8.294091761807685,149.98140084045858,10.144412695231967,308.52728838461843,12.12812507850412,-0.07166666666666632,,0.1299999999999999,-0.1739999999999995,-0.07666666666666666,-0.23499999999999988
PO018176NUP001,2017,0.0070228283303645,-0.0061137366273279,518046.1505,5015899.1052,GWB ISS MPTLS,4.7,4.7,4.7,4.56,,3.8,3.75,3.75,4.2,4.44,4.45,4.45,4.7,4.415,2.89518038099274,56.46503702946649,36.85959063746768,69.96054730661412,53.77443225494739,35.090086520093664,0.5148792292737222,5.730550273520852,11.51517467181199,14.67203203505922,19.12999232021921,24.64920848186206,59.36021741045923,2.9901129451876143,96.2198080479269,5.926523095469343,166.180355354541,8.112900330366811,219.9547876094884,10.374687427621277,255.04487412958207,12.740630143793782,0.0033333333333338544,0.16250000000000053,0.1299999999999999,0.0860000000000003,,-0.13500000000000023
PO018176NUP001,2018,0.0127013404924383,-0.0004352244652541,518046.1505,5015899.1052,GWB ISS MPTLS,4.6,4.8,4.45,4.34,4.35,3.92,3.7,3.72,4.39,4.44,4.4,4.41,4.699999999999999,4.445,42.0071267241975,35.9267430018278,117.62877772665577,124.95299172671726,152.4050874442695,28.235423297139974,4.797556495937209,3.420961957490834,7.02616090985278,15.513082514992973,19.222213452756954,23.68080670926522,77.9338697260253,4.1442573929457085,195.56264745268106,5.136913048769255,320.5156391793983,7.730955415325185,472.9207266236678,10.090087860095947,501.15614992080776,12.3426931942124,0.0333333333333341,0.16249999999999964,-0.1200000000000001,-0.13399999999999945,0.3733333333333331,-0.015000000000000124
PO018176NUP001,2019,0.010570066762335,-0.0025664981953574,518046.1505,5015899.1052,GWB ISS MPTLS,4.4,4.8,4.8,4.7,,4.72,3.85,3.87,3.88,4.6,,4.25,4.6,4.42,14.431596758241726,33.13459174660073,5.014369525627477,71.88694925685716,135.98074505012286,1.7002436159726932,1.8121537508513368,5.944646705467313,10.769545816286321,13.728239031380449,15.90300835749566,25.291505946318324,47.56618850484245,3.7733368479572236,52.58055803046993,6.183142159270579,124.4675072873271,8.069416377298046,260.44825233744996,9.67763724740484,262.14849595342264,12.26557128589879,0.008333333333333748,0.0625,0.22999999999999954,0.22600000000000087,,0.7849999999999997
PO018176NUP001,2020,0.0014947523798906,-0.0116418125778018,518046.1505,5015899.1052,GWB ISS MPTLS,,,,,,3.8,3.7,3.8,,4.25,,4.25,,4.6,38.26046589807419,14.496803606398668,58.70157522323136,20.621463134395107,81.61916367037738,122.35621251469242,3.4419484228024633,7.7922383270585955,9.56145716770785,15.220576535155201,20.407656859353605,22.909858962770254,52.75726950447286,5.506492784144356,111.45884472770422,6.903202738482893,132.08030786209932,8.98254618765097,213.6994715324767,11.328098709656146,336.0556840471691,13.247727480890529,0.18833333333333346,,,,,-0.13500000000000023
PO018176NUP001,2021,0.0023004544040932,-0.0108361105535992,518046.1505,5015899.1052,GWB ISS MPTLS,4.1,4.2,4.2,4.47,3.68,3.67,3.68,3.65,4.1,4.1,4.1,4.6,4.15,4.25,127.87917349679101,48.59114194564909,8.21970428671109,69.10448508150317,59.74023850100654,16.279664648352192,2.9183324837704765,7.8010423648684855,9.852150717793858,13.083041472683906,18.43417960020568,25.77348022349408,176.4703154424401,5.235550732427159,184.69001972915117,6.825712949609023,253.79450481065436,8.390045080377744,313.5347433116609,10.452085942064274,329.8144079600131,12.991543557770873,-0.16166666666666618,-0.3874999999999993,-0.3700000000000001,-0.0039999999999995595,-0.2966666666666664,-0.2650000000000001
PO0181770U0020,2008,0.1898470815441252,0.0660166537055513,488853.0,5017022.0,GWB ISS MPP,5.08,5.22,5.35,5.61,5.3,5.05,4.31,3.93,4.1,4.9,5.0,4.91,5.15,,134.3866333843043,40.85212864176238,17.34723005511478,136.94899010249517,115.66842506916132,87.61190547962437,4.766798431287857,6.426257105437566,10.378063845061067,12.95417131606275,17.912005366542175,21.631282106730154,175.2387620260667,5.554338141053821,192.58599208118147,7.215843661322983,329.5349821836767,8.650425575007924,445.203407252838,10.551809505720254,532.8153127324624,12.38818617992079,,-0.12727272727272698,-0.12454545454545496,0.034000000000000696,-0.3546153846153848,0.16999999999999993
PO0181770U0020,2009,0.1880990353221123,0.0642686074835385,488853.0,5017022.0,GWB ISS MPP,4.9,4.9,5.21,5.26,5.1,4.26,3.8,3.58,4.05,4.51,4.7,5.13,4.9,4.95,70.894355053912,98.13267708878845,111.46483610688554,211.47810194359258,26.229397387020615,14.097464985246962,1.2413661432559566,5.408440923448824,10.422417862728313,14.432348334459551,20.535273681947498,22.636626589861546,169.02703214270045,3.2189609541949444,280.491868249586,5.700151667134216,491.9699701931786,7.8832008339655495,518.1993675801992,10.480646253087672,532.2968325654462,12.495449623823673,0.2023076923076923,-0.377272727272727,-0.26454545454545464,-0.31599999999999984,-0.554615384615385,-0.6200000000000001
PO0181770U0020,2010,0.1397724700249236,0.0159420421863498,488853.0,5017022.0,GWB ISS MPP,5.33,5.26,5.4,5.65,5.45,4.81,4.1,4.0,4.04,4.4,4.54,4.85,5.295,4.605,61.28448440710872,150.30569437634716,82.64255230027509,70.71568373220832,151.3808876179179,64.4968266978219,1.8055409649482876,4.178613208653446,8.509528506779395,13.721739532137684,16.947451971841407,21.41616715156903,211.59017878345588,2.9317447416219222,294.232731083731,4.852981371842829,364.9484148159393,7.070170911916543,516.3293024338573,9.097957089781913,580.8261291316792,11.139649365216242,-0.14269230769230745,0.01772727272727259,-0.07454545454545425,0.07400000000000073,-0.20461538461538442,-0.07000000000000028
PO0181770U0020,2011,0.1187613912907128,-0.005069036547861,488853.0,5017022.0,GWB ISS MPP,4.95,5.1,5.4,5.4,5.25,3.5,3.99,3.9,4.06,4.55,4.9,5.15,5.025,4.470000000000001,8.056377351645152,49.58453070739248,125.76230202432718,11.854175260956001,62.545959362553035,78.00471790946665,,,9.160201382688122,16.167477272477118,19.777264220784602,21.58942653154164,57.640908059037635,,183.40321008336483,,195.25738534432082,,257.8033447068739,,335.8080626163405,,-0.27769230769230724,-0.252272727272727,-0.07454545454545425,-0.17599999999999927,-0.4046153846153846,-1.38
PO0181770U0020,2012,0.168003107948555,0.0441726801099812,488853.0,5017022.0,GWB ISS MPP,5.2,5.3,5.5,5.8,5.9,5.5,4.65,4.07,4.17,4.63,4.98,5.25,5.25,4.725,29.021892063277015,7.58304931293526,37.241742418611125,108.40842537597818,82.81344064049046,77.20342097638587,2.2510969990052003,1.367634694561729,12.34807170519887,13.02602776822127,18.639304882214986,23.989661965092946,36.604941376212274,1.8318267528286378,73.8466837948234,5.454088903089496,182.25510917080157,7.3470736193724395,265.06854981129203,9.665346262737465,342.2719707876779,12.03954223550357,-0.022692307692308233,-0.027272727272727337,0.025454545454545396,0.2240000000000002,0.24538461538461576,0.6200000000000001
PO0181770U0020,2013,0.138131674555801,0.0143012467172271,488853.0,5017022.0,GWB ISS MPP,5.45,5.7,5.89,5.9,6.0,5.04,5.25,4.19,4.4,4.62,5.4,5.18,5.575,4.805,30.898246007322445,20.3144994692215,133.03599304962657,81.70528995637343,115.35791012910235,7.839253290851681,3.253318390738901,2.977975555734822,7.142489647180723,13.659100520263683,16.681913592390956,22.17288822014633,51.212745476543944,3.1226472148047617,184.2487385261705,4.507259608178704,265.95402848254395,6.795219836199949,381.31193861164627,8.824938421908037,389.15119190249794,11.037305791781787,0.05730769230769184,0.29772727272727284,0.4154545454545451,0.32400000000000073,0.3453846153846154,0.16000000000000014
PO0181770U0020,2014,0.1167188699299511,-0.0071115579086226,488853.0,5017022.0,GWB ISS MPP,5.41,5.38,5.23,5.4,5.55,4.66,4.16,3.97,4.04,4.28,4.81,4.9,5.395,5.01,167.0572726269253,144.3809309423409,86.41552804583112,88.00599499334233,21.92795528142513,68.21711510869042,4.886374811981319,6.481647447943113,10.638866499401015,14.245126845282382,17.331690476331342,21.985988157509695,311.4382035692662,5.643453351081832,397.85373161509733,7.364095657725107,485.85972660843964,9.084353454614424,507.78768188986476,10.777515359735117,576.0047969985552,12.635273282018195,0.2623076923076919,0.11772727272727224,-0.24454545454545418,-0.17599999999999927,-0.10461538461538478,-0.21999999999999975
PO0181770U0020,2015,0.1043317473738543,-0.0194986804647195,488853.0,5017022.0,GWB ISS MPP,5.34,5.42,5.64,5.84,5.9,4.82,4.5,4.8,4.57,4.76,5.12,5.43,5.38,4.545,41.3520271657202,74.08481132821159,52.058447538668005,58.23609622634252,51.27974069193147,34.246400054998276,3.907661001821941,4.531855974375189,9.76157585302001,13.828603587194307,18.486946364027514,22.6919067223063,115.43683849393179,4.203889124389584,167.49528603259978,6.118203442028953,225.7313822589423,8.045803478320291,277.01112295087376,10.189349368763496,311.25752300587203,12.261596443936337,-0.20269230769230795,0.10272727272727256,0.16545454545454508,0.26400000000000023,0.24538461538461576,-0.05999999999999961
PO0181770U0020,2016,0.0934130342053571,-0.0304173936332167,488853.0,5017022.0,GWB ISS MPP,5.81,5.9,5.2,5.3,5.86,5.1,4.95,4.9,4.92,4.4,5.02,5.1,5.855,4.9399999999999995,19.501542852940975,108.96274893369979,47.09296809162541,13.19298379296606,91.20780699640798,49.43585169418086,3.511965213894427,6.783778155173371,9.474006969911473,14.923255334072525,17.017529089708457,21.74709467098775,128.46429178664076,5.064689999586129,175.55725987826617,6.583454733809303,188.75024367123223,8.668404883875107,279.95805066764024,10.382463495668711,329.3939023618211,12.266104021964683,0.19230769230769162,0.5777272727272731,-0.2745454545454544,-0.2759999999999998,0.20538461538461572,0.21999999999999975
PO0181770U0020,2017,0.1009922232360268,-0.022838204602547,488853.0,5017022.0,GWB ISS MPP,,,,,6.02,6.0,4.35,3.85,3.9,4.3,4.91,4.9,,4.71,1.2151017282924903,46.64192088235997,44.41568770782307,38.6273167137614,66.47536374287796,69.36425407907088,1.3982881290558349,5.972922526072849,11.589051601438364,14.34256833978007,18.33620225981291,23.9133137983444,47.85702261065246,3.5693010632334006,92.27271031847553,6.331659581948443,130.90002703223695,8.33438677140635,197.3753907751149,10.387739620019616,266.73964485418577,12.629547494880079,-0.037692307692307914,,,,0.365384615384615,1.12
PO0181770U0020,2018,0.1312977097646467,0.0074672819260728,488853.0,5017022.0,GWB ISS MPP,,5.25,5.5,5.6,5.07,5.1,4.46,3.9,4.1,4.82,5.0,5.2,5.25,4.605,33.135284368672416,28.786129720775886,98.32381159221487,87.670750405566,115.81735084138552,18.76925329746202,4.820492253092902,3.429553585961559,6.996834388245111,15.109920316941556,18.575102492935034,22.93200489324162,61.921414089448305,4.160385766996671,160.24522568166316,5.1373847365378005,247.91597608722915,7.630518631638739,363.7333269286147,9.877419954156522,382.5025802260767,12.041163314225875,-0.14269230769230745,-0.027272727272727337,0.025454545454545396,0.02400000000000002,-0.5846153846153843,0.21999999999999975
PO0181770U0020,2019,0.0948015650966815,-0.0290288627418923,488853.0,5017022.0,GWB ISS MPP,4.3,5.65,5.9,,6.13,5.0,3.4,,3.8,4.58,4.75,,4.975,4.91,7.779555126645716,25.129188286418724,4.2555011810861085,74.62126930025453,82.18851455416797,2.0032310971023053,2.0806318086839393,5.521820545229057,10.306163879345739,13.055668699885786,15.150435639032192,24.011427136661432,32.90874341306444,3.7137383277223006,37.16424459415055,5.984462684392596,111.78551389440509,7.752264188265893,193.97402844857305,9.271094088754339,195.97725954567537,11.71424321271684,0.16230769230769226,-0.3022727272727277,0.42545454545454575,,0.4753846153846153,0.1200000000000001
PO0181770U0020,2020,0.0779845594947312,-0.0458458683438426,488853.0,5017022.0,GWB ISS MPP,,,,,,4.6,,,,4.78,,,,4.665,16.723331461261463,10.921457263042907,52.723292335995836,42.30643426509483,103.73212680139684,65.74027474181061,3.0990245787509223,7.0142318023990935,8.847676714699814,13.976915460153363,18.793134957907252,21.40063900027981,27.64478872430437,4.957089023872087,80.3680810603002,6.297180339601638,122.67451532539502,8.21711411973957,226.40664212679187,10.388350185853465,292.1469168686025,12.213591425813634,-0.08269230769230784,,,,,-0.28000000000000025
PO0181770U0020,2021,0.0714715199525546,-0.0523589078860192,488853.0,5017022.0,GWB ISS MPP,,,,,5.98,,,,3.5,4.05,4.85,4.85,,4.78,84.79764816480521,39.748006969166624,2.764690734049779,52.97328748483613,49.479264885389476,9.501261754792667,2.514886283033395,6.862101951164708,9.134255814764106,11.832621920713027,16.57550541615214,23.52080458105087,124.54565513397183,4.577971684858425,127.31034586802161,6.147358440714826,180.28363335285775,7.568674310714376,229.76289823824723,9.417758842294313,239.2641599930399,11.755280235458384,0.03230769230769237,,,,0.3253846153846158,
PO018180NUP001,2008,0.0325279579663347,0.0157371649135686,528164.265,5007156.563,GWB ISS MPTLS,,,,,,,,,,,,,,,113.29436892822827,27.663385117265165,11.955373856231565,103.63108116834229,94.89095033842698,76.21782331967113,3.8589386308809934,6.301768382972027,10.49427528403244,13.270441123044092,18.880143155286834,22.723203149510024,140.95775404549343,5.018247665771653,152.913127901725,6.904434956505924,256.54420907006727,8.495936498140466,351.43515940849426,10.62779349397846,427.6529827281654,12.632557525282035,,,,,,
PO018180NUP001,2009,0.0214938314776918,0.0047030384249257,528164.265,5007156.563,GWB ISS MPTLS,,,,,,,,,,,,,,,67.07941337030022,96.8679571010477,111.10770645317572,130.20024847402,7.446288619101743,41.47813309071365,1.0040516811849676,5.122013133607479,10.410918095417152,14.844461522125608,21.391438609803735,23.679778308946112,163.9473704713479,2.9583384721651425,275.05507692452363,5.525338120174168,405.2553253985436,7.855118970662028,412.70161401764534,10.634098499227544,454.179747108359,12.796365871004102,,,,,,
PO018180NUP001,2010,0.0290536785399006,0.0122628854871345,528164.265,5007156.563,GWB ISS MPTLS,,,,,,,,,,,,,,,67.17619975136692,143.77849513340914,72.5512799372966,57.61491569955484,167.00922226200214,58.623494906719785,1.2763239261206734,3.5701263387140507,8.099684368357206,13.126134515515705,16.657220650062428,21.61183938856571,210.95469488477607,2.3649081219276997,283.5059748220727,4.340219940142308,341.12089052162753,6.536698583985657,508.13011278362967,8.614421657153734,566.7536076903494,10.768689789431962,,,,,,
PO018180NUP001,2011,0.0161210856766997,-0.0006697073760663,528164.265,5007156.563,GWB ISS MPTLS,,,,,,,,,,,,,,,31.898572588867264,49.42004626647677,103.71901995284468,11.862726495245093,43.63856815242528,85.14443748975413,,,9.374516818483995,16.477422077130342,20.103403823036594,21.815482136014978,81.31861885534403,,185.03763880818872,,196.9003653034338,,240.53893345585908,,325.6833709456132,,,,,,,
PO018180NUP001,2012,0.0106678927195822,-0.0061229003331838,528164.265,5007156.563,GWB ISS MPTLS,,,,,,,,,,,,,,,26.3507994359601,21.533871519661467,28.65867877982969,118.40525543532424,80.09905632289107,41.18456811365512,1.944183736160022,0.8998280860179393,11.74527883712396,12.700283890957905,18.213897639296626,23.6824953103706,47.884670955621566,1.4485573259231015,76.54334973545126,4.995205846447842,194.9486051707755,6.921475357575358,275.04766149366657,9.239787216736676,316.2322296073217,11.633606237780974,,,,,,
PO018180NUP001,2013,0.05077793224514,0.0339871391923739,528164.265,5007156.563,GWB ISS MPTLS,,,,,,,,,,,,,,,77.90553344275311,37.523525050340474,178.428779990615,111.30814510918853,152.88892678035603,18.67305131249307,2.7179660584593095,2.448483374593615,6.763222618854571,13.406802644514675,16.46356714979678,22.355635814038088,115.42905849309358,2.590075971201014,293.8578384837086,4.027493149837239,405.1659835928971,6.372320523506598,558.054910373253,8.444033407049616,576.7279616857461,10.7498238612466,,,,,,
PO018180NUP001,2014,0.0183052257850307,0.0015144327322646,528164.265,5007156.563,GWB ISS MPTLS,,,,,,,,,,,,,,,211.95126640831808,147.89804600846963,99.50427856104183,99.28250925598779,44.493079571554475,137.40018433385782,5.157073748355284,6.793438969485759,10.870799597799097,14.828087404549539,18.128363967589998,22.761603870846095,359.8493124167877,5.93365385329856,459.3535909778295,7.634226276404301,558.6361002338173,9.432691558440611,603.1291798053718,11.217895827868631,740.5293641392296,13.13121760294777,,,,,,
PO018180NUP001,2015,0.0100921812410751,-0.0066986118116909,528164.265,5007156.563,GWB ISS MPTLS,,,,,5.13,,5.15,,,,5.27,,,,41.54955837895437,109.75025708399605,43.14513103443877,45.40968740671329,42.665696072462964,60.58905020467593,4.010841908780122,4.518487264234009,9.753320144800902,14.046056031401747,19.31685058637878,23.468927118273182,151.29981546295042,4.251758348656543,194.4449464973892,6.146740745106267,239.85463390410249,8.121569566680137,282.52032997656545,10.419938517744097,343.10938018124136,12.582754307887038,,,,,-0.45999999999999996,
PO018180NUP001,2016,0.0071830216281669,-0.0096077714245991,528164.265,5007156.563,GWB ISS MPTLS,,5.6,5.35,,5.45,,,,5.68,5.75,5.13,5.39,5.6,5.27,11.54544446220559,53.91659354064245,26.189705378425472,12.361408924149945,100.18001435367086,121.11930561971172,3.432165015170537,6.543332068085482,9.220409567519486,14.881047541501749,17.266355356914268,22.057009017256508,65.46203800284805,4.908651074181019,91.65174338127352,6.393812332997602,104.01315230542346,8.51562113512364,204.19316665909432,10.312129485292578,325.312472278806,12.258794601087704,-0.016666666666666607,0.5062499999999996,-0.11666666666666625,,-0.13999999999999968,
PO018180NUP001,2017,0.0083250953216823,-0.0084656977310837,528164.265,5007156.563,GWB ISS MPTLS,,,,,5.65,,,,,,5.15,,,5.4399999999999995,3.3090826671006504,54.28802717115952,33.59159291318787,62.73471471454132,58.308230056662026,34.55927410388356,0.9130030852206923,5.811377838378044,11.971111552781078,14.971586293304195,19.350142945810834,24.92780514351146,57.59710983826017,3.23765551044791,91.18870275144803,6.245845925029334,153.92341746598936,8.42728101709805,212.23164752265137,10.669722870012595,246.79092162653492,13.032940926393621,0.15333333333333332,,,,0.0600000000000005,
PO018180NUP001,2018,0.0146900719886283,-0.0021007210641377,528164.265,5007156.563,GWB ISS MPTLS,5.03,5.22,5.6,5.45,5.62,5.52,5.5,5.45,5.45,5.5,5.335,,5.125,5.15,38.57761035621237,35.61506932904575,112.70100701088532,111.02144465351739,150.59208434939868,27.54950184520879,5.191158848672176,3.6405517311522515,7.15257320165027,15.611644715378418,18.993893063046634,23.530368374033678,74.19267968525813,4.455277504764415,186.89368669614345,5.384346022580654,297.91513134966084,7.941170695780095,448.50721569905954,10.210272638728854,476.05671754426834,12.418023313088769,-0.13666666666666583,0.03125,0.13333333333333375,-0.024999999999999467,0.03000000000000025,-0.11500000000000021
PO018180NUP001,2019,0.01488154004035,-0.001909253012416,528164.265,5007156.563,GWB ISS MPTLS,4.45,,,,5.94,,,,,,5.2,,4.45,5.390000000000001,13.8157379395134,35.15252988551561,5.63379104914683,67.81654424493576,131.34006287442602,1.3266816671946964,1.9669630520535364,6.0807623733475085,10.9266695847953,13.536374809772965,15.581774025873859,25.008517929591655,48.96826782502902,3.91927459436254,54.602058874175846,6.332932868844935,122.4186031191116,8.133793354076943,253.75866599353762,9.662848988684257,255.0853476607323,12.206330028613658,0.10333333333333439,-0.6437499999999998,,,0.35000000000000053,
PO018180NUP001,2020,0.0002860250172425,-0.0165047680355235,528164.265,5007156.563,GWB ISS MPTLS,,,,,,,5.6,5.05,5.2,5.27,,5.1,,5.2,41.62403118460551,15.0293541377796,53.346060523564425,18.729674994764984,63.2349718521442,111.49642469184141,3.5283843527305225,7.734056526306448,9.413346458181447,14.865642877087582,19.82525363522952,22.329345885019382,56.65338532238511,5.524296570698758,109.99944584594954,6.863858198609463,128.72912084071453,8.864304368228993,191.96409269285874,11.114565476023802,303.46051738470015,12.973368858730252,-0.086666666666666,,,,,
PO018180NUP001,2021,0.0006655630912005,-0.0161252299615655,528164.265,5007156.563,GWB ISS MPTLS,5.2,5.2,5.45,5.5,5.75,5.75,5.65,5.05,5.05,5.33,5.3,5.1,5.2,5.27,123.40470178747994,40.73122646928128,7.982933899920942,63.51796241602422,54.86319705999995,18.6124271796705,2.6541397527902775,7.4889307903730895,9.707196063603638,12.645167962099775,17.775814915457914,25.035182446792568,164.13592825676122,4.948616855371951,172.11886215668216,6.587683027096199,235.63682457270636,8.102054260847094,290.5000216327063,10.088058103846667,309.1124488123768,12.565482028091845,-0.016666666666666607,0.10625000000000018,-0.01666666666666572,0.025000000000000355,0.16000000000000014,0.11500000000000021
PO0181870U0001,2008,0.0331875073909311,0.0185631094956505,527564.0,4990595.0,GWB ISS MPOP,,,,,,,,,,,,,,,110.13089470532431,26.316758281786534,11.277703286098646,96.79908333834132,86.16187526197194,69.66985392555489,4.0954930973321995,6.665723394548895,10.805929936416163,13.533995408840402,18.95546680754158,22.780033807272467,136.44765298711084,5.315263407875716,147.72535627320948,7.206492989928536,244.5244396115508,8.788368594656504,330.68631487352275,10.875653658228938,400.35616879907764,12.848755340390849,,,,,,
PO0181870U0001,2009,0.0160900588854359,0.0014656609901553,527564.0,4990595.0,GWB ISS MPOP,,,,,,,,,,,,,,,49.501082847439385,93.95267407359871,81.46317250090077,123.84376105813618,8.253665352859379,33.287768895896654,1.5551408529375057,5.416539682677097,10.647238271612183,14.958530145612507,21.049818328807035,23.102994316506255,143.4537569210381,3.3876691111190067,224.91692942193885,5.888187377511102,348.760690480075,8.155773069536453,357.0143558329344,10.802894943956241,390.3021247288311,12.841585447693813,,,,,,
PO0181870U0001,2010,0.0175025813475561,0.0028781834522755,527564.0,4990595.0,GWB ISS MPOP,,,,22.8,,,,,,22.7,,,,,64.41926316661072,133.61778427150816,66.05710425302827,55.33958728952022,162.7479689006954,54.45039300146853,1.3563634609488031,3.5368540791425245,8.092385245600092,13.093328742019978,16.541758555560858,21.406927009542933,198.03704743811886,2.391172567888196,264.09415169114715,4.354923601322293,319.4337389806674,6.5395248864967135,482.1817078813628,8.59296358676816,536.6321008828313,10.71682492755956,,,,0.0,,
PO0181870U0001,2011,0.01521291404861,0.0005885161533294,527564.0,4990595.0,GWB ISS MPOP,,,,,21.5,,,,,,,,,22.7,34.42451586369095,52.27800764404048,98.24769075129433,9.777156640088782,36.40061154412899,86.7224086398227,,,9.289526105109971,16.354507785137205,19.974067187287602,21.725835643614474,86.70252350773143,,184.95021425902576,,194.72737089911453,,231.12798244324352,,317.85039108306626,,0.0849999999999973,,,,-0.25,
PO0181870U0001,2012,0.0197318131787728,0.0051074152834922,527564.0,4990595.0,GWB ISS MPOP,,,,,,,,,,,22.53,,,,27.522685961141413,19.183086432975767,31.878524400640188,105.80767676133573,69.77858346407622,35.49158042119175,2.059323030658968,1.172017351313035,11.989982228913549,12.795974898145083,18.23253938887064,23.718443073569265,46.705772394117176,1.6382288099524234,78.58429679475736,5.203832765372367,184.3919735560931,7.101868298565546,254.17055702016933,9.386972959489109,289.6621374413611,11.762354746353223,,,,,,
PO0181870U0001,2013,0.0463977333799976,0.031773335484717,527564.0,4990595.0,GWB ISS MPOP,,,,,22.0,,,,,,,,,22.53,75.4200866975672,37.46228569753072,167.9489279300984,101.28883913532226,142.30071579146798,15.049166618114231,2.8112439297153644,2.5498855838398704,6.852223553562704,13.493087366912615,16.511634460927315,22.325072888833983,112.88237239509792,2.6872094604863164,280.8313003251963,4.121825425879294,382.12013946051854,6.464640911137624,524.4208552519865,8.52726872599511,539.4700218701007,10.814197592763984,-0.08500000000000085,,,,0.25,
PO0181870U0001,2014,0.0239652318843508,0.0093408339890702,527564.0,4990595.0,GWB ISS MPOP,,,,,,,,,,,,,,,200.50386232734462,141.91130147065982,100.98493467676542,100.06558584506746,31.723830546848138,110.95666647591386,5.185875926256858,6.8356206990297945,10.911738899646645,14.832909105655064,18.105962911546538,22.803019577597695,342.4151637980044,5.96880564892876,443.40009847476983,7.671371546398253,543.4656843198372,9.461755936212455,575.1895148666854,11.2363944543274,686.1461813425992,13.153514640504795,,,,,,
PO0181870U0001,2015,0.0136166259680655,-0.001007771927215,527564.0,4990595.0,GWB ISS MPOP,,,,,,,,,,,,,,,40.03177185036077,98.27864939146428,40.24351636087153,40.87936832403497,32.675677687322846,53.39020197067803,4.188997334301205,4.691938152427576,9.884950692182056,14.141350765699624,19.253385330620585,23.381998558365048,138.31042124182505,4.427681112395076,178.55393760269658,6.307407300988369,219.43330592673155,8.265893167166183,252.1089836140544,10.521603478868743,305.49918558473246,12.653160674365367,,,,,,
PO0181870U0001,2016,0.0076066496883868,-0.0070177482068937,527564.0,4990595.0,GWB ISS MPOP,,,,,,,,,,,,,,,19.78460432102137,92.66395478175309,46.51244719784579,11.63903070720292,84.0569883735679,89.2279387937727,3.598351265653833,6.635825269737884,9.33710355017532,14.939689112390205,17.23814211354956,22.020835511365952,112.44855910277445,5.03986435233779,158.96100630062023,6.520024520481828,170.60003700782315,8.624940668458922,254.65702538139107,10.39321381281528,343.88496417516376,12.32044392859716,,,,,,
PO0181870U0001,2017,0.0013717197241657,-0.0132526781711148,527564.0,4990595.0,GWB ISS MPOP,,,,,,,,,,,,,,,3.676356489756048,53.30880612946519,30.38401139235963,55.70742863512584,64.22168753395067,33.751209481263814,1.1412916517411542,5.744037813172973,12.171734241842657,15.086068669780772,19.409728533337884,25.014571185179857,56.985162619221235,3.3256457622511695,87.36917401158087,6.37263179411046,143.0766026467067,8.550991013028037,207.29829018065738,10.780268252296947,241.04949966192117,13.13954498150406,,,,,,
PO0181870U0001,2018,0.0016405707087229,-0.0129838271865576,527564.0,4990595.0,GWB ISS MPOP,,,,,,,,,,,,,,,35.651683874951445,35.382470689407484,109.38349489927529,79.41926050598408,128.679354732537,31.38157445521749,5.440503124668608,3.778854468939545,7.224127222529076,15.243299946737269,18.363434600308345,22.7034396665045,71.03415456435893,4.6519241016107475,180.41764946363423,5.5379051765937275,259.8369099696183,7.964253869129612,388.51626470215535,10.099185012616639,419.89783915737286,12.188287993924018,,,,,,
PO0181870U0001,2019,0.0032293805217583,-0.0113950173735222,527564.0,4990595.0,GWB ISS MPOP,,,,,,,,,,,,,,,14.010121597068496,38.95201594298666,8.604354034700698,65.01666445077157,123.61928739690065,1.3957299866207202,1.1592707144407512,5.145901538723573,10.190104820833792,12.875179577872498,14.864321469425304,24.001523728876514,52.96213754005516,3.0512311056258192,61.56649157475586,5.510176496419676,126.58315602552743,7.351427266782881,250.20244342242808,8.8938095203055,251.5981734090488,11.397850549350418,,,,,,
PO0181870U0001,2020,0.0,-0.0146243978952805,527564.0,4990595.0,GWB ISS MPOP,,,,,,,,,,,,,,,49.943339843424695,11.7733685493445,51.645599729390234,20.577574047983575,31.328107678750374,100.10024418852888,3.041221121752292,7.232608540165352,8.771064492477496,14.265513143331333,19.00497319095824,21.547411251356948,61.71670839276919,5.0303541338805235,113.36230812215942,6.318821035175036,133.939882170143,8.30549406221411,165.26798984889336,10.502075870101978,265.3682340374222,12.332794441580704,,,,,,
PO0181870U0001,2021,0.0051887838071743,-0.0094356140881062,527564.0,4990595.0,GWB ISS MPOP,,,,,,,,,,,,,,,123.26318546809726,30.71100148246777,7.886197604963527,56.63362949532789,48.79548144431796,15.530999996975835,1.9175952447757132,6.761206430906422,8.813669652276948,11.639352516663273,16.565200000430774,23.791048877609274,153.97418695056504,4.216258180566559,161.86038455552858,5.799811020822359,218.49401405085646,7.259696394782588,267.28949549517444,9.170097797266651,282.82049549215026,11.593459854782003,,,,,,
