"year","treatment","sheet","row","column","cell","text"
"2019","AWD","Groundwater","1","1","A1","GROUNDWATER"
"2019","AWD","Groundwater","1","3","C1","NOTE: Groundwater quality sampling was conducted during 7 sampling events: (1) in piezometrs P2, P5, P6 and P7; (2 and 3) in all piezometers from P1 tp P7; (4,5,6,7)in piezometers P2, P5, P6 and P7."
"2019","AWD","Groundwater","2","1","A2","Date"
"2019","AWD","Groundwater","2","2","B2","Days after sowing"
"2019","AWD","Groundwater","2","3","C2","Depth (cm) PIEZOMETER P6
"
"2019","AWD","Groundwater","2","4","D2","Salinity (dS/m)
"
"2019","AWD","Groundwater","2","5","E2","N-NO3 (mg/l)"
"2019","AWD","Groundwater","2","6","F2","N-NO2 (mg/l)"
"2019","AWD","Groundwater","2","7","G2","N-UREA (mg/l)"
"2019","AWD","Groundwater","2","8","H2","N-NH3 (mg/l)"
"2019","AWD","Groundwater","2","9","I2","N-TOT (mg/l)"
"2019","AWD","Groundwater","2","10","J2","P-PO4 (mg/l)"
"2019","AWD","Groundwater","2","11","K2","K (mg/l)"
"2019","AWD","Groundwater","2","12","L2","Arsenic (mg/L)
"
"2019","AWD","Groundwater","2","13","M2","Cadmium (mg/L)
"
"2019","AWD","Groundwater","2","14","N2","Pesticides content: MCPA (µg/L)  PIEZOMETER P6
"
"2019","AWD","Groundwater","2","15","O2","Pesticides content: Clomazone  (µg/L)  PIEZOMETER P6
"
"2019","AWD","Groundwater","3","1","A3","4/29/2019"
"2019","AWD","Groundwater","3","2","B3","-17"
"2019","AWD","Groundwater","3","5","E3","0.29"
"2019","AWD","Groundwater","3","6","F3","0.23"
"2019","AWD","Groundwater","3","7","G3","< LOQ"
"2019","AWD","Groundwater","3","8","H3","0.131"
"2019","AWD","Groundwater","3","9","I3","3.04"
"2019","AWD","Groundwater","3","10","J3","0.27"
"2019","AWD","Groundwater","3","11","K3","< LOQ"
"2019","AWD","Groundwater","3","14","N3","5.44124E-06"
"2019","AWD","Groundwater","3","15","O3","< LOD"
"2019","AWD","Groundwater","4","1","A4","4/30/2019"
"2019","AWD","Groundwater","4","2","B4","-16"
"2019","AWD","Groundwater","5","1","A5","5/1/2019"
"2019","AWD","Groundwater","5","2","B5","-15"
"2019","AWD","Groundwater","6","1","A6","5/2/2019"
"2019","AWD","Groundwater","6","2","B6","-14"
"2019","AWD","Groundwater","7","1","A7","5/3/2019"
"2019","AWD","Groundwater","7","2","B7","-13"
"2019","AWD","Groundwater","8","1","A8","5/4/2019"
"2019","AWD","Groundwater","8","2","B8","-12"
"2019","AWD","Groundwater","9","1","A9","5/5/2019"
"2019","AWD","Groundwater","9","2","B9","-11"
"2019","AWD","Groundwater","10","1","A10","5/6/2019"
"2019","AWD","Groundwater","10","2","B10","-10"
"2019","AWD","Groundwater","11","1","A11","5/7/2019"
"2019","AWD","Groundwater","11","2","B11","-9"
"2019","AWD","Groundwater","12","1","A12","5/8/2019"
"2019","AWD","Groundwater","12","2","B12","-8"
"2019","AWD","Groundwater","13","1","A13","5/9/2019"
"2019","AWD","Groundwater","13","2","B13","-7"
"2019","AWD","Groundwater","14","1","A14","5/10/2019"
"2019","AWD","Groundwater","14","2","B14","-6"
"2019","AWD","Groundwater","14","5","E14","< LOQ"
"2019","AWD","Groundwater","14","6","F14","0.159"
"2019","AWD","Groundwater","14","7","G14","< LOQ"
"2019","AWD","Groundwater","14","8","H14","0.036"
"2019","AWD","Groundwater","14","9","I14","14.50"
"2019","AWD","Groundwater","14","10","J14","0.13"
"2019","AWD","Groundwater","14","11","K14","< LOQ"
"2019","AWD","Groundwater","14","14","N14","< LOD"
"2019","AWD","Groundwater","14","15","O14","< LOD"
"2019","AWD","Groundwater","15","1","A15","5/11/2019"
"2019","AWD","Groundwater","15","2","B15","-5"
"2019","AWD","Irrig","1","1","A1","IRRIGATION"
"2019","AWD","Irrig","2","1","A2","Date"
"2019","AWD","Irrig","2","2","B2","Days after sowing"
"2019","AWD","Irrig","2","3","C2","Irrig inflow (mm)
E3 (Flowmeter at inlet)"
"2019","AWD","Irrig","2","4","D2","Irrig outflow (mm)
 U3 (flowmeter at outlet)"
"2019","AWD","Irrig","2","5","E2","Irrig water ponding water level in the field (mm)"
"2019","AWD","Irrig","2","6","F2","Sampling point for nutrients (N, P, K) and pesticides (MCPA, Clomazone) analysis                                                                                                                                                                                                                                                              E(in): irrigation inlet                                                                                                                                                                                                                                                                                                  U(out): irrigation outlet"
"2019","AWD","Irrig","2","7","G2","Arsenic (mg/L)"
"2019","AWD","Irrig","2","8","H2","Cadmium (mg/L)"
"2019","AWD","Irrig","2","9","I2","N-NO3 (mg/l)"
"2019","AWD","Irrig","2","10","J2","N-NO2 (mg/l)"
"2019","AWD","Irrig","2","11","K2","N-UREA (mg/l)"
"2019","AWD","Irrig","2","12","L2","N-NH3 (mg/l)"
"2019","AWD","Irrig","2","13","M2","N-TOT (mg/l)"
"2019","AWD","Irrig","2","14","N2","P-PO4 (mg/l)"
"2019","AWD","Irrig","2","15","O2","K (mg/l)"
"2019","AWD","Irrig","2","16","P2","Pesticides content: MCPA (µg/L)"
"2019","AWD","Irrig","2","17","Q2","Pesticides content: Clomazone (µg/L)"
"2019","AWD","Irrig","3","1","A3","5/14/2019"
"2019","AWD","Irrig","3","2","B3","-2"
"2019","AWD","Irrig","3","3","C3","197.85"
"2019","AWD","Irrig","3","4","D3","11.49"
"2019","AWD","Irrig","3","5","E3","40.72"
"2019","AWD","Irrig","3","6","F3","E3 (in)"
"2019","AWD","Irrig","3","9","I3","1.360"
"2019","AWD","Irrig","3","10","J3","< LOQ"
"2019","AWD","Irrig","3","11","K3","< LOQ"
"2019","AWD","Irrig","3","12","L3","0.061"
"2019","AWD","Irrig","3","13","M3","6.59"
"2019","AWD","Irrig","3","14","N3","0.09"
"2019","AWD","Irrig","3","15","O3","< LOQ"
"2019","AWD","Irrig","3","16","P3","0.030063224"
"2019","AWD","Irrig","3","17","Q3","0.098166843"
"2019","AWD","Irrig","4","1","A4","5/15/2019"
"2019","AWD","Irrig","4","2","B4","-1"
"2019","AWD","Irrig","4","3","C4","62.86"
"2019","AWD","Irrig","4","4","D4","31.55"
"2019","AWD","Irrig","4","5","E4","97.91"
"2019","AWD","Irrig","5","1","A5","5/16/2019"
"2019","AWD","Irrig","5","2","B5","0"
"2019","AWD","Irrig","5","3","C5","97.84"
"2019","AWD","Irrig","5","4","D5","114.94"
"2019","AWD","Irrig","5","5","E5","105.82"
"2019","AWD","Irrig","6","1","A6","5/17/2019"
"2019","AWD","Irrig","6","2","B6","1"
"2019","AWD","Irrig","6","3","C6","70.30"
"2019","AWD","Irrig","6","4","D6","56.45"
"2019","AWD","Irrig","6","5","E6","96.79"
"2019","AWD","Irrig","7","1","A7","5/18/2019"
"2019","AWD","Irrig","7","2","B7","2"
"2019","AWD","Irrig","7","3","C7","56.40"
"2019","AWD","Irrig","7","4","D7","95.40"
"2019","AWD","Irrig","7","5","E7","101.45"
"2019","AWD","Irrig","8","1","A8","5/19/2019"
"2019","AWD","Irrig","8","2","B8","3"
"2019","AWD","Irrig","8","3","C8","37.70"
"2019","AWD","Irrig","8","4","D8","53.63"
"2019","AWD","Irrig","8","5","E8","97.31"
"2019","AWD","Irrig","9","1","A9","5/20/2019"
"2019","AWD","Irrig","9","2","B9","4"
"2019","AWD","Irrig","9","3","C9","54.18"
"2019","AWD","Irrig","9","4","D9","32.00"
"2019","AWD","Irrig","9","5","E9","94.74"
"2019","AWD","Irrig","10","1","A10","5/21/2019"
"2019","AWD","Irrig","10","2","B10","5"
"2019","AWD","Irrig","10","3","C10","26.25"
"2019","AWD","Irrig","10","4","D10","27.90"
"2019","AWD","Irrig","10","5","E10","97.34"
"2019","AWD","Irrig","11","1","A11","5/22/2019"
"2019","AWD","Irrig","11","2","B11","6"
"2019","AWD","Irrig","11","3","C11","12.67"
"2019","AWD","Irrig","11","4","D11","0.00"
"2019","AWD","Irrig","11","5","E11","94.54"
"2019","AWD","Irrig","12","1","A12","5/23/2019"
"2019","AWD","Irrig","12","2","B12","7"
"2019","AWD","Irrig","12","3","C12","0.00"
"2019","AWD","Irrig","12","4","D12","0.00"
"2019","AWD","Irrig","12","5","E12","92.50"
"2019","AWD","Irrig","13","1","A13","5/24/2019"
"2019","AWD","Irrig","13","2","B13","8"
"2019","AWD","Irrig","13","3","C13","0.00"
"2019","AWD","Irrig","13","4","D13","33.34"
"2019","AWD","Irrig","13","5","E13","70.95"
"2019","AWD","Irrig","14","1","A14","5/25/2019"
"2019","AWD","Irrig","14","2","B14","9"
"2019","AWD","Irrig","14","3","C14","0.00"
"2019","AWD","Irrig","14","4","D14","0.00"
"2019","AWD","Irrig","14","5","E14","49.98"
"2019","AWD","Irrig","15","1","A15","5/26/2019"
"2019","AWD","Irrig","15","2","B15","10"
"2019","AWD","Irrig","15","3","C15","0.00"
"2019","AWD","Irrig","15","4","D15","0.00"
"2019","AWD","Irrig","15","5","E15","41.81"
"2019","AWD","Managem oper","1","1","A1","SOIL, CROP AND IRRIGATION MANAGEMENT OPERATIONS"
"2019","AWD","Managem oper","2","1","A2","Year and plot"
"2019","AWD","Managem oper","2","2","B2","-"
"2019","AWD","Managem oper","2","3","C2","2019 Castello d'Agogna"
"2019","AWD","Managem oper","3","1","A3","Puddling"
"2019","AWD","Managem oper","3","2","B3","Date"
"2019","AWD","Managem oper","4","2","B4","Depth"
"2019","AWD","Managem oper","5","1","A5","Ploughing"
"2019","AWD","Managem oper","5","2","B5","Date"
"2019","AWD","Managem oper","5","3","C5","3/20/2019"
"2019","AWD","Managem oper","6","2","B6","Depth (cm)"
"2019","AWD","Managem oper","6","3","C6","25"
"2019","AWD","Managem oper","7","1","A7","Levelling"
"2019","AWD","Managem oper","7","2","B7","Date"
"2019","AWD","Managem oper","7","3","C7","3/25/2019"
"2019","AWD","Managem oper","8","2","B8","Technique"
"2019","AWD","Managem oper","8","3","C8","Laser"
"2019","AWD","Managem oper","9","1","A9","Harrowing 1"
"2019","AWD","Managem oper","9","2","B9","Date"
"2019","AWD","Managem oper","9","3","C9","5/13/2019"
"2019","AWD","Managem oper","10","2","B10","Depth (cm)"
"2019","AWD","Managem oper","10","3","C10","10"
"2019","AWD","Managem oper","11","1","A11","Sowing"
"2019","AWD","Managem oper","11","2","B11","Date"
"2019","AWD","Managem oper","11","3","C11","5/16/2019"
"2019","AWD","Managem oper","12","2","B12","Variety"
"2019","AWD","Managem oper","12","3","C12","Centauro"
"2019","AWD","Managem oper","13","2","B13","Rate (kg/ha)"
"2019","AWD","Managem oper","13","3","C13","150"
"2019","AWD","Managem oper","14","1","A14","Fertilization base"
"2019","AWD","Managem oper","14","2","B14","Date"
"2019","AWD","Managem oper","14","3","C14","5/13/2019"
"2019","AWD","Managem oper","15","2","B15","N (kg/ha)"
"2019","AWD","Managem oper","15","3","C15","0 kg/ha for 0 N thesys                                                    40 kg/ha (40% of N application) for 100 N thesys 64 kg/ha (40% of N application) for 160 N thesys"
"2019","AWD","Other water","1","1","A1","OTHER WATER (OR NUTRIENT, OR PESTICIDE) BALANCE COMPONENTS"
"2019","AWD","Other water","2","1","A2","Date"
"2019","AWD","Other water","2","2","B2","Days after sowing"
"2019","AWD","Other water","2","3","C2","Qin (mm)"
"2019","AWD","Other water","2","4","D2","Qout (mm)"
"2019","AWD","Other water","2","5","E2","h_lev (mm)"
"2019","AWD","Other water","2","6","F2","Rain(mm)"
"2019","AWD","Other water","2","7","G2","ETc_Adj(mm)"
"2019","AWD","Other water","2","8","H2","Delta_L (mm)"
"2019","AWD","Other water","2","9","I2","Delta_S (mm)"
"2019","AWD","Other water","2","10","J2","Perc_Bal (mm)"
"2019","AWD","Other water","2","11","K2","Perc_MODEL (mm)"
"2019","AWD","Other water","2","13","M2","Qin (mm) and Qout (mm) are the irrigation fluxes (L/s average in the day) entering and exiting the parcel through the irrigation inlet and outlet, divided by the parcel surface (1400.30 m2). "
"2019","AWD","Other water","3","1","A3","5/14/2019"
"2019","AWD","Other water","3","2","B3","-2"
"2019","AWD","Other water","3","3","C3","197.854"
"2019","AWD","Other water","3","4","D3","11.494"
"2019","AWD","Other water","3","5","E3","40.715"
"2019","AWD","Other water","3","6","F3","0.000"
"2019","AWD","Other water","3","7","G3","4.851"
"2019","AWD","Other water","3","8","H3","92.109"
"2019","AWD","Other water","3","9","I3","44.992"
"2019","AWD","Other water","3","10","J3","44.408"
"2019","AWD","Other water","3","11","K3","5.670"
"2019","AWD","Other water","3","13","M3","h_lev (mm) is the measured ponding water level in the parcel (average value during the day)."
"2019","AWD","Other water","4","1","A4","5/15/2019"
"2019","AWD","Other water","4","2","B4","-1"
"2019","AWD","Other water","4","3","C4","62.858"
"2019","AWD","Other water","4","4","D4","31.547"
"2019","AWD","Other water","4","5","E4","97.912"
"2019","AWD","Other water","4","6","F4","0.000"
"2019","AWD","Other water","4","7","G4","5.155"
"2019","AWD","Other water","4","8","H4","16.321"
"2019","AWD","Other water","4","9","I4","0.000"
"2019","AWD","Other water","4","10","J4","9.835"
"2019","AWD","Other water","4","11","K4","11.803"
"2019","AWD","Other water","4","13","M4","Rain (mm): daily rainfall."
"2019","AWD","Other water","5","1","A5","5/16/2019"
"2019","AWD","Other water","5","2","B5","0"
"2019","AWD","Other water","5","3","C5","97.844"
"2019","AWD","Other water","5","4","D5","114.935"
"2019","AWD","Other water","5","5","E5","105.823"
"2019","AWD","Other water","5","6","F5","0.000"
"2019","AWD","Other water","5","7","G5","5.303"
"2019","AWD","Other water","5","8","H5","-14.248"
"2019","AWD","Other water","5","9","I5","0.000"
"2019","AWD","Other water","5","10","J5","-8.146"
"2019","AWD","Other water","5","11","K5","11.985"
"2019","AWD","Other water","5","13","M5","ETc_Adj(mm): daily actual evapotranspiration."
"2019","AWD","Other water","6","1","A6","5/17/2019"
"2019","AWD","Other water","6","2","B6","1"
"2019","AWD","Other water","6","3","C6","70.303"
"2019","AWD","Other water","6","4","D6","56.453"
"2019","AWD","Other water","6","5","E6","96.789"
"2019","AWD","Other water","6","6","F6","6.800"
"2019","AWD","Other water","6","7","G6","2.705"
"2019","AWD","Other water","6","8","H6","14.248"
"2019","AWD","Other water","6","9","I6","0.000"
"2019","AWD","Other water","6","10","J6","3.697"
"2019","AWD","Other water","6","11","K6","11.783"
"2019","AWD","Other water","6","13","M6","Delta L (mm) daily change in ponding water storage computed at the end of the day [end of day(i) - end of day(i-1)]."
"2019","AWD","Other water","7","1","A7","5/18/2019"
"2019","AWD","Other water","7","2","B7","2"
"2019","AWD","Other water","7","3","C7","56.403"
"2019","AWD","Other water","7","4","D7","95.404"
"2019","AWD","Other water","7","5","E7","101.454"
"2019","AWD","Other water","7","6","F7","13.400"
"2019","AWD","Other water","7","7","G7","0.717"
"2019","AWD","Other water","7","8","H7","-10.903"
"2019","AWD","Other water","7","9","I7","0.000"
"2019","AWD","Other water","7","10","J7","-15.416"
"2019","AWD","Other water","7","11","K7","11.895"
"2019","AWD","Other water","7","13","M7","Delta S (mm) daily change in water stored within the soil layer above the LCL (Less Conductive Layer) computed at the end of the day [end of day(i) - end of day(i-1)]."
"2019","AWD","Other water","8","1","A8","5/19/2019"
"2019","AWD","Other water","8","2","B8","3"
"2019","AWD","Other water","8","3","C8","37.699"
"2019","AWD","Other water","8","4","D8","53.631"
"2019","AWD","Other water","8","5","E8","97.310"
"2019","AWD","Other water","8","6","F8","10.800"
"2019","AWD","Other water","8","7","G8","1.295"
"2019","AWD","Other water","8","8","H8","-3.743"
"2019","AWD","Other water","8","9","I8","0.000"
"2019","AWD","Other water","8","10","J8","-2.684"
"2019","AWD","Other water","8","11","K8","11.808"
"2019","AWD","Other water","8","13","M8","Perc_Bal (mm) is the percolation under the LCL (Less Conductive Layer, also called hardpan, usually located under the plugged horizon) obtained from the water balance (Qin-Qout +Rain -Etc_Adj -Delta_L -Delta_S)."
"2019","AWD","Other water","9","1","A9","5/20/2019"
"2019","AWD","Other water","9","2","B9","4"
"2019","AWD","Other water","9","3","C9","54.180"
"2019","AWD","Other water","9","4","D9","31.999"
"2019","AWD","Other water","9","5","E9","94.739"
"2019","AWD","Other water","9","6","F9","1.200"
"2019","AWD","Other water","9","7","G9","2.256"
"2019","AWD","Other water","9","8","H9","7.045"
"2019","AWD","Other water","9","9","I9","0.000"
"2019","AWD","Other water","9","10","J9","14.080"
"2019","AWD","Other water","9","11","K9","11.748"
"2019","AWD","Other water","9","13","M9","Perc_MODEL (mm) is the percolation under the LCL (Less Conductive Layer, also called hardpan, usually located under the plugged horizon), modelled with a distributed Darcy-type model."
"2019","AWD","Other water","10","1","A10","5/21/2019"
"2019","AWD","Other water","10","2","B10","5"
"2019","AWD","Other water","10","3","C10","26.252"
"2019","AWD","Other water","10","4","D10","27.903"
"2019","AWD","Other water","10","5","E10","97.339"
"2019","AWD","Other water","10","6","F10","0.000"
"2019","AWD","Other water","10","7","G10","6.024"
"2019","AWD","Other water","10","8","H10","-8.965"
"2019","AWD","Other water","10","9","I10","0.000"
"2019","AWD","Other water","10","10","J10","1.290"
"2019","AWD","Other water","10","11","K10","11.813"
"2019","AWD","Other water","11","1","A11","5/22/2019"
"2019","AWD","Other water","11","2","B11","6"
"2019","AWD","Other water","11","3","C11","12.673"
"2019","AWD","Other water","11","4","D11","0.000"
"2019","AWD","Other water","11","5","E11","94.540"
"2019","AWD","Other water","11","6","F11","0.000"
"2019","AWD","Other water","11","7","G11","6.285"
"2019","AWD","Other water","11","8","H11","1.945"
"2019","AWD","Other water","11","9","I11","0.000"
"2019","AWD","Other water","11","10","J11","4.443"
"2019","AWD","Other water","11","11","K11","11.748"
"2019","AWD","Other water","12","1","A12","5/23/2019"
"2019","AWD","Other water","12","2","B12","7"
"2019","AWD","Other water","12","3","C12","0.000"
"2019","AWD","Other water","12","4","D12","0.000"
"2019","AWD","Other water","12","5","E12","92.500"
"2019","AWD","Other water","12","6","F12","1.800"
"2019","AWD","Other water","12","7","G12","6.201"
"2019","AWD","Other water","12","8","H12","-4.026"
"2019","AWD","Other water","12","9","I12","0.000"
"2019","AWD","Other water","12","10","J12","-0.375"
"2019","AWD","Other water","12","11","K12","11.692"
"2019","AWD","Other water","13","1","A13","5/24/2019"
"2019","AWD","Other water","13","2","B13","8"
"2019","AWD","Other water","13","3","C13","0.000"
"2019","AWD","Other water","13","4","D13","33.339"
"2019","AWD","Other water","13","5","E13","70.952"
"2019","AWD","Other water","13","6","F13","0.000"
"2019","AWD","Other water","13","7","G13","6.156"
"2019","AWD","Other water","13","8","H13","-35.735"
"2019","AWD","Other water","13","9","I13","0.000"
"2019","AWD","Other water","13","10","J13","-3.760"
"2019","AWD","Other water","13","11","K13","11.311"
"2019","AWD","Other water","14","1","A14","5/25/2019"
"2019","AWD","Other water","14","2","B14","9"
"2019","AWD","Other water","14","3","C14","0.000"
"2019","AWD","Other water","14","4","D14","0.000"
"2019","AWD","Other water","14","5","E14","49.981"
"2019","AWD","Other water","14","6","F14","0.400"
"2019","AWD","Other water","14","7","G14","5.418"
"2019","AWD","Other water","14","8","H14","-8.066"
"2019","AWD","Other water","14","9","I14","0.000"
"2019","AWD","Other water","14","10","J14","3.048"
"2019","AWD","Other water","14","11","K14","10.876"
"2019","AWD","Other water","15","1","A15","5/26/2019"
"2019","AWD","Other water","15","2","B15","10"
"2019","AWD","Other water","15","3","C15","0.000"
"2019","AWD","Other water","15","4","D15","0.000"
"2019","AWD","Other water","15","5","E15","41.807"
"2019","AWD","Other water","15","6","F15","0.600"
"2019","AWD","Other water","15","7","G15","3.885"
"2019","AWD","Other water","15","8","H15","-8.073"
"2019","AWD","Other water","15","9","I15","0.000"
"2019","AWD","Other water","15","10","J15","4.789"
"2019","AWD","Other water","15","11","K15","10.714"
"2019","AWD","Yield+product","1","1","A1","YIELD AND PRODUCT QUALITY"
"2019","AWD","Yield+product","2","1","A2","Date"
"2019","AWD","Yield+product","2","2","B2","Plot"
"2019","AWD","Yield+product","2","3","C2","Location"
"2019","AWD","Yield+product","2","4","D2","Rice grain yield at 14% humidity (t/ha)"
"2019","AWD","Yield+product","2","5","E2","Straw yield if sold (t/ha)"
"2019","AWD","Yield+product","2","6","F2","Yield comp
Nº panic/m2"
"2019","AWD","Yield+product","2","7","G2","Yield comp
Nº of grains by panicle"
"2019","AWD","Yield+product","2","8","H2","Yield comp
Weight of 1000 grains at 14% hum (g)"
"2019","AWD","Yield+product","2","9","I2","Yield comp Harvest Index
"
"2019","AWD","Yield+product","2","10","J2","Yield comp
Sterility (%)"
"2019","AWD","Yield+product","2","11","K2","Milled rice yield (%)"
"2019","AWD","Yield+product","2","12","L2","Head rice yield (%)"
"2019","AWD","Yield+product","2","13","M2","Yield comp
Chalkiness (%)"
"2019","AWD","Yield+product","2","14","N2","Yield comp
Damaged kernels (%)"
"2019","AWD","Yield+product","2","15","O2","As(III) μg kg-1"
"2019","AWD","Yield+product","2","16","P2","DMA(V) μg kg-1"
"2019","AWD","Yield+product","2","17","Q2","MMA(V) μg kg-1"
"2019","AWD","Yield+product","2","18","R2","As(V) μg kg-1"
"2019","AWD","Yield+product","2","19","S2","As TOT μg kg-1"
"2019","AWD","Yield+product","2","20","T2","Cadmium of rice grain (μg kg-1)"
"2019","AWD","Yield+product","2","21","U2","N % content (grain)"
"2019","AWD","Yield+product","2","22","V2","N % content (straw)"
"2019","AWD","Yield+product","3","1","A3","10/8/2019"
"2019","AWD","Yield+product","3","2","B3","CASTELLO D'AGOGNA"
"2019","AWD","Yield+product","3","3","C3","17"
"2019","AWD","Yield+product","3","4","D3","11.2"
"2019","AWD","Yield+product","3","5","E3","-"
"2019","AWD","Yield+product","3","6","F3","824"
"2019","AWD","Yield+product","3","7","G3","89"
"2019","AWD","Yield+product","3","8","H3","27.93"
"2019","AWD","Yield+product","3","9","I3","0.49"
"2019","AWD","Yield+product","3","10","J3","18.9"
"2019","AWD","Yield+product","3","11","K3","71.7"
"2019","AWD","Yield+product","3","12","L3","63.8"
"2019","AWD","Yield+product","3","13","M3","1.44"
"2019","AWD","Yield+product","3","14","N3","0.12"
"2019","AWD","Yield+product","3","21","U3","1.48"
"2019","AWD","Yield+product","3","22","V3","0.78"
"2019","AWD","Yield+product","4","3","C4","18"
"2019","AWD","Yield+product","4","4","D4","6.9"
"2019","AWD","Yield+product","4","5","E4","-"
"2019","AWD","Yield+product","4","6","F4","572"
"2019","AWD","Yield+product","4","7","G4","84"
"2019","AWD","Yield+product","4","8","H4","29.34"
"2019","AWD","Yield+product","4","9","I4","0.57"
"2019","AWD","Yield+product","4","10","J4","8.8"
"2019","AWD","Yield+product","4","11","K4","71.9"
"2019","AWD","Yield+product","4","12","L4","57.3"
"2019","AWD","Yield+product","4","13","M4","0.96"
"2019","AWD","Yield+product","4","14","N4","0.64"
"2019","AWD","Yield+product","4","21","U4","1.58"
"2019","AWD","Yield+product","4","22","V4","0.97"
"2019","AWD","Yield+product","5","3","C5","19"
"2019","AWD","Yield+product","5","4","D5","10.7"
"2019","AWD","Yield+product","5","5","E5","-"
"2019","AWD","Yield+product","5","6","F5","795"
"2019","AWD","Yield+product","5","7","G5","93"
"2019","AWD","Yield+product","5","8","H5","28.57"
"2019","AWD","Yield+product","5","9","I5","0.56"
"2019","AWD","Yield+product","5","10","J5","14.4"
"2019","AWD","Yield+product","5","11","K5","71.5"
"2019","AWD","Yield+product","5","12","L5","61.9"
"2019","AWD","Yield+product","5","13","M5","2.56"
"2019","AWD","Yield+product","5","14","N5","0.56"
"2019","AWD","Yield+product","5","21","U5","1.51"
"2019","AWD","Yield+product","5","22","V5","0.85"
"2019","AWD","Yield+product","6","3","C6","20"
"2019","AWD","Yield+product","6","4","D6","12.1"
"2019","AWD","Yield+product","6","5","E6","-"
"2019","AWD","Yield+product","6","6","F6","839"
"2019","AWD","Yield+product","6","7","G6","94"
"2019","AWD","Yield+product","6","8","H6","27.91"
"2019","AWD","Yield+product","6","9","I6","0.51"
"2019","AWD","Yield+product","6","10","J6","16.7"
"2019","AWD","Yield+product","6","11","K6","71.7"
"2019","AWD","Yield+product","6","12","L6","64.1"
"2019","AWD","Yield+product","6","13","M6","1.88"
"2019","AWD","Yield+product","6","14","N6","0"
"2019","AWD","Yield+product","6","15","O6","128"
"2019","AWD","Yield+product","6","16","P6","73"
"2019","AWD","Yield+product","6","17","Q6","<0,5"
"2019","AWD","Yield+product","6","18","R6","5"
"2019","AWD","Yield+product","6","19","S6","205"
"2019","AWD","Yield+product","6","20","T6","9"
"2019","AWD","Yield+product","6","21","U6","1.49"
"2019","AWD","Yield+product","6","22","V6","0.98"
"2019","AWD","Yield+product","7","3","C7","21"
"2019","AWD","Yield+product","7","4","D7","10.8"
"2019","AWD","Yield+product","7","5","E7","-"
"2019","AWD","Yield+product","7","6","F7","828"
"2019","AWD","Yield+product","7","7","G7","93"
"2019","AWD","Yield+product","7","8","H7","27.96"
"2019","AWD","Yield+product","7","9","I7","0.52"
"2019","AWD","Yield+product","7","10","J7","18.8"
"2019","AWD","Yield+product","7","11","K7","72.5"
"2019","AWD","Yield+product","7","12","L7","64.5"
"2019","AWD","Yield+product","7","13","M7","2.12"
"2019","AWD","Yield+product","7","14","N7","0.4"
"2019","AWD","Yield+product","7","21","U7","1.34"
"2019","AWD","Yield+product","7","22","V7","1.13"
"2019","AWD","Yield+product","8","3","C8","22"
"2019","AWD","Yield+product","8","4","D8","6.0"
"2019","AWD","Yield+product","8","5","E8","-"
"2019","AWD","Yield+product","8","6","F8","575"
"2019","AWD","Yield+product","8","7","G8","83"
"2019","AWD","Yield+product","8","8","H8","28.85"
"2019","AWD","Yield+product","8","9","I8","0.56"
"2019","AWD","Yield+product","8","10","J8","10.2"
"2019","AWD","Yield+product","8","11","K8","71.8"
"2019","AWD","Yield+product","8","12","L8","52.0"
"2019","AWD","Yield+product","8","13","M8","0.32"
"2019","AWD","Yield+product","8","14","N8","0.24"
"2019","AWD","Yield+product","8","21","U8","1.40"
"2019","AWD","Yield+product","8","22","V8","0.92"
"2019","AWD","Yield+product","9","3","C9","23"
"2019","AWD","Yield+product","9","4","D9","10.7"
"2019","AWD","Yield+product","9","5","E9","-"
"2019","AWD","Yield+product","9","6","F9","717"
"2019","AWD","Yield+product","9","7","G9","86"
"2019","AWD","Yield+product","9","8","H9","29.03"
"2019","AWD","Yield+product","9","9","I9","0.57"
"2019","AWD","Yield+product","9","10","J9","15.1"
"2019","AWD","Yield+product","9","11","K9","71.8"
"2019","AWD","Yield+product","9","12","L9","61.9"
"2019","AWD","Yield+product","9","13","M9","1.08"
"2019","AWD","Yield+product","9","14","N9","0.88"
"2019","AWD","Yield+product","9","21","U9","1.21"
"2019","AWD","Yield+product","9","22","V9","0.73"
"2019","AWD","Yield+product","10","3","C10","24"
"2019","AWD","Yield+product","10","4","D10","11.4"
"2019","AWD","Yield+product","10","5","E10","-"
"2019","AWD","Yield+product","10","6","F10","812"
"2019","AWD","Yield+product","10","7","G10","85"
"2019","AWD","Yield+product","10","8","H10","28.12"
"2019","AWD","Yield+product","10","9","I10","0.47"
"2019","AWD","Yield+product","10","10","J10","18.3"
"2019","AWD","Yield+product","10","11","K10","71.6"
"2019","AWD","Yield+product","10","12","L10","63.6"
"2019","AWD","Yield+product","10","13","M10","2.52"
"2019","AWD","Yield+product","10","14","N10","0.4"
"2019","AWD","Yield+product","10","15","O10","122"
"2019","AWD","Yield+product","10","16","P10","51"
"2019","AWD","Yield+product","10","17","Q10","<0,5"
"2019","AWD","Yield+product","10","18","R10","4"
"2019","AWD","Yield+product","10","19","S10","183"
"2019","AWD","Yield+product","10","20","T10","12"
"2019","AWD","Yield+product","10","21","U10","1.31"
"2019","AWD","Yield+product","10","22","V10","0.72"
"2019","AWD","Yield+product","11","3","C11","25"
"2019","AWD","Yield+product","11","4","D11","10.0"
"2019","AWD","Yield+product","11","5","E11","-"
"2019","AWD","Yield+product","11","6","F11","779"
"2019","AWD","Yield+product","11","7","G11","101"
"2019","AWD","Yield+product","11","8","H11","28.06"
"2019","AWD","Yield+product","11","9","I11","0.48"
"2019","AWD","Yield+product","11","10","J11","13.1"
"2019","AWD","Yield+product","11","11","K11","71.5"
"2019","AWD","Yield+product","11","12","L11","62.7"
"2019","AWD","Yield+product","11","13","M11","1.24"
"2019","AWD","Yield+product","11","14","N11","0.32"
"2019","AWD","Yield+product","11","21","U11","1.09"
"2019","AWD","Yield+product","11","22","V11","0.98"
"2019","AWD","Yield+product","12","3","C12","26"
"2019","AWD","Yield+product","12","4","D12","7.8"
"2019","AWD","Yield+product","12","5","E12","-"
"2019","AWD","Yield+product","12","6","F12","563"
"2019","AWD","Yield+product","12","7","G12","83"
"2019","AWD","Yield+product","12","8","H12","29.52"
"2019","AWD","Yield+product","12","9","I12","0.57"
"2019","AWD","Yield+product","12","10","J12","7.0"
"2019","AWD","Yield+product","12","11","K12","72.3"
"2019","AWD","Yield+product","12","12","L12","58.7"
"2019","AWD","Yield+product","12","13","M12","0.20"
"2019","AWD","Yield+product","12","14","N12","0.08"
"2019","AWD","Yield+product","12","21","U12","1.32"
"2019","AWD","Yield+product","12","22","V12","0.73"
"2019","AWD","Yield+product","13","3","C13","27"
"2019","AWD","Yield+product","13","4","D13","10.3"
"2019","AWD","Yield+product","13","5","E13","-"
"2019","AWD","Yield+product","13","6","F13","745"
"2019","AWD","Yield+product","13","7","G13","87"
"2019","AWD","Yield+product","13","8","H13","28.74"
"2019","AWD","Yield+product","13","9","I13","0.56"
"2019","AWD","Yield+product","13","10","J13","14.1"
"2019","AWD","Yield+product","13","11","K13","71.5"
"2019","AWD","Yield+product","13","12","L13","62.8"
"2019","AWD","Yield+product","13","13","M13","1.28"
"2019","AWD","Yield+product","13","14","N13","0.32"
"2019","AWD","Yield+product","13","21","U13","1.46"
"2019","AWD","Yield+product","13","22","V13","0.77"
"2019","AWD","Yield+product","14","3","C14","28"
"2019","AWD","Yield+product","14","4","D14","11.1"
"2019","AWD","Yield+product","14","5","E14","-"
"2019","AWD","Yield+product","14","6","F14","865"
"2019","AWD","Yield+product","14","7","G14","98"
"2019","AWD","Yield+product","14","8","H14","28.44"
"2019","AWD","Yield+product","14","9","I14","0.53"
"2019","AWD","Yield+product","14","10","J14","16.4"
"2019","AWD","Yield+product","14","11","K14","71.7"
"2019","AWD","Yield+product","14","12","L14","62.8"
"2019","AWD","Yield+product","14","13","M14","1.28"
"2019","AWD","Yield+product","14","14","N14","0.2"
"2019","AWD","Yield+product","14","15","O14","125"
"2019","AWD","Yield+product","14","16","P14","51"
"2019","AWD","Yield+product","14","17","Q14","<0,5"
"2019","AWD","Yield+product","14","18","R14","4"
"2019","AWD","Yield+product","14","19","S14","174"
"2019","AWD","Yield+product","14","20","T14","19"
"2019","AWD","Yield+product","14","21","U14","1.03"
"2019","AWD","Yield+product","14","22","V14","0.60"
"2019","AWD","Yield+product","15","3","C15","29"
"2019","AWD","Yield+product","15","4","D15","10.6"
"2019","AWD","Yield+product","15","5","E15","-"
"2019","AWD","Yield+product","15","6","F15","852"
"2019","AWD","Yield+product","15","7","G15","106"
"2019","AWD","Yield+product","15","8","H15","28.19"
"2019","AWD","Yield+product","15","9","I15","0.49"
"2019","AWD","Yield+product","15","10","J15","20.1"
"2019","AWD","Yield+product","15","11","K15","71.5"
"2019","AWD","Yield+product","15","12","L15","64.3"
"2019","AWD","Yield+product","15","13","M15","1.36"
"2019","AWD","Yield+product","15","14","N15","0.36"
"2019","AWD","Yield+product","15","21","U15","1.31"
"2019","AWD","Yield+product","15","22","V15","0.92"
"2019","DFL","Groundwater","1","1","A1","GROUNDWATER"
"2019","DFL","Groundwater","1","3","C1","NOTE: Groundwater quality sampling was conducted during 7 sampling events: (1) in piezometrs P2, P5, P6 and P7; (2 and 3) in all piezometers from P1 tp P7; (4,5,6,7)in piezometers P2, P5, P6 and P7."
"2019","DFL","Groundwater","2","1","A2","Date"
"2019","DFL","Groundwater","2","2","B2","Days after sowing"
"2019","DFL","Groundwater","2","3","C2","Depth (cm) PIEZOMETER P3
"
"2019","DFL","Groundwater","2","4","D2","Depth (cm) PIEZOMETER P4
"
"2019","DFL","Groundwater","2","5","E2","Depth (cm) PIEZOMETER P7
"
"2019","DFL","Groundwater","2","6","F2","Salinity (dS/m)
"
"2019","DFL","Groundwater","2","7","G2","Salinity (dS/m)
"
"2019","DFL","Groundwater","2","8","H2","Salinity (dS/m)
"
"2019","DFL","Groundwater","2","9","I2","N-NO3 (mg/l) PIEZOMETER P3
"
"2019","DFL","Groundwater","2","10","J2","N-NO3 (mg/l) PIEZOMETER P4
"
"2019","DFL","Groundwater","2","11","K2","N-NO3 (mg/l) PIEZOMETER P7
"
"2019","DFL","Groundwater","2","12","L2","N-NO2 (mg/l) PIEZOMETER
P3"
"2019","DFL","Groundwater","2","13","M2","N-NO2 (mg/l)
PIEZOMETER P4"
"2019","DFL","Groundwater","2","14","N2","N-NO2 (mg/l)
PIEZOMETER P7"
"2019","DFL","Groundwater","2","15","O2","N-UREA (mg/l) PIEZOMETER 3"
"2019","DFL","Groundwater","2","16","P2","N-UREA (mg/l) PIEZOMETER 4"
"2019","DFL","Groundwater","2","17","Q2","N-UREA (mg/l) PIEZOMETER 7"
"2019","DFL","Groundwater","2","18","R2","N-NH3 (mg/l)
PIEZOMETER P3"
"2019","DFL","Groundwater","2","19","S2","N-NH3 (mg/l)
PIEZOMETER P4"
"2019","DFL","Groundwater","2","20","T2","N-NH3 (mg/l) PIEZOMETER
P7"
"2019","DFL","Groundwater","2","21","U2","N-TOT (mg/l) PIEZOMETER
P3"
"2019","DFL","Groundwater","2","22","V2","N-TOT (mg/l) PIEZOMETER
P4"
"2019","DFL","Groundwater","2","23","W2","N-TOT (mg/l) PIEZOMETER
P7"
"2019","DFL","Groundwater","2","24","X2"," P-PO4 (mg/l) PIEZOMETER 3"
"2019","DFL","Groundwater","2","25","Y2","P-PO4 (mg/l) PIEZOMETER 4"
"2019","DFL","Groundwater","2","26","Z2","P-PO4 (mg/l) PIEZOMETER 7"
"2019","DFL","Groundwater","2","27","AA2","K (mg/l) PIEZOMETER 3"
"2019","DFL","Groundwater","2","28","AB2","K (mg/l) PIEZOMETER 4"
"2019","DFL","Groundwater","2","29","AC2","K (mg/l) PIEZOMETER 7"
"2019","DFL","Groundwater","2","30","AD2","Arsenic (mg/L)
"
"2019","DFL","Groundwater","2","31","AE2","Arsenic (mg/L)
"
"2019","DFL","Groundwater","2","32","AF2","Arsenic (mg/L)
"
"2019","DFL","Groundwater","2","33","AG2","Cadmium (mg/L)
"
"2019","DFL","Groundwater","2","34","AH2","Cadmium (mg/L)
"
"2019","DFL","Groundwater","2","35","AI2","Cadmium (mg/L)
"
"2019","DFL","Groundwater","2","36","AJ2","Pesticides content: MCPA (µg/L)  PIEZOMETER P3
"
"2019","DFL","Groundwater","2","37","AK2","Pesticides content: MCPA (µg/L) PIEZOMETER P4
"
"2019","DFL","Groundwater","2","38","AL2","Pesticides content: MCPA (µg/L) PIEZOMETER P7
"
"2019","DFL","Groundwater","2","39","AM2","Pesticides content: Clomazone  (µg/L)  PIEZOMETER P3
"
"2019","DFL","Groundwater","2","40","AN2","Pesticides content: Clomazone  (µg/L) PIEZOMETER P4
"
"2019","DFL","Groundwater","2","41","AO2","Pesticides content: Clomazone (µg/L) PIEZOMETER P7
"
"2019","DFL","Groundwater","3","1","A3","4/29/2019"
"2019","DFL","Groundwater","3","2","B3","-1"
"2019","DFL","Groundwater","3","11","K3","< LOQ"
"2019","DFL","Groundwater","3","14","N3","< LOQ"
"2019","DFL","Groundwater","3","17","Q3","< LOQ"
"2019","DFL","Groundwater","3","20","T3","0.05"
"2019","DFL","Groundwater","3","23","W3","10.29"
"2019","DFL","Groundwater","3","26","Z3","0.06"
"2019","DFL","Groundwater","3","29","AC3","< LOQ"
"2019","DFL","Groundwater","3","38","AL3","<LOD"
"2019","DFL","Groundwater","3","41","AO3","<LOD"
"2019","DFL","Groundwater","4","1","A4","4/30/2019"
"2019","DFL","Groundwater","4","2","B4","0"
"2019","DFL","Groundwater","4","3","C4","214.9"
"2019","DFL","Groundwater","4","4","D4","208.3"
"2019","DFL","Groundwater","4","5","E4","213.8"
"2019","DFL","Groundwater","5","1","A5","5/1/2019"
"2019","DFL","Groundwater","5","2","B5","1"
"2019","DFL","Groundwater","5","3","C5","214.5"
"2019","DFL","Groundwater","5","4","D5","208.5"
"2019","DFL","Groundwater","5","5","E5","213.6"
"2019","DFL","Groundwater","6","1","A6","5/2/2019"
"2019","DFL","Groundwater","6","2","B6","2"
"2019","DFL","Groundwater","6","3","C6","214.1"
"2019","DFL","Groundwater","6","4","D6","208.2"
"2019","DFL","Groundwater","6","5","E6","213.1"
"2019","DFL","Groundwater","7","1","A7","5/3/2019"
"2019","DFL","Groundwater","7","2","B7","3"
"2019","DFL","Groundwater","7","3","C7","213.6"
"2019","DFL","Groundwater","7","4","D7","207.7"
"2019","DFL","Groundwater","7","5","E7","212.1"
"2019","DFL","Groundwater","8","1","A8","5/4/2019"
"2019","DFL","Groundwater","8","2","B8","4"
"2019","DFL","Groundwater","8","3","C8","213.2"
"2019","DFL","Groundwater","8","4","D8","205.9"
"2019","DFL","Groundwater","8","5","E8","211.2"
"2019","DFL","Groundwater","9","1","A9","5/5/2019"
"2019","DFL","Groundwater","9","2","B9","5"
"2019","DFL","Groundwater","9","3","C9","212.6"
"2019","DFL","Groundwater","9","4","D9","205.1"
"2019","DFL","Groundwater","9","5","E9","210.6"
"2019","DFL","Groundwater","10","1","A10","5/6/2019"
"2019","DFL","Groundwater","10","2","B10","6"
"2019","DFL","Groundwater","10","3","C10","212.2"
"2019","DFL","Groundwater","10","4","D10","205.2"
"2019","DFL","Groundwater","10","5","E10","210.0"
"2019","DFL","Groundwater","11","1","A11","5/7/2019"
"2019","DFL","Groundwater","11","2","B11","7"
"2019","DFL","Groundwater","11","3","C11","211.8"
"2019","DFL","Groundwater","11","4","D11","205.5"
"2019","DFL","Groundwater","11","5","E11","209.8"
"2019","DFL","Groundwater","12","1","A12","5/8/2019"
"2019","DFL","Groundwater","12","2","B12","8"
"2019","DFL","Groundwater","12","3","C12","211.3"
"2019","DFL","Groundwater","12","4","D12","204.4"
"2019","DFL","Groundwater","12","5","E12","208.7"
"2019","DFL","Groundwater","13","1","A13","5/9/2019"
"2019","DFL","Groundwater","13","2","B13","9"
"2019","DFL","Groundwater","13","3","C13","210.0"
"2019","DFL","Groundwater","13","4","D13","201.4"
"2019","DFL","Groundwater","13","5","E13","207.2"
"2019","DFL","Groundwater","14","1","A14","5/10/2019"
"2019","DFL","Groundwater","14","2","B14","10"
"2019","DFL","Groundwater","14","3","C14","199.6"
"2019","DFL","Groundwater","14","4","D14","200.2"
"2019","DFL","Groundwater","14","5","E14","206.4"
"2019","DFL","Groundwater","14","9","I14","1.390"
"2019","DFL","Groundwater","14","10","J14","0.345"
"2019","DFL","Groundwater","14","11","K14","2.95"
"2019","DFL","Groundwater","14","12","L14","0.157"
"2019","DFL","Groundwater","14","13","M14","0.276"
"2019","DFL","Groundwater","14","14","N14","0.15"
"2019","DFL","Groundwater","14","15","O14","< LOQ"
"2019","DFL","Groundwater","14","16","P14","< LOQ"
"2019","DFL","Groundwater","14","17","Q14","< LOQ"
"2019","DFL","Groundwater","14","18","R14","0.077"
"2019","DFL","Groundwater","14","19","S14","0.179"
"2019","DFL","Groundwater","14","20","T14","0.10"
"2019","DFL","Groundwater","14","21","U14","9.650"
"2019","DFL","Groundwater","14","22","V14","7.022"
"2019","DFL","Groundwater","14","23","W14","10.47"
"2019","DFL","Groundwater","14","24","X14","0.299"
"2019","DFL","Groundwater","14","25","Y14","0.321"
"2019","DFL","Groundwater","14","26","Z14","0.22"
"2019","DFL","Groundwater","14","27","AA14","10.400"
"2019","DFL","Groundwater","14","28","AB14","< LOQ"
"2019","DFL","Groundwater","14","29","AC14","5.03"
"2019","DFL","Groundwater","14","36","AJ14","<LOD"
"2019","DFL","Groundwater","14","37","AK14","7.2043E-06"
"2019","DFL","Groundwater","14","38","AL14","<LOD"
"2019","DFL","Groundwater","14","39","AM14","<LOD"
"2019","DFL","Groundwater","14","40","AN14","6.67481E-06"
"2019","DFL","Groundwater","14","41","AO14","<LOD"
"2019","DFL","Groundwater","15","1","A15","5/11/2019"
"2019","DFL","Groundwater","15","2","B15","11"
"2019","DFL","Groundwater","15","3","C15","191.5"
"2019","DFL","Groundwater","15","4","D15","199.2"
"2019","DFL","Groundwater","15","5","E15","205.2"
"2019","DFL","Irrig","1","1","A1","IRRIGATION"
"2019","DFL","Irrig","2","1","A2","Date"
"2019","DFL","Irrig","2","2","B2","Days after sowing"
"2019","DFL","Irrig","2","3","C2","Irrig inflow (mm)
"
"2019","DFL","Irrig","2","4","D2","Irrig inflow (mm)
"
"2019","DFL","Irrig","2","5","E2","Irrig water salinity (dS/m)"
"2019","DFL","Irrig","2","6","F2","Irrig water ponding water level in the field (mm)"
"2019","DFL","Irrig","2","7","G2","Sampling point for nutrients (N, P, K) and pesticides (MCPA, Clomazone) analysis                                                                                                                                                                                                                                                              E(in): irrigation inlet                                                                                                                                                                                                                                                                                                  U(out): irrigation outlet"
"2019","DFL","Irrig","2","8","H2","Arsenic (mg/L)"
"2019","DFL","Irrig","2","9","I2","Cadmium (mg/L)"
"2019","DFL","Irrig","2","10","J2","N-NO3 (mg/l)"
"2019","DFL","Irrig","2","11","K2","N-NO2 (mg/l)"
"2019","DFL","Irrig","2","12","L2","N-UREA (mg/l)"
"2019","DFL","Irrig","2","13","M2","N-NH3 (mg/l)"
"2019","DFL","Irrig","2","14","N2","N-TOT (mg/l)"
"2019","DFL","Irrig","2","15","O2","P-PO4 (mg/l)"
"2019","DFL","Irrig","2","16","P2","K (mg/l)"
"2019","DFL","Irrig","2","17","Q2","Pesticides content: MCPA (µg/L)"
"2019","DFL","Irrig","2","18","R2","Pesticides content: Clomazone (µg/L)"
"2019","DFL","Irrig","3","1","A3","4/30/2019"
"2019","DFL","Irrig","3","2","B3","0"
"2019","DFL","Irrig","3","3","C3","0.00"
"2019","DFL","Irrig","3","4","D3","0.00"
"2019","DFL","Irrig","3","6","F3","0.00"
"2019","DFL","Irrig","4","1","A4","5/1/2019"
"2019","DFL","Irrig","4","2","B4","1"
"2019","DFL","Irrig","4","3","C4","0.00"
"2019","DFL","Irrig","4","4","D4","0.00"
"2019","DFL","Irrig","4","6","F4","0.00"
"2019","DFL","Irrig","5","1","A5","5/2/2019"
"2019","DFL","Irrig","5","2","B5","2"
"2019","DFL","Irrig","5","3","C5","0.00"
"2019","DFL","Irrig","5","4","D5","0.00"
"2019","DFL","Irrig","5","6","F5","0.00"
"2019","DFL","Irrig","6","1","A6","5/3/2019"
"2019","DFL","Irrig","6","2","B6","3"
"2019","DFL","Irrig","6","3","C6","0.00"
"2019","DFL","Irrig","6","4","D6","0.00"
"2019","DFL","Irrig","6","6","F6","0.00"
"2019","DFL","Irrig","7","1","A7","5/4/2019"
"2019","DFL","Irrig","7","2","B7","4"
"2019","DFL","Irrig","7","3","C7","0.00"
"2019","DFL","Irrig","7","4","D7","0.00"
"2019","DFL","Irrig","7","6","F7","0.00"
"2019","DFL","Irrig","8","1","A8","5/5/2019"
"2019","DFL","Irrig","8","2","B8","5"
"2019","DFL","Irrig","8","3","C8","0.00"
"2019","DFL","Irrig","8","4","D8","0.00"
"2019","DFL","Irrig","8","6","F8","0.00"
"2019","DFL","Irrig","9","1","A9","5/6/2019"
"2019","DFL","Irrig","9","2","B9","6"
"2019","DFL","Irrig","9","3","C9","0.00"
"2019","DFL","Irrig","9","4","D9","0.00"
"2019","DFL","Irrig","9","6","F9","0.00"
"2019","DFL","Irrig","10","1","A10","5/7/2019"
"2019","DFL","Irrig","10","2","B10","7"
"2019","DFL","Irrig","10","3","C10","0.00"
"2019","DFL","Irrig","10","4","D10","0.00"
"2019","DFL","Irrig","10","6","F10","0.00"
"2019","DFL","Irrig","11","1","A11","5/8/2019"
"2019","DFL","Irrig","11","2","B11","8"
"2019","DFL","Irrig","11","3","C11","0.00"
"2019","DFL","Irrig","11","4","D11","0.00"
"2019","DFL","Irrig","11","6","F11","0.00"
"2019","DFL","Irrig","12","1","A12","5/9/2019"
"2019","DFL","Irrig","12","2","B12","9"
"2019","DFL","Irrig","12","3","C12","0.00"
"2019","DFL","Irrig","12","4","D12","0.00"
"2019","DFL","Irrig","12","6","F12","0.00"
"2019","DFL","Irrig","13","1","A13","5/10/2019"
"2019","DFL","Irrig","13","2","B13","10"
"2019","DFL","Irrig","13","3","C13","0.00"
"2019","DFL","Irrig","13","4","D13","0.00"
"2019","DFL","Irrig","13","6","F13","0.00"
"2019","DFL","Irrig","14","1","A14","5/11/2019"
"2019","DFL","Irrig","14","2","B14","11"
"2019","DFL","Irrig","14","3","C14","0.00"
"2019","DFL","Irrig","14","4","D14","0.00"
"2019","DFL","Irrig","14","6","F14","0.00"
"2019","DFL","Irrig","15","1","A15","5/12/2019"
"2019","DFL","Irrig","15","2","B15","12"
"2019","DFL","Irrig","15","3","C15","0.00"
"2019","DFL","Irrig","15","4","D15","0.00"
"2019","DFL","Irrig","15","6","F15","0.00"
"2019","DFL","Managem oper","1","1","A1","SOIL, CROP, AND IRRIGATION MANAGEMENT OPERATIONS"
"2019","DFL","Managem oper","2","1","A2","Year and plot"
"2019","DFL","Managem oper","2","2","B2","-"
"2019","DFL","Managem oper","2","3","C2","2019 Castello d'Agogna"
"2019","DFL","Managem oper","3","1","A3","Puddling"
"2019","DFL","Managem oper","3","2","B3","Date"
"2019","DFL","Managem oper","4","2","B4","Depth"
"2019","DFL","Managem oper","5","1","A5","Ploughing"
"2019","DFL","Managem oper","5","2","B5","Date"
"2019","DFL","Managem oper","5","3","C5","3/20/2019"
"2019","DFL","Managem oper","6","2","B6","Depth (cm)"
"2019","DFL","Managem oper","6","3","C6","25"
"2019","DFL","Managem oper","7","1","A7","Levelling"
"2019","DFL","Managem oper","7","2","B7","Date"
"2019","DFL","Managem oper","7","3","C7","3/25/2019"
"2019","DFL","Managem oper","8","2","B8","Technique"
"2019","DFL","Managem oper","8","3","C8","Laser"
"2019","DFL","Managem oper","9","1","A9","Harrowing 1"
"2019","DFL","Managem oper","9","2","B9","Date"
"2019","DFL","Managem oper","9","3","C9","5/13/2019"
"2019","DFL","Managem oper","10","2","B10","Depth (cm)"
"2019","DFL","Managem oper","10","3","C10","10"
"2019","DFL","Managem oper","11","1","A11","Sowing"
"2019","DFL","Managem oper","11","2","B11","Date"
"2019","DFL","Managem oper","11","3","C11","4/30/2019"
"2019","DFL","Managem oper","12","2","B12","Variety"
"2019","DFL","Managem oper","12","3","C12","Centauro"
"2019","DFL","Managem oper","13","2","B13","Rate (kg/ha)"
"2019","DFL","Managem oper","13","3","C13","150"
"2019","DFL","Managem oper","14","1","A14","Fertilization base"
"2019","DFL","Managem oper","14","2","B14","Date"
"2019","DFL","Managem oper","14","3","C14","5/13/2019"
"2019","DFL","Managem oper","15","2","B15","N (kg/ha)"
"2019","DFL","Managem oper","15","3","C15","0"
"2019","DFL","Other water","1","1","A1","OTHER WATER (OR NUTRIENT, OR PESTICIDE) BALANCE COMPONENTS"
"2019","DFL","Other water","2","1","A2","Date"
"2019","DFL","Other water","2","2","B2","Days after sowing"
"2019","DFL","Other water","2","3","C2","Qin (mm)"
"2019","DFL","Other water","2","4","D2","Qout (mm)"
"2019","DFL","Other water","2","5","E2","h_lev (mm)"
"2019","DFL","Other water","2","6","F2","Rain(mm)"
"2019","DFL","Other water","2","7","G2","ETc_Adj(mm)"
"2019","DFL","Other water","2","8","H2","Delta_L (mm)"
"2019","DFL","Other water","2","9","I2","Delta_S (mm)"
"2019","DFL","Other water","2","10","J2","Perc_Bal (mm)"
"2019","DFL","Other water","2","11","K2","Perc_MODEL (mm)"
"2019","DFL","Other water","2","13","M2","Qin (mm) and Qout (mm) are the irrigation fluxes (L/s average in the day) entering and exiting the parcel through the irrigation inlet and outlet, divided by the parcel surface (1400.30 m2). "
"2019","DFL","Other water","3","1","A3","4/30/2019"
"2019","DFL","Other water","3","2","B3","0"
"2019","DFL","Other water","3","3","C3","0.00"
"2019","DFL","Other water","3","4","D3","0.00"
"2019","DFL","Other water","3","5","E3","0.00"
"2019","DFL","Other water","3","6","F3","0.00"
"2019","DFL","Other water","3","7","G3","1.86"
"2019","DFL","Other water","3","8","H3","0.00"
"2019","DFL","Other water","3","9","I3","-1.86"
"2019","DFL","Other water","3","10","J3","0.000"
"2019","DFL","Other water","3","11","K3","0.000"
"2019","DFL","Other water","3","13","M3","h_lev (mm) is the measured ponding water level in the parcel (average value during the day)."
"2019","DFL","Other water","4","1","A4","5/1/2019"
"2019","DFL","Other water","4","2","B4","1"
"2019","DFL","Other water","4","3","C4","0.00"
"2019","DFL","Other water","4","4","D4","0.00"
"2019","DFL","Other water","4","5","E4","0.00"
"2019","DFL","Other water","4","6","F4","0.00"
"2019","DFL","Other water","4","7","G4","1.87"
"2019","DFL","Other water","4","8","H4","0.00"
"2019","DFL","Other water","4","9","I4","-1.87"
"2019","DFL","Other water","4","10","J4","0.000"
"2019","DFL","Other water","4","11","K4","0.000"
"2019","DFL","Other water","4","13","M4","Rain (mm): daily rainfall."
"2019","DFL","Other water","5","1","A5","5/2/2019"
"2019","DFL","Other water","5","2","B5","2"
"2019","DFL","Other water","5","3","C5","0.00"
"2019","DFL","Other water","5","4","D5","0.00"
"2019","DFL","Other water","5","5","E5","0.00"
"2019","DFL","Other water","5","6","F5","0.80"
"2019","DFL","Other water","5","7","G5","1.33"
"2019","DFL","Other water","5","8","H5","0.00"
"2019","DFL","Other water","5","9","I5","-0.53"
"2019","DFL","Other water","5","10","J5","0.000"
"2019","DFL","Other water","5","11","K5","0.000"
"2019","DFL","Other water","5","13","M5","ETc_Adj(mm): daily actual evapotranspiration."
"2019","DFL","Other water","6","1","A6","5/3/2019"
"2019","DFL","Other water","6","2","B6","3"
"2019","DFL","Other water","6","3","C6","0.00"
"2019","DFL","Other water","6","4","D6","0.00"
"2019","DFL","Other water","6","5","E6","0.00"
"2019","DFL","Other water","6","6","F6","1.60"
"2019","DFL","Other water","6","7","G6","0.86"
"2019","DFL","Other water","6","8","H6","0.00"
"2019","DFL","Other water","6","9","I6","0.74"
"2019","DFL","Other water","6","10","J6","0.000"
"2019","DFL","Other water","6","11","K6","0.000"
"2019","DFL","Other water","6","13","M6","Delta L (mm) daily change in ponding water storage computed at the end of the day [end of day(i) - end of day(i-1)]."
"2019","DFL","Other water","7","1","A7","5/4/2019"
"2019","DFL","Other water","7","2","B7","4"
"2019","DFL","Other water","7","3","C7","0.00"
"2019","DFL","Other water","7","4","D7","0.00"
"2019","DFL","Other water","7","5","E7","0.00"
"2019","DFL","Other water","7","6","F7","0.40"
"2019","DFL","Other water","7","7","G7","1.29"
"2019","DFL","Other water","7","8","H7","0.00"
"2019","DFL","Other water","7","9","I7","-0.89"
"2019","DFL","Other water","7","10","J7","0.000"
"2019","DFL","Other water","7","11","K7","0.000"
"2019","DFL","Other water","7","13","M7","Delta S (mm) daily change in water stored within the soil layer above the LCL (Less Conductive Layer) computed at the end of the day [end of day(i) - end of day(i-1)]."
"2019","DFL","Other water","8","1","A8","5/5/2019"
"2019","DFL","Other water","8","2","B8","5"
"2019","DFL","Other water","8","3","C8","0.00"
"2019","DFL","Other water","8","4","D8","0.00"
"2019","DFL","Other water","8","5","E8","0.00"
"2019","DFL","Other water","8","6","F8","1.00"
"2019","DFL","Other water","8","7","G8","1.14"
"2019","DFL","Other water","8","8","H8","0.00"
"2019","DFL","Other water","8","9","I8","-0.14"
"2019","DFL","Other water","8","10","J8","0.000"
"2019","DFL","Other water","8","11","K8","0.000"
"2019","DFL","Other water","8","13","M8","Perc_Bal (mm) is the percolation under the LCL (Less Conductive Layer, also called hardpan, usually located under the plugged horizon) obtained from the water balance (Qin-Qout +Rain -Etc_Adj -Delta_L -Delta_S)."
"2019","DFL","Other water","9","1","A9","5/6/2019"
"2019","DFL","Other water","9","2","B9","6"
"2019","DFL","Other water","9","3","C9","0.00"
"2019","DFL","Other water","9","4","D9","0.00"
"2019","DFL","Other water","9","5","E9","0.00"
"2019","DFL","Other water","9","6","F9","0.00"
"2019","DFL","Other water","9","7","G9","1.78"
"2019","DFL","Other water","9","8","H9","0.00"
"2019","DFL","Other water","9","9","I9","-1.78"
"2019","DFL","Other water","9","10","J9","0.000"
"2019","DFL","Other water","9","11","K9","0.000"
"2019","DFL","Other water","9","13","M9","Perc_MODEL (mm) is the percolation under the LCL (Less Conductive Layer, also called hardpan, usually located under the plugged horizon), modelled with a distributed Darcy-type model."
"2019","DFL","Other water","10","1","A10","5/7/2019"
"2019","DFL","Other water","10","2","B10","7"
"2019","DFL","Other water","10","3","C10","0.00"
"2019","DFL","Other water","10","4","D10","0.00"
"2019","DFL","Other water","10","5","E10","0.00"
"2019","DFL","Other water","10","6","F10","0.00"
"2019","DFL","Other water","10","7","G10","1.39"
"2019","DFL","Other water","10","8","H10","0.00"
"2019","DFL","Other water","10","9","I10","-1.39"
"2019","DFL","Other water","10","10","J10","0.000"
"2019","DFL","Other water","10","11","K10","0.000"
"2019","DFL","Other water","11","1","A11","5/8/2019"
"2019","DFL","Other water","11","2","B11","8"
"2019","DFL","Other water","11","3","C11","0.00"
"2019","DFL","Other water","11","4","D11","0.00"
"2019","DFL","Other water","11","5","E11","0.00"
"2019","DFL","Other water","11","6","F11","9.40"
"2019","DFL","Other water","11","7","G11","0.19"
"2019","DFL","Other water","11","8","H11","0.00"
"2019","DFL","Other water","11","9","I11","9.21"
"2019","DFL","Other water","11","10","J11","0.000"
"2019","DFL","Other water","11","11","K11","0.000"
"2019","DFL","Other water","12","1","A12","5/9/2019"
"2019","DFL","Other water","12","2","B12","9"
"2019","DFL","Other water","12","3","C12","0.00"
"2019","DFL","Other water","12","4","D12","0.00"
"2019","DFL","Other water","12","5","E12","0.00"
"2019","DFL","Other water","12","6","F12","6.60"
"2019","DFL","Other water","12","7","G12","1.27"
"2019","DFL","Other water","12","8","H12","0.00"
"2019","DFL","Other water","12","9","I12","5.33"
"2019","DFL","Other water","12","10","J12","0.000"
"2019","DFL","Other water","12","11","K12","0.000"
"2019","DFL","Other water","13","1","A13","5/10/2019"
"2019","DFL","Other water","13","2","B13","10"
"2019","DFL","Other water","13","3","C13","0.00"
"2019","DFL","Other water","13","4","D13","0.00"
"2019","DFL","Other water","13","5","E13","0.00"
"2019","DFL","Other water","13","6","F13","0.00"
"2019","DFL","Other water","13","7","G13","1.76"
"2019","DFL","Other water","13","8","H13","0.00"
"2019","DFL","Other water","13","9","I13","-1.76"
"2019","DFL","Other water","13","10","J13","0.000"
"2019","DFL","Other water","13","11","K13","0.000"
"2019","DFL","Other water","14","1","A14","5/11/2019"
"2019","DFL","Other water","14","2","B14","11"
"2019","DFL","Other water","14","3","C14","0.00"
"2019","DFL","Other water","14","4","D14","0.00"
"2019","DFL","Other water","14","5","E14","0.00"
"2019","DFL","Other water","14","6","F14","4.00"
"2019","DFL","Other water","14","7","G14","0.82"
"2019","DFL","Other water","14","8","H14","0.00"
"2019","DFL","Other water","14","9","I14","3.18"
"2019","DFL","Other water","14","10","J14","0.000"
"2019","DFL","Other water","14","11","K14","0.000"
"2019","DFL","Other water","15","1","A15","5/12/2019"
"2019","DFL","Other water","15","2","B15","12"
"2019","DFL","Other water","15","3","C15","0.00"
"2019","DFL","Other water","15","4","D15","0.00"
"2019","DFL","Other water","15","5","E15","0.00"
"2019","DFL","Other water","15","6","F15","0.00"
"2019","DFL","Other water","15","7","G15","1.15"
"2019","DFL","Other water","15","8","H15","0.00"
"2019","DFL","Other water","15","9","I15","-1.15"
"2019","DFL","Other water","15","10","J15","0.000"
"2019","DFL","Other water","15","11","K15","0.000"
"2019","DFL","Yield+product","1","1","A1","YIELD AND PRODUCT QUALITY"
"2019","DFL","Yield+product","2","1","A2","Date"
"2019","DFL","Yield+product","2","2","B2","Plot"
"2019","DFL","Yield+product","2","3","C2","Location"
"2019","DFL","Yield+product","2","4","D2","Rice grain yield at 14% humidity (t/ha)"
"2019","DFL","Yield+product","2","5","E2","Straw yield if sold (t/ha)"
"2019","DFL","Yield+product","2","6","F2","Yield comp
Nº panic/m2"
"2019","DFL","Yield+product","2","7","G2","Yield comp
Nº of grains by panicle"
"2019","DFL","Yield+product","2","8","H2","Yield comp
Weight of 1000 grains at 14% hum (g)"
"2019","DFL","Yield+product","2","9","I2","Yield comp Harvest Index
"
"2019","DFL","Yield+product","2","10","J2","Yield comp
Sterility (%)"
"2019","DFL","Yield+product","2","11","K2","Milled rice yield (%)"
"2019","DFL","Yield+product","2","12","L2","Head rice yield (%)"
"2019","DFL","Yield+product","2","13","M2","Yield comp
Chalkiness (%)"
"2019","DFL","Yield+product","2","14","N2","Yield comp
Damaged kernels (%)"
"2019","DFL","Yield+product","2","15","O2","As(III) μg kg-1"
"2019","DFL","Yield+product","2","16","P2","DMA(V) μg kg-1"
"2019","DFL","Yield+product","2","17","Q2","MMA(V) μg kg-1"
"2019","DFL","Yield+product","2","18","R2","As(V) μg kg-1"
"2019","DFL","Yield+product","2","19","S2","As TOT μg kg-1"
"2019","DFL","Yield+product","2","20","T2","Cadmium of rice grain (μg kg-1)"
"2019","DFL","Yield+product","2","21","U2","N % content (grain)"
"2019","DFL","Yield+product","2","22","V2","N % content (straw)"
"2019","DFL","Yield+product","3","1","A3","10/8/2019"
"2019","DFL","Yield+product","3","2","B3","CASTELLO D'AGOGNA"
"2019","DFL","Yield+product","3","3","C3","33"
"2019","DFL","Yield+product","3","4","D3","11.0"
"2019","DFL","Yield+product","3","5","E3","-"
"2019","DFL","Yield+product","3","6","F3","637"
"2019","DFL","Yield+product","3","7","G3","106"
"2019","DFL","Yield+product","3","8","H3","28.83"
"2019","DFL","Yield+product","3","9","I3","0.49"
"2019","DFL","Yield+product","3","10","J3","14.4"
"2019","DFL","Yield+product","3","11","K3","72.5"
"2019","DFL","Yield+product","3","12","L3","66.2"
"2019","DFL","Yield+product","3","13","M3","1.24"
"2019","DFL","Yield+product","3","14","N3","0.84"
"2019","DFL","Yield+product","3","21","U3","1.44"
"2019","DFL","Yield+product","3","22","V3","0.86"
"2019","DFL","Yield+product","4","3","C4","34"
"2019","DFL","Yield+product","4","4","D4","8.2"
"2019","DFL","Yield+product","4","5","E4","-"
"2019","DFL","Yield+product","4","6","F4","512"
"2019","DFL","Yield+product","4","7","G4","86"
"2019","DFL","Yield+product","4","8","H4","30.62"
"2019","DFL","Yield+product","4","9","I4","0.53"
"2019","DFL","Yield+product","4","10","J4","7.6"
"2019","DFL","Yield+product","4","11","K4","71.5"
"2019","DFL","Yield+product","4","12","L4","57.4"
"2019","DFL","Yield+product","4","13","M4","0.44"
"2019","DFL","Yield+product","4","14","N4","0.64"
"2019","DFL","Yield+product","4","21","U4","1.14"
"2019","DFL","Yield+product","4","22","V4","0.65"
"2019","DFL","Yield+product","5","3","C5","35"
"2019","DFL","Yield+product","5","4","D5","10.8"
"2019","DFL","Yield+product","5","5","E5","-"
"2019","DFL","Yield+product","5","6","F5","603"
"2019","DFL","Yield+product","5","7","G5","100"
"2019","DFL","Yield+product","5","8","H5","29.72"
"2019","DFL","Yield+product","5","9","I5","0.55"
"2019","DFL","Yield+product","5","10","J5","9.7"
"2019","DFL","Yield+product","5","11","K5","71.8"
"2019","DFL","Yield+product","5","12","L5","63.8"
"2019","DFL","Yield+product","5","13","M5","1.20"
"2019","DFL","Yield+product","5","14","N5","0.56"
"2019","DFL","Yield+product","5","21","U5","1.35"
"2019","DFL","Yield+product","5","22","V5","0.87"
"2019","DFL","Yield+product","6","3","C6","36"
"2019","DFL","Yield+product","6","4","D6","11.3"
"2019","DFL","Yield+product","6","5","E6","-"
"2019","DFL","Yield+product","6","6","F6","608"
"2019","DFL","Yield+product","6","7","G6","103"
"2019","DFL","Yield+product","6","8","H6","29.22"
"2019","DFL","Yield+product","6","9","I6","0.50"
"2019","DFL","Yield+product","6","10","J6","11.7"
"2019","DFL","Yield+product","6","11","K6","73.0"
"2019","DFL","Yield+product","6","12","L6","66.7"
"2019","DFL","Yield+product","6","13","M6","1.36"
"2019","DFL","Yield+product","6","14","N6","0.48"
"2019","DFL","Yield+product","6","15","O6","111"
"2019","DFL","Yield+product","6","16","P6","91"
"2019","DFL","Yield+product","6","17","Q6","<0,5"
"2019","DFL","Yield+product","6","18","R6","3"
"2019","DFL","Yield+product","6","19","S6","200"
"2019","DFL","Yield+product","6","20","T6","6"
"2019","DFL","Yield+product","6","21","U6","1.39"
"2019","DFL","Yield+product","6","22","V6","0.85"
"2019","DFL","Yield+product","7","3","C7","37"
"2019","DFL","Yield+product","7","4","D7","9.6"
"2019","DFL","Yield+product","7","5","E7","-"
"2019","DFL","Yield+product","7","6","F7","532"
"2019","DFL","Yield+product","7","7","G7","115"
"2019","DFL","Yield+product","7","8","H7","28.93"
"2019","DFL","Yield+product","7","9","I7","0.52"
"2019","DFL","Yield+product","7","10","J7","12.0"
"2019","DFL","Yield+product","7","11","K7","72.8"
"2019","DFL","Yield+product","7","12","L7","66.4"
"2019","DFL","Yield+product","7","13","M7","1.12"
"2019","DFL","Yield+product","7","14","N7","0.44"
"2019","DFL","Yield+product","7","21","U7","1.33"
"2019","DFL","Yield+product","7","22","V7","0.71"
"2019","DFL","Yield+product","8","3","C8","38"
"2019","DFL","Yield+product","8","4","D8","8.2"
"2019","DFL","Yield+product","8","5","E8","-"
"2019","DFL","Yield+product","8","6","F8","604"
"2019","DFL","Yield+product","8","7","G8","99"
"2019","DFL","Yield+product","8","8","H8","29.83"
"2019","DFL","Yield+product","8","9","I8","0.54"
"2019","DFL","Yield+product","8","10","J8","6.6"
"2019","DFL","Yield+product","8","11","K8","72.1"
"2019","DFL","Yield+product","8","12","L8","59.5"
"2019","DFL","Yield+product","8","13","M8","0.40"
"2019","DFL","Yield+product","8","14","N8","0.28"
"2019","DFL","Yield+product","8","21","U8","1.17"
"2019","DFL","Yield+product","8","22","V8","0.62"
"2019","DFL","Yield+product","9","3","C9","39"
"2019","DFL","Yield+product","9","4","D9","9.9"
"2019","DFL","Yield+product","9","5","E9","-"
"2019","DFL","Yield+product","9","6","F9","572"
"2019","DFL","Yield+product","9","7","G9","108"
"2019","DFL","Yield+product","9","8","H9","29.66"
"2019","DFL","Yield+product","9","9","I9","0.51"
"2019","DFL","Yield+product","9","10","J9","9.2"
"2019","DFL","Yield+product","9","11","K9","71.9"
"2019","DFL","Yield+product","9","12","L9","63.6"
"2019","DFL","Yield+product","9","13","M9","1.16"
"2019","DFL","Yield+product","9","14","N9","0.00"
"2019","DFL","Yield+product","9","21","U9","1.14"
"2019","DFL","Yield+product","9","22","V9","0.78"
"2019","DFL","Yield+product","10","3","C10","40"
"2019","DFL","Yield+product","10","4","D10","10.9"
"2019","DFL","Yield+product","10","5","E10","-"
"2019","DFL","Yield+product","10","6","F10","535"
"2019","DFL","Yield+product","10","7","G10","107"
"2019","DFL","Yield+product","10","8","H10","29.16"
"2019","DFL","Yield+product","10","9","I10","0.50"
"2019","DFL","Yield+product","10","10","J10","11.7"
"2019","DFL","Yield+product","10","11","K10","72.8"
"2019","DFL","Yield+product","10","12","L10","66.8"
"2019","DFL","Yield+product","10","13","M10","1.08"
"2019","DFL","Yield+product","10","14","N10","0.96"
"2019","DFL","Yield+product","10","15","O10","131"
"2019","DFL","Yield+product","10","16","P10","78"
"2019","DFL","Yield+product","10","17","Q10","<0,5"
"2019","DFL","Yield+product","10","18","R10","4"
"2019","DFL","Yield+product","10","19","S10","220"
"2019","DFL","Yield+product","10","20","T10","4"
"2019","DFL","Yield+product","10","21","U10","1.04"
"2019","DFL","Yield+product","10","22","V10","0.70"
"2019","DFL","Yield+product","11","3","C11","41"
"2019","DFL","Yield+product","11","4","D11","10.6"
"2019","DFL","Yield+product","11","5","E11","-"
"2019","DFL","Yield+product","11","6","F11","649"
"2019","DFL","Yield+product","11","7","G11","102"
"2019","DFL","Yield+product","11","8","H11","29.31"
"2019","DFL","Yield+product","11","9","I11","0.52"
"2019","DFL","Yield+product","11","10","J11","11.7"
"2019","DFL","Yield+product","11","11","K11","72.1"
"2019","DFL","Yield+product","11","12","L11","62.9"
"2019","DFL","Yield+product","11","13","M11","0.76"
"2019","DFL","Yield+product","11","14","N11","0.60"
"2019","DFL","Yield+product","11","21","U11","1.11"
"2019","DFL","Yield+product","11","22","V11","0.68"
"2019","DFL","Yield+product","12","3","C12","42"
"2019","DFL","Yield+product","12","4","D12","6.9"
"2019","DFL","Yield+product","12","5","E12","-"
"2019","DFL","Yield+product","12","6","F12","494"
"2019","DFL","Yield+product","12","7","G12","82"
"2019","DFL","Yield+product","12","8","H12","30.49"
"2019","DFL","Yield+product","12","9","I12","0.53"
"2019","DFL","Yield+product","12","10","J12","6.2"
"2019","DFL","Yield+product","12","11","K12","72.0"
"2019","DFL","Yield+product","12","12","L12","55.7"
"2019","DFL","Yield+product","12","13","M12","0.60"
"2019","DFL","Yield+product","12","14","N12","0.64"
"2019","DFL","Yield+product","12","21","U12","1.08"
"2019","DFL","Yield+product","12","22","V12","0.52"
"2019","DFL","Yield+product","13","3","C13","43"
"2019","DFL","Yield+product","13","4","D13","10.4"
"2019","DFL","Yield+product","13","5","E13","-"
"2019","DFL","Yield+product","13","6","F13","591"
"2019","DFL","Yield+product","13","7","G13","104"
"2019","DFL","Yield+product","13","8","H13","29.66"
"2019","DFL","Yield+product","13","9","I13","0.53"
"2019","DFL","Yield+product","13","10","J13","10.3"
"2019","DFL","Yield+product","13","11","K13","72.4"
"2019","DFL","Yield+product","13","12","L13","62.8"
"2019","DFL","Yield+product","13","13","M13","0.72"
"2019","DFL","Yield+product","13","14","N13","0.52"
"2019","DFL","Yield+product","13","21","U13","1.19"
"2019","DFL","Yield+product","13","22","V13","0.96"
"2019","DFL","Yield+product","14","3","C14","44"
"2019","DFL","Yield+product","14","4","D14","10.9"
"2019","DFL","Yield+product","14","5","E14","-"
"2019","DFL","Yield+product","14","6","F14","600"
"2019","DFL","Yield+product","14","7","G14","110"
"2019","DFL","Yield+product","14","8","H14","29.17"
"2019","DFL","Yield+product","14","9","I14","0.49"
"2019","DFL","Yield+product","14","10","J14","11.6"
"2019","DFL","Yield+product","14","11","K14","73.0"
"2019","DFL","Yield+product","14","12","L14","65.9"
"2019","DFL","Yield+product","14","13","M14","1.04"
"2019","DFL","Yield+product","14","14","N14","0.00"
"2019","DFL","Yield+product","14","15","O14","114"
"2019","DFL","Yield+product","14","16","P14","81"
"2019","DFL","Yield+product","14","17","Q14","<0,5"
"2019","DFL","Yield+product","14","18","R14","4"
"2019","DFL","Yield+product","14","19","S14","214"
"2019","DFL","Yield+product","14","20","T14","6"
"2019","DFL","Yield+product","14","21","U14","1.06"
"2019","DFL","Yield+product","14","22","V14","0.73"
"2019","DFL","Yield+product","15","3","C15","45"
"2019","DFL","Yield+product","15","4","D15","10.3"
"2019","DFL","Yield+product","15","5","E15","-"
"2019","DFL","Yield+product","15","6","F15","567"
"2019","DFL","Yield+product","15","7","G15","114"
"2019","DFL","Yield+product","15","8","H15","29.38"
"2019","DFL","Yield+product","15","9","I15","0.51"
"2019","DFL","Yield+product","15","10","J15","14.5"
"2019","DFL","Yield+product","15","11","K15","72.5"
"2019","DFL","Yield+product","15","12","L15","66.3"
"2019","DFL","Yield+product","15","13","M15","1.24"
"2019","DFL","Yield+product","15","14","N15","0.16"
"2019","DFL","Yield+product","15","21","U15","1.20"
"2019","DFL","Yield+product","15","22","V15","0.97"
"2019","WFL","Groundwater","1","1","A1","GROUNDWATER"
"2019","WFL","Groundwater","1","3","C1","NOTE: Groundwater quality sampling was conducted during 7 sampling events: (1) in piezometrs P2, P5, P6 and P7; (2 and 3) in all piezometers from P1 tp P7; (4,5,6,7)in piezometers P2, P5, P6 and P7."
"2019","WFL","Groundwater","2","1","A2","Date"
"2019","WFL","Groundwater","2","2","B2","Days after sowing"
"2019","WFL","Groundwater","2","3","C2","Depth (cm) PIEZOMETER P1
"
"2019","WFL","Groundwater","2","4","D2","Depth (cm) PIEZOMETER P2
"
"2019","WFL","Groundwater","2","5","E2","Depth (cm) PIEZOMETER P5
"
"2019","WFL","Groundwater","2","6","F2","Salinity (dS/m)
"
"2019","WFL","Groundwater","2","7","G2","Salinity (dS/m)
"
"2019","WFL","Groundwater","2","8","H2","Salinity (dS/m)
"
"2019","WFL","Groundwater","2","9","I2","N-NO3 (mg/l) PIEZOMETER P1
"
"2019","WFL","Groundwater","2","10","J2","N-NO3 (mg/l) PIEZOMETER P2
"
"2019","WFL","Groundwater","2","11","K2","N-NO3 (mg/l) PIEZOMETER P5
"
"2019","WFL","Groundwater","2","12","L2","N-NO2 (mg/l) PIEZOMETER
P1"
"2019","WFL","Groundwater","2","13","M2","N-NO2 (mg/l)
PIEZOMETER P2"
"2019","WFL","Groundwater","2","14","N2","N-NO2 (mg/l)
PIEZOMETER P5"
"2019","WFL","Groundwater","2","15","O2","N-UREA (mg/l) PIEZOMETER 1"
"2019","WFL","Groundwater","2","16","P2","N-UREA (mg/l) PIEZOMETER 2"
"2019","WFL","Groundwater","2","17","Q2","N-UREA (mg/l) PIEZOMETER 5"
"2019","WFL","Groundwater","2","18","R2","N-NH3 (mg/l)
PIEZOMETER P1"
"2019","WFL","Groundwater","2","19","S2","N-NH3 (mg/l)
PIEZOMETER P2"
"2019","WFL","Groundwater","2","20","T2","N-NH3 (mg/l) PIEZOMETER
P5"
"2019","WFL","Groundwater","2","21","U2","N-TOT (mg/l) PIEZOMETER
P1"
"2019","WFL","Groundwater","2","22","V2","N-TOT (mg/l) PIEZOMETER
P2"
"2019","WFL","Groundwater","2","23","W2","N-TOT (mg/l) PIEZOMETER
P5"
"2019","WFL","Groundwater","2","24","X2","P-PO4 (mg/l) PIEZOMETER 1"
"2019","WFL","Groundwater","2","25","Y2","P-PO4 (mg/l) PIEZOMETER 2"
"2019","WFL","Groundwater","2","26","Z2","P-PO4 (mg/l) PIEZOMETER 5"
"2019","WFL","Groundwater","2","27","AA2","K (mg/l) PIEZOMETER 1"
"2019","WFL","Groundwater","2","28","AB2","K (mg/l) PIEZOMETER 2"
"2019","WFL","Groundwater","2","29","AC2","K (mg/l) PIEZOMETER 5"
"2019","WFL","Groundwater","2","30","AD2","Arsenic (mg/L)
"
"2019","WFL","Groundwater","2","31","AE2","Arsenic (mg/L)
"
"2019","WFL","Groundwater","2","32","AF2","Arsenic (mg/L)
"
"2019","WFL","Groundwater","2","33","AG2","Cadmium (mg/L)
"
"2019","WFL","Groundwater","2","34","AH2","Cadmium (mg/L)
"
"2019","WFL","Groundwater","2","35","AI2","Cadmium (mg/L)
"
"2019","WFL","Groundwater","2","36","AJ2","Pesticides content: MCPA (µg/L)  PIEZOMETER P1
"
"2019","WFL","Groundwater","2","37","AK2","Pesticides content: MCPA (µg/L) PIEZOMETER P2
"
"2019","WFL","Groundwater","2","38","AL2","Pesticides content: MCPA (µg/L) PIEZOMETER P5
"
"2019","WFL","Groundwater","2","39","AM2","Pesticides content: Clomazone  (µg/L)  PIEZOMETER P1
"
"2019","WFL","Groundwater","2","40","AN2","Pesticides content: Clomazone  (µg/L) PIEZOMETER P2
"
"2019","WFL","Groundwater","2","41","AO2","Pesticides content: Clomazone (µg/L) PIEZOMETER P5
"
"2019","WFL","Groundwater","3","1","A3","4/29/2019"
"2019","WFL","Groundwater","3","2","B3","-17"
"2019","WFL","Groundwater","3","10","J3","0.258"
"2019","WFL","Groundwater","3","11","K3","0.420"
"2019","WFL","Groundwater","3","13","M3","< LOQ"
"2019","WFL","Groundwater","3","14","N3","0.213"
"2019","WFL","Groundwater","3","16","P3","< LOQ"
"2019","WFL","Groundwater","3","17","Q3","< LOQ"
"2019","WFL","Groundwater","3","19","S3","0.087"
"2019","WFL","Groundwater","3","20","T3","0.228"
"2019","WFL","Groundwater","3","22","V3","7.710"
"2019","WFL","Groundwater","3","23","W3","10.887"
"2019","WFL","Groundwater","3","25","Y3","0.218"
"2019","WFL","Groundwater","3","26","Z3","0.368"
"2019","WFL","Groundwater","3","28","AB3","< LOQ"
"2019","WFL","Groundwater","3","29","AC3","6.610"
"2019","WFL","Groundwater","3","37","AK3","< LOD"
"2019","WFL","Groundwater","3","38","AL3","3.73153E-05"
"2019","WFL","Groundwater","3","40","AN3","< LOD"
"2019","WFL","Groundwater","3","41","AO3","< LOD"
"2019","WFL","Groundwater","4","1","A4","4/30/2019"
"2019","WFL","Groundwater","4","2","B4","-16"
"2019","WFL","Groundwater","5","1","A5","5/1/2019"
"2019","WFL","Groundwater","5","2","B5","-15"
"2019","WFL","Groundwater","6","1","A6","5/2/2019"
"2019","WFL","Groundwater","6","2","B6","-14"
"2019","WFL","Groundwater","7","1","A7","5/3/2019"
"2019","WFL","Groundwater","7","2","B7","-13"
"2019","WFL","Groundwater","8","1","A8","5/4/2019"
"2019","WFL","Groundwater","8","2","B8","-12"
"2019","WFL","Groundwater","9","1","A9","5/5/2019"
"2019","WFL","Groundwater","9","2","B9","-11"
"2019","WFL","Groundwater","10","1","A10","5/6/2019"
"2019","WFL","Groundwater","10","2","B10","-10"
"2019","WFL","Groundwater","11","1","A11","5/7/2019"
"2019","WFL","Groundwater","11","2","B11","-9"
"2019","WFL","Groundwater","12","1","A12","5/8/2019"
"2019","WFL","Groundwater","12","2","B12","-8"
"2019","WFL","Groundwater","13","1","A13","5/9/2019"
"2019","WFL","Groundwater","13","2","B13","-7"
"2019","WFL","Groundwater","14","1","A14","5/10/2019"
"2019","WFL","Groundwater","14","2","B14","-6"
"2019","WFL","Groundwater","14","9","I14","0.297"
"2019","WFL","Groundwater","14","10","J14","< LOQ"
"2019","WFL","Groundwater","14","11","K14","< LOQ"
"2019","WFL","Groundwater","14","12","L14","< LOQ"
"2019","WFL","Groundwater","14","13","M14","0.407"
"2019","WFL","Groundwater","14","14","N14","< LOQ"
"2019","WFL","Groundwater","14","15","O14","< LOQ"
"2019","WFL","Groundwater","14","16","P14","< LOQ"
"2019","WFL","Groundwater","14","17","Q14","< LOQ"
"2019","WFL","Groundwater","14","18","R14","0.089"
"2019","WFL","Groundwater","14","19","S14","0.034"
"2019","WFL","Groundwater","14","20","T14","0.084"
"2019","WFL","Groundwater","14","21","U14","11.420"
"2019","WFL","Groundwater","14","22","V14","12.663"
"2019","WFL","Groundwater","14","23","W14","10.693"
"2019","WFL","Groundwater","14","24","X14","0.333"
"2019","WFL","Groundwater","14","25","Y14","0.143"
"2019","WFL","Groundwater","14","26","Z14","0.096"
"2019","WFL","Groundwater","14","27","AA14","< LOQ"
"2019","WFL","Groundwater","14","28","AB14","6.350"
"2019","WFL","Groundwater","14","29","AC14","< LOQ"
"2019","WFL","Groundwater","14","36","AJ14","< LOD"
"2019","WFL","Groundwater","14","37","AK14","< LOD"
"2019","WFL","Groundwater","14","38","AL14","1.76846E-05"
"2019","WFL","Groundwater","14","39","AM14","< LOD"
"2019","WFL","Groundwater","14","40","AN14","< LOD"
"2019","WFL","Groundwater","14","41","AO14","< LOD"
"2019","WFL","Groundwater","15","1","A15","5/11/2019"
"2019","WFL","Groundwater","15","2","B15","-5"
"2019","WFL","Irrig","1","1","A1","IRRIGATION"
"2019","WFL","Irrig","2","1","A2","Date"
"2019","WFL","Irrig","2","2","B2","Days after sowing"
"2019","WFL","Irrig","2","3","C2","Irrig inflow (mm)
E1 (Flowmeter at inlet)"
"2019","WFL","Irrig","2","4","D2","Irrig outflow (mm)
 U1 (flowmeter at outlet)"
"2019","WFL","Irrig","2","5","E2","Irrig water salinity (dS/m)"
"2019","WFL","Irrig","2","6","F2","Irrig water ponding water level in the field (mm)"
"2019","WFL","Irrig","2","7","G2","Sampling point for nutrients (N, P, K) and pesticides (MCPA, Clomazone) analysis                                                                                                                                                                                                                                                              E(in): irrigation inlet                                                                                                                                                                                                                                                                                                  U(out): irrigation outlet"
"2019","WFL","Irrig","2","8","H2","Arsenic (mg/L)"
"2019","WFL","Irrig","2","9","I2","Cadmium (mg/L)"
"2019","WFL","Irrig","2","10","J2","N-NO3 (mg/l)"
"2019","WFL","Irrig","2","11","K2","N-NO2 (mg/l)"
"2019","WFL","Irrig","2","12","L2","N-UREA (mg/l)"
"2019","WFL","Irrig","2","13","M2","N-NH3 (mg/l)"
"2019","WFL","Irrig","2","14","N2","N-TOT (mg/l)"
"2019","WFL","Irrig","2","15","O2","P-PO4 (mg/l)"
"2019","WFL","Irrig","2","16","P2","K (mg/l)"
"2019","WFL","Irrig","2","17","Q2","Pesticides content: MCPA (µg/L)"
"2019","WFL","Irrig","2","18","R2","Pesticides content: Clomazone (µg/L)"
"2019","WFL","Irrig","3","1","A3","5/14/2019"
"2019","WFL","Irrig","3","2","B3","-2"
"2019","WFL","Irrig","3","3","C3","201.889"
"2019","WFL","Irrig","3","4","D3","26.937"
"2019","WFL","Irrig","3","6","F3","38.59"
"2019","WFL","Irrig","3","7","G3","E1 (in)"
"2019","WFL","Irrig","3","10","J3","1.360"
"2019","WFL","Irrig","3","11","K3","< LOQ"
"2019","WFL","Irrig","3","12","L3","< LOQ"
"2019","WFL","Irrig","3","13","M3","0.061"
"2019","WFL","Irrig","3","14","N3","6.59"
"2019","WFL","Irrig","3","15","O3","0.09"
"2019","WFL","Irrig","3","16","P3","< LOQ"
"2019","WFL","Irrig","3","17","Q3","0.030063224"
"2019","WFL","Irrig","3","18","R3","0.098166843"
"2019","WFL","Irrig","4","1","A4","5/15/2019"
"2019","WFL","Irrig","4","2","B4","-1"
"2019","WFL","Irrig","4","3","C4","86.303"
"2019","WFL","Irrig","4","4","D4","38.796"
"2019","WFL","Irrig","4","6","F4","72.76"
"2019","WFL","Irrig","5","1","A5","5/16/2019"
"2019","WFL","Irrig","5","2","B5","0"
"2019","WFL","Irrig","5","3","C5","125.814"
"2019","WFL","Irrig","5","4","D5","69.995"
"2019","WFL","Irrig","5","6","F5","80.50"
"2019","WFL","Irrig","6","1","A6","5/17/2019"
"2019","WFL","Irrig","6","2","B6","1"
"2019","WFL","Irrig","6","3","C6","145.618"
"2019","WFL","Irrig","6","4","D6","90.396"
"2019","WFL","Irrig","6","6","F6","82.56"
"2019","WFL","Irrig","7","1","A7","5/18/2019"
"2019","WFL","Irrig","7","2","B7","2"
"2019","WFL","Irrig","7","3","C7","160.899"
"2019","WFL","Irrig","7","4","D7","131.572"
"2019","WFL","Irrig","7","6","F7","92.67"
"2019","WFL","Irrig","8","1","A8","5/19/2019"
"2019","WFL","Irrig","8","2","B8","3"
"2019","WFL","Irrig","8","3","C8","153.003"
"2019","WFL","Irrig","8","4","D8","121.599"
"2019","WFL","Irrig","8","6","F8","93.03"
"2019","WFL","Irrig","9","1","A9","5/20/2019"
"2019","WFL","Irrig","9","2","B9","4"
"2019","WFL","Irrig","9","3","C9","90.692"
"2019","WFL","Irrig","9","4","D9","57.620"
"2019","WFL","Irrig","9","6","F9","86.61"
"2019","WFL","Irrig","10","1","A10","5/21/2019"
"2019","WFL","Irrig","10","2","B10","5"
"2019","WFL","Irrig","10","3","C10","47.340"
"2019","WFL","Irrig","10","4","D10","11.368"
"2019","WFL","Irrig","10","6","F10","75.46"
"2019","WFL","Irrig","11","1","A11","5/22/2019"
"2019","WFL","Irrig","11","2","B11","6"
"2019","WFL","Irrig","11","3","C11","48.172"
"2019","WFL","Irrig","11","4","D11","0.000"
"2019","WFL","Irrig","11","6","F11","75.19"
"2019","WFL","Irrig","12","1","A12","5/23/2019"
"2019","WFL","Irrig","12","2","B12","7"
"2019","WFL","Irrig","12","3","C12","31.842"
"2019","WFL","Irrig","12","4","D12","0.000"
"2019","WFL","Irrig","12","6","F12","76.87"
"2019","WFL","Irrig","13","1","A13","5/24/2019"
"2019","WFL","Irrig","13","2","B13","8"
"2019","WFL","Irrig","13","3","C13","30.799"
"2019","WFL","Irrig","13","4","D13","52.363"
"2019","WFL","Irrig","13","6","F13","41.72"
"2019","WFL","Irrig","14","1","A14","5/25/2019"
"2019","WFL","Irrig","14","2","B14","9"
"2019","WFL","Irrig","14","3","C14","30.799"
"2019","WFL","Irrig","14","4","D14","0.000"
"2019","WFL","Irrig","14","6","F14","14.01"
"2019","WFL","Irrig","15","1","A15","5/26/2019"
"2019","WFL","Irrig","15","2","B15","10"
"2019","WFL","Irrig","15","3","C15","30.799"
"2019","WFL","Irrig","15","4","D15","0.000"
"2019","WFL","Irrig","15","6","F15","5.60"
"2019","WFL","Managem oper","1","1","A1","SOIL, CROP AND IRRIGATION MANAGEMENT OPERATIONS"
"2019","WFL","Managem oper","2","1","A2","Year and plot"
"2019","WFL","Managem oper","2","2","B2","-"
"2019","WFL","Managem oper","2","3","C2","2019 Castello d'Agogna"
"2019","WFL","Managem oper","3","1","A3","Puddling"
"2019","WFL","Managem oper","3","2","B3","Date"
"2019","WFL","Managem oper","4","2","B4","Depth"
"2019","WFL","Managem oper","5","1","A5","Ploughing"
"2019","WFL","Managem oper","5","2","B5","Date"
"2019","WFL","Managem oper","5","3","C5","3/20/2019"
"2019","WFL","Managem oper","6","2","B6","Depth (cm)"
"2019","WFL","Managem oper","6","3","C6","25"
"2019","WFL","Managem oper","7","1","A7","Levelling"
"2019","WFL","Managem oper","7","2","B7","Date"
"2019","WFL","Managem oper","7","3","C7","3/25/2019"
"2019","WFL","Managem oper","8","2","B8","Technique"
"2019","WFL","Managem oper","8","3","C8","Laser"
"2019","WFL","Managem oper","9","1","A9","Harrowing 1"
"2019","WFL","Managem oper","9","2","B9","Date"
"2019","WFL","Managem oper","9","3","C9","5/13/2019"
"2019","WFL","Managem oper","10","2","B10","Depth (cm)"
"2019","WFL","Managem oper","10","3","C10","10"
"2019","WFL","Managem oper","11","1","A11","Sowing"
"2019","WFL","Managem oper","11","2","B11","Date"
"2019","WFL","Managem oper","11","3","C11","5/16/2019"
"2019","WFL","Managem oper","12","2","B12","Variety"
"2019","WFL","Managem oper","12","3","C12","Centauro"
"2019","WFL","Managem oper","13","2","B13","Rate (kg/ha)"
"2019","WFL","Managem oper","13","3","C13","150"
"2019","WFL","Managem oper","14","1","A14","Fertilization base"
"2019","WFL","Managem oper","14","2","B14","Date"
"2019","WFL","Managem oper","14","3","C14","5/13/2019"
"2019","WFL","Managem oper","15","2","B15","N (kg/ha)"
"2019","WFL","Managem oper","15","3","C15","0 kg/ha for 0 N thesys                                                    40 kg/ha (40% of N application) for 100 N thesys 64 kg/ha (40% of N application) for 160 N thesys"
"2019","WFL","Other water","1","1","A1","OTHER WATER (OR NUTRIENT, OR PESTICIDE) BALANCE COMPONENTS"
"2019","WFL","Other water","2","1","A2","Date"
"2019","WFL","Other water","2","2","B2","Days after sowing"
"2019","WFL","Other water","2","3","C2","Qin (mm)"
"2019","WFL","Other water","2","4","D2","Qout (mm)"
"2019","WFL","Other water","2","5","E2","h_lev (mm)"
"2019","WFL","Other water","2","6","F2","Rain(mm)"
"2019","WFL","Other water","2","7","G2","ETc_Adj(mm)"
"2019","WFL","Other water","2","8","H2","Delta_L (mm)"
"2019","WFL","Other water","2","9","I2","Delta_S (mm)"
"2019","WFL","Other water","2","10","J2","Perc_Bal (mm)"
"2019","WFL","Other water","2","11","K2","Perc_MODEL (mm)"
"2019","WFL","Other water","2","13","M2","Qin (mm) and Qout (mm) are the irrigation fluxes (L/s average in the day) entering and exiting the parcel through the irrigation inlet and outlet, divided by the parcel surface (1400.30 m2). "
"2019","WFL","Other water","3","1","A3","5/14/2019"
"2019","WFL","Other water","3","2","B3","-2"
"2019","WFL","Other water","3","3","C3","201.889"
"2019","WFL","Other water","3","4","D3","26.937"
"2019","WFL","Other water","3","5","E3","38.591"
"2019","WFL","Other water","3","6","F3","0.00"
"2019","WFL","Other water","3","7","G3","5.26"
"2019","WFL","Other water","3","8","H3","73.90"
"2019","WFL","Other water","3","9","I3","42.33"
"2019","WFL","Other water","3","10","J3","53.467"
"2019","WFL","Other water","3","11","K3","23.667"
"2019","WFL","Other water","3","13","M3","h_lev (mm) is the measured ponding water level in the parcel (average value during the day)."
"2019","WFL","Other water","4","1","A4","5/15/2019"
"2019","WFL","Other water","4","2","B4","-1"
"2019","WFL","Other water","4","3","C4","86.303"
"2019","WFL","Other water","4","4","D4","38.796"
"2019","WFL","Other water","4","5","E4","72.761"
"2019","WFL","Other water","4","6","F4","0.00"
"2019","WFL","Other water","4","7","G4","5.15"
"2019","WFL","Other water","4","8","H4","5.05"
"2019","WFL","Other water","4","9","I4","0.00"
"2019","WFL","Other water","4","10","J4","37.304"
"2019","WFL","Other water","4","11","K4","44.233"
"2019","WFL","Other water","4","13","M4","Rain (mm): daily rainfall."
"2019","WFL","Other water","5","1","A5","5/16/2019"
"2019","WFL","Other water","5","2","B5","0"
"2019","WFL","Other water","5","3","C5","125.814"
"2019","WFL","Other water","5","4","D5","69.995"
"2019","WFL","Other water","5","5","E5","80.504"
"2019","WFL","Other water","5","6","F5","0.00"
"2019","WFL","Other water","5","7","G5","5.30"
"2019","WFL","Other water","5","8","H5","-5.23"
"2019","WFL","Other water","5","9","I5","0.00"
"2019","WFL","Other water","5","10","J5","55.749"
"2019","WFL","Other water","5","11","K5","44.864"
"2019","WFL","Other water","5","13","M5","ETc_Adj(mm): daily actual evapotranspiration."
"2019","WFL","Other water","6","1","A6","5/17/2019"
"2019","WFL","Other water","6","2","B6","1"
"2019","WFL","Other water","6","3","C6","145.618"
"2019","WFL","Other water","6","4","D6","90.396"
"2019","WFL","Other water","6","5","E6","82.559"
"2019","WFL","Other water","6","6","F6","6.80"
"2019","WFL","Other water","6","7","G6","2.70"
"2019","WFL","Other water","6","8","H6","22.85"
"2019","WFL","Other water","6","9","I6","0.00"
"2019","WFL","Other water","6","10","J6","36.472"
"2019","WFL","Other water","6","11","K6","44.933"
"2019","WFL","Other water","6","13","M6","Delta L (mm) daily change in ponding water storage computed at the end of the day [end of day(i) - end of day(i-1)]."
"2019","WFL","Other water","7","1","A7","5/18/2019"
"2019","WFL","Other water","7","2","B7","2"
"2019","WFL","Other water","7","3","C7","160.899"
"2019","WFL","Other water","7","4","D7","131.572"
"2019","WFL","Other water","7","5","E7","92.674"
"2019","WFL","Other water","7","6","F7","13.40"
"2019","WFL","Other water","7","7","G7","0.72"
"2019","WFL","Other water","7","8","H7","-1.81"
"2019","WFL","Other water","7","9","I7","0.00"
"2019","WFL","Other water","7","10","J7","43.816"
"2019","WFL","Other water","7","11","K7","45.794"
"2019","WFL","Other water","7","13","M7","Delta S (mm) daily change in water stored within the soil layer above the LCL (Less Conductive Layer) computed at the end of the day [end of day(i) - end of day(i-1)]."
"2019","WFL","Other water","8","1","A8","5/19/2019"
"2019","WFL","Other water","8","2","B8","3"
"2019","WFL","Other water","8","3","C8","153.003"
"2019","WFL","Other water","8","4","D8","121.599"
"2019","WFL","Other water","8","5","E8","93.025"
"2019","WFL","Other water","8","6","F8","10.80"
"2019","WFL","Other water","8","7","G8","1.29"
"2019","WFL","Other water","8","8","H8","-4.61"
"2019","WFL","Other water","8","9","I8","0.00"
"2019","WFL","Other water","8","10","J8","45.520"
"2019","WFL","Other water","8","11","K8","45.830"
"2019","WFL","Other water","8","13","M8","Perc_Bal (mm) is the percolation under the LCL (Less Conductive Layer, also called hardpan, usually located under the plugged horizon) obtained from the water balance (Qin-Qout +Rain -Etc_Adj -Delta_L -Delta_S)."
"2019","WFL","Other water","9","1","A9","5/20/2019"
"2019","WFL","Other water","9","2","B9","4"
"2019","WFL","Other water","9","3","C9","90.692"
"2019","WFL","Other water","9","4","D9","57.620"
"2019","WFL","Other water","9","5","E9","86.612"
"2019","WFL","Other water","9","6","F9","1.20"
"2019","WFL","Other water","9","7","G9","2.26"
"2019","WFL","Other water","9","8","H9","-10.03"
"2019","WFL","Other water","9","9","I9","0.00"
"2019","WFL","Other water","9","10","J9","42.043"
"2019","WFL","Other water","9","11","K9","45.352"
"2019","WFL","Other water","9","13","M9","Perc_MODEL (mm) is the percolation under the LCL (Less Conductive Layer, also called hardpan, usually located under the plugged horizon), modelled with a distributed Darcy-type model."
"2019","WFL","Other water","10","1","A10","5/21/2019"
"2019","WFL","Other water","10","2","B10","5"
"2019","WFL","Other water","10","3","C10","47.340"
"2019","WFL","Other water","10","4","D10","11.368"
"2019","WFL","Other water","10","5","E10","75.463"
"2019","WFL","Other water","10","6","F10","0.00"
"2019","WFL","Other water","10","7","G10","6.02"
"2019","WFL","Other water","10","8","H10","-8.42"
"2019","WFL","Other water","10","9","I10","0.00"
"2019","WFL","Other water","10","10","J10","38.366"
"2019","WFL","Other water","10","11","K10","44.485"
"2019","WFL","Other water","11","1","A11","5/22/2019"
"2019","WFL","Other water","11","2","B11","6"
"2019","WFL","Other water","11","3","C11","48.172"
"2019","WFL","Other water","11","4","D11","0.000"
"2019","WFL","Other water","11","5","E11","75.192"
"2019","WFL","Other water","11","6","F11","0.00"
"2019","WFL","Other water","11","7","G11","6.28"
"2019","WFL","Other water","11","8","H11","5.90"
"2019","WFL","Other water","11","9","I11","0.00"
"2019","WFL","Other water","11","10","J11","35.988"
"2019","WFL","Other water","11","11","K11","44.418"
"2019","WFL","Other water","12","1","A12","5/23/2019"
"2019","WFL","Other water","12","2","B12","7"
"2019","WFL","Other water","12","3","C12","31.842"
"2019","WFL","Other water","12","4","D12","0.000"
"2019","WFL","Other water","12","5","E12","76.870"
"2019","WFL","Other water","12","6","F12","1.80"
"2019","WFL","Other water","12","7","G12","6.20"
"2019","WFL","Other water","12","8","H12","-4.85"
"2019","WFL","Other water","12","9","I12","0.00"
"2019","WFL","Other water","12","10","J12","32.292"
"2019","WFL","Other water","12","11","K12","44.583"
"2019","WFL","Other water","13","1","A13","5/24/2019"
"2019","WFL","Other water","13","2","B13","8"
"2019","WFL","Other water","13","3","C13","30.799"
"2019","WFL","Other water","13","4","D13","52.363"
"2019","WFL","Other water","13","5","E13","41.721"
"2019","WFL","Other water","13","6","F13","0.00"
"2019","WFL","Other water","13","7","G13","6.16"
"2019","WFL","Other water","13","8","H13","-54.17"
"2019","WFL","Other water","13","9","I13","0.00"
"2019","WFL","Other water","13","10","J13","26.453"
"2019","WFL","Other water","13","11","K13","42.026"
"2019","WFL","Other water","14","1","A14","5/25/2019"
"2019","WFL","Other water","14","2","B14","9"
"2019","WFL","Other water","14","3","C14","30.799"
"2019","WFL","Other water","14","4","D14","0.000"
"2019","WFL","Other water","14","5","E14","14.010"
"2019","WFL","Other water","14","6","F14","0.40"
"2019","WFL","Other water","14","7","G14","5.42"
"2019","WFL","Other water","14","8","H14","-9.48"
"2019","WFL","Other water","14","9","I14","0.00"
"2019","WFL","Other water","14","10","J14","35.257"
"2019","WFL","Other water","14","11","K14","39.741"
"2019","WFL","Other water","15","1","A15","5/26/2019"
"2019","WFL","Other water","15","2","B15","10"
"2019","WFL","Other water","15","3","C15","30.799"
"2019","WFL","Other water","15","4","D15","0.000"
"2019","WFL","Other water","15","5","E15","5.603"
"2019","WFL","Other water","15","6","F15","0.60"
"2019","WFL","Other water","15","7","G15","3.88"
"2019","WFL","Other water","15","8","H15","-7.57"
"2019","WFL","Other water","15","9","I15","0.00"
"2019","WFL","Other water","15","10","J15","35.085"
"2019","WFL","Other water","15","11","K15","39.085"
"2019","WFL","Yield+product","1","1","A1","YIELD AND PRODUCT QUALITY"
"2019","WFL","Yield+product","2","1","A2","Date"
"2019","WFL","Yield+product","2","2","B2","Plot"
"2019","WFL","Yield+product","2","3","C2","Location"
"2019","WFL","Yield+product","2","4","D2","Rice grain yield at 14% humidity (t/ha)"
"2019","WFL","Yield+product","2","5","E2","Straw yield if sold (t/ha)"
"2019","WFL","Yield+product","2","6","F2","Yield comp
Nº panic/m2"
"2019","WFL","Yield+product","2","7","G2","Yield comp
Nº of grains by panicle"
"2019","WFL","Yield+product","2","8","H2","Yield comp
Weight of 1000 grains at 14% hum (g)"
"2019","WFL","Yield+product","2","9","I2","Yield comp Harvest Index
"
"2019","WFL","Yield+product","2","10","J2","Yield comp
Sterility (%)"
"2019","WFL","Yield+product","2","11","K2","Milled rice yield (%)"
"2019","WFL","Yield+product","2","12","L2","Head rice yield (%)"
"2019","WFL","Yield+product","2","13","M2","Yield comp
Chalkiness (%)"
"2019","WFL","Yield+product","2","14","N2","Yield comp
Damaged kernels (%)"
"2019","WFL","Yield+product","2","15","O2","As(III) μg kg-1"
"2019","WFL","Yield+product","2","16","P2","DMA(V) μg kg-1"
"2019","WFL","Yield+product","2","17","Q2","MMA(V) μg kg-1"
"2019","WFL","Yield+product","2","18","R2","As(V) μg kg-1"
"2019","WFL","Yield+product","2","19","S2","As TOT μg kg-1"
"2019","WFL","Yield+product","2","20","T2","Cadmium of rice grain (μg kg-1)"
"2019","WFL","Yield+product","2","21","U2","N % content (grain)"
"2019","WFL","Yield+product","2","22","V2","N % content (straw)"
"2019","WFL","Yield+product","3","1","A3","10/8/2019"
"2019","WFL","Yield+product","3","2","B3","CASTELLO D'AGOGNA"
"2019","WFL","Yield+product","3","3","C3","1"
"2019","WFL","Yield+product","3","4","D3","10.7"
"2019","WFL","Yield+product","3","5","E3","-"
"2019","WFL","Yield+product","3","6","F3","875"
"2019","WFL","Yield+product","3","7","G3","95"
"2019","WFL","Yield+product","3","8","H3","28.03"
"2019","WFL","Yield+product","3","9","I3","0.48"
"2019","WFL","Yield+product","3","10","J3","15.2"
"2019","WFL","Yield+product","3","11","K3","72.4"
"2019","WFL","Yield+product","3","12","L3","66.2"
"2019","WFL","Yield+product","3","13","M3","2.08"
"2019","WFL","Yield+product","3","14","N3","0.48"
"2019","WFL","Yield+product","3","21","U3","1.36"
"2019","WFL","Yield+product","3","22","V3","1.14"
"2019","WFL","Yield+product","4","3","C4","2"
"2019","WFL","Yield+product","4","4","D4","7.7"
"2019","WFL","Yield+product","4","5","E4","-"
"2019","WFL","Yield+product","4","6","F4","605"
"2019","WFL","Yield+product","4","7","G4","80"
"2019","WFL","Yield+product","4","8","H4","28.70"
"2019","WFL","Yield+product","4","9","I4","0.52"
"2019","WFL","Yield+product","4","10","J4","9.1"
"2019","WFL","Yield+product","4","11","K4","72.2"
"2019","WFL","Yield+product","4","12","L4","60.2"
"2019","WFL","Yield+product","4","13","M4","0.44"
"2019","WFL","Yield+product","4","14","N4","0.64"
"2019","WFL","Yield+product","4","21","U4","1.23"
"2019","WFL","Yield+product","4","22","V4","0.64"
"2019","WFL","Yield+product","5","3","C5","3"
"2019","WFL","Yield+product","5","4","D5","10.7"
"2019","WFL","Yield+product","5","5","E5","-"
"2019","WFL","Yield+product","5","6","F5","749"
"2019","WFL","Yield+product","5","7","G5","88"
"2019","WFL","Yield+product","5","8","H5","28.45"
"2019","WFL","Yield+product","5","9","I5","0.53"
"2019","WFL","Yield+product","5","10","J5","12.1"
"2019","WFL","Yield+product","5","11","K5","72.2"
"2019","WFL","Yield+product","5","12","L5","64.2"
"2019","WFL","Yield+product","5","13","M5","1.80"
"2019","WFL","Yield+product","5","14","N5","0.48"
"2019","WFL","Yield+product","5","21","U5","1.24"
"2019","WFL","Yield+product","5","22","V5","0.68"
"2019","WFL","Yield+product","6","3","C6","4"
"2019","WFL","Yield+product","6","4","D6","10.9"
"2019","WFL","Yield+product","6","5","E6","-"
"2019","WFL","Yield+product","6","6","F6","761"
"2019","WFL","Yield+product","6","7","G6","98"
"2019","WFL","Yield+product","6","8","H6","28.20"
"2019","WFL","Yield+product","6","9","I6","0.54"
"2019","WFL","Yield+product","6","10","J6","14.6"
"2019","WFL","Yield+product","6","11","K6","72.2"
"2019","WFL","Yield+product","6","12","L6","65.1"
"2019","WFL","Yield+product","6","13","M6","2.00"
"2019","WFL","Yield+product","6","14","N6","0.16"
"2019","WFL","Yield+product","6","15","O6","126"
"2019","WFL","Yield+product","6","16","P6","66"
"2019","WFL","Yield+product","6","17","Q6","<0,5"
"2019","WFL","Yield+product","6","18","R6","6"
"2019","WFL","Yield+product","6","19","S6","211"
"2019","WFL","Yield+product","6","20","T6","3"
"2019","WFL","Yield+product","6","21","U6","1.51"
"2019","WFL","Yield+product","6","22","V6","0.86"
"2019","WFL","Yield+product","7","3","C7","5"
"2019","WFL","Yield+product","7","4","D7","10.7"
"2019","WFL","Yield+product","7","5","E7","-"
"2019","WFL","Yield+product","7","6","F7","865"
"2019","WFL","Yield+product","7","7","G7","85"
"2019","WFL","Yield+product","7","8","H7","27.65"
"2019","WFL","Yield+product","7","9","I7","0.53"
"2019","WFL","Yield+product","7","10","J7","16.8"
"2019","WFL","Yield+product","7","11","K7","72.4"
"2019","WFL","Yield+product","7","12","L7","65.4"
"2019","WFL","Yield+product","7","13","M7","1.96"
"2019","WFL","Yield+product","7","14","N7","0.12"
"2019","WFL","Yield+product","7","21","U7","1.51"
"2019","WFL","Yield+product","7","22","V7","0.54"
"2019","WFL","Yield+product","8","3","C8","6"
"2019","WFL","Yield+product","8","4","D8","7.0"
"2019","WFL","Yield+product","8","5","E8","-"
"2019","WFL","Yield+product","8","6","F8","569"
"2019","WFL","Yield+product","8","7","G8","83"
"2019","WFL","Yield+product","8","8","H8","29.25"
"2019","WFL","Yield+product","8","9","I8","0.54"
"2019","WFL","Yield+product","8","10","J8","8.6"
"2019","WFL","Yield+product","8","11","K8","72.5"
"2019","WFL","Yield+product","8","12","L8","58.2"
"2019","WFL","Yield+product","8","13","M8","0.68"
"2019","WFL","Yield+product","8","14","N8","0.56"
"2019","WFL","Yield+product","8","21","U8","1.40"
"2019","WFL","Yield+product","8","22","V8","0.83"
"2019","WFL","Yield+product","9","3","C9","7"
"2019","WFL","Yield+product","9","4","D9","11.0"
"2019","WFL","Yield+product","9","5","E9","-"
"2019","WFL","Yield+product","9","6","F9","760"
"2019","WFL","Yield+product","9","7","G9","83"
"2019","WFL","Yield+product","9","8","H9","28.82"
"2019","WFL","Yield+product","9","9","I9","0.55"
"2019","WFL","Yield+product","9","10","J9","12.2"
"2019","WFL","Yield+product","9","11","K9","72.5"
"2019","WFL","Yield+product","9","12","L9","64.0"
"2019","WFL","Yield+product","9","13","M9","1.56"
"2019","WFL","Yield+product","9","14","N9","0.64"
"2019","WFL","Yield+product","9","21","U9","1.20"
"2019","WFL","Yield+product","9","22","V9","0.65"
"2019","WFL","Yield+product","10","3","C10","8"
"2019","WFL","Yield+product","10","4","D10","11.4"
"2019","WFL","Yield+product","10","5","E10","-"
"2019","WFL","Yield+product","10","6","F10","789"
"2019","WFL","Yield+product","10","7","G10","94"
"2019","WFL","Yield+product","10","8","H10","28.55"
"2019","WFL","Yield+product","10","9","I10","0.51"
"2019","WFL","Yield+product","10","10","J10","15.4"
"2019","WFL","Yield+product","10","11","K10","71.7"
"2019","WFL","Yield+product","10","12","L10","65.4"
"2019","WFL","Yield+product","10","13","M10","2.00"
"2019","WFL","Yield+product","10","14","N10","0.72"
"2019","WFL","Yield+product","10","15","O10","118"
"2019","WFL","Yield+product","10","16","P10","56"
"2019","WFL","Yield+product","10","17","Q10","<0,5"
"2019","WFL","Yield+product","10","18","R10","5"
"2019","WFL","Yield+product","10","19","S10","198"
"2019","WFL","Yield+product","10","20","T10","6"
"2019","WFL","Yield+product","10","21","U10","1.31"
"2019","WFL","Yield+product","10","22","V10","0.53"
"2019","WFL","Yield+product","11","3","C11","9"
"2019","WFL","Yield+product","11","4","D11","10.1"
"2019","WFL","Yield+product","11","5","E11","-"
"2019","WFL","Yield+product","11","6","F11","875"
"2019","WFL","Yield+product","11","7","G11","88"
"2019","WFL","Yield+product","11","8","H11","27.75"
"2019","WFL","Yield+product","11","9","I11","0.50"
"2019","WFL","Yield+product","11","10","J11","15.2"
"2019","WFL","Yield+product","11","11","K11","72.3"
"2019","WFL","Yield+product","11","12","L11","64.9"
"2019","WFL","Yield+product","11","13","M11","0.64"
"2019","WFL","Yield+product","11","14","N11","0.16"
"2019","WFL","Yield+product","11","21","U11","1.33"
"2019","WFL","Yield+product","11","22","V11","0.76"
"2019","WFL","Yield+product","12","3","C12","10"
"2019","WFL","Yield+product","12","4","D12","7.9"
"2019","WFL","Yield+product","12","5","E12","-"
"2019","WFL","Yield+product","12","6","F12","573"
"2019","WFL","Yield+product","12","7","G12","90"
"2019","WFL","Yield+product","12","8","H12","29.26"
"2019","WFL","Yield+product","12","9","I12","0.54"
"2019","WFL","Yield+product","12","10","J12","9.2"
"2019","WFL","Yield+product","12","11","K12","72.3"
"2019","WFL","Yield+product","12","12","L12","59.2"
"2019","WFL","Yield+product","12","13","M12","0.84"
"2019","WFL","Yield+product","12","14","N12","0.48"
"2019","WFL","Yield+product","12","21","U12","1.41"
"2019","WFL","Yield+product","12","22","V12","0.59"
"2019","WFL","Yield+product","13","3","C13","11"
"2019","WFL","Yield+product","13","4","D13","10.3"
"2019","WFL","Yield+product","13","5","E13","-"
"2019","WFL","Yield+product","13","6","F13","813"
"2019","WFL","Yield+product","13","7","G13","81"
"2019","WFL","Yield+product","13","8","H13","29.11"
"2019","WFL","Yield+product","13","9","I13","0.53"
"2019","WFL","Yield+product","13","10","J13","11.4"
"2019","WFL","Yield+product","13","11","K13","72.8"
"2019","WFL","Yield+product","13","12","L13","65.2"
"2019","WFL","Yield+product","13","13","M13","1.56"
"2019","WFL","Yield+product","13","14","N13","0.8"
"2019","WFL","Yield+product","13","21","U13","1.26"
"2019","WFL","Yield+product","13","22","V13","0.60"
"2019","WFL","Yield+product","14","3","C14","12"
"2019","WFL","Yield+product","14","4","D14","11.1"
"2019","WFL","Yield+product","14","5","E14","-"
"2019","WFL","Yield+product","14","6","F14","888"
"2019","WFL","Yield+product","14","7","G14","94"
"2019","WFL","Yield+product","14","8","H14","28.19"
"2019","WFL","Yield+product","14","9","I14","0.52"
"2019","WFL","Yield+product","14","10","J14","14.0"
"2019","WFL","Yield+product","14","11","K14","72.1"
"2019","WFL","Yield+product","14","12","L14","64.0"
"2019","WFL","Yield+product","14","13","M14","1.96"
"2019","WFL","Yield+product","14","14","N14","0.48"
"2019","WFL","Yield+product","14","15","O14","128"
"2019","WFL","Yield+product","14","16","P14","65"
"2019","WFL","Yield+product","14","17","Q14","0.6"
"2019","WFL","Yield+product","14","18","R14","4"
"2019","WFL","Yield+product","14","19","S14","206"
"2019","WFL","Yield+product","14","20","T14","7"
"2019","WFL","Yield+product","14","21","U14","1.48"
"2019","WFL","Yield+product","14","22","V14","0.73"
"2019","WFL","Yield+product","15","3","C15","13"
"2019","WFL","Yield+product","15","4","D15","10.2"
"2019","WFL","Yield+product","15","5","E15","-"
"2019","WFL","Yield+product","15","6","F15","828"
"2019","WFL","Yield+product","15","7","G15","83"
"2019","WFL","Yield+product","15","8","H15","28.1"
"2019","WFL","Yield+product","15","9","I15","0.51"
"2019","WFL","Yield+product","15","10","J15","13.4"
"2019","WFL","Yield+product","15","11","K15","72.4"
"2019","WFL","Yield+product","15","12","L15","64.4"
"2019","WFL","Yield+product","15","13","M15","1.36"
"2019","WFL","Yield+product","15","14","N15","0.44"
"2019","WFL","Yield+product","15","21","U15","1.23"
"2019","WFL","Yield+product","15","22","V15","0.69"
"2020","AWD","Groundwater","1","1","A1","GROUNDWATER"
"2020","AWD","Groundwater","2","1","A2","Date"
"2020","AWD","Groundwater","2","2","B2","Days after sowing"
"2020","AWD","Groundwater","2","3","C2","Depth (cm) PIEZOMETER P1
"
"2020","AWD","Groundwater","2","4","D2","Depth (cm) PIEZOMETER P2
"
"2020","AWD","Groundwater","2","5","E2","Depth (cm) PIEZOMETER P5
"
"2020","AWD","Groundwater","2","6","F2","Salinity (dS/m)
"
"2020","AWD","Groundwater","2","7","G2","Salinity (dS/m)
"
"2020","AWD","Groundwater","2","8","H2","Salinity (dS/m)
"
"2020","AWD","Groundwater","2","9","I2","N-NO3 (mg/l) PIEZOMETER P1
"
"2020","AWD","Groundwater","2","10","J2","N-NO3 (mg/l) PIEZOMETER P2
"
"2020","AWD","Groundwater","2","11","K2","N-NO3 (mg/l) PIEZOMETER P5
"
"2020","AWD","Groundwater","2","12","L2","N-NO2 (mg/l) PIEZOMETER P1"
"2020","AWD","Groundwater","2","13","M2","N-NO2 (mg/l)
PIEZOMETER P2"
"2020","AWD","Groundwater","2","14","N2","N-NO2 (mg/l)
PIEZOMETER P5"
"2020","AWD","Groundwater","2","15","O2","N-UREA (mg/l) PIEZOMETER 1"
"2020","AWD","Groundwater","2","16","P2","N-UREA (mg/l) PIEZOMETER 2"
"2020","AWD","Groundwater","2","17","Q2","N-UREA (mg/l) PIEZOMETER 5"
"2020","AWD","Groundwater","2","18","R2","N-NH3 (mg/l)
PIEZOMETER P1"
"2020","AWD","Groundwater","2","19","S2","N-NH3 (mg/l)
PIEZOMETER P2"
"2020","AWD","Groundwater","2","20","T2","N-NH3 (mg/l) PIEZOMETER
P5"
"2020","AWD","Groundwater","2","21","U2","N-TOT (mg/l) PIEZOMETER
P1"
"2020","AWD","Groundwater","2","22","V2","N-TOT (mg/l) PIEZOMETER
P2"
"2020","AWD","Groundwater","2","23","W2","N-TOT (mg/l) PIEZOMETER
P5"
"2020","AWD","Groundwater","2","24","X2","P-PO4 (mg/l) PIEZOMETER P1"
"2020","AWD","Groundwater","2","25","Y2","P-PO4 (mg/l) PIEZOMETER P2"
"2020","AWD","Groundwater","2","26","Z2","P-PO4 (mg/l) PIEZOMETER P5"
"2020","AWD","Groundwater","2","27","AA2","K (mg/l) PIEZOMETER P1"
"2020","AWD","Groundwater","2","28","AB2","K (mg/l) PIEZOMETER P2"
"2020","AWD","Groundwater","2","29","AC2","K (mg/l) PIEZOMETER P5"
"2020","AWD","Groundwater","2","30","AD2","Arsenic (mg/L)
"
"2020","AWD","Groundwater","2","31","AE2","Arsenic (mg/L)
"
"2020","AWD","Groundwater","2","32","AF2","Arsenic (mg/L)
"
"2020","AWD","Groundwater","2","33","AG2","Cadmium (mg/L)
"
"2020","AWD","Groundwater","2","34","AH2","Cadmium (mg/L)
"
"2020","AWD","Groundwater","2","35","AI2","Cadmium (mg/L)
"
"2020","AWD","Groundwater","2","36","AJ2","Pesticides content: MCPA (µg/L)  PIEZOMETER P1
"
"2020","AWD","Groundwater","2","37","AK2","Pesticides content: MCPA (µg/L) PIEZOMETER P2
"
"2020","AWD","Groundwater","2","38","AL2","Pesticides content: MCPA (µg/L) PIEZOMETER P5
"
"2020","AWD","Groundwater","2","39","AM2","Pesticides content: Clomazone  (µg/L)  PIEZOMETER P1
"
"2020","AWD","Groundwater","2","40","AN2","Pesticides content: Clomazone  (µg/L) PIEZOMETER P2
"
"2020","AWD","Groundwater","2","41","AO2","Pesticides content: Clomazone (µg/L) PIEZOMETER P5
"
"2020","AWD","Groundwater","3","1","A3","4/23/2020"
"2020","AWD","Groundwater","3","2","B3","-15"
"2020","AWD","Groundwater","3","9","I3","1/10/1900"
"2020","AWD","Groundwater","3","10","J3","8.890"
"2020","AWD","Groundwater","3","11","K3","< LOQ"
"2020","AWD","Groundwater","3","12","L3","-"
"2020","AWD","Groundwater","3","14","N3","0.060"
"2020","AWD","Groundwater","3","15","O3","-"
"2020","AWD","Groundwater","3","17","Q3","0.000"
"2020","AWD","Groundwater","3","18","R3","1/0/1900"
"2020","AWD","Groundwater","3","19","S3","0.155"
"2020","AWD","Groundwater","3","20","T3","0.377"
"2020","AWD","Groundwater","3","21","U3","1/11/1900"
"2020","AWD","Groundwater","3","22","V3","9.045"
"2020","AWD","Groundwater","3","23","W3","0.437"
"2020","AWD","Groundwater","3","24","X3","1/0/1900"
"2020","AWD","Groundwater","3","25","Y3","2.670"
"2020","AWD","Groundwater","3","26","Z3","< LOQ"
"2020","AWD","Groundwater","3","27","AA3","< LOQ"
"2020","AWD","Groundwater","3","28","AB3","< LOQ"
"2020","AWD","Groundwater","3","29","AC3","< LOQ"
"2020","AWD","Groundwater","3","36","AJ3","1/0/1900"
"2020","AWD","Groundwater","3","37","AK3","< LOQ"
"2020","AWD","Groundwater","3","38","AL3","< LOQ"
"2020","AWD","Groundwater","3","39","AM3","< LOQ"
"2020","AWD","Groundwater","3","40","AN3","< LOQ"
"2020","AWD","Groundwater","3","41","AO3","< LOQ"
"2020","AWD","Groundwater","4","1","A4","4/24/2020"
"2020","AWD","Groundwater","4","2","B4","-14"
"2020","AWD","Groundwater","5","1","A5","4/25/2020"
"2020","AWD","Groundwater","5","2","B5","-13"
"2020","AWD","Groundwater","6","1","A6","4/26/2020"
"2020","AWD","Groundwater","6","2","B6","-12"
"2020","AWD","Groundwater","7","1","A7","4/27/2020"
"2020","AWD","Groundwater","7","2","B7","-11"
"2020","AWD","Groundwater","8","1","A8","4/28/2020"
"2020","AWD","Groundwater","8","2","B8","-10"
"2020","AWD","Groundwater","9","1","A9","4/29/2020"
"2020","AWD","Groundwater","9","2","B9","-9"
"2020","AWD","Groundwater","10","1","A10","4/30/2020"
"2020","AWD","Groundwater","10","2","B10","-8"
"2020","AWD","Groundwater","11","1","A11","5/1/2020"
"2020","AWD","Groundwater","11","2","B11","-7"
"2020","AWD","Groundwater","12","1","A12","5/2/2020"
"2020","AWD","Groundwater","12","2","B12","-6"
"2020","AWD","Groundwater","13","1","A13","5/3/2020"
"2020","AWD","Groundwater","13","2","B13","-5"
"2020","AWD","Groundwater","14","1","A14","5/4/2020"
"2020","AWD","Groundwater","14","2","B14","-4"
"2020","AWD","Groundwater","14","9","I14","1/4/1900"
"2020","AWD","Groundwater","14","10","J14","5.330"
"2020","AWD","Groundwater","14","11","K14","< LOQ"
"2020","AWD","Groundwater","14","12","L14","1/0/1900"
"2020","AWD","Groundwater","14","13","M14","0.713"
"2020","AWD","Groundwater","14","14","N14","0.162"
"2020","AWD","Groundwater","14","15","O14","< LOQ"
"2020","AWD","Groundwater","14","16","P14","0.076"
"2020","AWD","Groundwater","14","17","Q14","0.000"
"2020","AWD","Groundwater","14","18","R14","1/20/1900"
"2020","AWD","Groundwater","14","19","S14","0.150"
"2020","AWD","Groundwater","14","20","T14","0.168"
"2020","AWD","Groundwater","14","21","U14","1/25/1900"
"2020","AWD","Groundwater","14","22","V14","6.269"
"2020","AWD","Groundwater","14","23","W14","0.330"
"2020","AWD","Groundwater","14","24","X14","1/2/1900"
"2020","AWD","Groundwater","14","25","Y14","0.408"
"2020","AWD","Groundwater","14","26","Z14","< LOQ"
"2020","AWD","Groundwater","14","27","AA14","< LOQ"
"2020","AWD","Groundwater","14","28","AB14","< LOQ"
"2020","AWD","Groundwater","14","29","AC14","< LOQ"
"2020","AWD","Groundwater","14","36","AJ14","< LOQ"
"2020","AWD","Groundwater","14","37","AK14","< LOQ"
"2020","AWD","Groundwater","14","38","AL14","0.016"
"2020","AWD","Groundwater","14","39","AM14","< LOQ"
"2020","AWD","Groundwater","14","40","AN14","< LOQ"
"2020","AWD","Groundwater","14","41","AO14","< LOQ"
"2020","AWD","Groundwater","15","1","A15","5/5/2020"
"2020","AWD","Groundwater","15","2","B15","-3"
"2020","AWD","Irrig","1","1","A1","IRRIGATION"
"2020","AWD","Irrig","2","1","A2","Date"
"2020","AWD","Irrig","2","2","B2","Days after sowing"
"2020","AWD","Irrig","2","3","C2","Irrig inflow (mm)
E3 (Flowmeter at inlet)"
"2020","AWD","Irrig","2","4","D2","Irrig outflow (mm)
 U1 (flowmeter at outlet)"
"2020","AWD","Irrig","2","5","E2","Irrig water ponding water level in the field (mm)"
"2020","AWD","Irrig","2","6","F2","Sampling point for nutrients (N, P, K) and pesticides (MCPA, Clomazone) analysis                                                                                                                                                                                                                                                              E(in): irrigation inlet                                                                                                                                                                                                                                                                                                  U(out): irrigation outlet"
"2020","AWD","Irrig","2","7","G2","Arsenic (mg/L)"
"2020","AWD","Irrig","2","8","H2","Cadmium (mg/L)"
"2020","AWD","Irrig","2","9","I2","N-NO3 (mg/l)"
"2020","AWD","Irrig","2","10","J2","N-NO2 (mg/l)"
"2020","AWD","Irrig","2","11","K2","N-UREA (mg/l)"
"2020","AWD","Irrig","2","12","L2","N-NH3 (mg/l)"
"2020","AWD","Irrig","2","13","M2","N-TOT (mg/l)"
"2020","AWD","Irrig","2","14","N2","P-PO4 (mg/l)"
"2020","AWD","Irrig","2","15","O2","K (mg/l)"
"2020","AWD","Irrig","2","16","P2","Pesticides content: MCPA (µg/L) outflow (U3)"
"2020","AWD","Irrig","2","17","Q2","Pesticides content: Clomazone (µg/L) outflow (U3)"
"2020","AWD","Irrig","2","18","R2","Pesticides content: MCPA (µg/L) inflow (E1)"
"2020","AWD","Irrig","2","19","S2","Pesticides content: Clomazone (µg/L) inflow (E1)"
"2020","AWD","Irrig","3","1","A3","5/6/2020"
"2020","AWD","Irrig","3","3","C3","0.00"
"2020","AWD","Irrig","3","4","D3","0.00"
"2020","AWD","Irrig","3","5","E3","0.00"
"2020","AWD","Irrig","4","1","A4","5/7/2020"
"2020","AWD","Irrig","4","3","C4","163.00"
"2020","AWD","Irrig","4","4","D4","0.00"
"2020","AWD","Irrig","4","5","E4","72.03"
"2020","AWD","Irrig","4","6","F4","E"
"2020","AWD","Irrig","4","9","I4","6.77"
"2020","AWD","Irrig","4","10","J4","0.1490819"
"2020","AWD","Irrig","4","11","K4","0.1377092"
"2020","AWD","Irrig","4","12","L4","2.03"
"2020","AWD","Irrig","4","13","M4","9.0867911"
"2020","AWD","Irrig","4","14","N4","<LOQ"
"2020","AWD","Irrig","4","15","O4","0.372"
"2020","AWD","Irrig","5","1","A5","5/8/2020"
"2020","AWD","Irrig","5","2","B5","0"
"2020","AWD","Irrig","5","3","C5","46.48"
"2020","AWD","Irrig","5","4","D5","0.00"
"2020","AWD","Irrig","5","5","E5","93.09"
"2020","AWD","Irrig","6","1","A6","5/9/2020"
"2020","AWD","Irrig","6","2","B6","1"
"2020","AWD","Irrig","6","3","C6","35.03"
"2020","AWD","Irrig","6","4","D6","0.00"
"2020","AWD","Irrig","6","5","E6","89.82"
"2020","AWD","Irrig","7","1","A7","5/10/2020"
"2020","AWD","Irrig","7","2","B7","2"
"2020","AWD","Irrig","7","3","C7","37.59"
"2020","AWD","Irrig","7","4","D7","0.00"
"2020","AWD","Irrig","7","5","E7","92.44"
"2020","AWD","Irrig","8","1","A8","5/11/2020"
"2020","AWD","Irrig","8","2","B8","3"
"2020","AWD","Irrig","8","3","C8","30.13"
"2020","AWD","Irrig","8","4","D8","10.92"
"2020","AWD","Irrig","8","5","E8","93.31"
"2020","AWD","Irrig","9","1","A9","5/12/2020"
"2020","AWD","Irrig","9","2","B9","4"
"2020","AWD","Irrig","9","3","C9","26.89"
"2020","AWD","Irrig","9","4","D9","7.68"
"2020","AWD","Irrig","9","5","E9","87.27"
"2020","AWD","Irrig","10","1","A10","5/13/2020"
"2020","AWD","Irrig","10","2","B10","5"
"2020","AWD","Irrig","10","3","C10","38.10"
"2020","AWD","Irrig","10","4","D10","10.05"
"2020","AWD","Irrig","10","5","E10","93.71"
"2020","AWD","Irrig","11","1","A11","5/14/2020"
"2020","AWD","Irrig","11","2","B11","6"
"2020","AWD","Irrig","11","3","C11","24.02"
"2020","AWD","Irrig","11","4","D11","17.08"
"2020","AWD","Irrig","11","5","E11","143.53"
"2020","AWD","Irrig","12","1","A12","5/15/2020"
"2020","AWD","Irrig","12","2","B12","7"
"2020","AWD","Irrig","12","3","C12","0.01"
"2020","AWD","Irrig","12","4","D12","160.00"
"2020","AWD","Irrig","12","5","E12","0.00"
"2020","AWD","Irrig","12","6","F12","U1"
"2020","AWD","Irrig","12","9","I12","2.31"
"2020","AWD","Irrig","12","10","J12","0.149"
"2020","AWD","Irrig","12","11","K12","<LOQ"
"2020","AWD","Irrig","12","12","L12","0.276"
"2020","AWD","Irrig","12","13","M12","2.74"
"2020","AWD","Irrig","12","14","N12","0.20"
"2020","AWD","Irrig","12","15","O12","<LOQ"
"2020","AWD","Irrig","12","16","P12","0.04"
"2020","AWD","Irrig","12","17","Q12","0.15"
"2020","AWD","Irrig","13","1","A13","5/16/2020"
"2020","AWD","Irrig","13","2","B13","8"
"2020","AWD","Irrig","13","3","C13","0.00"
"2020","AWD","Irrig","13","4","D13","0.67"
"2020","AWD","Irrig","13","5","E13","0.00"
"2020","AWD","Irrig","14","1","A14","5/17/2020"
"2020","AWD","Irrig","14","2","B14","9"
"2020","AWD","Irrig","14","3","C14","0.00"
"2020","AWD","Irrig","14","4","D14","0.00"
"2020","AWD","Irrig","14","5","E14","0.00"
"2020","AWD","Irrig","15","1","A15","5/18/2020"
"2020","AWD","Irrig","15","2","B15","10"
"2020","AWD","Irrig","15","3","C15","0.00"
"2020","AWD","Irrig","15","4","D15","0.00"
"2020","AWD","Irrig","15","5","E15","0.00"
"2020","AWD","Managem oper","1","1","A1","SOIL, CROP AND IRRIGATION MANAGEMENT OPERATIONS"
"2020","AWD","Managem oper","2","1","A2","Year and plot"
"2020","AWD","Managem oper","2","2","B2","-"
"2020","AWD","Managem oper","2","3","C2","2020 Castello d'Agogna"
"2020","AWD","Managem oper","3","1","A3","Puddling"
"2020","AWD","Managem oper","3","2","B3","Date"
"2020","AWD","Managem oper","4","2","B4","Depth"
"2020","AWD","Managem oper","5","1","A5","Ploughing"
"2020","AWD","Managem oper","5","2","B5","Date"
"2020","AWD","Managem oper","5","3","C5","4/1/2020"
"2020","AWD","Managem oper","6","2","B6","Depth (cm)"
"2020","AWD","Managem oper","6","3","C6","25"
"2020","AWD","Managem oper","7","1","A7","Levelling"
"2020","AWD","Managem oper","7","2","B7","Date"
"2020","AWD","Managem oper","7","3","C7","4/6/2020"
"2020","AWD","Managem oper","8","2","B8","Technique"
"2020","AWD","Managem oper","8","3","C8","Laser"
"2020","AWD","Managem oper","9","1","A9","Harrowing 1"
"2020","AWD","Managem oper","9","2","B9","Date"
"2020","AWD","Managem oper","9","3","C9","5/5/2020"
"2020","AWD","Managem oper","10","2","B10","Depth (cm)"
"2020","AWD","Managem oper","10","3","C10","10"
"2020","AWD","Managem oper","11","1","A11","Sowing"
"2020","AWD","Managem oper","11","2","B11","Date"
"2020","AWD","Managem oper","11","3","C11","5/8/2020"
"2020","AWD","Managem oper","12","2","B12","Variety"
"2020","AWD","Managem oper","12","3","C12","Centauro"
"2020","AWD","Managem oper","13","2","B13","Rate (kg/ha)"
"2020","AWD","Managem oper","13","3","C13","150"
"2020","AWD","Managem oper","14","1","A14","Fertilization base"
"2020","AWD","Managem oper","14","2","B14","Date"
"2020","AWD","Managem oper","14","3","C14","5/5/2020"
"2020","AWD","Managem oper","15","2","B15","N (kg/ha)"
"2020","AWD","Managem oper","15","3","C15","0 kg/ha for 0 N thesys                                                    
40 kg/ha (40% of N application) for 100 N thesys 
64 kg/ha (40% of N application) for 160 N thesys"
"2020","AWD","Other water","1","1","A1","OTHER WATER (OR NUTRIENT, OR PESTICIDE) BALANCE COMPONENTS"
"2020","AWD","Other water","2","1","A2","Date"
"2020","AWD","Other water","2","2","B2","Days after sowing"
"2020","AWD","Other water","2","3","C2","Qin (mm)"
"2020","AWD","Other water","2","4","D2","Qout (mm)"
"2020","AWD","Other water","2","5","E2","h_lev (mm)"
"2020","AWD","Other water","2","6","F2","Rain(mm)"
"2020","AWD","Other water","2","7","G2","ETc_Adj(mm)"
"2020","AWD","Other water","2","8","H2","Delta_L (mm)"
"2020","AWD","Other water","2","9","I2","Delta_S (mm)"
"2020","AWD","Other water","2","10","J2","Perc_Bal (mm)"
"2020","AWD","Other water","2","11","K2","Qnet_meas (mm)"
"2020","AWD","Other water","2","12","L2","Perc_MODEL_havier_soil_zone (mm)"
"2020","AWD","Other water","2","14","N2","Qin (mm) and Qout (mm) are the irrigation fluxes (L/s average in the day) entering and exiting the parcel through the irrigation inlet and outlet, divided by the parcel surface (1400.30 m2). Fluxes are corrected when clear affected by errors (see paper MEDWATERICE for better explanations)."
"2020","AWD","Other water","3","1","A3","5/6/2020"
"2020","AWD","Other water","3","3","C3","0.00"
"2020","AWD","Other water","3","4","D3","0.00"
"2020","AWD","Other water","3","5","E3","0.00"
"2020","AWD","Other water","3","6","F3","0.00"
"2020","AWD","Other water","3","7","G3","1.72"
"2020","AWD","Other water","3","8","H3","0.00"
"2020","AWD","Other water","3","9","I3","-1.72"
"2020","AWD","Other water","3","10","J3","0.000"
"2020","AWD","Other water","3","11","K3","0.00"
"2020","AWD","Other water","3","12","L3","0.00000"
"2020","AWD","Other water","3","14","N3","h_lev (mm) is the measured ponding water level in the parcel (average value during the day)"
"2020","AWD","Other water","4","1","A4","5/7/2020"
"2020","AWD","Other water","4","3","C4","163.00"
"2020","AWD","Other water","4","4","D4","0.00"
"2020","AWD","Other water","4","5","E4","72.03"
"2020","AWD","Other water","4","6","F4","0.00"
"2020","AWD","Other water","4","7","G4","3.43"
"2020","AWD","Other water","4","8","H4","72.03"
"2020","AWD","Other water","4","9","I4","69.30"
"2020","AWD","Other water","4","10","J4","18.246"
"2020","AWD","Other water","4","11","K4","163.00"
"2020","AWD","Other water","4","12","L4","3.91873"
"2020","AWD","Other water","4","14","N4","Rain and ETc_Adj pasted here from sheets perc_mm and ET_mm to allow an easier comparison"
"2020","AWD","Other water","5","1","A5","5/8/2020"
"2020","AWD","Other water","5","2","B5","0"
"2020","AWD","Other water","5","3","C5","46.48"
"2020","AWD","Other water","5","4","D5","0.00"
"2020","AWD","Other water","5","5","E5","93.09"
"2020","AWD","Other water","5","6","F5","0.00"
"2020","AWD","Other water","5","7","G5","5.79"
"2020","AWD","Other water","5","8","H5","21.06"
"2020","AWD","Other water","5","9","I5","0.00"
"2020","AWD","Other water","5","10","J5","19.632"
"2020","AWD","Other water","5","11","K5","46.48"
"2020","AWD","Other water","5","12","L5","8.36196"
"2020","AWD","Other water","5","14","N5","Delta L (mm) daily change in ponding water storage computed at the end of the day [end of day(i) - end of day(i-1)]"
"2020","AWD","Other water","6","1","A6","5/9/2020"
"2020","AWD","Other water","6","2","B6","1"
"2020","AWD","Other water","6","3","C6","35.03"
"2020","AWD","Other water","6","4","D6","0.00"
"2020","AWD","Other water","6","5","E6","89.82"
"2020","AWD","Other water","6","6","F6","0.00"
"2020","AWD","Other water","6","7","G6","6.61"
"2020","AWD","Other water","6","8","H6","-3.27"
"2020","AWD","Other water","6","9","I6","0.00"
"2020","AWD","Other water","6","10","J6","31.682"
"2020","AWD","Other water","6","11","K6","35.03"
"2020","AWD","Other water","6","12","L6","8.57557"
"2020","AWD","Other water","6","14","N6","Delta S (mm) daily change in water stored within the soil layer above the LCL (Less Conductive Layer) computed at the end of the day [end of day(i) - end of day(i-1)]"
"2020","AWD","Other water","7","1","A7","5/10/2020"
"2020","AWD","Other water","7","2","B7","2"
"2020","AWD","Other water","7","3","C7","37.59"
"2020","AWD","Other water","7","4","D7","0.00"
"2020","AWD","Other water","7","5","E7","92.44"
"2020","AWD","Other water","7","6","F7","4.00"
"2020","AWD","Other water","7","7","G7","4.51"
"2020","AWD","Other water","7","8","H7","2.63"
"2020","AWD","Other water","7","9","I7","0.00"
"2020","AWD","Other water","7","10","J7","34.451"
"2020","AWD","Other water","7","11","K7","37.59"
"2020","AWD","Other water","7","12","L7","10.35764"
"2020","AWD","Other water","7","14","N7","Qnet_meas (mm) is the net irrigation (i.e. Qin-Qout) obtained by the measured Qin and Qout (mm)"
"2020","AWD","Other water","8","1","A8","5/11/2020"
"2020","AWD","Other water","8","2","B8","3"
"2020","AWD","Other water","8","3","C8","30.13"
"2020","AWD","Other water","8","4","D8","10.92"
"2020","AWD","Other water","8","5","E8","93.31"
"2020","AWD","Other water","8","6","F8","21.20"
"2020","AWD","Other water","8","7","G8","1.39"
"2020","AWD","Other water","8","8","H8","0.86"
"2020","AWD","Other water","8","9","I8","0.00"
"2020","AWD","Other water","8","10","J8","38.154"
"2020","AWD","Other water","8","11","K8","19.20"
"2020","AWD","Other water","8","12","L8","11.12631"
"2020","AWD","Other water","8","14","N8","Qnet_MODEL (mm) is the net irrigation (i.e. Qin-Qout) obtained by inverting the distributed Darcy model (i.e. it is the net water supply needed to close the balance; once the soil characteristics have been calibrated and Perc_MODEL has been simulated)"
"2020","AWD","Other water","9","1","A9","5/12/2020"
"2020","AWD","Other water","9","2","B9","4"
"2020","AWD","Other water","9","3","C9","26.89"
"2020","AWD","Other water","9","4","D9","7.68"
"2020","AWD","Other water","9","5","E9","87.27"
"2020","AWD","Other water","9","6","F9","0.00"
"2020","AWD","Other water","9","7","G9","4.39"
"2020","AWD","Other water","9","8","H9","-6.03"
"2020","AWD","Other water","9","9","I9","0.00"
"2020","AWD","Other water","9","10","J9","20.852"
"2020","AWD","Other water","9","11","K9","19.21"
"2020","AWD","Other water","9","12","L9","11.02946"
"2020","AWD","Other water","9","14","N9","Perc_MODEL (mm) is the percolation under the LCL (Less Conductive Layer, also called hardpan, usually located under the plugged horizon), modelled with the distributed Darcy model (see MEDWATERICE paper for better explanations)."
"2020","AWD","Other water","10","1","A10","5/13/2020"
"2020","AWD","Other water","10","2","B10","5"
"2020","AWD","Other water","10","3","C10","38.10"
"2020","AWD","Other water","10","4","D10","10.05"
"2020","AWD","Other water","10","5","E10","93.71"
"2020","AWD","Other water","10","6","F10","3.00"
"2020","AWD","Other water","10","7","G10","0.68"
"2020","AWD","Other water","10","8","H10","6.44"
"2020","AWD","Other water","10","9","I10","0.00"
"2020","AWD","Other water","10","10","J10","23.932"
"2020","AWD","Other water","10","11","K10","28.05"
"2020","AWD","Other water","10","12","L10","10.90304"
"2020","AWD","Other water","10","14","N10","Perc_Bal (mm) percolation obtained from the water balance (Qnet_meas +Rain -Etc_Adj -Delta_L -Delta_S)"
"2020","AWD","Other water","11","1","A11","5/14/2020"
"2020","AWD","Other water","11","2","B11","6"
"2020","AWD","Other water","11","3","C11","24.02"
"2020","AWD","Other water","11","4","D11","17.08"
"2020","AWD","Other water","11","5","E11","143.53"
"2020","AWD","Other water","11","6","F11","56.00"
"2020","AWD","Other water","11","7","G11","3.92"
"2020","AWD","Other water","11","8","H11","49.82"
"2020","AWD","Other water","11","9","I11","0.00"
"2020","AWD","Other water","11","10","J11","9.191"
"2020","AWD","Other water","11","11","K11","6.94"
"2020","AWD","Other water","11","12","L11","10.94773"
"2020","AWD","Other water","11","14","N11","Perc_MODEL_havier_soil (mm) percolation obtained by the distributed Darcy model considering only the zone having low Ks (Ks is obtained by calibration, objective was a proxy of the difference between Qnet_model and Qnet_meas)"
"2020","AWD","Other water","12","1","A12","5/15/2020"
"2020","AWD","Other water","12","2","B12","7"
"2020","AWD","Other water","12","3","C12","0.01"
"2020","AWD","Other water","12","4","D12","160.00"
"2020","AWD","Other water","12","5","E12","0.00"
"2020","AWD","Other water","12","6","F12","23.60"
"2020","AWD","Other water","12","7","G12","3.27"
"2020","AWD","Other water","12","8","H12","-143.53"
"2020","AWD","Other water","12","9","I12","-16.48"
"2020","AWD","Other water","12","10","J12","20.344"
"2020","AWD","Other water","12","11","K12","-160.00"
"2020","AWD","Other water","12","12","L12","7.31019"
"2020","AWD","Other water","13","1","A13","5/16/2020"
"2020","AWD","Other water","13","2","B13","8"
"2020","AWD","Other water","13","3","C13","0.00"
"2020","AWD","Other water","13","4","D13","0.67"
"2020","AWD","Other water","13","5","E13","0.00"
"2020","AWD","Other water","13","6","F13","1.40"
"2020","AWD","Other water","13","7","G13","1.21"
"2020","AWD","Other water","13","8","H13","0.00"
"2020","AWD","Other water","13","9","I13","-0.48"
"2020","AWD","Other water","13","10","J13","0.000"
"2020","AWD","Other water","13","11","K13","-0.67"
"2020","AWD","Other water","13","12","L13","0.00030"
"2020","AWD","Other water","13","14","N13","Entire parcel surface"
"2020","AWD","Other water","13","15","O13","1400.26"
"2020","AWD","Other water","13","16","P13","m2"
"2020","AWD","Other water","14","1","A14","5/17/2020"
"2020","AWD","Other water","14","2","B14","9"
"2020","AWD","Other water","14","3","C14","0.00"
"2020","AWD","Other water","14","4","D14","0.00"
"2020","AWD","Other water","14","5","E14","0.00"
"2020","AWD","Other water","14","6","F14","4.00"
"2020","AWD","Other water","14","7","G14","1.32"
"2020","AWD","Other water","14","8","H14","0.00"
"2020","AWD","Other water","14","9","I14","2.68"
"2020","AWD","Other water","14","10","J14","0.000"
"2020","AWD","Other water","14","11","K14","0.00"
"2020","AWD","Other water","14","12","L14","0.00000"
"2020","AWD","Other water","14","14","N14","Havier soil zone within the parcel"
"2020","AWD","Other water","14","15","O14","1169.73"
"2020","AWD","Other water","14","16","P14","m2"
"2020","AWD","Other water","15","1","A15","5/18/2020"
"2020","AWD","Other water","15","2","B15","10"
"2020","AWD","Other water","15","3","C15","0.00"
"2020","AWD","Other water","15","4","D15","0.00"
"2020","AWD","Other water","15","5","E15","0.00"
"2020","AWD","Other water","15","6","F15","0.00"
"2020","AWD","Other water","15","7","G15","1.88"
"2020","AWD","Other water","15","8","H15","0.00"
"2020","AWD","Other water","15","9","I15","-1.88"
"2020","AWD","Other water","15","10","J15","0.000"
"2020","AWD","Other water","15","11","K15","0.00"
"2020","AWD","Other water","15","12","L15","0.00000"
"2020","AWD","Yield+product","1","1","A1","YIELD AND PRODUCT QUALITY"
"2020","AWD","Yield+product","2","1","A2","Date"
"2020","AWD","Yield+product","2","2","B2","Plot"
"2020","AWD","Yield+product","2","3","C2","Location"
"2020","AWD","Yield+product","2","4","D2","Rice grain yield at 14% humidity (t/ha)"
"2020","AWD","Yield+product","2","5","E2","Straw yield if sold (t/ha)"
"2020","AWD","Yield+product","2","6","F2","Yield comp
Nº panic/m2"
"2020","AWD","Yield+product","2","7","G2","Yield comp
Nº of grains by panicle"
"2020","AWD","Yield+product","2","8","H2","Yield comp
Weight of 1000 grains at 14% hum (g)"
"2020","AWD","Yield+product","2","9","I2","Yield comp Harvest Index
"
"2020","AWD","Yield+product","2","10","J2","Yield comp
Sterility (%)"
"2020","AWD","Yield+product","2","11","K2","Milled rice yield (%)"
"2020","AWD","Yield+product","2","12","L2","Head rice yield (%)"
"2020","AWD","Yield+product","2","13","M2","Yield comp
Chalkiness (%)"
"2020","AWD","Yield+product","2","14","N2","Yield comp
Damaged kernels (%)"
"2020","AWD","Yield+product","2","15","O2","As(III) μg kg-1"
"2020","AWD","Yield+product","2","16","P2","DMA(V) μg kg-1"
"2020","AWD","Yield+product","2","17","Q2","MMA(V) μg kg-1"
"2020","AWD","Yield+product","2","18","R2","As(V) μg kg-1"
"2020","AWD","Yield+product","2","19","S2","As TOT μg kg-1"
"2020","AWD","Yield+product","2","20","T2","Cadmium of rice grain (μg kg-1)"
"2020","AWD","Yield+product","2","21","U2","N % content (grain)"
"2020","AWD","Yield+product","2","22","V2","N % content (straw)"
"2020","AWD","Yield+product","3","1","A3","FROM  17/09/2020 TO 30/9/2020"
"2020","AWD","Yield+product","3","2","B3","CASTELLO D'AGOGNA"
"2020","AWD","Yield+product","3","3","C3","1"
"2020","AWD","Yield+product","3","4","D3","12.7"
"2020","AWD","Yield+product","3","5","E3","-"
"2020","AWD","Yield+product","3","6","F3","556"
"2020","AWD","Yield+product","3","7","G3","108"
"2020","AWD","Yield+product","3","8","H3","27.4"
"2020","AWD","Yield+product","3","9","I3","0.55"
"2020","AWD","Yield+product","3","10","J3","14.3"
"2020","AWD","Yield+product","3","11","K3","71.9"
"2020","AWD","Yield+product","3","12","L3","67.5"
"2020","AWD","Yield+product","3","13","M3","4.80"
"2020","AWD","Yield+product","3","14","N3","3.00"
"2020","AWD","Yield+product","4","3","C4","2"
"2020","AWD","Yield+product","4","4","D4","7.73"
"2020","AWD","Yield+product","4","5","E4","-"
"2020","AWD","Yield+product","4","6","F4","536"
"2020","AWD","Yield+product","4","7","G4","112"
"2020","AWD","Yield+product","4","8","H4","29.4"
"2020","AWD","Yield+product","4","9","I4","0.54"
"2020","AWD","Yield+product","4","10","J4","9.44"
"2020","AWD","Yield+product","4","11","K4","71.9"
"2020","AWD","Yield+product","4","12","L4","65.5"
"2020","AWD","Yield+product","4","13","M4","3.64"
"2020","AWD","Yield+product","4","14","N4","1.12"
"2020","AWD","Yield+product","5","3","C5","3"
"2020","AWD","Yield+product","5","4","D5","10.7"
"2020","AWD","Yield+product","5","5","E5","-"
"2020","AWD","Yield+product","5","6","F5","699"
"2020","AWD","Yield+product","5","7","G5","114"
"2020","AWD","Yield+product","5","8","H5","28.2"
"2020","AWD","Yield+product","5","9","I5","0.56"
"2020","AWD","Yield+product","5","10","J5","11.6"
"2020","AWD","Yield+product","5","11","K5","71.8"
"2020","AWD","Yield+product","5","12","L5","67.8"
"2020","AWD","Yield+product","5","13","M5","5.04"
"2020","AWD","Yield+product","5","14","N5","1.34"
"2020","AWD","Yield+product","6","3","C6","4"
"2020","AWD","Yield+product","6","4","D6","11.3"
"2020","AWD","Yield+product","6","5","E6","-"
"2020","AWD","Yield+product","6","6","F6","692"
"2020","AWD","Yield+product","6","7","G6","117"
"2020","AWD","Yield+product","6","8","H6","28.1"
"2020","AWD","Yield+product","6","9","I6","0.53"
"2020","AWD","Yield+product","6","10","J6","11.2"
"2020","AWD","Yield+product","6","11","K6","71.5"
"2020","AWD","Yield+product","6","12","L6","67.2"
"2020","AWD","Yield+product","6","13","M6","4.44"
"2020","AWD","Yield+product","6","14","N6","3.26"
"2020","AWD","Yield+product","6","15","O6","199"
"2020","AWD","Yield+product","6","16","P6","68"
"2020","AWD","Yield+product","6","17","Q6","<0,5"
"2020","AWD","Yield+product","6","18","R6","4.4"
"2020","AWD","Yield+product","6","19","S6","271"
"2020","AWD","Yield+product","6","20","T6","2.0"
"2020","AWD","Yield+product","7","3","C7","5"
"2020","AWD","Yield+product","7","4","D7","10.4"
"2020","AWD","Yield+product","7","5","E7","-"
"2020","AWD","Yield+product","7","6","F7","624"
"2020","AWD","Yield+product","7","7","G7","106"
"2020","AWD","Yield+product","7","8","H7","28.2"
"2020","AWD","Yield+product","7","9","I7","0.55"
"2020","AWD","Yield+product","7","10","J7","20.0"
"2020","AWD","Yield+product","7","11","K7","71.9"
"2020","AWD","Yield+product","7","12","L7","67.2"
"2020","AWD","Yield+product","7","13","M7","6.40"
"2020","AWD","Yield+product","7","14","N7","0.48"
"2020","AWD","Yield+product","8","3","C8","6"
"2020","AWD","Yield+product","8","4","D8","6.46"
"2020","AWD","Yield+product","8","5","E8","-"
"2020","AWD","Yield+product","8","6","F8","656"
"2020","AWD","Yield+product","8","7","G8","112"
"2020","AWD","Yield+product","8","8","H8","29.0"
"2020","AWD","Yield+product","8","9","I8","0.55"
"2020","AWD","Yield+product","8","10","J8","9.24"
"2020","AWD","Yield+product","8","11","K8","71.9"
"2020","AWD","Yield+product","8","12","L8","64.2"
"2020","AWD","Yield+product","8","13","M8","3.32"
"2020","AWD","Yield+product","8","14","N8","1.20"
"2020","AWD","Yield+product","9","3","C9","7"
"2020","AWD","Yield+product","9","4","D9","10.9"
"2020","AWD","Yield+product","9","5","E9","-"
"2020","AWD","Yield+product","9","6","F9","719"
"2020","AWD","Yield+product","9","7","G9","96"
"2020","AWD","Yield+product","9","8","H9","27.7"
"2020","AWD","Yield+product","9","9","I9","0.56"
"2020","AWD","Yield+product","9","10","J9","14.7"
"2020","AWD","Yield+product","9","11","K9","71.7"
"2020","AWD","Yield+product","9","12","L9","66.6"
"2020","AWD","Yield+product","9","13","M9","5.28"
"2020","AWD","Yield+product","9","14","N9","1.88"
"2020","AWD","Yield+product","10","3","C10","8"
"2020","AWD","Yield+product","10","4","D10","11.1"
"2020","AWD","Yield+product","10","5","E10","-"
"2020","AWD","Yield+product","10","6","F10","812"
"2020","AWD","Yield+product","10","7","G10","95"
"2020","AWD","Yield+product","10","8","H10","27.3"
"2020","AWD","Yield+product","10","9","I10","0.52"
"2020","AWD","Yield+product","10","10","J10","20.6"
"2020","AWD","Yield+product","10","11","K10","71.3"
"2020","AWD","Yield+product","10","12","L10","65.9"
"2020","AWD","Yield+product","10","13","M10","4.12"
"2020","AWD","Yield+product","10","14","N10","2.24"
"2020","AWD","Yield+product","10","15","O10","194"
"2020","AWD","Yield+product","10","16","P10","64"
"2020","AWD","Yield+product","10","17","Q10","<0,5"
"2020","AWD","Yield+product","10","18","R10","3.5"
"2020","AWD","Yield+product","10","19","S10","261"
"2020","AWD","Yield+product","10","20","T10","5.9"
"2020","AWD","Yield+product","11","3","C11","9"
"2020","AWD","Yield+product","11","4","D11","10.9"
"2020","AWD","Yield+product","11","5","E11","-"
"2020","AWD","Yield+product","11","6","F11","615"
"2020","AWD","Yield+product","11","7","G11","105"
"2020","AWD","Yield+product","11","8","H11","27.5"
"2020","AWD","Yield+product","11","9","I11","0.52"
"2020","AWD","Yield+product","11","10","J11","19.8"
"2020","AWD","Yield+product","11","11","K11","71.7"
"2020","AWD","Yield+product","11","12","L11","66.3"
"2020","AWD","Yield+product","11","13","M11","4.80"
"2020","AWD","Yield+product","11","14","N11","2.28"
"2020","AWD","Yield+product","12","3","C12","10"
"2020","AWD","Yield+product","12","4","D12","6.56"
"2020","AWD","Yield+product","12","5","E12","-"
"2020","AWD","Yield+product","12","6","F12","671"
"2020","AWD","Yield+product","12","7","G12","94"
"2020","AWD","Yield+product","12","8","H12","28.6"
"2020","AWD","Yield+product","12","9","I12","0.55"
"2020","AWD","Yield+product","12","10","J12","9.28"
"2020","AWD","Yield+product","12","11","K12","72.3"
"2020","AWD","Yield+product","12","12","L12","64.2"
"2020","AWD","Yield+product","12","13","M12","3.12"
"2020","AWD","Yield+product","12","14","N12","1.04"
"2020","AWD","Yield+product","13","3","C13","11"
"2020","AWD","Yield+product","13","4","D13","10.3"
"2020","AWD","Yield+product","13","5","E13","-"
"2020","AWD","Yield+product","13","6","F13","789"
"2020","AWD","Yield+product","13","7","G13","100"
"2020","AWD","Yield+product","13","8","H13","28.3"
"2020","AWD","Yield+product","13","9","I13","0.57"
"2020","AWD","Yield+product","13","10","J13","13.2"
"2020","AWD","Yield+product","13","11","K13","71.5"
"2020","AWD","Yield+product","13","12","L13","66.8"
"2020","AWD","Yield+product","13","13","M13","5.68"
"2020","AWD","Yield+product","13","14","N13","2.40"
"2020","AWD","Yield+product","14","3","C14","12"
"2020","AWD","Yield+product","14","4","D14","11.4"
"2020","AWD","Yield+product","14","5","E14","-"
"2020","AWD","Yield+product","14","6","F14","689"
"2020","AWD","Yield+product","14","7","G14","99"
"2020","AWD","Yield+product","14","8","H14","27.5"
"2020","AWD","Yield+product","14","9","I14","0.56"
"2020","AWD","Yield+product","14","10","J14","16.3"
"2020","AWD","Yield+product","14","11","K14","71.6"
"2020","AWD","Yield+product","14","12","L14","66.9"
"2020","AWD","Yield+product","14","13","M14","4.80"
"2020","AWD","Yield+product","14","14","N14","2.12"
"2020","AWD","Yield+product","14","15","O14","190"
"2020","AWD","Yield+product","14","16","P14","51"
"2020","AWD","Yield+product","14","17","Q14","<0,5"
"2020","AWD","Yield+product","14","18","R14","2.9"
"2020","AWD","Yield+product","14","19","S14","244"
"2020","AWD","Yield+product","14","20","T14","31"
"2020","AWD","Yield+product","15","3","C15","13"
"2020","AWD","Yield+product","15","4","D15","11.1"
"2020","AWD","Yield+product","15","5","E15","-"
"2020","AWD","Yield+product","15","6","F15","673"
"2020","AWD","Yield+product","15","7","G15","94"
"2020","AWD","Yield+product","15","8","H15","27.6"
"2020","AWD","Yield+product","15","9","I15","0.54"
"2020","AWD","Yield+product","15","10","J15","20.6"
"2020","AWD","Yield+product","15","11","K15","71.1"
"2020","AWD","Yield+product","15","12","L15","65.8"
"2020","AWD","Yield+product","15","13","M15","5.60"
"2020","AWD","Yield+product","15","14","N15","0.48"
"2020","DFL","Groundwater","1","1","A1","GROUNDWATER"
"2020","DFL","Groundwater","2","1","A2","Date"
"2020","DFL","Groundwater","2","2","B2","Days after sowing"
"2020","DFL","Groundwater","2","3","C2","Depth (cm) PIEZOMETER P3
"
"2020","DFL","Groundwater","2","4","D2","Depth (cm) PIEZOMETER P4
"
"2020","DFL","Groundwater","2","5","E2","Depth (cm) PIEZOMETER P7
"
"2020","DFL","Groundwater","2","6","F2","Salinity (dS/m)
"
"2020","DFL","Groundwater","2","7","G2","Salinity (dS/m)
"
"2020","DFL","Groundwater","2","8","H2","Salinity (dS/m)
"
"2020","DFL","Groundwater","2","9","I2","N-NO3 (mg/l) PIEZOMETER P3
"
"2020","DFL","Groundwater","2","10","J2","N-NO3 (mg/l) PIEZOMETER P4
"
"2020","DFL","Groundwater","2","11","K2","N-NO3 (mg/l) PIEZOMETER P7
"
"2020","DFL","Groundwater","2","12","L2","N-NO2 (mg/l) PIEZOMETER
P3"
"2020","DFL","Groundwater","2","13","M2","N-NO2 (mg/l)
PIEZOMETER P4"
"2020","DFL","Groundwater","2","14","N2","N-NO2 (mg/l)
PIEZOMETER P7"
"2020","DFL","Groundwater","2","15","O2","N-UREA (mg/l) PIEZOMETER P3"
"2020","DFL","Groundwater","2","16","P2","N-UREA (mg/l) PIEZOMETER P4"
"2020","DFL","Groundwater","2","17","Q2","N-UREA (mg/l) PIEZOMETER P7"
"2020","DFL","Groundwater","2","18","R2","N-NH3 (mg/l)
PIEZOMETER P3"
"2020","DFL","Groundwater","2","19","S2","N-NH3 (mg/l)
PIEZOMETER P4"
"2020","DFL","Groundwater","2","20","T2","N-NH3 (mg/l) PIEZOMETER
P7"
"2020","DFL","Groundwater","2","21","U2","N-TOT (mg/l) PIEZOMETER
P3"
"2020","DFL","Groundwater","2","22","V2","N-TOT (mg/l) PIEZOMETER
P4"
"2020","DFL","Groundwater","2","23","W2","N-TOT (mg/l) PIEZOMETER
P7"
"2020","DFL","Groundwater","2","24","X2"," P-PO4 (mg/l) PIEZOMETER P3"
"2020","DFL","Groundwater","2","25","Y2","P-PO4 (mg/l) PIEZOMETER P4"
"2020","DFL","Groundwater","2","26","Z2","P-PO4 (mg/l) PIEZOMETER P7"
"2020","DFL","Groundwater","2","27","AA2","K (mg/l) PIEZOMETER P3"
"2020","DFL","Groundwater","2","28","AB2","K (mg/l) PIEZOMETER P4"
"2020","DFL","Groundwater","2","29","AC2","K (mg/l) PIEZOMETER P7"
"2020","DFL","Groundwater","2","30","AD2","Arsenic (mg/L)
"
"2020","DFL","Groundwater","2","31","AE2","Arsenic (mg/L)
"
"2020","DFL","Groundwater","2","32","AF2","Arsenic (mg/L)
"
"2020","DFL","Groundwater","2","33","AG2","Cadmium (mg/L)
"
"2020","DFL","Groundwater","2","34","AH2","Cadmium (mg/L)
"
"2020","DFL","Groundwater","2","35","AI2","Cadmium (mg/L)
"
"2020","DFL","Groundwater","2","36","AJ2","Pesticides content: MCPA (µg/L)  PIEZOMETER P3
"
"2020","DFL","Groundwater","2","37","AK2","Pesticides content: MCPA (µg/L) PIEZOMETER P4
"
"2020","DFL","Groundwater","2","38","AL2","Pesticides content: MCPA (µg/L) PIEZOMETER P7
"
"2020","DFL","Groundwater","2","39","AM2","Pesticides content: Clomazone  (µg/L)  PIEZOMETER P3
"
"2020","DFL","Groundwater","2","40","AN2","Pesticides content: Clomazone  (µg/L) PIEZOMETER P4
"
"2020","DFL","Groundwater","2","41","AO2","Pesticides content: Clomazone (µg/L) PIEZOMETER P7
"
"2020","DFL","Groundwater","3","1","A3","4/23/2020"
"2020","DFL","Groundwater","3","2","B3","-1"
"2020","DFL","Groundwater","3","9","I3","2.25"
"2020","DFL","Groundwater","3","10","J3","1.41"
"2020","DFL","Groundwater","3","11","K3","1.06"
"2020","DFL","Groundwater","3","12","L3","0.108865912"
"2020","DFL","Groundwater","3","13","M3","0.041687433"
"2020","DFL","Groundwater","3","15","O3","0"
"2020","DFL","Groundwater","3","16","P3","0"
"2020","DFL","Groundwater","3","18","R3","0.063"
"2020","DFL","Groundwater","3","19","S3","0.056"
"2020","DFL","Groundwater","3","20","T3","0.172"
"2020","DFL","Groundwater","3","21","U3","2.421865912"
"2020","DFL","Groundwater","3","22","V3","1.507687433"
"2020","DFL","Groundwater","3","23","W3","1.232"
"2020","DFL","Groundwater","3","24","X3","< LOQ"
"2020","DFL","Groundwater","3","25","Y3","< LOQ"
"2020","DFL","Groundwater","3","26","Z3","< LOQ"
"2020","DFL","Groundwater","3","27","AA3","< LOQ"
"2020","DFL","Groundwater","3","28","AB3","0.261"
"2020","DFL","Groundwater","3","29","AC3","< LOQ"
"2020","DFL","Groundwater","3","36","AJ3","< LOQ"
"2020","DFL","Groundwater","3","37","AK3","< LOQ"
"2020","DFL","Groundwater","3","38","AL3","<LOQ"
"2020","DFL","Groundwater","3","39","AM3","< LOQ"
"2020","DFL","Groundwater","3","40","AN3","< LOQ"
"2020","DFL","Groundwater","3","41","AO3","<LOQ"
"2020","DFL","Groundwater","4","1","A4","4/24/2020"
"2020","DFL","Groundwater","4","2","B4","0"
"2020","DFL","Groundwater","5","1","A5","4/25/2020"
"2020","DFL","Groundwater","5","2","B5","1"
"2020","DFL","Groundwater","6","1","A6","4/26/2020"
"2020","DFL","Groundwater","6","2","B6","2"
"2020","DFL","Groundwater","7","1","A7","4/27/2020"
"2020","DFL","Groundwater","7","2","B7","3"
"2020","DFL","Groundwater","7","3","C7","105.93"
"2020","DFL","Groundwater","7","4","D7","105.90"
"2020","DFL","Groundwater","7","5","E7","106.05"
"2020","DFL","Groundwater","8","1","A8","4/28/2020"
"2020","DFL","Groundwater","8","2","B8","4"
"2020","DFL","Groundwater","8","3","C8","105.93"
"2020","DFL","Groundwater","8","4","D8","105.91"
"2020","DFL","Groundwater","8","5","E8","106.04"
"2020","DFL","Groundwater","9","1","A9","4/29/2020"
"2020","DFL","Groundwater","9","2","B9","5"
"2020","DFL","Groundwater","9","3","C9","105.93"
"2020","DFL","Groundwater","9","4","D9","105.97"
"2020","DFL","Groundwater","9","5","E9","106.06"
"2020","DFL","Groundwater","10","1","A10","4/30/2020"
"2020","DFL","Groundwater","10","2","B10","6"
"2020","DFL","Groundwater","10","3","C10","105.94"
"2020","DFL","Groundwater","10","4","D10","105.98"
"2020","DFL","Groundwater","10","5","E10","106.05"
"2020","DFL","Groundwater","11","1","A11","5/1/2020"
"2020","DFL","Groundwater","11","2","B11","7"
"2020","DFL","Groundwater","11","3","C11","105.94"
"2020","DFL","Groundwater","11","4","D11","105.99"
"2020","DFL","Groundwater","11","5","E11","106.03"
"2020","DFL","Groundwater","12","1","A12","5/2/2020"
"2020","DFL","Groundwater","12","2","B12","8"
"2020","DFL","Groundwater","12","3","C12","105.95"
"2020","DFL","Groundwater","12","4","D12","105.99"
"2020","DFL","Groundwater","12","5","E12","106.02"
"2020","DFL","Groundwater","13","1","A13","5/3/2020"
"2020","DFL","Groundwater","13","2","B13","9"
"2020","DFL","Groundwater","13","3","C13","105.95"
"2020","DFL","Groundwater","13","4","D13","105.98"
"2020","DFL","Groundwater","13","5","E13","106.00"
"2020","DFL","Groundwater","14","1","A14","5/4/2020"
"2020","DFL","Groundwater","14","2","B14","10"
"2020","DFL","Groundwater","14","3","C14","105.95"
"2020","DFL","Groundwater","14","4","D14","105.98"
"2020","DFL","Groundwater","14","5","E14","105.99"
"2020","DFL","Groundwater","14","9","I14","1.32"
"2020","DFL","Groundwater","14","10","J14","< LOQ"
"2020","DFL","Groundwater","14","11","K14","< LOQ"
"2020","DFL","Groundwater","14","12","L14","0.108865912"
"2020","DFL","Groundwater","14","13","M14","0.041687433"
"2020","DFL","Groundwater","14","14","N14","0.108865912"
"2020","DFL","Groundwater","14","15","O14","0"
"2020","DFL","Groundwater","14","16","P14","0"
"2020","DFL","Groundwater","14","17","Q14","0"
"2020","DFL","Groundwater","14","18","R14","0.035"
"2020","DFL","Groundwater","14","19","S14","0.126"
"2020","DFL","Groundwater","14","20","T14","0.208"
"2020","DFL","Groundwater","14","21","U14","1.463865912"
"2020","DFL","Groundwater","14","22","V14","0.167687433"
"2020","DFL","Groundwater","14","23","W14","0.316865912"
"2020","DFL","Groundwater","14","24","X14","< LOQ"
"2020","DFL","Groundwater","14","25","Y14","< LOQ"
"2020","DFL","Groundwater","14","26","Z14","< LOQ"
"2020","DFL","Groundwater","14","27","AA14","0.264"
"2020","DFL","Groundwater","14","28","AB14","0.297"
"2020","DFL","Groundwater","14","29","AC14","< LOQ"
"2020","DFL","Groundwater","14","36","AJ14","< LOQ"
"2020","DFL","Groundwater","14","37","AK14","< LOQ"
"2020","DFL","Groundwater","14","38","AL14","0.008074502"
"2020","DFL","Groundwater","14","39","AM14","< LOQ"
"2020","DFL","Groundwater","14","40","AN14","< LOQ"
"2020","DFL","Groundwater","14","41","AO14","< LOQ"
"2020","DFL","Groundwater","15","1","A15","5/5/2020"
"2020","DFL","Groundwater","15","2","B15","11"
"2020","DFL","Groundwater","15","3","C15","105.96"
"2020","DFL","Groundwater","15","4","D15","105.99"
"2020","DFL","Groundwater","15","5","E15","105.98"
"2020","DFL","Irrig","1","1","A1","IRRIGATION"
"2020","DFL","Irrig","2","1","A2","Date"
"2020","DFL","Irrig","2","2","B2","Days after sowing"
"2020","DFL","Irrig","2","3","C2","Irrig inflow (mm)
"
"2020","DFL","Irrig","2","4","D2","Irrig inflow (mm)
"
"2020","DFL","Irrig","2","5","E2","Irrig water salinity (dS/m)"
"2020","DFL","Irrig","2","6","F2","Irrig water ponding water level in the field (mm)"
"2020","DFL","Irrig","2","7","G2","Sampling point for nutrients (N, P, K) and pesticides (MCPA, Clomazone) analysis                                                                                                                                                                                                                                                              E(in): irrigation inlet                                                                                                                                                                                                                                                                                                  U(out): irrigation outlet"
"2020","DFL","Irrig","2","8","H2","Arsenic (mg/L)"
"2020","DFL","Irrig","2","9","I2","Cadmium (mg/L)"
"2020","DFL","Irrig","2","10","J2","N-NO3 (mg/l)"
"2020","DFL","Irrig","2","11","K2","N-NO2 (mg/l)"
"2020","DFL","Irrig","2","12","L2","N-UREA (mg/l)"
"2020","DFL","Irrig","2","13","M2","N-NH3 (mg/l)"
"2020","DFL","Irrig","2","14","N2","N-TOT (mg/l)"
"2020","DFL","Irrig","2","15","O2","P-PO4 (mg/l)"
"2020","DFL","Irrig","2","16","P2","K (mg/l)"
"2020","DFL","Irrig","2","17","Q2","Pesticides content: MCPA (µg/L) inflow (E6)"
"2020","DFL","Irrig","2","18","R2","Pesticides content: Clomazone (µg/L) inflow (E6)"
"2020","DFL","Irrig","2","19","S2","Pesticides content: MCPA (µg/L) outflow (U6)"
"2020","DFL","Irrig","2","20","T2","Pesticides content: Clomazone (µg/L) outflow (U6)"
"2020","DFL","Irrig","2","21","U2","Pesticides content: MCPA (µg/L) inflow (E1)"
"2020","DFL","Irrig","2","22","V2","Pesticides content: Clomazone (µg/L) inflow (E1)"
"2020","DFL","Irrig","3","1","A3","4/24/2020"
"2020","DFL","Irrig","3","2","B3","0"
"2020","DFL","Irrig","3","3","C3","0.00"
"2020","DFL","Irrig","3","4","D3","0.00"
"2020","DFL","Irrig","3","6","F3","0.00"
"2020","DFL","Irrig","4","1","A4","4/25/2020"
"2020","DFL","Irrig","4","2","B4","1"
"2020","DFL","Irrig","4","3","C4","0.00"
"2020","DFL","Irrig","4","4","D4","0.00"
"2020","DFL","Irrig","4","6","F4","0.00"
"2020","DFL","Irrig","5","1","A5","4/26/2020"
"2020","DFL","Irrig","5","2","B5","2"
"2020","DFL","Irrig","5","3","C5","0.00"
"2020","DFL","Irrig","5","4","D5","0.00"
"2020","DFL","Irrig","5","6","F5","0.00"
"2020","DFL","Irrig","6","1","A6","4/27/2020"
"2020","DFL","Irrig","6","2","B6","3"
"2020","DFL","Irrig","6","3","C6","0.00"
"2020","DFL","Irrig","6","4","D6","0.00"
"2020","DFL","Irrig","6","6","F6","0.00"
"2020","DFL","Irrig","7","1","A7","4/28/2020"
"2020","DFL","Irrig","7","2","B7","4"
"2020","DFL","Irrig","7","3","C7","0.00"
"2020","DFL","Irrig","7","4","D7","0.00"
"2020","DFL","Irrig","7","6","F7","0.00"
"2020","DFL","Irrig","8","1","A8","4/29/2020"
"2020","DFL","Irrig","8","2","B8","5"
"2020","DFL","Irrig","8","3","C8","2.79"
"2020","DFL","Irrig","8","4","D8","5.35"
"2020","DFL","Irrig","8","6","F8","0.00"
"2020","DFL","Irrig","9","1","A9","4/30/2020"
"2020","DFL","Irrig","9","2","B9","6"
"2020","DFL","Irrig","9","3","C9","0.00"
"2020","DFL","Irrig","9","4","D9","0.00"
"2020","DFL","Irrig","9","6","F9","0.00"
"2020","DFL","Irrig","10","1","A10","5/1/2020"
"2020","DFL","Irrig","10","2","B10","7"
"2020","DFL","Irrig","10","3","C10","0.00"
"2020","DFL","Irrig","10","4","D10","0.00"
"2020","DFL","Irrig","10","6","F10","0.00"
"2020","DFL","Irrig","11","1","A11","5/2/2020"
"2020","DFL","Irrig","11","2","B11","8"
"2020","DFL","Irrig","11","3","C11","0.00"
"2020","DFL","Irrig","11","4","D11","0.00"
"2020","DFL","Irrig","11","6","F11","0.00"
"2020","DFL","Irrig","12","1","A12","5/3/2020"
"2020","DFL","Irrig","12","2","B12","9"
"2020","DFL","Irrig","12","3","C12","0.00"
"2020","DFL","Irrig","12","4","D12","0.00"
"2020","DFL","Irrig","12","6","F12","0.00"
"2020","DFL","Irrig","13","1","A13","5/4/2020"
"2020","DFL","Irrig","13","2","B13","10"
"2020","DFL","Irrig","13","3","C13","0.00"
"2020","DFL","Irrig","13","4","D13","0.00"
"2020","DFL","Irrig","13","6","F13","0.00"
"2020","DFL","Irrig","14","1","A14","5/5/2020"
"2020","DFL","Irrig","14","2","B14","11"
"2020","DFL","Irrig","14","3","C14","0.00"
"2020","DFL","Irrig","14","4","D14","0.00"
"2020","DFL","Irrig","14","6","F14","0.00"
"2020","DFL","Irrig","15","1","A15","5/6/2020"
"2020","DFL","Irrig","15","2","B15","12"
"2020","DFL","Irrig","15","3","C15","0.00"
"2020","DFL","Irrig","15","4","D15","0.00"
"2020","DFL","Irrig","15","6","F15","0.00"
"2020","DFL","Managem oper","1","1","A1","SOIL, CROP, AND IRRIGATION MANAGEMENT OPERATIONS"
"2020","DFL","Managem oper","2","1","A2","Year and plot"
"2020","DFL","Managem oper","2","2","B2","-"
"2020","DFL","Managem oper","2","3","C2","2020 Castello d'Agogna"
"2020","DFL","Managem oper","3","1","A3","Puddling"
"2020","DFL","Managem oper","3","2","B3","Date"
"2020","DFL","Managem oper","4","2","B4","Depth"
"2020","DFL","Managem oper","5","1","A5","Ploughing"
"2020","DFL","Managem oper","5","2","B5","Date"
"2020","DFL","Managem oper","5","3","C5","4/1/2020"
"2020","DFL","Managem oper","6","2","B6","Depth (cm)"
"2020","DFL","Managem oper","6","3","C6","25"
"2020","DFL","Managem oper","7","1","A7","Levelling"
"2020","DFL","Managem oper","7","2","B7","Date"
"2020","DFL","Managem oper","7","3","C7","4/6/2020"
"2020","DFL","Managem oper","8","2","B8","Technique"
"2020","DFL","Managem oper","8","3","C8","Laser"
"2020","DFL","Managem oper","9","1","A9","Harrowing 1"
"2020","DFL","Managem oper","9","2","B9","Date"
"2020","DFL","Managem oper","9","3","C9","4/24/2020"
"2020","DFL","Managem oper","10","2","B10","Depth (cm)"
"2020","DFL","Managem oper","10","3","C10","10"
"2020","DFL","Managem oper","11","1","A11","Sowing"
"2020","DFL","Managem oper","11","2","B11","Date"
"2020","DFL","Managem oper","11","3","C11","4/24/2020"
"2020","DFL","Managem oper","12","2","B12","Variety"
"2020","DFL","Managem oper","12","3","C12","Centauro"
"2020","DFL","Managem oper","13","2","B13","Rate (kg/ha)"
"2020","DFL","Managem oper","13","3","C13","150"
"2020","DFL","Managem oper","14","1","A14","Fertilization base"
"2020","DFL","Managem oper","14","2","B14","Date"
"2020","DFL","Managem oper","14","3","C14","-"
"2020","DFL","Managem oper","15","2","B15","N (kg/ha)"
"2020","DFL","Managem oper","15","3","C15","0"
"2020","DFL","Other water","1","1","A1","OTHER WATER (OR NUTRIENT, OR PESTICIDE) BALANCE COMPONENTS"
"2020","DFL","Other water","2","1","A2","Date"
"2020","DFL","Other water","2","2","B2","Days after sowing"
"2020","DFL","Other water","2","3","C2","Qin (mm)"
"2020","DFL","Other water","2","4","D2","Qout (mm)"
"2020","DFL","Other water","2","5","E2","h_lev (mm)"
"2020","DFL","Other water","2","6","F2","Rain(mm)"
"2020","DFL","Other water","2","7","G2","ETc_Adj(mm)"
"2020","DFL","Other water","2","8","H2","Delta_L"
"2020","DFL","Other water","2","9","I2","Delta_S"
"2020","DFL","Other water","2","10","J2","Perc_Bal (mm)"
"2020","DFL","Other water","2","11","K2","Qnet_meas (mm)"
"2020","DFL","Other water","2","12","L2","Perc_MODEL_havier_soil_zone (mm)"
"2020","DFL","Other water","2","14","N2","Qin (mm) and Qout (mm) are the irrigation fluxes (L/s average in the day) entering and exiting the parcel through the irrigation inlet and outlet, divided by the parcel surface (1400.30 m2). Fluxes are corrected when clear affected by errors (see paper MEDWATERICE for better explanations)."
"2020","DFL","Other water","3","1","A3","4/24/2020"
"2020","DFL","Other water","3","2","B3","0"
"2020","DFL","Other water","3","3","C3","0.00"
"2020","DFL","Other water","3","4","D3","0.00"
"2020","DFL","Other water","3","5","E3","0.00"
"2020","DFL","Other water","3","6","F3","0.000"
"2020","DFL","Other water","3","7","G3","1.763"
"2020","DFL","Other water","3","8","H3","0.000"
"2020","DFL","Other water","3","9","I3","-1.763"
"2020","DFL","Other water","3","10","J3","0.000"
"2020","DFL","Other water","3","11","K3","0.000"
"2020","DFL","Other water","3","12","L3","0.000"
"2020","DFL","Other water","3","14","N3","h_lev (mm) is the measured ponding water level in the parcel (average value during the day)"
"2020","DFL","Other water","4","1","A4","4/25/2020"
"2020","DFL","Other water","4","2","B4","1"
"2020","DFL","Other water","4","3","C4","0.00"
"2020","DFL","Other water","4","4","D4","0.00"
"2020","DFL","Other water","4","5","E4","0.00"
"2020","DFL","Other water","4","6","F4","0.000"
"2020","DFL","Other water","4","7","G4","1.777"
"2020","DFL","Other water","4","8","H4","0.000"
"2020","DFL","Other water","4","9","I4","-1.777"
"2020","DFL","Other water","4","10","J4","0.000"
"2020","DFL","Other water","4","11","K4","0.000"
"2020","DFL","Other water","4","12","L4","0.000"
"2020","DFL","Other water","4","14","N4","Rain and ETc_Adj pasted here from sheets perc_mm and ET_mm to allow an easier comparison"
"2020","DFL","Other water","5","1","A5","4/26/2020"
"2020","DFL","Other water","5","2","B5","2"
"2020","DFL","Other water","5","3","C5","0.00"
"2020","DFL","Other water","5","4","D5","0.00"
"2020","DFL","Other water","5","5","E5","0.00"
"2020","DFL","Other water","5","6","F5","0.000"
"2020","DFL","Other water","5","7","G5","1.390"
"2020","DFL","Other water","5","8","H5","0.000"
"2020","DFL","Other water","5","9","I5","-1.390"
"2020","DFL","Other water","5","10","J5","0.000"
"2020","DFL","Other water","5","11","K5","0.000"
"2020","DFL","Other water","5","12","L5","0.000"
"2020","DFL","Other water","5","14","N5","Delta L (mm) daily change in ponding water storage computed at the end of the day [end of day(i) - end of day(i-1)]"
"2020","DFL","Other water","6","1","A6","4/27/2020"
"2020","DFL","Other water","6","2","B6","3"
"2020","DFL","Other water","6","3","C6","0.00"
"2020","DFL","Other water","6","4","D6","0.00"
"2020","DFL","Other water","6","5","E6","0.00"
"2020","DFL","Other water","6","6","F6","0.000"
"2020","DFL","Other water","6","7","G6","0.814"
"2020","DFL","Other water","6","8","H6","0.000"
"2020","DFL","Other water","6","9","I6","-0.814"
"2020","DFL","Other water","6","10","J6","0.000"
"2020","DFL","Other water","6","11","K6","0.000"
"2020","DFL","Other water","6","12","L6","0.000"
"2020","DFL","Other water","6","14","N6","Delta S (mm) daily change in water stored within the soil layer above the LCL (Less Conductive Layer) computed at the end of the day [end of day(i) - end of day(i-1)]"
"2020","DFL","Other water","7","1","A7","4/28/2020"
"2020","DFL","Other water","7","2","B7","4"
"2020","DFL","Other water","7","3","C7","0.00"
"2020","DFL","Other water","7","4","D7","0.00"
"2020","DFL","Other water","7","5","E7","0.00"
"2020","DFL","Other water","7","6","F7","17.000"
"2020","DFL","Other water","7","7","G7","0.583"
"2020","DFL","Other water","7","8","H7","0.000"
"2020","DFL","Other water","7","9","I7","16.416"
"2020","DFL","Other water","7","10","J7","0.001"
"2020","DFL","Other water","7","11","K7","0.000"
"2020","DFL","Other water","7","12","L7","0.000"
"2020","DFL","Other water","7","14","N7","Qnet_meas (mm) is the net irrigation (i.e. Qin-Qout) obtained by the measured Qin and Qout (mm)"
"2020","DFL","Other water","8","1","A8","4/29/2020"
"2020","DFL","Other water","8","2","B8","5"
"2020","DFL","Other water","8","3","C8","2.79"
"2020","DFL","Other water","8","4","D8","5.35"
"2020","DFL","Other water","8","5","E8","0.00"
"2020","DFL","Other water","8","6","F8","0.400"
"2020","DFL","Other water","8","7","G8","1.671"
"2020","DFL","Other water","8","8","H8","0.000"
"2020","DFL","Other water","8","9","I8","-3.835"
"2020","DFL","Other water","8","10","J8","0.013"
"2020","DFL","Other water","8","11","K8","-2.551"
"2020","DFL","Other water","8","12","L8","0.005"
"2020","DFL","Other water","8","14","N8","Qnet_MODEL (mm) is the net irrigation (i.e. Qin-Qout) obtained by inverting the distributed Darcy model (i.e. it is the net water supply needed to close the balance; once the soil characteristics have been calibrated and Perc_MODEL has been simulated)"
"2020","DFL","Other water","9","1","A9","4/30/2020"
"2020","DFL","Other water","9","2","B9","6"
"2020","DFL","Other water","9","3","C9","0.00"
"2020","DFL","Other water","9","4","D9","0.00"
"2020","DFL","Other water","9","5","E9","0.00"
"2020","DFL","Other water","9","6","F9","0.400"
"2020","DFL","Other water","9","7","G9","0.824"
"2020","DFL","Other water","9","8","H9","0.000"
"2020","DFL","Other water","9","9","I9","-0.424"
"2020","DFL","Other water","9","10","J9","0.000"
"2020","DFL","Other water","9","11","K9","0.000"
"2020","DFL","Other water","9","12","L9","0.000"
"2020","DFL","Other water","9","14","N9","Perc_MODEL (mm) is the percolation under the LCL (Less Conductive Layer, also called hardpan, usually located under the plugged horizon), modelled with the distributed Darcy model (see MEDWATERICE paper for better explanations)."
"2020","DFL","Other water","10","1","A10","5/1/2020"
"2020","DFL","Other water","10","2","B10","7"
"2020","DFL","Other water","10","3","C10","0.00"
"2020","DFL","Other water","10","4","D10","0.00"
"2020","DFL","Other water","10","5","E10","0.00"
"2020","DFL","Other water","10","6","F10","0.200"
"2020","DFL","Other water","10","7","G10","0.967"
"2020","DFL","Other water","10","8","H10","0.000"
"2020","DFL","Other water","10","9","I10","-0.767"
"2020","DFL","Other water","10","10","J10","0.000"
"2020","DFL","Other water","10","11","K10","0.000"
"2020","DFL","Other water","10","12","L10","0.000"
"2020","DFL","Other water","10","14","N10","Perc_Bal (mm) percolation obtained from the water balance (Qnet_meas +Rain -Etc_Adj -Delta_L -Delta_S)"
"2020","DFL","Other water","11","1","A11","5/2/2020"
"2020","DFL","Other water","11","2","B11","8"
"2020","DFL","Other water","11","3","C11","0.00"
"2020","DFL","Other water","11","4","D11","0.00"
"2020","DFL","Other water","11","5","E11","0.00"
"2020","DFL","Other water","11","6","F11","0.000"
"2020","DFL","Other water","11","7","G11","1.881"
"2020","DFL","Other water","11","8","H11","0.000"
"2020","DFL","Other water","11","9","I11","-1.881"
"2020","DFL","Other water","11","10","J11","0.000"
"2020","DFL","Other water","11","11","K11","0.000"
"2020","DFL","Other water","11","12","L11","0.000"
"2020","DFL","Other water","11","14","N11","Perc_MODEL_havier_soil (mm) percolation obtained by the distributed Darcy model considering only the zone having low Ks (Ks is obtained by calibration, objective was a proxy of the difference between Qnet_model and Qnet_meas)"
"2020","DFL","Other water","12","1","A12","5/3/2020"
"2020","DFL","Other water","12","2","B12","9"
"2020","DFL","Other water","12","3","C12","0.00"
"2020","DFL","Other water","12","4","D12","0.00"
"2020","DFL","Other water","12","5","E12","0.00"
"2020","DFL","Other water","12","6","F12","0.000"
"2020","DFL","Other water","12","7","G12","2.017"
"2020","DFL","Other water","12","8","H12","0.000"
"2020","DFL","Other water","12","9","I12","-2.017"
"2020","DFL","Other water","12","10","J12","0.000"
"2020","DFL","Other water","12","11","K12","0.000"
"2020","DFL","Other water","12","12","L12","0.000"
"2020","DFL","Other water","13","1","A13","5/4/2020"
"2020","DFL","Other water","13","2","B13","10"
"2020","DFL","Other water","13","3","C13","0.00"
"2020","DFL","Other water","13","4","D13","0.00"
"2020","DFL","Other water","13","5","E13","0.00"
"2020","DFL","Other water","13","6","F13","0.000"
"2020","DFL","Other water","13","7","G13","1.696"
"2020","DFL","Other water","13","8","H13","0.000"
"2020","DFL","Other water","13","9","I13","-1.696"
"2020","DFL","Other water","13","10","J13","0.000"
"2020","DFL","Other water","13","11","K13","0.000"
"2020","DFL","Other water","13","12","L13","0.000"
"2020","DFL","Other water","13","14","N13","Entire parcel surface"
"2020","DFL","Other water","13","15","O13","1255.30"
"2020","DFL","Other water","13","16","P13","m2"
"2020","DFL","Other water","14","1","A14","5/5/2020"
"2020","DFL","Other water","14","2","B14","11"
"2020","DFL","Other water","14","3","C14","0.00"
"2020","DFL","Other water","14","4","D14","0.00"
"2020","DFL","Other water","14","5","E14","0.00"
"2020","DFL","Other water","14","6","F14","0.000"
"2020","DFL","Other water","14","7","G14","1.538"
"2020","DFL","Other water","14","8","H14","0.000"
"2020","DFL","Other water","14","9","I14","-1.538"
"2020","DFL","Other water","14","10","J14","0.000"
"2020","DFL","Other water","14","11","K14","0.000"
"2020","DFL","Other water","14","12","L14","0.000"
"2020","DFL","Other water","14","14","N14","Havier soil zone within the parcel"
"2020","DFL","Other water","14","15","O14","982.53"
"2020","DFL","Other water","14","16","P14","m2"
"2020","DFL","Other water","15","1","A15","5/6/2020"
"2020","DFL","Other water","15","2","B15","12"
"2020","DFL","Other water","15","3","C15","0.00"
"2020","DFL","Other water","15","4","D15","0.00"
"2020","DFL","Other water","15","5","E15","0.00"
"2020","DFL","Other water","15","6","F15","0.000"
"2020","DFL","Other water","15","7","G15","1.756"
"2020","DFL","Other water","15","8","H15","0.000"
"2020","DFL","Other water","15","9","I15","-1.756"
"2020","DFL","Other water","15","10","J15","0.000"
"2020","DFL","Other water","15","11","K15","0.000"
"2020","DFL","Other water","15","12","L15","0.000"
"2020","DFL","Yield+product","1","1","A1","YIELD AND PRODUCT QUALITY"
"2020","DFL","Yield+product","2","1","A2","Date"
"2020","DFL","Yield+product","2","2","B2","Plot"
"2020","DFL","Yield+product","2","3","C2","Location"
"2020","DFL","Yield+product","2","4","D2","Rice grain yield at 14% humidity (t/ha)"
"2020","DFL","Yield+product","2","5","E2","Straw yield if sold (t/ha)"
"2020","DFL","Yield+product","2","6","F2","Yield comp
Nº panic/m2"
"2020","DFL","Yield+product","2","7","G2","Yield comp
Nº of grains by panicle"
"2020","DFL","Yield+product","2","8","H2","Yield comp
Weight of 1000 grains at 14% hum (g)"
"2020","DFL","Yield+product","2","9","I2","Yield comp Harvest Index
"
"2020","DFL","Yield+product","2","10","J2","Yield comp
Sterility (%)"
"2020","DFL","Yield+product","2","11","K2","Milled rice yield (%)"
"2020","DFL","Yield+product","2","12","L2","Head rice yield (%)"
"2020","DFL","Yield+product","2","13","M2","Yield comp
Chalkiness (%)"
"2020","DFL","Yield+product","2","14","N2","Yield comp
Damaged kernels (%)"
"2020","DFL","Yield+product","2","15","O2","As(III) μg kg-1"
"2020","DFL","Yield+product","2","16","P2","DMA(V) μg kg-1"
"2020","DFL","Yield+product","2","17","Q2","MMA(V) μg kg-1"
"2020","DFL","Yield+product","2","18","R2","As(V) μg kg-1"
"2020","DFL","Yield+product","2","19","S2","As TOT μg kg-1"
"2020","DFL","Yield+product","2","20","T2","Cadmium of rice grain (μg kg-1)"
"2020","DFL","Yield+product","2","21","U2","N % content (grain)"
"2020","DFL","Yield+product","2","22","V2","N % content (straw)"
"2020","DFL","Yield+product","3","1","A3","FROM 17/09/2020 TO 30/09/2020"
"2020","DFL","Yield+product","3","2","B3","CASTELLO D'AGOGNA"
"2020","DFL","Yield+product","3","3","C3","33"
"2020","DFL","Yield+product","3","4","D3","10.5"
"2020","DFL","Yield+product","3","5","E3","-"
"2020","DFL","Yield+product","3","6","F3","637"
"2020","DFL","Yield+product","3","7","G3","96"
"2020","DFL","Yield+product","3","8","H3","28.9"
"2020","DFL","Yield+product","3","9","I3","0.58"
"2020","DFL","Yield+product","3","10","J3","17.8"
"2020","DFL","Yield+product","3","11","K3","71.1"
"2020","DFL","Yield+product","3","12","L3","67.1"
"2020","DFL","Yield+product","3","13","M3","4.68"
"2020","DFL","Yield+product","3","14","N3","2.56"
"2020","DFL","Yield+product","4","3","C4","34"
"2020","DFL","Yield+product","4","4","D4","5.72"
"2020","DFL","Yield+product","4","5","E4","-"
"2020","DFL","Yield+product","4","6","F4","377"
"2020","DFL","Yield+product","4","7","G4","94"
"2020","DFL","Yield+product","4","8","H4","30.9"
"2020","DFL","Yield+product","4","9","I4","0.58"
"2020","DFL","Yield+product","4","10","J4","8.30"
"2020","DFL","Yield+product","4","11","K4","72.4"
"2020","DFL","Yield+product","4","12","L4","62.3"
"2020","DFL","Yield+product","4","13","M4","1.44"
"2020","DFL","Yield+product","4","14","N4","0.96"
"2020","DFL","Yield+product","5","3","C5","35"
"2020","DFL","Yield+product","5","4","D5","8.16"
"2020","DFL","Yield+product","5","5","E5","-"
"2020","DFL","Yield+product","5","6","F5","577"
"2020","DFL","Yield+product","5","7","G5","88"
"2020","DFL","Yield+product","5","8","H5","29.8"
"2020","DFL","Yield+product","5","9","I5","0.58"
"2020","DFL","Yield+product","5","10","J5","12.1"
"2020","DFL","Yield+product","5","11","K5","71.3"
"2020","DFL","Yield+product","5","12","L5","66.9"
"2020","DFL","Yield+product","5","13","M5","3.72"
"2020","DFL","Yield+product","5","14","N5","2.08"
"2020","DFL","Yield+product","6","3","C6","36"
"2020","DFL","Yield+product","6","4","D6","10.7"
"2020","DFL","Yield+product","6","5","E6","-"
"2020","DFL","Yield+product","6","6","F6","617"
"2020","DFL","Yield+product","6","7","G6","105"
"2020","DFL","Yield+product","6","8","H6","28.9"
"2020","DFL","Yield+product","6","9","I6","0.58"
"2020","DFL","Yield+product","6","10","J6","17.9"
"2020","DFL","Yield+product","6","11","K6","71.4"
"2020","DFL","Yield+product","6","12","L6","67.6"
"2020","DFL","Yield+product","6","13","M6","4.74"
"2020","DFL","Yield+product","6","14","N6","3.06"
"2020","DFL","Yield+product","6","15","O6","201"
"2020","DFL","Yield+product","6","16","P6","87"
"2020","DFL","Yield+product","6","17","Q6","2"
"2020","DFL","Yield+product","6","18","R6","4"
"2020","DFL","Yield+product","6","19","S6","293"
"2020","DFL","Yield+product","6","20","T6","6"
"2020","DFL","Yield+product","7","3","C7","37"
"2020","DFL","Yield+product","7","4","D7","10.4"
"2020","DFL","Yield+product","7","5","E7","-"
"2020","DFL","Yield+product","7","6","F7","591"
"2020","DFL","Yield+product","7","7","G7","93"
"2020","DFL","Yield+product","7","8","H7","29.0"
"2020","DFL","Yield+product","7","9","I7","0.57"
"2020","DFL","Yield+product","7","10","J7","17.5"
"2020","DFL","Yield+product","7","11","K7","71.2"
"2020","DFL","Yield+product","7","12","L7","67.0"
"2020","DFL","Yield+product","7","13","M7","4.12"
"2020","DFL","Yield+product","7","14","N7","1.88"
"2020","DFL","Yield+product","8","3","C8","38"
"2020","DFL","Yield+product","8","4","D8","5.77"
"2020","DFL","Yield+product","8","5","E8","-"
"2020","DFL","Yield+product","8","6","F8","403"
"2020","DFL","Yield+product","8","7","G8","100"
"2020","DFL","Yield+product","8","8","H8","30.5"
"2020","DFL","Yield+product","8","9","I8","0.59"
"2020","DFL","Yield+product","8","10","J8","8.32"
"2020","DFL","Yield+product","8","11","K8","72.4"
"2020","DFL","Yield+product","8","12","L8","64.1"
"2020","DFL","Yield+product","8","13","M8","2.36"
"2020","DFL","Yield+product","8","14","N8","1.72"
"2020","DFL","Yield+product","9","3","C9","39"
"2020","DFL","Yield+product","9","4","D9","8.61"
"2020","DFL","Yield+product","9","5","E9","-"
"2020","DFL","Yield+product","9","6","F9","537"
"2020","DFL","Yield+product","9","7","G9","87"
"2020","DFL","Yield+product","9","8","H9","30.3"
"2020","DFL","Yield+product","9","9","I9","0.60"
"2020","DFL","Yield+product","9","10","J9","12.0"
"2020","DFL","Yield+product","9","11","K9","71.7"
"2020","DFL","Yield+product","9","12","L9","67.4"
"2020","DFL","Yield+product","9","13","M9","3.68"
"2020","DFL","Yield+product","9","14","N9","2.40"
"2020","DFL","Yield+product","10","3","C10","40"
"2020","DFL","Yield+product","10","4","D10","11.0"
"2020","DFL","Yield+product","10","5","E10","-"
"2020","DFL","Yield+product","10","6","F10","654"
"2020","DFL","Yield+product","10","7","G10","87"
"2020","DFL","Yield+product","10","8","H10","29.3"
"2020","DFL","Yield+product","10","9","I10","0.56"
"2020","DFL","Yield+product","10","10","J10","14.3"
"2020","DFL","Yield+product","10","11","K10","71.0"
"2020","DFL","Yield+product","10","12","L10","67.3"
"2020","DFL","Yield+product","10","13","M10","4.32"
"2020","DFL","Yield+product","10","14","N10","1.48"
"2020","DFL","Yield+product","10","15","O10","205"
"2020","DFL","Yield+product","10","16","P10","98"
"2020","DFL","Yield+product","10","17","Q10","2"
"2020","DFL","Yield+product","10","18","R10","6"
"2020","DFL","Yield+product","10","19","S10","310"
"2020","DFL","Yield+product","10","20","T10","4"
"2020","DFL","Yield+product","11","3","C11","41"
"2020","DFL","Yield+product","11","4","D11","10.0"
"2020","DFL","Yield+product","11","5","E11","-"
"2020","DFL","Yield+product","11","6","F11","663"
"2020","DFL","Yield+product","11","7","G11","102"
"2020","DFL","Yield+product","11","8","H11","28.6"
"2020","DFL","Yield+product","11","9","I11","0.57"
"2020","DFL","Yield+product","11","10","J11","27.1"
"2020","DFL","Yield+product","11","11","K11","70.7"
"2020","DFL","Yield+product","11","12","L11","66.1"
"2020","DFL","Yield+product","11","13","M11","5.12"
"2020","DFL","Yield+product","11","14","N11","1.40"
"2020","DFL","Yield+product","12","3","C12","42"
"2020","DFL","Yield+product","12","4","D12","5.54"
"2020","DFL","Yield+product","12","5","E12","-"
"2020","DFL","Yield+product","12","6","F12","409"
"2020","DFL","Yield+product","12","7","G12","92"
"2020","DFL","Yield+product","12","8","H12","30.8"
"2020","DFL","Yield+product","12","9","I12","0.55"
"2020","DFL","Yield+product","12","10","J12","7.70"
"2020","DFL","Yield+product","12","11","K12","71.0"
"2020","DFL","Yield+product","12","12","L12","60.7"
"2020","DFL","Yield+product","12","13","M12","0.72"
"2020","DFL","Yield+product","12","14","N12","0.56"
"2020","DFL","Yield+product","13","3","C13","43"
"2020","DFL","Yield+product","13","4","D13","8.44"
"2020","DFL","Yield+product","13","5","E13","-"
"2020","DFL","Yield+product","13","6","F13","612"
"2020","DFL","Yield+product","13","7","G13","85"
"2020","DFL","Yield+product","13","8","H13","29.6"
"2020","DFL","Yield+product","13","9","I13","0.58"
"2020","DFL","Yield+product","13","10","J13","16.3"
"2020","DFL","Yield+product","13","11","K13","71.6"
"2020","DFL","Yield+product","13","12","L13","67.0"
"2020","DFL","Yield+product","13","13","M13","4.00"
"2020","DFL","Yield+product","13","14","N13","0.88"
"2020","DFL","Yield+product","14","3","C14","44"
"2020","DFL","Yield+product","14","4","D14","10.3"
"2020","DFL","Yield+product","14","5","E14","-"
"2020","DFL","Yield+product","14","6","F14","709"
"2020","DFL","Yield+product","14","7","G14","90"
"2020","DFL","Yield+product","14","8","H14","29.1"
"2020","DFL","Yield+product","14","9","I14","0.55"
"2020","DFL","Yield+product","14","10","J14","18.9"
"2020","DFL","Yield+product","14","11","K14","71.4"
"2020","DFL","Yield+product","14","12","L14","67.9"
"2020","DFL","Yield+product","14","13","M14","4.44"
"2020","DFL","Yield+product","14","14","N14","1.72"
"2020","DFL","Yield+product","14","15","O14","218"
"2020","DFL","Yield+product","14","16","P14","86"
"2020","DFL","Yield+product","14","17","Q14","2"
"2020","DFL","Yield+product","14","18","R14","3"
"2020","DFL","Yield+product","14","19","S14","309"
"2020","DFL","Yield+product","14","20","T14","10"
"2020","DFL","Yield+product","15","3","C15","45"
"2020","DFL","Yield+product","15","4","D15","10.4"
"2020","DFL","Yield+product","15","5","E15","-"
"2020","DFL","Yield+product","15","6","F15","597"
"2020","DFL","Yield+product","15","7","G15","101"
"2020","DFL","Yield+product","15","8","H15","29.0"
"2020","DFL","Yield+product","15","9","I15","0.56"
"2020","DFL","Yield+product","15","10","J15","20.7"
"2020","DFL","Yield+product","15","11","K15","71.3"
"2020","DFL","Yield+product","15","12","L15","67.3"
"2020","DFL","Yield+product","15","13","M15","3.28"
"2020","DFL","Yield+product","15","14","N15","1.64"
"2020","WFL","Groundwater","1","1","A1","GROUNDWATER"
"2020","WFL","Groundwater","2","1","A2","Date"
"2020","WFL","Groundwater","2","2","B2","Days after sowing"
"2020","WFL","Groundwater","2","3","C2","Depth (cm) PIEZOMETER P6
"
"2020","WFL","Groundwater","2","4","D2","Depth (cm) PIEZOMETER P8
"
"2020","WFL","Groundwater","2","5","E2","Depth (cm) PIEZOMETER P9
"
"2020","WFL","Groundwater","2","6","F2","Salinity (dS/m)
"
"2020","WFL","Groundwater","2","7","G2","Salinity (dS/m)
"
"2020","WFL","Groundwater","2","8","H2","Salinity (dS/m)
"
"2020","WFL","Groundwater","2","9","I2","N-NO3 (mg/l) PIEZOMETER P6
"
"2020","WFL","Groundwater","2","10","J2","N-NO3 (mg/l) PIEZOMETER P8
"
"2020","WFL","Groundwater","2","11","K2","N-NO3 (mg/l) PIEZOMETER P9
"
"2020","WFL","Groundwater","2","12","L2","N-NO2 (mg/l) PIEZOMETER
P6"
"2020","WFL","Groundwater","2","13","M2","N-NO2 (mg/l)
PIEZOMETER P8"
"2020","WFL","Groundwater","2","14","N2","N-NO2 (mg/l)
PIEZOMETER P9"
"2020","WFL","Groundwater","2","15","O2","N-UREA (mg/l) PIEZOMETER 6"
"2020","WFL","Groundwater","2","16","P2","N-UREA (mg/l) PIEZOMETER 8"
"2020","WFL","Groundwater","2","17","Q2","N-UREA (mg/l) PIEZOMETER 9"
"2020","WFL","Groundwater","2","18","R2","N-NH3 (mg/l)
PIEZOMETER P6"
"2020","WFL","Groundwater","2","19","S2","N-NH3 (mg/l)
PIEZOMETER P8"
"2020","WFL","Groundwater","2","20","T2","N-NH3 (mg/l) PIEZOMETER
P9"
"2020","WFL","Groundwater","2","21","U2","N-TOT (mg/l) PIEZOMETER
P6"
"2020","WFL","Groundwater","2","22","V2","N-TOT (mg/l) PIEZOMETER
P8"
"2020","WFL","Groundwater","2","23","W2","N-TOT (mg/l) PIEZOMETER
P9"
"2020","WFL","Groundwater","2","24","X2","P-PO4 (mg/l) PIEZOMETER 6"
"2020","WFL","Groundwater","2","25","Y2","P-PO4 (mg/l) PIEZOMETER "
"2020","WFL","Groundwater","2","26","Z2","P-PO4 (mg/l) PIEZOMETER 9"
"2020","WFL","Groundwater","2","27","AA2","K (mg/l) PIEZOMETER 6"
"2020","WFL","Groundwater","2","28","AB2","K (mg/l) PIEZOMETER 8"
"2020","WFL","Groundwater","2","29","AC2","K (mg/l) PIEZOMETER 9"
"2020","WFL","Groundwater","2","30","AD2","Arsenic (mg/L)
"
"2020","WFL","Groundwater","2","31","AE2","Arsenic (mg/L)
"
"2020","WFL","Groundwater","2","32","AF2","Arsenic (mg/L)
"
"2020","WFL","Groundwater","2","33","AG2","Cadmium (mg/L)
"
"2020","WFL","Groundwater","2","34","AH2","Cadmium (mg/L)
"
"2020","WFL","Groundwater","2","35","AI2","Cadmium (mg/L)
"
"2020","WFL","Groundwater","2","36","AJ2","Pesticides content: MCPA (µg/L)  PIEZOMETER P6
"
"2020","WFL","Groundwater","2","37","AK2","Pesticides content: MCPA (µg/L) PIEZOMETER P8
"
"2020","WFL","Groundwater","2","38","AL2","Pesticides content: MCPA (µg/L) PIEZOMETER P9
"
"2020","WFL","Groundwater","2","39","AM2","Pesticides content: Clomazone  (µg/L)  PIEZOMETER P6
"
"2020","WFL","Groundwater","2","40","AN2","Pesticides content: Clomazone  (µg/L) PIEZOMETER P8
"
"2020","WFL","Groundwater","2","41","AO2","Pesticides content: Clomazone (µg/L) PIEZOMETER P9
"
"2020","WFL","Groundwater","3","1","A3","4/23/2020"
"2020","WFL","Groundwater","3","2","B3","-15"
"2020","WFL","Groundwater","3","9","I3","< LOQ"
"2020","WFL","Groundwater","3","10","J3","2.010"
"2020","WFL","Groundwater","3","11","K3","1.620"
"2020","WFL","Groundwater","3","13","M3","0.263"
"2020","WFL","Groundwater","3","14","N3","0.352"
"2020","WFL","Groundwater","3","16","P3","0.178"
"2020","WFL","Groundwater","3","17","Q3","0.000"
"2020","WFL","Groundwater","3","18","R3","0.129"
"2020","WFL","Groundwater","3","19","S3","1.340"
"2020","WFL","Groundwater","3","20","T3","2.130"
"2020","WFL","Groundwater","3","21","U3","0.129"
"2020","WFL","Groundwater","3","22","V3","3.791"
"2020","WFL","Groundwater","3","23","W3","4.102"
"2020","WFL","Groundwater","3","24","X3","< LOQ"
"2020","WFL","Groundwater","3","25","Y3","< LOQ"
"2020","WFL","Groundwater","3","26","Z3","6.310"
"2020","WFL","Groundwater","3","27","AA3","< LOQ"
"2020","WFL","Groundwater","3","28","AB3","< LOQ"
"2020","WFL","Groundwater","3","29","AC3","< LOQ"
"2020","WFL","Groundwater","3","36","AJ3","< LOQ"
"2020","WFL","Groundwater","3","37","AK3","< LOQ"
"2020","WFL","Groundwater","3","38","AL3","0.022"
"2020","WFL","Groundwater","3","39","AM3","< LOQ"
"2020","WFL","Groundwater","3","40","AN3","< LOQ"
"2020","WFL","Groundwater","3","41","AO3","< LOQ"
"2020","WFL","Groundwater","4","1","A4","4/24/2020"
"2020","WFL","Groundwater","4","2","B4","-14"
"2020","WFL","Groundwater","5","1","A5","4/25/2020"
"2020","WFL","Groundwater","5","2","B5","-13"
"2020","WFL","Groundwater","6","1","A6","4/26/2020"
"2020","WFL","Groundwater","6","2","B6","-12"
"2020","WFL","Groundwater","7","1","A7","4/27/2020"
"2020","WFL","Groundwater","7","2","B7","-11"
"2020","WFL","Groundwater","8","1","A8","4/28/2020"
"2020","WFL","Groundwater","8","2","B8","-10"
"2020","WFL","Groundwater","9","1","A9","4/29/2020"
"2020","WFL","Groundwater","9","2","B9","-9"
"2020","WFL","Groundwater","10","1","A10","4/30/2020"
"2020","WFL","Groundwater","10","2","B10","-8"
"2020","WFL","Groundwater","11","1","A11","5/1/2020"
"2020","WFL","Groundwater","11","2","B11","-7"
"2020","WFL","Groundwater","12","1","A12","5/2/2020"
"2020","WFL","Groundwater","12","2","B12","-6"
"2020","WFL","Groundwater","13","1","A13","5/3/2020"
"2020","WFL","Groundwater","13","2","B13","-5"
"2020","WFL","Groundwater","14","1","A14","5/4/2020"
"2020","WFL","Groundwater","14","2","B14","-4"
"2020","WFL","Groundwater","14","9","I14","< LOQ"
"2020","WFL","Groundwater","14","10","J14","< LOQ"
"2020","WFL","Groundwater","14","11","K14","1.480"
"2020","WFL","Groundwater","14","12","L14","0.182"
"2020","WFL","Groundwater","14","13","M14","0.109"
"2020","WFL","Groundwater","14","14","N14","0.109"
"2020","WFL","Groundwater","14","15","O14","0.160"
"2020","WFL","Groundwater","14","16","P14","0.139"
"2020","WFL","Groundwater","14","17","Q14","0.364"
"2020","WFL","Groundwater","14","18","R14","0.118"
"2020","WFL","Groundwater","14","19","S14","0.484"
"2020","WFL","Groundwater","14","20","T14","0.966"
"2020","WFL","Groundwater","14","21","U14","0.460"
"2020","WFL","Groundwater","14","22","V14","0.732"
"2020","WFL","Groundwater","14","23","W14","2.919"
"2020","WFL","Groundwater","14","24","X14","< LOQ"
"2020","WFL","Groundwater","14","25","Y14","< LOQ"
"2020","WFL","Groundwater","14","26","Z14","< LOQ"
"2020","WFL","Groundwater","14","27","AA14","0.312"
"2020","WFL","Groundwater","14","28","AB14","0.843"
"2020","WFL","Groundwater","14","29","AC14","0.438"
"2020","WFL","Groundwater","14","36","AJ14","0.238"
"2020","WFL","Groundwater","14","37","AK14","0.008"
"2020","WFL","Groundwater","14","38","AL14","< LOQ"
"2020","WFL","Groundwater","14","39","AM14","< LOQ"
"2020","WFL","Groundwater","14","40","AN14","< LOQ"
"2020","WFL","Groundwater","14","41","AO14","< LOQ"
"2020","WFL","Groundwater","15","1","A15","5/5/2020"
"2020","WFL","Groundwater","15","2","B15","-3"
"2020","WFL","Irrig","1","1","A1","IRRIGATION"
"2020","WFL","Irrig","2","1","A2","Date"
"2020","WFL","Irrig","2","2","B2","Days after sowing"
"2020","WFL","Irrig","2","3","C2","Irrig inflow (mm)
E1 (Flowmeter at inlet)"
"2020","WFL","Irrig","2","4","D2","Irrig outflow (mm)
 U3 (flowmeter at outlet)"
"2020","WFL","Irrig","2","5","E2","Irrig water salinity (dS/m)"
"2020","WFL","Irrig","2","6","F2","Irrig water ponding water level in the field (mm)"
"2020","WFL","Irrig","2","7","G2","Sampling point for nutrients (N, P, K) and pesticides (MCPA, Clomazone) analysis                                                                                                                                                                                                                                                              E(in): irrigation inlet                                                                                                                                                                                                                                                                                                  U(out): irrigation outlet"
"2020","WFL","Irrig","2","8","H2","Arsenic (mg/L)"
"2020","WFL","Irrig","2","9","I2","Cadmium (mg/L)"
"2020","WFL","Irrig","2","10","J2","N-NO3 (mg/l)"
"2020","WFL","Irrig","2","11","K2","N-NO2 (mg/l)"
"2020","WFL","Irrig","2","12","L2","N-UREA (mg/l)"
"2020","WFL","Irrig","2","13","M2","N-NH3 (mg/l)"
"2020","WFL","Irrig","2","14","N2","N-TOT (mg/l)"
"2020","WFL","Irrig","2","15","O2","P-PO4 (mg/l)"
"2020","WFL","Irrig","2","16","P2","K (mg/l)"
"2020","WFL","Irrig","2","17","Q2","Pesticides content: MCPA (µg/L) inflow (E1)"
"2020","WFL","Irrig","2","18","R2","Pesticides content: Clomazone (µg/L) inflow (E1)"
"2020","WFL","Irrig","2","19","S2","Pesticides content: MCPA (µg/L) outflow (U3)"
"2020","WFL","Irrig","2","20","T2","Pesticides content: Clomazone (µg/L) outflow (U3)"
"2020","WFL","Irrig","3","3","C3","0"
"2020","WFL","Irrig","3","4","D3","0"
"2020","WFL","Irrig","3","6","F3","0"
"2020","WFL","Irrig","4","1","A4","5/7/2020"
"2020","WFL","Irrig","4","2","B4","-1"
"2020","WFL","Irrig","4","3","C4","160.501"
"2020","WFL","Irrig","4","4","D4","0.027"
"2020","WFL","Irrig","4","6","F4","56.17"
"2020","WFL","Irrig","4","7","G4","E"
"2020","WFL","Irrig","4","10","J4","6.77"
"2020","WFL","Irrig","4","11","K4","0.1490819"
"2020","WFL","Irrig","4","12","L4","0.1377092"
"2020","WFL","Irrig","4","13","M4","2.03"
"2020","WFL","Irrig","4","14","N4","9.0867911"
"2020","WFL","Irrig","4","15","O4","<LOQ"
"2020","WFL","Irrig","4","16","P4","0.372"
"2020","WFL","Irrig","4","17","Q4","< LOQ"
"2020","WFL","Irrig","4","18","R4","< LOQ"
"2020","WFL","Irrig","5","1","A5","5/8/2020"
"2020","WFL","Irrig","5","2","B5","0"
"2020","WFL","Irrig","5","3","C5","38.782"
"2020","WFL","Irrig","5","4","D5","8.540"
"2020","WFL","Irrig","5","6","F5","72.67"
"2020","WFL","Irrig","6","1","A6","5/9/2020"
"2020","WFL","Irrig","6","2","B6","1"
"2020","WFL","Irrig","6","3","C6","39.440"
"2020","WFL","Irrig","6","4","D6","15.095"
"2020","WFL","Irrig","6","6","F6","68.84"
"2020","WFL","Irrig","7","1","A7","5/10/2020"
"2020","WFL","Irrig","7","2","B7","2"
"2020","WFL","Irrig","7","3","C7","31.572"
"2020","WFL","Irrig","7","4","D7","14.683"
"2020","WFL","Irrig","7","6","F7","70.68"
"2020","WFL","Irrig","8","1","A8","5/11/2020"
"2020","WFL","Irrig","8","2","B8","3"
"2020","WFL","Irrig","8","3","C8","26.833"
"2020","WFL","Irrig","8","4","D8","33.851"
"2020","WFL","Irrig","8","6","F8","72.73"
"2020","WFL","Irrig","9","1","A9","5/12/2020"
"2020","WFL","Irrig","9","2","B9","4"
"2020","WFL","Irrig","9","3","C9","21.615"
"2020","WFL","Irrig","9","4","D9","13.536"
"2020","WFL","Irrig","9","6","F9","72.90"
"2020","WFL","Irrig","10","1","A10","5/13/2020"
"2020","WFL","Irrig","10","2","B10","5"
"2020","WFL","Irrig","10","3","C10","36.353"
"2020","WFL","Irrig","10","4","D10","13.944"
"2020","WFL","Irrig","10","6","F10","77.09"
"2020","WFL","Irrig","11","1","A11","5/14/2020"
"2020","WFL","Irrig","11","2","B11","6"
"2020","WFL","Irrig","11","3","C11","36.181"
"2020","WFL","Irrig","11","4","D11","35.145"
"2020","WFL","Irrig","11","6","F11","117.32"
"2020","WFL","Irrig","12","1","A12","5/15/2020"
"2020","WFL","Irrig","12","2","B12","7"
"2020","WFL","Irrig","12","3","C12","20.060"
"2020","WFL","Irrig","12","4","D12","159.547"
"2020","WFL","Irrig","12","6","F12","0.00"
"2020","WFL","Irrig","12","7","G12","U3"
"2020","WFL","Irrig","12","10","J12","1.97"
"2020","WFL","Irrig","12","11","K12","0.149"
"2020","WFL","Irrig","12","12","L12","0.05"
"2020","WFL","Irrig","12","13","M12","0.112"
"2020","WFL","Irrig","12","14","N12","2.28"
"2020","WFL","Irrig","12","15","O12","<LOQ"
"2020","WFL","Irrig","12","16","P12","<LOQ"
"2020","WFL","Irrig","12","19","S12","0.04"
"2020","WFL","Irrig","12","20","T12","0.15"
"2020","WFL","Irrig","13","1","A13","5/16/2020"
"2020","WFL","Irrig","13","2","B13","8"
"2020","WFL","Irrig","13","3","C13","0.000"
"2020","WFL","Irrig","13","4","D13","0.010"
"2020","WFL","Irrig","13","6","F13","0.00"
"2020","WFL","Irrig","14","1","A14","5/17/2020"
"2020","WFL","Irrig","14","2","B14","9"
"2020","WFL","Irrig","14","3","C14","0.000"
"2020","WFL","Irrig","14","4","D14","0.009"
"2020","WFL","Irrig","14","6","F14","0.00"
"2020","WFL","Irrig","15","1","A15","5/18/2020"
"2020","WFL","Irrig","15","2","B15","10"
"2020","WFL","Irrig","15","3","C15","0.000"
"2020","WFL","Irrig","15","4","D15","0.003"
"2020","WFL","Irrig","15","6","F15","0.00"
"2020","WFL","Managem oper","1","1","A1","SOIL, CROP AND IRRIGATION MANAGEMENT OPERATIONS"
"2020","WFL","Managem oper","2","1","A2","Year and plot"
"2020","WFL","Managem oper","2","2","B2","-"
"2020","WFL","Managem oper","2","3","C2","2020 Castello d'Agogna"
"2020","WFL","Managem oper","3","1","A3","Puddling"
"2020","WFL","Managem oper","3","2","B3","Date"
"2020","WFL","Managem oper","4","2","B4","Depth"
"2020","WFL","Managem oper","5","1","A5","Ploughing"
"2020","WFL","Managem oper","5","2","B5","Date"
"2020","WFL","Managem oper","5","3","C5","4/1/2020"
"2020","WFL","Managem oper","6","2","B6","Depth (cm)"
"2020","WFL","Managem oper","6","3","C6","25"
"2020","WFL","Managem oper","7","1","A7","Levelling"
"2020","WFL","Managem oper","7","2","B7","Date"
"2020","WFL","Managem oper","7","3","C7","4/6/2020"
"2020","WFL","Managem oper","8","2","B8","Technique"
"2020","WFL","Managem oper","8","3","C8","Laser"
"2020","WFL","Managem oper","9","1","A9","Harrowing 1"
"2020","WFL","Managem oper","9","2","B9","Date"
"2020","WFL","Managem oper","9","3","C9","5/5/2020"
"2020","WFL","Managem oper","10","2","B10","Depth (cm)"
"2020","WFL","Managem oper","10","3","C10","10"
"2020","WFL","Managem oper","11","1","A11","Sowing"
"2020","WFL","Managem oper","11","2","B11","Date"
"2020","WFL","Managem oper","11","3","C11","5/8/2020"
"2020","WFL","Managem oper","12","2","B12","Variety"
"2020","WFL","Managem oper","12","3","C12","Centauro"
"2020","WFL","Managem oper","13","2","B13","Rate (kg/ha)"
"2020","WFL","Managem oper","13","3","C13","150"
"2020","WFL","Managem oper","14","1","A14","Fertilization base"
"2020","WFL","Managem oper","14","2","B14","Date"
"2020","WFL","Managem oper","14","3","C14","5/5/2020"
"2020","WFL","Managem oper","15","2","B15","N (kg/ha)"
"2020","WFL","Managem oper","15","3","C15","0 kg/ha for 0 N thesis                                                    
40 kg/ha (40% of N application) for 100 N thesis 
64 kg/ha (40% of N application) for 160 N thesis"
"2020","WFL","Other water","1","1","A1","OTHER WATER (OR NUTRIENT, OR PESTICIDE) BALANCE COMPONENTS"
"2020","WFL","Other water","2","1","A2","DATE"
"2020","WFL","Other water","2","2","B2","Qin (mm)"
"2020","WFL","Other water","2","3","C2","Qout (mm)"
"2020","WFL","Other water","2","4","D2","h_lev (mm)"
"2020","WFL","Other water","2","5","E2","Rain(mm)"
"2020","WFL","Other water","2","6","F2","ETc_Adj(mm)"
"2020","WFL","Other water","2","7","G2","Delta_L (mm)"
"2020","WFL","Other water","2","8","H2","Delta_S (mm)"
"2020","WFL","Other water","2","9","I2","Perc_Bal (mm)"
"2020","WFL","Other water","2","10","J2","Qnet_meas (mm)"
"2020","WFL","Other water","2","11","K2","Perc_MODEL_havier_soil_zone (mm)"
"2020","WFL","Other water","2","13","M2","Qin (mm) and Qout (mm) are the irrigation fluxes (L/s average in the day) entering and exiting the parcel through the irrigation inlet and outlet, divided by the parcel surface (1400.30 m2). Fluxes are corrected when clear affected by errors (see paper MEDWATERICE for better explanations)."
"2020","WFL","Other water","3","1","A3","5/6/2020"
"2020","WFL","Other water","3","2","B3","0.00"
"2020","WFL","Other water","3","3","C3","0.00"
"2020","WFL","Other water","3","4","D3","0.00"
"2020","WFL","Other water","3","5","E3","0.00"
"2020","WFL","Other water","3","6","F3","0.49"
"2020","WFL","Other water","3","7","G3","0.00"
"2020","WFL","Other water","3","8","H3","-0.49"
"2020","WFL","Other water","3","9","I3","0.000"
"2020","WFL","Other water","3","10","J3","0.000"
"2020","WFL","Other water","3","11","K3","0.00000"
"2020","WFL","Other water","3","13","M3","h_lev (mm) is the measured ponding water level in the parcel (average value during the day)"
"2020","WFL","Other water","4","1","A4","5/7/2020"
"2020","WFL","Other water","4","2","B4","160.50"
"2020","WFL","Other water","4","3","C4","0.03"
"2020","WFL","Other water","4","4","D4","56.17"
"2020","WFL","Other water","4","5","E4","0.00"
"2020","WFL","Other water","4","6","F4","1.40"
"2020","WFL","Other water","4","7","G4","56.17"
"2020","WFL","Other water","4","8","H4","97.90"
"2020","WFL","Other water","4","9","I4","5.011"
"2020","WFL","Other water","4","10","J4","160.474"
"2020","WFL","Other water","4","11","K4","0.00150"
"2020","WFL","Other water","4","13","M4","Rain and ETc_Adj pasted here from sheets perc_mm and ET_mm to allow an easier comparison"
"2020","WFL","Other water","5","1","A5","5/8/2020"
"2020","WFL","Other water","5","2","B5","38.78"
"2020","WFL","Other water","5","3","C5","8.54"
"2020","WFL","Other water","5","4","D5","72.67"
"2020","WFL","Other water","5","5","E5","0.00"
"2020","WFL","Other water","5","6","F5","5.79"
"2020","WFL","Other water","5","7","G5","16.51"
"2020","WFL","Other water","5","8","H5","0.00"
"2020","WFL","Other water","5","9","I5","7.947"
"2020","WFL","Other water","5","10","J5","30.242"
"2020","WFL","Other water","5","11","K5","0.00450"
"2020","WFL","Other water","5","13","M5","Delta L (mm) daily change in ponding water storage computed at the end of the day [end of day(i) - end of day(i-1)]"
"2020","WFL","Other water","6","1","A6","5/9/2020"
"2020","WFL","Other water","6","2","B6","39.44"
"2020","WFL","Other water","6","3","C6","15.10"
"2020","WFL","Other water","6","4","D6","68.84"
"2020","WFL","Other water","6","5","E6","0.00"
"2020","WFL","Other water","6","6","F6","6.61"
"2020","WFL","Other water","6","7","G6","-3.83"
"2020","WFL","Other water","6","8","H6","0.00"
"2020","WFL","Other water","6","9","I6","21.566"
"2020","WFL","Other water","6","10","J6","24.345"
"2020","WFL","Other water","6","11","K6","0.00456"
"2020","WFL","Other water","6","13","M6","Delta S (mm) daily change in water stored within the soil layer above the LCL (Less Conductive Layer) computed at the end of the day [end of day(i) - end of day(i-1)]"
"2020","WFL","Other water","7","1","A7","5/10/2020"
"2020","WFL","Other water","7","2","B7","31.57"
"2020","WFL","Other water","7","3","C7","14.68"
"2020","WFL","Other water","7","4","D7","70.68"
"2020","WFL","Other water","7","5","E7","4.00"
"2020","WFL","Other water","7","6","F7","4.51"
"2020","WFL","Other water","7","7","G7","1.84"
"2020","WFL","Other water","7","8","H7","0.00"
"2020","WFL","Other water","7","9","I7","14.539"
"2020","WFL","Other water","7","10","J7","16.889"
"2020","WFL","Other water","7","11","K7","0.00456"
"2020","WFL","Other water","7","13","M7","Qnet_meas (mm) is the net irrigation (i.e. Qin-Qout) obtained by the measured Qin and Qout (mm)"
"2020","WFL","Other water","8","1","A8","5/11/2020"
"2020","WFL","Other water","8","2","B8","26.83"
"2020","WFL","Other water","8","3","C8","33.85"
"2020","WFL","Other water","8","4","D8","72.73"
"2020","WFL","Other water","8","5","E8","21.20"
"2020","WFL","Other water","8","6","F8","1.39"
"2020","WFL","Other water","8","7","G8","2.06"
"2020","WFL","Other water","8","8","H8","0.00"
"2020","WFL","Other water","8","9","I8","10.738"
"2020","WFL","Other water","8","10","J8","-7.019"
"2020","WFL","Other water","8","11","K8","0.00457"
"2020","WFL","Other water","8","13","M8","Qnet_MODEL (mm) is the net irrigation (i.e. Qin-Qout) obtained by inverting the distributed Darcy model (i.e. it is the net water supply needed to close the balance; once the soil characteristics have been calibrated and Perc_MODEL has been simulated)"
"2020","WFL","Other water","9","1","A9","5/12/2020"
"2020","WFL","Other water","9","2","B9","21.62"
"2020","WFL","Other water","9","3","C9","13.54"
"2020","WFL","Other water","9","4","D9","72.90"
"2020","WFL","Other water","9","5","E9","0.00"
"2020","WFL","Other water","9","6","F9","4.39"
"2020","WFL","Other water","9","7","G9","0.16"
"2020","WFL","Other water","9","8","H9","0.00"
"2020","WFL","Other water","9","9","I9","3.523"
"2020","WFL","Other water","9","10","J9","8.080"
"2020","WFL","Other water","9","11","K9","0.00456"
"2020","WFL","Other water","9","13","M9","Perc_MODEL (mm) is the percolation under the LCL (Less Conductive Layer, also called hardpan, usually located under the plugged horizon), modelled with the distributed Darcy model (see MEDWATERICE paper for better explanations)."
"2020","WFL","Other water","10","1","A10","5/13/2020"
"2020","WFL","Other water","10","2","B10","36.35"
"2020","WFL","Other water","10","3","C10","13.94"
"2020","WFL","Other water","10","4","D10","77.09"
"2020","WFL","Other water","10","5","E10","3.00"
"2020","WFL","Other water","10","6","F10","0.68"
"2020","WFL","Other water","10","7","G10","4.19"
"2020","WFL","Other water","10","8","H10","0.00"
"2020","WFL","Other water","10","9","I10","20.545"
"2020","WFL","Other water","10","10","J10","22.409"
"2020","WFL","Other water","10","11","K10","0.00456"
"2020","WFL","Other water","10","13","M10","Perc_Bal (mm) percolation obtained from the water balance (Qnet_meas +Rain -Etc_Adj -Delta_L -Delta_S)"
"2020","WFL","Other water","11","1","A11","5/14/2020"
"2020","WFL","Other water","11","2","B11","36.18"
"2020","WFL","Other water","11","3","C11","35.15"
"2020","WFL","Other water","11","4","D11","117.32"
"2020","WFL","Other water","11","5","E11","56.00"
"2020","WFL","Other water","11","6","F11","3.92"
"2020","WFL","Other water","11","7","G11","40.24"
"2020","WFL","Other water","11","8","H11","0.00"
"2020","WFL","Other water","11","9","I11","12.877"
"2020","WFL","Other water","11","10","J11","1.035"
"2020","WFL","Other water","11","11","K11","0.00457"
"2020","WFL","Other water","11","13","M11","Perc_MODEL_havier_soil (mm) percolation obtained by the distributed Darcy model considering only the zone having low Ks (Ks is obtained by calibration, objective was a proxy of the difference between Qnet_model and Qnet_meas)"
"2020","WFL","Other water","12","1","A12","5/15/2020"
"2020","WFL","Other water","12","2","B12","20.06"
"2020","WFL","Other water","12","3","C12","159.55"
"2020","WFL","Other water","12","4","D12","0.00"
"2020","WFL","Other water","12","5","E12","23.60"
"2020","WFL","Other water","12","6","F12","3.03"
"2020","WFL","Other water","12","7","G12","-117.32"
"2020","WFL","Other water","12","8","H12","-19.00"
"2020","WFL","Other water","12","9","I12","17.405"
"2020","WFL","Other water","12","10","J12","-139.487"
"2020","WFL","Other water","12","11","K12","0.00805"
"2020","WFL","Other water","13","1","A13","5/16/2020"
"2020","WFL","Other water","13","2","B13","0.00"
"2020","WFL","Other water","13","3","C13","0.01"
"2020","WFL","Other water","13","4","D13","0.00"
"2020","WFL","Other water","13","5","E13","1.40"
"2020","WFL","Other water","13","6","F13","1.21"
"2020","WFL","Other water","13","7","G13","0.00"
"2020","WFL","Other water","13","8","H13","-4.19"
"2020","WFL","Other water","13","9","I13","4.368"
"2020","WFL","Other water","13","10","J13","-0.010"
"2020","WFL","Other water","13","11","K13","0.00216"
"2020","WFL","Other water","13","13","M13","Entire parcel surface"
"2020","WFL","Other water","13","14","N13","1402.60"
"2020","WFL","Other water","13","15","O13","m2"
"2020","WFL","Other water","14","1","A14","5/17/2020"
"2020","WFL","Other water","14","2","B14","0.00"
"2020","WFL","Other water","14","3","C14","0.01"
"2020","WFL","Other water","14","4","D14","0.00"
"2020","WFL","Other water","14","5","E14","4.00"
"2020","WFL","Other water","14","6","F14","1.32"
"2020","WFL","Other water","14","7","G14","0.00"
"2020","WFL","Other water","14","8","H14","-1.33"
"2020","WFL","Other water","14","9","I14","4.002"
"2020","WFL","Other water","14","10","J14","-0.009"
"2020","WFL","Other water","14","11","K14","0.00201"
"2020","WFL","Other water","14","13","M14","Havier soil zone within the parcel"
"2020","WFL","Other water","14","14","N14","1291.42"
"2020","WFL","Other water","14","15","O14","m2"
"2020","WFL","Other water","15","1","A15","5/18/2020"
"2020","WFL","Other water","15","2","B15","0.00"
"2020","WFL","Other water","15","3","C15","0.00"
"2020","WFL","Other water","15","4","D15","0.00"
"2020","WFL","Other water","15","5","E15","0.00"
"2020","WFL","Other water","15","6","F15","1.88"
"2020","WFL","Other water","15","7","G15","0.00"
"2020","WFL","Other water","15","8","H15","-2.99"
"2020","WFL","Other water","15","9","I15","1.110"
"2020","WFL","Other water","15","10","J15","-0.003"
"2020","WFL","Other water","15","11","K15","0.00055"
"2020","WFL","Yield+product","1","1","A1","YIELD AND PRODUCT QUALITY"
"2020","WFL","Yield+product","2","1","A2","Date"
"2020","WFL","Yield+product","2","2","B2","Plot"
"2020","WFL","Yield+product","2","3","C2","Location"
"2020","WFL","Yield+product","2","4","D2","Rice grain yield at 14% humidity (t/ha)"
"2020","WFL","Yield+product","2","5","E2","Straw yield if sold (t/ha)"
"2020","WFL","Yield+product","2","6","F2","Yield comp
Nº panic/m2"
"2020","WFL","Yield+product","2","7","G2","Yield comp
Nº of grains by panicle"
"2020","WFL","Yield+product","2","8","H2","Yield comp
Weight of 1000 grains at 14% hum (g)"
"2020","WFL","Yield+product","2","9","I2","Yield comp Harvest Index
"
"2020","WFL","Yield+product","2","10","J2","Yield comp
Sterility (%)"
"2020","WFL","Yield+product","2","11","K2","Milled rice yield (%)"
"2020","WFL","Yield+product","2","12","L2","Head rice yield (%)"
"2020","WFL","Yield+product","2","13","M2","Yield comp
Chalkiness (%)"
"2020","WFL","Yield+product","2","14","N2","Yield comp
Damaged kernels (%)"
"2020","WFL","Yield+product","2","15","O2","As(III) μg kg-1"
"2020","WFL","Yield+product","2","16","P2","DMA(V) μg kg-1"
"2020","WFL","Yield+product","2","17","Q2","MMA(V) μg kg-1"
"2020","WFL","Yield+product","2","18","R2","As(V) μg kg-1"
"2020","WFL","Yield+product","2","19","S2","As TOT μg kg-1"
"2020","WFL","Yield+product","2","20","T2","Cadmium of rice grain (μg kg-1)"
"2020","WFL","Yield+product","2","21","U2","N % content (grain)"
"2020","WFL","Yield+product","2","22","V2","N % content (straw)"
"2020","WFL","Yield+product","3","1","A3","FROM 17/09/2020 TO 30/09/2020"
"2020","WFL","Yield+product","3","2","B3","CASTELLO D'AGOGNA"
"2020","WFL","Yield+product","3","3","C3","17"
"2020","WFL","Yield+product","3","4","D3","11.6"
"2020","WFL","Yield+product","3","5","E3","-"
"2020","WFL","Yield+product","3","6","F3","680"
"2020","WFL","Yield+product","3","7","G3","87"
"2020","WFL","Yield+product","3","8","H3","28.3"
"2020","WFL","Yield+product","3","9","I3","0.54"
"2020","WFL","Yield+product","3","10","J3","17.9"
"2020","WFL","Yield+product","3","11","K3","71.6"
"2020","WFL","Yield+product","3","12","L3","67.9"
"2020","WFL","Yield+product","3","13","M3","5.92"
"2020","WFL","Yield+product","3","14","N3","0.88"
"2020","WFL","Yield+product","4","3","C4","18"
"2020","WFL","Yield+product","4","4","D4","7.25"
"2020","WFL","Yield+product","4","5","E4","-"
"2020","WFL","Yield+product","4","6","F4","557"
"2020","WFL","Yield+product","4","7","G4","89"
"2020","WFL","Yield+product","4","8","H4","29.9"
"2020","WFL","Yield+product","4","9","I4","0.53"
"2020","WFL","Yield+product","4","10","J4","8.53"
"2020","WFL","Yield+product","4","11","K4","72.6"
"2020","WFL","Yield+product","4","12","L4","63.8"
"2020","WFL","Yield+product","4","13","M4","3.16"
"2020","WFL","Yield+product","4","14","N4","1.60"
"2020","WFL","Yield+product","5","3","C5","19"
"2020","WFL","Yield+product","5","4","D5","12.0"
"2020","WFL","Yield+product","5","5","E5","-"
"2020","WFL","Yield+product","5","6","F5","664"
"2020","WFL","Yield+product","5","7","G5","91"
"2020","WFL","Yield+product","5","8","H5","28.0"
"2020","WFL","Yield+product","5","9","I5","0.56"
"2020","WFL","Yield+product","5","10","J5","13.9"
"2020","WFL","Yield+product","5","11","K5","71.8"
"2020","WFL","Yield+product","5","12","L5","68.4"
"2020","WFL","Yield+product","5","13","M5","4.80"
"2020","WFL","Yield+product","5","14","N5","2.40"
"2020","WFL","Yield+product","5","15","O5","202"
"2020","WFL","Yield+product","5","16","P5","73"
"2020","WFL","Yield+product","5","17","Q5","< 0,5"
"2020","WFL","Yield+product","5","18","R5","4.1"
"2020","WFL","Yield+product","5","19","S5","279"
"2020","WFL","Yield+product","5","20","T5","8.9"
"2020","WFL","Yield+product","6","3","C6","20"
"2020","WFL","Yield+product","6","4","D6","10.6"
"2020","WFL","Yield+product","6","5","E6","-"
"2020","WFL","Yield+product","6","6","F6","620"
"2020","WFL","Yield+product","6","7","G6","91"
"2020","WFL","Yield+product","6","8","H6","29.1"
"2020","WFL","Yield+product","6","9","I6","0.56"
"2020","WFL","Yield+product","6","10","J6","10.6"
"2020","WFL","Yield+product","6","11","K6","72.1"
"2020","WFL","Yield+product","6","12","L6","68.1"
"2020","WFL","Yield+product","6","13","M6","4.96"
"2020","WFL","Yield+product","6","14","N6","2.20"
"2020","WFL","Yield+product","7","3","C7","21"
"2020","WFL","Yield+product","7","4","D7","10.8"
"2020","WFL","Yield+product","7","5","E7","-"
"2020","WFL","Yield+product","7","6","F7","765"
"2020","WFL","Yield+product","7","7","G7","94"
"2020","WFL","Yield+product","7","8","H7","28.5"
"2020","WFL","Yield+product","7","9","I7","0.56"
"2020","WFL","Yield+product","7","10","J7","16.9"
"2020","WFL","Yield+product","7","11","K7","71.7"
"2020","WFL","Yield+product","7","12","L7","67.7"
"2020","WFL","Yield+product","7","13","M7","5.92"
"2020","WFL","Yield+product","7","14","N7","1.32"
"2020","WFL","Yield+product","8","3","C8","22"
"2020","WFL","Yield+product","8","4","D8","5.95"
"2020","WFL","Yield+product","8","5","E8","-"
"2020","WFL","Yield+product","8","6","F8","607"
"2020","WFL","Yield+product","8","7","G8","81"
"2020","WFL","Yield+product","8","8","H8","30.5"
"2020","WFL","Yield+product","8","9","I8","0.54"
"2020","WFL","Yield+product","8","10","J8","7.37"
"2020","WFL","Yield+product","8","11","K8","72.2"
"2020","WFL","Yield+product","8","12","L8","62.8"
"2020","WFL","Yield+product","8","13","M8","2.20"
"2020","WFL","Yield+product","8","14","N8","1.00"
"2020","WFL","Yield+product","9","3","C9","23"
"2020","WFL","Yield+product","9","4","D9","10.4"
"2020","WFL","Yield+product","9","5","E9","-"
"2020","WFL","Yield+product","9","6","F9","656"
"2020","WFL","Yield+product","9","7","G9","93"
"2020","WFL","Yield+product","9","8","H9","29.3"
"2020","WFL","Yield+product","9","9","I9","0.54"
"2020","WFL","Yield+product","9","10","J9","10.6"
"2020","WFL","Yield+product","9","11","K9","72.5"
"2020","WFL","Yield+product","9","12","L9","68.0"
"2020","WFL","Yield+product","9","13","M9","3.76"
"2020","WFL","Yield+product","9","14","N9","2.16"
"2020","WFL","Yield+product","10","3","C10","24"
"2020","WFL","Yield+product","10","4","D10","11.1"
"2020","WFL","Yield+product","10","5","E10","-"
"2020","WFL","Yield+product","10","6","F10","679"
"2020","WFL","Yield+product","10","7","G10","98"
"2020","WFL","Yield+product","10","8","H10","28.9"
"2020","WFL","Yield+product","10","9","I10","0.56"
"2020","WFL","Yield+product","10","10","J10","12.5"
"2020","WFL","Yield+product","10","11","K10","72.3"
"2020","WFL","Yield+product","10","12","L10","68.5"
"2020","WFL","Yield+product","10","13","M10","4.48"
"2020","WFL","Yield+product","10","14","N10","2.72"
"2020","WFL","Yield+product","10","15","O10","207"
"2020","WFL","Yield+product","10","16","P10","84"
"2020","WFL","Yield+product","10","17","Q10","< 0,5"
"2020","WFL","Yield+product","10","18","R10","3.9"
"2020","WFL","Yield+product","10","19","S10","295"
"2020","WFL","Yield+product","10","20","T10","1.0"
"2020","WFL","Yield+product","11","3","C11","25"
"2020","WFL","Yield+product","11","4","D11","10.3"
"2020","WFL","Yield+product","11","5","E11","-"
"2020","WFL","Yield+product","11","6","F11","629"
"2020","WFL","Yield+product","11","7","G11","109"
"2020","WFL","Yield+product","11","8","H11","28.2"
"2020","WFL","Yield+product","11","9","I11","0.55"
"2020","WFL","Yield+product","11","10","J11","13.2"
"2020","WFL","Yield+product","11","11","K11","72.2"
"2020","WFL","Yield+product","11","12","L11","67.1"
"2020","WFL","Yield+product","11","13","M11","4.24"
"2020","WFL","Yield+product","11","14","N11","1.04"
"2020","WFL","Yield+product","12","3","C12","26"
"2020","WFL","Yield+product","12","4","D12","6.98"
"2020","WFL","Yield+product","12","5","E12","-"
"2020","WFL","Yield+product","12","6","F12","549"
"2020","WFL","Yield+product","12","7","G12","91"
"2020","WFL","Yield+product","12","8","H12","29.6"
"2020","WFL","Yield+product","12","9","I12","0.52"
"2020","WFL","Yield+product","12","10","J12","7.88"
"2020","WFL","Yield+product","12","11","K12","72.8"
"2020","WFL","Yield+product","12","12","L12","64.5"
"2020","WFL","Yield+product","12","13","M12","3.80"
"2020","WFL","Yield+product","12","14","N12","1.20"
"2020","WFL","Yield+product","13","3","C13","27"
"2020","WFL","Yield+product","13","4","D13","9.34"
"2020","WFL","Yield+product","13","5","E13","-"
"2020","WFL","Yield+product","13","6","F13","663"
"2020","WFL","Yield+product","13","7","G13","104"
"2020","WFL","Yield+product","13","8","H13","28.9"
"2020","WFL","Yield+product","13","9","I13","0.54"
"2020","WFL","Yield+product","13","10","J13","8.85"
"2020","WFL","Yield+product","13","11","K13","72.4"
"2020","WFL","Yield+product","13","12","L13","67.6"
"2020","WFL","Yield+product","13","13","M13","4.08"
"2020","WFL","Yield+product","13","14","N13","0.60"
"2020","WFL","Yield+product","14","3","C14","28"
"2020","WFL","Yield+product","14","4","D14","10.0"
"2020","WFL","Yield+product","14","5","E14","-"
"2020","WFL","Yield+product","14","6","F14","639"
"2020","WFL","Yield+product","14","7","G14","95"
"2020","WFL","Yield+product","14","8","H14","27.9"
"2020","WFL","Yield+product","14","9","I14","0.53"
"2020","WFL","Yield+product","14","10","J14","14.5"
"2020","WFL","Yield+product","14","11","K14","72.0"
"2020","WFL","Yield+product","14","12","L14","66.9"
"2020","WFL","Yield+product","14","13","M14","3.76"
"2020","WFL","Yield+product","14","14","N14","2.06"
"2020","WFL","Yield+product","14","15","O14","194"
"2020","WFL","Yield+product","14","16","P14","92"
"2020","WFL","Yield+product","14","17","Q14","< 0,5"
"2020","WFL","Yield+product","14","18","R14","3.6"
"2020","WFL","Yield+product","14","19","S14","290"
"2020","WFL","Yield+product","14","20","T14","< 0,5"
"2020","WFL","Yield+product","15","3","C15","29"
"2020","WFL","Yield+product","15","4","D15","9.87"
"2020","WFL","Yield+product","15","5","E15","-"
"2020","WFL","Yield+product","15","6","F15","761"
"2020","WFL","Yield+product","15","7","G15","110"
"2020","WFL","Yield+product","15","8","H15","28.0"
"2020","WFL","Yield+product","15","9","I15","0.54"
"2020","WFL","Yield+product","15","10","J15","13.1"
"2020","WFL","Yield+product","15","11","K15","72.1"
"2020","WFL","Yield+product","15","12","L15","68.0"
"2020","WFL","Yield+product","15","13","M15","4.52"
"2020","WFL","Yield+product","15","14","N15","2.28"
